person_id,姓名,性别,年龄,年龄段,家庭状态,职业大类,occupation_code,具体职位,home_place_id,work_place_id,school_place_id
P00001,王语晨,女,39,35-39,无需要照顾的孩子,上班族,office_worker,销售经理,,,
P00002,刘博辰,男,30,30-34,有未成年孩子,上班族,office_worker,会计,,,
P00003,李文源,男,24,18-24,无需要照顾的孩子,大学生,university_student,硕士研究生,,,
P00004,张源辰,女,37,35-39,有未成年孩子,服务业者,service_worker,客服,,,
P00005,董诺清,女,33,30-34,有未成年孩子,服务业者,service_worker,收银员,,,
P00006,吴羽乐,男,34,30-34,有未成年孩子,上班族,office_worker,数据分析师,,,
P00007,杨乐瑶,女,38,35-39,有未成年孩子,上班族,office_worker,采购经理,,,
P00008,程可辰,女,25,25-29,无需要照顾的孩子,自由业者,freelancer,自由销售,,,
P00009,陈怡婉,女,26,25-29,无需要照顾的孩子,自由业者,freelancer,咨询顾问,,,
P00010,黄佑博,男,29,25-29,有未成年孩子,服务业者,service_worker,厨师,,,
P00011,王嫣思,女,30,30-34,有未成年孩子,服务业者,service_worker,保安,,,
P00012,刘清欣,女,25,25-29,无需要照顾的孩子,上班族,office_worker,客户专员,,,
P00013,李星晨,女,37,35-39,有未成年孩子,体力劳动者,manual_worker,建筑工人,,,
P00014,孙清然,男,25,25-29,无需要照顾的孩子,上班族,office_worker,会计,,,
P00015,谢景安,男,24,18-24,无需要照顾的孩子,服务业者,service_worker,保安,,,
P00016,周若宁,女,20,18-24,无需要照顾的孩子,大学生,university_student,本科生,,,
P00017,杨佳佳,女,33,30-34,有未成年孩子,服务业者,service_worker,健身教练,,,
P00018,梁志,男,45,40-45,有未成年孩子,服务业者,service_worker,零售店员,,,
P00019,胡言羽,女,27,25-29,有未成年孩子,服务业者,service_worker,理发师,,,
P00020,张思知,女,45,40-45,有未成年孩子,自由业者,freelancer,自媒体从业者,,,
P00021,黄可志,男,22,18-24,无需要照顾的孩子,服务业者,service_worker,美容师,,,
P00022,林婷,女,20,18-24,无需要照顾的孩子,体力劳动者,manual_worker,焊工,,,
P00023,王明,男,34,30-34,有未成年孩子,体力劳动者,manual_worker,设备操作员,,,
P00024,陈楷志,男,31,30-34,有未成年孩子,体力劳动者,manual_worker,卡车司机,,,
P00025,王清源,女,42,40-45,有成年孩子,上班族,office_worker,数据分析师,,,
P00026,韩涵安,女,23,18-24,无需要照顾的孩子,大学生,university_student,本科生,,,
P00027,王彤晴,女,30,30-34,有未成年孩子,上班族,office_worker,行政专员,,,
P00028,郑曦安,女,29,25-29,有未成年孩子,上班族,office_worker,软件工程师,,,
P00029,黄安文,男,18,18-24,无需要照顾的孩子,自由业者,freelancer,咨询顾问,,,
P00030,王琪涵,女,31,30-34,无需要照顾的孩子,自由业者,freelancer,独立程序员,,,
P00031,罗言羽,女,19,18-24,无需要照顾的孩子,上班族,office_worker,会计,,,
P00032,陈语,女,34,30-34,有未成年孩子,上班族,office_worker,项目经理,,,
P00033,谢可心,女,43,40-45,有未成年孩子,上班族,office_worker,财务经理,,,
P00034,马宁雅,女,25,25-29,无需要照顾的孩子,体力劳动者,manual_worker,维修技师,,,
P00035,罗怡欣,女,43,40-45,无需要照顾的孩子,服务业者,service_worker,美容师,,,
P00036,吴晓佳,女,19,18-24,无需要照顾的孩子,自由业者,freelancer,翻译,,,
P00037,林曦婷,女,39,35-39,有未成年孩子,体力劳动者,manual_worker,设备操作员,,,
P00038,李浩文,男,29,25-29,无需要照顾的孩子,上班族,office_worker,采购专员,,,
P00039,杨诚乐,男,40,40-45,无需要照顾的孩子,体力劳动者,manual_worker,焊工,,,
P00040,韩欣,女,30,30-34,有未成年孩子,体力劳动者,manual_worker,建筑工人,,,
P00041,李知若,女,42,40-45,有未成年孩子,上班族,office_worker,采购经理,,,
P00042,黄佳,女,37,35-39,有未成年孩子,服务业者,service_worker,健身教练,,,
P00043,李羽,女,24,18-24,无需要照顾的孩子,大学生,university_student,本科生,,,
P00044,刘佳雅,女,37,35-39,无需要照顾的孩子,上班族,office_worker,客户经理,,,
P00045,刘远清,女,28,25-29,无需要照顾的孩子,上班族,office_worker,财务主管,,,
P00046,陈宁佳,女,30,30-34,有未成年孩子,上班族,office_worker,软件工程师,,,
P00047,张志清,男,45,40-45,有未成年孩子,上班族,office_worker,采购专员,,,
P00048,郑景佑,男,44,40-45,有未成年孩子,上班族,office_worker,高级软件工程师,,,
P00049,郭雅,女,28,25-29,无需要照顾的孩子,上班族,office_worker,客户专员,,,
P00050,罗星晓,女,32,30-34,无需要照顾的孩子,上班族,office_worker,销售代表,,,
P00051,郑轩嘉,男,27,25-29,无需要照顾的孩子,体力劳动者,manual_worker,搬运工,,,
P00052,李桐清,女,39,35-39,有未成年孩子,上班族,office_worker,客户经理,,,
P00053,李佑博,男,25,25-29,无需要照顾的孩子,体力劳动者,manual_worker,汽车技师,,,
P00054,黄清涵,女,26,25-29,无需要照顾的孩子,上班族,office_worker,行政专员,,,
P00055,黄怡怡,女,27,25-29,无需要照顾的孩子,上班族,office_worker,财务专员,,,
P00056,刘诚明,男,27,25-29,无需要照顾的孩子,上班族,office_worker,高级软件工程师,,,
P00057,王远远,女,25,25-29,无需要照顾的孩子,上班族,office_worker,财务专员,,,
P00058,周瑶,女,34,30-34,无需要照顾的孩子,体力劳动者,manual_worker,搬运工,,,
P00059,李静若,女,30,30-34,无需要照顾的孩子,上班族,office_worker,软件工程师,,,
P00060,吴涵,女,24,18-24,无需要照顾的孩子,大学生,university_student,硕士研究生,,,
P00061,赵子星,男,30,30-34,有未成年孩子,服务业者,service_worker,咖啡师,,,
P00062,王安桐,女,43,40-45,无需要照顾的孩子,自由业者,freelancer,自由销售,,,
P00063,李思涵,女,35,35-39,无需要照顾的孩子,体力劳动者,manual_worker,汽车技师,,,
P00064,王言俊,男,42,40-45,有未成年孩子,自由业者,freelancer,自由设计师,,,
P00065,朱嫣佳,女,42,40-45,有未成年孩子,上班族,office_worker,产品经理,,,
P00066,于梦晴,女,44,40-45,有未成年孩子,服务业者,service_worker,保安,,,
P00067,张羽晴,女,31,30-34,无需要照顾的孩子,服务业者,service_worker,保安,,,
P00068,王思诺,女,23,18-24,有未成年孩子,上班族,office_worker,运营专员,,,
P00069,黄子怡,女,32,30-34,有未成年孩子,上班族,office_worker,行政专员,,,
P00070,郑知远,男,39,35-39,有未成年孩子,自由业者,freelancer,私教,,,
P00071,林俊,男,34,30-34,无需要照顾的孩子,体力劳动者,manual_worker,配送员,,,
P00072,于知婉,女,19,18-24,无需要照顾的孩子,体力劳动者,manual_worker,建筑工人,,,
P00073,李哲,男,23,18-24,有未成年孩子,服务业者,service_worker,房产经纪,,,
P00074,黄琪桐,女,41,40-45,无需要照顾的孩子,上班族,office_worker,销售经理,,,
P00075,刘婉婷,女,38,35-39,有未成年孩子,上班族,office_worker,高级数据分析师,,,
P00076,张梦若,女,38,35-39,有未成年孩子,上班族,office_worker,采购经理,,,
P00077,胡远梦,女,45,40-45,有未成年孩子,自由业者,freelancer,自由销售,,,
P00078,周清文,男,29,25-29,无需要照顾的孩子,自由业者,freelancer,独立承包商,,,
P00079,刘宁羽,女,20,18-24,有未成年孩子,服务业者,service_worker,客服,,,
P00080,罗豪安,男,41,40-45,有未成年孩子,体力劳动者,manual_worker,设备操作员,,,
P00081,李可,女,30,30-34,有未成年孩子,服务业者,service_worker,零售店员,,,
P00082,黄雨欣,女,32,30-34,无需要照顾的孩子,上班族,office_worker,财务经理,,,
P00083,何嘉天,男,35,35-39,无需要照顾的孩子,服务业者,service_worker,美容师,,,
P00084,王言雅,女,25,25-29,有未成年孩子,服务业者,service_worker,咖啡师,,,
P00085,赵清,女,34,30-34,有未成年孩子,上班族,office_worker,运营经理,,,
P00086,周晴晴,女,18,18-24,无需要照顾的孩子,服务业者,service_worker,零售店员,,,
P00087,何远心,男,44,40-45,有未成年孩子,上班族,office_worker,高级软件工程师,,,
P00088,王羽婷,女,30,30-34,有未成年孩子,自由业者,freelancer,私教,,,
P00089,陈静晨,女,20,18-24,无需要照顾的孩子,上班族,office_worker,采购专员,,,
P00090,李诺,女,41,40-45,有未成年孩子,自由业者,freelancer,网店经营者,,,
P00091,马安瑶,女,22,18-24,无需要照顾的孩子,大学生,university_student,本科生,,,
P00092,张一曦,女,19,18-24,无需要照顾的孩子,服务业者,service_worker,房产经纪,,,
P00093,陈嘉,男,43,40-45,有未成年孩子,服务业者,service_worker,美容师,,,
P00094,张羽,男,25,25-29,无需要照顾的孩子,大学生,university_student,硕士研究生,,,
P00095,杨晓静,女,42,40-45,有未成年孩子,上班族,office_worker,高级运营专员,,,
P00096,黄星,女,28,25-29,无需要照顾的孩子,上班族,office_worker,数据分析师,,,
P00097,赵一俊,男,30,30-34,无需要照顾的孩子,服务业者,service_worker,咖啡师,,,
P00098,刘可佑,男,31,30-34,有未成年孩子,服务业者,service_worker,健身教练,,,
P00099,李桐清,女,24,18-24,无需要照顾的孩子,大学生,university_student,硕士研究生,,,
P00100,陈梦欣,女,30,30-34,有未成年孩子,上班族,office_worker,HR经理,,,
P00101,胡思子,女,33,30-34,有未成年孩子,体力劳动者,manual_worker,配送员,,,
P00102,王志文,男,38,35-39,有未成年孩子,服务业者,service_worker,理发师,,,
P00103,王远,男,45,40-45,无需要照顾的孩子,服务业者,service_worker,美容师,,,
P00104,张嘉涵,女,40,40-45,有未成年孩子,上班族,office_worker,会计,,,
P00105,谢远宁,女,37,35-39,有未成年孩子,上班族,office_worker,高级数据分析师,,,
P00106,韩嘉知,女,33,30-34,无需要照顾的孩子,自由业者,freelancer,网店经营者,,,
P00107,杨一,男,34,30-34,有未成年孩子,服务业者,service_worker,厨师,,,
P00108,郑源安,男,26,25-29,无需要照顾的孩子,大学生,university_student,博士研究生,,,
P00109,谢远嘉,女,25,25-29,无需要照顾的孩子,上班族,office_worker,会计,,,
P00110,张轩,男,32,30-34,无需要照顾的孩子,上班族,office_worker,软件工程师,,,
P00111,徐天远,男,42,40-45,有未成年孩子,上班族,office_worker,运营经理,,,
P00112,李羽远,女,32,30-34,有未成年孩子,上班族,office_worker,销售经理,,,
P00113,周辰远,女,19,18-24,无需要照顾的孩子,上班族,office_worker,客户专员,,,
P00114,王雅,女,29,25-29,无需要照顾的孩子,服务业者,service_worker,餐厅服务员,,,
P00115,陈嘉思,女,34,30-34,有未成年孩子,上班族,office_worker,行政专员,,,
P00116,李涵诗,女,21,18-24,无需要照顾的孩子,体力劳动者,manual_worker,快递员,,,
P00117,谢婷知,女,23,18-24,无需要照顾的孩子,自由业者,freelancer,咨询顾问,,,
P00118,赵宁浩,男,41,40-45,无需要照顾的孩子,体力劳动者,manual_worker,电工,,,
P00119,张宁知,女,40,40-45,有未成年孩子,上班族,office_worker,高级软件工程师,,,
P00120,黄欣晓,女,40,40-45,有未成年孩子,上班族,office_worker,HR经理,,,
P00121,李安子,女,38,35-39,有未成年孩子,服务业者,service_worker,餐厅服务员,,,
P00122,唐怡涵,女,44,40-45,无需要照顾的孩子,服务业者,service_worker,美容师,,,
P00123,陈瑶怡,女,24,18-24,无需要照顾的孩子,大学生,university_student,硕士研究生,,,
P00124,张嘉,男,42,40-45,有未成年孩子,体力劳动者,manual_worker,快递员,,,
P00125,周一,男,36,35-39,有未成年孩子,体力劳动者,manual_worker,仓库操作员,,,
P00126,陈怡可,女,20,18-24,无需要照顾的孩子,上班族,office_worker,软件工程师,,,
P00127,胡涵一,女,33,30-34,无需要照顾的孩子,服务业者,service_worker,理发师,,,
P00128,张清可,女,27,25-29,无需要照顾的孩子,自由业者,freelancer,网店经营者,,,
P00129,何雨,女,38,35-39,无需要照顾的孩子,上班族,office_worker,设计师,,,
P00130,冯羽星,男,25,25-29,无需要照顾的孩子,上班族,office_worker,数据分析师,,,
P00131,刘宁思,男,43,40-45,有未成年孩子,服务业者,service_worker,零售店员,,,
P00132,胡涵轩,男,21,18-24,无需要照顾的孩子,大学生,university_student,本科生,,,
P00133,赵涵佳,女,32,30-34,有未成年孩子,服务业者,service_worker,房产经纪,,,
P00134,徐晨乐,女,35,35-39,有未成年孩子,上班族,office_worker,高级数据分析师,,,
P00135,罗楷心,男,29,25-29,无需要照顾的孩子,自由业者,freelancer,网店经营者,,,
P00136,王言,女,27,25-29,无需要照顾的孩子,体力劳动者,manual_worker,快递员,,,
P00137,陈远,女,27,25-29,无需要照顾的孩子,体力劳动者,manual_worker,卡车司机,,,
P00138,李一宁,男,41,40-45,无需要照顾的孩子,上班族,office_worker,高级数据分析师,,,
P00139,邓博思,男,37,35-39,有成年孩子,上班族,office_worker,采购专员,,,
P00140,黄雨羽,女,31,30-34,有未成年孩子,上班族,office_worker,销售代表,,,
P00141,杨晴,女,28,25-29,无需要照顾的孩子,上班族,office_worker,设计师,,,
P00142,李哲,男,36,35-39,有未成年孩子,自由业者,freelancer,独立程序员,,,
P00143,李涵涵,女,31,30-34,有未成年孩子,上班族,office_worker,财务专员,,,
P00144,张桐,女,31,30-34,无需要照顾的孩子,上班族,office_worker,项目经理,,,
P00145,李源,男,36,35-39,有未成年孩子,上班族,office_worker,客户专员,,,
P00146,黄晓可,女,26,25-29,无需要照顾的孩子,上班族,office_worker,行政专员,,,
P00147,唐清宁,女,36,35-39,有未成年孩子,上班族,office_worker,项目经理,,,
P00148,杨清嫣,女,43,40-45,有未成年孩子,自由业者,freelancer,自由销售,,,
P00149,李怡可,女,44,40-45,有未成年孩子,服务业者,service_worker,酒店服务人员,,,
P00150,吴瑶嘉,女,22,18-24,无需要照顾的孩子,大学生,university_student,本科生,,,
P00151,罗志,男,28,25-29,有未成年孩子,体力劳动者,manual_worker,快递员,,,
P00152,陈瑶羽,女,24,18-24,无需要照顾的孩子,服务业者,service_worker,健身教练,,,
P00153,张宁晓,女,38,35-39,有未成年孩子,自由业者,freelancer,自由销售,,,
P00154,高昊晨,男,44,40-45,有未成年孩子,上班族,office_worker,客户经理,,,
P00155,刘知文,男,31,30-34,无需要照顾的孩子,服务业者,service_worker,客服,,,
P00156,杨怡,女,34,30-34,有未成年孩子,自由业者,freelancer,自由销售,,,
P00157,王一涵,女,44,40-45,有成年孩子,上班族,office_worker,数据分析师,,,
P00158,赵可怡,女,44,40-45,无需要照顾的孩子,上班族,office_worker,采购经理,,,
P00159,董嘉可,女,38,35-39,有未成年孩子,服务业者,service_worker,收银员,,,
P00160,郭羽宁,女,36,35-39,有成年孩子,上班族,office_worker,采购专员,,,
P00161,孙诺乐,女,33,30-34,无需要照顾的孩子,上班族,office_worker,项目经理,,,
P00162,周晴星,女,42,40-45,有未成年孩子,上班族,office_worker,产品经理,,,
P00163,宋佑安,男,24,18-24,无需要照顾的孩子,服务业者,service_worker,酒店前台,,,
P00164,何言欣,女,38,35-39,无需要照顾的孩子,上班族,office_worker,项目经理,,,
P00165,李梦安,女,39,35-39,无需要照顾的孩子,服务业者,service_worker,咖啡师,,,
P00166,胡桐,女,27,25-29,无需要照顾的孩子,上班族,office_worker,区域经理,,,
P00167,邓心,男,28,25-29,无需要照顾的孩子,上班族,office_worker,高级数据分析师,,,
P00168,郭源晓,女,44,40-45,无需要照顾的孩子,体力劳动者,manual_worker,安装工,,,
P00169,林雅清,女,31,30-34,无需要照顾的孩子,上班族,office_worker,项目经理,,,
P00170,徐言可,女,26,25-29,无需要照顾的孩子,体力劳动者,manual_worker,电工,,,
P00171,王静佳,女,39,35-39,无需要照顾的孩子,服务业者,service_worker,客服,,,
P00172,韩佳,女,44,40-45,有未成年孩子,服务业者,service_worker,酒店前台,,,
P00173,黄晨,女,30,30-34,无需要照顾的孩子,上班族,office_worker,数据分析师,,,
P00174,刘嘉文,男,31,30-34,无需要照顾的孩子,体力劳动者,manual_worker,电工,,,
P00175,孙嘉梓,男,23,18-24,无需要照顾的孩子,服务业者,service_worker,酒店服务人员,,,
P00176,张语诺,女,34,30-34,有未成年孩子,上班族,office_worker,运营专员,,,
P00177,林安思,女,39,35-39,无需要照顾的孩子,体力劳动者,manual_worker,快递员,,,
P00178,高欣,女,32,30-34,有未成年孩子,自由业者,freelancer,翻译,,,
P00179,周可思,女,38,35-39,有未成年孩子,上班族,office_worker,产品经理,,,
P00180,吴嘉羽,男,26,25-29,有未成年孩子,上班族,office_worker,运营专员,,,
P00181,杨怡婷,女,40,40-45,有未成年孩子,上班族,office_worker,产品经理,,,
P00182,李嘉源,男,33,30-34,有未成年孩子,上班族,office_worker,销售代表,,,
P00183,李涵,女,35,35-39,有未成年孩子,服务业者,service_worker,美容师,,,
P00184,冯羽豪,男,39,35-39,有未成年孩子,上班族,office_worker,HR经理,,,
P00185,刘远诺,男,25,25-29,无需要照顾的孩子,服务业者,service_worker,收银员,,,
P00186,李可嘉,男,29,25-29,无需要照顾的孩子,服务业者,service_worker,零售店员,,,
P00187,刘晨,女,39,35-39,有未成年孩子,上班族,office_worker,高级软件工程师,,,
P00188,赵文宁,男,43,40-45,有未成年孩子,上班族,office_worker,HR经理,,,
P00189,王思婷,女,30,30-34,有未成年孩子,上班族,office_worker,高级运营专员,,,
P00190,李哲思,男,41,40-45,有未成年孩子,服务业者,service_worker,酒店服务人员,,,
P00191,陈婷琪,女,37,35-39,有未成年孩子,自由业者,freelancer,翻译,,,
P00192,胡羽怡,女,27,25-29,有未成年孩子,上班族,office_worker,销售代表,,,
P00193,周曦欣,女,33,30-34,有未成年孩子,体力劳动者,manual_worker,安装工,,,
P00194,陈源,女,30,30-34,有未成年孩子,自由业者,freelancer,翻译,,,
P00195,吴一婷,女,21,18-24,无需要照顾的孩子,大学生,university_student,硕士研究生,,,
P00196,程琪桐,女,30,30-34,有未成年孩子,服务业者,service_worker,美容师,,,
P00197,李若静,女,32,30-34,有未成年孩子,自由业者,freelancer,自由销售,,,
P00198,何诺,男,21,18-24,无需要照顾的孩子,大学生,university_student,本科生,,,
P00199,朱楷晨,男,45,40-45,有成年孩子,服务业者,service_worker,美容师,,,
P00200,梁心文,男,43,40-45,有未成年孩子,服务业者,service_worker,美容师,,,
P00201,李俊晨,男,37,35-39,有未成年孩子,上班族,office_worker,HR经理,,,
P00202,周辰远,女,26,25-29,无需要照顾的孩子,自由业者,freelancer,自媒体从业者,,,
P00203,林怡梦,女,37,35-39,无需要照顾的孩子,自由业者,freelancer,私教,,,
P00204,朱嫣远,女,28,25-29,无需要照顾的孩子,上班族,office_worker,高级软件工程师,,,
P00205,朱清,女,21,18-24,无需要照顾的孩子,上班族,office_worker,设计师,,,
P00206,黄彤思,女,22,18-24,无需要照顾的孩子,上班族,office_worker,运营专员,,,
P00207,徐雅婷,女,27,25-29,有未成年孩子,上班族,office_worker,设计师,,,
P00208,梁嘉宁,男,31,30-34,无需要照顾的孩子,体力劳动者,manual_worker,安装工,,,
P00209,张可星,女,30,30-34,有未成年孩子,服务业者,service_worker,酒店前台,,,
P00210,张静欣,女,40,40-45,有未成年孩子,自由业者,freelancer,翻译,,,
P00211,宋泽,男,19,18-24,无需要照顾的孩子,服务业者,service_worker,客服,,,
P00212,马心星,男,45,40-45,有未成年孩子,服务业者,service_worker,零售店员,,,
P00213,李诺可,女,45,40-45,有未成年孩子,上班族,office_worker,高级产品经理,,,
P00214,张怡心,女,31,30-34,无需要照顾的孩子,服务业者,service_worker,客服,,,
P00215,陈清嘉,女,26,25-29,无需要照顾的孩子,服务业者,service_worker,美容师,,,
P00216,周源,男,27,25-29,无需要照顾的孩子,体力劳动者,manual_worker,快递员,,,
P00217,黄子言,女,35,35-39,无需要照顾的孩子,上班族,office_worker,HR经理,,,
P00218,郭瑶心,女,29,25-29,有未成年孩子,自由业者,freelancer,独立承包商,,,
P00219,刘诺羽,女,37,35-39,无需要照顾的孩子,服务业者,service_worker,零售店员,,,
P00220,李诚清,男,32,30-34,无需要照顾的孩子,上班族,office_worker,高级运营专员,,,
P00221,王瑶琪,女,25,25-29,有未成年孩子,上班族,office_worker,数据分析师,,,
P00222,张言佳,女,25,25-29,无需要照顾的孩子,服务业者,service_worker,零售店员,,,
P00223,孙诺,女,20,18-24,无需要照顾的孩子,上班族,office_worker,销售代表,,,
P00224,胡思梦,女,30,30-34,无需要照顾的孩子,自由业者,freelancer,网店经营者,,,
P00225,陈桐乐,女,34,30-34,有未成年孩子,服务业者,service_worker,零售店员,,,
P00226,黄泽,男,32,30-34,无需要照顾的孩子,上班族,office_worker,设计师,,,
P00227,陈晓佳,女,43,40-45,有未成年孩子,服务业者,service_worker,厨师,,,
P00228,李雅,女,35,35-39,无需要照顾的孩子,服务业者,service_worker,房产经纪,,,
P00229,徐辰,女,45,40-45,有未成年孩子,服务业者,service_worker,咖啡师,,,
P00230,刘豪,男,21,18-24,无需要照顾的孩子,服务业者,service_worker,餐厅服务员,,,
P00231,林宁子,女,25,25-29,无需要照顾的孩子,大学生,university_student,本科生,,,
P00232,冯彤婉,女,29,25-29,有未成年孩子,上班族,office_worker,数据分析师,,,
P00233,李文博,男,33,30-34,有未成年孩子,上班族,office_worker,会计,,,
P00234,刘嘉若,女,30,30-34,无需要照顾的孩子,体力劳动者,manual_worker,仓库操作员,,,
P00235,袁宁文,男,42,40-45,有未成年孩子,体力劳动者,manual_worker,卡车司机,,,
P00236,胡诺知,女,33,30-34,有未成年孩子,上班族,office_worker,销售代表,,,
P00237,张晓,女,36,35-39,有未成年孩子,服务业者,service_worker,厨师,,,
P00238,高静知,女,32,30-34,有未成年孩子,服务业者,service_worker,餐厅服务员,,,
P00239,邓晴语,女,29,25-29,无需要照顾的孩子,服务业者,service_worker,酒店前台,,,
P00240,冯源一,女,29,25-29,无需要照顾的孩子,服务业者,service_worker,美容师,,,
P00241,胡源,女,27,25-29,有未成年孩子,上班族,office_worker,采购专员,,,
P00242,吴源欣,女,20,18-24,无需要照顾的孩子,大学生,university_student,博士研究生,,,
P00243,张可安,女,43,40-45,有成年孩子,上班族,office_worker,高级数据分析师,,,
P00244,刘欣心,女,24,18-24,无需要照顾的孩子,大学生,university_student,本科生,,,
P00245,高嫣静,女,40,40-45,有未成年孩子,上班族,office_worker,客户经理,,,
P00246,黄景浩,男,26,25-29,无需要照顾的孩子,服务业者,service_worker,收银员,,,
P00247,陈辰欣,女,40,40-45,无需要照顾的孩子,上班族,office_worker,高级软件工程师,,,
P00248,李嘉清,男,33,30-34,有未成年孩子,体力劳动者,manual_worker,维修技师,,,
P00249,李子昊,男,43,40-45,有成年孩子,上班族,office_worker,客户专员,,,
P00250,罗梦,女,36,35-39,有未成年孩子,上班族,office_worker,软件工程师,,,
P00251,赵文,男,38,35-39,有未成年孩子,自由业者,freelancer,独立承包商,,,
P00252,陈远,男,32,30-34,有未成年孩子,上班族,office_worker,高级数据分析师,,,
P00253,张婷一,女,35,35-39,有未成年孩子,体力劳动者,manual_worker,设备操作员,,,
P00254,陈欣怡,女,28,25-29,无需要照顾的孩子,服务业者,service_worker,保安,,,
P00255,郑乐宁,男,28,25-29,无需要照顾的孩子,上班族,office_worker,数据分析师,,,
P00256,王晴诺,女,31,30-34,无需要照顾的孩子,自由业者,freelancer,自由设计师,,,
P00257,李可若,女,26,25-29,有未成年孩子,体力劳动者,manual_worker,汽车技师,,,
P00258,董昊然,男,19,18-24,无需要照顾的孩子,自由业者,freelancer,自由设计师,,,
P00259,王明,男,30,30-34,有未成年孩子,上班族,office_worker,销售经理,,,
P00260,王清轩,男,42,40-45,有未成年孩子,体力劳动者,manual_worker,汽车技师,,,
P00261,王涵诗,女,27,25-29,无需要照顾的孩子,服务业者,service_worker,咖啡师,,,
P00262,吴思言,男,30,30-34,无需要照顾的孩子,上班族,office_worker,高级软件工程师,,,
P00263,李子知,女,44,40-45,无需要照顾的孩子,上班族,office_worker,产品经理,,,
P00264,何乐知,男,36,35-39,无需要照顾的孩子,服务业者,service_worker,酒店前台,,,
P00265,王诺,女,34,30-34,无需要照顾的孩子,服务业者,service_worker,餐厅服务员,,,
P00266,杨瑶怡,女,38,35-39,无需要照顾的孩子,上班族,office_worker,高级运营专员,,,
P00267,周涵雅,女,42,40-45,有成年孩子,上班族,office_worker,运营经理,,,
P00268,王嫣,女,22,18-24,无需要照顾的孩子,服务业者,service_worker,零售店员,,,
P00269,陈诚嘉,男,30,30-34,无需要照顾的孩子,服务业者,service_worker,理发师,,,
P00270,李安宁,女,25,25-29,无需要照顾的孩子,服务业者,service_worker,健身教练,,,
P00271,曹若心,女,28,25-29,有未成年孩子,上班族,office_worker,销售代表,,,
P00272,王子彤,女,32,30-34,有未成年孩子,上班族,office_worker,采购专员,,,
P00273,陈静晓,女,24,18-24,无需要照顾的孩子,大学生,university_student,硕士研究生,,,
P00274,陈嘉一,女,39,35-39,有未成年孩子,体力劳动者,manual_worker,卡车司机,,,
P00275,赵佳知,女,37,35-39,有未成年孩子,服务业者,service_worker,客服,,,
P00276,吴羽心,女,44,40-45,有未成年孩子,体力劳动者,manual_worker,汽车技师,,,
P00277,李晴星,女,35,35-39,有未成年孩子,上班族,office_worker,销售经理,,,
P00278,李乐思,女,29,25-29,有未成年孩子,服务业者,service_worker,厨师,,,
P00279,杨雨羽,女,43,40-45,无需要照顾的孩子,服务业者,service_worker,厨师,,,
P00280,李雅可,女,29,25-29,无需要照顾的孩子,上班族,office_worker,客户专员,,,
P00281,陈晓婷,女,18,18-24,无需要照顾的孩子,大学生,university_student,本科生,,,
P00282,张一子,女,21,18-24,无需要照顾的孩子,上班族,office_worker,销售代表,,,
P00283,孙景,男,26,25-29,无需要照顾的孩子,上班族,office_worker,产品经理,,,
P00284,林言婷,女,23,18-24,无需要照顾的孩子,上班族,office_worker,高级数据分析师,,,
P00285,韩佳桐,女,34,30-34,无需要照顾的孩子,上班族,office_worker,采购专员,,,
P00286,李知景,男,24,18-24,无需要照顾的孩子,服务业者,service_worker,餐厅服务员,,,
P00287,孙婷,女,34,30-34,无需要照顾的孩子,上班族,office_worker,数据分析师,,,
P00288,周诗可,女,26,25-29,无需要照顾的孩子,服务业者,service_worker,酒店服务人员,,,
P00289,吴婷乐,女,40,40-45,有未成年孩子,体力劳动者,manual_worker,搬运工,,,
P00290,程一哲,男,40,40-45,有未成年孩子,服务业者,service_worker,收银员,,,
P00291,李晴彤,女,28,25-29,无需要照顾的孩子,自由业者,freelancer,独立程序员,,,
P00292,刘浩景,男,23,18-24,无需要照顾的孩子,服务业者,service_worker,客服,,,
P00293,李嘉,女,23,18-24,无需要照顾的孩子,大学生,university_student,博士研究生,,,
P00294,胡晨远,男,31,30-34,无需要照顾的孩子,服务业者,service_worker,保安,,,
P00295,罗乐欣,女,26,25-29,无需要照顾的孩子,上班族,office_worker,软件工程师,,,
P00296,李诗涵,女,37,35-39,无需要照顾的孩子,上班族,office_worker,高级软件工程师,,,
P00297,李诗涵,女,38,35-39,有未成年孩子,自由业者,freelancer,翻译,,,
P00298,刘嘉,男,32,30-34,无需要照顾的孩子,上班族,office_worker,产品经理,,,
P00299,陈雨子,女,19,18-24,无需要照顾的孩子,上班族,office_worker,设计师,,,
P00300,赵欣彤,女,31,30-34,无需要照顾的孩子,上班族,office_worker,区域经理,,,
P00301,冯晓若,女,39,35-39,有未成年孩子,服务业者,service_worker,咖啡师,,,
P00302,赵静晓,女,30,30-34,有未成年孩子,体力劳动者,manual_worker,建筑工人,,,
P00303,谢豪晨,男,45,40-45,无需要照顾的孩子,上班族,office_worker,产品经理,,,
P00304,王乐佳,女,31,30-34,无需要照顾的孩子,上班族,office_worker,运营专员,,,
P00305,黄远清,女,28,25-29,无需要照顾的孩子,上班族,office_worker,产品经理,,,
P00306,徐佳知,女,33,30-34,无需要照顾的孩子,上班族,office_worker,项目经理,,,
P00307,李文远,男,22,18-24,无需要照顾的孩子,体力劳动者,manual_worker,汽车技师,,,
P00308,胡怡宁,女,28,25-29,无需要照顾的孩子,体力劳动者,manual_worker,维修技师,,,
P00309,张远明,男,28,25-29,无需要照顾的孩子,服务业者,service_worker,客服,,,
P00310,杨浩,男,37,35-39,有未成年孩子,服务业者,service_worker,零售店员,,,
P00311,马涵哲,男,38,35-39,无需要照顾的孩子,服务业者,service_worker,理发师,,,
P00312,于彤诺,女,32,30-34,无需要照顾的孩子,体力劳动者,manual_worker,配送员,,,
P00313,周怡,女,34,30-34,无需要照顾的孩子,服务业者,service_worker,房产经纪,,,
P00314,刘辰羽,女,44,40-45,有未成年孩子,上班族,office_worker,设计师,,,
P00315,吴博星,男,35,35-39,有未成年孩子,服务业者,service_worker,保安,,,
P00316,曹可远,女,40,40-45,无需要照顾的孩子,体力劳动者,manual_worker,快递员,,,
P00317,曹清梦,女,43,40-45,有未成年孩子,服务业者,service_worker,咖啡师,,,
P00318,李涵言,女,31,30-34,有未成年孩子,上班族,office_worker,HR经理,,,
P00319,周豪景,男,38,35-39,有未成年孩子,上班族,office_worker,高级运营专员,,,
P00320,杨桐言,女,31,30-34,无需要照顾的孩子,服务业者,service_worker,客服,,,
P00321,杨安,女,19,18-24,无需要照顾的孩子,大学生,university_student,本科生,,,
P00322,张晨宁,女,33,30-34,有未成年孩子,自由业者,freelancer,私教,,,
P00323,李知涵,女,21,18-24,无需要照顾的孩子,服务业者,service_worker,收银员,,,
P00324,刘心,女,39,35-39,无需要照顾的孩子,体力劳动者,manual_worker,安装工,,,
P00325,陈可雨,女,38,35-39,有未成年孩子,自由业者,freelancer,自由设计师,,,
P00326,陈桐宁,女,38,35-39,无需要照顾的孩子,上班族,office_worker,财务主管,,,
P00327,唐哲,男,39,35-39,有未成年孩子,服务业者,service_worker,收银员,,,
P00328,王婉清,女,45,40-45,无需要照顾的孩子,体力劳动者,manual_worker,搬运工,,,
P00329,王嫣,女,39,35-39,有未成年孩子,上班族,office_worker,高级数据分析师,,,
P00330,杨宁,女,30,30-34,有未成年孩子,自由业者,freelancer,独立程序员,,,
P00331,林子,男,43,40-45,有未成年孩子,体力劳动者,manual_worker,汽车技师,,,
P00332,罗晓思,女,30,30-34,无需要照顾的孩子,上班族,office_worker,项目经理,,,
P00333,梁一,男,41,40-45,无需要照顾的孩子,自由业者,freelancer,自由设计师,,,
P00334,袁若彤,女,20,18-24,有未成年孩子,大学生,university_student,本科生,,,
P00335,李语,女,39,35-39,无需要照顾的孩子,自由业者,freelancer,自媒体从业者,,,
P00336,杨婷源,女,24,18-24,无需要照顾的孩子,上班族,office_worker,设计师,,,
P00337,杨乐婉,女,33,30-34,无需要照顾的孩子,自由业者,freelancer,摄影师,,,
P00338,周嘉清,女,25,25-29,无需要照顾的孩子,上班族,office_worker,运营专员,,,
P00339,张宁欣,女,26,25-29,无需要照顾的孩子,上班族,office_worker,运营专员,,,
P00340,赵晓,女,18,18-24,无需要照顾的孩子,上班族,office_worker,设计师,,,
P00341,杨佳晴,女,20,18-24,无需要照顾的孩子,服务业者,service_worker,房产经纪,,,
P00342,孙安,女,27,25-29,有未成年孩子,上班族,office_worker,销售代表,,,
P00343,赵宁可,女,30,30-34,有未成年孩子,上班族,office_worker,会计,,,
P00344,王思晨,女,22,18-24,无需要照顾的孩子,上班族,office_worker,采购专员,,,
P00345,程然一,男,42,40-45,有成年孩子,上班族,office_worker,项目经理,,,
P00346,陈豪文,男,22,18-24,无需要照顾的孩子,大学生,university_student,本科生,,,
P00347,王嘉言,男,43,40-45,无需要照顾的孩子,体力劳动者,manual_worker,安装工,,,
P00348,李欣雅,女,19,18-24,无需要照顾的孩子,体力劳动者,manual_worker,安装工,,,
P00349,陈佳知,女,31,30-34,有未成年孩子,上班族,office_worker,HR经理,,,
P00350,刘辰晨,男,22,18-24,无需要照顾的孩子,服务业者,service_worker,客服,,,
P00351,杨天哲,男,29,25-29,无需要照顾的孩子,服务业者,service_worker,美容师,,,
P00352,冯羽嘉,女,27,25-29,无需要照顾的孩子,服务业者,service_worker,美容师,,,
P00353,何乐,男,34,30-34,无需要照顾的孩子,服务业者,service_worker,房产经纪,,,
P00354,赵嫣,女,32,30-34,无需要照顾的孩子,上班族,office_worker,HR经理,,,
P00355,张涵涵,女,41,40-45,有未成年孩子,上班族,office_worker,技术经理,,,
P00356,赵晨辰,女,43,40-45,有未成年孩子,体力劳动者,manual_worker,设备操作员,,,
P00357,黄宁嫣,女,18,18-24,无需要照顾的孩子,体力劳动者,manual_worker,卡车司机,,,
P00358,王辰宁,女,33,30-34,无需要照顾的孩子,体力劳动者,manual_worker,电工,,,
P00359,刘嘉宇,男,40,40-45,有未成年孩子,服务业者,service_worker,保安,,,
P00360,陈明晨,男,20,18-24,无需要照顾的孩子,大学生,university_student,本科生,,,
P00361,周辰,女,19,18-24,无需要照顾的孩子,大学生,university_student,本科生,,,
P00362,罗轩泽,男,37,35-39,有未成年孩子,上班族,office_worker,财务主管,,,
P00363,王静言,女,24,18-24,无需要照顾的孩子,大学生,university_student,硕士研究生,,,
P00364,黄一,女,40,40-45,无需要照顾的孩子,上班族,office_worker,财务主管,,,
P00365,宋诗嘉,女,42,40-45,无需要照顾的孩子,体力劳动者,manual_worker,仓库操作员,,,
P00366,谢佳诗,女,41,40-45,有未成年孩子,自由业者,freelancer,私教,,,
P00367,陈子思,女,28,25-29,无需要照顾的孩子,体力劳动者,manual_worker,焊工,,,
P00368,张知嫣,女,37,35-39,有未成年孩子,服务业者,service_worker,酒店服务人员,,,
P00369,刘婉瑶,女,32,30-34,无需要照顾的孩子,上班族,office_worker,HR经理,,,
P00370,陈言,女,41,40-45,无需要照顾的孩子,服务业者,service_worker,保安,,,
P00371,王楷嘉,男,45,40-45,无需要照顾的孩子,上班族,office_worker,部门经理,,,
P00372,赵子杰,男,23,18-24,无需要照顾的孩子,大学生,university_student,硕士研究生,,,
P00373,张婉静,女,24,18-24,无需要照顾的孩子,上班族,office_worker,行政专员,,,
P00374,王若瑶,女,27,25-29,无需要照顾的孩子,上班族,office_worker,会计,,,
P00375,孙佳,女,30,30-34,有未成年孩子,上班族,office_worker,设计师,,,
P00376,梁知彤,女,44,40-45,无需要照顾的孩子,上班族,office_worker,高级产品经理,,,
P00377,陈梓晨,男,41,40-45,无需要照顾的孩子,自由业者,freelancer,网店经营者,,,
P00378,孙彤一,女,26,25-29,无需要照顾的孩子,体力劳动者,manual_worker,维修技师,,,
P00379,王佳一,女,30,30-34,无需要照顾的孩子,服务业者,service_worker,收银员,,,
P00380,李嫣心,女,45,40-45,无需要照顾的孩子,服务业者,service_worker,健身教练,,,
P00381,王诚豪,男,30,30-34,有未成年孩子,上班族,office_worker,行政专员,,,
P00382,陈言,男,32,30-34,有未成年孩子,上班族,office_worker,软件工程师,,,
P00383,罗曦思,女,27,25-29,无需要照顾的孩子,自由业者,freelancer,自由设计师,,,
P00384,刘源,女,32,30-34,无需要照顾的孩子,服务业者,service_worker,客服,,,
P00385,刘涵远,女,33,30-34,无需要照顾的孩子,上班族,office_worker,HR经理,,,
P00386,唐志宇,男,28,25-29,无需要照顾的孩子,服务业者,service_worker,保安,,,
P00387,李清源,女,32,30-34,有未成年孩子,上班族,office_worker,运营专员,,,
P00388,陈曦婷,女,28,25-29,无需要照顾的孩子,服务业者,service_worker,餐厅服务员,,,
P00389,刘一,女,42,40-45,无需要照顾的孩子,体力劳动者,manual_worker,安装工,,,
P00390,吴涵子,女,44,40-45,有未成年孩子,体力劳动者,manual_worker,建筑工人,,,
P00391,赵志羽,男,31,30-34,无需要照顾的孩子,体力劳动者,manual_worker,维修技师,,,
P00392,杨清雨,女,22,18-24,无需要照顾的孩子,大学生,university_student,本科生,,,
P00393,张婉,女,23,18-24,无需要照顾的孩子,服务业者,service_worker,酒店服务人员,,,
P00394,黄宁星,女,26,25-29,无需要照顾的孩子,服务业者,service_worker,零售店员,,,
P00395,黄静,女,25,25-29,无需要照顾的孩子,服务业者,service_worker,理发师,,,
P00396,刘心辰,男,22,18-24,无需要照顾的孩子,服务业者,service_worker,客服,,,
P00397,罗雅婉,女,44,40-45,有未成年孩子,服务业者,service_worker,收银员,,,
P00398,周晨梦,女,28,25-29,无需要照顾的孩子,上班族,office_worker,软件工程师,,,
P00399,罗景,男,32,30-34,无需要照顾的孩子,上班族,office_worker,客户专员,,,
P00400,张杰子,男,41,40-45,无需要照顾的孩子,上班族,office_worker,采购经理,,,
P00401,李阳嘉,男,29,25-29,有未成年孩子,大学生,university_student,硕士研究生,,,
P00402,高梦琪,女,43,40-45,有未成年孩子,体力劳动者,manual_worker,维修技师,,,
P00403,胡宇睿,男,36,35-39,有未成年孩子,上班族,office_worker,运营专员,,,
P00404,罗琪可,女,43,40-45,无需要照顾的孩子,服务业者,service_worker,酒店前台,,,
P00405,杨嘉哲,男,29,25-29,无需要照顾的孩子,上班族,office_worker,客户专员,,,
P00406,马文言,男,28,25-29,无需要照顾的孩子,上班族,office_worker,数据分析师,,,
P00407,谢怡晴,女,43,40-45,有未成年孩子,体力劳动者,manual_worker,仓库操作员,,,
P00408,罗子,女,44,40-45,有成年孩子,上班族,office_worker,销售经理,,,
P00409,程怡,女,34,30-34,有未成年孩子,上班族,office_worker,业务负责人,,,
P00410,孙言雅,女,38,35-39,有未成年孩子,上班族,office_worker,高级运营专员,,,
P00411,许晨昊,男,26,25-29,无需要照顾的孩子,服务业者,service_worker,客服,,,
P00412,王语,女,32,30-34,无需要照顾的孩子,体力劳动者,manual_worker,配送员,,,
P00413,高言安,女,35,35-39,有未成年孩子,体力劳动者,manual_worker,汽车技师,,,
P00414,赵诺涵,女,43,40-45,有未成年孩子,自由业者,freelancer,自由销售,,,
P00415,曹宁清,女,26,25-29,无需要照顾的孩子,上班族,office_worker,客户经理,,,
P00416,梁知嫣,女,28,25-29,有未成年孩子,上班族,office_worker,行政专员,,,
P00417,王乐晨,女,23,18-24,无需要照顾的孩子,大学生,university_student,硕士研究生,,,
P00418,刘语源,女,25,25-29,无需要照顾的孩子,体力劳动者,manual_worker,配送员,,,
P00419,周言宁,女,34,30-34,有未成年孩子,上班族,office_worker,产品经理,,,
P00420,胡星诺,女,43,40-45,有未成年孩子,上班族,office_worker,高级运营专员,,,
P00421,韩婉静,女,31,30-34,有未成年孩子,服务业者,service_worker,健身教练,,,
P00422,周宁嘉,男,22,18-24,无需要照顾的孩子,大学生,university_student,本科生,,,
P00423,陈雅,女,21,18-24,无需要照顾的孩子,上班族,office_worker,财务专员,,,
P00424,张可辰,女,36,35-39,有成年孩子,自由业者,freelancer,独立承包商,,,
P00425,于一婉,女,25,25-29,无需要照顾的孩子,上班族,office_worker,运营专员,,,
P00426,刘源豪,男,44,40-45,有成年孩子,上班族,office_worker,销售经理,,,
P00427,徐佳欣,女,36,35-39,有未成年孩子,上班族,office_worker,高级运营专员,,,
P00428,王心浩,男,42,40-45,有未成年孩子,体力劳动者,manual_worker,电工,,,
P00429,王晓,女,31,30-34,无需要照顾的孩子,服务业者,service_worker,房产经纪,,,
P00430,梁怡涵,女,30,30-34,无需要照顾的孩子,服务业者,service_worker,酒店前台,,,
P00431,黄星清,男,31,30-34,有未成年孩子,体力劳动者,manual_worker,配送员,,,
P00432,陈晴知,女,41,40-45,有未成年孩子,自由业者,freelancer,独立程序员,,,
P00433,张可,女,43,40-45,有未成年孩子,体力劳动者,manual_worker,建筑工人,,,
P00434,刘宇轩,男,45,40-45,无需要照顾的孩子,上班族,office_worker,部门经理,,,
P00435,张诗瑶,女,27,25-29,无需要照顾的孩子,上班族,office_worker,采购专员,,,
P00436,李嘉晓,女,36,35-39,无需要照顾的孩子,服务业者,service_worker,理发师,,,
P00437,袁杰涵,男,21,18-24,无需要照顾的孩子,大学生,university_student,本科生,,,
P00438,黄婷婷,女,44,40-45,有成年孩子,服务业者,service_worker,酒店服务人员,,,
P00439,马言嘉,女,39,35-39,有未成年孩子,上班族,office_worker,高级软件工程师,,,
P00440,马诺景,男,18,18-24,无需要照顾的孩子,服务业者,service_worker,咖啡师,,,
P00441,王婷,女,39,35-39,无需要照顾的孩子,体力劳动者,manual_worker,安装工,,,
P00442,王怡瑶,女,29,25-29,有未成年孩子,体力劳动者,manual_worker,汽车技师,,,
P00443,宋源乐,男,27,25-29,无需要照顾的孩子,体力劳动者,manual_worker,汽车技师,,,
P00444,徐源轩,男,38,35-39,有未成年孩子,服务业者,service_worker,咖啡师,,,
P00445,刘子可,女,44,40-45,有未成年孩子,体力劳动者,manual_worker,设备操作员,,,
P00446,许彤琪,女,28,25-29,无需要照顾的孩子,体力劳动者,manual_worker,配送员,,,
P00447,王嘉婷,女,26,25-29,无需要照顾的孩子,自由业者,freelancer,摄影师,,,
P00448,李景乐,男,35,35-39,无需要照顾的孩子,服务业者,service_worker,健身教练,,,
P00449,李彤,女,38,35-39,有未成年孩子,上班族,office_worker,行政专员,,,
P00450,王诺,女,38,35-39,有成年孩子,服务业者,service_worker,保安,,,
P00451,朱晴,女,32,30-34,无需要照顾的孩子,上班族,office_worker,项目经理,,,
P00452,陈羽桐,女,40,40-45,有未成年孩子,上班族,office_worker,客户经理,,,
P00453,梁羽曦,女,36,35-39,有未成年孩子,体力劳动者,manual_worker,卡车司机,,,
P00454,刘瑶,女,37,35-39,有未成年孩子,上班族,office_worker,财务专员,,,
P00455,张可知,女,22,18-24,无需要照顾的孩子,体力劳动者,manual_worker,卡车司机,,,
P00456,赵知一,男,29,25-29,无需要照顾的孩子,自由业者,freelancer,独立承包商,,,
P00457,冯梦怡,女,42,40-45,有未成年孩子,上班族,office_worker,销售经理,,,
P00458,邓欣晨,女,21,18-24,无需要照顾的孩子,上班族,office_worker,会计,,,
P00459,张桐桐,女,31,30-34,有未成年孩子,上班族,office_worker,高级软件工程师,,,
P00460,刘羽,男,20,18-24,无需要照顾的孩子,大学生,university_student,本科生,,,
P00461,宋婷欣,女,35,35-39,无需要照顾的孩子,服务业者,service_worker,理发师,,,
P00462,吴星,女,27,25-29,无需要照顾的孩子,上班族,office_worker,会计,,,
P00463,李羽羽,男,39,35-39,无需要照顾的孩子,上班族,office_worker,客户经理,,,
P00464,黄晴一,女,19,18-24,无需要照顾的孩子,上班族,office_worker,数据分析师,,,
P00465,孙欣,女,25,25-29,有未成年孩子,服务业者,service_worker,保安,,,
P00466,李一,女,45,40-45,有未成年孩子,上班族,office_worker,技术经理,,,
P00467,何安,男,31,30-34,有未成年孩子,自由业者,freelancer,自由设计师,,,
P00468,刘安晴,女,27,25-29,无需要照顾的孩子,服务业者,service_worker,保安,,,
P00469,赵雨桐,女,22,18-24,无需要照顾的孩子,服务业者,service_worker,美容师,,,
P00470,张涵辰,女,41,40-45,有未成年孩子,上班族,office_worker,运营经理,,,
P00471,朱嘉哲,男,26,25-29,无需要照顾的孩子,自由业者,freelancer,自由销售,,,
P00472,黄雨安,女,18,18-24,无需要照顾的孩子,服务业者,service_worker,酒店服务人员,,,
P00473,周若诺,女,21,18-24,无需要照顾的孩子,服务业者,service_worker,咖啡师,,,
P00474,高文哲,男,40,40-45,有未成年孩子,上班族,office_worker,运营经理,,,
P00475,董宁晓,女,31,30-34,无需要照顾的孩子,自由业者,freelancer,自由销售,,,
P00476,徐子佳,女,38,35-39,有未成年孩子,体力劳动者,manual_worker,搬运工,,,
P00477,刘涵,女,22,18-24,无需要照顾的孩子,大学生,university_student,本科生,,,
P00478,赵乐静,女,36,35-39,有未成年孩子,自由业者,freelancer,自媒体从业者,,,
P00479,王言怡,女,21,18-24,无需要照顾的孩子,大学生,university_student,本科生,,,
P00480,郭宁,女,38,35-39,有未成年孩子,自由业者,freelancer,自媒体从业者,,,
P00481,李楷明,男,28,25-29,无需要照顾的孩子,自由业者,freelancer,自由设计师,,,
P00482,刘佳,女,22,18-24,无需要照顾的孩子,大学生,university_student,本科生,,,
P00483,郑佳可,女,31,30-34,有未成年孩子,上班族,office_worker,会计,,,
P00484,张明豪,男,21,18-24,无需要照顾的孩子,服务业者,service_worker,餐厅服务员,,,
P00485,杨婷,女,34,30-34,无需要照顾的孩子,上班族,office_worker,高级软件工程师,,,
P00486,张浩志,男,39,35-39,无需要照顾的孩子,上班族,office_worker,采购经理,,,
P00487,李宁晨,女,25,25-29,无需要照顾的孩子,上班族,office_worker,财务专员,,,
P00488,郭一言,女,31,30-34,无需要照顾的孩子,上班族,office_worker,财务专员,,,
P00489,张梓轩,男,44,40-45,无需要照顾的孩子,上班族,office_worker,高级项目经理,,,
P00490,周安诺,男,45,40-45,有未成年孩子,体力劳动者,manual_worker,卡车司机,,,
P00491,李桐涵,女,34,30-34,无需要照顾的孩子,上班族,office_worker,项目经理,,,
P00492,孙一,女,18,18-24,无需要照顾的孩子,上班族,office_worker,销售代表,,,
P00493,朱子明,男,31,30-34,有未成年孩子,上班族,office_worker,行政专员,,,
P00494,郭远曦,女,45,40-45,有未成年孩子,服务业者,service_worker,客服,,,
P00495,杨欣诗,女,28,25-29,无需要照顾的孩子,上班族,office_worker,高级数据分析师,,,
P00496,刘嘉雨,女,25,25-29,无需要照顾的孩子,自由业者,freelancer,独立承包商,,,
P00497,王辰彤,女,20,18-24,无需要照顾的孩子,自由业者,freelancer,翻译,,,
P00498,张静,女,20,18-24,有未成年孩子,上班族,office_worker,产品经理,,,
P00499,谢子,女,35,35-39,有未成年孩子,服务业者,service_worker,收银员,,,
P00500,陈思,女,20,18-24,无需要照顾的孩子,服务业者,service_worker,咖啡师,,,
P00501,袁涵语,女,30,30-34,无需要照顾的孩子,服务业者,service_worker,保安,,,
P00502,郭欣言,女,45,40-45,有未成年孩子,自由业者,freelancer,私教,,,
P00503,李雅晨,女,30,30-34,无需要照顾的孩子,上班族,office_worker,会计,,,
P00504,唐彤,女,33,30-34,有未成年孩子,上班族,office_worker,财务主管,,,
P00505,谢昊,男,29,25-29,无需要照顾的孩子,体力劳动者,manual_worker,建筑工人,,,
P00506,黄瑶琪,女,28,25-29,无需要照顾的孩子,上班族,office_worker,采购专员,,,
P00507,李佳,女,33,30-34,有未成年孩子,上班族,office_worker,采购经理,,,
P00508,张安阳,男,24,18-24,无需要照顾的孩子,体力劳动者,manual_worker,仓库操作员,,,
P00509,王一心,男,29,25-29,无需要照顾的孩子,上班族,office_worker,高级数据分析师,,,
P00510,赵涵涵,女,43,40-45,有未成年孩子,自由业者,freelancer,咨询顾问,,,
P00511,刘欣雨,女,29,25-29,无需要照顾的孩子,上班族,office_worker,技术经理,,,
P00512,杨清言,女,30,30-34,无需要照顾的孩子,上班族,office_worker,会计,,,
P00513,张怡晨,女,40,40-45,无需要照顾的孩子,上班族,office_worker,HR经理,,,
P00514,黄然宇,男,29,25-29,有未成年孩子,上班族,office_worker,设计师,,,
P00515,李思宇,男,29,25-29,无需要照顾的孩子,服务业者,service_worker,健身教练,,,
P00516,陈远雅,女,37,35-39,有未成年孩子,服务业者,service_worker,理发师,,,
P00517,张佳晨,女,19,18-24,无需要照顾的孩子,服务业者,service_worker,健身教练,,,
P00518,黄怡欣,女,27,25-29,无需要照顾的孩子,服务业者,service_worker,餐厅服务员,,,
P00519,郑一嘉,女,34,30-34,无需要照顾的孩子,上班族,office_worker,高级数据分析师,,,
P00520,李羽心,女,45,40-45,有未成年孩子,上班族,office_worker,采购经理,,,
P00521,宋曦心,女,40,40-45,有未成年孩子,自由业者,freelancer,独立承包商,,,
P00522,陈安清,女,28,25-29,无需要照顾的孩子,服务业者,service_worker,客服,,,
P00523,董欣心,女,29,25-29,无需要照顾的孩子,上班族,office_worker,行政专员,,,
P00524,刘嘉清,女,21,18-24,无需要照顾的孩子,体力劳动者,manual_worker,维修技师,,,
P00525,刘博,男,19,18-24,无需要照顾的孩子,大学生,university_student,硕士研究生,,,
P00526,郭涵雨,女,36,35-39,有未成年孩子,服务业者,service_worker,酒店服务人员,,,
P00527,王安彤,女,24,18-24,无需要照顾的孩子,大学生,university_student,硕士研究生,,,
P00528,韩源思,女,26,25-29,无需要照顾的孩子,上班族,office_worker,财务专员,,,
P00529,杨心晴,女,37,35-39,有未成年孩子,服务业者,service_worker,咖啡师,,,
P00530,黄博,男,36,35-39,无需要照顾的孩子,上班族,office_worker,会计,,,
P00531,刘哲楷,男,24,18-24,无需要照顾的孩子,体力劳动者,manual_worker,汽车技师,,,
P00532,赵可心,女,28,25-29,无需要照顾的孩子,服务业者,service_worker,厨师,,,
P00533,许阳远,男,20,18-24,无需要照顾的孩子,体力劳动者,manual_worker,焊工,,,
P00534,黄俊杰,男,27,25-29,无需要照顾的孩子,体力劳动者,manual_worker,安装工,,,
P00535,张晨,女,32,30-34,有未成年孩子,上班族,office_worker,客户经理,,,
P00536,马嫣,女,30,30-34,无需要照顾的孩子,上班族,office_worker,财务主管,,,
P00537,陈梓轩,男,41,40-45,无需要照顾的孩子,体力劳动者,manual_worker,汽车技师,,,
P00538,周景涵,男,18,18-24,无需要照顾的孩子,体力劳动者,manual_worker,快递员,,,
P00539,周琪乐,女,32,30-34,无需要照顾的孩子,自由业者,freelancer,独立程序员,,,
P00540,曹楷昊,男,27,25-29,无需要照顾的孩子,服务业者,service_worker,美容师,,,
P00541,许可琪,女,29,25-29,有未成年孩子,上班族,office_worker,运营专员,,,
P00542,黄子诺,女,40,40-45,有成年孩子,体力劳动者,manual_worker,卡车司机,,,
P00543,韩婷涵,女,27,25-29,无需要照顾的孩子,体力劳动者,manual_worker,电工,,,
P00544,李清佳,女,38,35-39,有未成年孩子,上班族,office_worker,销售经理,,,
P00545,刘宁昊,男,22,18-24,无需要照顾的孩子,大学生,university_student,本科生,,,
P00546,吴源怡,女,32,30-34,无需要照顾的孩子,上班族,office_worker,采购经理,,,
P00547,王知浩,男,22,18-24,无需要照顾的孩子,上班族,office_worker,软件工程师,,,
P00548,王静安,女,42,40-45,有未成年孩子,服务业者,service_worker,零售店员,,,
P00549,周若远,女,27,25-29,有未成年孩子,上班族,office_worker,财务专员,,,
P00550,黄心志,男,20,18-24,无需要照顾的孩子,服务业者,service_worker,酒店服务人员,,,
P00551,孙浩涵,男,32,30-34,无需要照顾的孩子,服务业者,service_worker,健身教练,,,
P00552,赵语羽,女,44,40-45,无需要照顾的孩子,体力劳动者,manual_worker,搬运工,,,
P00553,周怡欣,女,30,30-34,无需要照顾的孩子,上班族,office_worker,数据分析师,,,
P00554,赵怡宁,女,36,35-39,无需要照顾的孩子,上班族,office_worker,高级软件工程师,,,
P00555,吴一知,女,33,30-34,无需要照顾的孩子,上班族,office_worker,行政专员,,,
P00556,陈桐婉,女,42,40-45,无需要照顾的孩子,上班族,office_worker,高级产品经理,,,
P00557,曹涵晨,女,40,40-45,无需要照顾的孩子,上班族,office_worker,产品经理,,,
P00558,李阳,男,24,18-24,无需要照顾的孩子,大学生,university_student,本科生,,,
P00559,何宁乐,女,45,40-45,有成年孩子,自由业者,freelancer,独立承包商,,,
P00560,张然言,男,27,25-29,无需要照顾的孩子,服务业者,service_worker,酒店服务人员,,,
P00561,冯星思,女,25,25-29,无需要照顾的孩子,上班族,office_worker,客户专员,,,
P00562,许怡,女,26,25-29,无需要照顾的孩子,服务业者,service_worker,客服,,,
P00563,张清瑶,女,45,40-45,有未成年孩子,上班族,office_worker,客户专员,,,
P00564,朱心远,女,21,18-24,无需要照顾的孩子,大学生,university_student,本科生,,,
P00565,黄星哲,男,43,40-45,无需要照顾的孩子,上班族,office_worker,客户经理,,,
P00566,黄怡怡,女,26,25-29,无需要照顾的孩子,体力劳动者,manual_worker,焊工,,,
P00567,张嫣晨,女,25,25-29,有未成年孩子,服务业者,service_worker,理发师,,,
P00568,胡曦辰,女,24,18-24,无需要照顾的孩子,大学生,university_student,硕士研究生,,,
P00569,杨俊,男,18,18-24,无需要照顾的孩子,大学生,university_student,本科生,,,
P00570,张怡曦,女,27,25-29,无需要照顾的孩子,上班族,office_worker,软件工程师,,,
P00571,郭文涵,男,27,25-29,无需要照顾的孩子,上班族,office_worker,采购经理,,,
P00572,张豪,男,41,40-45,有未成年孩子,服务业者,service_worker,保安,,,
P00573,陈佳,女,33,30-34,无需要照顾的孩子,上班族,office_worker,行政专员,,,
P00574,杨杰思,男,33,30-34,有未成年孩子,服务业者,service_worker,零售店员,,,
P00575,杨婷桐,女,20,18-24,无需要照顾的孩子,自由业者,freelancer,摄影师,,,
P00576,郭明子,男,20,18-24,无需要照顾的孩子,大学生,university_student,本科生,,,
P00577,黄嫣诺,女,23,18-24,无需要照顾的孩子,自由业者,freelancer,独立程序员,,,
P00578,王雅一,女,44,40-45,无需要照顾的孩子,上班族,office_worker,高级项目经理,,,
P00579,张子思,女,25,25-29,无需要照顾的孩子,上班族,office_worker,客户专员,,,
P00580,刘子豪,男,23,18-24,无需要照顾的孩子,大学生,university_student,本科生,,,
P00581,孙语言,女,33,30-34,无需要照顾的孩子,上班族,office_worker,高级软件工程师,,,
P00582,周欣,女,43,40-45,无需要照顾的孩子,上班族,office_worker,高级数据分析师,,,
P00583,王静婷,女,22,18-24,无需要照顾的孩子,体力劳动者,manual_worker,设备操作员,,,
P00584,李宇清,男,45,40-45,无需要照顾的孩子,上班族,office_worker,财务主管,,,
P00585,刘哲佑,男,36,35-39,有未成年孩子,体力劳动者,manual_worker,配送员,,,
P00586,朱晴辰,女,29,25-29,无需要照顾的孩子,服务业者,service_worker,餐厅服务员,,,
P00587,王可欣,女,26,25-29,无需要照顾的孩子,自由业者,freelancer,咨询顾问,,,
P00588,王雨婷,女,21,18-24,无需要照顾的孩子,大学生,university_student,本科生,,,
P00589,黄浩豪,男,39,35-39,有未成年孩子,服务业者,service_worker,客服,,,
P00590,刘一昊,男,43,40-45,有成年孩子,上班族,office_worker,采购经理,,,
P00591,许羽涵,男,31,30-34,无需要照顾的孩子,上班族,office_worker,客户专员,,,
P00592,程婉思,女,41,40-45,无需要照顾的孩子,上班族,office_worker,客户经理,,,
P00593,郭远,男,26,25-29,无需要照顾的孩子,上班族,office_worker,软件工程师,,,
P00594,刘雨,女,44,40-45,有未成年孩子,上班族,office_worker,采购专员,,,
P00595,何源宁,女,32,30-34,无需要照顾的孩子,上班族,office_worker,软件工程师,,,
P00596,王辰阳,男,44,40-45,有未成年孩子,服务业者,service_worker,健身教练,,,
P00597,郭羽一,女,35,35-39,有未成年孩子,上班族,office_worker,销售经理,,,
P00598,刘诗怡,女,42,40-45,有成年孩子,上班族,office_worker,技术经理,,,
P00599,杨然晨,男,40,40-45,有未成年孩子,体力劳动者,manual_worker,搬运工,,,
P00600,黄睿子,男,34,30-34,无需要照顾的孩子,体力劳动者,manual_worker,建筑工人,,,
P00601,吴宁桐,女,37,35-39,有未成年孩子,服务业者,service_worker,厨师,,,
P00602,张涵,女,30,30-34,有未成年孩子,服务业者,service_worker,厨师,,,
P00603,李清雨,女,37,35-39,无需要照顾的孩子,上班族,office_worker,运营专员,,,
P00604,刘嘉豪,男,34,30-34,有未成年孩子,服务业者,service_worker,理发师,,,
P00605,王景轩,男,25,25-29,无需要照顾的孩子,自由业者,freelancer,咨询顾问,,,
P00606,许涵一,男,26,25-29,有未成年孩子,上班族,office_worker,数据分析师,,,
P00607,刘诗思,女,44,40-45,有未成年孩子,上班族,office_worker,产品经理,,,
P00608,陈昊晨,男,42,40-45,有未成年孩子,上班族,office_worker,财务经理,,,
P00609,王琪晨,女,30,30-34,有未成年孩子,上班族,office_worker,高级运营专员,,,
P00610,梁语一,女,19,18-24,无需要照顾的孩子,体力劳动者,manual_worker,仓库操作员,,,
P00611,许景言,男,22,18-24,无需要照顾的孩子,上班族,office_worker,会计,,,
P00612,黄星,男,21,18-24,无需要照顾的孩子,服务业者,service_worker,房产经纪,,,
P00613,陈晓源,女,23,18-24,无需要照顾的孩子,服务业者,service_worker,咖啡师,,,
P00614,吴清思,女,43,40-45,有成年孩子,服务业者,service_worker,酒店服务人员,,,
P00615,吴桐,女,41,40-45,有未成年孩子,上班族,office_worker,财务主管,,,
P00616,孙天然,男,41,40-45,有未成年孩子,服务业者,service_worker,客服,,,
P00617,王清雨,女,32,30-34,无需要照顾的孩子,上班族,office_worker,行政专员,,,
P00618,王子涵,女,23,18-24,无需要照顾的孩子,大学生,university_student,博士研究生,,,
P00619,孙言乐,女,21,18-24,无需要照顾的孩子,大学生,university_student,本科生,,,
P00620,朱宁宁,女,32,30-34,有未成年孩子,自由业者,freelancer,自由设计师,,,
P00621,宋宁天,男,27,25-29,无需要照顾的孩子,体力劳动者,manual_worker,搬运工,,,
P00622,陈婷子,女,32,30-34,有未成年孩子,体力劳动者,manual_worker,安装工,,,
P00623,宋天安,男,28,25-29,无需要照顾的孩子,上班族,office_worker,项目经理,,,
P00624,高清欣,女,34,30-34,无需要照顾的孩子,上班族,office_worker,高级运营专员,,,
P00625,郑晨瑶,女,23,18-24,无需要照顾的孩子,服务业者,service_worker,客服,,,
P00626,刘诺思,女,42,40-45,有未成年孩子,体力劳动者,manual_worker,建筑工人,,,
P00627,张静佳,女,31,30-34,有未成年孩子,服务业者,service_worker,厨师,,,
P00628,袁涵雅,女,30,30-34,无需要照顾的孩子,大学生,university_student,博士研究生,,,
P00629,张清,男,32,30-34,无需要照顾的孩子,自由业者,freelancer,摄影师,,,
P00630,王雨源,女,31,30-34,有未成年孩子,服务业者,service_worker,客服,,,
P00631,谢晨思,女,32,30-34,有未成年孩子,上班族,office_worker,高级运营专员,,,
P00632,胡雅婷,女,22,18-24,无需要照顾的孩子,大学生,university_student,本科生,,,
P00633,吴佳子,女,33,30-34,无需要照顾的孩子,上班族,office_worker,软件工程师,,,
P00634,王思嘉,女,38,35-39,有未成年孩子,服务业者,service_worker,酒店前台,,,
P00635,张晴星,女,26,25-29,无需要照顾的孩子,体力劳动者,manual_worker,设备操作员,,,
P00636,郑梦嫣,女,35,35-39,无需要照顾的孩子,自由业者,freelancer,摄影师,,,
P00637,刘言嫣,女,32,30-34,无需要照顾的孩子,自由业者,freelancer,自媒体从业者,,,
P00638,罗知,女,38,35-39,无需要照顾的孩子,服务业者,service_worker,美容师,,,
P00639,董心子,男,40,40-45,无需要照顾的孩子,体力劳动者,manual_worker,建筑工人,,,
P00640,李思婷,女,36,35-39,无需要照顾的孩子,上班族,office_worker,产品经理,,,
P00641,罗宁怡,女,21,18-24,无需要照顾的孩子,服务业者,service_worker,客服,,,
P00642,张明睿,男,39,35-39,有未成年孩子,服务业者,service_worker,收银员,,,
P00643,曹欣婷,女,44,40-45,有未成年孩子,自由业者,freelancer,自由设计师,,,
P00644,李彤佳,女,22,18-24,无需要照顾的孩子,大学生,university_student,本科生,,,
P00645,朱语彤,女,25,25-29,无需要照顾的孩子,上班族,office_worker,会计,,,
P00646,林星,女,21,18-24,无需要照顾的孩子,服务业者,service_worker,房产经纪,,,
P00647,何语,女,28,25-29,有未成年孩子,自由业者,freelancer,自由设计师,,,
P00648,郑嫣言,女,26,25-29,无需要照顾的孩子,上班族,office_worker,数据分析师,,,
P00649,张浩,男,21,18-24,无需要照顾的孩子,大学生,university_student,硕士研究生,,,
P00650,高佳,女,37,35-39,有未成年孩子,上班族,office_worker,高级软件工程师,,,
P00651,林乐知,女,45,40-45,无需要照顾的孩子,服务业者,service_worker,美容师,,,
P00652,刘宁佳,女,29,25-29,无需要照顾的孩子,服务业者,service_worker,酒店服务人员,,,
P00653,吴安婷,女,42,40-45,无需要照顾的孩子,自由业者,freelancer,独立程序员,,,
P00654,王欣雨,女,42,40-45,有未成年孩子,上班族,office_worker,高级产品经理,,,
P00655,王子,男,36,35-39,有未成年孩子,上班族,office_worker,客户经理,,,
P00656,李怡嫣,女,25,25-29,无需要照顾的孩子,大学生,university_student,硕士研究生,,,
P00657,高怡,女,28,25-29,有未成年孩子,服务业者,service_worker,餐厅服务员,,,
P00658,高文睿,男,37,35-39,无需要照顾的孩子,上班族,office_worker,会计,,,
P00659,曹清羽,女,37,35-39,有未成年孩子,上班族,office_worker,业务负责人,,,
P00660,何辰诺,男,40,40-45,无需要照顾的孩子,上班族,office_worker,高级运营专员,,,
P00661,赵安佳,女,27,25-29,无需要照顾的孩子,上班族,office_worker,行政专员,,,
P00662,高楷可,男,36,35-39,无需要照顾的孩子,上班族,office_worker,高级软件工程师,,,
P00663,吴佳可,女,32,30-34,有未成年孩子,上班族,office_worker,财务经理,,,
P00664,谢晓源,女,45,40-45,有成年孩子,上班族,office_worker,HR经理,,,
P00665,陈可桐,女,35,35-39,有未成年孩子,服务业者,service_worker,零售店员,,,
P00666,陈语琪,女,30,30-34,有未成年孩子,上班族,office_worker,软件工程师,,,
P00667,黄婷晓,女,18,18-24,无需要照顾的孩子,上班族,office_worker,行政专员,,,
P00668,何哲博,男,38,35-39,无需要照顾的孩子,体力劳动者,manual_worker,仓库操作员,,,
P00669,林言瑶,女,28,25-29,无需要照顾的孩子,上班族,office_worker,会计,,,
P00670,李轩晨,男,39,35-39,有未成年孩子,自由业者,freelancer,翻译,,,
P00671,王欣言,女,42,40-45,有未成年孩子,体力劳动者,manual_worker,汽车技师,,,
P00672,袁轩杰,男,40,40-45,无需要照顾的孩子,体力劳动者,manual_worker,设备操作员,,,
P00673,王诚嘉,男,34,30-34,有未成年孩子,服务业者,service_worker,理发师,,,
P00674,王涵,女,27,25-29,有未成年孩子,自由业者,freelancer,自媒体从业者,,,
P00675,王欣若,女,27,25-29,无需要照顾的孩子,上班族,office_worker,客户专员,,,
P00676,刘远嘉,男,44,40-45,有未成年孩子,上班族,office_worker,高级运营专员,,,
P00677,孙可星,女,37,35-39,有未成年孩子,自由业者,freelancer,网店经营者,,,
P00678,刘思雅,女,33,30-34,无需要照顾的孩子,自由业者,freelancer,摄影师,,,
P00679,张诚涵,男,40,40-45,有未成年孩子,服务业者,service_worker,酒店前台,,,
P00680,吴晓语,女,38,35-39,无需要照顾的孩子,上班族,office_worker,会计,,,
P00681,陈佑知,男,41,40-45,无需要照顾的孩子,服务业者,service_worker,健身教练,,,
P00682,杨辰楷,男,42,40-45,有未成年孩子,服务业者,service_worker,保安,,,
P00683,郭嘉思,男,32,30-34,无需要照顾的孩子,服务业者,service_worker,保安,,,
P00684,王知晓,女,43,40-45,无需要照顾的孩子,上班族,office_worker,运营专员,,,
P00685,谢曦安,女,23,18-24,无需要照顾的孩子,自由业者,freelancer,私教,,,
P00686,韩乐思,女,27,25-29,有未成年孩子,上班族,office_worker,运营专员,,,
P00687,梁杰诺,男,27,25-29,无需要照顾的孩子,上班族,office_worker,客户专员,,,
P00688,唐乐佳,女,30,30-34,无需要照顾的孩子,体力劳动者,manual_worker,搬运工,,,
P00689,王诺远,女,20,18-24,无需要照顾的孩子,自由业者,freelancer,独立程序员,,,
P00690,高清晨,男,43,40-45,无需要照顾的孩子,自由业者,freelancer,网店经营者,,,
P00691,许远源,女,21,18-24,无需要照顾的孩子,大学生,university_student,本科生,,,
P00692,王涵怡,女,39,35-39,有未成年孩子,服务业者,service_worker,保安,,,
P00693,张宁晨,女,19,18-24,无需要照顾的孩子,服务业者,service_worker,理发师,,,
P00694,朱天乐,男,45,40-45,无需要照顾的孩子,体力劳动者,manual_worker,电工,,,
P00695,赵可欣,女,21,18-24,无需要照顾的孩子,服务业者,service_worker,酒店服务人员,,,
P00696,罗一涵,女,24,18-24,无需要照顾的孩子,大学生,university_student,硕士研究生,,,
P00697,黄诺,女,44,40-45,有未成年孩子,上班族,office_worker,HR经理,,,
P00698,陈晓诺,女,26,25-29,无需要照顾的孩子,自由业者,freelancer,私教,,,
P00699,孙天辰,男,44,40-45,有未成年孩子,服务业者,service_worker,房产经纪,,,
P00700,赵曦诗,女,41,40-45,有未成年孩子,上班族,office_worker,高级项目经理,,,
P00701,王昊轩,男,35,35-39,有未成年孩子,自由业者,freelancer,自媒体从业者,,,
P00702,刘嫣知,女,41,40-45,无需要照顾的孩子,体力劳动者,manual_worker,快递员,,,
P00703,赵彤雅,女,25,25-29,无需要照顾的孩子,上班族,office_worker,行政专员,,,
P00704,陈怡心,女,18,18-24,无需要照顾的孩子,服务业者,service_worker,酒店前台,,,
P00705,李一涵,女,25,25-29,无需要照顾的孩子,上班族,office_worker,客户经理,,,
P00706,郭天远,男,30,30-34,无需要照顾的孩子,自由业者,freelancer,咨询顾问,,,
P00707,李一晓,女,34,30-34,无需要照顾的孩子,服务业者,service_worker,理发师,,,
P00708,张知思,女,39,35-39,有未成年孩子,上班族,office_worker,高级运营专员,,,
P00709,张言羽,女,42,40-45,有未成年孩子,体力劳动者,manual_worker,搬运工,,,
P00710,黄婉雨,女,43,40-45,有未成年孩子,上班族,office_worker,采购经理,,,
P00711,张乐可,男,23,18-24,无需要照顾的孩子,上班族,office_worker,软件工程师,,,
P00712,吴怡,女,33,30-34,有未成年孩子,上班族,office_worker,高级软件工程师,,,
P00713,郭宁知,女,21,18-24,无需要照顾的孩子,服务业者,service_worker,健身教练,,,
P00714,刘可桐,女,33,30-34,无需要照顾的孩子,服务业者,service_worker,咖啡师,,,
P00715,吴嫣羽,女,27,25-29,有未成年孩子,体力劳动者,manual_worker,搬运工,,,
P00716,吴婉若,女,30,30-34,无需要照顾的孩子,上班族,office_worker,财务专员,,,
P00717,王可雅,女,36,35-39,有未成年孩子,体力劳动者,manual_worker,设备操作员,,,
P00718,冯晨,女,35,35-39,有未成年孩子,体力劳动者,manual_worker,设备操作员,,,
P00719,朱安瑶,女,35,35-39,有未成年孩子,上班族,office_worker,产品经理,,,
P00720,宋诗晨,女,31,30-34,无需要照顾的孩子,体力劳动者,manual_worker,配送员,,,
P00721,李睿轩,男,38,35-39,无需要照顾的孩子,自由业者,freelancer,翻译,,,
P00722,吴涵,男,33,30-34,有未成年孩子,自由业者,freelancer,网店经营者,,,
P00723,张文阳,男,20,18-24,无需要照顾的孩子,大学生,university_student,本科生,,,
P00724,梁豪涵,男,43,40-45,有未成年孩子,体力劳动者,manual_worker,卡车司机,,,
P00725,刘晨,男,26,25-29,无需要照顾的孩子,自由业者,freelancer,翻译,,,
P00726,张景辰,男,30,30-34,有未成年孩子,服务业者,service_worker,理发师,,,
P00727,郭哲,男,43,40-45,有未成年孩子,服务业者,service_worker,收银员,,,
P00728,李轩,男,27,25-29,无需要照顾的孩子,上班族,office_worker,客户专员,,,
P00729,刘晓,女,45,40-45,有未成年孩子,服务业者,service_worker,美容师,,,
P00730,杨宇梓,男,36,35-39,有未成年孩子,上班族,office_worker,技术经理,,,
P00731,黄涵涵,女,24,18-24,无需要照顾的孩子,服务业者,service_worker,餐厅服务员,,,
P00732,杨语,女,38,35-39,无需要照顾的孩子,服务业者,service_worker,咖啡师,,,
P00733,张梦琪,女,32,30-34,无需要照顾的孩子,服务业者,service_worker,餐厅服务员,,,
P00734,李晨晨,女,42,40-45,有未成年孩子,体力劳动者,manual_worker,汽车技师,,,
P00735,黄晓欣,女,22,18-24,无需要照顾的孩子,自由业者,freelancer,咨询顾问,,,
P00736,王文一,男,34,30-34,无需要照顾的孩子,上班族,office_worker,高级软件工程师,,,
P00737,刘梦,女,28,25-29,有未成年孩子,上班族,office_worker,行政专员,,,
P00738,郭瑶,女,34,30-34,无需要照顾的孩子,上班族,office_worker,会计,,,
P00739,刘景,男,35,35-39,有未成年孩子,上班族,office_worker,区域经理,,,
P00740,陈梦佳,女,34,30-34,无需要照顾的孩子,服务业者,service_worker,理发师,,,
P00741,程心怡,女,44,40-45,无需要照顾的孩子,上班族,office_worker,高级运营专员,,,
P00742,李琪晴,女,34,30-34,有未成年孩子,服务业者,service_worker,零售店员,,,
P00743,郑瑶安,女,38,35-39,无需要照顾的孩子,服务业者,service_worker,房产经纪,,,
P00744,高怡,女,25,25-29,无需要照顾的孩子,体力劳动者,manual_worker,电工,,,
P00745,高欣晓,女,37,35-39,有未成年孩子,体力劳动者,manual_worker,汽车技师,,,
P00746,王哲,男,20,18-24,无需要照顾的孩子,体力劳动者,manual_worker,安装工,,,
P00747,周涵,女,28,25-29,无需要照顾的孩子,上班族,office_worker,数据分析师,,,
P00748,李晓思,女,33,30-34,有未成年孩子,服务业者,service_worker,酒店服务人员,,,
P00749,张桐晨,女,35,35-39,有未成年孩子,上班族,office_worker,客户经理,,,
P00750,李诺诗,女,33,30-34,无需要照顾的孩子,上班族,office_worker,软件工程师,,,
P00751,高志乐,男,41,40-45,无需要照顾的孩子,服务业者,service_worker,厨师,,,
P00752,陈心晨,女,43,40-45,无需要照顾的孩子,上班族,office_worker,行政专员,,,
P00753,王晨辰,男,39,35-39,无需要照顾的孩子,体力劳动者,manual_worker,维修技师,,,
P00754,林嫣星,女,39,35-39,有未成年孩子,上班族,office_worker,高级运营专员,,,
P00755,唐思,女,26,25-29,无需要照顾的孩子,上班族,office_worker,行政专员,,,
P00756,孙晨嘉,男,42,40-45,无需要照顾的孩子,上班族,office_worker,财务主管,,,
P00757,冯言,男,32,30-34,有未成年孩子,体力劳动者,manual_worker,配送员,,,
P00758,邓知涵,女,25,25-29,有未成年孩子,上班族,office_worker,软件工程师,,,
P00759,许子景,男,34,30-34,无需要照顾的孩子,上班族,office_worker,销售经理,,,
P00760,董若嘉,女,24,18-24,无需要照顾的孩子,上班族,office_worker,客户专员,,,
P00761,梁若桐,女,24,18-24,无需要照顾的孩子,体力劳动者,manual_worker,维修技师,,,
P00762,胡一辰,女,26,25-29,有未成年孩子,服务业者,service_worker,保安,,,
P00763,冯安乐,女,25,25-29,无需要照顾的孩子,上班族,office_worker,数据分析师,,,
P00764,吴星涵,女,35,35-39,无需要照顾的孩子,上班族,office_worker,项目经理,,,
P00765,赵知,女,36,35-39,无需要照顾的孩子,上班族,office_worker,销售经理,,,
P00766,郑宁浩,男,32,30-34,有未成年孩子,自由业者,freelancer,网店经营者,,,
P00767,程晴一,女,35,35-39,有未成年孩子,上班族,office_worker,产品经理,,,
P00768,王浩景,男,32,30-34,无需要照顾的孩子,上班族,office_worker,行政专员,,,
P00769,杨一,女,44,40-45,无需要照顾的孩子,服务业者,service_worker,零售店员,,,
P00770,李欣欣,女,29,25-29,有未成年孩子,大学生,university_student,硕士研究生,,,
P00771,朱知,女,30,30-34,无需要照顾的孩子,自由业者,freelancer,自媒体从业者,,,
P00772,王怡安,女,19,18-24,有未成年孩子,上班族,office_worker,销售代表,,,
P00773,刘言,女,43,40-45,有未成年孩子,上班族,office_worker,销售经理,,,
P00774,黄梦曦,女,45,40-45,有未成年孩子,服务业者,service_worker,理发师,,,
P00775,朱羽,女,42,40-45,有成年孩子,上班族,office_worker,采购专员,,,
P00776,黄心晨,女,23,18-24,无需要照顾的孩子,体力劳动者,manual_worker,快递员,,,
P00777,赵星瑶,女,27,25-29,有未成年孩子,服务业者,service_worker,健身教练,,,
P00778,朱昊志,男,40,40-45,有未成年孩子,上班族,office_worker,高级运营专员,,,
P00779,张豪天,男,26,25-29,无需要照顾的孩子,上班族,office_worker,会计,,,
P00780,张远,男,35,35-39,有未成年孩子,体力劳动者,manual_worker,卡车司机,,,
P00781,李诗怡,女,22,18-24,无需要照顾的孩子,上班族,office_worker,采购专员,,,
P00782,陈思思,女,34,30-34,无需要照顾的孩子,体力劳动者,manual_worker,快递员,,,
P00783,张婉欣,女,44,40-45,有未成年孩子,上班族,office_worker,采购经理,,,
P00784,黄乐语,女,22,18-24,无需要照顾的孩子,大学生,university_student,本科生,,,
P00785,黄知然,男,27,25-29,无需要照顾的孩子,上班族,office_worker,会计,,,
P00786,陈博远,男,26,25-29,有未成年孩子,服务业者,service_worker,餐厅服务员,,,
P00787,胡彤诗,女,26,25-29,无需要照顾的孩子,上班族,office_worker,高级软件工程师,,,
P00788,韩雨嫣,女,41,40-45,有未成年孩子,服务业者,service_worker,健身教练,,,
P00789,刘晨,男,40,40-45,有未成年孩子,上班族,office_worker,HR经理,,,
P00790,徐涵宁,女,31,30-34,有未成年孩子,上班族,office_worker,项目经理,,,
P00791,唐彤乐,女,45,40-45,无需要照顾的孩子,自由业者,freelancer,网店经营者,,,
P00792,陈宁言,女,30,30-34,有未成年孩子,上班族,office_worker,采购专员,,,
P00793,冯轩,男,19,18-24,无需要照顾的孩子,大学生,university_student,本科生,,,
P00794,马泽一,男,39,35-39,无需要照顾的孩子,体力劳动者,manual_worker,仓库操作员,,,
P00795,朱怡欣,女,20,18-24,无需要照顾的孩子,服务业者,service_worker,酒店前台,,,
P00796,郭阳言,男,28,25-29,无需要照顾的孩子,体力劳动者,manual_worker,卡车司机,,,
P00797,何星可,女,41,40-45,有未成年孩子,体力劳动者,manual_worker,搬运工,,,
P00798,马瑶,女,22,18-24,无需要照顾的孩子,大学生,university_student,硕士研究生,,,
P00799,朱晴,女,30,30-34,有未成年孩子,上班族,office_worker,采购专员,,,
P00800,刘然俊,男,37,35-39,有未成年孩子,服务业者,service_worker,零售店员,,,
P00801,程子乐,女,36,35-39,有未成年孩子,服务业者,service_worker,酒店服务人员,,,
P00802,罗辰乐,男,43,40-45,无需要照顾的孩子,上班族,office_worker,行政专员,,,
P00803,张佳,女,43,40-45,无需要照顾的孩子,上班族,office_worker,产品经理,,,
P00804,吴源远,男,42,40-45,有未成年孩子,上班族,office_worker,业务负责人,,,
P00805,高怡嫣,女,20,18-24,无需要照顾的孩子,服务业者,service_worker,零售店员,,,
P00806,郭雅晓,女,23,18-24,无需要照顾的孩子,上班族,office_worker,运营专员,,,
P00807,王子佑,男,39,35-39,有未成年孩子,服务业者,service_worker,酒店前台,,,
P00808,朱雅怡,女,41,40-45,有未成年孩子,自由业者,freelancer,咨询顾问,,,
P00809,黄哲,男,39,35-39,有未成年孩子,上班族,office_worker,客户经理,,,
P00810,张诚嘉,男,44,40-45,有未成年孩子,上班族,office_worker,软件工程师,,,
P00811,郭子可,女,30,30-34,有未成年孩子,服务业者,service_worker,零售店员,,,
P00812,张源阳,男,23,18-24,无需要照顾的孩子,自由业者,freelancer,自由销售,,,
P00813,何晴嘉,女,32,30-34,有未成年孩子,上班族,office_worker,销售代表,,,
P00814,刘轩,男,21,18-24,无需要照顾的孩子,服务业者,service_worker,零售店员,,,
P00815,董羽,男,20,18-24,无需要照顾的孩子,大学生,university_student,本科生,,,
P00816,刘瑶晨,女,32,30-34,无需要照顾的孩子,上班族,office_worker,销售经理,,,
P00817,王思琪,女,40,40-45,有未成年孩子,上班族,office_worker,业务负责人,,,
P00818,唐晴一,女,33,30-34,无需要照顾的孩子,上班族,office_worker,采购经理,,,
P00819,吴宁彤,女,24,18-24,无需要照顾的孩子,上班族,office_worker,运营专员,,,
P00820,梁思欣,女,23,18-24,有未成年孩子,体力劳动者,manual_worker,安装工,,,
P00821,杨哲哲,男,32,30-34,无需要照顾的孩子,上班族,office_worker,销售代表,,,
P00822,黄雅,女,43,40-45,有成年孩子,服务业者,service_worker,零售店员,,,
P00823,张心可,女,27,25-29,无需要照顾的孩子,上班族,office_worker,销售代表,,,
P00824,孙诺文,男,28,25-29,无需要照顾的孩子,上班族,office_worker,高级软件工程师,,,
P00825,杨言诗,女,37,35-39,有成年孩子,上班族,office_worker,销售代表,,,
P00826,李佳涵,女,21,18-24,无需要照顾的孩子,服务业者,service_worker,酒店前台,,,
P00827,王清语,女,44,40-45,无需要照顾的孩子,体力劳动者,manual_worker,搬运工,,,
P00828,王晴可,女,30,30-34,有未成年孩子,自由业者,freelancer,自由设计师,,,
P00829,陈豪清,男,31,30-34,无需要照顾的孩子,上班族,office_worker,数据分析师,,,
P00830,郭清思,女,29,25-29,无需要照顾的孩子,体力劳动者,manual_worker,建筑工人,,,
P00831,高桐,女,19,18-24,无需要照顾的孩子,大学生,university_student,本科生,,,
P00832,徐可宁,女,41,40-45,有未成年孩子,体力劳动者,manual_worker,建筑工人,,,
P00833,高言宇,男,45,40-45,有未成年孩子,服务业者,service_worker,酒店前台,,,
P00834,刘言梦,女,43,40-45,有未成年孩子,体力劳动者,manual_worker,仓库操作员,,,
P00835,张星远,男,27,25-29,无需要照顾的孩子,上班族,office_worker,行政专员,,,
P00836,孙宁远,女,32,30-34,无需要照顾的孩子,体力劳动者,manual_worker,维修技师,,,
P00837,李博轩,男,32,30-34,无需要照顾的孩子,服务业者,service_worker,健身教练,,,
P00838,杨泽,男,43,40-45,有未成年孩子,服务业者,service_worker,餐厅服务员,,,
P00839,孙知思,女,43,40-45,有未成年孩子,体力劳动者,manual_worker,建筑工人,,,
P00840,梁曦雨,女,20,18-24,无需要照顾的孩子,自由业者,freelancer,摄影师,,,
P00841,王星辰,男,31,30-34,有未成年孩子,服务业者,service_worker,酒店前台,,,
P00842,王辰辰,男,21,18-24,无需要照顾的孩子,服务业者,service_worker,房产经纪,,,
P00843,黄昊,男,43,40-45,无需要照顾的孩子,上班族,office_worker,产品经理,,,
P00844,陈思,女,40,40-45,无需要照顾的孩子,上班族,office_worker,高级项目经理,,,
P00845,刘宁乐,女,35,35-39,无需要照顾的孩子,上班族,office_worker,HR经理,,,
P00846,王星婷,女,40,40-45,有未成年孩子,上班族,office_worker,高级运营专员,,,
P00847,宋宇嘉,男,43,40-45,有未成年孩子,自由业者,freelancer,摄影师,,,
P00848,李嘉宁,女,31,30-34,无需要照顾的孩子,上班族,office_worker,高级运营专员,,,
P00849,王曦晓,女,45,40-45,有未成年孩子,上班族,office_worker,HR经理,,,
P00850,刘怡梦,女,41,40-45,有未成年孩子,服务业者,service_worker,酒店前台,,,
P00851,徐桐静,女,29,25-29,有未成年孩子,上班族,office_worker,行政专员,,,
P00852,赵宁欣,女,24,18-24,无需要照顾的孩子,服务业者,service_worker,健身教练,,,
P00853,陈静安,女,37,35-39,有未成年孩子,上班族,office_worker,财务主管,,,
P00854,何宁,女,31,30-34,有未成年孩子,上班族,office_worker,销售代表,,,
P00855,董宁静,女,28,25-29,无需要照顾的孩子,上班族,office_worker,项目经理,,,
P00856,周知婷,女,28,25-29,无需要照顾的孩子,上班族,office_worker,会计,,,
P00857,郭辰诺,女,26,25-29,无需要照顾的孩子,服务业者,service_worker,客服,,,
P00858,冯言,女,36,35-39,无需要照顾的孩子,上班族,office_worker,设计师,,,
P00859,王欣羽,女,26,25-29,无需要照顾的孩子,体力劳动者,manual_worker,设备操作员,,,
P00860,吴宁清,女,22,18-24,无需要照顾的孩子,大学生,university_student,本科生,,,
P00861,程语琪,女,28,25-29,无需要照顾的孩子,服务业者,service_worker,零售店员,,,
P00862,郑桐欣,女,36,35-39,有未成年孩子,服务业者,service_worker,酒店前台,,,
P00863,赵嘉乐,男,41,40-45,有未成年孩子,自由业者,freelancer,网店经营者,,,
P00864,李晨嫣,女,31,30-34,有未成年孩子,上班族,office_worker,销售代表,,,
P00865,曹梦涵,女,30,30-34,无需要照顾的孩子,体力劳动者,manual_worker,汽车技师,,,
P00866,郑宁安,女,44,40-45,有未成年孩子,上班族,office_worker,业务负责人,,,
P00867,刘涵,女,40,40-45,有未成年孩子,自由业者,freelancer,网店经营者,,,
P00868,孙佳欣,女,26,25-29,有未成年孩子,服务业者,service_worker,美容师,,,
P00869,王哲诚,男,45,40-45,有未成年孩子,上班族,office_worker,数据分析师,,,
P00870,唐佳桐,女,28,25-29,无需要照顾的孩子,服务业者,service_worker,美容师,,,
P00871,高涵,女,19,18-24,无需要照顾的孩子,服务业者,service_worker,收银员,,,
P00872,梁瑶源,女,28,25-29,无需要照顾的孩子,体力劳动者,manual_worker,搬运工,,,
P00873,张博杰,男,20,18-24,无需要照顾的孩子,上班族,office_worker,高级运营专员,,,
P00874,袁晓婉,女,22,18-24,无需要照顾的孩子,大学生,university_student,本科生,,,
P00875,刘俊,男,37,35-39,有未成年孩子,自由业者,freelancer,咨询顾问,,,
P00876,张远,女,25,25-29,无需要照顾的孩子,上班族,office_worker,客户专员,,,
P00877,吴佳,女,25,25-29,有未成年孩子,上班族,office_worker,客户专员,,,
P00878,郑天豪,男,35,35-39,有未成年孩子,上班族,office_worker,销售经理,,,
P00879,罗嘉诺,女,41,40-45,有未成年孩子,服务业者,service_worker,保安,,,
P00880,郑源远,男,19,18-24,有未成年孩子,体力劳动者,manual_worker,维修技师,,,
P00881,陈泽浩,男,33,30-34,无需要照顾的孩子,上班族,office_worker,运营专员,,,
P00882,王思泽,男,33,30-34,有未成年孩子,体力劳动者,manual_worker,仓库操作员,,,
P00883,胡雨琪,女,26,25-29,无需要照顾的孩子,上班族,office_worker,设计师,,,
P00884,陈泽辰,男,27,25-29,无需要照顾的孩子,服务业者,service_worker,酒店服务人员,,,
P00885,于琪,女,41,40-45,有未成年孩子,上班族,office_worker,高级软件工程师,,,
P00886,何若星,女,42,40-45,有未成年孩子,服务业者,service_worker,理发师,,,
P00887,赵然,男,25,25-29,无需要照顾的孩子,大学生,university_student,本科生,,,
P00888,杨星嫣,女,31,30-34,无需要照顾的孩子,上班族,office_worker,行政专员,,,
P00889,王梦婷,女,39,35-39,无需要照顾的孩子,上班族,office_worker,运营专员,,,
P00890,朱嘉远,女,33,30-34,有未成年孩子,上班族,office_worker,财务专员,,,
P00891,赵杰泽,男,32,30-34,有未成年孩子,服务业者,service_worker,餐厅服务员,,,
P00892,唐一宁,女,19,18-24,无需要照顾的孩子,体力劳动者,manual_worker,电工,,,
P00893,孙佳辰,女,34,30-34,无需要照顾的孩子,上班族,office_worker,会计,,,
P00894,杨乐可,女,36,35-39,无需要照顾的孩子,体力劳动者,manual_worker,卡车司机,,,
P00895,李星远,女,31,30-34,有未成年孩子,上班族,office_worker,会计,,,
P00896,于宁,女,31,30-34,有未成年孩子,自由业者,freelancer,私教,,,
P00897,朱志然,男,32,30-34,有未成年孩子,自由业者,freelancer,摄影师,,,
P00898,张清,女,25,25-29,无需要照顾的孩子,自由业者,freelancer,自媒体从业者,,,
P00899,韩昊,男,20,18-24,无需要照顾的孩子,服务业者,service_worker,酒店服务人员,,,
P00900,袁心泽,男,28,25-29,无需要照顾的孩子,上班族,office_worker,高级软件工程师,,,
P00901,罗涵源,女,37,35-39,有未成年孩子,上班族,office_worker,客户专员,,,
P00902,李可,女,20,18-24,无需要照顾的孩子,大学生,university_student,本科生,,,
P00903,朱嫣,女,44,40-45,无需要照顾的孩子,上班族,office_worker,业务负责人,,,
P00904,黄怡星,女,37,35-39,无需要照顾的孩子,上班族,office_worker,客户经理,,,
P00905,张志,男,41,40-45,有成年孩子,上班族,office_worker,设计师,,,
P00906,杨子清,女,25,25-29,无需要照顾的孩子,服务业者,service_worker,零售店员,,,
P00907,张宁文,男,24,18-24,无需要照顾的孩子,上班族,office_worker,会计,,,
P00908,罗怡嘉,女,26,25-29,无需要照顾的孩子,服务业者,service_worker,保安,,,
P00909,高嘉可,女,25,25-29,无需要照顾的孩子,服务业者,service_worker,保安,,,
P00910,李宇轩,男,35,35-39,有未成年孩子,体力劳动者,manual_worker,维修技师,,,
P00911,徐宁静,女,26,25-29,无需要照顾的孩子,服务业者,service_worker,零售店员,,,
P00912,刘杰晨,男,28,25-29,无需要照顾的孩子,上班族,office_worker,采购专员,,,
P00913,韩思志,男,36,35-39,有未成年孩子,上班族,office_worker,销售代表,,,
P00914,吴诺婉,女,32,30-34,无需要照顾的孩子,服务业者,service_worker,理发师,,,
P00915,黄佳,女,44,40-45,无需要照顾的孩子,上班族,office_worker,财务专员,,,
P00916,吴天言,男,21,18-24,无需要照顾的孩子,服务业者,service_worker,酒店服务人员,,,
P00917,梁佳梦,女,40,40-45,有未成年孩子,上班族,office_worker,采购专员,,,
P00918,王子,女,34,30-34,无需要照顾的孩子,上班族,office_worker,HR经理,,,
P00919,宋杰浩,男,38,35-39,无需要照顾的孩子,服务业者,service_worker,理发师,,,
P00920,刘诗一,女,34,30-34,有未成年孩子,服务业者,service_worker,健身教练,,,
P00921,邓乐宁,女,45,40-45,有未成年孩子,服务业者,service_worker,房产经纪,,,
P00922,王一,男,36,35-39,有未成年孩子,体力劳动者,manual_worker,搬运工,,,
P00923,王思嘉,男,35,35-39,有未成年孩子,服务业者,service_worker,餐厅服务员,,,
P00924,黄思杰,男,28,25-29,有未成年孩子,上班族,office_worker,会计,,,
P00925,赵一瑶,女,37,35-39,无需要照顾的孩子,上班族,office_worker,设计师,,,
P00926,李哲睿,男,25,25-29,无需要照顾的孩子,上班族,office_worker,客户经理,,,
P00927,王佳若,女,36,35-39,有未成年孩子,上班族,office_worker,高级产品经理,,,
P00928,徐诗曦,女,18,18-24,有未成年孩子,体力劳动者,manual_worker,设备操作员,,,
P00929,黄言浩,男,25,25-29,无需要照顾的孩子,上班族,office_worker,销售代表,,,
P00930,郑然涵,男,29,25-29,有未成年孩子,体力劳动者,manual_worker,配送员,,,
P00931,杨安思,女,37,35-39,无需要照顾的孩子,上班族,office_worker,会计,,,
P00932,张辰杰,男,40,40-45,有未成年孩子,上班族,office_worker,采购经理,,,
P00933,罗桐彤,女,29,25-29,无需要照顾的孩子,体力劳动者,manual_worker,仓库操作员,,,
P00934,张婷可,女,23,18-24,无需要照顾的孩子,体力劳动者,manual_worker,安装工,,,
P00935,孙涵思,女,37,35-39,有未成年孩子,上班族,office_worker,HR经理,,,
P00936,孙涵清,女,26,25-29,有未成年孩子,服务业者,service_worker,美容师,,,
P00937,林子,女,18,18-24,无需要照顾的孩子,体力劳动者,manual_worker,卡车司机,,,
P00938,张雨羽,女,35,35-39,无需要照顾的孩子,服务业者,service_worker,保安,,,
P00939,杨源心,男,32,30-34,无需要照顾的孩子,上班族,office_worker,产品经理,,,
P00940,李知,女,44,40-45,无需要照顾的孩子,自由业者,freelancer,私教,,,
P00941,黄宁羽,男,18,18-24,无需要照顾的孩子,体力劳动者,manual_worker,安装工,,,
P00942,林可思,女,42,40-45,有未成年孩子,上班族,office_worker,财务经理,,,
P00943,郭涵可,女,39,35-39,有未成年孩子,上班族,office_worker,高级数据分析师,,,
P00944,杨星晓,女,35,35-39,有未成年孩子,上班族,office_worker,客户经理,,,
P00945,李文乐,男,19,18-24,无需要照顾的孩子,体力劳动者,manual_worker,配送员,,,
P00946,张羽,女,41,40-45,有未成年孩子,体力劳动者,manual_worker,安装工,,,
P00947,赵知,女,31,30-34,有未成年孩子,大学生,university_student,博士研究生,,,
P00948,于思晴,女,42,40-45,有未成年孩子,服务业者,service_worker,零售店员,,,
P00949,罗嘉瑶,女,35,35-39,有未成年孩子,上班族,office_worker,销售经理,,,
P00950,周知乐,女,19,18-24,无需要照顾的孩子,自由业者,freelancer,自由销售,,,
P00951,韩彤涵,女,40,40-45,有未成年孩子,上班族,office_worker,销售经理,,,
P00952,马佳佳,女,39,35-39,有未成年孩子,上班族,office_worker,采购经理,,,
P00953,刘然,男,38,35-39,有未成年孩子,服务业者,service_worker,收银员,,,
P00954,王瑶婉,女,18,18-24,无需要照顾的孩子,上班族,office_worker,财务专员,,,
P00955,杨嘉诺,女,33,30-34,无需要照顾的孩子,服务业者,service_worker,房产经纪,,,
P00956,李心子,女,28,25-29,无需要照顾的孩子,自由业者,freelancer,独立程序员,,,
P00957,王涵,女,44,40-45,有未成年孩子,上班族,office_worker,运营专员,,,
P00958,吴心心,女,45,40-45,有未成年孩子,上班族,office_worker,高级运营专员,,,
P00959,韩明子,男,24,18-24,无需要照顾的孩子,自由业者,freelancer,咨询顾问,,,
P00960,黄俊言,男,31,30-34,有未成年孩子,上班族,office_worker,财务主管,,,
P00961,邓若诺,女,29,25-29,无需要照顾的孩子,上班族,office_worker,行政专员,,,
P00962,何思佳,女,35,35-39,有未成年孩子,上班族,office_worker,销售代表,,,
P00963,刘言欣,女,29,25-29,无需要照顾的孩子,服务业者,service_worker,客服,,,
P00964,胡佳怡,女,28,25-29,无需要照顾的孩子,上班族,office_worker,设计师,,,
P00965,李清,女,32,30-34,无需要照顾的孩子,上班族,office_worker,财务专员,,,
P00966,唐源,男,31,30-34,无需要照顾的孩子,上班族,office_worker,高级数据分析师,,,
P00967,王宁,女,30,30-34,无需要照顾的孩子,体力劳动者,manual_worker,搬运工,,,
P00968,朱宇豪,男,40,40-45,无需要照顾的孩子,上班族,office_worker,财务主管,,,
P00969,赵楷,男,44,40-45,无需要照顾的孩子,体力劳动者,manual_worker,快递员,,,
P00970,刘知静,女,38,35-39,无需要照顾的孩子,体力劳动者,manual_worker,维修技师,,,
P00971,周文晨,男,30,30-34,有未成年孩子,服务业者,service_worker,健身教练,,,
P00972,陈晴诺,女,23,18-24,无需要照顾的孩子,大学生,university_student,硕士研究生,,,
P00973,李景浩,男,38,35-39,无需要照顾的孩子,服务业者,service_worker,酒店服务人员,,,
P00974,王欣,女,22,18-24,无需要照顾的孩子,服务业者,service_worker,厨师,,,
P00975,何桐,女,30,30-34,无需要照顾的孩子,体力劳动者,manual_worker,配送员,,,
P00976,张宁晴,女,20,18-24,无需要照顾的孩子,大学生,university_student,本科生,,,
P00977,张文志,男,21,18-24,无需要照顾的孩子,服务业者,service_worker,健身教练,,,
P00978,胡辰,女,37,35-39,有未成年孩子,上班族,office_worker,高级运营专员,,,
P00979,王心思,女,36,35-39,有未成年孩子,服务业者,service_worker,零售店员,,,
P00980,胡语,女,26,25-29,无需要照顾的孩子,服务业者,service_worker,客服,,,
P00981,李琪梦,女,26,25-29,无需要照顾的孩子,体力劳动者,manual_worker,卡车司机,,,
P00982,王可源,女,22,18-24,无需要照顾的孩子,上班族,office_worker,软件工程师,,,
P00983,赵嫣远,女,31,30-34,有未成年孩子,上班族,office_worker,项目经理,,,
P00984,朱怡琪,女,32,30-34,无需要照顾的孩子,上班族,office_worker,高级软件工程师,,,
P00985,徐楷,男,43,40-45,无需要照顾的孩子,体力劳动者,manual_worker,焊工,,,
P00986,王思子,女,34,30-34,有未成年孩子,上班族,office_worker,区域经理,,,
P00987,刘欣雨,女,44,40-45,无需要照顾的孩子,服务业者,service_worker,客服,,,
P00988,曹乐知,女,19,18-24,无需要照顾的孩子,上班族,office_worker,销售代表,,,
P00989,梁瑶辰,女,21,18-24,无需要照顾的孩子,服务业者,service_worker,零售店员,,,
P00990,张可诺,女,29,25-29,无需要照顾的孩子,体力劳动者,manual_worker,搬运工,,,
P00991,刘一一,女,19,18-24,无需要照顾的孩子,大学生,university_student,本科生,,,
P00992,孙子涵,女,37,35-39,无需要照顾的孩子,服务业者,service_worker,美容师,,,
P00993,刘琪瑶,女,38,35-39,有未成年孩子,服务业者,service_worker,房产经纪,,,
P00994,张知嘉,女,36,35-39,有未成年孩子,自由业者,freelancer,自由设计师,,,
P00995,张宇一,男,26,25-29,无需要照顾的孩子,上班族,office_worker,设计师,,,
P00996,罗曦思,女,34,30-34,有未成年孩子,自由业者,freelancer,自媒体从业者,,,
P00997,杨楷佑,男,34,30-34,有未成年孩子,上班族,office_worker,高级数据分析师,,,
P00998,李昊浩,男,27,25-29,无需要照顾的孩子,上班族,office_worker,高级运营专员,,,
P00999,赵静,女,37,35-39,无需要照顾的孩子,上班族,office_worker,区域经理,,,
P01000,吴静乐,女,43,40-45,有未成年孩子,自由业者,freelancer,自由设计师,,,
P01001,程知安,女,36,35-39,无需要照顾的孩子,体力劳动者,manual_worker,卡车司机,,,
P01002,王哲,男,21,18-24,无需要照顾的孩子,上班族,office_worker,采购专员,,,
P01003,周宇星,男,33,30-34,无需要照顾的孩子,服务业者,service_worker,收银员,,,
P01004,王俊泽,男,30,30-34,有未成年孩子,自由业者,freelancer,自由销售,,,
P01005,李博阳,男,42,40-45,有成年孩子,上班族,office_worker,高级运营专员,,,
P01006,胡梓俊,男,33,30-34,无需要照顾的孩子,服务业者,service_worker,保安,,,
P01007,高佑嘉,男,24,18-24,无需要照顾的孩子,服务业者,service_worker,咖啡师,,,
P01008,胡源轩,男,27,25-29,无需要照顾的孩子,体力劳动者,manual_worker,建筑工人,,,
P01009,孙梦曦,女,42,40-45,有未成年孩子,服务业者,service_worker,咖啡师,,,
P01010,李雨,女,37,35-39,有成年孩子,服务业者,service_worker,保安,,,
P01011,孙辰可,男,41,40-45,有未成年孩子,体力劳动者,manual_worker,焊工,,,
P01012,陈宁,女,38,35-39,有未成年孩子,服务业者,service_worker,房产经纪,,,
P01013,林怡嫣,女,20,18-24,无需要照顾的孩子,大学生,university_student,本科生,,,
P01014,程子,女,33,30-34,有未成年孩子,体力劳动者,manual_worker,维修技师,,,
P01015,梁宇杰,男,25,25-29,无需要照顾的孩子,上班族,office_worker,会计,,,
P01016,朱辰婷,女,31,30-34,无需要照顾的孩子,自由业者,freelancer,自媒体从业者,,,
P01017,张雨婉,女,32,30-34,有未成年孩子,服务业者,service_worker,客服,,,
P01018,杨婷,女,34,30-34,有未成年孩子,上班族,office_worker,项目经理,,,
P01019,王佑言,男,28,25-29,无需要照顾的孩子,上班族,office_worker,财务专员,,,
P01020,陈文嘉,男,18,18-24,无需要照顾的孩子,体力劳动者,manual_worker,配送员,,,
P01021,李安景,男,34,30-34,无需要照顾的孩子,上班族,office_worker,软件工程师,,,
P01022,李远可,女,44,40-45,有未成年孩子,上班族,office_worker,区域经理,,,
P01023,梁彤若,女,41,40-45,有未成年孩子,上班族,office_worker,采购经理,,,
P01024,徐嘉诚,男,40,40-45,有未成年孩子,体力劳动者,manual_worker,电工,,,
P01025,张诚景,男,23,18-24,无需要照顾的孩子,服务业者,service_worker,零售店员,,,
P01026,李豪远,男,27,25-29,无需要照顾的孩子,服务业者,service_worker,餐厅服务员,,,
P01027,林嘉诺,男,29,25-29,无需要照顾的孩子,体力劳动者,manual_worker,仓库操作员,,,
P01028,李怡欣,女,34,30-34,有未成年孩子,上班族,office_worker,销售经理,,,
P01029,孙彤远,女,31,30-34,无需要照顾的孩子,服务业者,service_worker,酒店前台,,,
P01030,孙宁嫣,女,36,35-39,无需要照顾的孩子,上班族,office_worker,运营经理,,,
P01031,李景嘉,男,33,30-34,无需要照顾的孩子,服务业者,service_worker,零售店员,,,
P01032,谢佳源,女,36,35-39,有未成年孩子,体力劳动者,manual_worker,配送员,,,
P01033,何诺可,女,28,25-29,无需要照顾的孩子,自由业者,freelancer,自由设计师,,,
P01034,李星乐,男,36,35-39,有未成年孩子,服务业者,service_worker,房产经纪,,,
P01035,刘涵,男,43,40-45,有未成年孩子,上班族,office_worker,软件工程师,,,
P01036,黄哲清,男,28,25-29,无需要照顾的孩子,上班族,office_worker,运营专员,,,
P01037,郑涵哲,男,30,30-34,无需要照顾的孩子,上班族,office_worker,采购专员,,,
P01038,马豪浩,男,20,18-24,无需要照顾的孩子,上班族,office_worker,运营专员,,,
P01039,王宁远,女,32,30-34,无需要照顾的孩子,上班族,office_worker,HR经理,,,
P01040,张若桐,女,40,40-45,有未成年孩子,上班族,office_worker,项目经理,,,
P01041,马晨源,男,33,30-34,无需要照顾的孩子,上班族,office_worker,运营专员,,,
P01042,周辰晨,女,24,18-24,无需要照顾的孩子,上班族,office_worker,财务专员,,,
P01043,刘言可,女,26,25-29,无需要照顾的孩子,上班族,office_worker,会计,,,
P01044,杨晨雅,女,39,35-39,有未成年孩子,体力劳动者,manual_worker,汽车技师,,,
P01045,刘彤桐,女,38,35-39,无需要照顾的孩子,体力劳动者,manual_worker,搬运工,,,
P01046,赵浩,男,40,40-45,有未成年孩子,服务业者,service_worker,酒店服务人员,,,
P01047,孙乐子,男,40,40-45,无需要照顾的孩子,自由业者,freelancer,独立程序员,,,
P01048,郑静晴,女,23,18-24,无需要照顾的孩子,上班族,office_worker,软件工程师,,,
P01049,王源嘉,女,40,40-45,无需要照顾的孩子,上班族,office_worker,采购经理,,,
P01050,于乐佳,女,36,35-39,无需要照顾的孩子,上班族,office_worker,区域经理,,,
P01051,程琪源,女,38,35-39,有未成年孩子,上班族,office_worker,运营专员,,,
P01052,李然杰,男,37,35-39,无需要照顾的孩子,上班族,office_worker,财务主管,,,
P01053,张语,女,36,35-39,有未成年孩子,服务业者,service_worker,咖啡师,,,
P01054,王婉嘉,女,19,18-24,无需要照顾的孩子,大学生,university_student,本科生,,,
P01055,李若,女,29,25-29,有未成年孩子,上班族,office_worker,数据分析师,,,
P01056,林语桐,女,23,18-24,无需要照顾的孩子,自由业者,freelancer,独立承包商,,,
P01057,李晴思,女,45,40-45,无需要照顾的孩子,上班族,office_worker,产品经理,,,
P01058,陈心曦,女,31,30-34,无需要照顾的孩子,上班族,office_worker,销售经理,,,
P01059,高乐晓,女,38,35-39,有未成年孩子,上班族,office_worker,高级运营专员,,,
P01060,高思怡,女,44,40-45,有未成年孩子,服务业者,service_worker,酒店前台,,,
P01061,李雅,女,41,40-45,无需要照顾的孩子,服务业者,service_worker,餐厅服务员,,,
P01062,王心昊,男,18,18-24,无需要照顾的孩子,体力劳动者,manual_worker,焊工,,,
P01063,杨宁瑶,女,28,25-29,无需要照顾的孩子,上班族,office_worker,采购专员,,,
P01064,周瑶源,女,41,40-45,有未成年孩子,服务业者,service_worker,健身教练,,,
P01065,陈婷怡,女,39,35-39,无需要照顾的孩子,体力劳动者,manual_worker,卡车司机,,,
P01066,刘彤欣,女,41,40-45,有未成年孩子,体力劳动者,manual_worker,维修技师,,,
P01067,袁泽,男,21,18-24,无需要照顾的孩子,自由业者,freelancer,网店经营者,,,
P01068,王婷宁,女,31,30-34,无需要照顾的孩子,上班族,office_worker,客户经理,,,
P01069,徐若心,女,42,40-45,有未成年孩子,体力劳动者,manual_worker,电工,,,
P01070,王宁曦,女,23,18-24,无需要照顾的孩子,服务业者,service_worker,保安,,,
P01071,黄可怡,女,32,30-34,有未成年孩子,上班族,office_worker,HR经理,,,
P01072,吴羽涵,女,42,40-45,有未成年孩子,自由业者,freelancer,自由销售,,,
P01073,张诗彤,女,23,18-24,无需要照顾的孩子,大学生,university_student,本科生,,,
P01074,马文,男,29,25-29,无需要照顾的孩子,上班族,office_worker,采购经理,,,
P01075,徐琪雨,女,30,30-34,有未成年孩子,上班族,office_worker,设计师,,,
P01076,王梦宁,女,28,25-29,无需要照顾的孩子,上班族,office_worker,销售代表,,,
P01077,张诺思,女,29,25-29,有未成年孩子,上班族,office_worker,项目经理,,,
P01078,宋子心,女,38,35-39,无需要照顾的孩子,服务业者,service_worker,保安,,,
P01079,李辰雨,女,29,25-29,无需要照顾的孩子,上班族,office_worker,采购专员,,,
P01080,罗言,女,41,40-45,有未成年孩子,上班族,office_worker,客户经理,,,
P01081,赵轩文,男,28,25-29,有未成年孩子,上班族,office_worker,会计,,,
P01082,谢源嫣,女,37,35-39,有未成年孩子,上班族,office_worker,高级数据分析师,,,
P01083,王彤佳,女,29,25-29,无需要照顾的孩子,服务业者,service_worker,收银员,,,
P01084,张远一,男,25,25-29,无需要照顾的孩子,服务业者,service_worker,零售店员,,,
P01085,张思语,女,30,30-34,无需要照顾的孩子,服务业者,service_worker,客服,,,
P01086,袁梦,女,35,35-39,有未成年孩子,服务业者,service_worker,美容师,,,
P01087,吴宁婷,女,45,40-45,有未成年孩子,体力劳动者,manual_worker,建筑工人,,,
P01088,王星思,女,23,18-24,无需要照顾的孩子,体力劳动者,manual_worker,设备操作员,,,
P01089,张昊思,男,23,18-24,无需要照顾的孩子,体力劳动者,manual_worker,搬运工,,,
P01090,罗哲文,男,26,25-29,无需要照顾的孩子,自由业者,freelancer,咨询顾问,,,
P01091,黄一思,女,43,40-45,无需要照顾的孩子,服务业者,service_worker,理发师,,,
P01092,杨婉晓,女,38,35-39,无需要照顾的孩子,服务业者,service_worker,酒店服务人员,,,
P01093,吴婷可,女,32,30-34,有未成年孩子,上班族,office_worker,销售经理,,,
P01094,林欣婉,女,40,40-45,无需要照顾的孩子,服务业者,service_worker,房产经纪,,,
P01095,赵阳言,男,23,18-24,无需要照顾的孩子,上班族,office_worker,采购专员,,,
P01096,王宁,女,33,30-34,无需要照顾的孩子,服务业者,service_worker,美容师,,,
P01097,何嫣言,女,20,18-24,无需要照顾的孩子,自由业者,freelancer,咨询顾问,,,
P01098,王豪文,男,28,25-29,无需要照顾的孩子,上班族,office_worker,行政专员,,,
P01099,王昊杰,男,40,40-45,有未成年孩子,体力劳动者,manual_worker,电工,,,
P01100,陈涵晓,女,30,30-34,无需要照顾的孩子,上班族,office_worker,高级软件工程师,,,
P01101,陈涵婷,女,25,25-29,有未成年孩子,大学生,university_student,本科生,,,
P01102,李曦心,女,32,30-34,无需要照顾的孩子,上班族,office_worker,客户经理,,,
P01103,王梦嫣,女,44,40-45,有未成年孩子,上班族,office_worker,高级数据分析师,,,
P01104,刘怡,女,24,18-24,无需要照顾的孩子,服务业者,service_worker,房产经纪,,,
P01105,胡语欣,女,20,18-24,无需要照顾的孩子,自由业者,freelancer,独立承包商,,,
P01106,黄博博,男,31,30-34,无需要照顾的孩子,服务业者,service_worker,理发师,,,
P01107,陈浩,男,38,35-39,有未成年孩子,自由业者,freelancer,自由设计师,,,
P01108,陈宇楷,男,38,35-39,无需要照顾的孩子,上班族,office_worker,客户经理,,,
P01109,徐思嫣,女,27,25-29,无需要照顾的孩子,上班族,office_worker,运营专员,,,
P01110,李晨宁,女,34,30-34,无需要照顾的孩子,服务业者,service_worker,健身教练,,,
P01111,唐星俊,男,20,18-24,无需要照顾的孩子,大学生,university_student,本科生,,,
P01112,王瑶源,女,26,25-29,有未成年孩子,上班族,office_worker,运营专员,,,
P01113,王天阳,男,36,35-39,有未成年孩子,上班族,office_worker,销售经理,,,
P01114,韩晨远,女,30,30-34,无需要照顾的孩子,上班族,office_worker,高级数据分析师,,,
P01115,李涵婷,女,23,18-24,无需要照顾的孩子,大学生,university_student,硕士研究生,,,
P01116,唐辰豪,男,26,25-29,无需要照顾的孩子,上班族,office_worker,项目经理,,,
P01117,陈轩志,男,31,30-34,无需要照顾的孩子,上班族,office_worker,销售经理,,,
P01118,宋静辰,女,28,25-29,无需要照顾的孩子,大学生,university_student,硕士研究生,,,
P01119,赵瑶远,女,41,40-45,有未成年孩子,上班族,office_worker,销售代表,,,
P01120,李晴晓,女,35,35-39,有未成年孩子,自由业者,freelancer,翻译,,,
P01121,于佳,女,35,35-39,无需要照顾的孩子,服务业者,service_worker,酒店前台,,,
P01122,郭可子,女,38,35-39,有成年孩子,服务业者,service_worker,收银员,,,
P01123,王婷宁,女,33,30-34,无需要照顾的孩子,服务业者,service_worker,厨师,,,
P01124,周怡,女,29,25-29,有未成年孩子,体力劳动者,manual_worker,设备操作员,,,
P01125,张远源,女,30,30-34,无需要照顾的孩子,上班族,office_worker,产品经理,,,
P01126,李曦桐,女,32,30-34,无需要照顾的孩子,上班族,office_worker,会计,,,
P01127,李羽,女,24,18-24,无需要照顾的孩子,上班族,office_worker,客户专员,,,
P01128,马瑶,女,23,18-24,无需要照顾的孩子,大学生,university_student,硕士研究生,,,
P01129,李然楷,男,26,25-29,无需要照顾的孩子,服务业者,service_worker,房产经纪,,,
P01130,杨诗,女,32,30-34,无需要照顾的孩子,服务业者,service_worker,酒店前台,,,
P01131,陈雨婷,女,37,35-39,无需要照顾的孩子,上班族,office_worker,高级数据分析师,,,
P01132,高乐知,女,36,35-39,无需要照顾的孩子,上班族,office_worker,技术经理,,,
P01133,罗清羽,女,25,25-29,无需要照顾的孩子,上班族,office_worker,采购专员,,,
P01134,胡彤,女,37,35-39,有未成年孩子,自由业者,freelancer,自媒体从业者,,,
P01135,张瑶知,女,22,18-24,无需要照顾的孩子,大学生,university_student,硕士研究生,,,
P01136,程源曦,女,19,18-24,无需要照顾的孩子,大学生,university_student,本科生,,,
P01137,王志豪,男,29,25-29,无需要照顾的孩子,体力劳动者,manual_worker,快递员,,,
P01138,郭楷远,男,37,35-39,有未成年孩子,上班族,office_worker,客户专员,,,
P01139,梁清若,女,18,18-24,无需要照顾的孩子,服务业者,service_worker,厨师,,,
P01140,李雅清,女,42,40-45,有未成年孩子,体力劳动者,manual_worker,焊工,,,
P01141,张言晨,女,35,35-39,有未成年孩子,上班族,office_worker,运营经理,,,
P01142,徐宁桐,女,23,18-24,无需要照顾的孩子,上班族,office_worker,设计师,,,
P01143,刘涵梦,女,42,40-45,有未成年孩子,上班族,office_worker,财务经理,,,
P01144,朱诗琪,女,38,35-39,无需要照顾的孩子,服务业者,service_worker,酒店服务人员,,,
P01145,王泽清,男,23,18-24,无需要照顾的孩子,服务业者,service_worker,房产经纪,,,
P01146,王晓梦,女,45,40-45,无需要照顾的孩子,自由业者,freelancer,翻译,,,
P01147,王豪浩,男,35,35-39,有未成年孩子,上班族,office_worker,高级数据分析师,,,
P01148,赵思一,男,28,25-29,有未成年孩子,服务业者,service_worker,咖啡师,,,
P01149,王宁欣,女,35,35-39,无需要照顾的孩子,服务业者,service_worker,健身教练,,,
P01150,刘涵轩,男,42,40-45,有未成年孩子,体力劳动者,manual_worker,快递员,,,
P01151,陈雅桐,女,34,30-34,有未成年孩子,上班族,office_worker,财务主管,,,
P01152,孙佳辰,女,39,35-39,无需要照顾的孩子,服务业者,service_worker,酒店前台,,,
P01153,赵文远,男,32,30-34,有未成年孩子,自由业者,freelancer,私教,,,
P01154,杨瑶怡,女,25,25-29,有未成年孩子,服务业者,service_worker,厨师,,,
P01155,王星,女,42,40-45,有未成年孩子,服务业者,service_worker,酒店前台,,,
P01156,韩知诺,男,41,40-45,有成年孩子,自由业者,freelancer,自由设计师,,,
P01157,朱桐,女,33,30-34,无需要照顾的孩子,上班族,office_worker,采购专员,,,
P01158,孙明,男,27,25-29,无需要照顾的孩子,上班族,office_worker,会计,,,
P01159,邓豪远,男,30,30-34,无需要照顾的孩子,上班族,office_worker,销售经理,,,
P01160,郑然嘉,男,22,18-24,无需要照顾的孩子,上班族,office_worker,财务专员,,,
P01161,朱婷,女,32,30-34,有未成年孩子,上班族,office_worker,项目经理,,,
P01162,孙景文,男,45,40-45,无需要照顾的孩子,服务业者,service_worker,酒店服务人员,,,
P01163,郭诗,女,43,40-45,无需要照顾的孩子,自由业者,freelancer,咨询顾问,,,
P01164,陈阳远,男,43,40-45,有未成年孩子,上班族,office_worker,高级产品经理,,,
P01165,张嘉星,女,27,25-29,无需要照顾的孩子,自由业者,freelancer,咨询顾问,,,
P01166,王晓诺,女,23,18-24,无需要照顾的孩子,大学生,university_student,硕士研究生,,,
P01167,何晨,女,38,35-39,无需要照顾的孩子,服务业者,service_worker,酒店服务人员,,,
P01168,黄宁欣,女,36,35-39,无需要照顾的孩子,上班族,office_worker,业务负责人,,,
P01169,王辰若,女,30,30-34,有未成年孩子,上班族,office_worker,采购专员,,,
P01170,王嘉宁,男,38,35-39,有未成年孩子,自由业者,freelancer,自由销售,,,
P01171,李晨,男,18,18-24,无需要照顾的孩子,上班族,office_worker,高级软件工程师,,,
P01172,王语佳,女,37,35-39,有未成年孩子,上班族,office_worker,销售经理,,,
P01173,郭安彤,女,29,25-29,有未成年孩子,服务业者,service_worker,美容师,,,
P01174,张欣知,女,41,40-45,无需要照顾的孩子,服务业者,service_worker,收银员,,,
P01175,王婷涵,女,19,18-24,无需要照顾的孩子,上班族,office_worker,会计,,,
P01176,陈言远,女,28,25-29,无需要照顾的孩子,上班族,office_worker,会计,,,
P01177,孙思,女,21,18-24,无需要照顾的孩子,大学生,university_student,本科生,,,
P01178,黄雨怡,女,32,30-34,无需要照顾的孩子,上班族,office_worker,项目经理,,,
P01179,张婷婷,女,28,25-29,无需要照顾的孩子,上班族,office_worker,数据分析师,,,
P01180,何一乐,女,20,18-24,无需要照顾的孩子,服务业者,service_worker,美容师,,,
P01181,冯诗婷,女,26,25-29,有未成年孩子,上班族,office_worker,会计,,,
P01182,郭子,女,24,18-24,无需要照顾的孩子,自由业者,freelancer,自由销售,,,
P01183,吴源诗,女,33,30-34,无需要照顾的孩子,服务业者,service_worker,酒店前台,,,
P01184,李子乐,女,39,35-39,有未成年孩子,自由业者,freelancer,咨询顾问,,,
P01185,马辰一,女,28,25-29,无需要照顾的孩子,服务业者,service_worker,零售店员,,,
P01186,张睿俊,男,33,30-34,有未成年孩子,上班族,office_worker,产品经理,,,
P01187,吴雨晨,女,33,30-34,无需要照顾的孩子,服务业者,service_worker,零售店员,,,
P01188,张语,女,33,30-34,无需要照顾的孩子,体力劳动者,manual_worker,设备操作员,,,
P01189,张心心,女,30,30-34,有未成年孩子,上班族,office_worker,高级运营专员,,,
P01190,孙嘉俊,男,19,18-24,无需要照顾的孩子,上班族,office_worker,设计师,,,
P01191,高嘉可,男,32,30-34,有未成年孩子,服务业者,service_worker,收银员,,,
P01192,高语,女,42,40-45,无需要照顾的孩子,上班族,office_worker,销售经理,,,
P01193,杨诺雨,女,40,40-45,无需要照顾的孩子,自由业者,freelancer,独立程序员,,,
P01194,唐婉,女,41,40-45,无需要照顾的孩子,自由业者,freelancer,翻译,,,
P01195,刘雨,女,43,40-45,无需要照顾的孩子,上班族,office_worker,运营经理,,,
P01196,杨怡可,女,44,40-45,有成年孩子,自由业者,freelancer,独立承包商,,,
P01197,赵一远,男,39,35-39,有未成年孩子,服务业者,service_worker,餐厅服务员,,,
P01198,张欣雅,女,20,18-24,无需要照顾的孩子,上班族,office_worker,销售代表,,,
P01199,林清,男,42,40-45,有未成年孩子,上班族,office_worker,HR经理,,,
P01200,陈雅,女,43,40-45,有未成年孩子,服务业者,service_worker,零售店员,,,
P01201,刘晨乐,男,32,30-34,有未成年孩子,上班族,office_worker,财务主管,,,
P01202,杨怡子,女,45,40-45,有未成年孩子,体力劳动者,manual_worker,设备操作员,,,
P01203,郑博天,男,20,18-24,无需要照顾的孩子,上班族,office_worker,运营专员,,,
P01204,袁安天,男,41,40-45,有未成年孩子,服务业者,service_worker,保安,,,
P01205,王诗欣,女,40,40-45,有未成年孩子,服务业者,service_worker,客服,,,
P01206,周彤晴,女,23,18-24,无需要照顾的孩子,体力劳动者,manual_worker,配送员,,,
P01207,杨婷可,女,27,25-29,无需要照顾的孩子,上班族,office_worker,行政专员,,,
P01208,李一轩,男,34,30-34,有未成年孩子,服务业者,service_worker,餐厅服务员,,,
P01209,林桐知,女,38,35-39,有未成年孩子,上班族,office_worker,HR经理,,,
P01210,朱文,男,18,18-24,无需要照顾的孩子,服务业者,service_worker,酒店服务人员,,,
P01211,黄轩远,男,21,18-24,无需要照顾的孩子,大学生,university_student,本科生,,,
P01212,黄昊,男,44,40-45,无需要照顾的孩子,上班族,office_worker,客户专员,,,
P01213,马心羽,女,31,30-34,无需要照顾的孩子,体力劳动者,manual_worker,维修技师,,,
P01214,王哲睿,男,28,25-29,无需要照顾的孩子,自由业者,freelancer,私教,,,
P01215,赵可,女,34,30-34,无需要照顾的孩子,自由业者,freelancer,自媒体从业者,,,
P01216,周琪思,女,37,35-39,无需要照顾的孩子,上班族,office_worker,销售经理,,,
P01217,王宁,女,45,40-45,无需要照顾的孩子,上班族,office_worker,产品经理,,,
P01218,陈诗婷,女,28,25-29,无需要照顾的孩子,上班族,office_worker,软件工程师,,,
P01219,周文子,男,32,30-34,无需要照顾的孩子,上班族,office_worker,客户经理,,,
P01220,周桐涵,女,22,18-24,无需要照顾的孩子,大学生,university_student,本科生,,,
P01221,梁嘉文,男,30,30-34,有未成年孩子,上班族,office_worker,产品经理,,,
P01222,陈语静,女,39,35-39,无需要照顾的孩子,服务业者,service_worker,美容师,,,
P01223,何晴宁,女,30,30-34,有未成年孩子,自由业者,freelancer,网店经营者,,,
P01224,宋语晴,女,33,30-34,有未成年孩子,上班族,office_worker,财务主管,,,
P01225,王涵雨,女,44,40-45,无需要照顾的孩子,上班族,office_worker,客户经理,,,
P01226,王一一,男,30,30-34,无需要照顾的孩子,上班族,office_worker,HR经理,,,
P01227,陈乐,男,27,25-29,无需要照顾的孩子,自由业者,freelancer,独立程序员,,,
P01228,李景涵,男,27,25-29,无需要照顾的孩子,体力劳动者,manual_worker,电工,,,
P01229,罗晨楷,男,32,30-34,无需要照顾的孩子,体力劳动者,manual_worker,仓库操作员,,,
P01230,黄清怡,女,44,40-45,有未成年孩子,服务业者,service_worker,收银员,,,
P01231,王宁羽,女,20,18-24,无需要照顾的孩子,自由业者,freelancer,翻译,,,
P01232,王心婷,女,21,18-24,无需要照顾的孩子,体力劳动者,manual_worker,仓库操作员,,,
P01233,刘天远,男,44,40-45,有未成年孩子,服务业者,service_worker,酒店服务人员,,,
P01234,曹可言,女,34,30-34,无需要照顾的孩子,上班族,office_worker,销售代表,,,
P01235,赵嘉婷,女,32,30-34,无需要照顾的孩子,上班族,office_worker,运营专员,,,
P01236,刘心欣,女,30,30-34,有未成年孩子,上班族,office_worker,HR经理,,,
P01237,张睿晨,男,20,18-24,无需要照顾的孩子,大学生,university_student,本科生,,,
P01238,郭远,男,39,35-39,无需要照顾的孩子,体力劳动者,manual_worker,配送员,,,
P01239,吴辰羽,女,26,25-29,无需要照顾的孩子,上班族,office_worker,软件工程师,,,
P01240,徐思梦,女,33,30-34,有未成年孩子,上班族,office_worker,产品经理,,,
P01241,王嘉文,男,23,18-24,无需要照顾的孩子,大学生,university_student,硕士研究生,,,
P01242,刘羽文,男,30,30-34,无需要照顾的孩子,上班族,office_worker,技术经理,,,
P01243,曹梦佳,女,32,30-34,无需要照顾的孩子,服务业者,service_worker,客服,,,
P01244,张泽宁,男,30,30-34,无需要照顾的孩子,服务业者,service_worker,酒店服务人员,,,
P01245,刘心,女,29,25-29,有未成年孩子,大学生,university_student,博士研究生,,,
P01246,陈思瑶,女,44,40-45,有未成年孩子,上班族,office_worker,会计,,,
P01247,何佳雅,女,37,35-39,有未成年孩子,体力劳动者,manual_worker,仓库操作员,,,
P01248,梁晨语,女,23,18-24,无需要照顾的孩子,服务业者,service_worker,零售店员,,,
P01249,冯思,女,19,18-24,无需要照顾的孩子,大学生,university_student,本科生,,,
P01250,徐佳佳,女,18,18-24,无需要照顾的孩子,大学生,university_student,本科生,,,
P01251,何可涵,女,28,25-29,无需要照顾的孩子,上班族,office_worker,会计,,,
P01252,刘若安,女,44,40-45,无需要照顾的孩子,自由业者,freelancer,网店经营者,,,
P01253,唐瑶,女,39,35-39,有未成年孩子,上班族,office_worker,采购经理,,,
P01254,王轩杰,男,33,30-34,有未成年孩子,上班族,office_worker,HR经理,,,
P01255,林雨怡,女,19,18-24,无需要照顾的孩子,大学生,university_student,本科生,,,
P01256,张言杰,男,40,40-45,有未成年孩子,上班族,office_worker,采购经理,,,
P01257,郭雨远,女,38,35-39,有未成年孩子,上班族,office_worker,销售代表,,,
P01258,陈文豪,男,24,18-24,无需要照顾的孩子,服务业者,service_worker,酒店服务人员,,,
P01259,黄涵诺,女,44,40-45,无需要照顾的孩子,体力劳动者,manual_worker,维修技师,,,
P01260,黄晴曦,女,36,35-39,有未成年孩子,服务业者,service_worker,保安,,,
P01261,陈晓安,女,42,40-45,无需要照顾的孩子,服务业者,service_worker,理发师,,,
P01262,李然泽,男,27,25-29,无需要照顾的孩子,大学生,university_student,博士研究生,,,
P01263,王诺心,男,32,30-34,无需要照顾的孩子,服务业者,service_worker,保安,,,
P01264,赵星梦,女,41,40-45,有未成年孩子,上班族,office_worker,HR经理,,,
P01265,王一可,女,27,25-29,无需要照顾的孩子,自由业者,freelancer,独立承包商,,,
P01266,谢怡,女,26,25-29,无需要照顾的孩子,上班族,office_worker,采购专员,,,
P01267,赵清安,男,21,18-24,无需要照顾的孩子,大学生,university_student,本科生,,,
P01268,李怡诺,女,33,30-34,有未成年孩子,上班族,office_worker,会计,,,
P01269,周雅宁,女,19,18-24,无需要照顾的孩子,服务业者,service_worker,咖啡师,,,
P01270,李佳可,女,23,18-24,无需要照顾的孩子,自由业者,freelancer,摄影师,,,
P01271,李琪梦,女,31,30-34,无需要照顾的孩子,上班族,office_worker,产品经理,,,
P01272,张思远,女,40,40-45,有未成年孩子,上班族,office_worker,销售经理,,,
P01273,胡源一,女,23,18-24,无需要照顾的孩子,体力劳动者,manual_worker,搬运工,,,
P01274,梁若佳,女,19,18-24,无需要照顾的孩子,服务业者,service_worker,客服,,,
P01275,马安彤,女,31,30-34,有未成年孩子,上班族,office_worker,销售代表,,,
P01276,王辰知,女,31,30-34,无需要照顾的孩子,自由业者,freelancer,摄影师,,,
P01277,王安宁,女,23,18-24,无需要照顾的孩子,上班族,office_worker,销售代表,,,
P01278,张言,女,37,35-39,有未成年孩子,上班族,office_worker,采购经理,,,
P01279,张星志,男,37,35-39,有未成年孩子,上班族,office_worker,高级产品经理,,,
P01280,周雨诺,女,42,40-45,无需要照顾的孩子,上班族,office_worker,高级运营专员,,,
P01281,何梓博,男,20,18-24,无需要照顾的孩子,服务业者,service_worker,客服,,,
P01282,李杰俊,男,26,25-29,无需要照顾的孩子,服务业者,service_worker,房产经纪,,,
P01283,吴雅,女,41,40-45,无需要照顾的孩子,自由业者,freelancer,独立承包商,,,
P01284,张思,女,39,35-39,有未成年孩子,上班族,office_worker,采购经理,,,
P01285,陈梦雅,女,18,18-24,无需要照顾的孩子,服务业者,service_worker,餐厅服务员,,,
P01286,王梓轩,男,19,18-24,无需要照顾的孩子,大学生,university_student,本科生,,,
P01287,杨雅,女,35,35-39,有未成年孩子,体力劳动者,manual_worker,安装工,,,
P01288,徐静,女,21,18-24,无需要照顾的孩子,自由业者,freelancer,翻译,,,
P01289,王安思,女,36,35-39,有未成年孩子,体力劳动者,manual_worker,焊工,,,
P01290,李清安,女,29,25-29,无需要照顾的孩子,上班族,office_worker,软件工程师,,,
P01291,徐诺静,女,45,40-45,无需要照顾的孩子,上班族,office_worker,HR经理,,,
P01292,杨嘉清,男,40,40-45,有未成年孩子,上班族,office_worker,财务主管,,,
P01293,周瑶源,女,43,40-45,有未成年孩子,上班族,office_worker,财务主管,,,
P01294,郭雅可,女,39,35-39,有未成年孩子,上班族,office_worker,财务专员,,,
P01295,朱然,男,26,25-29,无需要照顾的孩子,体力劳动者,manual_worker,设备操作员,,,
P01296,冯诺,女,32,30-34,无需要照顾的孩子,体力劳动者,manual_worker,配送员,,,
P01297,张景,男,37,35-39,无需要照顾的孩子,上班族,office_worker,业务负责人,,,
P01298,刘远羽,男,23,18-24,无需要照顾的孩子,服务业者,service_worker,客服,,,
P01299,刘欣佳,女,23,18-24,无需要照顾的孩子,上班族,office_worker,运营专员,,,
P01300,黄桐乐,女,42,40-45,有未成年孩子,上班族,office_worker,高级运营专员,,,
P01301,黄可可,女,45,40-45,无需要照顾的孩子,上班族,office_worker,高级项目经理,,,
P01302,郑嘉轩,男,18,18-24,无需要照顾的孩子,上班族,office_worker,会计,,,
P01303,吴俊梓,男,37,35-39,无需要照顾的孩子,上班族,office_worker,HR经理,,,
P01304,陈语,女,21,18-24,无需要照顾的孩子,服务业者,service_worker,房产经纪,,,
P01305,刘晨琪,女,32,30-34,有未成年孩子,上班族,office_worker,HR经理,,,
P01306,周远,女,42,40-45,无需要照顾的孩子,上班族,office_worker,高级项目经理,,,
P01307,孙浩一,男,45,40-45,有未成年孩子,体力劳动者,manual_worker,安装工,,,
P01308,王安涵,女,42,40-45,无需要照顾的孩子,上班族,office_worker,销售经理,,,
P01309,张晨雨,女,41,40-45,有未成年孩子,体力劳动者,manual_worker,电工,,,
P01310,李桐一,女,21,18-24,无需要照顾的孩子,服务业者,service_worker,房产经纪,,,
P01311,杨诗彤,女,39,35-39,有未成年孩子,自由业者,freelancer,自媒体从业者,,,
P01312,徐怡涵,女,30,30-34,无需要照顾的孩子,自由业者,freelancer,网店经营者,,,
P01313,陈知,男,33,30-34,无需要照顾的孩子,上班族,office_worker,采购经理,,,
P01314,谢佳静,女,44,40-45,有未成年孩子,服务业者,service_worker,餐厅服务员,,,
P01315,吴怡怡,女,41,40-45,无需要照顾的孩子,服务业者,service_worker,收银员,,,
P01316,唐欣,女,43,40-45,有成年孩子,上班族,office_worker,人力资源经理,,,
P01317,许楷睿,男,43,40-45,有未成年孩子,体力劳动者,manual_worker,建筑工人,,,
P01318,周楷杰,男,33,30-34,无需要照顾的孩子,上班族,office_worker,客户专员,,,
P01319,陈可,男,35,35-39,有未成年孩子,上班族,office_worker,销售经理,,,
P01320,高晓诗,女,26,25-29,无需要照顾的孩子,上班族,office_worker,销售经理,,,
P01321,张欣远,女,18,18-24,无需要照顾的孩子,大学生,university_student,本科生,,,
P01322,孙思,女,18,18-24,无需要照顾的孩子,大学生,university_student,本科生,,,
P01323,张昊,男,26,25-29,无需要照顾的孩子,上班族,office_worker,会计,,,
P01324,黄羽景,男,27,25-29,有未成年孩子,上班族,office_worker,采购专员,,,
P01325,赵羽彤,女,23,18-24,无需要照顾的孩子,大学生,university_student,硕士研究生,,,
P01326,李乐子,女,43,40-45,有未成年孩子,上班族,office_worker,财务专员,,,
P01327,王若诗,女,38,35-39,有未成年孩子,体力劳动者,manual_worker,电工,,,
P01328,王清,女,40,40-45,无需要照顾的孩子,上班族,office_worker,区域经理,,,
P01329,林心子,女,30,30-34,无需要照顾的孩子,服务业者,service_worker,美容师,,,
P01330,高宁思,女,20,18-24,无需要照顾的孩子,大学生,university_student,本科生,,,
P01331,周辰曦,女,40,40-45,有未成年孩子,上班族,office_worker,人力资源经理,,,
P01332,张桐雨,女,36,35-39,无需要照顾的孩子,体力劳动者,manual_worker,仓库操作员,,,
P01333,王涵怡,女,26,25-29,无需要照顾的孩子,体力劳动者,manual_worker,配送员,,,
P01334,杨嫣雅,女,34,30-34,无需要照顾的孩子,上班族,office_worker,行政专员,,,
P01335,李梦子,女,39,35-39,有未成年孩子,服务业者,service_worker,厨师,,,
P01336,唐嫣佳,女,28,25-29,无需要照顾的孩子,上班族,office_worker,财务专员,,,
P01337,郑乐婷,女,25,25-29,无需要照顾的孩子,上班族,office_worker,数据分析师,,,
P01338,吴曦可,女,36,35-39,有未成年孩子,上班族,office_worker,运营经理,,,
P01339,冯梓,男,19,18-24,无需要照顾的孩子,服务业者,service_worker,客服,,,
P01340,冯晓子,女,29,25-29,无需要照顾的孩子,服务业者,service_worker,保安,,,
P01341,王思羽,女,35,35-39,无需要照顾的孩子,上班族,office_worker,软件工程师,,,
P01342,刘宁思,女,40,40-45,有未成年孩子,服务业者,service_worker,美容师,,,
P01343,徐嘉言,女,33,30-34,有未成年孩子,上班族,office_worker,产品经理,,,
P01344,许婷曦,女,43,40-45,无需要照顾的孩子,上班族,office_worker,高级运营专员,,,
P01345,张彤可,女,38,35-39,有未成年孩子,上班族,office_worker,高级项目经理,,,
P01346,李羽,女,35,35-39,有未成年孩子,上班族,office_worker,高级软件工程师,,,
P01347,王思豪,男,33,30-34,无需要照顾的孩子,上班族,office_worker,设计师,,,
P01348,陈景,男,37,35-39,有未成年孩子,上班族,office_worker,区域经理,,,
P01349,赵羽晨,女,42,40-45,有未成年孩子,体力劳动者,manual_worker,卡车司机,,,
P01350,李宁星,女,41,40-45,无需要照顾的孩子,自由业者,freelancer,自由销售,,,
P01351,谢宁彤,女,40,40-45,无需要照顾的孩子,上班族,office_worker,业务负责人,,,
P01352,冯雅,女,24,18-24,无需要照顾的孩子,体力劳动者,manual_worker,建筑工人,,,
P01353,刘源曦,女,23,18-24,无需要照顾的孩子,自由业者,freelancer,自媒体从业者,,,
P01354,杨思涵,女,30,30-34,有未成年孩子,自由业者,freelancer,翻译,,,
P01355,胡杰辰,男,31,30-34,无需要照顾的孩子,体力劳动者,manual_worker,焊工,,,
P01356,高泽然,男,29,25-29,无需要照顾的孩子,上班族,office_worker,客户专员,,,
P01357,郭语雨,女,25,25-29,无需要照顾的孩子,上班族,office_worker,销售代表,,,
P01358,张嘉,男,31,30-34,有未成年孩子,上班族,office_worker,项目经理,,,
P01359,唐嫣思,女,45,40-45,有成年孩子,上班族,office_worker,部门经理,,,
P01360,杨晨涵,女,24,18-24,无需要照顾的孩子,自由业者,freelancer,私教,,,
P01361,陈婷安,女,38,35-39,有未成年孩子,体力劳动者,manual_worker,仓库操作员,,,
P01362,郭远浩,男,40,40-45,有未成年孩子,上班族,office_worker,高级数据分析师,,,
P01363,袁辰佳,女,42,40-45,无需要照顾的孩子,上班族,office_worker,HR经理,,,
P01364,黄诗羽,女,27,25-29,无需要照顾的孩子,上班族,office_worker,高级数据分析师,,,
P01365,马一诺,女,28,25-29,无需要照顾的孩子,服务业者,service_worker,美容师,,,
P01366,张诺心,女,23,18-24,无需要照顾的孩子,服务业者,service_worker,餐厅服务员,,,
P01367,李豪,男,29,25-29,无需要照顾的孩子,上班族,office_worker,采购专员,,,
P01368,徐思诗,女,20,18-24,无需要照顾的孩子,服务业者,service_worker,客服,,,
P01369,董哲浩,男,34,30-34,无需要照顾的孩子,上班族,office_worker,项目经理,,,
P01370,陈志嘉,男,28,25-29,无需要照顾的孩子,服务业者,service_worker,零售店员,,,
P01371,黄晨,男,37,35-39,有未成年孩子,上班族,office_worker,高级项目经理,,,
P01372,黄婷婷,女,24,18-24,无需要照顾的孩子,服务业者,service_worker,美容师,,,
P01373,朱安梦,女,23,18-24,无需要照顾的孩子,大学生,university_student,本科生,,,
P01374,张晴雅,女,25,25-29,无需要照顾的孩子,体力劳动者,manual_worker,配送员,,,
P01375,林辰嫣,女,29,25-29,无需要照顾的孩子,上班族,office_worker,财务专员,,,
P01376,罗晨,女,45,40-45,有未成年孩子,服务业者,service_worker,健身教练,,,
P01377,刘诗涵,女,20,18-24,无需要照顾的孩子,上班族,office_worker,客户专员,,,
P01378,陈佳可,女,19,18-24,无需要照顾的孩子,服务业者,service_worker,客服,,,
P01379,王志子,男,18,18-24,无需要照顾的孩子,体力劳动者,manual_worker,设备操作员,,,
P01380,冯欣梦,女,37,35-39,无需要照顾的孩子,服务业者,service_worker,健身教练,,,
P01381,张可诺,女,40,40-45,有未成年孩子,上班族,office_worker,销售经理,,,
P01382,黄怡欣,女,37,35-39,有未成年孩子,上班族,office_worker,人力资源经理,,,
P01383,陈辰子,女,26,25-29,无需要照顾的孩子,服务业者,service_worker,酒店服务人员,,,
P01384,杨彤彤,女,25,25-29,无需要照顾的孩子,大学生,university_student,本科生,,,
P01385,高轩文,男,26,25-29,有未成年孩子,服务业者,service_worker,健身教练,,,
P01386,陈乐,女,28,25-29,无需要照顾的孩子,上班族,office_worker,客户专员,,,
P01387,王婷怡,女,26,25-29,无需要照顾的孩子,上班族,office_worker,财务主管,,,
P01388,唐嘉远,男,34,30-34,无需要照顾的孩子,上班族,office_worker,销售代表,,,
P01389,陈若可,女,45,40-45,无需要照顾的孩子,体力劳动者,manual_worker,安装工,,,
P01390,李诚文,男,24,18-24,无需要照顾的孩子,大学生,university_student,本科生,,,
P01391,王怡语,女,32,30-34,无需要照顾的孩子,上班族,office_worker,设计师,,,
P01392,徐宁志,男,43,40-45,无需要照顾的孩子,体力劳动者,manual_worker,焊工,,,
P01393,王雅,女,26,25-29,无需要照顾的孩子,上班族,office_worker,高级软件工程师,,,
P01394,王诚豪,男,41,40-45,有未成年孩子,上班族,office_worker,财务主管,,,
P01395,李嘉昊,男,31,30-34,有未成年孩子,大学生,university_student,博士研究生,,,
P01396,刘思佳,女,21,18-24,无需要照顾的孩子,服务业者,service_worker,房产经纪,,,
P01397,张睿,男,37,35-39,有成年孩子,上班族,office_worker,高级软件工程师,,,
P01398,李可,女,35,35-39,有未成年孩子,自由业者,freelancer,翻译,,,
P01399,周星若,女,45,40-45,有未成年孩子,自由业者,freelancer,私教,,,
P01400,杨乐宁,女,45,40-45,有未成年孩子,自由业者,freelancer,独立承包商,,,
P01401,董豪,男,37,35-39,无需要照顾的孩子,上班族,office_worker,客户经理,,,
P01402,李羽辰,女,42,40-45,有未成年孩子,服务业者,service_worker,收银员,,,
P01403,周雅静,女,33,30-34,有未成年孩子,自由业者,freelancer,自媒体从业者,,,
P01404,杨雨辰,女,41,40-45,无需要照顾的孩子,上班族,office_worker,行政专员,,,
P01405,刘欣言,女,44,40-45,有成年孩子,体力劳动者,manual_worker,焊工,,,
P01406,李宇佑,男,37,35-39,有未成年孩子,上班族,office_worker,客户经理,,,
P01407,梁源静,女,28,25-29,无需要照顾的孩子,服务业者,service_worker,美容师,,,
P01408,吴佳知,女,26,25-29,无需要照顾的孩子,上班族,office_worker,产品经理,,,
P01409,梁远志,男,41,40-45,无需要照顾的孩子,服务业者,service_worker,客服,,,
P01410,李嘉,男,27,25-29,有未成年孩子,上班族,office_worker,财务专员,,,
P01411,张瑶佳,女,20,18-24,无需要照顾的孩子,体力劳动者,manual_worker,配送员,,,
P01412,高诗,女,38,35-39,无需要照顾的孩子,体力劳动者,manual_worker,设备操作员,,,
P01413,吴诗,女,36,35-39,有未成年孩子,上班族,office_worker,客户经理,,,
P01414,吴涵桐,女,38,35-39,无需要照顾的孩子,体力劳动者,manual_worker,卡车司机,,,
P01415,王一怡,女,19,18-24,无需要照顾的孩子,大学生,university_student,本科生,,,
P01416,郑静梦,女,21,18-24,无需要照顾的孩子,大学生,university_student,本科生,,,
P01417,马楷晨,男,32,30-34,有未成年孩子,服务业者,service_worker,酒店前台,,,
P01418,吴可静,女,39,35-39,有未成年孩子,自由业者,freelancer,独立承包商,,,
P01419,王远,男,32,30-34,无需要照顾的孩子,上班族,office_worker,财务主管,,,
P01420,冯怡,女,44,40-45,无需要照顾的孩子,上班族,office_worker,高级项目经理,,,
P01421,吴星可,女,28,25-29,无需要照顾的孩子,上班族,office_worker,行政专员,,,
P01422,李豪明,男,40,40-45,无需要照顾的孩子,服务业者,service_worker,健身教练,,,
P01423,刘子宇,男,42,40-45,无需要照顾的孩子,服务业者,service_worker,酒店前台,,,
P01424,冯然轩,男,45,40-45,有未成年孩子,自由业者,freelancer,咨询顾问,,,
P01425,王心瑶,女,18,18-24,无需要照顾的孩子,服务业者,service_worker,房产经纪,,,
P01426,王乐,女,33,30-34,无需要照顾的孩子,服务业者,service_worker,酒店服务人员,,,
P01427,张涵一,女,37,35-39,有未成年孩子,服务业者,service_worker,理发师,,,
P01428,李轩嘉,男,29,25-29,无需要照顾的孩子,自由业者,freelancer,独立承包商,,,
P01429,郑安阳,男,42,40-45,有未成年孩子,上班族,office_worker,区域经理,,,
P01430,张涵,女,21,18-24,无需要照顾的孩子,大学生,university_student,本科生,,,
P01431,赵思杰,男,41,40-45,无需要照顾的孩子,服务业者,service_worker,零售店员,,,
P01432,王心语,女,29,25-29,无需要照顾的孩子,自由业者,freelancer,咨询顾问,,,
P01433,刘佳怡,女,29,25-29,有未成年孩子,服务业者,service_worker,酒店服务人员,,,
P01434,李婷嘉,女,32,30-34,有未成年孩子,上班族,office_worker,设计师,,,
P01435,韩清诺,女,45,40-45,有成年孩子,体力劳动者,manual_worker,焊工,,,
P01436,杨宁子,男,24,18-24,无需要照顾的孩子,大学生,university_student,硕士研究生,,,
P01437,陈佑,男,35,35-39,无需要照顾的孩子,上班族,office_worker,财务专员,,,
P01438,王语桐,女,41,40-45,有未成年孩子,体力劳动者,manual_worker,维修技师,,,
P01439,陈哲浩,男,28,25-29,无需要照顾的孩子,自由业者,freelancer,自媒体从业者,,,
P01440,王言婷,女,29,25-29,无需要照顾的孩子,体力劳动者,manual_worker,建筑工人,,,
P01441,王羽彤,女,35,35-39,无需要照顾的孩子,体力劳动者,manual_worker,焊工,,,
P01442,王佳欣,女,20,18-24,无需要照顾的孩子,上班族,office_worker,会计,,,
P01443,朱清文,男,45,40-45,有未成年孩子,服务业者,service_worker,酒店服务人员,,,
P01444,刘静,女,25,25-29,无需要照顾的孩子,上班族,office_worker,设计师,,,
P01445,黄怡,女,20,18-24,无需要照顾的孩子,上班族,office_worker,行政专员,,,
P01446,黄星雅,女,21,18-24,无需要照顾的孩子,大学生,university_student,本科生,,,
P01447,徐辰嘉,男,41,40-45,有未成年孩子,自由业者,freelancer,独立承包商,,,
P01448,郑晨,女,37,35-39,有未成年孩子,上班族,office_worker,高级运营专员,,,
P01449,杨诺星,女,33,30-34,无需要照顾的孩子,上班族,office_worker,软件工程师,,,
P01450,王曦瑶,女,33,30-34,有未成年孩子,上班族,office_worker,销售经理,,,
P01451,郭楷梓,男,37,35-39,有未成年孩子,上班族,office_worker,高级运营专员,,,
P01452,郭诺星,女,40,40-45,有未成年孩子,体力劳动者,manual_worker,设备操作员,,,
P01453,陈诚景,男,41,40-45,有未成年孩子,体力劳动者,manual_worker,焊工,,,
P01454,杨曦静,女,34,30-34,无需要照顾的孩子,上班族,office_worker,产品经理,,,
P01455,周源,女,29,25-29,无需要照顾的孩子,上班族,office_worker,高级数据分析师,,,
P01456,张彤,女,23,18-24,无需要照顾的孩子,大学生,university_student,硕士研究生,,,
P01457,李桐怡,女,27,25-29,无需要照顾的孩子,上班族,office_worker,软件工程师,,,
P01458,刘欣欣,女,33,30-34,有未成年孩子,体力劳动者,manual_worker,设备操作员,,,
P01459,王远诺,女,21,18-24,无需要照顾的孩子,上班族,office_worker,会计,,,
P01460,王佳嫣,女,32,30-34,有未成年孩子,体力劳动者,manual_worker,设备操作员,,,
P01461,刘辰诺,男,41,40-45,有成年孩子,上班族,office_worker,高级数据分析师,,,
P01462,张清,女,25,25-29,有未成年孩子,大学生,university_student,硕士研究生,,,
P01463,张星安,女,39,35-39,有未成年孩子,自由业者,freelancer,网店经营者,,,
P01464,胡嘉豪,男,30,30-34,无需要照顾的孩子,体力劳动者,manual_worker,设备操作员,,,
P01465,吴子知,女,25,25-29,无需要照顾的孩子,自由业者,freelancer,私教,,,
P01466,程晨晨,男,24,18-24,无需要照顾的孩子,上班族,office_worker,数据分析师,,,
P01467,高星安,女,34,30-34,无需要照顾的孩子,上班族,office_worker,财务主管,,,
P01468,罗欣,女,38,35-39,有未成年孩子,体力劳动者,manual_worker,汽车技师,,,
P01469,周文明,男,25,25-29,无需要照顾的孩子,大学生,university_student,硕士研究生,,,
P01470,马豪然,男,40,40-45,无需要照顾的孩子,上班族,office_worker,软件工程师,,,
P01471,黄佑浩,男,36,35-39,无需要照顾的孩子,上班族,office_worker,采购经理,,,
P01472,高晨知,女,28,25-29,有未成年孩子,上班族,office_worker,财务专员,,,
P01473,徐羽,女,32,30-34,有未成年孩子,大学生,university_student,博士研究生,,,
P01474,朱佳,女,25,25-29,无需要照顾的孩子,上班族,office_worker,销售经理,,,
P01475,陈语可,女,45,40-45,有未成年孩子,自由业者,freelancer,自由销售,,,
P01476,许明阳,男,31,30-34,无需要照顾的孩子,上班族,office_worker,会计,,,
P01477,林乐心,女,22,18-24,无需要照顾的孩子,体力劳动者,manual_worker,安装工,,,
P01478,王诗,女,21,18-24,无需要照顾的孩子,上班族,office_worker,软件工程师,,,
P01479,徐星远,女,26,25-29,有未成年孩子,服务业者,service_worker,酒店前台,,,
P01480,马嘉,女,40,40-45,有未成年孩子,上班族,office_worker,高级项目经理,,,
P01481,孙可羽,女,20,18-24,无需要照顾的孩子,服务业者,service_worker,咖啡师,,,
P01482,谢欣乐,女,24,18-24,无需要照顾的孩子,服务业者,service_worker,厨师,,,
P01483,黄可宁,女,39,35-39,有未成年孩子,服务业者,service_worker,零售店员,,,
P01484,朱星羽,男,45,40-45,有未成年孩子,上班族,office_worker,采购经理,,,
P01485,王然明,男,34,30-34,无需要照顾的孩子,服务业者,service_worker,美容师,,,
P01486,郭雅思,女,45,40-45,有未成年孩子,自由业者,freelancer,独立程序员,,,
P01487,谢佳,女,41,40-45,无需要照顾的孩子,体力劳动者,manual_worker,搬运工,,,
P01488,李源佳,女,30,30-34,有未成年孩子,上班族,office_worker,运营专员,,,
P01489,董佳瑶,女,18,18-24,无需要照顾的孩子,大学生,university_student,本科生,,,
P01490,程源,女,43,40-45,有成年孩子,上班族,office_worker,高级软件工程师,,,
P01491,赵瑶一,女,37,35-39,无需要照顾的孩子,上班族,office_worker,设计师,,,
P01492,曹浩,男,28,25-29,无需要照顾的孩子,服务业者,service_worker,理发师,,,
P01493,张楷,男,42,40-45,有未成年孩子,服务业者,service_worker,房产经纪,,,
P01494,张彤,女,29,25-29,无需要照顾的孩子,大学生,university_student,硕士研究生,,,
P01495,王怡,女,43,40-45,有未成年孩子,体力劳动者,manual_worker,焊工,,,
P01496,马轩楷,男,37,35-39,无需要照顾的孩子,上班族,office_worker,销售经理,,,
P01497,朱知,女,31,30-34,有未成年孩子,服务业者,service_worker,房产经纪,,,
P01498,高羽涵,女,45,40-45,有未成年孩子,服务业者,service_worker,咖啡师,,,
P01499,张曦欣,女,41,40-45,有未成年孩子,服务业者,service_worker,客服,,,
P01500,罗欣,女,29,25-29,无需要照顾的孩子,上班族,office_worker,数据分析师,,,
P01501,李嫣诺,女,45,40-45,无需要照顾的孩子,上班族,office_worker,财务专员,,,
P01502,朱子,男,32,30-34,有未成年孩子,上班族,office_worker,客户专员,,,
P01503,董欣,女,34,30-34,无需要照顾的孩子,体力劳动者,manual_worker,维修技师,,,
P01504,梁梦诗,女,41,40-45,有未成年孩子,上班族,office_worker,部门经理,,,
P01505,杨明安,男,38,35-39,有未成年孩子,上班族,office_worker,销售经理,,,
P01506,王俊文,男,25,25-29,无需要照顾的孩子,上班族,office_worker,财务专员,,,
P01507,杨嫣可,女,33,30-34,有未成年孩子,自由业者,freelancer,摄影师,,,
P01508,朱源心,男,30,30-34,有未成年孩子,上班族,office_worker,数据分析师,,,
P01509,王明天,男,28,25-29,无需要照顾的孩子,上班族,office_worker,销售代表,,,
P01510,吴梓佑,男,27,25-29,无需要照顾的孩子,服务业者,service_worker,美容师,,,
P01511,张天睿,男,41,40-45,有未成年孩子,上班族,office_worker,项目经理,,,
P01512,王宁心,男,44,40-45,有未成年孩子,体力劳动者,manual_worker,安装工,,,
P01513,郭婷子,女,40,40-45,无需要照顾的孩子,服务业者,service_worker,美容师,,,
P01514,周景浩,男,24,18-24,无需要照顾的孩子,大学生,university_student,硕士研究生,,,
P01515,王星晴,女,31,30-34,无需要照顾的孩子,自由业者,freelancer,网店经营者,,,
P01516,王俊阳,男,38,35-39,无需要照顾的孩子,上班族,office_worker,客户经理,,,
P01517,张安婷,女,45,40-45,有未成年孩子,自由业者,freelancer,独立程序员,,,
P01518,李远,男,40,40-45,有成年孩子,上班族,office_worker,采购专员,,,
P01519,董思,男,32,30-34,无需要照顾的孩子,服务业者,service_worker,理发师,,,
P01520,张宁可,女,28,25-29,有未成年孩子,体力劳动者,manual_worker,配送员,,,
P01521,张辰婷,女,33,30-34,无需要照顾的孩子,上班族,office_worker,运营专员,,,
P01522,王怡宁,女,39,35-39,无需要照顾的孩子,上班族,office_worker,财务主管,,,
P01523,张辰,女,22,18-24,无需要照顾的孩子,大学生,university_student,本科生,,,
P01524,王晨,女,31,30-34,有未成年孩子,自由业者,freelancer,摄影师,,,
P01525,王乐子,女,42,40-45,有未成年孩子,体力劳动者,manual_worker,配送员,,,
P01526,韩清思,女,29,25-29,有未成年孩子,服务业者,service_worker,房产经纪,,,
P01527,唐佳曦,女,42,40-45,无需要照顾的孩子,上班族,office_worker,财务经理,,,
P01528,孙瑶琪,女,19,18-24,无需要照顾的孩子,自由业者,freelancer,独立程序员,,,
P01529,张宇然,男,39,35-39,有未成年孩子,服务业者,service_worker,客服,,,
P01530,于佑,男,36,35-39,有未成年孩子,上班族,office_worker,销售代表,,,
P01531,梁哲子,男,40,40-45,有未成年孩子,服务业者,service_worker,收银员,,,
P01532,孙思阳,男,24,18-24,无需要照顾的孩子,大学生,university_student,硕士研究生,,,
P01533,周然诚,男,40,40-45,有未成年孩子,上班族,office_worker,HR经理,,,
P01534,王梦知,女,33,30-34,无需要照顾的孩子,自由业者,freelancer,自由销售,,,
P01535,张梦雅,女,38,35-39,无需要照顾的孩子,体力劳动者,manual_worker,仓库操作员,,,
P01536,李涵,女,32,30-34,无需要照顾的孩子,体力劳动者,manual_worker,电工,,,
P01537,张怡,女,40,40-45,无需要照顾的孩子,服务业者,service_worker,美容师,,,
P01538,高一晴,女,29,25-29,无需要照顾的孩子,服务业者,service_worker,健身教练,,,
P01539,孙羽一,男,43,40-45,有未成年孩子,上班族,office_worker,软件工程师,,,
P01540,周子言,女,28,25-29,有未成年孩子,上班族,office_worker,会计,,,
P01541,周思远,女,45,40-45,有未成年孩子,体力劳动者,manual_worker,安装工,,,
P01542,朱静思,女,38,35-39,有未成年孩子,上班族,office_worker,高级产品经理,,,
P01543,赵可嘉,女,19,18-24,无需要照顾的孩子,服务业者,service_worker,理发师,,,
P01544,郑晨可,女,34,30-34,有未成年孩子,上班族,office_worker,会计,,,
P01545,刘瑶,女,26,25-29,无需要照顾的孩子,体力劳动者,manual_worker,配送员,,,
P01546,马若,女,27,25-29,无需要照顾的孩子,大学生,university_student,硕士研究生,,,
P01547,王嘉,女,41,40-45,有未成年孩子,自由业者,freelancer,网店经营者,,,
P01548,徐昊,男,41,40-45,有未成年孩子,体力劳动者,manual_worker,仓库操作员,,,
P01549,张阳豪,男,27,25-29,无需要照顾的孩子,上班族,office_worker,设计师,,,
P01550,刘嫣婷,女,22,18-24,无需要照顾的孩子,自由业者,freelancer,自媒体从业者,,,
P01551,邓晨清,女,42,40-45,有未成年孩子,自由业者,freelancer,咨询顾问,,,
P01552,吴瑶,女,33,30-34,无需要照顾的孩子,服务业者,service_worker,健身教练,,,
P01553,梁梦嫣,女,23,18-24,无需要照顾的孩子,大学生,university_student,本科生,,,
P01554,许清可,女,27,25-29,无需要照顾的孩子,大学生,university_student,硕士研究生,,,
P01555,郑乐一,女,39,35-39,有未成年孩子,上班族,office_worker,财务专员,,,
P01556,李豪,男,37,35-39,无需要照顾的孩子,自由业者,freelancer,翻译,,,
P01557,杨语诗,女,35,35-39,有未成年孩子,上班族,office_worker,客户经理,,,
P01558,高梦思,女,45,40-45,有未成年孩子,上班族,office_worker,销售经理,,,
P01559,刘梓思,男,33,30-34,无需要照顾的孩子,体力劳动者,manual_worker,设备操作员,,,
P01560,马思心,女,35,35-39,有未成年孩子,上班族,office_worker,运营专员,,,
P01561,胡星远,男,27,25-29,无需要照顾的孩子,体力劳动者,manual_worker,焊工,,,
P01562,赵一婉,女,45,40-45,有未成年孩子,上班族,office_worker,销售经理,,,
P01563,王思宁,男,33,30-34,无需要照顾的孩子,大学生,university_student,硕士研究生,,,
P01564,马婷辰,女,35,35-39,有未成年孩子,自由业者,freelancer,自由设计师,,,
P01565,何言嘉,男,41,40-45,无需要照顾的孩子,上班族,office_worker,财务经理,,,
P01566,刘安曦,女,35,35-39,有未成年孩子,上班族,office_worker,客户经理,,,
P01567,宋杰,男,33,30-34,有未成年孩子,服务业者,service_worker,零售店员,,,
P01568,刘辰婷,女,31,30-34,无需要照顾的孩子,服务业者,service_worker,厨师,,,
P01569,胡清心,女,34,30-34,无需要照顾的孩子,服务业者,service_worker,厨师,,,
P01570,刘梦,女,28,25-29,无需要照顾的孩子,上班族,office_worker,运营专员,,,
P01571,张源嫣,女,39,35-39,有未成年孩子,上班族,office_worker,高级运营专员,,,
P01572,吴思雨,女,44,40-45,有未成年孩子,体力劳动者,manual_worker,仓库操作员,,,
P01573,罗若诺,女,25,25-29,无需要照顾的孩子,自由业者,freelancer,咨询顾问,,,
P01574,张曦语,女,21,18-24,无需要照顾的孩子,大学生,university_student,本科生,,,
P01575,刘源轩,男,26,25-29,无需要照顾的孩子,上班族,office_worker,客户专员,,,
P01576,孙欣,女,38,35-39,有未成年孩子,上班族,office_worker,HR经理,,,
P01577,黄辰宁,男,31,30-34,有未成年孩子,上班族,office_worker,采购专员,,,
P01578,张远,男,31,30-34,无需要照顾的孩子,服务业者,service_worker,酒店前台,,,
P01579,张语晓,女,18,18-24,无需要照顾的孩子,大学生,university_student,本科生,,,
P01580,赵静欣,女,26,25-29,有未成年孩子,上班族,office_worker,财务主管,,,
P01581,刘婉心,女,30,30-34,无需要照顾的孩子,服务业者,service_worker,酒店服务人员,,,
P01582,马嘉嘉,男,42,40-45,无需要照顾的孩子,上班族,office_worker,销售代表,,,
P01583,董思婷,女,37,35-39,有未成年孩子,服务业者,service_worker,理发师,,,
P01584,王瑶婷,女,39,35-39,有未成年孩子,上班族,office_worker,项目经理,,,
P01585,孙佳婷,女,36,35-39,有未成年孩子,服务业者,service_worker,厨师,,,
P01586,吴梓知,男,35,35-39,无需要照顾的孩子,体力劳动者,manual_worker,焊工,,,
P01587,马彤,女,21,18-24,无需要照顾的孩子,上班族,office_worker,会计,,,
P01588,李宁晴,女,24,18-24,无需要照顾的孩子,大学生,university_student,本科生,,,
P01589,张瑶若,女,29,25-29,无需要照顾的孩子,上班族,office_worker,财务专员,,,
P01590,孙嘉诺,男,44,40-45,无需要照顾的孩子,自由业者,freelancer,自由销售,,,
P01591,张若星,女,41,40-45,有未成年孩子,上班族,office_worker,财务经理,,,
P01592,袁羽,女,37,35-39,有未成年孩子,服务业者,service_worker,房产经纪,,,
P01593,吴诺,女,39,35-39,无需要照顾的孩子,上班族,office_worker,产品经理,,,
P01594,曹可安,女,45,40-45,无需要照顾的孩子,体力劳动者,manual_worker,安装工,,,
P01595,吴晴诗,女,43,40-45,有未成年孩子,上班族,office_worker,采购经理,,,
P01596,胡心清,女,31,30-34,无需要照顾的孩子,上班族,office_worker,运营专员,,,
P01597,吴宁,女,35,35-39,无需要照顾的孩子,自由业者,freelancer,自由设计师,,,
P01598,郑源思,女,29,25-29,无需要照顾的孩子,服务业者,service_worker,客服,,,
P01599,郭佳,女,45,40-45,有未成年孩子,上班族,office_worker,高级软件工程师,,,
P01600,刘心婉,女,35,35-39,有未成年孩子,上班族,office_worker,高级运营专员,,,
P01601,周欣婷,女,34,30-34,无需要照顾的孩子,上班族,office_worker,采购经理,,,
P01602,王欣,女,44,40-45,有成年孩子,上班族,office_worker,高级项目经理,,,
P01603,徐若言,女,39,35-39,有未成年孩子,上班族,office_worker,销售代表,,,
P01604,王宇,男,40,40-45,有成年孩子,上班族,office_worker,产品经理,,,
P01605,宋景,男,23,18-24,无需要照顾的孩子,大学生,university_student,硕士研究生,,,
P01606,王泽一,男,25,25-29,有未成年孩子,大学生,university_student,硕士研究生,,,
P01607,陈嘉晴,女,18,18-24,无需要照顾的孩子,大学生,university_student,本科生,,,
P01608,高雅,女,27,25-29,无需要照顾的孩子,上班族,office_worker,软件工程师,,,
P01609,高知诗,女,29,25-29,无需要照顾的孩子,体力劳动者,manual_worker,卡车司机,,,
P01610,张一远,女,34,30-34,无需要照顾的孩子,体力劳动者,manual_worker,汽车技师,,,
P01611,孙浩,男,20,18-24,无需要照顾的孩子,大学生,university_student,本科生,,,
P01612,程婷,女,19,18-24,无需要照顾的孩子,大学生,university_student,本科生,,,
P01613,吴婷辰,女,30,30-34,无需要照顾的孩子,上班族,office_worker,客户经理,,,
P01614,周雨晓,女,32,30-34,无需要照顾的孩子,服务业者,service_worker,保安,,,
P01615,罗语梦,女,18,18-24,无需要照顾的孩子,大学生,university_student,本科生,,,
P01616,曹文一,男,39,35-39,无需要照顾的孩子,服务业者,service_worker,客服,,,
P01617,袁乐思,女,31,30-34,有未成年孩子,上班族,office_worker,行政专员,,,
P01618,于诚昊,男,19,18-24,无需要照顾的孩子,上班族,office_worker,采购专员,,,
P01619,朱诗婷,女,38,35-39,无需要照顾的孩子,上班族,office_worker,财务主管,,,
P01620,王雅,女,27,25-29,无需要照顾的孩子,上班族,office_worker,会计,,,
P01621,王彤雨,女,37,35-39,有未成年孩子,上班族,office_worker,高级运营专员,,,
P01622,王涵曦,女,19,18-24,无需要照顾的孩子,大学生,university_student,本科生,,,
P01623,陈言乐,女,28,25-29,无需要照顾的孩子,自由业者,freelancer,独立承包商,,,
P01624,吴欣晴,女,23,18-24,无需要照顾的孩子,服务业者,service_worker,酒店前台,,,
P01625,王佳静,女,29,25-29,无需要照顾的孩子,体力劳动者,manual_worker,配送员,,,
P01626,徐若,女,24,18-24,无需要照顾的孩子,体力劳动者,manual_worker,建筑工人,,,
P01627,宋佳乐,女,36,35-39,有未成年孩子,体力劳动者,manual_worker,建筑工人,,,
P01628,邓桐言,女,40,40-45,有未成年孩子,上班族,office_worker,运营经理,,,
P01629,李豪,男,24,18-24,无需要照顾的孩子,上班族,office_worker,客户专员,,,
P01630,陈嫣,女,34,30-34,有未成年孩子,上班族,office_worker,产品经理,,,
P01631,徐豪俊,男,33,30-34,无需要照顾的孩子,自由业者,freelancer,独立承包商,,,
P01632,孙可杰,男,27,25-29,无需要照顾的孩子,体力劳动者,manual_worker,设备操作员,,,
P01633,杨怡婉,女,18,18-24,无需要照顾的孩子,上班族,office_worker,客户专员,,,
P01634,刘羽琪,女,44,40-45,无需要照顾的孩子,上班族,office_worker,高级数据分析师,,,
P01635,刘欣彤,女,40,40-45,有未成年孩子,服务业者,service_worker,酒店前台,,,
P01636,杨嘉,男,29,25-29,无需要照顾的孩子,体力劳动者,manual_worker,卡车司机,,,
P01637,宋明志,男,45,40-45,有未成年孩子,服务业者,service_worker,美容师,,,
P01638,张清乐,女,33,30-34,有未成年孩子,上班族,office_worker,客户专员,,,
P01639,李晓,女,33,30-34,有未成年孩子,体力劳动者,manual_worker,安装工,,,
P01640,刘星欣,女,37,35-39,有未成年孩子,上班族,office_worker,客户经理,,,
P01641,张欣,女,24,18-24,无需要照顾的孩子,大学生,university_student,硕士研究生,,,
P01642,郑阳哲,男,29,25-29,有未成年孩子,体力劳动者,manual_worker,建筑工人,,,
P01643,杨婉,女,25,25-29,无需要照顾的孩子,上班族,office_worker,设计师,,,
P01644,罗心文,男,40,40-45,有未成年孩子,体力劳动者,manual_worker,快递员,,,
P01645,陈晨远,男,29,25-29,无需要照顾的孩子,上班族,office_worker,采购专员,,,
P01646,周文博,男,30,30-34,有未成年孩子,上班族,office_worker,财务专员,,,
P01647,陈晨,女,42,40-45,有未成年孩子,上班族,office_worker,财务主管,,,
P01648,陈嫣清,女,23,18-24,无需要照顾的孩子,体力劳动者,manual_worker,卡车司机,,,
P01649,黄怡远,女,23,18-24,无需要照顾的孩子,大学生,university_student,硕士研究生,,,
P01650,孙浩乐,男,32,30-34,无需要照顾的孩子,服务业者,service_worker,健身教练,,,
P01651,张婉星,女,28,25-29,有未成年孩子,上班族,office_worker,销售代表,,,
P01652,何梓远,男,30,30-34,有未成年孩子,服务业者,service_worker,客服,,,
P01653,周语梦,女,45,40-45,无需要照顾的孩子,上班族,office_worker,客户经理,,,
P01654,冯婷欣,女,37,35-39,有未成年孩子,服务业者,service_worker,保安,,,
P01655,梁安昊,男,34,30-34,无需要照顾的孩子,上班族,office_worker,项目经理,,,
P01656,陈安羽,女,29,25-29,无需要照顾的孩子,自由业者,freelancer,自由设计师,,,
P01657,黄欣,女,37,35-39,无需要照顾的孩子,上班族,office_worker,软件工程师,,,
P01658,赵语雨,女,44,40-45,无需要照顾的孩子,上班族,office_worker,部门经理,,,
P01659,张嘉诺,男,22,18-24,无需要照顾的孩子,上班族,office_worker,数据分析师,,,
P01660,张安文,男,34,30-34,无需要照顾的孩子,上班族,office_worker,运营专员,,,
P01661,陈轩俊,男,40,40-45,有未成年孩子,自由业者,freelancer,自媒体从业者,,,
P01662,李若,女,43,40-45,无需要照顾的孩子,上班族,office_worker,技术经理,,,
P01663,王诺,女,30,30-34,无需要照顾的孩子,自由业者,freelancer,咨询顾问,,,
P01664,马婉婷,女,31,30-34,有未成年孩子,服务业者,service_worker,酒店服务人员,,,
P01665,张婷,女,26,25-29,有未成年孩子,服务业者,service_worker,收银员,,,
P01666,赵文梓,男,19,18-24,无需要照顾的孩子,体力劳动者,manual_worker,汽车技师,,,
P01667,唐乐怡,女,42,40-45,有未成年孩子,服务业者,service_worker,零售店员,,,
P01668,张桐彤,女,31,30-34,无需要照顾的孩子,上班族,office_worker,财务专员,,,
P01669,张然昊,男,39,35-39,有未成年孩子,体力劳动者,manual_worker,电工,,,
P01670,张佳若,女,31,30-34,无需要照顾的孩子,上班族,office_worker,财务专员,,,
P01671,何思,女,33,30-34,无需要照顾的孩子,上班族,office_worker,会计,,,
P01672,徐远雨,女,45,40-45,无需要照顾的孩子,上班族,office_worker,客户经理,,,
P01673,马宁瑶,女,36,35-39,有未成年孩子,体力劳动者,manual_worker,配送员,,,
P01674,刘远俊,男,24,18-24,无需要照顾的孩子,大学生,university_student,硕士研究生,,,
P01675,刘宁宁,女,40,40-45,无需要照顾的孩子,服务业者,service_worker,餐厅服务员,,,
P01676,于欣诺,女,40,40-45,无需要照顾的孩子,服务业者,service_worker,房产经纪,,,
P01677,王宁瑶,女,38,35-39,有未成年孩子,服务业者,service_worker,咖啡师,,,
P01678,林豪清,男,25,25-29,无需要照顾的孩子,服务业者,service_worker,酒店服务人员,,,
P01679,刘远清,女,45,40-45,有未成年孩子,体力劳动者,manual_worker,焊工,,,
P01680,王轩一,男,39,35-39,有未成年孩子,体力劳动者,manual_worker,安装工,,,
P01681,陈心,女,21,18-24,无需要照顾的孩子,自由业者,freelancer,咨询顾问,,,
P01682,吴可,男,38,35-39,有未成年孩子,体力劳动者,manual_worker,快递员,,,
P01683,赵羽宁,女,37,35-39,有未成年孩子,上班族,office_worker,采购经理,,,
P01684,高清,男,32,30-34,无需要照顾的孩子,上班族,office_worker,销售代表,,,
P01685,孙一清,女,38,35-39,有未成年孩子,上班族,office_worker,区域经理,,,
P01686,王欣佳,女,28,25-29,无需要照顾的孩子,服务业者,service_worker,厨师,,,
P01687,李子,男,34,30-34,无需要照顾的孩子,上班族,office_worker,项目经理,,,
P01688,陈轩楷,男,19,18-24,无需要照顾的孩子,大学生,university_student,本科生,,,
P01689,宋羽宁,男,24,18-24,无需要照顾的孩子,大学生,university_student,博士研究生,,,
P01690,刘梦雨,女,25,25-29,无需要照顾的孩子,上班族,office_worker,行政专员,,,
P01691,李言梦,女,23,18-24,无需要照顾的孩子,上班族,office_worker,数据分析师,,,
P01692,李桐,女,43,40-45,有未成年孩子,自由业者,freelancer,翻译,,,
P01693,张哲哲,男,32,30-34,有未成年孩子,上班族,office_worker,财务专员,,,
P01694,胡诺安,女,35,35-39,无需要照顾的孩子,服务业者,service_worker,零售店员,,,
P01695,张子琪,女,42,40-45,有未成年孩子,上班族,office_worker,销售经理,,,
P01696,高嘉晨,男,27,25-29,无需要照顾的孩子,服务业者,service_worker,餐厅服务员,,,
P01697,王可,女,27,25-29,无需要照顾的孩子,服务业者,service_worker,酒店前台,,,
P01698,陈乐涵,男,38,35-39,有未成年孩子,服务业者,service_worker,美容师,,,
P01699,赵源博,男,21,18-24,无需要照顾的孩子,服务业者,service_worker,客服,,,
P01700,李曦,女,44,40-45,无需要照顾的孩子,上班族,office_worker,软件工程师,,,
P01701,刘思宁,男,19,18-24,无需要照顾的孩子,服务业者,service_worker,咖啡师,,,
P01702,许可可,女,33,30-34,无需要照顾的孩子,服务业者,service_worker,健身教练,,,
P01703,张乐远,男,39,35-39,有未成年孩子,体力劳动者,manual_worker,卡车司机,,,
P01704,吴诗星,女,32,30-34,无需要照顾的孩子,自由业者,freelancer,独立程序员,,,
P01705,郭一琪,女,18,18-24,无需要照顾的孩子,大学生,university_student,本科生,,,
P01706,杨明然,男,30,30-34,有未成年孩子,自由业者,freelancer,自由设计师,,,
P01707,刘佳晴,女,40,40-45,无需要照顾的孩子,体力劳动者,manual_worker,电工,,,
P01708,高可可,女,30,30-34,无需要照顾的孩子,服务业者,service_worker,美容师,,,
P01709,徐明杰,男,24,18-24,无需要照顾的孩子,服务业者,service_worker,收银员,,,
P01710,刘晴桐,女,39,35-39,无需要照顾的孩子,上班族,office_worker,高级运营专员,,,
P01711,郑宁,女,24,18-24,无需要照顾的孩子,大学生,university_student,博士研究生,,,
P01712,唐雅婉,女,31,30-34,无需要照顾的孩子,上班族,office_worker,高级运营专员,,,
P01713,李清宁,女,30,30-34,无需要照顾的孩子,服务业者,service_worker,厨师,,,
P01714,谢乐,女,24,18-24,无需要照顾的孩子,上班族,office_worker,财务专员,,,
P01715,刘婷佳,女,44,40-45,有未成年孩子,上班族,office_worker,客户专员,,,
P01716,杨可清,女,37,35-39,有未成年孩子,服务业者,service_worker,酒店服务人员,,,
P01717,林远可,男,18,18-24,无需要照顾的孩子,大学生,university_student,硕士研究生,,,
P01718,罗俊梓,男,27,25-29,无需要照顾的孩子,体力劳动者,manual_worker,卡车司机,,,
P01719,李涵涵,女,30,30-34,有未成年孩子,上班族,office_worker,高级数据分析师,,,
P01720,张言晨,女,31,30-34,无需要照顾的孩子,体力劳动者,manual_worker,卡车司机,,,
P01721,冯静,女,19,18-24,无需要照顾的孩子,上班族,office_worker,采购专员,,,
P01722,刘轩浩,男,34,30-34,无需要照顾的孩子,体力劳动者,manual_worker,维修技师,,,
P01723,杨涵怡,女,37,35-39,有未成年孩子,服务业者,service_worker,酒店服务人员,,,
P01724,高嘉宇,男,26,25-29,有未成年孩子,上班族,office_worker,财务专员,,,
P01725,张桐怡,女,36,35-39,有未成年孩子,自由业者,freelancer,咨询顾问,,,
P01726,陈安一,女,31,30-34,有未成年孩子,上班族,office_worker,采购经理,,,
P01727,赵若辰,女,34,30-34,无需要照顾的孩子,大学生,university_student,博士研究生,,,
P01728,王诗静,女,20,18-24,无需要照顾的孩子,服务业者,service_worker,理发师,,,
P01729,李言心,女,18,18-24,无需要照顾的孩子,上班族,office_worker,设计师,,,
P01730,李嘉远,男,32,30-34,无需要照顾的孩子,上班族,office_worker,HR经理,,,
P01731,张源清,男,45,40-45,无需要照顾的孩子,体力劳动者,manual_worker,汽车技师,,,
P01732,袁一楷,男,27,25-29,无需要照顾的孩子,服务业者,service_worker,客服,,,
P01733,李心子,男,20,18-24,无需要照顾的孩子,大学生,university_student,本科生,,,
P01734,于昊轩,男,22,18-24,无需要照顾的孩子,体力劳动者,manual_worker,汽车技师,,,
P01735,刘婷嘉,女,32,30-34,有未成年孩子,上班族,office_worker,设计师,,,
P01736,朱哲,男,28,25-29,无需要照顾的孩子,大学生,university_student,本科生,,,
P01737,陈桐星,女,31,30-34,有未成年孩子,上班族,office_worker,数据分析师,,,
P01738,赵然,男,37,35-39,无需要照顾的孩子,服务业者,service_worker,理发师,,,
P01739,于羽涵,女,35,35-39,有未成年孩子,上班族,office_worker,客户经理,,,
P01740,李思安,女,42,40-45,无需要照顾的孩子,服务业者,service_worker,零售店员,,,
P01741,冯婷怡,女,29,25-29,无需要照顾的孩子,服务业者,service_worker,客服,,,
P01742,唐辰婉,女,37,35-39,有未成年孩子,服务业者,service_worker,咖啡师,,,
P01743,许琪一,女,44,40-45,无需要照顾的孩子,上班族,office_worker,高级软件工程师,,,
P01744,李晓瑶,女,39,35-39,有未成年孩子,上班族,office_worker,HR经理,,,
P01745,郭涵嘉,男,38,35-39,无需要照顾的孩子,上班族,office_worker,行政专员,,,
P01746,吴博星,男,45,40-45,有未成年孩子,上班族,office_worker,财务主管,,,
P01747,董晴语,女,25,25-29,无需要照顾的孩子,上班族,office_worker,行政专员,,,
P01748,王心清,女,44,40-45,有未成年孩子,上班族,office_worker,运营专员,,,
P01749,周雨琪,女,24,18-24,有未成年孩子,服务业者,service_worker,咖啡师,,,
P01750,黄安知,男,39,35-39,有未成年孩子,服务业者,service_worker,健身教练,,,
P01751,周琪,女,42,40-45,有成年孩子,上班族,office_worker,高级数据分析师,,,
P01752,李远思,女,19,18-24,无需要照顾的孩子,上班族,office_worker,设计师,,,
P01753,朱豪景,男,44,40-45,有未成年孩子,体力劳动者,manual_worker,电工,,,
P01754,陈乐一,男,31,30-34,无需要照顾的孩子,服务业者,service_worker,餐厅服务员,,,
P01755,杨晴星,女,40,40-45,有未成年孩子,服务业者,service_worker,零售店员,,,
P01756,陈诗源,女,39,35-39,有未成年孩子,服务业者,service_worker,健身教练,,,
P01757,梁诗,女,30,30-34,无需要照顾的孩子,自由业者,freelancer,咨询顾问,,,
P01758,张桐,女,45,40-45,无需要照顾的孩子,服务业者,service_worker,酒店服务人员,,,
P01759,林乐心,男,18,18-24,无需要照顾的孩子,上班族,office_worker,软件工程师,,,
P01760,邓嘉怡,女,20,18-24,无需要照顾的孩子,大学生,university_student,本科生,,,
P01761,胡清瑶,女,40,40-45,无需要照顾的孩子,体力劳动者,manual_worker,卡车司机,,,
P01762,李嫣婷,女,44,40-45,无需要照顾的孩子,服务业者,service_worker,理发师,,,
P01763,陈梦可,女,42,40-45,有未成年孩子,自由业者,freelancer,自媒体从业者,,,
P01764,朱思,女,43,40-45,有未成年孩子,体力劳动者,manual_worker,仓库操作员,,,
P01765,孙若,女,31,30-34,无需要照顾的孩子,上班族,office_worker,会计,,,
P01766,张浩博,男,21,18-24,无需要照顾的孩子,上班族,office_worker,采购专员,,,
P01767,王宁羽,女,19,18-24,无需要照顾的孩子,自由业者,freelancer,独立程序员,,,
P01768,王哲哲,男,41,40-45,有未成年孩子,体力劳动者,manual_worker,电工,,,
P01769,何梦若,女,20,18-24,无需要照顾的孩子,自由业者,freelancer,咨询顾问,,,
P01770,杨思安,女,39,35-39,无需要照顾的孩子,体力劳动者,manual_worker,配送员,,,
P01771,李远彤,女,43,40-45,有未成年孩子,服务业者,service_worker,客服,,,
P01772,王一一,男,26,25-29,无需要照顾的孩子,大学生,university_student,硕士研究生,,,
P01773,胡哲知,男,25,25-29,有未成年孩子,上班族,office_worker,行政专员,,,
P01774,张怡乐,女,44,40-45,有未成年孩子,上班族,office_worker,高级软件工程师,,,
P01775,孙宁,女,35,35-39,有未成年孩子,服务业者,service_worker,美容师,,,
P01776,刘辰佳,女,35,35-39,有未成年孩子,上班族,office_worker,高级运营专员,,,
P01777,刘知,女,42,40-45,有未成年孩子,上班族,office_worker,行政专员,,,
P01778,郑星若,女,30,30-34,有未成年孩子,自由业者,freelancer,私教,,,
P01779,陈涵,男,33,30-34,有未成年孩子,服务业者,service_worker,零售店员,,,
P01780,黄欣欣,女,34,30-34,无需要照顾的孩子,服务业者,service_worker,客服,,,
P01781,刘佳,女,38,35-39,有未成年孩子,体力劳动者,manual_worker,安装工,,,
P01782,王静子,女,38,35-39,有未成年孩子,服务业者,service_worker,理发师,,,
P01783,吴宇诚,男,18,18-24,无需要照顾的孩子,上班族,office_worker,软件工程师,,,
P01784,高佑,男,27,25-29,无需要照顾的孩子,自由业者,freelancer,自由设计师,,,
P01785,袁梦,女,27,25-29,有未成年孩子,体力劳动者,manual_worker,汽车技师,,,
P01786,王知羽,女,44,40-45,有未成年孩子,服务业者,service_worker,收银员,,,
P01787,郑星雨,女,45,40-45,无需要照顾的孩子,上班族,office_worker,财务专员,,,
P01788,刘可静,女,33,30-34,无需要照顾的孩子,自由业者,freelancer,咨询顾问,,,
P01789,张天哲,男,18,18-24,无需要照顾的孩子,上班族,office_worker,运营专员,,,
P01790,王安曦,女,40,40-45,无需要照顾的孩子,上班族,office_worker,运营经理,,,
P01791,张楷,男,20,18-24,无需要照顾的孩子,上班族,office_worker,行政专员,,,
P01792,朱言心,女,39,35-39,无需要照顾的孩子,上班族,office_worker,会计,,,
P01793,刘琪远,女,31,30-34,有未成年孩子,上班族,office_worker,采购专员,,,
P01794,胡诺婷,女,18,18-24,无需要照顾的孩子,大学生,university_student,本科生,,,
P01795,吴子,男,39,35-39,有未成年孩子,体力劳动者,manual_worker,配送员,,,
P01796,刘晴彤,女,45,40-45,无需要照顾的孩子,服务业者,service_worker,酒店服务人员,,,
P01797,孙清晓,女,34,30-34,有未成年孩子,上班族,office_worker,软件工程师,,,
P01798,罗俊楷,男,33,30-34,无需要照顾的孩子,体力劳动者,manual_worker,设备操作员,,,
P01799,孙晨怡,女,28,25-29,无需要照顾的孩子,大学生,university_student,硕士研究生,,,
P01800,黄静,女,32,30-34,有未成年孩子,自由业者,freelancer,翻译,,,
P01801,赵婉可,女,26,25-29,无需要照顾的孩子,体力劳动者,manual_worker,仓库操作员,,,
P01802,王涵文,男,41,40-45,有未成年孩子,服务业者,service_worker,厨师,,,
P01803,杨安瑶,女,38,35-39,有未成年孩子,服务业者,service_worker,咖啡师,,,
P01804,孙知,男,26,25-29,无需要照顾的孩子,服务业者,service_worker,客服,,,
P01805,吴可,男,44,40-45,有成年孩子,服务业者,service_worker,健身教练,,,
P01806,赵言昊,男,29,25-29,无需要照顾的孩子,上班族,office_worker,财务专员,,,
P01807,何欣辰,女,24,18-24,无需要照顾的孩子,大学生,university_student,硕士研究生,,,
P01808,胡泽言,男,28,25-29,有未成年孩子,上班族,office_worker,会计,,,
P01809,王涵梦,女,20,18-24,无需要照顾的孩子,大学生,university_student,本科生,,,
P01810,张远桐,女,31,30-34,无需要照顾的孩子,上班族,office_worker,项目经理,,,
P01811,何浩文,男,32,30-34,无需要照顾的孩子,服务业者,service_worker,收银员,,,
P01812,陈杰天,男,36,35-39,有未成年孩子,自由业者,freelancer,自由销售,,,
P01813,周豪,男,31,30-34,有未成年孩子,上班族,office_worker,高级软件工程师,,,
P01814,许晓,女,25,25-29,无需要照顾的孩子,服务业者,service_worker,餐厅服务员,,,
P01815,邓静欣,女,32,30-34,无需要照顾的孩子,上班族,office_worker,销售代表,,,
P01816,郑嘉思,女,18,18-24,无需要照顾的孩子,大学生,university_student,本科生,,,
P01817,李思怡,女,27,25-29,无需要照顾的孩子,上班族,office_worker,销售代表,,,
P01818,李可欣,女,31,30-34,无需要照顾的孩子,上班族,office_worker,客户专员,,,
P01819,陈辰晨,女,38,35-39,有未成年孩子,上班族,office_worker,项目经理,,,
P01820,陈轩豪,男,30,30-34,有未成年孩子,自由业者,freelancer,翻译,,,
P01821,吴辰,男,31,30-34,有未成年孩子,服务业者,service_worker,房产经纪,,,
P01822,王涵诚,男,18,18-24,无需要照顾的孩子,上班族,office_worker,会计,,,
P01823,黄言思,女,36,35-39,无需要照顾的孩子,上班族,office_worker,销售经理,,,
P01824,杨安心,女,37,35-39,有未成年孩子,体力劳动者,manual_worker,卡车司机,,,
P01825,林宁,女,21,18-24,有未成年孩子,上班族,office_worker,财务专员,,,
P01826,王一欣,女,32,30-34,有未成年孩子,服务业者,service_worker,保安,,,
P01827,陈婷嫣,女,41,40-45,有未成年孩子,自由业者,freelancer,咨询顾问,,,
P01828,朱嫣琪,女,20,18-24,无需要照顾的孩子,大学生,university_student,本科生,,,
P01829,黄婉,女,37,35-39,有未成年孩子,自由业者,freelancer,私教,,,
P01830,黄宁辰,男,42,40-45,有未成年孩子,上班族,office_worker,高级数据分析师,,,
P01831,陈嫣桐,女,24,18-24,无需要照顾的孩子,上班族,office_worker,会计,,,
P01832,袁可,女,33,30-34,有未成年孩子,上班族,office_worker,软件工程师,,,
P01833,徐嫣言,女,39,35-39,有未成年孩子,上班族,office_worker,财务主管,,,
P01834,陈欣,女,42,40-45,有未成年孩子,体力劳动者,manual_worker,电工,,,
P01835,冯言嘉,男,21,18-24,无需要照顾的孩子,体力劳动者,manual_worker,维修技师,,,
P01836,李宁豪,男,26,25-29,无需要照顾的孩子,自由业者,freelancer,咨询顾问,,,
P01837,朱语思,女,44,40-45,有未成年孩子,上班族,office_worker,产品经理,,,
P01838,刘婉,女,29,25-29,无需要照顾的孩子,上班族,office_worker,行政专员,,,
P01839,周远羽,女,19,18-24,无需要照顾的孩子,大学生,university_student,本科生,,,
P01840,李子,女,19,18-24,无需要照顾的孩子,上班族,office_worker,销售代表,,,
P01841,王彤清,女,19,18-24,有未成年孩子,大学生,university_student,本科生,,,
P01842,张雨,女,26,25-29,有未成年孩子,大学生,university_student,硕士研究生,,,
P01843,胡言辰,男,33,30-34,无需要照顾的孩子,自由业者,freelancer,独立承包商,,,
P01844,孙语,女,42,40-45,有未成年孩子,自由业者,freelancer,私教,,,
P01845,陈泽远,男,24,18-24,有未成年孩子,服务业者,service_worker,健身教练,,,
P01846,李诗涵,女,36,35-39,有未成年孩子,上班族,office_worker,数据分析师,,,
P01847,徐知雅,女,40,40-45,无需要照顾的孩子,服务业者,service_worker,咖啡师,,,
P01848,赵楷泽,男,41,40-45,有未成年孩子,上班族,office_worker,HR经理,,,
P01849,刘楷言,男,19,18-24,无需要照顾的孩子,服务业者,service_worker,收银员,,,
P01850,梁轩源,男,31,30-34,无需要照顾的孩子,服务业者,service_worker,房产经纪,,,
P01851,袁欣可,女,40,40-45,有成年孩子,体力劳动者,manual_worker,搬运工,,,
P01852,李琪佳,女,33,30-34,有未成年孩子,上班族,office_worker,高级运营专员,,,
P01853,黄辰语,女,18,18-24,无需要照顾的孩子,大学生,university_student,本科生,,,
P01854,张言晴,女,39,35-39,有未成年孩子,自由业者,freelancer,自媒体从业者,,,
P01855,张涵,女,31,30-34,有未成年孩子,上班族,office_worker,客户专员,,,
P01856,郭嘉文,男,34,30-34,无需要照顾的孩子,上班族,office_worker,设计师,,,
P01857,罗乐清,男,29,25-29,无需要照顾的孩子,服务业者,service_worker,收银员,,,
P01858,胡哲一,男,39,35-39,有未成年孩子,上班族,office_worker,客户经理,,,
P01859,周晓思,女,25,25-29,无需要照顾的孩子,上班族,office_worker,设计师,,,
P01860,吴安宁,男,27,25-29,无需要照顾的孩子,自由业者,freelancer,自媒体从业者,,,
P01861,宋辰嘉,女,27,25-29,无需要照顾的孩子,上班族,office_worker,HR经理,,,
P01862,胡乐晨,男,30,30-34,有未成年孩子,上班族,office_worker,销售经理,,,
P01863,王景豪,男,40,40-45,无需要照顾的孩子,上班族,office_worker,销售经理,,,
P01864,冯远婉,女,29,25-29,无需要照顾的孩子,上班族,office_worker,软件工程师,,,
P01865,孙言,女,26,25-29,无需要照顾的孩子,服务业者,service_worker,酒店服务人员,,,
P01866,王欣辰,女,37,35-39,无需要照顾的孩子,体力劳动者,manual_worker,汽车技师,,,
P01867,陈曦辰,女,18,18-24,无需要照顾的孩子,自由业者,freelancer,摄影师,,,
P01868,郭佳安,女,45,40-45,有未成年孩子,服务业者,service_worker,健身教练,,,
P01869,何知可,女,27,25-29,无需要照顾的孩子,上班族,office_worker,行政专员,,,
P01870,王远,男,43,40-45,有未成年孩子,服务业者,service_worker,房产经纪,,,
P01871,黄心,女,19,18-24,无需要照顾的孩子,服务业者,service_worker,酒店服务人员,,,
P01872,王可语,女,32,30-34,有未成年孩子,上班族,office_worker,项目经理,,,
P01873,周远若,女,35,35-39,有未成年孩子,上班族,office_worker,销售经理,,,
P01874,罗佑嘉,男,25,25-29,无需要照顾的孩子,上班族,office_worker,客户专员,,,
P01875,杨思,女,30,30-34,有未成年孩子,上班族,office_worker,高级数据分析师,,,
P01876,胡子瑶,女,38,35-39,无需要照顾的孩子,上班族,office_worker,HR经理,,,
P01877,冯可嘉,女,38,35-39,有未成年孩子,上班族,office_worker,项目经理,,,
P01878,袁佳,女,29,25-29,无需要照顾的孩子,服务业者,service_worker,理发师,,,
P01879,何可婉,女,44,40-45,有未成年孩子,自由业者,freelancer,翻译,,,
P01880,罗宁晴,女,42,40-45,有未成年孩子,上班族,office_worker,HR经理,,,
P01881,张瑶婷,女,20,18-24,有未成年孩子,上班族,office_worker,软件工程师,,,
P01882,李子,男,25,25-29,无需要照顾的孩子,服务业者,service_worker,餐厅服务员,,,
P01883,刘言子,女,34,30-34,有未成年孩子,体力劳动者,manual_worker,仓库操作员,,,
P01884,朱源诗,女,19,18-24,无需要照顾的孩子,体力劳动者,manual_worker,搬运工,,,
P01885,何怡晨,女,41,40-45,有未成年孩子,自由业者,freelancer,自媒体从业者,,,
P01886,王羽知,女,32,30-34,有未成年孩子,服务业者,service_worker,零售店员,,,
P01887,韩思远,女,31,30-34,无需要照顾的孩子,自由业者,freelancer,独立程序员,,,
P01888,李晴可,女,38,35-39,有未成年孩子,体力劳动者,manual_worker,汽车技师,,,
P01889,王言远,男,27,25-29,无需要照顾的孩子,自由业者,freelancer,自由销售,,,
P01890,林梦婷,女,27,25-29,有未成年孩子,上班族,office_worker,销售经理,,,
P01891,李杰,男,30,30-34,无需要照顾的孩子,上班族,office_worker,高级数据分析师,,,
P01892,陈雨远,女,30,30-34,无需要照顾的孩子,服务业者,service_worker,理发师,,,
P01893,周欣知,女,24,18-24,无需要照顾的孩子,大学生,university_student,本科生,,,
P01894,孙子欣,女,21,18-24,无需要照顾的孩子,上班族,office_worker,运营专员,,,
P01895,李桐,女,32,30-34,有未成年孩子,上班族,office_worker,软件工程师,,,
P01896,李言晴,女,21,18-24,无需要照顾的孩子,上班族,office_worker,采购专员,,,
P01897,周诗晴,女,43,40-45,有未成年孩子,自由业者,freelancer,独立程序员,,,
P01898,唐然嘉,男,33,30-34,无需要照顾的孩子,上班族,office_worker,采购经理,,,
P01899,周安怡,女,36,35-39,有未成年孩子,自由业者,freelancer,自由设计师,,,
P01900,刘乐佳,女,29,25-29,有未成年孩子,自由业者,freelancer,自由设计师,,,
P01901,赵桐涵,女,27,25-29,有未成年孩子,上班族,office_worker,销售代表,,,
P01902,张嫣佳,女,26,25-29,无需要照顾的孩子,自由业者,freelancer,独立承包商,,,
P01903,郭博,男,29,25-29,无需要照顾的孩子,服务业者,service_worker,房产经纪,,,
P01904,黄思远,女,29,25-29,无需要照顾的孩子,上班族,office_worker,客户专员,,,
P01905,吴宁雅,女,42,40-45,有未成年孩子,体力劳动者,manual_worker,建筑工人,,,
P01906,吴怡琪,女,22,18-24,无需要照顾的孩子,服务业者,service_worker,酒店前台,,,
P01907,程语琪,女,33,30-34,有未成年孩子,上班族,office_worker,高级数据分析师,,,
P01908,吴静,女,34,30-34,有未成年孩子,服务业者,service_worker,健身教练,,,
P01909,许怡子,女,45,40-45,无需要照顾的孩子,上班族,office_worker,销售经理,,,
P01910,王清婉,女,33,30-34,无需要照顾的孩子,上班族,office_worker,行政专员,,,
P01911,朱佳子,女,25,25-29,无需要照顾的孩子,上班族,office_worker,产品经理,,,
P01912,吴浩哲,男,44,40-45,有未成年孩子,体力劳动者,manual_worker,焊工,,,
P01913,李思桐,女,36,35-39,无需要照顾的孩子,体力劳动者,manual_worker,搬运工,,,
P01914,谢曦语,女,20,18-24,无需要照顾的孩子,服务业者,service_worker,酒店服务人员,,,
P01915,刘宁嘉,男,23,18-24,无需要照顾的孩子,服务业者,service_worker,理发师,,,
P01916,孙思静,女,31,30-34,无需要照顾的孩子,服务业者,service_worker,零售店员,,,
P01917,黄诚诚,男,39,35-39,无需要照顾的孩子,服务业者,service_worker,零售店员,,,
P01918,马晴思,女,33,30-34,无需要照顾的孩子,上班族,office_worker,财务专员,,,
P01919,王一可,女,38,35-39,有未成年孩子,体力劳动者,manual_worker,焊工,,,
P01920,刘桐梦,女,41,40-45,有未成年孩子,体力劳动者,manual_worker,建筑工人,,,
P01921,陈桐思,女,29,25-29,有未成年孩子,上班族,office_worker,采购专员,,,
P01922,陈子安,女,36,35-39,有未成年孩子,服务业者,service_worker,美容师,,,
P01923,张清,女,27,25-29,无需要照顾的孩子,服务业者,service_worker,理发师,,,
P01924,刘言然,男,42,40-45,无需要照顾的孩子,上班族,office_worker,客户专员,,,
P01925,周子彤,女,28,25-29,无需要照顾的孩子,大学生,university_student,硕士研究生,,,
P01926,王晴,女,35,35-39,有未成年孩子,体力劳动者,manual_worker,仓库操作员,,,
P01927,董嫣婷,女,40,40-45,有未成年孩子,服务业者,service_worker,厨师,,,
P01928,刘杰宁,男,39,35-39,有成年孩子,上班族,office_worker,高级软件工程师,,,
P01929,董晨豪,男,37,35-39,无需要照顾的孩子,体力劳动者,manual_worker,安装工,,,
P01930,王远,男,33,30-34,有未成年孩子,上班族,office_worker,销售代表,,,
P01931,王远乐,男,28,25-29,无需要照顾的孩子,体力劳动者,manual_worker,卡车司机,,,
P01932,孙哲浩,男,36,35-39,有未成年孩子,服务业者,service_worker,咖啡师,,,
P01933,王可欣,女,29,25-29,无需要照顾的孩子,体力劳动者,manual_worker,汽车技师,,,
P01934,陈琪知,女,18,18-24,无需要照顾的孩子,自由业者,freelancer,网店经营者,,,
P01935,刘杰,男,35,35-39,有未成年孩子,上班族,office_worker,销售经理,,,
P01936,朱静心,女,32,30-34,无需要照顾的孩子,服务业者,service_worker,酒店服务人员,,,
P01937,赵涵思,女,24,18-24,无需要照顾的孩子,大学生,university_student,硕士研究生,,,
P01938,林宁一,女,31,30-34,无需要照顾的孩子,上班族,office_worker,设计师,,,
P01939,李雅怡,女,34,30-34,有未成年孩子,上班族,office_worker,客户经理,,,
P01940,王安涵,男,38,35-39,无需要照顾的孩子,上班族,office_worker,设计师,,,
P01941,谢怡婷,女,35,35-39,有未成年孩子,服务业者,service_worker,餐厅服务员,,,
P01942,李杰浩,男,20,18-24,无需要照顾的孩子,大学生,university_student,博士研究生,,,
P01943,程涵,女,35,35-39,无需要照顾的孩子,上班族,office_worker,销售代表,,,
P01944,王婉若,女,33,30-34,无需要照顾的孩子,上班族,office_worker,部门经理,,,
P01945,吴晨,女,20,18-24,无需要照顾的孩子,上班族,office_worker,软件工程师,,,
P01946,马浩晨,男,38,35-39,有未成年孩子,上班族,office_worker,高级软件工程师,,,
P01947,陈一,男,32,30-34,有未成年孩子,上班族,office_worker,项目经理,,,
P01948,李婉,女,37,35-39,无需要照顾的孩子,上班族,office_worker,采购经理,,,
P01949,刘静,女,20,18-24,无需要照顾的孩子,大学生,university_student,本科生,,,
P01950,吴清思,女,31,30-34,无需要照顾的孩子,服务业者,service_worker,餐厅服务员,,,
P01951,张曦晴,女,23,18-24,有未成年孩子,上班族,office_worker,客户专员,,,
P01952,陈诗星,女,43,40-45,有未成年孩子,服务业者,service_worker,房产经纪,,,
P01953,胡佑晨,男,29,25-29,无需要照顾的孩子,服务业者,service_worker,房产经纪,,,
P01954,李文睿,男,34,30-34,无需要照顾的孩子,上班族,office_worker,运营专员,,,
P01955,李彤语,女,40,40-45,有未成年孩子,上班族,office_worker,财务专员,,,
P01956,陈晴安,女,39,35-39,无需要照顾的孩子,上班族,office_worker,HR经理,,,
P01957,梁雨若,女,29,25-29,无需要照顾的孩子,上班族,office_worker,会计,,,
P01958,谢思宁,女,29,25-29,无需要照顾的孩子,上班族,office_worker,采购专员,,,
P01959,胡彤瑶,女,44,40-45,有成年孩子,服务业者,service_worker,理发师,,,
P01960,王羽宇,男,40,40-45,有未成年孩子,自由业者,freelancer,咨询顾问,,,
P01961,赵琪知,女,25,25-29,无需要照顾的孩子,大学生,university_student,博士研究生,,,
P01962,黄羽知,女,39,35-39,有未成年孩子,上班族,office_worker,高级软件工程师,,,
P01963,杨知心,男,27,25-29,无需要照顾的孩子,上班族,office_worker,设计师,,,
P01964,李言婷,女,20,18-24,无需要照顾的孩子,上班族,office_worker,销售代表,,,
P01965,赵嘉思,女,43,40-45,有未成年孩子,自由业者,freelancer,独立程序员,,,
P01966,王欣诗,女,30,30-34,无需要照顾的孩子,体力劳动者,manual_worker,焊工,,,
P01967,周远怡,女,24,18-24,无需要照顾的孩子,大学生,university_student,硕士研究生,,,
P01968,吴佳,女,19,18-24,无需要照顾的孩子,大学生,university_student,硕士研究生,,,
P01969,刘语若,女,39,35-39,有未成年孩子,上班族,office_worker,项目经理,,,
P01970,马睿睿,男,28,25-29,无需要照顾的孩子,服务业者,service_worker,保安,,,
P01971,张晨,女,45,40-45,有未成年孩子,服务业者,service_worker,酒店前台,,,
P01972,刘晨诗,女,27,25-29,无需要照顾的孩子,上班族,office_worker,采购专员,,,
P01973,唐诺婷,女,27,25-29,有未成年孩子,体力劳动者,manual_worker,搬运工,,,
P01974,胡远晨,男,43,40-45,无需要照顾的孩子,上班族,office_worker,采购经理,,,
P01975,张梦雅,女,33,30-34,无需要照顾的孩子,上班族,office_worker,行政专员,,,
P01976,孙桐涵,女,26,25-29,无需要照顾的孩子,体力劳动者,manual_worker,设备操作员,,,
P01977,王远诺,女,41,40-45,有未成年孩子,上班族,office_worker,财务经理,,,
P01978,梁思乐,女,40,40-45,有未成年孩子,上班族,office_worker,高级产品经理,,,
P01979,谢晴宁,女,33,30-34,无需要照顾的孩子,服务业者,service_worker,收银员,,,
P01980,赵可知,男,24,18-24,无需要照顾的孩子,上班族,office_worker,采购专员,,,
P01981,林哲,男,26,25-29,有未成年孩子,体力劳动者,manual_worker,配送员,,,
P01982,王辰清,男,26,25-29,无需要照顾的孩子,上班族,office_worker,销售经理,,,
P01983,王嘉源,男,38,35-39,有未成年孩子,体力劳动者,manual_worker,电工,,,
P01984,孙博心,男,21,18-24,无需要照顾的孩子,体力劳动者,manual_worker,配送员,,,
P01985,黄羽,女,29,25-29,无需要照顾的孩子,大学生,university_student,博士研究生,,,
P01986,刘一宁,男,43,40-45,无需要照顾的孩子,体力劳动者,manual_worker,汽车技师,,,
P01987,李婉曦,女,25,25-29,无需要照顾的孩子,上班族,office_worker,客户专员,,,
P01988,徐梦涵,女,34,30-34,无需要照顾的孩子,上班族,office_worker,运营专员,,,
P01989,刘心,男,39,35-39,无需要照顾的孩子,上班族,office_worker,客户经理,,,
P01990,吴嘉知,女,39,35-39,有未成年孩子,上班族,office_worker,高级项目经理,,,
P01991,张一诺,男,43,40-45,有未成年孩子,上班族,office_worker,HR经理,,,
P01992,张雨彤,女,29,25-29,无需要照顾的孩子,上班族,office_worker,高级运营专员,,,
P01993,黄景志,男,19,18-24,无需要照顾的孩子,服务业者,service_worker,咖啡师,,,
P01994,郭涵怡,女,31,30-34,无需要照顾的孩子,上班族,office_worker,HR经理,,,
P01995,林婷琪,女,42,40-45,有未成年孩子,体力劳动者,manual_worker,设备操作员,,,
P01996,黄瑶可,女,42,40-45,有未成年孩子,自由业者,freelancer,私教,,,
P01997,徐涵静,女,33,30-34,无需要照顾的孩子,体力劳动者,manual_worker,设备操作员,,,
P01998,张诺嘉,女,20,18-24,无需要照顾的孩子,上班族,office_worker,设计师,,,
P01999,徐梓博,男,42,40-45,有未成年孩子,自由业者,freelancer,独立程序员,,,
P02000,陈然星,男,45,40-45,有成年孩子,体力劳动者,manual_worker,汽车技师,,,
P02001,梁可辰,女,29,25-29,无需要照顾的孩子,大学生,university_student,博士研究生,,,
P02002,王远桐,女,30,30-34,无需要照顾的孩子,体力劳动者,manual_worker,安装工,,,
P02003,李睿辰,男,19,18-24,无需要照顾的孩子,服务业者,service_worker,收银员,,,
P02004,王睿,男,20,18-24,无需要照顾的孩子,服务业者,service_worker,理发师,,,
P02005,杨涵,女,33,30-34,无需要照顾的孩子,自由业者,freelancer,咨询顾问,,,
P02006,刘言涵,男,18,18-24,无需要照顾的孩子,体力劳动者,manual_worker,搬运工,,,
P02007,郭桐,女,35,35-39,有未成年孩子,服务业者,service_worker,保安,,,
P02008,张辰桐,女,28,25-29,无需要照顾的孩子,上班族,office_worker,行政专员,,,
P02009,周可诺,女,37,35-39,有未成年孩子,上班族,office_worker,高级软件工程师,,,
P02010,王源,男,25,25-29,无需要照顾的孩子,服务业者,service_worker,客服,,,
P02011,李然哲,男,25,25-29,无需要照顾的孩子,上班族,office_worker,高级运营专员,,,
P02012,刘欣安,女,25,25-29,无需要照顾的孩子,服务业者,service_worker,酒店前台,,,
P02013,唐晨,女,28,25-29,有未成年孩子,体力劳动者,manual_worker,安装工,,,
P02014,杨诺宁,男,28,25-29,无需要照顾的孩子,大学生,university_student,博士研究生,,,
P02015,朱思轩,男,44,40-45,有未成年孩子,服务业者,service_worker,酒店服务人员,,,
P02016,谢梓文,男,28,25-29,有未成年孩子,体力劳动者,manual_worker,维修技师,,,
P02017,程志嘉,男,27,25-29,有未成年孩子,自由业者,freelancer,自由设计师,,,
P02018,孙雅可,女,30,30-34,有未成年孩子,体力劳动者,manual_worker,安装工,,,
P02019,黄桐晓,女,40,40-45,无需要照顾的孩子,服务业者,service_worker,美容师,,,
P02020,韩子晓,女,35,35-39,有未成年孩子,体力劳动者,manual_worker,建筑工人,,,
P02021,李语琪,女,33,30-34,无需要照顾的孩子,自由业者,freelancer,私教,,,
P02022,许然,男,35,35-39,有未成年孩子,体力劳动者,manual_worker,安装工,,,
P02023,董诗,女,40,40-45,无需要照顾的孩子,体力劳动者,manual_worker,电工,,,
P02024,李晓嘉,女,27,25-29,有未成年孩子,上班族,office_worker,客户专员,,,
P02025,陈文文,男,37,35-39,无需要照顾的孩子,服务业者,service_worker,客服,,,
P02026,张涵言,男,34,30-34,无需要照顾的孩子,上班族,office_worker,项目经理,,,
P02027,周泽楷,男,31,30-34,无需要照顾的孩子,上班族,office_worker,财务专员,,,
P02028,马言然,男,34,30-34,无需要照顾的孩子,上班族,office_worker,行政专员,,,
P02029,杨星梦,女,33,30-34,无需要照顾的孩子,上班族,office_worker,采购经理,,,
P02030,罗晨晓,女,23,18-24,无需要照顾的孩子,自由业者,freelancer,自由设计师,,,
P02031,孙言晨,男,40,40-45,无需要照顾的孩子,上班族,office_worker,区域经理,,,
P02032,徐诺可,女,45,40-45,无需要照顾的孩子,上班族,office_worker,项目经理,,,
P02033,黄曦琪,女,29,25-29,无需要照顾的孩子,大学生,university_student,硕士研究生,,,
P02034,张宁嘉,女,30,30-34,无需要照顾的孩子,上班族,office_worker,业务负责人,,,
P02035,朱一知,女,20,18-24,无需要照顾的孩子,服务业者,service_worker,理发师,,,
P02036,赵羽,女,27,25-29,无需要照顾的孩子,服务业者,service_worker,酒店服务人员,,,
P02037,赵彤辰,女,39,35-39,无需要照顾的孩子,上班族,office_worker,采购专员,,,
P02038,张源,女,26,25-29,无需要照顾的孩子,大学生,university_student,博士研究生,,,
P02039,张博辰,男,19,18-24,有未成年孩子,体力劳动者,manual_worker,仓库操作员,,,
P02040,程豪,男,30,30-34,无需要照顾的孩子,上班族,office_worker,财务主管,,,
P02041,李可若,女,29,25-29,无需要照顾的孩子,上班族,office_worker,HR经理,,,
P02042,张豪俊,男,18,18-24,无需要照顾的孩子,服务业者,service_worker,餐厅服务员,,,
P02043,李怡辰,女,36,35-39,有未成年孩子,体力劳动者,manual_worker,焊工,,,
P02044,张诺诗,女,22,18-24,无需要照顾的孩子,服务业者,service_worker,房产经纪,,,
P02045,王静,女,39,35-39,有成年孩子,上班族,office_worker,技术经理,,,
P02046,林梦静,女,34,30-34,有未成年孩子,上班族,office_worker,采购经理,,,
P02047,罗嫣怡,女,26,25-29,无需要照顾的孩子,体力劳动者,manual_worker,建筑工人,,,
P02048,李俊昊,男,45,40-45,有未成年孩子,服务业者,service_worker,理发师,,,
P02049,李乐语,女,24,18-24,无需要照顾的孩子,服务业者,service_worker,客服,,,
P02050,程哲睿,男,31,30-34,无需要照顾的孩子,服务业者,service_worker,厨师,,,
P02051,陈瑶子,女,44,40-45,有成年孩子,体力劳动者,manual_worker,卡车司机,,,
P02052,刘若诗,女,27,25-29,无需要照顾的孩子,上班族,office_worker,数据分析师,,,
P02053,陈嘉楷,男,18,18-24,无需要照顾的孩子,服务业者,service_worker,保安,,,
P02054,徐景睿,男,36,35-39,无需要照顾的孩子,服务业者,service_worker,保安,,,
P02055,罗安可,女,36,35-39,有未成年孩子,上班族,office_worker,客户经理,,,
P02056,刘远诺,女,42,40-45,有未成年孩子,上班族,office_worker,高级运营专员,,,
P02057,胡言雨,女,32,30-34,无需要照顾的孩子,上班族,office_worker,设计师,,,
P02058,高嫣,女,19,18-24,无需要照顾的孩子,大学生,university_student,本科生,,,
P02059,吴言,男,43,40-45,有成年孩子,自由业者,freelancer,摄影师,,,
P02060,谢涵,女,32,30-34,有未成年孩子,服务业者,service_worker,收银员,,,
P02061,刘雨心,女,30,30-34,有未成年孩子,自由业者,freelancer,自媒体从业者,,,
P02062,罗涵一,男,41,40-45,有未成年孩子,体力劳动者,manual_worker,搬运工,,,
P02063,高思,女,41,40-45,有成年孩子,服务业者,service_worker,美容师,,,
P02064,张博泽,男,26,25-29,无需要照顾的孩子,大学生,university_student,硕士研究生,,,
P02065,吴雨雅,女,26,25-29,有未成年孩子,大学生,university_student,硕士研究生,,,
P02066,刘羽一,女,41,40-45,无需要照顾的孩子,体力劳动者,manual_worker,卡车司机,,,
P02067,周琪心,女,18,18-24,无需要照顾的孩子,自由业者,freelancer,独立承包商,,,
P02068,张言睿,男,33,30-34,有未成年孩子,上班族,office_worker,项目经理,,,
P02069,郭一语,女,29,25-29,无需要照顾的孩子,服务业者,service_worker,理发师,,,
P02070,郭天杰,男,37,35-39,无需要照顾的孩子,上班族,office_worker,高级软件工程师,,,
P02071,刘思怡,女,19,18-24,无需要照顾的孩子,上班族,office_worker,设计师,,,
P02072,马辰若,女,25,25-29,无需要照顾的孩子,上班族,office_worker,财务专员,,,
P02073,刘乐哲,男,44,40-45,有未成年孩子,体力劳动者,manual_worker,维修技师,,,
P02074,王可雅,女,24,18-24,无需要照顾的孩子,体力劳动者,manual_worker,仓库操作员,,,
P02075,谢羽诗,女,35,35-39,无需要照顾的孩子,上班族,office_worker,高级运营专员,,,
P02076,刘欣涵,女,44,40-45,无需要照顾的孩子,体力劳动者,manual_worker,维修技师,,,
P02077,吴涵,女,33,30-34,有未成年孩子,上班族,office_worker,产品经理,,,
P02078,黄佳婉,女,21,18-24,无需要照顾的孩子,上班族,office_worker,会计,,,
P02079,刘浩,男,30,30-34,无需要照顾的孩子,上班族,office_worker,项目经理,,,
P02080,王诗乐,女,34,30-34,无需要照顾的孩子,上班族,office_worker,软件工程师,,,
P02081,张桐乐,女,30,30-34,有未成年孩子,体力劳动者,manual_worker,搬运工,,,
P02082,李一辰,女,29,25-29,无需要照顾的孩子,服务业者,service_worker,厨师,,,
P02083,张桐嘉,女,22,18-24,无需要照顾的孩子,服务业者,service_worker,酒店服务人员,,,
P02084,宋欣,女,36,35-39,有未成年孩子,上班族,office_worker,高级数据分析师,,,
P02085,刘涵思,女,18,18-24,无需要照顾的孩子,大学生,university_student,本科生,,,
P02086,张知言,男,38,35-39,有未成年孩子,上班族,office_worker,采购经理,,,
P02087,陈可诗,女,19,18-24,无需要照顾的孩子,自由业者,freelancer,摄影师,,,
P02088,赵琪乐,女,31,30-34,无需要照顾的孩子,服务业者,service_worker,酒店前台,,,
P02089,王博豪,男,43,40-45,有未成年孩子,自由业者,freelancer,自由销售,,,
P02090,刘诺,女,43,40-45,有未成年孩子,上班族,office_worker,客户经理,,,
P02091,李静雨,女,23,18-24,无需要照顾的孩子,服务业者,service_worker,咖啡师,,,
P02092,周嫣桐,女,32,30-34,有未成年孩子,服务业者,service_worker,咖啡师,,,
P02093,赵景,男,27,25-29,无需要照顾的孩子,自由业者,freelancer,独立承包商,,,
P02094,孙欣涵,女,19,18-24,无需要照顾的孩子,大学生,university_student,本科生,,,
P02095,林睿诚,男,31,30-34,有未成年孩子,上班族,office_worker,行政专员,,,
P02096,吴然远,男,24,18-24,无需要照顾的孩子,服务业者,service_worker,美容师,,,
P02097,陈安诚,男,42,40-45,有未成年孩子,服务业者,service_worker,健身教练,,,
P02098,郑语怡,女,33,30-34,有未成年孩子,上班族,office_worker,高级软件工程师,,,
P02099,张梦,女,45,40-45,有成年孩子,上班族,office_worker,采购经理,,,
P02100,孙一怡,女,33,30-34,无需要照顾的孩子,上班族,office_worker,客户经理,,,
P02101,孙嘉嫣,女,26,25-29,无需要照顾的孩子,自由业者,freelancer,翻译,,,
P02102,谢轩天,男,34,30-34,有未成年孩子,上班族,office_worker,软件工程师,,,
P02103,王诗清,女,25,25-29,无需要照顾的孩子,体力劳动者,manual_worker,焊工,,,
P02104,马怡安,女,18,18-24,无需要照顾的孩子,上班族,office_worker,数据分析师,,,
P02105,李源哲,男,44,40-45,无需要照顾的孩子,上班族,office_worker,会计,,,
P02106,刘心诗,女,44,40-45,有未成年孩子,上班族,office_worker,HR经理,,,
P02107,赵怡源,女,33,30-34,有未成年孩子,上班族,office_worker,产品经理,,,
P02108,陈梦语,女,35,35-39,有未成年孩子,服务业者,service_worker,酒店前台,,,
P02109,黄思辰,女,28,25-29,无需要照顾的孩子,上班族,office_worker,销售经理,,,
P02110,王佳曦,女,35,35-39,无需要照顾的孩子,上班族,office_worker,运营专员,,,
P02111,梁远昊,男,29,25-29,无需要照顾的孩子,上班族,office_worker,销售代表,,,
P02112,杨泽文,男,19,18-24,无需要照顾的孩子,服务业者,service_worker,酒店前台,,,
P02113,张瑶思,女,45,40-45,有成年孩子,上班族,office_worker,财务经理,,,
P02114,何佳怡,女,30,30-34,无需要照顾的孩子,自由业者,freelancer,网店经营者,,,
P02115,唐桐星,女,44,40-45,无需要照顾的孩子,服务业者,service_worker,理发师,,,
P02116,赵思可,女,40,40-45,有未成年孩子,上班族,office_worker,高级产品经理,,,
P02117,唐晴清,女,22,18-24,无需要照顾的孩子,大学生,university_student,本科生,,,
P02118,何琪诺,女,30,30-34,无需要照顾的孩子,服务业者,service_worker,厨师,,,
P02119,何安彤,女,29,25-29,无需要照顾的孩子,服务业者,service_worker,保安,,,
P02120,程晴嫣,女,33,30-34,无需要照顾的孩子,上班族,office_worker,客户专员,,,
P02121,马佳诗,女,24,18-24,无需要照顾的孩子,上班族,office_worker,采购专员,,,
P02122,徐可星,女,33,30-34,无需要照顾的孩子,上班族,office_worker,客户专员,,,
P02123,张哲昊,男,26,25-29,无需要照顾的孩子,服务业者,service_worker,美容师,,,
P02124,吴梦,女,38,35-39,有未成年孩子,体力劳动者,manual_worker,焊工,,,
P02125,刘辰安,男,38,35-39,有未成年孩子,上班族,office_worker,技术经理,,,
P02126,王涵,女,44,40-45,无需要照顾的孩子,体力劳动者,manual_worker,快递员,,,
P02127,李嘉睿,男,24,18-24,无需要照顾的孩子,大学生,university_student,硕士研究生,,,
P02128,罗辰桐,女,28,25-29,无需要照顾的孩子,体力劳动者,manual_worker,快递员,,,
P02129,张豪宁,男,26,25-29,有未成年孩子,服务业者,service_worker,客服,,,
P02130,郭怡欣,女,31,30-34,有未成年孩子,体力劳动者,manual_worker,电工,,,
P02131,李知,女,35,35-39,有未成年孩子,自由业者,freelancer,自由销售,,,
P02132,郭诺晨,男,26,25-29,无需要照顾的孩子,上班族,office_worker,采购专员,,,
P02133,陈思,女,45,40-45,有未成年孩子,体力劳动者,manual_worker,建筑工人,,,
P02134,孙清佳,女,37,35-39,有未成年孩子,体力劳动者,manual_worker,汽车技师,,,
P02135,刘辰若,女,25,25-29,无需要照顾的孩子,上班族,office_worker,客户经理,,,
P02136,韩思宇,男,26,25-29,无需要照顾的孩子,服务业者,service_worker,美容师,,,
P02137,林星诚,男,42,40-45,有未成年孩子,上班族,office_worker,高级运营专员,,,
P02138,何诚阳,男,34,30-34,有未成年孩子,自由业者,freelancer,私教,,,
P02139,陈源乐,女,34,30-34,无需要照顾的孩子,服务业者,service_worker,保安,,,
P02140,张佳安,女,18,18-24,无需要照顾的孩子,体力劳动者,manual_worker,焊工,,,
P02141,董羽宁,女,43,40-45,有未成年孩子,上班族,office_worker,产品经理,,,
P02142,梁清天,男,31,30-34,无需要照顾的孩子,上班族,office_worker,销售代表,,,
P02143,孙嘉涵,男,24,18-24,无需要照顾的孩子,大学生,university_student,硕士研究生,,,
P02144,何星文,男,30,30-34,有未成年孩子,自由业者,freelancer,网店经营者,,,
P02145,罗文,男,26,25-29,无需要照顾的孩子,自由业者,freelancer,网店经营者,,,
P02146,王心思,女,21,18-24,无需要照顾的孩子,大学生,university_student,本科生,,,
P02147,刘琪涵,女,42,40-45,无需要照顾的孩子,上班族,office_worker,高级软件工程师,,,
P02148,张涵若,女,40,40-45,无需要照顾的孩子,上班族,office_worker,财务主管,,,
P02149,周嘉浩,男,26,25-29,无需要照顾的孩子,上班族,office_worker,会计,,,
P02150,王一,女,30,30-34,有未成年孩子,上班族,office_worker,项目经理,,,
P02151,王辰乐,女,28,25-29,无需要照顾的孩子,服务业者,service_worker,理发师,,,
P02152,黄宁,女,26,25-29,无需要照顾的孩子,自由业者,freelancer,网店经营者,,,
P02153,何子星,男,45,40-45,有未成年孩子,体力劳动者,manual_worker,安装工,,,
P02154,张怡语,女,36,35-39,无需要照顾的孩子,服务业者,service_worker,美容师,,,
P02155,张怡,女,37,35-39,无需要照顾的孩子,服务业者,service_worker,美容师,,,
P02156,李琪宁,女,37,35-39,有未成年孩子,体力劳动者,manual_worker,电工,,,
P02157,张雨安,女,29,25-29,无需要照顾的孩子,上班族,office_worker,设计师,,,
P02158,梁文明,男,20,18-24,无需要照顾的孩子,服务业者,service_worker,美容师,,,
P02159,袁静佳,女,25,25-29,无需要照顾的孩子,上班族,office_worker,财务专员,,,
P02160,张瑶子,女,32,30-34,无需要照顾的孩子,上班族,office_worker,设计师,,,
P02161,周嘉,男,39,35-39,有未成年孩子,上班族,office_worker,运营专员,,,
P02162,郭涵怡,女,40,40-45,无需要照顾的孩子,上班族,office_worker,人力资源经理,,,
P02163,孙语欣,女,39,35-39,无需要照顾的孩子,服务业者,service_worker,美容师,,,
P02164,刘辰,男,40,40-45,有未成年孩子,体力劳动者,manual_worker,电工,,,
P02165,朱桐佳,女,35,35-39,有未成年孩子,上班族,office_worker,区域经理,,,
P02166,张景哲,男,31,30-34,无需要照顾的孩子,上班族,office_worker,销售代表,,,
P02167,黄思欣,女,26,25-29,有未成年孩子,服务业者,service_worker,厨师,,,
P02168,李远婷,女,38,35-39,无需要照顾的孩子,上班族,office_worker,数据分析师,,,
P02169,杨欣羽,女,26,25-29,无需要照顾的孩子,上班族,office_worker,客户专员,,,
P02170,刘琪心,女,42,40-45,无需要照顾的孩子,自由业者,freelancer,咨询顾问,,,
P02171,朱睿诚,男,43,40-45,无需要照顾的孩子,自由业者,freelancer,独立程序员,,,
P02172,吴可思,女,21,18-24,无需要照顾的孩子,上班族,office_worker,行政专员,,,
P02173,张晴知,女,41,40-45,有成年孩子,自由业者,freelancer,自媒体从业者,,,
P02174,李欣可,女,25,25-29,无需要照顾的孩子,自由业者,freelancer,网店经营者,,,
P02175,何诚阳,男,42,40-45,有未成年孩子,服务业者,service_worker,客服,,,
P02176,陈嘉思,男,45,40-45,无需要照顾的孩子,服务业者,service_worker,酒店服务人员,,,
P02177,韩曦桐,女,29,25-29,无需要照顾的孩子,上班族,office_worker,运营专员,,,
P02178,邓彤瑶,女,45,40-45,有未成年孩子,上班族,office_worker,项目经理,,,
P02179,陈若辰,女,45,40-45,有未成年孩子,上班族,office_worker,采购专员,,,
P02180,张景景,男,31,30-34,有未成年孩子,体力劳动者,manual_worker,配送员,,,
P02181,袁文俊,男,19,18-24,无需要照顾的孩子,服务业者,service_worker,餐厅服务员,,,
P02182,孙欣若,女,37,35-39,有未成年孩子,上班族,office_worker,采购经理,,,
P02183,唐诺安,女,43,40-45,有成年孩子,体力劳动者,manual_worker,汽车技师,,,
P02184,马诚,男,34,30-34,有未成年孩子,服务业者,service_worker,健身教练,,,
P02185,林彤若,女,18,18-24,无需要照顾的孩子,自由业者,freelancer,自由设计师,,,
P02186,谢宁婉,女,35,35-39,有未成年孩子,上班族,office_worker,高级软件工程师,,,
P02187,吴泽诺,男,28,25-29,无需要照顾的孩子,上班族,office_worker,采购专员,,,
P02188,李远安,女,42,40-45,有未成年孩子,上班族,office_worker,销售代表,,,
P02189,赵子欣,女,38,35-39,无需要照顾的孩子,上班族,office_worker,产品经理,,,
P02190,陈婉,女,24,18-24,无需要照顾的孩子,上班族,office_worker,数据分析师,,,
P02191,杨怡雅,女,42,40-45,无需要照顾的孩子,上班族,office_worker,项目经理,,,
P02192,陈清文,男,33,30-34,有未成年孩子,上班族,office_worker,财务主管,,,
P02193,陈嘉,男,42,40-45,有未成年孩子,上班族,office_worker,销售经理,,,
P02194,黄佑,男,43,40-45,有未成年孩子,上班族,office_worker,采购专员,,,
P02195,张星清,女,28,25-29,无需要照顾的孩子,服务业者,service_worker,零售店员,,,
P02196,王一知,女,33,30-34,有未成年孩子,自由业者,freelancer,网店经营者,,,
P02197,何星知,女,21,18-24,无需要照顾的孩子,大学生,university_student,本科生,,,
P02198,张安佳,女,43,40-45,有成年孩子,体力劳动者,manual_worker,卡车司机,,,
P02199,刘可彤,女,43,40-45,有未成年孩子,自由业者,freelancer,自由设计师,,,
P02200,杨源瑶,女,34,30-34,无需要照顾的孩子,上班族,office_worker,会计,,,
P02201,周婷涵,女,44,40-45,有未成年孩子,上班族,office_worker,财务专员,,,
P02202,何羽涵,女,30,30-34,无需要照顾的孩子,体力劳动者,manual_worker,搬运工,,,
P02203,于桐羽,女,43,40-45,有未成年孩子,上班族,office_worker,行政专员,,,
P02204,郑瑶佳,女,28,25-29,无需要照顾的孩子,上班族,office_worker,会计,,,
P02205,王阳可,男,37,35-39,有未成年孩子,上班族,office_worker,销售经理,,,
P02206,徐欣诗,女,38,35-39,有未成年孩子,上班族,office_worker,高级运营专员,,,
P02207,陈婷远,女,32,30-34,无需要照顾的孩子,上班族,office_worker,销售代表,,,
P02208,李清,女,41,40-45,有未成年孩子,上班族,office_worker,财务专员,,,
P02209,程涵,男,33,30-34,有未成年孩子,服务业者,service_worker,理发师,,,
P02210,刘远诺,女,32,30-34,有未成年孩子,服务业者,service_worker,房产经纪,,,
P02211,刘轩诚,男,39,35-39,无需要照顾的孩子,体力劳动者,manual_worker,安装工,,,
P02212,周思欣,女,28,25-29,有未成年孩子,自由业者,freelancer,翻译,,,
P02213,周佳,女,37,35-39,有未成年孩子,上班族,office_worker,财务主管,,,
P02214,谢宇,男,39,35-39,无需要照顾的孩子,上班族,office_worker,销售经理,,,
P02215,冯文辰,男,36,35-39,有成年孩子,服务业者,service_worker,餐厅服务员,,,
P02216,罗曦涵,女,44,40-45,无需要照顾的孩子,服务业者,service_worker,咖啡师,,,
P02217,陈子,女,36,35-39,有未成年孩子,服务业者,service_worker,咖啡师,,,
P02218,张诗诗,女,39,35-39,有未成年孩子,上班族,office_worker,运营专员,,,
P02219,陈志梓,男,25,25-29,无需要照顾的孩子,上班族,office_worker,HR经理,,,
P02220,张晨远,女,45,40-45,无需要照顾的孩子,上班族,office_worker,高级数据分析师,,,
P02221,黄曦辰,女,19,18-24,无需要照顾的孩子,服务业者,service_worker,房产经纪,,,
P02222,王宁雨,女,27,25-29,无需要照顾的孩子,自由业者,freelancer,私教,,,
P02223,王琪辰,女,29,25-29,无需要照顾的孩子,自由业者,freelancer,翻译,,,
P02224,赵远安,男,30,30-34,有未成年孩子,上班族,office_worker,项目经理,,,
P02225,王梓,男,43,40-45,无需要照顾的孩子,体力劳动者,manual_worker,汽车技师,,,
P02226,李欣心,女,25,25-29,无需要照顾的孩子,上班族,office_worker,设计师,,,
P02227,王语,女,28,25-29,无需要照顾的孩子,上班族,office_worker,行政专员,,,
P02228,唐可,女,32,30-34,无需要照顾的孩子,服务业者,service_worker,客服,,,
P02229,唐宁可,女,38,35-39,无需要照顾的孩子,上班族,office_worker,采购经理,,,
P02230,徐知晓,女,40,40-45,无需要照顾的孩子,服务业者,service_worker,房产经纪,,,
P02231,吴怡羽,女,28,25-29,有未成年孩子,上班族,office_worker,客户经理,,,
P02232,徐哲可,男,40,40-45,有未成年孩子,自由业者,freelancer,自由销售,,,
P02233,陈可思,女,35,35-39,无需要照顾的孩子,上班族,office_worker,数据分析师,,,
P02234,张晨,女,30,30-34,无需要照顾的孩子,上班族,office_worker,HR经理,,,
P02235,王若婷,女,23,18-24,无需要照顾的孩子,服务业者,service_worker,零售店员,,,
P02236,许怡宁,女,41,40-45,无需要照顾的孩子,体力劳动者,manual_worker,汽车技师,,,
P02237,王婷诗,女,27,25-29,无需要照顾的孩子,服务业者,service_worker,房产经纪,,,
P02238,李静梦,女,28,25-29,无需要照顾的孩子,大学生,university_student,硕士研究生,,,
P02239,刘瑶诗,女,36,35-39,有未成年孩子,服务业者,service_worker,房产经纪,,,
P02240,韩诺羽,男,43,40-45,有成年孩子,体力劳动者,manual_worker,仓库操作员,,,
P02241,梁嘉安,男,44,40-45,有未成年孩子,上班族,office_worker,设计师,,,
P02242,张可远,女,24,18-24,无需要照顾的孩子,自由业者,freelancer,私教,,,
P02243,胡怡佳,女,37,35-39,有未成年孩子,上班族,office_worker,财务经理,,,
P02244,李志,男,21,18-24,无需要照顾的孩子,服务业者,service_worker,餐厅服务员,,,
P02245,吴欣诗,女,32,30-34,有未成年孩子,上班族,office_worker,高级数据分析师,,,
P02246,冯思羽,女,41,40-45,有成年孩子,上班族,office_worker,会计,,,
P02247,李怡雨,女,43,40-45,有未成年孩子,上班族,office_worker,客户经理,,,
P02248,张轩清,男,20,18-24,无需要照顾的孩子,大学生,university_student,本科生,,,
P02249,董桐琪,女,39,35-39,有未成年孩子,上班族,office_worker,设计师,,,
P02250,王晓,女,45,40-45,有成年孩子,自由业者,freelancer,私教,,,
P02251,陈欣源,女,19,18-24,无需要照顾的孩子,上班族,office_worker,行政专员,,,
P02252,刘涵可,女,24,18-24,无需要照顾的孩子,服务业者,service_worker,零售店员,,,
P02253,王晨浩,男,43,40-45,有成年孩子,自由业者,freelancer,私教,,,
P02254,王羽佳,女,32,30-34,无需要照顾的孩子,自由业者,freelancer,自媒体从业者,,,
P02255,张羽嫣,女,37,35-39,无需要照顾的孩子,上班族,office_worker,技术经理,,,
P02256,朱怡,女,27,25-29,无需要照顾的孩子,服务业者,service_worker,客服,,,
P02257,张宁雨,女,36,35-39,有未成年孩子,上班族,office_worker,财务主管,,,
P02258,李诚哲,男,21,18-24,无需要照顾的孩子,大学生,university_student,本科生,,,
P02259,赵星源,男,41,40-45,有未成年孩子,上班族,office_worker,财务专员,,,
P02260,李思怡,女,35,35-39,有未成年孩子,服务业者,service_worker,房产经纪,,,
P02261,胡心晨,女,19,18-24,无需要照顾的孩子,自由业者,freelancer,摄影师,,,
P02262,朱语心,女,42,40-45,有未成年孩子,上班族,office_worker,财务经理,,,
P02263,梁羽乐,女,19,18-24,无需要照顾的孩子,大学生,university_student,本科生,,,
P02264,孙思知,女,39,35-39,无需要照顾的孩子,服务业者,service_worker,房产经纪,,,
P02265,刘晓安,女,41,40-45,有未成年孩子,自由业者,freelancer,独立承包商,,,
P02266,曹一楷,男,37,35-39,有未成年孩子,上班族,office_worker,财务主管,,,
P02267,吴轩源,男,31,30-34,无需要照顾的孩子,上班族,office_worker,销售代表,,,
P02268,何静可,女,30,30-34,有未成年孩子,上班族,office_worker,销售代表,,,
P02269,吴桐辰,女,24,18-24,无需要照顾的孩子,体力劳动者,manual_worker,焊工,,,
P02270,王清怡,女,33,30-34,无需要照顾的孩子,上班族,office_worker,行政专员,,,
P02271,杨诺,女,36,35-39,有未成年孩子,上班族,office_worker,高级数据分析师,,,
P02272,陈诺,女,21,18-24,无需要照顾的孩子,大学生,university_student,本科生,,,
P02273,赵知语,女,37,35-39,无需要照顾的孩子,服务业者,service_worker,餐厅服务员,,,
P02274,刘安嫣,女,33,30-34,有未成年孩子,上班族,office_worker,高级软件工程师,,,
P02275,罗言语,女,29,25-29,无需要照顾的孩子,上班族,office_worker,软件工程师,,,
P02276,徐远清,男,18,18-24,无需要照顾的孩子,上班族,office_worker,客户专员,,,
P02277,王明,男,31,30-34,无需要照顾的孩子,服务业者,service_worker,健身教练,,,
P02278,张梦安,女,31,30-34,无需要照顾的孩子,上班族,office_worker,HR经理,,,
P02279,刘阳哲,男,37,35-39,有未成年孩子,体力劳动者,manual_worker,快递员,,,
P02280,孙彤曦,女,33,30-34,有未成年孩子,服务业者,service_worker,健身教练,,,
P02281,杨轩辰,男,19,18-24,无需要照顾的孩子,服务业者,service_worker,厨师,,,
P02282,黄涵思,女,36,35-39,有未成年孩子,自由业者,freelancer,咨询顾问,,,
P02283,韩宁语,女,22,18-24,无需要照顾的孩子,体力劳动者,manual_worker,搬运工,,,
P02284,程心一,女,18,18-24,无需要照顾的孩子,服务业者,service_worker,理发师,,,
P02285,李知晴,女,24,18-24,无需要照顾的孩子,大学生,university_student,本科生,,,
P02286,董梓,男,43,40-45,有未成年孩子,服务业者,service_worker,餐厅服务员,,,
P02287,胡雨心,女,31,30-34,有未成年孩子,上班族,office_worker,销售代表,,,
P02288,赵佳思,女,37,35-39,有未成年孩子,上班族,office_worker,客户经理,,,
P02289,张婷彤,女,21,18-24,无需要照顾的孩子,大学生,university_student,本科生,,,
P02290,高宁,男,22,18-24,无需要照顾的孩子,大学生,university_student,硕士研究生,,,
P02291,杨佳佳,女,20,18-24,无需要照顾的孩子,大学生,university_student,本科生,,,
P02292,何羽诗,女,18,18-24,无需要照顾的孩子,服务业者,service_worker,保安,,,
P02293,徐清,女,44,40-45,有未成年孩子,上班族,office_worker,设计师,,,
P02294,李梓睿,男,35,35-39,无需要照顾的孩子,服务业者,service_worker,房产经纪,,,
P02295,徐羽,男,24,18-24,无需要照顾的孩子,上班族,office_worker,采购专员,,,
P02296,郭晓语,女,34,30-34,有未成年孩子,上班族,office_worker,销售经理,,,
P02297,马晨诗,女,24,18-24,无需要照顾的孩子,服务业者,service_worker,客服,,,
P02298,赵博晨,男,29,25-29,无需要照顾的孩子,服务业者,service_worker,理发师,,,
P02299,李文轩,男,19,18-24,无需要照顾的孩子,大学生,university_student,本科生,,,
P02300,陈楷杰,男,45,40-45,有未成年孩子,服务业者,service_worker,房产经纪,,,
P02301,徐羽,女,41,40-45,有未成年孩子,服务业者,service_worker,房产经纪,,,
P02302,王乐诺,男,44,40-45,有成年孩子,服务业者,service_worker,健身教练,,,
P02303,张婉,女,40,40-45,无需要照顾的孩子,体力劳动者,manual_worker,维修技师,,,
P02304,孙可,男,23,18-24,无需要照顾的孩子,服务业者,service_worker,咖啡师,,,
P02305,徐心楷,男,39,35-39,无需要照顾的孩子,上班族,office_worker,销售经理,,,
P02306,王雨,女,25,25-29,有未成年孩子,自由业者,freelancer,独立承包商,,,
P02307,赵子思,女,24,18-24,无需要照顾的孩子,上班族,office_worker,行政专员,,,
P02308,刘婷佳,女,18,18-24,无需要照顾的孩子,上班族,office_worker,会计,,,
P02309,王可晴,女,45,40-45,无需要照顾的孩子,上班族,office_worker,运营专员,,,
P02310,刘晨,女,29,25-29,无需要照顾的孩子,服务业者,service_worker,房产经纪,,,
P02311,周婷可,女,44,40-45,有未成年孩子,体力劳动者,manual_worker,电工,,,
P02312,孙哲羽,男,30,30-34,有未成年孩子,自由业者,freelancer,私教,,,
P02313,胡可涵,女,44,40-45,有成年孩子,上班族,office_worker,客户经理,,,
P02314,郭桐涵,女,31,30-34,有未成年孩子,体力劳动者,manual_worker,维修技师,,,
P02315,黄睿志,男,38,35-39,无需要照顾的孩子,体力劳动者,manual_worker,维修技师,,,
P02316,王宁嘉,女,26,25-29,有未成年孩子,自由业者,freelancer,咨询顾问,,,
P02317,吴心星,女,35,35-39,有未成年孩子,体力劳动者,manual_worker,仓库操作员,,,
P02318,王言然,男,35,35-39,无需要照顾的孩子,体力劳动者,manual_worker,快递员,,,
P02319,梁思,女,43,40-45,无需要照顾的孩子,体力劳动者,manual_worker,电工,,,
P02320,张子乐,男,35,35-39,有未成年孩子,服务业者,service_worker,咖啡师,,,
P02321,邓远若,女,44,40-45,有未成年孩子,自由业者,freelancer,网店经营者,,,
P02322,王雅桐,女,40,40-45,有未成年孩子,体力劳动者,manual_worker,汽车技师,,,
P02323,王子,女,35,35-39,无需要照顾的孩子,上班族,office_worker,高级数据分析师,,,
P02324,胡思佳,女,29,25-29,无需要照顾的孩子,上班族,office_worker,客户专员,,,
P02325,罗怡佳,女,32,30-34,无需要照顾的孩子,上班族,office_worker,运营专员,,,
P02326,张安涵,女,20,18-24,无需要照顾的孩子,服务业者,service_worker,厨师,,,
P02327,罗诗,女,27,25-29,无需要照顾的孩子,上班族,office_worker,运营专员,,,
P02328,董可明,男,42,40-45,有未成年孩子,上班族,office_worker,财务主管,,,
P02329,朱彤晓,女,31,30-34,有未成年孩子,上班族,office_worker,会计,,,
P02330,罗远嘉,男,41,40-45,有未成年孩子,服务业者,service_worker,酒店服务人员,,,
P02331,赵思涵,女,42,40-45,有未成年孩子,服务业者,service_worker,厨师,,,
P02332,刘可佳,女,44,40-45,有未成年孩子,体力劳动者,manual_worker,快递员,,,
P02333,王琪可,女,19,18-24,无需要照顾的孩子,大学生,university_student,本科生,,,
P02334,陈诗婷,女,43,40-45,有未成年孩子,上班族,office_worker,项目经理,,,
P02335,吴雨婷,女,33,30-34,无需要照顾的孩子,上班族,office_worker,设计师,,,
P02336,马诺,男,21,18-24,无需要照顾的孩子,体力劳动者,manual_worker,汽车技师,,,
P02337,李婷婷,女,30,30-34,无需要照顾的孩子,服务业者,service_worker,餐厅服务员,,,
P02338,王语雅,女,42,40-45,有成年孩子,上班族,office_worker,财务主管,,,
P02339,刘俊轩,男,28,25-29,无需要照顾的孩子,上班族,office_worker,销售代表,,,
P02340,周若宁,女,19,18-24,无需要照顾的孩子,大学生,university_student,本科生,,,
P02341,董昊然,男,43,40-45,有未成年孩子,自由业者,freelancer,独立承包商,,,
P02342,王羽清,女,25,25-29,有未成年孩子,自由业者,freelancer,自媒体从业者,,,
P02343,刘明轩,男,29,25-29,无需要照顾的孩子,上班族,office_worker,数据分析师,,,
P02344,赵乐,女,32,30-34,无需要照顾的孩子,服务业者,service_worker,酒店服务人员,,,
P02345,刘若嘉,女,35,35-39,有未成年孩子,服务业者,service_worker,房产经纪,,,
P02346,李诗婉,女,39,35-39,有未成年孩子,体力劳动者,manual_worker,卡车司机,,,
P02347,周桐宁,女,38,35-39,有未成年孩子,服务业者,service_worker,健身教练,,,
P02348,陈雅羽,女,31,30-34,无需要照顾的孩子,上班族,office_worker,客户专员,,,
P02349,王怡语,女,34,30-34,无需要照顾的孩子,服务业者,service_worker,客服,,,
P02350,李杰宇,男,36,35-39,无需要照顾的孩子,自由业者,freelancer,翻译,,,
P02351,李源乐,女,22,18-24,无需要照顾的孩子,体力劳动者,manual_worker,安装工,,,
P02352,李诺羽,女,41,40-45,无需要照顾的孩子,服务业者,service_worker,理发师,,,
P02353,杨一浩,男,43,40-45,有成年孩子,上班族,office_worker,产品经理,,,
P02354,何一源,男,38,35-39,有未成年孩子,体力劳动者,manual_worker,建筑工人,,,
P02355,胡清辰,女,37,35-39,有未成年孩子,上班族,office_worker,财务主管,,,
P02356,周思清,女,24,18-24,无需要照顾的孩子,服务业者,service_worker,餐厅服务员,,,
P02357,张宁婷,女,34,30-34,无需要照顾的孩子,上班族,office_worker,高级软件工程师,,,
P02358,王晓星,女,44,40-45,无需要照顾的孩子,自由业者,freelancer,自由设计师,,,
P02359,徐晴宁,女,25,25-29,无需要照顾的孩子,上班族,office_worker,数据分析师,,,
P02360,韩晓可,女,39,35-39,有未成年孩子,上班族,office_worker,销售代表,,,
P02361,陈晴雨,女,45,40-45,有未成年孩子,上班族,office_worker,产品经理,,,
P02362,吴涵语,女,38,35-39,有未成年孩子,自由业者,freelancer,独立程序员,,,
P02363,刘一阳,男,30,30-34,有未成年孩子,上班族,office_worker,设计师,,,
P02364,马雅,女,45,40-45,无需要照顾的孩子,上班族,office_worker,高级数据分析师,,,
P02365,张子思,女,33,30-34,无需要照顾的孩子,体力劳动者,manual_worker,汽车技师,,,
P02366,王楷文,男,41,40-45,无需要照顾的孩子,体力劳动者,manual_worker,汽车技师,,,
P02367,黄一,女,39,35-39,无需要照顾的孩子,上班族,office_worker,行政专员,,,
P02368,徐彤静,女,43,40-45,有未成年孩子,体力劳动者,manual_worker,焊工,,,
P02369,赵知怡,女,34,30-34,无需要照顾的孩子,上班族,office_worker,销售代表,,,
P02370,徐子,男,21,18-24,无需要照顾的孩子,体力劳动者,manual_worker,设备操作员,,,
P02371,王辰欣,女,34,30-34,无需要照顾的孩子,上班族,office_worker,高级运营专员,,,
P02372,李嫣,女,36,35-39,有未成年孩子,上班族,office_worker,高级项目经理,,,
P02373,马睿,男,26,25-29,有未成年孩子,服务业者,service_worker,保安,,,
P02374,张嘉清,男,39,35-39,无需要照顾的孩子,上班族,office_worker,高级数据分析师,,,
P02375,张诺睿,男,44,40-45,有未成年孩子,体力劳动者,manual_worker,快递员,,,
P02376,张轩博,男,20,18-24,无需要照顾的孩子,上班族,office_worker,财务专员,,,
P02377,王思宁,女,40,40-45,有未成年孩子,服务业者,service_worker,健身教练,,,
P02378,刘诗,女,27,25-29,无需要照顾的孩子,服务业者,service_worker,餐厅服务员,,,
P02379,梁子,女,29,25-29,无需要照顾的孩子,服务业者,service_worker,理发师,,,
P02380,刘可婷,女,34,30-34,有未成年孩子,体力劳动者,manual_worker,建筑工人,,,
P02381,刘思,男,21,18-24,无需要照顾的孩子,大学生,university_student,本科生,,,
P02382,于诺,女,31,30-34,无需要照顾的孩子,自由业者,freelancer,自由设计师,,,
P02383,张瑶瑶,女,40,40-45,无需要照顾的孩子,上班族,office_worker,区域经理,,,
P02384,周言子,男,34,30-34,有未成年孩子,上班族,office_worker,运营专员,,,
P02385,王涵宁,男,20,18-24,无需要照顾的孩子,服务业者,service_worker,收银员,,,
P02386,王清雨,女,27,25-29,有未成年孩子,大学生,university_student,硕士研究生,,,
P02387,冯子,男,23,18-24,无需要照顾的孩子,体力劳动者,manual_worker,建筑工人,,,
P02388,徐桐宁,女,41,40-45,有未成年孩子,服务业者,service_worker,酒店前台,,,
P02389,冯子,男,35,35-39,有未成年孩子,上班族,office_worker,采购经理,,,
P02390,陈宁,女,32,30-34,无需要照顾的孩子,自由业者,freelancer,摄影师,,,
P02391,袁思,女,31,30-34,无需要照顾的孩子,服务业者,service_worker,保安,,,
P02392,李嘉可,女,33,30-34,无需要照顾的孩子,服务业者,service_worker,理发师,,,
P02393,高曦,女,34,30-34,无需要照顾的孩子,自由业者,freelancer,咨询顾问,,,
P02394,王星宁,女,35,35-39,无需要照顾的孩子,服务业者,service_worker,理发师,,,
P02395,曹若,女,39,35-39,有未成年孩子,服务业者,service_worker,收银员,,,
P02396,王曦,女,41,40-45,有未成年孩子,上班族,office_worker,产品经理,,,
P02397,王桐诗,女,30,30-34,有未成年孩子,上班族,office_worker,数据分析师,,,
P02398,王晓雅,女,32,30-34,无需要照顾的孩子,体力劳动者,manual_worker,卡车司机,,,
P02399,郭源琪,女,27,25-29,无需要照顾的孩子,上班族,office_worker,产品经理,,,
P02400,董乐婉,女,33,30-34,有未成年孩子,自由业者,freelancer,独立承包商,,,
P02401,张哲轩,男,34,30-34,无需要照顾的孩子,上班族,office_worker,财务经理,,,
P02402,杨清,女,39,35-39,有未成年孩子,上班族,office_worker,客户专员,,,
P02403,张哲浩,男,27,25-29,有未成年孩子,上班族,office_worker,数据分析师,,,
P02404,徐佳瑶,女,22,18-24,无需要照顾的孩子,服务业者,service_worker,零售店员,,,
P02405,梁怡清,女,26,25-29,无需要照顾的孩子,服务业者,service_worker,酒店服务人员,,,
P02406,赵远,女,31,30-34,无需要照顾的孩子,服务业者,service_worker,健身教练,,,
P02407,陈曦晓,女,19,18-24,无需要照顾的孩子,大学生,university_student,本科生,,,
P02408,陈欣,女,20,18-24,无需要照顾的孩子,大学生,university_student,本科生,,,
P02409,王豪睿,男,33,30-34,无需要照顾的孩子,服务业者,service_worker,理发师,,,
P02410,杨涵豪,男,31,30-34,有未成年孩子,自由业者,freelancer,自由设计师,,,
P02411,陈涵知,女,38,35-39,无需要照顾的孩子,上班族,office_worker,高级数据分析师,,,
P02412,高曦涵,女,39,35-39,有未成年孩子,上班族,office_worker,业务负责人,,,
P02413,张子知,女,28,25-29,有未成年孩子,上班族,office_worker,设计师,,,
P02414,王清彤,女,31,30-34,无需要照顾的孩子,服务业者,service_worker,酒店服务人员,,,
P02415,王佳知,女,33,30-34,无需要照顾的孩子,上班族,office_worker,销售经理,,,
P02416,何瑶可,女,34,30-34,无需要照顾的孩子,自由业者,freelancer,自由设计师,,,
P02417,张嘉阳,男,25,25-29,无需要照顾的孩子,服务业者,service_worker,零售店员,,,
P02418,张志乐,男,45,40-45,有未成年孩子,上班族,office_worker,产品经理,,,
P02419,陈羽,男,22,18-24,无需要照顾的孩子,服务业者,service_worker,美容师,,,
P02420,许婷瑶,女,41,40-45,有未成年孩子,上班族,office_worker,财务主管,,,
P02421,刘安豪,男,42,40-45,有成年孩子,上班族,office_worker,高级运营专员,,,
P02422,赵源,女,26,25-29,无需要照顾的孩子,服务业者,service_worker,酒店前台,,,
P02423,邓思乐,女,37,35-39,有未成年孩子,体力劳动者,manual_worker,建筑工人,,,
P02424,张晓羽,女,43,40-45,无需要照顾的孩子,上班族,office_worker,人力资源经理,,,
P02425,李佳琪,女,37,35-39,有成年孩子,服务业者,service_worker,收银员,,,
P02426,王梦涵,女,35,35-39,无需要照顾的孩子,服务业者,service_worker,美容师,,,
P02427,张曦雅,女,26,25-29,无需要照顾的孩子,体力劳动者,manual_worker,仓库操作员,,,
P02428,张琪梦,女,19,18-24,无需要照顾的孩子,服务业者,service_worker,理发师,,,
P02429,刘桐婷,女,28,25-29,无需要照顾的孩子,服务业者,service_worker,客服,,,
P02430,孙心一,男,23,18-24,无需要照顾的孩子,大学生,university_student,硕士研究生,,,
P02431,孙博浩,男,30,30-34,无需要照顾的孩子,服务业者,service_worker,酒店服务人员,,,
P02432,张彤,女,30,30-34,无需要照顾的孩子,上班族,office_worker,产品经理,,,
P02433,郑雨辰,女,41,40-45,无需要照顾的孩子,上班族,office_worker,客户经理,,,
P02434,胡子乐,女,36,35-39,有未成年孩子,上班族,office_worker,数据分析师,,,
P02435,李楷诺,男,45,40-45,有未成年孩子,体力劳动者,manual_worker,汽车技师,,,
P02436,徐一,女,42,40-45,有未成年孩子,自由业者,freelancer,网店经营者,,,
P02437,杨雨佳,女,34,30-34,无需要照顾的孩子,自由业者,freelancer,自由设计师,,,
P02438,孙雨思,女,39,35-39,有未成年孩子,体力劳动者,manual_worker,汽车技师,,,
P02439,马涵欣,女,27,25-29,无需要照顾的孩子,服务业者,service_worker,保安,,,
P02440,张涵彤,女,34,30-34,有未成年孩子,上班族,office_worker,销售经理,,,
P02441,陈安宁,女,33,30-34,有未成年孩子,体力劳动者,manual_worker,设备操作员,,,
P02442,许辰,女,32,30-34,无需要照顾的孩子,体力劳动者,manual_worker,电工,,,
P02443,郭安宁,女,34,30-34,有未成年孩子,体力劳动者,manual_worker,维修技师,,,
P02444,马思嫣,女,34,30-34,无需要照顾的孩子,上班族,office_worker,高级数据分析师,,,
P02445,王佳远,女,29,25-29,无需要照顾的孩子,自由业者,freelancer,私教,,,
P02446,李晓,女,37,35-39,无需要照顾的孩子,体力劳动者,manual_worker,快递员,,,
P02447,陈明安,男,41,40-45,有未成年孩子,上班族,office_worker,采购专员,,,
P02448,陈哲清,男,30,30-34,有未成年孩子,体力劳动者,manual_worker,快递员,,,
P02449,杨瑶可,女,35,35-39,有未成年孩子,服务业者,service_worker,收银员,,,
P02450,谢思语,女,24,18-24,无需要照顾的孩子,上班族,office_worker,设计师,,,
P02451,吴雅,女,30,30-34,有未成年孩子,服务业者,service_worker,厨师,,,
P02452,张泽清,男,36,35-39,有未成年孩子,自由业者,freelancer,自由销售,,,
P02453,孙天嘉,男,42,40-45,有未成年孩子,上班族,office_worker,高级数据分析师,,,
P02454,高瑶嫣,女,35,35-39,有未成年孩子,上班族,office_worker,业务负责人,,,
P02455,赵诺辰,男,26,25-29,无需要照顾的孩子,上班族,office_worker,销售代表,,,
P02456,杨梦怡,女,25,25-29,无需要照顾的孩子,服务业者,service_worker,客服,,,
P02457,李源心,女,35,35-39,有未成年孩子,上班族,office_worker,财务专员,,,
P02458,张晨羽,男,36,35-39,有未成年孩子,上班族,office_worker,数据分析师,,,
P02459,陈语涵,女,37,35-39,有未成年孩子,上班族,office_worker,高级运营专员,,,
P02460,赵可,女,28,25-29,无需要照顾的孩子,上班族,office_worker,运营专员,,,
P02461,赵桐,女,41,40-45,有成年孩子,服务业者,service_worker,餐厅服务员,,,
P02462,王怡诗,女,25,25-29,无需要照顾的孩子,上班族,office_worker,数据分析师,,,
P02463,陈语梦,女,20,18-24,无需要照顾的孩子,服务业者,service_worker,美容师,,,
P02464,梁一静,女,22,18-24,无需要照顾的孩子,上班族,office_worker,行政专员,,,
P02465,张楷明,男,20,18-24,无需要照顾的孩子,上班族,office_worker,会计,,,
P02466,刘乐楷,男,42,40-45,无需要照顾的孩子,上班族,office_worker,采购经理,,,
P02467,刘子嫣,女,18,18-24,无需要照顾的孩子,上班族,office_worker,销售代表,,,
P02468,何远思,女,32,30-34,有未成年孩子,体力劳动者,manual_worker,搬运工,,,
P02469,朱梦心,女,28,25-29,无需要照顾的孩子,上班族,office_worker,采购专员,,,
P02470,黄婷晴,女,38,35-39,有未成年孩子,服务业者,service_worker,收银员,,,
P02471,李梦诗,女,24,18-24,无需要照顾的孩子,上班族,office_worker,行政专员,,,
P02472,唐源诺,男,44,40-45,有未成年孩子,上班族,office_worker,数据分析师,,,
P02473,张清浩,男,35,35-39,无需要照顾的孩子,上班族,office_worker,采购专员,,,
P02474,周雨涵,女,41,40-45,有未成年孩子,上班族,office_worker,产品经理,,,
P02475,王心语,女,24,18-24,无需要照顾的孩子,大学生,university_student,硕士研究生,,,
P02476,李宁诺,女,22,18-24,有未成年孩子,上班族,office_worker,财务专员,,,
P02477,李乐,女,22,18-24,无需要照顾的孩子,大学生,university_student,本科生,,,
P02478,许远欣,女,37,35-39,无需要照顾的孩子,上班族,office_worker,采购专员,,,
P02479,冯羽,女,27,25-29,无需要照顾的孩子,服务业者,service_worker,收银员,,,
P02480,赵子辰,男,30,30-34,无需要照顾的孩子,自由业者,freelancer,咨询顾问,,,
P02481,梁思,女,35,35-39,有未成年孩子,上班族,office_worker,采购专员,,,
P02482,周思晴,女,25,25-29,无需要照顾的孩子,服务业者,service_worker,房产经纪,,,
P02483,杨知可,女,40,40-45,有未成年孩子,服务业者,service_worker,收银员,,,
P02484,吴晴,女,36,35-39,有未成年孩子,上班族,office_worker,高级运营专员,,,
P02485,王清梓,男,30,30-34,有未成年孩子,上班族,office_worker,采购经理,,,
P02486,刘婉佳,女,35,35-39,有未成年孩子,上班族,office_worker,设计师,,,
P02487,刘婉欣,女,38,35-39,有未成年孩子,上班族,office_worker,高级软件工程师,,,
P02488,邓辰瑶,女,37,35-39,有未成年孩子,上班族,office_worker,行政专员,,,
P02489,马安天,男,40,40-45,无需要照顾的孩子,体力劳动者,manual_worker,快递员,,,
P02490,袁知婉,女,32,30-34,无需要照顾的孩子,上班族,office_worker,客户专员,,,
P02491,赵文,男,38,35-39,有成年孩子,上班族,office_worker,高级软件工程师,,,
P02492,韩一雨,女,28,25-29,有未成年孩子,上班族,office_worker,产品经理,,,
P02493,郑子清,女,36,35-39,有未成年孩子,上班族,office_worker,采购专员,,,
P02494,李宇知,男,38,35-39,有未成年孩子,上班族,office_worker,产品经理,,,
P02495,梁言辰,女,33,30-34,有未成年孩子,服务业者,service_worker,咖啡师,,,
P02496,刘静涵,女,43,40-45,有成年孩子,上班族,office_worker,设计师,,,
P02497,张明乐,男,18,18-24,无需要照顾的孩子,大学生,university_student,本科生,,,
P02498,李若,女,28,25-29,有未成年孩子,上班族,office_worker,运营专员,,,
P02499,张浩哲,男,42,40-45,有未成年孩子,上班族,office_worker,高级运营专员,,,
P02500,王景,男,26,25-29,无需要照顾的孩子,自由业者,freelancer,翻译,,,
P02501,黄远宇,男,39,35-39,有未成年孩子,自由业者,freelancer,独立程序员,,,
P02502,刘明宁,男,34,30-34,无需要照顾的孩子,上班族,office_worker,客户专员,,,
P02503,张清雨,女,21,18-24,无需要照顾的孩子,大学生,university_student,硕士研究生,,,
P02504,董博轩,男,20,18-24,无需要照顾的孩子,服务业者,service_worker,零售店员,,,
P02505,张佳一,女,18,18-24,无需要照顾的孩子,上班族,office_worker,会计,,,
P02506,郑若晴,女,33,30-34,无需要照顾的孩子,上班族,office_worker,高级软件工程师,,,
P02507,朱一晓,女,33,30-34,有未成年孩子,上班族,office_worker,高级数据分析师,,,
P02508,张知晴,女,27,25-29,无需要照顾的孩子,上班族,office_worker,客户专员,,,
P02509,王言,女,27,25-29,无需要照顾的孩子,服务业者,service_worker,酒店前台,,,
P02510,李星,女,37,35-39,有未成年孩子,体力劳动者,manual_worker,电工,,,
P02511,杨晨,女,37,35-39,有未成年孩子,服务业者,service_worker,客服,,,
P02512,曹嘉宇,男,39,35-39,有未成年孩子,体力劳动者,manual_worker,配送员,,,
P02513,陈一婷,女,28,25-29,无需要照顾的孩子,服务业者,service_worker,美容师,,,
P02514,李思子,男,36,35-39,有未成年孩子,上班族,office_worker,设计师,,,
P02515,张婉佳,女,44,40-45,无需要照顾的孩子,体力劳动者,manual_worker,配送员,,,
P02516,杨桐知,女,39,35-39,无需要照顾的孩子,上班族,office_worker,财务主管,,,
P02517,张可,女,45,40-45,有未成年孩子,自由业者,freelancer,私教,,,
P02518,张辰,女,43,40-45,有未成年孩子,服务业者,service_worker,美容师,,,
P02519,刘宁晨,女,41,40-45,有未成年孩子,上班族,office_worker,HR经理,,,
P02520,赵晴,女,38,35-39,有未成年孩子,上班族,office_worker,高级数据分析师,,,
P02521,陈佳子,女,18,18-24,无需要照顾的孩子,上班族,office_worker,软件工程师,,,
P02522,李可,男,43,40-45,有未成年孩子,体力劳动者,manual_worker,设备操作员,,,
P02523,李子,男,43,40-45,有成年孩子,上班族,office_worker,人力资源经理,,,
P02524,胡宁,女,23,18-24,无需要照顾的孩子,上班族,office_worker,客户专员,,,
P02525,王宁,女,20,18-24,无需要照顾的孩子,服务业者,service_worker,美容师,,,
P02526,郭俊晨,男,33,30-34,无需要照顾的孩子,体力劳动者,manual_worker,维修技师,,,
P02527,梁彤,女,33,30-34,有未成年孩子,上班族,office_worker,财务专员,,,
P02528,于曦,女,20,18-24,无需要照顾的孩子,大学生,university_student,本科生,,,
P02529,何怡雅,女,19,18-24,无需要照顾的孩子,服务业者,service_worker,咖啡师,,,
P02530,高志楷,男,38,35-39,有未成年孩子,自由业者,freelancer,自由销售,,,
P02531,刘梦,女,29,25-29,有未成年孩子,服务业者,service_worker,健身教练,,,
P02532,林晴子,女,32,30-34,有未成年孩子,上班族,office_worker,HR经理,,,
P02533,林豪俊,男,22,18-24,无需要照顾的孩子,服务业者,service_worker,酒店服务人员,,,
P02534,高欣佳,女,37,35-39,有未成年孩子,上班族,office_worker,软件工程师,,,
P02535,曹佳,女,41,40-45,有未成年孩子,上班族,office_worker,软件工程师,,,
P02536,刘杰宇,男,35,35-39,无需要照顾的孩子,服务业者,service_worker,酒店服务人员,,,
P02537,唐怡婉,女,21,18-24,无需要照顾的孩子,大学生,university_student,本科生,,,
P02538,胡雨雨,女,32,30-34,有未成年孩子,上班族,office_worker,HR经理,,,
P02539,陈佳,女,37,35-39,无需要照顾的孩子,体力劳动者,manual_worker,安装工,,,
P02540,李诺涵,男,40,40-45,有未成年孩子,体力劳动者,manual_worker,配送员,,,
P02541,赵一宁,女,44,40-45,有未成年孩子,体力劳动者,manual_worker,搬运工,,,
P02542,陈清诺,女,18,18-24,无需要照顾的孩子,服务业者,service_worker,房产经纪,,,
P02543,张文梓,男,19,18-24,无需要照顾的孩子,服务业者,service_worker,美容师,,,
P02544,陈琪桐,女,24,18-24,无需要照顾的孩子,服务业者,service_worker,零售店员,,,
P02545,马睿源,男,43,40-45,无需要照顾的孩子,上班族,office_worker,财务主管,,,
P02546,刘曦诗,女,21,18-24,无需要照顾的孩子,大学生,university_student,硕士研究生,,,
P02547,陈怡静,女,41,40-45,有成年孩子,上班族,office_worker,财务主管,,,
P02548,杨梦远,女,37,35-39,有未成年孩子,体力劳动者,manual_worker,焊工,,,
P02549,刘辰诗,女,28,25-29,有未成年孩子,上班族,office_worker,软件工程师,,,
P02550,李晨可,女,34,30-34,无需要照顾的孩子,上班族,office_worker,财务主管,,,
P02551,赵语宁,女,42,40-45,有未成年孩子,上班族,office_worker,人力资源经理,,,
P02552,吴婉涵,女,34,30-34,有未成年孩子,上班族,office_worker,数据分析师,,,
P02553,刘天嘉,男,41,40-45,无需要照顾的孩子,体力劳动者,manual_worker,焊工,,,
P02554,谢怡,女,42,40-45,有成年孩子,上班族,office_worker,高级软件工程师,,,
P02555,王静羽,女,23,18-24,无需要照顾的孩子,服务业者,service_worker,酒店服务人员,,,
P02556,冯羽,女,29,25-29,无需要照顾的孩子,服务业者,service_worker,咖啡师,,,
P02557,杨诺心,女,31,30-34,无需要照顾的孩子,服务业者,service_worker,房产经纪,,,
P02558,李一嫣,女,35,35-39,有未成年孩子,上班族,office_worker,项目经理,,,
P02559,黄安羽,女,32,30-34,无需要照顾的孩子,自由业者,freelancer,自媒体从业者,,,
P02560,郑星可,女,25,25-29,有未成年孩子,服务业者,service_worker,零售店员,,,
P02561,吴宁,女,29,25-29,无需要照顾的孩子,上班族,office_worker,软件工程师,,,
P02562,徐婷婷,女,31,30-34,无需要照顾的孩子,上班族,office_worker,产品经理,,,
P02563,胡轩嘉,男,23,18-24,无需要照顾的孩子,服务业者,service_worker,酒店前台,,,
P02564,刘言,男,24,18-24,无需要照顾的孩子,服务业者,service_worker,酒店前台,,,
P02565,张俊知,男,36,35-39,无需要照顾的孩子,上班族,office_worker,高级产品经理,,,
P02566,周可,男,25,25-29,无需要照顾的孩子,上班族,office_worker,项目经理,,,
P02567,吴安佑,男,32,30-34,有未成年孩子,自由业者,freelancer,私教,,,
P02568,赵晓嘉,女,39,35-39,有未成年孩子,体力劳动者,manual_worker,配送员,,,
P02569,张欣远,女,31,30-34,有未成年孩子,上班族,office_worker,HR经理,,,
P02570,孙哲,男,40,40-45,有未成年孩子,服务业者,service_worker,理发师,,,
P02571,唐安知,女,35,35-39,有未成年孩子,体力劳动者,manual_worker,卡车司机,,,
P02572,王乐曦,女,32,30-34,无需要照顾的孩子,上班族,office_worker,财务专员,,,
P02573,赵言源,女,34,30-34,有未成年孩子,上班族,office_worker,产品经理,,,
P02574,张可可,女,28,25-29,有未成年孩子,服务业者,service_worker,客服,,,
P02575,许婷嘉,女,32,30-34,有未成年孩子,上班族,office_worker,财务主管,,,
P02576,张嫣羽,女,23,18-24,有未成年孩子,大学生,university_student,硕士研究生,,,
P02577,王语可,女,39,35-39,有未成年孩子,上班族,office_worker,财务专员,,,
P02578,张可晨,男,25,25-29,无需要照顾的孩子,上班族,office_worker,财务专员,,,
P02579,张雨涵,女,26,25-29,有未成年孩子,上班族,office_worker,高级运营专员,,,
P02580,罗可杰,男,34,30-34,无需要照顾的孩子,上班族,office_worker,技术经理,,,
P02581,徐可彤,女,32,30-34,有未成年孩子,上班族,office_worker,设计师,,,
P02582,曹嘉涵,女,33,30-34,有未成年孩子,自由业者,freelancer,网店经营者,,,
P02583,吴远羽,女,23,18-24,无需要照顾的孩子,服务业者,service_worker,厨师,,,
P02584,吴怡可,女,40,40-45,无需要照顾的孩子,体力劳动者,manual_worker,设备操作员,,,
P02585,赵浩远,男,23,18-24,无需要照顾的孩子,大学生,university_student,硕士研究生,,,
P02586,李清昊,男,36,35-39,有未成年孩子,服务业者,service_worker,零售店员,,,
P02587,王思哲,男,23,18-24,无需要照顾的孩子,大学生,university_student,硕士研究生,,,
P02588,张心辰,男,22,18-24,无需要照顾的孩子,服务业者,service_worker,酒店服务人员,,,
P02589,李雅羽,女,45,40-45,有成年孩子,自由业者,freelancer,翻译,,,
P02590,陈哲文,男,35,35-39,无需要照顾的孩子,上班族,office_worker,HR经理,,,
P02591,王佳晴,女,36,35-39,无需要照顾的孩子,上班族,office_worker,设计师,,,
P02592,徐瑶心,女,45,40-45,有未成年孩子,自由业者,freelancer,网店经营者,,,
P02593,张轩清,男,20,18-24,无需要照顾的孩子,自由业者,freelancer,私教,,,
P02594,高思语,女,20,18-24,无需要照顾的孩子,大学生,university_student,本科生,,,
P02595,吴思宁,女,37,35-39,有未成年孩子,服务业者,service_worker,酒店前台,,,
P02596,刘志楷,男,45,40-45,有成年孩子,服务业者,service_worker,咖啡师,,,
P02597,陈俊诚,男,33,30-34,无需要照顾的孩子,上班族,office_worker,高级数据分析师,,,
P02598,周涵安,女,41,40-45,有未成年孩子,上班族,office_worker,产品经理,,,
P02599,刘源静,女,29,25-29,无需要照顾的孩子,体力劳动者,manual_worker,配送员,,,
P02600,李一,女,33,30-34,无需要照顾的孩子,服务业者,service_worker,健身教练,,,
P02601,陈静静,女,44,40-45,有未成年孩子,服务业者,service_worker,酒店服务人员,,,
P02602,周彤,女,19,18-24,无需要照顾的孩子,大学生,university_student,本科生,,,
P02603,刘诗,女,36,35-39,有未成年孩子,服务业者,service_worker,美容师,,,
P02604,何嘉,男,21,18-24,无需要照顾的孩子,服务业者,service_worker,保安,,,
P02605,曹心嘉,男,26,25-29,无需要照顾的孩子,服务业者,service_worker,美容师,,,
P02606,赵欣晓,女,18,18-24,无需要照顾的孩子,服务业者,service_worker,厨师,,,
P02607,赵曦诺,女,37,35-39,无需要照顾的孩子,上班族,office_worker,项目经理,,,
P02608,胡知远,女,26,25-29,无需要照顾的孩子,上班族,office_worker,运营专员,,,
P02609,胡羽欣,女,38,35-39,有成年孩子,上班族,office_worker,采购经理,,,
P02610,杨语羽,女,33,30-34,有未成年孩子,自由业者,freelancer,独立程序员,,,
P02611,胡琪涵,女,30,30-34,有未成年孩子,服务业者,service_worker,收银员,,,
P02612,马羽晴,女,26,25-29,无需要照顾的孩子,大学生,university_student,硕士研究生,,,
P02613,王佳若,女,24,18-24,无需要照顾的孩子,大学生,university_student,硕士研究生,,,
P02614,徐佳彤,女,43,40-45,有未成年孩子,体力劳动者,manual_worker,焊工,,,
P02615,徐言辰,女,43,40-45,有成年孩子,上班族,office_worker,高级数据分析师,,,
P02616,徐诚,男,44,40-45,有未成年孩子,上班族,office_worker,高级数据分析师,,,
P02617,朱晓言,女,44,40-45,无需要照顾的孩子,上班族,office_worker,HR经理,,,
P02618,马可涵,女,43,40-45,无需要照顾的孩子,服务业者,service_worker,餐厅服务员,,,
P02619,李诗安,女,24,18-24,无需要照顾的孩子,服务业者,service_worker,保安,,,
P02620,罗博俊,男,18,18-24,无需要照顾的孩子,服务业者,service_worker,零售店员,,,
P02621,陈羽安,男,37,35-39,有未成年孩子,体力劳动者,manual_worker,焊工,,,
P02622,唐晨远,男,19,18-24,无需要照顾的孩子,服务业者,service_worker,美容师,,,
P02623,张婉,女,45,40-45,无需要照顾的孩子,体力劳动者,manual_worker,建筑工人,,,
P02624,梁楷轩,男,43,40-45,有未成年孩子,上班族,office_worker,运营专员,,,
P02625,黄星,女,33,30-34,有未成年孩子,上班族,office_worker,高级运营专员,,,
P02626,梁景,男,26,25-29,无需要照顾的孩子,上班族,office_worker,销售代表,,,
P02627,李佳语,女,44,40-45,有未成年孩子,上班族,office_worker,采购经理,,,
P02628,李可涵,女,19,18-24,无需要照顾的孩子,上班族,office_worker,销售代表,,,
P02629,周若宁,女,38,35-39,有未成年孩子,服务业者,service_worker,咖啡师,,,
P02630,何安一,男,18,18-24,无需要照顾的孩子,大学生,university_student,本科生,,,
P02631,张涵远,男,44,40-45,有未成年孩子,上班族,office_worker,数据分析师,,,
P02632,胡静雨,女,37,35-39,无需要照顾的孩子,上班族,office_worker,项目经理,,,
P02633,赵可宇,男,41,40-45,有成年孩子,体力劳动者,manual_worker,建筑工人,,,
P02634,周雅子,女,44,40-45,有未成年孩子,体力劳动者,manual_worker,仓库操作员,,,
P02635,张欣,女,37,35-39,有未成年孩子,上班族,office_worker,财务专员,,,
P02636,张晨安,男,28,25-29,无需要照顾的孩子,上班族,office_worker,产品经理,,,
P02637,李可若,女,27,25-29,有未成年孩子,服务业者,service_worker,美容师,,,
P02638,黄乐远,男,34,30-34,无需要照顾的孩子,自由业者,freelancer,摄影师,,,
P02639,刘晓晓,女,22,18-24,有未成年孩子,自由业者,freelancer,摄影师,,,
P02640,谢涵,女,45,40-45,有未成年孩子,上班族,office_worker,客户专员,,,
P02641,赵桐可,女,40,40-45,无需要照顾的孩子,上班族,office_worker,财务主管,,,
P02642,王轩星,男,22,18-24,无需要照顾的孩子,服务业者,service_worker,咖啡师,,,
P02643,刘嫣欣,女,37,35-39,无需要照顾的孩子,服务业者,service_worker,美容师,,,
P02644,吴思若,女,20,18-24,无需要照顾的孩子,体力劳动者,manual_worker,建筑工人,,,
P02645,马星涵,女,28,25-29,无需要照顾的孩子,上班族,office_worker,客户专员,,,
P02646,王远明,男,32,30-34,有未成年孩子,服务业者,service_worker,收银员,,,
P02647,宋嘉文,男,33,30-34,有未成年孩子,上班族,office_worker,财务专员,,,
P02648,张雅乐,女,33,30-34,无需要照顾的孩子,服务业者,service_worker,客服,,,
P02649,林源心,男,28,25-29,无需要照顾的孩子,大学生,university_student,硕士研究生,,,
P02650,张羽,女,29,25-29,有未成年孩子,服务业者,service_worker,厨师,,,
P02651,何诺文,男,37,35-39,有未成年孩子,服务业者,service_worker,餐厅服务员,,,
P02652,马婷曦,女,25,25-29,有未成年孩子,体力劳动者,manual_worker,安装工,,,
P02653,周欣一,女,29,25-29,有未成年孩子,体力劳动者,manual_worker,快递员,,,
P02654,于轩哲,男,20,18-24,无需要照顾的孩子,大学生,university_student,本科生,,,
P02655,杨泽,男,33,30-34,无需要照顾的孩子,体力劳动者,manual_worker,安装工,,,
P02656,宋晨诺,女,31,30-34,有未成年孩子,上班族,office_worker,行政专员,,,
P02657,张晨,男,36,35-39,无需要照顾的孩子,上班族,office_worker,高级软件工程师,,,
P02658,陈桐涵,女,25,25-29,无需要照顾的孩子,体力劳动者,manual_worker,搬运工,,,
P02659,高泽知,男,27,25-29,无需要照顾的孩子,服务业者,service_worker,保安,,,
P02660,孙婷,女,38,35-39,有成年孩子,上班族,office_worker,数据分析师,,,
P02661,张晨天,男,20,18-24,无需要照顾的孩子,自由业者,freelancer,咨询顾问,,,
P02662,王婷曦,女,30,30-34,无需要照顾的孩子,自由业者,freelancer,自由设计师,,,
P02663,张欣佳,女,43,40-45,有未成年孩子,上班族,office_worker,采购经理,,,
P02664,孙心,女,29,25-29,无需要照顾的孩子,服务业者,service_worker,保安,,,
P02665,郭远,女,28,25-29,无需要照顾的孩子,上班族,office_worker,客户专员,,,
P02666,黄源景,男,33,30-34,有未成年孩子,上班族,office_worker,产品经理,,,
P02667,赵哲浩,男,29,25-29,无需要照顾的孩子,服务业者,service_worker,客服,,,
P02668,黄雅安,女,20,18-24,无需要照顾的孩子,服务业者,service_worker,酒店前台,,,
P02669,罗婉知,女,25,25-29,无需要照顾的孩子,自由业者,freelancer,咨询顾问,,,
P02670,孙涵晨,女,39,35-39,无需要照顾的孩子,上班族,office_worker,采购经理,,,
P02671,张琪宁,女,19,18-24,无需要照顾的孩子,服务业者,service_worker,酒店服务人员,,,
P02672,周彤语,女,18,18-24,无需要照顾的孩子,服务业者,service_worker,酒店服务人员,,,
P02673,张涵怡,女,28,25-29,无需要照顾的孩子,服务业者,service_worker,厨师,,,
P02674,王婉婷,女,41,40-45,有未成年孩子,上班族,office_worker,高级运营专员,,,
P02675,郭景,男,22,18-24,无需要照顾的孩子,服务业者,service_worker,酒店服务人员,,,
P02676,于可怡,女,20,18-24,无需要照顾的孩子,大学生,university_student,本科生,,,
P02677,刘琪瑶,女,35,35-39,有未成年孩子,上班族,office_worker,会计,,,
P02678,梁子,女,31,30-34,无需要照顾的孩子,自由业者,freelancer,自由销售,,,
P02679,陈阳,男,33,30-34,无需要照顾的孩子,上班族,office_worker,销售代表,,,
P02680,杨言曦,女,44,40-45,无需要照顾的孩子,上班族,office_worker,高级数据分析师,,,
P02681,李怡,女,18,18-24,无需要照顾的孩子,大学生,university_student,本科生,,,
P02682,林涵安,男,38,35-39,有未成年孩子,体力劳动者,manual_worker,卡车司机,,,
P02683,陈乐晓,女,32,30-34,无需要照顾的孩子,自由业者,freelancer,自媒体从业者,,,
P02684,王佑泽,男,23,18-24,无需要照顾的孩子,体力劳动者,manual_worker,建筑工人,,,
P02685,王志然,男,37,35-39,有未成年孩子,自由业者,freelancer,私教,,,
P02686,张嘉文,男,32,30-34,有未成年孩子,服务业者,service_worker,房产经纪,,,
P02687,张源婷,女,41,40-45,有未成年孩子,上班族,office_worker,运营专员,,,
P02688,赵晨楷,男,30,30-34,有未成年孩子,服务业者,service_worker,理发师,,,
P02689,陈子远,女,34,30-34,有未成年孩子,上班族,office_worker,采购经理,,,
P02690,刘彤琪,女,34,30-34,无需要照顾的孩子,自由业者,freelancer,翻译,,,
P02691,马星宁,女,38,35-39,有未成年孩子,上班族,office_worker,HR经理,,,
P02692,李一辰,女,27,25-29,无需要照顾的孩子,上班族,office_worker,高级软件工程师,,,
P02693,刘思博,男,22,18-24,无需要照顾的孩子,上班族,office_worker,会计,,,
P02694,王哲,男,21,18-24,无需要照顾的孩子,大学生,university_student,本科生,,,
P02695,孙可怡,女,37,35-39,有未成年孩子,自由业者,freelancer,自由销售,,,
P02696,王佳曦,女,34,30-34,无需要照顾的孩子,服务业者,service_worker,酒店前台,,,
P02697,冯琪怡,女,44,40-45,有成年孩子,体力劳动者,manual_worker,快递员,,,
P02698,林星,男,37,35-39,无需要照顾的孩子,上班族,office_worker,业务负责人,,,
P02699,林星嘉,男,35,35-39,有未成年孩子,上班族,office_worker,高级软件工程师,,,
P02700,杨涵思,女,44,40-45,无需要照顾的孩子,自由业者,freelancer,独立承包商,,,
P02701,程梦语,女,42,40-45,无需要照顾的孩子,服务业者,service_worker,酒店前台,,,
P02702,赵彤静,女,29,25-29,无需要照顾的孩子,自由业者,freelancer,自媒体从业者,,,
P02703,周思婷,女,22,18-24,无需要照顾的孩子,上班族,office_worker,运营专员,,,
P02704,王婷婉,女,27,25-29,无需要照顾的孩子,服务业者,service_worker,酒店前台,,,
P02705,黄诺晓,女,19,18-24,无需要照顾的孩子,大学生,university_student,硕士研究生,,,
P02706,李晨,女,30,30-34,无需要照顾的孩子,上班族,office_worker,产品经理,,,
P02707,吴可静,女,38,35-39,有未成年孩子,上班族,office_worker,会计,,,
P02708,王宁,女,31,30-34,无需要照顾的孩子,上班族,office_worker,高级软件工程师,,,
P02709,于子诺,女,39,35-39,有未成年孩子,上班族,office_worker,高级软件工程师,,,
P02710,王雅心,女,32,30-34,有未成年孩子,服务业者,service_worker,保安,,,
P02711,韩安梦,女,30,30-34,无需要照顾的孩子,上班族,office_worker,高级软件工程师,,,
P02712,高琪宁,女,32,30-34,有未成年孩子,上班族,office_worker,销售经理,,,
P02713,王宇,男,29,25-29,无需要照顾的孩子,上班族,office_worker,客户专员,,,
P02714,李静静,女,27,25-29,无需要照顾的孩子,上班族,office_worker,会计,,,
P02715,赵晓,女,27,25-29,无需要照顾的孩子,上班族,office_worker,客户专员,,,
P02716,林宇然,男,33,30-34,有未成年孩子,服务业者,service_worker,房产经纪,,,
P02717,王晓辰,女,38,35-39,有未成年孩子,上班族,office_worker,行政专员,,,
P02718,罗雨曦,女,45,40-45,有未成年孩子,上班族,office_worker,产品经理,,,
P02719,宋佳宁,女,45,40-45,无需要照顾的孩子,上班族,office_worker,财务主管,,,
P02720,马怡宁,女,33,30-34,有未成年孩子,体力劳动者,manual_worker,快递员,,,
P02721,陈晨怡,女,37,35-39,无需要照顾的孩子,服务业者,service_worker,健身教练,,,
P02722,吴心晨,男,33,30-34,无需要照顾的孩子,服务业者,service_worker,房产经纪,,,
P02723,李佳宁,女,26,25-29,无需要照顾的孩子,上班族,office_worker,设计师,,,
P02724,林乐清,女,36,35-39,无需要照顾的孩子,服务业者,service_worker,理发师,,,
P02725,宋梦欣,女,32,30-34,无需要照顾的孩子,上班族,office_worker,采购经理,,,
P02726,张宁,女,19,18-24,无需要照顾的孩子,上班族,office_worker,软件工程师,,,
P02727,王天博,男,43,40-45,有成年孩子,自由业者,freelancer,独立程序员,,,
P02728,唐彤诗,女,27,25-29,有未成年孩子,服务业者,service_worker,理发师,,,
P02729,袁婷,女,20,18-24,无需要照顾的孩子,大学生,university_student,本科生,,,
P02730,郭梦若,女,35,35-39,有未成年孩子,上班族,office_worker,项目经理,,,
P02731,孙知晨,女,26,25-29,有未成年孩子,服务业者,service_worker,咖啡师,,,
P02732,杨星语,女,37,35-39,有未成年孩子,上班族,office_worker,高级运营专员,,,
P02733,黄羽,女,40,40-45,无需要照顾的孩子,自由业者,freelancer,咨询顾问,,,
P02734,王宁,女,25,25-29,无需要照顾的孩子,服务业者,service_worker,健身教练,,,
P02735,李梦,女,21,18-24,无需要照顾的孩子,服务业者,service_worker,厨师,,,
P02736,谢浩,男,31,30-34,无需要照顾的孩子,上班族,office_worker,客户经理,,,
P02737,李源,女,44,40-45,无需要照顾的孩子,上班族,office_worker,高级软件工程师,,,
P02738,林星晨,女,32,30-34,有未成年孩子,上班族,office_worker,项目经理,,,
P02739,杨嫣彤,女,18,18-24,无需要照顾的孩子,上班族,office_worker,财务专员,,,
P02740,杨辰,女,34,30-34,有未成年孩子,服务业者,service_worker,美容师,,,
P02741,周睿,男,18,18-24,无需要照顾的孩子,上班族,office_worker,设计师,,,
P02742,徐思一,女,28,25-29,无需要照顾的孩子,上班族,office_worker,客户专员,,,
P02743,梁思,女,24,18-24,无需要照顾的孩子,大学生,university_student,硕士研究生,,,
P02744,宋轩豪,男,19,18-24,无需要照顾的孩子,大学生,university_student,本科生,,,
P02745,李欣欣,女,26,25-29,有未成年孩子,体力劳动者,manual_worker,电工,,,
P02746,胡晨辰,女,34,30-34,无需要照顾的孩子,上班族,office_worker,销售经理,,,
P02747,张泽羽,男,29,25-29,无需要照顾的孩子,上班族,office_worker,销售经理,,,
P02748,张琪清,女,44,40-45,有未成年孩子,上班族,office_worker,高级软件工程师,,,
P02749,陈嫣,女,31,30-34,无需要照顾的孩子,服务业者,service_worker,餐厅服务员,,,
P02750,陈嫣,女,34,30-34,无需要照顾的孩子,上班族,office_worker,财务专员,,,
P02751,朱羽诺,女,37,35-39,有未成年孩子,上班族,office_worker,软件工程师,,,
P02752,韩乐诗,女,37,35-39,有未成年孩子,上班族,office_worker,销售代表,,,
P02753,黄雅,女,37,35-39,有未成年孩子,服务业者,service_worker,客服,,,
P02754,李欣,女,35,35-39,有未成年孩子,服务业者,service_worker,零售店员,,,
P02755,周清心,男,36,35-39,有未成年孩子,上班族,office_worker,高级软件工程师,,,
P02756,陈诺婉,女,20,18-24,无需要照顾的孩子,上班族,office_worker,销售代表,,,
P02757,林乐,男,31,30-34,有未成年孩子,体力劳动者,manual_worker,设备操作员,,,
P02758,刘静,女,35,35-39,无需要照顾的孩子,体力劳动者,manual_worker,卡车司机,,,
P02759,李雅晓,女,29,25-29,无需要照顾的孩子,上班族,office_worker,客户专员,,,
P02760,徐婷安,女,26,25-29,无需要照顾的孩子,上班族,office_worker,行政专员,,,
P02761,胡宁,男,33,30-34,无需要照顾的孩子,上班族,office_worker,高级运营专员,,,
P02762,王婷嫣,女,36,35-39,无需要照顾的孩子,自由业者,freelancer,独立程序员,,,
P02763,孙可,女,39,35-39,有未成年孩子,上班族,office_worker,数据分析师,,,
P02764,高佳,女,19,18-24,无需要照顾的孩子,大学生,university_student,本科生,,,
P02765,郑雅一,女,34,30-34,有未成年孩子,上班族,office_worker,销售经理,,,
P02766,李雨,女,20,18-24,无需要照顾的孩子,体力劳动者,manual_worker,安装工,,,
P02767,孙诺轩,男,43,40-45,有未成年孩子,自由业者,freelancer,独立承包商,,,
P02768,宋可思,女,37,35-39,有未成年孩子,体力劳动者,manual_worker,焊工,,,
P02769,赵晨琪,女,35,35-39,有未成年孩子,上班族,office_worker,采购专员,,,
P02770,宋思,女,30,30-34,无需要照顾的孩子,体力劳动者,manual_worker,安装工,,,
P02771,吴昊天,男,26,25-29,无需要照顾的孩子,服务业者,service_worker,餐厅服务员,,,
P02772,王乐知,男,19,18-24,无需要照顾的孩子,上班族,office_worker,数据分析师,,,
P02773,陈子梦,女,37,35-39,无需要照顾的孩子,服务业者,service_worker,美容师,,,
P02774,黄晨涵,女,35,35-39,无需要照顾的孩子,自由业者,freelancer,翻译,,,
P02775,王清,女,38,35-39,有未成年孩子,上班族,office_worker,运营专员,,,
P02776,赵清子,女,35,35-39,无需要照顾的孩子,上班族,office_worker,HR经理,,,
P02777,杨欣,女,30,30-34,无需要照顾的孩子,服务业者,service_worker,美容师,,,
P02778,王羽怡,女,31,30-34,无需要照顾的孩子,自由业者,freelancer,网店经营者,,,
P02779,张心,男,28,25-29,无需要照顾的孩子,自由业者,freelancer,自由销售,,,
P02780,陈思源,女,41,40-45,无需要照顾的孩子,上班族,office_worker,HR经理,,,
P02781,王欣,女,30,30-34,无需要照顾的孩子,上班族,office_worker,产品经理,,,
P02782,邓嘉婉,女,29,25-29,无需要照顾的孩子,上班族,office_worker,行政专员,,,
P02783,赵佳星,女,44,40-45,有未成年孩子,服务业者,service_worker,健身教练,,,
P02784,王涵宁,男,38,35-39,无需要照顾的孩子,服务业者,service_worker,零售店员,,,
P02785,王晨晴,女,27,25-29,无需要照顾的孩子,上班族,office_worker,数据分析师,,,
P02786,张嘉景,男,38,35-39,有未成年孩子,上班族,office_worker,高级软件工程师,,,
P02787,孙思昊,男,38,35-39,有未成年孩子,自由业者,freelancer,翻译,,,
P02788,李乐,女,22,18-24,无需要照顾的孩子,服务业者,service_worker,理发师,,,
P02789,陈雅,女,44,40-45,无需要照顾的孩子,体力劳动者,manual_worker,维修技师,,,
P02790,曹嘉雨,女,25,25-29,有未成年孩子,上班族,office_worker,软件工程师,,,
P02791,赵若欣,女,43,40-45,有未成年孩子,自由业者,freelancer,独立承包商,,,
P02792,王涵宁,女,24,18-24,无需要照顾的孩子,大学生,university_student,硕士研究生,,,
P02793,林佳梦,女,36,35-39,有未成年孩子,上班族,office_worker,数据分析师,,,
P02794,陈一怡,女,45,40-45,无需要照顾的孩子,上班族,office_worker,区域经理,,,
P02795,董言远,女,21,18-24,无需要照顾的孩子,上班族,office_worker,设计师,,,
P02796,何静远,女,28,25-29,无需要照顾的孩子,体力劳动者,manual_worker,焊工,,,
P02797,何语晴,女,30,30-34,无需要照顾的孩子,上班族,office_worker,客户专员,,,
P02798,梁嘉佑,男,18,18-24,无需要照顾的孩子,大学生,university_student,硕士研究生,,,
P02799,唐嫣,女,29,25-29,无需要照顾的孩子,上班族,office_worker,采购专员,,,
P02800,王清轩,男,21,18-24,无需要照顾的孩子,大学生,university_student,本科生,,,
P02801,张婷晴,女,32,30-34,有未成年孩子,体力劳动者,manual_worker,设备操作员,,,
P02802,刘诗子,女,23,18-24,无需要照顾的孩子,体力劳动者,manual_worker,汽车技师,,,
P02803,谢轩阳,男,40,40-45,有未成年孩子,上班族,office_worker,项目经理,,,
P02804,刘楷心,男,23,18-24,无需要照顾的孩子,大学生,university_student,博士研究生,,,
P02805,杨静嫣,女,39,35-39,有未成年孩子,服务业者,service_worker,客服,,,
P02806,张欣,女,35,35-39,无需要照顾的孩子,上班族,office_worker,高级产品经理,,,
P02807,张嘉,女,18,18-24,无需要照顾的孩子,大学生,university_student,本科生,,,
P02808,程诺可,男,20,18-24,无需要照顾的孩子,大学生,university_student,本科生,,,
P02809,陈阳安,男,43,40-45,有未成年孩子,上班族,office_worker,销售经理,,,
P02810,徐安婉,女,36,35-39,有未成年孩子,上班族,office_worker,销售经理,,,
P02811,赵婉,女,28,25-29,无需要照顾的孩子,服务业者,service_worker,健身教练,,,
P02812,黄涵,女,45,40-45,有未成年孩子,服务业者,service_worker,酒店前台,,,
P02813,胡源,男,28,25-29,无需要照顾的孩子,上班族,office_worker,软件工程师,,,
P02814,孙若,女,33,30-34,无需要照顾的孩子,自由业者,freelancer,独立程序员,,,
P02815,吴明心,男,26,25-29,无需要照顾的孩子,上班族,office_worker,行政专员,,,
P02816,朱曦宁,女,19,18-24,无需要照顾的孩子,大学生,university_student,本科生,,,
P02817,董晨俊,男,31,30-34,无需要照顾的孩子,体力劳动者,manual_worker,设备操作员,,,
P02818,陈清子,女,45,40-45,有未成年孩子,服务业者,service_worker,房产经纪,,,
P02819,王羽,女,38,35-39,有未成年孩子,上班族,office_worker,软件工程师,,,
P02820,刘梦婷,女,36,35-39,无需要照顾的孩子,上班族,office_worker,财务经理,,,
P02821,张思婉,女,31,30-34,无需要照顾的孩子,上班族,office_worker,客户专员,,,
P02822,何宇清,男,37,35-39,有未成年孩子,体力劳动者,manual_worker,搬运工,,,
P02823,王嫣梦,女,23,18-24,无需要照顾的孩子,上班族,office_worker,数据分析师,,,
P02824,李羽心,男,40,40-45,无需要照顾的孩子,体力劳动者,manual_worker,快递员,,,
P02825,罗星清,女,25,25-29,无需要照顾的孩子,自由业者,freelancer,独立承包商,,,
P02826,王诺,男,40,40-45,无需要照顾的孩子,体力劳动者,manual_worker,电工,,,
P02827,程哲景,男,19,18-24,有未成年孩子,上班族,office_worker,数据分析师,,,
P02828,谢子思,女,33,30-34,无需要照顾的孩子,上班族,office_worker,HR经理,,,
P02829,陈一静,女,36,35-39,有未成年孩子,服务业者,service_worker,客服,,,
P02830,周志知,男,38,35-39,无需要照顾的孩子,上班族,office_worker,运营专员,,,
P02831,李佳婷,女,30,30-34,有未成年孩子,上班族,office_worker,客户经理,,,
P02832,张怡涵,女,19,18-24,无需要照顾的孩子,体力劳动者,manual_worker,搬运工,,,
P02833,赵思辰,女,24,18-24,无需要照顾的孩子,体力劳动者,manual_worker,配送员,,,
P02834,李楷,男,34,30-34,有未成年孩子,上班族,office_worker,会计,,,
P02835,杨睿佑,男,37,35-39,有未成年孩子,服务业者,service_worker,厨师,,,
P02836,程佳雨,女,26,25-29,无需要照顾的孩子,服务业者,service_worker,理发师,,,
P02837,何雨欣,女,31,30-34,有未成年孩子,上班族,office_worker,数据分析师,,,
P02838,杨可佳,女,35,35-39,无需要照顾的孩子,服务业者,service_worker,餐厅服务员,,,
P02839,胡婷心,女,44,40-45,有未成年孩子,上班族,office_worker,会计,,,
P02840,吴知辰,女,38,35-39,有未成年孩子,上班族,office_worker,运营经理,,,
P02841,张思嫣,女,33,30-34,有未成年孩子,自由业者,freelancer,网店经营者,,,
P02842,刘涵宁,女,30,30-34,无需要照顾的孩子,上班族,office_worker,行政专员,,,
P02843,张思,女,33,30-34,无需要照顾的孩子,上班族,office_worker,行政专员,,,
P02844,马文源,男,29,25-29,无需要照顾的孩子,服务业者,service_worker,保安,,,
P02845,徐可,女,37,35-39,有未成年孩子,体力劳动者,manual_worker,维修技师,,,
P02846,冯俊哲,男,42,40-45,无需要照顾的孩子,服务业者,service_worker,收银员,,,
P02847,曹诗语,女,27,25-29,无需要照顾的孩子,服务业者,service_worker,房产经纪,,,
P02848,王文,男,36,35-39,有未成年孩子,体力劳动者,manual_worker,建筑工人,,,
P02849,徐心梦,女,35,35-39,无需要照顾的孩子,体力劳动者,manual_worker,卡车司机,,,
P02850,吴涵佳,女,35,35-39,有未成年孩子,自由业者,freelancer,独立程序员,,,
P02851,冯清嫣,女,43,40-45,无需要照顾的孩子,上班族,office_worker,运营专员,,,
P02852,孙一乐,男,25,25-29,无需要照顾的孩子,服务业者,service_worker,健身教练,,,
P02853,李睿睿,男,32,30-34,有未成年孩子,体力劳动者,manual_worker,配送员,,,
P02854,王辰远,男,35,35-39,有未成年孩子,上班族,office_worker,销售代表,,,
P02855,张嫣诺,女,20,18-24,无需要照顾的孩子,上班族,office_worker,财务专员,,,
P02856,朱嘉,女,42,40-45,有未成年孩子,体力劳动者,manual_worker,搬运工,,,
P02857,陈若思,女,41,40-45,有未成年孩子,自由业者,freelancer,摄影师,,,
P02858,张思源,女,18,18-24,无需要照顾的孩子,服务业者,service_worker,酒店服务人员,,,
P02859,李婷晓,女,29,25-29,无需要照顾的孩子,上班族,office_worker,数据分析师,,,
P02860,赵婉思,女,45,40-45,无需要照顾的孩子,上班族,office_worker,行政专员,,,
P02861,刘梦,女,32,30-34,无需要照顾的孩子,服务业者,service_worker,健身教练,,,
P02862,王清,女,41,40-45,无需要照顾的孩子,体力劳动者,manual_worker,设备操作员,,,
P02863,王景,男,28,25-29,无需要照顾的孩子,自由业者,freelancer,摄影师,,,
P02864,邓子,女,35,35-39,有未成年孩子,服务业者,service_worker,客服,,,
P02865,郭羽彤,女,41,40-45,有未成年孩子,服务业者,service_worker,理发师,,,
P02866,谢一嘉,男,44,40-45,无需要照顾的孩子,上班族,office_worker,运营专员,,,
P02867,刘知羽,男,32,30-34,有未成年孩子,自由业者,freelancer,网店经营者,,,
P02868,赵欣,女,30,30-34,有未成年孩子,服务业者,service_worker,客服,,,
P02869,杨清,女,45,40-45,无需要照顾的孩子,上班族,office_worker,客户专员,,,
P02870,王宁,男,43,40-45,有未成年孩子,服务业者,service_worker,咖啡师,,,
P02871,郭思佳,女,38,35-39,无需要照顾的孩子,上班族,office_worker,产品经理,,,
P02872,董诺若,女,44,40-45,有未成年孩子,上班族,office_worker,高级软件工程师,,,
P02873,王若欣,女,36,35-39,有未成年孩子,上班族,office_worker,部门经理,,,
P02874,李佑乐,男,32,30-34,无需要照顾的孩子,体力劳动者,manual_worker,卡车司机,,,
P02875,董心远,女,38,35-39,有未成年孩子,服务业者,service_worker,零售店员,,,
P02876,林宁,女,39,35-39,无需要照顾的孩子,体力劳动者,manual_worker,电工,,,
P02877,李睿,男,33,30-34,无需要照顾的孩子,服务业者,service_worker,健身教练,,,
P02878,朱晨一,男,26,25-29,有未成年孩子,上班族,office_worker,HR经理,,,
P02879,宋哲,男,21,18-24,无需要照顾的孩子,服务业者,service_worker,房产经纪,,,
P02880,许静欣,女,35,35-39,有未成年孩子,服务业者,service_worker,收银员,,,
P02881,张若,女,18,18-24,无需要照顾的孩子,上班族,office_worker,运营专员,,,
P02882,韩琪诺,女,38,35-39,有未成年孩子,上班族,office_worker,采购专员,,,
P02883,高羽语,女,21,18-24,无需要照顾的孩子,服务业者,service_worker,零售店员,,,
P02884,陈嘉梦,女,25,25-29,无需要照顾的孩子,上班族,office_worker,软件工程师,,,
P02885,郑辰若,女,27,25-29,无需要照顾的孩子,上班族,office_worker,运营专员,,,
P02886,王俊涵,男,34,30-34,无需要照顾的孩子,上班族,office_worker,高级软件工程师,,,
P02887,董辰语,女,27,25-29,无需要照顾的孩子,体力劳动者,manual_worker,维修技师,,,
P02888,许博,男,31,30-34,无需要照顾的孩子,上班族,office_worker,行政专员,,,
P02889,吴涵婷,女,28,25-29,无需要照顾的孩子,自由业者,freelancer,自媒体从业者,,,
P02890,张佳宁,女,24,18-24,无需要照顾的孩子,大学生,university_student,硕士研究生,,,
P02891,杨子远,男,22,18-24,无需要照顾的孩子,上班族,office_worker,会计,,,
P02892,黄哲,男,18,18-24,无需要照顾的孩子,服务业者,service_worker,理发师,,,
P02893,陈晴,女,45,40-45,有未成年孩子,自由业者,freelancer,网店经营者,,,
P02894,陈宁然,男,25,25-29,无需要照顾的孩子,上班族,office_worker,会计,,,
P02895,赵安,女,41,40-45,有未成年孩子,体力劳动者,manual_worker,维修技师,,,
P02896,赵桐晓,女,41,40-45,有成年孩子,自由业者,freelancer,自由销售,,,
P02897,赵晨梓,男,27,25-29,无需要照顾的孩子,体力劳动者,manual_worker,设备操作员,,,
P02898,张诗欣,女,32,30-34,无需要照顾的孩子,上班族,office_worker,采购专员,,,
P02899,黄思可,女,24,18-24,无需要照顾的孩子,服务业者,service_worker,咖啡师,,,
P02900,陈曦星,女,25,25-29,无需要照顾的孩子,服务业者,service_worker,保安,,,
P02901,王雅子,女,45,40-45,有成年孩子,体力劳动者,manual_worker,电工,,,
P02902,刘瑶安,女,39,35-39,有未成年孩子,上班族,office_worker,采购经理,,,
P02903,冯梦,女,34,30-34,有未成年孩子,自由业者,freelancer,自媒体从业者,,,
P02904,李心诗,女,43,40-45,有未成年孩子,自由业者,freelancer,翻译,,,
P02905,李涵,女,38,35-39,无需要照顾的孩子,服务业者,service_worker,咖啡师,,,
P02906,朱宁瑶,女,31,30-34,有未成年孩子,上班族,office_worker,会计,,,
P02907,林知羽,女,36,35-39,有未成年孩子,上班族,office_worker,采购经理,,,
P02908,吴佳嫣,女,42,40-45,有未成年孩子,上班族,office_worker,高级运营专员,,,
P02909,高可辰,女,43,40-45,有未成年孩子,上班族,office_worker,HR经理,,,
P02910,袁婷嫣,女,45,40-45,无需要照顾的孩子,服务业者,service_worker,理发师,,,
P02911,王晨若,女,41,40-45,有未成年孩子,上班族,office_worker,数据分析师,,,
P02912,吴雅涵,女,22,18-24,无需要照顾的孩子,服务业者,service_worker,收银员,,,
P02913,于豪豪,男,34,30-34,有未成年孩子,上班族,office_worker,项目经理,,,
P02914,刘思,女,44,40-45,有成年孩子,体力劳动者,manual_worker,卡车司机,,,
P02915,王宁,男,42,40-45,有未成年孩子,上班族,office_worker,销售经理,,,
P02916,李怡梦,女,25,25-29,无需要照顾的孩子,自由业者,freelancer,翻译,,,
P02917,王若,女,45,40-45,有未成年孩子,上班族,office_worker,财务主管,,,
P02918,陈宁,女,42,40-45,有未成年孩子,体力劳动者,manual_worker,建筑工人,,,
P02919,赵俊豪,男,40,40-45,有未成年孩子,上班族,office_worker,高级项目经理,,,
P02920,李心语,女,35,35-39,有未成年孩子,上班族,office_worker,技术经理,,,
P02921,郭清,男,38,35-39,无需要照顾的孩子,上班族,office_worker,行政专员,,,
P02922,李桐涵,女,42,40-45,无需要照顾的孩子,上班族,office_worker,高级软件工程师,,,
P02923,孙若子,女,45,40-45,无需要照顾的孩子,上班族,office_worker,采购经理,,,
P02924,罗知杰,男,26,25-29,有未成年孩子,上班族,office_worker,会计,,,
P02925,李宁思,女,20,18-24,无需要照顾的孩子,上班族,office_worker,财务专员,,,
P02926,刘瑶佳,女,41,40-45,无需要照顾的孩子,上班族,office_worker,高级软件工程师,,,
P02927,吴知安,女,44,40-45,有未成年孩子,上班族,office_worker,采购经理,,,
P02928,高怡星,女,26,25-29,无需要照顾的孩子,体力劳动者,manual_worker,电工,,,
P02929,李婷瑶,女,45,40-45,无需要照顾的孩子,服务业者,service_worker,美容师,,,
P02930,徐思,男,28,25-29,无需要照顾的孩子,上班族,office_worker,财务专员,,,
P02931,宋静,女,30,30-34,有未成年孩子,上班族,office_worker,销售代表,,,
P02932,郭景,男,30,30-34,无需要照顾的孩子,体力劳动者,manual_worker,安装工,,,
P02933,陈乐怡,女,41,40-45,有未成年孩子,上班族,office_worker,高级数据分析师,,,
P02934,张涵可,女,28,25-29,无需要照顾的孩子,服务业者,service_worker,餐厅服务员,,,
P02935,张羽睿,男,29,25-29,无需要照顾的孩子,服务业者,service_worker,收银员,,,
P02936,胡语,女,43,40-45,有未成年孩子,上班族,office_worker,区域经理,,,
P02937,王诺言,女,44,40-45,有未成年孩子,体力劳动者,manual_worker,快递员,,,
P02938,杨晓宁,女,40,40-45,有未成年孩子,服务业者,service_worker,咖啡师,,,
P02939,吴诗雅,女,32,30-34,有未成年孩子,上班族,office_worker,项目经理,,,
P02940,张曦可,女,29,25-29,无需要照顾的孩子,自由业者,freelancer,翻译,,,
P02941,罗源涵,女,34,30-34,无需要照顾的孩子,上班族,office_worker,高级数据分析师,,,
P02942,李天浩,男,33,30-34,无需要照顾的孩子,自由业者,freelancer,网店经营者,,,
P02943,罗可,女,40,40-45,有未成年孩子,上班族,office_worker,高级数据分析师,,,
P02944,何彤雨,女,39,35-39,有未成年孩子,上班族,office_worker,产品经理,,,
P02945,李佳宁,女,27,25-29,有未成年孩子,服务业者,service_worker,保安,,,
P02946,刘子宁,女,22,18-24,无需要照顾的孩子,上班族,office_worker,会计,,,
P02947,唐睿,男,28,25-29,无需要照顾的孩子,大学生,university_student,博士研究生,,,
P02948,刘彤瑶,女,43,40-45,有未成年孩子,体力劳动者,manual_worker,安装工,,,
P02949,罗瑶乐,女,44,40-45,有未成年孩子,上班族,office_worker,高级数据分析师,,,
P02950,陈乐,女,37,35-39,有未成年孩子,体力劳动者,manual_worker,维修技师,,,
P02951,张佳源,女,37,35-39,有未成年孩子,上班族,office_worker,行政专员,,,
P02952,郭可,女,44,40-45,有成年孩子,上班族,office_worker,HR经理,,,
P02953,胡若梦,女,30,30-34,有未成年孩子,体力劳动者,manual_worker,建筑工人,,,
P02954,李远源,女,21,18-24,无需要照顾的孩子,上班族,office_worker,销售代表,,,
P02955,周昊知,男,27,25-29,无需要照顾的孩子,服务业者,service_worker,美容师,,,
P02956,陈怡语,女,36,35-39,有未成年孩子,上班族,office_worker,会计,,,
P02957,杨可婷,女,39,35-39,无需要照顾的孩子,体力劳动者,manual_worker,维修技师,,,
P02958,张晨然,男,35,35-39,有未成年孩子,上班族,office_worker,高级数据分析师,,,
P02959,谢可,女,32,30-34,有未成年孩子,上班族,office_worker,软件工程师,,,
P02960,陈欣宁,女,23,18-24,无需要照顾的孩子,上班族,office_worker,客户专员,,,
P02961,张思,女,20,18-24,无需要照顾的孩子,上班族,office_worker,数据分析师,,,
P02962,陈辰可,女,26,25-29,无需要照顾的孩子,服务业者,service_worker,酒店服务人员,,,
P02963,杨天可,男,38,35-39,无需要照顾的孩子,服务业者,service_worker,美容师,,,
P02964,宋文志,男,27,25-29,无需要照顾的孩子,服务业者,service_worker,厨师,,,
P02965,胡阳,男,37,35-39,无需要照顾的孩子,服务业者,service_worker,零售店员,,,
P02966,赵远静,女,39,35-39,无需要照顾的孩子,自由业者,freelancer,咨询顾问,,,
P02967,李欣欣,女,35,35-39,有未成年孩子,上班族,office_worker,高级软件工程师,,,
P02968,王涵,女,31,30-34,无需要照顾的孩子,上班族,office_worker,数据分析师,,,
P02969,王梓,男,31,30-34,有未成年孩子,上班族,office_worker,会计,,,
P02970,高涵然,男,39,35-39,有未成年孩子,上班族,office_worker,高级软件工程师,,,
P02971,王辰乐,男,44,40-45,有未成年孩子,自由业者,freelancer,自由销售,,,
P02972,张诺,男,21,18-24,无需要照顾的孩子,服务业者,service_worker,零售店员,,,
P02973,梁曦,女,38,35-39,有未成年孩子,服务业者,service_worker,美容师,,,
P02974,李知涵,男,19,18-24,无需要照顾的孩子,体力劳动者,manual_worker,建筑工人,,,
P02975,王欣晨,女,30,30-34,有未成年孩子,上班族,office_worker,财务专员,,,
P02976,宋乐星,女,19,18-24,无需要照顾的孩子,服务业者,service_worker,理发师,,,
P02977,刘涵语,女,26,25-29,有未成年孩子,服务业者,service_worker,酒店前台,,,
P02978,邓诺佳,女,29,25-29,无需要照顾的孩子,服务业者,service_worker,咖啡师,,,
P02979,宋志景,男,27,25-29,无需要照顾的孩子,上班族,office_worker,HR经理,,,
P02980,赵哲佑,男,33,30-34,无需要照顾的孩子,服务业者,service_worker,咖啡师,,,
P02981,张星可,女,33,30-34,无需要照顾的孩子,服务业者,service_worker,收银员,,,
P02982,张羽,男,31,30-34,有未成年孩子,体力劳动者,manual_worker,汽车技师,,,
P02983,杨景哲,男,33,30-34,无需要照顾的孩子,自由业者,freelancer,自由设计师,,,
P02984,王梦嘉,女,37,35-39,无需要照顾的孩子,上班族,office_worker,高级运营专员,,,
P02985,高诺昊,男,29,25-29,无需要照顾的孩子,体力劳动者,manual_worker,安装工,,,
P02986,唐辰言,女,32,30-34,有未成年孩子,自由业者,freelancer,独立承包商,,,
P02987,张子豪,男,18,18-24,无需要照顾的孩子,大学生,university_student,硕士研究生,,,
P02988,王子,男,23,18-24,无需要照顾的孩子,服务业者,service_worker,美容师,,,
P02989,刘一思,女,30,30-34,无需要照顾的孩子,服务业者,service_worker,美容师,,,
P02990,张星婷,女,30,30-34,无需要照顾的孩子,体力劳动者,manual_worker,配送员,,,
P02991,赵婷晴,女,28,25-29,无需要照顾的孩子,服务业者,service_worker,餐厅服务员,,,
P02992,曹哲晨,男,26,25-29,有未成年孩子,上班族,office_worker,客户专员,,,
P02993,陈涵羽,女,38,35-39,有未成年孩子,上班族,office_worker,高级运营专员,,,
P02994,王佳,女,41,40-45,有未成年孩子,上班族,office_worker,财务主管,,,
P02995,何佳星,女,20,18-24,有未成年孩子,大学生,university_student,硕士研究生,,,
P02996,李桐涵,女,34,30-34,无需要照顾的孩子,服务业者,service_worker,保安,,,
P02997,高嘉,女,37,35-39,有未成年孩子,上班族,office_worker,HR经理,,,
P02998,杨晨豪,男,28,25-29,有未成年孩子,服务业者,service_worker,收银员,,,
P02999,唐欣诺,女,30,30-34,无需要照顾的孩子,服务业者,service_worker,零售店员,,,
P03000,王嫣,女,37,35-39,无需要照顾的孩子,服务业者,service_worker,咖啡师,,,
P03001,陈怡安,女,28,25-29,无需要照顾的孩子,上班族,office_worker,财务专员,,,
P03002,郑轩清,男,41,40-45,无需要照顾的孩子,自由业者,freelancer,摄影师,,,
P03003,杨怡晨,女,31,30-34,无需要照顾的孩子,上班族,office_worker,财务专员,,,
P03004,吴婷,女,32,30-34,无需要照顾的孩子,自由业者,freelancer,咨询顾问,,,
P03005,胡远,女,25,25-29,无需要照顾的孩子,上班族,office_worker,客户专员,,,
P03006,李婉,女,38,35-39,有未成年孩子,上班族,office_worker,行政专员,,,
P03007,张楷阳,男,30,30-34,有未成年孩子,体力劳动者,manual_worker,维修技师,,,
P03008,曹轩乐,男,32,30-34,有未成年孩子,服务业者,service_worker,咖啡师,,,
P03009,杨涵心,男,45,40-45,有成年孩子,自由业者,freelancer,网店经营者,,,
P03010,李欣远,女,29,25-29,有未成年孩子,服务业者,service_worker,理发师,,,
P03011,张宁宁,男,30,30-34,无需要照顾的孩子,上班族,office_worker,软件工程师,,,
P03012,马子乐,女,44,40-45,有未成年孩子,上班族,office_worker,高级软件工程师,,,
P03013,马雨雨,女,45,40-45,有未成年孩子,上班族,office_worker,销售经理,,,
P03014,徐佳涵,女,23,18-24,无需要照顾的孩子,大学生,university_student,硕士研究生,,,
P03015,陈豪嘉,男,25,25-29,无需要照顾的孩子,体力劳动者,manual_worker,搬运工,,,
P03016,刘乐嘉,女,19,18-24,无需要照顾的孩子,服务业者,service_worker,零售店员,,,
P03017,刘思,女,45,40-45,有未成年孩子,上班族,office_worker,数据分析师,,,
P03018,刘诗嫣,女,33,30-34,无需要照顾的孩子,上班族,office_worker,财务主管,,,
P03019,程思,女,39,35-39,有未成年孩子,上班族,office_worker,部门经理,,,
P03020,罗佳彤,女,28,25-29,无需要照顾的孩子,自由业者,freelancer,私教,,,
P03021,袁若欣,女,44,40-45,无需要照顾的孩子,体力劳动者,manual_worker,快递员,,,
P03022,冯语梦,女,31,30-34,无需要照顾的孩子,上班族,office_worker,高级运营专员,,,
P03023,刘雅远,女,39,35-39,无需要照顾的孩子,服务业者,service_worker,咖啡师,,,
P03024,朱俊嘉,男,39,35-39,无需要照顾的孩子,服务业者,service_worker,房产经纪,,,
P03025,孙琪,女,27,25-29,无需要照顾的孩子,体力劳动者,manual_worker,配送员,,,
P03026,孙言晨,女,25,25-29,无需要照顾的孩子,服务业者,service_worker,酒店服务人员,,,
P03027,张清嘉,男,40,40-45,无需要照顾的孩子,上班族,office_worker,HR经理,,,
P03028,刘安,女,32,30-34,有未成年孩子,上班族,office_worker,项目经理,,,
P03029,韩安,女,32,30-34,无需要照顾的孩子,上班族,office_worker,HR经理,,,
P03030,刘知晴,女,36,35-39,有未成年孩子,上班族,office_worker,运营专员,,,
P03031,陈诺心,女,42,40-45,有未成年孩子,服务业者,service_worker,收银员,,,
P03032,于可言,女,42,40-45,有未成年孩子,上班族,office_worker,产品经理,,,
P03033,胡思哲,男,31,30-34,无需要照顾的孩子,服务业者,service_worker,酒店服务人员,,,
P03034,刘涵嘉,男,34,30-34,有未成年孩子,上班族,office_worker,产品经理,,,
P03035,李言安,女,36,35-39,有未成年孩子,服务业者,service_worker,美容师,,,
P03036,张梓,男,27,25-29,无需要照顾的孩子,上班族,office_worker,销售经理,,,
P03037,徐静雅,女,20,18-24,无需要照顾的孩子,服务业者,service_worker,房产经纪,,,
P03038,王琪怡,女,30,30-34,有未成年孩子,上班族,office_worker,HR经理,,,
P03039,谢子星,女,32,30-34,有未成年孩子,上班族,office_worker,行政专员,,,
P03040,刘雨,女,34,30-34,有未成年孩子,体力劳动者,manual_worker,安装工,,,
P03041,许静一,女,34,30-34,有未成年孩子,服务业者,service_worker,客服,,,
P03042,张静辰,女,43,40-45,无需要照顾的孩子,上班族,office_worker,客户经理,,,
P03043,林嘉乐,男,38,35-39,有未成年孩子,上班族,office_worker,技术经理,,,
P03044,王雨佳,女,43,40-45,无需要照顾的孩子,上班族,office_worker,业务负责人,,,
P03045,张嘉嘉,男,41,40-45,有未成年孩子,上班族,office_worker,产品经理,,,
P03046,赵嫣晨,女,31,30-34,无需要照顾的孩子,上班族,office_worker,HR经理,,,
P03047,杨星婉,女,41,40-45,有未成年孩子,体力劳动者,manual_worker,建筑工人,,,
P03048,李诗知,女,42,40-45,有未成年孩子,体力劳动者,manual_worker,安装工,,,
P03049,刘曦,女,45,40-45,有未成年孩子,服务业者,service_worker,收银员,,,
P03050,王远佳,女,42,40-45,有未成年孩子,自由业者,freelancer,翻译,,,
P03051,马思源,女,19,18-24,无需要照顾的孩子,自由业者,freelancer,自媒体从业者,,,
P03052,陈晴雨,女,23,18-24,无需要照顾的孩子,上班族,office_worker,会计,,,
P03053,郑晨,男,32,30-34,无需要照顾的孩子,上班族,office_worker,行政专员,,,
P03054,朱嘉浩,男,35,35-39,无需要照顾的孩子,体力劳动者,manual_worker,安装工,,,
P03055,刘宁语,女,33,30-34,有未成年孩子,自由业者,freelancer,私教,,,
P03056,王涵,男,43,40-45,无需要照顾的孩子,服务业者,service_worker,美容师,,,
P03057,李豪清,男,38,35-39,有未成年孩子,体力劳动者,manual_worker,卡车司机,,,
P03058,李哲言,男,32,30-34,有未成年孩子,上班族,office_worker,设计师,,,
P03059,徐晨羽,女,32,30-34,无需要照顾的孩子,上班族,office_worker,数据分析师,,,
P03060,黄星,女,27,25-29,无需要照顾的孩子,上班族,office_worker,项目经理,,,
P03061,朱知心,女,34,30-34,有未成年孩子,上班族,office_worker,销售经理,,,
P03062,李语乐,女,43,40-45,有未成年孩子,自由业者,freelancer,自由设计师,,,
P03063,孙瑶婉,女,43,40-45,无需要照顾的孩子,上班族,office_worker,高级软件工程师,,,
P03064,王乐婷,女,40,40-45,有未成年孩子,体力劳动者,manual_worker,设备操作员,,,
P03065,黄子,男,37,35-39,有未成年孩子,上班族,office_worker,客户专员,,,
P03066,张嘉阳,男,32,30-34,无需要照顾的孩子,上班族,office_worker,高级运营专员,,,
P03067,陈彤语,女,22,18-24,无需要照顾的孩子,上班族,office_worker,高级数据分析师,,,
P03068,袁雅雨,女,35,35-39,无需要照顾的孩子,上班族,office_worker,项目经理,,,
P03069,黄雅,女,33,30-34,有未成年孩子,服务业者,service_worker,零售店员,,,
P03070,马言梦,女,25,25-29,无需要照顾的孩子,服务业者,service_worker,厨师,,,
P03071,朱乐婉,女,38,35-39,有未成年孩子,上班族,office_worker,销售代表,,,
P03072,刘可,女,33,30-34,无需要照顾的孩子,自由业者,freelancer,自由设计师,,,
P03073,胡彤,女,32,30-34,无需要照顾的孩子,服务业者,service_worker,健身教练,,,
P03074,李泽梓,男,40,40-45,有未成年孩子,上班族,office_worker,行政专员,,,
P03075,梁婉,女,31,30-34,有未成年孩子,体力劳动者,manual_worker,维修技师,,,
P03076,李佳琪,女,25,25-29,无需要照顾的孩子,服务业者,service_worker,保安,,,
P03077,王嘉语,女,42,40-45,无需要照顾的孩子,上班族,office_worker,产品经理,,,
P03078,王若可,女,39,35-39,无需要照顾的孩子,上班族,office_worker,行政专员,,,
P03079,刘安佳,女,39,35-39,有未成年孩子,服务业者,service_worker,房产经纪,,,
P03080,冯清清,女,39,35-39,有未成年孩子,上班族,office_worker,运营专员,,,
P03081,李雨梦,女,23,18-24,无需要照顾的孩子,大学生,university_student,硕士研究生,,,
P03082,孙佳可,女,32,30-34,有未成年孩子,上班族,office_worker,销售经理,,,
P03083,张嘉,女,21,18-24,无需要照顾的孩子,大学生,university_student,硕士研究生,,,
P03084,徐婉怡,女,24,18-24,无需要照顾的孩子,服务业者,service_worker,保安,,,
P03085,王心琪,女,25,25-29,有未成年孩子,自由业者,freelancer,自由销售,,,
P03086,王涵晓,女,32,30-34,无需要照顾的孩子,上班族,office_worker,会计,,,
P03087,张雨乐,女,34,30-34,有未成年孩子,上班族,office_worker,行政专员,,,
P03088,王羽心,男,23,18-24,有未成年孩子,体力劳动者,manual_worker,汽车技师,,,
P03089,高怡怡,女,30,30-34,无需要照顾的孩子,体力劳动者,manual_worker,安装工,,,
P03090,陈心思,女,44,40-45,有未成年孩子,上班族,office_worker,高级数据分析师,,,
P03091,刘雅,女,41,40-45,有未成年孩子,体力劳动者,manual_worker,电工,,,
P03092,赵语一,女,33,30-34,无需要照顾的孩子,体力劳动者,manual_worker,搬运工,,,
P03093,黄雅婷,女,37,35-39,有未成年孩子,上班族,office_worker,会计,,,
P03094,孙俊哲,男,26,25-29,有未成年孩子,上班族,office_worker,财务专员,,,
P03095,徐欣星,女,42,40-45,有未成年孩子,自由业者,freelancer,摄影师,,,
P03096,胡静静,女,38,35-39,有未成年孩子,服务业者,service_worker,客服,,,
P03097,杨乐羽,男,27,25-29,有未成年孩子,上班族,office_worker,会计,,,
P03098,王静婉,女,22,18-24,无需要照顾的孩子,上班族,office_worker,软件工程师,,,
P03099,罗星婷,女,23,18-24,无需要照顾的孩子,自由业者,freelancer,自由销售,,,
P03100,赵涵佳,女,40,40-45,有未成年孩子,上班族,office_worker,高级项目经理,,,
P03101,冯豪心,男,45,40-45,有未成年孩子,体力劳动者,manual_worker,安装工,,,
P03102,高诗一,女,30,30-34,有未成年孩子,上班族,office_worker,高级运营专员,,,
P03103,徐嘉豪,男,41,40-45,有未成年孩子,上班族,office_worker,行政专员,,,
P03104,韩涵,女,26,25-29,有未成年孩子,上班族,office_worker,软件工程师,,,
P03105,许怡宁,女,21,18-24,无需要照顾的孩子,服务业者,service_worker,客服,,,
P03106,高轩嘉,男,36,35-39,无需要照顾的孩子,体力劳动者,manual_worker,焊工,,,
P03107,赵诺昊,男,37,35-39,有未成年孩子,服务业者,service_worker,酒店服务人员,,,
P03108,徐辰,女,24,18-24,无需要照顾的孩子,上班族,office_worker,销售代表,,,
P03109,李桐彤,女,45,40-45,有未成年孩子,上班族,office_worker,运营专员,,,
P03110,周涵,女,26,25-29,无需要照顾的孩子,上班族,office_worker,销售代表,,,
P03111,王一宁,男,45,40-45,有未成年孩子,上班族,office_worker,客户经理,,,
P03112,郑婷清,女,25,25-29,无需要照顾的孩子,上班族,office_worker,采购专员,,,
P03113,刘宁羽,女,32,30-34,有未成年孩子,服务业者,service_worker,咖啡师,,,
P03114,李宇诺,男,44,40-45,无需要照顾的孩子,上班族,office_worker,HR经理,,,
P03115,赵婉思,女,30,30-34,有未成年孩子,上班族,office_worker,产品经理,,,
P03116,陈文乐,男,18,18-24,无需要照顾的孩子,大学生,university_student,本科生,,,
P03117,黄雨嫣,女,39,35-39,有未成年孩子,上班族,office_worker,采购经理,,,
P03118,周雨婷,女,31,30-34,无需要照顾的孩子,上班族,office_worker,软件工程师,,,
P03119,黄琪可,女,24,18-24,无需要照顾的孩子,上班族,office_worker,设计师,,,
P03120,周文景,男,39,35-39,有未成年孩子,体力劳动者,manual_worker,安装工,,,
P03121,李哲,男,34,30-34,有未成年孩子,服务业者,service_worker,保安,,,
P03122,黄心言,男,30,30-34,无需要照顾的孩子,服务业者,service_worker,理发师,,,
P03123,陈怡源,女,20,18-24,无需要照顾的孩子,服务业者,service_worker,房产经纪,,,
P03124,张景宁,男,21,18-24,无需要照顾的孩子,大学生,university_student,本科生,,,
P03125,郭若涵,女,45,40-45,有未成年孩子,上班族,office_worker,项目经理,,,
P03126,黄欣梦,女,41,40-45,有未成年孩子,服务业者,service_worker,咖啡师,,,
P03127,李婷梦,女,20,18-24,无需要照顾的孩子,自由业者,freelancer,自媒体从业者,,,
P03128,周欣,女,40,40-45,有未成年孩子,自由业者,freelancer,独立程序员,,,
P03129,张可瑶,女,45,40-45,有未成年孩子,上班族,office_worker,客户经理,,,
P03130,黄雨可,女,35,35-39,无需要照顾的孩子,上班族,office_worker,销售经理,,,
P03131,张思,女,32,30-34,有未成年孩子,上班族,office_worker,高级运营专员,,,
P03132,邓若,女,40,40-45,有未成年孩子,上班族,office_worker,财务经理,,,
P03133,王彤思,女,39,35-39,有未成年孩子,上班族,office_worker,产品经理,,,
P03134,张安涵,女,37,35-39,有未成年孩子,服务业者,service_worker,客服,,,
P03135,吴乐怡,女,26,25-29,无需要照顾的孩子,体力劳动者,manual_worker,焊工,,,
P03136,李若星,女,38,35-39,有未成年孩子,上班族,office_worker,项目经理,,,
P03137,李雨欣,女,18,18-24,无需要照顾的孩子,服务业者,service_worker,房产经纪,,,
P03138,王心羽,女,37,35-39,有未成年孩子,上班族,office_worker,软件工程师,,,
P03139,曹乐远,男,37,35-39,有未成年孩子,上班族,office_worker,HR经理,,,
P03140,郑乐心,女,25,25-29,无需要照顾的孩子,大学生,university_student,硕士研究生,,,
P03141,赵楷晨,男,39,35-39,有未成年孩子,服务业者,service_worker,厨师,,,
P03142,王诗,女,39,35-39,无需要照顾的孩子,体力劳动者,manual_worker,焊工,,,
P03143,陈嫣,女,30,30-34,无需要照顾的孩子,上班族,office_worker,软件工程师,,,
P03144,李嘉浩,男,28,25-29,无需要照顾的孩子,上班族,office_worker,采购专员,,,
P03145,王博,男,32,30-34,无需要照顾的孩子,服务业者,service_worker,客服,,,
P03146,梁知晓,女,26,25-29,无需要照顾的孩子,上班族,office_worker,设计师,,,
P03147,张琪,女,37,35-39,有未成年孩子,服务业者,service_worker,酒店前台,,,
P03148,陈可哲,男,28,25-29,无需要照顾的孩子,服务业者,service_worker,咖啡师,,,
P03149,于婷婷,女,40,40-45,有未成年孩子,体力劳动者,manual_worker,安装工,,,
P03150,刘若宁,女,30,30-34,有未成年孩子,体力劳动者,manual_worker,配送员,,,
P03151,王远哲,男,42,40-45,无需要照顾的孩子,体力劳动者,manual_worker,设备操作员,,,
P03152,周明杰,男,34,30-34,有未成年孩子,上班族,office_worker,产品经理,,,
P03153,马晴源,女,35,35-39,无需要照顾的孩子,上班族,office_worker,财务主管,,,
P03154,李乐雨,女,33,30-34,无需要照顾的孩子,上班族,office_worker,软件工程师,,,
P03155,唐心嘉,女,39,35-39,有未成年孩子,服务业者,service_worker,健身教练,,,
P03156,周彤佳,女,42,40-45,有成年孩子,上班族,office_worker,运营经理,,,
P03157,王清梦,女,29,25-29,无需要照顾的孩子,上班族,office_worker,财务专员,,,
P03158,马彤嘉,女,26,25-29,无需要照顾的孩子,上班族,office_worker,客户专员,,,
P03159,周曦,女,28,25-29,无需要照顾的孩子,体力劳动者,manual_worker,配送员,,,
P03160,郑诗安,女,38,35-39,有未成年孩子,上班族,office_worker,数据分析师,,,
P03161,黄心梦,女,32,30-34,有未成年孩子,上班族,office_worker,销售代表,,,
P03162,李言嘉,男,38,35-39,无需要照顾的孩子,上班族,office_worker,项目经理,,,
P03163,陈羽,女,26,25-29,无需要照顾的孩子,上班族,office_worker,客户专员,,,
P03164,宋嘉瑶,女,39,35-39,有未成年孩子,上班族,office_worker,客户专员,,,
P03165,王乐,女,23,18-24,无需要照顾的孩子,大学生,university_student,硕士研究生,,,
P03166,韩源清,女,40,40-45,无需要照顾的孩子,上班族,office_worker,采购经理,,,
P03167,王婉清,女,37,35-39,有未成年孩子,上班族,office_worker,项目经理,,,
P03168,陈言源,女,34,30-34,无需要照顾的孩子,上班族,office_worker,行政专员,,,
P03169,赵怡可,女,18,18-24,无需要照顾的孩子,上班族,office_worker,采购专员,,,
P03170,刘晴嫣,女,24,18-24,无需要照顾的孩子,大学生,university_student,硕士研究生,,,
P03171,杨天浩,男,34,30-34,无需要照顾的孩子,上班族,office_worker,高级运营专员,,,
P03172,陈嫣思,女,33,30-34,有未成年孩子,服务业者,service_worker,理发师,,,
P03173,赵梦远,女,44,40-45,有未成年孩子,上班族,office_worker,财务经理,,,
P03174,李思,女,24,18-24,无需要照顾的孩子,服务业者,service_worker,房产经纪,,,
P03175,陈雅远,女,41,40-45,有未成年孩子,服务业者,service_worker,咖啡师,,,
P03176,李心辰,男,45,40-45,有未成年孩子,上班族,office_worker,销售经理,,,
P03177,董佳佳,女,33,30-34,无需要照顾的孩子,上班族,office_worker,软件工程师,,,
P03178,刘可知,女,27,25-29,无需要照顾的孩子,上班族,office_worker,运营专员,,,
P03179,孙明昊,男,23,18-24,无需要照顾的孩子,大学生,university_student,硕士研究生,,,
P03180,冯涵语,女,18,18-24,无需要照顾的孩子,上班族,office_worker,设计师,,,
P03181,赵桐思,女,21,18-24,无需要照顾的孩子,服务业者,service_worker,酒店前台,,,
P03182,黄安嘉,女,34,30-34,有未成年孩子,自由业者,freelancer,独立承包商,,,
P03183,邓天宁,男,33,30-34,有未成年孩子,自由业者,freelancer,咨询顾问,,,
P03184,罗涵远,女,41,40-45,有未成年孩子,自由业者,freelancer,自媒体从业者,,,
P03185,韩志嘉,男,33,30-34,有未成年孩子,服务业者,service_worker,保安,,,
P03186,张语雨,女,18,18-24,无需要照顾的孩子,大学生,university_student,本科生,,,
P03187,马一,女,27,25-29,无需要照顾的孩子,上班族,office_worker,客户经理,,,
P03188,郭哲梓,男,27,25-29,无需要照顾的孩子,上班族,office_worker,财务主管,,,
P03189,王辰怡,女,31,30-34,无需要照顾的孩子,上班族,office_worker,软件工程师,,,
P03190,张乐子,女,28,25-29,无需要照顾的孩子,上班族,office_worker,财务主管,,,
P03191,胡星清,男,32,30-34,有未成年孩子,上班族,office_worker,采购经理,,,
P03192,郑婉远,女,26,25-29,无需要照顾的孩子,服务业者,service_worker,餐厅服务员,,,
P03193,张思欣,女,34,30-34,有未成年孩子,上班族,office_worker,会计,,,
P03194,王可昊,男,27,25-29,无需要照顾的孩子,服务业者,service_worker,保安,,,
P03195,黄志晨,男,31,30-34,无需要照顾的孩子,上班族,office_worker,销售经理,,,
P03196,张言,女,34,30-34,有未成年孩子,上班族,office_worker,设计师,,,
P03197,张静婷,女,27,25-29,无需要照顾的孩子,上班族,office_worker,设计师,,,
P03198,冯嘉,男,19,18-24,无需要照顾的孩子,上班族,office_worker,会计,,,
P03199,李雨涵,女,28,25-29,无需要照顾的孩子,上班族,office_worker,运营专员,,,
P03200,李雅瑶,女,29,25-29,无需要照顾的孩子,服务业者,service_worker,厨师,,,
P03201,赵清瑶,女,27,25-29,无需要照顾的孩子,服务业者,service_worker,零售店员,,,
P03202,黄子雅,女,38,35-39,有未成年孩子,上班族,office_worker,销售经理,,,
P03203,李欣心,女,31,30-34,无需要照顾的孩子,体力劳动者,manual_worker,焊工,,,
P03204,黄彤子,女,36,35-39,无需要照顾的孩子,体力劳动者,manual_worker,建筑工人,,,
P03205,韩诺辰,男,20,18-24,无需要照顾的孩子,服务业者,service_worker,酒店服务人员,,,
P03206,赵一宇,男,25,25-29,无需要照顾的孩子,上班族,office_worker,会计,,,
P03207,唐知景,男,22,18-24,无需要照顾的孩子,上班族,office_worker,销售代表,,,
P03208,梁思景,男,37,35-39,有未成年孩子,上班族,office_worker,高级数据分析师,,,
P03209,马泽安,男,44,40-45,有未成年孩子,服务业者,service_worker,理发师,,,
P03210,程文浩,男,32,30-34,无需要照顾的孩子,体力劳动者,manual_worker,快递员,,,
P03211,韩宁彤,女,45,40-45,无需要照顾的孩子,服务业者,service_worker,咖啡师,,,
P03212,罗语雨,女,36,35-39,无需要照顾的孩子,体力劳动者,manual_worker,安装工,,,
P03213,李语若,女,25,25-29,无需要照顾的孩子,上班族,office_worker,项目经理,,,
P03214,罗琪婷,女,25,25-29,无需要照顾的孩子,服务业者,service_worker,美容师,,,
P03215,林清昊,男,31,30-34,无需要照顾的孩子,服务业者,service_worker,健身教练,,,
P03216,吴梦婉,女,32,30-34,无需要照顾的孩子,上班族,office_worker,项目经理,,,
P03217,赵可诺,女,20,18-24,无需要照顾的孩子,上班族,office_worker,数据分析师,,,
P03218,李乐曦,女,32,30-34,无需要照顾的孩子,上班族,office_worker,高级产品经理,,,
P03219,袁一,女,32,30-34,无需要照顾的孩子,体力劳动者,manual_worker,安装工,,,
P03220,李源梦,女,38,35-39,无需要照顾的孩子,体力劳动者,manual_worker,安装工,,,
P03221,刘哲源,男,28,25-29,有未成年孩子,上班族,office_worker,采购专员,,,
P03222,刘宁瑶,女,34,30-34,有未成年孩子,上班族,office_worker,会计,,,
P03223,张欣言,女,20,18-24,无需要照顾的孩子,上班族,office_worker,会计,,,
P03224,徐琪涵,女,26,25-29,无需要照顾的孩子,服务业者,service_worker,酒店前台,,,
P03225,杨志,男,31,30-34,无需要照顾的孩子,自由业者,freelancer,自媒体从业者,,,
P03226,许晨曦,女,27,25-29,有未成年孩子,体力劳动者,manual_worker,卡车司机,,,
P03227,董一,男,36,35-39,有未成年孩子,上班族,office_worker,客户专员,,,
P03228,梁嘉轩,男,28,25-29,无需要照顾的孩子,自由业者,freelancer,翻译,,,
P03229,何宁嘉,女,34,30-34,有未成年孩子,体力劳动者,manual_worker,维修技师,,,
P03230,高远思,女,39,35-39,有未成年孩子,自由业者,freelancer,私教,,,
P03231,黄怡嘉,女,35,35-39,有未成年孩子,服务业者,service_worker,客服,,,
P03232,张星瑶,女,23,18-24,无需要照顾的孩子,服务业者,service_worker,客服,,,
P03233,黄乐佳,女,27,25-29,有未成年孩子,上班族,office_worker,高级运营专员,,,
P03234,郭雨一,女,24,18-24,有未成年孩子,大学生,university_student,硕士研究生,,,
P03235,郑言可,女,18,18-24,无需要照顾的孩子,大学生,university_student,本科生,,,
P03236,王言涵,女,26,25-29,无需要照顾的孩子,服务业者,service_worker,客服,,,
P03237,朱曦琪,女,21,18-24,无需要照顾的孩子,上班族,office_worker,财务专员,,,
P03238,谢俊天,男,20,18-24,无需要照顾的孩子,大学生,university_student,本科生,,,
P03239,黄辰,女,32,30-34,无需要照顾的孩子,服务业者,service_worker,收银员,,,
P03240,吴清静,女,30,30-34,无需要照顾的孩子,上班族,office_worker,财务主管,,,
P03241,李婷涵,女,22,18-24,无需要照顾的孩子,大学生,university_student,本科生,,,
P03242,陈哲宁,男,34,30-34,无需要照顾的孩子,服务业者,service_worker,房产经纪,,,
P03243,吴安博,男,20,18-24,无需要照顾的孩子,服务业者,service_worker,房产经纪,,,
P03244,刘言语,女,28,25-29,有未成年孩子,自由业者,freelancer,私教,,,
P03245,陈宁心,女,36,35-39,有未成年孩子,服务业者,service_worker,酒店前台,,,
P03246,胡子婉,女,22,18-24,无需要照顾的孩子,大学生,university_student,本科生,,,
P03247,王曦羽,女,44,40-45,有未成年孩子,服务业者,service_worker,餐厅服务员,,,
P03248,王涵泽,男,43,40-45,有未成年孩子,服务业者,service_worker,酒店服务人员,,,
P03249,黄源,男,43,40-45,无需要照顾的孩子,上班族,office_worker,客户经理,,,
P03250,刘雅源,女,31,30-34,无需要照顾的孩子,自由业者,freelancer,自由设计师,,,
P03251,吴志天,男,41,40-45,有未成年孩子,体力劳动者,manual_worker,安装工,,,
P03252,李明楷,男,21,18-24,无需要照顾的孩子,大学生,university_student,本科生,,,
P03253,吴晨安,男,40,40-45,无需要照顾的孩子,上班族,office_worker,财务主管,,,
P03254,李佑辰,男,19,18-24,无需要照顾的孩子,大学生,university_student,本科生,,,
P03255,周佳,女,36,35-39,有未成年孩子,自由业者,freelancer,独立承包商,,,
P03256,陈梦一,女,19,18-24,无需要照顾的孩子,服务业者,service_worker,酒店前台,,,
P03257,张晴嫣,女,19,18-24,无需要照顾的孩子,体力劳动者,manual_worker,快递员,,,
P03258,张浩言,男,29,25-29,无需要照顾的孩子,体力劳动者,manual_worker,设备操作员,,,
P03259,高诺宁,女,23,18-24,有未成年孩子,自由业者,freelancer,咨询顾问,,,
P03260,王子,男,30,30-34,无需要照顾的孩子,上班族,office_worker,运营专员,,,
P03261,王桐源,女,34,30-34,无需要照顾的孩子,上班族,office_worker,销售经理,,,
P03262,赵静思,女,40,40-45,有未成年孩子,体力劳动者,manual_worker,安装工,,,
P03263,陈涵乐,男,35,35-39,有未成年孩子,自由业者,freelancer,网店经营者,,,
P03264,孙宁晴,女,39,35-39,有未成年孩子,上班族,office_worker,项目经理,,,
P03265,刘涵婷,女,36,35-39,有未成年孩子,服务业者,service_worker,健身教练,,,
P03266,韩豪思,男,39,35-39,有未成年孩子,体力劳动者,manual_worker,快递员,,,
P03267,陈可,女,26,25-29,无需要照顾的孩子,服务业者,service_worker,咖啡师,,,
P03268,王晓,女,18,18-24,无需要照顾的孩子,体力劳动者,manual_worker,维修技师,,,
P03269,赵婷彤,女,25,25-29,有未成年孩子,上班族,office_worker,客户专员,,,
P03270,郭知怡,女,23,18-24,无需要照顾的孩子,体力劳动者,manual_worker,焊工,,,
P03271,何清思,女,41,40-45,有未成年孩子,自由业者,freelancer,独立承包商,,,
P03272,张琪佳,女,37,35-39,有未成年孩子,服务业者,service_worker,美容师,,,
P03273,马嫣思,女,30,30-34,无需要照顾的孩子,服务业者,service_worker,餐厅服务员,,,
P03274,李思心,女,43,40-45,有未成年孩子,体力劳动者,manual_worker,汽车技师,,,
P03275,张嘉辰,男,34,30-34,无需要照顾的孩子,服务业者,service_worker,健身教练,,,
P03276,陈嘉明,男,42,40-45,无需要照顾的孩子,自由业者,freelancer,独立程序员,,,
P03277,陈瑶言,女,33,30-34,无需要照顾的孩子,服务业者,service_worker,酒店服务人员,,,
P03278,徐思婷,女,35,35-39,有未成年孩子,体力劳动者,manual_worker,维修技师,,,
P03279,袁思,女,24,18-24,无需要照顾的孩子,大学生,university_student,博士研究生,,,
P03280,周婉涵,女,40,40-45,有成年孩子,上班族,office_worker,运营经理,,,
P03281,罗涵欣,女,40,40-45,有未成年孩子,上班族,office_worker,行政专员,,,
P03282,赵知桐,女,41,40-45,无需要照顾的孩子,上班族,office_worker,财务经理,,,
P03283,张佳安,女,45,40-45,有未成年孩子,自由业者,freelancer,咨询顾问,,,
P03284,宋俊宁,男,28,25-29,无需要照顾的孩子,体力劳动者,manual_worker,搬运工,,,
P03285,胡知,女,38,35-39,有未成年孩子,上班族,office_worker,人力资源经理,,,
P03286,李佳诺,女,42,40-45,有成年孩子,自由业者,freelancer,自由设计师,,,
P03287,胡文清,男,24,18-24,无需要照顾的孩子,自由业者,freelancer,自由销售,,,
P03288,赵乐哲,男,40,40-45,无需要照顾的孩子,体力劳动者,manual_worker,安装工,,,
P03289,刘睿晨,男,31,30-34,无需要照顾的孩子,服务业者,service_worker,餐厅服务员,,,
P03290,吴源雨,女,33,30-34,有未成年孩子,服务业者,service_worker,零售店员,,,
P03291,杨远,男,39,35-39,有未成年孩子,上班族,office_worker,人力资源经理,,,
P03292,杨清诺,女,24,18-24,无需要照顾的孩子,体力劳动者,manual_worker,建筑工人,,,
P03293,朱雅,女,27,25-29,无需要照顾的孩子,体力劳动者,manual_worker,建筑工人,,,
P03294,王哲宁,男,25,25-29,有未成年孩子,大学生,university_student,本科生,,,
P03295,徐知心,女,33,30-34,有未成年孩子,服务业者,service_worker,餐厅服务员,,,
P03296,胡宁乐,女,39,35-39,有未成年孩子,自由业者,freelancer,自媒体从业者,,,
P03297,周阳然,男,43,40-45,有未成年孩子,体力劳动者,manual_worker,维修技师,,,
P03298,黄彤思,女,44,40-45,无需要照顾的孩子,体力劳动者,manual_worker,卡车司机,,,
P03299,杨涵,女,25,25-29,无需要照顾的孩子,大学生,university_student,本科生,,,
P03300,王曦安,女,21,18-24,有未成年孩子,大学生,university_student,本科生,,,
P03301,何思言,女,45,40-45,有未成年孩子,上班族,office_worker,高级软件工程师,,,
P03302,袁辰远,男,32,30-34,有未成年孩子,体力劳动者,manual_worker,快递员,,,
P03303,黄辰,男,20,18-24,无需要照顾的孩子,大学生,university_student,硕士研究生,,,
P03304,赵怡知,女,31,30-34,有未成年孩子,自由业者,freelancer,自媒体从业者,,,
P03305,郑志杰,男,26,25-29,有未成年孩子,上班族,office_worker,高级运营专员,,,
P03306,李天,男,40,40-45,无需要照顾的孩子,服务业者,service_worker,咖啡师,,,
P03307,黄嫣涵,女,25,25-29,无需要照顾的孩子,上班族,office_worker,客户经理,,,
P03308,曹佳,女,30,30-34,有未成年孩子,服务业者,service_worker,餐厅服务员,,,
P03309,徐辰诺,女,37,35-39,有未成年孩子,体力劳动者,manual_worker,搬运工,,,
P03310,王雨,女,28,25-29,无需要照顾的孩子,服务业者,service_worker,客服,,,
P03311,李星言,女,38,35-39,无需要照顾的孩子,上班族,office_worker,财务主管,,,
P03312,陈曦诗,女,33,30-34,无需要照顾的孩子,上班族,office_worker,高级软件工程师,,,
P03313,李志嘉,男,37,35-39,有未成年孩子,上班族,office_worker,HR经理,,,
P03314,陈桐清,女,32,30-34,有未成年孩子,上班族,office_worker,数据分析师,,,
P03315,胡心嫣,女,39,35-39,有未成年孩子,自由业者,freelancer,自由销售,,,
P03316,张晴思,女,21,18-24,无需要照顾的孩子,服务业者,service_worker,保安,,,
P03317,孙哲心,男,41,40-45,无需要照顾的孩子,上班族,office_worker,财务经理,,,
P03318,李睿诚,男,21,18-24,无需要照顾的孩子,大学生,university_student,本科生,,,
P03319,陈晨源,男,27,25-29,无需要照顾的孩子,上班族,office_worker,客户专员,,,
P03320,刘豪豪,男,33,30-34,有未成年孩子,上班族,office_worker,行政专员,,,
P03321,林婉心,女,31,30-34,无需要照顾的孩子,上班族,office_worker,高级数据分析师,,,
P03322,吴远,女,29,25-29,无需要照顾的孩子,服务业者,service_worker,餐厅服务员,,,
P03323,邓静心,女,38,35-39,有未成年孩子,自由业者,freelancer,咨询顾问,,,
P03324,李诗远,女,37,35-39,有未成年孩子,自由业者,freelancer,咨询顾问,,,
P03325,高晴辰,女,24,18-24,无需要照顾的孩子,上班族,office_worker,客户专员,,,
P03326,冯可可,女,37,35-39,有未成年孩子,服务业者,service_worker,餐厅服务员,,,
P03327,赵思杰,男,34,30-34,无需要照顾的孩子,上班族,office_worker,采购经理,,,
P03328,冯欣语,女,18,18-24,无需要照顾的孩子,上班族,office_worker,采购专员,,,
P03329,马远宁,男,45,40-45,无需要照顾的孩子,服务业者,service_worker,酒店前台,,,
P03330,孙清哲,男,44,40-45,有未成年孩子,体力劳动者,manual_worker,建筑工人,,,
P03331,许宁欣,女,43,40-45,有未成年孩子,体力劳动者,manual_worker,仓库操作员,,,
P03332,张安涵,女,43,40-45,有未成年孩子,体力劳动者,manual_worker,仓库操作员,,,
P03333,朱彤辰,女,45,40-45,无需要照顾的孩子,上班族,office_worker,客户经理,,,
P03334,陈晓,女,26,25-29,有未成年孩子,服务业者,service_worker,餐厅服务员,,,
P03335,李辰宁,女,19,18-24,无需要照顾的孩子,服务业者,service_worker,客服,,,
P03336,张思涵,女,25,25-29,无需要照顾的孩子,体力劳动者,manual_worker,卡车司机,,,
P03337,谢哲晨,男,32,30-34,无需要照顾的孩子,上班族,office_worker,客户专员,,,
P03338,徐诗,女,26,25-29,有未成年孩子,服务业者,service_worker,酒店服务人员,,,
P03339,张宇嘉,男,18,18-24,无需要照顾的孩子,大学生,university_student,本科生,,,
P03340,郭婉羽,女,40,40-45,有未成年孩子,服务业者,service_worker,保安,,,
P03341,谢欣嫣,女,20,18-24,无需要照顾的孩子,体力劳动者,manual_worker,汽车技师,,,
P03342,胡思可,女,30,30-34,无需要照顾的孩子,服务业者,service_worker,理发师,,,
P03343,郑婷怡,女,20,18-24,无需要照顾的孩子,大学生,university_student,本科生,,,
P03344,刘远博,男,34,30-34,有未成年孩子,上班族,office_worker,数据分析师,,,
P03345,郑彤欣,女,18,18-24,无需要照顾的孩子,大学生,university_student,本科生,,,
P03346,徐涵梦,女,37,35-39,有未成年孩子,上班族,office_worker,产品经理,,,
P03347,陈若涵,女,42,40-45,有未成年孩子,自由业者,freelancer,自媒体从业者,,,
P03348,王明,男,36,35-39,有未成年孩子,体力劳动者,manual_worker,电工,,,
P03349,王语心,女,19,18-24,无需要照顾的孩子,上班族,office_worker,行政专员,,,
P03350,朱景,男,37,35-39,有未成年孩子,服务业者,service_worker,美容师,,,
P03351,梁涵语,女,43,40-45,无需要照顾的孩子,上班族,office_worker,产品经理,,,
P03352,陈远言,男,32,30-34,无需要照顾的孩子,上班族,office_worker,销售经理,,,
P03353,张辰一,女,43,40-45,有未成年孩子,上班族,office_worker,项目经理,,,
P03354,王楷辰,男,21,18-24,无需要照顾的孩子,大学生,university_student,本科生,,,
P03355,王思涵,女,19,18-24,无需要照顾的孩子,上班族,office_worker,会计,,,
P03356,高佳,女,44,40-45,有未成年孩子,上班族,office_worker,会计,,,
P03357,胡景羽,男,45,40-45,无需要照顾的孩子,服务业者,service_worker,酒店服务人员,,,
P03358,刘佳婷,女,21,18-24,无需要照顾的孩子,服务业者,service_worker,零售店员,,,
P03359,陈彤雨,女,41,40-45,无需要照顾的孩子,上班族,office_worker,财务经理,,,
P03360,董佳宁,女,22,18-24,无需要照顾的孩子,服务业者,service_worker,零售店员,,,
P03361,李子涵,女,40,40-45,有成年孩子,上班族,office_worker,销售经理,,,
P03362,赵曦,女,26,25-29,有未成年孩子,体力劳动者,manual_worker,设备操作员,,,
P03363,郑乐欣,女,20,18-24,无需要照顾的孩子,上班族,office_worker,行政专员,,,
P03364,梁雨婷,女,44,40-45,有未成年孩子,上班族,office_worker,软件工程师,,,
P03365,韩源远,女,21,18-24,无需要照顾的孩子,服务业者,service_worker,酒店服务人员,,,
P03366,胡知彤,女,44,40-45,无需要照顾的孩子,上班族,office_worker,采购经理,,,
P03367,王瑶,女,29,25-29,有未成年孩子,上班族,office_worker,客户经理,,,
P03368,李涵羽,女,34,30-34,无需要照顾的孩子,自由业者,freelancer,咨询顾问,,,
P03369,郑嘉浩,男,27,25-29,无需要照顾的孩子,服务业者,service_worker,咖啡师,,,
P03370,林乐,女,32,30-34,有未成年孩子,体力劳动者,manual_worker,安装工,,,
P03371,陈怡语,女,43,40-45,有成年孩子,体力劳动者,manual_worker,仓库操作员,,,
P03372,王知可,女,31,30-34,有未成年孩子,上班族,office_worker,销售代表,,,
P03373,王宇,男,28,25-29,有未成年孩子,自由业者,freelancer,私教,,,
P03374,孙轩清,男,36,35-39,有未成年孩子,服务业者,service_worker,美容师,,,
P03375,邓辰嘉,女,37,35-39,有未成年孩子,上班族,office_worker,HR经理,,,
P03376,陈哲清,男,26,25-29,无需要照顾的孩子,服务业者,service_worker,咖啡师,,,
P03377,杨心,女,31,30-34,无需要照顾的孩子,服务业者,service_worker,客服,,,
P03378,王静,女,41,40-45,无需要照顾的孩子,体力劳动者,manual_worker,配送员,,,
P03379,王彤子,女,24,18-24,无需要照顾的孩子,自由业者,freelancer,摄影师,,,
P03380,陈嘉,女,28,25-29,无需要照顾的孩子,上班族,office_worker,软件工程师,,,
P03381,陈星,女,32,30-34,有未成年孩子,体力劳动者,manual_worker,维修技师,,,
P03382,李思晨,女,28,25-29,无需要照顾的孩子,上班族,office_worker,运营专员,,,
P03383,李佳欣,女,26,25-29,无需要照顾的孩子,服务业者,service_worker,酒店前台,,,
P03384,王嘉思,男,39,35-39,有未成年孩子,上班族,office_worker,采购经理,,,
P03385,林静雨,女,40,40-45,有成年孩子,上班族,office_worker,高级软件工程师,,,
P03386,李婷可,女,39,35-39,有未成年孩子,上班族,office_worker,区域经理,,,
P03387,徐语静,女,22,18-24,无需要照顾的孩子,服务业者,service_worker,酒店服务人员,,,
P03388,李言文,男,24,18-24,无需要照顾的孩子,上班族,office_worker,财务专员,,,
P03389,袁源然,男,28,25-29,无需要照顾的孩子,自由业者,freelancer,翻译,,,
P03390,黄乐,男,32,30-34,有未成年孩子,上班族,office_worker,HR经理,,,
P03391,黄宁思,男,35,35-39,有未成年孩子,服务业者,service_worker,咖啡师,,,
P03392,张一言,女,36,35-39,有未成年孩子,服务业者,service_worker,厨师,,,
P03393,王子宇,男,24,18-24,无需要照顾的孩子,大学生,university_student,硕士研究生,,,
P03394,赵晓涵,女,37,35-39,无需要照顾的孩子,服务业者,service_worker,酒店前台,,,
P03395,张嘉清,男,34,30-34,无需要照顾的孩子,服务业者,service_worker,客服,,,
P03396,胡豪思,男,19,18-24,无需要照顾的孩子,服务业者,service_worker,酒店服务人员,,,
P03397,王晨晨,男,25,25-29,有未成年孩子,体力劳动者,manual_worker,设备操作员,,,
P03398,孙梓宁,男,21,18-24,无需要照顾的孩子,上班族,office_worker,行政专员,,,
P03399,周瑶安,女,25,25-29,有未成年孩子,上班族,office_worker,产品经理,,,
P03400,孙佳诗,女,28,25-29,无需要照顾的孩子,服务业者,service_worker,理发师,,,
P03401,张婷诗,女,31,30-34,无需要照顾的孩子,上班族,office_worker,行政专员,,,
P03402,董一欣,女,44,40-45,有未成年孩子,上班族,office_worker,运营经理,,,
P03403,刘天梓,男,24,18-24,无需要照顾的孩子,大学生,university_student,硕士研究生,,,
P03404,王清睿,男,37,35-39,有未成年孩子,体力劳动者,manual_worker,电工,,,
P03405,高怡涵,女,24,18-24,无需要照顾的孩子,大学生,university_student,硕士研究生,,,
P03406,刘涵彤,女,41,40-45,有未成年孩子,上班族,office_worker,采购经理,,,
P03407,张佳晴,女,28,25-29,无需要照顾的孩子,服务业者,service_worker,咖啡师,,,
P03408,董羽乐,男,18,18-24,无需要照顾的孩子,大学生,university_student,本科生,,,
P03409,黄源,女,40,40-45,有未成年孩子,自由业者,freelancer,网店经营者,,,
P03410,陈天嘉,男,29,25-29,无需要照顾的孩子,上班族,office_worker,产品经理,,,
P03411,王诺宁,男,44,40-45,无需要照顾的孩子,上班族,office_worker,部门经理,,,
P03412,郭宁轩,男,28,25-29,无需要照顾的孩子,上班族,office_worker,设计师,,,
P03413,高轩思,男,45,40-45,有未成年孩子,服务业者,service_worker,餐厅服务员,,,
P03414,孙桐一,女,32,30-34,有未成年孩子,体力劳动者,manual_worker,维修技师,,,
P03415,李可辰,女,36,35-39,无需要照顾的孩子,服务业者,service_worker,健身教练,,,
P03416,王婷涵,女,45,40-45,有未成年孩子,上班族,office_worker,采购经理,,,
P03417,杨婷怡,女,24,18-24,无需要照顾的孩子,服务业者,service_worker,厨师,,,
P03418,李欣安,女,29,25-29,无需要照顾的孩子,上班族,office_worker,采购经理,,,
P03419,郭一豪,男,23,18-24,无需要照顾的孩子,服务业者,service_worker,美容师,,,
P03420,谢宁思,女,30,30-34,有未成年孩子,自由业者,freelancer,自媒体从业者,,,
P03421,王清,女,43,40-45,无需要照顾的孩子,上班族,office_worker,财务主管,,,
P03422,刘知星,男,32,30-34,无需要照顾的孩子,上班族,office_worker,运营专员,,,
P03423,张静乐,女,35,35-39,有未成年孩子,上班族,office_worker,项目经理,,,
P03424,张宁若,女,43,40-45,有未成年孩子,上班族,office_worker,高级数据分析师,,,
P03425,陈一,女,41,40-45,无需要照顾的孩子,上班族,office_worker,客户经理,,,
P03426,许清辰,女,35,35-39,有未成年孩子,服务业者,service_worker,保安,,,
P03427,陈欣晴,女,33,30-34,有未成年孩子,服务业者,service_worker,理发师,,,
P03428,张星,男,45,40-45,有成年孩子,体力劳动者,manual_worker,快递员,,,
P03429,梁桐一,女,18,18-24,无需要照顾的孩子,体力劳动者,manual_worker,设备操作员,,,
P03430,张哲可,男,31,30-34,有未成年孩子,自由业者,freelancer,咨询顾问,,,
P03431,陈文宁,男,32,30-34,有未成年孩子,服务业者,service_worker,客服,,,
P03432,曹宁乐,女,38,35-39,无需要照顾的孩子,服务业者,service_worker,酒店服务人员,,,
P03433,梁豪景,男,37,35-39,有未成年孩子,体力劳动者,manual_worker,设备操作员,,,
P03434,黄可雅,女,32,30-34,无需要照顾的孩子,服务业者,service_worker,健身教练,,,
P03435,陈晴宁,女,25,25-29,有未成年孩子,上班族,office_worker,采购专员,,,
P03436,郭宁宁,女,23,18-24,无需要照顾的孩子,大学生,university_student,硕士研究生,,,
P03437,陈杰昊,男,40,40-45,有未成年孩子,自由业者,freelancer,摄影师,,,
P03438,张诺豪,男,42,40-45,有未成年孩子,服务业者,service_worker,健身教练,,,
P03439,赵乐,男,45,40-45,有未成年孩子,上班族,office_worker,客户经理,,,
P03440,赵乐欣,女,44,40-45,有未成年孩子,体力劳动者,manual_worker,维修技师,,,
P03441,郭安远,女,43,40-45,有未成年孩子,体力劳动者,manual_worker,快递员,,,
P03442,刘一一,男,18,18-24,无需要照顾的孩子,上班族,office_worker,设计师,,,
P03443,刘志嘉,男,26,25-29,有未成年孩子,自由业者,freelancer,网店经营者,,,
P03444,董宇诚,男,21,18-24,无需要照顾的孩子,服务业者,service_worker,理发师,,,
P03445,吴雅,女,39,35-39,有未成年孩子,上班族,office_worker,数据分析师,,,
P03446,于婷,女,36,35-39,有未成年孩子,自由业者,freelancer,独立程序员,,,
P03447,赵远,女,33,30-34,有未成年孩子,体力劳动者,manual_worker,电工,,,
P03448,刘浩宁,男,23,18-24,无需要照顾的孩子,服务业者,service_worker,厨师,,,
P03449,黄一思,女,31,30-34,有未成年孩子,上班族,office_worker,会计,,,
P03450,李远豪,男,29,25-29,无需要照顾的孩子,上班族,office_worker,财务主管,,,
P03451,黄辰婉,女,31,30-34,有未成年孩子,上班族,office_worker,客户经理,,,
P03452,张语宁,女,38,35-39,有未成年孩子,体力劳动者,manual_worker,建筑工人,,,
P03453,陈怡诺,女,22,18-24,无需要照顾的孩子,上班族,office_worker,软件工程师,,,
P03454,王婷,女,29,25-29,有未成年孩子,上班族,office_worker,高级运营专员,,,
P03455,张若可,女,22,18-24,无需要照顾的孩子,体力劳动者,manual_worker,安装工,,,
P03456,李晨博,男,32,30-34,有未成年孩子,体力劳动者,manual_worker,安装工,,,
P03457,胡怡宁,女,30,30-34,无需要照顾的孩子,上班族,office_worker,高级数据分析师,,,
P03458,于琪言,女,25,25-29,无需要照顾的孩子,服务业者,service_worker,零售店员,,,
P03459,刘涵,男,20,18-24,无需要照顾的孩子,服务业者,service_worker,零售店员,,,
P03460,周嘉远,女,38,35-39,有未成年孩子,上班族,office_worker,高级数据分析师,,,
P03461,张文言,男,27,25-29,无需要照顾的孩子,服务业者,service_worker,酒店服务人员,,,
P03462,朱佳佳,女,36,35-39,有未成年孩子,自由业者,freelancer,自媒体从业者,,,
P03463,徐桐一,女,32,30-34,有未成年孩子,服务业者,service_worker,房产经纪,,,
P03464,刘婷可,女,39,35-39,有未成年孩子,上班族,office_worker,会计,,,
P03465,宋涵琪,女,25,25-29,无需要照顾的孩子,体力劳动者,manual_worker,焊工,,,
P03466,刘天晨,男,24,18-24,无需要照顾的孩子,服务业者,service_worker,咖啡师,,,
P03467,杨晨婷,女,28,25-29,无需要照顾的孩子,服务业者,service_worker,收银员,,,
P03468,曹宁思,女,31,30-34,无需要照顾的孩子,上班族,office_worker,销售代表,,,
P03469,谢言,女,43,40-45,无需要照顾的孩子,服务业者,service_worker,厨师,,,
P03470,高晨,女,30,30-34,无需要照顾的孩子,上班族,office_worker,高级软件工程师,,,
P03471,张嘉哲,男,28,25-29,有未成年孩子,服务业者,service_worker,零售店员,,,
P03472,张辰昊,男,39,35-39,有未成年孩子,上班族,office_worker,项目经理,,,
P03473,马可嘉,女,44,40-45,有未成年孩子,上班族,office_worker,会计,,,
P03474,郑静宁,女,31,30-34,有未成年孩子,上班族,office_worker,客户专员,,,
P03475,袁乐婷,女,34,30-34,无需要照顾的孩子,自由业者,freelancer,自由销售,,,
P03476,赵志,男,30,30-34,有未成年孩子,上班族,office_worker,高级数据分析师,,,
P03477,胡静婷,女,38,35-39,有未成年孩子,上班族,office_worker,销售代表,,,
P03478,杨思瑶,女,33,30-34,无需要照顾的孩子,上班族,office_worker,采购专员,,,
P03479,高知涵,女,43,40-45,有未成年孩子,上班族,office_worker,高级数据分析师,,,
P03480,张欣欣,女,29,25-29,无需要照顾的孩子,上班族,office_worker,运营专员,,,
P03481,邓清瑶,女,37,35-39,有未成年孩子,上班族,office_worker,客户专员,,,
P03482,王语,女,36,35-39,有未成年孩子,自由业者,freelancer,网店经营者,,,
P03483,周安曦,女,25,25-29,无需要照顾的孩子,服务业者,service_worker,美容师,,,
P03484,黄清嘉,男,45,40-45,有未成年孩子,服务业者,service_worker,酒店前台,,,
P03485,唐知怡,女,30,30-34,无需要照顾的孩子,服务业者,service_worker,厨师,,,
P03486,王晨婷,女,27,25-29,无需要照顾的孩子,体力劳动者,manual_worker,安装工,,,
P03487,周佳心,女,43,40-45,有未成年孩子,服务业者,service_worker,房产经纪,,,
P03488,陈佳,女,38,35-39,无需要照顾的孩子,自由业者,freelancer,自由销售,,,
P03489,谢知哲,男,29,25-29,无需要照顾的孩子,上班族,office_worker,客户经理,,,
P03490,周诺婉,女,44,40-45,有未成年孩子,上班族,office_worker,客户经理,,,
P03491,韩语欣,女,44,40-45,无需要照顾的孩子,上班族,office_worker,销售经理,,,
P03492,王景嘉,男,32,30-34,无需要照顾的孩子,上班族,office_worker,采购经理,,,
P03493,赵辰清,女,31,30-34,无需要照顾的孩子,体力劳动者,manual_worker,维修技师,,,
P03494,袁桐嫣,女,39,35-39,有未成年孩子,上班族,office_worker,财务专员,,,
P03495,张嫣欣,女,30,30-34,无需要照顾的孩子,服务业者,service_worker,餐厅服务员,,,
P03496,程轩,男,23,18-24,无需要照顾的孩子,服务业者,service_worker,健身教练,,,
P03497,朱知佳,女,29,25-29,无需要照顾的孩子,自由业者,freelancer,翻译,,,
P03498,冯星曦,女,29,25-29,无需要照顾的孩子,上班族,office_worker,采购专员,,,
P03499,刘佳言,女,25,25-29,无需要照顾的孩子,上班族,office_worker,销售代表,,,
P03500,李欣婷,女,30,30-34,无需要照顾的孩子,服务业者,service_worker,零售店员,,,
P03501,谢思子,女,44,40-45,无需要照顾的孩子,上班族,office_worker,运营经理,,,
P03502,王嘉佑,男,32,30-34,无需要照顾的孩子,体力劳动者,manual_worker,建筑工人,,,
P03503,黄婷婉,女,33,30-34,无需要照顾的孩子,服务业者,service_worker,酒店服务人员,,,
P03504,黄嫣雨,女,40,40-45,有未成年孩子,上班族,office_worker,产品经理,,,
P03505,赵晓瑶,女,29,25-29,无需要照顾的孩子,上班族,office_worker,销售代表,,,
P03506,宋宁可,女,38,35-39,有未成年孩子,上班族,office_worker,采购经理,,,
P03507,杨静心,女,42,40-45,无需要照顾的孩子,上班族,office_worker,行政专员,,,
P03508,梁晓可,女,23,18-24,无需要照顾的孩子,上班族,office_worker,运营专员,,,
P03509,陈瑶佳,女,24,18-24,无需要照顾的孩子,大学生,university_student,硕士研究生,,,
P03510,王思怡,女,19,18-24,无需要照顾的孩子,体力劳动者,manual_worker,汽车技师,,,
P03511,徐瑶,女,29,25-29,无需要照顾的孩子,服务业者,service_worker,咖啡师,,,
P03512,王宁涵,女,30,30-34,有未成年孩子,上班族,office_worker,财务专员,,,
P03513,林晨知,女,42,40-45,有未成年孩子,自由业者,freelancer,自媒体从业者,,,
P03514,王晴雅,女,45,40-45,有未成年孩子,服务业者,service_worker,咖啡师,,,
P03515,周梓羽,男,35,35-39,有未成年孩子,上班族,office_worker,人力资源经理,,,
P03516,杨涵,男,28,25-29,有未成年孩子,上班族,office_worker,HR经理,,,
P03517,马可,女,36,35-39,有未成年孩子,服务业者,service_worker,理发师,,,
P03518,杨远欣,女,20,18-24,无需要照顾的孩子,自由业者,freelancer,自由设计师,,,
P03519,陈羽若,女,18,18-24,有未成年孩子,上班族,office_worker,会计,,,
P03520,李星怡,女,41,40-45,有未成年孩子,上班族,office_worker,财务经理,,,
P03521,刘嘉,女,33,30-34,无需要照顾的孩子,上班族,office_worker,采购专员,,,
P03522,刘语涵,女,21,18-24,无需要照顾的孩子,体力劳动者,manual_worker,仓库操作员,,,
P03523,胡诗涵,女,44,40-45,无需要照顾的孩子,上班族,office_worker,高级软件工程师,,,
P03524,张涵辰,女,26,25-29,无需要照顾的孩子,上班族,office_worker,软件工程师,,,
P03525,陈清,女,44,40-45,有成年孩子,上班族,office_worker,高级数据分析师,,,
P03526,刘瑶桐,女,27,25-29,无需要照顾的孩子,服务业者,service_worker,厨师,,,
P03527,刘可静,女,34,30-34,无需要照顾的孩子,服务业者,service_worker,酒店前台,,,
P03528,刘安辰,男,39,35-39,有未成年孩子,服务业者,service_worker,客服,,,
P03529,陈彤,女,39,35-39,有未成年孩子,上班族,office_worker,销售经理,,,
P03530,冯涵清,女,25,25-29,有未成年孩子,体力劳动者,manual_worker,配送员,,,
P03531,王若思,女,36,35-39,无需要照顾的孩子,体力劳动者,manual_worker,汽车技师,,,
P03532,刘婷晨,女,20,18-24,无需要照顾的孩子,服务业者,service_worker,厨师,,,
P03533,李乐思,女,33,30-34,无需要照顾的孩子,自由业者,freelancer,私教,,,
P03534,刘晨,男,42,40-45,有未成年孩子,上班族,office_worker,高级数据分析师,,,
P03535,刘怡,女,31,30-34,无需要照顾的孩子,服务业者,service_worker,健身教练,,,
P03536,王豪,男,45,40-45,有未成年孩子,自由业者,freelancer,独立程序员,,,
P03537,王宁可,女,34,30-34,有未成年孩子,服务业者,service_worker,咖啡师,,,
P03538,黄佳,女,21,18-24,无需要照顾的孩子,大学生,university_student,本科生,,,
P03539,张羽瑶,女,31,30-34,无需要照顾的孩子,上班族,office_worker,客户专员,,,
P03540,林知佳,女,43,40-45,无需要照顾的孩子,上班族,office_worker,产品经理,,,
P03541,刘怡言,女,30,30-34,无需要照顾的孩子,上班族,office_worker,财务主管,,,
P03542,王佳,女,43,40-45,有未成年孩子,服务业者,service_worker,保安,,,
P03543,胡源乐,女,37,35-39,无需要照顾的孩子,体力劳动者,manual_worker,设备操作员,,,
P03544,郭言晨,女,25,25-29,无需要照顾的孩子,上班族,office_worker,销售代表,,,
P03545,朱静子,女,34,30-34,无需要照顾的孩子,服务业者,service_worker,保安,,,
P03546,刘佳婉,女,30,30-34,有未成年孩子,上班族,office_worker,高级数据分析师,,,
P03547,黄星天,男,24,18-24,无需要照顾的孩子,服务业者,service_worker,收银员,,,
P03548,王嫣知,女,41,40-45,有成年孩子,自由业者,freelancer,网店经营者,,,
P03549,张明,男,43,40-45,有未成年孩子,体力劳动者,manual_worker,安装工,,,
P03550,梁言晴,女,45,40-45,有未成年孩子,自由业者,freelancer,网店经营者,,,
P03551,杨辰,女,35,35-39,有未成年孩子,体力劳动者,manual_worker,设备操作员,,,
P03552,袁晨,女,32,30-34,无需要照顾的孩子,上班族,office_worker,行政专员,,,
P03553,杨俊,男,38,35-39,无需要照顾的孩子,自由业者,freelancer,翻译,,,
P03554,李欣佳,女,31,30-34,无需要照顾的孩子,上班族,office_worker,产品经理,,,
P03555,张欣,女,45,40-45,无需要照顾的孩子,服务业者,service_worker,房产经纪,,,
P03556,杨源明,男,45,40-45,无需要照顾的孩子,服务业者,service_worker,酒店服务人员,,,
P03557,孙博哲,男,32,30-34,有未成年孩子,体力劳动者,manual_worker,配送员,,,
P03558,刘宁曦,女,22,18-24,无需要照顾的孩子,服务业者,service_worker,美容师,,,
P03559,李子雅,女,44,40-45,有未成年孩子,上班族,office_worker,财务经理,,,
P03560,张怡婉,女,33,30-34,无需要照顾的孩子,上班族,office_worker,会计,,,
P03561,杨婷涵,女,37,35-39,无需要照顾的孩子,自由业者,freelancer,私教,,,
P03562,李嫣诺,女,42,40-45,无需要照顾的孩子,体力劳动者,manual_worker,安装工,,,
P03563,陈若晓,女,37,35-39,有未成年孩子,上班族,office_worker,财务主管,,,
P03564,王若婉,女,26,25-29,无需要照顾的孩子,自由业者,freelancer,私教,,,
P03565,李可,男,42,40-45,有未成年孩子,体力劳动者,manual_worker,电工,,,
P03566,张曦宁,女,39,35-39,有未成年孩子,上班族,office_worker,HR经理,,,
P03567,徐志一,男,41,40-45,有未成年孩子,服务业者,service_worker,咖啡师,,,
P03568,唐涵涵,女,33,30-34,有未成年孩子,体力劳动者,manual_worker,焊工,,,
P03569,李文,男,24,18-24,无需要照顾的孩子,大学生,university_student,硕士研究生,,,
P03570,王宁远,女,37,35-39,无需要照顾的孩子,上班族,office_worker,产品经理,,,
P03571,谢欣佳,女,22,18-24,无需要照顾的孩子,自由业者,freelancer,独立承包商,,,
P03572,黄乐羽,女,21,18-24,无需要照顾的孩子,服务业者,service_worker,客服,,,
P03573,唐彤,女,21,18-24,有未成年孩子,服务业者,service_worker,收银员,,,
P03574,吴静羽,女,38,35-39,有未成年孩子,服务业者,service_worker,收银员,,,
P03575,韩彤曦,女,22,18-24,无需要照顾的孩子,服务业者,service_worker,厨师,,,
P03576,赵瑶一,女,34,30-34,有未成年孩子,上班族,office_worker,会计,,,
P03577,赵雅子,女,27,25-29,无需要照顾的孩子,服务业者,service_worker,咖啡师,,,
P03578,张怡,女,34,30-34,无需要照顾的孩子,自由业者,freelancer,翻译,,,
P03579,李辰佳,女,34,30-34,有未成年孩子,上班族,office_worker,财务专员,,,
P03580,张浩远,男,35,35-39,无需要照顾的孩子,体力劳动者,manual_worker,设备操作员,,,
P03581,刘文,男,35,35-39,有未成年孩子,上班族,office_worker,高级运营专员,,,
P03582,吴乐宁,女,43,40-45,有未成年孩子,上班族,office_worker,业务负责人,,,
P03583,王怡子,女,36,35-39,有未成年孩子,体力劳动者,manual_worker,电工,,,
P03584,朱曦子,女,31,30-34,无需要照顾的孩子,上班族,office_worker,人力资源经理,,,
P03585,李欣羽,女,31,30-34,无需要照顾的孩子,上班族,office_worker,产品经理,,,
P03586,徐子晨,男,45,40-45,有未成年孩子,上班族,office_worker,项目经理,,,
P03587,王怡清,女,39,35-39,有未成年孩子,服务业者,service_worker,餐厅服务员,,,
P03588,于嘉晨,女,26,25-29,无需要照顾的孩子,服务业者,service_worker,零售店员,,,
P03589,吴雨星,女,23,18-24,无需要照顾的孩子,大学生,university_student,硕士研究生,,,
P03590,张清,男,38,35-39,有未成年孩子,上班族,office_worker,高级运营专员,,,
P03591,宋羽,女,22,18-24,无需要照顾的孩子,服务业者,service_worker,收银员,,,
P03592,李言诗,女,40,40-45,无需要照顾的孩子,体力劳动者,manual_worker,配送员,,,
P03593,陈宁乐,男,34,30-34,有未成年孩子,服务业者,service_worker,收银员,,,
P03594,林怡可,女,26,25-29,无需要照顾的孩子,上班族,office_worker,高级软件工程师,,,
P03595,胡一瑶,女,40,40-45,有未成年孩子,服务业者,service_worker,健身教练,,,
P03596,谢雅瑶,女,41,40-45,有未成年孩子,服务业者,service_worker,厨师,,,
P03597,刘可,女,19,18-24,无需要照顾的孩子,自由业者,freelancer,翻译,,,
P03598,郑诗,女,34,30-34,无需要照顾的孩子,体力劳动者,manual_worker,汽车技师,,,
P03599,马静羽,女,18,18-24,无需要照顾的孩子,体力劳动者,manual_worker,电工,,,
P03600,周晨,女,30,30-34,有未成年孩子,上班族,office_worker,客户经理,,,
P03601,赵思言,女,26,25-29,无需要照顾的孩子,服务业者,service_worker,美容师,,,
P03602,李远,女,36,35-39,有未成年孩子,服务业者,service_worker,保安,,,
P03603,唐欣曦,女,43,40-45,有未成年孩子,上班族,office_worker,高级软件工程师,,,
P03604,郭彤可,女,42,40-45,有未成年孩子,服务业者,service_worker,房产经纪,,,
P03605,张诗羽,女,33,30-34,无需要照顾的孩子,体力劳动者,manual_worker,卡车司机,,,
P03606,刘晨婷,女,33,30-34,有未成年孩子,自由业者,freelancer,咨询顾问,,,
P03607,朱嘉睿,男,31,30-34,无需要照顾的孩子,上班族,office_worker,数据分析师,,,
P03608,何嫣,女,39,35-39,有未成年孩子,上班族,office_worker,数据分析师,,,
P03609,李景嘉,男,18,18-24,无需要照顾的孩子,上班族,office_worker,数据分析师,,,
P03610,李文,男,32,30-34,无需要照顾的孩子,上班族,office_worker,HR经理,,,
P03611,张子,男,42,40-45,有未成年孩子,上班族,office_worker,产品经理,,,
P03612,何婉,女,40,40-45,无需要照顾的孩子,上班族,office_worker,运营经理,,,
P03613,陈思,女,30,30-34,有未成年孩子,上班族,office_worker,采购专员,,,
P03614,李豪乐,男,34,30-34,无需要照顾的孩子,上班族,office_worker,数据分析师,,,
P03615,张雅嫣,女,44,40-45,有未成年孩子,体力劳动者,manual_worker,安装工,,,
P03616,谢婉梦,女,29,25-29,有未成年孩子,大学生,university_student,博士研究生,,,
P03617,黄嫣曦,女,30,30-34,无需要照顾的孩子,上班族,office_worker,采购经理,,,
P03618,程一一,男,20,18-24,无需要照顾的孩子,服务业者,service_worker,零售店员,,,
P03619,张可嫣,女,26,25-29,无需要照顾的孩子,上班族,office_worker,软件工程师,,,
P03620,宋知诺,女,22,18-24,无需要照顾的孩子,服务业者,service_worker,咖啡师,,,
P03621,高思诺,女,30,30-34,无需要照顾的孩子,上班族,office_worker,销售经理,,,
P03622,徐言泽,男,39,35-39,有未成年孩子,上班族,office_worker,采购经理,,,
P03623,刘博言,男,31,30-34,无需要照顾的孩子,自由业者,freelancer,自媒体从业者,,,
P03624,赵欣一,女,18,18-24,无需要照顾的孩子,服务业者,service_worker,美容师,,,
P03625,杨子,女,20,18-24,无需要照顾的孩子,自由业者,freelancer,独立承包商,,,
P03626,王佳远,女,35,35-39,有未成年孩子,体力劳动者,manual_worker,配送员,,,
P03627,王佳一,女,37,35-39,有未成年孩子,体力劳动者,manual_worker,建筑工人,,,
P03628,高梦怡,女,29,25-29,有未成年孩子,上班族,office_worker,销售代表,,,
P03629,梁若知,女,20,18-24,无需要照顾的孩子,大学生,university_student,本科生,,,
P03630,黄源,女,29,25-29,无需要照顾的孩子,上班族,office_worker,高级运营专员,,,
P03631,李源言,女,30,30-34,有未成年孩子,服务业者,service_worker,保安,,,
P03632,胡远诺,女,22,18-24,无需要照顾的孩子,上班族,office_worker,会计,,,
P03633,杨佑子,男,28,25-29,无需要照顾的孩子,上班族,office_worker,设计师,,,
P03634,陈嘉怡,女,20,18-24,无需要照顾的孩子,体力劳动者,manual_worker,电工,,,
P03635,朱安怡,女,45,40-45,无需要照顾的孩子,上班族,office_worker,设计师,,,
P03636,徐桐婷,女,37,35-39,有未成年孩子,上班族,office_worker,客户专员,,,
P03637,胡雅可,女,26,25-29,无需要照顾的孩子,服务业者,service_worker,餐厅服务员,,,
P03638,张宁嘉,男,29,25-29,有未成年孩子,服务业者,service_worker,酒店前台,,,
P03639,张天志,男,38,35-39,有未成年孩子,上班族,office_worker,产品经理,,,
P03640,刘源志,男,35,35-39,有未成年孩子,上班族,office_worker,采购专员,,,
P03641,孙晴星,女,19,18-24,无需要照顾的孩子,自由业者,freelancer,网店经营者,,,
P03642,杨楷乐,男,22,18-24,无需要照顾的孩子,上班族,office_worker,会计,,,
P03643,刘诺文,男,33,30-34,无需要照顾的孩子,上班族,office_worker,高级软件工程师,,,
P03644,胡楷明,男,28,25-29,无需要照顾的孩子,上班族,office_worker,行政专员,,,
P03645,马嘉梦,女,33,30-34,有未成年孩子,上班族,office_worker,设计师,,,
P03646,李思语,女,43,40-45,无需要照顾的孩子,服务业者,service_worker,收银员,,,
P03647,林源言,女,27,25-29,有未成年孩子,体力劳动者,manual_worker,安装工,,,
P03648,吴阳,男,37,35-39,无需要照顾的孩子,上班族,office_worker,高级数据分析师,,,
P03649,陈子宁,女,20,18-24,无需要照顾的孩子,大学生,university_student,本科生,,,
P03650,张桐,女,37,35-39,有未成年孩子,上班族,office_worker,行政专员,,,
P03651,杨博羽,男,24,18-24,无需要照顾的孩子,大学生,university_student,博士研究生,,,
P03652,李晨宁,男,30,30-34,无需要照顾的孩子,上班族,office_worker,高级软件工程师,,,
P03653,李欣,女,30,30-34,有未成年孩子,上班族,office_worker,数据分析师,,,
P03654,陈嫣羽,女,27,25-29,无需要照顾的孩子,上班族,office_worker,采购专员,,,
P03655,王清雅,女,28,25-29,无需要照顾的孩子,上班族,office_worker,采购专员,,,
P03656,孙羽欣,女,35,35-39,无需要照顾的孩子,上班族,office_worker,产品经理,,,
P03657,王晓嫣,女,24,18-24,无需要照顾的孩子,上班族,office_worker,会计,,,
P03658,刘桐涵,女,23,18-24,无需要照顾的孩子,大学生,university_student,本科生,,,
P03659,李怡一,女,39,35-39,有未成年孩子,上班族,office_worker,区域经理,,,
P03660,林佑安,男,23,18-24,无需要照顾的孩子,自由业者,freelancer,自媒体从业者,,,
P03661,张言宁,女,43,40-45,有未成年孩子,体力劳动者,manual_worker,快递员,,,
P03662,吴怡语,女,27,25-29,无需要照顾的孩子,服务业者,service_worker,酒店服务人员,,,
P03663,张一曦,女,28,25-29,无需要照顾的孩子,上班族,office_worker,设计师,,,
P03664,周思雅,女,27,25-29,有未成年孩子,上班族,office_worker,数据分析师,,,
P03665,周天思,男,26,25-29,无需要照顾的孩子,上班族,office_worker,运营专员,,,
P03666,王宇睿,男,36,35-39,无需要照顾的孩子,服务业者,service_worker,房产经纪,,,
P03667,王诺言,男,21,18-24,有未成年孩子,上班族,office_worker,数据分析师,,,
P03668,李可羽,女,31,30-34,有未成年孩子,自由业者,freelancer,自由设计师,,,
P03669,刘源,女,21,18-24,无需要照顾的孩子,服务业者,service_worker,酒店服务人员,,,
P03670,赵欣,女,23,18-24,无需要照顾的孩子,上班族,office_worker,运营专员,,,
P03671,王诚星,男,28,25-29,无需要照顾的孩子,上班族,office_worker,销售代表,,,
P03672,许诗语,女,45,40-45,有未成年孩子,上班族,office_worker,财务经理,,,
P03673,张佳佳,女,20,18-24,无需要照顾的孩子,服务业者,service_worker,房产经纪,,,
P03674,李源,女,33,30-34,无需要照顾的孩子,服务业者,service_worker,咖啡师,,,
P03675,唐乐,女,30,30-34,无需要照顾的孩子,服务业者,service_worker,收银员,,,
P03676,张博一,男,32,30-34,无需要照顾的孩子,服务业者,service_worker,收银员,,,
P03677,陈欣曦,女,34,30-34,有未成年孩子,体力劳动者,manual_worker,配送员,,,
P03678,张杰志,男,23,18-24,无需要照顾的孩子,服务业者,service_worker,收银员,,,
P03679,李清宁,女,41,40-45,有未成年孩子,体力劳动者,manual_worker,快递员,,,
P03680,孙嘉梓,男,41,40-45,有未成年孩子,上班族,office_worker,HR经理,,,
P03681,杨晴若,女,32,30-34,有未成年孩子,自由业者,freelancer,自媒体从业者,,,
P03682,王欣欣,女,18,18-24,无需要照顾的孩子,大学生,university_student,本科生,,,
P03683,杨婉语,女,20,18-24,无需要照顾的孩子,体力劳动者,manual_worker,卡车司机,,,
P03684,张文安,男,35,35-39,有未成年孩子,自由业者,freelancer,网店经营者,,,
P03685,杨琪瑶,女,22,18-24,无需要照顾的孩子,体力劳动者,manual_worker,设备操作员,,,
P03686,李婷静,女,25,25-29,无需要照顾的孩子,服务业者,service_worker,收银员,,,
P03687,吴佑源,男,26,25-29,无需要照顾的孩子,自由业者,freelancer,网店经营者,,,
P03688,张语桐,女,26,25-29,无需要照顾的孩子,上班族,office_worker,财务专员,,,
P03689,杨嘉,男,34,30-34,无需要照顾的孩子,上班族,office_worker,项目经理,,,
P03690,梁涵诺,男,39,35-39,有未成年孩子,服务业者,service_worker,厨师,,,
P03691,罗桐梦,女,18,18-24,无需要照顾的孩子,大学生,university_student,本科生,,,
P03692,董静怡,女,34,30-34,有未成年孩子,服务业者,service_worker,健身教练,,,
P03693,李辰欣,女,25,25-29,无需要照顾的孩子,服务业者,service_worker,餐厅服务员,,,
P03694,邓嫣,女,18,18-24,无需要照顾的孩子,体力劳动者,manual_worker,仓库操作员,,,
P03695,谢曦辰,女,24,18-24,无需要照顾的孩子,上班族,office_worker,销售代表,,,
P03696,王静雨,女,43,40-45,无需要照顾的孩子,上班族,office_worker,高级项目经理,,,
P03697,李若诺,女,44,40-45,有未成年孩子,服务业者,service_worker,美容师,,,
P03698,王嘉梓,男,22,18-24,无需要照顾的孩子,上班族,office_worker,会计,,,
P03699,郭晓雨,女,30,30-34,无需要照顾的孩子,服务业者,service_worker,健身教练,,,
P03700,何可静,女,45,40-45,有未成年孩子,上班族,office_worker,行政专员,,,
P03701,李轩心,男,41,40-45,有未成年孩子,服务业者,service_worker,咖啡师,,,
P03702,许安怡,女,31,30-34,无需要照顾的孩子,上班族,office_worker,销售经理,,,
P03703,袁羽语,女,24,18-24,无需要照顾的孩子,上班族,office_worker,采购专员,,,
P03704,韩可辰,女,42,40-45,有未成年孩子,自由业者,freelancer,自媒体从业者,,,
P03705,王涵,女,27,25-29,无需要照顾的孩子,上班族,office_worker,运营专员,,,
P03706,王雨,女,29,25-29,无需要照顾的孩子,服务业者,service_worker,健身教练,,,
P03707,刘晓欣,女,37,35-39,有未成年孩子,上班族,office_worker,项目经理,,,
P03708,高言,女,35,35-39,有未成年孩子,上班族,office_worker,行政专员,,,
P03709,陈一然,男,29,25-29,无需要照顾的孩子,服务业者,service_worker,咖啡师,,,
P03710,刘睿泽,男,28,25-29,无需要照顾的孩子,上班族,office_worker,软件工程师,,,
P03711,李怡辰,女,37,35-39,有未成年孩子,上班族,office_worker,采购专员,,,
P03712,张杰睿,男,20,18-24,无需要照顾的孩子,大学生,university_student,本科生,,,
P03713,邓远哲,男,20,18-24,无需要照顾的孩子,服务业者,service_worker,收银员,,,
P03714,周佳,女,39,35-39,有未成年孩子,上班族,office_worker,客户经理,,,
P03715,李若辰,女,36,35-39,有未成年孩子,上班族,office_worker,产品经理,,,
P03716,唐佳涵,女,26,25-29,无需要照顾的孩子,自由业者,freelancer,摄影师,,,
P03717,何羽瑶,女,37,35-39,无需要照顾的孩子,上班族,office_worker,财务经理,,,
P03718,罗嘉,女,45,40-45,有未成年孩子,上班族,office_worker,财务主管,,,
P03719,张怡宁,女,34,30-34,有未成年孩子,上班族,office_worker,数据分析师,,,
P03720,何嘉,女,32,30-34,无需要照顾的孩子,体力劳动者,manual_worker,快递员,,,
P03721,李清辰,男,31,30-34,无需要照顾的孩子,服务业者,service_worker,餐厅服务员,,,
P03722,李瑶桐,女,37,35-39,有未成年孩子,体力劳动者,manual_worker,安装工,,,
P03723,许清若,女,38,35-39,有未成年孩子,体力劳动者,manual_worker,配送员,,,
P03724,徐涵可,女,28,25-29,无需要照顾的孩子,上班族,office_worker,销售代表,,,
P03725,陈佑诚,男,23,18-24,无需要照顾的孩子,服务业者,service_worker,厨师,,,
P03726,李若彤,女,44,40-45,无需要照顾的孩子,服务业者,service_worker,厨师,,,
P03727,冯景轩,男,21,18-24,无需要照顾的孩子,上班族,office_worker,客户专员,,,
P03728,张然乐,男,35,35-39,有未成年孩子,体力劳动者,manual_worker,快递员,,,
P03729,陈宁思,女,35,35-39,无需要照顾的孩子,上班族,office_worker,高级运营专员,,,
P03730,曹涵梦,女,28,25-29,无需要照顾的孩子,上班族,office_worker,设计师,,,
P03731,李宁,女,38,35-39,无需要照顾的孩子,服务业者,service_worker,客服,,,
P03732,胡欣安,女,22,18-24,有未成年孩子,大学生,university_student,本科生,,,
P03733,程一涵,女,34,30-34,无需要照顾的孩子,上班族,office_worker,销售经理,,,
P03734,张晨源,女,32,30-34,有未成年孩子,上班族,office_worker,软件工程师,,,
P03735,李瑶子,女,39,35-39,有未成年孩子,上班族,office_worker,产品经理,,,
P03736,周志博,男,29,25-29,无需要照顾的孩子,服务业者,service_worker,咖啡师,,,
P03737,周文晨,男,36,35-39,有未成年孩子,服务业者,service_worker,房产经纪,,,
P03738,马宁琪,女,30,30-34,无需要照顾的孩子,上班族,office_worker,客户专员,,,
P03739,张晓子,女,42,40-45,有未成年孩子,服务业者,service_worker,收银员,,,
P03740,袁怡桐,女,18,18-24,无需要照顾的孩子,服务业者,service_worker,健身教练,,,
P03741,林可婷,女,31,30-34,有未成年孩子,上班族,office_worker,会计,,,
P03742,李远豪,男,39,35-39,有未成年孩子,上班族,office_worker,项目经理,,,
P03743,刘心若,女,40,40-45,无需要照顾的孩子,上班族,office_worker,销售经理,,,
P03744,高嘉子,男,20,18-24,无需要照顾的孩子,体力劳动者,manual_worker,汽车技师,,,
P03745,刘婉嘉,女,39,35-39,无需要照顾的孩子,服务业者,service_worker,酒店前台,,,
P03746,刘语,女,39,35-39,有未成年孩子,自由业者,freelancer,独立程序员,,,
P03747,孙子,女,30,30-34,有未成年孩子,上班族,office_worker,高级软件工程师,,,
P03748,张梓子,男,43,40-45,有未成年孩子,服务业者,service_worker,房产经纪,,,
P03749,赵阳思,男,28,25-29,无需要照顾的孩子,上班族,office_worker,运营专员,,,
P03750,陈晨辰,女,42,40-45,有成年孩子,服务业者,service_worker,酒店前台,,,
P03751,梁阳志,男,41,40-45,无需要照顾的孩子,上班族,office_worker,数据分析师,,,
P03752,袁昊清,男,36,35-39,有未成年孩子,上班族,office_worker,数据分析师,,,
P03753,唐天嘉,男,43,40-45,无需要照顾的孩子,体力劳动者,manual_worker,安装工,,,
P03754,梁思,女,25,25-29,有未成年孩子,自由业者,freelancer,自媒体从业者,,,
P03755,黄羽涵,女,39,35-39,无需要照顾的孩子,上班族,office_worker,数据分析师,,,
P03756,马宁梦,女,25,25-29,无需要照顾的孩子,服务业者,service_worker,收银员,,,
P03757,杨诺怡,女,30,30-34,有未成年孩子,自由业者,freelancer,网店经营者,,,
P03758,马宁辰,女,26,25-29,无需要照顾的孩子,上班族,office_worker,会计,,,
P03759,王诚嘉,男,40,40-45,有未成年孩子,上班族,office_worker,HR经理,,,
P03760,何瑶婷,女,43,40-45,有未成年孩子,上班族,office_worker,销售经理,,,
P03761,张安睿,男,31,30-34,无需要照顾的孩子,服务业者,service_worker,保安,,,
P03762,周志浩,男,32,30-34,无需要照顾的孩子,大学生,university_student,硕士研究生,,,
P03763,吴怡若,女,38,35-39,有未成年孩子,服务业者,service_worker,零售店员,,,
P03764,黄晨哲,男,24,18-24,无需要照顾的孩子,大学生,university_student,博士研究生,,,
P03765,张涵宁,女,40,40-45,有成年孩子,体力劳动者,manual_worker,配送员,,,
P03766,陈乐,女,34,30-34,无需要照顾的孩子,上班族,office_worker,产品经理,,,
P03767,李思涵,女,27,25-29,无需要照顾的孩子,体力劳动者,manual_worker,焊工,,,
P03768,冯源可,女,30,30-34,有未成年孩子,上班族,office_worker,采购经理,,,
P03769,郑豪,男,21,18-24,无需要照顾的孩子,大学生,university_student,本科生,,,
P03770,罗语羽,女,20,18-24,无需要照顾的孩子,服务业者,service_worker,厨师,,,
P03771,李辰,女,37,35-39,有未成年孩子,上班族,office_worker,财务主管,,,
P03772,王星诺,男,33,30-34,无需要照顾的孩子,服务业者,service_worker,咖啡师,,,
P03773,刘婷晨,女,42,40-45,无需要照顾的孩子,自由业者,freelancer,独立承包商,,,
P03774,冯诺心,男,43,40-45,无需要照顾的孩子,上班族,office_worker,销售经理,,,
P03775,吴曦瑶,女,35,35-39,有未成年孩子,自由业者,freelancer,翻译,,,
P03776,郭涵,女,33,30-34,无需要照顾的孩子,服务业者,service_worker,咖啡师,,,
P03777,王心源,女,39,35-39,有未成年孩子,自由业者,freelancer,独立承包商,,,
P03778,赵雅瑶,女,35,35-39,有未成年孩子,上班族,office_worker,技术经理,,,
P03779,李婉知,女,29,25-29,有未成年孩子,大学生,university_student,硕士研究生,,,
P03780,林佳远,女,40,40-45,有未成年孩子,上班族,office_worker,项目经理,,,
P03781,陈安,女,31,30-34,无需要照顾的孩子,上班族,office_worker,客户专员,,,
P03782,宋欣,女,31,30-34,有未成年孩子,自由业者,freelancer,自由设计师,,,
P03783,胡欣雅,女,36,35-39,有未成年孩子,上班族,office_worker,项目经理,,,
P03784,陈嘉雨,女,25,25-29,无需要照顾的孩子,上班族,office_worker,高级软件工程师,,,
P03785,马景宇,男,23,18-24,无需要照顾的孩子,上班族,office_worker,高级运营专员,,,
P03786,徐宁晓,女,33,30-34,无需要照顾的孩子,上班族,office_worker,财务主管,,,
P03787,王羽,男,19,18-24,无需要照顾的孩子,大学生,university_student,本科生,,,
P03788,高心,男,24,18-24,无需要照顾的孩子,上班族,office_worker,销售代表,,,
P03789,朱可羽,男,42,40-45,有未成年孩子,上班族,office_worker,财务专员,,,
P03790,罗嫣,女,32,30-34,无需要照顾的孩子,自由业者,freelancer,自由销售,,,
P03791,李可知,女,30,30-34,无需要照顾的孩子,大学生,university_student,博士研究生,,,
P03792,高羽桐,女,45,40-45,有未成年孩子,体力劳动者,manual_worker,配送员,,,
P03793,周羽静,女,29,25-29,有未成年孩子,上班族,office_worker,销售经理,,,
P03794,梁睿知,男,44,40-45,有未成年孩子,自由业者,freelancer,自媒体从业者,,,
P03795,陈可源,男,41,40-45,有未成年孩子,服务业者,service_worker,餐厅服务员,,,
P03796,刘安涵,女,42,40-45,无需要照顾的孩子,服务业者,service_worker,客服,,,
P03797,刘涵婷,女,32,30-34,无需要照顾的孩子,上班族,office_worker,设计师,,,
P03798,胡思晨,女,41,40-45,无需要照顾的孩子,上班族,office_worker,高级产品经理,,,
P03799,刘文阳,男,25,25-29,无需要照顾的孩子,上班族,office_worker,项目经理,,,
P03800,罗可轩,男,30,30-34,无需要照顾的孩子,上班族,office_worker,销售经理,,,
P03801,李晨然,男,29,25-29,无需要照顾的孩子,上班族,office_worker,客户经理,,,
P03802,郭辰豪,男,28,25-29,无需要照顾的孩子,上班族,office_worker,设计师,,,
P03803,黄曦曦,女,32,30-34,无需要照顾的孩子,服务业者,service_worker,客服,,,
P03804,谢源彤,女,39,35-39,有未成年孩子,自由业者,freelancer,咨询顾问,,,
P03805,李睿嘉,男,36,35-39,有未成年孩子,体力劳动者,manual_worker,汽车技师,,,
P03806,陈琪婷,女,39,35-39,有未成年孩子,上班族,office_worker,销售经理,,,
P03807,赵言,女,43,40-45,无需要照顾的孩子,上班族,office_worker,运营经理,,,
P03808,李涵桐,女,34,30-34,有未成年孩子,体力劳动者,manual_worker,快递员,,,
P03809,林嘉诚,男,24,18-24,无需要照顾的孩子,体力劳动者,manual_worker,快递员,,,
P03810,高晨静,女,38,35-39,有未成年孩子,上班族,office_worker,财务主管,,,
P03811,周可曦,女,41,40-45,有未成年孩子,上班族,office_worker,销售代表,,,
P03812,杨佳雨,女,38,35-39,有未成年孩子,服务业者,service_worker,房产经纪,,,
P03813,王嘉嘉,男,38,35-39,有未成年孩子,体力劳动者,manual_worker,卡车司机,,,
P03814,张言桐,女,24,18-24,无需要照顾的孩子,服务业者,service_worker,房产经纪,,,
P03815,于涵若,女,42,40-45,有未成年孩子,服务业者,service_worker,健身教练,,,
P03816,赵涵泽,男,25,25-29,有未成年孩子,服务业者,service_worker,房产经纪,,,
P03817,郭婷,女,32,30-34,无需要照顾的孩子,大学生,university_student,硕士研究生,,,
P03818,王雅涵,女,44,40-45,无需要照顾的孩子,自由业者,freelancer,自由销售,,,
P03819,王知婷,女,41,40-45,无需要照顾的孩子,自由业者,freelancer,摄影师,,,
P03820,冯琪欣,女,39,35-39,无需要照顾的孩子,体力劳动者,manual_worker,快递员,,,
P03821,徐诚嘉,男,41,40-45,有未成年孩子,自由业者,freelancer,自由销售,,,
P03822,陈远哲,男,31,30-34,有未成年孩子,自由业者,freelancer,翻译,,,
P03823,王浩明,男,29,25-29,无需要照顾的孩子,体力劳动者,manual_worker,配送员,,,
P03824,刘嘉天,男,45,40-45,有未成年孩子,上班族,office_worker,产品经理,,,
P03825,邓晨,男,27,25-29,无需要照顾的孩子,上班族,office_worker,财务主管,,,
P03826,杨安,男,25,25-29,无需要照顾的孩子,上班族,office_worker,销售代表,,,
P03827,刘星羽,女,41,40-45,有未成年孩子,上班族,office_worker,客户专员,,,
P03828,陈浩,男,26,25-29,无需要照顾的孩子,上班族,office_worker,会计,,,
P03829,刘诺子,男,31,30-34,无需要照顾的孩子,服务业者,service_worker,零售店员,,,
P03830,王静怡,女,19,18-24,无需要照顾的孩子,大学生,university_student,本科生,,,
P03831,黄泽,男,30,30-34,无需要照顾的孩子,自由业者,freelancer,独立程序员,,,
P03832,于言梦,女,35,35-39,无需要照顾的孩子,自由业者,freelancer,自由销售,,,
P03833,杨佳桐,女,22,18-24,无需要照顾的孩子,服务业者,service_worker,理发师,,,
P03834,李清哲,男,37,35-39,有未成年孩子,体力劳动者,manual_worker,安装工,,,
P03835,何轩梓,男,32,30-34,无需要照顾的孩子,服务业者,service_worker,餐厅服务员,,,
P03836,黄羽博,男,32,30-34,无需要照顾的孩子,服务业者,service_worker,理发师,,,
P03837,王知星,女,37,35-39,无需要照顾的孩子,服务业者,service_worker,零售店员,,,
P03838,马欣,女,26,25-29,无需要照顾的孩子,体力劳动者,manual_worker,维修技师,,,
P03839,王嘉哲,男,21,18-24,无需要照顾的孩子,体力劳动者,manual_worker,设备操作员,,,
P03840,刘涵思,女,29,25-29,无需要照顾的孩子,上班族,office_worker,销售经理,,,
P03841,张知琪,女,21,18-24,无需要照顾的孩子,大学生,university_student,本科生,,,
P03842,张知,女,33,30-34,有未成年孩子,服务业者,service_worker,房产经纪,,,
P03843,何梦诗,女,33,30-34,有未成年孩子,上班族,office_worker,技术经理,,,
P03844,刘博,男,26,25-29,有未成年孩子,自由业者,freelancer,私教,,,
P03845,郑诺可,女,40,40-45,有未成年孩子,上班族,office_worker,运营经理,,,
P03846,吴涵星,女,30,30-34,有未成年孩子,上班族,office_worker,销售代表,,,
P03847,李羽文,男,22,18-24,无需要照顾的孩子,体力劳动者,manual_worker,建筑工人,,,
P03848,宋远可,女,40,40-45,有未成年孩子,上班族,office_worker,高级运营专员,,,
P03849,刘知源,女,41,40-45,有未成年孩子,服务业者,service_worker,房产经纪,,,
P03850,张晓佳,女,37,35-39,有未成年孩子,上班族,office_worker,高级运营专员,,,
P03851,宋言,男,37,35-39,无需要照顾的孩子,服务业者,service_worker,健身教练,,,
P03852,杨嘉,女,26,25-29,无需要照顾的孩子,上班族,office_worker,采购专员,,,
P03853,张远宁,女,35,35-39,有未成年孩子,上班族,office_worker,销售经理,,,
P03854,张辰,男,34,30-34,有未成年孩子,上班族,office_worker,运营专员,,,
P03855,李曦晨,女,26,25-29,无需要照顾的孩子,体力劳动者,manual_worker,搬运工,,,
P03856,张欣可,女,31,30-34,有未成年孩子,上班族,office_worker,运营经理,,,
P03857,张雨一,女,45,40-45,无需要照顾的孩子,服务业者,service_worker,零售店员,,,
P03858,赵嫣嫣,女,28,25-29,无需要照顾的孩子,上班族,office_worker,财务主管,,,
P03859,李星婷,女,38,35-39,有未成年孩子,体力劳动者,manual_worker,设备操作员,,,
P03860,孙知,男,42,40-45,有成年孩子,服务业者,service_worker,咖啡师,,,
P03861,朱欣一,女,35,35-39,有未成年孩子,上班族,office_worker,产品经理,,,
P03862,曹文文,男,33,30-34,无需要照顾的孩子,体力劳动者,manual_worker,焊工,,,
P03863,王佳思,女,19,18-24,无需要照顾的孩子,大学生,university_student,本科生,,,
P03864,孙思源,女,44,40-45,无需要照顾的孩子,上班族,office_worker,财务主管,,,
P03865,邓涵,男,36,35-39,有未成年孩子,服务业者,service_worker,酒店服务人员,,,
P03866,陈嘉思,男,31,30-34,有未成年孩子,上班族,office_worker,财务主管,,,
P03867,张婷晓,女,31,30-34,有未成年孩子,上班族,office_worker,财务主管,,,
P03868,赵诺羽,男,45,40-45,有未成年孩子,自由业者,freelancer,独立程序员,,,
P03869,王星,女,26,25-29,无需要照顾的孩子,上班族,office_worker,客户专员,,,
P03870,胡知源,女,35,35-39,无需要照顾的孩子,自由业者,freelancer,独立程序员,,,
P03871,陈诺可,女,35,35-39,有未成年孩子,体力劳动者,manual_worker,汽车技师,,,
P03872,张思佳,女,38,35-39,无需要照顾的孩子,体力劳动者,manual_worker,设备操作员,,,
P03873,徐言昊,男,45,40-45,有成年孩子,服务业者,service_worker,酒店前台,,,
P03874,李知清,女,37,35-39,有未成年孩子,服务业者,service_worker,美容师,,,
P03875,李语雅,女,31,30-34,无需要照顾的孩子,上班族,office_worker,项目经理,,,
P03876,吴晴,女,29,25-29,无需要照顾的孩子,自由业者,freelancer,独立程序员,,,
P03877,张志羽,男,42,40-45,有未成年孩子,上班族,office_worker,销售代表,,,
P03878,王诚晨,男,26,25-29,无需要照顾的孩子,服务业者,service_worker,理发师,,,
P03879,陈怡乐,女,38,35-39,有未成年孩子,上班族,office_worker,高级运营专员,,,
P03880,谢晨嘉,男,23,18-24,无需要照顾的孩子,服务业者,service_worker,酒店服务人员,,,
P03881,王安可,女,34,30-34,无需要照顾的孩子,上班族,office_worker,会计,,,
P03882,杨嘉可,女,36,35-39,有未成年孩子,体力劳动者,manual_worker,电工,,,
P03883,李杰昊,男,30,30-34,无需要照顾的孩子,上班族,office_worker,财务专员,,,
P03884,宋雅,女,33,30-34,有未成年孩子,体力劳动者,manual_worker,卡车司机,,,
P03885,林辰思,女,45,40-45,有未成年孩子,上班族,office_worker,HR经理,,,
P03886,赵嘉涵,女,45,40-45,有未成年孩子,自由业者,freelancer,咨询顾问,,,
P03887,张远乐,女,24,18-24,无需要照顾的孩子,大学生,university_student,硕士研究生,,,
P03888,朱宁,女,30,30-34,无需要照顾的孩子,体力劳动者,manual_worker,仓库操作员,,,
P03889,吴梦远,女,32,30-34,有未成年孩子,上班族,office_worker,运营专员,,,
P03890,张晓,女,19,18-24,无需要照顾的孩子,服务业者,service_worker,酒店服务人员,,,
P03891,谢知,女,37,35-39,有未成年孩子,上班族,office_worker,运营专员,,,
P03892,林诚嘉,男,39,35-39,无需要照顾的孩子,服务业者,service_worker,酒店前台,,,
P03893,李辰嫣,女,36,35-39,无需要照顾的孩子,服务业者,service_worker,餐厅服务员,,,
P03894,谢诺,男,32,30-34,有未成年孩子,上班族,office_worker,客户经理,,,
P03895,徐佳晴,女,44,40-45,有未成年孩子,服务业者,service_worker,酒店前台,,,
P03896,袁源楷,男,32,30-34,有未成年孩子,体力劳动者,manual_worker,卡车司机,,,
P03897,张清宁,女,39,35-39,有未成年孩子,上班族,office_worker,采购专员,,,
P03898,黄楷,男,25,25-29,有未成年孩子,上班族,office_worker,财务专员,,,
P03899,于睿豪,男,24,18-24,无需要照顾的孩子,体力劳动者,manual_worker,设备操作员,,,
P03900,王婷雅,女,39,35-39,无需要照顾的孩子,自由业者,freelancer,独立程序员,,,
P03901,林可博,男,26,25-29,无需要照顾的孩子,上班族,office_worker,行政专员,,,
P03902,吴知若,女,42,40-45,无需要照顾的孩子,体力劳动者,manual_worker,快递员,,,
P03903,朱知雨,女,33,30-34,无需要照顾的孩子,上班族,office_worker,财务主管,,,
P03904,胡涵,男,18,18-24,无需要照顾的孩子,上班族,office_worker,行政专员,,,
P03905,董佳,女,26,25-29,无需要照顾的孩子,体力劳动者,manual_worker,配送员,,,
P03906,朱嫣,女,26,25-29,无需要照顾的孩子,体力劳动者,manual_worker,配送员,,,
P03907,杨源曦,女,28,25-29,无需要照顾的孩子,大学生,university_student,硕士研究生,,,
P03908,王天,男,45,40-45,有未成年孩子,体力劳动者,manual_worker,仓库操作员,,,
P03909,刘子晓,女,27,25-29,无需要照顾的孩子,上班族,office_worker,高级软件工程师,,,
P03910,王文,男,45,40-45,无需要照顾的孩子,上班族,office_worker,产品经理,,,
P03911,冯涵,女,41,40-45,有未成年孩子,上班族,office_worker,采购经理,,,
P03912,赵静乐,女,20,18-24,无需要照顾的孩子,大学生,university_student,本科生,,,
P03913,周子诗,女,19,18-24,有未成年孩子,大学生,university_student,本科生,,,
P03914,胡婉雅,女,41,40-45,有未成年孩子,服务业者,service_worker,健身教练,,,
P03915,李瑶桐,女,42,40-45,有未成年孩子,上班族,office_worker,采购专员,,,
P03916,朱轩清,男,41,40-45,有未成年孩子,自由业者,freelancer,网店经营者,,,
P03917,王欣宁,女,20,18-24,无需要照顾的孩子,大学生,university_student,本科生,,,
P03918,梁思,女,37,35-39,有未成年孩子,上班族,office_worker,采购经理,,,
P03919,孙佳晓,女,19,18-24,无需要照顾的孩子,服务业者,service_worker,保安,,,
P03920,王思若,女,31,30-34,无需要照顾的孩子,体力劳动者,manual_worker,仓库操作员,,,
P03921,王宁涵,女,34,30-34,无需要照顾的孩子,服务业者,service_worker,零售店员,,,
P03922,程晴欣,女,33,30-34,无需要照顾的孩子,服务业者,service_worker,保安,,,
P03923,黄涵可,女,32,30-34,无需要照顾的孩子,上班族,office_worker,客户经理,,,
P03924,梁睿博,男,35,35-39,无需要照顾的孩子,上班族,office_worker,高级运营专员,,,
P03925,张杰,男,18,18-24,无需要照顾的孩子,自由业者,freelancer,自由销售,,,
P03926,林晨涵,女,32,30-34,无需要照顾的孩子,上班族,office_worker,采购经理,,,
P03927,黄瑶琪,女,29,25-29,无需要照顾的孩子,上班族,office_worker,会计,,,
P03928,王羽嫣,女,44,40-45,有未成年孩子,服务业者,service_worker,收银员,,,
P03929,刘浩星,男,45,40-45,有未成年孩子,自由业者,freelancer,摄影师,,,
P03930,吴乐诗,女,20,18-24,无需要照顾的孩子,大学生,university_student,本科生,,,
P03931,罗思可,女,41,40-45,有未成年孩子,自由业者,freelancer,独立承包商,,,
P03932,刘思泽,男,41,40-45,有未成年孩子,体力劳动者,manual_worker,电工,,,
P03933,张羽桐,女,40,40-45,无需要照顾的孩子,自由业者,freelancer,自由设计师,,,
P03934,王可,女,45,40-45,有未成年孩子,自由业者,freelancer,咨询顾问,,,
P03935,郭婷婷,女,24,18-24,无需要照顾的孩子,服务业者,service_worker,美容师,,,
P03936,谢杰知,男,31,30-34,无需要照顾的孩子,上班族,office_worker,高级运营专员,,,
P03937,李清,男,23,18-24,无需要照顾的孩子,大学生,university_student,博士研究生,,,
P03938,王思清,女,23,18-24,无需要照顾的孩子,服务业者,service_worker,保安,,,
P03939,陈晓静,女,33,30-34,无需要照顾的孩子,上班族,office_worker,财务主管,,,
P03940,袁怡涵,女,39,35-39,有未成年孩子,自由业者,freelancer,网店经营者,,,
P03941,吴雅,女,35,35-39,有未成年孩子,自由业者,freelancer,独立承包商,,,
P03942,张宁佳,女,23,18-24,无需要照顾的孩子,大学生,university_student,硕士研究生,,,
P03943,胡心景,男,37,35-39,无需要照顾的孩子,上班族,office_worker,高级运营专员,,,
P03944,陈安,女,20,18-24,无需要照顾的孩子,大学生,university_student,本科生,,,
P03945,赵婷乐,女,28,25-29,有未成年孩子,上班族,office_worker,软件工程师,,,
P03946,朱子梦,女,32,30-34,有未成年孩子,上班族,office_worker,财务主管,,,
P03947,李晴,女,21,18-24,无需要照顾的孩子,大学生,university_student,硕士研究生,,,
P03948,刘瑶涵,女,33,30-34,无需要照顾的孩子,服务业者,service_worker,客服,,,
P03949,林星辰,女,19,18-24,无需要照顾的孩子,上班族,office_worker,会计,,,
P03950,王阳源,男,41,40-45,有未成年孩子,上班族,office_worker,高级数据分析师,,,
P03951,王豪哲,男,34,30-34,有未成年孩子,上班族,office_worker,销售经理,,,
P03952,张哲浩,男,40,40-45,有未成年孩子,体力劳动者,manual_worker,仓库操作员,,,
P03953,王可婷,女,19,18-24,无需要照顾的孩子,服务业者,service_worker,收银员,,,
P03954,张宁可,女,27,25-29,无需要照顾的孩子,上班族,office_worker,数据分析师,,,
P03955,王婉,女,23,18-24,无需要照顾的孩子,自由业者,freelancer,咨询顾问,,,
P03956,罗晓远,女,27,25-29,无需要照顾的孩子,上班族,office_worker,设计师,,,
P03957,王晨乐,女,39,35-39,有未成年孩子,自由业者,freelancer,摄影师,,,
P03958,赵乐琪,女,33,30-34,无需要照顾的孩子,自由业者,freelancer,网店经营者,,,
P03959,胡涵嘉,女,31,30-34,有未成年孩子,上班族,office_worker,财务专员,,,
P03960,朱可宁,男,38,35-39,有未成年孩子,服务业者,service_worker,零售店员,,,
P03961,高彤言,女,28,25-29,有未成年孩子,自由业者,freelancer,自媒体从业者,,,
P03962,朱静言,女,40,40-45,无需要照顾的孩子,自由业者,freelancer,自由设计师,,,
P03963,陈涵,男,22,18-24,无需要照顾的孩子,服务业者,service_worker,理发师,,,
P03964,陈言安,女,42,40-45,无需要照顾的孩子,自由业者,freelancer,独立承包商,,,
P03965,张静桐,女,34,30-34,无需要照顾的孩子,上班族,office_worker,高级数据分析师,,,
P03966,刘思曦,女,39,35-39,无需要照顾的孩子,上班族,office_worker,产品经理,,,
P03967,杨静,女,33,30-34,有未成年孩子,服务业者,service_worker,酒店前台,,,
P03968,马一,女,34,30-34,有未成年孩子,自由业者,freelancer,翻译,,,
P03969,周婷嫣,女,36,35-39,无需要照顾的孩子,上班族,office_worker,HR经理,,,
P03970,张婉,女,43,40-45,有未成年孩子,服务业者,service_worker,收银员,,,
P03971,高思,女,34,30-34,有未成年孩子,上班族,office_worker,高级产品经理,,,
P03972,吴可嘉,女,25,25-29,无需要照顾的孩子,自由业者,freelancer,独立承包商,,,
P03973,孙子可,女,30,30-34,无需要照顾的孩子,上班族,office_worker,软件工程师,,,
P03974,刘言欣,女,39,35-39,有未成年孩子,服务业者,service_worker,美容师,,,
P03975,张星星,女,43,40-45,有未成年孩子,服务业者,service_worker,零售店员,,,
P03976,李涵嘉,女,38,35-39,有未成年孩子,上班族,office_worker,部门经理,,,
P03977,刘星,女,33,30-34,无需要照顾的孩子,上班族,office_worker,设计师,,,
P03978,黄晴,女,31,30-34,无需要照顾的孩子,上班族,office_worker,高级软件工程师,,,
P03979,梁雅涵,女,38,35-39,有未成年孩子,服务业者,service_worker,美容师,,,
P03980,黄佳嫣,女,25,25-29,无需要照顾的孩子,服务业者,service_worker,咖啡师,,,
P03981,杨晨子,男,38,35-39,无需要照顾的孩子,上班族,office_worker,销售代表,,,
P03982,刘乐,男,45,40-45,有未成年孩子,上班族,office_worker,销售经理,,,
P03983,刘彤静,女,32,30-34,无需要照顾的孩子,自由业者,freelancer,翻译,,,
P03984,高轩星,男,36,35-39,有未成年孩子,上班族,office_worker,采购经理,,,
P03985,郭诺,女,29,25-29,无需要照顾的孩子,上班族,office_worker,软件工程师,,,
P03986,周怡,女,35,35-39,有未成年孩子,体力劳动者,manual_worker,卡车司机,,,
P03987,吴子欣,女,23,18-24,无需要照顾的孩子,大学生,university_student,本科生,,,
P03988,郭婉远,女,27,25-29,无需要照顾的孩子,上班族,office_worker,行政专员,,,
P03989,陈宁佳,女,42,40-45,有未成年孩子,上班族,office_worker,项目经理,,,
P03990,谢佳瑶,女,34,30-34,无需要照顾的孩子,体力劳动者,manual_worker,搬运工,,,
P03991,郭羽子,男,45,40-45,有未成年孩子,上班族,office_worker,销售经理,,,
P03992,周乐佳,女,23,18-24,无需要照顾的孩子,体力劳动者,manual_worker,安装工,,,
P03993,赵可,女,44,40-45,有未成年孩子,自由业者,freelancer,私教,,,
P03994,刘嘉乐,女,39,35-39,无需要照顾的孩子,体力劳动者,manual_worker,搬运工,,,
P03995,徐瑶,女,43,40-45,无需要照顾的孩子,体力劳动者,manual_worker,维修技师,,,
P03996,陈琪宁,女,39,35-39,有未成年孩子,上班族,office_worker,高级数据分析师,,,
P03997,黄涵轩,男,43,40-45,无需要照顾的孩子,上班族,office_worker,HR经理,,,
P03998,王婷远,女,36,35-39,有未成年孩子,上班族,office_worker,采购专员,,,
P03999,李豪睿,男,29,25-29,无需要照顾的孩子,上班族,office_worker,设计师,,,
P04000,郭婷婷,女,29,25-29,无需要照顾的孩子,体力劳动者,manual_worker,电工,,,
P04001,王星轩,男,30,30-34,无需要照顾的孩子,自由业者,freelancer,翻译,,,
P04002,李雨涵,女,45,40-45,无需要照顾的孩子,服务业者,service_worker,健身教练,,,
P04003,朱怡思,女,23,18-24,无需要照顾的孩子,上班族,office_worker,财务专员,,,
P04004,周涵宁,女,18,18-24,无需要照顾的孩子,自由业者,freelancer,咨询顾问,,,
P04005,张心雨,女,24,18-24,无需要照顾的孩子,大学生,university_student,硕士研究生,,,
P04006,王嘉宁,男,31,30-34,有未成年孩子,上班族,office_worker,高级软件工程师,,,
P04007,李涵远,男,33,30-34,有未成年孩子,上班族,office_worker,会计,,,
P04008,张欣,女,28,25-29,无需要照顾的孩子,上班族,office_worker,HR经理,,,
P04009,胡晓知,女,20,18-24,无需要照顾的孩子,体力劳动者,manual_worker,电工,,,
P04010,杨然,男,30,30-34,无需要照顾的孩子,服务业者,service_worker,理发师,,,
P04011,罗涵,男,31,30-34,无需要照顾的孩子,服务业者,service_worker,咖啡师,,,
P04012,杨景景,男,33,30-34,无需要照顾的孩子,上班族,office_worker,产品经理,,,
P04013,郭婉一,女,26,25-29,无需要照顾的孩子,上班族,office_worker,设计师,,,
P04014,宋曦知,女,30,30-34,有未成年孩子,服务业者,service_worker,酒店前台,,,
P04015,董涵雅,女,37,35-39,无需要照顾的孩子,自由业者,freelancer,自由销售,,,
P04016,张昊诚,男,24,18-24,无需要照顾的孩子,大学生,university_student,博士研究生,,,
P04017,周婉桐,女,28,25-29,无需要照顾的孩子,上班族,office_worker,数据分析师,,,
P04018,梁辰欣,女,40,40-45,有未成年孩子,体力劳动者,manual_worker,安装工,,,
P04019,王若,女,42,40-45,有未成年孩子,上班族,office_worker,运营专员,,,
P04020,张源,女,26,25-29,无需要照顾的孩子,体力劳动者,manual_worker,安装工,,,
P04021,李欣佳,女,27,25-29,有未成年孩子,服务业者,service_worker,理发师,,,
P04022,李婷,女,28,25-29,无需要照顾的孩子,服务业者,service_worker,客服,,,
P04023,陈安,男,35,35-39,有未成年孩子,上班族,office_worker,数据分析师,,,
P04024,杨欣,女,18,18-24,无需要照顾的孩子,自由业者,freelancer,摄影师,,,
P04025,王思诗,女,37,35-39,无需要照顾的孩子,上班族,office_worker,软件工程师,,,
P04026,胡阳楷,男,24,18-24,无需要照顾的孩子,服务业者,service_worker,房产经纪,,,
P04027,张远心,男,43,40-45,有未成年孩子,上班族,office_worker,采购经理,,,
P04028,周晓,女,35,35-39,有未成年孩子,上班族,office_worker,行政专员,,,
P04029,黄可雨,女,34,30-34,无需要照顾的孩子,上班族,office_worker,HR经理,,,
P04030,赵知曦,女,33,30-34,无需要照顾的孩子,上班族,office_worker,运营专员,,,
P04031,周欣安,女,40,40-45,有未成年孩子,服务业者,service_worker,餐厅服务员,,,
P04032,王宇羽,男,38,35-39,无需要照顾的孩子,上班族,office_worker,数据分析师,,,
P04033,孙思浩,男,37,35-39,无需要照顾的孩子,上班族,office_worker,销售经理,,,
P04034,张文楷,男,35,35-39,有未成年孩子,上班族,office_worker,运营专员,,,
P04035,张文宇,男,27,25-29,无需要照顾的孩子,自由业者,freelancer,独立程序员,,,
P04036,高瑶梦,女,45,40-45,无需要照顾的孩子,服务业者,service_worker,理发师,,,
P04037,赵心泽,男,23,18-24,无需要照顾的孩子,体力劳动者,manual_worker,焊工,,,
P04038,陈怡,女,36,35-39,无需要照顾的孩子,上班族,office_worker,HR经理,,,
P04039,韩阳,男,28,25-29,无需要照顾的孩子,上班族,office_worker,项目经理,,,
P04040,杨嫣远,女,18,18-24,无需要照顾的孩子,大学生,university_student,本科生,,,
P04041,林欣,女,34,30-34,无需要照顾的孩子,服务业者,service_worker,厨师,,,
P04042,李欣怡,女,33,30-34,无需要照顾的孩子,体力劳动者,manual_worker,建筑工人,,,
P04043,陈怡,女,22,18-24,无需要照顾的孩子,上班族,office_worker,销售代表,,,
P04044,许欣,女,33,30-34,无需要照顾的孩子,体力劳动者,manual_worker,安装工,,,
P04045,马嘉辰,女,28,25-29,无需要照顾的孩子,服务业者,service_worker,酒店前台,,,
P04046,张雨,女,44,40-45,无需要照顾的孩子,上班族,office_worker,技术经理,,,
P04047,陈哲,男,41,40-45,有未成年孩子,上班族,office_worker,HR经理,,,
P04048,徐景知,男,32,30-34,有未成年孩子,体力劳动者,manual_worker,建筑工人,,,
P04049,林琪静,女,38,35-39,有未成年孩子,体力劳动者,manual_worker,设备操作员,,,
P04050,马晨,女,22,18-24,无需要照顾的孩子,服务业者,service_worker,美容师,,,
P04051,黄涵源,女,33,30-34,无需要照顾的孩子,服务业者,service_worker,美容师,,,
P04052,何子,女,35,35-39,有未成年孩子,体力劳动者,manual_worker,配送员,,,
P04053,杨欣言,女,26,25-29,无需要照顾的孩子,自由业者,freelancer,自由销售,,,
P04054,赵宁,女,37,35-39,有未成年孩子,体力劳动者,manual_worker,快递员,,,
P04055,王彤子,女,42,40-45,无需要照顾的孩子,上班族,office_worker,销售经理,,,
P04056,王远琪,女,41,40-45,有未成年孩子,上班族,office_worker,销售经理,,,
P04057,郭怡晴,女,20,18-24,有未成年孩子,大学生,university_student,本科生,,,
P04058,张语嘉,女,43,40-45,有未成年孩子,服务业者,service_worker,收银员,,,
P04059,张欣佳,女,42,40-45,有未成年孩子,上班族,office_worker,销售经理,,,
P04060,周子乐,女,40,40-45,有成年孩子,上班族,office_worker,产品经理,,,
P04061,徐言晨,男,29,25-29,无需要照顾的孩子,上班族,office_worker,高级数据分析师,,,
P04062,马豪乐,男,27,25-29,有未成年孩子,服务业者,service_worker,健身教练,,,
P04063,赵若曦,女,31,30-34,有未成年孩子,服务业者,service_worker,理发师,,,
P04064,陈婷安,女,39,35-39,有未成年孩子,服务业者,service_worker,酒店前台,,,
P04065,李轩明,男,23,18-24,无需要照顾的孩子,服务业者,service_worker,厨师,,,
P04066,赵静源,女,29,25-29,无需要照顾的孩子,上班族,office_worker,行政专员,,,
P04067,胡宁清,女,36,35-39,有未成年孩子,服务业者,service_worker,咖啡师,,,
P04068,李宁,女,22,18-24,无需要照顾的孩子,上班族,office_worker,销售代表,,,
P04069,王博,男,43,40-45,无需要照顾的孩子,体力劳动者,manual_worker,维修技师,,,
P04070,许思怡,女,43,40-45,有未成年孩子,上班族,office_worker,高级数据分析师,,,
P04071,郑涵轩,男,30,30-34,无需要照顾的孩子,体力劳动者,manual_worker,卡车司机,,,
P04072,黄欣涵,女,40,40-45,有未成年孩子,自由业者,freelancer,独立承包商,,,
P04073,刘哲哲,男,45,40-45,有未成年孩子,上班族,office_worker,采购专员,,,
P04074,袁清可,女,27,25-29,无需要照顾的孩子,上班族,office_worker,客户经理,,,
P04075,宋梓,男,18,18-24,无需要照顾的孩子,服务业者,service_worker,厨师,,,
P04076,李诗曦,女,42,40-45,有未成年孩子,服务业者,service_worker,厨师,,,
P04077,刘辰源,女,41,40-45,有未成年孩子,体力劳动者,manual_worker,电工,,,
P04078,谢楷文,男,44,40-45,有未成年孩子,上班族,office_worker,客户经理,,,
P04079,袁可,女,38,35-39,有未成年孩子,体力劳动者,manual_worker,维修技师,,,
P04080,唐浩梓,男,38,35-39,无需要照顾的孩子,体力劳动者,manual_worker,仓库操作员,,,
P04081,胡辰涵,男,29,25-29,无需要照顾的孩子,服务业者,service_worker,咖啡师,,,
P04082,黄昊佑,男,28,25-29,有未成年孩子,自由业者,freelancer,私教,,,
P04083,林源晓,女,28,25-29,无需要照顾的孩子,体力劳动者,manual_worker,搬运工,,,
P04084,李羽天,男,30,30-34,有未成年孩子,体力劳动者,manual_worker,快递员,,,
P04085,李知乐,女,41,40-45,有未成年孩子,上班族,office_worker,客户经理,,,
P04086,赵阳涵,男,40,40-45,有未成年孩子,体力劳动者,manual_worker,设备操作员,,,
P04087,林源思,女,41,40-45,有未成年孩子,服务业者,service_worker,健身教练,,,
P04088,李乐,女,44,40-45,有未成年孩子,自由业者,freelancer,私教,,,
P04089,刘安,男,34,30-34,有未成年孩子,上班族,office_worker,运营经理,,,
P04090,罗思哲,男,40,40-45,有未成年孩子,自由业者,freelancer,咨询顾问,,,
P04091,赵轩哲,男,29,25-29,无需要照顾的孩子,上班族,office_worker,客户专员,,,
P04092,王欣心,女,32,30-34,无需要照顾的孩子,上班族,office_worker,产品经理,,,
P04093,李嫣,女,31,30-34,有未成年孩子,自由业者,freelancer,翻译,,,
P04094,黄博泽,男,44,40-45,有未成年孩子,上班族,office_worker,技术经理,,,
P04095,胡婷羽,女,44,40-45,有未成年孩子,服务业者,service_worker,收银员,,,
P04096,郑婉宁,女,30,30-34,有未成年孩子,自由业者,freelancer,独立承包商,,,
P04097,黄宁,男,27,25-29,有未成年孩子,服务业者,service_worker,酒店前台,,,
P04098,赵星,女,36,35-39,有未成年孩子,服务业者,service_worker,酒店前台,,,
P04099,马晨晨,女,44,40-45,有未成年孩子,体力劳动者,manual_worker,卡车司机,,,
P04100,周知晴,女,40,40-45,有未成年孩子,上班族,office_worker,客户经理,,,
P04101,许语梦,女,35,35-39,无需要照顾的孩子,上班族,office_worker,技术经理,,,
P04102,王诺,男,31,30-34,有未成年孩子,服务业者,service_worker,保安,,,
P04103,刘安思,女,41,40-45,无需要照顾的孩子,上班族,office_worker,财务主管,,,
P04104,韩远涵,女,40,40-45,有未成年孩子,体力劳动者,manual_worker,配送员,,,
P04105,张晨雅,女,27,25-29,无需要照顾的孩子,上班族,office_worker,销售代表,,,
P04106,朱晓雅,女,30,30-34,无需要照顾的孩子,上班族,office_worker,客户专员,,,
P04107,吴宁,女,44,40-45,无需要照顾的孩子,自由业者,freelancer,自由销售,,,
P04108,刘晨远,男,21,18-24,无需要照顾的孩子,服务业者,service_worker,厨师,,,
P04109,冯浩豪,男,21,18-24,无需要照顾的孩子,体力劳动者,manual_worker,维修技师,,,
P04110,王清静,女,24,18-24,无需要照顾的孩子,大学生,university_student,博士研究生,,,
P04111,杨嘉羽,男,39,35-39,有未成年孩子,上班族,office_worker,区域经理,,,
P04112,徐瑶源,女,42,40-45,无需要照顾的孩子,上班族,office_worker,部门经理,,,
P04113,王乐静,女,22,18-24,无需要照顾的孩子,服务业者,service_worker,收银员,,,
P04114,杨欣辰,女,30,30-34,无需要照顾的孩子,上班族,office_worker,客户经理,,,
P04115,于佳源,女,25,25-29,无需要照顾的孩子,上班族,office_worker,运营专员,,,
P04116,陈晨,女,28,25-29,无需要照顾的孩子,自由业者,freelancer,翻译,,,
P04117,周涵涵,女,27,25-29,无需要照顾的孩子,体力劳动者,manual_worker,快递员,,,
P04118,王思,女,27,25-29,无需要照顾的孩子,自由业者,freelancer,自由设计师,,,
P04119,赵怡佳,女,31,30-34,无需要照顾的孩子,上班族,office_worker,销售代表,,,
P04120,黄婉星,女,28,25-29,有未成年孩子,体力劳动者,manual_worker,搬运工,,,
P04121,刘彤晨,女,41,40-45,无需要照顾的孩子,体力劳动者,manual_worker,维修技师,,,
P04122,王乐涵,男,26,25-29,无需要照顾的孩子,上班族,office_worker,设计师,,,
P04123,李佳,女,40,40-45,无需要照顾的孩子,上班族,office_worker,项目经理,,,
P04124,袁静羽,女,33,30-34,无需要照顾的孩子,上班族,office_worker,客户专员,,,
P04125,高昊可,男,29,25-29,无需要照顾的孩子,上班族,office_worker,销售经理,,,
P04126,张源瑶,女,39,35-39,有未成年孩子,体力劳动者,manual_worker,快递员,,,
P04127,高佳诗,女,44,40-45,有未成年孩子,服务业者,service_worker,客服,,,
P04128,李怡梦,女,39,35-39,有未成年孩子,上班族,office_worker,项目经理,,,
P04129,赵诚远,男,29,25-29,无需要照顾的孩子,服务业者,service_worker,咖啡师,,,
P04130,谢佑,男,39,35-39,有未成年孩子,上班族,office_worker,客户经理,,,
P04131,郭涵俊,男,31,30-34,有未成年孩子,服务业者,service_worker,咖啡师,,,
P04132,李源欣,女,44,40-45,有未成年孩子,上班族,office_worker,高级运营专员,,,
P04133,刘辰语,女,25,25-29,无需要照顾的孩子,上班族,office_worker,数据分析师,,,
P04134,张怡晨,女,21,18-24,无需要照顾的孩子,服务业者,service_worker,收银员,,,
P04135,孙博豪,男,19,18-24,无需要照顾的孩子,服务业者,service_worker,厨师,,,
P04136,王婉雅,女,34,30-34,有未成年孩子,上班族,office_worker,数据分析师,,,
P04137,冯瑶雅,女,42,40-45,有未成年孩子,自由业者,freelancer,自媒体从业者,,,
P04138,吴曦远,女,25,25-29,无需要照顾的孩子,上班族,office_worker,会计,,,
P04139,张安,男,35,35-39,无需要照顾的孩子,体力劳动者,manual_worker,安装工,,,
P04140,陈源,女,28,25-29,无需要照顾的孩子,上班族,office_worker,运营专员,,,
P04141,曹桐源,女,30,30-34,无需要照顾的孩子,上班族,office_worker,客户专员,,,
P04142,徐诗心,女,45,40-45,有未成年孩子,自由业者,freelancer,摄影师,,,
P04143,周桐,女,36,35-39,无需要照顾的孩子,上班族,office_worker,数据分析师,,,
P04144,王可思,女,43,40-45,有未成年孩子,上班族,office_worker,高级项目经理,,,
P04145,李若知,女,30,30-34,无需要照顾的孩子,上班族,office_worker,采购经理,,,
P04146,张宁桐,女,31,30-34,有未成年孩子,体力劳动者,manual_worker,安装工,,,
P04147,张雅婷,女,23,18-24,无需要照顾的孩子,上班族,office_worker,运营专员,,,
P04148,于涵,女,18,18-24,无需要照顾的孩子,服务业者,service_worker,餐厅服务员,,,
P04149,马瑶诗,女,32,30-34,无需要照顾的孩子,上班族,office_worker,采购专员,,,
P04150,王晴安,女,23,18-24,无需要照顾的孩子,体力劳动者,manual_worker,配送员,,,
P04151,杨涵晴,女,35,35-39,有未成年孩子,自由业者,freelancer,独立程序员,,,
P04152,李婷,女,26,25-29,无需要照顾的孩子,体力劳动者,manual_worker,搬运工,,,
P04153,冯辰怡,女,25,25-29,无需要照顾的孩子,自由业者,freelancer,翻译,,,
P04154,李诗诗,女,31,30-34,有未成年孩子,上班族,office_worker,设计师,,,
P04155,王心,女,39,35-39,有未成年孩子,服务业者,service_worker,咖啡师,,,
P04156,王涵佳,女,31,30-34,有未成年孩子,自由业者,freelancer,咨询顾问,,,
P04157,徐佳,女,40,40-45,有未成年孩子,自由业者,freelancer,私教,,,
P04158,何羽雅,女,28,25-29,无需要照顾的孩子,大学生,university_student,硕士研究生,,,
P04159,李辰言,女,43,40-45,无需要照顾的孩子,自由业者,freelancer,自媒体从业者,,,
P04160,李清涵,女,29,25-29,有未成年孩子,上班族,office_worker,行政专员,,,
P04161,谢然诚,男,28,25-29,无需要照顾的孩子,体力劳动者,manual_worker,安装工,,,
P04162,张怡怡,女,41,40-45,无需要照顾的孩子,服务业者,service_worker,房产经纪,,,
P04163,吴宁怡,女,38,35-39,无需要照顾的孩子,自由业者,freelancer,自由设计师,,,
P04164,赵梦远,女,25,25-29,无需要照顾的孩子,上班族,office_worker,数据分析师,,,
P04165,高语怡,女,27,25-29,无需要照顾的孩子,服务业者,service_worker,客服,,,
P04166,张梦,女,37,35-39,无需要照顾的孩子,上班族,office_worker,项目经理,,,
P04167,马怡涵,女,28,25-29,无需要照顾的孩子,上班族,office_worker,财务专员,,,
P04168,谢语,女,24,18-24,无需要照顾的孩子,大学生,university_student,本科生,,,
P04169,马辰桐,女,22,18-24,无需要照顾的孩子,上班族,office_worker,数据分析师,,,
P04170,王嫣,女,32,30-34,无需要照顾的孩子,上班族,office_worker,客户专员,,,
P04171,李嘉子,男,19,18-24,无需要照顾的孩子,上班族,office_worker,财务专员,,,
P04172,赵曦知,女,21,18-24,无需要照顾的孩子,上班族,office_worker,数据分析师,,,
P04173,李桐,女,28,25-29,无需要照顾的孩子,上班族,office_worker,运营专员,,,
P04174,许怡,女,25,25-29,有未成年孩子,大学生,university_student,硕士研究生,,,
P04175,胡涵诺,女,20,18-24,无需要照顾的孩子,自由业者,freelancer,咨询顾问,,,
P04176,朱宁桐,女,35,35-39,无需要照顾的孩子,上班族,office_worker,高级软件工程师,,,
P04177,孙星,男,39,35-39,无需要照顾的孩子,体力劳动者,manual_worker,快递员,,,
P04178,宋晨思,男,42,40-45,无需要照顾的孩子,上班族,office_worker,软件工程师,,,
P04179,张乐晓,女,38,35-39,有未成年孩子,上班族,office_worker,销售经理,,,
P04180,郭涵言,女,32,30-34,无需要照顾的孩子,服务业者,service_worker,厨师,,,
P04181,王子诗,女,28,25-29,有未成年孩子,上班族,office_worker,设计师,,,
P04182,张源远,男,25,25-29,无需要照顾的孩子,体力劳动者,manual_worker,建筑工人,,,
P04183,陈婉晨,女,21,18-24,无需要照顾的孩子,服务业者,service_worker,咖啡师,,,
P04184,马哲景,男,40,40-45,有未成年孩子,上班族,office_worker,高级数据分析师,,,
P04185,王阳,男,33,30-34,有未成年孩子,上班族,office_worker,客户专员,,,
P04186,吴曦思,女,22,18-24,无需要照顾的孩子,服务业者,service_worker,零售店员,,,
P04187,徐思源,女,41,40-45,无需要照顾的孩子,自由业者,freelancer,网店经营者,,,
P04188,张可一,女,30,30-34,有未成年孩子,上班族,office_worker,采购专员,,,
P04189,马言欣,女,19,18-24,无需要照顾的孩子,上班族,office_worker,采购专员,,,
P04190,黄远若,女,33,30-34,无需要照顾的孩子,上班族,office_worker,高级数据分析师,,,
P04191,赵嘉羽,女,21,18-24,无需要照顾的孩子,服务业者,service_worker,酒店服务人员,,,
P04192,黄清,男,33,30-34,无需要照顾的孩子,体力劳动者,manual_worker,卡车司机,,,
P04193,张可,女,36,35-39,有未成年孩子,上班族,office_worker,销售经理,,,
P04194,刘子婉,女,29,25-29,无需要照顾的孩子,上班族,office_worker,项目经理,,,
P04195,程源清,女,42,40-45,有未成年孩子,自由业者,freelancer,自媒体从业者,,,
P04196,王彤雅,女,32,30-34,无需要照顾的孩子,上班族,office_worker,会计,,,
P04197,李琪诗,女,35,35-39,无需要照顾的孩子,体力劳动者,manual_worker,快递员,,,
P04198,周宁思,女,35,35-39,有成年孩子,服务业者,service_worker,酒店服务人员,,,
P04199,周怡,女,42,40-45,有未成年孩子,上班族,office_worker,销售经理,,,
P04200,孙知一,男,45,40-45,有未成年孩子,上班族,office_worker,客户专员,,,
P04201,陈宁涵,女,43,40-45,有未成年孩子,上班族,office_worker,产品经理,,,
P04202,徐宁星,女,35,35-39,无需要照顾的孩子,服务业者,service_worker,美容师,,,
P04203,李梓俊,男,36,35-39,有未成年孩子,上班族,office_worker,高级数据分析师,,,
P04204,唐彤曦,女,44,40-45,有未成年孩子,服务业者,service_worker,酒店前台,,,
P04205,王思宁,男,28,25-29,有未成年孩子,上班族,office_worker,会计,,,
P04206,张阳远,男,20,18-24,无需要照顾的孩子,服务业者,service_worker,理发师,,,
P04207,周景源,男,33,30-34,有未成年孩子,体力劳动者,manual_worker,焊工,,,
P04208,黄梦,女,22,18-24,无需要照顾的孩子,自由业者,freelancer,私教,,,
P04209,刘晨婷,女,44,40-45,有未成年孩子,自由业者,freelancer,自由设计师,,,
P04210,张心,女,23,18-24,无需要照顾的孩子,上班族,office_worker,软件工程师,,,
P04211,王婉佳,女,28,25-29,有未成年孩子,上班族,office_worker,运营专员,,,
P04212,刘婷瑶,女,29,25-29,无需要照顾的孩子,上班族,office_worker,会计,,,
P04213,李欣,女,28,25-29,无需要照顾的孩子,体力劳动者,manual_worker,焊工,,,
P04214,刘若雅,女,30,30-34,无需要照顾的孩子,服务业者,service_worker,酒店服务人员,,,
P04215,王诺明,男,44,40-45,有未成年孩子,上班族,office_worker,项目经理,,,
P04216,王嫣,女,18,18-24,无需要照顾的孩子,服务业者,service_worker,厨师,,,
P04217,杨涵羽,女,45,40-45,有未成年孩子,上班族,office_worker,销售经理,,,
P04218,杨辰星,女,41,40-45,无需要照顾的孩子,上班族,office_worker,采购专员,,,
P04219,吴诚,男,29,25-29,无需要照顾的孩子,服务业者,service_worker,健身教练,,,
P04220,王可晓,女,43,40-45,有未成年孩子,自由业者,freelancer,摄影师,,,
P04221,王安诚,男,24,18-24,无需要照顾的孩子,服务业者,service_worker,客服,,,
P04222,郑乐,男,24,18-24,无需要照顾的孩子,大学生,university_student,硕士研究生,,,
P04223,高浩豪,男,41,40-45,无需要照顾的孩子,上班族,office_worker,业务负责人,,,
P04224,林诺清,女,29,25-29,无需要照顾的孩子,上班族,office_worker,高级数据分析师,,,
P04225,曹博诺,男,42,40-45,有成年孩子,自由业者,freelancer,自由销售,,,
P04226,周子涵,男,24,18-24,无需要照顾的孩子,服务业者,service_worker,餐厅服务员,,,
P04227,徐琪源,女,27,25-29,无需要照顾的孩子,上班族,office_worker,高级运营专员,,,
P04228,王乐,男,42,40-45,有未成年孩子,服务业者,service_worker,理发师,,,
P04229,杨子星,女,40,40-45,有未成年孩子,体力劳动者,manual_worker,搬运工,,,
P04230,周子嘉,女,36,35-39,无需要照顾的孩子,上班族,office_worker,产品经理,,,
P04231,于晨,男,28,25-29,无需要照顾的孩子,上班族,office_worker,HR经理,,,
P04232,杨彤,女,42,40-45,无需要照顾的孩子,上班族,office_worker,HR经理,,,
P04233,陈远,男,38,35-39,无需要照顾的孩子,上班族,office_worker,人力资源经理,,,
P04234,宋婷乐,女,43,40-45,有未成年孩子,服务业者,service_worker,美容师,,,
P04235,周哲宇,男,25,25-29,无需要照顾的孩子,服务业者,service_worker,咖啡师,,,
P04236,陈思乐,女,36,35-39,有未成年孩子,上班族,office_worker,HR经理,,,
P04237,高晨,女,34,30-34,无需要照顾的孩子,体力劳动者,manual_worker,汽车技师,,,
P04238,冯语雅,女,35,35-39,有未成年孩子,自由业者,freelancer,网店经营者,,,
P04239,罗若诺,女,34,30-34,无需要照顾的孩子,上班族,office_worker,软件工程师,,,
P04240,林若涵,女,37,35-39,有未成年孩子,上班族,office_worker,项目经理,,,
P04241,陈静,女,30,30-34,有未成年孩子,上班族,office_worker,高级软件工程师,,,
P04242,张雅涵,女,37,35-39,有未成年孩子,服务业者,service_worker,酒店前台,,,
P04243,王佳婉,女,23,18-24,无需要照顾的孩子,体力劳动者,manual_worker,快递员,,,
P04244,王言晴,女,22,18-24,无需要照顾的孩子,大学生,university_student,本科生,,,
P04245,李静辰,女,31,30-34,有未成年孩子,自由业者,freelancer,自媒体从业者,,,
P04246,孙曦涵,女,39,35-39,有未成年孩子,上班族,office_worker,客户专员,,,
P04247,徐乐晨,女,20,18-24,无需要照顾的孩子,上班族,office_worker,行政专员,,,
P04248,张嘉,男,43,40-45,无需要照顾的孩子,体力劳动者,manual_worker,卡车司机,,,
P04249,陈晨志,男,26,25-29,无需要照顾的孩子,服务业者,service_worker,酒店前台,,,
P04250,张晨可,女,32,30-34,无需要照顾的孩子,服务业者,service_worker,厨师,,,
P04251,陈晓佳,女,42,40-45,有未成年孩子,上班族,office_worker,销售经理,,,
P04252,程雨桐,女,44,40-45,无需要照顾的孩子,自由业者,freelancer,摄影师,,,
P04253,赵静诗,女,34,30-34,无需要照顾的孩子,上班族,office_worker,高级数据分析师,,,
P04254,张言嘉,女,18,18-24,无需要照顾的孩子,大学生,university_student,本科生,,,
P04255,何怡清,女,41,40-45,无需要照顾的孩子,体力劳动者,manual_worker,设备操作员,,,
P04256,王瑶远,女,44,40-45,有未成年孩子,体力劳动者,manual_worker,卡车司机,,,
P04257,邓文,男,34,30-34,无需要照顾的孩子,体力劳动者,manual_worker,安装工,,,
P04258,刘晨言,女,23,18-24,无需要照顾的孩子,体力劳动者,manual_worker,安装工,,,
P04259,李晨思,女,29,25-29,无需要照顾的孩子,上班族,office_worker,HR经理,,,
P04260,刘婷涵,女,30,30-34,无需要照顾的孩子,体力劳动者,manual_worker,设备操作员,,,
P04261,宋乐远,女,36,35-39,有未成年孩子,上班族,office_worker,客户经理,,,
P04262,陈瑶,女,28,25-29,无需要照顾的孩子,上班族,office_worker,数据分析师,,,
P04263,张羽星,女,34,30-34,无需要照顾的孩子,自由业者,freelancer,自媒体从业者,,,
P04264,高远昊,男,21,18-24,无需要照顾的孩子,自由业者,freelancer,自由销售,,,
P04265,周曦一,女,30,30-34,有未成年孩子,上班族,office_worker,高级数据分析师,,,
P04266,王雅,女,18,18-24,无需要照顾的孩子,体力劳动者,manual_worker,搬运工,,,
P04267,胡豪佑,男,37,35-39,有未成年孩子,上班族,office_worker,HR经理,,,
P04268,张哲嘉,男,43,40-45,有未成年孩子,上班族,office_worker,销售经理,,,
P04269,冯子嘉,女,38,35-39,无需要照顾的孩子,体力劳动者,manual_worker,设备操作员,,,
P04270,李豪轩,男,44,40-45,有未成年孩子,上班族,office_worker,采购经理,,,
P04271,徐涵杰,男,28,25-29,有未成年孩子,上班族,office_worker,会计,,,
P04272,王诚泽,男,31,30-34,无需要照顾的孩子,上班族,office_worker,数据分析师,,,
P04273,朱嘉一,女,31,30-34,有未成年孩子,上班族,office_worker,项目经理,,,
P04274,李宁诗,女,20,18-24,无需要照顾的孩子,大学生,university_student,本科生,,,
P04275,赵思清,女,39,35-39,无需要照顾的孩子,上班族,office_worker,部门经理,,,
P04276,刘诚,男,19,18-24,无需要照顾的孩子,体力劳动者,manual_worker,卡车司机,,,
P04277,刘欣,女,18,18-24,无需要照顾的孩子,体力劳动者,manual_worker,快递员,,,
P04278,罗梦若,女,28,25-29,无需要照顾的孩子,自由业者,freelancer,翻译,,,
P04279,罗俊景,男,31,30-34,有未成年孩子,上班族,office_worker,高级软件工程师,,,
P04280,林辰婷,女,29,25-29,无需要照顾的孩子,大学生,university_student,硕士研究生,,,
P04281,于可婷,女,26,25-29,无需要照顾的孩子,体力劳动者,manual_worker,电工,,,
P04282,程琪,女,40,40-45,无需要照顾的孩子,上班族,office_worker,销售经理,,,
P04283,王欣琪,女,40,40-45,有未成年孩子,服务业者,service_worker,理发师,,,
P04284,王安桐,女,37,35-39,无需要照顾的孩子,上班族,office_worker,高级软件工程师,,,
P04285,刘安怡,女,25,25-29,无需要照顾的孩子,上班族,office_worker,设计师,,,
P04286,刘桐嘉,女,36,35-39,有未成年孩子,上班族,office_worker,高级运营专员,,,
P04287,吴宁,女,41,40-45,有未成年孩子,体力劳动者,manual_worker,建筑工人,,,
P04288,徐诺远,男,32,30-34,无需要照顾的孩子,体力劳动者,manual_worker,汽车技师,,,
P04289,张心可,女,20,18-24,无需要照顾的孩子,大学生,university_student,本科生,,,
P04290,陈子桐,女,19,18-24,无需要照顾的孩子,上班族,office_worker,数据分析师,,,
P04291,吴琪晓,女,38,35-39,无需要照顾的孩子,服务业者,service_worker,保安,,,
P04292,杨欣,女,25,25-29,无需要照顾的孩子,上班族,office_worker,行政专员,,,
P04293,谢一,女,19,18-24,无需要照顾的孩子,大学生,university_student,本科生,,,
P04294,黄涵羽,女,30,30-34,无需要照顾的孩子,上班族,office_worker,高级数据分析师,,,
P04295,孙诚,男,26,25-29,有未成年孩子,上班族,office_worker,HR经理,,,
P04296,何静,女,19,18-24,无需要照顾的孩子,服务业者,service_worker,收银员,,,
P04297,黄阳安,男,33,30-34,无需要照顾的孩子,服务业者,service_worker,健身教练,,,
P04298,黄宇一,男,21,18-24,有未成年孩子,自由业者,freelancer,自由销售,,,
P04299,王清雅,女,22,18-24,无需要照顾的孩子,上班族,office_worker,客户专员,,,
P04300,孙远静,女,41,40-45,有未成年孩子,上班族,office_worker,高级软件工程师,,,
P04301,赵语涵,女,37,35-39,有未成年孩子,上班族,office_worker,销售经理,,,
P04302,王晨子,女,41,40-45,有未成年孩子,服务业者,service_worker,零售店员,,,
P04303,李曦晓,女,23,18-24,无需要照顾的孩子,大学生,university_student,硕士研究生,,,
P04304,高一佳,女,40,40-45,有未成年孩子,上班族,office_worker,设计师,,,
P04305,孙心瑶,女,45,40-45,无需要照顾的孩子,服务业者,service_worker,健身教练,,,
P04306,李涵,男,19,18-24,无需要照顾的孩子,服务业者,service_worker,酒店服务人员,,,
P04307,刘源静,女,35,35-39,有未成年孩子,上班族,office_worker,高级软件工程师,,,
P04308,王杰子,男,34,30-34,无需要照顾的孩子,上班族,office_worker,高级数据分析师,,,
P04309,程远,女,42,40-45,有未成年孩子,上班族,office_worker,财务主管,,,
P04310,陈静琪,女,27,25-29,无需要照顾的孩子,大学生,university_student,硕士研究生,,,
P04311,张佳欣,女,41,40-45,有未成年孩子,自由业者,freelancer,自由设计师,,,
P04312,陈知涵,女,45,40-45,无需要照顾的孩子,上班族,office_worker,财务主管,,,
P04313,郭怡彤,女,38,35-39,有未成年孩子,上班族,office_worker,财务经理,,,
P04314,王瑶晓,女,33,30-34,无需要照顾的孩子,上班族,office_worker,行政专员,,,
P04315,何瑶雅,女,36,35-39,有未成年孩子,体力劳动者,manual_worker,快递员,,,
P04316,吴嘉文,男,37,35-39,无需要照顾的孩子,上班族,office_worker,高级软件工程师,,,
P04317,王欣晴,女,45,40-45,有未成年孩子,体力劳动者,manual_worker,设备操作员,,,
P04318,胡辰,女,40,40-45,有未成年孩子,服务业者,service_worker,房产经纪,,,
P04319,李豪文,男,27,25-29,无需要照顾的孩子,服务业者,service_worker,咖啡师,,,
P04320,张佳宁,女,25,25-29,无需要照顾的孩子,服务业者,service_worker,理发师,,,
P04321,杨静安,女,45,40-45,有未成年孩子,上班族,office_worker,运营经理,,,
P04322,刘嘉星,男,33,30-34,无需要照顾的孩子,服务业者,service_worker,餐厅服务员,,,
P04323,王安若,女,36,35-39,无需要照顾的孩子,服务业者,service_worker,客服,,,
P04324,林诺佳,女,31,30-34,有未成年孩子,体力劳动者,manual_worker,汽车技师,,,
P04325,王哲,男,43,40-45,有未成年孩子,上班族,office_worker,采购经理,,,
P04326,朱乐嘉,男,23,18-24,无需要照顾的孩子,自由业者,freelancer,独立程序员,,,
P04327,许源一,女,45,40-45,无需要照顾的孩子,上班族,office_worker,采购专员,,,
P04328,李远哲,男,30,30-34,无需要照顾的孩子,自由业者,freelancer,摄影师,,,
P04329,张乐明,男,20,18-24,无需要照顾的孩子,大学生,university_student,本科生,,,
P04330,王雨怡,女,37,35-39,有未成年孩子,服务业者,service_worker,餐厅服务员,,,
P04331,杨知心,女,34,30-34,无需要照顾的孩子,上班族,office_worker,财务专员,,,
P04332,李子彤,女,45,40-45,有未成年孩子,服务业者,service_worker,咖啡师,,,
P04333,徐思远,女,22,18-24,无需要照顾的孩子,服务业者,service_worker,美容师,,,
P04334,周晴乐,女,21,18-24,无需要照顾的孩子,上班族,office_worker,客户专员,,,
P04335,张远言,男,45,40-45,无需要照顾的孩子,自由业者,freelancer,咨询顾问,,,
P04336,王清,男,22,18-24,无需要照顾的孩子,自由业者,freelancer,摄影师,,,
P04337,冯婷言,女,19,18-24,无需要照顾的孩子,大学生,university_student,本科生,,,
P04338,李涵可,女,39,35-39,有未成年孩子,服务业者,service_worker,餐厅服务员,,,
P04339,马俊晨,男,25,25-29,无需要照顾的孩子,自由业者,freelancer,自由设计师,,,
P04340,许一思,女,34,30-34,无需要照顾的孩子,服务业者,service_worker,厨师,,,
P04341,郑星乐,男,39,35-39,有未成年孩子,上班族,office_worker,设计师,,,
P04342,于言若,女,27,25-29,无需要照顾的孩子,上班族,office_worker,设计师,,,
P04343,黄羽源,男,31,30-34,有未成年孩子,自由业者,freelancer,网店经营者,,,
P04344,何欣,女,29,25-29,无需要照顾的孩子,体力劳动者,manual_worker,建筑工人,,,
P04345,杨静梦,女,26,25-29,无需要照顾的孩子,体力劳动者,manual_worker,卡车司机,,,
P04346,王语涵,女,19,18-24,无需要照顾的孩子,体力劳动者,manual_worker,搬运工,,,
P04347,梁婷思,女,35,35-39,有未成年孩子,上班族,office_worker,项目经理,,,
P04348,林可清,女,39,35-39,有未成年孩子,服务业者,service_worker,厨师,,,
P04349,王梦一,女,34,30-34,有未成年孩子,上班族,office_worker,采购经理,,,
P04350,张星,女,33,30-34,有未成年孩子,上班族,office_worker,客户专员,,,
P04351,高清杰,男,35,35-39,有未成年孩子,体力劳动者,manual_worker,焊工,,,
P04352,刘子言,男,44,40-45,无需要照顾的孩子,上班族,office_worker,软件工程师,,,
P04353,张婷,女,24,18-24,无需要照顾的孩子,服务业者,service_worker,餐厅服务员,,,
P04354,陈轩楷,男,30,30-34,无需要照顾的孩子,上班族,office_worker,高级数据分析师,,,
P04355,林乐豪,男,24,18-24,无需要照顾的孩子,上班族,office_worker,财务专员,,,
P04356,杨乐思,女,44,40-45,有未成年孩子,上班族,office_worker,业务负责人,,,
P04357,唐诺子,女,29,25-29,有未成年孩子,大学生,university_student,博士研究生,,,
P04358,张清,男,22,18-24,无需要照顾的孩子,服务业者,service_worker,厨师,,,
P04359,马晓言,女,35,35-39,有未成年孩子,体力劳动者,manual_worker,维修技师,,,
P04360,刘欣婷,女,28,25-29,无需要照顾的孩子,大学生,university_student,博士研究生,,,
P04361,徐诗思,女,25,25-29,无需要照顾的孩子,体力劳动者,manual_worker,配送员,,,
P04362,张欣,女,35,35-39,有未成年孩子,体力劳动者,manual_worker,焊工,,,
P04363,周源,女,22,18-24,无需要照顾的孩子,大学生,university_student,本科生,,,
P04364,陈景心,男,35,35-39,有未成年孩子,服务业者,service_worker,客服,,,
P04365,孙清,女,38,35-39,有未成年孩子,上班族,office_worker,采购经理,,,
P04366,郑嘉,男,43,40-45,无需要照顾的孩子,体力劳动者,manual_worker,汽车技师,,,
P04367,赵雨言,女,45,40-45,无需要照顾的孩子,上班族,office_worker,HR经理,,,
P04368,李怡怡,女,44,40-45,有未成年孩子,上班族,office_worker,人力资源经理,,,
P04369,陈一彤,女,43,40-45,有未成年孩子,上班族,office_worker,高级数据分析师,,,
P04370,张文哲,男,33,30-34,无需要照顾的孩子,服务业者,service_worker,房产经纪,,,
P04371,刘一乐,女,43,40-45,无需要照顾的孩子,服务业者,service_worker,厨师,,,
P04372,徐心怡,女,39,35-39,有未成年孩子,上班族,office_worker,销售代表,,,
P04373,韩星乐,男,24,18-24,无需要照顾的孩子,大学生,university_student,硕士研究生,,,
P04374,李星,女,32,30-34,有未成年孩子,上班族,office_worker,HR经理,,,
P04375,王晴宁,女,38,35-39,无需要照顾的孩子,体力劳动者,manual_worker,安装工,,,
P04376,刘羽,男,37,35-39,无需要照顾的孩子,上班族,office_worker,业务负责人,,,
P04377,黄嘉睿,男,36,35-39,无需要照顾的孩子,服务业者,service_worker,零售店员,,,
P04378,黄梦子,女,37,35-39,有未成年孩子,上班族,office_worker,HR经理,,,
P04379,袁嘉涵,男,26,25-29,无需要照顾的孩子,服务业者,service_worker,酒店前台,,,
P04380,周佳乐,女,26,25-29,无需要照顾的孩子,上班族,office_worker,采购专员,,,
P04381,李天星,男,36,35-39,有未成年孩子,自由业者,freelancer,私教,,,
P04382,李桐子,女,41,40-45,无需要照顾的孩子,上班族,office_worker,产品经理,,,
P04383,陈若瑶,女,37,35-39,有未成年孩子,上班族,office_worker,高级数据分析师,,,
P04384,袁源,女,42,40-45,有成年孩子,自由业者,freelancer,自由设计师,,,
P04385,张浩心,男,44,40-45,有未成年孩子,上班族,office_worker,销售代表,,,
P04386,刘语宁,女,31,30-34,无需要照顾的孩子,上班族,office_worker,产品经理,,,
P04387,张思,男,28,25-29,无需要照顾的孩子,上班族,office_worker,会计,,,
P04388,梁佳涵,女,44,40-45,有未成年孩子,服务业者,service_worker,酒店服务人员,,,
P04389,周晨思,男,29,25-29,无需要照顾的孩子,上班族,office_worker,高级软件工程师,,,
P04390,陈乐涵,女,27,25-29,无需要照顾的孩子,服务业者,service_worker,餐厅服务员,,,
P04391,曹博文,男,33,30-34,无需要照顾的孩子,上班族,office_worker,客户经理,,,
P04392,刘嫣,女,22,18-24,无需要照顾的孩子,大学生,university_student,本科生,,,
P04393,刘涵然,男,39,35-39,无需要照顾的孩子,服务业者,service_worker,美容师,,,
P04394,于乐琪,女,25,25-29,有未成年孩子,体力劳动者,manual_worker,维修技师,,,
P04395,许婷思,女,32,30-34,无需要照顾的孩子,上班族,office_worker,财务主管,,,
P04396,冯晨琪,女,29,25-29,无需要照顾的孩子,体力劳动者,manual_worker,快递员,,,
P04397,张星知,女,31,30-34,无需要照顾的孩子,服务业者,service_worker,酒店服务人员,,,
P04398,刘思,女,34,30-34,有未成年孩子,上班族,office_worker,会计,,,
P04399,陈浩思,男,43,40-45,有未成年孩子,上班族,office_worker,高级运营专员,,,
P04400,李诗,女,33,30-34,有未成年孩子,服务业者,service_worker,咖啡师,,,
P04401,刘羽婷,女,34,30-34,有未成年孩子,体力劳动者,manual_worker,汽车技师,,,
P04402,黄知婉,女,32,30-34,有未成年孩子,服务业者,service_worker,厨师,,,
P04403,郭星婷,女,28,25-29,无需要照顾的孩子,自由业者,freelancer,摄影师,,,
P04404,王语琪,女,26,25-29,无需要照顾的孩子,大学生,university_student,博士研究生,,,
P04405,张怡思,女,28,25-29,有未成年孩子,自由业者,freelancer,自由设计师,,,
P04406,周曦佳,女,24,18-24,无需要照顾的孩子,服务业者,service_worker,酒店前台,,,
P04407,王涵晨,女,44,40-45,无需要照顾的孩子,服务业者,service_worker,客服,,,
P04408,王子天,男,26,25-29,有未成年孩子,体力劳动者,manual_worker,快递员,,,
P04409,王知欣,女,44,40-45,有成年孩子,上班族,office_worker,客户专员,,,
P04410,罗星知,女,27,25-29,无需要照顾的孩子,上班族,office_worker,HR经理,,,
P04411,李知辰,女,22,18-24,无需要照顾的孩子,上班族,office_worker,软件工程师,,,
P04412,赵诗,女,34,30-34,有未成年孩子,上班族,office_worker,高级软件工程师,,,
P04413,刘涵,女,25,25-29,无需要照顾的孩子,自由业者,freelancer,网店经营者,,,
P04414,张彤静,女,22,18-24,无需要照顾的孩子,服务业者,service_worker,美容师,,,
P04415,韩可静,女,29,25-29,无需要照顾的孩子,上班族,office_worker,数据分析师,,,
P04416,吴可思,女,24,18-24,无需要照顾的孩子,服务业者,service_worker,保安,,,
P04417,胡晨涵,女,43,40-45,有未成年孩子,自由业者,freelancer,咨询顾问,,,
P04418,李天阳,男,36,35-39,有未成年孩子,上班族,office_worker,软件工程师,,,
P04419,刘诺知,男,36,35-39,无需要照顾的孩子,服务业者,service_worker,酒店前台,,,
P04420,李涵,女,40,40-45,有未成年孩子,服务业者,service_worker,厨师,,,
P04421,李思欣,女,24,18-24,无需要照顾的孩子,服务业者,service_worker,咖啡师,,,
P04422,王知,男,18,18-24,无需要照顾的孩子,大学生,university_student,本科生,,,
P04423,董婷星,女,35,35-39,无需要照顾的孩子,服务业者,service_worker,酒店服务人员,,,
P04424,朱桐欣,女,43,40-45,有未成年孩子,上班族,office_worker,产品经理,,,
P04425,冯景安,男,36,35-39,有未成年孩子,上班族,office_worker,财务主管,,,
P04426,马俊轩,男,18,18-24,无需要照顾的孩子,体力劳动者,manual_worker,快递员,,,
P04427,徐涵一,女,27,25-29,无需要照顾的孩子,服务业者,service_worker,零售店员,,,
P04428,张心,女,36,35-39,有未成年孩子,上班族,office_worker,行政专员,,,
P04429,吴雨,女,32,30-34,无需要照顾的孩子,上班族,office_worker,销售代表,,,
P04430,林星欣,女,30,30-34,无需要照顾的孩子,体力劳动者,manual_worker,配送员,,,
P04431,刘羽乐,男,32,30-34,有未成年孩子,自由业者,freelancer,自媒体从业者,,,
P04432,张怡,女,33,30-34,无需要照顾的孩子,上班族,office_worker,销售经理,,,
P04433,徐若怡,女,45,40-45,无需要照顾的孩子,上班族,office_worker,会计,,,
P04434,刘彤瑶,女,25,25-29,无需要照顾的孩子,体力劳动者,manual_worker,仓库操作员,,,
P04435,韩言晓,女,40,40-45,有未成年孩子,体力劳动者,manual_worker,配送员,,,
P04436,陈源雨,女,22,18-24,无需要照顾的孩子,自由业者,freelancer,独立程序员,,,
P04437,李言辰,女,30,30-34,有未成年孩子,上班族,office_worker,产品经理,,,
P04438,赵知若,女,32,30-34,无需要照顾的孩子,服务业者,service_worker,酒店前台,,,
P04439,徐欣乐,女,22,18-24,无需要照顾的孩子,服务业者,service_worker,保安,,,
P04440,张明然,男,34,30-34,有未成年孩子,上班族,office_worker,软件工程师,,,
P04441,陈涵源,女,27,25-29,有未成年孩子,上班族,office_worker,数据分析师,,,
P04442,陈子,女,29,25-29,无需要照顾的孩子,服务业者,service_worker,酒店服务人员,,,
P04443,刘怡瑶,女,23,18-24,无需要照顾的孩子,大学生,university_student,硕士研究生,,,
P04444,曹俊远,男,18,18-24,有未成年孩子,服务业者,service_worker,酒店服务人员,,,
P04445,赵豪景,男,40,40-45,有未成年孩子,上班族,office_worker,采购专员,,,
P04446,刘远梓,男,35,35-39,有未成年孩子,上班族,office_worker,财务主管,,,
P04447,郑一心,女,32,30-34,有未成年孩子,上班族,office_worker,采购经理,,,
P04448,王佳星,女,18,18-24,有未成年孩子,服务业者,service_worker,餐厅服务员,,,
P04449,高可心,女,20,18-24,无需要照顾的孩子,服务业者,service_worker,房产经纪,,,
P04450,林子思,女,28,25-29,有未成年孩子,服务业者,service_worker,健身教练,,,
P04451,李晴诗,女,42,40-45,有未成年孩子,上班族,office_worker,高级产品经理,,,
P04452,王心婉,女,40,40-45,无需要照顾的孩子,服务业者,service_worker,美容师,,,
P04453,何涵星,女,31,30-34,无需要照顾的孩子,体力劳动者,manual_worker,安装工,,,
P04454,谢桐,女,44,40-45,无需要照顾的孩子,上班族,office_worker,高级数据分析师,,,
P04455,梁星言,男,23,18-24,无需要照顾的孩子,上班族,office_worker,财务专员,,,
P04456,吴桐言,女,42,40-45,有未成年孩子,上班族,office_worker,高级运营专员,,,
P04457,高语曦,女,42,40-45,有成年孩子,体力劳动者,manual_worker,汽车技师,,,
P04458,郑语,女,42,40-45,有未成年孩子,上班族,office_worker,财务主管,,,
P04459,胡辰安,女,39,35-39,有未成年孩子,服务业者,service_worker,咖啡师,,,
P04460,张哲文,男,38,35-39,有未成年孩子,自由业者,freelancer,独立程序员,,,
P04461,黄雨,女,33,30-34,无需要照顾的孩子,体力劳动者,manual_worker,配送员,,,
P04462,杨佳宁,女,25,25-29,无需要照顾的孩子,上班族,office_worker,财务专员,,,
P04463,罗知,女,41,40-45,有未成年孩子,体力劳动者,manual_worker,搬运工,,,
P04464,唐婉欣,女,35,35-39,无需要照顾的孩子,服务业者,service_worker,理发师,,,
P04465,张可可,女,27,25-29,有未成年孩子,自由业者,freelancer,摄影师,,,
P04466,王子雅,女,45,40-45,有未成年孩子,体力劳动者,manual_worker,焊工,,,
P04467,何雅一,女,27,25-29,无需要照顾的孩子,上班族,office_worker,销售经理,,,
P04468,程思,男,32,30-34,无需要照顾的孩子,上班族,office_worker,产品经理,,,
P04469,王言诺,女,33,30-34,有未成年孩子,上班族,office_worker,销售经理,,,
P04470,韩子梦,女,39,35-39,有未成年孩子,上班族,office_worker,高级数据分析师,,,
P04471,袁可思,女,40,40-45,有未成年孩子,服务业者,service_worker,理发师,,,
P04472,刘明一,男,38,35-39,无需要照顾的孩子,上班族,office_worker,数据分析师,,,
P04473,梁欣,女,30,30-34,无需要照顾的孩子,上班族,office_worker,行政专员,,,
P04474,赵知婉,女,45,40-45,有未成年孩子,自由业者,freelancer,自由设计师,,,
P04475,王思晓,女,42,40-45,有成年孩子,上班族,office_worker,财务主管,,,
P04476,黄源欣,女,34,30-34,无需要照顾的孩子,上班族,office_worker,数据分析师,,,
P04477,许雨,女,38,35-39,有未成年孩子,上班族,office_worker,采购经理,,,
P04478,黄安欣,女,37,35-39,有未成年孩子,上班族,office_worker,行政专员,,,
P04479,罗然,男,36,35-39,有未成年孩子,上班族,office_worker,客户经理,,,
P04480,王曦,女,45,40-45,有未成年孩子,自由业者,freelancer,独立程序员,,,
P04481,杨辰怡,女,27,25-29,无需要照顾的孩子,体力劳动者,manual_worker,建筑工人,,,
P04482,周婷涵,女,43,40-45,有未成年孩子,上班族,office_worker,产品经理,,,
P04483,王婷晴,女,30,30-34,无需要照顾的孩子,自由业者,freelancer,摄影师,,,
P04484,李琪静,女,39,35-39,有未成年孩子,体力劳动者,manual_worker,设备操作员,,,
P04485,赵怡,女,33,30-34,有未成年孩子,上班族,office_worker,财务专员,,,
P04486,杨佳欣,女,33,30-34,有未成年孩子,服务业者,service_worker,美容师,,,
P04487,王可可,女,29,25-29,无需要照顾的孩子,大学生,university_student,博士研究生,,,
P04488,张远雅,女,29,25-29,无需要照顾的孩子,服务业者,service_worker,酒店服务人员,,,
P04489,陈豪清,男,38,35-39,无需要照顾的孩子,上班族,office_worker,高级软件工程师,,,
P04490,何瑶婷,女,27,25-29,无需要照顾的孩子,自由业者,freelancer,网店经营者,,,
P04491,李宁梦,女,29,25-29,无需要照顾的孩子,服务业者,service_worker,收银员,,,
P04492,林晴,女,43,40-45,有未成年孩子,体力劳动者,manual_worker,卡车司机,,,
P04493,黄子晴,女,44,40-45,有未成年孩子,上班族,office_worker,人力资源经理,,,
P04494,陈心子,女,41,40-45,有未成年孩子,体力劳动者,manual_worker,建筑工人,,,
P04495,张昊轩,男,40,40-45,无需要照顾的孩子,上班族,office_worker,客户经理,,,
P04496,李静婉,女,31,30-34,无需要照顾的孩子,上班族,office_worker,会计,,,
P04497,吴远雨,女,36,35-39,有未成年孩子,上班族,office_worker,采购经理,,,
P04498,陈静若,女,25,25-29,无需要照顾的孩子,体力劳动者,manual_worker,搬运工,,,
P04499,徐雅,女,24,18-24,无需要照顾的孩子,大学生,university_student,硕士研究生,,,
P04500,王婉梦,女,45,40-45,有未成年孩子,服务业者,service_worker,客服,,,
P04501,周桐可,女,43,40-45,有未成年孩子,体力劳动者,manual_worker,快递员,,,
P04502,王晨婷,女,41,40-45,无需要照顾的孩子,服务业者,service_worker,理发师,,,
P04503,李言乐,女,32,30-34,有未成年孩子,上班族,office_worker,高级软件工程师,,,
P04504,张静源,女,41,40-45,无需要照顾的孩子,上班族,office_worker,会计,,,
P04505,周雅佳,女,38,35-39,有未成年孩子,体力劳动者,manual_worker,安装工,,,
P04506,谢彤一,女,32,30-34,无需要照顾的孩子,服务业者,service_worker,收银员,,,
P04507,王轩诺,男,42,40-45,有未成年孩子,服务业者,service_worker,美容师,,,
P04508,徐彤,女,32,30-34,有未成年孩子,服务业者,service_worker,酒店前台,,,
P04509,徐楷安,男,25,25-29,无需要照顾的孩子,自由业者,freelancer,自由销售,,,
P04510,林涵桐,女,35,35-39,无需要照顾的孩子,上班族,office_worker,销售经理,,,
P04511,刘瑶,女,22,18-24,无需要照顾的孩子,大学生,university_student,本科生,,,
P04512,陈诺昊,男,24,18-24,无需要照顾的孩子,服务业者,service_worker,厨师,,,
P04513,吴思轩,男,29,25-29,无需要照顾的孩子,上班族,office_worker,运营专员,,,
P04514,张羽,男,39,35-39,无需要照顾的孩子,体力劳动者,manual_worker,建筑工人,,,
P04515,黄晴琪,女,34,30-34,无需要照顾的孩子,服务业者,service_worker,房产经纪,,,
P04516,王怡心,女,23,18-24,无需要照顾的孩子,自由业者,freelancer,私教,,,
P04517,马语,女,44,40-45,有未成年孩子,上班族,office_worker,高级软件工程师,,,
P04518,黄雅,女,32,30-34,无需要照顾的孩子,服务业者,service_worker,美容师,,,
P04519,林安,男,35,35-39,无需要照顾的孩子,自由业者,freelancer,网店经营者,,,
P04520,张嫣,女,27,25-29,无需要照顾的孩子,服务业者,service_worker,餐厅服务员,,,
P04521,李语乐,女,35,35-39,无需要照顾的孩子,体力劳动者,manual_worker,设备操作员,,,
P04522,吴哲晨,男,31,30-34,无需要照顾的孩子,自由业者,freelancer,自媒体从业者,,,
P04523,刘思,女,26,25-29,无需要照顾的孩子,体力劳动者,manual_worker,汽车技师,,,
P04524,唐晨梓,男,41,40-45,有未成年孩子,体力劳动者,manual_worker,安装工,,,
P04525,林雅晨,女,36,35-39,有未成年孩子,上班族,office_worker,采购专员,,,
P04526,陈辰星,男,44,40-45,有未成年孩子,服务业者,service_worker,美容师,,,
P04527,梁浩哲,男,22,18-24,无需要照顾的孩子,体力劳动者,manual_worker,仓库操作员,,,
P04528,马清欣,女,29,25-29,无需要照顾的孩子,大学生,university_student,硕士研究生,,,
P04529,张言豪,男,36,35-39,有未成年孩子,上班族,office_worker,项目经理,,,
P04530,黄欣源,女,31,30-34,无需要照顾的孩子,上班族,office_worker,高级产品经理,,,
P04531,李瑶曦,女,43,40-45,无需要照顾的孩子,服务业者,service_worker,房产经纪,,,
P04532,陈婷静,女,42,40-45,有未成年孩子,上班族,office_worker,高级运营专员,,,
P04533,王星辰,男,41,40-45,无需要照顾的孩子,体力劳动者,manual_worker,卡车司机,,,
P04534,张哲可,男,39,35-39,无需要照顾的孩子,自由业者,freelancer,独立程序员,,,
P04535,张哲博,男,31,30-34,无需要照顾的孩子,服务业者,service_worker,收银员,,,
P04536,张楷,男,19,18-24,无需要照顾的孩子,服务业者,service_worker,酒店服务人员,,,
P04537,张欣诗,女,30,30-34,无需要照顾的孩子,自由业者,freelancer,网店经营者,,,
P04538,赵晓,女,28,25-29,无需要照顾的孩子,服务业者,service_worker,零售店员,,,
P04539,李然阳,男,38,35-39,有未成年孩子,体力劳动者,manual_worker,配送员,,,
P04540,程曦雅,女,34,30-34,无需要照顾的孩子,服务业者,service_worker,健身教练,,,
P04541,张诺浩,男,32,30-34,有未成年孩子,自由业者,freelancer,自由销售,,,
P04542,程羽静,女,21,18-24,无需要照顾的孩子,体力劳动者,manual_worker,维修技师,,,
P04543,王轩然,男,34,30-34,无需要照顾的孩子,上班族,office_worker,技术经理,,,
P04544,刘诚,男,40,40-45,无需要照顾的孩子,服务业者,service_worker,咖啡师,,,
P04545,赵可一,女,37,35-39,无需要照顾的孩子,上班族,office_worker,软件工程师,,,
P04546,胡清晨,女,44,40-45,有未成年孩子,体力劳动者,manual_worker,焊工,,,
P04547,张可源,男,29,25-29,无需要照顾的孩子,服务业者,service_worker,美容师,,,
P04548,朱可静,女,24,18-24,无需要照顾的孩子,大学生,university_student,博士研究生,,,
P04549,刘婷琪,女,43,40-45,有未成年孩子,自由业者,freelancer,独立程序员,,,
P04550,赵然然,男,44,40-45,有成年孩子,体力劳动者,manual_worker,焊工,,,
P04551,张若静,女,45,40-45,有未成年孩子,服务业者,service_worker,餐厅服务员,,,
P04552,陈杰涵,男,30,30-34,无需要照顾的孩子,体力劳动者,manual_worker,汽车技师,,,
P04553,李文泽,男,26,25-29,无需要照顾的孩子,大学生,university_student,硕士研究生,,,
P04554,罗涵,男,34,30-34,无需要照顾的孩子,体力劳动者,manual_worker,建筑工人,,,
P04555,罗梦涵,女,22,18-24,无需要照顾的孩子,体力劳动者,manual_worker,维修技师,,,
P04556,孙梦宁,女,34,30-34,无需要照顾的孩子,上班族,office_worker,高级运营专员,,,
P04557,陈子,女,30,30-34,无需要照顾的孩子,体力劳动者,manual_worker,仓库操作员,,,
P04558,朱景阳,男,45,40-45,有未成年孩子,体力劳动者,manual_worker,维修技师,,,
P04559,刘彤婷,女,20,18-24,有未成年孩子,大学生,university_student,本科生,,,
P04560,张诺静,女,23,18-24,无需要照顾的孩子,服务业者,service_worker,美容师,,,
P04561,吴思,女,36,35-39,有未成年孩子,上班族,office_worker,客户经理,,,
P04562,张安晓,女,42,40-45,有成年孩子,上班族,office_worker,销售经理,,,
P04563,于涵怡,女,30,30-34,无需要照顾的孩子,上班族,office_worker,会计,,,
P04564,刘雅晴,女,27,25-29,无需要照顾的孩子,自由业者,freelancer,网店经营者,,,
P04565,张源,女,23,18-24,无需要照顾的孩子,大学生,university_student,博士研究生,,,
P04566,杨语瑶,女,24,18-24,无需要照顾的孩子,体力劳动者,manual_worker,电工,,,
P04567,许泽,男,37,35-39,无需要照顾的孩子,上班族,office_worker,采购经理,,,
P04568,陈嘉心,男,21,18-24,无需要照顾的孩子,上班族,office_worker,行政专员,,,
P04569,杨乐,女,45,40-45,有成年孩子,服务业者,service_worker,零售店员,,,
P04570,孙思言,女,36,35-39,有未成年孩子,自由业者,freelancer,咨询顾问,,,
P04571,高文俊,男,34,30-34,无需要照顾的孩子,上班族,office_worker,数据分析师,,,
P04572,郭欣清,女,31,30-34,无需要照顾的孩子,上班族,office_worker,销售代表,,,
P04573,何思怡,女,44,40-45,有未成年孩子,服务业者,service_worker,房产经纪,,,
P04574,孙涵,女,21,18-24,无需要照顾的孩子,服务业者,service_worker,零售店员,,,
P04575,马安雨,女,34,30-34,无需要照顾的孩子,上班族,office_worker,会计,,,
P04576,王怡,女,35,35-39,无需要照顾的孩子,自由业者,freelancer,私教,,,
P04577,张星思,男,23,18-24,无需要照顾的孩子,大学生,university_student,本科生,,,
P04578,朱怡晓,女,41,40-45,无需要照顾的孩子,上班族,office_worker,客户专员,,,
P04579,赵可子,女,27,25-29,无需要照顾的孩子,体力劳动者,manual_worker,卡车司机,,,
P04580,许梦,女,38,35-39,有未成年孩子,服务业者,service_worker,厨师,,,
P04581,周晨心,女,20,18-24,无需要照顾的孩子,服务业者,service_worker,健身教练,,,
P04582,徐嘉欣,女,22,18-24,无需要照顾的孩子,服务业者,service_worker,健身教练,,,
P04583,宋宁,女,36,35-39,有未成年孩子,上班族,office_worker,销售经理,,,
P04584,王言,女,45,40-45,无需要照顾的孩子,自由业者,freelancer,翻译,,,
P04585,周怡瑶,女,37,35-39,有未成年孩子,服务业者,service_worker,理发师,,,
P04586,王一宁,女,29,25-29,无需要照顾的孩子,上班族,office_worker,客户专员,,,
P04587,胡诚星,男,20,18-24,无需要照顾的孩子,服务业者,service_worker,收银员,,,
P04588,李佳曦,女,34,30-34,有未成年孩子,服务业者,service_worker,零售店员,,,
P04589,王哲,男,39,35-39,有未成年孩子,体力劳动者,manual_worker,配送员,,,
P04590,林心梦,女,38,35-39,无需要照顾的孩子,自由业者,freelancer,咨询顾问,,,
P04591,张雨乐,女,39,35-39,有未成年孩子,服务业者,service_worker,咖啡师,,,
P04592,袁怡安,女,43,40-45,无需要照顾的孩子,服务业者,service_worker,酒店前台,,,
P04593,赵涵心,女,42,40-45,有未成年孩子,上班族,office_worker,财务专员,,,
P04594,林源源,男,33,30-34,无需要照顾的孩子,服务业者,service_worker,酒店服务人员,,,
P04595,王婉怡,女,39,35-39,无需要照顾的孩子,上班族,office_worker,数据分析师,,,
P04596,王怡,女,36,35-39,无需要照顾的孩子,服务业者,service_worker,酒店服务人员,,,
P04597,何可宁,女,37,35-39,有未成年孩子,上班族,office_worker,项目经理,,,
P04598,李然嘉,男,35,35-39,无需要照顾的孩子,体力劳动者,manual_worker,快递员,,,
P04599,刘可,女,42,40-45,有未成年孩子,服务业者,service_worker,酒店服务人员,,,
P04600,邓远乐,女,41,40-45,有未成年孩子,服务业者,service_worker,酒店服务人员,,,
P04601,何一星,女,26,25-29,无需要照顾的孩子,服务业者,service_worker,收银员,,,
P04602,周嫣羽,女,28,25-29,无需要照顾的孩子,自由业者,freelancer,自由设计师,,,
P04603,赵桐静,女,39,35-39,有未成年孩子,上班族,office_worker,财务经理,,,
P04604,李安晨,女,37,35-39,无需要照顾的孩子,上班族,office_worker,采购经理,,,
P04605,周彤,女,28,25-29,无需要照顾的孩子,服务业者,service_worker,美容师,,,
P04606,唐子言,女,27,25-29,无需要照顾的孩子,上班族,office_worker,项目经理,,,
P04607,张曦安,女,25,25-29,无需要照顾的孩子,服务业者,service_worker,零售店员,,,
P04608,高婉乐,女,45,40-45,有成年孩子,自由业者,freelancer,独立承包商,,,
P04609,杨一轩,男,34,30-34,有未成年孩子,大学生,university_student,博士研究生,,,
P04610,张怡晨,女,30,30-34,无需要照顾的孩子,体力劳动者,manual_worker,配送员,,,
P04611,邓诚言,男,34,30-34,无需要照顾的孩子,上班族,office_worker,运营专员,,,
P04612,罗晓羽,女,43,40-45,无需要照顾的孩子,体力劳动者,manual_worker,建筑工人,,,
P04613,陈涵婷,女,41,40-45,无需要照顾的孩子,体力劳动者,manual_worker,电工,,,
P04614,刘言宁,女,30,30-34,无需要照顾的孩子,服务业者,service_worker,酒店前台,,,
P04615,孙远可,女,40,40-45,无需要照顾的孩子,服务业者,service_worker,理发师,,,
P04616,孙辰清,男,39,35-39,有未成年孩子,服务业者,service_worker,理发师,,,
P04617,王欣晓,女,28,25-29,无需要照顾的孩子,大学生,university_student,硕士研究生,,,
P04618,何哲远,男,42,40-45,无需要照顾的孩子,自由业者,freelancer,独立承包商,,,
P04619,吴宁,女,35,35-39,有未成年孩子,体力劳动者,manual_worker,快递员,,,
P04620,刘星,女,20,18-24,无需要照顾的孩子,上班族,office_worker,采购专员,,,
P04621,李曦婷,女,23,18-24,无需要照顾的孩子,体力劳动者,manual_worker,配送员,,,
P04622,梁思佳,女,25,25-29,有未成年孩子,上班族,office_worker,数据分析师,,,
P04623,刘怡子,女,43,40-45,有未成年孩子,上班族,office_worker,财务专员,,,
P04624,孙清曦,女,26,25-29,无需要照顾的孩子,自由业者,freelancer,私教,,,
P04625,胡晨浩,男,34,30-34,无需要照顾的孩子,服务业者,service_worker,咖啡师,,,
P04626,马宁,女,43,40-45,有未成年孩子,上班族,office_worker,高级数据分析师,,,
P04627,马思羽,女,44,40-45,有成年孩子,上班族,office_worker,区域经理,,,
P04628,杨嫣乐,女,25,25-29,无需要照顾的孩子,体力劳动者,manual_worker,电工,,,
P04629,赵桐嫣,女,23,18-24,无需要照顾的孩子,大学生,university_student,硕士研究生,,,
P04630,王然,男,28,25-29,有未成年孩子,上班族,office_worker,销售代表,,,
P04631,李安天,男,44,40-45,无需要照顾的孩子,自由业者,freelancer,独立承包商,,,
P04632,李嘉晓,女,45,40-45,有未成年孩子,上班族,office_worker,技术经理,,,
P04633,王乐若,女,32,30-34,有未成年孩子,上班族,office_worker,会计,,,
P04634,朱星安,男,21,18-24,无需要照顾的孩子,服务业者,service_worker,保安,,,
P04635,王琪,女,38,35-39,无需要照顾的孩子,服务业者,service_worker,理发师,,,
P04636,赵琪子,女,23,18-24,有未成年孩子,大学生,university_student,硕士研究生,,,
P04637,李安涵,男,29,25-29,无需要照顾的孩子,大学生,university_student,硕士研究生,,,
P04638,吴怡语,女,27,25-29,无需要照顾的孩子,上班族,office_worker,财务主管,,,
P04639,杨桐,女,37,35-39,有未成年孩子,上班族,office_worker,客户经理,,,
P04640,张志乐,男,30,30-34,有未成年孩子,上班族,office_worker,高级软件工程师,,,
P04641,李可,女,29,25-29,无需要照顾的孩子,自由业者,freelancer,摄影师,,,
P04642,李嫣清,女,26,25-29,无需要照顾的孩子,服务业者,service_worker,客服,,,
P04643,王宁婉,女,32,30-34,无需要照顾的孩子,服务业者,service_worker,健身教练,,,
P04644,高怡,女,37,35-39,有未成年孩子,服务业者,service_worker,零售店员,,,
P04645,张思,女,39,35-39,有未成年孩子,上班族,office_worker,项目经理,,,
P04646,朱诚晨,男,30,30-34,无需要照顾的孩子,上班族,office_worker,设计师,,,
P04647,张志文,男,40,40-45,有未成年孩子,上班族,office_worker,会计,,,
P04648,胡可宁,女,27,25-29,有未成年孩子,服务业者,service_worker,收银员,,,
P04649,赵桐知,女,20,18-24,无需要照顾的孩子,上班族,office_worker,行政专员,,,
P04650,何诗,女,32,30-34,无需要照顾的孩子,上班族,office_worker,高级数据分析师,,,
P04651,李远杰,男,29,25-29,有未成年孩子,服务业者,service_worker,健身教练,,,
P04652,吴怡,女,31,30-34,无需要照顾的孩子,上班族,office_worker,业务负责人,,,
P04653,杨子清,女,25,25-29,无需要照顾的孩子,体力劳动者,manual_worker,设备操作员,,,
P04654,张静,女,19,18-24,无需要照顾的孩子,大学生,university_student,本科生,,,
P04655,李哲星,男,38,35-39,有未成年孩子,服务业者,service_worker,房产经纪,,,
P04656,王诗子,女,27,25-29,无需要照顾的孩子,自由业者,freelancer,独立承包商,,,
P04657,张哲源,男,34,30-34,有未成年孩子,服务业者,service_worker,美容师,,,
P04658,张若琪,女,26,25-29,无需要照顾的孩子,自由业者,freelancer,自由销售,,,
P04659,王欣晓,女,32,30-34,无需要照顾的孩子,体力劳动者,manual_worker,安装工,,,
P04660,陈桐嘉,女,32,30-34,无需要照顾的孩子,上班族,office_worker,行政专员,,,
P04661,张晓,女,30,30-34,有未成年孩子,体力劳动者,manual_worker,快递员,,,
P04662,张梦,女,20,18-24,无需要照顾的孩子,大学生,university_student,本科生,,,
P04663,王曦,女,27,25-29,无需要照顾的孩子,大学生,university_student,硕士研究生,,,
P04664,何清晴,女,19,18-24,无需要照顾的孩子,服务业者,service_worker,美容师,,,
P04665,赵雅,女,21,18-24,无需要照顾的孩子,大学生,university_student,本科生,,,
P04666,刘心清,女,25,25-29,无需要照顾的孩子,上班族,office_worker,销售代表,,,
P04667,孙瑶辰,女,25,25-29,无需要照顾的孩子,上班族,office_worker,财务专员,,,
P04668,刘子清,女,32,30-34,有未成年孩子,上班族,office_worker,运营专员,,,
P04669,唐可乐,女,25,25-29,有未成年孩子,服务业者,service_worker,厨师,,,
P04670,林可,女,41,40-45,有未成年孩子,服务业者,service_worker,酒店前台,,,
P04671,邓宇宁,男,34,30-34,无需要照顾的孩子,体力劳动者,manual_worker,快递员,,,
P04672,陈嘉阳,男,34,30-34,有未成年孩子,上班族,office_worker,销售代表,,,
P04673,郑宇哲,男,18,18-24,无需要照顾的孩子,服务业者,service_worker,保安,,,
P04674,李哲一,男,45,40-45,有未成年孩子,自由业者,freelancer,独立程序员,,,
P04675,胡嫣佳,女,30,30-34,有未成年孩子,上班族,office_worker,采购专员,,,
P04676,陈宁涵,男,42,40-45,无需要照顾的孩子,上班族,office_worker,销售经理,,,
P04677,高星,女,21,18-24,无需要照顾的孩子,大学生,university_student,本科生,,,
P04678,周轩轩,男,22,18-24,无需要照顾的孩子,大学生,university_student,硕士研究生,,,
P04679,赵可一,男,33,30-34,有未成年孩子,服务业者,service_worker,保安,,,
P04680,韩思星,女,34,30-34,无需要照顾的孩子,上班族,office_worker,采购专员,,,
P04681,王思羽,女,33,30-34,有未成年孩子,自由业者,freelancer,独立承包商,,,
P04682,赵天豪,男,44,40-45,无需要照顾的孩子,上班族,office_worker,HR经理,,,
P04683,李嘉梓,男,30,30-34,无需要照顾的孩子,上班族,office_worker,HR经理,,,
P04684,马嘉,男,45,40-45,有未成年孩子,自由业者,freelancer,摄影师,,,
P04685,马安一,女,26,25-29,无需要照顾的孩子,上班族,office_worker,高级数据分析师,,,
P04686,胡浩言,男,41,40-45,有未成年孩子,上班族,office_worker,财务专员,,,
P04687,刘婷,女,42,40-45,有成年孩子,上班族,office_worker,业务负责人,,,
P04688,谢婉子,女,34,30-34,无需要照顾的孩子,服务业者,service_worker,健身教练,,,
P04689,许嘉远,男,34,30-34,有未成年孩子,服务业者,service_worker,理发师,,,
P04690,曹嘉,男,28,25-29,无需要照顾的孩子,上班族,office_worker,财务专员,,,
P04691,杨嫣佳,女,32,30-34,无需要照顾的孩子,上班族,office_worker,行政专员,,,
P04692,朱文,男,27,25-29,无需要照顾的孩子,体力劳动者,manual_worker,卡车司机,,,
P04693,陈源乐,女,42,40-45,有未成年孩子,体力劳动者,manual_worker,汽车技师,,,
P04694,宋远,女,18,18-24,无需要照顾的孩子,服务业者,service_worker,美容师,,,
P04695,黄嘉乐,男,33,30-34,有未成年孩子,体力劳动者,manual_worker,搬运工,,,
P04696,胡宇景,男,41,40-45,无需要照顾的孩子,上班族,office_worker,采购经理,,,
P04697,王晓嘉,女,35,35-39,有未成年孩子,上班族,office_worker,销售经理,,,
P04698,马可琪,女,35,35-39,无需要照顾的孩子,服务业者,service_worker,保安,,,
P04699,陈涵怡,女,24,18-24,无需要照顾的孩子,自由业者,freelancer,自媒体从业者,,,
P04700,胡曦欣,女,28,25-29,无需要照顾的孩子,体力劳动者,manual_worker,搬运工,,,
P04701,张宁诗,女,39,35-39,有未成年孩子,体力劳动者,manual_worker,设备操作员,,,
P04702,曹清雅,女,21,18-24,无需要照顾的孩子,大学生,university_student,本科生,,,
P04703,于可文,男,45,40-45,有未成年孩子,上班族,office_worker,业务负责人,,,
P04704,杨清乐,女,33,30-34,无需要照顾的孩子,上班族,office_worker,销售经理,,,
P04705,张婉语,女,28,25-29,无需要照顾的孩子,上班族,office_worker,数据分析师,,,
P04706,张远嫣,女,21,18-24,无需要照顾的孩子,大学生,university_student,本科生,,,
P04707,王清宁,女,44,40-45,无需要照顾的孩子,上班族,office_worker,财务主管,,,
P04708,李涵婉,女,45,40-45,无需要照顾的孩子,上班族,office_worker,采购经理,,,
P04709,宋婷,女,40,40-45,无需要照顾的孩子,自由业者,freelancer,翻译,,,
P04710,何嘉,男,18,18-24,无需要照顾的孩子,体力劳动者,manual_worker,配送员,,,
P04711,于知安,男,32,30-34,无需要照顾的孩子,自由业者,freelancer,自媒体从业者,,,
P04712,郑思,女,40,40-45,有未成年孩子,上班族,office_worker,高级项目经理,,,
P04713,王诺语,女,29,25-29,无需要照顾的孩子,上班族,office_worker,数据分析师,,,
P04714,杨哲,男,25,25-29,无需要照顾的孩子,体力劳动者,manual_worker,搬运工,,,
P04715,周宇,男,32,30-34,有未成年孩子,上班族,office_worker,客户经理,,,
P04716,何思宇,男,34,30-34,有未成年孩子,上班族,office_worker,高级运营专员,,,
P04717,张轩博,男,23,18-24,无需要照顾的孩子,体力劳动者,manual_worker,汽车技师,,,
P04718,宋嘉浩,男,45,40-45,有未成年孩子,服务业者,service_worker,酒店服务人员,,,
P04719,李彤晨,女,19,18-24,无需要照顾的孩子,服务业者,service_worker,零售店员,,,
P04720,吴可思,女,28,25-29,无需要照顾的孩子,自由业者,freelancer,自由销售,,,
P04721,王宁,女,34,30-34,无需要照顾的孩子,自由业者,freelancer,网店经营者,,,
P04722,王知羽,女,42,40-45,有未成年孩子,上班族,office_worker,高级运营专员,,,
P04723,周诺怡,女,29,25-29,有未成年孩子,上班族,office_worker,数据分析师,,,
P04724,胡诺,女,18,18-24,无需要照顾的孩子,体力劳动者,manual_worker,搬运工,,,
P04725,胡俊轩,男,33,30-34,有未成年孩子,体力劳动者,manual_worker,安装工,,,
P04726,李佳,女,22,18-24,无需要照顾的孩子,大学生,university_student,本科生,,,
P04727,陈涵诚,男,45,40-45,有未成年孩子,服务业者,service_worker,健身教练,,,
P04728,张远彤,女,27,25-29,无需要照顾的孩子,大学生,university_student,博士研究生,,,
P04729,梁杰楷,男,27,25-29,无需要照顾的孩子,服务业者,service_worker,酒店前台,,,
P04730,梁瑶佳,女,36,35-39,有未成年孩子,上班族,office_worker,财务主管,,,
P04731,陈嫣心,女,44,40-45,有成年孩子,服务业者,service_worker,酒店服务人员,,,
P04732,邓知源,女,40,40-45,有未成年孩子,体力劳动者,manual_worker,电工,,,
P04733,程乐雅,女,43,40-45,有未成年孩子,上班族,office_worker,人力资源经理,,,
P04734,梁婷辰,女,29,25-29,无需要照顾的孩子,服务业者,service_worker,酒店服务人员,,,
P04735,陈诺羽,男,40,40-45,有未成年孩子,上班族,office_worker,项目经理,,,
P04736,王乐,女,25,25-29,有未成年孩子,服务业者,service_worker,酒店服务人员,,,
P04737,刘晨,女,31,30-34,无需要照顾的孩子,体力劳动者,manual_worker,焊工,,,
P04738,刘宁,女,44,40-45,有未成年孩子,上班族,office_worker,高级软件工程师,,,
P04739,黄嫣彤,女,19,18-24,无需要照顾的孩子,上班族,office_worker,设计师,,,
P04740,张宇梓,男,45,40-45,有未成年孩子,体力劳动者,manual_worker,配送员,,,
P04741,陈涵佑,男,39,35-39,有未成年孩子,上班族,office_worker,销售经理,,,
P04742,梁晴雅,女,23,18-24,无需要照顾的孩子,大学生,university_student,本科生,,,
P04743,朱知嘉,女,19,18-24,无需要照顾的孩子,上班族,office_worker,采购专员,,,
P04744,刘杰诺,男,43,40-45,无需要照顾的孩子,服务业者,service_worker,零售店员,,,
P04745,李晨,女,26,25-29,无需要照顾的孩子,服务业者,service_worker,咖啡师,,,
P04746,周佳心,女,27,25-29,无需要照顾的孩子,上班族,office_worker,高级数据分析师,,,
P04747,刘星曦,女,42,40-45,有未成年孩子,上班族,office_worker,高级运营专员,,,
P04748,胡曦清,女,38,35-39,有未成年孩子,上班族,office_worker,销售代表,,,
P04749,赵诺轩,男,41,40-45,有未成年孩子,上班族,office_worker,项目经理,,,
P04750,朱桐诗,女,36,35-39,有未成年孩子,服务业者,service_worker,咖啡师,,,
P04751,王轩,男,31,30-34,无需要照顾的孩子,上班族,office_worker,项目经理,,,
P04752,刘宇嘉,男,30,30-34,无需要照顾的孩子,服务业者,service_worker,客服,,,
P04753,李安,女,26,25-29,无需要照顾的孩子,上班族,office_worker,财务专员,,,
P04754,李涵思,女,36,35-39,有未成年孩子,上班族,office_worker,客户经理,,,
P04755,吴若梦,女,41,40-45,有未成年孩子,服务业者,service_worker,房产经纪,,,
P04756,赵桐,女,36,35-39,无需要照顾的孩子,上班族,office_worker,HR经理,,,
P04757,吴诺晓,女,26,25-29,无需要照顾的孩子,上班族,office_worker,设计师,,,
P04758,董星静,女,38,35-39,有未成年孩子,上班族,office_worker,运营专员,,,
P04759,韩哲晨,男,26,25-29,无需要照顾的孩子,上班族,office_worker,运营专员,,,
P04760,张辰星,男,32,30-34,有未成年孩子,服务业者,service_worker,酒店服务人员,,,
P04761,陈静源,女,29,25-29,无需要照顾的孩子,上班族,office_worker,财务专员,,,
P04762,张辰,女,34,30-34,有未成年孩子,上班族,office_worker,HR经理,,,
P04763,王嫣,女,37,35-39,有未成年孩子,上班族,office_worker,软件工程师,,,
P04764,张星晴,女,21,18-24,无需要照顾的孩子,大学生,university_student,本科生,,,
P04765,黄嫣桐,女,35,35-39,有未成年孩子,上班族,office_worker,销售代表,,,
P04766,张一语,女,44,40-45,有未成年孩子,服务业者,service_worker,酒店服务人员,,,
P04767,李涵,女,37,35-39,有未成年孩子,体力劳动者,manual_worker,建筑工人,,,
P04768,杨宁怡,女,33,30-34,有未成年孩子,上班族,office_worker,客户专员,,,
P04769,张婷,女,27,25-29,无需要照顾的孩子,体力劳动者,manual_worker,汽车技师,,,
P04770,刘桐,女,41,40-45,有未成年孩子,上班族,office_worker,业务负责人,,,
P04771,刘一,女,40,40-45,有未成年孩子,体力劳动者,manual_worker,焊工,,,
P04772,周思,女,26,25-29,有未成年孩子,上班族,office_worker,采购经理,,,
P04773,林远雨,女,24,18-24,无需要照顾的孩子,上班族,office_worker,销售代表,,,
P04774,徐彤,女,23,18-24,无需要照顾的孩子,大学生,university_student,硕士研究生,,,
P04775,周宁,女,32,30-34,无需要照顾的孩子,服务业者,service_worker,零售店员,,,
P04776,刘彤,女,36,35-39,有未成年孩子,服务业者,service_worker,健身教练,,,
P04777,杨宁轩,男,32,30-34,无需要照顾的孩子,上班族,office_worker,销售代表,,,
P04778,王涵欣,女,39,35-39,有未成年孩子,服务业者,service_worker,收银员,,,
P04779,王梦婷,女,22,18-24,无需要照顾的孩子,服务业者,service_worker,餐厅服务员,,,
P04780,李子佳,女,36,35-39,有未成年孩子,上班族,office_worker,采购经理,,,
P04781,张晓雨,女,33,30-34,有未成年孩子,上班族,office_worker,采购经理,,,
P04782,杨一哲,男,36,35-39,无需要照顾的孩子,上班族,office_worker,高级项目经理,,,
P04783,张嘉言,男,33,30-34,无需要照顾的孩子,自由业者,freelancer,自由设计师,,,
P04784,王景嘉,男,21,18-24,无需要照顾的孩子,服务业者,service_worker,厨师,,,
P04785,刘宁,女,37,35-39,无需要照顾的孩子,上班族,office_worker,行政专员,,,
P04786,郭源晴,女,42,40-45,有未成年孩子,服务业者,service_worker,咖啡师,,,
P04787,徐若子,女,24,18-24,无需要照顾的孩子,服务业者,service_worker,美容师,,,
P04788,陈瑶羽,女,24,18-24,无需要照顾的孩子,服务业者,service_worker,酒店服务人员,,,
P04789,张怡子,女,33,30-34,有未成年孩子,服务业者,service_worker,酒店服务人员,,,
P04790,刘子,女,35,35-39,有未成年孩子,上班族,office_worker,数据分析师,,,
P04791,陈俊,男,40,40-45,有未成年孩子,体力劳动者,manual_worker,建筑工人,,,
P04792,赵瑶远,女,32,30-34,有未成年孩子,自由业者,freelancer,自由销售,,,
P04793,高星,女,39,35-39,有未成年孩子,服务业者,service_worker,客服,,,
P04794,陈思桐,女,34,30-34,有未成年孩子,上班族,office_worker,高级运营专员,,,
P04795,曹安琪,女,23,18-24,无需要照顾的孩子,服务业者,service_worker,厨师,,,
P04796,宋远婉,女,37,35-39,无需要照顾的孩子,上班族,office_worker,销售经理,,,
P04797,张宁怡,女,28,25-29,有未成年孩子,服务业者,service_worker,餐厅服务员,,,
P04798,马晨文,男,22,18-24,无需要照顾的孩子,上班族,office_worker,数据分析师,,,
P04799,罗佳,女,42,40-45,无需要照顾的孩子,服务业者,service_worker,咖啡师,,,
P04800,刘子宁,女,40,40-45,有未成年孩子,上班族,office_worker,销售经理,,,
P04801,郑知宇,男,43,40-45,有未成年孩子,体力劳动者,manual_worker,设备操作员,,,
P04802,张子语,女,22,18-24,有未成年孩子,大学生,university_student,本科生,,,
P04803,孙清,男,43,40-45,有未成年孩子,自由业者,freelancer,私教,,,
P04804,赵心宁,女,20,18-24,无需要照顾的孩子,大学生,university_student,本科生,,,
P04805,黄心乐,女,38,35-39,无需要照顾的孩子,体力劳动者,manual_worker,配送员,,,
P04806,王安嫣,女,43,40-45,有成年孩子,上班族,office_worker,高级软件工程师,,,
P04807,韩哲俊,男,28,25-29,无需要照顾的孩子,上班族,office_worker,会计,,,
P04808,郑宁,女,40,40-45,有未成年孩子,服务业者,service_worker,理发师,,,
P04809,冯睿杰,男,40,40-45,有未成年孩子,上班族,office_worker,高级产品经理,,,
P04810,高晨曦,女,31,30-34,无需要照顾的孩子,上班族,office_worker,产品经理,,,
P04811,刘楷轩,男,25,25-29,有未成年孩子,服务业者,service_worker,健身教练,,,
P04812,吴涵可,女,41,40-45,无需要照顾的孩子,上班族,office_worker,人力资源经理,,,
P04813,张言远,男,21,18-24,无需要照顾的孩子,大学生,university_student,本科生,,,
P04814,杨景豪,男,20,18-24,无需要照顾的孩子,大学生,university_student,本科生,,,
P04815,吴文,男,25,25-29,无需要照顾的孩子,体力劳动者,manual_worker,仓库操作员,,,
P04816,张楷楷,男,24,18-24,无需要照顾的孩子,体力劳动者,manual_worker,设备操作员,,,
P04817,刘安梓,男,42,40-45,有未成年孩子,服务业者,service_worker,保安,,,
P04818,周曦婷,女,23,18-24,无需要照顾的孩子,服务业者,service_worker,理发师,,,
P04819,罗子诺,女,39,35-39,有未成年孩子,体力劳动者,manual_worker,汽车技师,,,
P04820,王彤知,女,25,25-29,有未成年孩子,上班族,office_worker,采购专员,,,
P04821,张羽,女,18,18-24,无需要照顾的孩子,自由业者,freelancer,翻译,,,
P04822,高宁泽,男,35,35-39,无需要照顾的孩子,体力劳动者,manual_worker,维修技师,,,
P04823,李宁,女,34,30-34,有未成年孩子,服务业者,service_worker,房产经纪,,,
P04824,王佳涵,女,27,25-29,无需要照顾的孩子,自由业者,freelancer,独立程序员,,,
P04825,唐文子,男,35,35-39,有未成年孩子,服务业者,service_worker,保安,,,
P04826,马远远,女,33,30-34,无需要照顾的孩子,上班族,office_worker,HR经理,,,
P04827,郭哲景,男,28,25-29,无需要照顾的孩子,上班族,office_worker,销售代表,,,
P04828,赵羽源,女,38,35-39,有未成年孩子,服务业者,service_worker,咖啡师,,,
P04829,韩嘉子,男,35,35-39,无需要照顾的孩子,自由业者,freelancer,网店经营者,,,
P04830,李星思,女,42,40-45,有未成年孩子,体力劳动者,manual_worker,维修技师,,,
P04831,王心知,男,23,18-24,无需要照顾的孩子,大学生,university_student,博士研究生,,,
P04832,赵语思,女,39,35-39,有未成年孩子,自由业者,freelancer,咨询顾问,,,
P04833,李源梓,男,34,30-34,有未成年孩子,上班族,office_worker,财务专员,,,
P04834,陈豪,男,28,25-29,无需要照顾的孩子,自由业者,freelancer,自媒体从业者,,,
P04835,唐知梦,女,35,35-39,有未成年孩子,服务业者,service_worker,保安,,,
P04836,郑婷曦,女,30,30-34,有未成年孩子,体力劳动者,manual_worker,建筑工人,,,
P04837,许宇文,男,30,30-34,有未成年孩子,服务业者,service_worker,咖啡师,,,
P04838,李晨博,男,23,18-24,无需要照顾的孩子,自由业者,freelancer,自媒体从业者,,,
P04839,董源,女,35,35-39,有未成年孩子,自由业者,freelancer,自由销售,,,
P04840,李欣清,女,32,30-34,无需要照顾的孩子,服务业者,service_worker,健身教练,,,
P04841,梁宁雅,女,43,40-45,无需要照顾的孩子,上班族,office_worker,销售经理,,,
P04842,朱晴曦,女,30,30-34,有未成年孩子,上班族,office_worker,高级运营专员,,,
P04843,张一一,女,30,30-34,有未成年孩子,服务业者,service_worker,理发师,,,
P04844,马婷羽,女,39,35-39,有未成年孩子,服务业者,service_worker,餐厅服务员,,,
P04845,郭羽,女,31,30-34,有未成年孩子,服务业者,service_worker,理发师,,,
P04846,徐文涵,男,39,35-39,有未成年孩子,上班族,office_worker,采购专员,,,
P04847,王轩天,男,30,30-34,无需要照顾的孩子,服务业者,service_worker,收银员,,,
P04848,黄桐梦,女,30,30-34,无需要照顾的孩子,上班族,office_worker,运营专员,,,
P04849,高婷雅,女,28,25-29,无需要照顾的孩子,体力劳动者,manual_worker,快递员,,,
P04850,吴梦诗,女,44,40-45,有未成年孩子,服务业者,service_worker,餐厅服务员,,,
P04851,周志杰,男,25,25-29,无需要照顾的孩子,上班族,office_worker,会计,,,
P04852,李涵思,女,33,30-34,无需要照顾的孩子,体力劳动者,manual_worker,搬运工,,,
P04853,李心源,女,26,25-29,有未成年孩子,自由业者,freelancer,摄影师,,,
P04854,马辰佳,女,34,30-34,无需要照顾的孩子,服务业者,service_worker,厨师,,,
P04855,朱言嫣,女,35,35-39,有未成年孩子,上班族,office_worker,会计,,,
P04856,张源远,男,38,35-39,有未成年孩子,体力劳动者,manual_worker,仓库操作员,,,
P04857,郑思嘉,女,32,30-34,无需要照顾的孩子,服务业者,service_worker,咖啡师,,,
P04858,马佑,男,36,35-39,有未成年孩子,服务业者,service_worker,客服,,,
P04859,刘远,女,28,25-29,无需要照顾的孩子,上班族,office_worker,高级运营专员,,,
P04860,曹志豪,男,28,25-29,无需要照顾的孩子,服务业者,service_worker,酒店前台,,,
P04861,张思哲,男,19,18-24,无需要照顾的孩子,大学生,university_student,本科生,,,
P04862,高源,女,28,25-29,无需要照顾的孩子,自由业者,freelancer,自媒体从业者,,,
P04863,陈雅彤,女,45,40-45,无需要照顾的孩子,体力劳动者,manual_worker,搬运工,,,
P04864,杨欣涵,女,24,18-24,无需要照顾的孩子,上班族,office_worker,客户专员,,,
P04865,张轩源,男,43,40-45,有未成年孩子,上班族,office_worker,财务专员,,,
P04866,梁志,男,31,30-34,有未成年孩子,上班族,office_worker,采购经理,,,
P04867,何楷佑,男,19,18-24,无需要照顾的孩子,上班族,office_worker,会计,,,
P04868,孙浩哲,男,22,18-24,无需要照顾的孩子,服务业者,service_worker,酒店前台,,,
P04869,韩远豪,男,34,30-34,有未成年孩子,上班族,office_worker,项目经理,,,
P04870,吴一晨,男,28,25-29,有未成年孩子,上班族,office_worker,高级运营专员,,,
P04871,周思怡,女,18,18-24,无需要照顾的孩子,服务业者,service_worker,健身教练,,,
P04872,王清,男,44,40-45,有未成年孩子,上班族,office_worker,高级运营专员,,,
P04873,李怡星,女,32,30-34,无需要照顾的孩子,上班族,office_worker,财务主管,,,
P04874,许哲嘉,男,38,35-39,有未成年孩子,上班族,office_worker,客户经理,,,
P04875,韩安梦,女,26,25-29,无需要照顾的孩子,上班族,office_worker,客户专员,,,
P04876,张嘉曦,女,38,35-39,有未成年孩子,上班族,office_worker,销售经理,,,
P04877,李晓静,女,24,18-24,无需要照顾的孩子,体力劳动者,manual_worker,焊工,,,
P04878,王心诺,男,34,30-34,无需要照顾的孩子,上班族,office_worker,行政专员,,,
P04879,王瑶诗,女,27,25-29,无需要照顾的孩子,上班族,office_worker,软件工程师,,,
P04880,黄远晨,女,29,25-29,无需要照顾的孩子,自由业者,freelancer,摄影师,,,
P04881,高博,男,36,35-39,有未成年孩子,上班族,office_worker,高级运营专员,,,
P04882,孙远源,女,39,35-39,无需要照顾的孩子,上班族,office_worker,高级软件工程师,,,
P04883,刘羽羽,女,18,18-24,无需要照顾的孩子,上班族,office_worker,采购专员,,,
P04884,杨彤欣,女,28,25-29,无需要照顾的孩子,上班族,office_worker,数据分析师,,,
P04885,朱诺,女,30,30-34,无需要照顾的孩子,服务业者,service_worker,酒店前台,,,
P04886,王曦佳,女,25,25-29,无需要照顾的孩子,服务业者,service_worker,零售店员,,,
P04887,林可,女,22,18-24,有未成年孩子,上班族,office_worker,软件工程师,,,
P04888,张阳阳,男,34,30-34,无需要照顾的孩子,体力劳动者,manual_worker,设备操作员,,,
P04889,黄宁曦,女,42,40-45,无需要照顾的孩子,自由业者,freelancer,自由设计师,,,
P04890,高心,女,24,18-24,无需要照顾的孩子,体力劳动者,manual_worker,维修技师,,,
P04891,王天安,男,32,30-34,有未成年孩子,上班族,office_worker,客户经理,,,
P04892,李雨羽,女,40,40-45,有未成年孩子,上班族,office_worker,财务经理,,,
P04893,刘宁佳,女,34,30-34,无需要照顾的孩子,上班族,office_worker,采购专员,,,
P04894,陈欣嘉,女,22,18-24,无需要照顾的孩子,体力劳动者,manual_worker,快递员,,,
P04895,王轩宇,男,33,30-34,无需要照顾的孩子,自由业者,freelancer,网店经营者,,,
P04896,王知,女,32,30-34,有未成年孩子,服务业者,service_worker,酒店前台,,,
P04897,谢涵雨,女,32,30-34,有未成年孩子,服务业者,service_worker,收银员,,,
P04898,张语涵,女,33,30-34,有未成年孩子,自由业者,freelancer,咨询顾问,,,
P04899,刘梓睿,男,40,40-45,有未成年孩子,服务业者,service_worker,房产经纪,,,
P04900,孙可,女,27,25-29,无需要照顾的孩子,上班族,office_worker,财务专员,,,
P04901,何辰雅,女,18,18-24,无需要照顾的孩子,大学生,university_student,本科生,,,
P04902,赵浩俊,男,28,25-29,有未成年孩子,体力劳动者,manual_worker,快递员,,,
P04903,董婷,女,31,30-34,无需要照顾的孩子,服务业者,service_worker,房产经纪,,,
P04904,李泽嘉,男,36,35-39,无需要照顾的孩子,体力劳动者,manual_worker,配送员,,,
P04905,李嫣知,女,27,25-29,无需要照顾的孩子,体力劳动者,manual_worker,维修技师,,,
P04906,赵梓安,男,39,35-39,无需要照顾的孩子,上班族,office_worker,采购经理,,,
P04907,刘婷婷,女,31,30-34,无需要照顾的孩子,上班族,office_worker,运营专员,,,
P04908,王乐宇,男,39,35-39,有未成年孩子,上班族,office_worker,采购专员,,,
P04909,王星梦,女,38,35-39,无需要照顾的孩子,上班族,office_worker,项目经理,,,
P04910,朱诚梓,男,27,25-29,无需要照顾的孩子,上班族,office_worker,行政专员,,,
P04911,吴晨羽,男,37,35-39,有未成年孩子,自由业者,freelancer,翻译,,,
P04912,徐宁佳,女,22,18-24,无需要照顾的孩子,服务业者,service_worker,零售店员,,,
P04913,李知瑶,女,23,18-24,无需要照顾的孩子,服务业者,service_worker,房产经纪,,,
P04914,唐哲清,男,42,40-45,有未成年孩子,服务业者,service_worker,理发师,,,
P04915,王心思,女,44,40-45,有成年孩子,体力劳动者,manual_worker,焊工,,,
P04916,郭琪宁,女,32,30-34,无需要照顾的孩子,体力劳动者,manual_worker,搬运工,,,
P04917,梁婷,女,35,35-39,有未成年孩子,体力劳动者,manual_worker,电工,,,
P04918,王嘉轩,男,31,30-34,有未成年孩子,上班族,office_worker,高级数据分析师,,,
P04919,王桐,女,35,35-39,无需要照顾的孩子,上班族,office_worker,高级软件工程师,,,
P04920,冯轩景,男,25,25-29,无需要照顾的孩子,上班族,office_worker,运营专员,,,
P04921,梁俊哲,男,28,25-29,无需要照顾的孩子,上班族,office_worker,采购经理,,,
P04922,赵雨可,女,33,30-34,有未成年孩子,服务业者,service_worker,零售店员,,,
P04923,邓安诺,男,44,40-45,无需要照顾的孩子,上班族,office_worker,软件工程师,,,
P04924,赵一源,女,35,35-39,有未成年孩子,上班族,office_worker,财务主管,,,
P04925,曹诗,女,38,35-39,有未成年孩子,上班族,office_worker,财务专员,,,
P04926,梁远轩,男,29,25-29,无需要照顾的孩子,体力劳动者,manual_worker,建筑工人,,,
P04927,张思辰,男,21,18-24,无需要照顾的孩子,大学生,university_student,本科生,,,
P04928,周子晨,男,45,40-45,无需要照顾的孩子,上班族,office_worker,技术经理,,,
P04929,李思静,女,26,25-29,无需要照顾的孩子,上班族,office_worker,会计,,,
P04930,吴晓涵,女,24,18-24,无需要照顾的孩子,大学生,university_student,硕士研究生,,,
P04931,李知天,男,36,35-39,有未成年孩子,上班族,office_worker,采购经理,,,
P04932,郭星星,男,34,30-34,有未成年孩子,上班族,office_worker,高级数据分析师,,,
P04933,李睿诺,男,35,35-39,有未成年孩子,上班族,office_worker,财务主管,,,
P04934,吴远嫣,女,35,35-39,无需要照顾的孩子,上班族,office_worker,财务主管,,,
P04935,梁知宁,女,40,40-45,无需要照顾的孩子,服务业者,service_worker,客服,,,
P04936,朱宁佳,女,38,35-39,有未成年孩子,自由业者,freelancer,独立程序员,,,
P04937,张乐辰,女,22,18-24,无需要照顾的孩子,服务业者,service_worker,酒店服务人员,,,
P04938,刘辰远,女,33,30-34,有未成年孩子,服务业者,service_worker,房产经纪,,,
P04939,张嘉景,男,31,30-34,无需要照顾的孩子,自由业者,freelancer,自媒体从业者,,,
P04940,罗思静,女,28,25-29,无需要照顾的孩子,服务业者,service_worker,零售店员,,,
P04941,李言晴,女,41,40-45,有未成年孩子,服务业者,service_worker,保安,,,
P04942,刘安泽,男,35,35-39,无需要照顾的孩子,体力劳动者,manual_worker,安装工,,,
P04943,郑彤,女,37,35-39,有未成年孩子,上班族,office_worker,HR经理,,,
P04944,程雨涵,女,32,30-34,有未成年孩子,服务业者,service_worker,理发师,,,
P04945,赵源,女,18,18-24,无需要照顾的孩子,服务业者,service_worker,收银员,,,
P04946,郭思晴,女,39,35-39,有未成年孩子,上班族,office_worker,设计师,,,
P04947,杨佳一,女,34,30-34,无需要照顾的孩子,体力劳动者,manual_worker,搬运工,,,
P04948,黄晨婷,女,20,18-24,无需要照顾的孩子,服务业者,service_worker,酒店服务人员,,,
P04949,何远辰,男,28,25-29,无需要照顾的孩子,体力劳动者,manual_worker,建筑工人,,,
P04950,王知思,女,41,40-45,有未成年孩子,体力劳动者,manual_worker,快递员,,,
P04951,王彤思,女,36,35-39,有未成年孩子,上班族,office_worker,财务主管,,,
P04952,黄远语,女,20,18-24,无需要照顾的孩子,上班族,office_worker,项目经理,,,
P04953,何嘉昊,男,25,25-29,无需要照顾的孩子,大学生,university_student,硕士研究生,,,
P04954,郭梓景,男,25,25-29,无需要照顾的孩子,上班族,office_worker,高级运营专员,,,
P04955,吴晓乐,女,33,30-34,无需要照顾的孩子,上班族,office_worker,财务专员,,,
P04956,周知羽,女,29,25-29,无需要照顾的孩子,服务业者,service_worker,厨师,,,
P04957,李彤一,女,45,40-45,有未成年孩子,体力劳动者,manual_worker,快递员,,,
P04958,孙静源,女,25,25-29,无需要照顾的孩子,大学生,university_student,本科生,,,
P04959,赵源天,男,22,18-24,无需要照顾的孩子,体力劳动者,manual_worker,快递员,,,
P04960,马曦若,女,40,40-45,有未成年孩子,服务业者,service_worker,美容师,,,
P04961,张辰涵,女,40,40-45,无需要照顾的孩子,体力劳动者,manual_worker,电工,,,
P04962,郑梦乐,女,35,35-39,无需要照顾的孩子,上班族,office_worker,财务主管,,,
P04963,黄知梦,女,37,35-39,无需要照顾的孩子,上班族,office_worker,数据分析师,,,
P04964,陈知,男,21,18-24,无需要照顾的孩子,上班族,office_worker,运营专员,,,
P04965,李欣,女,34,30-34,无需要照顾的孩子,服务业者,service_worker,收银员,,,
P04966,李可,女,25,25-29,无需要照顾的孩子,上班族,office_worker,销售代表,,,
P04967,朱子,女,33,30-34,有未成年孩子,上班族,office_worker,项目经理,,,
P04968,王天,男,21,18-24,无需要照顾的孩子,服务业者,service_worker,理发师,,,
P04969,杨辰嘉,男,36,35-39,无需要照顾的孩子,服务业者,service_worker,餐厅服务员,,,
P04970,杨心,男,31,30-34,无需要照顾的孩子,上班族,office_worker,高级软件工程师,,,
P04971,李梓,男,32,30-34,有未成年孩子,自由业者,freelancer,网店经营者,,,
P04972,何俊,男,30,30-34,有未成年孩子,上班族,office_worker,销售代表,,,
P04973,王怡晨,女,40,40-45,无需要照顾的孩子,上班族,office_worker,销售经理,,,
P04974,杨诚涵,男,44,40-45,有未成年孩子,上班族,office_worker,行政专员,,,
P04975,黄琪可,女,42,40-45,无需要照顾的孩子,上班族,office_worker,财务主管,,,
P04976,黄嘉,男,29,25-29,无需要照顾的孩子,上班族,office_worker,采购专员,,,
P04977,宋辰婉,女,28,25-29,无需要照顾的孩子,上班族,office_worker,数据分析师,,,
P04978,孙可,女,33,30-34,有未成年孩子,上班族,office_worker,采购专员,,,
P04979,王可嫣,女,38,35-39,有未成年孩子,上班族,office_worker,采购专员,,,
P04980,刘静诺,女,36,35-39,有未成年孩子,服务业者,service_worker,健身教练,,,
P04981,王辰思,女,33,30-34,无需要照顾的孩子,体力劳动者,manual_worker,焊工,,,
P04982,周清言,女,28,25-29,有未成年孩子,服务业者,service_worker,理发师,,,
P04983,黄思心,女,40,40-45,有未成年孩子,服务业者,service_worker,厨师,,,
P04984,朱言,男,36,35-39,有未成年孩子,自由业者,freelancer,独立程序员,,,
P04985,黄佳思,女,27,25-29,无需要照顾的孩子,上班族,office_worker,销售代表,,,
P04986,高宁,男,38,35-39,有未成年孩子,上班族,office_worker,数据分析师,,,
P04987,王涵子,男,28,25-29,无需要照顾的孩子,上班族,office_worker,会计,,,
P04988,徐婷欣,女,21,18-24,无需要照顾的孩子,大学生,university_student,本科生,,,
P04989,杨可哲,男,40,40-45,有未成年孩子,服务业者,service_worker,理发师,,,
P04990,张轩,男,38,35-39,有未成年孩子,体力劳动者,manual_worker,维修技师,,,
P04991,吴嘉,男,33,30-34,有未成年孩子,上班族,office_worker,区域经理,,,
P04992,郑宁可,女,43,40-45,无需要照顾的孩子,上班族,office_worker,设计师,,,
P04993,张远远,男,24,18-24,有未成年孩子,服务业者,service_worker,咖啡师,,,
P04994,高乐轩,男,43,40-45,有未成年孩子,服务业者,service_worker,房产经纪,,,
P04995,赵晴安,女,42,40-45,有未成年孩子,上班族,office_worker,销售经理,,,
P04996,黄晴怡,女,18,18-24,无需要照顾的孩子,上班族,office_worker,行政专员,,,
P04997,杨婷一,女,27,25-29,有未成年孩子,自由业者,freelancer,自由销售,,,
P04998,何思曦,女,29,25-29,无需要照顾的孩子,服务业者,service_worker,餐厅服务员,,,
P04999,王婉言,女,37,35-39,有未成年孩子,上班族,office_worker,会计,,,
P05000,许晨,女,18,18-24,无需要照顾的孩子,大学生,university_student,本科生,,,
P05001,于乐诗,女,35,35-39,有未成年孩子,上班族,office_worker,高级数据分析师,,,
P05002,陈可,女,26,25-29,无需要照顾的孩子,上班族,office_worker,会计,,,
P05003,谢辰嘉,女,37,35-39,无需要照顾的孩子,上班族,office_worker,销售经理,,,
P05004,王俊一,男,26,25-29,无需要照顾的孩子,上班族,office_worker,会计,,,
P05005,林辰,男,45,40-45,有未成年孩子,体力劳动者,manual_worker,仓库操作员,,,
P05006,黄嘉,男,43,40-45,有成年孩子,上班族,office_worker,销售代表,,,
P05007,徐佳可,女,29,25-29,无需要照顾的孩子,上班族,office_worker,行政专员,,,
P05008,于清豪,男,21,18-24,无需要照顾的孩子,服务业者,service_worker,咖啡师,,,
P05009,李宁瑶,女,39,35-39,无需要照顾的孩子,上班族,office_worker,采购经理,,,
P05010,刘若可,女,45,40-45,有未成年孩子,自由业者,freelancer,私教,,,
P05011,李诗宁,女,42,40-45,有未成年孩子,服务业者,service_worker,健身教练,,,
P05012,程乐可,男,40,40-45,有未成年孩子,上班族,office_worker,客户专员,,,
P05013,刘一瑶,女,38,35-39,有未成年孩子,体力劳动者,manual_worker,汽车技师,,,
P05014,赵嫣欣,女,22,18-24,无需要照顾的孩子,上班族,office_worker,数据分析师,,,
P05015,杨可可,女,38,35-39,无需要照顾的孩子,体力劳动者,manual_worker,仓库操作员,,,
P05016,陈羽清,女,28,25-29,无需要照顾的孩子,体力劳动者,manual_worker,焊工,,,
P05017,陈星欣,女,34,30-34,无需要照顾的孩子,上班族,office_worker,软件工程师,,,
P05018,赵欣怡,女,45,40-45,有未成年孩子,服务业者,service_worker,理发师,,,
P05019,张宇嘉,男,28,25-29,无需要照顾的孩子,上班族,office_worker,采购经理,,,
P05020,王语安,女,44,40-45,无需要照顾的孩子,服务业者,service_worker,咖啡师,,,
P05021,梁诗,女,28,25-29,无需要照顾的孩子,大学生,university_student,博士研究生,,,
P05022,王婷宁,女,35,35-39,无需要照顾的孩子,自由业者,freelancer,独立承包商,,,
P05023,李明远,男,22,18-24,无需要照顾的孩子,上班族,office_worker,会计,,,
P05024,王晨明,男,42,40-45,有未成年孩子,上班族,office_worker,项目经理,,,
P05025,张佳一,女,19,18-24,无需要照顾的孩子,大学生,university_student,本科生,,,
P05026,李琪瑶,女,33,30-34,无需要照顾的孩子,上班族,office_worker,高级数据分析师,,,
P05027,李轩,男,31,30-34,有未成年孩子,服务业者,service_worker,美容师,,,
P05028,赵言言,女,38,35-39,有未成年孩子,体力劳动者,manual_worker,焊工,,,
P05029,赵豪昊,男,27,25-29,无需要照顾的孩子,服务业者,service_worker,健身教练,,,
P05030,高子乐,女,41,40-45,有未成年孩子,服务业者,service_worker,零售店员,,,
P05031,吴语源,女,18,18-24,无需要照顾的孩子,大学生,university_student,本科生,,,
P05032,王佳桐,女,42,40-45,有未成年孩子,服务业者,service_worker,房产经纪,,,
P05033,张桐晨,女,22,18-24,无需要照顾的孩子,上班族,office_worker,销售代表,,,
P05034,陈诺远,女,19,18-24,无需要照顾的孩子,体力劳动者,manual_worker,搬运工,,,
P05035,罗涵,女,41,40-45,有未成年孩子,服务业者,service_worker,收银员,,,
P05036,陈杰乐,男,37,35-39,有未成年孩子,上班族,office_worker,设计师,,,
P05037,陈诺,女,41,40-45,无需要照顾的孩子,上班族,office_worker,人力资源经理,,,
P05038,周志昊,男,45,40-45,无需要照顾的孩子,上班族,office_worker,HR经理,,,
P05039,李琪心,女,45,40-45,有未成年孩子,自由业者,freelancer,自由销售,,,
P05040,林曦宁,女,39,35-39,无需要照顾的孩子,上班族,office_worker,采购经理,,,
P05041,韩乐雅,女,41,40-45,有未成年孩子,上班族,office_worker,数据分析师,,,
P05042,王怡琪,女,35,35-39,无需要照顾的孩子,服务业者,service_worker,客服,,,
P05043,赵远嘉,男,45,40-45,有未成年孩子,服务业者,service_worker,厨师,,,
P05044,陈语羽,女,37,35-39,有未成年孩子,上班族,office_worker,高级数据分析师,,,
P05045,张泽轩,男,29,25-29,无需要照顾的孩子,服务业者,service_worker,酒店前台,,,
P05046,曹晓雨,女,18,18-24,无需要照顾的孩子,体力劳动者,manual_worker,建筑工人,,,
P05047,刘诺,男,31,30-34,无需要照顾的孩子,上班族,office_worker,产品经理,,,
P05048,吴晨,女,29,25-29,无需要照顾的孩子,服务业者,service_worker,咖啡师,,,
P05049,吴星心,女,20,18-24,无需要照顾的孩子,上班族,office_worker,采购专员,,,
P05050,王轩浩,男,25,25-29,无需要照顾的孩子,服务业者,service_worker,餐厅服务员,,,
P05051,王子羽,男,31,30-34,有未成年孩子,上班族,office_worker,销售经理,,,
P05052,林梦静,女,19,18-24,无需要照顾的孩子,上班族,office_worker,会计,,,
P05053,陈嫣宁,女,29,25-29,无需要照顾的孩子,服务业者,service_worker,酒店服务人员,,,
P05054,陈彤彤,女,38,35-39,有未成年孩子,体力劳动者,manual_worker,安装工,,,
P05055,郑可,女,35,35-39,无需要照顾的孩子,上班族,office_worker,高级运营专员,,,
P05056,李豪知,男,41,40-45,无需要照顾的孩子,体力劳动者,manual_worker,安装工,,,
P05057,程心晴,女,38,35-39,有未成年孩子,上班族,office_worker,软件工程师,,,
P05058,徐豪佑,男,22,18-24,无需要照顾的孩子,大学生,university_student,本科生,,,
P05059,周清清,男,22,18-24,无需要照顾的孩子,大学生,university_student,硕士研究生,,,
P05060,韩雨诺,女,33,30-34,有未成年孩子,上班族,office_worker,软件工程师,,,
P05061,朱语桐,女,38,35-39,无需要照顾的孩子,体力劳动者,manual_worker,配送员,,,
P05062,陈怡雨,女,39,35-39,有未成年孩子,上班族,office_worker,运营专员,,,
P05063,杨文可,男,18,18-24,无需要照顾的孩子,上班族,office_worker,行政专员,,,
P05064,黄怡晓,女,38,35-39,无需要照顾的孩子,上班族,office_worker,高级软件工程师,,,
P05065,周思婷,女,39,35-39,有未成年孩子,自由业者,freelancer,自由销售,,,
P05066,陈可琪,女,28,25-29,无需要照顾的孩子,上班族,office_worker,销售代表,,,
P05067,张佳,女,44,40-45,有未成年孩子,服务业者,service_worker,理发师,,,
P05068,李远佳,女,39,35-39,有未成年孩子,上班族,office_worker,设计师,,,
P05069,张雅嘉,女,20,18-24,无需要照顾的孩子,自由业者,freelancer,自媒体从业者,,,
P05070,孙明羽,男,38,35-39,无需要照顾的孩子,上班族,office_worker,会计,,,
P05071,刘源晓,女,18,18-24,有未成年孩子,大学生,university_student,本科生,,,
P05072,徐羽思,男,19,18-24,无需要照顾的孩子,自由业者,freelancer,咨询顾问,,,
P05073,曹语怡,女,35,35-39,有未成年孩子,上班族,office_worker,人力资源经理,,,
P05074,王佳,女,21,18-24,无需要照顾的孩子,大学生,university_student,本科生,,,
P05075,宋佳婷,女,18,18-24,无需要照顾的孩子,上班族,office_worker,销售代表,,,
P05076,陈嫣雨,女,31,30-34,无需要照顾的孩子,自由业者,freelancer,翻译,,,
P05077,张涵涵,女,39,35-39,无需要照顾的孩子,上班族,office_worker,销售经理,,,
P05078,孙豪阳,男,21,18-24,无需要照顾的孩子,大学生,university_student,本科生,,,
P05079,吴梦雅,女,25,25-29,无需要照顾的孩子,上班族,office_worker,软件工程师,,,
P05080,孙源语,女,22,18-24,无需要照顾的孩子,上班族,office_worker,财务专员,,,
P05081,冯琪,女,42,40-45,有未成年孩子,自由业者,freelancer,自由销售,,,
P05082,张星嘉,女,19,18-24,无需要照顾的孩子,大学生,university_student,本科生,,,
P05083,冯诗语,女,23,18-24,无需要照顾的孩子,大学生,university_student,博士研究生,,,
P05084,周嫣雨,女,45,40-45,有未成年孩子,体力劳动者,manual_worker,卡车司机,,,
P05085,陈宁诺,女,43,40-45,有未成年孩子,服务业者,service_worker,美容师,,,
P05086,张思辰,男,23,18-24,无需要照顾的孩子,体力劳动者,manual_worker,维修技师,,,
P05087,王言,女,26,25-29,无需要照顾的孩子,体力劳动者,manual_worker,搬运工,,,
P05088,陈乐,女,42,40-45,有未成年孩子,上班族,office_worker,项目经理,,,
P05089,冯涵源,女,40,40-45,有未成年孩子,服务业者,service_worker,客服,,,
P05090,杨涵涵,女,36,35-39,有未成年孩子,上班族,office_worker,销售经理,,,
P05091,朱诺婷,女,35,35-39,有未成年孩子,上班族,office_worker,设计师,,,
P05092,李星,女,29,25-29,无需要照顾的孩子,上班族,office_worker,设计师,,,
P05093,李辰星,男,18,18-24,无需要照顾的孩子,大学生,university_student,硕士研究生,,,
P05094,林宁涵,女,38,35-39,有未成年孩子,服务业者,service_worker,餐厅服务员,,,
P05095,张婉,女,31,30-34,有未成年孩子,服务业者,service_worker,保安,,,
P05096,周雅静,女,43,40-45,有未成年孩子,上班族,office_worker,采购经理,,,
P05097,王可佳,女,45,40-45,有未成年孩子,体力劳动者,manual_worker,卡车司机,,,
P05098,杨婷嫣,女,40,40-45,有未成年孩子,上班族,office_worker,运营专员,,,
P05099,黄诚安,男,32,30-34,有未成年孩子,体力劳动者,manual_worker,焊工,,,
P05100,张心哲,男,34,30-34,有未成年孩子,上班族,office_worker,客户经理,,,
P05101,徐涵梓,男,29,25-29,无需要照顾的孩子,上班族,office_worker,采购专员,,,
P05102,王涵乐,女,36,35-39,有未成年孩子,上班族,office_worker,技术经理,,,
P05103,王怡雨,女,27,25-29,有未成年孩子,上班族,office_worker,会计,,,
P05104,黄俊博,男,25,25-29,无需要照顾的孩子,服务业者,service_worker,咖啡师,,,
P05105,周清,女,45,40-45,无需要照顾的孩子,上班族,office_worker,财务主管,,,
P05106,林彤彤,女,34,30-34,无需要照顾的孩子,上班族,office_worker,行政专员,,,
P05107,袁思思,女,31,30-34,无需要照顾的孩子,上班族,office_worker,财务专员,,,
P05108,郑梦,女,38,35-39,有未成年孩子,服务业者,service_worker,理发师,,,
P05109,刘琪怡,女,37,35-39,无需要照顾的孩子,服务业者,service_worker,厨师,,,
P05110,张静静,女,44,40-45,有未成年孩子,服务业者,service_worker,酒店前台,,,
P05111,刘佑一,男,34,30-34,无需要照顾的孩子,体力劳动者,manual_worker,建筑工人,,,
P05112,张梓辰,男,45,40-45,有未成年孩子,服务业者,service_worker,收银员,,,
P05113,李思可,女,37,35-39,有未成年孩子,体力劳动者,manual_worker,电工,,,
P05114,曹心瑶,女,37,35-39,无需要照顾的孩子,上班族,office_worker,高级运营专员,,,
P05115,刘晓嫣,女,34,30-34,无需要照顾的孩子,服务业者,service_worker,酒店服务人员,,,
P05116,梁晓心,女,31,30-34,有未成年孩子,体力劳动者,manual_worker,维修技师,,,
P05117,宋明涵,男,22,18-24,无需要照顾的孩子,体力劳动者,manual_worker,卡车司机,,,
P05118,刘知,男,39,35-39,有未成年孩子,自由业者,freelancer,摄影师,,,
P05119,张清,女,39,35-39,无需要照顾的孩子,服务业者,service_worker,美容师,,,
P05120,陈一静,女,30,30-34,有未成年孩子,上班族,office_worker,销售代表,,,
P05121,刘星桐,女,35,35-39,有未成年孩子,服务业者,service_worker,零售店员,,,
P05122,高宁,女,34,30-34,有未成年孩子,上班族,office_worker,采购经理,,,
P05123,胡诗梦,女,34,30-34,无需要照顾的孩子,服务业者,service_worker,咖啡师,,,
P05124,徐哲志,男,31,30-34,无需要照顾的孩子,体力劳动者,manual_worker,配送员,,,
P05125,朱诗语,女,35,35-39,有成年孩子,上班族,office_worker,高级运营专员,,,
P05126,胡远清,男,33,30-34,有未成年孩子,上班族,office_worker,运营专员,,,
P05127,吴宁,女,30,30-34,无需要照顾的孩子,上班族,office_worker,数据分析师,,,
P05128,杨羽桐,女,30,30-34,无需要照顾的孩子,自由业者,freelancer,自由设计师,,,
P05129,张远杰,男,43,40-45,无需要照顾的孩子,自由业者,freelancer,自媒体从业者,,,
P05130,黄诗,女,28,25-29,无需要照顾的孩子,上班族,office_worker,会计,,,
P05131,罗琪涵,女,37,35-39,无需要照顾的孩子,上班族,office_worker,财务经理,,,
P05132,陈欣语,女,20,18-24,无需要照顾的孩子,大学生,university_student,本科生,,,
P05133,吴晨,女,18,18-24,无需要照顾的孩子,大学生,university_student,本科生,,,
P05134,周晴雅,女,32,30-34,无需要照顾的孩子,上班族,office_worker,会计,,,
P05135,高涵怡,女,37,35-39,有未成年孩子,自由业者,freelancer,咨询顾问,,,
P05136,徐若琪,女,29,25-29,无需要照顾的孩子,体力劳动者,manual_worker,设备操作员,,,
P05137,王乐,女,19,18-24,无需要照顾的孩子,大学生,university_student,本科生,,,
P05138,孙轩景,男,32,30-34,无需要照顾的孩子,上班族,office_worker,数据分析师,,,
P05139,张若,女,38,35-39,有未成年孩子,服务业者,service_worker,保安,,,
P05140,李婷佳,女,44,40-45,无需要照顾的孩子,上班族,office_worker,高级运营专员,,,
P05141,陈雨思,女,40,40-45,有未成年孩子,服务业者,service_worker,客服,,,
P05142,王远杰,男,30,30-34,有未成年孩子,服务业者,service_worker,收银员,,,
P05143,高宁心,女,33,30-34,有未成年孩子,自由业者,freelancer,私教,,,
P05144,张心,男,30,30-34,无需要照顾的孩子,自由业者,freelancer,自媒体从业者,,,
P05145,徐语佳,女,26,25-29,有未成年孩子,上班族,office_worker,行政专员,,,
P05146,徐晴晨,女,44,40-45,有未成年孩子,服务业者,service_worker,酒店前台,,,
P05147,刘安言,女,43,40-45,无需要照顾的孩子,体力劳动者,manual_worker,卡车司机,,,
P05148,赵彤彤,女,24,18-24,无需要照顾的孩子,自由业者,freelancer,摄影师,,,
P05149,李景宇,男,29,25-29,无需要照顾的孩子,服务业者,service_worker,健身教练,,,
P05150,李曦清,女,21,18-24,无需要照顾的孩子,大学生,university_student,本科生,,,
P05151,刘婉嘉,女,25,25-29,无需要照顾的孩子,上班族,office_worker,高级数据分析师,,,
P05152,罗婉嘉,女,31,30-34,有未成年孩子,服务业者,service_worker,咖啡师,,,
P05153,张乐,女,29,25-29,有未成年孩子,大学生,university_student,硕士研究生,,,
P05154,唐怡佳,女,19,18-24,无需要照顾的孩子,服务业者,service_worker,酒店前台,,,
P05155,刘明,男,18,18-24,无需要照顾的孩子,大学生,university_student,博士研究生,,,
P05156,刘诺宇,男,40,40-45,有未成年孩子,上班族,office_worker,客户经理,,,
P05157,胡诚源,男,31,30-34,有未成年孩子,体力劳动者,manual_worker,维修技师,,,
P05158,胡若涵,女,34,30-34,有未成年孩子,上班族,office_worker,数据分析师,,,
P05159,王乐羽,女,24,18-24,无需要照顾的孩子,大学生,university_student,博士研究生,,,
P05160,朱怡一,女,24,18-24,无需要照顾的孩子,上班族,office_worker,行政专员,,,
P05161,孙浩杰,男,32,30-34,无需要照顾的孩子,自由业者,freelancer,自由销售,,,
P05162,王雅欣,女,18,18-24,无需要照顾的孩子,大学生,university_student,本科生,,,
P05163,高辰知,男,23,18-24,无需要照顾的孩子,大学生,university_student,本科生,,,
P05164,于佳星,女,44,40-45,有未成年孩子,服务业者,service_worker,房产经纪,,,
P05165,刘然乐,男,19,18-24,无需要照顾的孩子,自由业者,freelancer,自由设计师,,,
P05166,王梓,男,45,40-45,有未成年孩子,服务业者,service_worker,餐厅服务员,,,
P05167,张桐,女,45,40-45,有未成年孩子,自由业者,freelancer,独立程序员,,,
P05168,李一心,男,39,35-39,有未成年孩子,上班族,office_worker,运营专员,,,
P05169,郭可,女,33,30-34,无需要照顾的孩子,上班族,office_worker,客户经理,,,
P05170,王晨涵,女,36,35-39,无需要照顾的孩子,上班族,office_worker,销售代表,,,
P05171,董辰欣,女,25,25-29,无需要照顾的孩子,自由业者,freelancer,独立承包商,,,
P05172,韩若佳,女,44,40-45,有成年孩子,服务业者,service_worker,咖啡师,,,
P05173,陈婷,女,27,25-29,无需要照顾的孩子,体力劳动者,manual_worker,电工,,,
P05174,王哲昊,男,30,30-34,无需要照顾的孩子,服务业者,service_worker,健身教练,,,
P05175,李清晨,男,42,40-45,有未成年孩子,体力劳动者,manual_worker,安装工,,,
P05176,罗婉,女,43,40-45,无需要照顾的孩子,上班族,office_worker,高级产品经理,,,
P05177,程远豪,男,27,25-29,无需要照顾的孩子,上班族,office_worker,客户专员,,,
P05178,刘语可,女,23,18-24,无需要照顾的孩子,服务业者,service_worker,保安,,,
P05179,王轩然,男,34,30-34,无需要照顾的孩子,自由业者,freelancer,自媒体从业者,,,
P05180,周泽心,男,20,18-24,无需要照顾的孩子,上班族,office_worker,行政专员,,,
P05181,胡杰,男,38,35-39,无需要照顾的孩子,上班族,office_worker,运营专员,,,
P05182,张佳,女,38,35-39,无需要照顾的孩子,服务业者,service_worker,健身教练,,,
P05183,程可言,男,25,25-29,无需要照顾的孩子,服务业者,service_worker,理发师,,,
P05184,李天羽,男,38,35-39,有未成年孩子,上班族,office_worker,高级数据分析师,,,
P05185,胡雅嫣,女,33,30-34,有未成年孩子,上班族,office_worker,业务负责人,,,
P05186,刘然景,男,27,25-29,无需要照顾的孩子,自由业者,freelancer,摄影师,,,
P05187,陈若诺,女,33,30-34,有未成年孩子,体力劳动者,manual_worker,配送员,,,
P05188,何可,女,41,40-45,有成年孩子,体力劳动者,manual_worker,电工,,,
P05189,韩嫣怡,女,27,25-29,无需要照顾的孩子,服务业者,service_worker,健身教练,,,
P05190,赵诗欣,女,41,40-45,有未成年孩子,上班族,office_worker,销售经理,,,
P05191,陈远,男,41,40-45,有未成年孩子,自由业者,freelancer,自媒体从业者,,,
P05192,刘源,女,22,18-24,无需要照顾的孩子,上班族,office_worker,数据分析师,,,
P05193,林宁嫣,女,21,18-24,无需要照顾的孩子,大学生,university_student,硕士研究生,,,
P05194,李可雨,女,42,40-45,有未成年孩子,自由业者,freelancer,网店经营者,,,
P05195,何宁雅,女,39,35-39,无需要照顾的孩子,服务业者,service_worker,理发师,,,
P05196,李明晨,男,32,30-34,有未成年孩子,体力劳动者,manual_worker,焊工,,,
P05197,刘子欣,女,38,35-39,无需要照顾的孩子,服务业者,service_worker,酒店服务人员,,,
P05198,邓宁佳,女,38,35-39,无需要照顾的孩子,体力劳动者,manual_worker,搬运工,,,
P05199,周楷泽,男,35,35-39,无需要照顾的孩子,服务业者,service_worker,收银员,,,
P05200,陈琪,女,25,25-29,无需要照顾的孩子,体力劳动者,manual_worker,安装工,,,
P05201,李曦诺,女,29,25-29,无需要照顾的孩子,上班族,office_worker,客户专员,,,
P05202,陈晓,女,40,40-45,有未成年孩子,体力劳动者,manual_worker,设备操作员,,,
P05203,李嘉可,女,40,40-45,无需要照顾的孩子,上班族,office_worker,技术经理,,,
P05204,黄哲梓,男,32,30-34,无需要照顾的孩子,上班族,office_worker,数据分析师,,,
P05205,李嫣雨,女,26,25-29,有未成年孩子,大学生,university_student,硕士研究生,,,
P05206,高文安,男,34,30-34,无需要照顾的孩子,服务业者,service_worker,收银员,,,
P05207,周涵知,女,32,30-34,有未成年孩子,上班族,office_worker,设计师,,,
P05208,袁曦知,女,35,35-39,无需要照顾的孩子,服务业者,service_worker,零售店员,,,
P05209,罗雅桐,女,31,30-34,无需要照顾的孩子,上班族,office_worker,软件工程师,,,
P05210,王安涵,男,28,25-29,无需要照顾的孩子,自由业者,freelancer,翻译,,,
P05211,黄子博,男,37,35-39,有未成年孩子,上班族,office_worker,产品经理,,,
P05212,张星泽,男,44,40-45,有未成年孩子,上班族,office_worker,HR经理,,,
P05213,许哲源,男,21,18-24,无需要照顾的孩子,大学生,university_student,硕士研究生,,,
P05214,王彤思,女,31,30-34,无需要照顾的孩子,服务业者,service_worker,餐厅服务员,,,
P05215,王阳,男,31,30-34,无需要照顾的孩子,上班族,office_worker,技术经理,,,
P05216,王彤,女,33,30-34,无需要照顾的孩子,上班族,office_worker,高级运营专员,,,
P05217,黄豪星,男,34,30-34,无需要照顾的孩子,上班族,office_worker,客户经理,,,
P05218,许辰嘉,女,38,35-39,有未成年孩子,自由业者,freelancer,自媒体从业者,,,
P05219,杨桐怡,女,34,30-34,无需要照顾的孩子,上班族,office_worker,高级软件工程师,,,
P05220,陈桐曦,女,45,40-45,无需要照顾的孩子,体力劳动者,manual_worker,维修技师,,,
P05221,梁婷嘉,女,30,30-34,有未成年孩子,服务业者,service_worker,美容师,,,
P05222,张豪清,男,20,18-24,无需要照顾的孩子,服务业者,service_worker,客服,,,
P05223,陈雅宁,女,32,30-34,有未成年孩子,上班族,office_worker,HR经理,,,
P05224,黄辰桐,女,23,18-24,无需要照顾的孩子,体力劳动者,manual_worker,快递员,,,
P05225,黄清羽,女,38,35-39,有未成年孩子,服务业者,service_worker,房产经纪,,,
P05226,张语诺,女,42,40-45,有未成年孩子,服务业者,service_worker,房产经纪,,,
P05227,赵怡知,女,22,18-24,无需要照顾的孩子,上班族,office_worker,软件工程师,,,
P05228,宋佳涵,女,32,30-34,有未成年孩子,服务业者,service_worker,房产经纪,,,
P05229,郭乐,女,33,30-34,有未成年孩子,上班族,office_worker,行政专员,,,
P05230,李雅思,女,30,30-34,有未成年孩子,上班族,office_worker,HR经理,,,
P05231,王怡曦,女,33,30-34,有未成年孩子,上班族,office_worker,行政专员,,,
P05232,徐佳,女,44,40-45,有未成年孩子,上班族,office_worker,财务经理,,,
P05233,刘欣言,女,28,25-29,无需要照顾的孩子,自由业者,freelancer,摄影师,,,
P05234,朱诗思,女,26,25-29,有未成年孩子,服务业者,service_worker,酒店服务人员,,,
P05235,郭怡曦,女,28,25-29,无需要照顾的孩子,上班族,office_worker,销售代表,,,
P05236,高源言,男,30,30-34,有未成年孩子,体力劳动者,manual_worker,维修技师,,,
P05237,刘远涵,女,40,40-45,有未成年孩子,上班族,office_worker,客户经理,,,
P05238,李安远,女,32,30-34,无需要照顾的孩子,服务业者,service_worker,餐厅服务员,,,
P05239,周源博,男,37,35-39,有未成年孩子,上班族,office_worker,高级数据分析师,,,
P05240,杨思佳,女,32,30-34,有未成年孩子,自由业者,freelancer,私教,,,
P05241,刘泽思,男,19,18-24,无需要照顾的孩子,大学生,university_student,本科生,,,
P05242,王清彤,女,28,25-29,无需要照顾的孩子,自由业者,freelancer,翻译,,,
P05243,李婷曦,女,24,18-24,无需要照顾的孩子,上班族,office_worker,会计,,,
P05244,黄怡宁,女,38,35-39,有未成年孩子,上班族,office_worker,销售经理,,,
P05245,朱远晴,女,32,30-34,无需要照顾的孩子,体力劳动者,manual_worker,设备操作员,,,
P05246,王远然,男,29,25-29,无需要照顾的孩子,服务业者,service_worker,酒店服务人员,,,
P05247,陈琪瑶,女,34,30-34,有未成年孩子,自由业者,freelancer,网店经营者,,,
P05248,郭涵瑶,女,28,25-29,无需要照顾的孩子,自由业者,freelancer,独立程序员,,,
P05249,黄一,男,31,30-34,有未成年孩子,上班族,office_worker,销售代表,,,
P05250,陈远,女,25,25-29,有未成年孩子,上班族,office_worker,设计师,,,
P05251,王语乐,女,28,25-29,无需要照顾的孩子,上班族,office_worker,高级运营专员,,,
P05252,朱梦彤,女,33,30-34,无需要照顾的孩子,上班族,office_worker,会计,,,
P05253,赵浩,男,35,35-39,有未成年孩子,上班族,office_worker,产品经理,,,
P05254,冯嫣,女,43,40-45,无需要照顾的孩子,上班族,office_worker,行政专员,,,
P05255,赵彤若,女,42,40-45,无需要照顾的孩子,体力劳动者,manual_worker,卡车司机,,,
P05256,林晴,女,39,35-39,有未成年孩子,体力劳动者,manual_worker,设备操作员,,,
P05257,张嫣佳,女,37,35-39,无需要照顾的孩子,上班族,office_worker,高级项目经理,,,
P05258,李诚诺,男,43,40-45,无需要照顾的孩子,上班族,office_worker,财务主管,,,
P05259,黄晓婉,女,22,18-24,无需要照顾的孩子,大学生,university_student,本科生,,,
P05260,李琪,女,39,35-39,无需要照顾的孩子,上班族,office_worker,运营专员,,,
P05261,胡阳晨,男,44,40-45,有未成年孩子,上班族,office_worker,行政专员,,,
P05262,杨婷清,女,26,25-29,无需要照顾的孩子,上班族,office_worker,软件工程师,,,
P05263,高雨宁,女,41,40-45,有未成年孩子,体力劳动者,manual_worker,建筑工人,,,
P05264,周可婷,女,37,35-39,有未成年孩子,体力劳动者,manual_worker,设备操作员,,,
P05265,陈怡,女,43,40-45,无需要照顾的孩子,体力劳动者,manual_worker,快递员,,,
P05266,王佳梦,女,30,30-34,无需要照顾的孩子,服务业者,service_worker,厨师,,,
P05267,朱哲哲,男,41,40-45,有未成年孩子,上班族,office_worker,高级软件工程师,,,
P05268,陈可婷,女,38,35-39,有未成年孩子,服务业者,service_worker,咖啡师,,,
P05269,于琪诗,女,32,30-34,无需要照顾的孩子,服务业者,service_worker,厨师,,,
P05270,刘佳佳,女,44,40-45,无需要照顾的孩子,上班族,office_worker,高级运营专员,,,
P05271,张涵婷,女,29,25-29,有未成年孩子,服务业者,service_worker,酒店服务人员,,,
P05272,李宁,男,19,18-24,无需要照顾的孩子,大学生,university_student,本科生,,,
P05273,程婷诺,女,39,35-39,有未成年孩子,上班族,office_worker,采购专员,,,
P05274,黄星嫣,女,26,25-29,无需要照顾的孩子,大学生,university_student,硕士研究生,,,
P05275,赵雨,女,27,25-29,无需要照顾的孩子,服务业者,service_worker,酒店服务人员,,,
P05276,李宁,女,43,40-45,有未成年孩子,上班族,office_worker,业务负责人,,,
P05277,郭涵子,男,41,40-45,有未成年孩子,服务业者,service_worker,房产经纪,,,
P05278,张景诚,男,21,18-24,无需要照顾的孩子,大学生,university_student,本科生,,,
P05279,王楷,男,39,35-39,有未成年孩子,上班族,office_worker,销售经理,,,
P05280,刘阳阳,男,38,35-39,无需要照顾的孩子,体力劳动者,manual_worker,电工,,,
P05281,陈一辰,女,22,18-24,无需要照顾的孩子,服务业者,service_worker,房产经纪,,,
P05282,陈羽,男,39,35-39,有未成年孩子,服务业者,service_worker,厨师,,,
P05283,韩思,女,28,25-29,无需要照顾的孩子,上班族,office_worker,会计,,,
P05284,郭语佳,女,43,40-45,有未成年孩子,上班族,office_worker,客户经理,,,
P05285,周思,女,40,40-45,有未成年孩子,上班族,office_worker,客户经理,,,
P05286,高源,男,38,35-39,有未成年孩子,自由业者,freelancer,翻译,,,
P05287,王楷远,男,28,25-29,无需要照顾的孩子,上班族,office_worker,数据分析师,,,
P05288,王佳桐,女,25,25-29,无需要照顾的孩子,上班族,office_worker,会计,,,
P05289,李诺,男,25,25-29,无需要照顾的孩子,大学生,university_student,硕士研究生,,,
P05290,许清婷,女,19,18-24,无需要照顾的孩子,大学生,university_student,本科生,,,
P05291,郑晴清,女,22,18-24,无需要照顾的孩子,服务业者,service_worker,零售店员,,,
P05292,孙可言,女,28,25-29,有未成年孩子,服务业者,service_worker,收银员,,,
P05293,韩远,男,20,18-24,无需要照顾的孩子,大学生,university_student,本科生,,,
P05294,黄诗源,女,19,18-24,无需要照顾的孩子,体力劳动者,manual_worker,快递员,,,
P05295,何桐雨,女,26,25-29,无需要照顾的孩子,服务业者,service_worker,健身教练,,,
P05296,梁晨诺,女,35,35-39,有未成年孩子,服务业者,service_worker,美容师,,,
P05297,王欣乐,女,45,40-45,无需要照顾的孩子,上班族,office_worker,HR经理,,,
P05298,许曦桐,女,42,40-45,有未成年孩子,服务业者,service_worker,咖啡师,,,
P05299,赵星博,男,37,35-39,有未成年孩子,上班族,office_worker,软件工程师,,,
P05300,胡可子,女,45,40-45,有未成年孩子,自由业者,freelancer,网店经营者,,,
P05301,赵宁思,女,24,18-24,无需要照顾的孩子,自由业者,freelancer,独立承包商,,,
P05302,陈彤远,女,28,25-29,有未成年孩子,体力劳动者,manual_worker,电工,,,
P05303,张怡,女,30,30-34,无需要照顾的孩子,上班族,office_worker,高级软件工程师,,,
P05304,袁明然,男,34,30-34,有未成年孩子,上班族,office_worker,采购经理,,,
P05305,梁佳,女,26,25-29,无需要照顾的孩子,服务业者,service_worker,餐厅服务员,,,
P05306,张源泽,男,23,18-24,无需要照顾的孩子,大学生,university_student,本科生,,,
P05307,胡心,女,20,18-24,有未成年孩子,体力劳动者,manual_worker,配送员,,,
P05308,唐辰嫣,女,27,25-29,无需要照顾的孩子,上班族,office_worker,软件工程师,,,
P05309,杨远远,女,34,30-34,无需要照顾的孩子,上班族,office_worker,人力资源经理,,,
P05310,林诺思,女,18,18-24,无需要照顾的孩子,上班族,office_worker,财务专员,,,
P05311,胡嘉清,女,37,35-39,有未成年孩子,上班族,office_worker,区域经理,,,
P05312,徐星清,女,29,25-29,无需要照顾的孩子,上班族,office_worker,客户专员,,,
P05313,王彤瑶,女,44,40-45,有未成年孩子,服务业者,service_worker,餐厅服务员,,,
P05314,林星晓,女,40,40-45,无需要照顾的孩子,上班族,office_worker,项目经理,,,
P05315,冯言源,男,35,35-39,有未成年孩子,上班族,office_worker,财务主管,,,
P05316,李源言,女,34,30-34,无需要照顾的孩子,上班族,office_worker,会计,,,
P05317,吴思,女,39,35-39,有未成年孩子,服务业者,service_worker,保安,,,
P05318,高若乐,女,40,40-45,无需要照顾的孩子,体力劳动者,manual_worker,维修技师,,,
P05319,黄心,女,32,30-34,无需要照顾的孩子,上班族,office_worker,采购经理,,,
P05320,胡楷嘉,男,40,40-45,有未成年孩子,上班族,office_worker,高级数据分析师,,,
P05321,王晨然,男,30,30-34,有未成年孩子,上班族,office_worker,客户专员,,,
P05322,赵欣晨,女,23,18-24,无需要照顾的孩子,大学生,university_student,硕士研究生,,,
P05323,刘豪心,男,25,25-29,无需要照顾的孩子,上班族,office_worker,客户专员,,,
P05324,胡言心,女,18,18-24,无需要照顾的孩子,服务业者,service_worker,厨师,,,
P05325,杨晓,女,32,30-34,有未成年孩子,上班族,office_worker,客户专员,,,
P05326,黄晓梦,女,26,25-29,无需要照顾的孩子,上班族,office_worker,HR经理,,,
P05327,马雨婷,女,18,18-24,无需要照顾的孩子,服务业者,service_worker,厨师,,,
P05328,陈思然,男,33,30-34,无需要照顾的孩子,上班族,office_worker,客户经理,,,
P05329,刘瑶语,女,33,30-34,无需要照顾的孩子,服务业者,service_worker,理发师,,,
P05330,吴可涵,男,33,30-34,无需要照顾的孩子,上班族,office_worker,客户专员,,,
P05331,周子晨,女,38,35-39,有未成年孩子,体力劳动者,manual_worker,配送员,,,
P05332,周博,男,32,30-34,有未成年孩子,上班族,office_worker,设计师,,,
P05333,刘欣,女,29,25-29,无需要照顾的孩子,服务业者,service_worker,收银员,,,
P05334,唐轩文,男,27,25-29,无需要照顾的孩子,服务业者,service_worker,咖啡师,,,
P05335,李子星,男,36,35-39,有未成年孩子,上班族,office_worker,采购经理,,,
P05336,李彤,女,41,40-45,无需要照顾的孩子,服务业者,service_worker,美容师,,,
P05337,王欣一,女,37,35-39,有成年孩子,体力劳动者,manual_worker,电工,,,
P05338,陈远晨,男,18,18-24,无需要照顾的孩子,体力劳动者,manual_worker,搬运工,,,
P05339,吴诗琪,女,19,18-24,无需要照顾的孩子,上班族,office_worker,运营专员,,,
P05340,王晴宁,女,40,40-45,有未成年孩子,服务业者,service_worker,酒店服务人员,,,
P05341,陈一思,女,25,25-29,有未成年孩子,上班族,office_worker,高级软件工程师,,,
P05342,张曦羽,女,30,30-34,有未成年孩子,服务业者,service_worker,咖啡师,,,
P05343,周宁,女,39,35-39,有成年孩子,上班族,office_worker,高级软件工程师,,,
P05344,黄安远,女,21,18-24,无需要照顾的孩子,体力劳动者,manual_worker,配送员,,,
P05345,赵一羽,女,29,25-29,无需要照顾的孩子,上班族,office_worker,项目经理,,,
P05346,唐雅欣,女,24,18-24,无需要照顾的孩子,体力劳动者,manual_worker,配送员,,,
P05347,王言涵,女,39,35-39,有未成年孩子,体力劳动者,manual_worker,焊工,,,
P05348,王静涵,女,32,30-34,无需要照顾的孩子,自由业者,freelancer,私教,,,
P05349,张昊哲,男,26,25-29,无需要照顾的孩子,大学生,university_student,硕士研究生,,,
P05350,刘佑嘉,男,24,18-24,无需要照顾的孩子,大学生,university_student,硕士研究生,,,
P05351,曹雅怡,女,29,25-29,无需要照顾的孩子,服务业者,service_worker,客服,,,
P05352,何佑可,男,43,40-45,有未成年孩子,服务业者,service_worker,收银员,,,
P05353,王可,女,38,35-39,有未成年孩子,服务业者,service_worker,保安,,,
P05354,谢楷文,男,20,18-24,有未成年孩子,自由业者,freelancer,自媒体从业者,,,
P05355,张嫣梦,女,20,18-24,无需要照顾的孩子,服务业者,service_worker,收银员,,,
P05356,王可佳,女,28,25-29,无需要照顾的孩子,上班族,office_worker,软件工程师,,,
P05357,王桐源,女,23,18-24,无需要照顾的孩子,体力劳动者,manual_worker,安装工,,,
P05358,张曦,女,25,25-29,无需要照顾的孩子,体力劳动者,manual_worker,汽车技师,,,
P05359,张可诺,女,32,30-34,无需要照顾的孩子,体力劳动者,manual_worker,仓库操作员,,,
P05360,刘静远,女,35,35-39,有未成年孩子,上班族,office_worker,客户经理,,,
P05361,韩涵欣,女,36,35-39,有未成年孩子,体力劳动者,manual_worker,维修技师,,,
P05362,王辰晨,女,28,25-29,无需要照顾的孩子,大学生,university_student,博士研究生,,,
P05363,郑星安,女,31,30-34,无需要照顾的孩子,体力劳动者,manual_worker,快递员,,,
P05364,陈佳羽,女,34,30-34,有未成年孩子,服务业者,service_worker,美容师,,,
P05365,李一,男,18,18-24,无需要照顾的孩子,大学生,university_student,硕士研究生,,,
P05366,杨景涵,男,27,25-29,无需要照顾的孩子,上班族,office_worker,数据分析师,,,
P05367,周晨,女,31,30-34,无需要照顾的孩子,自由业者,freelancer,独立承包商,,,
P05368,李婷乐,女,40,40-45,有未成年孩子,上班族,office_worker,销售经理,,,
P05369,李清,男,20,18-24,无需要照顾的孩子,服务业者,service_worker,收银员,,,
P05370,王豪豪,男,29,25-29,无需要照顾的孩子,体力劳动者,manual_worker,搬运工,,,
P05371,徐彤可,女,45,40-45,无需要照顾的孩子,上班族,office_worker,客户专员,,,
P05372,刘嘉若,女,31,30-34,无需要照顾的孩子,上班族,office_worker,高级数据分析师,,,
P05373,周佑可,男,20,18-24,无需要照顾的孩子,自由业者,freelancer,自由销售,,,
P05374,周婷清,女,37,35-39,有未成年孩子,上班族,office_worker,会计,,,
P05375,王浩然,男,32,30-34,有未成年孩子,服务业者,service_worker,房产经纪,,,
P05376,张涵言,女,26,25-29,无需要照顾的孩子,上班族,office_worker,软件工程师,,,
P05377,张一博,男,30,30-34,无需要照顾的孩子,体力劳动者,manual_worker,搬运工,,,
P05378,吴乐彤,女,38,35-39,有未成年孩子,体力劳动者,manual_worker,快递员,,,
P05379,李思嘉,女,42,40-45,有未成年孩子,上班族,office_worker,高级数据分析师,,,
P05380,黄若嘉,女,19,18-24,有未成年孩子,大学生,university_student,本科生,,,
P05381,朱晨,女,26,25-29,无需要照顾的孩子,自由业者,freelancer,自媒体从业者,,,
P05382,王晨宁,女,34,30-34,有未成年孩子,服务业者,service_worker,酒店服务人员,,,
P05383,王宇,男,33,30-34,有未成年孩子,服务业者,service_worker,健身教练,,,
P05384,李晨,男,27,25-29,无需要照顾的孩子,服务业者,service_worker,酒店前台,,,
P05385,黄言涵,男,27,25-29,有未成年孩子,上班族,office_worker,客户专员,,,
P05386,李轩嘉,男,43,40-45,有未成年孩子,上班族,office_worker,财务主管,,,
P05387,杨一涵,男,28,25-29,有未成年孩子,服务业者,service_worker,厨师,,,
P05388,朱曦琪,女,25,25-29,无需要照顾的孩子,上班族,office_worker,财务专员,,,
P05389,李婷怡,女,39,35-39,无需要照顾的孩子,上班族,office_worker,高级运营专员,,,
P05390,郑语,女,38,35-39,无需要照顾的孩子,服务业者,service_worker,餐厅服务员,,,
P05391,李阳轩,男,34,30-34,无需要照顾的孩子,体力劳动者,manual_worker,维修技师,,,
P05392,李远,女,29,25-29,无需要照顾的孩子,上班族,office_worker,高级数据分析师,,,
P05393,罗羽星,女,30,30-34,有未成年孩子,服务业者,service_worker,房产经纪,,,
P05394,高远辰,女,28,25-29,无需要照顾的孩子,服务业者,service_worker,房产经纪,,,
P05395,胡阳文,男,39,35-39,有未成年孩子,上班族,office_worker,HR经理,,,
P05396,唐彤婷,女,27,25-29,无需要照顾的孩子,上班族,office_worker,销售代表,,,
P05397,李若可,女,34,30-34,无需要照顾的孩子,体力劳动者,manual_worker,建筑工人,,,
P05398,李嘉天,男,35,35-39,无需要照顾的孩子,服务业者,service_worker,酒店前台,,,
P05399,刘清佳,女,26,25-29,无需要照顾的孩子,服务业者,service_worker,房产经纪,,,
P05400,刘欣源,女,38,35-39,无需要照顾的孩子,服务业者,service_worker,理发师,,,
P05401,韩辰曦,女,33,30-34,有未成年孩子,体力劳动者,manual_worker,电工,,,
P05402,谢晓,女,45,40-45,无需要照顾的孩子,自由业者,freelancer,独立程序员,,,
P05403,王佳,女,37,35-39,有未成年孩子,上班族,office_worker,销售经理,,,
P05404,张思安,女,20,18-24,无需要照顾的孩子,大学生,university_student,本科生,,,
P05405,李涵可,女,30,30-34,有未成年孩子,服务业者,service_worker,房产经纪,,,
P05406,徐瑶宁,女,37,35-39,有未成年孩子,体力劳动者,manual_worker,电工,,,
P05407,高楷心,男,42,40-45,有未成年孩子,服务业者,service_worker,零售店员,,,
P05408,陈瑶嘉,女,41,40-45,无需要照顾的孩子,自由业者,freelancer,独立承包商,,,
P05409,林辰婷,女,41,40-45,无需要照顾的孩子,服务业者,service_worker,酒店服务人员,,,
P05410,张嫣嫣,女,34,30-34,无需要照顾的孩子,上班族,office_worker,行政专员,,,
P05411,袁星心,女,37,35-39,有未成年孩子,上班族,office_worker,运营专员,,,
P05412,黄若安,女,42,40-45,有未成年孩子,服务业者,service_worker,咖啡师,,,
P05413,李远,男,29,25-29,有未成年孩子,大学生,university_student,博士研究生,,,
P05414,赵知婷,女,31,30-34,有未成年孩子,自由业者,freelancer,独立承包商,,,
P05415,吴博志,男,32,30-34,有未成年孩子,上班族,office_worker,设计师,,,
P05416,陈晨雅,女,38,35-39,无需要照顾的孩子,服务业者,service_worker,客服,,,
P05417,李涵哲,男,38,35-39,有未成年孩子,自由业者,freelancer,自媒体从业者,,,
P05418,宋远,女,21,18-24,无需要照顾的孩子,上班族,office_worker,产品经理,,,
P05419,孙羽梦,女,39,35-39,无需要照顾的孩子,自由业者,freelancer,咨询顾问,,,
P05420,李知,女,21,18-24,无需要照顾的孩子,上班族,office_worker,销售代表,,,
P05421,徐欣梦,女,34,30-34,有未成年孩子,上班族,office_worker,产品经理,,,
P05422,郑婉乐,女,41,40-45,有未成年孩子,自由业者,freelancer,独立程序员,,,
P05423,李涵,女,35,35-39,有未成年孩子,体力劳动者,manual_worker,配送员,,,
P05424,王彤可,女,40,40-45,有未成年孩子,服务业者,service_worker,酒店前台,,,
P05425,杨哲星,男,44,40-45,有未成年孩子,自由业者,freelancer,摄影师,,,
P05426,张语桐,女,22,18-24,无需要照顾的孩子,服务业者,service_worker,零售店员,,,
P05427,罗桐心,女,31,30-34,有未成年孩子,上班族,office_worker,运营专员,,,
P05428,罗然一,男,44,40-45,有未成年孩子,服务业者,service_worker,保安,,,
P05429,林乐梦,女,29,25-29,无需要照顾的孩子,服务业者,service_worker,咖啡师,,,
P05430,张佳远,女,42,40-45,有未成年孩子,上班族,office_worker,高级运营专员,,,
P05431,王轩,男,26,25-29,无需要照顾的孩子,自由业者,freelancer,摄影师,,,
P05432,林晴琪,女,27,25-29,无需要照顾的孩子,体力劳动者,manual_worker,安装工,,,
P05433,陈雅宁,女,25,25-29,无需要照顾的孩子,服务业者,service_worker,厨师,,,
P05434,刘瑶,女,28,25-29,无需要照顾的孩子,上班族,office_worker,客户经理,,,
P05435,陈可涵,女,37,35-39,有未成年孩子,上班族,office_worker,财务主管,,,
P05436,林羽睿,男,44,40-45,有未成年孩子,上班族,office_worker,财务经理,,,
P05437,陈源,女,41,40-45,无需要照顾的孩子,上班族,office_worker,运营经理,,,
P05438,李若琪,女,39,35-39,有未成年孩子,服务业者,service_worker,健身教练,,,
P05439,董琪雨,女,37,35-39,有未成年孩子,体力劳动者,manual_worker,电工,,,
P05440,罗安,女,24,18-24,无需要照顾的孩子,大学生,university_student,硕士研究生,,,
P05441,林知安,男,18,18-24,无需要照顾的孩子,大学生,university_student,本科生,,,
P05442,陈乐远,男,29,25-29,无需要照顾的孩子,服务业者,service_worker,收银员,,,
P05443,杨婷婉,女,26,25-29,有未成年孩子,上班族,office_worker,高级数据分析师,,,
P05444,徐豪思,男,34,30-34,有未成年孩子,自由业者,freelancer,翻译,,,
P05445,郭曦欣,女,33,30-34,有未成年孩子,上班族,office_worker,行政专员,,,
P05446,王欣子,女,36,35-39,有未成年孩子,自由业者,freelancer,自由设计师,,,
P05447,董雨嘉,女,19,18-24,无需要照顾的孩子,上班族,office_worker,采购专员,,,
P05448,张源晨,男,29,25-29,无需要照顾的孩子,体力劳动者,manual_worker,建筑工人,,,
P05449,王曦瑶,女,33,30-34,有未成年孩子,上班族,office_worker,销售代表,,,
P05450,周思,女,29,25-29,无需要照顾的孩子,服务业者,service_worker,酒店服务人员,,,
P05451,胡思,女,28,25-29,有未成年孩子,服务业者,service_worker,酒店服务人员,,,
P05452,袁诺诺,女,30,30-34,有未成年孩子,上班族,office_worker,财务主管,,,
P05453,王哲景,男,42,40-45,有未成年孩子,服务业者,service_worker,零售店员,,,
P05454,赵星,男,36,35-39,有未成年孩子,体力劳动者,manual_worker,快递员,,,
P05455,胡俊,男,25,25-29,无需要照顾的孩子,体力劳动者,manual_worker,汽车技师,,,
P05456,朱晨怡,女,22,18-24,无需要照顾的孩子,上班族,office_worker,会计,,,
P05457,王宁辰,男,18,18-24,无需要照顾的孩子,服务业者,service_worker,餐厅服务员,,,
P05458,陈远文,男,34,30-34,无需要照顾的孩子,上班族,office_worker,高级软件工程师,,,
P05459,徐语语,女,38,35-39,有未成年孩子,自由业者,freelancer,自由销售,,,
P05460,刘婉雨,女,26,25-29,无需要照顾的孩子,上班族,office_worker,运营专员,,,
P05461,李哲天,男,22,18-24,无需要照顾的孩子,上班族,office_worker,数据分析师,,,
P05462,吴静雨,女,38,35-39,有未成年孩子,上班族,office_worker,采购经理,,,
P05463,刘欣,女,37,35-39,无需要照顾的孩子,上班族,office_worker,项目经理,,,
P05464,梁乐雅,女,42,40-45,无需要照顾的孩子,体力劳动者,manual_worker,设备操作员,,,
P05465,黄婷梦,女,30,30-34,无需要照顾的孩子,上班族,office_worker,行政专员,,,
P05466,杨轩羽,男,20,18-24,无需要照顾的孩子,体力劳动者,manual_worker,快递员,,,
P05467,周星星,女,18,18-24,无需要照顾的孩子,大学生,university_student,本科生,,,
P05468,王心婷,女,29,25-29,无需要照顾的孩子,上班族,office_worker,高级运营专员,,,
P05469,王晨,男,26,25-29,无需要照顾的孩子,自由业者,freelancer,咨询顾问,,,
P05470,周宁曦,女,28,25-29,无需要照顾的孩子,上班族,office_worker,运营专员,,,
P05471,杨曦言,女,33,30-34,有未成年孩子,服务业者,service_worker,房产经纪,,,
P05472,刘豪,男,26,25-29,无需要照顾的孩子,上班族,office_worker,财务专员,,,
P05473,陈乐浩,男,42,40-45,有未成年孩子,上班族,office_worker,区域经理,,,
P05474,李晨宁,女,42,40-45,有成年孩子,服务业者,service_worker,餐厅服务员,,,
P05475,朱晴涵,女,28,25-29,无需要照顾的孩子,服务业者,service_worker,健身教练,,,
P05476,张可,女,29,25-29,无需要照顾的孩子,服务业者,service_worker,理发师,,,
P05477,曹一,女,34,30-34,无需要照顾的孩子,自由业者,freelancer,咨询顾问,,,
P05478,张梓晨,男,35,35-39,有未成年孩子,上班族,office_worker,技术经理,,,
P05479,陈子桐,女,35,35-39,有未成年孩子,上班族,office_worker,HR经理,,,
P05480,陈星可,女,24,18-24,无需要照顾的孩子,大学生,university_student,本科生,,,
P05481,赵乐辰,男,27,25-29,有未成年孩子,服务业者,service_worker,餐厅服务员,,,
P05482,王知远,女,35,35-39,有未成年孩子,服务业者,service_worker,保安,,,
P05483,王泽辰,男,37,35-39,有未成年孩子,自由业者,freelancer,私教,,,
P05484,陈欣婉,女,44,40-45,无需要照顾的孩子,上班族,office_worker,销售经理,,,
P05485,朱欣思,女,31,30-34,无需要照顾的孩子,上班族,office_worker,客户专员,,,
P05486,周婷星,女,33,30-34,无需要照顾的孩子,上班族,office_worker,高级项目经理,,,
P05487,陈轩,男,24,18-24,无需要照顾的孩子,大学生,university_student,硕士研究生,,,
P05488,罗佑楷,男,25,25-29,无需要照顾的孩子,大学生,university_student,硕士研究生,,,
P05489,李嘉,男,40,40-45,有未成年孩子,上班族,office_worker,采购专员,,,
P05490,周曦,女,27,25-29,有未成年孩子,体力劳动者,manual_worker,电工,,,
P05491,张怡,女,36,35-39,有未成年孩子,上班族,office_worker,产品经理,,,
P05492,张然诺,男,42,40-45,有未成年孩子,自由业者,freelancer,自由销售,,,
P05493,黄诗琪,女,21,18-24,无需要照顾的孩子,服务业者,service_worker,酒店前台,,,
P05494,王源晨,女,27,25-29,无需要照顾的孩子,体力劳动者,manual_worker,安装工,,,
P05495,徐晨瑶,女,44,40-45,无需要照顾的孩子,体力劳动者,manual_worker,设备操作员,,,
P05496,李一清,女,31,30-34,有未成年孩子,上班族,office_worker,高级软件工程师,,,
P05497,李欣佳,女,29,25-29,有未成年孩子,上班族,office_worker,采购专员,,,
P05498,孙晴,女,33,30-34,无需要照顾的孩子,上班族,office_worker,软件工程师,,,
P05499,王宁语,女,19,18-24,无需要照顾的孩子,上班族,office_worker,运营专员,,,
P05500,胡婉,女,31,30-34,有未成年孩子,服务业者,service_worker,厨师,,,
P05501,赵知,女,40,40-45,无需要照顾的孩子,自由业者,freelancer,私教,,,
P05502,马心嘉,男,26,25-29,有未成年孩子,上班族,office_worker,行政专员,,,
P05503,王心,男,32,30-34,无需要照顾的孩子,体力劳动者,manual_worker,维修技师,,,
P05504,王宁,女,30,30-34,无需要照顾的孩子,服务业者,service_worker,美容师,,,
P05505,周轩辰,男,33,30-34,有未成年孩子,上班族,office_worker,设计师,,,
P05506,赵羽琪,女,36,35-39,无需要照顾的孩子,上班族,office_worker,销售经理,,,
P05507,李志一,男,41,40-45,有未成年孩子,自由业者,freelancer,咨询顾问,,,
P05508,陈婷嫣,女,32,30-34,无需要照顾的孩子,自由业者,freelancer,咨询顾问,,,
P05509,刘昊浩,男,37,35-39,有未成年孩子,服务业者,service_worker,零售店员,,,
P05510,马思,女,23,18-24,无需要照顾的孩子,大学生,university_student,本科生,,,
P05511,王诺宁,女,32,30-34,无需要照顾的孩子,服务业者,service_worker,房产经纪,,,
P05512,刘辰梓,男,31,30-34,有未成年孩子,体力劳动者,manual_worker,快递员,,,
P05513,刘远俊,男,39,35-39,有未成年孩子,上班族,office_worker,客户专员,,,
P05514,刘泽乐,男,32,30-34,有未成年孩子,上班族,office_worker,高级运营专员,,,
P05515,何昊辰,男,43,40-45,有未成年孩子,上班族,office_worker,高级软件工程师,,,
P05516,杨心一,女,39,35-39,无需要照顾的孩子,上班族,office_worker,销售代表,,,
P05517,王远嫣,女,23,18-24,无需要照顾的孩子,服务业者,service_worker,零售店员,,,
P05518,刘清可,男,44,40-45,无需要照顾的孩子,上班族,office_worker,高级数据分析师,,,
P05519,郑安诗,女,37,35-39,有未成年孩子,体力劳动者,manual_worker,配送员,,,
P05520,高晴佳,女,37,35-39,无需要照顾的孩子,自由业者,freelancer,自媒体从业者,,,
P05521,胡梦一,女,45,40-45,有未成年孩子,上班族,office_worker,区域经理,,,
P05522,于宁安,女,30,30-34,有未成年孩子,上班族,office_worker,高级运营专员,,,
P05523,王心星,女,41,40-45,有未成年孩子,服务业者,service_worker,厨师,,,
P05524,李静嫣,女,26,25-29,有未成年孩子,自由业者,freelancer,自媒体从业者,,,
P05525,周婷,女,28,25-29,无需要照顾的孩子,大学生,university_student,硕士研究生,,,
P05526,许豪远,男,29,25-29,无需要照顾的孩子,服务业者,service_worker,美容师,,,
P05527,李嘉嘉,男,33,30-34,无需要照顾的孩子,服务业者,service_worker,酒店服务人员,,,
P05528,赵景晨,男,34,30-34,有未成年孩子,服务业者,service_worker,客服,,,
P05529,王然文,男,24,18-24,无需要照顾的孩子,上班族,office_worker,销售代表,,,
P05530,孙桐诺,女,23,18-24,无需要照顾的孩子,服务业者,service_worker,理发师,,,
P05531,陈安欣,女,19,18-24,无需要照顾的孩子,上班族,office_worker,财务专员,,,
P05532,张诚宁,男,40,40-45,有未成年孩子,服务业者,service_worker,餐厅服务员,,,
P05533,王佳知,女,45,40-45,有未成年孩子,自由业者,freelancer,独立程序员,,,
P05534,张言一,女,34,30-34,有未成年孩子,服务业者,service_worker,酒店前台,,,
P05535,李星安,男,22,18-24,无需要照顾的孩子,大学生,university_student,本科生,,,
P05536,高嫣晴,女,29,25-29,无需要照顾的孩子,上班族,office_worker,会计,,,
P05537,陈晨哲,男,40,40-45,有未成年孩子,服务业者,service_worker,咖啡师,,,
P05538,马琪,女,45,40-45,有未成年孩子,服务业者,service_worker,房产经纪,,,
P05539,刘诗静,女,20,18-24,无需要照顾的孩子,上班族,office_worker,设计师,,,
P05540,胡嘉乐,男,42,40-45,有未成年孩子,上班族,office_worker,财务专员,,,
P05541,张雅雨,女,29,25-29,无需要照顾的孩子,体力劳动者,manual_worker,搬运工,,,
P05542,王嘉怡,女,38,35-39,无需要照顾的孩子,服务业者,service_worker,酒店服务人员,,,
P05543,罗佳可,女,37,35-39,无需要照顾的孩子,服务业者,service_worker,厨师,,,
P05544,黄言,男,21,18-24,无需要照顾的孩子,大学生,university_student,硕士研究生,,,
P05545,王思嫣,女,44,40-45,有未成年孩子,体力劳动者,manual_worker,设备操作员,,,
P05546,李静思,女,36,35-39,无需要照顾的孩子,体力劳动者,manual_worker,搬运工,,,
P05547,韩婉,女,43,40-45,无需要照顾的孩子,上班族,office_worker,财务主管,,,
P05548,韩志羽,男,30,30-34,无需要照顾的孩子,上班族,office_worker,客户经理,,,
P05549,杨语,女,38,35-39,无需要照顾的孩子,服务业者,service_worker,咖啡师,,,
P05550,黄源昊,男,35,35-39,无需要照顾的孩子,服务业者,service_worker,酒店前台,,,
P05551,郭怡佳,女,26,25-29,无需要照顾的孩子,上班族,office_worker,设计师,,,
P05552,黄瑶晴,女,33,30-34,无需要照顾的孩子,上班族,office_worker,运营经理,,,
P05553,王怡雅,女,42,40-45,有未成年孩子,服务业者,service_worker,零售店员,,,
P05554,陈心婷,女,41,40-45,有未成年孩子,自由业者,freelancer,摄影师,,,
P05555,许嘉嘉,女,41,40-45,有未成年孩子,自由业者,freelancer,私教,,,
P05556,刘远,男,33,30-34,有未成年孩子,上班族,office_worker,客户专员,,,
P05557,何思梦,女,38,35-39,有未成年孩子,上班族,office_worker,高级运营专员,,,
P05558,周佳,女,26,25-29,无需要照顾的孩子,上班族,office_worker,行政专员,,,
P05559,陈晨哲,男,20,18-24,无需要照顾的孩子,上班族,office_worker,财务专员,,,
P05560,李心涵,女,33,30-34,有未成年孩子,体力劳动者,manual_worker,卡车司机,,,
P05561,黄安诺,男,22,18-24,无需要照顾的孩子,上班族,office_worker,软件工程师,,,
P05562,高诺雅,女,22,18-24,无需要照顾的孩子,体力劳动者,manual_worker,快递员,,,
P05563,杨可景,男,43,40-45,有未成年孩子,服务业者,service_worker,客服,,,
P05564,陈琪可,女,45,40-45,有成年孩子,上班族,office_worker,高级软件工程师,,,
P05565,唐静一,女,34,30-34,无需要照顾的孩子,服务业者,service_worker,咖啡师,,,
P05566,胡昊,男,45,40-45,有未成年孩子,上班族,office_worker,客户经理,,,
P05567,郑若羽,女,36,35-39,有未成年孩子,服务业者,service_worker,理发师,,,
P05568,刘晴若,女,34,30-34,无需要照顾的孩子,上班族,office_worker,行政专员,,,
P05569,陈欣婷,女,26,25-29,有未成年孩子,上班族,office_worker,会计,,,
P05570,张天远,男,33,30-34,无需要照顾的孩子,上班族,office_worker,采购专员,,,
P05571,张哲,男,39,35-39,有未成年孩子,自由业者,freelancer,自由销售,,,
P05572,吴宁,男,33,30-34,有未成年孩子,上班族,office_worker,HR经理,,,
P05573,袁宇心,男,21,18-24,无需要照顾的孩子,服务业者,service_worker,保安,,,
P05574,王婉,女,19,18-24,无需要照顾的孩子,大学生,university_student,本科生,,,
P05575,谢宁一,女,37,35-39,有未成年孩子,自由业者,freelancer,自由销售,,,
P05576,黄昊文,男,36,35-39,有未成年孩子,自由业者,freelancer,独立程序员,,,
P05577,周婷,女,35,35-39,无需要照顾的孩子,服务业者,service_worker,房产经纪,,,
P05578,张嫣,女,28,25-29,无需要照顾的孩子,大学生,university_student,博士研究生,,,
P05579,张婷,女,43,40-45,无需要照顾的孩子,上班族,office_worker,行政专员,,,
P05580,董辰嘉,女,45,40-45,有未成年孩子,上班族,office_worker,销售经理,,,
P05581,孙一婷,女,33,30-34,有未成年孩子,上班族,office_worker,采购经理,,,
P05582,王诗曦,女,41,40-45,有未成年孩子,上班族,office_worker,销售代表,,,
P05583,赵涵欣,女,41,40-45,有成年孩子,服务业者,service_worker,厨师,,,
P05584,张涵琪,女,29,25-29,无需要照顾的孩子,自由业者,freelancer,咨询顾问,,,
P05585,黄诗,女,30,30-34,有未成年孩子,服务业者,service_worker,美容师,,,
P05586,朱星浩,男,32,30-34,有未成年孩子,自由业者,freelancer,自媒体从业者,,,
P05587,张心志,男,22,18-24,无需要照顾的孩子,上班族,office_worker,设计师,,,
P05588,王星可,女,45,40-45,无需要照顾的孩子,上班族,office_worker,客户经理,,,
P05589,黄远哲,男,36,35-39,有未成年孩子,上班族,office_worker,人力资源经理,,,
P05590,孙婷婷,女,29,25-29,无需要照顾的孩子,上班族,office_worker,行政专员,,,
P05591,李怡嫣,女,21,18-24,无需要照顾的孩子,服务业者,service_worker,房产经纪,,,
P05592,张嘉景,男,45,40-45,有未成年孩子,自由业者,freelancer,自由销售,,,
P05593,王远,男,37,35-39,有未成年孩子,上班族,office_worker,销售代表,,,
P05594,周嘉可,女,26,25-29,无需要照顾的孩子,大学生,university_student,博士研究生,,,
P05595,王语,女,22,18-24,无需要照顾的孩子,服务业者,service_worker,房产经纪,,,
P05596,吴婷曦,女,37,35-39,有未成年孩子,上班族,office_worker,高级数据分析师,,,
P05597,李嫣,女,29,25-29,无需要照顾的孩子,上班族,office_worker,设计师,,,
P05598,陈心,女,40,40-45,无需要照顾的孩子,体力劳动者,manual_worker,卡车司机,,,
P05599,赵嘉安,女,18,18-24,无需要照顾的孩子,上班族,office_worker,采购专员,,,
P05600,陈睿睿,男,25,25-29,无需要照顾的孩子,自由业者,freelancer,咨询顾问,,,
P05601,李曦一,女,43,40-45,有未成年孩子,服务业者,service_worker,理发师,,,
P05602,林远言,男,25,25-29,有未成年孩子,体力劳动者,manual_worker,搬运工,,,
P05603,王远,男,24,18-24,无需要照顾的孩子,服务业者,service_worker,客服,,,
P05604,陈嘉,男,25,25-29,无需要照顾的孩子,上班族,office_worker,财务专员,,,
P05605,邓晨远,男,19,18-24,无需要照顾的孩子,体力劳动者,manual_worker,配送员,,,
P05606,黄景,男,22,18-24,无需要照顾的孩子,大学生,university_student,本科生,,,
P05607,张晓晓,女,38,35-39,无需要照顾的孩子,服务业者,service_worker,厨师,,,
P05608,刘源,男,44,40-45,有成年孩子,自由业者,freelancer,自由设计师,,,
P05609,徐静晨,女,23,18-24,无需要照顾的孩子,上班族,office_worker,产品经理,,,
P05610,李佳,女,43,40-45,有未成年孩子,上班族,office_worker,行政专员,,,
P05611,罗佳,女,34,30-34,无需要照顾的孩子,上班族,office_worker,财务主管,,,
P05612,董宁晨,男,25,25-29,有未成年孩子,自由业者,freelancer,自由销售,,,
P05613,吴婷桐,女,36,35-39,有未成年孩子,上班族,office_worker,项目经理,,,
P05614,黄乐婉,女,37,35-39,有未成年孩子,上班族,office_worker,业务负责人,,,
P05615,李欣欣,女,40,40-45,有未成年孩子,上班族,office_worker,行政专员,,,
P05616,张佳雅,女,21,18-24,无需要照顾的孩子,大学生,university_student,本科生,,,
P05617,董羽清,男,35,35-39,有未成年孩子,服务业者,service_worker,美容师,,,
P05618,罗梦源,女,26,25-29,无需要照顾的孩子,服务业者,service_worker,保安,,,
P05619,周星欣,女,42,40-45,有未成年孩子,体力劳动者,manual_worker,维修技师,,,
P05620,宋涵,女,26,25-29,无需要照顾的孩子,上班族,office_worker,数据分析师,,,
P05621,李乐婷,女,30,30-34,有未成年孩子,服务业者,service_worker,厨师,,,
P05622,王心知,男,44,40-45,有未成年孩子,服务业者,service_worker,厨师,,,
P05623,赵涵嫣,女,44,40-45,有未成年孩子,服务业者,service_worker,酒店服务人员,,,
P05624,李彤,女,40,40-45,有未成年孩子,上班族,office_worker,高级产品经理,,,
P05625,罗晨安,女,33,30-34,无需要照顾的孩子,体力劳动者,manual_worker,维修技师,,,
P05626,马梦彤,女,42,40-45,无需要照顾的孩子,上班族,office_worker,高级运营专员,,,
P05627,张婷一,女,18,18-24,无需要照顾的孩子,服务业者,service_worker,理发师,,,
P05628,刘诗涵,女,37,35-39,无需要照顾的孩子,服务业者,service_worker,咖啡师,,,
P05629,林浩景,男,39,35-39,有未成年孩子,自由业者,freelancer,独立程序员,,,
P05630,刘思,男,34,30-34,有未成年孩子,服务业者,service_worker,房产经纪,,,
P05631,朱可,男,27,25-29,无需要照顾的孩子,上班族,office_worker,客户专员,,,
P05632,黄曦,女,32,30-34,有未成年孩子,上班族,office_worker,高级软件工程师,,,
P05633,董源晴,女,42,40-45,有未成年孩子,体力劳动者,manual_worker,焊工,,,
P05634,唐言若,女,31,30-34,有未成年孩子,上班族,office_worker,财务主管,,,
P05635,高诗诗,女,41,40-45,有未成年孩子,自由业者,freelancer,摄影师,,,
P05636,李晨曦,女,34,30-34,有未成年孩子,服务业者,service_worker,健身教练,,,
P05637,刘涵雨,女,45,40-45,有未成年孩子,服务业者,service_worker,厨师,,,
P05638,李思清,女,40,40-45,有未成年孩子,服务业者,service_worker,客服,,,
P05639,唐可源,女,22,18-24,无需要照顾的孩子,服务业者,service_worker,餐厅服务员,,,
P05640,唐嫣心,女,26,25-29,无需要照顾的孩子,上班族,office_worker,客户专员,,,
P05641,杨诺梦,女,30,30-34,无需要照顾的孩子,服务业者,service_worker,厨师,,,
P05642,张欣宁,女,39,35-39,有未成年孩子,服务业者,service_worker,美容师,,,
P05643,郭安,女,32,30-34,无需要照顾的孩子,自由业者,freelancer,网店经营者,,,
P05644,吴博安,男,44,40-45,有未成年孩子,上班族,office_worker,高级运营专员,,,
P05645,李嘉源,女,44,40-45,有未成年孩子,体力劳动者,manual_worker,设备操作员,,,
P05646,李诺曦,女,18,18-24,无需要照顾的孩子,服务业者,service_worker,零售店员,,,
P05647,黄晨,女,33,30-34,无需要照顾的孩子,自由业者,freelancer,自媒体从业者,,,
P05648,张俊宇,男,31,30-34,无需要照顾的孩子,服务业者,service_worker,厨师,,,
P05649,袁琪清,女,31,30-34,有未成年孩子,上班族,office_worker,会计,,,
P05650,高欣晴,女,28,25-29,无需要照顾的孩子,上班族,office_worker,设计师,,,
P05651,李源嘉,女,38,35-39,有未成年孩子,上班族,office_worker,采购专员,,,
P05652,郭诚志,男,19,18-24,无需要照顾的孩子,上班族,office_worker,销售代表,,,
P05653,王佳婷,女,22,18-24,无需要照顾的孩子,大学生,university_student,硕士研究生,,,
P05654,高昊心,男,36,35-39,无需要照顾的孩子,体力劳动者,manual_worker,配送员,,,
P05655,王睿,男,44,40-45,无需要照顾的孩子,服务业者,service_worker,美容师,,,
P05656,王知,女,34,30-34,无需要照顾的孩子,上班族,office_worker,部门经理,,,
P05657,郭知佳,女,31,30-34,有未成年孩子,自由业者,freelancer,独立承包商,,,
P05658,于欣宁,女,41,40-45,有未成年孩子,服务业者,service_worker,酒店前台,,,
P05659,郑晴晴,女,44,40-45,有未成年孩子,上班族,office_worker,采购经理,,,
P05660,周诗源,女,38,35-39,无需要照顾的孩子,服务业者,service_worker,餐厅服务员,,,
P05661,吴雨,女,37,35-39,无需要照顾的孩子,上班族,office_worker,财务主管,,,
P05662,刘思,女,32,30-34,有未成年孩子,服务业者,service_worker,餐厅服务员,,,
P05663,罗知梓,男,37,35-39,有未成年孩子,体力劳动者,manual_worker,快递员,,,
P05664,王哲,男,37,35-39,有未成年孩子,上班族,office_worker,HR经理,,,
P05665,李怡,女,31,30-34,有未成年孩子,上班族,office_worker,财务主管,,,
P05666,王思远,女,28,25-29,无需要照顾的孩子,上班族,office_worker,设计师,,,
P05667,许景然,男,43,40-45,有未成年孩子,上班族,office_worker,客户经理,,,
P05668,王心婉,女,23,18-24,无需要照顾的孩子,上班族,office_worker,设计师,,,
P05669,周宁辰,女,35,35-39,有未成年孩子,服务业者,service_worker,美容师,,,
P05670,曹欣静,女,22,18-24,无需要照顾的孩子,体力劳动者,manual_worker,搬运工,,,
P05671,于静宁,女,38,35-39,有未成年孩子,服务业者,service_worker,咖啡师,,,
P05672,王远子,女,18,18-24,无需要照顾的孩子,服务业者,service_worker,客服,,,
P05673,高晨清,男,34,30-34,无需要照顾的孩子,上班族,office_worker,数据分析师,,,
P05674,朱涵知,女,31,30-34,有未成年孩子,上班族,office_worker,运营专员,,,
P05675,孙怡欣,女,28,25-29,无需要照顾的孩子,大学生,university_student,博士研究生,,,
P05676,何辰轩,男,43,40-45,有未成年孩子,服务业者,service_worker,理发师,,,
P05677,陈杰,男,35,35-39,有未成年孩子,上班族,office_worker,客户经理,,,
P05678,杨晨源,男,27,25-29,无需要照顾的孩子,服务业者,service_worker,酒店服务人员,,,
P05679,赵怡宁,女,30,30-34,有未成年孩子,上班族,office_worker,采购经理,,,
P05680,杨诺然,男,37,35-39,有未成年孩子,上班族,office_worker,设计师,,,
P05681,赵诺宁,女,21,18-24,无需要照顾的孩子,大学生,university_student,本科生,,,
P05682,杨佳曦,女,23,18-24,无需要照顾的孩子,大学生,university_student,硕士研究生,,,
P05683,袁远远,女,36,35-39,无需要照顾的孩子,上班族,office_worker,设计师,,,
P05684,马嘉杰,男,42,40-45,有成年孩子,体力劳动者,manual_worker,卡车司机,,,
P05685,陈知言,女,38,35-39,有未成年孩子,体力劳动者,manual_worker,汽车技师,,,
P05686,王星,女,41,40-45,有未成年孩子,上班族,office_worker,高级数据分析师,,,
P05687,胡晴欣,女,32,30-34,无需要照顾的孩子,服务业者,service_worker,收银员,,,
P05688,赵雅晴,女,26,25-29,无需要照顾的孩子,体力劳动者,manual_worker,焊工,,,
P05689,徐梦一,女,19,18-24,无需要照顾的孩子,上班族,office_worker,软件工程师,,,
P05690,黄梓远,男,29,25-29,有未成年孩子,上班族,office_worker,高级软件工程师,,,
P05691,王心若,女,27,25-29,有未成年孩子,上班族,office_worker,会计,,,
P05692,黄乐,女,35,35-39,无需要照顾的孩子,上班族,office_worker,设计师,,,
P05693,张婷思,女,39,35-39,有未成年孩子,服务业者,service_worker,保安,,,
P05694,高晨佑,男,29,25-29,有未成年孩子,自由业者,freelancer,翻译,,,
P05695,周可乐,女,36,35-39,有未成年孩子,上班族,office_worker,HR经理,,,
P05696,胡梦涵,女,27,25-29,无需要照顾的孩子,自由业者,freelancer,自由设计师,,,
P05697,周静若,女,45,40-45,有未成年孩子,体力劳动者,manual_worker,仓库操作员,,,
P05698,陈涵宁,女,18,18-24,无需要照顾的孩子,自由业者,freelancer,独立承包商,,,
P05699,张婷,女,27,25-29,无需要照顾的孩子,上班族,office_worker,软件工程师,,,
P05700,赵诺嘉,男,25,25-29,无需要照顾的孩子,上班族,office_worker,运营专员,,,
P05701,胡佳梦,女,24,18-24,无需要照顾的孩子,大学生,university_student,硕士研究生,,,
P05702,马彤若,女,18,18-24,无需要照顾的孩子,体力劳动者,manual_worker,焊工,,,
P05703,何婷雅,女,40,40-45,无需要照顾的孩子,上班族,office_worker,客户专员,,,
P05704,刘佳心,女,25,25-29,无需要照顾的孩子,上班族,office_worker,客户经理,,,
P05705,王瑶宁,女,23,18-24,无需要照顾的孩子,体力劳动者,manual_worker,建筑工人,,,
P05706,刘琪琪,女,25,25-29,无需要照顾的孩子,体力劳动者,manual_worker,电工,,,
P05707,何涵嘉,女,36,35-39,无需要照顾的孩子,上班族,office_worker,销售经理,,,
P05708,陈知嘉,男,44,40-45,有未成年孩子,服务业者,service_worker,保安,,,
P05709,韩宇清,男,44,40-45,无需要照顾的孩子,体力劳动者,manual_worker,卡车司机,,,
P05710,李怡嘉,女,43,40-45,无需要照顾的孩子,上班族,office_worker,产品经理,,,
P05711,黄涵心,男,42,40-45,有未成年孩子,上班族,office_worker,采购经理,,,
P05712,马然轩,男,44,40-45,有未成年孩子,上班族,office_worker,销售经理,,,
P05713,徐源源,女,34,30-34,无需要照顾的孩子,上班族,office_worker,部门经理,,,
P05714,赵一嘉,男,39,35-39,无需要照顾的孩子,服务业者,service_worker,房产经纪,,,
P05715,李桐彤,女,28,25-29,无需要照顾的孩子,上班族,office_worker,财务专员,,,
P05716,张心,女,36,35-39,有未成年孩子,上班族,office_worker,财务主管,,,
P05717,张清知,男,26,25-29,无需要照顾的孩子,服务业者,service_worker,理发师,,,
P05718,陈星,男,38,35-39,有未成年孩子,体力劳动者,manual_worker,建筑工人,,,
P05719,赵远哲,男,26,25-29,无需要照顾的孩子,服务业者,service_worker,酒店前台,,,
P05720,李婷婷,女,30,30-34,无需要照顾的孩子,服务业者,service_worker,美容师,,,
P05721,陈怡,女,18,18-24,无需要照顾的孩子,服务业者,service_worker,咖啡师,,,
P05722,陈羽泽,男,28,25-29,无需要照顾的孩子,上班族,office_worker,财务专员,,,
P05723,杨安雨,女,29,25-29,有未成年孩子,上班族,office_worker,销售经理,,,
P05724,周婷清,女,26,25-29,无需要照顾的孩子,上班族,office_worker,行政专员,,,
P05725,许睿,男,40,40-45,有未成年孩子,上班族,office_worker,销售经理,,,
P05726,陈清睿,男,28,25-29,无需要照顾的孩子,上班族,office_worker,采购经理,,,
P05727,梁言辰,女,20,18-24,无需要照顾的孩子,大学生,university_student,本科生,,,
P05728,杨佑羽,男,30,30-34,无需要照顾的孩子,上班族,office_worker,高级软件工程师,,,
P05729,王彤星,女,25,25-29,有未成年孩子,自由业者,freelancer,自由销售,,,
P05730,赵怡可,女,35,35-39,无需要照顾的孩子,自由业者,freelancer,咨询顾问,,,
P05731,李雅,女,29,25-29,无需要照顾的孩子,自由业者,freelancer,独立程序员,,,
P05732,王涵涵,女,41,40-45,有成年孩子,上班族,office_worker,HR经理,,,
P05733,王知欣,女,28,25-29,有未成年孩子,上班族,office_worker,销售经理,,,
P05734,吴宇言,男,45,40-45,有未成年孩子,上班族,office_worker,区域经理,,,
P05735,郭诗诗,女,29,25-29,有未成年孩子,大学生,university_student,硕士研究生,,,
P05736,冯诗,女,44,40-45,有未成年孩子,上班族,office_worker,产品经理,,,
P05737,陈梓,男,45,40-45,有未成年孩子,服务业者,service_worker,客服,,,
P05738,杨言,女,38,35-39,无需要照顾的孩子,服务业者,service_worker,收银员,,,
P05739,林思羽,女,22,18-24,无需要照顾的孩子,服务业者,service_worker,收银员,,,
P05740,刘知,女,31,30-34,无需要照顾的孩子,体力劳动者,manual_worker,搬运工,,,
P05741,梁雨宁,女,38,35-39,无需要照顾的孩子,服务业者,service_worker,酒店服务人员,,,
P05742,郑言梦,女,33,30-34,无需要照顾的孩子,体力劳动者,manual_worker,设备操作员,,,
P05743,李可,女,24,18-24,有未成年孩子,上班族,office_worker,采购专员,,,
P05744,黄清涵,女,42,40-45,无需要照顾的孩子,上班族,office_worker,业务负责人,,,
P05745,邓哲昊,男,35,35-39,有未成年孩子,上班族,office_worker,行政专员,,,
P05746,刘怡星,女,44,40-45,无需要照顾的孩子,上班族,office_worker,高级运营专员,,,
P05747,李昊轩,男,42,40-45,无需要照顾的孩子,服务业者,service_worker,健身教练,,,
P05748,韩宁欣,女,25,25-29,无需要照顾的孩子,服务业者,service_worker,咖啡师,,,
P05749,陈瑶羽,女,45,40-45,有成年孩子,上班族,office_worker,HR经理,,,
P05750,谢辰曦,女,27,25-29,无需要照顾的孩子,服务业者,service_worker,健身教练,,,
P05751,李然嘉,男,41,40-45,有未成年孩子,体力劳动者,manual_worker,搬运工,,,
P05752,张静可,女,30,30-34,无需要照顾的孩子,上班族,office_worker,设计师,,,
P05753,周瑶琪,女,28,25-29,有未成年孩子,服务业者,service_worker,收银员,,,
P05754,徐轩轩,男,27,25-29,无需要照顾的孩子,体力劳动者,manual_worker,配送员,,,
P05755,王一宁,女,37,35-39,有未成年孩子,上班族,office_worker,业务负责人,,,
P05756,林彤欣,女,18,18-24,无需要照顾的孩子,服务业者,service_worker,酒店服务人员,,,
P05757,朱一源,女,44,40-45,有未成年孩子,体力劳动者,manual_worker,电工,,,
P05758,马涵子,女,31,30-34,无需要照顾的孩子,上班族,office_worker,销售代表,,,
P05759,吴晴桐,女,40,40-45,有未成年孩子,上班族,office_worker,人力资源经理,,,
P05760,程豪景,男,23,18-24,无需要照顾的孩子,服务业者,service_worker,咖啡师,,,
P05761,王思晨,女,31,30-34,有未成年孩子,上班族,office_worker,财务主管,,,
P05762,何安晨,女,43,40-45,有未成年孩子,体力劳动者,manual_worker,安装工,,,
P05763,刘远哲,男,44,40-45,有未成年孩子,上班族,office_worker,技术经理,,,
P05764,朱彤婉,女,19,18-24,无需要照顾的孩子,服务业者,service_worker,健身教练,,,
P05765,于欣思,女,26,25-29,无需要照顾的孩子,体力劳动者,manual_worker,配送员,,,
P05766,胡嫣源,女,36,35-39,有未成年孩子,上班族,office_worker,产品经理,,,
P05767,张晨浩,男,33,30-34,有未成年孩子,服务业者,service_worker,保安,,,
P05768,胡嘉,男,42,40-45,有成年孩子,服务业者,service_worker,收银员,,,
P05769,朱婉佳,女,28,25-29,无需要照顾的孩子,上班族,office_worker,客户专员,,,
P05770,王婷,女,33,30-34,有未成年孩子,服务业者,service_worker,美容师,,,
P05771,吴涵辰,女,42,40-45,有未成年孩子,上班族,office_worker,项目经理,,,
P05772,王涵婷,女,44,40-45,有未成年孩子,体力劳动者,manual_worker,汽车技师,,,
P05773,刘宁宇,男,42,40-45,无需要照顾的孩子,上班族,office_worker,高级软件工程师,,,
P05774,王婷可,女,29,25-29,无需要照顾的孩子,上班族,office_worker,客户专员,,,
P05775,王思梦,女,19,18-24,无需要照顾的孩子,服务业者,service_worker,理发师,,,
P05776,陈远曦,女,31,30-34,无需要照顾的孩子,服务业者,service_worker,咖啡师,,,
P05777,刘晴若,女,39,35-39,有未成年孩子,服务业者,service_worker,房产经纪,,,
P05778,吴怡涵,女,28,25-29,有未成年孩子,上班族,office_worker,高级软件工程师,,,
P05779,王然辰,男,19,18-24,无需要照顾的孩子,自由业者,freelancer,独立程序员,,,
P05780,许诗思,女,26,25-29,无需要照顾的孩子,上班族,office_worker,设计师,,,
P05781,程子桐,女,29,25-29,无需要照顾的孩子,服务业者,service_worker,厨师,,,
P05782,马琪雨,女,42,40-45,有未成年孩子,服务业者,service_worker,咖啡师,,,
P05783,陈晴,女,33,30-34,无需要照顾的孩子,上班族,office_worker,软件工程师,,,
P05784,王晓心,女,33,30-34,无需要照顾的孩子,上班族,office_worker,采购经理,,,
P05785,许远思,女,38,35-39,有未成年孩子,体力劳动者,manual_worker,电工,,,
P05786,李晓涵,女,37,35-39,无需要照顾的孩子,上班族,office_worker,行政专员,,,
P05787,张辰晨,女,33,30-34,无需要照顾的孩子,服务业者,service_worker,酒店前台,,,
P05788,刘子晓,女,44,40-45,有未成年孩子,自由业者,freelancer,自媒体从业者,,,
P05789,郭远,男,24,18-24,无需要照顾的孩子,大学生,university_student,硕士研究生,,,
P05790,王诗,女,35,35-39,有未成年孩子,服务业者,service_worker,酒店服务人员,,,
P05791,赵梦,女,30,30-34,有未成年孩子,上班族,office_worker,客户经理,,,
P05792,孙雨,女,34,30-34,有未成年孩子,体力劳动者,manual_worker,建筑工人,,,
P05793,刘曦桐,女,29,25-29,无需要照顾的孩子,上班族,office_worker,高级运营专员,,,
P05794,马琪诗,女,38,35-39,有未成年孩子,上班族,office_worker,销售经理,,,
P05795,罗嘉婷,女,28,25-29,有未成年孩子,自由业者,freelancer,网店经营者,,,
P05796,董晴静,女,25,25-29,无需要照顾的孩子,上班族,office_worker,高级数据分析师,,,
P05797,赵嫣瑶,女,31,30-34,无需要照顾的孩子,服务业者,service_worker,理发师,,,
P05798,徐知,女,31,30-34,有未成年孩子,体力劳动者,manual_worker,设备操作员,,,
P05799,张若,女,25,25-29,无需要照顾的孩子,服务业者,service_worker,咖啡师,,,
P05800,杨星诗,女,36,35-39,无需要照顾的孩子,体力劳动者,manual_worker,焊工,,,
P05801,张宁,男,27,25-29,有未成年孩子,自由业者,freelancer,翻译,,,
P05802,徐嘉泽,男,35,35-39,有未成年孩子,上班族,office_worker,会计,,,
P05803,孙瑶怡,女,27,25-29,无需要照顾的孩子,体力劳动者,manual_worker,卡车司机,,,
P05804,孙晨天,男,40,40-45,有未成年孩子,服务业者,service_worker,咖啡师,,,
P05805,刘远,女,25,25-29,无需要照顾的孩子,自由业者,freelancer,摄影师,,,
P05806,林安嫣,女,34,30-34,有未成年孩子,体力劳动者,manual_worker,汽车技师,,,
P05807,高思文,男,43,40-45,有未成年孩子,上班族,office_worker,高级数据分析师,,,
P05808,刘晨,女,31,30-34,无需要照顾的孩子,上班族,office_worker,行政专员,,,
P05809,黄可,女,30,30-34,无需要照顾的孩子,服务业者,service_worker,美容师,,,
P05810,王怡瑶,女,29,25-29,有未成年孩子,大学生,university_student,博士研究生,,,
P05811,郭清涵,女,23,18-24,无需要照顾的孩子,上班族,office_worker,行政专员,,,
P05812,张楷,男,40,40-45,无需要照顾的孩子,上班族,office_worker,客户专员,,,
P05813,张静思,女,41,40-45,有未成年孩子,体力劳动者,manual_worker,快递员,,,
P05814,程琪思,女,26,25-29,无需要照顾的孩子,服务业者,service_worker,餐厅服务员,,,
P05815,杨怡晓,女,35,35-39,有未成年孩子,自由业者,freelancer,自媒体从业者,,,
P05816,赵涵涵,女,31,30-34,无需要照顾的孩子,上班族,office_worker,高级运营专员,,,
P05817,王思哲,男,41,40-45,有未成年孩子,体力劳动者,manual_worker,快递员,,,
P05818,李源思,女,40,40-45,有未成年孩子,上班族,office_worker,会计,,,
P05819,陈羽,男,45,40-45,有未成年孩子,体力劳动者,manual_worker,电工,,,
P05820,宋远远,男,29,25-29,无需要照顾的孩子,上班族,office_worker,HR经理,,,
P05821,曹思,女,33,30-34,无需要照顾的孩子,大学生,university_student,博士研究生,,,
P05822,张子文,男,19,18-24,无需要照顾的孩子,体力劳动者,manual_worker,仓库操作员,,,
P05823,徐晨,男,26,25-29,无需要照顾的孩子,上班族,office_worker,产品经理,,,
P05824,王思梦,女,29,25-29,无需要照顾的孩子,大学生,university_student,博士研究生,,,
P05825,黄晨一,女,28,25-29,无需要照顾的孩子,服务业者,service_worker,保安,,,
P05826,唐安梦,女,23,18-24,无需要照顾的孩子,上班族,office_worker,财务专员,,,
P05827,张若,女,39,35-39,无需要照顾的孩子,上班族,office_worker,运营专员,,,
P05828,许豪星,男,43,40-45,无需要照顾的孩子,体力劳动者,manual_worker,维修技师,,,
P05829,罗可,女,27,25-29,有未成年孩子,服务业者,service_worker,酒店前台,,,
P05830,张婷若,女,45,40-45,有未成年孩子,上班族,office_worker,高级产品经理,,,
P05831,谢辰嫣,女,22,18-24,无需要照顾的孩子,大学生,university_student,本科生,,,
P05832,张雨心,女,21,18-24,无需要照顾的孩子,大学生,university_student,本科生,,,
P05833,陈思星,女,40,40-45,无需要照顾的孩子,服务业者,service_worker,健身教练,,,
P05834,韩乐晓,女,43,40-45,有未成年孩子,上班族,office_worker,采购专员,,,
P05835,陈可佳,女,24,18-24,无需要照顾的孩子,服务业者,service_worker,健身教练,,,
P05836,冯宁雨,女,26,25-29,有未成年孩子,上班族,office_worker,财务专员,,,
P05837,李琪可,女,44,40-45,无需要照顾的孩子,上班族,office_worker,行政专员,,,
P05838,冯羽,女,32,30-34,无需要照顾的孩子,上班族,office_worker,数据分析师,,,
P05839,张雅欣,女,27,25-29,无需要照顾的孩子,上班族,office_worker,运营专员,,,
P05840,罗言静,女,41,40-45,无需要照顾的孩子,服务业者,service_worker,房产经纪,,,
P05841,李晨佳,女,31,30-34,无需要照顾的孩子,服务业者,service_worker,酒店服务人员,,,
P05842,周嘉星,男,42,40-45,有未成年孩子,服务业者,service_worker,咖啡师,,,
P05843,陈琪佳,女,43,40-45,有未成年孩子,上班族,office_worker,客户经理,,,
P05844,王嘉嘉,男,37,35-39,有未成年孩子,体力劳动者,manual_worker,搬运工,,,
P05845,高心,女,32,30-34,有未成年孩子,上班族,office_worker,项目经理,,,
P05846,李子,男,37,35-39,无需要照顾的孩子,服务业者,service_worker,客服,,,
P05847,胡诗,女,29,25-29,无需要照顾的孩子,服务业者,service_worker,餐厅服务员,,,
P05848,黄远可,女,35,35-39,有未成年孩子,上班族,office_worker,高级运营专员,,,
P05849,杨宁,女,34,30-34,无需要照顾的孩子,体力劳动者,manual_worker,维修技师,,,
P05850,张晴一,女,36,35-39,有未成年孩子,上班族,office_worker,高级软件工程师,,,
P05851,孙羽乐,女,30,30-34,无需要照顾的孩子,服务业者,service_worker,咖啡师,,,
P05852,张景嘉,男,22,18-24,有未成年孩子,上班族,office_worker,销售代表,,,
P05853,李子思,女,33,30-34,无需要照顾的孩子,服务业者,service_worker,理发师,,,
P05854,刘思可,女,37,35-39,无需要照顾的孩子,体力劳动者,manual_worker,汽车技师,,,
P05855,李昊,男,19,18-24,无需要照顾的孩子,大学生,university_student,本科生,,,
P05856,高诺源,女,41,40-45,无需要照顾的孩子,服务业者,service_worker,理发师,,,
P05857,王诚,男,41,40-45,有未成年孩子,上班族,office_worker,高级数据分析师,,,
P05858,刘诺言,女,38,35-39,有未成年孩子,上班族,office_worker,部门经理,,,
P05859,郭婷婉,女,21,18-24,有未成年孩子,自由业者,freelancer,独立承包商,,,
P05860,赵然宇,男,36,35-39,无需要照顾的孩子,上班族,office_worker,销售代表,,,
P05861,林佳,女,24,18-24,无需要照顾的孩子,自由业者,freelancer,翻译,,,
P05862,王文嘉,男,36,35-39,无需要照顾的孩子,体力劳动者,manual_worker,卡车司机,,,
P05863,韩清瑶,女,22,18-24,无需要照顾的孩子,上班族,office_worker,销售代表,,,
P05864,罗晨远,女,19,18-24,无需要照顾的孩子,体力劳动者,manual_worker,卡车司机,,,
P05865,陈博轩,男,30,30-34,无需要照顾的孩子,服务业者,service_worker,酒店服务人员,,,
P05866,高嘉婷,女,32,30-34,无需要照顾的孩子,上班族,office_worker,采购专员,,,
P05867,刘心可,男,39,35-39,无需要照顾的孩子,体力劳动者,manual_worker,快递员,,,
P05868,刘欣,女,39,35-39,有未成年孩子,自由业者,freelancer,自由设计师,,,
P05869,吴知星,女,36,35-39,有未成年孩子,上班族,office_worker,财务主管,,,
P05870,李乐宁,女,21,18-24,无需要照顾的孩子,上班族,office_worker,软件工程师,,,
P05871,徐辰知,女,38,35-39,有未成年孩子,自由业者,freelancer,自媒体从业者,,,
P05872,郑佳,女,30,30-34,无需要照顾的孩子,服务业者,service_worker,零售店员,,,
P05873,何雅语,女,31,30-34,有未成年孩子,上班族,office_worker,设计师,,,
P05874,李琪,女,32,30-34,有未成年孩子,上班族,office_worker,项目经理,,,
P05875,李彤桐,女,31,30-34,有未成年孩子,上班族,office_worker,HR经理,,,
P05876,张昊文,男,36,35-39,有未成年孩子,自由业者,freelancer,翻译,,,
P05877,冯可星,男,24,18-24,无需要照顾的孩子,大学生,university_student,硕士研究生,,,
P05878,朱诺可,女,30,30-34,有未成年孩子,上班族,office_worker,项目经理,,,
P05879,高涵,女,26,25-29,有未成年孩子,上班族,office_worker,设计师,,,
P05880,李可星,女,23,18-24,无需要照顾的孩子,服务业者,service_worker,健身教练,,,
P05881,高婷晴,女,37,35-39,无需要照顾的孩子,上班族,office_worker,项目经理,,,
P05882,朱晓怡,女,32,30-34,无需要照顾的孩子,服务业者,service_worker,房产经纪,,,
P05883,王明知,男,37,35-39,有成年孩子,上班族,office_worker,高级产品经理,,,
P05884,邓婷涵,女,42,40-45,有未成年孩子,服务业者,service_worker,房产经纪,,,
P05885,杨怡辰,女,35,35-39,无需要照顾的孩子,上班族,office_worker,高级软件工程师,,,
P05886,吴知安,女,32,30-34,无需要照顾的孩子,服务业者,service_worker,餐厅服务员,,,
P05887,林若,女,27,25-29,无需要照顾的孩子,体力劳动者,manual_worker,搬运工,,,
P05888,王可涵,女,28,25-29,无需要照顾的孩子,体力劳动者,manual_worker,搬运工,,,
P05889,王语言,女,40,40-45,有未成年孩子,上班族,office_worker,项目经理,,,
P05890,赵佑子,男,25,25-29,无需要照顾的孩子,服务业者,service_worker,健身教练,,,
P05891,马晨俊,男,45,40-45,有未成年孩子,服务业者,service_worker,房产经纪,,,
P05892,周欣梦,女,41,40-45,有未成年孩子,服务业者,service_worker,健身教练,,,
P05893,陈桐嫣,女,21,18-24,无需要照顾的孩子,服务业者,service_worker,客服,,,
P05894,杨辰,女,24,18-24,无需要照顾的孩子,服务业者,service_worker,酒店服务人员,,,
P05895,冯一桐,女,44,40-45,有未成年孩子,服务业者,service_worker,客服,,,
P05896,吴辰宁,女,38,35-39,有未成年孩子,体力劳动者,manual_worker,搬运工,,,
P05897,周清雨,女,39,35-39,有未成年孩子,上班族,office_worker,运营专员,,,
P05898,刘知俊,男,41,40-45,无需要照顾的孩子,上班族,office_worker,财务专员,,,
P05899,何星晨,男,41,40-45,无需要照顾的孩子,上班族,office_worker,数据分析师,,,
P05900,杨涵怡,女,29,25-29,无需要照顾的孩子,上班族,office_worker,HR经理,,,
P05901,张婷诗,女,18,18-24,无需要照顾的孩子,上班族,office_worker,运营专员,,,
P05902,黄明诚,男,24,18-24,无需要照顾的孩子,大学生,university_student,硕士研究生,,,
P05903,黄欣怡,女,20,18-24,无需要照顾的孩子,大学生,university_student,本科生,,,
P05904,李远清,女,28,25-29,有未成年孩子,上班族,office_worker,客户经理,,,
P05905,王哲明,男,34,30-34,无需要照顾的孩子,体力劳动者,manual_worker,电工,,,
P05906,吴睿杰,男,30,30-34,无需要照顾的孩子,服务业者,service_worker,咖啡师,,,
P05907,高晨清,男,35,35-39,有未成年孩子,自由业者,freelancer,自由设计师,,,
P05908,刘楷远,男,38,35-39,无需要照顾的孩子,上班族,office_worker,设计师,,,
P05909,黄婷琪,女,34,30-34,有未成年孩子,上班族,office_worker,运营专员,,,
P05910,陈怡雨,女,42,40-45,有成年孩子,上班族,office_worker,客户经理,,,
P05911,杨婉,女,19,18-24,无需要照顾的孩子,大学生,university_student,本科生,,,
P05912,吴宁楷,男,30,30-34,有未成年孩子,服务业者,service_worker,房产经纪,,,
P05913,唐晨静,女,38,35-39,无需要照顾的孩子,上班族,office_worker,会计,,,
P05914,郭涵,女,43,40-45,有未成年孩子,服务业者,service_worker,餐厅服务员,,,
P05915,王嘉涵,女,36,35-39,有未成年孩子,上班族,office_worker,HR经理,,,
P05916,陈思宁,女,27,25-29,有未成年孩子,大学生,university_student,硕士研究生,,,
P05917,董婷,女,31,30-34,有未成年孩子,自由业者,freelancer,翻译,,,
P05918,张涵远,男,39,35-39,无需要照顾的孩子,上班族,office_worker,软件工程师,,,
P05919,李哲辰,男,35,35-39,有未成年孩子,上班族,office_worker,采购经理,,,
P05920,刘安,男,25,25-29,有未成年孩子,上班族,office_worker,行政专员,,,
P05921,周佳,女,44,40-45,有未成年孩子,上班族,office_worker,数据分析师,,,
P05922,黄宁雨,女,45,40-45,有未成年孩子,上班族,office_worker,HR经理,,,
P05923,朱婉远,女,31,30-34,无需要照顾的孩子,大学生,university_student,博士研究生,,,
P05924,黄若,女,39,35-39,无需要照顾的孩子,上班族,office_worker,会计,,,
P05925,袁婷,女,44,40-45,无需要照顾的孩子,上班族,office_worker,高级数据分析师,,,
P05926,王宁宁,女,28,25-29,无需要照顾的孩子,服务业者,service_worker,咖啡师,,,
P05927,郭琪瑶,女,44,40-45,有未成年孩子,服务业者,service_worker,保安,,,
P05928,陈可,女,32,30-34,无需要照顾的孩子,体力劳动者,manual_worker,建筑工人,,,
P05929,黄天嘉,男,29,25-29,有未成年孩子,体力劳动者,manual_worker,卡车司机,,,
P05930,张佳,女,32,30-34,无需要照顾的孩子,上班族,office_worker,运营经理,,,
P05931,袁语安,女,34,30-34,无需要照顾的孩子,服务业者,service_worker,咖啡师,,,
P05932,张诺静,女,37,35-39,有未成年孩子,上班族,office_worker,财务主管,,,
P05933,曹清,男,41,40-45,有成年孩子,自由业者,freelancer,摄影师,,,
P05934,刘辰涵,男,31,30-34,有未成年孩子,服务业者,service_worker,理发师,,,
P05935,孙子涵,女,24,18-24,无需要照顾的孩子,自由业者,freelancer,自媒体从业者,,,
P05936,刘梦语,女,29,25-29,无需要照顾的孩子,自由业者,freelancer,独立承包商,,,
P05937,赵诗思,女,36,35-39,有未成年孩子,上班族,office_worker,高级数据分析师,,,
P05938,马景嘉,男,19,18-24,无需要照顾的孩子,自由业者,freelancer,独立程序员,,,
P05939,陈婷源,女,20,18-24,无需要照顾的孩子,大学生,university_student,本科生,,,
P05940,周俊诚,男,35,35-39,无需要照顾的孩子,上班族,office_worker,产品经理,,,
P05941,张豪,男,37,35-39,无需要照顾的孩子,服务业者,service_worker,酒店服务人员,,,
P05942,张哲阳,男,30,30-34,有未成年孩子,上班族,office_worker,项目经理,,,
P05943,王言思,女,40,40-45,有成年孩子,服务业者,service_worker,酒店前台,,,
P05944,赵涵桐,女,42,40-45,有未成年孩子,自由业者,freelancer,摄影师,,,
P05945,陈辰,男,28,25-29,无需要照顾的孩子,服务业者,service_worker,酒店前台,,,
P05946,张桐彤,女,30,30-34,有未成年孩子,上班族,office_worker,高级软件工程师,,,
P05947,张欣思,女,31,30-34,有未成年孩子,上班族,office_worker,产品经理,,,
P05948,程曦安,女,39,35-39,无需要照顾的孩子,上班族,office_worker,数据分析师,,,
P05949,刘梦婉,女,33,30-34,有未成年孩子,服务业者,service_worker,酒店服务人员,,,
P05950,张嘉知,女,28,25-29,无需要照顾的孩子,上班族,office_worker,数据分析师,,,
P05951,吴宇晨,男,43,40-45,有成年孩子,上班族,office_worker,高级数据分析师,,,
P05952,梁清宇,男,21,18-24,无需要照顾的孩子,体力劳动者,manual_worker,设备操作员,,,
P05953,王远佑,男,34,30-34,有未成年孩子,上班族,office_worker,项目经理,,,
P05954,何明涵,男,27,25-29,无需要照顾的孩子,上班族,office_worker,行政专员,,,
P05955,赵涵涵,女,42,40-45,无需要照顾的孩子,上班族,office_worker,高级数据分析师,,,
P05956,赵乐,女,44,40-45,无需要照顾的孩子,上班族,office_worker,设计师,,,
P05957,张心婉,女,23,18-24,无需要照顾的孩子,大学生,university_student,硕士研究生,,,
P05958,程辰,女,32,30-34,有未成年孩子,服务业者,service_worker,健身教练,,,
P05959,唐远,男,45,40-45,有未成年孩子,服务业者,service_worker,房产经纪,,,
P05960,陈欣诗,女,35,35-39,有未成年孩子,上班族,office_worker,高级软件工程师,,,
P05961,张嫣,女,38,35-39,有未成年孩子,体力劳动者,manual_worker,搬运工,,,
P05962,李婷怡,女,28,25-29,无需要照顾的孩子,服务业者,service_worker,房产经纪,,,
P05963,陈诗,女,27,25-29,有未成年孩子,上班族,office_worker,软件工程师,,,
P05964,于志思,男,21,18-24,无需要照顾的孩子,大学生,university_student,本科生,,,
P05965,杨文嘉,男,40,40-45,有未成年孩子,上班族,office_worker,高级运营专员,,,
P05966,马梓,男,31,30-34,无需要照顾的孩子,上班族,office_worker,采购专员,,,
P05967,李思远,男,32,30-34,有未成年孩子,服务业者,service_worker,美容师,,,
P05968,罗瑶晓,女,29,25-29,无需要照顾的孩子,服务业者,service_worker,厨师,,,
P05969,唐雨,女,32,30-34,无需要照顾的孩子,体力劳动者,manual_worker,焊工,,,
P05970,刘诺,女,34,30-34,有未成年孩子,上班族,office_worker,财务专员,,,
P05971,李轩,男,20,18-24,无需要照顾的孩子,上班族,office_worker,客户专员,,,
P05972,刘涵,女,45,40-45,无需要照顾的孩子,自由业者,freelancer,网店经营者,,,
P05973,郭晨星,女,45,40-45,有未成年孩子,上班族,office_worker,设计师,,,
P05974,徐安一,女,34,30-34,有未成年孩子,上班族,office_worker,客户经理,,,
P05975,王明清,男,31,30-34,无需要照顾的孩子,体力劳动者,manual_worker,安装工,,,
P05976,王晨远,男,27,25-29,无需要照顾的孩子,服务业者,service_worker,酒店前台,,,
P05977,李雅欣,女,28,25-29,无需要照顾的孩子,自由业者,freelancer,自媒体从业者,,,
P05978,孙言星,女,28,25-29,无需要照顾的孩子,服务业者,service_worker,酒店前台,,,
P05979,陈佑星,男,28,25-29,无需要照顾的孩子,体力劳动者,manual_worker,仓库操作员,,,
P05980,徐晨哲,男,32,30-34,无需要照顾的孩子,大学生,university_student,博士研究生,,,
P05981,袁一思,女,33,30-34,有未成年孩子,上班族,office_worker,行政专员,,,
P05982,罗静,女,40,40-45,有未成年孩子,体力劳动者,manual_worker,电工,,,
P05983,张雨,女,38,35-39,有未成年孩子,自由业者,freelancer,自由销售,,,
P05984,王欣,女,38,35-39,无需要照顾的孩子,服务业者,service_worker,收银员,,,
P05985,李轩安,男,18,18-24,无需要照顾的孩子,服务业者,service_worker,客服,,,
P05986,李乐思,女,31,30-34,有未成年孩子,自由业者,freelancer,独立承包商,,,
P05987,陈子睿,男,22,18-24,无需要照顾的孩子,自由业者,freelancer,咨询顾问,,,
P05988,林琪辰,女,27,25-29,无需要照顾的孩子,上班族,office_worker,销售代表,,,
P05989,李宇嘉,男,22,18-24,无需要照顾的孩子,大学生,university_student,本科生,,,
P05990,邓嘉瑶,女,44,40-45,有未成年孩子,上班族,office_worker,采购经理,,,
P05991,张思安,女,35,35-39,有未成年孩子,服务业者,service_worker,客服,,,
P05992,曹涵雨,女,40,40-45,有未成年孩子,服务业者,service_worker,客服,,,
P05993,周佳婷,女,26,25-29,无需要照顾的孩子,上班族,office_worker,财务专员,,,
P05994,刘子嫣,女,34,30-34,有未成年孩子,上班族,office_worker,高级软件工程师,,,
P05995,徐若晨,女,33,30-34,有未成年孩子,上班族,office_worker,客户专员,,,
P05996,陈昊俊,男,31,30-34,无需要照顾的孩子,体力劳动者,manual_worker,设备操作员,,,
P05997,李远言,女,38,35-39,有未成年孩子,上班族,office_worker,设计师,,,
P05998,刘乐,女,44,40-45,无需要照顾的孩子,上班族,office_worker,HR经理,,,
P05999,王心佳,女,33,30-34,无需要照顾的孩子,上班族,office_worker,运营专员,,,
P06000,王欣宁,女,18,18-24,无需要照顾的孩子,体力劳动者,manual_worker,焊工,,,
P06001,孙志子,男,18,18-24,无需要照顾的孩子,体力劳动者,manual_worker,搬运工,,,
P06002,刘婉,女,30,30-34,有未成年孩子,上班族,office_worker,运营专员,,,
P06003,徐远志,男,36,35-39,有未成年孩子,上班族,office_worker,财务专员,,,
P06004,赵婉雨,女,37,35-39,有未成年孩子,服务业者,service_worker,厨师,,,
P06005,袁怡诺,女,23,18-24,无需要照顾的孩子,自由业者,freelancer,独立承包商,,,
P06006,胡言源,男,45,40-45,无需要照顾的孩子,体力劳动者,manual_worker,汽车技师,,,
P06007,李安文,男,45,40-45,有未成年孩子,服务业者,service_worker,理发师,,,
P06008,张怡雅,女,38,35-39,有未成年孩子,上班族,office_worker,行政专员,,,
P06009,曹可欣,女,20,18-24,无需要照顾的孩子,服务业者,service_worker,咖啡师,,,
P06010,吴嫣涵,女,37,35-39,有未成年孩子,上班族,office_worker,会计,,,
P06011,程瑶婉,女,26,25-29,无需要照顾的孩子,上班族,office_worker,行政专员,,,
P06012,孙可,女,31,30-34,有未成年孩子,上班族,office_worker,行政专员,,,
P06013,袁心若,女,44,40-45,无需要照顾的孩子,自由业者,freelancer,网店经营者,,,
P06014,张宇楷,男,38,35-39,无需要照顾的孩子,体力劳动者,manual_worker,建筑工人,,,
P06015,张嘉怡,女,38,35-39,无需要照顾的孩子,上班族,office_worker,软件工程师,,,
P06016,王佳,女,37,35-39,有未成年孩子,服务业者,service_worker,客服,,,
P06017,吴梦怡,女,34,30-34,有未成年孩子,体力劳动者,manual_worker,汽车技师,,,
P06018,周嫣一,女,41,40-45,无需要照顾的孩子,服务业者,service_worker,酒店前台,,,
P06019,张心,男,30,30-34,无需要照顾的孩子,服务业者,service_worker,美容师,,,
P06020,陈俊阳,男,33,30-34,有未成年孩子,服务业者,service_worker,客服,,,
P06021,孙涵欣,女,22,18-24,无需要照顾的孩子,大学生,university_student,本科生,,,
P06022,王晓嫣,女,26,25-29,无需要照顾的孩子,上班族,office_worker,财务专员,,,
P06023,郭心,女,23,18-24,无需要照顾的孩子,大学生,university_student,硕士研究生,,,
P06024,张涵可,女,29,25-29,无需要照顾的孩子,上班族,office_worker,财务主管,,,
P06025,董佳宁,女,33,30-34,有未成年孩子,自由业者,freelancer,翻译,,,
P06026,张晴雅,女,29,25-29,无需要照顾的孩子,大学生,university_student,硕士研究生,,,
P06027,陈佳雨,女,38,35-39,有未成年孩子,上班族,office_worker,采购专员,,,
P06028,郑涵嫣,女,31,30-34,无需要照顾的孩子,上班族,office_worker,数据分析师,,,
P06029,杨源,女,41,40-45,有未成年孩子,自由业者,freelancer,独立承包商,,,
P06030,黄天晨,男,27,25-29,无需要照顾的孩子,上班族,office_worker,销售代表,,,
P06031,马远然,男,29,25-29,无需要照顾的孩子,服务业者,service_worker,保安,,,
P06032,李子哲,男,36,35-39,有未成年孩子,上班族,office_worker,高级软件工程师,,,
P06033,高思佑,男,35,35-39,有未成年孩子,上班族,office_worker,数据分析师,,,
P06034,王晨嘉,女,28,25-29,无需要照顾的孩子,自由业者,freelancer,摄影师,,,
P06035,王梦,女,27,25-29,无需要照顾的孩子,服务业者,service_worker,客服,,,
P06036,徐清涵,女,45,40-45,有成年孩子,服务业者,service_worker,收银员,,,
P06037,王婷思,女,32,30-34,有未成年孩子,体力劳动者,manual_worker,仓库操作员,,,
P06038,郑佳,女,26,25-29,无需要照顾的孩子,体力劳动者,manual_worker,安装工,,,
P06039,徐静羽,女,40,40-45,有未成年孩子,体力劳动者,manual_worker,焊工,,,
P06040,赵嫣婷,女,26,25-29,无需要照顾的孩子,上班族,office_worker,数据分析师,,,
P06041,周源晨,男,38,35-39,有未成年孩子,服务业者,service_worker,收银员,,,
P06042,杨彤,女,32,30-34,无需要照顾的孩子,上班族,office_worker,财务主管,,,
P06043,何远诚,男,27,25-29,无需要照顾的孩子,上班族,office_worker,行政专员,,,
P06044,李晴,女,41,40-45,有成年孩子,自由业者,freelancer,翻译,,,
P06045,董天,男,27,25-29,无需要照顾的孩子,服务业者,service_worker,餐厅服务员,,,
P06046,陈羽远,男,32,30-34,无需要照顾的孩子,自由业者,freelancer,独立承包商,,,
P06047,王清怡,女,34,30-34,有未成年孩子,体力劳动者,manual_worker,安装工,,,
P06048,黄可晴,女,25,25-29,无需要照顾的孩子,服务业者,service_worker,保安,,,
P06049,周远宁,男,31,30-34,无需要照顾的孩子,体力劳动者,manual_worker,配送员,,,
P06050,刘曦涵,女,30,30-34,无需要照顾的孩子,体力劳动者,manual_worker,搬运工,,,
P06051,张浩,男,24,18-24,无需要照顾的孩子,大学生,university_student,本科生,,,
P06052,刘嫣一,女,37,35-39,有未成年孩子,自由业者,freelancer,摄影师,,,
P06053,李欣,女,22,18-24,有未成年孩子,服务业者,service_worker,收银员,,,
P06054,陈语彤,女,45,40-45,有未成年孩子,上班族,office_worker,软件工程师,,,
P06055,王俊楷,男,32,30-34,无需要照顾的孩子,上班族,office_worker,高级软件工程师,,,
P06056,刘晨曦,女,29,25-29,有未成年孩子,体力劳动者,manual_worker,建筑工人,,,
P06057,于安,女,28,25-29,无需要照顾的孩子,上班族,office_worker,客户专员,,,
P06058,李静宁,女,21,18-24,无需要照顾的孩子,服务业者,service_worker,厨师,,,
P06059,赵可若,女,25,25-29,有未成年孩子,服务业者,service_worker,房产经纪,,,
P06060,张思,女,36,35-39,有未成年孩子,上班族,office_worker,产品经理,,,
P06061,周哲思,男,25,25-29,无需要照顾的孩子,服务业者,service_worker,零售店员,,,
P06062,王子怡,女,23,18-24,无需要照顾的孩子,服务业者,service_worker,酒店前台,,,
P06063,朱心彤,女,26,25-29,有未成年孩子,大学生,university_student,硕士研究生,,,
P06064,赵明星,男,36,35-39,有未成年孩子,上班族,office_worker,客户专员,,,
P06065,宋雅,女,31,30-34,无需要照顾的孩子,服务业者,service_worker,美容师,,,
P06066,朱宁清,女,36,35-39,有未成年孩子,自由业者,freelancer,网店经营者,,,
P06067,王语宁,女,44,40-45,有未成年孩子,上班族,office_worker,项目经理,,,
P06068,徐杰远,男,31,30-34,无需要照顾的孩子,服务业者,service_worker,咖啡师,,,
P06069,刘思,女,44,40-45,有未成年孩子,上班族,office_worker,财务经理,,,
P06070,冯文天,男,30,30-34,无需要照顾的孩子,上班族,office_worker,项目经理,,,
P06071,董佑明,男,29,25-29,无需要照顾的孩子,上班族,office_worker,高级软件工程师,,,
P06072,杨心雅,女,35,35-39,无需要照顾的孩子,自由业者,freelancer,自由设计师,,,
P06073,许宇,男,42,40-45,有未成年孩子,上班族,office_worker,高级运营专员,,,
P06074,刘言一,女,22,18-24,无需要照顾的孩子,大学生,university_student,本科生,,,
P06075,谢晨知,女,40,40-45,有未成年孩子,服务业者,service_worker,健身教练,,,
P06076,刘心晴,女,30,30-34,无需要照顾的孩子,自由业者,freelancer,翻译,,,
P06077,徐远豪,男,25,25-29,无需要照顾的孩子,上班族,office_worker,会计,,,
P06078,杨远宁,男,26,25-29,无需要照顾的孩子,自由业者,freelancer,独立承包商,,,
P06079,陈知嘉,女,27,25-29,无需要照顾的孩子,服务业者,service_worker,理发师,,,
P06080,王星子,女,40,40-45,有未成年孩子,上班族,office_worker,设计师,,,
P06081,王辰,女,36,35-39,无需要照顾的孩子,上班族,office_worker,项目经理,,,
P06082,黄明轩,男,24,18-24,无需要照顾的孩子,大学生,university_student,硕士研究生,,,
P06083,杨可佳,女,38,35-39,有未成年孩子,上班族,office_worker,财务主管,,,
P06084,马曦一,女,42,40-45,无需要照顾的孩子,自由业者,freelancer,摄影师,,,
P06085,吴雅梦,女,44,40-45,有未成年孩子,服务业者,service_worker,理发师,,,
P06086,徐可知,女,33,30-34,无需要照顾的孩子,自由业者,freelancer,摄影师,,,
P06087,陈诗,女,25,25-29,无需要照顾的孩子,服务业者,service_worker,酒店前台,,,
P06088,陈欣若,女,36,35-39,有未成年孩子,体力劳动者,manual_worker,设备操作员,,,
P06089,王一涵,女,31,30-34,有未成年孩子,服务业者,service_worker,酒店服务人员,,,
P06090,高怡诺,女,20,18-24,无需要照顾的孩子,上班族,office_worker,数据分析师,,,
P06091,张乐宁,女,30,30-34,无需要照顾的孩子,上班族,office_worker,财务专员,,,
P06092,吴宇,男,24,18-24,无需要照顾的孩子,上班族,office_worker,行政专员,,,
P06093,陈思可,女,42,40-45,有成年孩子,上班族,office_worker,HR经理,,,
P06094,韩可心,女,27,25-29,无需要照顾的孩子,上班族,office_worker,运营专员,,,
P06095,张若可,女,19,18-24,无需要照顾的孩子,服务业者,service_worker,零售店员,,,
P06096,王佑安,男,45,40-45,无需要照顾的孩子,上班族,office_worker,项目经理,,,
P06097,郑诚文,男,34,30-34,无需要照顾的孩子,上班族,office_worker,销售经理,,,
P06098,李欣,女,20,18-24,无需要照顾的孩子,上班族,office_worker,行政专员,,,
P06099,黄豪楷,男,45,40-45,无需要照顾的孩子,体力劳动者,manual_worker,配送员,,,
P06100,徐远诺,女,41,40-45,无需要照顾的孩子,服务业者,service_worker,零售店员,,,
P06101,冯嘉思,男,26,25-29,无需要照顾的孩子,服务业者,service_worker,餐厅服务员,,,
P06102,张若琪,女,43,40-45,有未成年孩子,自由业者,freelancer,咨询顾问,,,
P06103,陈诺婷,女,34,30-34,有未成年孩子,体力劳动者,manual_worker,配送员,,,
P06104,张琪可,女,33,30-34,无需要照顾的孩子,服务业者,service_worker,健身教练,,,
P06105,李欣欣,女,44,40-45,无需要照顾的孩子,服务业者,service_worker,美容师,,,
P06106,刘雅思,女,27,25-29,无需要照顾的孩子,上班族,office_worker,客户经理,,,
P06107,周言安,女,24,18-24,无需要照顾的孩子,服务业者,service_worker,客服,,,
P06108,罗远雨,女,43,40-45,无需要照顾的孩子,体力劳动者,manual_worker,快递员,,,
P06109,李婷佳,女,33,30-34,无需要照顾的孩子,服务业者,service_worker,厨师,,,
P06110,李言语,女,31,30-34,有未成年孩子,服务业者,service_worker,酒店前台,,,
P06111,赵佳婷,女,33,30-34,无需要照顾的孩子,自由业者,freelancer,独立承包商,,,
P06112,周安,女,22,18-24,无需要照顾的孩子,自由业者,freelancer,网店经营者,,,
P06113,黄思,女,35,35-39,有未成年孩子,上班族,office_worker,财务经理,,,
P06114,王若怡,女,19,18-24,无需要照顾的孩子,服务业者,service_worker,餐厅服务员,,,
P06115,朱婷心,女,18,18-24,无需要照顾的孩子,上班族,office_worker,运营专员,,,
P06116,王婷言,女,29,25-29,无需要照顾的孩子,服务业者,service_worker,厨师,,,
P06117,黄宁远,女,44,40-45,有未成年孩子,自由业者,freelancer,自媒体从业者,,,
P06118,张涵宇,男,25,25-29,无需要照顾的孩子,上班族,office_worker,设计师,,,
P06119,韩文景,男,18,18-24,无需要照顾的孩子,服务业者,service_worker,房产经纪,,,
P06120,王桐,女,44,40-45,有成年孩子,自由业者,freelancer,独立程序员,,,
P06121,黄清知,女,26,25-29,无需要照顾的孩子,上班族,office_worker,财务专员,,,
P06122,张嘉景,男,39,35-39,有未成年孩子,上班族,office_worker,采购专员,,,
P06123,林可,女,19,18-24,无需要照顾的孩子,大学生,university_student,硕士研究生,,,
P06124,张羽一,女,27,25-29,无需要照顾的孩子,服务业者,service_worker,零售店员,,,
P06125,王轩安,男,42,40-45,有未成年孩子,上班族,office_worker,技术经理,,,
P06126,林泽,男,44,40-45,有未成年孩子,自由业者,freelancer,自媒体从业者,,,
P06127,孙宁轩,男,36,35-39,有未成年孩子,服务业者,service_worker,房产经纪,,,
P06128,杨怡乐,女,25,25-29,无需要照顾的孩子,上班族,office_worker,运营专员,,,
P06129,张曦,女,27,25-29,无需要照顾的孩子,上班族,office_worker,行政专员,,,
P06130,李涵,女,34,30-34,无需要照顾的孩子,上班族,office_worker,财务专员,,,
P06131,刘羽,女,31,30-34,有未成年孩子,上班族,office_worker,数据分析师,,,
P06132,刘雅琪,女,20,18-24,无需要照顾的孩子,上班族,office_worker,行政专员,,,
P06133,邓婷晨,女,30,30-34,有未成年孩子,体力劳动者,manual_worker,维修技师,,,
P06134,宋阳景,男,37,35-39,有未成年孩子,体力劳动者,manual_worker,汽车技师,,,
P06135,刘辰远,男,22,18-24,无需要照顾的孩子,大学生,university_student,本科生,,,
P06136,马昊嘉,男,29,25-29,有未成年孩子,上班族,office_worker,软件工程师,,,
P06137,孙言,男,34,30-34,无需要照顾的孩子,上班族,office_worker,采购专员,,,
P06138,林泽轩,男,22,18-24,无需要照顾的孩子,自由业者,freelancer,翻译,,,
P06139,朱彤羽,女,30,30-34,有未成年孩子,上班族,office_worker,采购经理,,,
P06140,许若涵,女,23,18-24,无需要照顾的孩子,大学生,university_student,硕士研究生,,,
P06141,张文阳,男,38,35-39,无需要照顾的孩子,上班族,office_worker,财务专员,,,
P06142,张晓可,女,25,25-29,无需要照顾的孩子,上班族,office_worker,高级软件工程师,,,
P06143,周远,女,23,18-24,无需要照顾的孩子,体力劳动者,manual_worker,配送员,,,
P06144,张诗,女,23,18-24,无需要照顾的孩子,自由业者,freelancer,独立承包商,,,
P06145,徐晴嫣,女,30,30-34,无需要照顾的孩子,上班族,office_worker,客户经理,,,
P06146,于怡思,女,44,40-45,有未成年孩子,体力劳动者,manual_worker,搬运工,,,
P06147,张然梓,男,28,25-29,无需要照顾的孩子,上班族,office_worker,销售经理,,,
P06148,李诺欣,女,25,25-29,无需要照顾的孩子,大学生,university_student,硕士研究生,,,
P06149,徐子晨,女,22,18-24,无需要照顾的孩子,大学生,university_student,本科生,,,
P06150,周然,男,18,18-24,无需要照顾的孩子,服务业者,service_worker,咖啡师,,,
P06151,邓思佳,女,45,40-45,有未成年孩子,体力劳动者,manual_worker,焊工,,,
P06152,李桐婷,女,26,25-29,有未成年孩子,服务业者,service_worker,餐厅服务员,,,
P06153,赵星,女,26,25-29,无需要照顾的孩子,上班族,office_worker,设计师,,,
P06154,张言清,女,18,18-24,无需要照顾的孩子,体力劳动者,manual_worker,快递员,,,
P06155,刘涵,男,23,18-24,无需要照顾的孩子,服务业者,service_worker,酒店服务人员,,,
P06156,林志,男,43,40-45,无需要照顾的孩子,上班族,office_worker,销售经理,,,
P06157,何若思,女,44,40-45,有未成年孩子,体力劳动者,manual_worker,汽车技师,,,
P06158,许可诚,男,35,35-39,有未成年孩子,上班族,office_worker,采购经理,,,
P06159,杨诺宁,女,43,40-45,有未成年孩子,上班族,office_worker,HR经理,,,
P06160,胡乐安,男,38,35-39,无需要照顾的孩子,上班族,office_worker,产品经理,,,
P06161,李安,女,29,25-29,无需要照顾的孩子,上班族,office_worker,财务专员,,,
P06162,赵可安,女,35,35-39,有未成年孩子,服务业者,service_worker,保安,,,
P06163,赵婷琪,女,38,35-39,有未成年孩子,服务业者,service_worker,零售店员,,,
P06164,胡语知,女,25,25-29,无需要照顾的孩子,体力劳动者,manual_worker,搬运工,,,
P06165,王楷俊,男,33,30-34,无需要照顾的孩子,上班族,office_worker,软件工程师,,,
P06166,张佳欣,女,39,35-39,无需要照顾的孩子,体力劳动者,manual_worker,建筑工人,,,
P06167,马梦,女,25,25-29,无需要照顾的孩子,上班族,office_worker,产品经理,,,
P06168,刘宁瑶,女,31,30-34,无需要照顾的孩子,上班族,office_worker,客户经理,,,
P06169,林语宁,女,35,35-39,无需要照顾的孩子,上班族,office_worker,会计,,,
P06170,罗诚昊,男,42,40-45,有成年孩子,上班族,office_worker,设计师,,,
P06171,郑言,女,34,30-34,有未成年孩子,体力劳动者,manual_worker,配送员,,,
P06172,董安,女,22,18-24,无需要照顾的孩子,上班族,office_worker,财务专员,,,
P06173,张思梦,女,18,18-24,无需要照顾的孩子,大学生,university_student,本科生,,,
P06174,邓语思,女,25,25-29,无需要照顾的孩子,大学生,university_student,硕士研究生,,,
P06175,徐宁心,男,38,35-39,有未成年孩子,上班族,office_worker,高级运营专员,,,
P06176,韩佳梦,女,29,25-29,无需要照顾的孩子,自由业者,freelancer,自媒体从业者,,,
P06177,张晓,女,36,35-39,有未成年孩子,服务业者,service_worker,美容师,,,
P06178,程星静,女,21,18-24,无需要照顾的孩子,大学生,university_student,本科生,,,
P06179,王阳哲,男,36,35-39,无需要照顾的孩子,服务业者,service_worker,酒店前台,,,
P06180,高安豪,男,32,30-34,有未成年孩子,上班族,office_worker,HR经理,,,
P06181,黄星晴,女,44,40-45,有成年孩子,上班族,office_worker,运营经理,,,
P06182,董乐星,女,45,40-45,有未成年孩子,上班族,office_worker,运营专员,,,
P06183,李诺安,女,24,18-24,无需要照顾的孩子,大学生,university_student,本科生,,,
P06184,张思婉,女,37,35-39,有未成年孩子,服务业者,service_worker,理发师,,,
P06185,王嘉羽,男,25,25-29,无需要照顾的孩子,上班族,office_worker,数据分析师,,,
P06186,刘怡怡,女,29,25-29,无需要照顾的孩子,服务业者,service_worker,零售店员,,,
P06187,赵思,女,26,25-29,无需要照顾的孩子,上班族,office_worker,数据分析师,,,
P06188,张思瑶,女,36,35-39,有未成年孩子,上班族,office_worker,高级数据分析师,,,
P06189,马婉源,女,43,40-45,无需要照顾的孩子,上班族,office_worker,高级产品经理,,,
P06190,李睿心,男,35,35-39,无需要照顾的孩子,自由业者,freelancer,摄影师,,,
P06191,刘远,女,28,25-29,无需要照顾的孩子,体力劳动者,manual_worker,建筑工人,,,
P06192,李宇哲,男,42,40-45,有未成年孩子,自由业者,freelancer,咨询顾问,,,
P06193,张豪博,男,23,18-24,无需要照顾的孩子,大学生,university_student,硕士研究生,,,
P06194,周桐可,女,43,40-45,有成年孩子,上班族,office_worker,销售代表,,,
P06195,李宁,女,29,25-29,无需要照顾的孩子,自由业者,freelancer,自由设计师,,,
P06196,张涵心,女,26,25-29,无需要照顾的孩子,上班族,office_worker,行政专员,,,
P06197,刘宁桐,女,39,35-39,无需要照顾的孩子,体力劳动者,manual_worker,维修技师,,,
P06198,郭清婷,女,45,40-45,有未成年孩子,上班族,office_worker,采购经理,,,
P06199,李婷雨,女,40,40-45,无需要照顾的孩子,服务业者,service_worker,零售店员,,,
P06200,周宁,女,36,35-39,有未成年孩子,上班族,office_worker,产品经理,,,
P06201,李晨清,女,42,40-45,无需要照顾的孩子,服务业者,service_worker,健身教练,,,
P06202,孙一涵,女,36,35-39,有未成年孩子,体力劳动者,manual_worker,卡车司机,,,
P06203,杨怡语,女,33,30-34,无需要照顾的孩子,上班族,office_worker,高级数据分析师,,,
P06204,郑一睿,男,37,35-39,有未成年孩子,服务业者,service_worker,收银员,,,
P06205,周晨心,女,29,25-29,有未成年孩子,大学生,university_student,博士研究生,,,
P06206,李怡,女,19,18-24,无需要照顾的孩子,大学生,university_student,本科生,,,
P06207,李晨,女,27,25-29,无需要照顾的孩子,服务业者,service_worker,美容师,,,
P06208,郭言安,女,30,30-34,无需要照顾的孩子,上班族,office_worker,财务专员,,,
P06209,李琪怡,女,39,35-39,有未成年孩子,上班族,office_worker,高级运营专员,,,
P06210,胡曦曦,女,18,18-24,无需要照顾的孩子,大学生,university_student,本科生,,,
P06211,张一宁,女,33,30-34,无需要照顾的孩子,体力劳动者,manual_worker,快递员,,,
P06212,张远羽,男,29,25-29,有未成年孩子,上班族,office_worker,软件工程师,,,
P06213,张婷羽,女,38,35-39,有未成年孩子,服务业者,service_worker,房产经纪,,,
P06214,刘欣晴,女,36,35-39,有未成年孩子,体力劳动者,manual_worker,仓库操作员,,,
P06215,李言星,女,33,30-34,有未成年孩子,上班族,office_worker,销售经理,,,
P06216,李星俊,男,31,30-34,无需要照顾的孩子,上班族,office_worker,高级运营专员,,,
P06217,高静可,女,44,40-45,无需要照顾的孩子,服务业者,service_worker,美容师,,,
P06218,许天言,男,44,40-45,无需要照顾的孩子,服务业者,service_worker,健身教练,,,
P06219,黄知欣,女,30,30-34,有未成年孩子,体力劳动者,manual_worker,电工,,,
P06220,高豪轩,男,19,18-24,无需要照顾的孩子,服务业者,service_worker,理发师,,,
P06221,王欣,女,24,18-24,有未成年孩子,上班族,office_worker,会计,,,
P06222,李思静,女,31,30-34,无需要照顾的孩子,体力劳动者,manual_worker,设备操作员,,,
P06223,高嫣佳,女,38,35-39,无需要照顾的孩子,服务业者,service_worker,美容师,,,
P06224,李泽,男,28,25-29,有未成年孩子,服务业者,service_worker,客服,,,
P06225,赵怡思,女,19,18-24,无需要照顾的孩子,服务业者,service_worker,咖啡师,,,
P06226,李曦可,女,23,18-24,无需要照顾的孩子,服务业者,service_worker,健身教练,,,
P06227,李怡诺,女,38,35-39,无需要照顾的孩子,服务业者,service_worker,收银员,,,
P06228,高晨,女,38,35-39,有未成年孩子,上班族,office_worker,产品经理,,,
P06229,李瑶婉,女,22,18-24,无需要照顾的孩子,服务业者,service_worker,房产经纪,,,
P06230,谢曦怡,女,42,40-45,有未成年孩子,上班族,office_worker,客户专员,,,
P06231,李辰佳,女,19,18-24,无需要照顾的孩子,服务业者,service_worker,酒店服务人员,,,
P06232,胡文阳,男,32,30-34,有未成年孩子,上班族,office_worker,销售经理,,,
P06233,徐安瑶,女,41,40-45,无需要照顾的孩子,上班族,office_worker,客户专员,,,
P06234,吴语怡,女,19,18-24,无需要照顾的孩子,上班族,office_worker,销售经理,,,
P06235,许佳晨,女,24,18-24,无需要照顾的孩子,体力劳动者,manual_worker,仓库操作员,,,
P06236,王远安,男,19,18-24,无需要照顾的孩子,大学生,university_student,硕士研究生,,,
P06237,陈宁,女,33,30-34,有未成年孩子,自由业者,freelancer,自媒体从业者,,,
P06238,李晨泽,男,25,25-29,无需要照顾的孩子,上班族,office_worker,财务专员,,,
P06239,李知,女,39,35-39,有未成年孩子,上班族,office_worker,采购专员,,,
P06240,郑清乐,男,29,25-29,无需要照顾的孩子,上班族,office_worker,高级软件工程师,,,
P06241,李星,女,32,30-34,无需要照顾的孩子,上班族,office_worker,运营专员,,,
P06242,孙思嘉,女,28,25-29,无需要照顾的孩子,服务业者,service_worker,理发师,,,
P06243,赵清,女,31,30-34,无需要照顾的孩子,上班族,office_worker,会计,,,
P06244,王轩,男,34,30-34,无需要照顾的孩子,上班族,office_worker,项目经理,,,
P06245,张婉晴,女,26,25-29,有未成年孩子,上班族,office_worker,高级数据分析师,,,
P06246,李乐,女,38,35-39,有未成年孩子,服务业者,service_worker,理发师,,,
P06247,徐佳彤,女,32,30-34,无需要照顾的孩子,体力劳动者,manual_worker,安装工,,,
P06248,陈心,女,33,30-34,无需要照顾的孩子,体力劳动者,manual_worker,电工,,,
P06249,李一乐,女,25,25-29,无需要照顾的孩子,上班族,office_worker,销售代表,,,
P06250,陈静知,女,29,25-29,无需要照顾的孩子,上班族,office_worker,采购专员,,,
P06251,刘晴宁,女,19,18-24,无需要照顾的孩子,大学生,university_student,本科生,,,
P06252,陈桐,女,35,35-39,无需要照顾的孩子,体力劳动者,manual_worker,仓库操作员,,,
P06253,李宁乐,女,31,30-34,无需要照顾的孩子,上班族,office_worker,销售代表,,,
P06254,孙晴婉,女,23,18-24,无需要照顾的孩子,服务业者,service_worker,美容师,,,
P06255,李宁诚,男,29,25-29,无需要照顾的孩子,服务业者,service_worker,厨师,,,
P06256,董涵婷,女,21,18-24,无需要照顾的孩子,体力劳动者,manual_worker,焊工,,,
P06257,王俊嘉,男,40,40-45,有未成年孩子,自由业者,freelancer,私教,,,
P06258,马一,女,29,25-29,有未成年孩子,上班族,office_worker,数据分析师,,,
P06259,李楷浩,男,32,30-34,无需要照顾的孩子,服务业者,service_worker,酒店前台,,,
P06260,王彤知,女,25,25-29,无需要照顾的孩子,上班族,office_worker,软件工程师,,,
P06261,朱思一,女,27,25-29,有未成年孩子,自由业者,freelancer,网店经营者,,,
P06262,李怡心,女,34,30-34,无需要照顾的孩子,上班族,office_worker,设计师,,,
P06263,冯婉,女,30,30-34,无需要照顾的孩子,上班族,office_worker,采购专员,,,
P06264,杨婷,女,22,18-24,无需要照顾的孩子,上班族,office_worker,产品经理,,,
P06265,马诗欣,女,40,40-45,有未成年孩子,上班族,office_worker,运营专员,,,
P06266,王涵婷,女,37,35-39,有未成年孩子,上班族,office_worker,客户专员,,,
P06267,王文楷,男,29,25-29,有未成年孩子,上班族,office_worker,财务主管,,,
P06268,唐哲远,男,44,40-45,有成年孩子,上班族,office_worker,业务负责人,,,
P06269,杨涵晴,女,32,30-34,有未成年孩子,上班族,office_worker,设计师,,,
P06270,赵欣若,女,20,18-24,无需要照顾的孩子,体力劳动者,manual_worker,配送员,,,
P06271,李思诗,女,20,18-24,无需要照顾的孩子,服务业者,service_worker,健身教练,,,
P06272,冯轩明,男,29,25-29,有未成年孩子,自由业者,freelancer,自媒体从业者,,,
P06273,林泽然,男,33,30-34,有未成年孩子,上班族,office_worker,客户经理,,,
P06274,杨诚然,男,33,30-34,有未成年孩子,体力劳动者,manual_worker,维修技师,,,
P06275,王彤,女,29,25-29,无需要照顾的孩子,上班族,office_worker,采购专员,,,
P06276,马辰雅,女,34,30-34,无需要照顾的孩子,上班族,office_worker,客户专员,,,
P06277,张嘉欣,女,21,18-24,无需要照顾的孩子,大学生,university_student,本科生,,,
P06278,何瑶,女,23,18-24,无需要照顾的孩子,大学生,university_student,硕士研究生,,,
P06279,王晨瑶,女,34,30-34,有未成年孩子,体力劳动者,manual_worker,建筑工人,,,
P06280,胡清,女,32,30-34,有未成年孩子,大学生,university_student,博士研究生,,,
P06281,陈心佳,女,42,40-45,有未成年孩子,上班族,office_worker,客户经理,,,
P06282,李嘉可,女,41,40-45,有未成年孩子,上班族,office_worker,高级运营专员,,,
P06283,朱星,男,37,35-39,有未成年孩子,体力劳动者,manual_worker,安装工,,,
P06284,冯一欣,女,40,40-45,有未成年孩子,上班族,office_worker,客户经理,,,
P06285,陈可婉,女,22,18-24,无需要照顾的孩子,大学生,university_student,本科生,,,
P06286,朱文辰,男,32,30-34,无需要照顾的孩子,上班族,office_worker,产品经理,,,
P06287,李远瑶,女,28,25-29,无需要照顾的孩子,自由业者,freelancer,私教,,,
P06288,李雨涵,女,39,35-39,有未成年孩子,服务业者,service_worker,健身教练,,,
P06289,胡欣,女,24,18-24,无需要照顾的孩子,服务业者,service_worker,餐厅服务员,,,
P06290,谢星可,女,27,25-29,有未成年孩子,大学生,university_student,博士研究生,,,
P06291,徐晨,女,27,25-29,有未成年孩子,服务业者,service_worker,咖啡师,,,
P06292,周婷佳,女,29,25-29,无需要照顾的孩子,体力劳动者,manual_worker,安装工,,,
P06293,孙诗雅,女,44,40-45,有未成年孩子,上班族,office_worker,高级运营专员,,,
P06294,李佳知,女,42,40-45,无需要照顾的孩子,上班族,office_worker,HR经理,,,
P06295,冯语,女,39,35-39,有未成年孩子,服务业者,service_worker,健身教练,,,
P06296,刘宁晨,男,32,30-34,有未成年孩子,自由业者,freelancer,独立承包商,,,
P06297,邓彤诗,女,43,40-45,有成年孩子,自由业者,freelancer,自媒体从业者,,,
P06298,刘桐可,女,22,18-24,无需要照顾的孩子,体力劳动者,manual_worker,仓库操作员,,,
P06299,张诺彤,女,41,40-45,有未成年孩子,服务业者,service_worker,餐厅服务员,,,
P06300,韩知怡,女,43,40-45,有未成年孩子,服务业者,service_worker,房产经纪,,,
P06301,李可静,女,24,18-24,无需要照顾的孩子,上班族,office_worker,设计师,,,
P06302,程涵瑶,女,40,40-45,有未成年孩子,上班族,office_worker,设计师,,,
P06303,陈宁雅,女,26,25-29,无需要照顾的孩子,大学生,university_student,硕士研究生,,,
P06304,吴思可,女,18,18-24,无需要照顾的孩子,体力劳动者,manual_worker,卡车司机,,,
P06305,罗晨雨,女,26,25-29,有未成年孩子,服务业者,service_worker,酒店前台,,,
P06306,冯文,男,27,25-29,有未成年孩子,服务业者,service_worker,健身教练,,,
P06307,赵羽怡,女,37,35-39,有未成年孩子,服务业者,service_worker,酒店前台,,,
P06308,李婷辰,女,31,30-34,无需要照顾的孩子,上班族,office_worker,行政专员,,,
P06309,罗思,女,18,18-24,无需要照顾的孩子,服务业者,service_worker,理发师,,,
P06310,张静心,女,34,30-34,有未成年孩子,上班族,office_worker,设计师,,,
P06311,张羽辰,女,45,40-45,无需要照顾的孩子,自由业者,freelancer,咨询顾问,,,
P06312,黄浩轩,男,24,18-24,无需要照顾的孩子,大学生,university_student,本科生,,,
P06313,高知知,女,39,35-39,无需要照顾的孩子,服务业者,service_worker,厨师,,,
P06314,陈哲晨,男,19,18-24,无需要照顾的孩子,大学生,university_student,硕士研究生,,,
P06315,罗言天,男,36,35-39,无需要照顾的孩子,服务业者,service_worker,酒店服务人员,,,
P06316,王心雨,女,22,18-24,无需要照顾的孩子,大学生,university_student,本科生,,,
P06317,罗思可,女,37,35-39,有未成年孩子,体力劳动者,manual_worker,建筑工人,,,
P06318,周怡涵,女,28,25-29,无需要照顾的孩子,上班族,office_worker,设计师,,,
P06319,张心,女,32,30-34,有未成年孩子,上班族,office_worker,HR经理,,,
P06320,许怡,女,27,25-29,无需要照顾的孩子,自由业者,freelancer,咨询顾问,,,
P06321,吴静,女,45,40-45,有未成年孩子,服务业者,service_worker,咖啡师,,,
P06322,李晴,女,24,18-24,无需要照顾的孩子,大学生,university_student,硕士研究生,,,
P06323,谢诺,女,27,25-29,有未成年孩子,服务业者,service_worker,保安,,,
P06324,徐博晨,男,37,35-39,无需要照顾的孩子,上班族,office_worker,人力资源经理,,,
P06325,王婷静,女,20,18-24,无需要照顾的孩子,服务业者,service_worker,房产经纪,,,
P06326,马安,女,39,35-39,无需要照顾的孩子,上班族,office_worker,客户专员,,,
P06327,王佳诗,女,18,18-24,无需要照顾的孩子,大学生,university_student,本科生,,,
P06328,吴轩言,男,26,25-29,无需要照顾的孩子,体力劳动者,manual_worker,汽车技师,,,
P06329,朱可佳,女,31,30-34,有未成年孩子,上班族,office_worker,销售代表,,,
P06330,朱涵语,女,24,18-24,无需要照顾的孩子,大学生,university_student,博士研究生,,,
P06331,周子嫣,女,36,35-39,有未成年孩子,体力劳动者,manual_worker,汽车技师,,,
P06332,朱彤安,女,29,25-29,无需要照顾的孩子,服务业者,service_worker,酒店前台,,,
P06333,赵心晨,女,42,40-45,有未成年孩子,上班族,office_worker,区域经理,,,
P06334,张梦若,女,30,30-34,无需要照顾的孩子,服务业者,service_worker,美容师,,,
P06335,郭静子,女,34,30-34,有未成年孩子,服务业者,service_worker,保安,,,
P06336,何语,女,38,35-39,有未成年孩子,体力劳动者,manual_worker,建筑工人,,,
P06337,黄怡静,女,33,30-34,无需要照顾的孩子,体力劳动者,manual_worker,快递员,,,
P06338,李静,女,24,18-24,无需要照顾的孩子,服务业者,service_worker,美容师,,,
P06339,高源婉,女,31,30-34,有未成年孩子,自由业者,freelancer,私教,,,
P06340,陈辰乐,男,18,18-24,无需要照顾的孩子,大学生,university_student,本科生,,,
P06341,林彤辰,女,38,35-39,有未成年孩子,体力劳动者,manual_worker,卡车司机,,,
P06342,朱曦思,女,31,30-34,无需要照顾的孩子,上班族,office_worker,采购专员,,,
P06343,张涵欣,女,20,18-24,无需要照顾的孩子,大学生,university_student,本科生,,,
P06344,朱一,男,41,40-45,有未成年孩子,体力劳动者,manual_worker,电工,,,
P06345,周晓羽,女,38,35-39,有未成年孩子,体力劳动者,manual_worker,配送员,,,
P06346,王佳宁,女,34,30-34,有未成年孩子,上班族,office_worker,采购专员,,,
P06347,王琪,女,29,25-29,无需要照顾的孩子,上班族,office_worker,客户专员,,,
P06348,王桐清,女,35,35-39,有未成年孩子,上班族,office_worker,项目经理,,,
P06349,董心欣,女,22,18-24,无需要照顾的孩子,上班族,office_worker,采购专员,,,
P06350,张清婷,女,42,40-45,有未成年孩子,服务业者,service_worker,零售店员,,,
P06351,程佑嘉,男,23,18-24,无需要照顾的孩子,服务业者,service_worker,餐厅服务员,,,
P06352,张晨佑,男,36,35-39,无需要照顾的孩子,服务业者,service_worker,收银员,,,
P06353,梁嘉一,女,35,35-39,有未成年孩子,上班族,office_worker,销售代表,,,
P06354,刘言然,男,36,35-39,有未成年孩子,体力劳动者,manual_worker,卡车司机,,,
P06355,李嘉言,男,35,35-39,有未成年孩子,自由业者,freelancer,咨询顾问,,,
P06356,张琪涵,女,19,18-24,无需要照顾的孩子,服务业者,service_worker,保安,,,
P06357,陈轩宇,男,29,25-29,无需要照顾的孩子,上班族,office_worker,采购专员,,,
P06358,陈远远,女,32,30-34,无需要照顾的孩子,自由业者,freelancer,自媒体从业者,,,
P06359,林怡诗,女,28,25-29,无需要照顾的孩子,服务业者,service_worker,保安,,,
P06360,于涵晴,女,44,40-45,无需要照顾的孩子,服务业者,service_worker,餐厅服务员,,,
P06361,王怡言,女,26,25-29,无需要照顾的孩子,自由业者,freelancer,翻译,,,
P06362,张子诺,女,25,25-29,有未成年孩子,体力劳动者,manual_worker,维修技师,,,
P06363,王晴可,女,21,18-24,无需要照顾的孩子,服务业者,service_worker,零售店员,,,
P06364,刘心若,女,31,30-34,无需要照顾的孩子,上班族,office_worker,高级数据分析师,,,
P06365,李思晓,女,34,30-34,有未成年孩子,上班族,office_worker,行政专员,,,
P06366,王曦言,女,42,40-45,无需要照顾的孩子,自由业者,freelancer,咨询顾问,,,
P06367,于佳辰,女,30,30-34,有未成年孩子,服务业者,service_worker,餐厅服务员,,,
P06368,王嫣涵,女,42,40-45,有未成年孩子,上班族,office_worker,客户经理,,,
P06369,王曦安,女,27,25-29,无需要照顾的孩子,上班族,office_worker,客户专员,,,
P06370,周俊嘉,男,45,40-45,无需要照顾的孩子,上班族,office_worker,高级产品经理,,,
P06371,李嘉豪,男,31,30-34,无需要照顾的孩子,体力劳动者,manual_worker,安装工,,,
P06372,陈羽涵,男,33,30-34,有未成年孩子,上班族,office_worker,销售经理,,,
P06373,董羽,男,31,30-34,无需要照顾的孩子,服务业者,service_worker,健身教练,,,
P06374,刘涵文,男,36,35-39,有未成年孩子,上班族,office_worker,软件工程师,,,
P06375,王睿杰,男,33,30-34,有未成年孩子,体力劳动者,manual_worker,快递员,,,
P06376,胡豪,男,32,30-34,无需要照顾的孩子,上班族,office_worker,销售经理,,,
P06377,李知辰,男,34,30-34,有未成年孩子,服务业者,service_worker,酒店服务人员,,,
P06378,谢源乐,男,18,18-24,无需要照顾的孩子,服务业者,service_worker,健身教练,,,
P06379,朱心嘉,男,24,18-24,无需要照顾的孩子,上班族,office_worker,软件工程师,,,
P06380,孙可晓,女,37,35-39,有未成年孩子,体力劳动者,manual_worker,安装工,,,
P06381,林安可,女,19,18-24,无需要照顾的孩子,体力劳动者,manual_worker,卡车司机,,,
P06382,王雨清,女,26,25-29,无需要照顾的孩子,上班族,office_worker,HR经理,,,
P06383,王睿,男,37,35-39,无需要照顾的孩子,体力劳动者,manual_worker,汽车技师,,,
P06384,杨诺,女,21,18-24,无需要照顾的孩子,大学生,university_student,本科生,,,
P06385,张轩豪,男,45,40-45,无需要照顾的孩子,服务业者,service_worker,厨师,,,
P06386,王梦瑶,女,39,35-39,无需要照顾的孩子,上班族,office_worker,客户专员,,,
P06387,赵豪昊,男,22,18-24,无需要照顾的孩子,体力劳动者,manual_worker,设备操作员,,,
P06388,张婷,女,23,18-24,有未成年孩子,大学生,university_student,硕士研究生,,,
P06389,胡嫣瑶,女,31,30-34,无需要照顾的孩子,服务业者,service_worker,酒店前台,,,
P06390,陈可诺,女,35,35-39,有未成年孩子,上班族,office_worker,销售代表,,,
P06391,陈明哲,男,39,35-39,有未成年孩子,体力劳动者,manual_worker,配送员,,,
P06392,陈佳羽,女,26,25-29,无需要照顾的孩子,上班族,office_worker,设计师,,,
P06393,王源心,女,38,35-39,有未成年孩子,体力劳动者,manual_worker,汽车技师,,,
P06394,吴星,女,42,40-45,无需要照顾的孩子,上班族,office_worker,高级运营专员,,,
P06395,马诺,女,35,35-39,有未成年孩子,上班族,office_worker,销售代表,,,
P06396,朱涵,女,31,30-34,有未成年孩子,服务业者,service_worker,美容师,,,
P06397,周雨嘉,女,34,30-34,有未成年孩子,上班族,office_worker,HR经理,,,
P06398,王雨晓,女,45,40-45,有未成年孩子,服务业者,service_worker,房产经纪,,,
P06399,吴宁思,女,24,18-24,无需要照顾的孩子,自由业者,freelancer,自媒体从业者,,,
P06400,冯哲,男,35,35-39,有未成年孩子,上班族,office_worker,客户经理,,,
P06401,高乐豪,男,40,40-45,有成年孩子,上班族,office_worker,数据分析师,,,
P06402,陈文豪,男,19,18-24,无需要照顾的孩子,大学生,university_student,硕士研究生,,,
P06403,赵然,男,30,30-34,有未成年孩子,上班族,office_worker,销售经理,,,
P06404,周涵欣,女,28,25-29,无需要照顾的孩子,上班族,office_worker,数据分析师,,,
P06405,陈婉晨,女,20,18-24,无需要照顾的孩子,大学生,university_student,本科生,,,
P06406,赵文晨,男,39,35-39,无需要照顾的孩子,自由业者,freelancer,自由设计师,,,
P06407,赵星若,女,21,18-24,无需要照顾的孩子,自由业者,freelancer,独立程序员,,,
P06408,谢源婷,女,34,30-34,有未成年孩子,上班族,office_worker,高级运营专员,,,
P06409,马佳晓,女,45,40-45,有未成年孩子,服务业者,service_worker,餐厅服务员,,,
P06410,马雅,女,26,25-29,无需要照顾的孩子,服务业者,service_worker,健身教练,,,
P06411,刘一,女,36,35-39,有未成年孩子,上班族,office_worker,HR经理,,,
P06412,林诺,女,21,18-24,无需要照顾的孩子,自由业者,freelancer,私教,,,
P06413,林嘉然,男,28,25-29,有未成年孩子,上班族,office_worker,软件工程师,,,
P06414,袁星泽,男,19,18-24,无需要照顾的孩子,服务业者,service_worker,客服,,,
P06415,王宇泽,男,19,18-24,无需要照顾的孩子,上班族,office_worker,采购专员,,,
P06416,郑嘉睿,男,23,18-24,无需要照顾的孩子,自由业者,freelancer,咨询顾问,,,
P06417,黄轩星,男,31,30-34,有未成年孩子,上班族,office_worker,区域经理,,,
P06418,周嘉言,女,45,40-45,无需要照顾的孩子,上班族,office_worker,区域经理,,,
P06419,杨源乐,女,23,18-24,无需要照顾的孩子,上班族,office_worker,运营专员,,,
P06420,赵嘉乐,男,43,40-45,有未成年孩子,上班族,office_worker,运营专员,,,
P06421,吴睿杰,男,32,30-34,无需要照顾的孩子,自由业者,freelancer,翻译,,,
P06422,胡远言,女,18,18-24,无需要照顾的孩子,大学生,university_student,硕士研究生,,,
P06423,吴语,女,18,18-24,无需要照顾的孩子,服务业者,service_worker,餐厅服务员,,,
P06424,胡语婷,女,29,25-29,无需要照顾的孩子,服务业者,service_worker,酒店服务人员,,,
P06425,张梦涵,女,30,30-34,无需要照顾的孩子,上班族,office_worker,产品经理,,,
P06426,梁安知,女,23,18-24,无需要照顾的孩子,大学生,university_student,博士研究生,,,
P06427,张可,男,20,18-24,无需要照顾的孩子,体力劳动者,manual_worker,安装工,,,
P06428,唐嘉,女,34,30-34,有未成年孩子,上班族,office_worker,客户专员,,,
P06429,王若,女,44,40-45,有未成年孩子,上班族,office_worker,财务主管,,,
P06430,袁豪然,男,35,35-39,无需要照顾的孩子,体力劳动者,manual_worker,设备操作员,,,
P06431,周佳,女,21,18-24,无需要照顾的孩子,服务业者,service_worker,美容师,,,
P06432,赵瑶晨,女,32,30-34,无需要照顾的孩子,上班族,office_worker,产品经理,,,
P06433,朱嫣宁,女,38,35-39,有未成年孩子,上班族,office_worker,产品经理,,,
P06434,王桐,女,18,18-24,无需要照顾的孩子,服务业者,service_worker,房产经纪,,,
P06435,陈一,男,39,35-39,有未成年孩子,服务业者,service_worker,保安,,,
P06436,刘子知,女,21,18-24,无需要照顾的孩子,服务业者,service_worker,客服,,,
P06437,杨辰琪,女,29,25-29,无需要照顾的孩子,上班族,office_worker,运营专员,,,
P06438,陈辰嘉,女,36,35-39,有未成年孩子,自由业者,freelancer,独立程序员,,,
P06439,李诚豪,男,40,40-45,有成年孩子,服务业者,service_worker,健身教练,,,
P06440,王梦欣,女,25,25-29,无需要照顾的孩子,自由业者,freelancer,咨询顾问,,,
P06441,李雨,女,41,40-45,有未成年孩子,上班族,office_worker,项目经理,,,
P06442,张欣辰,女,27,25-29,有未成年孩子,服务业者,service_worker,零售店员,,,
P06443,杨语子,女,34,30-34,无需要照顾的孩子,上班族,office_worker,产品经理,,,
P06444,孙宁,女,30,30-34,无需要照顾的孩子,上班族,office_worker,行政专员,,,
P06445,李可辰,女,42,40-45,无需要照顾的孩子,服务业者,service_worker,酒店前台,,,
P06446,王一清,女,27,25-29,无需要照顾的孩子,自由业者,freelancer,翻译,,,
P06447,赵昊,男,22,18-24,无需要照顾的孩子,大学生,university_student,本科生,,,
P06448,唐可乐,女,39,35-39,有未成年孩子,服务业者,service_worker,酒店前台,,,
P06449,黄可,女,43,40-45,有未成年孩子,上班族,office_worker,高级数据分析师,,,
P06450,于睿,男,18,18-24,无需要照顾的孩子,大学生,university_student,本科生,,,
P06451,陈羽远,女,44,40-45,有未成年孩子,服务业者,service_worker,咖啡师,,,
P06452,林安,女,25,25-29,有未成年孩子,自由业者,freelancer,独立承包商,,,
P06453,胡志,男,32,30-34,无需要照顾的孩子,自由业者,freelancer,咨询顾问,,,
P06454,张楷辰,男,29,25-29,有未成年孩子,上班族,office_worker,HR经理,,,
P06455,李星晨,男,31,30-34,有未成年孩子,自由业者,freelancer,独立承包商,,,
P06456,林梦言,女,34,30-34,有未成年孩子,上班族,office_worker,项目经理,,,
P06457,陈佳诗,女,21,18-24,无需要照顾的孩子,上班族,office_worker,客户专员,,,
P06458,周源,女,38,35-39,有未成年孩子,服务业者,service_worker,餐厅服务员,,,
P06459,李曦辰,女,38,35-39,无需要照顾的孩子,自由业者,freelancer,网店经营者,,,
P06460,王语,女,42,40-45,有未成年孩子,体力劳动者,manual_worker,安装工,,,
P06461,周晨天,男,43,40-45,有未成年孩子,服务业者,service_worker,房产经纪,,,
P06462,李可可,女,32,30-34,无需要照顾的孩子,服务业者,service_worker,健身教练,,,
P06463,朱宁,女,23,18-24,无需要照顾的孩子,大学生,university_student,本科生,,,
P06464,张语嫣,女,22,18-24,无需要照顾的孩子,大学生,university_student,本科生,,,
P06465,王涵静,女,24,18-24,无需要照顾的孩子,上班族,office_worker,客户专员,,,
P06466,陈欣桐,女,39,35-39,有未成年孩子,服务业者,service_worker,零售店员,,,
P06467,陈诚,男,31,30-34,无需要照顾的孩子,上班族,office_worker,高级数据分析师,,,
P06468,赵博晨,男,35,35-39,有未成年孩子,上班族,office_worker,高级数据分析师,,,
P06469,周涵嫣,女,24,18-24,无需要照顾的孩子,服务业者,service_worker,厨师,,,
P06470,刘景嘉,男,27,25-29,有未成年孩子,服务业者,service_worker,餐厅服务员,,,
P06471,杨思辰,女,26,25-29,无需要照顾的孩子,服务业者,service_worker,厨师,,,
P06472,刘欣远,女,44,40-45,有成年孩子,体力劳动者,manual_worker,安装工,,,
P06473,梁婷桐,女,27,25-29,无需要照顾的孩子,上班族,office_worker,销售代表,,,
P06474,杨嘉思,女,32,30-34,无需要照顾的孩子,上班族,office_worker,采购经理,,,
P06475,张知源,女,29,25-29,无需要照顾的孩子,服务业者,service_worker,厨师,,,
P06476,赵雨欣,女,44,40-45,无需要照顾的孩子,服务业者,service_worker,美容师,,,
P06477,赵晴言,女,40,40-45,无需要照顾的孩子,服务业者,service_worker,厨师,,,
P06478,杨言,女,44,40-45,有未成年孩子,体力劳动者,manual_worker,汽车技师,,,
P06479,李心子,女,21,18-24,无需要照顾的孩子,大学生,university_student,本科生,,,
P06480,李浩源,男,31,30-34,有未成年孩子,服务业者,service_worker,健身教练,,,
P06481,张晓,女,39,35-39,无需要照顾的孩子,服务业者,service_worker,厨师,,,
P06482,王晓羽,女,36,35-39,有未成年孩子,服务业者,service_worker,餐厅服务员,,,
P06483,高梦星,女,42,40-45,有未成年孩子,上班族,office_worker,HR经理,,,
P06484,吴言语,女,35,35-39,无需要照顾的孩子,自由业者,freelancer,独立承包商,,,
P06485,李轩佑,男,36,35-39,有未成年孩子,上班族,office_worker,软件工程师,,,
P06486,高若婷,女,28,25-29,无需要照顾的孩子,上班族,office_worker,软件工程师,,,
P06487,唐远,女,32,30-34,无需要照顾的孩子,自由业者,freelancer,翻译,,,
P06488,曹晓嘉,女,26,25-29,无需要照顾的孩子,上班族,office_worker,数据分析师,,,
P06489,吴源诺,男,18,18-24,无需要照顾的孩子,大学生,university_student,本科生,,,
P06490,韩羽嫣,女,44,40-45,有未成年孩子,上班族,office_worker,HR经理,,,
P06491,周雨梦,女,44,40-45,有未成年孩子,服务业者,service_worker,酒店服务人员,,,
P06492,张睿豪,男,33,30-34,有未成年孩子,上班族,office_worker,高级数据分析师,,,
P06493,韩宁可,男,25,25-29,无需要照顾的孩子,上班族,office_worker,行政专员,,,
P06494,郭涵怡,女,24,18-24,无需要照顾的孩子,服务业者,service_worker,酒店前台,,,
P06495,刘思一,女,42,40-45,有未成年孩子,服务业者,service_worker,客服,,,
P06496,李涵心,女,38,35-39,无需要照顾的孩子,服务业者,service_worker,收银员,,,
P06497,吴怡桐,女,28,25-29,有未成年孩子,上班族,office_worker,行政专员,,,
P06498,程佑哲,男,43,40-45,有成年孩子,服务业者,service_worker,保安,,,
P06499,李源言,男,26,25-29,无需要照顾的孩子,自由业者,freelancer,网店经营者,,,
P06500,吴佳子,女,38,35-39,无需要照顾的孩子,上班族,office_worker,产品经理,,,
P06501,赵可诺,男,23,18-24,无需要照顾的孩子,服务业者,service_worker,酒店服务人员,,,
P06502,黄清志,男,25,25-29,无需要照顾的孩子,大学生,university_student,硕士研究生,,,
P06503,张辰诗,女,33,30-34,无需要照顾的孩子,上班族,office_worker,销售经理,,,
P06504,黄宇言,男,45,40-45,有未成年孩子,上班族,office_worker,销售经理,,,
P06505,张晨清,男,23,18-24,无需要照顾的孩子,服务业者,service_worker,咖啡师,,,
P06506,朱嘉梓,男,39,35-39,有未成年孩子,上班族,office_worker,运营专员,,,
P06507,王佳,女,31,30-34,无需要照顾的孩子,服务业者,service_worker,厨师,,,
P06508,高泽杰,男,28,25-29,无需要照顾的孩子,上班族,office_worker,高级软件工程师,,,
P06509,王远源,女,44,40-45,有未成年孩子,体力劳动者,manual_worker,配送员,,,
P06510,程涵雅,女,28,25-29,有未成年孩子,服务业者,service_worker,厨师,,,
P06511,刘浩俊,男,43,40-45,有成年孩子,上班族,office_worker,数据分析师,,,
P06512,郭婷婷,女,38,35-39,有未成年孩子,上班族,office_worker,项目经理,,,
P06513,黄涵宁,女,24,18-24,无需要照顾的孩子,体力劳动者,manual_worker,卡车司机,,,
P06514,孙静,女,37,35-39,有未成年孩子,服务业者,service_worker,收银员,,,
P06515,周怡知,女,43,40-45,有未成年孩子,上班族,office_worker,设计师,,,
P06516,王浩思,男,37,35-39,无需要照顾的孩子,体力劳动者,manual_worker,安装工,,,
P06517,黄语佳,女,35,35-39,有未成年孩子,体力劳动者,manual_worker,安装工,,,
P06518,赵琪静,女,21,18-24,无需要照顾的孩子,大学生,university_student,本科生,,,
P06519,曹欣晴,女,28,25-29,无需要照顾的孩子,服务业者,service_worker,厨师,,,
P06520,梁晨嘉,男,34,30-34,无需要照顾的孩子,服务业者,service_worker,客服,,,
P06521,何语雨,女,35,35-39,无需要照顾的孩子,上班族,office_worker,部门经理,,,
P06522,王诗桐,女,36,35-39,有未成年孩子,服务业者,service_worker,房产经纪,,,
P06523,刘语语,女,21,18-24,无需要照顾的孩子,上班族,office_worker,采购专员,,,
P06524,王文晨,男,39,35-39,有未成年孩子,服务业者,service_worker,厨师,,,
P06525,李可远,女,43,40-45,有未成年孩子,上班族,office_worker,销售经理,,,
P06526,李俊天,男,28,25-29,无需要照顾的孩子,自由业者,freelancer,自媒体从业者,,,
P06527,罗嘉清,男,31,30-34,有未成年孩子,上班族,office_worker,客户专员,,,
P06528,胡嘉宁,女,28,25-29,无需要照顾的孩子,服务业者,service_worker,酒店服务人员,,,
P06529,李晴婷,女,25,25-29,无需要照顾的孩子,服务业者,service_worker,理发师,,,
P06530,张安涵,女,31,30-34,有未成年孩子,服务业者,service_worker,厨师,,,
P06531,程琪婷,女,38,35-39,有未成年孩子,自由业者,freelancer,自媒体从业者,,,
P06532,刘思,女,42,40-45,有成年孩子,自由业者,freelancer,独立程序员,,,
P06533,张轩天,男,28,25-29,无需要照顾的孩子,体力劳动者,manual_worker,仓库操作员,,,
P06534,马心欣,女,32,30-34,有未成年孩子,上班族,office_worker,财务主管,,,
P06535,袁明轩,男,20,18-24,无需要照顾的孩子,上班族,office_worker,会计,,,
P06536,张若清,女,26,25-29,有未成年孩子,体力劳动者,manual_worker,焊工,,,
P06537,黄思辰,女,38,35-39,有成年孩子,上班族,office_worker,高级项目经理,,,
P06538,高一宁,男,26,25-29,无需要照顾的孩子,服务业者,service_worker,咖啡师,,,
P06539,陈桐,女,26,25-29,有未成年孩子,体力劳动者,manual_worker,仓库操作员,,,
P06540,黄梓嘉,男,34,30-34,无需要照顾的孩子,上班族,office_worker,运营专员,,,
P06541,冯远曦,女,36,35-39,无需要照顾的孩子,上班族,office_worker,销售代表,,,
P06542,赵彤羽,女,22,18-24,无需要照顾的孩子,体力劳动者,manual_worker,电工,,,
P06543,黄源静,女,26,25-29,无需要照顾的孩子,自由业者,freelancer,独立程序员,,,
P06544,王晨言,女,45,40-45,有未成年孩子,上班族,office_worker,产品经理,,,
P06545,黄语,女,30,30-34,无需要照顾的孩子,上班族,office_worker,客户经理,,,
P06546,高可,女,25,25-29,无需要照顾的孩子,上班族,office_worker,客户专员,,,
P06547,黄雨心,女,40,40-45,无需要照顾的孩子,自由业者,freelancer,翻译,,,
P06548,冯彤桐,女,43,40-45,有未成年孩子,上班族,office_worker,高级数据分析师,,,
P06549,胡源安,男,34,30-34,有未成年孩子,自由业者,freelancer,摄影师,,,
P06550,吴宁,女,37,35-39,有未成年孩子,上班族,office_worker,财务主管,,,
P06551,徐思诗,女,25,25-29,有未成年孩子,服务业者,service_worker,餐厅服务员,,,
P06552,王一语,女,41,40-45,有未成年孩子,体力劳动者,manual_worker,仓库操作员,,,
P06553,何远佑,男,45,40-45,有成年孩子,上班族,office_worker,采购专员,,,
P06554,陈源星,女,36,35-39,无需要照顾的孩子,体力劳动者,manual_worker,仓库操作员,,,
P06555,高嘉欣,女,42,40-45,有未成年孩子,体力劳动者,manual_worker,安装工,,,
P06556,李昊天,男,27,25-29,无需要照顾的孩子,自由业者,freelancer,网店经营者,,,
P06557,张知心,女,35,35-39,有成年孩子,上班族,office_worker,产品经理,,,
P06558,杨心,女,19,18-24,无需要照顾的孩子,大学生,university_student,本科生,,,
P06559,宋梦静,女,29,25-29,有未成年孩子,体力劳动者,manual_worker,设备操作员,,,
P06560,程琪,女,38,35-39,有未成年孩子,服务业者,service_worker,酒店前台,,,
P06561,刘思嘉,男,31,30-34,有未成年孩子,自由业者,freelancer,咨询顾问,,,
P06562,张诺诺,女,22,18-24,无需要照顾的孩子,上班族,office_worker,财务专员,,,
P06563,陈安曦,女,25,25-29,无需要照顾的孩子,体力劳动者,manual_worker,卡车司机,,,
P06564,周星佳,女,19,18-24,无需要照顾的孩子,大学生,university_student,本科生,,,
P06565,孙明心,男,34,30-34,无需要照顾的孩子,服务业者,service_worker,理发师,,,
P06566,徐怡,女,34,30-34,有未成年孩子,体力劳动者,manual_worker,快递员,,,
P06567,何安,女,42,40-45,无需要照顾的孩子,自由业者,freelancer,网店经营者,,,
P06568,陈晨静,女,38,35-39,有未成年孩子,服务业者,service_worker,咖啡师,,,
P06569,孙怡,女,43,40-45,无需要照顾的孩子,上班族,office_worker,财务主管,,,
P06570,孙雨嘉,女,43,40-45,有未成年孩子,服务业者,service_worker,厨师,,,
P06571,吴知子,女,32,30-34,有未成年孩子,上班族,office_worker,采购经理,,,
P06572,陈嫣心,女,40,40-45,有未成年孩子,上班族,office_worker,销售经理,,,
P06573,刘涵星,女,38,35-39,有成年孩子,体力劳动者,manual_worker,焊工,,,
P06574,孙羽,女,21,18-24,无需要照顾的孩子,服务业者,service_worker,酒店服务人员,,,
P06575,王可欣,女,19,18-24,无需要照顾的孩子,大学生,university_student,本科生,,,
P06576,宋言若,女,32,30-34,有未成年孩子,服务业者,service_worker,房产经纪,,,
P06577,张语乐,女,45,40-45,有未成年孩子,服务业者,service_worker,餐厅服务员,,,
P06578,刘文安,男,33,30-34,无需要照顾的孩子,体力劳动者,manual_worker,维修技师,,,
P06579,王浩文,男,29,25-29,无需要照顾的孩子,上班族,office_worker,采购经理,,,
P06580,李怡婉,女,44,40-45,有未成年孩子,上班族,office_worker,产品经理,,,
P06581,张雅雨,女,28,25-29,无需要照顾的孩子,体力劳动者,manual_worker,建筑工人,,,
P06582,杨然,男,30,30-34,无需要照顾的孩子,服务业者,service_worker,客服,,,
P06583,许思,女,33,30-34,无需要照顾的孩子,上班族,office_worker,采购专员,,,
P06584,吴怡宁,女,42,40-45,无需要照顾的孩子,体力劳动者,manual_worker,建筑工人,,,
P06585,王若婉,女,45,40-45,有未成年孩子,体力劳动者,manual_worker,电工,,,
P06586,张晨哲,男,30,30-34,无需要照顾的孩子,体力劳动者,manual_worker,快递员,,,
P06587,罗清语,女,31,30-34,无需要照顾的孩子,上班族,office_worker,采购经理,,,
P06588,胡曦星,女,36,35-39,有未成年孩子,上班族,office_worker,HR经理,,,
P06589,胡诗嫣,女,41,40-45,有未成年孩子,体力劳动者,manual_worker,仓库操作员,,,
P06590,林一佳,女,44,40-45,无需要照顾的孩子,服务业者,service_worker,房产经纪,,,
P06591,胡星,男,37,35-39,有未成年孩子,上班族,office_worker,HR经理,,,
P06592,韩心婉,女,35,35-39,有未成年孩子,体力劳动者,manual_worker,建筑工人,,,
P06593,吴思,女,20,18-24,有未成年孩子,大学生,university_student,本科生,,,
P06594,赵心晨,女,36,35-39,无需要照顾的孩子,上班族,office_worker,财务经理,,,
P06595,李辰,女,29,25-29,有未成年孩子,上班族,office_worker,高级数据分析师,,,
P06596,杨可知,女,27,25-29,无需要照顾的孩子,上班族,office_worker,采购专员,,,
P06597,吴晓,女,27,25-29,有未成年孩子,大学生,university_student,硕士研究生,,,
P06598,张俊轩,男,38,35-39,无需要照顾的孩子,上班族,office_worker,高级数据分析师,,,
P06599,李星宁,女,29,25-29,无需要照顾的孩子,服务业者,service_worker,厨师,,,
P06600,梁天涵,男,23,18-24,无需要照顾的孩子,自由业者,freelancer,独立承包商,,,
P06601,谢志,男,28,25-29,无需要照顾的孩子,上班族,office_worker,客户专员,,,
P06602,刘雨若,女,41,40-45,有未成年孩子,体力劳动者,manual_worker,建筑工人,,,
P06603,李语思,女,40,40-45,有未成年孩子,服务业者,service_worker,收银员,,,
P06604,赵言婷,女,32,30-34,有未成年孩子,自由业者,freelancer,独立程序员,,,
P06605,黄晨子,男,33,30-34,有未成年孩子,自由业者,freelancer,独立承包商,,,
P06606,朱嘉昊,男,33,30-34,无需要照顾的孩子,上班族,office_worker,运营专员,,,
P06607,黄心,男,30,30-34,无需要照顾的孩子,上班族,office_worker,高级软件工程师,,,
P06608,赵子婷,女,27,25-29,有未成年孩子,服务业者,service_worker,健身教练,,,
P06609,刘诺志,男,27,25-29,无需要照顾的孩子,体力劳动者,manual_worker,电工,,,
P06610,韩泽宇,男,41,40-45,有成年孩子,服务业者,service_worker,健身教练,,,
P06611,周乐可,女,43,40-45,有未成年孩子,体力劳动者,manual_worker,建筑工人,,,
P06612,宋诺心,男,31,30-34,无需要照顾的孩子,上班族,office_worker,HR经理,,,
P06613,张心雨,女,43,40-45,有未成年孩子,上班族,office_worker,销售代表,,,
P06614,杨清心,男,31,30-34,无需要照顾的孩子,上班族,office_worker,高级项目经理,,,
P06615,马宁嘉,女,30,30-34,无需要照顾的孩子,上班族,office_worker,行政专员,,,
P06616,何怡桐,女,19,18-24,无需要照顾的孩子,服务业者,service_worker,保安,,,
P06617,王源婉,女,39,35-39,有未成年孩子,体力劳动者,manual_worker,仓库操作员,,,
P06618,曹嫣知,女,45,40-45,有未成年孩子,上班族,office_worker,设计师,,,
P06619,赵睿,男,25,25-29,无需要照顾的孩子,上班族,office_worker,财务主管,,,
P06620,杨星宁,女,19,18-24,无需要照顾的孩子,大学生,university_student,本科生,,,
P06621,林思,女,36,35-39,有未成年孩子,自由业者,freelancer,自由销售,,,
P06622,唐知安,女,25,25-29,有未成年孩子,上班族,office_worker,软件工程师,,,
P06623,孙明安,男,34,30-34,无需要照顾的孩子,上班族,office_worker,会计,,,
P06624,邓梦诺,女,30,30-34,无需要照顾的孩子,上班族,office_worker,采购经理,,,
P06625,黄远,男,39,35-39,有未成年孩子,服务业者,service_worker,酒店服务人员,,,
P06626,陈婷诺,女,28,25-29,有未成年孩子,上班族,office_worker,行政专员,,,
P06627,张婷诺,女,25,25-29,无需要照顾的孩子,服务业者,service_worker,酒店前台,,,
P06628,王诺,男,39,35-39,有未成年孩子,体力劳动者,manual_worker,仓库操作员,,,
P06629,赵嘉若,女,18,18-24,无需要照顾的孩子,服务业者,service_worker,零售店员,,,
P06630,杨星怡,女,20,18-24,无需要照顾的孩子,服务业者,service_worker,厨师,,,
P06631,王嘉星,男,43,40-45,有成年孩子,服务业者,service_worker,健身教练,,,
P06632,程嘉,男,39,35-39,有未成年孩子,上班族,office_worker,业务负责人,,,
P06633,赵阳轩,男,42,40-45,有未成年孩子,自由业者,freelancer,自由销售,,,
P06634,邓静佳,女,27,25-29,无需要照顾的孩子,上班族,office_worker,财务专员,,,
P06635,郭思心,女,31,30-34,有未成年孩子,上班族,office_worker,高级运营专员,,,
P06636,曹婷,女,31,30-34,有未成年孩子,上班族,office_worker,运营经理,,,
P06637,杨曦心,女,21,18-24,无需要照顾的孩子,自由业者,freelancer,自由销售,,,
P06638,李晓静,女,30,30-34,无需要照顾的孩子,上班族,office_worker,采购经理,,,
P06639,曹思,女,38,35-39,有未成年孩子,服务业者,service_worker,美容师,,,
P06640,朱源,男,43,40-45,有成年孩子,上班族,office_worker,产品经理,,,
P06641,赵子,男,40,40-45,无需要照顾的孩子,自由业者,freelancer,自由销售,,,
P06642,黄雅羽,女,42,40-45,无需要照顾的孩子,上班族,office_worker,采购专员,,,
P06643,孙思志,男,28,25-29,无需要照顾的孩子,自由业者,freelancer,翻译,,,
P06644,王言静,女,32,30-34,无需要照顾的孩子,自由业者,freelancer,独立承包商,,,
P06645,杨清清,女,20,18-24,无需要照顾的孩子,体力劳动者,manual_worker,焊工,,,
P06646,孙晓怡,女,21,18-24,无需要照顾的孩子,大学生,university_student,本科生,,,
P06647,谢涵知,女,34,30-34,无需要照顾的孩子,上班族,office_worker,HR经理,,,
P06648,郭知,女,31,30-34,无需要照顾的孩子,自由业者,freelancer,自由销售,,,
P06649,李一源,女,45,40-45,无需要照顾的孩子,服务业者,service_worker,健身教练,,,
P06650,郑怡婷,女,39,35-39,有未成年孩子,体力劳动者,manual_worker,安装工,,,
P06651,宋怡乐,女,41,40-45,有未成年孩子,上班族,office_worker,财务主管,,,
P06652,张梦安,女,37,35-39,有成年孩子,服务业者,service_worker,厨师,,,
P06653,梁言心,女,33,30-34,有未成年孩子,服务业者,service_worker,健身教练,,,
P06654,袁可睿,男,30,30-34,有未成年孩子,上班族,office_worker,客户专员,,,
P06655,陈文星,男,26,25-29,无需要照顾的孩子,自由业者,freelancer,自媒体从业者,,,
P06656,张心曦,女,26,25-29,无需要照顾的孩子,上班族,office_worker,采购经理,,,
P06657,李嘉,男,32,30-34,有未成年孩子,上班族,office_worker,高级运营专员,,,
P06658,刘一涵,女,30,30-34,有未成年孩子,服务业者,service_worker,酒店前台,,,
P06659,赵宇然,男,33,30-34,有未成年孩子,上班族,office_worker,客户经理,,,
P06660,张欣言,女,26,25-29,无需要照顾的孩子,上班族,office_worker,产品经理,,,
P06661,赵佳,女,35,35-39,有未成年孩子,自由业者,freelancer,咨询顾问,,,
P06662,郭婷辰,女,26,25-29,无需要照顾的孩子,体力劳动者,manual_worker,搬运工,,,
P06663,黄瑶,女,41,40-45,有未成年孩子,上班族,office_worker,采购经理,,,
P06664,陈嘉欣,女,28,25-29,有未成年孩子,服务业者,service_worker,厨师,,,
P06665,周诺雨,女,20,18-24,无需要照顾的孩子,大学生,university_student,本科生,,,
P06666,韩嘉景,男,34,30-34,有未成年孩子,服务业者,service_worker,零售店员,,,
P06667,王乐知,男,32,30-34,无需要照顾的孩子,体力劳动者,manual_worker,设备操作员,,,
P06668,徐婉宁,女,31,30-34,有未成年孩子,服务业者,service_worker,咖啡师,,,
P06669,林涵可,男,38,35-39,有未成年孩子,体力劳动者,manual_worker,搬运工,,,
P06670,王浩阳,男,39,35-39,无需要照顾的孩子,上班族,office_worker,区域经理,,,
P06671,李桐晨,女,28,25-29,无需要照顾的孩子,上班族,office_worker,会计,,,
P06672,林言,女,45,40-45,无需要照顾的孩子,体力劳动者,manual_worker,汽车技师,,,
P06673,孙子若,女,25,25-29,无需要照顾的孩子,自由业者,freelancer,独立承包商,,,
P06674,王宇志,男,20,18-24,无需要照顾的孩子,自由业者,freelancer,摄影师,,,
P06675,杨远羽,女,39,35-39,有未成年孩子,体力劳动者,manual_worker,设备操作员,,,
P06676,黄宁清,女,34,30-34,无需要照顾的孩子,上班族,office_worker,数据分析师,,,
P06677,李语思,女,18,18-24,无需要照顾的孩子,服务业者,service_worker,酒店服务人员,,,
P06678,陈曦,女,25,25-29,有未成年孩子,服务业者,service_worker,保安,,,
P06679,孙静一,女,39,35-39,无需要照顾的孩子,服务业者,service_worker,收银员,,,
P06680,李乐睿,男,41,40-45,无需要照顾的孩子,自由业者,freelancer,自由销售,,,
P06681,王嫣子,女,30,30-34,有未成年孩子,上班族,office_worker,客户专员,,,
P06682,张哲辰,男,40,40-45,有未成年孩子,上班族,office_worker,HR经理,,,
P06683,张晨晨,女,38,35-39,有未成年孩子,体力劳动者,manual_worker,维修技师,,,
P06684,李语,女,43,40-45,有成年孩子,上班族,office_worker,区域经理,,,
P06685,张桐清,女,32,30-34,无需要照顾的孩子,上班族,office_worker,设计师,,,
P06686,于远羽,女,36,35-39,有未成年孩子,体力劳动者,manual_worker,焊工,,,
P06687,高知若,女,31,30-34,无需要照顾的孩子,体力劳动者,manual_worker,汽车技师,,,
P06688,黄涵瑶,女,34,30-34,无需要照顾的孩子,上班族,office_worker,财务主管,,,
P06689,徐浩阳,男,45,40-45,有未成年孩子,上班族,office_worker,销售经理,,,
P06690,杨昊,男,36,35-39,无需要照顾的孩子,上班族,office_worker,高级运营专员,,,
P06691,黄志,男,19,18-24,无需要照顾的孩子,大学生,university_student,本科生,,,
P06692,陈曦,女,37,35-39,有未成年孩子,上班族,office_worker,HR经理,,,
P06693,王涵安,女,36,35-39,有未成年孩子,自由业者,freelancer,自由销售,,,
P06694,孙涵怡,女,25,25-29,无需要照顾的孩子,上班族,office_worker,采购经理,,,
P06695,李思安,男,42,40-45,有未成年孩子,服务业者,service_worker,酒店服务人员,,,
P06696,张瑶婉,女,29,25-29,有未成年孩子,服务业者,service_worker,厨师,,,
P06697,王安涵,女,33,30-34,有未成年孩子,体力劳动者,manual_worker,卡车司机,,,
P06698,许心宁,女,38,35-39,有未成年孩子,服务业者,service_worker,咖啡师,,,
P06699,冯静,女,37,35-39,无需要照顾的孩子,上班族,office_worker,项目经理,,,
P06700,马轩知,男,34,30-34,有未成年孩子,自由业者,freelancer,自由销售,,,
P06701,陈佳宁,女,28,25-29,无需要照顾的孩子,服务业者,service_worker,美容师,,,
P06702,张欣雨,女,30,30-34,有未成年孩子,服务业者,service_worker,理发师,,,
P06703,王宁彤,女,37,35-39,有未成年孩子,体力劳动者,manual_worker,卡车司机,,,
P06704,陈可琪,女,42,40-45,无需要照顾的孩子,体力劳动者,manual_worker,配送员,,,
P06705,李嫣宁,女,32,30-34,无需要照顾的孩子,体力劳动者,manual_worker,卡车司机,,,
P06706,黄雅,女,27,25-29,无需要照顾的孩子,体力劳动者,manual_worker,配送员,,,
P06707,唐梦,女,29,25-29,无需要照顾的孩子,服务业者,service_worker,房产经纪,,,
P06708,宋泽辰,男,37,35-39,有未成年孩子,自由业者,freelancer,独立承包商,,,
P06709,陈彤曦,女,25,25-29,无需要照顾的孩子,上班族,office_worker,财务专员,,,
P06710,王怡,女,34,30-34,无需要照顾的孩子,上班族,office_worker,产品经理,,,
P06711,赵晨俊,男,21,18-24,无需要照顾的孩子,上班族,office_worker,软件工程师,,,
P06712,王佳知,女,37,35-39,有未成年孩子,体力劳动者,manual_worker,建筑工人,,,
P06713,刘雅佳,女,34,30-34,有未成年孩子,上班族,office_worker,项目经理,,,
P06714,宋乐,女,37,35-39,有未成年孩子,上班族,office_worker,财务主管,,,
P06715,胡彤知,女,40,40-45,有成年孩子,自由业者,freelancer,咨询顾问,,,
P06716,黄嘉曦,女,21,18-24,无需要照顾的孩子,上班族,office_worker,销售代表,,,
P06717,赵星宁,女,26,25-29,无需要照顾的孩子,上班族,office_worker,软件工程师,,,
P06718,黄宁,女,20,18-24,无需要照顾的孩子,上班族,office_worker,数据分析师,,,
P06719,程思知,女,33,30-34,无需要照顾的孩子,自由业者,freelancer,自媒体从业者,,,
P06720,李楷,男,31,30-34,无需要照顾的孩子,体力劳动者,manual_worker,搬运工,,,
P06721,杨言曦,女,39,35-39,有未成年孩子,上班族,office_worker,产品经理,,,
P06722,陈诺若,女,40,40-45,有未成年孩子,服务业者,service_worker,美容师,,,
P06723,刘心,女,31,30-34,无需要照顾的孩子,上班族,office_worker,财务专员,,,
P06724,张言子,女,45,40-45,有未成年孩子,上班族,office_worker,高级运营专员,,,
P06725,黄婷远,女,36,35-39,无需要照顾的孩子,上班族,office_worker,软件工程师,,,
P06726,谢哲佑,男,41,40-45,有未成年孩子,体力劳动者,manual_worker,电工,,,
P06727,刘思语,女,39,35-39,无需要照顾的孩子,上班族,office_worker,客户专员,,,
P06728,刘欣欣,女,42,40-45,有未成年孩子,上班族,office_worker,产品经理,,,
P06729,马景星,男,23,18-24,无需要照顾的孩子,服务业者,service_worker,房产经纪,,,
P06730,刘嘉,男,42,40-45,无需要照顾的孩子,上班族,office_worker,高级数据分析师,,,
P06731,王安桐,女,45,40-45,有未成年孩子,上班族,office_worker,销售经理,,,
P06732,郭思嘉,男,37,35-39,无需要照顾的孩子,上班族,office_worker,软件工程师,,,
P06733,罗言,女,45,40-45,有未成年孩子,上班族,office_worker,高级产品经理,,,
P06734,李可宁,女,30,30-34,无需要照顾的孩子,服务业者,service_worker,咖啡师,,,
P06735,林语,女,44,40-45,有成年孩子,体力劳动者,manual_worker,建筑工人,,,
P06736,韩一子,女,24,18-24,无需要照顾的孩子,大学生,university_student,硕士研究生,,,
P06737,程嫣语,女,29,25-29,无需要照顾的孩子,上班族,office_worker,软件工程师,,,
P06738,张瑶婷,女,43,40-45,有未成年孩子,自由业者,freelancer,自由销售,,,
P06739,黄星婉,女,31,30-34,有未成年孩子,体力劳动者,manual_worker,仓库操作员,,,
P06740,张曦,女,32,30-34,无需要照顾的孩子,自由业者,freelancer,独立承包商,,,
P06741,林星婉,女,32,30-34,有未成年孩子,上班族,office_worker,销售经理,,,
P06742,何雅晨,女,33,30-34,有未成年孩子,上班族,office_worker,客户经理,,,
P06743,吴嘉嫣,女,35,35-39,有成年孩子,上班族,office_worker,运营经理,,,
P06744,胡婉涵,女,33,30-34,有未成年孩子,上班族,office_worker,设计师,,,
P06745,黄嫣琪,女,37,35-39,无需要照顾的孩子,服务业者,service_worker,收银员,,,
P06746,马辰心,女,21,18-24,无需要照顾的孩子,大学生,university_student,本科生,,,
P06747,张诗婷,女,36,35-39,有未成年孩子,上班族,office_worker,运营专员,,,
P06748,马诺梦,女,36,35-39,无需要照顾的孩子,上班族,office_worker,客户专员,,,
P06749,徐知星,女,25,25-29,有未成年孩子,自由业者,freelancer,自由设计师,,,
P06750,唐晓婉,女,35,35-39,有未成年孩子,服务业者,service_worker,客服,,,
P06751,陈泽嘉,男,41,40-45,无需要照顾的孩子,上班族,office_worker,财务专员,,,
P06752,宋知辰,男,43,40-45,有未成年孩子,上班族,office_worker,高级数据分析师,,,
P06753,徐晨诺,女,21,18-24,无需要照顾的孩子,上班族,office_worker,财务专员,,,
P06754,周睿嘉,男,42,40-45,有未成年孩子,上班族,office_worker,高级运营专员,,,
P06755,唐雅嫣,女,24,18-24,无需要照顾的孩子,大学生,university_student,硕士研究生,,,
P06756,刘思,女,37,35-39,无需要照顾的孩子,上班族,office_worker,客户经理,,,
P06757,杨思诗,女,37,35-39,有未成年孩子,体力劳动者,manual_worker,维修技师,,,
P06758,王辰欣,女,37,35-39,无需要照顾的孩子,上班族,office_worker,采购经理,,,
P06759,王静,女,23,18-24,无需要照顾的孩子,大学生,university_student,博士研究生,,,
P06760,马心哲,男,28,25-29,有未成年孩子,服务业者,service_worker,酒店服务人员,,,
P06761,杨嘉清,男,42,40-45,有未成年孩子,服务业者,service_worker,理发师,,,
P06762,王思知,女,40,40-45,无需要照顾的孩子,服务业者,service_worker,酒店前台,,,
P06763,孙可晓,女,25,25-29,无需要照顾的孩子,服务业者,service_worker,理发师,,,
P06764,程晨,女,38,35-39,无需要照顾的孩子,上班族,office_worker,高级软件工程师,,,
P06765,黄源,男,23,18-24,无需要照顾的孩子,上班族,office_worker,客户专员,,,
P06766,谢晓言,女,39,35-39,无需要照顾的孩子,上班族,office_worker,产品经理,,,
P06767,黄雨诗,女,33,30-34,有未成年孩子,上班族,office_worker,客户经理,,,
P06768,刘辰晓,女,18,18-24,有未成年孩子,大学生,university_student,硕士研究生,,,
P06769,高彤婷,女,30,30-34,有未成年孩子,体力劳动者,manual_worker,建筑工人,,,
P06770,王一思,女,26,25-29,有未成年孩子,体力劳动者,manual_worker,安装工,,,
P06771,赵若乐,女,42,40-45,有未成年孩子,服务业者,service_worker,客服,,,
P06772,张昊哲,男,40,40-45,无需要照顾的孩子,自由业者,freelancer,私教,,,
P06773,韩梦,女,28,25-29,有未成年孩子,上班族,office_worker,会计,,,
P06774,刘楷星,男,18,18-24,无需要照顾的孩子,服务业者,service_worker,零售店员,,,
P06775,宋曦嘉,女,31,30-34,有未成年孩子,服务业者,service_worker,美容师,,,
P06776,李晴宁,女,27,25-29,无需要照顾的孩子,上班族,office_worker,客户专员,,,
P06777,李怡,女,28,25-29,无需要照顾的孩子,服务业者,service_worker,零售店员,,,
P06778,黄静婷,女,37,35-39,有成年孩子,上班族,office_worker,高级数据分析师,,,
P06779,李佑知,男,45,40-45,有未成年孩子,上班族,office_worker,采购经理,,,
P06780,邓辰,女,37,35-39,有未成年孩子,体力劳动者,manual_worker,建筑工人,,,
P06781,黄桐嘉,女,32,30-34,无需要照顾的孩子,服务业者,service_worker,理发师,,,
P06782,王然星,男,25,25-29,无需要照顾的孩子,上班族,office_worker,数据分析师,,,
P06783,李婉涵,女,21,18-24,无需要照顾的孩子,服务业者,service_worker,厨师,,,
P06784,张欣,女,39,35-39,无需要照顾的孩子,上班族,office_worker,产品经理,,,
P06785,王佳源,女,35,35-39,无需要照顾的孩子,上班族,office_worker,设计师,,,
P06786,郭浩一,男,37,35-39,有未成年孩子,体力劳动者,manual_worker,仓库操作员,,,
P06787,王星思,女,38,35-39,有未成年孩子,自由业者,freelancer,自由销售,,,
P06788,张语心,女,34,30-34,无需要照顾的孩子,上班族,office_worker,客户经理,,,
P06789,杨嘉晴,女,44,40-45,有未成年孩子,服务业者,service_worker,厨师,,,
P06790,王辰星,女,32,30-34,无需要照顾的孩子,服务业者,service_worker,客服,,,
P06791,王诺诺,男,43,40-45,有未成年孩子,自由业者,freelancer,自由设计师,,,
P06792,谢羽心,女,39,35-39,有未成年孩子,上班族,office_worker,销售代表,,,
P06793,李宁思,女,38,35-39,无需要照顾的孩子,体力劳动者,manual_worker,维修技师,,,
P06794,冯俊言,男,33,30-34,无需要照顾的孩子,自由业者,freelancer,摄影师,,,
P06795,刘辰佑,男,34,30-34,无需要照顾的孩子,上班族,office_worker,财务专员,,,
P06796,张嘉辰,女,45,40-45,有未成年孩子,上班族,office_worker,运营经理,,,
P06797,刘文楷,男,30,30-34,无需要照顾的孩子,自由业者,freelancer,自由设计师,,,
P06798,罗一泽,男,45,40-45,有未成年孩子,自由业者,freelancer,自由设计师,,,
P06799,刘羽乐,女,29,25-29,无需要照顾的孩子,上班族,office_worker,财务专员,,,
P06800,周安雨,女,38,35-39,有未成年孩子,服务业者,service_worker,酒店服务人员,,,
P06801,梁浩然,男,34,30-34,有未成年孩子,上班族,office_worker,行政专员,,,
P06802,宋知辰,女,34,30-34,无需要照顾的孩子,服务业者,service_worker,美容师,,,
P06803,张晓思,女,28,25-29,无需要照顾的孩子,服务业者,service_worker,咖啡师,,,
P06804,刘梓晨,男,32,30-34,有未成年孩子,上班族,office_worker,项目经理,,,
P06805,杨辰语,女,26,25-29,无需要照顾的孩子,上班族,office_worker,会计,,,
P06806,王欣瑶,女,34,30-34,无需要照顾的孩子,服务业者,service_worker,保安,,,
P06807,邓欣晴,女,28,25-29,无需要照顾的孩子,上班族,office_worker,财务主管,,,
P06808,高瑶宁,女,22,18-24,无需要照顾的孩子,上班族,office_worker,销售代表,,,
P06809,赵婉涵,女,43,40-45,有未成年孩子,体力劳动者,manual_worker,配送员,,,
P06810,李博轩,男,22,18-24,无需要照顾的孩子,大学生,university_student,本科生,,,
P06811,赵怡雨,女,28,25-29,无需要照顾的孩子,上班族,office_worker,高级运营专员,,,
P06812,谢知杰,男,32,30-34,无需要照顾的孩子,上班族,office_worker,HR经理,,,
P06813,李羽佳,女,38,35-39,有未成年孩子,服务业者,service_worker,咖啡师,,,
P06814,陈琪晴,女,27,25-29,无需要照顾的孩子,上班族,office_worker,运营专员,,,
P06815,冯志浩,男,36,35-39,无需要照顾的孩子,服务业者,service_worker,厨师,,,
P06816,孙佳言,女,42,40-45,有未成年孩子,自由业者,freelancer,自由设计师,,,
P06817,刘嘉哲,男,34,30-34,有未成年孩子,上班族,office_worker,设计师,,,
P06818,王心俊,男,19,18-24,无需要照顾的孩子,大学生,university_student,本科生,,,
P06819,林婷,女,29,25-29,无需要照顾的孩子,上班族,office_worker,客户专员,,,
P06820,张晨诗,女,25,25-29,无需要照顾的孩子,体力劳动者,manual_worker,电工,,,
P06821,黄诺一,男,38,35-39,无需要照顾的孩子,体力劳动者,manual_worker,卡车司机,,,
P06822,黄子明,男,45,40-45,无需要照顾的孩子,服务业者,service_worker,酒店前台,,,
P06823,吴知清,女,29,25-29,无需要照顾的孩子,上班族,office_worker,设计师,,,
P06824,何瑶婷,女,39,35-39,有未成年孩子,体力劳动者,manual_worker,安装工,,,
P06825,李诺晨,女,35,35-39,无需要照顾的孩子,上班族,office_worker,部门经理,,,
P06826,张心星,女,30,30-34,无需要照顾的孩子,上班族,office_worker,项目经理,,,
P06827,冯言豪,男,31,30-34,无需要照顾的孩子,自由业者,freelancer,自由销售,,,
P06828,宋雅梦,女,37,35-39,有未成年孩子,上班族,office_worker,高级数据分析师,,,
P06829,张乐,女,22,18-24,无需要照顾的孩子,上班族,office_worker,软件工程师,,,
P06830,林嘉然,男,22,18-24,无需要照顾的孩子,上班族,office_worker,销售代表,,,
P06831,杨轩嘉,男,40,40-45,有未成年孩子,体力劳动者,manual_worker,仓库操作员,,,
P06832,陈静怡,女,32,30-34,无需要照顾的孩子,服务业者,service_worker,酒店前台,,,
P06833,梁宁思,女,26,25-29,无需要照顾的孩子,上班族,office_worker,运营专员,,,
P06834,李晴瑶,女,44,40-45,有成年孩子,上班族,office_worker,高级数据分析师,,,
P06835,林可,女,37,35-39,有未成年孩子,上班族,office_worker,产品经理,,,
P06836,周瑶远,女,43,40-45,无需要照顾的孩子,上班族,office_worker,设计师,,,
P06837,郭诚诚,男,42,40-45,有成年孩子,体力劳动者,manual_worker,卡车司机,,,
P06838,何怡,女,19,18-24,无需要照顾的孩子,服务业者,service_worker,保安,,,
P06839,谢豪,男,43,40-45,有未成年孩子,上班族,office_worker,运营专员,,,
P06840,冯诗涵,女,38,35-39,有未成年孩子,自由业者,freelancer,自由销售,,,
P06841,赵晓涵,女,45,40-45,有未成年孩子,服务业者,service_worker,零售店员,,,
P06842,高婉,女,30,30-34,无需要照顾的孩子,体力劳动者,manual_worker,快递员,,,
P06843,张安,女,41,40-45,有成年孩子,上班族,office_worker,采购经理,,,
P06844,王泽,男,27,25-29,有未成年孩子,上班族,office_worker,财务主管,,,
P06845,刘清欣,女,33,30-34,有未成年孩子,自由业者,freelancer,咨询顾问,,,
P06846,王嘉梓,男,40,40-45,有未成年孩子,服务业者,service_worker,美容师,,,
P06847,赵清梓,男,28,25-29,有未成年孩子,上班族,office_worker,行政专员,,,
P06848,陈雅婷,女,41,40-45,无需要照顾的孩子,上班族,office_worker,销售经理,,,
P06849,孙星佳,女,42,40-45,无需要照顾的孩子,体力劳动者,manual_worker,汽车技师,,,
P06850,刘知涵,女,33,30-34,有未成年孩子,上班族,office_worker,设计师,,,
P06851,王一羽,男,41,40-45,有未成年孩子,自由业者,freelancer,摄影师,,,
P06852,刘浩,男,33,30-34,有未成年孩子,体力劳动者,manual_worker,焊工,,,
P06853,陈语涵,女,20,18-24,无需要照顾的孩子,上班族,office_worker,软件工程师,,,
P06854,吴嘉哲,男,42,40-45,有未成年孩子,上班族,office_worker,财务主管,,,
P06855,韩可晴,女,33,30-34,有未成年孩子,体力劳动者,manual_worker,安装工,,,
P06856,孙昊,男,26,25-29,无需要照顾的孩子,服务业者,service_worker,酒店前台,,,
P06857,郭若佳,女,35,35-39,无需要照顾的孩子,体力劳动者,manual_worker,仓库操作员,,,
P06858,胡思星,女,44,40-45,有未成年孩子,自由业者,freelancer,摄影师,,,
P06859,陈辰,女,24,18-24,无需要照顾的孩子,大学生,university_student,硕士研究生,,,
P06860,曹宁,女,27,25-29,无需要照顾的孩子,服务业者,service_worker,理发师,,,
P06861,张琪涵,女,36,35-39,无需要照顾的孩子,上班族,office_worker,项目经理,,,
P06862,罗可,女,37,35-39,有未成年孩子,体力劳动者,manual_worker,安装工,,,
P06863,韩一泽,男,32,30-34,有未成年孩子,自由业者,freelancer,私教,,,
P06864,程婷心,女,41,40-45,有未成年孩子,上班族,office_worker,业务负责人,,,
P06865,黄言俊,男,37,35-39,无需要照顾的孩子,服务业者,service_worker,餐厅服务员,,,
P06866,李知,女,36,35-39,有未成年孩子,自由业者,freelancer,自由销售,,,
P06867,王可怡,女,44,40-45,有未成年孩子,上班族,office_worker,业务负责人,,,
P06868,张清羽,女,32,30-34,无需要照顾的孩子,上班族,office_worker,客户专员,,,
P06869,张博明,男,33,30-34,有未成年孩子,上班族,office_worker,财务专员,,,
P06870,张欣晨,女,25,25-29,无需要照顾的孩子,上班族,office_worker,会计,,,
P06871,王涵浩,男,35,35-39,无需要照顾的孩子,服务业者,service_worker,酒店服务人员,,,
P06872,胡知欣,女,23,18-24,无需要照顾的孩子,自由业者,freelancer,摄影师,,,
P06873,孙羽哲,男,19,18-24,无需要照顾的孩子,大学生,university_student,本科生,,,
P06874,刘嘉远,女,43,40-45,有未成年孩子,体力劳动者,manual_worker,建筑工人,,,
P06875,胡诗晨,女,42,40-45,有未成年孩子,服务业者,service_worker,零售店员,,,
P06876,胡辰可,女,26,25-29,无需要照顾的孩子,体力劳动者,manual_worker,汽车技师,,,
P06877,袁安诺,男,29,25-29,有未成年孩子,上班族,office_worker,财务主管,,,
P06878,张瑶梦,女,32,30-34,无需要照顾的孩子,服务业者,service_worker,房产经纪,,,
P06879,张天杰,男,28,25-29,无需要照顾的孩子,上班族,office_worker,客户专员,,,
P06880,胡文嘉,男,28,25-29,有未成年孩子,上班族,office_worker,软件工程师,,,
P06881,谢远安,女,22,18-24,无需要照顾的孩子,大学生,university_student,本科生,,,
P06882,周婷,女,22,18-24,无需要照顾的孩子,大学生,university_student,本科生,,,
P06883,杨豪豪,男,25,25-29,无需要照顾的孩子,自由业者,freelancer,独立程序员,,,
P06884,陈言涵,女,34,30-34,无需要照顾的孩子,上班族,office_worker,高级软件工程师,,,
P06885,张源怡,女,19,18-24,无需要照顾的孩子,上班族,office_worker,设计师,,,
P06886,黄一若,女,37,35-39,有未成年孩子,上班族,office_worker,设计师,,,
P06887,冯星,女,26,25-29,有未成年孩子,上班族,office_worker,销售代表,,,
P06888,袁琪佳,女,18,18-24,无需要照顾的孩子,大学生,university_student,本科生,,,
P06889,黄可哲,男,25,25-29,无需要照顾的孩子,服务业者,service_worker,房产经纪,,,
P06890,林言,女,38,35-39,无需要照顾的孩子,体力劳动者,manual_worker,焊工,,,
P06891,杨佳,女,29,25-29,有未成年孩子,上班族,office_worker,数据分析师,,,
P06892,王梦曦,女,30,30-34,有未成年孩子,服务业者,service_worker,咖啡师,,,
P06893,郭豪文,男,30,30-34,有未成年孩子,服务业者,service_worker,保安,,,
P06894,刘思,女,28,25-29,无需要照顾的孩子,服务业者,service_worker,零售店员,,,
P06895,孙一可,女,22,18-24,无需要照顾的孩子,大学生,university_student,本科生,,,
P06896,王彤乐,女,44,40-45,有未成年孩子,服务业者,service_worker,酒店服务人员,,,
P06897,王言子,女,36,35-39,有未成年孩子,上班族,office_worker,行政专员,,,
P06898,高宁晨,女,40,40-45,有未成年孩子,上班族,office_worker,客户经理,,,
P06899,孙子,女,43,40-45,无需要照顾的孩子,自由业者,freelancer,自媒体从业者,,,
P06900,黄源晨,女,31,30-34,有未成年孩子,上班族,office_worker,项目经理,,,
P06901,杨可辰,女,40,40-45,有未成年孩子,上班族,office_worker,高级软件工程师,,,
P06902,刘心晨,女,26,25-29,有未成年孩子,服务业者,service_worker,房产经纪,,,
P06903,黄轩,男,26,25-29,无需要照顾的孩子,体力劳动者,manual_worker,维修技师,,,
P06904,黄雅宁,女,34,30-34,有未成年孩子,服务业者,service_worker,保安,,,
P06905,陈佳可,女,25,25-29,无需要照顾的孩子,自由业者,freelancer,自由销售,,,
P06906,胡晓琪,女,23,18-24,无需要照顾的孩子,大学生,university_student,本科生,,,
P06907,赵宁,女,18,18-24,无需要照顾的孩子,体力劳动者,manual_worker,维修技师,,,
P06908,黄阳,男,35,35-39,有未成年孩子,服务业者,service_worker,美容师,,,
P06909,朱欣桐,女,35,35-39,有未成年孩子,服务业者,service_worker,美容师,,,
P06910,高梦嫣,女,45,40-45,有未成年孩子,上班族,office_worker,采购经理,,,
P06911,胡辰宁,男,38,35-39,无需要照顾的孩子,体力劳动者,manual_worker,配送员,,,
P06912,王可若,女,27,25-29,无需要照顾的孩子,体力劳动者,manual_worker,配送员,,,
P06913,陈景杰,男,35,35-39,有未成年孩子,服务业者,service_worker,收银员,,,
P06914,赵子宁,女,44,40-45,有未成年孩子,上班族,office_worker,高级数据分析师,,,
P06915,王星晴,女,21,18-24,无需要照顾的孩子,上班族,office_worker,财务专员,,,
P06916,黄佳羽,女,34,30-34,无需要照顾的孩子,上班族,office_worker,高级运营专员,,,
P06917,李佳清,女,26,25-29,无需要照顾的孩子,上班族,office_worker,财务专员,,,
P06918,胡言婷,女,38,35-39,有成年孩子,自由业者,freelancer,网店经营者,,,
P06919,陈思远,女,34,30-34,无需要照顾的孩子,上班族,office_worker,财务主管,,,
P06920,王子,女,30,30-34,有未成年孩子,上班族,office_worker,采购专员,,,
P06921,陈婉,女,36,35-39,有未成年孩子,自由业者,freelancer,私教,,,
P06922,王星桐,女,26,25-29,有未成年孩子,上班族,office_worker,高级数据分析师,,,
P06923,陈晨,女,25,25-29,无需要照顾的孩子,服务业者,service_worker,酒店服务人员,,,
P06924,杨琪雨,女,39,35-39,有未成年孩子,上班族,office_worker,销售代表,,,
P06925,张晓言,女,37,35-39,有未成年孩子,体力劳动者,manual_worker,搬运工,,,
P06926,李睿,男,26,25-29,无需要照顾的孩子,上班族,office_worker,高级数据分析师,,,
P06927,韩诗,女,29,25-29,无需要照顾的孩子,上班族,office_worker,采购专员,,,
P06928,王婷佳,女,43,40-45,有未成年孩子,体力劳动者,manual_worker,维修技师,,,
P06929,谢涵怡,女,40,40-45,有未成年孩子,服务业者,service_worker,客服,,,
P06930,何晨,男,40,40-45,有成年孩子,服务业者,service_worker,保安,,,
P06931,陈欣晴,女,31,30-34,无需要照顾的孩子,上班族,office_worker,HR经理,,,
P06932,孙安雅,女,39,35-39,无需要照顾的孩子,自由业者,freelancer,翻译,,,
P06933,梁涵晴,女,26,25-29,无需要照顾的孩子,服务业者,service_worker,房产经纪,,,
P06934,胡婷欣,女,37,35-39,无需要照顾的孩子,体力劳动者,manual_worker,安装工,,,
P06935,王琪思,女,45,40-45,无需要照顾的孩子,自由业者,freelancer,摄影师,,,
P06936,陈涵,女,35,35-39,有未成年孩子,体力劳动者,manual_worker,建筑工人,,,
P06937,周曦,女,34,30-34,有未成年孩子,上班族,office_worker,产品经理,,,
P06938,胡知俊,男,31,30-34,有未成年孩子,服务业者,service_worker,健身教练,,,
P06939,赵晴怡,女,43,40-45,有成年孩子,体力劳动者,manual_worker,快递员,,,
P06940,梁桐佳,女,18,18-24,无需要照顾的孩子,上班族,office_worker,财务专员,,,
P06941,徐思,女,43,40-45,有未成年孩子,上班族,office_worker,财务专员,,,
P06942,王星清,女,28,25-29,无需要照顾的孩子,大学生,university_student,硕士研究生,,,
P06943,徐嫣羽,女,43,40-45,有未成年孩子,上班族,office_worker,运营经理,,,
P06944,王佳静,女,42,40-45,有未成年孩子,上班族,office_worker,人力资源经理,,,
P06945,周星阳,男,25,25-29,无需要照顾的孩子,自由业者,freelancer,自由设计师,,,
P06946,周诗桐,女,40,40-45,有未成年孩子,上班族,office_worker,财务专员,,,
P06947,张源晨,女,35,35-39,无需要照顾的孩子,服务业者,service_worker,酒店前台,,,
P06948,许思昊,男,32,30-34,有未成年孩子,上班族,office_worker,高级数据分析师,,,
P06949,何嘉,女,36,35-39,有未成年孩子,体力劳动者,manual_worker,卡车司机,,,
P06950,杨晓乐,女,38,35-39,无需要照顾的孩子,上班族,office_worker,财务专员,,,
P06951,刘志宁,男,30,30-34,有未成年孩子,自由业者,freelancer,摄影师,,,
P06952,董晓欣,女,25,25-29,无需要照顾的孩子,服务业者,service_worker,客服,,,
P06953,王怡诺,女,26,25-29,无需要照顾的孩子,上班族,office_worker,会计,,,
P06954,吴佳星,女,29,25-29,无需要照顾的孩子,服务业者,service_worker,客服,,,
P06955,王雨知,女,38,35-39,有未成年孩子,上班族,office_worker,采购专员,,,
P06956,吴诗宁,女,26,25-29,无需要照顾的孩子,上班族,office_worker,客户专员,,,
P06957,罗怡,女,29,25-29,有未成年孩子,服务业者,service_worker,理发师,,,
P06958,张晓源,女,22,18-24,无需要照顾的孩子,自由业者,freelancer,独立程序员,,,
P06959,于佳佳,女,38,35-39,有未成年孩子,自由业者,freelancer,摄影师,,,
P06960,黄羽诗,女,36,35-39,无需要照顾的孩子,体力劳动者,manual_worker,维修技师,,,
P06961,陈梦一,女,39,35-39,无需要照顾的孩子,服务业者,service_worker,客服,,,
P06962,刘羽文,男,39,35-39,有未成年孩子,自由业者,freelancer,自由设计师,,,
P06963,陈天言,男,30,30-34,有未成年孩子,上班族,office_worker,高级数据分析师,,,
P06964,陈心,女,39,35-39,无需要照顾的孩子,上班族,office_worker,财务专员,,,
P06965,王言,男,36,35-39,有未成年孩子,服务业者,service_worker,零售店员,,,
P06966,杨涵,男,23,18-24,无需要照顾的孩子,上班族,office_worker,运营专员,,,
P06967,王豪景,男,44,40-45,有成年孩子,服务业者,service_worker,理发师,,,
P06968,高嫣,女,42,40-45,有未成年孩子,上班族,office_worker,高级数据分析师,,,
P06969,孙嫣,女,18,18-24,无需要照顾的孩子,大学生,university_student,本科生,,,
P06970,高怡佳,女,38,35-39,有未成年孩子,体力劳动者,manual_worker,配送员,,,
P06971,周辰,女,25,25-29,无需要照顾的孩子,服务业者,service_worker,美容师,,,
P06972,孙羽楷,男,26,25-29,无需要照顾的孩子,上班族,office_worker,行政专员,,,
P06973,孙安源,女,43,40-45,无需要照顾的孩子,服务业者,service_worker,酒店服务人员,,,
P06974,张俊志,男,42,40-45,有未成年孩子,服务业者,service_worker,健身教练,,,
P06975,刘乐,女,30,30-34,无需要照顾的孩子,上班族,office_worker,运营专员,,,
P06976,王宇,男,27,25-29,无需要照顾的孩子,上班族,office_worker,数据分析师,,,
P06977,冯乐,女,28,25-29,无需要照顾的孩子,体力劳动者,manual_worker,设备操作员,,,
P06978,杨晓晨,女,33,30-34,无需要照顾的孩子,服务业者,service_worker,保安,,,
P06979,赵清,女,41,40-45,无需要照顾的孩子,上班族,office_worker,高级软件工程师,,,
P06980,董晨远,男,18,18-24,无需要照顾的孩子,大学生,university_student,硕士研究生,,,
P06981,陈羽婷,女,34,30-34,有未成年孩子,上班族,office_worker,数据分析师,,,
P06982,张诗婷,女,40,40-45,有未成年孩子,自由业者,freelancer,翻译,,,
P06983,胡诚言,男,31,30-34,无需要照顾的孩子,上班族,office_worker,行政专员,,,
P06984,曹若思,女,34,30-34,有未成年孩子,自由业者,freelancer,自媒体从业者,,,
P06985,李宁远,女,43,40-45,无需要照顾的孩子,上班族,office_worker,项目经理,,,
P06986,赵欣曦,女,36,35-39,有未成年孩子,服务业者,service_worker,收银员,,,
P06987,杨可源,女,23,18-24,无需要照顾的孩子,大学生,university_student,博士研究生,,,
P06988,朱怡安,女,31,30-34,无需要照顾的孩子,服务业者,service_worker,健身教练,,,
P06989,刘涵星,女,25,25-29,无需要照顾的孩子,服务业者,service_worker,酒店服务人员,,,
P06990,梁宁欣,女,38,35-39,有未成年孩子,上班族,office_worker,高级数据分析师,,,
P06991,刘嘉诗,女,27,25-29,无需要照顾的孩子,上班族,office_worker,数据分析师,,,
P06992,张文天,男,35,35-39,有未成年孩子,上班族,office_worker,采购专员,,,
P06993,胡轩,男,39,35-39,有未成年孩子,服务业者,service_worker,美容师,,,
P06994,郭彤,女,35,35-39,有未成年孩子,体力劳动者,manual_worker,汽车技师,,,
P06995,吴辰睿,男,19,18-24,无需要照顾的孩子,大学生,university_student,本科生,,,
P06996,张晨婷,女,19,18-24,无需要照顾的孩子,服务业者,service_worker,酒店前台,,,
P06997,王梦曦,女,44,40-45,有未成年孩子,上班族,office_worker,销售经理,,,
P06998,刘轩,男,23,18-24,无需要照顾的孩子,大学生,university_student,硕士研究生,,,
P06999,李思安,女,20,18-24,无需要照顾的孩子,上班族,office_worker,行政专员,,,
P07000,王子雨,女,24,18-24,无需要照顾的孩子,服务业者,service_worker,零售店员,,,
P07001,徐彤,女,43,40-45,有未成年孩子,体力劳动者,manual_worker,安装工,,,
P07002,胡辰桐,女,27,25-29,无需要照顾的孩子,服务业者,service_worker,餐厅服务员,,,
P07003,张静嫣,女,44,40-45,有未成年孩子,体力劳动者,manual_worker,电工,,,
P07004,刘桐言,女,37,35-39,无需要照顾的孩子,上班族,office_worker,高级项目经理,,,
P07005,周羽文,男,42,40-45,有成年孩子,服务业者,service_worker,收银员,,,
P07006,吴若可,女,29,25-29,有未成年孩子,上班族,office_worker,运营专员,,,
P07007,冯言宁,女,19,18-24,无需要照顾的孩子,大学生,university_student,硕士研究生,,,
P07008,李佳,女,31,30-34,有未成年孩子,上班族,office_worker,软件工程师,,,
P07009,马梓泽,男,38,35-39,无需要照顾的孩子,体力劳动者,manual_worker,建筑工人,,,
P07010,吴一雨,女,24,18-24,无需要照顾的孩子,服务业者,service_worker,餐厅服务员,,,
P07011,徐若,女,41,40-45,有成年孩子,上班族,office_worker,HR经理,,,
P07012,梁然,男,19,18-24,无需要照顾的孩子,体力劳动者,manual_worker,维修技师,,,
P07013,李思,女,26,25-29,无需要照顾的孩子,上班族,office_worker,采购经理,,,
P07014,杨然辰,男,36,35-39,有未成年孩子,上班族,office_worker,数据分析师,,,
P07015,王琪若,女,29,25-29,无需要照顾的孩子,上班族,office_worker,财务专员,,,
P07016,周嘉宁,男,34,30-34,无需要照顾的孩子,上班族,office_worker,设计师,,,
P07017,张涵嫣,女,21,18-24,无需要照顾的孩子,上班族,office_worker,运营专员,,,
P07018,唐嘉,男,18,18-24,无需要照顾的孩子,大学生,university_student,本科生,,,
P07019,李晴晴,女,32,30-34,无需要照顾的孩子,体力劳动者,manual_worker,安装工,,,
P07020,张若欣,女,22,18-24,无需要照顾的孩子,服务业者,service_worker,客服,,,
P07021,杨晴,女,44,40-45,有未成年孩子,自由业者,freelancer,自媒体从业者,,,
P07022,林豪志,男,25,25-29,有未成年孩子,服务业者,service_worker,咖啡师,,,
P07023,孙子远,女,34,30-34,无需要照顾的孩子,上班族,office_worker,财务专员,,,
P07024,林静,女,40,40-45,有未成年孩子,体力劳动者,manual_worker,建筑工人,,,
P07025,朱晨乐,女,28,25-29,无需要照顾的孩子,上班族,office_worker,高级运营专员,,,
P07026,孙欣怡,女,44,40-45,无需要照顾的孩子,上班族,office_worker,高级运营专员,,,
P07027,黄昊远,男,29,25-29,无需要照顾的孩子,服务业者,service_worker,理发师,,,
P07028,冯源辰,女,38,35-39,有未成年孩子,上班族,office_worker,财务专员,,,
P07029,陈婷,女,30,30-34,无需要照顾的孩子,体力劳动者,manual_worker,电工,,,
P07030,吴琪言,女,39,35-39,无需要照顾的孩子,上班族,office_worker,销售代表,,,
P07031,朱杰思,男,44,40-45,有未成年孩子,服务业者,service_worker,健身教练,,,
P07032,王俊文,男,27,25-29,无需要照顾的孩子,服务业者,service_worker,餐厅服务员,,,
P07033,王怡思,女,18,18-24,无需要照顾的孩子,大学生,university_student,本科生,,,
P07034,胡远诺,女,31,30-34,无需要照顾的孩子,大学生,university_student,博士研究生,,,
P07035,赵怡嫣,女,21,18-24,无需要照顾的孩子,服务业者,service_worker,咖啡师,,,
P07036,李杰昊,男,44,40-45,有未成年孩子,体力劳动者,manual_worker,安装工,,,
P07037,王欣言,女,31,30-34,无需要照顾的孩子,体力劳动者,manual_worker,快递员,,,
P07038,王可辰,女,35,35-39,无需要照顾的孩子,上班族,office_worker,采购专员,,,
P07039,韩思桐,女,35,35-39,无需要照顾的孩子,服务业者,service_worker,零售店员,,,
P07040,张远一,女,32,30-34,无需要照顾的孩子,自由业者,freelancer,自由设计师,,,
P07041,张怡宁,女,21,18-24,无需要照顾的孩子,体力劳动者,manual_worker,电工,,,
P07042,林诗源,女,28,25-29,无需要照顾的孩子,上班族,office_worker,会计,,,
P07043,高诺楷,男,32,30-34,无需要照顾的孩子,体力劳动者,manual_worker,维修技师,,,
P07044,朱羽嫣,女,22,18-24,无需要照顾的孩子,大学生,university_student,本科生,,,
P07045,张梓晨,男,29,25-29,无需要照顾的孩子,服务业者,service_worker,零售店员,,,
P07046,马思辰,男,39,35-39,无需要照顾的孩子,上班族,office_worker,财务主管,,,
P07047,刘然俊,男,29,25-29,无需要照顾的孩子,上班族,office_worker,销售经理,,,
P07048,郭雅若,女,33,30-34,无需要照顾的孩子,体力劳动者,manual_worker,电工,,,
P07049,李婷,女,41,40-45,有未成年孩子,体力劳动者,manual_worker,电工,,,
P07050,胡子雅,女,36,35-39,无需要照顾的孩子,自由业者,freelancer,自由销售,,,
P07051,王嘉,男,18,18-24,无需要照顾的孩子,大学生,university_student,本科生,,,
P07052,张宁佳,女,39,35-39,有未成年孩子,自由业者,freelancer,独立承包商,,,
P07053,王可桐,女,44,40-45,有未成年孩子,上班族,office_worker,设计师,,,
P07054,杨乐婉,女,43,40-45,有未成年孩子,服务业者,service_worker,咖啡师,,,
P07055,陈宁,男,36,35-39,无需要照顾的孩子,自由业者,freelancer,独立程序员,,,
P07056,张宁然,男,42,40-45,无需要照顾的孩子,体力劳动者,manual_worker,搬运工,,,
P07057,赵可欣,女,25,25-29,无需要照顾的孩子,上班族,office_worker,数据分析师,,,
P07058,刘羽,男,34,30-34,无需要照顾的孩子,上班族,office_worker,数据分析师,,,
P07059,刘思,女,34,30-34,无需要照顾的孩子,服务业者,service_worker,收银员,,,
P07060,赵源晨,女,29,25-29,无需要照顾的孩子,上班族,office_worker,高级数据分析师,,,
P07061,孙星,女,44,40-45,有未成年孩子,上班族,office_worker,高级运营专员,,,
P07062,陈羽,男,25,25-29,无需要照顾的孩子,服务业者,service_worker,理发师,,,
P07063,何涵涵,女,26,25-29,有未成年孩子,服务业者,service_worker,客服,,,
P07064,曹泽轩,男,34,30-34,有未成年孩子,服务业者,service_worker,保安,,,
P07065,袁可彤,女,19,18-24,无需要照顾的孩子,上班族,office_worker,销售经理,,,
P07066,徐怡,女,31,30-34,无需要照顾的孩子,上班族,office_worker,设计师,,,
P07067,黄嘉,女,42,40-45,有未成年孩子,上班族,office_worker,高级数据分析师,,,
P07068,王羽琪,女,25,25-29,无需要照顾的孩子,体力劳动者,manual_worker,快递员,,,
P07069,张远嫣,女,21,18-24,无需要照顾的孩子,大学生,university_student,本科生,,,
P07070,林可佳,女,25,25-29,无需要照顾的孩子,上班族,office_worker,财务主管,,,
P07071,王楷远,男,37,35-39,有未成年孩子,上班族,office_worker,高级软件工程师,,,
P07072,吴诚子,男,30,30-34,有未成年孩子,体力劳动者,manual_worker,建筑工人,,,
P07073,刘言一,女,26,25-29,无需要照顾的孩子,自由业者,freelancer,独立承包商,,,
P07074,黄婷言,女,45,40-45,有未成年孩子,服务业者,service_worker,房产经纪,,,
P07075,陈可语,女,25,25-29,无需要照顾的孩子,自由业者,freelancer,摄影师,,,
P07076,林景志,男,34,30-34,有未成年孩子,上班族,office_worker,高级项目经理,,,
P07077,王阳文,男,34,30-34,有未成年孩子,服务业者,service_worker,美容师,,,
P07078,曹怡星,女,44,40-45,无需要照顾的孩子,上班族,office_worker,财务经理,,,
P07079,李乐静,女,24,18-24,无需要照顾的孩子,体力劳动者,manual_worker,建筑工人,,,
P07080,胡佳辰,女,42,40-45,有未成年孩子,上班族,office_worker,HR经理,,,
P07081,吴知婷,女,20,18-24,无需要照顾的孩子,服务业者,service_worker,咖啡师,,,
P07082,梁思雨,女,27,25-29,无需要照顾的孩子,自由业者,freelancer,自由销售,,,
P07083,刘若,女,31,30-34,有未成年孩子,体力劳动者,manual_worker,焊工,,,
P07084,张佳静,女,28,25-29,有未成年孩子,大学生,university_student,博士研究生,,,
P07085,王欣涵,女,21,18-24,无需要照顾的孩子,大学生,university_student,本科生,,,
P07086,李怡,女,31,30-34,无需要照顾的孩子,服务业者,service_worker,咖啡师,,,
P07087,李欣嫣,女,18,18-24,无需要照顾的孩子,服务业者,service_worker,厨师,,,
P07088,林心梦,女,25,25-29,无需要照顾的孩子,自由业者,freelancer,网店经营者,,,
P07089,张心婉,女,32,30-34,无需要照顾的孩子,上班族,office_worker,客户经理,,,
P07090,周瑶清,女,40,40-45,有未成年孩子,上班族,office_worker,财务经理,,,
P07091,赵一曦,女,22,18-24,无需要照顾的孩子,自由业者,freelancer,自由销售,,,
P07092,王哲子,男,19,18-24,无需要照顾的孩子,上班族,office_worker,采购专员,,,
P07093,宋晨欣,女,38,35-39,有未成年孩子,上班族,office_worker,采购专员,,,
P07094,陈泽豪,男,43,40-45,无需要照顾的孩子,体力劳动者,manual_worker,设备操作员,,,
P07095,徐涵宁,女,33,30-34,无需要照顾的孩子,上班族,office_worker,会计,,,
P07096,杨心心,男,44,40-45,有未成年孩子,体力劳动者,manual_worker,配送员,,,
P07097,朱可羽,女,32,30-34,无需要照顾的孩子,服务业者,service_worker,零售店员,,,
P07098,张诺,男,35,35-39,无需要照顾的孩子,服务业者,service_worker,酒店服务人员,,,
P07099,董羽文,男,35,35-39,有未成年孩子,上班族,office_worker,数据分析师,,,
P07100,徐杰心,男,44,40-45,有未成年孩子,自由业者,freelancer,咨询顾问,,,
P07101,徐静源,女,31,30-34,无需要照顾的孩子,体力劳动者,manual_worker,建筑工人,,,
P07102,周诺一,女,21,18-24,无需要照顾的孩子,大学生,university_student,本科生,,,
P07103,陈嘉安,男,34,30-34,无需要照顾的孩子,服务业者,service_worker,房产经纪,,,
P07104,王诺,女,41,40-45,有未成年孩子,体力劳动者,manual_worker,卡车司机,,,
P07105,郭婷,女,26,25-29,有未成年孩子,大学生,university_student,博士研究生,,,
P07106,吴宁,女,38,35-39,有未成年孩子,上班族,office_worker,业务负责人,,,
P07107,杨心语,女,18,18-24,无需要照顾的孩子,服务业者,service_worker,保安,,,
P07108,李轩杰,男,26,25-29,无需要照顾的孩子,上班族,office_worker,采购专员,,,
P07109,高佑晨,男,29,25-29,无需要照顾的孩子,上班族,office_worker,采购专员,,,
P07110,马源宁,女,26,25-29,无需要照顾的孩子,上班族,office_worker,采购经理,,,
P07111,孙思一,女,40,40-45,有未成年孩子,体力劳动者,manual_worker,汽车技师,,,
P07112,王婉琪,女,29,25-29,无需要照顾的孩子,上班族,office_worker,采购专员,,,
P07113,马若诗,女,33,30-34,有未成年孩子,自由业者,freelancer,摄影师,,,
P07114,陈泽轩,男,28,25-29,无需要照顾的孩子,上班族,office_worker,数据分析师,,,
P07115,张诗静,女,24,18-24,无需要照顾的孩子,大学生,university_student,硕士研究生,,,
P07116,陈辰,男,38,35-39,无需要照顾的孩子,服务业者,service_worker,咖啡师,,,
P07117,王雅清,女,35,35-39,有未成年孩子,上班族,office_worker,高级项目经理,,,
P07118,李一,女,45,40-45,有未成年孩子,上班族,office_worker,HR经理,,,
P07119,王羽,男,40,40-45,有成年孩子,上班族,office_worker,高级软件工程师,,,
P07120,袁嫣,女,20,18-24,无需要照顾的孩子,服务业者,service_worker,健身教练,,,
P07121,张哲宇,男,24,18-24,无需要照顾的孩子,大学生,university_student,硕士研究生,,,
P07122,陈远可,女,38,35-39,有未成年孩子,服务业者,service_worker,零售店员,,,
P07123,朱杰睿,男,21,18-24,无需要照顾的孩子,自由业者,freelancer,自媒体从业者,,,
P07124,李雅子,女,31,30-34,无需要照顾的孩子,自由业者,freelancer,独立承包商,,,
P07125,何宇,男,32,30-34,无需要照顾的孩子,体力劳动者,manual_worker,建筑工人,,,
P07126,王源源,男,45,40-45,有未成年孩子,上班族,office_worker,高级软件工程师,,,
P07127,韩怡怡,女,31,30-34,有未成年孩子,自由业者,freelancer,网店经营者,,,
P07128,王辰远,女,33,30-34,无需要照顾的孩子,上班族,office_worker,项目经理,,,
P07129,张佳源,女,21,18-24,无需要照顾的孩子,服务业者,service_worker,收银员,,,
P07130,张言,女,29,25-29,无需要照顾的孩子,体力劳动者,manual_worker,焊工,,,
P07131,杨瑶,女,41,40-45,有未成年孩子,服务业者,service_worker,咖啡师,,,
P07132,刘嫣思,女,24,18-24,无需要照顾的孩子,大学生,university_student,硕士研究生,,,
P07133,张宁远,女,43,40-45,有未成年孩子,体力劳动者,manual_worker,配送员,,,
P07134,陈雅思,女,21,18-24,无需要照顾的孩子,大学生,university_student,本科生,,,
P07135,黄琪宁,女,45,40-45,有未成年孩子,体力劳动者,manual_worker,维修技师,,,
P07136,梁可轩,男,20,18-24,无需要照顾的孩子,服务业者,service_worker,美容师,,,
P07137,李桐,女,25,25-29,无需要照顾的孩子,服务业者,service_worker,保安,,,
P07138,张乐晨,女,20,18-24,无需要照顾的孩子,服务业者,service_worker,零售店员,,,
P07139,朱杰辰,男,31,30-34,有未成年孩子,上班族,office_worker,采购经理,,,
P07140,周梓昊,男,31,30-34,有未成年孩子,上班族,office_worker,财务主管,,,
P07141,刘可诗,女,38,35-39,有未成年孩子,上班族,office_worker,项目经理,,,
P07142,袁嘉,男,32,30-34,无需要照顾的孩子,体力劳动者,manual_worker,卡车司机,,,
P07143,王语源,女,18,18-24,无需要照顾的孩子,上班族,office_worker,软件工程师,,,
P07144,王晨清,女,25,25-29,无需要照顾的孩子,上班族,office_worker,财务主管,,,
P07145,李思欣,女,42,40-45,有成年孩子,服务业者,service_worker,健身教练,,,
P07146,李乐,女,31,30-34,有未成年孩子,体力劳动者,manual_worker,安装工,,,
P07147,冯心羽,女,33,30-34,无需要照顾的孩子,体力劳动者,manual_worker,设备操作员,,,
P07148,王瑶佳,女,22,18-24,无需要照顾的孩子,上班族,office_worker,运营专员,,,
P07149,李一一,女,22,18-24,无需要照顾的孩子,服务业者,service_worker,餐厅服务员,,,
P07150,李欣思,女,41,40-45,有未成年孩子,服务业者,service_worker,客服,,,
P07151,李言楷,男,33,30-34,有未成年孩子,上班族,office_worker,客户专员,,,
P07152,何星诚,男,44,40-45,有未成年孩子,上班族,office_worker,技术经理,,,
P07153,刘嘉浩,男,31,30-34,有未成年孩子,自由业者,freelancer,私教,,,
P07154,黄瑶,女,26,25-29,无需要照顾的孩子,大学生,university_student,博士研究生,,,
P07155,冯思,女,42,40-45,无需要照顾的孩子,上班族,office_worker,项目经理,,,
P07156,王宁雨,女,41,40-45,有未成年孩子,自由业者,freelancer,咨询顾问,,,
P07157,刘晓思,女,22,18-24,无需要照顾的孩子,大学生,university_student,本科生,,,
P07158,张晴涵,女,32,30-34,有未成年孩子,上班族,office_worker,财务经理,,,
P07159,于源思,女,41,40-45,有未成年孩子,上班族,office_worker,高级数据分析师,,,
P07160,徐雨星,女,29,25-29,无需要照顾的孩子,自由业者,freelancer,咨询顾问,,,
P07161,邓哲,男,37,35-39,无需要照顾的孩子,体力劳动者,manual_worker,搬运工,,,
P07162,王嘉,女,40,40-45,有成年孩子,上班族,office_worker,HR经理,,,
P07163,冯言乐,女,25,25-29,有未成年孩子,体力劳动者,manual_worker,汽车技师,,,
P07164,冯欣婷,女,20,18-24,无需要照顾的孩子,服务业者,service_worker,房产经纪,,,
P07165,董知桐,女,27,25-29,无需要照顾的孩子,服务业者,service_worker,房产经纪,,,
P07166,刘景思,男,37,35-39,有未成年孩子,体力劳动者,manual_worker,配送员,,,
P07167,杨源语,女,27,25-29,有未成年孩子,体力劳动者,manual_worker,安装工,,,
P07168,杨若星,女,21,18-24,无需要照顾的孩子,服务业者,service_worker,零售店员,,,
P07169,孙思星,女,27,25-29,无需要照顾的孩子,上班族,office_worker,设计师,,,
P07170,曹乐星,女,32,30-34,有未成年孩子,自由业者,freelancer,独立承包商,,,
P07171,王瑶羽,女,40,40-45,有未成年孩子,服务业者,service_worker,酒店服务人员,,,
P07172,张清,女,32,30-34,无需要照顾的孩子,服务业者,service_worker,酒店前台,,,
P07173,梁佳宁,女,38,35-39,有未成年孩子,上班族,office_worker,财务专员,,,
P07174,王豪,男,30,30-34,无需要照顾的孩子,上班族,office_worker,财务专员,,,
P07175,王瑶晓,女,40,40-45,有未成年孩子,上班族,office_worker,财务主管,,,
P07176,胡源曦,女,31,30-34,有未成年孩子,服务业者,service_worker,健身教练,,,
P07177,张辰涵,女,41,40-45,有未成年孩子,上班族,office_worker,产品经理,,,
P07178,陈宁婷,女,18,18-24,无需要照顾的孩子,服务业者,service_worker,餐厅服务员,,,
P07179,袁婷,女,41,40-45,无需要照顾的孩子,上班族,office_worker,HR经理,,,
P07180,高宇浩,男,32,30-34,无需要照顾的孩子,上班族,office_worker,高级运营专员,,,
P07181,王浩,男,18,18-24,无需要照顾的孩子,大学生,university_student,本科生,,,
P07182,王子可,女,33,30-34,有未成年孩子,服务业者,service_worker,厨师,,,
P07183,孙雅曦,女,21,18-24,无需要照顾的孩子,上班族,office_worker,财务专员,,,
P07184,徐哲梓,男,29,25-29,无需要照顾的孩子,上班族,office_worker,会计,,,
P07185,高欣彤,女,45,40-45,无需要照顾的孩子,服务业者,service_worker,美容师,,,
P07186,陈雅辰,女,29,25-29,无需要照顾的孩子,大学生,university_student,硕士研究生,,,
P07187,李知佳,女,38,35-39,无需要照顾的孩子,服务业者,service_worker,咖啡师,,,
P07188,李乐子,男,39,35-39,有未成年孩子,自由业者,freelancer,自由销售,,,
P07189,张怡知,女,30,30-34,有未成年孩子,体力劳动者,manual_worker,汽车技师,,,
P07190,李桐瑶,女,39,35-39,有未成年孩子,自由业者,freelancer,独立程序员,,,
P07191,杨子豪,男,33,30-34,无需要照顾的孩子,自由业者,freelancer,摄影师,,,
P07192,杨思子,女,42,40-45,有未成年孩子,上班族,office_worker,销售经理,,,
P07193,张嘉嫣,女,41,40-45,无需要照顾的孩子,自由业者,freelancer,自媒体从业者,,,
P07194,朱源,女,23,18-24,有未成年孩子,上班族,office_worker,数据分析师,,,
P07195,陈宁,女,32,30-34,无需要照顾的孩子,上班族,office_worker,采购经理,,,
P07196,陈景睿,男,20,18-24,无需要照顾的孩子,大学生,university_student,本科生,,,
P07197,朱佳,女,39,35-39,无需要照顾的孩子,体力劳动者,manual_worker,安装工,,,
P07198,陈静,女,31,30-34,无需要照顾的孩子,上班族,office_worker,高级运营专员,,,
P07199,王诗嫣,女,38,35-39,无需要照顾的孩子,上班族,office_worker,高级数据分析师,,,
P07200,周豪嘉,男,35,35-39,无需要照顾的孩子,上班族,office_worker,财务专员,,,
P07201,张可梦,女,29,25-29,无需要照顾的孩子,自由业者,freelancer,摄影师,,,
P07202,赵宁一,女,36,35-39,有未成年孩子,自由业者,freelancer,自由设计师,,,
P07203,刘俊然,男,44,40-45,有未成年孩子,上班族,office_worker,部门经理,,,
P07204,吴欣嫣,女,34,30-34,有未成年孩子,体力劳动者,manual_worker,焊工,,,
P07205,黄昊诺,男,29,25-29,无需要照顾的孩子,服务业者,service_worker,酒店服务人员,,,
P07206,袁雅,女,39,35-39,无需要照顾的孩子,体力劳动者,manual_worker,焊工,,,
P07207,王诗欣,女,42,40-45,无需要照顾的孩子,服务业者,service_worker,餐厅服务员,,,
P07208,杨雨宁,女,31,30-34,有未成年孩子,自由业者,freelancer,独立承包商,,,
P07209,张佳怡,女,29,25-29,无需要照顾的孩子,服务业者,service_worker,咖啡师,,,
P07210,周梦可,女,36,35-39,有未成年孩子,上班族,office_worker,项目经理,,,
P07211,张杰,男,35,35-39,无需要照顾的孩子,服务业者,service_worker,理发师,,,
P07212,刘若可,女,33,30-34,无需要照顾的孩子,上班族,office_worker,高级运营专员,,,
P07213,林可,女,27,25-29,无需要照顾的孩子,上班族,office_worker,客户经理,,,
P07214,陈婷子,女,38,35-39,有未成年孩子,上班族,office_worker,高级运营专员,,,
P07215,罗婷,女,28,25-29,无需要照顾的孩子,服务业者,service_worker,健身教练,,,
P07216,林晓嘉,女,25,25-29,无需要照顾的孩子,上班族,office_worker,高级数据分析师,,,
P07217,周晴子,女,21,18-24,无需要照顾的孩子,服务业者,service_worker,保安,,,
P07218,陈言宁,女,20,18-24,无需要照顾的孩子,上班族,office_worker,数据分析师,,,
P07219,陈知宁,女,28,25-29,有未成年孩子,上班族,office_worker,行政专员,,,
P07220,张杰诺,男,33,30-34,无需要照顾的孩子,上班族,office_worker,销售代表,,,
P07221,梁心婷,女,39,35-39,有未成年孩子,上班族,office_worker,高级运营专员,,,
P07222,董欣可,女,44,40-45,有未成年孩子,上班族,office_worker,高级软件工程师,,,
P07223,胡嘉言,男,24,18-24,无需要照顾的孩子,大学生,university_student,硕士研究生,,,
P07224,王彤,女,40,40-45,有未成年孩子,上班族,office_worker,高级产品经理,,,
P07225,张嫣婉,女,32,30-34,有未成年孩子,上班族,office_worker,项目经理,,,
P07226,陈怡雨,女,25,25-29,无需要照顾的孩子,上班族,office_worker,行政专员,,,
P07227,王诗乐,女,43,40-45,有未成年孩子,上班族,office_worker,销售经理,,,
P07228,郑言楷,男,35,35-39,有未成年孩子,上班族,office_worker,销售代表,,,
P07229,李乐欣,女,40,40-45,有未成年孩子,自由业者,freelancer,自由设计师,,,
P07230,吴诗欣,女,26,25-29,无需要照顾的孩子,服务业者,service_worker,保安,,,
P07231,王安,女,19,18-24,无需要照顾的孩子,大学生,university_student,本科生,,,
P07232,胡杰一,男,18,18-24,无需要照顾的孩子,上班族,office_worker,销售代表,,,
P07233,赵佑羽,男,22,18-24,无需要照顾的孩子,服务业者,service_worker,餐厅服务员,,,
P07234,高诗,女,41,40-45,有未成年孩子,服务业者,service_worker,健身教练,,,
P07235,徐一,女,28,25-29,无需要照顾的孩子,自由业者,freelancer,私教,,,
P07236,谢晴,女,35,35-39,有未成年孩子,上班族,office_worker,产品经理,,,
P07237,周涵宁,女,34,30-34,有未成年孩子,上班族,office_worker,高级数据分析师,,,
P07238,李梦星,女,26,25-29,无需要照顾的孩子,上班族,office_worker,销售代表,,,
P07239,杨子,女,33,30-34,无需要照顾的孩子,体力劳动者,manual_worker,安装工,,,
P07240,陈怡,女,34,30-34,有未成年孩子,服务业者,service_worker,餐厅服务员,,,
P07241,高宁佳,女,24,18-24,无需要照顾的孩子,服务业者,service_worker,美容师,,,
P07242,周源辰,女,37,35-39,有未成年孩子,上班族,office_worker,行政专员,,,
P07243,周嘉,男,45,40-45,有未成年孩子,上班族,office_worker,财务主管,,,
P07244,王佳,女,20,18-24,无需要照顾的孩子,上班族,office_worker,会计,,,
P07245,李星然,男,23,18-24,无需要照顾的孩子,大学生,university_student,硕士研究生,,,
P07246,冯景乐,男,38,35-39,有未成年孩子,上班族,office_worker,高级软件工程师,,,
P07247,杨豪,男,20,18-24,无需要照顾的孩子,大学生,university_student,本科生,,,
P07248,郭佑,男,26,25-29,无需要照顾的孩子,服务业者,service_worker,健身教练,,,
P07249,张涵辰,女,25,25-29,无需要照顾的孩子,上班族,office_worker,会计,,,
P07250,张可琪,女,41,40-45,有未成年孩子,上班族,office_worker,高级运营专员,,,
P07251,张欣雨,女,42,40-45,无需要照顾的孩子,上班族,office_worker,销售经理,,,
P07252,李琪,女,43,40-45,有未成年孩子,上班族,office_worker,项目经理,,,
P07253,陈桐星,女,29,25-29,无需要照顾的孩子,体力劳动者,manual_worker,电工,,,
P07254,马桐,女,26,25-29,无需要照顾的孩子,服务业者,service_worker,酒店服务人员,,,
P07255,罗轩知,男,32,30-34,无需要照顾的孩子,上班族,office_worker,客户专员,,,
P07256,刘婷琪,女,29,25-29,有未成年孩子,上班族,office_worker,高级数据分析师,,,
P07257,王诺晓,女,32,30-34,有未成年孩子,自由业者,freelancer,自由设计师,,,
P07258,程言嘉,男,34,30-34,无需要照顾的孩子,上班族,office_worker,软件工程师,,,
P07259,于辰星,男,32,30-34,有未成年孩子,服务业者,service_worker,咖啡师,,,
P07260,王诚志,男,23,18-24,无需要照顾的孩子,大学生,university_student,硕士研究生,,,
P07261,杨哲可,男,21,18-24,无需要照顾的孩子,上班族,office_worker,数据分析师,,,
P07262,于知晓,女,41,40-45,无需要照顾的孩子,服务业者,service_worker,餐厅服务员,,,
P07263,王曦,女,33,30-34,无需要照顾的孩子,自由业者,freelancer,私教,,,
P07264,李静源,女,26,25-29,无需要照顾的孩子,服务业者,service_worker,美容师,,,
P07265,吴晴,女,32,30-34,有未成年孩子,上班族,office_worker,行政专员,,,
P07266,曹雅佳,女,35,35-39,有未成年孩子,体力劳动者,manual_worker,设备操作员,,,
P07267,王源,女,36,35-39,无需要照顾的孩子,上班族,office_worker,采购专员,,,
P07268,韩婷羽,女,42,40-45,有未成年孩子,服务业者,service_worker,客服,,,
P07269,刘羽嘉,女,35,35-39,有未成年孩子,服务业者,service_worker,健身教练,,,
P07270,何知清,男,27,25-29,无需要照顾的孩子,上班族,office_worker,项目经理,,,
P07271,袁一宁,女,30,30-34,有未成年孩子,上班族,office_worker,客户经理,,,
P07272,李婉,女,30,30-34,无需要照顾的孩子,自由业者,freelancer,咨询顾问,,,
P07273,陈哲,男,33,30-34,无需要照顾的孩子,上班族,office_worker,会计,,,
P07274,王晓佳,女,25,25-29,有未成年孩子,服务业者,service_worker,健身教练,,,
P07275,黄涵,女,35,35-39,有未成年孩子,上班族,office_worker,设计师,,,
P07276,于宇乐,男,23,18-24,无需要照顾的孩子,服务业者,service_worker,厨师,,,
P07277,郑雨,女,44,40-45,有未成年孩子,服务业者,service_worker,零售店员,,,
P07278,周晓雨,女,28,25-29,无需要照顾的孩子,上班族,office_worker,财务专员,,,
P07279,胡安雨,女,30,30-34,有未成年孩子,体力劳动者,manual_worker,维修技师,,,
P07280,朱婷心,女,29,25-29,无需要照顾的孩子,上班族,office_worker,销售代表,,,
P07281,马诚诺,男,18,18-24,无需要照顾的孩子,上班族,office_worker,数据分析师,,,
P07282,王雨清,女,26,25-29,无需要照顾的孩子,上班族,office_worker,客户经理,,,
P07283,王晴宁,女,29,25-29,无需要照顾的孩子,大学生,university_student,硕士研究生,,,
P07284,郭一知,男,44,40-45,有成年孩子,自由业者,freelancer,独立承包商,,,
P07285,王嘉思,女,34,30-34,无需要照顾的孩子,体力劳动者,manual_worker,维修技师,,,
P07286,董晨晴,女,37,35-39,无需要照顾的孩子,上班族,office_worker,高级运营专员,,,
P07287,王雨婷,女,38,35-39,无需要照顾的孩子,体力劳动者,manual_worker,配送员,,,
P07288,周佳怡,女,41,40-45,有未成年孩子,体力劳动者,manual_worker,卡车司机,,,
P07289,王怡,女,27,25-29,无需要照顾的孩子,自由业者,freelancer,翻译,,,
P07290,张楷哲,男,33,30-34,无需要照顾的孩子,上班族,office_worker,采购专员,,,
P07291,周睿浩,男,21,18-24,无需要照顾的孩子,体力劳动者,manual_worker,汽车技师,,,
P07292,李怡思,女,20,18-24,无需要照顾的孩子,上班族,office_worker,数据分析师,,,
P07293,刘彤雨,女,30,30-34,无需要照顾的孩子,上班族,office_worker,软件工程师,,,
P07294,王子辰,男,44,40-45,有未成年孩子,上班族,office_worker,高级软件工程师,,,
P07295,孙阳宁,男,36,35-39,无需要照顾的孩子,体力劳动者,manual_worker,配送员,,,
P07296,吴源清,男,28,25-29,有未成年孩子,上班族,office_worker,采购专员,,,
P07297,刘星,男,37,35-39,有未成年孩子,上班族,office_worker,会计,,,
P07298,孙桐婉,女,22,18-24,无需要照顾的孩子,服务业者,service_worker,健身教练,,,
P07299,周诗佳,女,35,35-39,无需要照顾的孩子,自由业者,freelancer,翻译,,,
P07300,罗辰曦,女,22,18-24,无需要照顾的孩子,上班族,office_worker,客户专员,,,
P07301,黄涵,女,18,18-24,无需要照顾的孩子,自由业者,freelancer,独立程序员,,,
P07302,朱言佳,女,29,25-29,无需要照顾的孩子,服务业者,service_worker,房产经纪,,,
P07303,冯嫣琪,女,26,25-29,无需要照顾的孩子,上班族,office_worker,销售代表,,,
P07304,王嘉雅,女,32,30-34,无需要照顾的孩子,体力劳动者,manual_worker,仓库操作员,,,
P07305,胡涵,女,21,18-24,无需要照顾的孩子,自由业者,freelancer,自由设计师,,,
P07306,董雅静,女,38,35-39,无需要照顾的孩子,上班族,office_worker,产品经理,,,
P07307,李乐博,男,20,18-24,无需要照顾的孩子,上班族,office_worker,运营专员,,,
P07308,王怡怡,女,33,30-34,无需要照顾的孩子,自由业者,freelancer,网店经营者,,,
P07309,张晨,男,19,18-24,无需要照顾的孩子,大学生,university_student,本科生,,,
P07310,李思远,女,28,25-29,无需要照顾的孩子,上班族,office_worker,项目经理,,,
P07311,徐思,女,44,40-45,无需要照顾的孩子,服务业者,service_worker,零售店员,,,
P07312,李诺,女,23,18-24,无需要照顾的孩子,大学生,university_student,本科生,,,
P07313,宋晴可,女,30,30-34,无需要照顾的孩子,上班族,office_worker,项目经理,,,
P07314,王涵,女,32,30-34,无需要照顾的孩子,服务业者,service_worker,美容师,,,
P07315,张思欣,女,36,35-39,无需要照顾的孩子,自由业者,freelancer,自由销售,,,
P07316,王雨诺,女,37,35-39,无需要照顾的孩子,上班族,office_worker,客户经理,,,
P07317,朱婷辰,女,38,35-39,无需要照顾的孩子,上班族,office_worker,部门经理,,,
P07318,刘诺思,女,29,25-29,无需要照顾的孩子,上班族,office_worker,采购经理,,,
P07319,于杰豪,男,28,25-29,无需要照顾的孩子,上班族,office_worker,采购专员,,,
P07320,李晓曦,女,29,25-29,无需要照顾的孩子,体力劳动者,manual_worker,安装工,,,
P07321,赵言欣,女,24,18-24,无需要照顾的孩子,服务业者,service_worker,客服,,,
P07322,林泽,男,39,35-39,有未成年孩子,上班族,office_worker,设计师,,,
P07323,刘琪婷,女,44,40-45,无需要照顾的孩子,服务业者,service_worker,餐厅服务员,,,
P07324,李哲泽,男,26,25-29,有未成年孩子,服务业者,service_worker,客服,,,
P07325,董婷,女,25,25-29,无需要照顾的孩子,上班族,office_worker,数据分析师,,,
P07326,马一欣,女,36,35-39,有未成年孩子,体力劳动者,manual_worker,配送员,,,
P07327,徐怡,女,32,30-34,无需要照顾的孩子,自由业者,freelancer,独立承包商,,,
P07328,林言诺,女,36,35-39,有未成年孩子,服务业者,service_worker,客服,,,
P07329,马涵安,女,20,18-24,无需要照顾的孩子,上班族,office_worker,设计师,,,
P07330,徐羽心,女,31,30-34,无需要照顾的孩子,上班族,office_worker,HR经理,,,
P07331,孙明天,男,23,18-24,无需要照顾的孩子,大学生,university_student,硕士研究生,,,
P07332,刘嘉可,女,29,25-29,无需要照顾的孩子,体力劳动者,manual_worker,安装工,,,
P07333,赵轩景,男,18,18-24,无需要照顾的孩子,上班族,office_worker,采购专员,,,
P07334,张远一,女,27,25-29,无需要照顾的孩子,上班族,office_worker,销售代表,,,
P07335,林一涵,女,44,40-45,有成年孩子,体力劳动者,manual_worker,维修技师,,,
P07336,徐清晴,女,40,40-45,有成年孩子,上班族,office_worker,财务主管,,,
P07337,陈知诺,男,38,35-39,有未成年孩子,体力劳动者,manual_worker,配送员,,,
P07338,高涵嫣,女,34,30-34,无需要照顾的孩子,大学生,university_student,博士研究生,,,
P07339,王言晴,女,32,30-34,无需要照顾的孩子,体力劳动者,manual_worker,汽车技师,,,
P07340,王可思,男,25,25-29,无需要照顾的孩子,服务业者,service_worker,房产经纪,,,
P07341,朱星婷,女,30,30-34,无需要照顾的孩子,体力劳动者,manual_worker,快递员,,,
P07342,韩轩宁,男,24,18-24,无需要照顾的孩子,服务业者,service_worker,美容师,,,
P07343,李欣可,女,20,18-24,无需要照顾的孩子,上班族,office_worker,运营专员,,,
P07344,李嘉曦,女,20,18-24,无需要照顾的孩子,服务业者,service_worker,酒店前台,,,
P07345,曹源嫣,女,44,40-45,有未成年孩子,自由业者,freelancer,网店经营者,,,
P07346,李雅诺,女,32,30-34,无需要照顾的孩子,自由业者,freelancer,独立承包商,,,
P07347,林文清,男,42,40-45,无需要照顾的孩子,上班族,office_worker,高级数据分析师,,,
P07348,孙子琪,女,19,18-24,无需要照顾的孩子,上班族,office_worker,客户专员,,,
P07349,赵豪星,男,36,35-39,无需要照顾的孩子,服务业者,service_worker,酒店服务人员,,,
P07350,王晓诗,女,42,40-45,有未成年孩子,自由业者,freelancer,独立程序员,,,
P07351,孙诗怡,女,45,40-45,有未成年孩子,上班族,office_worker,项目经理,,,
P07352,陈瑶婷,女,42,40-45,有成年孩子,服务业者,service_worker,酒店服务人员,,,
P07353,黄羽涵,女,37,35-39,无需要照顾的孩子,上班族,office_worker,HR经理,,,
P07354,孙瑶涵,女,35,35-39,有未成年孩子,体力劳动者,manual_worker,设备操作员,,,
P07355,宋若语,女,35,35-39,有未成年孩子,上班族,office_worker,财务主管,,,
P07356,李博,男,42,40-45,有未成年孩子,上班族,office_worker,财务主管,,,
P07357,刘文昊,男,35,35-39,有未成年孩子,自由业者,freelancer,独立程序员,,,
P07358,韩彤婷,女,29,25-29,无需要照顾的孩子,自由业者,freelancer,独立承包商,,,
P07359,张若诗,女,37,35-39,无需要照顾的孩子,上班族,office_worker,销售代表,,,
P07360,林文羽,男,24,18-24,有未成年孩子,服务业者,service_worker,收银员,,,
P07361,郭清雅,女,21,18-24,无需要照顾的孩子,体力劳动者,manual_worker,汽车技师,,,
P07362,郭子可,女,21,18-24,无需要照顾的孩子,大学生,university_student,本科生,,,
P07363,刘思诺,女,43,40-45,有成年孩子,服务业者,service_worker,零售店员,,,
P07364,杨欣欣,女,32,30-34,无需要照顾的孩子,上班族,office_worker,采购专员,,,
P07365,周清知,女,27,25-29,无需要照顾的孩子,自由业者,freelancer,独立承包商,,,
P07366,李子涵,女,32,30-34,无需要照顾的孩子,服务业者,service_worker,保安,,,
P07367,王宁欣,女,31,30-34,有未成年孩子,上班族,office_worker,HR经理,,,
P07368,罗梦怡,女,37,35-39,无需要照顾的孩子,服务业者,service_worker,零售店员,,,
P07369,徐瑶,女,37,35-39,有未成年孩子,体力劳动者,manual_worker,电工,,,
P07370,何远昊,男,36,35-39,有未成年孩子,服务业者,service_worker,客服,,,
P07371,陈安,女,35,35-39,有未成年孩子,体力劳动者,manual_worker,快递员,,,
P07372,罗嘉清,男,29,25-29,有未成年孩子,上班族,office_worker,运营专员,,,
P07373,陈静思,女,43,40-45,无需要照顾的孩子,上班族,office_worker,采购经理,,,
P07374,冯晓曦,女,43,40-45,无需要照顾的孩子,上班族,office_worker,高级软件工程师,,,
P07375,杨晨诗,女,35,35-39,有未成年孩子,上班族,office_worker,项目经理,,,
P07376,徐俊诚,男,28,25-29,无需要照顾的孩子,上班族,office_worker,设计师,,,
P07377,唐源杰,男,42,40-45,有未成年孩子,服务业者,service_worker,保安,,,
P07378,李语欣,女,45,40-45,有未成年孩子,上班族,office_worker,数据分析师,,,
P07379,刘杰一,男,41,40-45,有未成年孩子,上班族,office_worker,产品经理,,,
P07380,陈诺晨,女,41,40-45,无需要照顾的孩子,上班族,office_worker,高级软件工程师,,,
P07381,刘远博,男,37,35-39,有未成年孩子,服务业者,service_worker,保安,,,
P07382,王清宁,女,24,18-24,无需要照顾的孩子,上班族,office_worker,销售代表,,,
P07383,郑若曦,女,20,18-24,无需要照顾的孩子,服务业者,service_worker,酒店服务人员,,,
P07384,孙豪明,男,35,35-39,有未成年孩子,服务业者,service_worker,零售店员,,,
P07385,赵昊佑,男,36,35-39,无需要照顾的孩子,体力劳动者,manual_worker,仓库操作员,,,
P07386,王婷可,女,23,18-24,无需要照顾的孩子,上班族,office_worker,采购专员,,,
P07387,谢佳曦,女,39,35-39,无需要照顾的孩子,上班族,office_worker,财务主管,,,
P07388,李豪,男,18,18-24,无需要照顾的孩子,上班族,office_worker,数据分析师,,,
P07389,马可佳,女,31,30-34,无需要照顾的孩子,服务业者,service_worker,酒店前台,,,
P07390,徐佳欣,女,32,30-34,无需要照顾的孩子,上班族,office_worker,高级运营专员,,,
P07391,张心博,男,28,25-29,无需要照顾的孩子,服务业者,service_worker,房产经纪,,,
P07392,朱思婷,女,18,18-24,无需要照顾的孩子,上班族,office_worker,行政专员,,,
P07393,梁宁,女,34,30-34,无需要照顾的孩子,体力劳动者,manual_worker,仓库操作员,,,
P07394,陈星一,男,34,30-34,有未成年孩子,自由业者,freelancer,摄影师,,,
P07395,李佑哲,男,42,40-45,有未成年孩子,自由业者,freelancer,私教,,,
P07396,王怡,女,43,40-45,有未成年孩子,服务业者,service_worker,酒店服务人员,,,
P07397,张怡知,女,35,35-39,有未成年孩子,服务业者,service_worker,收银员,,,
P07398,袁羽,女,27,25-29,无需要照顾的孩子,自由业者,freelancer,自由设计师,,,
P07399,杨静桐,女,29,25-29,无需要照顾的孩子,上班族,office_worker,数据分析师,,,
P07400,杨轩思,男,26,25-29,无需要照顾的孩子,服务业者,service_worker,零售店员,,,
P07401,宋梓,男,26,25-29,有未成年孩子,上班族,office_worker,客户专员,,,
P07402,李源思,女,44,40-45,有未成年孩子,体力劳动者,manual_worker,配送员,,,
P07403,许晓言,女,45,40-45,有未成年孩子,体力劳动者,manual_worker,快递员,,,
P07404,陈泽明,男,31,30-34,有未成年孩子,体力劳动者,manual_worker,快递员,,,
P07405,王宁佳,女,34,30-34,无需要照顾的孩子,上班族,office_worker,设计师,,,
P07406,陈浩杰,男,40,40-45,有成年孩子,自由业者,freelancer,网店经营者,,,
P07407,陈远雅,女,41,40-45,无需要照顾的孩子,上班族,office_worker,技术经理,,,
P07408,刘远怡,女,37,35-39,有未成年孩子,体力劳动者,manual_worker,配送员,,,
P07409,高晓,女,45,40-45,有成年孩子,体力劳动者,manual_worker,建筑工人,,,
P07410,王若子,女,18,18-24,无需要照顾的孩子,上班族,office_worker,采购专员,,,
P07411,唐婷欣,女,34,30-34,有未成年孩子,上班族,office_worker,行政专员,,,
P07412,王涵星,女,21,18-24,无需要照顾的孩子,大学生,university_student,本科生,,,
P07413,陈可明,男,33,30-34,有未成年孩子,服务业者,service_worker,保安,,,
P07414,赵嫣嘉,女,28,25-29,无需要照顾的孩子,自由业者,freelancer,自由设计师,,,
P07415,黄源怡,女,38,35-39,有未成年孩子,服务业者,service_worker,厨师,,,
P07416,陈嫣若,女,33,30-34,无需要照顾的孩子,服务业者,service_worker,收银员,,,
P07417,唐宁婉,女,33,30-34,无需要照顾的孩子,上班族,office_worker,客户经理,,,
P07418,于思,男,32,30-34,无需要照顾的孩子,自由业者,freelancer,独立程序员,,,
P07419,程雨欣,女,27,25-29,无需要照顾的孩子,上班族,office_worker,软件工程师,,,
P07420,张星星,女,36,35-39,有未成年孩子,上班族,office_worker,高级数据分析师,,,
P07421,徐言杰,男,18,18-24,无需要照顾的孩子,大学生,university_student,本科生,,,
P07422,杨怡梦,女,44,40-45,有未成年孩子,上班族,office_worker,HR经理,,,
P07423,高可知,女,44,40-45,有未成年孩子,自由业者,freelancer,自媒体从业者,,,
P07424,张知安,女,34,30-34,有未成年孩子,服务业者,service_worker,酒店服务人员,,,
P07425,徐涵星,女,36,35-39,有未成年孩子,自由业者,freelancer,摄影师,,,
P07426,王远一,女,22,18-24,无需要照顾的孩子,上班族,office_worker,设计师,,,
P07427,刘婷,女,45,40-45,无需要照顾的孩子,体力劳动者,manual_worker,卡车司机,,,
P07428,周诺豪,男,31,30-34,无需要照顾的孩子,服务业者,service_worker,咖啡师,,,
P07429,刘哲清,男,26,25-29,无需要照顾的孩子,服务业者,service_worker,收银员,,,
P07430,吴远,男,29,25-29,无需要照顾的孩子,自由业者,freelancer,独立承包商,,,
P07431,黄源怡,女,36,35-39,有未成年孩子,上班族,office_worker,产品经理,,,
P07432,李怡辰,女,28,25-29,无需要照顾的孩子,上班族,office_worker,客户专员,,,
P07433,何乐涵,女,32,30-34,无需要照顾的孩子,上班族,office_worker,高级运营专员,,,
P07434,韩一雅,女,38,35-39,无需要照顾的孩子,上班族,office_worker,销售代表,,,
P07435,董楷佑,男,34,30-34,有未成年孩子,大学生,university_student,硕士研究生,,,
P07436,张静可,女,26,25-29,无需要照顾的孩子,体力劳动者,manual_worker,焊工,,,
P07437,杨言,女,44,40-45,有未成年孩子,服务业者,service_worker,客服,,,
P07438,周源一,女,39,35-39,有未成年孩子,服务业者,service_worker,房产经纪,,,
P07439,赵思梦,女,33,30-34,无需要照顾的孩子,服务业者,service_worker,保安,,,
P07440,王轩昊,男,28,25-29,有未成年孩子,服务业者,service_worker,酒店服务人员,,,
P07441,张然昊,男,21,18-24,无需要照顾的孩子,大学生,university_student,本科生,,,
P07442,李嘉宁,男,36,35-39,有未成年孩子,自由业者,freelancer,自由销售,,,
P07443,于宁佳,女,26,25-29,无需要照顾的孩子,上班族,office_worker,产品经理,,,
P07444,李嘉羽,男,27,25-29,有未成年孩子,自由业者,freelancer,自媒体从业者,,,
P07445,王涵曦,女,23,18-24,无需要照顾的孩子,服务业者,service_worker,保安,,,
P07446,周知宁,女,31,30-34,无需要照顾的孩子,自由业者,freelancer,摄影师,,,
P07447,王嫣语,女,28,25-29,无需要照顾的孩子,上班族,office_worker,采购经理,,,
P07448,张宁思,女,27,25-29,无需要照顾的孩子,上班族,office_worker,销售经理,,,
P07449,胡一言,男,34,30-34,有未成年孩子,上班族,office_worker,行政专员,,,
P07450,张怡乐,女,41,40-45,有未成年孩子,体力劳动者,manual_worker,仓库操作员,,,
P07451,董心,女,32,30-34,无需要照顾的孩子,体力劳动者,manual_worker,配送员,,,
P07452,王言,男,29,25-29,无需要照顾的孩子,体力劳动者,manual_worker,设备操作员,,,
P07453,于思嫣,女,43,40-45,有未成年孩子,上班族,office_worker,会计,,,
P07454,王晨,女,22,18-24,无需要照顾的孩子,上班族,office_worker,财务专员,,,
P07455,刘可泽,男,21,18-24,无需要照顾的孩子,大学生,university_student,博士研究生,,,
P07456,郭婷宁,女,23,18-24,无需要照顾的孩子,服务业者,service_worker,零售店员,,,
P07457,孙辰,女,27,25-29,无需要照顾的孩子,上班族,office_worker,行政专员,,,
P07458,张文天,男,19,18-24,无需要照顾的孩子,自由业者,freelancer,自媒体从业者,,,
P07459,高天宁,男,35,35-39,无需要照顾的孩子,上班族,office_worker,财务专员,,,
P07460,胡晴,女,36,35-39,无需要照顾的孩子,上班族,office_worker,运营专员,,,
P07461,李诺知,女,18,18-24,无需要照顾的孩子,服务业者,service_worker,酒店前台,,,
P07462,朱心源,女,45,40-45,有未成年孩子,上班族,office_worker,高级软件工程师,,,
P07463,王涵清,女,33,30-34,无需要照顾的孩子,体力劳动者,manual_worker,快递员,,,
P07464,王欣远,女,21,18-24,无需要照顾的孩子,服务业者,service_worker,健身教练,,,
P07465,郭怡怡,女,24,18-24,无需要照顾的孩子,服务业者,service_worker,客服,,,
P07466,张一诚,男,21,18-24,无需要照顾的孩子,服务业者,service_worker,酒店前台,,,
P07467,宋诺星,女,28,25-29,无需要照顾的孩子,体力劳动者,manual_worker,安装工,,,
P07468,王诗,女,45,40-45,无需要照顾的孩子,上班族,office_worker,部门经理,,,
P07469,杨辰一,女,33,30-34,有未成年孩子,体力劳动者,manual_worker,搬运工,,,
P07470,吴婷嘉,女,45,40-45,有未成年孩子,服务业者,service_worker,厨师,,,
P07471,张远彤,女,31,30-34,有未成年孩子,服务业者,service_worker,保安,,,
P07472,高远安,女,26,25-29,无需要照顾的孩子,服务业者,service_worker,理发师,,,
P07473,胡清,女,45,40-45,有未成年孩子,自由业者,freelancer,自媒体从业者,,,
P07474,刘欣静,女,39,35-39,无需要照顾的孩子,上班族,office_worker,会计,,,
P07475,张嫣思,女,20,18-24,无需要照顾的孩子,服务业者,service_worker,零售店员,,,
P07476,刘雅思,女,31,30-34,有未成年孩子,上班族,office_worker,数据分析师,,,
P07477,张心晨,女,23,18-24,无需要照顾的孩子,大学生,university_student,博士研究生,,,
P07478,杨景,男,34,30-34,有未成年孩子,自由业者,freelancer,自媒体从业者,,,
P07479,张轩天,男,41,40-45,有成年孩子,上班族,office_worker,财务专员,,,
P07480,张晨宇,男,36,35-39,有未成年孩子,上班族,office_worker,数据分析师,,,
P07481,黄梦佳,女,24,18-24,无需要照顾的孩子,服务业者,service_worker,酒店前台,,,
P07482,李乐知,女,41,40-45,有未成年孩子,服务业者,service_worker,健身教练,,,
P07483,吴景晨,男,29,25-29,无需要照顾的孩子,大学生,university_student,博士研究生,,,
P07484,李梓,男,29,25-29,无需要照顾的孩子,体力劳动者,manual_worker,汽车技师,,,
P07485,胡乐知,女,43,40-45,无需要照顾的孩子,上班族,office_worker,HR经理,,,
P07486,高语安,女,43,40-45,有未成年孩子,服务业者,service_worker,理发师,,,
P07487,陈思可,女,34,30-34,无需要照顾的孩子,服务业者,service_worker,保安,,,
P07488,赵怡曦,女,33,30-34,无需要照顾的孩子,上班族,office_worker,HR经理,,,
P07489,许清怡,女,35,35-39,有未成年孩子,上班族,office_worker,项目经理,,,
P07490,杨静怡,女,41,40-45,无需要照顾的孩子,服务业者,service_worker,酒店服务人员,,,
P07491,周琪,女,42,40-45,有未成年孩子,体力劳动者,manual_worker,维修技师,,,
P07492,罗晓雨,女,39,35-39,有未成年孩子,服务业者,service_worker,咖啡师,,,
P07493,赵思,女,26,25-29,无需要照顾的孩子,上班族,office_worker,销售经理,,,
P07494,董远子,男,33,30-34,无需要照顾的孩子,上班族,office_worker,销售经理,,,
P07495,李安,女,21,18-24,无需要照顾的孩子,大学生,university_student,硕士研究生,,,
P07496,林心琪,女,26,25-29,无需要照顾的孩子,服务业者,service_worker,美容师,,,
P07497,陈雅,女,29,25-29,无需要照顾的孩子,服务业者,service_worker,咖啡师,,,
P07498,王思雅,女,20,18-24,无需要照顾的孩子,上班族,office_worker,客户专员,,,
P07499,张晨桐,女,20,18-24,无需要照顾的孩子,服务业者,service_worker,咖啡师,,,
P07500,周桐若,女,35,35-39,有未成年孩子,体力劳动者,manual_worker,仓库操作员,,,
P07501,何诺,女,33,30-34,无需要照顾的孩子,服务业者,service_worker,咖啡师,,,
P07502,马轩子,男,38,35-39,有未成年孩子,上班族,office_worker,高级软件工程师,,,
P07503,刘羽彤,女,18,18-24,无需要照顾的孩子,自由业者,freelancer,自由销售,,,
P07504,高言雅,女,44,40-45,有未成年孩子,自由业者,freelancer,私教,,,
P07505,刘景景,男,18,18-24,无需要照顾的孩子,大学生,university_student,本科生,,,
P07506,李晓源,女,29,25-29,无需要照顾的孩子,大学生,university_student,博士研究生,,,
P07507,黄嘉嘉,男,32,30-34,无需要照顾的孩子,体力劳动者,manual_worker,电工,,,
P07508,张嘉子,男,41,40-45,有未成年孩子,上班族,office_worker,高级数据分析师,,,
P07509,周俊俊,男,45,40-45,无需要照顾的孩子,服务业者,service_worker,客服,,,
P07510,徐源,女,39,35-39,有未成年孩子,上班族,office_worker,客户经理,,,
P07511,张晨知,女,25,25-29,有未成年孩子,上班族,office_worker,软件工程师,,,
P07512,朱晴曦,女,44,40-45,有未成年孩子,上班族,office_worker,高级软件工程师,,,
P07513,梁宇梓,男,21,18-24,有未成年孩子,服务业者,service_worker,厨师,,,
P07514,王语星,女,29,25-29,无需要照顾的孩子,大学生,university_student,博士研究生,,,
P07515,刘清晓,女,27,25-29,无需要照顾的孩子,上班族,office_worker,高级软件工程师,,,
P07516,陈安源,女,23,18-24,无需要照顾的孩子,服务业者,service_worker,房产经纪,,,
P07517,张子诗,女,45,40-45,有未成年孩子,上班族,office_worker,人力资源经理,,,
P07518,林桐一,女,31,30-34,无需要照顾的孩子,自由业者,freelancer,私教,,,
P07519,张梓阳,男,22,18-24,无需要照顾的孩子,上班族,office_worker,设计师,,,
P07520,李思诺,女,25,25-29,有未成年孩子,上班族,office_worker,采购专员,,,
P07521,徐思,女,21,18-24,无需要照顾的孩子,大学生,university_student,硕士研究生,,,
P07522,李欣晴,女,42,40-45,有成年孩子,上班族,office_worker,财务专员,,,
P07523,谢楷安,男,22,18-24,无需要照顾的孩子,体力劳动者,manual_worker,汽车技师,,,
P07524,陈晴嘉,女,41,40-45,无需要照顾的孩子,体力劳动者,manual_worker,焊工,,,
P07525,陈佳婉,女,37,35-39,有未成年孩子,服务业者,service_worker,零售店员,,,
P07526,李昊思,男,26,25-29,无需要照顾的孩子,体力劳动者,manual_worker,卡车司机,,,
P07527,郑昊天,男,20,18-24,无需要照顾的孩子,上班族,office_worker,设计师,,,
P07528,郑一轩,男,39,35-39,无需要照顾的孩子,体力劳动者,manual_worker,电工,,,
P07529,刘婉曦,女,38,35-39,无需要照顾的孩子,自由业者,freelancer,翻译,,,
P07530,谢清,女,44,40-45,有未成年孩子,服务业者,service_worker,健身教练,,,
P07531,刘言诺,女,45,40-45,有未成年孩子,上班族,office_worker,客户经理,,,
P07532,张雨,女,19,18-24,无需要照顾的孩子,大学生,university_student,本科生,,,
P07533,李晨哲,男,40,40-45,有成年孩子,上班族,office_worker,区域经理,,,
P07534,罗瑶怡,女,37,35-39,有未成年孩子,体力劳动者,manual_worker,建筑工人,,,
P07535,张阳,男,24,18-24,无需要照顾的孩子,自由业者,freelancer,自由销售,,,
P07536,李宁,女,30,30-34,无需要照顾的孩子,上班族,office_worker,软件工程师,,,
P07537,罗雨思,女,37,35-39,无需要照顾的孩子,上班族,office_worker,财务主管,,,
P07538,刘可彤,女,33,30-34,有未成年孩子,服务业者,service_worker,餐厅服务员,,,
P07539,刘婷涵,女,37,35-39,有未成年孩子,体力劳动者,manual_worker,仓库操作员,,,
P07540,徐星志,男,30,30-34,无需要照顾的孩子,上班族,office_worker,项目经理,,,
P07541,张宁知,女,19,18-24,无需要照顾的孩子,服务业者,service_worker,零售店员,,,
P07542,王涵桐,女,42,40-45,有未成年孩子,上班族,office_worker,业务负责人,,,
P07543,谢梓豪,男,26,25-29,无需要照顾的孩子,体力劳动者,manual_worker,卡车司机,,,
P07544,李景文,男,42,40-45,有未成年孩子,服务业者,service_worker,餐厅服务员,,,
P07545,黄诗可,女,36,35-39,有未成年孩子,上班族,office_worker,采购经理,,,
P07546,张曦怡,女,42,40-45,有未成年孩子,上班族,office_worker,高级产品经理,,,
P07547,王彤可,女,32,30-34,无需要照顾的孩子,上班族,office_worker,销售经理,,,
P07548,林婷宁,女,45,40-45,有未成年孩子,上班族,office_worker,HR经理,,,
P07549,张雨可,女,38,35-39,有未成年孩子,体力劳动者,manual_worker,安装工,,,
P07550,罗佳语,女,34,30-34,无需要照顾的孩子,上班族,office_worker,项目经理,,,
P07551,王清言,女,35,35-39,有未成年孩子,服务业者,service_worker,收银员,,,
P07552,黄思哲,男,43,40-45,无需要照顾的孩子,上班族,office_worker,软件工程师,,,
P07553,赵源,男,25,25-29,无需要照顾的孩子,服务业者,service_worker,收银员,,,
P07554,李一婉,女,43,40-45,有未成年孩子,上班族,office_worker,设计师,,,
P07555,宋辰远,女,45,40-45,有未成年孩子,体力劳动者,manual_worker,电工,,,
P07556,李宁宁,女,37,35-39,无需要照顾的孩子,上班族,office_worker,HR经理,,,
P07557,张涵,女,41,40-45,无需要照顾的孩子,上班族,office_worker,客户专员,,,
P07558,黄远源,男,37,35-39,无需要照顾的孩子,上班族,office_worker,数据分析师,,,
P07559,吴嘉嘉,男,42,40-45,有未成年孩子,上班族,office_worker,财务经理,,,
P07560,张辰阳,男,40,40-45,有未成年孩子,服务业者,service_worker,理发师,,,
P07561,李思一,男,26,25-29,无需要照顾的孩子,自由业者,freelancer,自媒体从业者,,,
P07562,李怡,女,26,25-29,有未成年孩子,上班族,office_worker,采购专员,,,
P07563,李雨,女,28,25-29,无需要照顾的孩子,上班族,office_worker,软件工程师,,,
P07564,陈豪杰,男,37,35-39,无需要照顾的孩子,上班族,office_worker,客户专员,,,
P07565,杨嘉梦,女,43,40-45,有未成年孩子,上班族,office_worker,采购经理,,,
P07566,陈羽星,女,40,40-45,无需要照顾的孩子,服务业者,service_worker,零售店员,,,
P07567,林怡佳,女,40,40-45,有未成年孩子,上班族,office_worker,客户经理,,,
P07568,杨佳涵,女,43,40-45,有未成年孩子,上班族,office_worker,项目经理,,,
P07569,李晓婷,女,25,25-29,无需要照顾的孩子,上班族,office_worker,客户专员,,,
P07570,李佑泽,男,34,30-34,有未成年孩子,上班族,office_worker,会计,,,
P07571,徐晓怡,女,40,40-45,有未成年孩子,上班族,office_worker,客户经理,,,
P07572,陈雅晨,女,43,40-45,有成年孩子,体力劳动者,manual_worker,汽车技师,,,
P07573,刘桐可,女,19,18-24,无需要照顾的孩子,体力劳动者,manual_worker,维修技师,,,
P07574,李远知,男,26,25-29,有未成年孩子,大学生,university_student,硕士研究生,,,
P07575,胡彤欣,女,23,18-24,无需要照顾的孩子,服务业者,service_worker,餐厅服务员,,,
P07576,王瑶晴,女,40,40-45,无需要照顾的孩子,服务业者,service_worker,健身教练,,,
P07577,赵雨语,女,45,40-45,有未成年孩子,上班族,office_worker,销售经理,,,
P07578,唐诺子,女,32,30-34,有未成年孩子,上班族,office_worker,运营专员,,,
P07579,张安,男,30,30-34,有未成年孩子,上班族,office_worker,销售代表,,,
P07580,李心知,男,26,25-29,有未成年孩子,上班族,office_worker,客户经理,,,
P07581,陈天宇,男,30,30-34,无需要照顾的孩子,上班族,office_worker,高级软件工程师,,,
P07582,徐知,女,26,25-29,无需要照顾的孩子,服务业者,service_worker,收银员,,,
P07583,许晨琪,女,24,18-24,无需要照顾的孩子,服务业者,service_worker,房产经纪,,,
P07584,王宁桐,女,37,35-39,有未成年孩子,上班族,office_worker,项目经理,,,
P07585,张景,男,32,30-34,有未成年孩子,上班族,office_worker,数据分析师,,,
P07586,韩子,女,29,25-29,无需要照顾的孩子,自由业者,freelancer,翻译,,,
P07587,张雨辰,女,38,35-39,有未成年孩子,上班族,office_worker,HR经理,,,
P07588,李乐诗,女,26,25-29,无需要照顾的孩子,服务业者,service_worker,客服,,,
P07589,周知瑶,女,44,40-45,有未成年孩子,自由业者,freelancer,私教,,,
P07590,罗乐昊,男,44,40-45,有成年孩子,上班族,office_worker,软件工程师,,,
P07591,李晴桐,女,44,40-45,有未成年孩子,体力劳动者,manual_worker,焊工,,,
P07592,马言辰,女,29,25-29,无需要照顾的孩子,服务业者,service_worker,客服,,,
P07593,王宁若,女,31,30-34,有未成年孩子,上班族,office_worker,销售代表,,,
P07594,吴安思,女,35,35-39,无需要照顾的孩子,服务业者,service_worker,收银员,,,
P07595,周豪嘉,男,40,40-45,无需要照顾的孩子,体力劳动者,manual_worker,仓库操作员,,,
P07596,刘语怡,女,37,35-39,有未成年孩子,上班族,office_worker,财务专员,,,
P07597,黄梦,女,37,35-39,有未成年孩子,上班族,office_worker,产品经理,,,
P07598,韩宁晨,女,29,25-29,无需要照顾的孩子,上班族,office_worker,软件工程师,,,
P07599,程嘉天,男,33,30-34,无需要照顾的孩子,上班族,office_worker,软件工程师,,,
P07600,王一宁,女,45,40-45,有未成年孩子,上班族,office_worker,运营专员,,,
P07601,孙嘉嘉,男,33,30-34,有未成年孩子,服务业者,service_worker,美容师,,,
P07602,黄琪若,女,41,40-45,无需要照顾的孩子,体力劳动者,manual_worker,卡车司机,,,
P07603,罗宁远,男,20,18-24,无需要照顾的孩子,服务业者,service_worker,收银员,,,
P07604,梁嘉思,男,42,40-45,有未成年孩子,上班族,office_worker,高级软件工程师,,,
P07605,罗琪安,女,34,30-34,无需要照顾的孩子,体力劳动者,manual_worker,建筑工人,,,
P07606,张杰嘉,男,41,40-45,有未成年孩子,服务业者,service_worker,健身教练,,,
P07607,张乐星,男,45,40-45,有未成年孩子,上班族,office_worker,高级产品经理,,,
P07608,赵晨远,女,22,18-24,无需要照顾的孩子,大学生,university_student,本科生,,,
P07609,杨若彤,女,42,40-45,有未成年孩子,服务业者,service_worker,酒店前台,,,
P07610,李言睿,男,37,35-39,有未成年孩子,自由业者,freelancer,自由设计师,,,
P07611,张可桐,女,40,40-45,有未成年孩子,自由业者,freelancer,翻译,,,
P07612,李一瑶,女,35,35-39,无需要照顾的孩子,自由业者,freelancer,自媒体从业者,,,
P07613,李心宇,男,44,40-45,有未成年孩子,服务业者,service_worker,酒店服务人员,,,
P07614,徐嘉俊,男,18,18-24,无需要照顾的孩子,上班族,office_worker,高级运营专员,,,
P07615,刘静,女,23,18-24,无需要照顾的孩子,自由业者,freelancer,自由设计师,,,
P07616,胡晴诺,女,36,35-39,有未成年孩子,上班族,office_worker,采购经理,,,
P07617,陈晴佳,女,36,35-39,有未成年孩子,上班族,office_worker,销售经理,,,
P07618,张诗,女,40,40-45,无需要照顾的孩子,自由业者,freelancer,自由设计师,,,
P07619,梁泽知,男,40,40-45,有成年孩子,上班族,office_worker,HR经理,,,
P07620,宋诗婷,女,21,18-24,无需要照顾的孩子,体力劳动者,manual_worker,汽车技师,,,
P07621,谢羽嫣,女,40,40-45,有未成年孩子,服务业者,service_worker,理发师,,,
P07622,周怡可,女,33,30-34,无需要照顾的孩子,上班族,office_worker,销售代表,,,
P07623,陈远,女,41,40-45,有未成年孩子,上班族,office_worker,销售经理,,,
P07624,孙婷彤,女,40,40-45,有未成年孩子,上班族,office_worker,软件工程师,,,
P07625,陈嫣诺,女,41,40-45,有未成年孩子,上班族,office_worker,高级软件工程师,,,
P07626,张语佳,女,45,40-45,有未成年孩子,上班族,office_worker,高级运营专员,,,
P07627,刘辰,女,29,25-29,无需要照顾的孩子,上班族,office_worker,销售代表,,,
P07628,张静怡,女,24,18-24,无需要照顾的孩子,大学生,university_student,硕士研究生,,,
P07629,刘婷可,女,42,40-45,无需要照顾的孩子,自由业者,freelancer,独立承包商,,,
P07630,刘涵,女,31,30-34,无需要照顾的孩子,上班族,office_worker,高级软件工程师,,,
P07631,陈嘉欣,女,43,40-45,有未成年孩子,体力劳动者,manual_worker,焊工,,,
P07632,王心晴,女,33,30-34,有未成年孩子,上班族,office_worker,行政专员,,,
P07633,张哲轩,男,28,25-29,有未成年孩子,自由业者,freelancer,私教,,,
P07634,吴轩远,男,23,18-24,无需要照顾的孩子,大学生,university_student,硕士研究生,,,
P07635,冯涵源,男,32,30-34,无需要照顾的孩子,服务业者,service_worker,保安,,,
P07636,王远然,男,37,35-39,无需要照顾的孩子,服务业者,service_worker,健身教练,,,
P07637,张乐安,女,39,35-39,有未成年孩子,上班族,office_worker,HR经理,,,
P07638,王文思,男,42,40-45,有未成年孩子,自由业者,freelancer,自由销售,,,
P07639,徐婷子,女,25,25-29,无需要照顾的孩子,上班族,office_worker,会计,,,
P07640,邓安诺,女,36,35-39,有未成年孩子,上班族,office_worker,高级产品经理,,,
P07641,杨宁,女,18,18-24,有未成年孩子,服务业者,service_worker,健身教练,,,
P07642,于语涵,女,19,18-24,有未成年孩子,大学生,university_student,本科生,,,
P07643,陈欣,女,31,30-34,有未成年孩子,服务业者,service_worker,酒店前台,,,
P07644,刘然文,男,38,35-39,有未成年孩子,服务业者,service_worker,收银员,,,
P07645,朱诺宁,女,33,30-34,无需要照顾的孩子,服务业者,service_worker,客服,,,
P07646,徐可言,女,41,40-45,有未成年孩子,上班族,office_worker,销售代表,,,
P07647,张婷佳,女,30,30-34,有未成年孩子,上班族,office_worker,采购经理,,,
P07648,宋言安,女,27,25-29,无需要照顾的孩子,服务业者,service_worker,收银员,,,
P07649,朱可静,女,30,30-34,有未成年孩子,上班族,office_worker,会计,,,
P07650,袁雅,女,41,40-45,有成年孩子,服务业者,service_worker,健身教练,,,
P07651,张桐,女,24,18-24,无需要照顾的孩子,大学生,university_student,硕士研究生,,,
P07652,周泽远,男,24,18-24,无需要照顾的孩子,大学生,university_student,硕士研究生,,,
P07653,王知诗,女,28,25-29,无需要照顾的孩子,服务业者,service_worker,咖啡师,,,
P07654,冯知静,女,30,30-34,无需要照顾的孩子,上班族,office_worker,数据分析师,,,
P07655,李雅涵,女,22,18-24,无需要照顾的孩子,上班族,office_worker,软件工程师,,,
P07656,孙源欣,女,18,18-24,无需要照顾的孩子,大学生,university_student,本科生,,,
P07657,杨婉曦,女,41,40-45,无需要照顾的孩子,上班族,office_worker,软件工程师,,,
P07658,赵晨,女,41,40-45,有未成年孩子,上班族,office_worker,区域经理,,,
P07659,程静,女,36,35-39,无需要照顾的孩子,服务业者,service_worker,酒店前台,,,
P07660,杨涵瑶,女,30,30-34,有未成年孩子,自由业者,freelancer,摄影师,,,
P07661,王诚景,男,18,18-24,无需要照顾的孩子,服务业者,service_worker,客服,,,
P07662,吴轩明,男,42,40-45,有未成年孩子,上班族,office_worker,行政专员,,,
P07663,杨佳言,女,24,18-24,无需要照顾的孩子,大学生,university_student,硕士研究生,,,
P07664,吴晨,女,34,30-34,无需要照顾的孩子,服务业者,service_worker,收银员,,,
P07665,王泽子,男,20,18-24,无需要照顾的孩子,服务业者,service_worker,保安,,,
P07666,张婷,女,27,25-29,无需要照顾的孩子,上班族,office_worker,项目经理,,,
P07667,黄一,男,36,35-39,有未成年孩子,体力劳动者,manual_worker,快递员,,,
P07668,王静彤,女,40,40-45,有未成年孩子,体力劳动者,manual_worker,仓库操作员,,,
P07669,李心雅,女,24,18-24,无需要照顾的孩子,大学生,university_student,本科生,,,
P07670,孙思佳,女,31,30-34,无需要照顾的孩子,上班族,office_worker,高级运营专员,,,
P07671,李思涵,男,45,40-45,有未成年孩子,体力劳动者,manual_worker,焊工,,,
P07672,陈曦,女,37,35-39,无需要照顾的孩子,上班族,office_worker,高级软件工程师,,,
P07673,马可言,女,32,30-34,有未成年孩子,服务业者,service_worker,理发师,,,
P07674,孙星,女,43,40-45,有未成年孩子,自由业者,freelancer,自由销售,,,
P07675,张怡一,女,26,25-29,无需要照顾的孩子,上班族,office_worker,客户专员,,,
P07676,陈晨安,女,36,35-39,无需要照顾的孩子,体力劳动者,manual_worker,维修技师,,,
P07677,陈梦宁,女,32,30-34,无需要照顾的孩子,服务业者,service_worker,美容师,,,
P07678,赵文晨,男,40,40-45,无需要照顾的孩子,服务业者,service_worker,理发师,,,
P07679,梁然佑,男,38,35-39,有未成年孩子,上班族,office_worker,高级数据分析师,,,
P07680,冯安清,女,36,35-39,有未成年孩子,体力劳动者,manual_worker,配送员,,,
P07681,李然源,男,40,40-45,无需要照顾的孩子,自由业者,freelancer,网店经营者,,,
P07682,张嫣婷,女,22,18-24,无需要照顾的孩子,上班族,office_worker,软件工程师,,,
P07683,王梦宁,女,24,18-24,有未成年孩子,服务业者,service_worker,收银员,,,
P07684,徐源,男,30,30-34,无需要照顾的孩子,自由业者,freelancer,私教,,,
P07685,高嫣思,女,18,18-24,无需要照顾的孩子,服务业者,service_worker,酒店服务人员,,,
P07686,林安思,女,35,35-39,有未成年孩子,上班族,office_worker,财务专员,,,
P07687,王嫣诺,女,34,30-34,无需要照顾的孩子,上班族,office_worker,客户经理,,,
P07688,徐雅源,女,22,18-24,无需要照顾的孩子,服务业者,service_worker,健身教练,,,
P07689,梁婷安,女,40,40-45,有未成年孩子,服务业者,service_worker,收银员,,,
P07690,于语宁,女,22,18-24,无需要照顾的孩子,大学生,university_student,本科生,,,
P07691,李楷宇,男,33,30-34,无需要照顾的孩子,体力劳动者,manual_worker,仓库操作员,,,
P07692,高诗涵,女,42,40-45,有未成年孩子,上班族,office_worker,高级产品经理,,,
P07693,王晨可,女,21,18-24,无需要照顾的孩子,服务业者,service_worker,咖啡师,,,
P07694,黄雨辰,女,30,30-34,无需要照顾的孩子,上班族,office_worker,软件工程师,,,
P07695,李雅可,女,25,25-29,无需要照顾的孩子,上班族,office_worker,财务专员,,,
P07696,王涵,女,36,35-39,有未成年孩子,服务业者,service_worker,酒店服务人员,,,
P07697,周静,女,45,40-45,无需要照顾的孩子,服务业者,service_worker,保安,,,
P07698,王嘉诺,男,24,18-24,无需要照顾的孩子,体力劳动者,manual_worker,建筑工人,,,
P07699,梁宁静,女,34,30-34,有未成年孩子,自由业者,freelancer,自媒体从业者,,,
P07700,曹欣,女,31,30-34,有未成年孩子,上班族,office_worker,高级数据分析师,,,
P07701,王明,男,31,30-34,有未成年孩子,上班族,office_worker,高级数据分析师,,,
P07702,张星志,男,45,40-45,有成年孩子,上班族,office_worker,销售经理,,,
P07703,陈佳,女,45,40-45,有未成年孩子,服务业者,service_worker,保安,,,
P07704,陈知远,男,29,25-29,无需要照顾的孩子,上班族,office_worker,运营专员,,,
P07705,李晴桐,女,40,40-45,无需要照顾的孩子,上班族,office_worker,项目经理,,,
P07706,胡诺明,男,33,30-34,有未成年孩子,自由业者,freelancer,私教,,,
P07707,吴景嘉,男,33,30-34,无需要照顾的孩子,上班族,office_worker,人力资源经理,,,
P07708,马婉宁,女,35,35-39,有未成年孩子,自由业者,freelancer,咨询顾问,,,
P07709,曹远,男,24,18-24,无需要照顾的孩子,大学生,university_student,硕士研究生,,,
P07710,李俊景,男,43,40-45,有成年孩子,上班族,office_worker,行政专员,,,
P07711,周嫣思,女,27,25-29,无需要照顾的孩子,上班族,office_worker,采购专员,,,
P07712,赵嘉清,女,35,35-39,无需要照顾的孩子,上班族,office_worker,采购专员,,,
P07713,王婉婷,女,43,40-45,有未成年孩子,上班族,office_worker,HR经理,,,
P07714,刘泽言,男,42,40-45,有未成年孩子,自由业者,freelancer,自由销售,,,
P07715,李楷天,男,39,35-39,有未成年孩子,上班族,office_worker,高级运营专员,,,
P07716,李雅婷,女,26,25-29,有未成年孩子,自由业者,freelancer,咨询顾问,,,
P07717,邓星,男,40,40-45,有未成年孩子,体力劳动者,manual_worker,维修技师,,,
P07718,王佑,男,30,30-34,有未成年孩子,服务业者,service_worker,酒店前台,,,
P07719,周婉远,女,36,35-39,无需要照顾的孩子,上班族,office_worker,高级运营专员,,,
P07720,陈辰可,男,20,18-24,无需要照顾的孩子,上班族,office_worker,客户专员,,,
P07721,杨昊源,男,34,30-34,有未成年孩子,上班族,office_worker,软件工程师,,,
P07722,胡雨,女,44,40-45,有未成年孩子,服务业者,service_worker,健身教练,,,
P07723,高清,女,20,18-24,无需要照顾的孩子,体力劳动者,manual_worker,建筑工人,,,
P07724,孙瑶晨,女,43,40-45,有未成年孩子,体力劳动者,manual_worker,安装工,,,
P07725,徐嫣欣,女,41,40-45,有成年孩子,上班族,office_worker,行政专员,,,
P07726,徐然诺,男,32,30-34,有未成年孩子,上班族,office_worker,高级软件工程师,,,
P07727,林泽思,男,33,30-34,无需要照顾的孩子,上班族,office_worker,数据分析师,,,
P07728,刘婷涵,女,39,35-39,有未成年孩子,上班族,office_worker,项目经理,,,
P07729,王辰婉,女,18,18-24,有未成年孩子,服务业者,service_worker,零售店员,,,
P07730,刘怡桐,女,25,25-29,无需要照顾的孩子,上班族,office_worker,产品经理,,,
P07731,朱可琪,女,37,35-39,有未成年孩子,上班族,office_worker,财务专员,,,
P07732,胡瑶,女,32,30-34,无需要照顾的孩子,上班族,office_worker,高级运营专员,,,
P07733,李怡乐,女,37,35-39,无需要照顾的孩子,服务业者,service_worker,收银员,,,
P07734,袁言,女,32,30-34,有未成年孩子,自由业者,freelancer,私教,,,
P07735,王安晓,女,27,25-29,无需要照顾的孩子,上班族,office_worker,销售代表,,,
P07736,张羽远,男,22,18-24,无需要照顾的孩子,体力劳动者,manual_worker,汽车技师,,,
P07737,王知欣,女,44,40-45,无需要照顾的孩子,自由业者,freelancer,摄影师,,,
P07738,李可雨,女,45,40-45,有成年孩子,上班族,office_worker,高级产品经理,,,
P07739,曹子梦,女,34,30-34,无需要照顾的孩子,服务业者,service_worker,咖啡师,,,
P07740,李琪可,女,41,40-45,有未成年孩子,上班族,office_worker,项目经理,,,
P07741,胡曦诗,女,27,25-29,无需要照顾的孩子,上班族,office_worker,软件工程师,,,
P07742,胡诗语,女,45,40-45,有未成年孩子,上班族,office_worker,高级项目经理,,,
P07743,杨彤,女,21,18-24,无需要照顾的孩子,大学生,university_student,本科生,,,
P07744,张梓,男,18,18-24,无需要照顾的孩子,大学生,university_student,本科生,,,
P07745,黄安思,女,37,35-39,无需要照顾的孩子,服务业者,service_worker,零售店员,,,
P07746,陈晓源,女,18,18-24,无需要照顾的孩子,大学生,university_student,本科生,,,
P07747,吴琪琪,女,25,25-29,无需要照顾的孩子,上班族,office_worker,财务专员,,,
P07748,王心宁,女,32,30-34,有未成年孩子,上班族,office_worker,客户专员,,,
P07749,何安婉,女,39,35-39,无需要照顾的孩子,服务业者,service_worker,咖啡师,,,
P07750,周思,男,31,30-34,有未成年孩子,上班族,office_worker,客户专员,,,
P07751,高宁,女,19,18-24,无需要照顾的孩子,服务业者,service_worker,收银员,,,
P07752,刘欣辰,女,19,18-24,无需要照顾的孩子,体力劳动者,manual_worker,安装工,,,
P07753,徐曦语,女,28,25-29,有未成年孩子,上班族,office_worker,客户专员,,,
P07754,刘清安,女,36,35-39,有未成年孩子,自由业者,freelancer,摄影师,,,
P07755,孙子乐,女,44,40-45,有未成年孩子,服务业者,service_worker,美容师,,,
P07756,王怡,女,29,25-29,无需要照顾的孩子,服务业者,service_worker,美容师,,,
P07757,王思,男,34,30-34,无需要照顾的孩子,上班族,office_worker,会计,,,
P07758,梁瑶,女,36,35-39,无需要照顾的孩子,上班族,office_worker,高级软件工程师,,,
P07759,张言婉,女,27,25-29,无需要照顾的孩子,自由业者,freelancer,私教,,,
P07760,张瑶可,女,26,25-29,无需要照顾的孩子,上班族,office_worker,高级运营专员,,,
P07761,刘言可,女,19,18-24,无需要照顾的孩子,服务业者,service_worker,房产经纪,,,
P07762,唐哲诺,男,43,40-45,有未成年孩子,上班族,office_worker,销售经理,,,
P07763,胡知欣,女,27,25-29,无需要照顾的孩子,大学生,university_student,硕士研究生,,,
P07764,张彤星,女,44,40-45,有未成年孩子,上班族,office_worker,高级数据分析师,,,
P07765,李晓曦,女,37,35-39,无需要照顾的孩子,自由业者,freelancer,自由设计师,,,
P07766,吴言,女,29,25-29,无需要照顾的孩子,上班族,office_worker,设计师,,,
P07767,黄晓晓,女,30,30-34,有未成年孩子,上班族,office_worker,设计师,,,
P07768,高婉雅,女,38,35-39,有未成年孩子,服务业者,service_worker,健身教练,,,
P07769,周然文,男,33,30-34,无需要照顾的孩子,上班族,office_worker,财务专员,,,
P07770,黄安清,女,33,30-34,有未成年孩子,体力劳动者,manual_worker,建筑工人,,,
P07771,李羽,女,26,25-29,无需要照顾的孩子,上班族,office_worker,HR经理,,,
P07772,谢星源,女,42,40-45,有未成年孩子,服务业者,service_worker,餐厅服务员,,,
P07773,张晴佳,女,28,25-29,有未成年孩子,服务业者,service_worker,美容师,,,
P07774,梁豪晨,男,30,30-34,无需要照顾的孩子,上班族,office_worker,项目经理,,,
P07775,王曦涵,女,35,35-39,无需要照顾的孩子,自由业者,freelancer,自由设计师,,,
P07776,冯可,女,41,40-45,有未成年孩子,上班族,office_worker,财务主管,,,
P07777,宋语宁,女,19,18-24,无需要照顾的孩子,大学生,university_student,本科生,,,
P07778,程辰佑,男,35,35-39,有未成年孩子,上班族,office_worker,财务主管,,,
P07779,徐佳,女,40,40-45,无需要照顾的孩子,体力劳动者,manual_worker,维修技师,,,
P07780,李乐楷,男,25,25-29,无需要照顾的孩子,大学生,university_student,硕士研究生,,,
P07781,刘语羽,女,26,25-29,无需要照顾的孩子,上班族,office_worker,销售代表,,,
P07782,郭婉言,女,40,40-45,有成年孩子,体力劳动者,manual_worker,快递员,,,
P07783,唐欣,女,35,35-39,有未成年孩子,体力劳动者,manual_worker,安装工,,,
P07784,胡嘉博,男,29,25-29,无需要照顾的孩子,上班族,office_worker,运营专员,,,
P07785,邓豪明,男,33,30-34,无需要照顾的孩子,自由业者,freelancer,摄影师,,,
P07786,李乐嫣,女,35,35-39,有未成年孩子,服务业者,service_worker,保安,,,
P07787,王怡婉,女,26,25-29,无需要照顾的孩子,上班族,office_worker,销售经理,,,
P07788,张知可,女,23,18-24,无需要照顾的孩子,大学生,university_student,硕士研究生,,,
P07789,陈婉,女,26,25-29,无需要照顾的孩子,上班族,office_worker,采购专员,,,
P07790,马晨安,男,35,35-39,有未成年孩子,上班族,office_worker,高级软件工程师,,,
P07791,吴欣,女,30,30-34,无需要照顾的孩子,上班族,office_worker,销售代表,,,
P07792,陈可源,女,42,40-45,有成年孩子,服务业者,service_worker,理发师,,,
P07793,韩博,男,39,35-39,有未成年孩子,自由业者,freelancer,咨询顾问,,,
P07794,孙婷语,女,30,30-34,无需要照顾的孩子,上班族,office_worker,采购专员,,,
P07795,徐怡桐,女,36,35-39,无需要照顾的孩子,自由业者,freelancer,私教,,,
P07796,王楷言,男,30,30-34,无需要照顾的孩子,上班族,office_worker,会计,,,
P07797,刘宇阳,男,41,40-45,有未成年孩子,服务业者,service_worker,零售店员,,,
P07798,张嘉晓,女,42,40-45,无需要照顾的孩子,上班族,office_worker,会计,,,
P07799,曹俊梓,男,30,30-34,无需要照顾的孩子,服务业者,service_worker,零售店员,,,
P07800,唐曦欣,女,42,40-45,有未成年孩子,服务业者,service_worker,厨师,,,
P07801,赵曦辰,女,18,18-24,无需要照顾的孩子,上班族,office_worker,会计,,,
P07802,林乐,男,27,25-29,无需要照顾的孩子,上班族,office_worker,客户专员,,,
P07803,梁宁诗,女,36,35-39,有未成年孩子,上班族,office_worker,高级软件工程师,,,
P07804,李星,女,25,25-29,无需要照顾的孩子,服务业者,service_worker,零售店员,,,
P07805,张言可,女,34,30-34,无需要照顾的孩子,上班族,office_worker,运营专员,,,
P07806,刘一文,男,38,35-39,无需要照顾的孩子,体力劳动者,manual_worker,电工,,,
P07807,张嘉心,女,38,35-39,有未成年孩子,服务业者,service_worker,保安,,,
P07808,陈知佳,女,25,25-29,无需要照顾的孩子,体力劳动者,manual_worker,汽车技师,,,
P07809,张欣婷,女,36,35-39,无需要照顾的孩子,上班族,office_worker,HR经理,,,
P07810,郑哲博,男,44,40-45,有未成年孩子,上班族,office_worker,采购经理,,,
P07811,黄源诗,女,35,35-39,无需要照顾的孩子,上班族,office_worker,高级运营专员,,,
P07812,杨知涵,男,44,40-45,有成年孩子,上班族,office_worker,运营经理,,,
P07813,陈彤晴,女,18,18-24,无需要照顾的孩子,上班族,office_worker,采购专员,,,
P07814,李婷可,女,29,25-29,有未成年孩子,上班族,office_worker,客户专员,,,
P07815,王景轩,男,32,30-34,有未成年孩子,上班族,office_worker,设计师,,,
P07816,陈安昊,男,33,30-34,无需要照顾的孩子,服务业者,service_worker,餐厅服务员,,,
P07817,王乐,女,28,25-29,无需要照顾的孩子,上班族,office_worker,会计,,,
P07818,周羽辰,女,44,40-45,有未成年孩子,上班族,office_worker,运营专员,,,
P07819,马婉,女,35,35-39,有未成年孩子,上班族,office_worker,采购专员,,,
P07820,马明俊,男,29,25-29,无需要照顾的孩子,服务业者,service_worker,房产经纪,,,
P07821,陈羽清,女,28,25-29,无需要照顾的孩子,服务业者,service_worker,酒店前台,,,
P07822,周晨晨,男,28,25-29,有未成年孩子,上班族,office_worker,高级运营专员,,,
P07823,张晨宇,男,39,35-39,有未成年孩子,服务业者,service_worker,酒店前台,,,
P07824,李怡乐,女,41,40-45,有未成年孩子,上班族,office_worker,数据分析师,,,
P07825,黄桐婷,女,29,25-29,有未成年孩子,服务业者,service_worker,客服,,,
P07826,孙彤可,女,29,25-29,无需要照顾的孩子,服务业者,service_worker,酒店前台,,,
P07827,曹景星,男,29,25-29,无需要照顾的孩子,上班族,office_worker,数据分析师,,,
P07828,马楷乐,男,37,35-39,有未成年孩子,服务业者,service_worker,客服,,,
P07829,郭涵,女,23,18-24,无需要照顾的孩子,服务业者,service_worker,客服,,,
P07830,徐怡,女,39,35-39,无需要照顾的孩子,上班族,office_worker,项目经理,,,
P07831,黄思晨,男,45,40-45,有未成年孩子,自由业者,freelancer,独立程序员,,,
P07832,何彤嫣,女,29,25-29,无需要照顾的孩子,服务业者,service_worker,收银员,,,
P07833,王怡可,女,40,40-45,无需要照顾的孩子,上班族,office_worker,HR经理,,,
P07834,邓晓涵,女,41,40-45,有未成年孩子,服务业者,service_worker,美容师,,,
P07835,张杰,男,36,35-39,有未成年孩子,服务业者,service_worker,房产经纪,,,
P07836,李景,男,39,35-39,有成年孩子,上班族,office_worker,高级运营专员,,,
P07837,李怡,女,33,30-34,无需要照顾的孩子,上班族,office_worker,销售经理,,,
P07838,王嘉雨,女,30,30-34,有未成年孩子,体力劳动者,manual_worker,设备操作员,,,
P07839,张楷文,男,35,35-39,无需要照顾的孩子,服务业者,service_worker,保安,,,
P07840,杨嫣晴,女,42,40-45,有未成年孩子,服务业者,service_worker,房产经纪,,,
P07841,胡思,女,38,35-39,无需要照顾的孩子,上班族,office_worker,高级软件工程师,,,
P07842,宋嘉安,男,27,25-29,有未成年孩子,大学生,university_student,博士研究生,,,
P07843,许诗欣,女,28,25-29,无需要照顾的孩子,服务业者,service_worker,厨师,,,
P07844,杨源瑶,女,38,35-39,无需要照顾的孩子,上班族,office_worker,HR经理,,,
P07845,徐曦,女,41,40-45,有成年孩子,服务业者,service_worker,客服,,,
P07846,陈浩,男,42,40-45,有未成年孩子,上班族,office_worker,采购经理,,,
P07847,王彤,女,26,25-29,无需要照顾的孩子,上班族,office_worker,销售代表,,,
P07848,陈轩睿,男,41,40-45,有未成年孩子,服务业者,service_worker,咖啡师,,,
P07849,陈阳豪,男,24,18-24,无需要照顾的孩子,服务业者,service_worker,保安,,,
P07850,高琪静,女,28,25-29,无需要照顾的孩子,上班族,office_worker,高级软件工程师,,,
P07851,高佳,女,44,40-45,有未成年孩子,体力劳动者,manual_worker,维修技师,,,
P07852,杨辰可,男,43,40-45,无需要照顾的孩子,自由业者,freelancer,摄影师,,,
P07853,周宁言,男,34,30-34,有未成年孩子,体力劳动者,manual_worker,维修技师,,,
P07854,李佳羽,女,42,40-45,有未成年孩子,上班族,office_worker,客户专员,,,
P07855,许言婷,女,31,30-34,无需要照顾的孩子,上班族,office_worker,部门经理,,,
P07856,陈晨思,女,37,35-39,无需要照顾的孩子,服务业者,service_worker,客服,,,
P07857,黄豪楷,男,34,30-34,无需要照顾的孩子,服务业者,service_worker,保安,,,
P07858,李宁豪,男,24,18-24,无需要照顾的孩子,大学生,university_student,硕士研究生,,,
P07859,韩涵,女,34,30-34,有未成年孩子,体力劳动者,manual_worker,焊工,,,
P07860,宋语晨,女,32,30-34,无需要照顾的孩子,上班族,office_worker,采购经理,,,
P07861,杨远宁,女,39,35-39,无需要照顾的孩子,服务业者,service_worker,保安,,,
P07862,李诚,男,29,25-29,无需要照顾的孩子,上班族,office_worker,销售代表,,,
P07863,吴怡源,女,26,25-29,无需要照顾的孩子,服务业者,service_worker,零售店员,,,
P07864,朱晨源,女,35,35-39,有未成年孩子,上班族,office_worker,行政专员,,,
P07865,孙诺乐,女,24,18-24,无需要照顾的孩子,大学生,university_student,硕士研究生,,,
P07866,冯宁楷,男,22,18-24,无需要照顾的孩子,上班族,office_worker,数据分析师,,,
P07867,张嘉羽,男,44,40-45,有未成年孩子,服务业者,service_worker,收银员,,,
P07868,梁子,女,19,18-24,无需要照顾的孩子,自由业者,freelancer,网店经营者,,,
P07869,孙雅,女,45,40-45,有未成年孩子,上班族,office_worker,高级软件工程师,,,
P07870,冯知佳,女,33,30-34,无需要照顾的孩子,上班族,office_worker,高级软件工程师,,,
P07871,曹涵怡,女,36,35-39,无需要照顾的孩子,上班族,office_worker,财务专员,,,
P07872,罗安宁,女,37,35-39,有未成年孩子,服务业者,service_worker,理发师,,,
P07873,张心宁,女,29,25-29,有未成年孩子,体力劳动者,manual_worker,搬运工,,,
P07874,陈涵心,女,37,35-39,无需要照顾的孩子,体力劳动者,manual_worker,仓库操作员,,,
P07875,黄怡知,女,44,40-45,有未成年孩子,体力劳动者,manual_worker,电工,,,
P07876,张梦言,女,44,40-45,有未成年孩子,服务业者,service_worker,房产经纪,,,
P07877,张宁彤,女,37,35-39,有未成年孩子,上班族,office_worker,销售代表,,,
P07878,董文,男,37,35-39,无需要照顾的孩子,上班族,office_worker,客户经理,,,
P07879,陈安星,男,36,35-39,有未成年孩子,服务业者,service_worker,酒店服务人员,,,
P07880,赵可乐,女,38,35-39,有未成年孩子,服务业者,service_worker,零售店员,,,
P07881,吴宁涵,女,45,40-45,无需要照顾的孩子,体力劳动者,manual_worker,焊工,,,
P07882,陈梓诺,男,29,25-29,无需要照顾的孩子,上班族,office_worker,高级数据分析师,,,
P07883,王可星,女,38,35-39,有未成年孩子,服务业者,service_worker,零售店员,,,
P07884,韩星远,男,41,40-45,有未成年孩子,自由业者,freelancer,自由设计师,,,
P07885,李星思,女,24,18-24,无需要照顾的孩子,服务业者,service_worker,美容师,,,
P07886,胡彤雅,女,24,18-24,无需要照顾的孩子,服务业者,service_worker,酒店服务人员,,,
P07887,李知可,女,32,30-34,有未成年孩子,大学生,university_student,博士研究生,,,
P07888,李佳婷,女,25,25-29,无需要照顾的孩子,上班族,office_worker,项目经理,,,
P07889,张瑶欣,女,31,30-34,无需要照顾的孩子,自由业者,freelancer,私教,,,
P07890,张可,女,45,40-45,有未成年孩子,上班族,office_worker,高级运营专员,,,
P07891,李思可,男,19,18-24,无需要照顾的孩子,服务业者,service_worker,餐厅服务员,,,
P07892,王诗乐,女,19,18-24,无需要照顾的孩子,大学生,university_student,本科生,,,
P07893,朱清知,女,30,30-34,无需要照顾的孩子,体力劳动者,manual_worker,快递员,,,
P07894,冯然哲,男,44,40-45,有未成年孩子,上班族,office_worker,行政专员,,,
P07895,周嘉婉,女,33,30-34,无需要照顾的孩子,上班族,office_worker,行政专员,,,
P07896,孙明昊,男,25,25-29,无需要照顾的孩子,上班族,office_worker,项目经理,,,
P07897,郭佑源,男,35,35-39,有成年孩子,体力劳动者,manual_worker,仓库操作员,,,
P07898,张思哲,男,19,18-24,无需要照顾的孩子,服务业者,service_worker,厨师,,,
P07899,赵桐诗,女,41,40-45,无需要照顾的孩子,自由业者,freelancer,网店经营者,,,
P07900,林婉辰,女,19,18-24,无需要照顾的孩子,服务业者,service_worker,健身教练,,,
P07901,马子,女,23,18-24,无需要照顾的孩子,服务业者,service_worker,餐厅服务员,,,
P07902,刘诚文,男,32,30-34,无需要照顾的孩子,上班族,office_worker,HR经理,,,
P07903,郑星,女,31,30-34,无需要照顾的孩子,上班族,office_worker,软件工程师,,,
P07904,黄晨婉,女,25,25-29,有未成年孩子,上班族,office_worker,运营专员,,,
P07905,徐雅,女,31,30-34,有未成年孩子,上班族,office_worker,销售代表,,,
P07906,朱俊,男,20,18-24,无需要照顾的孩子,服务业者,service_worker,厨师,,,
P07907,李涵佳,女,18,18-24,无需要照顾的孩子,大学生,university_student,本科生,,,
P07908,徐豪星,男,31,30-34,无需要照顾的孩子,上班族,office_worker,高级软件工程师,,,
P07909,王星婷,女,19,18-24,无需要照顾的孩子,大学生,university_student,本科生,,,
P07910,陈晴远,女,27,25-29,无需要照顾的孩子,上班族,office_worker,客户专员,,,
P07911,赵豪哲,男,19,18-24,无需要照顾的孩子,大学生,university_student,本科生,,,
P07912,李佳,女,23,18-24,无需要照顾的孩子,上班族,office_worker,财务专员,,,
P07913,刘子桐,女,29,25-29,有未成年孩子,上班族,office_worker,行政专员,,,
P07914,吴宁宇,男,30,30-34,有未成年孩子,服务业者,service_worker,厨师,,,
P07915,张星怡,女,32,30-34,有未成年孩子,上班族,office_worker,财务专员,,,
P07916,邓子宁,男,25,25-29,有未成年孩子,上班族,office_worker,客户专员,,,
P07917,杨佳诗,女,27,25-29,无需要照顾的孩子,体力劳动者,manual_worker,焊工,,,
P07918,杨涵梦,女,22,18-24,无需要照顾的孩子,自由业者,freelancer,咨询顾问,,,
P07919,张一婷,女,28,25-29,有未成年孩子,上班族,office_worker,高级运营专员,,,
P07920,林源文,男,40,40-45,有未成年孩子,上班族,office_worker,HR经理,,,
P07921,周佳,女,37,35-39,无需要照顾的孩子,上班族,office_worker,HR经理,,,
P07922,李梦梦,女,44,40-45,有未成年孩子,上班族,office_worker,客户经理,,,
P07923,郭梦,女,32,30-34,有未成年孩子,服务业者,service_worker,收银员,,,
P07924,林羽,女,34,30-34,无需要照顾的孩子,体力劳动者,manual_worker,维修技师,,,
P07925,林欣思,女,45,40-45,有未成年孩子,上班族,office_worker,区域经理,,,
P07926,王文哲,男,40,40-45,有未成年孩子,服务业者,service_worker,零售店员,,,
P07927,孙子泽,男,37,35-39,无需要照顾的孩子,上班族,office_worker,高级运营专员,,,
P07928,罗晴清,女,27,25-29,无需要照顾的孩子,上班族,office_worker,运营专员,,,
P07929,韩言轩,男,29,25-29,无需要照顾的孩子,服务业者,service_worker,保安,,,
P07930,张雨诺,女,40,40-45,有未成年孩子,服务业者,service_worker,客服,,,
P07931,陈乐涵,女,36,35-39,有未成年孩子,体力劳动者,manual_worker,焊工,,,
P07932,杨清涵,女,36,35-39,无需要照顾的孩子,上班族,office_worker,高级软件工程师,,,
P07933,李瑶瑶,女,34,30-34,有未成年孩子,上班族,office_worker,项目经理,,,
P07934,冯阳阳,男,33,30-34,有未成年孩子,上班族,office_worker,财务主管,,,
P07935,吴可佳,女,26,25-29,无需要照顾的孩子,上班族,office_worker,HR经理,,,
P07936,黄静嫣,女,36,35-39,有未成年孩子,上班族,office_worker,会计,,,
P07937,韩晨泽,男,31,30-34,有未成年孩子,体力劳动者,manual_worker,配送员,,,
P07938,刘嘉佑,男,28,25-29,有未成年孩子,上班族,office_worker,软件工程师,,,
P07939,高思,女,27,25-29,无需要照顾的孩子,上班族,office_worker,销售代表,,,
P07940,陈欣婷,女,41,40-45,有未成年孩子,服务业者,service_worker,理发师,,,
P07941,王婉佳,女,30,30-34,有未成年孩子,服务业者,service_worker,酒店服务人员,,,
P07942,赵源曦,女,40,40-45,有成年孩子,自由业者,freelancer,翻译,,,
P07943,王语婷,女,35,35-39,无需要照顾的孩子,自由业者,freelancer,私教,,,
P07944,张心佳,女,40,40-45,有未成年孩子,自由业者,freelancer,独立程序员,,,
P07945,李子阳,男,43,40-45,有未成年孩子,服务业者,service_worker,客服,,,
P07946,张宁心,女,28,25-29,有未成年孩子,服务业者,service_worker,餐厅服务员,,,
P07947,周怡瑶,女,33,30-34,无需要照顾的孩子,服务业者,service_worker,酒店前台,,,
P07948,宋泽豪,男,45,40-45,无需要照顾的孩子,上班族,office_worker,财务主管,,,
P07949,黄乐诺,女,45,40-45,无需要照顾的孩子,体力劳动者,manual_worker,快递员,,,
P07950,孙子彤,女,35,35-39,有未成年孩子,上班族,office_worker,软件工程师,,,
P07951,刘诗知,女,41,40-45,有成年孩子,体力劳动者,manual_worker,仓库操作员,,,
P07952,刘瑶婉,女,36,35-39,有未成年孩子,上班族,office_worker,高级运营专员,,,
P07953,宋晨志,男,22,18-24,无需要照顾的孩子,上班族,office_worker,财务专员,,,
P07954,黄知思,女,32,30-34,有未成年孩子,自由业者,freelancer,翻译,,,
P07955,徐子,男,36,35-39,有未成年孩子,上班族,office_worker,HR经理,,,
P07956,陈宁晓,女,42,40-45,有未成年孩子,体力劳动者,manual_worker,安装工,,,
P07957,宋曦,女,23,18-24,无需要照顾的孩子,上班族,office_worker,采购专员,,,
P07958,陈言彤,女,18,18-24,无需要照顾的孩子,大学生,university_student,硕士研究生,,,
P07959,唐涵诺,男,31,30-34,有未成年孩子,服务业者,service_worker,保安,,,
P07960,谢怡安,女,18,18-24,无需要照顾的孩子,自由业者,freelancer,自媒体从业者,,,
P07961,张欣怡,女,25,25-29,有未成年孩子,自由业者,freelancer,翻译,,,
P07962,赵诺静,女,34,30-34,有未成年孩子,上班族,office_worker,高级运营专员,,,
P07963,李瑶诗,女,39,35-39,有未成年孩子,上班族,office_worker,采购经理,,,
P07964,胡一子,男,43,40-45,有未成年孩子,上班族,office_worker,设计师,,,
P07965,周然景,男,28,25-29,有未成年孩子,上班族,office_worker,高级运营专员,,,
P07966,周瑶,女,40,40-45,无需要照顾的孩子,自由业者,freelancer,自由销售,,,
P07967,梁梦曦,女,25,25-29,有未成年孩子,上班族,office_worker,软件工程师,,,
P07968,周可言,女,28,25-29,有未成年孩子,自由业者,freelancer,私教,,,
P07969,黄婷星,女,39,35-39,无需要照顾的孩子,体力劳动者,manual_worker,汽车技师,,,
P07970,郑晴诗,女,30,30-34,无需要照顾的孩子,体力劳动者,manual_worker,维修技师,,,
P07971,赵星涵,女,30,30-34,有未成年孩子,自由业者,freelancer,独立承包商,,,
P07972,高星明,男,20,18-24,无需要照顾的孩子,服务业者,service_worker,零售店员,,,
P07973,李婷,女,35,35-39,有未成年孩子,服务业者,service_worker,零售店员,,,
P07974,黄琪涵,女,33,30-34,无需要照顾的孩子,上班族,office_worker,运营专员,,,
P07975,高昊晨,男,32,30-34,无需要照顾的孩子,上班族,office_worker,客户经理,,,
P07976,张晓静,女,30,30-34,有未成年孩子,上班族,office_worker,客户经理,,,
P07977,周宁羽,女,43,40-45,有未成年孩子,服务业者,service_worker,酒店服务人员,,,
P07978,赵宁梦,女,22,18-24,无需要照顾的孩子,体力劳动者,manual_worker,卡车司机,,,
P07979,赵豪俊,男,35,35-39,无需要照顾的孩子,上班族,office_worker,财务经理,,,
P07980,宋心雅,女,28,25-29,有未成年孩子,上班族,office_worker,项目经理,,,
P07981,邓嫣语,女,31,30-34,有未成年孩子,服务业者,service_worker,保安,,,
P07982,徐桐诺,女,31,30-34,无需要照顾的孩子,上班族,office_worker,设计师,,,
P07983,张诗子,女,43,40-45,有未成年孩子,上班族,office_worker,产品经理,,,
P07984,杨婷婷,女,31,30-34,有未成年孩子,自由业者,freelancer,私教,,,
P07985,罗可明,男,37,35-39,无需要照顾的孩子,上班族,office_worker,区域经理,,,
P07986,张清,男,44,40-45,无需要照顾的孩子,服务业者,service_worker,客服,,,
P07987,徐羽文,男,39,35-39,有未成年孩子,上班族,office_worker,高级软件工程师,,,
P07988,罗可,女,44,40-45,有未成年孩子,上班族,office_worker,行政专员,,,
P07989,李知涵,女,40,40-45,无需要照顾的孩子,体力劳动者,manual_worker,配送员,,,
P07990,杨静羽,女,42,40-45,无需要照顾的孩子,上班族,office_worker,高级软件工程师,,,
P07991,徐星一,女,24,18-24,无需要照顾的孩子,服务业者,service_worker,酒店服务人员,,,
P07992,曹诺思,女,42,40-45,有未成年孩子,体力劳动者,manual_worker,设备操作员,,,
P07993,李文楷,男,28,25-29,无需要照顾的孩子,服务业者,service_worker,咖啡师,,,
P07994,王乐豪,男,35,35-39,有未成年孩子,上班族,office_worker,高级软件工程师,,,
P07995,王佳静,女,43,40-45,有未成年孩子,上班族,office_worker,产品经理,,,
P07996,周阳可,男,19,18-24,无需要照顾的孩子,上班族,office_worker,采购专员,,,
P07997,周琪彤,女,21,18-24,无需要照顾的孩子,大学生,university_student,本科生,,,
P07998,李宁远,女,36,35-39,有未成年孩子,上班族,office_worker,HR经理,,,
P07999,张言源,女,35,35-39,有未成年孩子,自由业者,freelancer,独立承包商,,,
P08000,徐欣可,女,27,25-29,无需要照顾的孩子,体力劳动者,manual_worker,配送员,,,
P08001,张辰宁,女,27,25-29,无需要照顾的孩子,上班族,office_worker,项目经理,,,
P08002,陈远桐,女,26,25-29,无需要照顾的孩子,上班族,office_worker,数据分析师,,,
P08003,陈可星,女,32,30-34,有未成年孩子,上班族,office_worker,财务专员,,,
P08004,王静彤,女,40,40-45,有未成年孩子,服务业者,service_worker,酒店前台,,,
P08005,谢彤雅,女,36,35-39,无需要照顾的孩子,上班族,office_worker,高级软件工程师,,,
P08006,刘嘉,男,43,40-45,有未成年孩子,上班族,office_worker,客户经理,,,
P08007,陈心嘉,女,35,35-39,有未成年孩子,上班族,office_worker,产品经理,,,
P08008,刘晨彤,女,42,40-45,有未成年孩子,服务业者,service_worker,酒店前台,,,
P08009,徐杰杰,男,19,18-24,无需要照顾的孩子,大学生,university_student,本科生,,,
P08010,马安,女,30,30-34,无需要照顾的孩子,上班族,office_worker,会计,,,
P08011,黄安楷,男,21,18-24,无需要照顾的孩子,服务业者,service_worker,美容师,,,
P08012,韩涵诺,女,40,40-45,有未成年孩子,服务业者,service_worker,健身教练,,,
P08013,刘俊宇,男,30,30-34,有未成年孩子,上班族,office_worker,高级数据分析师,,,
P08014,刘星宁,女,26,25-29,无需要照顾的孩子,上班族,office_worker,软件工程师,,,
P08015,马宁欣,女,38,35-39,无需要照顾的孩子,服务业者,service_worker,厨师,,,
P08016,周曦佳,女,45,40-45,有未成年孩子,服务业者,service_worker,零售店员,,,
P08017,孙晴佳,女,45,40-45,无需要照顾的孩子,上班族,office_worker,部门经理,,,
P08018,王宁婉,女,20,18-24,无需要照顾的孩子,大学生,university_student,本科生,,,
P08019,周思思,女,35,35-39,无需要照顾的孩子,服务业者,service_worker,健身教练,,,
P08020,宋轩诚,男,25,25-29,无需要照顾的孩子,上班族,office_worker,高级运营专员,,,
P08021,张语可,女,26,25-29,无需要照顾的孩子,上班族,office_worker,设计师,,,
P08022,郭怡,女,37,35-39,无需要照顾的孩子,上班族,office_worker,业务负责人,,,
P08023,杨怡语,女,42,40-45,无需要照顾的孩子,服务业者,service_worker,酒店服务人员,,,
P08024,张怡,女,44,40-45,有成年孩子,服务业者,service_worker,酒店服务人员,,,
P08025,胡子,女,32,30-34,无需要照顾的孩子,上班族,office_worker,设计师,,,
P08026,李源子,女,25,25-29,无需要照顾的孩子,体力劳动者,manual_worker,卡车司机,,,
P08027,吴文,男,36,35-39,无需要照顾的孩子,上班族,office_worker,设计师,,,
P08028,吴昊然,男,21,18-24,无需要照顾的孩子,上班族,office_worker,软件工程师,,,
P08029,李言宁,女,33,30-34,无需要照顾的孩子,自由业者,freelancer,自由设计师,,,
P08030,张诗子,女,31,30-34,无需要照顾的孩子,服务业者,service_worker,酒店前台,,,
P08031,于怡怡,女,26,25-29,有未成年孩子,体力劳动者,manual_worker,汽车技师,,,
P08032,周若晴,女,40,40-45,有未成年孩子,上班族,office_worker,高级产品经理,,,
P08033,周羽天,男,44,40-45,有未成年孩子,体力劳动者,manual_worker,快递员,,,
P08034,吴可源,女,27,25-29,无需要照顾的孩子,服务业者,service_worker,收银员,,,
P08035,韩豪,男,30,30-34,有未成年孩子,上班族,office_worker,高级数据分析师,,,
P08036,胡辰,女,34,30-34,有未成年孩子,服务业者,service_worker,房产经纪,,,
P08037,张辰嘉,男,27,25-29,无需要照顾的孩子,体力劳动者,manual_worker,配送员,,,
P08038,王思安,女,23,18-24,无需要照顾的孩子,服务业者,service_worker,房产经纪,,,
P08039,冯远语,女,37,35-39,有未成年孩子,上班族,office_worker,会计,,,
P08040,黄豪昊,男,29,25-29,无需要照顾的孩子,服务业者,service_worker,客服,,,
P08041,刘安欣,女,34,30-34,无需要照顾的孩子,体力劳动者,manual_worker,电工,,,
P08042,赵晓,女,40,40-45,有未成年孩子,体力劳动者,manual_worker,配送员,,,
P08043,朱然哲,男,37,35-39,有未成年孩子,上班族,office_worker,运营专员,,,
P08044,周梓豪,男,40,40-45,有未成年孩子,上班族,office_worker,项目经理,,,
P08045,赵晴乐,女,26,25-29,有未成年孩子,上班族,office_worker,客户经理,,,
P08046,刘可,女,23,18-24,无需要照顾的孩子,体力劳动者,manual_worker,建筑工人,,,
P08047,宋远知,男,27,25-29,无需要照顾的孩子,体力劳动者,manual_worker,卡车司机,,,
P08048,马涵梦,女,24,18-24,无需要照顾的孩子,自由业者,freelancer,网店经营者,,,
P08049,高彤晓,女,23,18-24,无需要照顾的孩子,服务业者,service_worker,客服,,,
P08050,郭羽静,女,25,25-29,无需要照顾的孩子,上班族,office_worker,采购专员,,,
P08051,郑言,女,43,40-45,无需要照顾的孩子,服务业者,service_worker,客服,,,
P08052,郑诺,男,38,35-39,有未成年孩子,服务业者,service_worker,美容师,,,
P08053,张语,女,40,40-45,有未成年孩子,服务业者,service_worker,酒店服务人员,,,
P08054,胡彤雨,女,30,30-34,有未成年孩子,大学生,university_student,硕士研究生,,,
P08055,王思诺,女,19,18-24,无需要照顾的孩子,服务业者,service_worker,房产经纪,,,
P08056,罗婷婷,女,27,25-29,有未成年孩子,服务业者,service_worker,厨师,,,
P08057,王嘉宁,男,37,35-39,有未成年孩子,体力劳动者,manual_worker,快递员,,,
P08058,冯心晓,女,39,35-39,有未成年孩子,上班族,office_worker,销售经理,,,
P08059,徐源欣,女,22,18-24,无需要照顾的孩子,大学生,university_student,本科生,,,
P08060,谢清雅,女,30,30-34,无需要照顾的孩子,服务业者,service_worker,房产经纪,,,
P08061,吴曦涵,女,31,30-34,无需要照顾的孩子,服务业者,service_worker,房产经纪,,,
P08062,林怡源,女,37,35-39,无需要照顾的孩子,服务业者,service_worker,美容师,,,
P08063,张欣梦,女,23,18-24,无需要照顾的孩子,大学生,university_student,硕士研究生,,,
P08064,孙轩,男,36,35-39,有未成年孩子,服务业者,service_worker,房产经纪,,,
P08065,徐浩晨,男,31,30-34,有未成年孩子,上班族,office_worker,销售代表,,,
P08066,高文天,男,45,40-45,无需要照顾的孩子,上班族,office_worker,软件工程师,,,
P08067,周星宁,女,35,35-39,有未成年孩子,上班族,office_worker,高级数据分析师,,,
P08068,黄婷思,女,23,18-24,无需要照顾的孩子,大学生,university_student,本科生,,,
P08069,张嘉辰,男,39,35-39,有未成年孩子,上班族,office_worker,运营经理,,,
P08070,胡思,女,21,18-24,有未成年孩子,大学生,university_student,本科生,,,
P08071,赵杰可,男,26,25-29,无需要照顾的孩子,自由业者,freelancer,私教,,,
P08072,李思晨,女,44,40-45,有未成年孩子,服务业者,service_worker,客服,,,
P08073,胡思,女,44,40-45,有成年孩子,体力劳动者,manual_worker,卡车司机,,,
P08074,杨涵文,男,38,35-39,有未成年孩子,上班族,office_worker,采购专员,,,
P08075,朱然一,男,34,30-34,无需要照顾的孩子,上班族,office_worker,销售代表,,,
P08076,黄羽婷,女,41,40-45,有未成年孩子,体力劳动者,manual_worker,搬运工,,,
P08077,杨可轩,男,26,25-29,有未成年孩子,上班族,office_worker,销售代表,,,
P08078,黄天,男,20,18-24,无需要照顾的孩子,服务业者,service_worker,零售店员,,,
P08079,吴佳晴,女,32,30-34,有未成年孩子,上班族,office_worker,行政专员,,,
P08080,李清,女,40,40-45,无需要照顾的孩子,上班族,office_worker,客户经理,,,
P08081,郭婉远,女,18,18-24,无需要照顾的孩子,服务业者,service_worker,餐厅服务员,,,
P08082,刘若,女,26,25-29,有未成年孩子,上班族,office_worker,采购专员,,,
P08083,胡欣曦,女,30,30-34,无需要照顾的孩子,自由业者,freelancer,自媒体从业者,,,
P08084,李嫣可,女,28,25-29,有未成年孩子,上班族,office_worker,财务专员,,,
P08085,李琪若,女,24,18-24,无需要照顾的孩子,服务业者,service_worker,收银员,,,
P08086,李然,男,30,30-34,有未成年孩子,体力劳动者,manual_worker,安装工,,,
P08087,张辰晨,男,45,40-45,有未成年孩子,服务业者,service_worker,零售店员,,,
P08088,李可知,女,32,30-34,无需要照顾的孩子,服务业者,service_worker,酒店服务人员,,,
P08089,赵一,女,31,30-34,有未成年孩子,上班族,office_worker,客户经理,,,
P08090,张可俊,男,31,30-34,无需要照顾的孩子,上班族,office_worker,高级运营专员,,,
P08091,张昊,男,23,18-24,无需要照顾的孩子,服务业者,service_worker,餐厅服务员,,,
P08092,李浩诺,男,42,40-45,有成年孩子,上班族,office_worker,销售经理,,,
P08093,李宁,女,41,40-45,有未成年孩子,上班族,office_worker,财务经理,,,
P08094,王杰景,男,43,40-45,有未成年孩子,上班族,office_worker,部门经理,,,
P08095,曹源晨,女,34,30-34,有未成年孩子,上班族,office_worker,产品经理,,,
P08096,梁哲源,男,30,30-34,无需要照顾的孩子,体力劳动者,manual_worker,搬运工,,,
P08097,刘晴,女,33,30-34,有未成年孩子,体力劳动者,manual_worker,汽车技师,,,
P08098,罗远语,女,32,30-34,无需要照顾的孩子,上班族,office_worker,采购专员,,,
P08099,袁轩梓,男,30,30-34,有未成年孩子,上班族,office_worker,软件工程师,,,
P08100,徐远宇,男,41,40-45,有未成年孩子,自由业者,freelancer,自由设计师,,,
P08101,林婷安,女,26,25-29,无需要照顾的孩子,上班族,office_worker,数据分析师,,,
P08102,黄婷可,女,44,40-45,有未成年孩子,上班族,office_worker,高级运营专员,,,
P08103,刘若曦,女,38,35-39,有未成年孩子,上班族,office_worker,高级数据分析师,,,
P08104,王乐语,女,40,40-45,有未成年孩子,自由业者,freelancer,自由销售,,,
P08105,王子婷,女,29,25-29,无需要照顾的孩子,服务业者,service_worker,零售店员,,,
P08106,王轩远,男,19,18-24,无需要照顾的孩子,服务业者,service_worker,健身教练,,,
P08107,王可欣,女,23,18-24,无需要照顾的孩子,服务业者,service_worker,美容师,,,
P08108,徐远知,男,18,18-24,无需要照顾的孩子,上班族,office_worker,会计,,,
P08109,孙嘉知,女,40,40-45,有未成年孩子,上班族,office_worker,高级数据分析师,,,
P08110,陈宁晴,女,31,30-34,有未成年孩子,上班族,office_worker,运营专员,,,
P08111,李琪涵,女,21,18-24,无需要照顾的孩子,大学生,university_student,本科生,,,
P08112,袁雅知,女,29,25-29,有未成年孩子,上班族,office_worker,会计,,,
P08113,林阳,男,37,35-39,有未成年孩子,自由业者,freelancer,自媒体从业者,,,
P08114,胡思远,女,20,18-24,无需要照顾的孩子,大学生,university_student,本科生,,,
P08115,郑诗诗,女,37,35-39,有未成年孩子,自由业者,freelancer,独立程序员,,,
P08116,黄宇知,男,26,25-29,有未成年孩子,上班族,office_worker,设计师,,,
P08117,王佳安,女,19,18-24,无需要照顾的孩子,大学生,university_student,本科生,,,
P08118,刘晨远,男,38,35-39,无需要照顾的孩子,服务业者,service_worker,酒店前台,,,
P08119,郑可怡,女,24,18-24,无需要照顾的孩子,体力劳动者,manual_worker,汽车技师,,,
P08120,张明,男,45,40-45,有未成年孩子,体力劳动者,manual_worker,卡车司机,,,
P08121,张源诺,女,40,40-45,无需要照顾的孩子,上班族,office_worker,产品经理,,,
P08122,王言宇,男,20,18-24,无需要照顾的孩子,大学生,university_student,本科生,,,
P08123,吴琪,女,32,30-34,有未成年孩子,上班族,office_worker,采购经理,,,
P08124,朱怡远,女,41,40-45,有未成年孩子,服务业者,service_worker,收银员,,,
P08125,于嘉欣,女,31,30-34,有未成年孩子,服务业者,service_worker,客服,,,
P08126,谢景文,男,20,18-24,无需要照顾的孩子,大学生,university_student,本科生,,,
P08127,许星诗,女,38,35-39,有未成年孩子,体力劳动者,manual_worker,汽车技师,,,
P08128,王清安,女,33,30-34,无需要照顾的孩子,服务业者,service_worker,收银员,,,
P08129,王羽桐,女,37,35-39,有未成年孩子,自由业者,freelancer,独立程序员,,,
P08130,周诺子,女,26,25-29,有未成年孩子,服务业者,service_worker,零售店员,,,
P08131,张可欣,女,35,35-39,无需要照顾的孩子,自由业者,freelancer,网店经营者,,,
P08132,王天晨,男,19,18-24,无需要照顾的孩子,体力劳动者,manual_worker,维修技师,,,
P08133,王涵诗,女,31,30-34,无需要照顾的孩子,服务业者,service_worker,酒店服务人员,,,
P08134,张清心,女,19,18-24,无需要照顾的孩子,大学生,university_student,本科生,,,
P08135,郭晴思,女,34,30-34,无需要照顾的孩子,上班族,office_worker,产品经理,,,
P08136,唐嫣欣,女,30,30-34,有未成年孩子,服务业者,service_worker,理发师,,,
P08137,赵源,女,34,30-34,有未成年孩子,上班族,office_worker,高级运营专员,,,
P08138,周涵天,男,30,30-34,有未成年孩子,上班族,office_worker,高级数据分析师,,,
P08139,张晴婷,女,20,18-24,无需要照顾的孩子,上班族,office_worker,项目经理,,,
P08140,张雨晴,女,24,18-24,无需要照顾的孩子,自由业者,freelancer,自媒体从业者,,,
P08141,陈雅梦,女,39,35-39,有成年孩子,上班族,office_worker,运营专员,,,
P08142,胡文嘉,男,18,18-24,有未成年孩子,大学生,university_student,本科生,,,
P08143,徐琪知,女,30,30-34,无需要照顾的孩子,体力劳动者,manual_worker,卡车司机,,,
P08144,张婉,女,34,30-34,无需要照顾的孩子,上班族,office_worker,HR经理,,,
P08145,孙梦,女,42,40-45,有未成年孩子,服务业者,service_worker,房产经纪,,,
P08146,冯晴欣,女,25,25-29,有未成年孩子,服务业者,service_worker,美容师,,,
P08147,韩怡曦,女,30,30-34,无需要照顾的孩子,上班族,office_worker,采购经理,,,
P08148,张宁佳,女,23,18-24,无需要照顾的孩子,大学生,university_student,硕士研究生,,,
P08149,吴曦晴,女,27,25-29,无需要照顾的孩子,大学生,university_student,硕士研究生,,,
P08150,谢清婷,女,39,35-39,有未成年孩子,上班族,office_worker,客户经理,,,
P08151,杨宁,男,41,40-45,无需要照顾的孩子,上班族,office_worker,高级数据分析师,,,
P08152,刘嫣,女,34,30-34,有未成年孩子,服务业者,service_worker,收银员,,,
P08153,李羽佳,女,27,25-29,无需要照顾的孩子,上班族,office_worker,采购专员,,,
P08154,邓涵思,女,38,35-39,有未成年孩子,服务业者,service_worker,咖啡师,,,
P08155,程嘉,男,40,40-45,有未成年孩子,体力劳动者,manual_worker,安装工,,,
P08156,黄静嘉,女,34,30-34,有未成年孩子,服务业者,service_worker,房产经纪,,,
P08157,李晴语,女,23,18-24,无需要照顾的孩子,上班族,office_worker,运营专员,,,
P08158,何婉可,女,42,40-45,无需要照顾的孩子,上班族,office_worker,高级运营专员,,,
P08159,刘星涵,女,38,35-39,有未成年孩子,上班族,office_worker,行政专员,,,
P08160,王晓婷,女,22,18-24,无需要照顾的孩子,自由业者,freelancer,自媒体从业者,,,
P08161,李欣知,女,33,30-34,无需要照顾的孩子,服务业者,service_worker,酒店前台,,,
P08162,梁浩,男,45,40-45,有未成年孩子,上班族,office_worker,财务专员,,,
P08163,胡诺语,女,45,40-45,有未成年孩子,上班族,office_worker,区域经理,,,
P08164,刘源涵,女,33,30-34,无需要照顾的孩子,体力劳动者,manual_worker,搬运工,,,
P08165,徐豪,男,21,18-24,无需要照顾的孩子,大学生,university_student,本科生,,,
P08166,王诺杰,男,25,25-29,无需要照顾的孩子,自由业者,freelancer,自由销售,,,
P08167,张桐思,女,27,25-29,无需要照顾的孩子,上班族,office_worker,行政专员,,,
P08168,刘子俊,男,40,40-45,有未成年孩子,体力劳动者,manual_worker,搬运工,,,
P08169,陈瑶言,女,35,35-39,有未成年孩子,上班族,office_worker,产品经理,,,
P08170,王佳,女,41,40-45,无需要照顾的孩子,自由业者,freelancer,摄影师,,,
P08171,李星泽,男,44,40-45,有未成年孩子,服务业者,service_worker,房产经纪,,,
P08172,徐羽豪,男,32,30-34,无需要照顾的孩子,体力劳动者,manual_worker,搬运工,,,
P08173,张知婷,女,34,30-34,有未成年孩子,自由业者,freelancer,私教,,,
P08174,赵宁欣,女,30,30-34,无需要照顾的孩子,服务业者,service_worker,咖啡师,,,
P08175,杨诗涵,女,29,25-29,有未成年孩子,上班族,office_worker,产品经理,,,
P08176,高思豪,男,37,35-39,有未成年孩子,体力劳动者,manual_worker,建筑工人,,,
P08177,杨雨晓,女,33,30-34,有未成年孩子,上班族,office_worker,数据分析师,,,
P08178,王婷雅,女,41,40-45,有未成年孩子,服务业者,service_worker,收银员,,,
P08179,高言然,男,44,40-45,有未成年孩子,自由业者,freelancer,自由设计师,,,
P08180,王思思,女,34,30-34,无需要照顾的孩子,体力劳动者,manual_worker,仓库操作员,,,
P08181,梁静宁,女,24,18-24,无需要照顾的孩子,大学生,university_student,硕士研究生,,,
P08182,林然嘉,男,31,30-34,有未成年孩子,自由业者,freelancer,独立程序员,,,
P08183,刘嘉曦,女,33,30-34,有未成年孩子,体力劳动者,manual_worker,快递员,,,
P08184,王乐子,男,19,18-24,无需要照顾的孩子,上班族,office_worker,会计,,,
P08185,王思宁,女,32,30-34,有未成年孩子,上班族,office_worker,高级项目经理,,,
P08186,王婷涵,女,33,30-34,有未成年孩子,服务业者,service_worker,美容师,,,
P08187,徐哲,男,19,18-24,无需要照顾的孩子,上班族,office_worker,客户专员,,,
P08188,王桐宁,女,34,30-34,无需要照顾的孩子,上班族,office_worker,数据分析师,,,
P08189,陈怡瑶,女,26,25-29,无需要照顾的孩子,服务业者,service_worker,美容师,,,
P08190,赵知楷,男,28,25-29,无需要照顾的孩子,上班族,office_worker,行政专员,,,
P08191,张雨,女,25,25-29,无需要照顾的孩子,服务业者,service_worker,酒店前台,,,
P08192,李若知,女,43,40-45,无需要照顾的孩子,上班族,office_worker,财务主管,,,
P08193,朱源佳,女,26,25-29,有未成年孩子,服务业者,service_worker,酒店前台,,,
P08194,王曦婷,女,36,35-39,有未成年孩子,自由业者,freelancer,咨询顾问,,,
P08195,罗涵,女,45,40-45,有未成年孩子,服务业者,service_worker,酒店服务人员,,,
P08196,谢涵文,男,26,25-29,无需要照顾的孩子,服务业者,service_worker,美容师,,,
P08197,李宁婷,女,31,30-34,有未成年孩子,服务业者,service_worker,酒店前台,,,
P08198,李子可,女,42,40-45,有未成年孩子,自由业者,freelancer,网店经营者,,,
P08199,宋远诺,女,20,18-24,无需要照顾的孩子,大学生,university_student,硕士研究生,,,
P08200,李佳思,女,31,30-34,无需要照顾的孩子,上班族,office_worker,财务主管,,,
P08201,胡佳瑶,女,30,30-34,无需要照顾的孩子,自由业者,freelancer,自媒体从业者,,,
P08202,陈嘉涵,女,31,30-34,有未成年孩子,上班族,office_worker,销售经理,,,
P08203,刘宁,女,28,25-29,有未成年孩子,体力劳动者,manual_worker,维修技师,,,
P08204,孙语,女,38,35-39,有未成年孩子,上班族,office_worker,人力资源经理,,,
P08205,胡欣婷,女,45,40-45,有未成年孩子,服务业者,service_worker,美容师,,,
P08206,陈雨,女,33,30-34,无需要照顾的孩子,上班族,office_worker,会计,,,
P08207,孙清琪,女,23,18-24,无需要照顾的孩子,服务业者,service_worker,美容师,,,
P08208,王思子,女,32,30-34,无需要照顾的孩子,上班族,office_worker,运营专员,,,
P08209,刘轩,男,19,18-24,无需要照顾的孩子,服务业者,service_worker,健身教练,,,
P08210,谢源知,男,43,40-45,无需要照顾的孩子,服务业者,service_worker,咖啡师,,,
P08211,孙可若,女,35,35-39,有未成年孩子,体力劳动者,manual_worker,设备操作员,,,
P08212,何嫣佳,女,38,35-39,无需要照顾的孩子,上班族,office_worker,销售经理,,,
P08213,刘心,女,41,40-45,有成年孩子,服务业者,service_worker,房产经纪,,,
P08214,黄言知,女,30,30-34,无需要照顾的孩子,上班族,office_worker,销售经理,,,
P08215,赵晴佳,女,33,30-34,有未成年孩子,上班族,office_worker,会计,,,
P08216,李涵言,女,45,40-45,有未成年孩子,上班族,office_worker,软件工程师,,,
P08217,孙羽诗,女,37,35-39,无需要照顾的孩子,上班族,office_worker,销售代表,,,
P08218,李婷,女,36,35-39,有未成年孩子,上班族,office_worker,销售代表,,,
P08219,林嘉,女,22,18-24,无需要照顾的孩子,上班族,office_worker,数据分析师,,,
P08220,周桐曦,女,29,25-29,无需要照顾的孩子,上班族,office_worker,财务主管,,,
P08221,李心源,女,33,30-34,有未成年孩子,服务业者,service_worker,保安,,,
P08222,陈星涵,男,40,40-45,无需要照顾的孩子,上班族,office_worker,技术经理,,,
P08223,王可婷,女,34,30-34,无需要照顾的孩子,上班族,office_worker,高级软件工程师,,,
P08224,孙怡琪,女,21,18-24,无需要照顾的孩子,大学生,university_student,本科生,,,
P08225,谢晨晴,女,35,35-39,有未成年孩子,体力劳动者,manual_worker,电工,,,
P08226,王乐怡,女,21,18-24,无需要照顾的孩子,大学生,university_student,本科生,,,
P08227,徐安,男,41,40-45,有未成年孩子,服务业者,service_worker,酒店服务人员,,,
P08228,郑子,女,28,25-29,无需要照顾的孩子,大学生,university_student,博士研究生,,,
P08229,杨雅佳,女,27,25-29,无需要照顾的孩子,服务业者,service_worker,收银员,,,
P08230,马晴乐,女,31,30-34,有未成年孩子,体力劳动者,manual_worker,安装工,,,
P08231,张瑶心,女,27,25-29,有未成年孩子,服务业者,service_worker,房产经纪,,,
P08232,曹诺知,女,22,18-24,无需要照顾的孩子,服务业者,service_worker,理发师,,,
P08233,陈宁心,男,32,30-34,无需要照顾的孩子,服务业者,service_worker,餐厅服务员,,,
P08234,胡思宁,女,32,30-34,无需要照顾的孩子,自由业者,freelancer,翻译,,,
P08235,刘言瑶,女,21,18-24,无需要照顾的孩子,大学生,university_student,本科生,,,
P08236,李星然,男,32,30-34,有未成年孩子,服务业者,service_worker,咖啡师,,,
P08237,王若诺,女,40,40-45,有未成年孩子,上班族,office_worker,HR经理,,,
P08238,王彤安,女,26,25-29,有未成年孩子,上班族,office_worker,销售代表,,,
P08239,陈清,女,44,40-45,无需要照顾的孩子,上班族,office_worker,项目经理,,,
P08240,王言可,女,43,40-45,有未成年孩子,服务业者,service_worker,咖啡师,,,
P08241,宋静梦,女,23,18-24,无需要照顾的孩子,服务业者,service_worker,健身教练,,,
P08242,张怡曦,女,26,25-29,无需要照顾的孩子,自由业者,freelancer,自由设计师,,,
P08243,吴诺,女,18,18-24,无需要照顾的孩子,体力劳动者,manual_worker,卡车司机,,,
P08244,马梓浩,男,43,40-45,无需要照顾的孩子,服务业者,service_worker,客服,,,
P08245,何梓言,男,18,18-24,无需要照顾的孩子,大学生,university_student,本科生,,,
P08246,梁源瑶,女,38,35-39,无需要照顾的孩子,服务业者,service_worker,收银员,,,
P08247,杨静静,女,28,25-29,有未成年孩子,服务业者,service_worker,咖啡师,,,
P08248,刘安天,男,45,40-45,有未成年孩子,上班族,office_worker,采购专员,,,
P08249,吴晨,男,33,30-34,无需要照顾的孩子,自由业者,freelancer,独立程序员,,,
P08250,赵婉涵,女,41,40-45,无需要照顾的孩子,体力劳动者,manual_worker,设备操作员,,,
P08251,赵乐,女,29,25-29,无需要照顾的孩子,体力劳动者,manual_worker,安装工,,,
P08252,马辰源,女,42,40-45,有未成年孩子,自由业者,freelancer,独立承包商,,,
P08253,张安,男,24,18-24,无需要照顾的孩子,大学生,university_student,本科生,,,
P08254,赵一辰,女,39,35-39,无需要照顾的孩子,上班族,office_worker,采购经理,,,
P08255,孙欣,女,41,40-45,有未成年孩子,上班族,office_worker,客户专员,,,
P08256,王怡佳,女,41,40-45,有成年孩子,自由业者,freelancer,自由设计师,,,
P08257,朱涵诺,女,31,30-34,有未成年孩子,上班族,office_worker,销售代表,,,
P08258,陈浩明,男,39,35-39,有未成年孩子,上班族,office_worker,行政专员,,,
P08259,黄嫣晨,女,45,40-45,有未成年孩子,体力劳动者,manual_worker,安装工,,,
P08260,陈曦,女,41,40-45,有未成年孩子,上班族,office_worker,客户专员,,,
P08261,王心诗,女,35,35-39,无需要照顾的孩子,上班族,office_worker,财务主管,,,
P08262,袁星,女,19,18-24,无需要照顾的孩子,服务业者,service_worker,酒店服务人员,,,
P08263,杨豪知,男,19,18-24,无需要照顾的孩子,服务业者,service_worker,收银员,,,
P08264,刘心,女,37,35-39,有未成年孩子,服务业者,service_worker,美容师,,,
P08265,刘诺安,女,23,18-24,无需要照顾的孩子,大学生,university_student,硕士研究生,,,
P08266,吴子,男,18,18-24,无需要照顾的孩子,体力劳动者,manual_worker,电工,,,
P08267,陈星心,女,33,30-34,有未成年孩子,体力劳动者,manual_worker,焊工,,,
P08268,罗静辰,女,43,40-45,无需要照顾的孩子,上班族,office_worker,会计,,,
P08269,周可宁,女,25,25-29,无需要照顾的孩子,服务业者,service_worker,美容师,,,
P08270,王可,女,45,40-45,无需要照顾的孩子,上班族,office_worker,区域经理,,,
P08271,刘嫣嫣,女,26,25-29,无需要照顾的孩子,上班族,office_worker,设计师,,,
P08272,李桐知,女,19,18-24,无需要照顾的孩子,上班族,office_worker,行政专员,,,
P08273,刘辰,男,32,30-34,无需要照顾的孩子,上班族,office_worker,客户经理,,,
P08274,韩嘉,女,36,35-39,有未成年孩子,上班族,office_worker,财务主管,,,
P08275,陈景,男,32,30-34,有未成年孩子,体力劳动者,manual_worker,维修技师,,,
P08276,刘婷,女,25,25-29,有未成年孩子,自由业者,freelancer,独立程序员,,,
P08277,张宁志,男,30,30-34,无需要照顾的孩子,上班族,office_worker,采购专员,,,
P08278,周涵欣,女,44,40-45,有未成年孩子,自由业者,freelancer,私教,,,
P08279,许可语,女,38,35-39,有未成年孩子,服务业者,service_worker,酒店前台,,,
P08280,陈瑶诗,女,34,30-34,无需要照顾的孩子,服务业者,service_worker,零售店员,,,
P08281,张雅源,女,23,18-24,无需要照顾的孩子,自由业者,freelancer,私教,,,
P08282,罗豪安,男,20,18-24,无需要照顾的孩子,体力劳动者,manual_worker,仓库操作员,,,
P08283,刘安,女,29,25-29,无需要照顾的孩子,服务业者,service_worker,房产经纪,,,
P08284,刘乐,男,45,40-45,有成年孩子,体力劳动者,manual_worker,设备操作员,,,
P08285,黄晓婷,女,27,25-29,无需要照顾的孩子,上班族,office_worker,会计,,,
P08286,何晓羽,女,20,18-24,无需要照顾的孩子,大学生,university_student,本科生,,,
P08287,张睿,男,45,40-45,有未成年孩子,服务业者,service_worker,美容师,,,
P08288,张晨嘉,男,19,18-24,无需要照顾的孩子,服务业者,service_worker,健身教练,,,
P08289,赵清晨,女,27,25-29,无需要照顾的孩子,服务业者,service_worker,房产经纪,,,
P08290,李彤乐,女,33,30-34,有未成年孩子,上班族,office_worker,销售代表,,,
P08291,张轩可,男,41,40-45,有未成年孩子,上班族,office_worker,财务专员,,,
P08292,李安源,女,28,25-29,无需要照顾的孩子,上班族,office_worker,数据分析师,,,
P08293,宋宁,男,33,30-34,无需要照顾的孩子,服务业者,service_worker,餐厅服务员,,,
P08294,张远宁,男,31,30-34,无需要照顾的孩子,上班族,office_worker,高级软件工程师,,,
P08295,陈欣婉,女,35,35-39,无需要照顾的孩子,服务业者,service_worker,美容师,,,
P08296,徐诺远,女,28,25-29,无需要照顾的孩子,体力劳动者,manual_worker,建筑工人,,,
P08297,李清,女,26,25-29,无需要照顾的孩子,上班族,office_worker,运营专员,,,
P08298,赵婷思,女,28,25-29,有未成年孩子,上班族,office_worker,会计,,,
P08299,郑若思,女,18,18-24,无需要照顾的孩子,大学生,university_student,本科生,,,
P08300,杨可,女,37,35-39,有未成年孩子,上班族,office_worker,项目经理,,,
P08301,刘心远,女,45,40-45,无需要照顾的孩子,服务业者,service_worker,房产经纪,,,
P08302,王知晓,女,34,30-34,无需要照顾的孩子,上班族,office_worker,财务主管,,,
P08303,唐宁,男,40,40-45,有成年孩子,体力劳动者,manual_worker,搬运工,,,
P08304,张桐言,女,30,30-34,有未成年孩子,体力劳动者,manual_worker,卡车司机,,,
P08305,陈清晨,女,43,40-45,无需要照顾的孩子,服务业者,service_worker,零售店员,,,
P08306,孙婷晓,女,24,18-24,无需要照顾的孩子,大学生,university_student,本科生,,,
P08307,王雅心,女,27,25-29,无需要照顾的孩子,服务业者,service_worker,收银员,,,
P08308,李怡嫣,女,45,40-45,有成年孩子,自由业者,freelancer,咨询顾问,,,
P08309,吴语宁,女,26,25-29,无需要照顾的孩子,上班族,office_worker,运营专员,,,
P08310,李雅婷,女,40,40-45,无需要照顾的孩子,服务业者,service_worker,理发师,,,
P08311,王晓乐,女,35,35-39,有未成年孩子,服务业者,service_worker,零售店员,,,
P08312,郑源,男,32,30-34,有未成年孩子,服务业者,service_worker,零售店员,,,
P08313,周晨欣,女,41,40-45,有成年孩子,服务业者,service_worker,健身教练,,,
P08314,郭欣佳,女,44,40-45,有未成年孩子,自由业者,freelancer,自媒体从业者,,,
P08315,李文明,男,45,40-45,无需要照顾的孩子,上班族,office_worker,财务经理,,,
P08316,梁星语,女,41,40-45,有未成年孩子,体力劳动者,manual_worker,汽车技师,,,
P08317,董文俊,男,42,40-45,无需要照顾的孩子,上班族,office_worker,运营专员,,,
P08318,刘嘉昊,男,41,40-45,有未成年孩子,体力劳动者,manual_worker,维修技师,,,
P08319,赵若雅,女,27,25-29,无需要照顾的孩子,体力劳动者,manual_worker,汽车技师,,,
P08320,朱羽言,女,34,30-34,有未成年孩子,上班族,office_worker,高级数据分析师,,,
P08321,陈静羽,女,40,40-45,有未成年孩子,自由业者,freelancer,独立程序员,,,
P08322,王晨,女,29,25-29,无需要照顾的孩子,上班族,office_worker,行政专员,,,
P08323,杨婷,女,30,30-34,有未成年孩子,上班族,office_worker,客户专员,,,
P08324,王阳宇,男,18,18-24,无需要照顾的孩子,服务业者,service_worker,酒店前台,,,
P08325,林知晨,男,33,30-34,有未成年孩子,上班族,office_worker,高级运营专员,,,
P08326,李乐,女,42,40-45,有未成年孩子,上班族,office_worker,财务主管,,,
P08327,杨羽知,男,32,30-34,无需要照顾的孩子,体力劳动者,manual_worker,焊工,,,
P08328,王诗嫣,女,30,30-34,有未成年孩子,上班族,office_worker,HR经理,,,
P08329,杨杰昊,男,33,30-34,无需要照顾的孩子,体力劳动者,manual_worker,安装工,,,
P08330,梁星诺,男,28,25-29,无需要照顾的孩子,服务业者,service_worker,保安,,,
P08331,王婷思,女,33,30-34,无需要照顾的孩子,自由业者,freelancer,自媒体从业者,,,
P08332,李诺羽,女,26,25-29,无需要照顾的孩子,大学生,university_student,硕士研究生,,,
P08333,陈杰睿,男,38,35-39,有未成年孩子,服务业者,service_worker,理发师,,,
P08334,刘曦子,女,19,18-24,无需要照顾的孩子,自由业者,freelancer,独立程序员,,,
P08335,何安思,男,32,30-34,无需要照顾的孩子,上班族,office_worker,软件工程师,,,
P08336,刘晓心,女,45,40-45,有未成年孩子,自由业者,freelancer,自媒体从业者,,,
P08337,周嘉文,男,19,18-24,无需要照顾的孩子,大学生,university_student,本科生,,,
P08338,陈诚嘉,男,38,35-39,有未成年孩子,自由业者,freelancer,自由设计师,,,
P08339,朱昊佑,男,27,25-29,无需要照顾的孩子,服务业者,service_worker,收银员,,,
P08340,陈嫣,女,43,40-45,有未成年孩子,上班族,office_worker,客户经理,,,
P08341,王知可,男,36,35-39,无需要照顾的孩子,自由业者,freelancer,摄影师,,,
P08342,张诺涵,女,42,40-45,有未成年孩子,服务业者,service_worker,房产经纪,,,
P08343,陈诗怡,女,38,35-39,有未成年孩子,上班族,office_worker,高级软件工程师,,,
P08344,周心思,女,33,30-34,无需要照顾的孩子,服务业者,service_worker,房产经纪,,,
P08345,黄桐,女,29,25-29,无需要照顾的孩子,服务业者,service_worker,酒店服务人员,,,
P08346,朱哲诺,男,41,40-45,有未成年孩子,上班族,office_worker,财务主管,,,
P08347,何雅可,女,41,40-45,有成年孩子,上班族,office_worker,会计,,,
P08348,周远星,男,27,25-29,无需要照顾的孩子,上班族,office_worker,销售代表,,,
P08349,孙诗,女,30,30-34,无需要照顾的孩子,自由业者,freelancer,独立程序员,,,
P08350,王星嘉,女,30,30-34,无需要照顾的孩子,服务业者,service_worker,收银员,,,
P08351,邓文嘉,男,26,25-29,有未成年孩子,上班族,office_worker,会计,,,
P08352,王一羽,男,32,30-34,有未成年孩子,服务业者,service_worker,零售店员,,,
P08353,刘星清,女,34,30-34,无需要照顾的孩子,上班族,office_worker,财务专员,,,
P08354,张心辰,女,38,35-39,有未成年孩子,服务业者,service_worker,美容师,,,
P08355,陈若言,女,26,25-29,无需要照顾的孩子,上班族,office_worker,设计师,,,
P08356,宋一诺,男,33,30-34,有未成年孩子,服务业者,service_worker,收银员,,,
P08357,张远乐,男,31,30-34,无需要照顾的孩子,上班族,office_worker,数据分析师,,,
P08358,王羽辰,女,40,40-45,有未成年孩子,上班族,office_worker,客户经理,,,
P08359,高桐婷,女,38,35-39,无需要照顾的孩子,上班族,office_worker,高级运营专员,,,
P08360,胡可思,女,44,40-45,有未成年孩子,上班族,office_worker,高级软件工程师,,,
P08361,吴文睿,男,37,35-39,有未成年孩子,上班族,office_worker,财务主管,,,
P08362,唐可嘉,男,29,25-29,无需要照顾的孩子,上班族,office_worker,产品经理,,,
P08363,宋瑶雅,女,36,35-39,无需要照顾的孩子,服务业者,service_worker,咖啡师,,,
P08364,李诺,女,22,18-24,无需要照顾的孩子,上班族,office_worker,客户专员,,,
P08365,李欣,女,44,40-45,有未成年孩子,服务业者,service_worker,收银员,,,
P08366,吴知婷,女,34,30-34,有未成年孩子,上班族,office_worker,产品经理,,,
P08367,陈心羽,男,40,40-45,无需要照顾的孩子,上班族,office_worker,采购经理,,,
P08368,张知瑶,女,23,18-24,无需要照顾的孩子,大学生,university_student,硕士研究生,,,
P08369,黄羽,女,40,40-45,无需要照顾的孩子,上班族,office_worker,行政专员,,,
P08370,韩阳睿,男,30,30-34,有未成年孩子,上班族,office_worker,高级运营专员,,,
P08371,徐语,女,29,25-29,无需要照顾的孩子,服务业者,service_worker,房产经纪,,,
P08372,吴婷婷,女,37,35-39,有未成年孩子,体力劳动者,manual_worker,汽车技师,,,
P08373,张欣可,女,18,18-24,无需要照顾的孩子,服务业者,service_worker,美容师,,,
P08374,王雅,女,40,40-45,无需要照顾的孩子,上班族,office_worker,项目经理,,,
P08375,刘可,女,31,30-34,有未成年孩子,服务业者,service_worker,房产经纪,,,
P08376,赵雨静,女,38,35-39,有未成年孩子,上班族,office_worker,客户经理,,,
P08377,郭星清,女,30,30-34,无需要照顾的孩子,上班族,office_worker,销售经理,,,
P08378,吴远安,女,38,35-39,有成年孩子,上班族,office_worker,客户经理,,,
P08379,张晨嘉,男,31,30-34,无需要照顾的孩子,上班族,office_worker,行政专员,,,
P08380,张可婷,女,28,25-29,无需要照顾的孩子,体力劳动者,manual_worker,安装工,,,
P08381,徐彤晨,女,37,35-39,有未成年孩子,上班族,office_worker,财务专员,,,
P08382,唐晨安,男,28,25-29,无需要照顾的孩子,体力劳动者,manual_worker,搬运工,,,
P08383,刘嫣晨,女,24,18-24,无需要照顾的孩子,服务业者,service_worker,酒店服务人员,,,
P08384,王怡欣,女,18,18-24,无需要照顾的孩子,上班族,office_worker,财务专员,,,
P08385,刘子怡,女,30,30-34,无需要照顾的孩子,服务业者,service_worker,厨师,,,
P08386,朱雨若,女,38,35-39,无需要照顾的孩子,上班族,office_worker,技术经理,,,
P08387,袁婉诗,女,40,40-45,无需要照顾的孩子,上班族,office_worker,行政专员,,,
P08388,赵曦彤,女,44,40-45,有未成年孩子,上班族,office_worker,软件工程师,,,
P08389,张思佳,女,32,30-34,无需要照顾的孩子,上班族,office_worker,采购专员,,,
P08390,陈欣宁,女,34,30-34,有未成年孩子,服务业者,service_worker,健身教练,,,
P08391,张楷涵,男,40,40-45,无需要照顾的孩子,服务业者,service_worker,客服,,,
P08392,刘豪博,男,44,40-45,有未成年孩子,体力劳动者,manual_worker,仓库操作员,,,
P08393,高昊知,男,20,18-24,无需要照顾的孩子,服务业者,service_worker,零售店员,,,
P08394,张诺乐,女,45,40-45,有未成年孩子,服务业者,service_worker,收银员,,,
P08395,朱曦言,女,28,25-29,无需要照顾的孩子,上班族,office_worker,高级产品经理,,,
P08396,李若,女,40,40-45,有成年孩子,上班族,office_worker,人力资源经理,,,
P08397,孙羽豪,男,28,25-29,无需要照顾的孩子,体力劳动者,manual_worker,焊工,,,
P08398,王志,男,31,30-34,无需要照顾的孩子,上班族,office_worker,行政专员,,,
P08399,黄梓睿,男,36,35-39,无需要照顾的孩子,服务业者,service_worker,保安,,,
P08400,谢子婷,女,23,18-24,无需要照顾的孩子,大学生,university_student,本科生,,,
P08401,吴嘉,男,36,35-39,有未成年孩子,服务业者,service_worker,咖啡师,,,
P08402,刘雅宁,女,42,40-45,无需要照顾的孩子,体力劳动者,manual_worker,快递员,,,
P08403,杨涵安,女,34,30-34,无需要照顾的孩子,上班族,office_worker,项目经理,,,
P08404,董俊,男,37,35-39,无需要照顾的孩子,服务业者,service_worker,零售店员,,,
P08405,李博嘉,男,33,30-34,无需要照顾的孩子,服务业者,service_worker,咖啡师,,,
P08406,孙嫣宁,女,21,18-24,无需要照顾的孩子,自由业者,freelancer,私教,,,
P08407,杨嘉然,男,31,30-34,无需要照顾的孩子,上班族,office_worker,财务专员,,,
P08408,李佳远,女,21,18-24,无需要照顾的孩子,服务业者,service_worker,保安,,,
P08409,张羽,女,33,30-34,无需要照顾的孩子,上班族,office_worker,运营专员,,,
P08410,孙佳可,女,34,30-34,无需要照顾的孩子,服务业者,service_worker,餐厅服务员,,,
P08411,王晓欣,女,27,25-29,无需要照顾的孩子,上班族,office_worker,设计师,,,
P08412,王一晓,女,21,18-24,无需要照顾的孩子,自由业者,freelancer,摄影师,,,
P08413,张思雨,女,45,40-45,有未成年孩子,服务业者,service_worker,零售店员,,,
P08414,高瑶诺,女,33,30-34,有未成年孩子,上班族,office_worker,会计,,,
P08415,梁晴一,女,38,35-39,无需要照顾的孩子,服务业者,service_worker,健身教练,,,
P08416,郭星雅,女,40,40-45,无需要照顾的孩子,上班族,office_worker,高级运营专员,,,
P08417,冯可一,男,22,18-24,无需要照顾的孩子,上班族,office_worker,财务专员,,,
P08418,梁晓,女,29,25-29,有未成年孩子,上班族,office_worker,行政专员,,,
P08419,吴欣,女,29,25-29,无需要照顾的孩子,服务业者,service_worker,房产经纪,,,
P08420,罗一星,男,26,25-29,无需要照顾的孩子,自由业者,freelancer,翻译,,,
P08421,朱清远,男,20,18-24,无需要照顾的孩子,体力劳动者,manual_worker,电工,,,
P08422,王瑶静,女,38,35-39,无需要照顾的孩子,上班族,office_worker,财务专员,,,
P08423,陈辰可,女,35,35-39,有未成年孩子,上班族,office_worker,运营专员,,,
P08424,张辰安,女,41,40-45,有未成年孩子,自由业者,freelancer,自由设计师,,,
P08425,赵星宁,女,44,40-45,有未成年孩子,上班族,office_worker,运营经理,,,
P08426,梁怡晓,女,42,40-45,有未成年孩子,上班族,office_worker,销售经理,,,
P08427,赵婉,女,43,40-45,无需要照顾的孩子,体力劳动者,manual_worker,配送员,,,
P08428,李欣宁,女,34,30-34,有未成年孩子,自由业者,freelancer,独立程序员,,,
P08429,李思婷,女,20,18-24,无需要照顾的孩子,上班族,office_worker,财务专员,,,
P08430,梁怡,女,31,30-34,无需要照顾的孩子,上班族,office_worker,客户经理,,,
P08431,郭嘉知,女,33,30-34,无需要照顾的孩子,上班族,office_worker,行政专员,,,
P08432,张琪欣,女,33,30-34,无需要照顾的孩子,上班族,office_worker,软件工程师,,,
P08433,曹杰文,男,27,25-29,有未成年孩子,服务业者,service_worker,理发师,,,
P08434,李彤嘉,女,45,40-45,无需要照顾的孩子,上班族,office_worker,高级软件工程师,,,
P08435,张梓,男,36,35-39,无需要照顾的孩子,体力劳动者,manual_worker,设备操作员,,,
P08436,王佑轩,男,32,30-34,无需要照顾的孩子,服务业者,service_worker,零售店员,,,
P08437,梁晨桐,女,22,18-24,无需要照顾的孩子,大学生,university_student,本科生,,,
P08438,李婉,女,34,30-34,有未成年孩子,体力劳动者,manual_worker,配送员,,,
P08439,李乐嘉,男,28,25-29,无需要照顾的孩子,服务业者,service_worker,咖啡师,,,
P08440,胡羽星,男,32,30-34,无需要照顾的孩子,服务业者,service_worker,收银员,,,
P08441,林涵知,女,32,30-34,无需要照顾的孩子,服务业者,service_worker,保安,,,
P08442,李诺清,女,36,35-39,无需要照顾的孩子,体力劳动者,manual_worker,配送员,,,
P08443,罗天哲,男,35,35-39,无需要照顾的孩子,服务业者,service_worker,保安,,,
P08444,朱嘉佳,女,33,30-34,无需要照顾的孩子,上班族,office_worker,客户专员,,,
P08445,张涵嘉,女,24,18-24,无需要照顾的孩子,上班族,office_worker,会计,,,
P08446,张可晨,男,45,40-45,无需要照顾的孩子,体力劳动者,manual_worker,电工,,,
P08447,孙怡,女,26,25-29,无需要照顾的孩子,上班族,office_worker,客户专员,,,
P08448,张诺子,女,43,40-45,有未成年孩子,上班族,office_worker,客户经理,,,
P08449,刘星星,女,34,30-34,无需要照顾的孩子,上班族,office_worker,会计,,,
P08450,刘清佳,女,44,40-45,无需要照顾的孩子,上班族,office_worker,财务主管,,,
P08451,李可宁,女,21,18-24,无需要照顾的孩子,体力劳动者,manual_worker,焊工,,,
P08452,王天景,男,38,35-39,有未成年孩子,上班族,office_worker,高级软件工程师,,,
P08453,杨景,男,19,18-24,无需要照顾的孩子,服务业者,service_worker,收银员,,,
P08454,陈乐静,女,26,25-29,无需要照顾的孩子,服务业者,service_worker,餐厅服务员,,,
P08455,何晴欣,女,42,40-45,有未成年孩子,体力劳动者,manual_worker,配送员,,,
P08456,黄乐羽,女,31,30-34,无需要照顾的孩子,上班族,office_worker,设计师,,,
P08457,罗晨辰,女,38,35-39,有未成年孩子,上班族,office_worker,客户经理,,,
P08458,陈桐,女,36,35-39,有未成年孩子,服务业者,service_worker,理发师,,,
P08459,刘景昊,男,39,35-39,有未成年孩子,上班族,office_worker,项目经理,,,
P08460,唐轩泽,男,33,30-34,无需要照顾的孩子,上班族,office_worker,财务主管,,,
P08461,杨可,男,44,40-45,有未成年孩子,上班族,office_worker,项目经理,,,
P08462,王雨晓,女,43,40-45,有未成年孩子,服务业者,service_worker,厨师,,,
P08463,朱欣,女,21,18-24,无需要照顾的孩子,上班族,office_worker,软件工程师,,,
P08464,周宇一,男,37,35-39,无需要照顾的孩子,服务业者,service_worker,客服,,,
P08465,杨雅知,女,20,18-24,无需要照顾的孩子,自由业者,freelancer,翻译,,,
P08466,张源语,女,18,18-24,无需要照顾的孩子,上班族,office_worker,客户经理,,,
P08467,王桐欣,女,22,18-24,无需要照顾的孩子,大学生,university_student,本科生,,,
P08468,于可婷,女,22,18-24,无需要照顾的孩子,大学生,university_student,本科生,,,
P08469,刘嘉宁,女,26,25-29,无需要照顾的孩子,体力劳动者,manual_worker,安装工,,,
P08470,黄远俊,男,23,18-24,无需要照顾的孩子,服务业者,service_worker,房产经纪,,,
P08471,张心,女,22,18-24,无需要照顾的孩子,大学生,university_student,本科生,,,
P08472,高婷若,女,22,18-24,无需要照顾的孩子,大学生,university_student,硕士研究生,,,
P08473,冯晴,女,45,40-45,有未成年孩子,自由业者,freelancer,自由销售,,,
P08474,刘涵诺,男,35,35-39,有未成年孩子,自由业者,freelancer,独立程序员,,,
P08475,陈嫣嫣,女,29,25-29,有未成年孩子,服务业者,service_worker,厨师,,,
P08476,王远宇,男,27,25-29,无需要照顾的孩子,上班族,office_worker,采购专员,,,
P08477,张瑶婷,女,30,30-34,无需要照顾的孩子,上班族,office_worker,高级产品经理,,,
P08478,张桐远,女,28,25-29,无需要照顾的孩子,自由业者,freelancer,独立承包商,,,
P08479,谢远思,女,44,40-45,有未成年孩子,上班族,office_worker,高级运营专员,,,
P08480,张志嘉,男,45,40-45,有成年孩子,服务业者,service_worker,客服,,,
P08481,于梦,女,30,30-34,有未成年孩子,上班族,office_worker,运营专员,,,
P08482,徐婉,女,41,40-45,无需要照顾的孩子,上班族,office_worker,会计,,,
P08483,刘可晴,女,26,25-29,无需要照顾的孩子,服务业者,service_worker,房产经纪,,,
P08484,陈星子,女,39,35-39,有未成年孩子,上班族,office_worker,运营专员,,,
P08485,李源言,女,43,40-45,有未成年孩子,体力劳动者,manual_worker,搬运工,,,
P08486,张宁桐,女,38,35-39,有未成年孩子,服务业者,service_worker,健身教练,,,
P08487,王一羽,女,24,18-24,无需要照顾的孩子,上班族,office_worker,运营专员,,,
P08488,李羽,男,37,35-39,无需要照顾的孩子,上班族,office_worker,销售代表,,,
P08489,孙晓婷,女,37,35-39,有未成年孩子,服务业者,service_worker,客服,,,
P08490,许涵天,男,22,18-24,无需要照顾的孩子,大学生,university_student,硕士研究生,,,
P08491,周心然,男,25,25-29,无需要照顾的孩子,上班族,office_worker,数据分析师,,,
P08492,吴桐雨,女,31,30-34,无需要照顾的孩子,上班族,office_worker,部门经理,,,
P08493,唐若可,女,20,18-24,无需要照顾的孩子,自由业者,freelancer,自媒体从业者,,,
P08494,周晴思,女,37,35-39,有未成年孩子,上班族,office_worker,销售经理,,,
P08495,郑静,女,44,40-45,有未成年孩子,体力劳动者,manual_worker,配送员,,,
P08496,郭羽语,女,24,18-24,无需要照顾的孩子,服务业者,service_worker,房产经纪,,,
P08497,王子晨,男,34,30-34,有未成年孩子,体力劳动者,manual_worker,配送员,,,
P08498,刘源景,男,35,35-39,有未成年孩子,上班族,office_worker,会计,,,
P08499,陈源天,男,45,40-45,有未成年孩子,上班族,office_worker,高级运营专员,,,
P08500,陈嫣言,女,30,30-34,有未成年孩子,上班族,office_worker,销售经理,,,
P08501,林雨羽,女,26,25-29,无需要照顾的孩子,服务业者,service_worker,美容师,,,
P08502,徐若,女,20,18-24,无需要照顾的孩子,大学生,university_student,本科生,,,
P08503,吴知,男,28,25-29,有未成年孩子,服务业者,service_worker,保安,,,
P08504,王子嘉,女,19,18-24,无需要照顾的孩子,服务业者,service_worker,客服,,,
P08505,刘乐安,男,19,18-24,无需要照顾的孩子,服务业者,service_worker,理发师,,,
P08506,陈晴语,女,27,25-29,无需要照顾的孩子,上班族,office_worker,软件工程师,,,
P08507,孙哲心,男,30,30-34,无需要照顾的孩子,服务业者,service_worker,健身教练,,,
P08508,赵睿,男,27,25-29,有未成年孩子,自由业者,freelancer,私教,,,
P08509,陈涵涵,女,33,30-34,有未成年孩子,上班族,office_worker,销售代表,,,
P08510,黄嫣晨,女,33,30-34,无需要照顾的孩子,自由业者,freelancer,私教,,,
P08511,高彤瑶,女,36,35-39,有未成年孩子,服务业者,service_worker,收银员,,,
P08512,王佳,女,38,35-39,有未成年孩子,服务业者,service_worker,咖啡师,,,
P08513,刘知子,女,41,40-45,有未成年孩子,体力劳动者,manual_worker,汽车技师,,,
P08514,陈思,男,43,40-45,有未成年孩子,上班族,office_worker,销售经理,,,
P08515,杨宇子,男,41,40-45,有未成年孩子,上班族,office_worker,高级运营专员,,,
P08516,刘星诺,男,22,18-24,无需要照顾的孩子,大学生,university_student,博士研究生,,,
P08517,袁琪怡,女,45,40-45,有未成年孩子,服务业者,service_worker,咖啡师,,,
P08518,宋宁,女,28,25-29,有未成年孩子,自由业者,freelancer,自媒体从业者,,,
P08519,张思若,女,35,35-39,无需要照顾的孩子,服务业者,service_worker,零售店员,,,
P08520,徐可晴,女,26,25-29,无需要照顾的孩子,自由业者,freelancer,独立承包商,,,
P08521,孙晨豪,男,20,18-24,有未成年孩子,体力劳动者,manual_worker,配送员,,,
P08522,王诗,女,32,30-34,无需要照顾的孩子,体力劳动者,manual_worker,设备操作员,,,
P08523,张瑶子,女,32,30-34,有未成年孩子,服务业者,service_worker,美容师,,,
P08524,刘怡乐,女,24,18-24,无需要照顾的孩子,自由业者,freelancer,私教,,,
P08525,黄涵,女,20,18-24,无需要照顾的孩子,大学生,university_student,本科生,,,
P08526,唐文,男,32,30-34,有未成年孩子,自由业者,freelancer,私教,,,
P08527,刘嘉,男,43,40-45,无需要照顾的孩子,体力劳动者,manual_worker,卡车司机,,,
P08528,刘言嫣,女,29,25-29,无需要照顾的孩子,上班族,office_worker,财务专员,,,
P08529,陈羽思,男,25,25-29,无需要照顾的孩子,上班族,office_worker,销售经理,,,
P08530,吴可欣,女,32,30-34,有未成年孩子,大学生,university_student,博士研究生,,,
P08531,袁诚清,男,30,30-34,有未成年孩子,上班族,office_worker,高级数据分析师,,,
P08532,李瑶,女,36,35-39,无需要照顾的孩子,服务业者,service_worker,酒店服务人员,,,
P08533,吴知宇,男,27,25-29,无需要照顾的孩子,体力劳动者,manual_worker,焊工,,,
P08534,邓思晓,女,29,25-29,无需要照顾的孩子,上班族,office_worker,客户专员,,,
P08535,罗梦羽,女,45,40-45,无需要照顾的孩子,体力劳动者,manual_worker,建筑工人,,,
P08536,李曦,女,42,40-45,无需要照顾的孩子,体力劳动者,manual_worker,搬运工,,,
P08537,张涵可,男,30,30-34,无需要照顾的孩子,上班族,office_worker,高级运营专员,,,
P08538,赵知,女,37,35-39,有未成年孩子,服务业者,service_worker,保安,,,
P08539,陈琪,女,26,25-29,无需要照顾的孩子,上班族,office_worker,运营专员,,,
P08540,王婷辰,女,31,30-34,有未成年孩子,自由业者,freelancer,翻译,,,
P08541,许语婷,女,22,18-24,无需要照顾的孩子,大学生,university_student,本科生,,,
P08542,孙琪桐,女,19,18-24,无需要照顾的孩子,上班族,office_worker,销售代表,,,
P08543,郭哲,男,28,25-29,无需要照顾的孩子,服务业者,service_worker,保安,,,
P08544,袁天言,男,43,40-45,无需要照顾的孩子,上班族,office_worker,运营经理,,,
P08545,王婉欣,女,41,40-45,有未成年孩子,体力劳动者,manual_worker,设备操作员,,,
P08546,陈安若,女,36,35-39,无需要照顾的孩子,上班族,office_worker,销售经理,,,
P08547,王辰桐,女,22,18-24,无需要照顾的孩子,服务业者,service_worker,理发师,,,
P08548,刘可晨,女,21,18-24,无需要照顾的孩子,服务业者,service_worker,健身教练,,,
P08549,孙语一,女,24,18-24,无需要照顾的孩子,上班族,office_worker,数据分析师,,,
P08550,王婷诺,女,33,30-34,无需要照顾的孩子,自由业者,freelancer,私教,,,
P08551,徐若怡,女,32,30-34,无需要照顾的孩子,自由业者,freelancer,独立程序员,,,
P08552,唐婷雨,女,44,40-45,有成年孩子,上班族,office_worker,销售经理,,,
P08553,张怡雅,女,24,18-24,无需要照顾的孩子,大学生,university_student,硕士研究生,,,
P08554,梁曦,女,45,40-45,有成年孩子,上班族,office_worker,部门经理,,,
P08555,张子涵,女,31,30-34,无需要照顾的孩子,自由业者,freelancer,自媒体从业者,,,
P08556,谢知涵,女,40,40-45,有未成年孩子,体力劳动者,manual_worker,焊工,,,
P08557,李涵婷,女,38,35-39,无需要照顾的孩子,上班族,office_worker,财务主管,,,
P08558,高浩文,男,31,30-34,有未成年孩子,服务业者,service_worker,咖啡师,,,
P08559,赵若子,女,28,25-29,无需要照顾的孩子,上班族,office_worker,项目经理,,,
P08560,徐羽晴,女,43,40-45,有未成年孩子,服务业者,service_worker,房产经纪,,,
P08561,刘婷诗,女,42,40-45,无需要照顾的孩子,上班族,office_worker,财务主管,,,
P08562,朱杰诚,男,19,18-24,无需要照顾的孩子,大学生,university_student,本科生,,,
P08563,刘曦,女,25,25-29,无需要照顾的孩子,上班族,office_worker,行政专员,,,
P08564,曹知辰,女,43,40-45,有成年孩子,上班族,office_worker,产品经理,,,
P08565,谢桐怡,女,20,18-24,无需要照顾的孩子,服务业者,service_worker,收银员,,,
P08566,李曦诗,女,19,18-24,无需要照顾的孩子,体力劳动者,manual_worker,卡车司机,,,
P08567,高宁一,女,25,25-29,无需要照顾的孩子,体力劳动者,manual_worker,安装工,,,
P08568,李子志,男,44,40-45,无需要照顾的孩子,体力劳动者,manual_worker,设备操作员,,,
P08569,孙梦,女,31,30-34,无需要照顾的孩子,上班族,office_worker,高级软件工程师,,,
P08570,王豪,男,30,30-34,有未成年孩子,上班族,office_worker,销售代表,,,
P08571,王景浩,男,27,25-29,无需要照顾的孩子,服务业者,service_worker,客服,,,
P08572,赵源思,女,24,18-24,无需要照顾的孩子,上班族,office_worker,财务专员,,,
P08573,周晴,女,27,25-29,无需要照顾的孩子,体力劳动者,manual_worker,焊工,,,
P08574,黄语欣,女,43,40-45,有未成年孩子,上班族,office_worker,采购专员,,,
P08575,王知轩,男,43,40-45,无需要照顾的孩子,服务业者,service_worker,咖啡师,,,
P08576,杨可诗,女,27,25-29,无需要照顾的孩子,上班族,office_worker,销售代表,,,
P08577,陈曦宁,女,34,30-34,有未成年孩子,自由业者,freelancer,独立承包商,,,
P08578,许雅安,女,30,30-34,无需要照顾的孩子,服务业者,service_worker,零售店员,,,
P08579,马子欣,女,31,30-34,无需要照顾的孩子,服务业者,service_worker,美容师,,,
P08580,赵远静,女,25,25-29,无需要照顾的孩子,上班族,office_worker,会计,,,
P08581,袁若,女,38,35-39,有未成年孩子,上班族,office_worker,客户专员,,,
P08582,朱可婷,女,43,40-45,有未成年孩子,服务业者,service_worker,酒店前台,,,
P08583,孙文宁,男,24,18-24,无需要照顾的孩子,大学生,university_student,硕士研究生,,,
P08584,刘涵诚,男,38,35-39,无需要照顾的孩子,服务业者,service_worker,美容师,,,
P08585,冯宁景,男,23,18-24,无需要照顾的孩子,服务业者,service_worker,餐厅服务员,,,
P08586,张辰诚,男,38,35-39,有未成年孩子,服务业者,service_worker,零售店员,,,
P08587,林博轩,男,32,30-34,无需要照顾的孩子,上班族,office_worker,采购专员,,,
P08588,张杰远,男,27,25-29,无需要照顾的孩子,上班族,office_worker,HR经理,,,
P08589,韩晴知,女,22,18-24,无需要照顾的孩子,大学生,university_student,本科生,,,
P08590,王一琪,女,42,40-45,无需要照顾的孩子,上班族,office_worker,采购经理,,,
P08591,李辰瑶,女,22,18-24,无需要照顾的孩子,服务业者,service_worker,厨师,,,
P08592,李琪佳,女,18,18-24,无需要照顾的孩子,大学生,university_student,本科生,,,
P08593,赵欣曦,女,44,40-45,有未成年孩子,体力劳动者,manual_worker,卡车司机,,,
P08594,李嘉明,男,36,35-39,有未成年孩子,服务业者,service_worker,零售店员,,,
P08595,周欣雨,女,45,40-45,无需要照顾的孩子,上班族,office_worker,项目经理,,,
P08596,孙言诺,男,37,35-39,有未成年孩子,自由业者,freelancer,独立程序员,,,
P08597,赵远昊,男,41,40-45,无需要照顾的孩子,上班族,office_worker,采购经理,,,
P08598,陈婷一,女,20,18-24,无需要照顾的孩子,服务业者,service_worker,客服,,,
P08599,李宁乐,女,31,30-34,有未成年孩子,上班族,office_worker,技术经理,,,
P08600,周桐星,女,39,35-39,有未成年孩子,上班族,office_worker,项目经理,,,
P08601,宋佳源,女,31,30-34,无需要照顾的孩子,上班族,office_worker,HR经理,,,
P08602,马婉乐,女,30,30-34,无需要照顾的孩子,上班族,office_worker,采购经理,,,
P08603,王晨静,女,44,40-45,无需要照顾的孩子,体力劳动者,manual_worker,电工,,,
P08604,刘景涵,男,19,18-24,无需要照顾的孩子,大学生,university_student,本科生,,,
P08605,冯嫣言,女,45,40-45,有未成年孩子,服务业者,service_worker,健身教练,,,
P08606,何一,女,35,35-39,无需要照顾的孩子,上班族,office_worker,客户经理,,,
P08607,李曦怡,女,30,30-34,有未成年孩子,上班族,office_worker,销售经理,,,
P08608,吴欣辰,女,45,40-45,有未成年孩子,上班族,office_worker,设计师,,,
P08609,李若,女,28,25-29,无需要照顾的孩子,自由业者,freelancer,自由设计师,,,
P08610,徐豪志,男,41,40-45,有成年孩子,上班族,office_worker,业务负责人,,,
P08611,刘一雅,女,30,30-34,有未成年孩子,服务业者,service_worker,收银员,,,
P08612,孙欣涵,女,25,25-29,无需要照顾的孩子,上班族,office_worker,运营专员,,,
P08613,周志,男,31,30-34,无需要照顾的孩子,服务业者,service_worker,零售店员,,,
P08614,王泽楷,男,40,40-45,无需要照顾的孩子,自由业者,freelancer,咨询顾问,,,
P08615,宋欣怡,女,37,35-39,有未成年孩子,自由业者,freelancer,独立承包商,,,
P08616,胡子雨,女,40,40-45,无需要照顾的孩子,服务业者,service_worker,餐厅服务员,,,
P08617,刘可瑶,女,29,25-29,有未成年孩子,上班族,office_worker,数据分析师,,,
P08618,张源宇,男,33,30-34,有未成年孩子,自由业者,freelancer,网店经营者,,,
P08619,王思嘉,女,22,18-24,无需要照顾的孩子,大学生,university_student,本科生,,,
P08620,袁泽涵,男,21,18-24,无需要照顾的孩子,大学生,university_student,硕士研究生,,,
P08621,杨佑昊,男,35,35-39,有未成年孩子,上班族,office_worker,客户经理,,,
P08622,谢欣可,女,28,25-29,无需要照顾的孩子,体力劳动者,manual_worker,搬运工,,,
P08623,周文清,男,24,18-24,无需要照顾的孩子,上班族,office_worker,销售代表,,,
P08624,林轩晨,男,33,30-34,无需要照顾的孩子,上班族,office_worker,财务专员,,,
P08625,周琪琪,女,24,18-24,无需要照顾的孩子,服务业者,service_worker,理发师,,,
P08626,梁婉心,女,26,25-29,无需要照顾的孩子,上班族,office_worker,会计,,,
P08627,李宁,男,23,18-24,无需要照顾的孩子,体力劳动者,manual_worker,设备操作员,,,
P08628,李辰嘉,女,24,18-24,无需要照顾的孩子,服务业者,service_worker,酒店服务人员,,,
P08629,徐言言,女,33,30-34,无需要照顾的孩子,上班族,office_worker,高级软件工程师,,,
P08630,胡嘉,男,25,25-29,无需要照顾的孩子,体力劳动者,manual_worker,搬运工,,,
P08631,赵乐,女,20,18-24,无需要照顾的孩子,大学生,university_student,本科生,,,
P08632,冯宁婉,女,35,35-39,有未成年孩子,上班族,office_worker,设计师,,,
P08633,郑彤辰,女,40,40-45,无需要照顾的孩子,上班族,office_worker,HR经理,,,
P08634,陈晨雅,女,22,18-24,无需要照顾的孩子,服务业者,service_worker,咖啡师,,,
P08635,李雅佳,女,32,30-34,无需要照顾的孩子,上班族,office_worker,采购经理,,,
P08636,宋诺怡,女,38,35-39,有未成年孩子,上班族,office_worker,高级软件工程师,,,
P08637,黄言可,女,42,40-45,无需要照顾的孩子,上班族,office_worker,运营经理,,,
P08638,李诗雨,女,28,25-29,有未成年孩子,上班族,office_worker,高级运营专员,,,
P08639,冯心心,女,35,35-39,有未成年孩子,上班族,office_worker,项目经理,,,
P08640,张嘉雨,女,28,25-29,无需要照顾的孩子,服务业者,service_worker,美容师,,,
P08641,高浩嘉,男,44,40-45,有未成年孩子,体力劳动者,manual_worker,汽车技师,,,
P08642,许天,男,25,25-29,无需要照顾的孩子,上班族,office_worker,数据分析师,,,
P08643,孙可琪,女,36,35-39,有成年孩子,上班族,office_worker,设计师,,,
P08644,刘雅,女,27,25-29,无需要照顾的孩子,服务业者,service_worker,咖啡师,,,
P08645,罗清宁,女,41,40-45,无需要照顾的孩子,上班族,office_worker,技术经理,,,
P08646,王知,男,20,18-24,无需要照顾的孩子,上班族,office_worker,设计师,,,
P08647,刘晓涵,女,30,30-34,有未成年孩子,上班族,office_worker,高级运营专员,,,
P08648,张欣乐,女,34,30-34,有未成年孩子,上班族,office_worker,财务主管,,,
P08649,周清,女,35,35-39,有未成年孩子,上班族,office_worker,客户专员,,,
P08650,程安涵,女,19,18-24,无需要照顾的孩子,服务业者,service_worker,美容师,,,
P08651,陈睿心,男,36,35-39,无需要照顾的孩子,上班族,office_worker,高级数据分析师,,,
P08652,孙琪涵,女,34,30-34,无需要照顾的孩子,上班族,office_worker,运营专员,,,
P08653,杨轩子,男,43,40-45,无需要照顾的孩子,体力劳动者,manual_worker,安装工,,,
P08654,王远宁,男,42,40-45,无需要照顾的孩子,体力劳动者,manual_worker,维修技师,,,
P08655,林欣远,女,26,25-29,无需要照顾的孩子,上班族,office_worker,运营专员,,,
P08656,刘天辰,男,34,30-34,有未成年孩子,上班族,office_worker,客户专员,,,
P08657,林琪思,女,24,18-24,无需要照顾的孩子,体力劳动者,manual_worker,电工,,,
P08658,胡知,女,41,40-45,有未成年孩子,体力劳动者,manual_worker,卡车司机,,,
P08659,杨清曦,女,39,35-39,有未成年孩子,自由业者,freelancer,独立承包商,,,
P08660,周辰涵,女,25,25-29,无需要照顾的孩子,上班族,office_worker,设计师,,,
P08661,赵嘉睿,男,25,25-29,无需要照顾的孩子,体力劳动者,manual_worker,搬运工,,,
P08662,张若婉,女,31,30-34,无需要照顾的孩子,服务业者,service_worker,餐厅服务员,,,
P08663,于诗语,女,34,30-34,无需要照顾的孩子,上班族,office_worker,软件工程师,,,
P08664,李晓婉,女,26,25-29,有未成年孩子,上班族,office_worker,客户专员,,,
P08665,吴婷可,女,24,18-24,无需要照顾的孩子,上班族,office_worker,运营专员,,,
P08666,赵晨子,女,30,30-34,无需要照顾的孩子,体力劳动者,manual_worker,设备操作员,,,
P08667,董安若,女,21,18-24,无需要照顾的孩子,上班族,office_worker,软件工程师,,,
P08668,陈远晴,女,25,25-29,无需要照顾的孩子,体力劳动者,manual_worker,卡车司机,,,
P08669,李欣诗,女,31,30-34,无需要照顾的孩子,体力劳动者,manual_worker,仓库操作员,,,
P08670,刘怡知,女,33,30-34,无需要照顾的孩子,上班族,office_worker,采购经理,,,
P08671,刘楷星,男,25,25-29,无需要照顾的孩子,自由业者,freelancer,自由销售,,,
P08672,陈安梦,女,25,25-29,有未成年孩子,上班族,office_worker,会计,,,
P08673,刘安,女,29,25-29,无需要照顾的孩子,上班族,office_worker,采购经理,,,
P08674,高远,女,31,30-34,有未成年孩子,服务业者,service_worker,客服,,,
P08675,李轩,男,34,30-34,有未成年孩子,自由业者,freelancer,独立承包商,,,
P08676,王梓远,男,29,25-29,无需要照顾的孩子,自由业者,freelancer,网店经营者,,,
P08677,黄宁怡,女,38,35-39,有未成年孩子,上班族,office_worker,财务主管,,,
P08678,刘轩宇,男,31,30-34,有未成年孩子,上班族,office_worker,产品经理,,,
P08679,高曦,女,40,40-45,无需要照顾的孩子,上班族,office_worker,财务主管,,,
P08680,朱羽知,女,29,25-29,无需要照顾的孩子,上班族,office_worker,销售代表,,,
P08681,张嫣子,女,24,18-24,有未成年孩子,大学生,university_student,硕士研究生,,,
P08682,周宁,女,18,18-24,无需要照顾的孩子,大学生,university_student,本科生,,,
P08683,林乐可,女,26,25-29,有未成年孩子,自由业者,freelancer,自由设计师,,,
P08684,林桐静,女,42,40-45,有未成年孩子,自由业者,freelancer,独立程序员,,,
P08685,吴若婷,女,33,30-34,无需要照顾的孩子,自由业者,freelancer,独立承包商,,,
P08686,王婉语,女,35,35-39,有未成年孩子,自由业者,freelancer,私教,,,
P08687,李涵语,女,34,30-34,无需要照顾的孩子,体力劳动者,manual_worker,仓库操作员,,,
P08688,李梦,女,34,30-34,有未成年孩子,上班族,office_worker,采购经理,,,
P08689,曹子可,女,28,25-29,无需要照顾的孩子,上班族,office_worker,软件工程师,,,
P08690,董子晨,女,41,40-45,有未成年孩子,上班族,office_worker,财务专员,,,
P08691,程子可,女,44,40-45,有未成年孩子,体力劳动者,manual_worker,焊工,,,
P08692,程昊杰,男,41,40-45,有未成年孩子,上班族,office_worker,软件工程师,,,
P08693,李远一,女,37,35-39,无需要照顾的孩子,服务业者,service_worker,零售店员,,,
P08694,黄言,女,34,30-34,无需要照顾的孩子,上班族,office_worker,高级数据分析师,,,
P08695,杨清,女,36,35-39,有未成年孩子,上班族,office_worker,运营专员,,,
P08696,张楷远,男,23,18-24,无需要照顾的孩子,服务业者,service_worker,客服,,,
P08697,杨彤怡,女,32,30-34,有未成年孩子,服务业者,service_worker,厨师,,,
P08698,吴瑶,女,28,25-29,无需要照顾的孩子,上班族,office_worker,数据分析师,,,
P08699,张诚子,男,41,40-45,有未成年孩子,体力劳动者,manual_worker,汽车技师,,,
P08700,李琪嫣,女,34,30-34,有未成年孩子,自由业者,freelancer,独立承包商,,,
P08701,张嫣宁,女,44,40-45,有成年孩子,自由业者,freelancer,独立程序员,,,
P08702,于一,女,23,18-24,有未成年孩子,大学生,university_student,硕士研究生,,,
P08703,罗欣远,女,22,18-24,无需要照顾的孩子,上班族,office_worker,行政专员,,,
P08704,王涵静,女,37,35-39,无需要照顾的孩子,上班族,office_worker,采购经理,,,
P08705,梁辰清,女,43,40-45,有未成年孩子,上班族,office_worker,运营专员,,,
P08706,胡安思,女,30,30-34,有未成年孩子,上班族,office_worker,运营经理,,,
P08707,张乐言,男,33,30-34,无需要照顾的孩子,上班族,office_worker,高级数据分析师,,,
P08708,何梓豪,男,44,40-45,无需要照顾的孩子,服务业者,service_worker,厨师,,,
P08709,陈可,女,26,25-29,无需要照顾的孩子,服务业者,service_worker,健身教练,,,
P08710,杨博宇,男,35,35-39,有未成年孩子,上班族,office_worker,高级数据分析师,,,
P08711,杨怡雨,女,30,30-34,无需要照顾的孩子,上班族,office_worker,高级运营专员,,,
P08712,林瑶远,女,41,40-45,无需要照顾的孩子,上班族,office_worker,高级软件工程师,,,
P08713,吴可涵,女,42,40-45,无需要照顾的孩子,服务业者,service_worker,收银员,,,
P08714,王可涵,女,28,25-29,无需要照顾的孩子,服务业者,service_worker,房产经纪,,,
P08715,许诺婉,女,28,25-29,有未成年孩子,服务业者,service_worker,零售店员,,,
P08716,胡心怡,女,23,18-24,无需要照顾的孩子,服务业者,service_worker,保安,,,
P08717,李涵清,女,32,30-34,有未成年孩子,自由业者,freelancer,自由销售,,,
P08718,何语心,女,42,40-45,有未成年孩子,服务业者,service_worker,餐厅服务员,,,
P08719,林思,女,41,40-45,无需要照顾的孩子,服务业者,service_worker,房产经纪,,,
P08720,刘涵,女,41,40-45,有未成年孩子,体力劳动者,manual_worker,快递员,,,
P08721,黄子远,女,21,18-24,无需要照顾的孩子,大学生,university_student,本科生,,,
P08722,马轩天,男,43,40-45,有未成年孩子,服务业者,service_worker,美容师,,,
P08723,王彤晴,女,45,40-45,有未成年孩子,服务业者,service_worker,咖啡师,,,
P08724,刘诗涵,女,25,25-29,无需要照顾的孩子,上班族,office_worker,设计师,,,
P08725,张乐彤,女,19,18-24,无需要照顾的孩子,上班族,office_worker,会计,,,
P08726,张佑,男,19,18-24,无需要照顾的孩子,体力劳动者,manual_worker,安装工,,,
P08727,曹涵哲,男,24,18-24,无需要照顾的孩子,上班族,office_worker,财务专员,,,
P08728,高雅梦,女,29,25-29,无需要照顾的孩子,服务业者,service_worker,客服,,,
P08729,胡清乐,女,21,18-24,无需要照顾的孩子,大学生,university_student,本科生,,,
P08730,何远婷,女,20,18-24,无需要照顾的孩子,服务业者,service_worker,酒店服务人员,,,
P08731,张远志,男,37,35-39,有未成年孩子,自由业者,freelancer,自由销售,,,
P08732,袁语晴,女,20,18-24,无需要照顾的孩子,服务业者,service_worker,客服,,,
P08733,何静晴,女,30,30-34,有未成年孩子,服务业者,service_worker,收银员,,,
P08734,王乐文,男,39,35-39,有未成年孩子,自由业者,freelancer,私教,,,
P08735,朱宁嫣,女,32,30-34,无需要照顾的孩子,上班族,office_worker,行政专员,,,
P08736,胡佳怡,女,36,35-39,有未成年孩子,上班族,office_worker,客户经理,,,
P08737,张一,女,39,35-39,有未成年孩子,自由业者,freelancer,私教,,,
P08738,马佑豪,男,18,18-24,无需要照顾的孩子,自由业者,freelancer,独立承包商,,,
P08739,刘曦静,女,30,30-34,无需要照顾的孩子,上班族,office_worker,高级软件工程师,,,
P08740,刘思语,女,34,30-34,有未成年孩子,服务业者,service_worker,酒店服务人员,,,
P08741,何琪子,女,23,18-24,无需要照顾的孩子,大学生,university_student,硕士研究生,,,
P08742,张然嘉,男,35,35-39,有未成年孩子,自由业者,freelancer,私教,,,
P08743,马桐欣,女,24,18-24,无需要照顾的孩子,上班族,office_worker,行政专员,,,
P08744,何瑶若,女,18,18-24,无需要照顾的孩子,服务业者,service_worker,酒店前台,,,
P08745,李宁宁,女,38,35-39,有未成年孩子,上班族,office_worker,HR经理,,,
P08746,罗彤涵,女,35,35-39,有未成年孩子,上班族,office_worker,业务负责人,,,
P08747,李宁嘉,男,29,25-29,无需要照顾的孩子,自由业者,freelancer,自由销售,,,
P08748,宋涵雅,女,37,35-39,无需要照顾的孩子,上班族,office_worker,财务主管,,,
P08749,黄雅,女,36,35-39,有未成年孩子,自由业者,freelancer,网店经营者,,,
P08750,唐欣知,女,29,25-29,无需要照顾的孩子,上班族,office_worker,高级数据分析师,,,
P08751,胡诺,女,41,40-45,有未成年孩子,上班族,office_worker,高级软件工程师,,,
P08752,李佳源,女,39,35-39,有未成年孩子,体力劳动者,manual_worker,安装工,,,
P08753,李婷宁,女,29,25-29,无需要照顾的孩子,体力劳动者,manual_worker,焊工,,,
P08754,郑婷雨,女,33,30-34,无需要照顾的孩子,上班族,office_worker,行政专员,,,
P08755,赵可梦,女,44,40-45,有未成年孩子,上班族,office_worker,采购经理,,,
P08756,徐安明,男,32,30-34,有未成年孩子,上班族,office_worker,HR经理,,,
P08757,赵嫣远,女,35,35-39,无需要照顾的孩子,上班族,office_worker,项目经理,,,
P08758,高雅辰,女,25,25-29,无需要照顾的孩子,服务业者,service_worker,餐厅服务员,,,
P08759,高心,男,41,40-45,无需要照顾的孩子,上班族,office_worker,采购经理,,,
P08760,高晨源,女,35,35-39,有未成年孩子,自由业者,freelancer,独立程序员,,,
P08761,刘明豪,男,34,30-34,有未成年孩子,自由业者,freelancer,私教,,,
P08762,谢羽知,女,32,30-34,有未成年孩子,自由业者,freelancer,私教,,,
P08763,李安,女,43,40-45,无需要照顾的孩子,服务业者,service_worker,客服,,,
P08764,周思琪,女,36,35-39,有未成年孩子,上班族,office_worker,高级数据分析师,,,
P08765,刘嘉涵,男,34,30-34,有未成年孩子,上班族,office_worker,HR经理,,,
P08766,高嘉,男,42,40-45,有未成年孩子,上班族,office_worker,财务专员,,,
P08767,周语瑶,女,45,40-45,有未成年孩子,体力劳动者,manual_worker,焊工,,,
P08768,徐知心,男,27,25-29,无需要照顾的孩子,自由业者,freelancer,网店经营者,,,
P08769,杨怡安,女,33,30-34,有未成年孩子,自由业者,freelancer,自由设计师,,,
P08770,孙欣桐,女,26,25-29,无需要照顾的孩子,上班族,office_worker,客户专员,,,
P08771,徐思源,女,23,18-24,无需要照顾的孩子,大学生,university_student,硕士研究生,,,
P08772,刘晨,男,33,30-34,无需要照顾的孩子,上班族,office_worker,财务主管,,,
P08773,梁思一,女,30,30-34,有未成年孩子,体力劳动者,manual_worker,电工,,,
P08774,赵瑶,女,20,18-24,无需要照顾的孩子,体力劳动者,manual_worker,维修技师,,,
P08775,周豪心,男,31,30-34,无需要照顾的孩子,上班族,office_worker,设计师,,,
P08776,张志羽,男,32,30-34,有未成年孩子,服务业者,service_worker,保安,,,
P08777,何梦雅,女,35,35-39,有未成年孩子,上班族,office_worker,高级产品经理,,,
P08778,宋雨瑶,女,31,30-34,无需要照顾的孩子,体力劳动者,manual_worker,维修技师,,,
P08779,张俊博,男,37,35-39,有未成年孩子,服务业者,service_worker,保安,,,
P08780,陈言心,女,31,30-34,有未成年孩子,上班族,office_worker,财务主管,,,
P08781,吴怡涵,女,27,25-29,无需要照顾的孩子,上班族,office_worker,高级数据分析师,,,
P08782,胡子清,女,45,40-45,有未成年孩子,上班族,office_worker,财务主管,,,
P08783,谢安瑶,女,39,35-39,有未成年孩子,服务业者,service_worker,收银员,,,
P08784,马嘉子,男,19,18-24,无需要照顾的孩子,服务业者,service_worker,咖啡师,,,
P08785,马泽浩,男,32,30-34,有未成年孩子,上班族,office_worker,财务专员,,,
P08786,张佳怡,女,29,25-29,无需要照顾的孩子,上班族,office_worker,项目经理,,,
P08787,徐文豪,男,33,30-34,有未成年孩子,上班族,office_worker,财务经理,,,
P08788,王梦嘉,女,28,25-29,无需要照顾的孩子,上班族,office_worker,行政专员,,,
P08789,刘辰知,女,31,30-34,有未成年孩子,上班族,office_worker,项目经理,,,
P08790,郑思雅,女,27,25-29,无需要照顾的孩子,上班族,office_worker,项目经理,,,
P08791,杨源宁,女,22,18-24,无需要照顾的孩子,大学生,university_student,本科生,,,
P08792,马嘉晨,男,24,18-24,无需要照顾的孩子,大学生,university_student,博士研究生,,,
P08793,赵可佳,女,35,35-39,有成年孩子,上班族,office_worker,高级运营专员,,,
P08794,梁婷欣,女,38,35-39,有未成年孩子,上班族,office_worker,销售经理,,,
P08795,张诺欣,女,31,30-34,无需要照顾的孩子,上班族,office_worker,数据分析师,,,
P08796,董豪文,男,35,35-39,有未成年孩子,上班族,office_worker,采购专员,,,
P08797,张思杰,男,38,35-39,无需要照顾的孩子,上班族,office_worker,采购经理,,,
P08798,陈桐若,女,25,25-29,无需要照顾的孩子,服务业者,service_worker,理发师,,,
P08799,高文安,男,35,35-39,有未成年孩子,上班族,office_worker,高级数据分析师,,,
P08800,黄欣婷,女,39,35-39,有未成年孩子,上班族,office_worker,销售经理,,,
P08801,王静诗,女,31,30-34,有未成年孩子,自由业者,freelancer,网店经营者,,,
P08802,胡俊博,男,39,35-39,有未成年孩子,体力劳动者,manual_worker,焊工,,,
P08803,黄子涵,男,33,30-34,无需要照顾的孩子,体力劳动者,manual_worker,卡车司机,,,
P08804,王子佳,女,41,40-45,无需要照顾的孩子,体力劳动者,manual_worker,仓库操作员,,,
P08805,赵婉雨,女,45,40-45,无需要照顾的孩子,服务业者,service_worker,房产经纪,,,
P08806,李可嫣,女,41,40-45,有成年孩子,服务业者,service_worker,零售店员,,,
P08807,刘一曦,女,39,35-39,无需要照顾的孩子,上班族,office_worker,高级数据分析师,,,
P08808,罗言瑶,女,24,18-24,有未成年孩子,大学生,university_student,硕士研究生,,,
P08809,张言文,男,38,35-39,有未成年孩子,服务业者,service_worker,理发师,,,
P08810,周怡晓,女,39,35-39,有未成年孩子,上班族,office_worker,销售经理,,,
P08811,谢志然,男,23,18-24,无需要照顾的孩子,体力劳动者,manual_worker,电工,,,
P08812,张清婉,女,30,30-34,无需要照顾的孩子,自由业者,freelancer,网店经营者,,,
P08813,王源彤,女,34,30-34,无需要照顾的孩子,上班族,office_worker,行政专员,,,
P08814,孙嫣诺,女,24,18-24,无需要照顾的孩子,上班族,office_worker,财务专员,,,
P08815,陈宁,女,45,40-45,有未成年孩子,体力劳动者,manual_worker,维修技师,,,
P08816,王宁怡,女,29,25-29,有未成年孩子,上班族,office_worker,设计师,,,
P08817,李佳诺,女,33,30-34,无需要照顾的孩子,上班族,office_worker,采购专员,,,
P08818,邓志宁,男,29,25-29,无需要照顾的孩子,大学生,university_student,博士研究生,,,
P08819,吴雨婷,女,30,30-34,无需要照顾的孩子,体力劳动者,manual_worker,电工,,,
P08820,李源,女,45,40-45,有未成年孩子,上班族,office_worker,客户专员,,,
P08821,张桐羽,女,43,40-45,有未成年孩子,自由业者,freelancer,私教,,,
P08822,孙诗,女,28,25-29,有未成年孩子,上班族,office_worker,软件工程师,,,
P08823,郑哲宁,男,34,30-34,无需要照顾的孩子,上班族,office_worker,销售代表,,,
P08824,邓乐,男,44,40-45,有未成年孩子,服务业者,service_worker,理发师,,,
P08825,杨晨,女,26,25-29,无需要照顾的孩子,体力劳动者,manual_worker,焊工,,,
P08826,郭一晨,女,31,30-34,有未成年孩子,服务业者,service_worker,零售店员,,,
P08827,王阳一,男,23,18-24,无需要照顾的孩子,大学生,university_student,本科生,,,
P08828,林佳星,女,37,35-39,无需要照顾的孩子,自由业者,freelancer,网店经营者,,,
P08829,刘心佳,女,45,40-45,有未成年孩子,上班族,office_worker,人力资源经理,,,
P08830,黄曦嘉,女,31,30-34,无需要照顾的孩子,服务业者,service_worker,客服,,,
P08831,杨琪可,女,20,18-24,无需要照顾的孩子,体力劳动者,manual_worker,建筑工人,,,
P08832,李羽,女,27,25-29,有未成年孩子,大学生,university_student,硕士研究生,,,
P08833,李彤,女,28,25-29,有未成年孩子,上班族,office_worker,销售代表,,,
P08834,李佳辰,女,28,25-29,无需要照顾的孩子,服务业者,service_worker,美容师,,,
P08835,王天博,男,34,30-34,有未成年孩子,服务业者,service_worker,咖啡师,,,
P08836,韩怡婷,女,29,25-29,无需要照顾的孩子,上班族,office_worker,销售代表,,,
P08837,郭宁诺,女,30,30-34,有未成年孩子,大学生,university_student,博士研究生,,,
P08838,刘泽哲,男,36,35-39,有未成年孩子,体力劳动者,manual_worker,建筑工人,,,
P08839,王桐欣,女,30,30-34,无需要照顾的孩子,服务业者,service_worker,酒店前台,,,
P08840,张语晴,女,45,40-45,有未成年孩子,上班族,office_worker,财务主管,,,
P08841,王楷哲,男,42,40-45,有未成年孩子,上班族,office_worker,客户经理,,,
P08842,王琪琪,女,40,40-45,无需要照顾的孩子,上班族,office_worker,高级数据分析师,,,
P08843,王梦安,女,44,40-45,有未成年孩子,体力劳动者,manual_worker,卡车司机,,,
P08844,冯嫣可,女,33,30-34,无需要照顾的孩子,自由业者,freelancer,摄影师,,,
P08845,李佳嘉,女,31,30-34,无需要照顾的孩子,上班族,office_worker,高级数据分析师,,,
P08846,赵佳婷,女,30,30-34,无需要照顾的孩子,上班族,office_worker,客户专员,,,
P08847,李可,女,23,18-24,无需要照顾的孩子,服务业者,service_worker,健身教练,,,
P08848,何思,女,43,40-45,有未成年孩子,服务业者,service_worker,客服,,,
P08849,宋桐若,女,36,35-39,有未成年孩子,服务业者,service_worker,酒店前台,,,
P08850,徐一可,女,37,35-39,无需要照顾的孩子,上班族,office_worker,产品经理,,,
P08851,袁豪宁,男,20,18-24,无需要照顾的孩子,自由业者,freelancer,私教,,,
P08852,王思宁,女,39,35-39,有未成年孩子,上班族,office_worker,财务专员,,,
P08853,刘一,女,32,30-34,无需要照顾的孩子,自由业者,freelancer,自由设计师,,,
P08854,刘雨,女,20,18-24,无需要照顾的孩子,大学生,university_student,本科生,,,
P08855,陈诺,男,20,18-24,无需要照顾的孩子,大学生,university_student,本科生,,,
P08856,王远,女,37,35-39,无需要照顾的孩子,上班族,office_worker,高级运营专员,,,
P08857,朱琪嘉,女,32,30-34,无需要照顾的孩子,上班族,office_worker,项目经理,,,
P08858,黄心,男,39,35-39,有未成年孩子,上班族,office_worker,高级产品经理,,,
P08859,谢哲诚,男,30,30-34,有未成年孩子,自由业者,freelancer,自媒体从业者,,,
P08860,张宁,女,22,18-24,无需要照顾的孩子,上班族,office_worker,软件工程师,,,
P08861,董思诺,女,22,18-24,无需要照顾的孩子,大学生,university_student,本科生,,,
P08862,黄若思,女,43,40-45,有未成年孩子,上班族,office_worker,客户经理,,,
P08863,胡雅宁,女,33,30-34,无需要照顾的孩子,服务业者,service_worker,房产经纪,,,
P08864,王涵怡,女,40,40-45,有未成年孩子,上班族,office_worker,产品经理,,,
P08865,杨怡若,女,27,25-29,无需要照顾的孩子,上班族,office_worker,运营专员,,,
P08866,高思梦,女,36,35-39,无需要照顾的孩子,体力劳动者,manual_worker,搬运工,,,
P08867,李瑶彤,女,33,30-34,有未成年孩子,上班族,office_worker,行政专员,,,
P08868,杨诺诚,男,20,18-24,无需要照顾的孩子,体力劳动者,manual_worker,仓库操作员,,,
P08869,周哲嘉,男,33,30-34,无需要照顾的孩子,体力劳动者,manual_worker,卡车司机,,,
P08870,徐楷泽,男,41,40-45,无需要照顾的孩子,上班族,office_worker,数据分析师,,,
P08871,唐心婷,女,35,35-39,有未成年孩子,服务业者,service_worker,健身教练,,,
P08872,董婷,女,37,35-39,无需要照顾的孩子,上班族,office_worker,数据分析师,,,
P08873,郭星怡,女,41,40-45,有成年孩子,体力劳动者,manual_worker,汽车技师,,,
P08874,杨源可,女,30,30-34,无需要照顾的孩子,服务业者,service_worker,美容师,,,
P08875,王然远,男,19,18-24,无需要照顾的孩子,服务业者,service_worker,餐厅服务员,,,
P08876,孙婷子,女,34,30-34,无需要照顾的孩子,上班族,office_worker,高级数据分析师,,,
P08877,王宁,男,38,35-39,无需要照顾的孩子,上班族,office_worker,高级数据分析师,,,
P08878,陈婷婷,女,45,40-45,有成年孩子,服务业者,service_worker,美容师,,,
P08879,王若可,女,27,25-29,无需要照顾的孩子,自由业者,freelancer,私教,,,
P08880,林涵,女,38,35-39,无需要照顾的孩子,体力劳动者,manual_worker,快递员,,,
P08881,冯欣思,女,42,40-45,有未成年孩子,服务业者,service_worker,保安,,,
P08882,杨羽思,女,43,40-45,有未成年孩子,自由业者,freelancer,独立承包商,,,
P08883,张宁一,女,38,35-39,无需要照顾的孩子,自由业者,freelancer,自由销售,,,
P08884,李轩,男,38,35-39,有未成年孩子,上班族,office_worker,产品经理,,,
P08885,李阳羽,男,41,40-45,有成年孩子,服务业者,service_worker,酒店服务人员,,,
P08886,陈思宁,女,39,35-39,有未成年孩子,体力劳动者,manual_worker,焊工,,,
P08887,李一宁,女,45,40-45,有未成年孩子,上班族,office_worker,高级数据分析师,,,
P08888,唐欣晨,女,26,25-29,无需要照顾的孩子,自由业者,freelancer,咨询顾问,,,
P08889,徐言,女,26,25-29,无需要照顾的孩子,自由业者,freelancer,独立承包商,,,
P08890,李清宁,女,25,25-29,有未成年孩子,体力劳动者,manual_worker,维修技师,,,
P08891,杨雨晨,女,20,18-24,无需要照顾的孩子,服务业者,service_worker,厨师,,,
P08892,罗婷,女,29,25-29,无需要照顾的孩子,上班族,office_worker,客户专员,,,
P08893,冯轩博,男,32,30-34,无需要照顾的孩子,上班族,office_worker,数据分析师,,,
P08894,吴嘉思,女,40,40-45,有未成年孩子,上班族,office_worker,人力资源经理,,,
P08895,陈瑶清,女,39,35-39,无需要照顾的孩子,自由业者,freelancer,翻译,,,
P08896,罗曦佳,女,44,40-45,有未成年孩子,自由业者,freelancer,网店经营者,,,
P08897,张诺瑶,女,31,30-34,无需要照顾的孩子,大学生,university_student,博士研究生,,,
P08898,高诺怡,女,42,40-45,有未成年孩子,体力劳动者,manual_worker,配送员,,,
P08899,张雅,女,36,35-39,无需要照顾的孩子,自由业者,freelancer,咨询顾问,,,
P08900,黄桐婷,女,44,40-45,有未成年孩子,体力劳动者,manual_worker,汽车技师,,,
P08901,李轩泽,男,39,35-39,有未成年孩子,上班族,office_worker,销售经理,,,
P08902,王星佳,女,25,25-29,无需要照顾的孩子,体力劳动者,manual_worker,建筑工人,,,
P08903,杨思语,女,33,30-34,无需要照顾的孩子,服务业者,service_worker,酒店服务人员,,,
P08904,刘言,女,22,18-24,无需要照顾的孩子,上班族,office_worker,采购专员,,,
P08905,冯雅佳,女,26,25-29,无需要照顾的孩子,服务业者,service_worker,零售店员,,,
P08906,王涵怡,女,34,30-34,有未成年孩子,服务业者,service_worker,收银员,,,
P08907,李一怡,女,33,30-34,无需要照顾的孩子,上班族,office_worker,项目经理,,,
P08908,梁嘉思,女,44,40-45,有未成年孩子,上班族,office_worker,采购经理,,,
P08909,刘晓涵,女,31,30-34,有未成年孩子,体力劳动者,manual_worker,仓库操作员,,,
P08910,张哲泽,男,40,40-45,有未成年孩子,服务业者,service_worker,美容师,,,
P08911,李曦诺,女,34,30-34,有未成年孩子,自由业者,freelancer,咨询顾问,,,
P08912,杨文知,男,20,18-24,无需要照顾的孩子,服务业者,service_worker,咖啡师,,,
P08913,董心杰,男,30,30-34,无需要照顾的孩子,自由业者,freelancer,翻译,,,
P08914,黄乐羽,男,35,35-39,有未成年孩子,上班族,office_worker,数据分析师,,,
P08915,曹子婷,女,21,18-24,无需要照顾的孩子,服务业者,service_worker,咖啡师,,,
P08916,李婷佳,女,24,18-24,无需要照顾的孩子,大学生,university_student,硕士研究生,,,
P08917,吴乐天,男,36,35-39,有未成年孩子,上班族,office_worker,财务主管,,,
P08918,刘诺知,女,36,35-39,无需要照顾的孩子,上班族,office_worker,销售经理,,,
P08919,王涵雅,女,19,18-24,无需要照顾的孩子,大学生,university_student,硕士研究生,,,
P08920,韩泽心,男,37,35-39,有未成年孩子,服务业者,service_worker,零售店员,,,
P08921,陈婷远,女,25,25-29,无需要照顾的孩子,体力劳动者,manual_worker,仓库操作员,,,
P08922,刘梦,女,40,40-45,有未成年孩子,上班族,office_worker,HR经理,,,
P08923,徐怡,女,27,25-29,无需要照顾的孩子,大学生,university_student,博士研究生,,,
P08924,黄嘉轩,男,36,35-39,有未成年孩子,上班族,office_worker,采购经理,,,
P08925,王梓,男,20,18-24,无需要照顾的孩子,上班族,office_worker,采购专员,,,
P08926,陈思辰,男,45,40-45,有未成年孩子,上班族,office_worker,业务负责人,,,
P08927,张天源,男,21,18-24,无需要照顾的孩子,上班族,office_worker,软件工程师,,,
P08928,赵梦婷,女,25,25-29,有未成年孩子,上班族,office_worker,软件工程师,,,
P08929,吴可安,女,39,35-39,无需要照顾的孩子,自由业者,freelancer,网店经营者,,,
P08930,张知睿,男,24,18-24,无需要照顾的孩子,大学生,university_student,硕士研究生,,,
P08931,周辰静,女,42,40-45,有未成年孩子,上班族,office_worker,部门经理,,,
P08932,刘欣乐,女,40,40-45,无需要照顾的孩子,上班族,office_worker,区域经理,,,
P08933,何言知,女,29,25-29,无需要照顾的孩子,上班族,office_worker,数据分析师,,,
P08934,刘一,女,32,30-34,无需要照顾的孩子,体力劳动者,manual_worker,快递员,,,
P08935,黄然远,男,31,30-34,有未成年孩子,上班族,office_worker,运营专员,,,
P08936,陈知远,女,21,18-24,无需要照顾的孩子,上班族,office_worker,会计,,,
P08937,王涵佑,男,21,18-24,无需要照顾的孩子,服务业者,service_worker,健身教练,,,
P08938,韩乐,女,44,40-45,有未成年孩子,服务业者,service_worker,理发师,,,
P08939,王言若,女,33,30-34,有未成年孩子,自由业者,freelancer,网店经营者,,,
P08940,林嘉思,女,38,35-39,无需要照顾的孩子,上班族,office_worker,采购专员,,,
P08941,赵佑乐,男,42,40-45,有未成年孩子,上班族,office_worker,财务专员,,,
P08942,何清梦,女,26,25-29,无需要照顾的孩子,体力劳动者,manual_worker,卡车司机,,,
P08943,李晨嘉,男,39,35-39,有成年孩子,自由业者,freelancer,咨询顾问,,,
P08944,何可楷,男,36,35-39,无需要照顾的孩子,自由业者,freelancer,自媒体从业者,,,
P08945,吴涵语,女,38,35-39,无需要照顾的孩子,上班族,office_worker,会计,,,
P08946,徐静乐,女,38,35-39,有未成年孩子,上班族,office_worker,数据分析师,,,
P08947,王语婷,女,36,35-39,有未成年孩子,体力劳动者,manual_worker,快递员,,,
P08948,郑静曦,女,41,40-45,有未成年孩子,上班族,office_worker,项目经理,,,
P08949,吴一宁,女,20,18-24,无需要照顾的孩子,上班族,office_worker,采购专员,,,
P08950,李涵,女,30,30-34,无需要照顾的孩子,上班族,office_worker,部门经理,,,
P08951,王涵嘉,女,25,25-29,无需要照顾的孩子,体力劳动者,manual_worker,电工,,,
P08952,罗宁远,女,26,25-29,有未成年孩子,体力劳动者,manual_worker,设备操作员,,,
P08953,胡辰怡,女,28,25-29,无需要照顾的孩子,自由业者,freelancer,独立承包商,,,
P08954,赵婷若,女,32,30-34,无需要照顾的孩子,上班族,office_worker,软件工程师,,,
P08955,林怡安,女,41,40-45,有未成年孩子,体力劳动者,manual_worker,建筑工人,,,
P08956,林子,女,35,35-39,无需要照顾的孩子,上班族,office_worker,客户专员,,,
P08957,李可羽,女,30,30-34,无需要照顾的孩子,体力劳动者,manual_worker,仓库操作员,,,
P08958,许雅若,女,42,40-45,无需要照顾的孩子,服务业者,service_worker,酒店前台,,,
P08959,赵宁,女,25,25-29,无需要照顾的孩子,上班族,office_worker,设计师,,,
P08960,李晨,男,22,18-24,无需要照顾的孩子,服务业者,service_worker,咖啡师,,,
P08961,张明泽,男,31,30-34,无需要照顾的孩子,上班族,office_worker,销售代表,,,
P08962,李知轩,男,21,18-24,无需要照顾的孩子,上班族,office_worker,销售经理,,,
P08963,李星,女,30,30-34,有未成年孩子,服务业者,service_worker,房产经纪,,,
P08964,陈知星,女,42,40-45,无需要照顾的孩子,服务业者,service_worker,保安,,,
P08965,刘婷静,女,41,40-45,有未成年孩子,服务业者,service_worker,美容师,,,
P08966,徐言思,女,34,30-34,无需要照顾的孩子,上班族,office_worker,财务专员,,,
P08967,杨宁可,女,39,35-39,无需要照顾的孩子,自由业者,freelancer,独立承包商,,,
P08968,朱晨文,男,28,25-29,无需要照顾的孩子,上班族,office_worker,会计,,,
P08969,李晨怡,女,30,30-34,有未成年孩子,上班族,office_worker,区域经理,,,
P08970,王远佳,女,33,30-34,无需要照顾的孩子,上班族,office_worker,财务专员,,,
P08971,李婷,女,30,30-34,无需要照顾的孩子,自由业者,freelancer,摄影师,,,
P08972,张佑睿,男,25,25-29,无需要照顾的孩子,上班族,office_worker,项目经理,,,
P08973,杨志佑,男,44,40-45,无需要照顾的孩子,服务业者,service_worker,美容师,,,
P08974,刘然嘉,男,21,18-24,无需要照顾的孩子,大学生,university_student,本科生,,,
P08975,胡涵志,男,32,30-34,无需要照顾的孩子,上班族,office_worker,HR经理,,,
P08976,胡远,男,44,40-45,有未成年孩子,上班族,office_worker,客户经理,,,
P08977,王嘉,男,32,30-34,无需要照顾的孩子,体力劳动者,manual_worker,设备操作员,,,
P08978,李佑哲,男,22,18-24,无需要照顾的孩子,服务业者,service_worker,咖啡师,,,
P08979,黄远然,男,24,18-24,无需要照顾的孩子,体力劳动者,manual_worker,搬运工,,,
P08980,朱辰,男,19,18-24,无需要照顾的孩子,上班族,office_worker,客户专员,,,
P08981,王志哲,男,20,18-24,无需要照顾的孩子,上班族,office_worker,行政专员,,,
P08982,徐豪晨,男,39,35-39,有未成年孩子,自由业者,freelancer,翻译,,,
P08983,李昊景,男,22,18-24,无需要照顾的孩子,大学生,university_student,本科生,,,
P08984,徐梦,女,36,35-39,有未成年孩子,自由业者,freelancer,私教,,,
P08985,黄梦嘉,女,19,18-24,无需要照顾的孩子,服务业者,service_worker,咖啡师,,,
P08986,何佳梦,女,18,18-24,无需要照顾的孩子,体力劳动者,manual_worker,安装工,,,
P08987,王可,男,18,18-24,无需要照顾的孩子,大学生,university_student,本科生,,,
P08988,冯羽睿,男,38,35-39,无需要照顾的孩子,服务业者,service_worker,酒店前台,,,
P08989,邓佑然,男,25,25-29,无需要照顾的孩子,上班族,office_worker,采购专员,,,
P08990,高源浩,男,44,40-45,有未成年孩子,上班族,office_worker,高级运营专员,,,
P08991,李远,女,45,40-45,无需要照顾的孩子,体力劳动者,manual_worker,卡车司机,,,
P08992,李景嘉,男,38,35-39,有未成年孩子,体力劳动者,manual_worker,卡车司机,,,
P08993,杨辰文,男,24,18-24,无需要照顾的孩子,服务业者,service_worker,理发师,,,
P08994,许梦涵,女,32,30-34,有未成年孩子,自由业者,freelancer,网店经营者,,,
P08995,李晴佳,女,38,35-39,无需要照顾的孩子,自由业者,freelancer,自由销售,,,
P08996,李婷宁,女,37,35-39,无需要照顾的孩子,上班族,office_worker,设计师,,,
P08997,刘梦瑶,女,30,30-34,无需要照顾的孩子,服务业者,service_worker,零售店员,,,
P08998,杨若,女,40,40-45,有未成年孩子,服务业者,service_worker,酒店前台,,,
P08999,李安辰,男,19,18-24,无需要照顾的孩子,体力劳动者,manual_worker,快递员,,,
P09000,徐诺安,女,44,40-45,无需要照顾的孩子,上班族,office_worker,项目经理,,,
P09001,冯瑶涵,女,33,30-34,无需要照顾的孩子,体力劳动者,manual_worker,安装工,,,
P09002,刘源言,女,26,25-29,无需要照顾的孩子,上班族,office_worker,高级运营专员,,,
P09003,胡羽,女,29,25-29,无需要照顾的孩子,服务业者,service_worker,餐厅服务员,,,
P09004,胡诗晨,女,20,18-24,无需要照顾的孩子,大学生,university_student,本科生,,,
P09005,周欣,女,43,40-45,有未成年孩子,自由业者,freelancer,自由销售,,,
P09006,黄欣,女,31,30-34,有未成年孩子,上班族,office_worker,设计师,,,
P09007,李瑶可,女,19,18-24,无需要照顾的孩子,大学生,university_student,本科生,,,
P09008,林晓佳,女,20,18-24,无需要照顾的孩子,大学生,university_student,硕士研究生,,,
P09009,宋然,男,32,30-34,无需要照顾的孩子,服务业者,service_worker,美容师,,,
P09010,朱星雨,女,19,18-24,无需要照顾的孩子,服务业者,service_worker,零售店员,,,
P09011,李思,女,18,18-24,有未成年孩子,服务业者,service_worker,理发师,,,
P09012,吴源,女,19,18-24,无需要照顾的孩子,服务业者,service_worker,酒店服务人员,,,
P09013,李静语,女,27,25-29,有未成年孩子,上班族,office_worker,运营专员,,,
P09014,张星源,男,45,40-45,有成年孩子,上班族,office_worker,销售经理,,,
P09015,李思浩,男,45,40-45,有成年孩子,体力劳动者,manual_worker,卡车司机,,,
P09016,杨乐辰,男,43,40-45,有未成年孩子,服务业者,service_worker,保安,,,
P09017,李佑,男,32,30-34,无需要照顾的孩子,上班族,office_worker,高级软件工程师,,,
P09018,刘楷,男,35,35-39,无需要照顾的孩子,体力劳动者,manual_worker,汽车技师,,,
P09019,张婉瑶,女,35,35-39,无需要照顾的孩子,自由业者,freelancer,独立承包商,,,
P09020,马涵琪,女,44,40-45,有未成年孩子,服务业者,service_worker,美容师,,,
P09021,王欣语,女,38,35-39,有未成年孩子,体力劳动者,manual_worker,仓库操作员,,,
P09022,王涵可,女,33,30-34,有未成年孩子,上班族,office_worker,软件工程师,,,
P09023,赵志豪,男,28,25-29,无需要照顾的孩子,体力劳动者,manual_worker,仓库操作员,,,
P09024,马诗雨,女,19,18-24,无需要照顾的孩子,上班族,office_worker,会计,,,
P09025,吴羽若,女,40,40-45,有未成年孩子,上班族,office_worker,产品经理,,,
P09026,杨梦佳,女,19,18-24,无需要照顾的孩子,服务业者,service_worker,餐厅服务员,,,
P09027,许文天,男,43,40-45,无需要照顾的孩子,上班族,office_worker,高级项目经理,,,
P09028,张源佳,女,25,25-29,无需要照顾的孩子,服务业者,service_worker,咖啡师,,,
P09029,王天诚,男,41,40-45,无需要照顾的孩子,上班族,office_worker,高级运营专员,,,
P09030,周清琪,女,24,18-24,无需要照顾的孩子,大学生,university_student,本科生,,,
P09031,张瑶,女,34,30-34,有未成年孩子,体力劳动者,manual_worker,建筑工人,,,
P09032,陈远晨,男,34,30-34,有未成年孩子,上班族,office_worker,财务专员,,,
P09033,吴楷思,男,26,25-29,有未成年孩子,服务业者,service_worker,咖啡师,,,
P09034,袁曦涵,女,26,25-29,无需要照顾的孩子,上班族,office_worker,行政专员,,,
P09035,李哲羽,男,26,25-29,无需要照顾的孩子,大学生,university_student,博士研究生,,,
P09036,张可晓,女,20,18-24,无需要照顾的孩子,服务业者,service_worker,收银员,,,
P09037,王嫣,女,24,18-24,无需要照顾的孩子,服务业者,service_worker,零售店员,,,
P09038,何远思,女,36,35-39,有未成年孩子,体力劳动者,manual_worker,设备操作员,,,
P09039,张星诺,女,24,18-24,有未成年孩子,大学生,university_student,硕士研究生,,,
P09040,梁宇博,男,33,30-34,有未成年孩子,上班族,office_worker,数据分析师,,,
P09041,李怡,女,42,40-45,有未成年孩子,体力劳动者,manual_worker,安装工,,,
P09042,袁婷,女,26,25-29,有未成年孩子,上班族,office_worker,财务主管,,,
P09043,杨彤,女,22,18-24,无需要照顾的孩子,大学生,university_student,本科生,,,
P09044,张涵辰,女,35,35-39,有未成年孩子,上班族,office_worker,行政专员,,,
P09045,张婷诺,女,26,25-29,有未成年孩子,上班族,office_worker,采购专员,,,
P09046,李星乐,女,18,18-24,无需要照顾的孩子,大学生,university_student,本科生,,,
P09047,陈文安,男,27,25-29,无需要照顾的孩子,上班族,office_worker,数据分析师,,,
P09048,高一彤,女,20,18-24,无需要照顾的孩子,上班族,office_worker,客户专员,,,
P09049,孙彤晓,女,43,40-45,有未成年孩子,上班族,office_worker,客户经理,,,
P09050,马曦怡,女,24,18-24,无需要照顾的孩子,大学生,university_student,博士研究生,,,
P09051,赵一源,女,34,30-34,有未成年孩子,自由业者,freelancer,独立程序员,,,
P09052,陈杰星,男,38,35-39,无需要照顾的孩子,上班族,office_worker,销售经理,,,
P09053,曹博言,男,31,30-34,有未成年孩子,上班族,office_worker,运营经理,,,
P09054,何豪景,男,39,35-39,无需要照顾的孩子,体力劳动者,manual_worker,安装工,,,
P09055,梁辰晓,女,32,30-34,有未成年孩子,服务业者,service_worker,零售店员,,,
P09056,董语一,女,31,30-34,无需要照顾的孩子,服务业者,service_worker,酒店服务人员,,,
P09057,杨景阳,男,44,40-45,有未成年孩子,服务业者,service_worker,咖啡师,,,
P09058,刘乐,女,45,40-45,有未成年孩子,服务业者,service_worker,咖啡师,,,
P09059,王嘉远,女,32,30-34,有未成年孩子,上班族,office_worker,软件工程师,,,
P09060,王安星,女,43,40-45,无需要照顾的孩子,上班族,office_worker,HR经理,,,
P09061,李雨辰,女,26,25-29,无需要照顾的孩子,上班族,office_worker,会计,,,
P09062,刘涵心,女,35,35-39,有未成年孩子,服务业者,service_worker,房产经纪,,,
P09063,赵诗辰,女,29,25-29,无需要照顾的孩子,上班族,office_worker,行政专员,,,
P09064,罗源心,女,32,30-34,无需要照顾的孩子,上班族,office_worker,高级软件工程师,,,
P09065,刘瑶,女,37,35-39,无需要照顾的孩子,服务业者,service_worker,收银员,,,
P09066,张乐,女,28,25-29,无需要照顾的孩子,自由业者,freelancer,独立承包商,,,
P09067,赵言,女,33,30-34,无需要照顾的孩子,上班族,office_worker,高级数据分析师,,,
P09068,张楷阳,男,32,30-34,有未成年孩子,上班族,office_worker,数据分析师,,,
P09069,周怡婉,女,41,40-45,有未成年孩子,服务业者,service_worker,咖啡师,,,
P09070,孙婷嘉,女,45,40-45,有成年孩子,上班族,office_worker,财务主管,,,
P09071,吴佳雅,女,37,35-39,有未成年孩子,上班族,office_worker,HR经理,,,
P09072,吴阳,男,34,30-34,有未成年孩子,服务业者,service_worker,房产经纪,,,
P09073,何欣嘉,女,32,30-34,无需要照顾的孩子,服务业者,service_worker,理发师,,,
P09074,李泽豪,男,32,30-34,无需要照顾的孩子,上班族,office_worker,运营专员,,,
P09075,王怡雨,女,28,25-29,有未成年孩子,上班族,office_worker,财务主管,,,
P09076,郭杰言,男,21,18-24,无需要照顾的孩子,上班族,office_worker,项目经理,,,
P09077,刘源嘉,女,38,35-39,有未成年孩子,上班族,office_worker,财务经理,,,
P09078,张宁远,男,26,25-29,无需要照顾的孩子,服务业者,service_worker,咖啡师,,,
P09079,张天,男,45,40-45,有未成年孩子,上班族,office_worker,设计师,,,
P09080,杨雨,女,23,18-24,无需要照顾的孩子,上班族,office_worker,软件工程师,,,
P09081,朱琪欣,女,32,30-34,有未成年孩子,自由业者,freelancer,摄影师,,,
P09082,李琪,女,24,18-24,无需要照顾的孩子,服务业者,service_worker,美容师,,,
P09083,陈婉婉,女,37,35-39,有未成年孩子,服务业者,service_worker,零售店员,,,
P09084,林雅宁,女,20,18-24,无需要照顾的孩子,上班族,office_worker,财务专员,,,
P09085,李一思,女,44,40-45,有未成年孩子,上班族,office_worker,高级运营专员,,,
P09086,李子雅,女,25,25-29,无需要照顾的孩子,上班族,office_worker,产品经理,,,
P09087,朱琪,女,24,18-24,无需要照顾的孩子,上班族,office_worker,行政专员,,,
P09088,唐琪宁,女,38,35-39,有未成年孩子,自由业者,freelancer,网店经营者,,,
P09089,王欣婷,女,45,40-45,无需要照顾的孩子,上班族,office_worker,客户经理,,,
P09090,孙曦诗,女,18,18-24,无需要照顾的孩子,上班族,office_worker,设计师,,,
P09091,许语婷,女,31,30-34,有未成年孩子,上班族,office_worker,运营专员,,,
P09092,王知,女,39,35-39,无需要照顾的孩子,体力劳动者,manual_worker,快递员,,,
P09093,何彤曦,女,42,40-45,有未成年孩子,服务业者,service_worker,健身教练,,,
P09094,徐晓婷,女,37,35-39,无需要照顾的孩子,体力劳动者,manual_worker,快递员,,,
P09095,黄宇宇,男,29,25-29,无需要照顾的孩子,上班族,office_worker,数据分析师,,,
P09096,唐知轩,男,38,35-39,无需要照顾的孩子,上班族,office_worker,产品经理,,,
P09097,梁佳诺,女,40,40-45,无需要照顾的孩子,上班族,office_worker,运营专员,,,
P09098,张怡涵,女,20,18-24,无需要照顾的孩子,大学生,university_student,本科生,,,
P09099,张心,女,31,30-34,有未成年孩子,服务业者,service_worker,理发师,,,
P09100,杨乐知,男,25,25-29,无需要照顾的孩子,上班族,office_worker,高级软件工程师,,,
P09101,何婉晨,女,27,25-29,有未成年孩子,服务业者,service_worker,房产经纪,,,
P09102,李诗若,女,43,40-45,无需要照顾的孩子,自由业者,freelancer,咨询顾问,,,
P09103,王婷,女,41,40-45,无需要照顾的孩子,自由业者,freelancer,自由设计师,,,
P09104,吴乐思,男,18,18-24,无需要照顾的孩子,体力劳动者,manual_worker,建筑工人,,,
P09105,周晴乐,女,30,30-34,有未成年孩子,服务业者,service_worker,厨师,,,
P09106,董远晨,男,31,30-34,有未成年孩子,上班族,office_worker,高级数据分析师,,,
P09107,黄远嘉,女,41,40-45,有未成年孩子,上班族,office_worker,产品经理,,,
P09108,林涵,女,26,25-29,无需要照顾的孩子,上班族,office_worker,财务主管,,,
P09109,唐涵子,女,21,18-24,无需要照顾的孩子,大学生,university_student,本科生,,,
P09110,王思,女,18,18-24,无需要照顾的孩子,上班族,office_worker,客户专员,,,
P09111,吴宁星,女,36,35-39,无需要照顾的孩子,体力劳动者,manual_worker,配送员,,,
P09112,赵宁嫣,女,40,40-45,无需要照顾的孩子,服务业者,service_worker,健身教练,,,
P09113,徐若,女,30,30-34,有未成年孩子,上班族,office_worker,财务专员,,,
P09114,李佳,女,34,30-34,有未成年孩子,自由业者,freelancer,翻译,,,
P09115,梁婷曦,女,37,35-39,有未成年孩子,上班族,office_worker,高级数据分析师,,,
P09116,黄清清,女,20,18-24,无需要照顾的孩子,服务业者,service_worker,厨师,,,
P09117,李嘉佑,男,25,25-29,有未成年孩子,体力劳动者,manual_worker,快递员,,,
P09118,郑星言,女,28,25-29,无需要照顾的孩子,上班族,office_worker,行政专员,,,
P09119,罗梓,男,19,18-24,无需要照顾的孩子,大学生,university_student,本科生,,,
P09120,刘可,女,27,25-29,无需要照顾的孩子,体力劳动者,manual_worker,维修技师,,,
P09121,黄思,女,42,40-45,有未成年孩子,自由业者,freelancer,自由设计师,,,
P09122,郑一知,男,40,40-45,有成年孩子,上班族,office_worker,产品经理,,,
P09123,吴佑安,男,41,40-45,有未成年孩子,体力劳动者,manual_worker,设备操作员,,,
P09124,赵子嫣,女,42,40-45,有未成年孩子,服务业者,service_worker,收银员,,,
P09125,宋雨,女,28,25-29,无需要照顾的孩子,上班族,office_worker,采购经理,,,
P09126,刘文远,男,44,40-45,无需要照顾的孩子,服务业者,service_worker,收银员,,,
P09127,黄嫣彤,女,39,35-39,无需要照顾的孩子,服务业者,service_worker,收银员,,,
P09128,赵佳诺,女,30,30-34,无需要照顾的孩子,上班族,office_worker,高级运营专员,,,
P09129,郭源婷,女,20,18-24,无需要照顾的孩子,大学生,university_student,本科生,,,
P09130,李欣远,女,32,30-34,无需要照顾的孩子,服务业者,service_worker,酒店服务人员,,,
P09131,罗一心,女,30,30-34,有未成年孩子,体力劳动者,manual_worker,卡车司机,,,
P09132,张欣,女,25,25-29,无需要照顾的孩子,上班族,office_worker,数据分析师,,,
P09133,罗远心,女,29,25-29,无需要照顾的孩子,体力劳动者,manual_worker,快递员,,,
P09134,王桐言,女,38,35-39,无需要照顾的孩子,服务业者,service_worker,房产经纪,,,
P09135,程可欣,女,30,30-34,无需要照顾的孩子,上班族,office_worker,设计师,,,
P09136,徐欣清,女,42,40-45,有未成年孩子,服务业者,service_worker,客服,,,
P09137,王轩哲,男,40,40-45,有成年孩子,上班族,office_worker,项目经理,,,
P09138,李婉源,女,18,18-24,无需要照顾的孩子,自由业者,freelancer,自由销售,,,
P09139,刘瑶,女,38,35-39,有未成年孩子,上班族,office_worker,采购专员,,,
P09140,宋宁,男,23,18-24,无需要照顾的孩子,上班族,office_worker,采购专员,,,
P09141,罗静心,女,20,18-24,无需要照顾的孩子,上班族,office_worker,数据分析师,,,
P09142,李远豪,男,43,40-45,有未成年孩子,体力劳动者,manual_worker,快递员,,,
P09143,袁怡,女,42,40-45,无需要照顾的孩子,上班族,office_worker,高级软件工程师,,,
P09144,张清辰,女,21,18-24,无需要照顾的孩子,服务业者,service_worker,房产经纪,,,
P09145,赵心言,女,33,30-34,无需要照顾的孩子,体力劳动者,manual_worker,仓库操作员,,,
P09146,谢思,女,40,40-45,有未成年孩子,上班族,office_worker,高级项目经理,,,
P09147,胡思佳,女,44,40-45,有未成年孩子,上班族,office_worker,财务专员,,,
P09148,李琪诺,女,23,18-24,无需要照顾的孩子,自由业者,freelancer,自由设计师,,,
P09149,杨星佳,女,25,25-29,无需要照顾的孩子,上班族,office_worker,高级数据分析师,,,
P09150,李涵欣,女,32,30-34,无需要照顾的孩子,体力劳动者,manual_worker,仓库操作员,,,
P09151,李婷雨,女,35,35-39,无需要照顾的孩子,上班族,office_worker,销售经理,,,
P09152,刘晓嘉,女,36,35-39,有未成年孩子,上班族,office_worker,设计师,,,
P09153,胡晓晴,女,21,18-24,无需要照顾的孩子,大学生,university_student,本科生,,,
P09154,徐可雨,女,41,40-45,有未成年孩子,体力劳动者,manual_worker,建筑工人,,,
P09155,王远,女,24,18-24,无需要照顾的孩子,大学生,university_student,本科生,,,
P09156,李泽,男,23,18-24,无需要照顾的孩子,服务业者,service_worker,保安,,,
P09157,谢晓,女,34,30-34,有未成年孩子,体力劳动者,manual_worker,仓库操作员,,,
P09158,吴浩轩,男,45,40-45,无需要照顾的孩子,上班族,office_worker,高级项目经理,,,
P09159,许瑶,女,30,30-34,无需要照顾的孩子,上班族,office_worker,客户经理,,,
P09160,吴佳语,女,38,35-39,有未成年孩子,自由业者,freelancer,咨询顾问,,,
P09161,张子,女,25,25-29,无需要照顾的孩子,服务业者,service_worker,美容师,,,
P09162,王婷思,女,32,30-34,有未成年孩子,上班族,office_worker,销售经理,,,
P09163,李佳曦,女,28,25-29,无需要照顾的孩子,体力劳动者,manual_worker,建筑工人,,,
P09164,吴诗知,女,20,18-24,无需要照顾的孩子,服务业者,service_worker,房产经纪,,,
P09165,黄嫣宁,女,28,25-29,无需要照顾的孩子,上班族,office_worker,财务专员,,,
P09166,刘琪嫣,女,33,30-34,有未成年孩子,服务业者,service_worker,收银员,,,
P09167,孙诗,女,32,30-34,无需要照顾的孩子,自由业者,freelancer,网店经营者,,,
P09168,袁雨婉,女,37,35-39,无需要照顾的孩子,体力劳动者,manual_worker,电工,,,
P09169,孙晴安,女,45,40-45,有未成年孩子,体力劳动者,manual_worker,配送员,,,
P09170,朱婉思,女,39,35-39,有未成年孩子,服务业者,service_worker,健身教练,,,
P09171,杨涵晴,女,35,35-39,有未成年孩子,自由业者,freelancer,独立程序员,,,
P09172,郭清星,女,21,18-24,无需要照顾的孩子,服务业者,service_worker,咖啡师,,,
P09173,张晓琪,女,26,25-29,有未成年孩子,上班族,office_worker,项目经理,,,
P09174,王言楷,男,25,25-29,无需要照顾的孩子,大学生,university_student,博士研究生,,,
P09175,赵宁星,女,41,40-45,有未成年孩子,上班族,office_worker,财务专员,,,
P09176,程心嘉,女,20,18-24,无需要照顾的孩子,上班族,office_worker,财务专员,,,
P09177,郭然清,男,41,40-45,有未成年孩子,上班族,office_worker,财务主管,,,
P09178,刘杰豪,男,25,25-29,无需要照顾的孩子,上班族,office_worker,行政专员,,,
P09179,韩婉源,女,34,30-34,无需要照顾的孩子,体力劳动者,manual_worker,焊工,,,
P09180,李晨雅,女,20,18-24,无需要照顾的孩子,大学生,university_student,本科生,,,
P09181,王婉嫣,女,29,25-29,有未成年孩子,上班族,office_worker,销售代表,,,
P09182,邓思佳,女,44,40-45,有未成年孩子,上班族,office_worker,部门经理,,,
P09183,赵思,女,25,25-29,有未成年孩子,上班族,office_worker,采购专员,,,
P09184,梁怡怡,女,20,18-24,无需要照顾的孩子,服务业者,service_worker,咖啡师,,,
P09185,胡晓宁,女,33,30-34,无需要照顾的孩子,服务业者,service_worker,客服,,,
P09186,赵晓若,女,40,40-45,无需要照顾的孩子,体力劳动者,manual_worker,搬运工,,,
P09187,杨乐,女,39,35-39,无需要照顾的孩子,自由业者,freelancer,网店经营者,,,
P09188,张豪,男,31,30-34,无需要照顾的孩子,上班族,office_worker,客户专员,,,
P09189,陈可知,女,38,35-39,无需要照顾的孩子,上班族,office_worker,采购经理,,,
P09190,刘琪可,女,33,30-34,无需要照顾的孩子,服务业者,service_worker,理发师,,,
P09191,王子欣,女,40,40-45,有未成年孩子,自由业者,freelancer,咨询顾问,,,
P09192,赵豪景,男,32,30-34,有未成年孩子,服务业者,service_worker,厨师,,,
P09193,李琪星,女,30,30-34,无需要照顾的孩子,自由业者,freelancer,咨询顾问,,,
P09194,程桐,女,41,40-45,无需要照顾的孩子,体力劳动者,manual_worker,配送员,,,
P09195,赵一思,女,19,18-24,无需要照顾的孩子,大学生,university_student,本科生,,,
P09196,高羽若,女,44,40-45,有未成年孩子,上班族,office_worker,高级运营专员,,,
P09197,刘婉,女,31,30-34,无需要照顾的孩子,服务业者,service_worker,客服,,,
P09198,于桐晨,女,25,25-29,无需要照顾的孩子,体力劳动者,manual_worker,卡车司机,,,
P09199,李子思,女,29,25-29,无需要照顾的孩子,体力劳动者,manual_worker,设备操作员,,,
P09200,李若可,女,42,40-45,无需要照顾的孩子,上班族,office_worker,客户经理,,,
P09201,陈嫣怡,女,27,25-29,无需要照顾的孩子,上班族,office_worker,高级运营专员,,,
P09202,王言羽,男,44,40-45,无需要照顾的孩子,上班族,office_worker,人力资源经理,,,
P09203,朱桐晴,女,45,40-45,有未成年孩子,服务业者,service_worker,理发师,,,
P09204,李曦星,女,20,18-24,无需要照顾的孩子,上班族,office_worker,行政专员,,,
P09205,董彤语,女,41,40-45,有未成年孩子,上班族,office_worker,高级软件工程师,,,
P09206,杨轩,男,25,25-29,无需要照顾的孩子,体力劳动者,manual_worker,建筑工人,,,
P09207,罗语怡,女,35,35-39,有未成年孩子,服务业者,service_worker,美容师,,,
P09208,周然,男,26,25-29,无需要照顾的孩子,服务业者,service_worker,厨师,,,
P09209,何静雅,女,41,40-45,有未成年孩子,上班族,office_worker,采购专员,,,
P09210,胡源一,女,20,18-24,无需要照顾的孩子,服务业者,service_worker,餐厅服务员,,,
P09211,刘昊,男,45,40-45,有未成年孩子,上班族,office_worker,高级产品经理,,,
P09212,刘晨清,女,23,18-24,无需要照顾的孩子,大学生,university_student,硕士研究生,,,
P09213,黄彤,女,18,18-24,无需要照顾的孩子,大学生,university_student,本科生,,,
P09214,赵佑佑,男,26,25-29,无需要照顾的孩子,上班族,office_worker,项目经理,,,
P09215,李诺,女,26,25-29,有未成年孩子,上班族,office_worker,客户专员,,,
P09216,张可,女,32,30-34,无需要照顾的孩子,上班族,office_worker,高级运营专员,,,
P09217,马晓涵,女,43,40-45,有未成年孩子,自由业者,freelancer,翻译,,,
P09218,李晨言,男,37,35-39,有未成年孩子,体力劳动者,manual_worker,维修技师,,,
P09219,刘博清,男,41,40-45,有未成年孩子,服务业者,service_worker,酒店服务人员,,,
P09220,李景宁,男,34,30-34,无需要照顾的孩子,上班族,office_worker,财务专员,,,
P09221,陈羽晓,女,37,35-39,无需要照顾的孩子,上班族,office_worker,设计师,,,
P09222,朱梦婷,女,33,30-34,无需要照顾的孩子,上班族,office_worker,数据分析师,,,
P09223,林诗乐,女,25,25-29,无需要照顾的孩子,大学生,university_student,硕士研究生,,,
P09224,李怡,女,31,30-34,无需要照顾的孩子,上班族,office_worker,采购经理,,,
P09225,孙然哲,男,20,18-24,无需要照顾的孩子,大学生,university_student,硕士研究生,,,
P09226,陈诺,男,30,30-34,有未成年孩子,服务业者,service_worker,房产经纪,,,
P09227,孙豪可,男,18,18-24,无需要照顾的孩子,服务业者,service_worker,收银员,,,
P09228,张怡涵,女,20,18-24,无需要照顾的孩子,上班族,office_worker,设计师,,,
P09229,胡哲诺,男,35,35-39,无需要照顾的孩子,服务业者,service_worker,美容师,,,
P09230,李子嫣,女,42,40-45,有未成年孩子,体力劳动者,manual_worker,电工,,,
P09231,黄言雅,女,44,40-45,有未成年孩子,上班族,office_worker,采购专员,,,
P09232,杨晨桐,女,32,30-34,有未成年孩子,上班族,office_worker,销售代表,,,
P09233,罗哲,男,35,35-39,有未成年孩子,上班族,office_worker,区域经理,,,
P09234,陈乐瑶,女,35,35-39,有未成年孩子,服务业者,service_worker,酒店服务人员,,,
P09235,董晓源,女,44,40-45,有未成年孩子,体力劳动者,manual_worker,安装工,,,
P09236,张俊源,男,27,25-29,无需要照顾的孩子,体力劳动者,manual_worker,仓库操作员,,,
P09237,陈婷涵,女,26,25-29,无需要照顾的孩子,服务业者,service_worker,酒店前台,,,
P09238,杨梦可,女,40,40-45,有未成年孩子,上班族,office_worker,HR经理,,,
P09239,杨远诗,女,32,30-34,有未成年孩子,大学生,university_student,硕士研究生,,,
P09240,谢可婉,女,27,25-29,有未成年孩子,上班族,office_worker,会计,,,
P09241,邓远楷,男,36,35-39,有未成年孩子,上班族,office_worker,采购经理,,,
P09242,杨佳欣,女,23,18-24,无需要照顾的孩子,体力劳动者,manual_worker,仓库操作员,,,
P09243,于诗欣,女,31,30-34,无需要照顾的孩子,自由业者,freelancer,网店经营者,,,
P09244,梁知佳,女,36,35-39,无需要照顾的孩子,上班族,office_worker,HR经理,,,
P09245,梁宁佳,女,39,35-39,无需要照顾的孩子,服务业者,service_worker,咖啡师,,,
P09246,朱安雅,女,40,40-45,有未成年孩子,服务业者,service_worker,零售店员,,,
P09247,胡晨,女,32,30-34,有未成年孩子,上班族,office_worker,高级数据分析师,,,
P09248,胡曦可,女,38,35-39,无需要照顾的孩子,上班族,office_worker,销售代表,,,
P09249,王宁欣,女,31,30-34,无需要照顾的孩子,上班族,office_worker,采购经理,,,
P09250,张星宁,男,39,35-39,无需要照顾的孩子,服务业者,service_worker,咖啡师,,,
P09251,郑晴曦,女,34,30-34,有未成年孩子,上班族,office_worker,高级运营专员,,,
P09252,何彤曦,女,32,30-34,无需要照顾的孩子,自由业者,freelancer,翻译,,,
P09253,李一,女,45,40-45,有未成年孩子,上班族,office_worker,财务专员,,,
P09254,张婉,女,36,35-39,有未成年孩子,上班族,office_worker,HR经理,,,
P09255,王言宁,女,30,30-34,无需要照顾的孩子,上班族,office_worker,高级数据分析师,,,
P09256,宋婉梦,女,36,35-39,有未成年孩子,上班族,office_worker,HR经理,,,
P09257,王怡诗,女,30,30-34,无需要照顾的孩子,自由业者,freelancer,私教,,,
P09258,林远一,女,30,30-34,无需要照顾的孩子,上班族,office_worker,高级数据分析师,,,
P09259,张哲阳,男,41,40-45,有未成年孩子,自由业者,freelancer,自媒体从业者,,,
P09260,杨羽嘉,男,44,40-45,有未成年孩子,体力劳动者,manual_worker,建筑工人,,,
P09261,林晨琪,女,36,35-39,有未成年孩子,服务业者,service_worker,零售店员,,,
P09262,李浩远,男,22,18-24,无需要照顾的孩子,大学生,university_student,硕士研究生,,,
P09263,韩远天,男,21,18-24,无需要照顾的孩子,大学生,university_student,本科生,,,
P09264,胡彤乐,女,41,40-45,有成年孩子,体力劳动者,manual_worker,汽车技师,,,
P09265,邓羽远,女,24,18-24,无需要照顾的孩子,服务业者,service_worker,收银员,,,
P09266,朱一欣,女,36,35-39,无需要照顾的孩子,自由业者,freelancer,自由设计师,,,
P09267,王睿乐,男,29,25-29,无需要照顾的孩子,服务业者,service_worker,厨师,,,
P09268,吴嘉诺,男,39,35-39,有未成年孩子,上班族,office_worker,高级项目经理,,,
P09269,周梦欣,女,28,25-29,无需要照顾的孩子,上班族,office_worker,行政专员,,,
P09270,李星豪,男,32,30-34,无需要照顾的孩子,服务业者,service_worker,酒店前台,,,
P09271,张可子,女,23,18-24,无需要照顾的孩子,上班族,office_worker,数据分析师,,,
P09272,陈子,女,26,25-29,无需要照顾的孩子,上班族,office_worker,会计,,,
P09273,陈星佳,女,18,18-24,无需要照顾的孩子,大学生,university_student,硕士研究生,,,
P09274,徐嫣诺,女,40,40-45,有未成年孩子,上班族,office_worker,高级数据分析师,,,
P09275,吴楷哲,男,29,25-29,无需要照顾的孩子,服务业者,service_worker,收银员,,,
P09276,王涵怡,女,26,25-29,无需要照顾的孩子,体力劳动者,manual_worker,电工,,,
P09277,张曦心,女,25,25-29,无需要照顾的孩子,上班族,office_worker,采购专员,,,
P09278,杨思思,女,34,30-34,无需要照顾的孩子,上班族,office_worker,财务专员,,,
P09279,王乐怡,女,34,30-34,有未成年孩子,服务业者,service_worker,客服,,,
P09280,李羽嘉,女,21,18-24,无需要照顾的孩子,大学生,university_student,本科生,,,
P09281,刘辰,女,39,35-39,有未成年孩子,上班族,office_worker,项目经理,,,
P09282,王语晓,女,24,18-24,无需要照顾的孩子,服务业者,service_worker,客服,,,
P09283,陈文子,男,29,25-29,无需要照顾的孩子,上班族,office_worker,采购专员,,,
P09284,刘语,女,39,35-39,有未成年孩子,自由业者,freelancer,独立承包商,,,
P09285,唐景远,男,35,35-39,有未成年孩子,上班族,office_worker,客户经理,,,
P09286,朱涵婷,女,39,35-39,有未成年孩子,服务业者,service_worker,零售店员,,,
P09287,张然思,男,18,18-24,无需要照顾的孩子,服务业者,service_worker,健身教练,,,
P09288,陈浩辰,男,44,40-45,有未成年孩子,服务业者,service_worker,保安,,,
P09289,黄晨可,男,38,35-39,有未成年孩子,自由业者,freelancer,私教,,,
P09290,周佳嫣,女,43,40-45,有未成年孩子,上班族,office_worker,HR经理,,,
P09291,朱乐晓,女,19,18-24,无需要照顾的孩子,大学生,university_student,本科生,,,
P09292,王可哲,男,34,30-34,无需要照顾的孩子,服务业者,service_worker,咖啡师,,,
P09293,孙知博,男,18,18-24,无需要照顾的孩子,大学生,university_student,本科生,,,
P09294,曹诺怡,女,31,30-34,无需要照顾的孩子,上班族,office_worker,运营专员,,,
P09295,何子,男,25,25-29,无需要照顾的孩子,体力劳动者,manual_worker,焊工,,,
P09296,张雅,女,37,35-39,有未成年孩子,上班族,office_worker,项目经理,,,
P09297,李思佳,女,37,35-39,有未成年孩子,服务业者,service_worker,收银员,,,
P09298,何佳可,女,33,30-34,有未成年孩子,自由业者,freelancer,自媒体从业者,,,
P09299,高晨言,男,18,18-24,无需要照顾的孩子,服务业者,service_worker,酒店前台,,,
P09300,刘语琪,女,18,18-24,无需要照顾的孩子,体力劳动者,manual_worker,焊工,,,
P09301,刘语,女,27,25-29,有未成年孩子,服务业者,service_worker,客服,,,
P09302,张晨诚,男,28,25-29,无需要照顾的孩子,体力劳动者,manual_worker,电工,,,
P09303,周子安,女,25,25-29,无需要照顾的孩子,服务业者,service_worker,厨师,,,
P09304,孙琪晴,女,24,18-24,无需要照顾的孩子,服务业者,service_worker,保安,,,
P09305,何源,女,29,25-29,无需要照顾的孩子,上班族,office_worker,销售代表,,,
P09306,李晓,女,45,40-45,有未成年孩子,上班族,office_worker,产品经理,,,
P09307,王诺宁,女,41,40-45,有成年孩子,上班族,office_worker,项目经理,,,
P09308,张源语,女,40,40-45,有未成年孩子,自由业者,freelancer,独立程序员,,,
P09309,董梦晴,女,43,40-45,有未成年孩子,上班族,office_worker,客户经理,,,
P09310,陈佳,女,39,35-39,有未成年孩子,体力劳动者,manual_worker,搬运工,,,
P09311,杨宁羽,女,20,18-24,无需要照顾的孩子,大学生,university_student,本科生,,,
P09312,马晓佳,女,31,30-34,有未成年孩子,上班族,office_worker,财务主管,,,
P09313,刘欣嫣,女,39,35-39,有未成年孩子,上班族,office_worker,高级产品经理,,,
P09314,王涵,女,42,40-45,有未成年孩子,上班族,office_worker,技术经理,,,
P09315,朱晴宁,女,31,30-34,无需要照顾的孩子,上班族,office_worker,高级运营专员,,,
P09316,陈晨乐,女,35,35-39,无需要照顾的孩子,上班族,office_worker,高级数据分析师,,,
P09317,陈思思,男,37,35-39,无需要照顾的孩子,上班族,office_worker,客户经理,,,
P09318,杨晨,男,43,40-45,有未成年孩子,服务业者,service_worker,房产经纪,,,
P09319,徐静,女,18,18-24,无需要照顾的孩子,服务业者,service_worker,房产经纪,,,
P09320,罗星清,男,32,30-34,有未成年孩子,体力劳动者,manual_worker,设备操作员,,,
P09321,林可,女,36,35-39,有未成年孩子,服务业者,service_worker,客服,,,
P09322,张诗嫣,女,25,25-29,无需要照顾的孩子,上班族,office_worker,客户专员,,,
P09323,唐若,女,35,35-39,无需要照顾的孩子,上班族,office_worker,高级数据分析师,,,
P09324,李嫣婷,女,18,18-24,无需要照顾的孩子,体力劳动者,manual_worker,配送员,,,
P09325,高宁可,女,33,30-34,有未成年孩子,自由业者,freelancer,私教,,,
P09326,周佳佳,女,42,40-45,有成年孩子,上班族,office_worker,HR经理,,,
P09327,袁远,女,45,40-45,有未成年孩子,上班族,office_worker,高级产品经理,,,
P09328,赵清景,男,34,30-34,有未成年孩子,自由业者,freelancer,自由销售,,,
P09329,胡若源,女,20,18-24,无需要照顾的孩子,服务业者,service_worker,收银员,,,
P09330,张宁辰,男,30,30-34,有未成年孩子,自由业者,freelancer,自由设计师,,,
P09331,黄一博,男,19,18-24,无需要照顾的孩子,服务业者,service_worker,咖啡师,,,
P09332,赵可,女,28,25-29,无需要照顾的孩子,体力劳动者,manual_worker,建筑工人,,,
P09333,杨婉婷,女,28,25-29,有未成年孩子,上班族,office_worker,采购专员,,,
P09334,吴晓若,女,35,35-39,有未成年孩子,自由业者,freelancer,自媒体从业者,,,
P09335,袁清思,女,20,18-24,无需要照顾的孩子,大学生,university_student,博士研究生,,,
P09336,李思琪,女,28,25-29,无需要照顾的孩子,自由业者,freelancer,私教,,,
P09337,唐思思,女,29,25-29,无需要照顾的孩子,大学生,university_student,硕士研究生,,,
P09338,王知怡,女,29,25-29,无需要照顾的孩子,上班族,office_worker,运营专员,,,
P09339,胡浩佑,男,20,18-24,无需要照顾的孩子,服务业者,service_worker,厨师,,,
P09340,王一瑶,女,30,30-34,无需要照顾的孩子,服务业者,service_worker,美容师,,,
P09341,韩宁源,女,18,18-24,无需要照顾的孩子,服务业者,service_worker,厨师,,,
P09342,林文,男,25,25-29,无需要照顾的孩子,服务业者,service_worker,保安,,,
P09343,吴诚宁,男,42,40-45,有未成年孩子,体力劳动者,manual_worker,配送员,,,
P09344,张辰婷,女,27,25-29,无需要照顾的孩子,上班族,office_worker,数据分析师,,,
P09345,陈涵,女,45,40-45,有未成年孩子,上班族,office_worker,采购经理,,,
P09346,吴心,女,38,35-39,无需要照顾的孩子,上班族,office_worker,高级软件工程师,,,
P09347,梁可宁,女,31,30-34,无需要照顾的孩子,服务业者,service_worker,厨师,,,
P09348,林阳景,男,37,35-39,有未成年孩子,上班族,office_worker,HR经理,,,
P09349,王婷宁,女,38,35-39,无需要照顾的孩子,自由业者,freelancer,自媒体从业者,,,
P09350,许瑶子,女,21,18-24,无需要照顾的孩子,上班族,office_worker,数据分析师,,,
P09351,谢琪晓,女,30,30-34,无需要照顾的孩子,体力劳动者,manual_worker,安装工,,,
P09352,王诚,男,25,25-29,有未成年孩子,上班族,office_worker,会计,,,
P09353,吴辰怡,女,32,30-34,无需要照顾的孩子,上班族,office_worker,销售经理,,,
P09354,冯羽欣,女,18,18-24,无需要照顾的孩子,上班族,office_worker,财务专员,,,
P09355,周豪杰,男,32,30-34,有未成年孩子,上班族,office_worker,销售代表,,,
P09356,孙曦安,女,19,18-24,无需要照顾的孩子,大学生,university_student,本科生,,,
P09357,刘雅宁,女,34,30-34,无需要照顾的孩子,上班族,office_worker,高级数据分析师,,,
P09358,李曦,女,26,25-29,无需要照顾的孩子,上班族,office_worker,销售经理,,,
P09359,马桐婉,女,23,18-24,无需要照顾的孩子,大学生,university_student,博士研究生,,,
P09360,黄言可,女,31,30-34,无需要照顾的孩子,上班族,office_worker,高级运营专员,,,
P09361,张思乐,女,21,18-24,无需要照顾的孩子,上班族,office_worker,销售代表,,,
P09362,高羽,女,40,40-45,有未成年孩子,服务业者,service_worker,酒店服务人员,,,
P09363,王志清,男,41,40-45,无需要照顾的孩子,上班族,office_worker,HR经理,,,
P09364,林阳安,男,18,18-24,无需要照顾的孩子,大学生,university_student,本科生,,,
P09365,李怡,女,39,35-39,有未成年孩子,上班族,office_worker,高级数据分析师,,,
P09366,刘雅可,女,34,30-34,有未成年孩子,上班族,office_worker,采购专员,,,
P09367,王知语,女,24,18-24,无需要照顾的孩子,大学生,university_student,硕士研究生,,,
P09368,王星远,女,38,35-39,有未成年孩子,服务业者,service_worker,餐厅服务员,,,
P09369,孙梦宁,女,31,30-34,有未成年孩子,服务业者,service_worker,理发师,,,
P09370,董远婷,女,41,40-45,有未成年孩子,上班族,office_worker,HR经理,,,
P09371,曹俊,男,34,30-34,无需要照顾的孩子,服务业者,service_worker,餐厅服务员,,,
P09372,李清宁,女,37,35-39,无需要照顾的孩子,上班族,office_worker,客户专员,,,
P09373,周轩,男,42,40-45,有未成年孩子,自由业者,freelancer,自媒体从业者,,,
P09374,胡昊泽,男,28,25-29,有未成年孩子,服务业者,service_worker,咖啡师,,,
P09375,周阳轩,男,26,25-29,无需要照顾的孩子,上班族,office_worker,数据分析师,,,
P09376,郭乐,女,31,30-34,有未成年孩子,上班族,office_worker,销售经理,,,
P09377,王子嘉,男,22,18-24,无需要照顾的孩子,体力劳动者,manual_worker,安装工,,,
P09378,吴心曦,女,33,30-34,无需要照顾的孩子,上班族,office_worker,会计,,,
P09379,王静欣,女,43,40-45,有未成年孩子,服务业者,service_worker,咖啡师,,,
P09380,王羽羽,女,22,18-24,无需要照顾的孩子,服务业者,service_worker,健身教练,,,
P09381,宋源辰,男,18,18-24,无需要照顾的孩子,服务业者,service_worker,房产经纪,,,
P09382,董嘉哲,男,20,18-24,无需要照顾的孩子,服务业者,service_worker,健身教练,,,
P09383,张楷文,男,21,18-24,无需要照顾的孩子,服务业者,service_worker,咖啡师,,,
P09384,朱雨晓,女,39,35-39,无需要照顾的孩子,上班族,office_worker,高级软件工程师,,,
P09385,徐怡,女,29,25-29,无需要照顾的孩子,体力劳动者,manual_worker,卡车司机,,,
P09386,徐婉子,女,34,30-34,有未成年孩子,上班族,office_worker,财务专员,,,
P09387,张婉晴,女,31,30-34,有未成年孩子,体力劳动者,manual_worker,仓库操作员,,,
P09388,陈语思,女,39,35-39,无需要照顾的孩子,体力劳动者,manual_worker,仓库操作员,,,
P09389,黄文可,男,31,30-34,无需要照顾的孩子,上班族,office_worker,销售经理,,,
P09390,王乐,女,41,40-45,有未成年孩子,体力劳动者,manual_worker,搬运工,,,
P09391,郑晴嫣,女,28,25-29,无需要照顾的孩子,上班族,office_worker,采购专员,,,
P09392,黄佳佳,女,43,40-45,有未成年孩子,上班族,office_worker,采购经理,,,
P09393,张桐,女,36,35-39,有未成年孩子,自由业者,freelancer,私教,,,
P09394,何子若,女,36,35-39,无需要照顾的孩子,上班族,office_worker,高级数据分析师,,,
P09395,何怡可,女,26,25-29,无需要照顾的孩子,上班族,office_worker,财务专员,,,
P09396,周怡,女,40,40-45,有未成年孩子,上班族,office_worker,运营专员,,,
P09397,李知婷,女,34,30-34,无需要照顾的孩子,自由业者,freelancer,咨询顾问,,,
P09398,李安琪,女,33,30-34,无需要照顾的孩子,自由业者,freelancer,自由销售,,,
P09399,林涵涵,女,25,25-29,无需要照顾的孩子,体力劳动者,manual_worker,建筑工人,,,
P09400,李桐一,女,43,40-45,无需要照顾的孩子,自由业者,freelancer,翻译,,,
P09401,刘辰思,女,31,30-34,无需要照顾的孩子,上班族,office_worker,行政专员,,,
P09402,杨婷雅,女,43,40-45,有未成年孩子,服务业者,service_worker,酒店服务人员,,,
P09403,冯彤婷,女,25,25-29,无需要照顾的孩子,上班族,office_worker,采购专员,,,
P09404,李源,女,21,18-24,无需要照顾的孩子,体力劳动者,manual_worker,快递员,,,
P09405,王乐佳,女,42,40-45,有未成年孩子,上班族,office_worker,客户经理,,,
P09406,梁宁源,女,44,40-45,有未成年孩子,服务业者,service_worker,保安,,,
P09407,陈言,男,39,35-39,有未成年孩子,上班族,office_worker,高级产品经理,,,
P09408,张心诺,女,19,18-24,无需要照顾的孩子,上班族,office_worker,HR经理,,,
P09409,李嫣,女,32,30-34,无需要照顾的孩子,上班族,office_worker,设计师,,,
P09410,黄天,男,39,35-39,有未成年孩子,自由业者,freelancer,自由销售,,,
P09411,张豪,男,40,40-45,有未成年孩子,自由业者,freelancer,翻译,,,
P09412,杨可宁,女,34,30-34,无需要照顾的孩子,体力劳动者,manual_worker,设备操作员,,,
P09413,张瑶琪,女,40,40-45,无需要照顾的孩子,上班族,office_worker,采购经理,,,
P09414,王涵心,女,35,35-39,有未成年孩子,服务业者,service_worker,收银员,,,
P09415,梁佳思,女,28,25-29,无需要照顾的孩子,体力劳动者,manual_worker,快递员,,,
P09416,郭景心,男,29,25-29,无需要照顾的孩子,服务业者,service_worker,酒店前台,,,
P09417,张静宁,女,20,18-24,无需要照顾的孩子,服务业者,service_worker,咖啡师,,,
P09418,徐知心,女,32,30-34,有未成年孩子,服务业者,service_worker,保安,,,
P09419,李诺婷,女,32,30-34,无需要照顾的孩子,上班族,office_worker,设计师,,,
P09420,张婷彤,女,23,18-24,无需要照顾的孩子,上班族,office_worker,数据分析师,,,
P09421,王思,女,43,40-45,有未成年孩子,上班族,office_worker,高级数据分析师,,,
P09422,王雅婷,女,31,30-34,无需要照顾的孩子,上班族,office_worker,高级数据分析师,,,
P09423,周晓宁,女,21,18-24,无需要照顾的孩子,服务业者,service_worker,餐厅服务员,,,
P09424,张涵言,女,35,35-39,有未成年孩子,服务业者,service_worker,客服,,,
P09425,谢嘉,女,27,25-29,无需要照顾的孩子,服务业者,service_worker,零售店员,,,
P09426,李嘉心,男,38,35-39,无需要照顾的孩子,上班族,office_worker,项目经理,,,
P09427,刘婷怡,女,35,35-39,有未成年孩子,服务业者,service_worker,理发师,,,
P09428,许思欣,女,35,35-39,有未成年孩子,上班族,office_worker,财务主管,,,
P09429,宋乐雅,女,28,25-29,无需要照顾的孩子,体力劳动者,manual_worker,维修技师,,,
P09430,高宁诗,女,41,40-45,有未成年孩子,上班族,office_worker,销售经理,,,
P09431,朱嘉子,女,32,30-34,无需要照顾的孩子,体力劳动者,manual_worker,搬运工,,,
P09432,刘一清,男,43,40-45,有未成年孩子,上班族,office_worker,高级项目经理,,,
P09433,李清,女,21,18-24,无需要照顾的孩子,体力劳动者,manual_worker,配送员,,,
P09434,徐欣诺,女,22,18-24,无需要照顾的孩子,上班族,office_worker,行政专员,,,
P09435,王心,女,38,35-39,有未成年孩子,服务业者,service_worker,餐厅服务员,,,
P09436,王瑶琪,女,42,40-45,有未成年孩子,体力劳动者,manual_worker,仓库操作员,,,
P09437,孙轩景,男,43,40-45,无需要照顾的孩子,上班族,office_worker,客户经理,,,
P09438,周可晨,女,44,40-45,有未成年孩子,上班族,office_worker,销售经理,,,
P09439,黄婷彤,女,25,25-29,有未成年孩子,体力劳动者,manual_worker,建筑工人,,,
P09440,陈乐一,女,23,18-24,无需要照顾的孩子,服务业者,service_worker,酒店服务人员,,,
P09441,于彤星,女,36,35-39,无需要照顾的孩子,上班族,office_worker,客户经理,,,
P09442,张乐宁,男,36,35-39,有未成年孩子,上班族,office_worker,高级数据分析师,,,
P09443,李昊,男,28,25-29,无需要照顾的孩子,自由业者,freelancer,自由设计师,,,
P09444,徐天明,男,37,35-39,无需要照顾的孩子,上班族,office_worker,行政专员,,,
P09445,袁晓乐,女,31,30-34,无需要照顾的孩子,自由业者,freelancer,自媒体从业者,,,
P09446,孙睿,男,41,40-45,有未成年孩子,上班族,office_worker,财务主管,,,
P09447,郭雨诗,女,26,25-29,无需要照顾的孩子,上班族,office_worker,行政专员,,,
P09448,刘嫣可,女,41,40-45,有未成年孩子,自由业者,freelancer,网店经营者,,,
P09449,陈羽晴,女,19,18-24,无需要照顾的孩子,服务业者,service_worker,酒店前台,,,
P09450,罗辰星,男,44,40-45,无需要照顾的孩子,体力劳动者,manual_worker,卡车司机,,,
P09451,胡文,男,33,30-34,无需要照顾的孩子,上班族,office_worker,客户经理,,,
P09452,刘欣心,女,35,35-39,无需要照顾的孩子,服务业者,service_worker,酒店服务人员,,,
P09453,黄豪梓,男,26,25-29,无需要照顾的孩子,上班族,office_worker,销售代表,,,
P09454,黄雨,女,24,18-24,无需要照顾的孩子,服务业者,service_worker,房产经纪,,,
P09455,张瑶欣,女,29,25-29,无需要照顾的孩子,体力劳动者,manual_worker,维修技师,,,
P09456,陈婷乐,女,27,25-29,无需要照顾的孩子,自由业者,freelancer,自媒体从业者,,,
P09457,王安,女,43,40-45,有未成年孩子,上班族,office_worker,采购专员,,,
P09458,王雅,女,27,25-29,无需要照顾的孩子,上班族,office_worker,采购专员,,,
P09459,梁曦,女,30,30-34,无需要照顾的孩子,上班族,office_worker,销售经理,,,
P09460,胡宁晓,女,45,40-45,无需要照顾的孩子,上班族,office_worker,客户经理,,,
P09461,王嘉哲,男,20,18-24,无需要照顾的孩子,大学生,university_student,硕士研究生,,,
P09462,王怡曦,女,41,40-45,有成年孩子,上班族,office_worker,高级运营专员,,,
P09463,王宁瑶,女,44,40-45,有未成年孩子,体力劳动者,manual_worker,维修技师,,,
P09464,胡佑羽,男,35,35-39,有未成年孩子,自由业者,freelancer,自媒体从业者,,,
P09465,李一婷,女,38,35-39,有未成年孩子,体力劳动者,manual_worker,仓库操作员,,,
P09466,李子博,男,25,25-29,无需要照顾的孩子,服务业者,service_worker,客服,,,
P09467,杨思思,女,39,35-39,有未成年孩子,服务业者,service_worker,保安,,,
P09468,冯佳,女,35,35-39,无需要照顾的孩子,上班族,office_worker,HR经理,,,
P09469,赵源诺,女,32,30-34,无需要照顾的孩子,服务业者,service_worker,咖啡师,,,
P09470,胡晓若,女,38,35-39,无需要照顾的孩子,自由业者,freelancer,独立程序员,,,
P09471,刘欣,女,43,40-45,有未成年孩子,体力劳动者,manual_worker,安装工,,,
P09472,王宁辰,女,20,18-24,无需要照顾的孩子,自由业者,freelancer,自媒体从业者,,,
P09473,王晓,女,44,40-45,有成年孩子,上班族,office_worker,运营经理,,,
P09474,刘远星,男,32,30-34,无需要照顾的孩子,服务业者,service_worker,客服,,,
P09475,黄轩景,男,36,35-39,有未成年孩子,上班族,office_worker,销售代表,,,
P09476,孙静远,女,25,25-29,无需要照顾的孩子,上班族,office_worker,销售代表,,,
P09477,罗可,女,33,30-34,无需要照顾的孩子,大学生,university_student,硕士研究生,,,
P09478,谢嫣源,女,34,30-34,有未成年孩子,自由业者,freelancer,独立程序员,,,
P09479,刘怡,女,40,40-45,有成年孩子,上班族,office_worker,部门经理,,,
P09480,刘桐婷,女,41,40-45,有未成年孩子,上班族,office_worker,高级产品经理,,,
P09481,郑嘉羽,男,27,25-29,无需要照顾的孩子,大学生,university_student,硕士研究生,,,
P09482,陈远欣,女,44,40-45,有未成年孩子,上班族,office_worker,HR经理,,,
P09483,王雅婉,女,35,35-39,有未成年孩子,体力劳动者,manual_worker,搬运工,,,
P09484,徐心子,女,44,40-45,有未成年孩子,自由业者,freelancer,自由设计师,,,
P09485,高嘉涵,女,35,35-39,有未成年孩子,自由业者,freelancer,咨询顾问,,,
P09486,张欣思,女,37,35-39,无需要照顾的孩子,体力劳动者,manual_worker,电工,,,
P09487,何言然,男,21,18-24,无需要照顾的孩子,服务业者,service_worker,客服,,,
P09488,李清婷,女,37,35-39,无需要照顾的孩子,服务业者,service_worker,保安,,,
P09489,罗涵,女,33,30-34,无需要照顾的孩子,上班族,office_worker,高级软件工程师,,,
P09490,陈诺晨,女,22,18-24,无需要照顾的孩子,上班族,office_worker,客户专员,,,
P09491,刘若,女,36,35-39,有未成年孩子,上班族,office_worker,行政专员,,,
P09492,徐晴晓,女,45,40-45,无需要照顾的孩子,体力劳动者,manual_worker,维修技师,,,
P09493,郭源思,女,30,30-34,有未成年孩子,上班族,office_worker,客户专员,,,
P09494,李博志,男,45,40-45,有未成年孩子,服务业者,service_worker,美容师,,,
P09495,徐景乐,男,32,30-34,有未成年孩子,自由业者,freelancer,翻译,,,
P09496,陈言怡,女,41,40-45,有成年孩子,上班族,office_worker,财务主管,,,
P09497,谢羽嘉,女,31,30-34,无需要照顾的孩子,体力劳动者,manual_worker,建筑工人,,,
P09498,韩嘉言,女,41,40-45,无需要照顾的孩子,体力劳动者,manual_worker,搬运工,,,
P09499,王思安,女,44,40-45,有未成年孩子,自由业者,freelancer,独立程序员,,,
P09500,李晓嫣,女,26,25-29,无需要照顾的孩子,上班族,office_worker,销售经理,,,
P09501,王晴桐,女,31,30-34,有未成年孩子,服务业者,service_worker,收银员,,,
P09502,徐知晨,男,42,40-45,有未成年孩子,体力劳动者,manual_worker,配送员,,,
P09503,王欣,女,45,40-45,无需要照顾的孩子,上班族,office_worker,HR经理,,,
P09504,刘静婷,女,33,30-34,无需要照顾的孩子,上班族,office_worker,运营专员,,,
P09505,李辰涵,女,35,35-39,有未成年孩子,上班族,office_worker,区域经理,,,
P09506,周曦瑶,女,30,30-34,有未成年孩子,上班族,office_worker,产品经理,,,
P09507,李欣,女,35,35-39,有未成年孩子,上班族,office_worker,高级运营专员,,,
P09508,林佑明,男,33,30-34,有未成年孩子,体力劳动者,manual_worker,仓库操作员,,,
P09509,王怡知,女,35,35-39,无需要照顾的孩子,服务业者,service_worker,理发师,,,
P09510,郭佳诗,女,33,30-34,有未成年孩子,体力劳动者,manual_worker,快递员,,,
P09511,黄怡怡,女,27,25-29,无需要照顾的孩子,上班族,office_worker,高级运营专员,,,
P09512,李婷桐,女,39,35-39,无需要照顾的孩子,上班族,office_worker,客户经理,,,
P09513,郑宁雨,女,30,30-34,有未成年孩子,服务业者,service_worker,咖啡师,,,
P09514,张浩轩,男,41,40-45,无需要照顾的孩子,体力劳动者,manual_worker,快递员,,,
P09515,陈梦佳,女,22,18-24,无需要照顾的孩子,服务业者,service_worker,咖啡师,,,
P09516,于佳,女,42,40-45,有未成年孩子,自由业者,freelancer,自由销售,,,
P09517,张嘉乐,男,38,35-39,有未成年孩子,上班族,office_worker,高级软件工程师,,,
P09518,王佑博,男,30,30-34,无需要照顾的孩子,体力劳动者,manual_worker,卡车司机,,,
P09519,高远羽,男,39,35-39,无需要照顾的孩子,体力劳动者,manual_worker,配送员,,,
P09520,朱雨,女,42,40-45,有未成年孩子,服务业者,service_worker,餐厅服务员,,,
P09521,李可,女,22,18-24,无需要照顾的孩子,大学生,university_student,本科生,,,
P09522,张怡,女,31,30-34,无需要照顾的孩子,上班族,office_worker,项目经理,,,
P09523,刘桐清,女,20,18-24,无需要照顾的孩子,服务业者,service_worker,酒店前台,,,
P09524,李诺语,女,30,30-34,无需要照顾的孩子,上班族,office_worker,项目经理,,,
P09525,罗桐雨,女,24,18-24,无需要照顾的孩子,上班族,office_worker,数据分析师,,,
P09526,宋轩源,男,34,30-34,无需要照顾的孩子,上班族,office_worker,设计师,,,
P09527,梁涵俊,男,41,40-45,有未成年孩子,上班族,office_worker,行政专员,,,
P09528,周雨可,女,35,35-39,有未成年孩子,上班族,office_worker,客户专员,,,
P09529,黄琪思,女,41,40-45,有成年孩子,服务业者,service_worker,收银员,,,
P09530,邓怡辰,女,39,35-39,无需要照顾的孩子,上班族,office_worker,采购经理,,,
P09531,高欣欣,女,38,35-39,有未成年孩子,自由业者,freelancer,摄影师,,,
P09532,王嫣涵,女,37,35-39,有未成年孩子,上班族,office_worker,运营专员,,,
P09533,黄晴静,女,34,30-34,无需要照顾的孩子,上班族,office_worker,运营专员,,,
P09534,李星,女,45,40-45,有未成年孩子,上班族,office_worker,项目经理,,,
P09535,何景哲,男,26,25-29,无需要照顾的孩子,上班族,office_worker,产品经理,,,
P09536,张婷可,女,23,18-24,无需要照顾的孩子,自由业者,freelancer,摄影师,,,
P09537,陈可晓,女,19,18-24,无需要照顾的孩子,自由业者,freelancer,咨询顾问,,,
P09538,李安星,女,39,35-39,有未成年孩子,上班族,office_worker,运营经理,,,
P09539,高桐,女,27,25-29,无需要照顾的孩子,自由业者,freelancer,自由设计师,,,
P09540,王星晓,女,38,35-39,有未成年孩子,自由业者,freelancer,摄影师,,,
P09541,郑宁,女,33,30-34,无需要照顾的孩子,上班族,office_worker,会计,,,
P09542,韩琪,女,22,18-24,无需要照顾的孩子,服务业者,service_worker,收银员,,,
P09543,刘雨佳,女,26,25-29,无需要照顾的孩子,体力劳动者,manual_worker,搬运工,,,
P09544,高乐志,男,43,40-45,无需要照顾的孩子,上班族,office_worker,销售代表,,,
P09545,陈涵欣,女,28,25-29,无需要照顾的孩子,上班族,office_worker,数据分析师,,,
P09546,罗雅心,女,26,25-29,无需要照顾的孩子,上班族,office_worker,采购经理,,,
P09547,何楷佑,男,41,40-45,有未成年孩子,体力劳动者,manual_worker,卡车司机,,,
P09548,孙可诺,女,25,25-29,有未成年孩子,上班族,office_worker,采购专员,,,
P09549,赵羽雨,女,36,35-39,有未成年孩子,上班族,office_worker,HR经理,,,
P09550,胡欣,女,40,40-45,无需要照顾的孩子,服务业者,service_worker,餐厅服务员,,,
P09551,李怡,女,38,35-39,有未成年孩子,上班族,office_worker,高级运营专员,,,
P09552,许思曦,女,43,40-45,有未成年孩子,上班族,office_worker,销售经理,,,
P09553,赵豪辰,男,37,35-39,有未成年孩子,体力劳动者,manual_worker,维修技师,,,
P09554,宋豪,男,30,30-34,无需要照顾的孩子,上班族,office_worker,销售经理,,,
P09555,刘宁思,女,26,25-29,有未成年孩子,上班族,office_worker,数据分析师,,,
P09556,郭轩文,男,30,30-34,无需要照顾的孩子,上班族,office_worker,财务经理,,,
P09557,王佳晴,女,27,25-29,有未成年孩子,上班族,office_worker,采购经理,,,
P09558,胡文佑,男,42,40-45,有未成年孩子,服务业者,service_worker,咖啡师,,,
P09559,刘晨天,男,27,25-29,有未成年孩子,上班族,office_worker,行政专员,,,
P09560,王梦怡,女,19,18-24,无需要照顾的孩子,大学生,university_student,本科生,,,
P09561,刘思晴,女,39,35-39,有未成年孩子,服务业者,service_worker,收银员,,,
P09562,于瑶彤,女,35,35-39,无需要照顾的孩子,服务业者,service_worker,咖啡师,,,
P09563,张安阳,男,34,30-34,有未成年孩子,服务业者,service_worker,理发师,,,
P09564,周一宁,女,32,30-34,有未成年孩子,上班族,office_worker,销售代表,,,
P09565,何明楷,男,38,35-39,无需要照顾的孩子,自由业者,freelancer,独立程序员,,,
P09566,张语,女,45,40-45,有未成年孩子,体力劳动者,manual_worker,搬运工,,,
P09567,张安阳,男,23,18-24,无需要照顾的孩子,大学生,university_student,博士研究生,,,
P09568,吴可若,女,27,25-29,有未成年孩子,上班族,office_worker,软件工程师,,,
P09569,陈佳梦,女,25,25-29,无需要照顾的孩子,服务业者,service_worker,酒店服务人员,,,
P09570,张安,女,20,18-24,无需要照顾的孩子,大学生,university_student,本科生,,,
P09571,刘宁嘉,男,37,35-39,有未成年孩子,上班族,office_worker,项目经理,,,
P09572,吴然景,男,45,40-45,无需要照顾的孩子,体力劳动者,manual_worker,汽车技师,,,
P09573,吴若梦,女,29,25-29,无需要照顾的孩子,服务业者,service_worker,酒店服务人员,,,
P09574,刘涵一,女,42,40-45,有未成年孩子,上班族,office_worker,采购专员,,,
P09575,张远子,男,18,18-24,无需要照顾的孩子,服务业者,service_worker,收银员,,,
P09576,王诗清,女,38,35-39,有未成年孩子,上班族,office_worker,人力资源经理,,,
P09577,张诺,女,25,25-29,无需要照顾的孩子,上班族,office_worker,客户专员,,,
P09578,陈源文,男,43,40-45,有未成年孩子,体力劳动者,manual_worker,搬运工,,,
P09579,陈晨豪,男,32,30-34,有未成年孩子,服务业者,service_worker,房产经纪,,,
P09580,韩晓嘉,女,32,30-34,有未成年孩子,服务业者,service_worker,零售店员,,,
P09581,杨豪景,男,19,18-24,无需要照顾的孩子,服务业者,service_worker,美容师,,,
P09582,张晨豪,男,19,18-24,无需要照顾的孩子,上班族,office_worker,会计,,,
P09583,张言文,男,25,25-29,无需要照顾的孩子,上班族,office_worker,数据分析师,,,
P09584,吴辰,男,38,35-39,无需要照顾的孩子,上班族,office_worker,产品经理,,,
P09585,王宁若,女,43,40-45,有成年孩子,服务业者,service_worker,咖啡师,,,
P09586,梁雅琪,女,32,30-34,无需要照顾的孩子,上班族,office_worker,高级运营专员,,,
P09587,何静子,女,25,25-29,有未成年孩子,上班族,office_worker,销售代表,,,
P09588,吴乐瑶,女,37,35-39,有未成年孩子,自由业者,freelancer,网店经营者,,,
P09589,高梦,女,32,30-34,无需要照顾的孩子,上班族,office_worker,客户专员,,,
P09590,张涵昊,男,35,35-39,有未成年孩子,服务业者,service_worker,咖啡师,,,
P09591,黄语知,女,26,25-29,有未成年孩子,自由业者,freelancer,私教,,,
P09592,王静,女,32,30-34,有未成年孩子,上班族,office_worker,客户专员,,,
P09593,高嫣,女,25,25-29,有未成年孩子,服务业者,service_worker,房产经纪,,,
P09594,刘静源,女,44,40-45,有未成年孩子,服务业者,service_worker,保安,,,
P09595,李明羽,男,18,18-24,无需要照顾的孩子,服务业者,service_worker,厨师,,,
P09596,杨知,女,41,40-45,无需要照顾的孩子,上班族,office_worker,人力资源经理,,,
P09597,郭嘉嘉,男,42,40-45,无需要照顾的孩子,服务业者,service_worker,房产经纪,,,
P09598,王豪辰,男,43,40-45,有未成年孩子,上班族,office_worker,产品经理,,,
P09599,胡心源,女,34,30-34,有未成年孩子,服务业者,service_worker,客服,,,
P09600,杨辰羽,男,44,40-45,有未成年孩子,上班族,office_worker,高级数据分析师,,,
P09601,何涵若,女,37,35-39,无需要照顾的孩子,自由业者,freelancer,自媒体从业者,,,
P09602,胡静,女,40,40-45,有未成年孩子,服务业者,service_worker,理发师,,,
P09603,杨佳欣,女,39,35-39,有未成年孩子,体力劳动者,manual_worker,卡车司机,,,
P09604,刘文,男,25,25-29,无需要照顾的孩子,服务业者,service_worker,房产经纪,,,
P09605,黄语嘉,女,30,30-34,无需要照顾的孩子,上班族,office_worker,高级软件工程师,,,
P09606,王源,女,30,30-34,无需要照顾的孩子,上班族,office_worker,设计师,,,
P09607,罗嘉轩,男,30,30-34,有未成年孩子,服务业者,service_worker,健身教练,,,
P09608,梁雅桐,女,40,40-45,有未成年孩子,上班族,office_worker,高级软件工程师,,,
P09609,杨若远,女,28,25-29,无需要照顾的孩子,上班族,office_worker,软件工程师,,,
P09610,谢羽嘉,男,35,35-39,有未成年孩子,体力劳动者,manual_worker,安装工,,,
P09611,徐可若,女,18,18-24,无需要照顾的孩子,大学生,university_student,本科生,,,
P09612,王瑶,女,42,40-45,无需要照顾的孩子,上班族,office_worker,销售代表,,,
P09613,杨涵曦,女,42,40-45,无需要照顾的孩子,上班族,office_worker,客户专员,,,
P09614,宋晓星,女,36,35-39,有未成年孩子,上班族,office_worker,HR经理,,,
P09615,董雅,女,39,35-39,无需要照顾的孩子,体力劳动者,manual_worker,配送员,,,
P09616,刘怡,女,40,40-45,有成年孩子,上班族,office_worker,产品经理,,,
P09617,周晓梦,女,30,30-34,有未成年孩子,上班族,office_worker,产品经理,,,
P09618,刘言嘉,男,21,18-24,无需要照顾的孩子,大学生,university_student,硕士研究生,,,
P09619,罗羽清,男,19,18-24,无需要照顾的孩子,服务业者,service_worker,房产经纪,,,
P09620,李语,女,27,25-29,无需要照顾的孩子,上班族,office_worker,运营专员,,,
P09621,张哲浩,男,37,35-39,有未成年孩子,上班族,office_worker,采购专员,,,
P09622,高婉宁,女,31,30-34,无需要照顾的孩子,服务业者,service_worker,收银员,,,
P09623,刘浩一,男,42,40-45,有未成年孩子,体力劳动者,manual_worker,仓库操作员,,,
P09624,胡明阳,男,43,40-45,无需要照顾的孩子,自由业者,freelancer,独立程序员,,,
P09625,黄晓一,女,41,40-45,无需要照顾的孩子,服务业者,service_worker,酒店前台,,,
P09626,罗可晴,女,19,18-24,无需要照顾的孩子,大学生,university_student,本科生,,,
P09627,王嘉,女,21,18-24,无需要照顾的孩子,上班族,office_worker,采购专员,,,
P09628,王婷,女,20,18-24,无需要照顾的孩子,大学生,university_student,本科生,,,
P09629,孙俊乐,男,19,18-24,无需要照顾的孩子,大学生,university_student,本科生,,,
P09630,李辰远,男,43,40-45,有未成年孩子,上班族,office_worker,高级软件工程师,,,
P09631,张杰杰,男,40,40-45,无需要照顾的孩子,上班族,office_worker,财务主管,,,
P09632,张瑶心,女,19,18-24,无需要照顾的孩子,上班族,office_worker,客户专员,,,
P09633,李言可,女,26,25-29,无需要照顾的孩子,上班族,office_worker,软件工程师,,,
P09634,王清诺,女,22,18-24,无需要照顾的孩子,上班族,office_worker,数据分析师,,,
P09635,郭辰诗,女,22,18-24,有未成年孩子,大学生,university_student,硕士研究生,,,
P09636,赵然,男,34,30-34,无需要照顾的孩子,体力劳动者,manual_worker,焊工,,,
P09637,王羽怡,女,33,30-34,无需要照顾的孩子,上班族,office_worker,采购经理,,,
P09638,邓梦语,女,21,18-24,无需要照顾的孩子,上班族,office_worker,设计师,,,
P09639,张宁志,男,28,25-29,有未成年孩子,上班族,office_worker,采购专员,,,
P09640,高嫣,女,41,40-45,有成年孩子,体力劳动者,manual_worker,建筑工人,,,
P09641,宋语怡,女,22,18-24,无需要照顾的孩子,体力劳动者,manual_worker,仓库操作员,,,
P09642,陈晨一,男,32,30-34,有未成年孩子,服务业者,service_worker,房产经纪,,,
P09643,唐宁,女,32,30-34,有未成年孩子,上班族,office_worker,客户经理,,,
P09644,王睿羽,男,30,30-34,有未成年孩子,上班族,office_worker,采购经理,,,
P09645,王琪知,女,28,25-29,无需要照顾的孩子,大学生,university_student,硕士研究生,,,
P09646,陈静佳,女,41,40-45,有未成年孩子,服务业者,service_worker,餐厅服务员,,,
P09647,张欣,女,37,35-39,无需要照顾的孩子,服务业者,service_worker,酒店服务人员,,,
P09648,董心雅,女,37,35-39,有未成年孩子,上班族,office_worker,高级软件工程师,,,
P09649,赵羽,女,32,30-34,无需要照顾的孩子,体力劳动者,manual_worker,汽车技师,,,
P09650,吴哲可,男,38,35-39,有未成年孩子,体力劳动者,manual_worker,设备操作员,,,
P09651,吴佳琪,女,35,35-39,有未成年孩子,体力劳动者,manual_worker,卡车司机,,,
P09652,赵远知,男,37,35-39,有未成年孩子,上班族,office_worker,财务经理,,,
P09653,周浩心,男,31,30-34,无需要照顾的孩子,上班族,office_worker,项目经理,,,
P09654,陈辰嘉,男,37,35-39,无需要照顾的孩子,自由业者,freelancer,网店经营者,,,
P09655,刘思,女,28,25-29,无需要照顾的孩子,上班族,office_worker,HR经理,,,
P09656,王可辰,女,43,40-45,无需要照顾的孩子,服务业者,service_worker,理发师,,,
P09657,王婉雨,女,43,40-45,有未成年孩子,服务业者,service_worker,保安,,,
P09658,张子清,男,39,35-39,无需要照顾的孩子,上班族,office_worker,HR经理,,,
P09659,王嫣,女,37,35-39,有未成年孩子,服务业者,service_worker,酒店前台,,,
P09660,罗晨俊,男,40,40-45,有未成年孩子,服务业者,service_worker,客服,,,
P09661,陈涵婷,女,28,25-29,无需要照顾的孩子,上班族,office_worker,客户专员,,,
P09662,罗宁若,女,23,18-24,无需要照顾的孩子,大学生,university_student,硕士研究生,,,
P09663,胡哲星,男,33,30-34,有未成年孩子,体力劳动者,manual_worker,电工,,,
P09664,韩明源,男,26,25-29,无需要照顾的孩子,自由业者,freelancer,自由销售,,,
P09665,吴彤,女,34,30-34,有未成年孩子,上班族,office_worker,数据分析师,,,
P09666,宋心嫣,女,19,18-24,无需要照顾的孩子,体力劳动者,manual_worker,卡车司机,,,
P09667,高子,男,41,40-45,无需要照顾的孩子,上班族,office_worker,人力资源经理,,,
P09668,李阳豪,男,23,18-24,无需要照顾的孩子,大学生,university_student,博士研究生,,,
P09669,李彤清,女,41,40-45,有未成年孩子,体力劳动者,manual_worker,焊工,,,
P09670,陈轩心,男,45,40-45,有未成年孩子,服务业者,service_worker,客服,,,
P09671,许欣,女,27,25-29,无需要照顾的孩子,体力劳动者,manual_worker,电工,,,
P09672,陈雨欣,女,31,30-34,有未成年孩子,自由业者,freelancer,独立程序员,,,
P09673,张一,男,39,35-39,无需要照顾的孩子,上班族,office_worker,客户经理,,,
P09674,王清文,男,32,30-34,无需要照顾的孩子,服务业者,service_worker,餐厅服务员,,,
P09675,张雅晨,女,38,35-39,无需要照顾的孩子,上班族,office_worker,产品经理,,,
P09676,何诺心,男,19,18-24,无需要照顾的孩子,上班族,office_worker,采购专员,,,
P09677,王思,女,24,18-24,无需要照顾的孩子,上班族,office_worker,销售代表,,,
P09678,刘琪一,女,41,40-45,有成年孩子,体力劳动者,manual_worker,快递员,,,
P09679,王欣欣,女,31,30-34,有未成年孩子,上班族,office_worker,高级数据分析师,,,
P09680,郑哲梓,男,29,25-29,无需要照顾的孩子,上班族,office_worker,行政专员,,,
P09681,马知清,女,29,25-29,无需要照顾的孩子,上班族,office_worker,客户专员,,,
P09682,郭涵浩,男,33,30-34,无需要照顾的孩子,体力劳动者,manual_worker,焊工,,,
P09683,张星言,女,25,25-29,无需要照顾的孩子,上班族,office_worker,软件工程师,,,
P09684,杨佑文,男,30,30-34,有未成年孩子,服务业者,service_worker,理发师,,,
P09685,曹诗欣,女,26,25-29,无需要照顾的孩子,自由业者,freelancer,独立程序员,,,
P09686,刘言诚,男,32,30-34,有未成年孩子,体力劳动者,manual_worker,仓库操作员,,,
P09687,陈涵宁,女,32,30-34,无需要照顾的孩子,上班族,office_worker,高级数据分析师,,,
P09688,朱梦嘉,女,21,18-24,无需要照顾的孩子,体力劳动者,manual_worker,电工,,,
P09689,李可,女,45,40-45,有未成年孩子,上班族,office_worker,产品经理,,,
P09690,王梦晓,女,33,30-34,无需要照顾的孩子,体力劳动者,manual_worker,搬运工,,,
P09691,李语,女,43,40-45,有未成年孩子,服务业者,service_worker,酒店服务人员,,,
P09692,郑嘉,女,22,18-24,无需要照顾的孩子,大学生,university_student,本科生,,,
P09693,韩远涵,男,43,40-45,有未成年孩子,上班族,office_worker,人力资源经理,,,
P09694,朱静思,女,26,25-29,无需要照顾的孩子,体力劳动者,manual_worker,配送员,,,
P09695,刘嘉,男,32,30-34,无需要照顾的孩子,体力劳动者,manual_worker,配送员,,,
P09696,黄一安,男,32,30-34,有未成年孩子,上班族,office_worker,采购专员,,,
P09697,张源宁,女,41,40-45,无需要照顾的孩子,自由业者,freelancer,独立程序员,,,
P09698,赵阳源,男,37,35-39,有未成年孩子,服务业者,service_worker,客服,,,
P09699,张俊源,男,44,40-45,无需要照顾的孩子,服务业者,service_worker,房产经纪,,,
P09700,朱一宁,女,42,40-45,有未成年孩子,服务业者,service_worker,房产经纪,,,
P09701,杨静,女,18,18-24,无需要照顾的孩子,上班族,office_worker,设计师,,,
P09702,李轩,男,18,18-24,有未成年孩子,自由业者,freelancer,独立承包商,,,
P09703,陈怡桐,女,34,30-34,无需要照顾的孩子,上班族,office_worker,财务专员,,,
P09704,刘景,男,26,25-29,有未成年孩子,服务业者,service_worker,餐厅服务员,,,
P09705,王楷志,男,20,18-24,无需要照顾的孩子,大学生,university_student,本科生,,,
P09706,高子子,男,30,30-34,有未成年孩子,上班族,office_worker,采购经理,,,
P09707,韩言,女,34,30-34,有未成年孩子,服务业者,service_worker,收银员,,,
P09708,刘楷一,男,20,18-24,无需要照顾的孩子,服务业者,service_worker,餐厅服务员,,,
P09709,许怡宁,女,40,40-45,有未成年孩子,上班族,office_worker,设计师,,,
P09710,冯远,女,32,30-34,有未成年孩子,上班族,office_worker,高级软件工程师,,,
P09711,孙诗婷,女,25,25-29,无需要照顾的孩子,大学生,university_student,硕士研究生,,,
P09712,朱一嘉,女,33,30-34,有未成年孩子,上班族,office_worker,高级运营专员,,,
P09713,刘浩豪,男,34,30-34,有未成年孩子,自由业者,freelancer,自由销售,,,
P09714,朱宁宁,男,19,18-24,无需要照顾的孩子,服务业者,service_worker,健身教练,,,
P09715,李安楷,男,40,40-45,有未成年孩子,上班族,office_worker,产品经理,,,
P09716,王宁晨,女,22,18-24,无需要照顾的孩子,体力劳动者,manual_worker,电工,,,
P09717,陈然思,男,24,18-24,无需要照顾的孩子,大学生,university_student,硕士研究生,,,
P09718,胡宇,男,43,40-45,有未成年孩子,上班族,office_worker,高级数据分析师,,,
P09719,谢彤琪,女,42,40-45,无需要照顾的孩子,上班族,office_worker,高级项目经理,,,
P09720,吴涵,女,33,30-34,无需要照顾的孩子,服务业者,service_worker,酒店服务人员,,,
P09721,杨晨辰,男,32,30-34,无需要照顾的孩子,上班族,office_worker,销售经理,,,
P09722,韩清,女,28,25-29,无需要照顾的孩子,自由业者,freelancer,私教,,,
P09723,吴心远,男,38,35-39,有未成年孩子,上班族,office_worker,HR经理,,,
P09724,徐嘉静,女,34,30-34,有未成年孩子,体力劳动者,manual_worker,电工,,,
P09725,李安,男,26,25-29,无需要照顾的孩子,自由业者,freelancer,翻译,,,
P09726,胡源宁,女,33,30-34,有未成年孩子,上班族,office_worker,客户经理,,,
P09727,谢晓诗,女,40,40-45,无需要照顾的孩子,体力劳动者,manual_worker,设备操作员,,,
P09728,于思晴,女,34,30-34,无需要照顾的孩子,自由业者,freelancer,独立程序员,,,
P09729,张涵晨,女,33,30-34,有未成年孩子,服务业者,service_worker,咖啡师,,,
P09730,冯欣婉,女,34,30-34,无需要照顾的孩子,上班族,office_worker,高级运营专员,,,
P09731,张清,男,19,18-24,无需要照顾的孩子,上班族,office_worker,销售代表,,,
P09732,王远诺,男,25,25-29,无需要照顾的孩子,大学生,university_student,硕士研究生,,,
P09733,黄豪,男,31,30-34,有未成年孩子,自由业者,freelancer,翻译,,,
P09734,唐怡宁,女,41,40-45,无需要照顾的孩子,自由业者,freelancer,私教,,,
P09735,徐怡知,女,32,30-34,无需要照顾的孩子,服务业者,service_worker,收银员,,,
P09736,周心源,男,39,35-39,无需要照顾的孩子,上班族,office_worker,设计师,,,
P09737,杨佳婷,女,28,25-29,无需要照顾的孩子,服务业者,service_worker,理发师,,,
P09738,许欣琪,女,20,18-24,无需要照顾的孩子,体力劳动者,manual_worker,汽车技师,,,
P09739,吴欣嫣,女,39,35-39,无需要照顾的孩子,服务业者,service_worker,房产经纪,,,
P09740,张静辰,女,33,30-34,无需要照顾的孩子,上班族,office_worker,数据分析师,,,
P09741,郑志,男,33,30-34,无需要照顾的孩子,服务业者,service_worker,客服,,,
P09742,周可诺,女,39,35-39,有未成年孩子,服务业者,service_worker,酒店服务人员,,,
P09743,刘昊思,男,25,25-29,无需要照顾的孩子,上班族,office_worker,客户经理,,,
P09744,刘雅,女,18,18-24,有未成年孩子,服务业者,service_worker,保安,,,
P09745,刘言桐,女,27,25-29,无需要照顾的孩子,上班族,office_worker,客户经理,,,
P09746,刘可思,女,45,40-45,无需要照顾的孩子,自由业者,freelancer,私教,,,
P09747,李欣琪,女,43,40-45,有未成年孩子,服务业者,service_worker,收银员,,,
P09748,张辰,女,35,35-39,有未成年孩子,服务业者,service_worker,餐厅服务员,,,
P09749,黄乐佳,女,32,30-34,有未成年孩子,服务业者,service_worker,餐厅服务员,,,
P09750,张怡,女,35,35-39,有未成年孩子,上班族,office_worker,财务主管,,,
P09751,高心梦,女,28,25-29,无需要照顾的孩子,上班族,office_worker,高级运营专员,,,
P09752,董思怡,女,29,25-29,无需要照顾的孩子,体力劳动者,manual_worker,设备操作员,,,
P09753,朱欣涵,女,44,40-45,无需要照顾的孩子,上班族,office_worker,产品经理,,,
P09754,高文楷,男,18,18-24,无需要照顾的孩子,大学生,university_student,本科生,,,
P09755,李安,女,20,18-24,无需要照顾的孩子,上班族,office_worker,销售代表,,,
P09756,李欣,女,40,40-45,有未成年孩子,上班族,office_worker,高级项目经理,,,
P09757,陈桐,女,22,18-24,无需要照顾的孩子,大学生,university_student,本科生,,,
P09758,王博,男,28,25-29,无需要照顾的孩子,上班族,office_worker,设计师,,,
P09759,李怡,女,31,30-34,无需要照顾的孩子,上班族,office_worker,客户专员,,,
P09760,王乐,女,43,40-45,有未成年孩子,服务业者,service_worker,酒店服务人员,,,
P09761,韩曦梦,女,24,18-24,无需要照顾的孩子,服务业者,service_worker,厨师,,,
P09762,李曦语,女,42,40-45,无需要照顾的孩子,上班族,office_worker,高级软件工程师,,,
P09763,徐琪羽,女,30,30-34,无需要照顾的孩子,服务业者,service_worker,理发师,,,
P09764,周桐语,女,41,40-45,有未成年孩子,上班族,office_worker,项目经理,,,
P09765,张彤梦,女,39,35-39,无需要照顾的孩子,自由业者,freelancer,咨询顾问,,,
P09766,王佳安,女,44,40-45,有未成年孩子,体力劳动者,manual_worker,设备操作员,,,
P09767,陈桐可,女,26,25-29,无需要照顾的孩子,体力劳动者,manual_worker,焊工,,,
P09768,张晨豪,男,32,30-34,无需要照顾的孩子,体力劳动者,manual_worker,配送员,,,
P09769,谢一晴,女,32,30-34,无需要照顾的孩子,体力劳动者,manual_worker,汽车技师,,,
P09770,王语知,女,30,30-34,无需要照顾的孩子,上班族,office_worker,会计,,,
P09771,李曦桐,女,42,40-45,无需要照顾的孩子,服务业者,service_worker,保安,,,
P09772,曹婉嘉,女,43,40-45,有未成年孩子,上班族,office_worker,客户专员,,,
P09773,杨思清,女,30,30-34,有未成年孩子,体力劳动者,manual_worker,电工,,,
P09774,袁子晴,女,38,35-39,无需要照顾的孩子,体力劳动者,manual_worker,设备操作员,,,
P09775,李晨语,女,39,35-39,有未成年孩子,体力劳动者,manual_worker,安装工,,,
P09776,张思,男,34,30-34,无需要照顾的孩子,上班族,office_worker,采购专员,,,
P09777,梁景知,男,19,18-24,有未成年孩子,服务业者,service_worker,零售店员,,,
P09778,杨言曦,女,34,30-34,有未成年孩子,服务业者,service_worker,厨师,,,
P09779,张婷,女,35,35-39,无需要照顾的孩子,上班族,office_worker,客户经理,,,
P09780,高知,女,25,25-29,无需要照顾的孩子,上班族,office_worker,高级数据分析师,,,
P09781,郭怡心,女,43,40-45,无需要照顾的孩子,体力劳动者,manual_worker,安装工,,,
P09782,周涵思,女,19,18-24,无需要照顾的孩子,大学生,university_student,本科生,,,
P09783,张雨知,女,28,25-29,无需要照顾的孩子,服务业者,service_worker,客服,,,
P09784,杨辰羽,女,45,40-45,无需要照顾的孩子,上班族,office_worker,客户经理,,,
P09785,张可心,女,35,35-39,无需要照顾的孩子,体力劳动者,manual_worker,搬运工,,,
P09786,刘明明,男,37,35-39,无需要照顾的孩子,服务业者,service_worker,零售店员,,,
P09787,徐可心,女,31,30-34,有未成年孩子,服务业者,service_worker,理发师,,,
P09788,黄瑶雅,女,30,30-34,无需要照顾的孩子,上班族,office_worker,高级运营专员,,,
P09789,陈源言,女,30,30-34,无需要照顾的孩子,服务业者,service_worker,客服,,,
P09790,胡轩,男,37,35-39,无需要照顾的孩子,自由业者,freelancer,自由设计师,,,
P09791,李曦晨,女,40,40-45,有未成年孩子,上班族,office_worker,客户经理,,,
P09792,梁星若,女,25,25-29,无需要照顾的孩子,上班族,office_worker,客户专员,,,
P09793,罗文文,男,35,35-39,有未成年孩子,上班族,office_worker,高级软件工程师,,,
P09794,陈婉,女,27,25-29,有未成年孩子,上班族,office_worker,销售经理,,,
P09795,张星安,女,33,30-34,无需要照顾的孩子,自由业者,freelancer,自由销售,,,
P09796,何怡嫣,女,34,30-34,有未成年孩子,上班族,office_worker,项目经理,,,
P09797,王一诺,女,39,35-39,无需要照顾的孩子,服务业者,service_worker,客服,,,
P09798,王曦一,女,31,30-34,无需要照顾的孩子,上班族,office_worker,采购经理,,,
P09799,陈睿文,男,38,35-39,有未成年孩子,服务业者,service_worker,零售店员,,,
P09800,王晴诺,女,44,40-45,有未成年孩子,上班族,office_worker,人力资源经理,,,
P09801,唐轩诚,男,36,35-39,无需要照顾的孩子,体力劳动者,manual_worker,汽车技师,,,
P09802,谢知雨,女,27,25-29,无需要照顾的孩子,服务业者,service_worker,收银员,,,
P09803,刘诺,女,41,40-45,无需要照顾的孩子,服务业者,service_worker,健身教练,,,
P09804,周婷婉,女,41,40-45,无需要照顾的孩子,上班族,office_worker,区域经理,,,
P09805,梁瑶雨,女,38,35-39,有未成年孩子,服务业者,service_worker,保安,,,
P09806,林佳可,女,23,18-24,无需要照顾的孩子,大学生,university_student,硕士研究生,,,
P09807,黄思,男,40,40-45,有未成年孩子,体力劳动者,manual_worker,仓库操作员,,,
P09808,李涵晓,女,36,35-39,无需要照顾的孩子,上班族,office_worker,销售代表,,,
P09809,黄阳然,男,44,40-45,有未成年孩子,上班族,office_worker,运营经理,,,
P09810,周宁楷,男,40,40-45,有未成年孩子,自由业者,freelancer,自由销售,,,
P09811,张琪,女,30,30-34,无需要照顾的孩子,上班族,office_worker,数据分析师,,,
P09812,陈瑶清,女,34,30-34,无需要照顾的孩子,上班族,office_worker,HR经理,,,
P09813,张清婉,女,34,30-34,有未成年孩子,体力劳动者,manual_worker,卡车司机,,,
P09814,吴晓晴,女,32,30-34,无需要照顾的孩子,上班族,office_worker,高级数据分析师,,,
P09815,赵远,女,20,18-24,无需要照顾的孩子,服务业者,service_worker,咖啡师,,,
P09816,李怡怡,女,34,30-34,无需要照顾的孩子,上班族,office_worker,采购经理,,,
P09817,杨星可,女,36,35-39,有未成年孩子,上班族,office_worker,高级产品经理,,,
P09818,吴言桐,女,39,35-39,有未成年孩子,体力劳动者,manual_worker,设备操作员,,,
P09819,郭诗辰,女,32,30-34,无需要照顾的孩子,自由业者,freelancer,网店经营者,,,
P09820,王雅若,女,43,40-45,有未成年孩子,上班族,office_worker,HR经理,,,
P09821,高羽涵,女,39,35-39,有未成年孩子,上班族,office_worker,产品经理,,,
P09822,宋宇,男,29,25-29,有未成年孩子,上班族,office_worker,软件工程师,,,
P09823,赵一雨,女,44,40-45,有未成年孩子,体力劳动者,manual_worker,配送员,,,
P09824,袁心,女,26,25-29,无需要照顾的孩子,自由业者,freelancer,独立承包商,,,
P09825,黄豪星,男,39,35-39,无需要照顾的孩子,上班族,office_worker,高级产品经理,,,
P09826,李辰诗,女,35,35-39,有未成年孩子,上班族,office_worker,高级数据分析师,,,
P09827,张雅知,女,29,25-29,无需要照顾的孩子,上班族,office_worker,财务专员,,,
P09828,王语,女,43,40-45,有未成年孩子,上班族,office_worker,客户专员,,,
P09829,董嫣宁,女,37,35-39,有未成年孩子,上班族,office_worker,软件工程师,,,
P09830,黄婷,女,25,25-29,无需要照顾的孩子,服务业者,service_worker,零售店员,,,
P09831,王怡心,女,36,35-39,有未成年孩子,服务业者,service_worker,理发师,,,
P09832,杨雅诗,女,18,18-24,无需要照顾的孩子,自由业者,freelancer,独立程序员,,,
P09833,韩一,男,30,30-34,无需要照顾的孩子,上班族,office_worker,高级软件工程师,,,
P09834,张清乐,女,42,40-45,无需要照顾的孩子,服务业者,service_worker,酒店服务人员,,,
P09835,王晨,男,38,35-39,无需要照顾的孩子,上班族,office_worker,项目经理,,,
P09836,周思佳,女,27,25-29,有未成年孩子,上班族,office_worker,HR经理,,,
P09837,杨豪远,男,32,30-34,无需要照顾的孩子,自由业者,freelancer,自由设计师,,,
P09838,张知,女,31,30-34,有未成年孩子,体力劳动者,manual_worker,汽车技师,,,
P09839,周晨阳,男,42,40-45,无需要照顾的孩子,上班族,office_worker,销售经理,,,
P09840,冯嘉星,女,26,25-29,无需要照顾的孩子,上班族,office_worker,软件工程师,,,
P09841,孙清子,女,26,25-29,无需要照顾的孩子,上班族,office_worker,采购专员,,,
P09842,杨宁曦,女,41,40-45,有未成年孩子,体力劳动者,manual_worker,建筑工人,,,
P09843,王静,女,20,18-24,有未成年孩子,大学生,university_student,本科生,,,
P09844,王昊一,男,33,30-34,有未成年孩子,大学生,university_student,本科生,,,
P09845,李静诗,女,22,18-24,无需要照顾的孩子,上班族,office_worker,采购专员,,,
P09846,谢嘉思,男,27,25-29,无需要照顾的孩子,自由业者,freelancer,自由设计师,,,
P09847,刘婷梦,女,45,40-45,有未成年孩子,上班族,office_worker,运营专员,,,
P09848,刘琪,女,43,40-45,有未成年孩子,服务业者,service_worker,零售店员,,,
P09849,刘可子,女,39,35-39,有未成年孩子,上班族,office_worker,采购专员,,,
P09850,张乐星,男,34,30-34,有未成年孩子,服务业者,service_worker,咖啡师,,,
P09851,胡晴欣,女,39,35-39,无需要照顾的孩子,自由业者,freelancer,摄影师,,,
P09852,吴言涵,女,27,25-29,无需要照顾的孩子,服务业者,service_worker,健身教练,,,
P09853,杨涵,女,26,25-29,无需要照顾的孩子,上班族,office_worker,行政专员,,,
P09854,张知,男,45,40-45,有未成年孩子,服务业者,service_worker,酒店服务人员,,,
P09855,黄宁清,男,39,35-39,有未成年孩子,上班族,office_worker,运营专员,,,
P09856,王瑶宁,女,41,40-45,有未成年孩子,上班族,office_worker,高级软件工程师,,,
P09857,宋轩,男,29,25-29,有未成年孩子,上班族,office_worker,数据分析师,,,
P09858,于豪景,男,31,30-34,有未成年孩子,上班族,office_worker,财务主管,,,
P09859,郑景晨,男,27,25-29,无需要照顾的孩子,体力劳动者,manual_worker,维修技师,,,
P09860,林晨轩,男,18,18-24,无需要照顾的孩子,体力劳动者,manual_worker,快递员,,,
P09861,李宁晓,女,23,18-24,无需要照顾的孩子,服务业者,service_worker,理发师,,,
P09862,张嘉思,女,25,25-29,无需要照顾的孩子,体力劳动者,manual_worker,安装工,,,
P09863,高泽佑,男,34,30-34,有未成年孩子,服务业者,service_worker,零售店员,,,
P09864,陈泽言,男,31,30-34,无需要照顾的孩子,上班族,office_worker,会计,,,
P09865,郭子嫣,女,43,40-45,有未成年孩子,上班族,office_worker,高级软件工程师,,,
P09866,李思,女,34,30-34,无需要照顾的孩子,上班族,office_worker,采购经理,,,
P09867,吴昊天,男,25,25-29,无需要照顾的孩子,服务业者,service_worker,房产经纪,,,
P09868,徐辰静,女,19,18-24,无需要照顾的孩子,服务业者,service_worker,健身教练,,,
P09869,冯轩可,男,34,30-34,无需要照顾的孩子,上班族,office_worker,数据分析师,,,
P09870,袁嘉雅,女,45,40-45,有成年孩子,上班族,office_worker,项目经理,,,
P09871,赵晴婷,女,44,40-45,有未成年孩子,体力劳动者,manual_worker,汽车技师,,,
P09872,张清,男,43,40-45,无需要照顾的孩子,体力劳动者,manual_worker,焊工,,,
P09873,程晨豪,男,22,18-24,无需要照顾的孩子,服务业者,service_worker,美容师,,,
P09874,刘文源,男,43,40-45,无需要照顾的孩子,自由业者,freelancer,独立承包商,,,
P09875,冯清诺,男,25,25-29,无需要照顾的孩子,体力劳动者,manual_worker,焊工,,,
P09876,李晨诺,男,34,30-34,有未成年孩子,上班族,office_worker,项目经理,,,
P09877,陈安嘉,男,26,25-29,无需要照顾的孩子,服务业者,service_worker,理发师,,,
P09878,王哲知,男,42,40-45,有未成年孩子,上班族,office_worker,项目经理,,,
P09879,冯嫣,女,37,35-39,有未成年孩子,上班族,office_worker,高级数据分析师,,,
P09880,朱嫣琪,女,29,25-29,无需要照顾的孩子,自由业者,freelancer,自媒体从业者,,,
P09881,许言哲,男,41,40-45,有未成年孩子,服务业者,service_worker,客服,,,
P09882,李思雅,女,34,30-34,无需要照顾的孩子,服务业者,service_worker,理发师,,,
P09883,刘星涵,女,37,35-39,有成年孩子,上班族,office_worker,项目经理,,,
P09884,徐豪嘉,男,29,25-29,无需要照顾的孩子,上班族,office_worker,高级数据分析师,,,
P09885,郑晓宁,女,25,25-29,无需要照顾的孩子,上班族,office_worker,产品经理,,,
P09886,刘曦,女,35,35-39,有未成年孩子,体力劳动者,manual_worker,配送员,,,
P09887,李雨晴,女,37,35-39,有未成年孩子,上班族,office_worker,销售经理,,,
P09888,张若思,女,36,35-39,有未成年孩子,服务业者,service_worker,客服,,,
P09889,赵涵远,女,43,40-45,有成年孩子,上班族,office_worker,销售经理,,,
P09890,林言子,男,25,25-29,无需要照顾的孩子,上班族,office_worker,设计师,,,
P09891,陈博,男,34,30-34,无需要照顾的孩子,体力劳动者,manual_worker,安装工,,,
P09892,黄涵诺,女,29,25-29,无需要照顾的孩子,上班族,office_worker,客户经理,,,
P09893,梁远浩,男,40,40-45,有未成年孩子,上班族,office_worker,高级运营专员,,,
P09894,张浩,男,36,35-39,有未成年孩子,上班族,office_worker,项目经理,,,
P09895,赵志安,男,33,30-34,有未成年孩子,体力劳动者,manual_worker,建筑工人,,,
P09896,陈羽诗,女,33,30-34,有未成年孩子,上班族,office_worker,销售经理,,,
P09897,刘诺轩,男,44,40-45,无需要照顾的孩子,上班族,office_worker,高级软件工程师,,,
P09898,王子清,男,29,25-29,无需要照顾的孩子,大学生,university_student,硕士研究生,,,
P09899,陈思诗,女,29,25-29,有未成年孩子,服务业者,service_worker,餐厅服务员,,,
P09900,刘琪瑶,女,38,35-39,有成年孩子,上班族,office_worker,产品经理,,,
P09901,王瑶,女,30,30-34,有未成年孩子,上班族,office_worker,数据分析师,,,
P09902,刘诺远,女,37,35-39,无需要照顾的孩子,服务业者,service_worker,客服,,,
P09903,刘嘉辰,男,18,18-24,无需要照顾的孩子,服务业者,service_worker,客服,,,
P09904,张晨辰,男,42,40-45,有成年孩子,服务业者,service_worker,健身教练,,,
P09905,吴嘉轩,男,37,35-39,有未成年孩子,上班族,office_worker,销售代表,,,
P09906,杨晨宁,男,27,25-29,无需要照顾的孩子,服务业者,service_worker,美容师,,,
P09907,刘瑶欣,女,33,30-34,有未成年孩子,上班族,office_worker,客户经理,,,
P09908,胡诺景,男,35,35-39,有未成年孩子,服务业者,service_worker,收银员,,,
P09909,林诗,女,21,18-24,无需要照顾的孩子,服务业者,service_worker,美容师,,,
P09910,刘楷星,男,34,30-34,无需要照顾的孩子,服务业者,service_worker,零售店员,,,
P09911,梁天嘉,男,37,35-39,有未成年孩子,服务业者,service_worker,咖啡师,,,
P09912,张涵,女,36,35-39,有未成年孩子,服务业者,service_worker,理发师,,,
P09913,张辰晨,男,20,18-24,无需要照顾的孩子,服务业者,service_worker,餐厅服务员,,,
P09914,何嘉哲,男,28,25-29,无需要照顾的孩子,大学生,university_student,硕士研究生,,,
P09915,程可远,女,33,30-34,无需要照顾的孩子,上班族,office_worker,数据分析师,,,
P09916,李佳欣,女,45,40-45,有未成年孩子,上班族,office_worker,软件工程师,,,
P09917,王婷若,女,42,40-45,无需要照顾的孩子,自由业者,freelancer,翻译,,,
P09918,徐静瑶,女,30,30-34,无需要照顾的孩子,上班族,office_worker,财务专员,,,
P09919,张琪,女,32,30-34,无需要照顾的孩子,服务业者,service_worker,收银员,,,
P09920,何泽嘉,男,41,40-45,无需要照顾的孩子,服务业者,service_worker,美容师,,,
P09921,王若晴,女,25,25-29,无需要照顾的孩子,服务业者,service_worker,餐厅服务员,,,
P09922,胡语诺,女,22,18-24,无需要照顾的孩子,服务业者,service_worker,收银员,,,
P09923,罗可清,女,37,35-39,无需要照顾的孩子,上班族,office_worker,销售经理,,,
P09924,张诺怡,女,22,18-24,无需要照顾的孩子,大学生,university_student,本科生,,,
P09925,吴雨,女,38,35-39,有未成年孩子,服务业者,service_worker,保安,,,
P09926,何源晨,女,20,18-24,无需要照顾的孩子,上班族,office_worker,行政专员,,,
P09927,黄子涵,女,45,40-45,无需要照顾的孩子,上班族,office_worker,财务专员,,,
P09928,张怡宁,女,41,40-45,有未成年孩子,体力劳动者,manual_worker,建筑工人,,,
P09929,郑星,女,45,40-45,有未成年孩子,自由业者,freelancer,私教,,,
P09930,王思,女,29,25-29,无需要照顾的孩子,体力劳动者,manual_worker,电工,,,
P09931,陈辰志,男,37,35-39,有未成年孩子,上班族,office_worker,HR经理,,,
P09932,王思,女,38,35-39,无需要照顾的孩子,上班族,office_worker,销售经理,,,
P09933,李安静,女,35,35-39,有未成年孩子,体力劳动者,manual_worker,配送员,,,
P09934,刘宁,女,20,18-24,无需要照顾的孩子,上班族,office_worker,行政专员,,,
P09935,陈欣,女,44,40-45,有未成年孩子,自由业者,freelancer,独立程序员,,,
P09936,赵涵欣,女,38,35-39,无需要照顾的孩子,上班族,office_worker,采购经理,,,
P09937,韩楷楷,男,43,40-45,有成年孩子,上班族,office_worker,HR经理,,,
P09938,郭嘉源,男,44,40-45,有未成年孩子,服务业者,service_worker,咖啡师,,,
P09939,黄思雅,女,35,35-39,有未成年孩子,服务业者,service_worker,餐厅服务员,,,
P09940,张婷欣,女,41,40-45,有未成年孩子,服务业者,service_worker,厨师,,,
P09941,吴杰,男,34,30-34,无需要照顾的孩子,上班族,office_worker,HR经理,,,
P09942,李子子,女,33,30-34,无需要照顾的孩子,服务业者,service_worker,酒店前台,,,
P09943,何诚,男,42,40-45,有未成年孩子,服务业者,service_worker,零售店员,,,
P09944,胡曦怡,女,40,40-45,无需要照顾的孩子,上班族,office_worker,高级数据分析师,,,
P09945,朱欣涵,女,24,18-24,无需要照顾的孩子,服务业者,service_worker,厨师,,,
P09946,林安婷,女,33,30-34,无需要照顾的孩子,上班族,office_worker,销售代表,,,
P09947,陈乐涵,女,37,35-39,有未成年孩子,上班族,office_worker,高级运营专员,,,
P09948,孙远天,男,44,40-45,有未成年孩子,服务业者,service_worker,酒店前台,,,
P09949,袁辰,男,33,30-34,无需要照顾的孩子,自由业者,freelancer,自媒体从业者,,,
P09950,张远晨,女,20,18-24,无需要照顾的孩子,大学生,university_student,本科生,,,
P09951,高知清,男,24,18-24,无需要照顾的孩子,大学生,university_student,博士研究生,,,
P09952,张远,男,23,18-24,无需要照顾的孩子,体力劳动者,manual_worker,搬运工,,,
P09953,孙浩,男,30,30-34,无需要照顾的孩子,上班族,office_worker,设计师,,,
P09954,马言婉,女,33,30-34,无需要照顾的孩子,自由业者,freelancer,咨询顾问,,,
P09955,何嘉诚,男,43,40-45,无需要照顾的孩子,体力劳动者,manual_worker,汽车技师,,,
P09956,陈阳杰,男,29,25-29,无需要照顾的孩子,体力劳动者,manual_worker,配送员,,,
P09957,张晴可,女,44,40-45,无需要照顾的孩子,服务业者,service_worker,美容师,,,
P09958,胡欣曦,女,31,30-34,有未成年孩子,上班族,office_worker,客户专员,,,
P09959,刘怡,女,27,25-29,无需要照顾的孩子,上班族,office_worker,设计师,,,
P09960,王彤晨,女,27,25-29,无需要照顾的孩子,上班族,office_worker,产品经理,,,
P09961,罗彤彤,女,45,40-45,有成年孩子,自由业者,freelancer,自媒体从业者,,,
P09962,徐宁雅,女,36,35-39,无需要照顾的孩子,上班族,office_worker,高级数据分析师,,,
P09963,王宁,女,25,25-29,无需要照顾的孩子,体力劳动者,manual_worker,设备操作员,,,
P09964,刘可桐,女,32,30-34,有未成年孩子,上班族,office_worker,销售代表,,,
P09965,袁远嫣,女,28,25-29,无需要照顾的孩子,上班族,office_worker,项目经理,,,
P09966,周星思,女,32,30-34,无需要照顾的孩子,上班族,office_worker,高级数据分析师,,,
P09967,杨婷曦,女,26,25-29,无需要照顾的孩子,服务业者,service_worker,酒店前台,,,
P09968,吴远可,女,28,25-29,有未成年孩子,自由业者,freelancer,摄影师,,,
P09969,郑涵,女,33,30-34,有未成年孩子,自由业者,freelancer,网店经营者,,,
P09970,李心婷,女,30,30-34,有未成年孩子,上班族,office_worker,财务专员,,,
P09971,高雅涵,女,31,30-34,无需要照顾的孩子,上班族,office_worker,运营经理,,,
P09972,冯浩星,男,43,40-45,有未成年孩子,服务业者,service_worker,健身教练,,,
P09973,王瑶,女,29,25-29,无需要照顾的孩子,上班族,office_worker,采购专员,,,
P09974,刘心,女,38,35-39,无需要照顾的孩子,上班族,office_worker,高级运营专员,,,
P09975,张豪晨,男,27,25-29,无需要照顾的孩子,体力劳动者,manual_worker,快递员,,,
P09976,何怡桐,女,33,30-34,有未成年孩子,上班族,office_worker,高级运营专员,,,
P09977,杨星辰,女,34,30-34,无需要照顾的孩子,上班族,office_worker,客户专员,,,
P09978,杨曦,女,26,25-29,无需要照顾的孩子,自由业者,freelancer,咨询顾问,,,
P09979,王嘉辰,女,21,18-24,无需要照顾的孩子,服务业者,service_worker,酒店服务人员,,,
P09980,孙瑶,女,41,40-45,无需要照顾的孩子,上班族,office_worker,行政专员,,,
P09981,杨彤,女,22,18-24,无需要照顾的孩子,服务业者,service_worker,理发师,,,
P09982,邓曦晴,女,29,25-29,无需要照顾的孩子,上班族,office_worker,采购专员,,,
P09983,刘源瑶,女,24,18-24,无需要照顾的孩子,服务业者,service_worker,酒店前台,,,
P09984,赵晓若,女,42,40-45,有未成年孩子,上班族,office_worker,销售经理,,,
P09985,陈思清,女,36,35-39,有未成年孩子,上班族,office_worker,设计师,,,
P09986,张婷涵,女,44,40-45,有未成年孩子,上班族,office_worker,运营经理,,,
P09987,马嘉哲,男,41,40-45,无需要照顾的孩子,上班族,office_worker,高级产品经理,,,
P09988,何欣瑶,女,27,25-29,无需要照顾的孩子,上班族,office_worker,会计,,,
P09989,马瑶静,女,37,35-39,无需要照顾的孩子,上班族,office_worker,业务负责人,,,
P09990,周诺晨,女,23,18-24,无需要照顾的孩子,服务业者,service_worker,咖啡师,,,
P09991,朱然诺,男,23,18-24,无需要照顾的孩子,大学生,university_student,硕士研究生,,,
P09992,周晴言,女,45,40-45,有未成年孩子,上班族,office_worker,技术经理,,,
P09993,张俊,男,31,30-34,无需要照顾的孩子,自由业者,freelancer,翻译,,,
P09994,许宁梦,女,38,35-39,有未成年孩子,上班族,office_worker,财务专员,,,
P09995,王晓,女,28,25-29,无需要照顾的孩子,上班族,office_worker,高级产品经理,,,
P09996,朱嘉,男,35,35-39,有未成年孩子,上班族,office_worker,高级产品经理,,,
P09997,郭涵,女,37,35-39,有未成年孩子,上班族,office_worker,运营专员,,,
P09998,胡明俊,男,35,35-39,有未成年孩子,体力劳动者,manual_worker,设备操作员,,,
P09999,李语,女,40,40-45,有成年孩子,上班族,office_worker,产品经理,,,
P10000,李怡,女,35,35-39,无需要照顾的孩子,体力劳动者,manual_worker,快递员,,,
