organization_id,name,organization_type,place_id,district,member_count,team_count
ORG00001,Synthetic Gym 00001 @ The LOFT Pilates Studio,gym,PL_N10012524299,Old Toronto,1,1
ORG00002,Synthetic Restaurant 00002 @ Hot Dog Stand,restaurant,PL_N10032196436,Old Toronto,1,1
ORG00003,Synthetic Restaurant 00003 @ KFC,restaurant,PL_N10032338694,Old Toronto,1,1
ORG00004,Synthetic Office 00004 @ Royal LePage,office,PL_N10043714525,Old Toronto,1,1
ORG00005,Synthetic Gym 00005 @ Olympian School of Swimming (Warden Location),gym,PL_N10061823882,Scarborough,1,1
ORG00006,Synthetic Gym 00006 @ F45 Training,gym,PL_N10067799843,Old Toronto,1,1
ORG00007,Synthetic Office 00007 @ OSM office N10069884448,office,PL_N10069884448,North York,1,1
ORG00008,Synthetic Office 00008 @ Alam Accounting & Tax,office,PL_N10085680270,Scarborough,1,1
ORG00009,Synthetic University 00009 @ CDI College,university,PL_N10085704214,Scarborough,5,1
ORG00010,Synthetic Office 00010 @ Bisceglia & Associates Barristers at Law,office,PL_N10087958867,Vaughan,1,1
ORG00011,Synthetic Retail 00011 @ SJ’s Convenience,retail,PL_N10087972912,Vaughan,1,1
ORG00012,Synthetic Cafe 00012 @ Caffé Demetre,cafe,PL_N10155708532,Old Toronto,1,1
ORG00013,Synthetic Cafe 00013 @ Bom Dia Cafe and Bakery,cafe,PL_N10159822808,Old Toronto,1,1
ORG00014,Synthetic Hotel 00014 @ BMO Institute for Learning,hotel,PL_N10167804063,Markham,1,1
ORG00015,Synthetic Office 00015 @ Y. Liu Law Firm,office,PL_N10220344612,Old Toronto,1,1
ORG00016,Synthetic Restaurant 00016 @ Xekem,restaurant,PL_N10221864570,Old Toronto,1,1
ORG00017,Synthetic Office 00017 @ Richard Killen & Associates Ltd,office,PL_N10228967985,North York,1,1
ORG00018,Synthetic Gym 00018 @ F45 Training,gym,PL_N1024585333,Old Toronto,1,1
ORG00019,Synthetic Retail 00019 @ Splashables,retail,PL_N10253671824,Old Toronto,1,1
ORG00020,Synthetic Hotel 00020 @ Hilton Garden Inn Toronto Airport,hotel,PL_N10271792634,Brampton,1,1
ORG00021,Synthetic Office 00021 @ Magellan Aerospace,office,PL_N10284950895,Brampton,1,1
ORG00022,"Synthetic Office 00022 @ Runsensible, Inc",office,PL_N10290303700,Markham,1,1
ORG00023,Synthetic Gym 00023 @ Happy Feet,gym,PL_N10300704448,Old Toronto,1,1
ORG00024,Synthetic Retail 00024 @ M Najafi,retail,PL_N10559886561,North York,1,1
ORG00025,Synthetic Cafe 00025 @ Starbucks,cafe,PL_N10572767999,Brampton,1,1
ORG00026,Synthetic Cafe 00026 @ Starbucks,cafe,PL_N10572768000,Brampton,1,1
ORG00027,Synthetic Office 00027 @ Andrew McCully Financial,office,PL_N10608697442,Markham,1,1
ORG00028,Synthetic Restaurant 00028 @ Thai Room,restaurant,PL_N10647678192,Scarborough,2,1
ORG00029,Synthetic University 00029 @ Centennial College Performing Arts Centre,university,PL_N10647679866,Scarborough,1,1
ORG00030,Synthetic Office 00030 @ Royal LePage,office,PL_N10649931437,North York,1,1
ORG00031,Synthetic Cafe 00031 @ A-ok cafe,cafe,PL_N10671887620,Markham,2,1
ORG00032,Synthetic Cafe 00032 @ Gong Cha,cafe,PL_N10684576105,Brampton,1,1
ORG00033,Synthetic Restaurant 00033 @ 35 Resolution Drive,restaurant,PL_N10684576108,Brampton,1,1
ORG00034,Synthetic Office 00034 @ Brafasco,office,PL_N10695404995,Brampton,1,1
ORG00035,Synthetic Office 00035 @ Sketchers,office,PL_N10695426371,Brampton,1,1
ORG00036,Synthetic Office 00036 @ Profound,office,PL_N10695426372,Brampton,1,1
ORG00037,Synthetic Gym 00037 @ Anytime Fitness,gym,PL_N10695444667,Brampton,2,1
ORG00038,Synthetic Office 00038 @ Dong Huong DH Multi Services Enterprises,office,PL_N10722401736,Old Toronto,2,1
ORG00039,Synthetic Office 00039 @ BlogTO,office,PL_N10728242789,Old Toronto,1,1
ORG00040,Synthetic Office 00040 @ Instacart,office,PL_N10728250622,Old Toronto,1,1
ORG00041,Synthetic Office 00041 @ RE/MAX,office,PL_N10743248730,Markham,1,1
ORG00042,Synthetic Office 00042 @ Peggs Ruchelman Transfer Pricing Economics Ltd.,office,PL_N10765170820,Old Toronto,1,1
ORG00043,Synthetic Restaurant 00043 @ Heritage Fish & Chips,restaurant,PL_N10780162890,Brampton,1,1
ORG00044,Synthetic Office 00044 @ RE/MAX,office,PL_N10780162897,Brampton,1,1
ORG00045,Synthetic Restaurant 00045 @ Tikka Junction,restaurant,PL_N10780162899,Brampton,1,1
ORG00046,Synthetic Restaurant 00046 @ Great Canadian Bagel,restaurant,PL_N10780168409,Brampton,1,1
ORG00047,Synthetic Office 00047 @ Liquidity Curve Systems Inc,office,PL_N10786415133,North York,1,1
ORG00048,Synthetic Office 00048 @ Seer Translation,office,PL_N10794699020,Old Toronto,1,1
ORG00049,Synthetic Office 00049 @ Aim2Walk,office,PL_N10820389158,Brampton,3,1
ORG00050,Synthetic Office 00050 @ Crossroads C&I,office,PL_N10820405496,Brampton,1,1
ORG00051,Synthetic Supermarket 00051 @ Food World Supermarket,supermarket,PL_N10820481470,Brampton,1,1
ORG00052,Synthetic Restaurant 00052 @ Dreamz Restaurant,restaurant,PL_N10822992501,Brampton,1,1
ORG00053,Synthetic Supermarket 00053 @ OM India Food Centre,supermarket,PL_N10822992503,Brampton,1,1
ORG00054,Synthetic Office 00054 @ Royal LePage Terrequity Realty,office,PL_N10838172286,North York,2,1
ORG00055,Synthetic Office 00055 @ Eurodale Design + Build,office,PL_N10838194331,North York,2,1
ORG00056,Synthetic Retail 00056 @ Book City,retail,PL_N10844950436,Old Toronto,1,1
ORG00057,Synthetic Restaurant 00057 @ The Burger's Priest,restaurant,PL_N10863718695,Old Toronto,1,1
ORG00058,Synthetic Cafe 00058 @ Kung Fu Tea,cafe,PL_N10885250292,Old Toronto,1,1
ORG00059,Synthetic Retail 00059 @ Wong’s Aquarium,retail,PL_N10887639767,Old Toronto,1,1
ORG00060,Synthetic Office 00060 @ Billyard Insurance Group,office,PL_N10892231389,Old Toronto,3,1
ORG00061,Synthetic Office 00061 @ McGowan Portch Insurance,office,PL_N10893291925,Old Toronto,1,1
ORG00062,Synthetic Office 00062 @ V1 Vintage One Wines,office,PL_N10893291928,Old Toronto,1,1
ORG00063,Synthetic Gym 00063 @ Fit District,gym,PL_N10905345296,Old Toronto,1,1
ORG00064,Synthetic Office 00064 @ Danam Food Importer,office,PL_N10906420648,Old Toronto,2,1
ORG00065,Synthetic Retail 00065 @ Speedy,retail,PL_N10909776060,Brampton,1,1
ORG00066,Synthetic Cafe 00066 @ Moss Park Espresso,cafe,PL_N10920689889,Old Toronto,1,1
ORG00067,Synthetic Cafe 00067 @ Liu Loqum Atelier,cafe,PL_N10920735417,Old Toronto,1,1
ORG00068,Synthetic Cafe 00068 @ Evana Cafe & Lounge,cafe,PL_N10925027992,Old Toronto,1,1
ORG00069,Synthetic Office 00069 @ Getinge,office,PL_N10931847023,Brampton,1,1
ORG00070,Synthetic Office 00070 @ 180Drinks,office,PL_N10932171756,Brampton,1,1
ORG00071,Synthetic Office 00071 @ JD Factors,office,PL_N10932241501,Brampton,1,1
ORG00072,Synthetic Office 00072 @ Spy Depot Security,office,PL_N10932252155,Brampton,1,1
ORG00073,Synthetic Office 00073 @ Okta - Toronto,office,PL_N10937916050,Old Toronto,1,1
ORG00074,Synthetic Retail 00074 @ Cool East Market,retail,PL_N10937950338,Old Toronto,1,1
ORG00075,Synthetic Gym 00075 @ Fit Factory Private Training,gym,PL_N10938417221,Old Toronto,1,1
ORG00076,Synthetic Office 00076 @ LuxWorth Group,office,PL_N10951487095,Vaughan,1,1
ORG00077,Synthetic Office 00077 @ DB Schenker,office,PL_N10955169590,Brampton,1,1
ORG00078,Synthetic Office 00078 @ PTR Paving Inc.,office,PL_N10969431953,Old Toronto,1,1
ORG00079,Synthetic Office 00079 @ Canadian Dynamic Aircompressor,office,PL_N10969431954,Old Toronto,1,1
ORG00080,Synthetic Office 00080 @ McRae Engineering Equipment Limited,office,PL_N10969431955,Old Toronto,1,1
ORG00081,Synthetic Restaurant 00081 @ Monkey Sushi,restaurant,PL_N10977865447,Old Toronto,1,1
ORG00082,Synthetic University 00082 @ Anderson College,university,PL_N10977886210,Old Toronto,8,1
ORG00083,Synthetic Office 00083 @ LDA Technologies,office,PL_N10982693405,Brampton,1,1
ORG00084,Synthetic Retail 00084 @ Corso Shoes,retail,PL_N10995355823,Old Toronto,1,1
ORG00085,Synthetic Retail 00085 @ Queen & Dufferin Convenience,retail,PL_N11005867398,Old Toronto,1,1
ORG00086,Synthetic Office 00086 @ UCO Construction Group,office,PL_N11007364506,North York,2,1
ORG00087,Synthetic Restaurant 00087 @ Boutique Food + Health Club,restaurant,PL_N11037727634,North York,1,1
ORG00088,Synthetic Restaurant 00088 @ Krispy Kreme,restaurant,PL_N11050104382,Old Toronto,1,1
ORG00089,Synthetic Gym 00089 @ Yogatree,gym,PL_N11050178297,Old Toronto,1,1
ORG00090,Synthetic Office 00090 @ Accommodated Testing Services,office,PL_N11050394043,Old Toronto,1,1
ORG00091,Synthetic Office 00091 @ Qualcomm Canada,office,PL_N11051841686,Markham,1,1
ORG00092,Synthetic Office 00092 @ Tectra,office,PL_N11051917214,Brampton,1,1
ORG00093,Synthetic Retail 00093 @ Lululemon,retail,PL_N11053297832,Old Toronto,1,1
ORG00094,Synthetic Retail 00094 @ Ultimate Fades,retail,PL_N11054974009,North York,1,1
ORG00095,Synthetic Restaurant 00095 @ Burger King,restaurant,PL_N11062226564,North York,1,1
ORG00096,Synthetic Cafe 00096 @ % Arabica,cafe,PL_N11072183535,Old Toronto,1,1
ORG00097,Synthetic Office 00097 @ Athletic Knit,office,PL_N11084666292,Old Toronto,1,1
ORG00098,Synthetic Cafe 00098 @ Gaspar Cafe,cafe,PL_N11090819628,Old Toronto,1,1
ORG00099,Synthetic University 00099 @ Oxford College,university,PL_N11091336111,Scarborough,5,1
ORG00100,Synthetic Office 00100 @ 427 Realty,office,PL_N11111838084,Brampton,1,1
ORG00101,Synthetic Cafe 00101 @ Lamoon Thai Cafe,cafe,PL_N11114383380,Old Toronto,2,1
ORG00102,Synthetic Cafe 00102 @ Pigeon Café & Bar,cafe,PL_N11114385732,Old Toronto,1,1
ORG00103,Synthetic Cafe 00103 @ Rooms Coffee | 915 Dupont,cafe,PL_N11114390408,Old Toronto,1,1
ORG00104,Synthetic University 00104 @ Bitts International Career College,university,PL_N11115201179,North York,6,1
ORG00105,Synthetic Gym 00105 @ Onlythestrong,gym,PL_N11117950315,Old Toronto,1,1
ORG00106,Synthetic Retail 00106 @ Salon Concepts Spa,retail,PL_N1111982859,Vaughan,1,1
ORG00107,Synthetic Restaurant 00107 @ Banh Mi Boys Sandwich Shop,restaurant,PL_N1112275317,North York,1,1
ORG00108,Synthetic Restaurant 00108 @ Firehouse Subs,restaurant,PL_N1112688568,Vaughan,1,1
ORG00109,Synthetic Office 00109 @ Cossette,office,PL_N11128269949,Old Toronto,1,1
ORG00110,Synthetic Office 00110 @ 王者置業 CondoWong,office,PL_N11136267039,Richmond Hill,1,1
ORG00111,Synthetic Retail 00111 @ Ucruising Vacations,retail,PL_N11136304053,Markham,2,1
ORG00112,Synthetic Office 00112 @ ScotiaLife Financial,office,PL_N1114112631,Old Toronto,1,1
ORG00113,Synthetic Retail 00113 @ Ming Wireless,retail,PL_N1114129259,Old Toronto,1,1
ORG00114,Synthetic Gym 00114 @ Cristini Athletics,gym,PL_N11147287676,Markham,1,1
ORG00115,Synthetic Office 00115 @ Century 21,office,PL_N11164128243,Vaughan,1,1
ORG00116,Synthetic Cafe 00116 @ Tim Hortons,cafe,PL_N11181623835,Vaughan,1,1
ORG00117,Synthetic Cafe 00117 @ Tim Hortons,cafe,PL_N11183997701,Brampton,1,1
ORG00118,Synthetic Retail 00118 @ Daniel Guo's Hair Salon,retail,PL_N11195009100,Markham,1,1
ORG00119,Synthetic Retail 00119 @ Allan's Pastry Shop Ltd.,retail,PL_N11195009107,Markham,1,1
ORG00120,Synthetic Cafe 00120 @ Mochi Doh,cafe,PL_N11198708278,Markham,1,1
ORG00121,Synthetic Retail 00121 @ Elevated Body Adornment,retail,PL_N11220854984,Old Toronto,1,1
ORG00122,Synthetic Gym 00122 @ Chi Junky,gym,PL_N11225661829,Old Toronto,1,1
ORG00123,Synthetic Gym 00123 @ Spinco,gym,PL_N1122902994,Old Toronto,1,1
ORG00124,Synthetic Retail 00124 @ Rimowa,retail,PL_N1123647044,Old Toronto,1,1
ORG00125,Synthetic Gym 00125 @ Matrix Fitness,gym,PL_N1123710278,Old Toronto,1,1
ORG00126,Synthetic Retail 00126 @ European Flooring,retail,PL_N1123778868,Old Toronto,1,1
ORG00127,Synthetic Cafe 00127 @ Second Cup,cafe,PL_N1125366104,North York,1,1
ORG00128,Synthetic Retail 00128 @ Geneva Fine Jewellery & Watches,retail,PL_N1125375183,North York,1,1
ORG00129,Synthetic Gym 00129 @ GoodLife Fitness,gym,PL_N1125620864,North York,1,1
ORG00130,Synthetic Restaurant 00130 @ KoHa Pacific Kitchen,restaurant,PL_N1125689250,Old Toronto,1,1
ORG00131,Synthetic Gym 00131 @ Full Stride Skating Lab,gym,PL_N11270397153,Brampton,2,1
ORG00132,Synthetic Office 00132 @ RE/MAX ATRIUM HOME REALTY Brokerage,office,PL_N11275718891,Markham,1,1
ORG00133,Synthetic Office 00133 @ Upper Canada Specialty Hardware-Commercial Div.,office,PL_N11275718892,Markham,1,1
ORG00134,Synthetic Office 00134 @ TimSold Inc.,office,PL_N11275718893,Markham,1,1
ORG00135,Synthetic University 00135 @ Sault College,university,PL_N11281293717,Old Toronto,6,1
ORG00136,Synthetic Gym 00136 @ The Sand Trap Golf Simulator & Lounge,gym,PL_N11281663890,Old Toronto,2,1
ORG00137,Synthetic Retail 00137 @ Auto Parts Centres,retail,PL_N11296430812,Markham,1,1
ORG00138,Synthetic Office 00138 @ Arnaud's Auctions and Appraisals,office,PL_N11296430821,Markham,1,1
ORG00139,Synthetic Retail 00139 @ Utopia Dream Cafe,retail,PL_N11296430822,Markham,1,1
ORG00140,Synthetic Office 00140 @ iGuide Academy,office,PL_N11298404177,North York,2,1
ORG00141,Synthetic Office 00141 @ CRU AIR + GAS,office,PL_N11306913945,Brampton,1,1
ORG00142,Synthetic Office 00142 @ RE/MAX,office,PL_N11310898334,Markham,1,1
ORG00143,Synthetic Gym 00143 @ Funland Indoor Playground,gym,PL_N11310898337,Markham,1,1
ORG00144,Synthetic Gym 00144 @ S Pilates Studio,gym,PL_N11310904116,Markham,1,1
ORG00145,Synthetic Restaurant 00145 @ Pagoda Wok & Grill,restaurant,PL_N1131316564,Vaughan,1,1
ORG00146,Synthetic Supermarket 00146 @ FreshCo,supermarket,PL_N1131532988,North York,1,1
ORG00147,Synthetic Restaurant 00147 @ Magic Noodles,restaurant,PL_N11350179776,Markham,1,1
ORG00148,Synthetic Cafe 00148 @ Tim Hortons,cafe,PL_N11357167498,Brampton,2,1
ORG00149,Synthetic Cafe 00149 @ Spring Cafe Bistro,cafe,PL_N1136370098,Old Toronto,1,1
ORG00150,Synthetic Retail 00150 @ Canabella Spa & Reflexology,retail,PL_N11378352764,Markham,1,1
ORG00151,Synthetic Retail 00151 @ Cozy Nest Interior Design,retail,PL_N11378352767,Markham,1,1
ORG00152,Synthetic Retail 00152 @ Your Good Health,retail,PL_N1138265951,North York,1,1
ORG00153,Synthetic Retail 00153 @ Bayview Village Shoe Service,retail,PL_N1138266091,North York,1,1
ORG00154,Synthetic Retail 00154 @ Talbots,retail,PL_N1138266251,North York,1,1
ORG00155,Synthetic Retail 00155 @ Bayview Tailors,retail,PL_N1138266326,North York,1,1
ORG00156,Synthetic Retail 00156 @ Berani,retail,PL_N1138266329,North York,2,1
ORG00157,Synthetic Retail 00157 @ Blo Blow Dry Bae,retail,PL_N1138266384,North York,1,1
ORG00158,Synthetic Retail 00158 @ Toni+Plus,retail,PL_N1138266437,North York,1,1
ORG00159,Synthetic Cafe 00159 @ Second Cup,cafe,PL_N1138448667,Old Toronto,1,1
ORG00160,Synthetic Cafe 00160 @ Starbucks,cafe,PL_N1138448894,Old Toronto,1,1
ORG00161,Synthetic Office 00161 @ Heiblo Law Professional Corporation,office,PL_N11401338583,Brampton,1,1
ORG00162,Synthetic Restaurant 00162 @ Constantine,restaurant,PL_N1140190489,Old Toronto,1,1
ORG00163,Synthetic Restaurant 00163 @ O Noir,restaurant,PL_N1140206283,Old Toronto,1,1
ORG00164,Synthetic Gym 00164 @ Balance,gym,PL_N1140223148,Old Toronto,1,1
ORG00165,Synthetic University 00165 @ North American Trade Schools,university,PL_N11406187968,Brampton,5,1
ORG00166,Synthetic Supermarket 00166 @ Whole Health,supermarket,PL_N1141383055,Old Toronto,1,1
ORG00167,Synthetic Restaurant 00167 @ Freshly Squeezed,restaurant,PL_N1141385794,Old Toronto,1,1
ORG00168,Synthetic Cafe 00168 @ Second Cup,cafe,PL_N1141446130,Old Toronto,1,1
ORG00169,Synthetic Supermarket 00169 @ Eataly,supermarket,PL_N11415784175,Old Toronto,1,1
ORG00170,Synthetic Cafe 00170 @ Summer's,cafe,PL_N11421905769,Old Toronto,1,1
ORG00171,Synthetic Retail 00171 @ André Pierre,retail,PL_N1142656727,Old Toronto,1,1
ORG00172,Synthetic University 00172 @ McMaster University Toronto Campus,university,PL_N1142872979,Old Toronto,10,1
ORG00173,Synthetic Cafe 00173 @ Quantum Coffee,cafe,PL_N11429918643,Old Toronto,1,1
ORG00174,Synthetic Retail 00174 @ Black Rooster Decor,retail,PL_N11429923751,Old Toronto,1,1
ORG00175,Synthetic Cafe 00175 @ J.J's Deli & Cafe,cafe,PL_N1143293063,Old Toronto,1,1
ORG00176,Synthetic Office 00176 @ JAS,office,PL_N11433310567,Brampton,1,1
ORG00177,Synthetic Office 00177 @ LifeLabs,office,PL_N11433394296,Brampton,1,1
ORG00178,Synthetic Office 00178 @ JNR Granite,office,PL_N11433394298,Brampton,2,1
ORG00179,Synthetic Retail 00179 @ Coach House Tavern Restaurant,retail,PL_N1144124196,Old Toronto,1,1
ORG00180,Synthetic Retail 00180 @ Hallmark,retail,PL_N1145429433,Old Toronto,1,1
ORG00181,Synthetic Restaurant 00181 @ MeetR1ice Noodle,restaurant,PL_N11554712952,Markham,1,1
ORG00182,Synthetic Retail 00182 @ Lemonwood,retail,PL_N1157109473,Old Toronto,1,1
ORG00183,Synthetic Restaurant 00183 @ Booster Juice,restaurant,PL_N11571486848,Brampton,1,1
ORG00184,Synthetic Retail 00184 @ Casual International Hair Salon,retail,PL_N11582739982,Old Toronto,1,1
ORG00185,Synthetic Office 00185 @ Brian L. Taran,office,PL_N11582769894,North York,1,1
ORG00186,Synthetic Supermarket 00186 @ Bulk Barn,supermarket,PL_N11582798793,Old Toronto,1,1
ORG00187,Synthetic Gym 00187 @ F45 Training,gym,PL_N11582823289,Old Toronto,1,1
ORG00188,Synthetic Office 00188 @ Insurance Broker,office,PL_N11608557109,Markham,1,1
ORG00189,Synthetic Retail 00189 @ Sunshine Auto Services,retail,PL_N11609761768,Markham,1,1
ORG00190,Synthetic Supermarket 00190 @ Sababa Mid-Eastern Groceries,supermarket,PL_N11612201947,North York,1,1
ORG00191,Synthetic Retail 00191 @ OSM retail N11612201953,retail,PL_N11612201953,North York,1,1
ORG00192,Synthetic Office 00192 @ Toronto Success Education Centre,office,PL_N11612201956,North York,1,1
ORG00193,Synthetic Office 00193 @ Income Tax,office,PL_N11642440277,Vaughan,1,1
ORG00194,Synthetic Cafe 00194 @ Lazy Barista,cafe,PL_N11663583534,Old Toronto,1,1
ORG00195,Synthetic Office 00195 @ Jobsite Industrial Tool Solutions,office,PL_N11663647221,Old Toronto,1,1
ORG00196,Synthetic Cafe 00196 @ Oakham Cafe,cafe,PL_N11673937617,Old Toronto,1,1
ORG00197,Synthetic Retail 00197 @ Sugar Chic Candy Gift Store,retail,PL_N11695968602,North York,1,1
ORG00198,Synthetic Office 00198 @ Rampersad Law,office,PL_N11704668239,Old Toronto,2,1
ORG00199,Synthetic Office 00199 @ Unisync,office,PL_N11711526152,Brampton,1,1
ORG00200,Synthetic Office 00200 @ Pack All,office,PL_N11711534987,Brampton,1,1
ORG00201,Synthetic University 00201 @ Medix College,university,PL_N11711556182,Brampton,2,1
ORG00202,Synthetic Office 00202 @ Sun Life,office,PL_N11711767958,Brampton,1,1
ORG00203,Synthetic Office 00203 @ Rotondo & Associates Inc.,office,PL_N11711796625,Vaughan,1,1
ORG00204,Synthetic Office 00204 @ Rycom,office,PL_N11711812231,Brampton,1,1
ORG00205,Synthetic Gym 00205 @ Terry Fox Fitness Centre,gym,PL_N1172146388,Brampton,3,1
ORG00206,Synthetic Office 00206 @ Law Offices,office,PL_N11737894264,Brampton,3,1
ORG00207,Synthetic Office 00207 @ Blue Ocean Immigration,office,PL_N11737943906,Brampton,1,1
ORG00208,Synthetic Retail 00208 @ Oriental Hair Salon,retail,PL_N11766236123,Old Toronto,1,1
ORG00209,Synthetic Retail 00209 @ Doki Doki Floral Studio,retail,PL_N11774144078,Markham,1,1
ORG00210,Synthetic Restaurant 00210 @ True Boss,restaurant,PL_N11774144079,Markham,1,1
ORG00211,Synthetic Office 00211 @ RE/MAX,office,PL_N11774144080,Markham,1,1
ORG00212,Synthetic Retail 00212 @ WaxOn,retail,PL_N11784011613,Old Toronto,1,1
ORG00213,Synthetic Retail 00213 @ MD Skin Lab,retail,PL_N11784591294,Old Toronto,1,1
ORG00214,Synthetic Cafe 00214 @ Khem Thai Pulled Yea,cafe,PL_N11800701980,Old Toronto,1,1
ORG00215,Synthetic Retail 00215 @ Minh Châu Jewellery and Watches,retail,PL_N11803596900,Old Toronto,1,1
ORG00216,Synthetic Retail 00216 @ Super Vape,retail,PL_N11803596922,Old Toronto,1,1
ORG00217,Synthetic Office 00217 @ Creative Design,office,PL_N11803596923,Old Toronto,1,1
ORG00218,Synthetic Cafe 00218 @ Ninetails Coffee,cafe,PL_N11803596926,Old Toronto,1,1
ORG00219,Synthetic Office 00219 @ Media Headquarters,office,PL_N11815693684,Old Toronto,1,1
ORG00220,Synthetic Hotel 00220 @ Neill-Wycik Hotel,hotel,PL_N11847572074,Old Toronto,1,1
ORG00221,Synthetic Restaurant 00221 @ Ocha's,restaurant,PL_N11851000638,Old Toronto,1,1
ORG00222,Synthetic Retail 00222 @ L Studio Salon Spa,retail,PL_N11854661709,Old Toronto,1,1
ORG00223,Synthetic Retail 00223 @ The Box Spot,retail,PL_N1186840928,Old Toronto,1,1
ORG00224,Synthetic Gym 00224 @ Rumble boxing studio,gym,PL_N11874506359,Old Toronto,1,1
ORG00225,Synthetic Retail 00225 @ On the Run,retail,PL_N11879523050,Old Toronto,1,1
ORG00226,Synthetic Retail 00226 @ Crumbl Cookies,retail,PL_N11897199665,Old Toronto,1,1
ORG00227,Synthetic Retail 00227 @ Louceelou Salon,retail,PL_N11897627997,Old Toronto,1,1
ORG00228,Synthetic Retail 00228 @ i BARBIERI,retail,PL_N11914165036,North York,1,1
ORG00229,Synthetic Retail 00229 @ Thursdays,retail,PL_N1191695955,Old Toronto,1,1
ORG00230,Synthetic Office 00230 @ SDR Distribution Services,office,PL_N11933992411,Brampton,1,1
ORG00231,Synthetic Office 00231 @ Crossworld,office,PL_N11934007782,Brampton,1,1
ORG00232,Synthetic Retail 00232 @ Kimberley Capone Interior Design,retail,PL_N11935116558,Vaughan,1,1
ORG00233,Synthetic Office 00233 @ Italian Consulate General,office,PL_N1193708354,Old Toronto,1,1
ORG00234,Synthetic Gym 00234 @ Beaches Hot Yoga,gym,PL_N11937920049,Old Toronto,1,1
ORG00235,Synthetic Office 00235 @ Portlington Financial Group,office,PL_N11957160560,Old Toronto,1,1
ORG00236,Synthetic Office 00236 @ Grinhaus Law Firm,office,PL_N11961685654,North York,1,1
ORG00237,Synthetic Restaurant 00237 @ Lakshini Chowk,restaurant,PL_N11963528572,Brampton,1,1
ORG00238,Synthetic Office 00238 @ Charmaine Williams MPP,office,PL_N11967814832,Brampton,1,1
ORG00239,Synthetic Supermarket 00239 @ Naomi Foods,supermarket,PL_N11974058317,Old Toronto,1,1
ORG00240,Synthetic Office 00240 @ Leaside Common,office,PL_N11979553561,North York,2,1
ORG00241,Synthetic Office 00241 @ Mahzad Homes,office,PL_N11983496463,Vaughan,1,1
ORG00242,Synthetic Office 00242 @ Paint Cabin,office,PL_N12037724699,Old Toronto,1,1
ORG00243,Synthetic Gym 00243 @ Pure Yoga,gym,PL_N12037764869,Old Toronto,1,1
ORG00244,Synthetic Restaurant 00244 @ Thaï Express,restaurant,PL_N12042617597,North York,1,1
ORG00245,Synthetic Retail 00245 @ Legs Beautiful,retail,PL_N1205834888,Old Toronto,1,1
ORG00246,Synthetic Retail 00246 @ OSM retail N12075421254,retail,PL_N12075421254,Scarborough,1,1
ORG00247,Synthetic Gym 00247 @ My Pilates Studio,gym,PL_N12076151013,Old Toronto,2,1
ORG00248,Synthetic Restaurant 00248 @ The Gull,restaurant,PL_N12076151015,Old Toronto,1,1
ORG00249,Synthetic Retail 00249 @ Ion Coffee,retail,PL_N12076151028,Old Toronto,1,1
ORG00250,Synthetic Cafe 00250 @ XO Bisous,cafe,PL_N12086491083,Old Toronto,1,1
ORG00251,Synthetic Office 00251 @ Green Heating and Air,office,PL_N12087471684,Old Toronto,1,1
ORG00252,Synthetic Office 00252 @ Turkish Consulate,office,PL_N12087916032,Old Toronto,2,1
ORG00253,Synthetic Cafe 00253 @ The Sweet Escape,cafe,PL_N12091108917,Old Toronto,1,1
ORG00254,Synthetic University 00254 @ Geroge Brown Theatre School,university,PL_N12091108919,Old Toronto,11,1
ORG00255,Synthetic Office 00255 @ Music Canada,office,PL_N12125662455,Old Toronto,1,1
ORG00256,Synthetic Office 00256 @ Edward Jones,office,PL_N12128564062,Old Toronto,1,1
ORG00257,Synthetic Office 00257 @ Toronto Academy of Acting,office,PL_N12134089371,Old Toronto,1,1
ORG00258,Synthetic Restaurant 00258 @ Panini Italian Sandwiches,restaurant,PL_N1213476942,Vaughan,1,1
ORG00259,Synthetic Retail 00259 @ Expo Vintage,retail,PL_N12138140753,Old Toronto,1,1
ORG00260,Synthetic Office 00260 @ British Consulate,office,PL_N12149324799,Old Toronto,1,1
ORG00261,Synthetic Office 00261 @ Transpod,office,PL_N12149891226,Old Toronto,1,1
ORG00262,Synthetic Office 00262 @ Blockship,office,PL_N12149933050,Old Toronto,1,1
ORG00263,Synthetic Office 00263 @ Skyship,office,PL_N12149933051,Old Toronto,1,1
ORG00264,Synthetic Retail 00264 @ Neighbours,retail,PL_N12150092290,Scarborough,1,1
ORG00265,Synthetic Office 00265 @ Security,office,PL_N12152036905,Vaughan,1,1
ORG00266,Synthetic Office 00266 @ Select Matchmaking,office,PL_N12154770140,Old Toronto,1,1
ORG00267,Synthetic Restaurant 00267 @ Freshly Squeezed,restaurant,PL_N12159951206,Old Toronto,1,1
ORG00268,Synthetic Retail 00268 @ Aya,retail,PL_N12173941632,Old Toronto,1,1
ORG00269,Synthetic Retail 00269 @ Mississaugas of the Credit Medicine Wheel,retail,PL_N12184132201,Old Toronto,1,1
ORG00270,Synthetic Office 00270 @ KZIQ Inc.,office,PL_N12188376752,Old Toronto,1,1
ORG00271,Synthetic Restaurant 00271 @ AKA-ONI Ramen&Izakaya (Scarborough),restaurant,PL_N12190946450,Markham,1,1
ORG00272,Synthetic Office 00272 @ Progress Accounting,office,PL_N12192990057,Vaughan,1,1
ORG00273,Synthetic Office 00273 @ University of Toronto TCard Office,office,PL_N12195637649,Old Toronto,1,1
ORG00274,Synthetic Cafe 00274 @ De Mello Coffee,cafe,PL_N12198108801,North York,3,1
ORG00275,Synthetic Office 00275 @ Aqua Sana,office,PL_N12227869359,North York,1,1
ORG00276,Synthetic University 00276 @ Medix College,university,PL_N12227880714,North York,2,1
ORG00277,Synthetic Retail 00277 @ Value Village Boutique,retail,PL_N12227886709,North York,1,1
ORG00278,Synthetic Retail 00278 @ Lavish Look,retail,PL_N12242462504,Scarborough,1,1
ORG00279,Synthetic Supermarket 00279 @ Bulk Barn,supermarket,PL_N12245054117,Old Toronto,1,1
ORG00280,Synthetic Office 00280 @ Job Connection Group,office,PL_N12247061816,Brampton,2,1
ORG00281,Synthetic Gym 00281 @ Up & Fit Fitness,gym,PL_N12250562902,Richmond Hill,1,1
ORG00282,Synthetic Supermarket 00282 @ Al Mina Halal Meat & Grocery,supermarket,PL_N12250879245,Old Toronto,1,1
ORG00283,Synthetic Restaurant 00283 @ Mandiafandi,restaurant,PL_N12250917794,Old Toronto,1,1
ORG00284,Synthetic Retail 00284 @ Canadian Tire Showroom,retail,PL_N12251020939,North York,1,1
ORG00285,Synthetic Cafe 00285 @ Ka-Nom,cafe,PL_N12253332469,Old Toronto,1,1
ORG00286,Synthetic Office 00286 @ Cohen Homes and Estates,office,PL_N12271842265,Old Toronto,2,1
ORG00287,Synthetic Office 00287 @ Global Fit Financial,office,PL_N12290484686,North York,1,1
ORG00288,Synthetic Retail 00288 @ Dollarama,retail,PL_N12290566763,North York,1,1
ORG00289,Synthetic Office 00289 @ Instant Offices,office,PL_N12290570959,North York,1,1
ORG00290,Synthetic Restaurant 00290 @ Konjiki Ramen,restaurant,PL_N12290694427,North York,1,1
ORG00291,Synthetic Office 00291 @ Questrade,office,PL_N12290694708,North York,1,1
ORG00292,Synthetic Retail 00292 @ Perry's,retail,PL_N1231094531,Old Toronto,1,1
ORG00293,Synthetic University 00293 @ NetPLUS College,university,PL_N12312756757,Scarborough,6,1
ORG00294,Synthetic Retail 00294 @ Cheers Smoke Shop,retail,PL_N12319606737,Old Toronto,1,1
ORG00295,Synthetic Retail 00295 @ Grab Tires,retail,PL_N12321368571,Brampton,1,1
ORG00296,Synthetic University 00296 @ Stanford International College,university,PL_N12322231472,Brampton,7,1
ORG00297,Synthetic Gym 00297 @ Common Ground,gym,PL_N12326896495,Old Toronto,1,1
ORG00298,Synthetic Cafe 00298 @ Gong Cha,cafe,PL_N12326900682,Old Toronto,2,1
ORG00299,Synthetic Supermarket 00299 @ No Frills,supermarket,PL_N12344862008,Old Toronto,1,1
ORG00300,Synthetic Cafe 00300 @ Columbus Café & Co,cafe,PL_N12345043658,Old Toronto,1,1
ORG00301,Synthetic Office 00301 @ Fairstone Financial,office,PL_N12358026498,Scarborough,1,1
ORG00302,Synthetic Gym 00302 @ Midland Condo Gym,gym,PL_N12358054404,Scarborough,2,1
ORG00303,Synthetic Office 00303 @ The Agency,office,PL_N12372663747,Old Toronto,2,1
ORG00304,Synthetic Office 00304 @ Toronto Musicians’ Association,office,PL_N12390409170,Old Toronto,1,1
ORG00305,Synthetic Retail 00305 @ DLK On Avenue,retail,PL_N1240464832,Old Toronto,1,1
ORG00306,Synthetic Retail 00306 @ K&L Auto Sales,retail,PL_N1244922919,North York,1,1
ORG00307,Synthetic Restaurant 00307 @ Pita Pit,restaurant,PL_N1244924793,North York,1,1
ORG00308,Synthetic Office 00308 @ Canadian Foundation for Ukrainian Studies,office,PL_N12454273025,Old Toronto,1,1
ORG00309,Synthetic Office 00309 @ SUS Foundation of Canada,office,PL_N12454273027,Old Toronto,1,1
ORG00310,Synthetic Retail 00310 @ S Nails Lounge,retail,PL_N12454318763,Richmond Hill,1,1
ORG00311,Synthetic Cafe 00311 @ PrestoTea,cafe,PL_N12456228544,Markham,2,1
ORG00312,Synthetic Supermarket 00312 @ Fusion Supermarket,supermarket,PL_N12469089907,Markham,1,1
ORG00313,Synthetic Gym 00313 @ Swim Time,gym,PL_N12496608201,Markham,1,1
ORG00314,Synthetic Cafe 00314 @ Tim Hortons,cafe,PL_N12499266453,Brampton,1,1
ORG00315,Synthetic Office 00315 @ PPE Supply Canada,office,PL_N12512419051,Old Toronto,1,1
ORG00316,Synthetic Restaurant 00316 @ Burger Federation,restaurant,PL_N12517925331,Brampton,1,1
ORG00317,Synthetic Retail 00317 @ Export Leather,retail,PL_N12532469652,North York,1,1
ORG00318,Synthetic Gym 00318 @ Active Kids Zone,gym,PL_N12534456602,North York,1,1
ORG00319,Synthetic Office 00319 @ Fresh Construction Inc.,office,PL_N12534674327,Old Toronto,1,1
ORG00320,Synthetic Retail 00320 @ Ammar Auto,retail,PL_N12537548073,Scarborough,1,1
ORG00321,Synthetic University 00321 @ Pures College,university,PL_N12537548075,Scarborough,5,1
ORG00322,Synthetic Cafe 00322 @ Tim Hortons,cafe,PL_N12563535086,Old Toronto,1,1
ORG00323,Synthetic Supermarket 00323 @ Loblaws,supermarket,PL_N12566554506,Old Toronto,1,1
ORG00324,Synthetic Office 00324 @ Canadian Mental Health Association,office,PL_N12572360017,Vaughan,1,1
ORG00325,Synthetic Cafe 00325 @ Timothy's,cafe,PL_N1257455642,Old Toronto,1,1
ORG00326,Synthetic Office 00326 @ International Association of Machinists and Aerospace Workers,office,PL_N12596289530,Brampton,1,1
ORG00327,Synthetic Retail 00327 @ Bon Vita,retail,PL_N12596683262,Richmond Hill,1,1
ORG00328,Synthetic Cafe 00328 @ Gong Cha,cafe,PL_N12596689453,Richmond Hill,1,1
ORG00329,Synthetic Retail 00329 @ Vision Optical,retail,PL_N12596693039,Richmond Hill,1,1
ORG00330,Synthetic Restaurant 00330 @ Subway,restaurant,PL_N12610485697,Brampton,1,1
ORG00331,Synthetic Office 00331 @ Upper Canada Skating Club,office,PL_N12610821648,North York,1,1
ORG00332,Synthetic Office 00332 @ Marric Tax Corp.,office,PL_N12611728529,Old Toronto,1,1
ORG00333,Synthetic Restaurant 00333 @ Song Cook's Korean Chili,restaurant,PL_N12618982330,Old Toronto,1,1
ORG00334,Synthetic University 00334 @ Pures College Of Technology,university,PL_N12623084524,Scarborough,1,1
ORG00335,Synthetic Retail 00335 @ Iraj Auto,retail,PL_N12629107750,North York,1,1
ORG00336,Synthetic Gym 00336 @ Toronto Kinbaku Salon,gym,PL_N12636092445,Old Toronto,1,1
ORG00337,Synthetic Cafe 00337 @ Ripley's Café,cafe,PL_N12639653537,Old Toronto,1,1
ORG00338,Synthetic Cafe 00338 @ Berkeley Cafe,cafe,PL_N12650268801,Old Toronto,1,1
ORG00339,Synthetic Restaurant 00339 @ Top Silog,restaurant,PL_N12662416801,North York,1,1
ORG00340,Synthetic Retail 00340 @ Allan Rug Co.,retail,PL_N12667756135,North York,1,1
ORG00341,Synthetic Cafe 00341 @ High Park Espresso,cafe,PL_N12682724060,Old Toronto,1,1
ORG00342,Synthetic Retail 00342 @ 1642 Bayview Avenue,retail,PL_N1268641370,Old Toronto,1,1
ORG00343,Synthetic Cafe 00343 @ First and Last Coffee Shop,cafe,PL_N12688672383,Old Toronto,1,1
ORG00344,Synthetic Supermarket 00344 @ Creeds,supermarket,PL_N12691612463,Old Toronto,1,1
ORG00345,Synthetic Office 00345 @ Mongrel Media,office,PL_N12697813980,Old Toronto,2,1
ORG00346,Synthetic Office 00346 @ CUPE 3902,office,PL_N12708613289,Old Toronto,1,1
ORG00347,Synthetic Cafe 00347 @ Dark Horse,cafe,PL_N12714603064,Old Toronto,1,1
ORG00348,Synthetic Office 00348 @ Gilbert Barristers and Solicitors,office,PL_N12727136508,Old Toronto,1,1
ORG00349,Synthetic Retail 00349 @ Tuck Shop,retail,PL_N1272837800,Old Toronto,1,1
ORG00350,Synthetic Office 00350 @ TeleGlobal,office,PL_N12741073408,Markham,2,1
ORG00351,Synthetic Restaurant 00351 @ KFC,restaurant,PL_N12744672436,Old Toronto,1,1
ORG00352,Synthetic Restaurant 00352 @ Mirch Masala,restaurant,PL_N12752276980,Brampton,1,1
ORG00353,Synthetic Cafe 00353 @ Krossroad Cafe,cafe,PL_N12753097966,Old Toronto,1,1
ORG00354,Synthetic Office 00354 @ Icco Canada,office,PL_N12759827689,Old Toronto,1,1
ORG00355,Synthetic Restaurant 00355 @ Jimmy John’s,restaurant,PL_N12763180575,Old Toronto,1,1
ORG00356,Synthetic Office 00356 @ JCA Law Office,office,PL_N12770867218,North York,1,1
ORG00357,Synthetic University 00357 @ Helix Academy,university,PL_N12770899929,Old Toronto,3,1
ORG00358,Synthetic Retail 00358 @ Elixir 1 Skincare Clinic,retail,PL_N12770927832,North York,1,1
ORG00359,Synthetic Office 00359 @ Legislative Assembly of Ontario,office,PL_N12773124067,Old Toronto,1,1
ORG00360,Synthetic Office 00360 @ Cycle Toronto,office,PL_N12780231835,Old Toronto,1,1
ORG00361,Synthetic Office 00361 @ OSM office N12783363729,office,PL_N12783363729,Old Toronto,1,1
ORG00362,Synthetic Cafe 00362 @ Heytea,cafe,PL_N12785231968,Old Toronto,1,1
ORG00363,Synthetic Cafe 00363 @ Cha Payom,cafe,PL_N12785242442,Old Toronto,1,1
ORG00364,Synthetic Retail 00364 @ Duke Barber Shop and nail&spa,retail,PL_N12791116598,Old Toronto,1,1
ORG00365,Synthetic Restaurant 00365 @ Shake Shack,restaurant,PL_N12796412603,Old Toronto,1,1
ORG00366,Synthetic Office 00366 @ Wolfson Bell Associates,office,PL_N1279783256,Old Toronto,1,1
ORG00367,Synthetic Office 00367 @ Toronto Trailers,office,PL_N12810759206,Brampton,1,1
ORG00368,Synthetic Restaurant 00368 @ Dickey’s Barbecue Pit,restaurant,PL_N12817979885,Old Toronto,1,1
ORG00369,Synthetic Office 00369 @ Keller Williams Realty,office,PL_N12818166967,Old Toronto,1,1
ORG00370,Synthetic University 00370 @ St. John Ambulance,university,PL_N12819212196,Old Toronto,5,1
ORG00371,Synthetic Industrial 00371 @ Canada Iron,industrial,PL_N12821323730,Old Toronto,1,1
ORG00372,Synthetic Office 00372 @ Jane Alliance Neighbourhood Services,office,PL_N12821333240,Old Toronto,1,1
ORG00373,Synthetic Office 00373 @ Trident Financial & Mortgage Corporation,office,PL_N12821334703,Old Toronto,1,1
ORG00374,Synthetic Retail 00374 @ Metro Vehicles,retail,PL_N12821351987,Old Toronto,1,1
ORG00375,Synthetic Restaurant 00375 @ Nene Chicken,restaurant,PL_N1282257500,Old Toronto,1,1
ORG00376,Synthetic Cafe 00376 @ Pilot Coffee Roasters,cafe,PL_N12823415348,Old Toronto,1,1
ORG00377,Synthetic Office 00377 @ Mortgage Corporation,office,PL_N12825987650,Old Toronto,1,1
ORG00378,Synthetic Retail 00378 @ Goodtime Jewellers,retail,PL_N12825997767,Old Toronto,1,1
ORG00379,Synthetic Restaurant 00379 @ Solkatt Cafe,restaurant,PL_N12826037777,Old Toronto,1,1
ORG00380,Synthetic Cafe 00380 @ Found Coffee | Front,cafe,PL_N12830420847,Old Toronto,2,1
ORG00381,Synthetic Office 00381 @ LD Interior Design,office,PL_N12838400290,Old Toronto,1,1
ORG00382,Synthetic Office 00382 @ Desjardins Insurance,office,PL_N12838445438,Old Toronto,1,1
ORG00383,Synthetic Office 00383 @ Prospects International,office,PL_N12840913503,Old Toronto,1,1
ORG00384,Synthetic Office 00384 @ Ristich Law Injury Lawyers,office,PL_N12844014304,Old Toronto,1,1
ORG00385,Synthetic Office 00385 @ The Printing House,office,PL_N12849640769,Old Toronto,2,1
ORG00386,Synthetic Retail 00386 @ Hi-Line Auto Centre,retail,PL_N12849735277,Old Toronto,1,1
ORG00387,Synthetic Office 00387 @ 3329 Bloor Street West Law Offices,office,PL_N12852007839,Old Toronto,1,1
ORG00388,Synthetic Supermarket 00388 @ McEwan,supermarket,PL_N12859338392,Old Toronto,1,1
ORG00389,Synthetic Office 00389 @ Hospice Mississauga,office,PL_N12861648672,Brampton,2,1
ORG00390,Synthetic Office 00390 @ Campbell’s,office,PL_N12861661728,Brampton,1,1
ORG00391,Synthetic Office 00391 @ IRS Infinity Retirement Solutions,office,PL_N12861663113,Brampton,1,1
ORG00392,Synthetic University 00392 @ Canadian College of Traditional Chinese Medicine,university,PL_N12861774206,Brampton,2,1
ORG00393,Synthetic Office 00393 @ Diamond Taxicab Association,office,PL_N1286233070,Old Toronto,1,1
ORG00394,Synthetic Office 00394 @ Crystal Glen Homes,office,PL_N12862702029,Vaughan,1,1
ORG00395,Synthetic Office 00395 @ Fernbrook Homes,office,PL_N12863057950,Vaughan,1,1
ORG00396,Synthetic Office 00396 @ Canaray,office,PL_N12863074541,Vaughan,1,1
ORG00397,Synthetic Office 00397 @ EM Plastic and Electric Products,office,PL_N12863156081,Brampton,3,1
ORG00398,Synthetic Office 00398 @ NOA Hospitality Group,office,PL_N12863175278,Brampton,1,1
ORG00399,Synthetic Hotel 00399 @ Element,hotel,PL_N12863386069,Brampton,1,1
ORG00400,Synthetic Office 00400 @ OECI Opresnik Engineering Consultants Inc.,office,PL_N12866398836,Old Toronto,1,1
ORG00401,Synthetic Office 00401 @ Spinvfx,office,PL_N12877228145,Old Toronto,1,1
ORG00402,Synthetic Supermarket 00402 @ Olive Branch,supermarket,PL_N12877912223,Vaughan,1,1
ORG00403,Synthetic Gym 00403 @ The Studio,gym,PL_N12893497687,Old Toronto,1,1
ORG00404,Synthetic Restaurant 00404 @ Tuts,restaurant,PL_N12893596917,Old Toronto,1,1
ORG00405,Synthetic Office 00405 @ Tibollo Law,office,PL_N12895265439,Vaughan,1,1
ORG00406,Synthetic Retail 00406 @ Earth Tech,retail,PL_N12895800540,Vaughan,1,1
ORG00407,Synthetic Supermarket 00407 @ Esma Fine Foods,supermarket,PL_N12895817528,Vaughan,1,1
ORG00408,Synthetic Office 00408 @ Neo,office,PL_N12895845270,Vaughan,1,1
ORG00409,Synthetic Retail 00409 @ Abercrombie & Fitch,retail,PL_N12895860601,Vaughan,1,1
ORG00410,Synthetic Supermarket 00410 @ Moonlight Grocers,supermarket,PL_N12897744768,Brampton,1,1
ORG00411,Synthetic Retail 00411 @ Makeover,retail,PL_N12897744771,Brampton,1,1
ORG00412,Synthetic Retail 00412 @ Lucky & More,retail,PL_N12898094586,Markham,1,1
ORG00413,Synthetic Restaurant 00413 @ Litsea Cuisine,restaurant,PL_N12898123580,North York,1,1
ORG00414,Synthetic Restaurant 00414 @ Pepper Meets Pepper,restaurant,PL_N12898127234,North York,1,1
ORG00415,Synthetic University 00415 @ Skilled Trades College of Canada,university,PL_N12898232996,Scarborough,5,1
ORG00416,Synthetic Cafe 00416 @ The Cozy Bean,cafe,PL_N12904007162,Scarborough,1,1
ORG00417,Synthetic University 00417 @ Smith School of Business Queen’s University,university,PL_N12912579192,Old Toronto,11,1
ORG00418,Synthetic Office 00418 @ Edward Jones,office,PL_N1291264971,Old Toronto,1,1
ORG00419,Synthetic Office 00419 @ 1RG,office,PL_N12913211985,Old Toronto,1,1
ORG00420,Synthetic Office 00420 @ lg2,office,PL_N12914972783,Old Toronto,2,1
ORG00421,Synthetic Office 00421 @ Excel Tax Service,office,PL_N12915561200,Brampton,2,1
ORG00422,Synthetic Restaurant 00422 @ Bannock Canadian Comfort Food,restaurant,PL_N1291921282,Old Toronto,1,1
ORG00423,Synthetic Retail 00423 @ Davenport Custom Tailors,retail,PL_N12919738554,Old Toronto,1,1
ORG00424,Synthetic Cafe 00424 @ Starbucks,cafe,PL_N1291986457,Old Toronto,1,1
ORG00425,Synthetic Cafe 00425 @ World Peace Donuts,cafe,PL_N12922239586,Old Toronto,1,1
ORG00426,Synthetic University 00426 @ Canada Skills & Training College,university,PL_N12941605147,Richmond Hill,2,1
ORG00427,Synthetic Office 00427 @ Meest Global Logistics Group,office,PL_N12941620210,Richmond Hill,1,1
ORG00428,Synthetic Office 00428 @ Sun Life Financial,office,PL_N12941638803,Richmond Hill,1,1
ORG00429,Synthetic Office 00429 @ Evans Planning,office,PL_N12941660578,Richmond Hill,1,1
ORG00430,Synthetic Supermarket 00430 @ Arafat Grocery & Halal Meat,supermarket,PL_N12955164258,Brampton,1,1
ORG00431,Synthetic Retail 00431 @ OSM retail N12968478963,retail,PL_N12968478963,Scarborough,1,1
ORG00432,Synthetic Restaurant 00432 @ Premium Sweets,restaurant,PL_N12978845600,Scarborough,1,1
ORG00433,Synthetic Retail 00433 @ OSM retail N12978886384,retail,PL_N12978886384,Old Toronto,1,1
ORG00434,Synthetic Office 00434 @ OSM office N12978892902,office,PL_N12978892902,Scarborough,1,1
ORG00435,Synthetic Retail 00435 @ Park Discount,retail,PL_N1298025333,Old Toronto,1,1
ORG00436,Synthetic Retail 00436 @ Coxwell Furniture,retail,PL_N1298041085,Old Toronto,1,1
ORG00437,Synthetic Office 00437 @ Shorncliffe Disposal Services,office,PL_N12980687484,Old Toronto,1,1
ORG00438,Synthetic Office 00438 @ Mutation Creation,office,PL_N12980689932,Old Toronto,2,1
ORG00439,Synthetic Office 00439 @ H&R Block,office,PL_N12982559684,Old Toronto,1,1
ORG00440,Synthetic Office 00440 @ OSM office N12982624154,office,PL_N12982624154,Old Toronto,1,1
ORG00441,Synthetic Supermarket 00441 @ Vincenzo Supermarket,supermarket,PL_N12986755358,Old Toronto,1,1
ORG00442,Synthetic Retail 00442 @ Cupid Boutique,retail,PL_N12990284113,Brampton,1,1
ORG00443,Synthetic Office 00443 @ OSM office N12993362483,office,PL_N12993362483,Old Toronto,1,1
ORG00444,Synthetic Retail 00444 @ Derma Bar,retail,PL_N12995038521,Old Toronto,1,1
ORG00445,Synthetic Office 00445 @ 2 Spririted People of the First Nations,office,PL_N12995038529,Old Toronto,1,1
ORG00446,Synthetic Cafe 00446 @ Zav Coffee Shop & Gallery,cafe,PL_N12995038539,Old Toronto,1,1
ORG00447,Synthetic Office 00447 @ Origin Wellness,office,PL_N12995864438,Old Toronto,1,1
ORG00448,Synthetic Office 00448 @ Linda Law,office,PL_N12995864441,Old Toronto,1,1
ORG00449,Synthetic Retail 00449 @ Metro Nails,retail,PL_N12995864449,Old Toronto,1,1
ORG00450,Synthetic Office 00450 @ MPP Mary-Margaret McMahon Beaches-East York,office,PL_N12995864475,Old Toronto,1,1
ORG00451,Synthetic Retail 00451 @ Splash & Shine,retail,PL_N12995864482,Old Toronto,1,1
ORG00452,Synthetic Office 00452 @ Beattle & Bear,office,PL_N12996234419,Old Toronto,1,1
ORG00453,Synthetic Retail 00453 @ Byron's Bikes,retail,PL_N12996234436,Old Toronto,1,1
ORG00454,Synthetic Gym 00454 @ F45 Training,gym,PL_N12996489265,Old Toronto,1,1
ORG00455,Synthetic Retail 00455 @ Ontario Auto Trim Ltd.,retail,PL_N12996500893,Old Toronto,1,1
ORG00456,Synthetic Supermarket 00456 @ San Jose Mexican Foods,supermarket,PL_N12996545664,Old Toronto,1,1
ORG00457,Synthetic Retail 00457 @ City South Fine Cars Inc.,retail,PL_N12996560402,Old Toronto,1,1
ORG00458,Synthetic Office 00458 @ Prompton,office,PL_N12996606619,Old Toronto,1,1
ORG00459,Synthetic Retail 00459 @ Daily Goods,retail,PL_N12997418433,Old Toronto,1,1
ORG00460,Synthetic Retail 00460 @ Pennywise Fragrances,retail,PL_N12997929547,Old Toronto,1,1
ORG00461,Synthetic Office 00461 @ East York Housing Help Centre,office,PL_N12997929551,Old Toronto,1,1
ORG00462,Synthetic Office 00462 @ Superior Bookkeeping Services Ltd.,office,PL_N12997929573,Old Toronto,1,1
ORG00463,Synthetic Retail 00463 @ Ms. Potato's Market,retail,PL_N1300031485,Old Toronto,1,1
ORG00464,Synthetic Office 00464 @ Imtiaz Ahmad Law Office,office,PL_N13010520110,Old Toronto,2,1
ORG00465,Synthetic Office 00465 @ Royal Oak Tax Services,office,PL_N13010520111,Old Toronto,1,1
ORG00466,Synthetic Office 00466 @ Desjardins Insurance,office,PL_N13010520113,Old Toronto,1,1
ORG00467,Synthetic Retail 00467 @ North American Islamic Fashion,retail,PL_N13010520117,Old Toronto,1,1
ORG00468,Synthetic Supermarket 00468 @ New Al-Madina Grocery & Halal Meat Store,supermarket,PL_N13010520119,Old Toronto,1,1
ORG00469,Synthetic Hotel 00469 @ The Only Backpacker's Inn,hotel,PL_N13011543819,Old Toronto,1,1
ORG00470,Synthetic Gym 00470 @ Little Dribblers,gym,PL_N13011543839,Old Toronto,2,1
ORG00471,Synthetic Retail 00471 @ Amplifon,retail,PL_N13011543841,Old Toronto,1,1
ORG00472,Synthetic Gym 00472 @ F45 Training,gym,PL_N13011557660,Old Toronto,2,1
ORG00473,Synthetic Office 00473 @ Metrolinx Community Office,office,PL_N13011557666,Old Toronto,1,1
ORG00474,Synthetic Restaurant 00474 @ Black Pot Lounge & Restaurant,restaurant,PL_N13011557678,Old Toronto,2,1
ORG00475,Synthetic Retail 00475 @ Re-Reading,retail,PL_N13013615433,Old Toronto,1,1
ORG00476,Synthetic Retail 00476 @ Moss,retail,PL_N13013615434,Old Toronto,1,1
ORG00477,Synthetic Retail 00477 @ Maxi,retail,PL_N13013621522,Old Toronto,1,1
ORG00478,Synthetic Gym 00478 @ Strong Pilates,gym,PL_N13015033587,Old Toronto,1,1
ORG00479,Synthetic Restaurant 00479 @ Duff's Famous Wings,restaurant,PL_N13016551571,Old Toronto,1,1
ORG00480,Synthetic Office 00480 @ BrookMcIlroy,office,PL_N13016579151,Old Toronto,1,1
ORG00481,Synthetic Office 00481 @ DocsBase Canada,office,PL_N13018279815,North York,2,1
ORG00482,Synthetic Office 00482 @ Edward Jones,office,PL_N13021796634,Old Toronto,1,1
ORG00483,Synthetic Retail 00483 @ Pink Martini,retail,PL_N13021848978,Old Toronto,1,1
ORG00484,Synthetic Retail 00484 @ Urban Nails,retail,PL_N13025831401,Old Toronto,1,1
ORG00485,Synthetic Office 00485 @ Law Offices,office,PL_N13025831405,Old Toronto,2,1
ORG00486,Synthetic Gym 00486 @ Riverdale Gymnastics,gym,PL_N13025831414,Old Toronto,1,1
ORG00487,Synthetic Retail 00487 @ 99 Frames,retail,PL_N13028429345,Old Toronto,1,1
ORG00488,Synthetic Retail 00488 @ Artisan MRKT,retail,PL_N13028429348,Old Toronto,1,1
ORG00489,Synthetic Cafe 00489 @ Playground Cafe,cafe,PL_N13028429350,Old Toronto,1,1
ORG00490,Synthetic Office 00490 @ AAA Accounting & Tax,office,PL_N13028454904,Old Toronto,2,1
ORG00491,Synthetic Cafe 00491 @ La Gloria,cafe,PL_N13028454919,Old Toronto,1,1
ORG00492,Synthetic Retail 00492 @ U Design Gallery,retail,PL_N13032007312,Old Toronto,1,1
ORG00493,Synthetic Cafe 00493 @ Epos Coffee,cafe,PL_N13036382787,Old Toronto,1,1
ORG00494,Synthetic Restaurant 00494 @ Habibz Corner,restaurant,PL_N13040383430,Old Toronto,1,1
ORG00495,Synthetic Retail 00495 @ Cambria Gallery,retail,PL_N13040383440,Old Toronto,1,1
ORG00496,Synthetic Restaurant 00496 @ Kinton Ramen,restaurant,PL_N13040383443,Old Toronto,1,1
ORG00497,Synthetic Cafe 00497 @ Hale Coffee,cafe,PL_N13041844671,Old Toronto,1,1
ORG00498,Synthetic Retail 00498 @ Slingshot & Fast Lane Available Here,retail,PL_N13043775029,Vaughan,1,1
ORG00499,Synthetic Office 00499 @ Remax,office,PL_N13046166787,Old Toronto,1,1
ORG00500,Synthetic Restaurant 00500 @ Shatter Abbas,restaurant,PL_N13049057186,North York,1,1
ORG00501,Synthetic Restaurant 00501 @ Nobel Burger Bar,restaurant,PL_N13050188126,Brampton,1,1
ORG00502,Synthetic University 00502 @ Trebas Institute,university,PL_N1306212511,Old Toronto,4,1
ORG00503,Synthetic Retail 00503 @ PetPal Care,retail,PL_N13071653247,Old Toronto,1,1
ORG00504,Synthetic Office 00504 @ Gluzberg Property Management,office,PL_N13071856886,Old Toronto,1,1
ORG00505,Synthetic Office 00505 @ Taxwide,office,PL_N13075134483,Brampton,2,1
ORG00506,Synthetic Office 00506 @ Acme Visa Solutions Inc.,office,PL_N13075169832,Brampton,1,1
ORG00507,Synthetic Office 00507 @ Express Employment Professionals,office,PL_N13075184617,Brampton,1,1
ORG00508,Synthetic Retail 00508 @ Kasa Quartz,retail,PL_N13087689843,Markham,1,1
ORG00509,Synthetic Cafe 00509 @ Riverdale Perk Cafe,cafe,PL_N13087998367,Old Toronto,1,1
ORG00510,Synthetic Cafe 00510 @ Aashro Cafe,cafe,PL_N13094910965,North York,1,1
ORG00511,Synthetic Cafe 00511 @ Fresh Cup,cafe,PL_N13095333608,North York,1,1
ORG00512,Synthetic Retail 00512 @ Chatr,retail,PL_N13095333615,North York,1,1
ORG00513,Synthetic Restaurant 00513 @ Little House of Kebobs,restaurant,PL_N13095374585,Richmond Hill,1,1
ORG00514,Synthetic Retail 00514 @ Yu Pet Hotel,retail,PL_N13106462369,Scarborough,1,1
ORG00515,Synthetic Supermarket 00515 @ Metro,supermarket,PL_N13107676346,Markham,1,1
ORG00516,Synthetic Restaurant 00516 @ McDonald's,restaurant,PL_N13108064199,Old Toronto,1,1
ORG00517,Synthetic Office 00517 @ Homelife,office,PL_N13108840002,Old Toronto,1,1
ORG00518,Synthetic Office 00518 @ Emblem,office,PL_N13115465532,Old Toronto,1,1
ORG00519,Synthetic Retail 00519 @ The Gas Station,retail,PL_N13124257272,Old Toronto,1,1
ORG00520,Synthetic Retail 00520 @ MMT Downtown Pharmacy & Clinic,retail,PL_N13134416539,Old Toronto,1,1
ORG00521,Synthetic Office 00521 @ Birkenstock,office,PL_N13137063865,Old Toronto,1,1
ORG00522,Synthetic Office 00522 @ Trades Labour Corporation,office,PL_N13141019891,Old Toronto,1,1
ORG00523,Synthetic Retail 00523 @ 230 Queen Street East,retail,PL_N13141019895,Old Toronto,1,1
ORG00524,Synthetic Office 00524 @ Forest Hill Real Estate Inc.,office,PL_N13141903736,Old Toronto,1,1
ORG00525,Synthetic Retail 00525 @ Pâtisserie Fleur,retail,PL_N13142819761,Markham,1,1
ORG00526,Synthetic Restaurant 00526 @ Eggsmart,restaurant,PL_N13142919472,Markham,1,1
ORG00527,Synthetic Restaurant 00527 @ Me-Va-Me,restaurant,PL_N13146174589,Old Toronto,1,1
ORG00528,Synthetic Retail 00528 @ Cash 4 You,retail,PL_N13146174593,Old Toronto,1,1
ORG00529,Synthetic Cafe 00529 @ Gong Cha,cafe,PL_N13146191204,Old Toronto,1,1
ORG00530,Synthetic Retail 00530 @ Panera Bread,retail,PL_N1314640368,Richmond Hill,2,1
ORG00531,Synthetic Retail 00531 @ Sash + Co,retail,PL_N13149664930,Old Toronto,1,1
ORG00532,Synthetic Gym 00532 @ Club Pilates,gym,PL_N13157166833,Old Toronto,1,1
ORG00533,Synthetic Restaurant 00533 @ Kevin's Taiyaki,restaurant,PL_N13173940128,Old Toronto,1,1
ORG00534,Synthetic Retail 00534 @ Amavi Atelier,retail,PL_N13175505745,Old Toronto,1,1
ORG00535,Synthetic Office 00535 @ Child Development Institute,office,PL_N13176774270,Old Toronto,1,1
ORG00536,Synthetic Retail 00536 @ 600 Yonge Street,retail,PL_N13187015990,Old Toronto,1,1
ORG00537,Synthetic Office 00537 @ York Alumni and Career Lounge,office,PL_N13196774888,Vaughan,2,1
ORG00538,Synthetic Office 00538 @ OSM office N13196851741,office,PL_N13196851741,Old Toronto,1,1
ORG00539,Synthetic Office 00539 @ Juice Plus+,office,PL_N13198723253,Brampton,2,1
ORG00540,Synthetic Office 00540 @ Trillium Customs Brokers Inc.,office,PL_N13198723259,Brampton,2,1
ORG00541,Synthetic Office 00541 @ USW United Steelworkers,office,PL_N13198788810,Brampton,1,1
ORG00542,Synthetic Office 00542 @ Kessab General Contracting Inc.,office,PL_N13198788812,Brampton,1,1
ORG00543,Synthetic Gym 00543 @ Slow Medicine Company,gym,PL_N13198875167,Old Toronto,1,1
ORG00544,Synthetic Restaurant 00544 @ The Orange Snail,restaurant,PL_N13208078520,Vaughan,1,1
ORG00545,Synthetic Cafe 00545 @ Cafe de Flore,cafe,PL_N13208823601,Old Toronto,1,1
ORG00546,Synthetic Cafe 00546 @ St. Lawrence Juicebar,cafe,PL_N13208956570,Old Toronto,1,1
ORG00547,Synthetic Retail 00547 @ Super Eater,retail,PL_N13208956571,Old Toronto,1,1
ORG00548,Synthetic Cafe 00548 @ L'avenue,cafe,PL_N13209000024,Old Toronto,1,1
ORG00549,Synthetic Office 00549 @ J&M Markandu Professional Corporation,office,PL_N13227720773,Old Toronto,1,1
ORG00550,Synthetic Office 00550 @ Brian O'Brian Architect,office,PL_N13227720778,Old Toronto,1,1
ORG00551,Synthetic Retail 00551 @ Downtown Toronto Honey Massage,retail,PL_N13228738029,Old Toronto,1,1
ORG00552,Synthetic Cafe 00552 @ Pinocho,cafe,PL_N13230632178,Old Toronto,1,1
ORG00553,Synthetic Office 00553 @ Service Ontario,office,PL_N13233615663,Scarborough,1,1
ORG00554,Synthetic Office 00554 @ Sky Global Logistics,office,PL_N13240844343,Old Toronto,1,1
ORG00555,Synthetic Restaurant 00555 @ B & B Fish and Chips,restaurant,PL_N13261728803,Old Toronto,1,1
ORG00556,"Synthetic Office 00556 @ Julie Dabrusin, MP",office,PL_N13263120467,Old Toronto,3,1
ORG00557,Synthetic Retail 00557 @ Take A Walk On The Wildside Toronto,retail,PL_N13273967070,Old Toronto,1,1
ORG00558,Synthetic Retail 00558 @ Jiahua Trading Company,retail,PL_N13274887526,Old Toronto,1,1
ORG00559,Synthetic Hotel 00559 @ Le Germain Hotel Toronto,hotel,PL_N13276607590,Old Toronto,1,1
ORG00560,Synthetic Office 00560 @ Realosophy,office,PL_N13276774153,Old Toronto,1,1
ORG00561,Synthetic Retail 00561 @ Himalayan Collections,retail,PL_N13277479963,Old Toronto,1,1
ORG00562,Synthetic Cafe 00562 @ The Grreenwood,cafe,PL_N13278821620,Old Toronto,1,1
ORG00563,Synthetic Retail 00563 @ DT Aquarium,retail,PL_N13281966301,Old Toronto,1,1
ORG00564,Synthetic Office 00564 @ Space Monkey,office,PL_N13284208468,Old Toronto,1,1
ORG00565,Synthetic Supermarket 00565 @ The Source Bulk Foods,supermarket,PL_N13286388056,Old Toronto,2,1
ORG00566,Synthetic Retail 00566 @ 1643 Dupont Street,retail,PL_N13288446237,Old Toronto,1,1
ORG00567,Synthetic Office 00567 @ Waddingtons,office,PL_N13294458788,Old Toronto,1,1
ORG00568,Synthetic Gym 00568 @ LOB,gym,PL_N13294458790,Old Toronto,1,1
ORG00569,Synthetic Office 00569 @ Snyder,office,PL_N13294458791,Old Toronto,1,1
ORG00570,Synthetic Office 00570 @ Biard Macgregor Insurance Brokers LP,office,PL_N13295476004,Old Toronto,1,1
ORG00571,Synthetic Gym 00571 @ Trix acro gym,gym,PL_N13295491901,North York,1,1
ORG00572,Synthetic Gym 00572 @ SpinCo,gym,PL_N13298642250,Old Toronto,1,1
ORG00573,Synthetic Office 00573 @ Bindy,office,PL_N13298642268,Old Toronto,1,1
ORG00574,Synthetic Office 00574 @ University Information Technology (UIT),office,PL_N13302058228,Vaughan,1,1
ORG00575,Synthetic Retail 00575 @ Bargain Shark,retail,PL_N13306870001,Scarborough,1,1
ORG00576,Synthetic Restaurant 00576 @ Swagruhas Dosa Home,restaurant,PL_N13318237528,Brampton,1,1
ORG00577,Synthetic Retail 00577 @ Eyes Choice Optical,retail,PL_N13320213988,Markham,1,1
ORG00578,Synthetic Office 00578 @ Goldstein & Grubner LLP,office,PL_N13332965095,Scarborough,1,1
ORG00579,Synthetic Office 00579 @ PointsBet Canada,office,PL_N13357603673,Old Toronto,1,1
ORG00580,Synthetic Office 00580 @ Stratking Accounting and Tax Professional Corporation,office,PL_N13358601199,Richmond Hill,1,1
ORG00581,Synthetic Restaurant 00581 @ Harihar Thal,restaurant,PL_N13370789436,Vaughan,1,1
ORG00582,Synthetic Gym 00582 @ Planet Fitness,gym,PL_N13374381379,Old Toronto,1,1
ORG00583,Synthetic Cafe 00583 @ Tim Hortons,cafe,PL_N13374538650,Old Toronto,1,1
ORG00584,Synthetic Restaurant 00584 @ Hui Lau Shan,restaurant,PL_N13374576838,North York,1,1
ORG00585,Synthetic Gym 00585 @ US Pilates Studio,gym,PL_N13374612588,North York,1,1
ORG00586,Synthetic University 00586 @ AAPS,university,PL_N13374713725,North York,5,1
ORG00587,Synthetic Office 00587 @ Starfish Properties,office,PL_N13374879574,North York,1,1
ORG00588,Synthetic Gym 00588 @ All In One,gym,PL_N13374897386,North York,2,1
ORG00589,Synthetic Gym 00589 @ Up the Bloc,gym,PL_N13381140953,Old Toronto,2,1
ORG00590,Synthetic Cafe 00590 @ Pret A Manger,cafe,PL_N13384193064,Old Toronto,2,1
ORG00591,Synthetic Gym 00591 @ Park Cycle - Spin Studio,gym,PL_N13428836128,North York,1,1
ORG00592,Synthetic Retail 00592 @ I'm A Flower,retail,PL_N13428919222,North York,1,1
ORG00593,Synthetic Cafe 00593 @ Starbucks,cafe,PL_N13446307317,Old Toronto,1,1
ORG00594,Synthetic Office 00594 @ Lithos Group,office,PL_N13472674762,North York,1,1
ORG00595,Synthetic Restaurant 00595 @ Papa John's,restaurant,PL_N13475275819,Old Toronto,1,1
ORG00596,Synthetic Cafe 00596 @ Poop-A-Licious,cafe,PL_N13477347601,Old Toronto,1,1
ORG00597,Synthetic Cafe 00597 @ Tim Hortons,cafe,PL_N13478624672,Old Toronto,1,1
ORG00598,Synthetic Restaurant 00598 @ Sunset Grill,restaurant,PL_N1348494471,Old Toronto,1,1
ORG00599,Synthetic Gym 00599 @ Grit Athletics,gym,PL_N13525255463,Old Toronto,1,1
ORG00600,Synthetic Gym 00600 @ Fore! Indoor Golf,gym,PL_N13525255464,Old Toronto,1,1
ORG00601,Synthetic Retail 00601 @ RC Paradise,retail,PL_N13526712059,Old Toronto,1,1
ORG00602,Synthetic Cafe 00602 @ Understory,cafe,PL_N13527051034,Old Toronto,1,1
ORG00603,Synthetic Supermarket 00603 @ Tienda Movil Latin Supermarket,supermarket,PL_N13537314229,Old Toronto,1,1
ORG00604,Synthetic Cafe 00604 @ Noctua Bakery,cafe,PL_N13543888609,Old Toronto,1,1
ORG00605,Synthetic Retail 00605 @ Convenience Cards & More,retail,PL_N1355683257,North York,1,1
ORG00606,Synthetic Retail 00606 @ The Sign of the Skier,retail,PL_N1355687538,North York,1,1
ORG00607,Synthetic Office 00607 @ McCann Realty Group Ltd.,office,PL_N1355709826,North York,2,1
ORG00608,Synthetic Retail 00608 @ Print Three,retail,PL_N13570764588,Old Toronto,1,1
ORG00609,Synthetic Restaurant 00609 @ Kim’s Noodle,restaurant,PL_N13570988380,Old Toronto,1,1
ORG00610,Synthetic Office 00610 @ Mitsubishi Motors,office,PL_N13608326539,Brampton,1,1
ORG00611,Synthetic Office 00611 @ WSP,office,PL_N13608377255,Brampton,1,1
ORG00612,Synthetic Office 00612 @ Heineken,office,PL_N13608377256,Brampton,1,1
ORG00613,Synthetic Restaurant 00613 @ Philthy Philly’s,restaurant,PL_N13608388092,Brampton,1,1
ORG00614,Synthetic Cafe 00614 @ Matcha Matcha,cafe,PL_N13609461843,Old Toronto,1,1
ORG00615,Synthetic Office 00615 @ Jacknife,office,PL_N13614343757,Old Toronto,1,1
ORG00616,Synthetic Office 00616 @ Toronto Hydro at Rexdale,office,PL_N13614787408,North York,2,1
ORG00617,Synthetic Office 00617 @ Ramos Team,office,PL_N13625156368,Old Toronto,1,1
ORG00618,Synthetic Retail 00618 @ Leaside Fades,retail,PL_N13625545292,North York,1,1
ORG00619,Synthetic Office 00619 @ Candor Financial Group Inc.,office,PL_N13628577394,Old Toronto,1,1
ORG00620,Synthetic Restaurant 00620 @ Xola,restaurant,PL_N13635146897,Old Toronto,1,1
ORG00621,Synthetic Cafe 00621 @ LOFT Kitchen Cafe,cafe,PL_N13648921028,Old Toronto,1,1
ORG00622,Synthetic Office 00622 @ Critical Data Recovery,office,PL_N1365110586,Old Toronto,1,1
ORG00623,Synthetic Retail 00623 @ Daan Go Cake Lab,retail,PL_N13652845370,Old Toronto,1,1
ORG00624,Synthetic Gym 00624 @ Downward Dog Yoga Centre,gym,PL_N13659787501,Old Toronto,1,1
ORG00625,Synthetic Retail 00625 @ OSM retail N13667006503,retail,PL_N13667006503,Old Toronto,1,1
ORG00626,Synthetic Retail 00626 @ 20/20 Ca$h Ru$$h,retail,PL_N13667092915,Scarborough,1,1
ORG00627,Synthetic Cafe 00627 @ Mei Tea,cafe,PL_N13667122336,Scarborough,1,1
ORG00628,Synthetic Office 00628 @ Aris Babikian MPP,office,PL_N13667122343,Scarborough,1,1
ORG00629,Synthetic Retail 00629 @ Uniway Computers,retail,PL_N13667139946,Scarborough,1,1
ORG00630,Synthetic Office 00630 @ KGS Research,office,PL_N13667410969,Scarborough,1,1
ORG00631,Synthetic Retail 00631 @ Pro-Tech Transmission,retail,PL_N13667648459,Scarborough,1,1
ORG00632,Synthetic Restaurant 00632 @ Pizza2Go,restaurant,PL_N13670218671,Vaughan,1,1
ORG00633,Synthetic University 00633 @ Empire Truck Academy,university,PL_N13670266862,Vaughan,6,1
ORG00634,Synthetic University 00634 @ Newlight Truck Academy,university,PL_N13670266863,Vaughan,3,1
ORG00635,Synthetic Retail 00635 @ Yorl Vapes,retail,PL_N13670573939,Vaughan,1,1
ORG00636,Synthetic Office 00636 @ High Stream Moving,office,PL_N13670573940,North York,1,1
ORG00637,Synthetic Supermarket 00637 @ A-Z African & West Indian Market,supermarket,PL_N13676218286,Vaughan,1,1
ORG00638,Synthetic Retail 00638 @ Shiksha’s Cake Rush,retail,PL_N13676218287,Vaughan,1,1
ORG00639,Synthetic Retail 00639 @ InDepotFlooring.com,retail,PL_N1368553435,Scarborough,1,1
ORG00640,Synthetic Office 00640 @ Health Hue Digital,office,PL_N13689374961,Old Toronto,1,1
ORG00641,Synthetic Cafe 00641 @ Hale Coffee,cafe,PL_N13689858678,Old Toronto,1,1
ORG00642,Synthetic Office 00642 @ Sud Group,office,PL_N13689897483,Old Toronto,1,1
ORG00643,Synthetic Office 00643 @ Scholars Toronto East,office,PL_N13691299349,Scarborough,1,1
ORG00644,Synthetic Retail 00644 @ Rocco Auto Electric,retail,PL_N13704196555,Old Toronto,1,1
ORG00645,Synthetic Retail 00645 @ Ontario Auto Collection,retail,PL_N13704204169,Old Toronto,1,1
ORG00646,Synthetic University 00646 @ Academy of Learning Career College,university,PL_N13704267913,North York,8,1
ORG00647,Synthetic Office 00647 @ Home Depot,office,PL_N13704292878,North York,1,1
ORG00648,Synthetic Retail 00648 @ T.O. Condos,retail,PL_N1370527806,Old Toronto,1,1
ORG00649,Synthetic Office 00649 @ Starlight,office,PL_N13708163183,Old Toronto,1,1
ORG00650,Synthetic Office 00650 @ ADP,office,PL_N13708205138,Old Toronto,1,1
ORG00651,Synthetic Office 00651 @ Change Promotions,office,PL_N13717296582,Old Toronto,1,1
ORG00652,Synthetic Retail 00652 @ Ivory Jewellery & Co,retail,PL_N13717357286,Old Toronto,1,1
ORG00653,Synthetic Cafe 00653 @ Le Bisou,cafe,PL_N13717357288,Old Toronto,1,1
ORG00654,Synthetic Office 00654 @ Liberty Tax,office,PL_N13717362830,Old Toronto,1,1
ORG00655,Synthetic Retail 00655 @ Body Brute,retail,PL_N13717400049,Old Toronto,1,1
ORG00656,Synthetic Retail 00656 @ Canadian Bike Company,retail,PL_N13717400808,Old Toronto,1,1
ORG00657,Synthetic Office 00657 @ Goldhar,office,PL_N13717403119,Old Toronto,1,1
ORG00658,Synthetic Office 00658 @ Elizabeth Pacheco Family Law,office,PL_N13717405034,Old Toronto,2,1
ORG00659,Synthetic Retail 00659 @ OSM retail N13717424661,retail,PL_N13717424661,Old Toronto,1,1
ORG00660,Synthetic Cafe 00660 @ Starbucks,cafe,PL_N13717425782,Old Toronto,1,1
ORG00661,Synthetic Retail 00661 @ Like Honey,retail,PL_N13719601811,Old Toronto,1,1
ORG00662,Synthetic Office 00662 @ Amir Ismail & Associates,office,PL_N13719638635,Old Toronto,1,1
ORG00663,Synthetic Restaurant 00663 @ Mr. Puff’s Dessert Bar,restaurant,PL_N13719653017,Old Toronto,1,1
ORG00664,Synthetic Retail 00664 @ Eden Flowers,retail,PL_N1372148006,Old Toronto,1,1
ORG00665,Synthetic Restaurant 00665 @ The Rebel House,restaurant,PL_N1372205379,Old Toronto,1,1
ORG00666,Synthetic Retail 00666 @ Jupiter Bakehouse,retail,PL_N13744124758,Old Toronto,1,1
ORG00667,Synthetic Supermarket 00667 @ Bulk Barn,supermarket,PL_N13746851402,North York,1,1
ORG00668,Synthetic Restaurant 00668 @ McDonald's,restaurant,PL_N13746866246,North York,1,1
ORG00669,Synthetic Gym 00669 @ Queens Fitness,gym,PL_N13747103587,Old Toronto,1,1
ORG00670,Synthetic Cafe 00670 @ Red Rocket Coffee,cafe,PL_N1375337646,Old Toronto,1,1
ORG00671,Synthetic Retail 00671 @ Appliances Outlet Store,retail,PL_N13753656633,Old Toronto,1,1
ORG00672,Synthetic Office 00672 @ HomeLife Diamonds,office,PL_N13753659587,Old Toronto,1,1
ORG00673,Synthetic Retail 00673 @ Vintage Collection,retail,PL_N13753677669,Old Toronto,1,1
ORG00674,Synthetic Gym 00674 @ Vibe Ten,gym,PL_N13764108580,North York,1,1
ORG00675,Synthetic Retail 00675 @ Pure + Simple,retail,PL_N13764112428,North York,1,1
ORG00676,Synthetic Cafe 00676 @ Dang Good Donuts,cafe,PL_N13764113357,North York,1,1
ORG00677,Synthetic Cafe 00677 @ The Owlery Café,cafe,PL_N13765064554,Old Toronto,2,1
ORG00678,Synthetic Retail 00678 @ OSM retail N13780962297,retail,PL_N13780962297,Old Toronto,1,1
ORG00679,Synthetic Retail 00679 @ Body Love Ink,retail,PL_N13783178348,North York,1,1
ORG00680,Synthetic Retail 00680 @ Crystal Kiss,retail,PL_N13783178350,North York,1,1
ORG00681,Synthetic Restaurant 00681 @ Himalayan Momo House,restaurant,PL_N13783440572,North York,1,1
ORG00682,Synthetic Retail 00682 @ A&A Auto Garage,retail,PL_N1379170630,Old Toronto,1,1
ORG00683,Synthetic Office 00683 @ White Knight Kitchens Inc.,office,PL_N13798478917,Old Toronto,1,1
ORG00684,Synthetic Restaurant 00684 @ Z&Z European Grill & Deli,restaurant,PL_N13811519264,Old Toronto,1,1
ORG00685,Synthetic Gym 00685 @ OSM gym N13830135301,gym,PL_N13830135301,Old Toronto,2,1
ORG00686,Synthetic Restaurant 00686 @ Pizza Nova,restaurant,PL_N1383803047,Old Toronto,1,1
ORG00687,Synthetic Retail 00687 @ Patisserie Sebastien,retail,PL_N13859022673,North York,1,1
ORG00688,Synthetic Cafe 00688 @ Brewing Brokers,cafe,PL_N13859048594,North York,2,1
ORG00689,Synthetic Gym 00689 @ Sheboss Studio,gym,PL_N13859079055,North York,2,1
ORG00690,Synthetic Supermarket 00690 @ Marché Leo’s,supermarket,PL_N13863858425,Old Toronto,1,1
ORG00691,Synthetic Retail 00691 @ Alexia Von Beck,retail,PL_N1386854884,Old Toronto,1,1
ORG00692,Synthetic Restaurant 00692 @ Poulet Rouge,restaurant,PL_N13869720211,North York,1,1
ORG00693,Synthetic Gym 00693 @ Sweat Private Gym,gym,PL_N13872336623,Old Toronto,1,1
ORG00694,Synthetic Restaurant 00694 @ Mariachi's Mexican Cuisine,restaurant,PL_N1387849976,Old Toronto,1,1
ORG00695,Synthetic Retail 00695 @ JV Hair Salon,retail,PL_N13879149767,Old Toronto,1,1
ORG00696,Synthetic Office 00696 @ StaffLink,office,PL_N13879201819,Old Toronto,1,1
ORG00697,Synthetic Office 00697 @ Aba Employment,office,PL_N13879295575,Old Toronto,1,1
ORG00698,Synthetic Office 00698 @ Finest Security,office,PL_N13879320053,Old Toronto,1,1
ORG00699,Synthetic Office 00699 @ Mangat Law Firm,office,PL_N13879320056,Old Toronto,1,1
ORG00700,Synthetic Office 00700 @ Countax Services Inc.,office,PL_N13879320057,Old Toronto,1,1
ORG00701,Synthetic University 00701 @ Academy of Learning Career College,university,PL_N13879320058,Old Toronto,7,1
ORG00702,Synthetic Office 00702 @ First Aid & CPR,office,PL_N13879355830,Old Toronto,1,1
ORG00703,Synthetic Retail 00703 @ Skin Care,retail,PL_N13879355833,Old Toronto,1,1
ORG00704,Synthetic Retail 00704 @ Attitudes in Hair,retail,PL_N1387972038,North York,1,1
ORG00705,Synthetic Office 00705 @ Urban Studio,office,PL_N1387989092,North York,1,1
ORG00706,Synthetic University 00706 @ Oxford College,university,PL_N13885890639,Old Toronto,5,1
ORG00707,Synthetic Office 00707 @ Oxley Real Estate,office,PL_N13885908649,Old Toronto,1,1
ORG00708,Synthetic Office 00708 @ Royal LePage Real Estate Services,office,PL_N13888033554,Old Toronto,1,1
ORG00709,Synthetic Retail 00709 @ Phone Solutions,retail,PL_N13889982893,Old Toronto,1,1
ORG00710,Synthetic Office 00710 @ Elite Dairy Ltd.,office,PL_N13890081077,Old Toronto,1,1
ORG00711,Synthetic Office 00711 @ CNC Junction Inc.,office,PL_N13890081078,Old Toronto,1,1
ORG00712,Synthetic Retail 00712 @ Factory Direct Kitchens,retail,PL_N13890093467,Old Toronto,1,1
ORG00713,Synthetic Office 00713 @ Circular Partners,office,PL_N13890093469,Old Toronto,1,1
ORG00714,Synthetic Office 00714 @ Family Communications Inc.,office,PL_N13890093470,Old Toronto,2,1
ORG00715,Synthetic Office 00715 @ La Fabrika Inc.,office,PL_N13890093471,Old Toronto,1,1
ORG00716,Synthetic Office 00716 @ Celebrity Products Inc.,office,PL_N13890093482,Old Toronto,1,1
ORG00717,Synthetic Cafe 00717 @ Marry Me Mochi,cafe,PL_N13890102780,Old Toronto,1,1
ORG00718,Synthetic University 00718 @ CIMT College,university,PL_N13890109307,Old Toronto,4,1
ORG00719,Synthetic Office 00719 @ Bonnie Byford Real Estate Ltd.,office,PL_N1389101640,Old Toronto,1,1
ORG00720,Synthetic Retail 00720 @ Friends of Victoria University Book Shop,retail,PL_N13892239967,Old Toronto,1,1
ORG00721,Synthetic Retail 00721 @ Sephora,retail,PL_N13894068499,Old Toronto,1,1
ORG00722,Synthetic Office 00722 @ RioCan Management Office,office,PL_N13894632666,Old Toronto,1,1
ORG00723,Synthetic Gym 00723 @ F45 Training,gym,PL_N13896815239,Old Toronto,1,1
ORG00724,Synthetic Office 00724 @ Bridge to Canada Inc.,office,PL_N13903393212,North York,1,1
ORG00725,Synthetic Retail 00725 @ Pop's Convenience & Grocery,retail,PL_N13908369382,North York,2,1
ORG00726,Synthetic Gym 00726 @ Black Belt World,gym,PL_N13915678374,Old Toronto,1,1
ORG00727,Synthetic Gym 00727 @ Oxygen Yoga – Liberty Village,gym,PL_N13915723225,Old Toronto,1,1
ORG00728,Synthetic Office 00728 @ Luxe Destination Weddings,office,PL_N13915723228,Old Toronto,1,1
ORG00729,Synthetic Gym 00729 @ F45 Training Liberty Village,gym,PL_N13915723230,Old Toronto,1,1
ORG00730,Synthetic Cafe 00730 @ Chatime,cafe,PL_N13915723234,Old Toronto,1,1
ORG00731,Synthetic Office 00731 @ Luminex Molecular Diagnostics,office,PL_N13917883670,Old Toronto,1,1
ORG00732,Synthetic Office 00732 @ St. Patrick’s Church Hall,office,PL_N13917983710,Old Toronto,2,1
ORG00733,Synthetic Office 00733 @ Lawyers Hall,office,PL_N13918007619,Old Toronto,1,1
ORG00734,Synthetic Office 00734 @ LSD,office,PL_N1392078146,Old Toronto,1,1
ORG00735,Synthetic Restaurant 00735 @ Fit For Life,restaurant,PL_N1392100147,Old Toronto,1,1
ORG00736,Synthetic Restaurant 00736 @ 99 Sushi,restaurant,PL_N1392109023,North York,1,1
ORG00737,Synthetic Office 00737 @ Lava,office,PL_N13921205176,North York,1,1
ORG00738,Synthetic Office 00738 @ Thunder Tool & Manufacturing Ltd.,office,PL_N13921249810,North York,1,1
ORG00739,Synthetic Retail 00739 @ World of Weed,retail,PL_N13921299572,Vaughan,1,1
ORG00740,Synthetic Retail 00740 @ Aerolinx Travel,retail,PL_N13921314638,Vaughan,1,1
ORG00741,Synthetic Supermarket 00741 @ Anatolian Fine Foods,supermarket,PL_N13921346833,Vaughan,1,1
ORG00742,Synthetic Office 00742 @ Income Tax,office,PL_N13921355619,Vaughan,1,1
ORG00743,Synthetic Office 00743 @ Viamar Scilla Transport International Inc.,office,PL_N13924323762,Vaughan,1,1
ORG00744,Synthetic Office 00744 @ Network Paralegal Services Immigration M.V.A.C.,office,PL_N13924323767,Vaughan,2,1
ORG00745,Synthetic Retail 00745 @ AJ Barbering,retail,PL_N13924345425,Vaughan,1,1
ORG00746,Synthetic Retail 00746 @ Navi Wireless,retail,PL_N13924356011,Vaughan,1,1
ORG00747,Synthetic Office 00747 @ Transit Spring,office,PL_N13932235637,North York,1,1
ORG00748,Synthetic Retail 00748 @ Mr. Barber Unisex,retail,PL_N13932260738,Vaughan,1,1
ORG00749,Synthetic Retail 00749 @ Cost U Less,retail,PL_N13932514833,North York,1,1
ORG00750,Synthetic Office 00750 @ Rexdale Pro Tech Media Centre,office,PL_N13932530003,Vaughan,2,1
ORG00751,Synthetic University 00751 @ Windsor Career College,university,PL_N13932534615,Vaughan,4,1
ORG00752,Synthetic Office 00752 @ Wood Corp,office,PL_N13932536922,Brampton,1,1
ORG00753,Synthetic Retail 00753 @ Budget Coin Laundry,retail,PL_N13944161395,Old Toronto,1,1
ORG00754,Synthetic Office 00754 @ Seguros Insurance,office,PL_N13944227404,Old Toronto,3,1
ORG00755,Synthetic Restaurant 00755 @ Chat Bar,restaurant,PL_N13944300501,North York,1,1
ORG00756,Synthetic Retail 00756 @ Toy's Collection,retail,PL_N13944300601,North York,1,1
ORG00757,Synthetic University 00757 @ NAB College,university,PL_N13946404588,Brampton,4,1
ORG00758,Synthetic Office 00758 @ S&S Lawyers LLP,office,PL_N13946556412,Brampton,1,1
ORG00759,Synthetic Office 00759 @ CygniSoft,office,PL_N13946558449,Brampton,1,1
ORG00760,Synthetic Office 00760 @ Rexdale Financial,office,PL_N13946560483,Brampton,1,1
ORG00761,Synthetic Office 00761 @ One Stop Justice,office,PL_N13948804380,Old Toronto,1,1
ORG00762,"Synthetic Office 00762 @ Public Choice Realty Inc., Brokerage",office,PL_N13948814503,Old Toronto,1,1
ORG00763,Synthetic Office 00763 @ Darkcity Security,office,PL_N13948814506,Old Toronto,1,1
ORG00764,Synthetic Gym 00764 @ The Clubhouse,gym,PL_N13951116891,Old Toronto,2,1
ORG00765,Synthetic Office 00765 @ Maximum Security Inc.,office,PL_N13951143178,Old Toronto,1,1
ORG00766,Synthetic Office 00766 @ Greek Television & Radio Stations,office,PL_N13951193828,Old Toronto,1,1
ORG00767,Synthetic Gym 00767 @ Riverdale Flip & Tumble,gym,PL_N13951193831,Old Toronto,1,1
ORG00768,Synthetic Restaurant 00768 @ Lumi Shawarma Bar / Satori Sandwich Bar,restaurant,PL_N13951193832,Old Toronto,1,1
ORG00769,Synthetic University 00769 @ Ontario College of Homeopathic Medicine,university,PL_N13951193852,Old Toronto,6,1
ORG00770,Synthetic Office 00770 @ Toronto Counselling Centre for Teens,office,PL_N13953080605,Old Toronto,1,1
ORG00771,Synthetic Office 00771 @ Mortgage Alliance Performance Group,office,PL_N13953218678,Old Toronto,1,1
ORG00772,Synthetic Retail 00772 @ HuaLi Foot Town,retail,PL_N13955798990,Old Toronto,1,1
ORG00773,Synthetic Retail 00773 @ Smart Dealz Liquidation Centre,retail,PL_N13958416922,Old Toronto,1,1
ORG00774,Synthetic Office 00774 @ Voilà by Sobeys,office,PL_N13962631450,Old Toronto,1,1
ORG00775,Synthetic Restaurant 00775 @ Viaggio,restaurant,PL_N13962894528,Old Toronto,1,1
ORG00776,Synthetic Supermarket 00776 @ Olive Oil Emporium,supermarket,PL_N1396611494,Old Toronto,1,1
ORG00777,Synthetic Restaurant 00777 @ Stefano’s,restaurant,PL_N13970706105,Old Toronto,1,1
ORG00778,Synthetic Gym 00778 @ Body Positive Fitness,gym,PL_N13971311566,Old Toronto,1,1
ORG00779,Synthetic Retail 00779 @ Kiên Giang,retail,PL_N13971311578,Old Toronto,1,1
ORG00780,Synthetic Office 00780 @ Brasil Remittance,office,PL_N13971311580,Old Toronto,1,1
ORG00781,Synthetic Office 00781 @ Fifty Seven Brock,office,PL_N13971311584,Old Toronto,1,1
ORG00782,Synthetic Retail 00782 @ Tai Tai Imports Trade Co.,retail,PL_N13971404737,Old Toronto,1,1
ORG00783,Synthetic Office 00783 @ Income Tax,office,PL_N13971407110,Old Toronto,3,1
ORG00784,Synthetic Retail 00784 @ Headcandy,retail,PL_N13973198333,Old Toronto,1,1
ORG00785,Synthetic Office 00785 @ Diamond Plus Accounting Solutions Inc. Accounting & Tax,office,PL_N13976324239,Old Toronto,1,1
ORG00786,Synthetic Retail 00786 @ Belview Travel Inc.,retail,PL_N13976324248,Old Toronto,1,1
ORG00787,Synthetic Restaurant 00787 @ E. L. Ruddy,restaurant,PL_N13990904648,Old Toronto,1,1
ORG00788,Synthetic Cafe 00788 @ Nossa Casa Sports Cafe,cafe,PL_N13990904652,Old Toronto,1,1
ORG00789,Synthetic Supermarket 00789 @ Patel Supermart,supermarket,PL_N13993866465,Old Toronto,1,1
ORG00790,Synthetic Cafe 00790 @ Bodega by City Cottage,cafe,PL_N13996095201,Scarborough,1,1
ORG00791,Synthetic Restaurant 00791 @ Soos,restaurant,PL_N14000002801,Old Toronto,1,1
ORG00792,Synthetic Cafe 00792 @ Black Oak Cafe,cafe,PL_N14007226985,Old Toronto,1,1
ORG00793,Synthetic Office 00793 @ Mutlimatic Technologies Group,office,PL_N14008778196,Markham,1,1
ORG00794,Synthetic Restaurant 00794 @ Fancy Chinese Cuisine,restaurant,PL_N14015752968,Markham,1,1
ORG00795,Synthetic Office 00795 @ Tangerine Head Office,office,PL_N14020001312,Markham,4,1
ORG00796,Synthetic Retail 00796 @ OSM retail N14027227866,retail,PL_N14027227866,Old Toronto,1,1
ORG00797,Synthetic Office 00797 @ Equip All,office,PL_N14029874771,Old Toronto,1,1
ORG00798,Synthetic Office 00798 @ CQ Search Group,office,PL_N14029887157,Old Toronto,1,1
ORG00799,Synthetic Retail 00799 @ Mega Glow Beauty,retail,PL_N14030389951,Richmond Hill,1,1
ORG00800,Synthetic Restaurant 00800 @ Paris Texas,restaurant,PL_N14032303202,Old Toronto,1,1
ORG00801,Synthetic Gym 00801 @ Solis Movement,gym,PL_N14035526622,Old Toronto,1,1
ORG00802,Synthetic Office 00802 @ Ferris Real Estate Inc.,office,PL_N14036160054,Old Toronto,1,1
ORG00803,Synthetic Office 00803 @ Motevalli Law Group,office,PL_N14039023042,Old Toronto,1,1
ORG00804,Synthetic Restaurant 00804 @ Dear Saigon,restaurant,PL_N14040757537,Richmond Hill,1,1
ORG00805,Synthetic Retail 00805 @ Cindy's Flowers,retail,PL_N14040990114,Old Toronto,1,1
ORG00806,Synthetic Cafe 00806 @ Marry Me Mochi,cafe,PL_N14047499906,Old Toronto,1,1
ORG00807,Synthetic Retail 00807 @ Villa Kitchens & Fine Cabinetry,retail,PL_N14049964869,Vaughan,1,1
ORG00808,Synthetic Office 00808 @ Stahls,office,PL_N14049964870,Vaughan,1,1
ORG00809,Synthetic Retail 00809 @ Electrical Supply Wholesale,retail,PL_N14049977718,Vaughan,1,1
ORG00810,Synthetic Office 00810 @ Terra Freska Produce,office,PL_N14052363268,Old Toronto,1,1
ORG00811,Synthetic Office 00811 @ Evington Executive Office Suites,office,PL_N14052380891,Old Toronto,1,1
ORG00812,Synthetic Office 00812 @ West Way Club,office,PL_N14052403172,Old Toronto,2,1
ORG00813,Synthetic Office 00813 @ Tony Nolasco,office,PL_N14052434879,Old Toronto,2,1
ORG00814,Synthetic Retail 00814 @ Maguire,retail,PL_N14057070403,Old Toronto,1,1
ORG00815,Synthetic Office 00815 @ All Debt Solutions Inc.,office,PL_N14062529766,Old Toronto,1,1
ORG00816,Synthetic Office 00816 @ Ahmed Group,office,PL_N14067134263,Old Toronto,2,1
ORG00817,Synthetic Retail 00817 @ Euro Fashion Beauty Salon,retail,PL_N14067216775,Old Toronto,1,1
ORG00818,Synthetic Retail 00818 @ The Floor Shop,retail,PL_N14067219706,Old Toronto,1,1
ORG00819,Synthetic Office 00819 @ Parish Office,office,PL_N14067313670,Old Toronto,1,1
ORG00820,Synthetic Office 00820 @ MoneyBroker Canada,office,PL_N14071231621,Markham,1,1
ORG00821,Synthetic Hotel 00821 @ The Annex Hotel,hotel,PL_N14077049219,Old Toronto,2,1
ORG00822,Synthetic Hotel 00822 @ Hotel Riu Plaza Toronto,hotel,PL_N14077873815,Old Toronto,1,1
ORG00823,Synthetic Retail 00823 @ Yes Again Bins,retail,PL_N1408011788,Old Toronto,1,1
ORG00824,Synthetic Office 00824 @ Lakeview Family Law,office,PL_N14083647110,Old Toronto,1,1
ORG00825,Synthetic Office 00825 @ Greenstone Meats,office,PL_N14084028893,Old Toronto,1,1
ORG00826,Synthetic Office 00826 @ Harrington McAvan Ltd,office,PL_N14085372607,Markham,1,1
ORG00827,Synthetic Restaurant 00827 @ University Food Court,restaurant,PL_N1409150868,Old Toronto,1,1
ORG00828,Synthetic Retail 00828 @ Vape Ocean,retail,PL_N1409152459,Old Toronto,1,1
ORG00829,Synthetic Cafe 00829 @ Tiny Tom Donuts,cafe,PL_N14100912622,Vaughan,1,1
ORG00830,Synthetic Office 00830 @ Denham Corp.,office,PL_N14104254506,Old Toronto,1,1
ORG00831,Synthetic Office 00831 @ Tyndall Nursing Home,office,PL_N14104254507,Old Toronto,1,1
ORG00832,Synthetic Office 00832 @ Mike Filice Woodwind Repairs,office,PL_N14104254508,Old Toronto,1,1
ORG00833,Synthetic Office 00833 @ Aculosophy,office,PL_N14104254511,Old Toronto,1,1
ORG00834,Synthetic Office 00834 @ Dhaliwal & Dhaliwal LLB,office,PL_N14104268002,Old Toronto,1,1
ORG00835,Synthetic Cafe 00835 @ FK Dulce Bakery,cafe,PL_N14104335269,North York,1,1
ORG00836,Synthetic Cafe 00836 @ CAFE GIGI,cafe,PL_N14112280701,Old Toronto,1,1
ORG00837,Synthetic Cafe 00837 @ Donut Counter,cafe,PL_N14116345451,North York,2,1
ORG00838,Synthetic Retail 00838 @ Travel Gate,retail,PL_N1412630538,Old Toronto,1,1
ORG00839,Synthetic Supermarket 00839 @ Coppa's Fresh Market,supermarket,PL_N1421538657,North York,1,1
ORG00840,Synthetic Hotel 00840 @ Homewood Suites Toronto Airport Corporate Centre,hotel,PL_N1434204141,Brampton,1,1
ORG00841,Synthetic Retail 00841 @ Friends Hair Salon,retail,PL_N1444977125,North York,1,1
ORG00842,Synthetic Retail 00842 @ MT Systems,retail,PL_N1444979737,North York,1,1
ORG00843,Synthetic Restaurant 00843 @ Azure Restaurant & Bar,restaurant,PL_N1445999202,Old Toronto,1,1
ORG00844,Synthetic Retail 00844 @ Scarpino,retail,PL_N1458108002,Old Toronto,1,1
ORG00845,Synthetic Restaurant 00845 @ chako,restaurant,PL_N1459314504,Markham,1,1
ORG00846,Synthetic Retail 00846 @ former Wexford Restaurant,retail,PL_N1477385481,Scarborough,1,1
ORG00847,Synthetic Cafe 00847 @ Young Cafe,cafe,PL_N1512234067,Old Toronto,1,1
ORG00848,Synthetic University 00848 @ Canadore College - Stanford Mississauga Campus,university,PL_N1515959209,Brampton,7,1
ORG00849,Synthetic Restaurant 00849 @ Peter's on Eglinton Restaurant & Deli,restaurant,PL_N1515960448,Brampton,1,1
ORG00850,Synthetic University 00850 @ Humber Fashion Institute,university,PL_N1518532024,Old Toronto,6,1
ORG00851,Synthetic Restaurant 00851 @ Vietnam Noodle Star,restaurant,PL_N1566762984,Scarborough,1,1
ORG00852,Synthetic Office 00852 @ Royal LePage,office,PL_N1613901554,North York,1,1
ORG00853,Synthetic Restaurant 00853 @ Stanfield Family Restaurant,restaurant,PL_N1615869035,Old Toronto,1,1
ORG00854,Synthetic Cafe 00854 @ Tim Hortons,cafe,PL_N1629211380,Old Toronto,1,1
ORG00855,Synthetic Office 00855 @ Hostopia,office,PL_N1654356008,Brampton,1,1
ORG00856,Synthetic Restaurant 00856 @ Subway,restaurant,PL_N1685297584,Old Toronto,1,1
ORG00857,Synthetic Cafe 00857 @ Tim Hortons,cafe,PL_N1696929321,Markham,1,1
ORG00858,Synthetic Supermarket 00858 @ 大統華 T&T Supermarket,supermarket,PL_N1727149580,Markham,1,1
ORG00859,Synthetic Cafe 00859 @ Mercury Espresso,cafe,PL_N1733861962,Old Toronto,1,1
ORG00860,Synthetic Restaurant 00860 @ Starving Artist Waffles & Espresso,restaurant,PL_N1735459985,Old Toronto,1,1
ORG00861,Synthetic Gym 00861 @ Ferris 360,gym,PL_N1736786067,Old Toronto,1,1
ORG00862,Synthetic Retail 00862 @ Mister Safety Shoes,retail,PL_N1749586919,Scarborough,1,1
ORG00863,Synthetic Retail 00863 @ WaterMart,retail,PL_N1755468385,Richmond Hill,1,1
ORG00864,Synthetic Office 00864 @ MasterCard Canada,office,PL_N1762212797,Old Toronto,1,1
ORG00865,Synthetic Cafe 00865 @ Rachel's Coffee House,cafe,PL_N1780461013,Old Toronto,1,1
ORG00866,Synthetic Gym 00866 @ Anytime Fitness,gym,PL_N1839394524,North York,1,1
ORG00867,Synthetic Office 00867 @ All Year Taxation,office,PL_N1840733247,Old Toronto,1,1
ORG00868,Synthetic Cafe 00868 @ Starbucks,cafe,PL_N1854311801,Old Toronto,3,1
ORG00869,Synthetic Restaurant 00869 @ Scaddabush,restaurant,PL_N1859441255,Old Toronto,1,1
ORG00870,Synthetic Hotel 00870 @ Ivy Motel,hotel,PL_N1861907275,Old Toronto,1,1
ORG00871,Synthetic Restaurant 00871 @ Al Mustafa,restaurant,PL_N1863209218,Old Toronto,1,1
ORG00872,Synthetic Cafe 00872 @ Tim Hortons,cafe,PL_N1869495983,Brampton,1,1
ORG00873,Synthetic Restaurant 00873 @ Zula Wood Fired Pizza & Gourmet Burger,restaurant,PL_N1883210304,Old Toronto,1,1
ORG00874,Synthetic Hotel 00874 @ Super 5 Inn,hotel,PL_N1883294985,Old Toronto,1,1
ORG00875,Synthetic Restaurant 00875 @ Pulcinella Ristorante Italiano,restaurant,PL_N1885286964,Old Toronto,1,1
ORG00876,Synthetic Retail 00876 @ Pet Valu,retail,PL_N1885436866,Old Toronto,1,1
ORG00877,Synthetic Retail 00877 @ Dollar Way,retail,PL_N1885436878,Old Toronto,1,1
ORG00878,Synthetic Retail 00878 @ Faulkner’s Home Appliances,retail,PL_N1885527593,Old Toronto,1,1
ORG00879,Synthetic Retail 00879 @ Royal York Flowers,retail,PL_N1886020808,Old Toronto,1,1
ORG00880,Synthetic Retail 00880 @ XL Laundromat & Dry Cleaners,retail,PL_N1886065725,Old Toronto,1,1
ORG00881,Synthetic Retail 00881 @ Paris Baguette,retail,PL_N1887536050,Old Toronto,1,1
ORG00882,Synthetic Retail 00882 @ Krisp & Clean Cleaners,retail,PL_N1906215916,Old Toronto,1,1
ORG00883,Synthetic Retail 00883 @ Down 2 Earth Garden Centre,retail,PL_N1907034160,Old Toronto,1,1
ORG00884,Synthetic Retail 00884 @ Mobile Tech,retail,PL_N1907123243,Old Toronto,1,1
ORG00885,Synthetic University 00885 @ Canadian Institude of Floral Design,university,PL_N1907123254,Old Toronto,2,1
ORG00886,Synthetic Office 00886 @ CAW TCA Canada Local 252,office,PL_N1907558541,Brampton,1,1
ORG00887,Synthetic Cafe 00887 @ Tim Hortons,cafe,PL_N1907752621,Old Toronto,1,1
ORG00888,Synthetic Restaurant 00888 @ Trini Gardens Restaurant,restaurant,PL_N1911554886,Old Toronto,1,1
ORG00889,Synthetic Restaurant 00889 @ Gino's Pizza,restaurant,PL_N1911554891,Old Toronto,1,1
ORG00890,Synthetic Retail 00890 @ Daisy Mart,retail,PL_N1946343376,North York,1,1
ORG00891,Synthetic Supermarket 00891 @ Longo's,supermarket,PL_N1948589745,Old Toronto,1,1
ORG00892,Synthetic Cafe 00892 @ Fairgrounds Coffee,cafe,PL_N1975920691,Old Toronto,1,1
ORG00893,Synthetic Office 00893 @ Equiton Developments Presentation Centre,office,PL_N1995434979,Old Toronto,1,1
ORG00894,Synthetic Retail 00894 @ Jen Envoy Makeup Studio,retail,PL_N1995435010,Old Toronto,1,1
ORG00895,Synthetic Cafe 00895 @ Buno Giorno Caffe & Panini,cafe,PL_N1995539438,Old Toronto,1,1
ORG00896,Synthetic Cafe 00896 @ Plaza Cafe,cafe,PL_N1995567787,Old Toronto,1,1
ORG00897,Synthetic Retail 00897 @ Garage,retail,PL_N2018986274,North York,1,1
ORG00898,Synthetic Retail 00898 @ Tbooth Wireless,retail,PL_N2018989007,North York,1,1
ORG00899,Synthetic Cafe 00899 @ Starbucks,cafe,PL_N2021668241,Old Toronto,1,1
ORG00900,Synthetic Office 00900 @ Jayeoba Accounting,office,PL_N2029421093,North York,1,1
ORG00901,"Synthetic Office 00901 @ Joe Oliver, M.P.",office,PL_N2049981455,North York,1,1
ORG00902,Synthetic Office 00902 @ Language Studies Canada,office,PL_N2065683567,Old Toronto,1,1
ORG00903,Synthetic Restaurant 00903 @ Impact,restaurant,PL_N2072269680,Old Toronto,1,1
ORG00904,Synthetic Retail 00904 @ Laura Secord,retail,PL_N2077031200,Brampton,1,1
ORG00905,Synthetic Restaurant 00905 @ Spring China House,restaurant,PL_N2080735765,Old Toronto,1,1
ORG00906,Synthetic Restaurant 00906 @ Pizza Nova,restaurant,PL_N209247596,Old Toronto,1,1
ORG00907,Synthetic Office 00907 @ CJ Health Care College,office,PL_N2111296668,Old Toronto,1,1
ORG00908,Synthetic Retail 00908 @ Bell,retail,PL_N2117820215,Vaughan,1,1
ORG00909,Synthetic Supermarket 00909 @ Bulk Barn,supermarket,PL_N2132778188,Old Toronto,2,1
ORG00910,Synthetic Retail 00910 @ OSM retail N2135535932,retail,PL_N2135535932,Old Toronto,1,1
ORG00911,Synthetic Gym 00911 @ Spinco,gym,PL_N2138426174,Old Toronto,2,1
ORG00912,Synthetic Gym 00912 @ Yogatree,gym,PL_N2138426284,Old Toronto,1,1
ORG00913,Synthetic Supermarket 00913 @ Galleria The Kitchen Express,supermarket,PL_N214312005,Old Toronto,2,1
ORG00914,Synthetic Retail 00914 @ Equinoxe Hair,retail,PL_N2143160791,Old Toronto,1,1
ORG00915,Synthetic Hotel 00915 @ The Old Mill,hotel,PL_N2143378412,Old Toronto,2,1
ORG00916,Synthetic Restaurant 00916 @ Paik's Noodle,restaurant,PL_N2146960322,North York,1,1
ORG00917,Synthetic Retail 00917 @ Lakeview Food Mart,retail,PL_N2152544171,Old Toronto,1,1
ORG00918,Synthetic Office 00918 @ Concord in the City,office,PL_N2153230504,Old Toronto,2,1
ORG00919,Synthetic Retail 00919 @ CakeStar,retail,PL_N2153230505,Old Toronto,1,1
ORG00920,Synthetic Office 00920 @ Lakeshore Accounting Service,office,PL_N2153230510,Old Toronto,1,1
ORG00921,Synthetic Retail 00921 @ Salon Karin,retail,PL_N2153230527,Old Toronto,1,1
ORG00922,Synthetic Retail 00922 @ CleanZone Family Cleaners,retail,PL_N2153426039,Old Toronto,1,1
ORG00923,Synthetic Cafe 00923 @ Unholy Donuts,cafe,PL_N2153426073,Old Toronto,1,1
ORG00924,Synthetic Office 00924 @ Law Offices of Campese & Wuebbolt,office,PL_N2153426075,Old Toronto,1,1
ORG00925,Synthetic Office 00925 @ Amnesty International,office,PL_N2158052267,Old Toronto,1,1
ORG00926,Synthetic Cafe 00926 @ Bobo Tea & Juice,cafe,PL_N2158114886,Old Toronto,1,1
ORG00927,Synthetic Office 00927 @ Porritt Real Estate,office,PL_N2158114974,Old Toronto,1,1
ORG00928,Synthetic Retail 00928 @ His Handy Store,retail,PL_N2158165786,Old Toronto,1,1
ORG00929,Synthetic Retail 00929 @ Popular Variety,retail,PL_N2158526657,Old Toronto,1,1
ORG00930,Synthetic Office 00930 @ McGlynn & Sparrow Insurance Brokers,office,PL_N2159450928,Old Toronto,1,1
ORG00931,Synthetic Gym 00931 @ Raw Fitness,gym,PL_N2159450932,Old Toronto,3,1
ORG00932,Synthetic Office 00932 @ Pharma Docs,office,PL_N2159450935,Old Toronto,1,1
ORG00933,Synthetic Office 00933 @ NXT Deseign,office,PL_N2159618452,Old Toronto,1,1
ORG00934,Synthetic Office 00934 @ Canadian Polish Congress,office,PL_N2159618518,Old Toronto,1,1
ORG00935,Synthetic Retail 00935 @ Flying Wheels,retail,PL_N2172196185,Old Toronto,1,1
ORG00936,"Synthetic Office 00936 @ Hogg, Shain & Scheck",office,PL_N2178132364,North York,1,1
ORG00937,Synthetic Office 00937 @ Triton Sails,office,PL_N2188781411,Old Toronto,1,1
ORG00938,Synthetic Office 00938 @ Chantler Packaging Inc.,office,PL_N2188781423,Old Toronto,1,1
ORG00939,Synthetic Cafe 00939 @ Tim Hortons,cafe,PL_N2202202200,Brampton,1,1
ORG00940,Synthetic Retail 00940 @ Cash Money,retail,PL_N2215446641,Brampton,1,1
ORG00941,Synthetic Restaurant 00941 @ Chunky Chicken,restaurant,PL_N2219998305,Old Toronto,1,1
ORG00942,Synthetic Gym 00942 @ Fit4Less,gym,PL_N2243470931,Scarborough,1,1
ORG00943,Synthetic Hotel 00943 @ Urban Living Suites,hotel,PL_N2271819307,Old Toronto,1,1
ORG00944,Synthetic Office 00944 @ Metrolinx,office,PL_N2281014516,Old Toronto,1,1
ORG00945,Synthetic Retail 00945 @ Racer Sportif,retail,PL_N2288216731,Old Toronto,1,1
ORG00946,Synthetic Retail 00946 @ Silkco Decorative Persian & Oriental Rugs,retail,PL_N2288606537,Old Toronto,1,1
ORG00947,Synthetic Retail 00947 @ Monarch Paints & Wallpaper,retail,PL_N2288606541,Old Toronto,1,1
ORG00948,Synthetic Gym 00948 @ Fitness Connection,gym,PL_N2291457224,North York,1,1
ORG00949,Synthetic Office 00949 @ General Synod of the Anglican Church of Canada,office,PL_N2294991326,Old Toronto,1,1
ORG00950,Synthetic Retail 00950 @ Spin Me a Yarn,retail,PL_N2296069357,Old Toronto,1,1
ORG00951,Synthetic Cafe 00951 @ The Big Guy's Little Coffee Shop,cafe,PL_N2296069358,Old Toronto,1,1
ORG00952,Synthetic Restaurant 00952 @ Kyo Sushi,restaurant,PL_N2296069366,Old Toronto,1,1
ORG00953,Synthetic Gym 00953 @ Pole Inc,gym,PL_N2298309446,Old Toronto,1,1
ORG00954,Synthetic Retail 00954 @ Ann's Coin Laundry,retail,PL_N2328592703,Old Toronto,1,1
ORG00955,Synthetic University 00955 @ Centre for Urban Energy,university,PL_N2332330690,Old Toronto,5,1
ORG00956,Synthetic Office 00956 @ Liaison College of Culinary Arts,office,PL_N2342895437,Old Toronto,1,1
ORG00957,Synthetic Cafe 00957 @ Gigli Caffe,cafe,PL_N2342899751,Old Toronto,1,1
ORG00958,Synthetic Office 00958 @ Support For Lesbians & Gays,office,PL_N2344844672,Old Toronto,1,1
ORG00959,Synthetic Office 00959 @ United Church Headquarters,office,PL_N2345716370,Old Toronto,1,1
ORG00960,Synthetic Retail 00960 @ Neighbours,retail,PL_N2346786893,North York,1,1
ORG00961,Synthetic Cafe 00961 @ 天仁茶業 TenRen's Tea Time,cafe,PL_N2346818597,Markham,1,1
ORG00962,Synthetic Gym 00962 @ Wonderful World of Circus,gym,PL_N2356731091,Markham,1,1
ORG00963,Synthetic Office 00963 @ CityPlus,office,PL_N2356774418,Markham,1,1
ORG00964,Synthetic Cafe 00964 @ Second Cup,cafe,PL_N2365100289,Old Toronto,1,1
ORG00965,Synthetic Restaurant 00965 @ Booster Juice,restaurant,PL_N2365100290,Old Toronto,1,1
ORG00966,Synthetic Supermarket 00966 @ Fresh Value,supermarket,PL_N2366714885,North York,1,1
ORG00967,Synthetic Gym 00967 @ GoodLife Fitness,gym,PL_N2369203422,Markham,1,1
ORG00968,Synthetic University 00968 @ Kollel Avreichim,university,PL_N2375249754,North York,9,1
ORG00969,Synthetic Cafe 00969 @ Morning Parade Coffee Bar,cafe,PL_N2392212248,Old Toronto,1,1
ORG00970,Synthetic Retail 00970 @ Sephora,retail,PL_N2398841892,Old Toronto,1,1
ORG00971,Synthetic Gym 00971 @ Paintball City,gym,PL_N2398945285,North York,1,1
ORG00972,Synthetic Retail 00972 @ Healthy Moms Market,retail,PL_N2405765141,Old Toronto,1,1
ORG00973,Synthetic Retail 00973 @ HearingLife,retail,PL_N2405823219,Old Toronto,1,1
ORG00974,Synthetic Restaurant 00974 @ Osmow's,restaurant,PL_N2405832057,Old Toronto,1,1
ORG00975,Synthetic Cafe 00975 @ Coffee Tree Roastery,cafe,PL_N2405832059,Old Toronto,1,1
ORG00976,Synthetic Office 00976 @ TIgroup,office,PL_N2439628503,Old Toronto,1,1
ORG00977,Synthetic Retail 00977 @ 7-Eleven,retail,PL_N244885891,Old Toronto,1,1
ORG00978,Synthetic Office 00978 @ Ontario College of Teachers,office,PL_N2457605965,Old Toronto,1,1
ORG00979,Synthetic Restaurant 00979 @ Nando's,restaurant,PL_N2457631323,Old Toronto,1,1
ORG00980,Synthetic Restaurant 00980 @ Thaï Express,restaurant,PL_N2458802112,Old Toronto,1,1
ORG00981,Synthetic Retail 00981 @ Tokyo Smoke,retail,PL_N246694072,Old Toronto,1,1
ORG00982,Synthetic Cafe 00982 @ Presse Café,cafe,PL_N2478463555,Old Toronto,1,1
ORG00983,Synthetic Cafe 00983 @ Starbucks,cafe,PL_N2480713505,Old Toronto,1,1
ORG00984,Synthetic Office 00984 @ Three 60 Legal,office,PL_N2482519937,Old Toronto,1,1
ORG00985,Synthetic Cafe 00985 @ Zaza Espresso Bar,cafe,PL_N2482519941,Old Toronto,1,1
ORG00986,Synthetic Office 00986 @ Ipsos Reid,office,PL_N2495291180,Old Toronto,1,1
ORG00987,Synthetic Retail 00987 @ Lindt Warehouse Outlet Boutique,retail,PL_N2501228122,Brampton,1,1
ORG00988,Synthetic Restaurant 00988 @ Pita Land,restaurant,PL_N2511713490,Old Toronto,1,1
ORG00989,Synthetic Retail 00989 @ Hakim Optical,retail,PL_N2532915769,Old Toronto,1,1
ORG00990,Synthetic Restaurant 00990 @ Pizzaville,restaurant,PL_N2533923209,Old Toronto,1,1
ORG00991,Synthetic Gym 00991 @ I Love Kickboxing,gym,PL_N2534750310,Old Toronto,1,1
ORG00992,Synthetic Office 00992 @ Delta Staffing Services,office,PL_N2540833395,Vaughan,1,1
ORG00993,Synthetic Retail 00993 @ IKEA Swedish Food Market,retail,PL_N2547436272,North York,1,1
ORG00994,Synthetic Office 00994 @ Bryce & Brown Accounting Services,office,PL_N2548856098,Old Toronto,1,1
ORG00995,Synthetic Restaurant 00995 @ South Street Burger,restaurant,PL_N2557488468,Old Toronto,1,1
ORG00996,Synthetic Gym 00996 @ LA Fitness,gym,PL_N2557732279,Scarborough,1,1
ORG00997,Synthetic Restaurant 00997 @ Pinata Tacos,restaurant,PL_N2558957620,Old Toronto,1,1
ORG00998,Synthetic Retail 00998 @ Sun Milk,retail,PL_N2558957630,Old Toronto,1,1
ORG00999,Synthetic Cafe 00999 @ Aroma Espresso Bar,cafe,PL_N2563167755,Old Toronto,1,1
ORG01000,Synthetic Cafe 01000 @ Hello Coffee,cafe,PL_N2563174395,Old Toronto,1,1
ORG01001,Synthetic Supermarket 01001 @ Danforth Food Market,supermarket,PL_N2564794500,Old Toronto,1,1
ORG01002,Synthetic Retail 01002 @ Phil's Shoe Service,retail,PL_N2566868009,Old Toronto,1,1
ORG01003,Synthetic Office 01003 @ rm2,office,PL_N2584379642,Old Toronto,1,1
ORG01004,Synthetic Cafe 01004 @ The One in the Only,cafe,PL_N2603690238,Old Toronto,1,1
ORG01005,Synthetic Office 01005 @ Dayco,office,PL_N2603959631,Vaughan,1,1
ORG01006,Synthetic Office 01006 @ Ricoh,office,PL_N2603959632,Vaughan,1,1
ORG01007,Synthetic Office 01007 @ Gen Academy,office,PL_N2604007255,North York,1,1
ORG01008,Synthetic Retail 01008 @ HomeSense,retail,PL_N2607408279,Vaughan,1,1
ORG01009,Synthetic Restaurant 01009 @ Fusaro's Kitchen,restaurant,PL_N2611063039,Old Toronto,1,1
ORG01010,Synthetic Gym 01010 @ Joe Rockhead's Indoor Rock Climbing,gym,PL_N2611288831,Old Toronto,1,1
ORG01011,Synthetic Retail 01011 @ The UPS Store,retail,PL_N2620431714,North York,1,1
ORG01012,Synthetic Gym 01012 @ Equinox,gym,PL_N2620440318,Old Toronto,1,1
ORG01013,Synthetic Retail 01013 @ Doggy Styles Pet Services,retail,PL_N2625364677,Old Toronto,1,1
ORG01014,Synthetic Cafe 01014 @ St. Lawrence Cafe,cafe,PL_N2626366235,Old Toronto,1,1
ORG01015,Synthetic Cafe 01015 @ Tim Hortons,cafe,PL_N2650564456,Brampton,1,1
ORG01016,Synthetic Supermarket 01016 @ Rabba,supermarket,PL_N267315345,Old Toronto,1,1
ORG01017,Synthetic Cafe 01017 @ Tim Hortons,cafe,PL_N2674074228,Old Toronto,1,1
ORG01018,Synthetic Retail 01018 @ OSM retail N2674076492,retail,PL_N2674076492,Old Toronto,1,1
ORG01019,Synthetic Office 01019 @ Cisco Canada,office,PL_N2674096395,Old Toronto,1,1
ORG01020,Synthetic Gym 01020 @ Sivananda Yoga Vedanta Centre,gym,PL_N2679686788,Old Toronto,1,1
ORG01021,Synthetic Retail 01021 @ Topcuts,retail,PL_N2679687310,Old Toronto,1,1
ORG01022,Synthetic Office 01022 @ Torys LLP,office,PL_N2681569043,Old Toronto,1,1
ORG01023,Synthetic University 01023 @ Collège Boréal - Toronto Campus,university,PL_N2681580824,Old Toronto,9,1
ORG01024,Synthetic Office 01024 @ Living Realty Inc. Brokerage,office,PL_N2682257989,Markham,1,1
ORG01025,Synthetic Office 01025 @ Centerpoint Language & Skills,office,PL_N2697056044,North York,1,1
ORG01026,Synthetic Office 01026 @ Bass & Murphy Chartered Accountants,office,PL_N2699981042,Scarborough,1,1
ORG01027,Synthetic Supermarket 01027 @ Savours Fresh Market,supermarket,PL_N2704255396,North York,1,1
ORG01028,Synthetic Office 01028 @ 1920 Yonge Street,office,PL_N2704263721,Old Toronto,2,1
ORG01029,Synthetic Office 01029 @ Liquid Capital,office,PL_N2704939079,North York,1,1
ORG01030,Synthetic Office 01030 @ Toronto Public Health,office,PL_N2711767746,Old Toronto,1,1
ORG01031,Synthetic Retail 01031 @ Canlube,retail,PL_N2711784528,Old Toronto,1,1
ORG01032,Synthetic Retail 01032 @ Knar Jewellery,retail,PL_N2748427540,Old Toronto,1,1
ORG01033,Synthetic Retail 01033 @ DAC Group,retail,PL_N2749820503,North York,1,1
ORG01034,Synthetic Cafe 01034 @ Mofer Coffee Front St,cafe,PL_N276474692,Old Toronto,1,1
ORG01035,Synthetic Retail 01035 @ Sammon Grocery,retail,PL_N277040121,Old Toronto,1,1
ORG01036,Synthetic Restaurant 01036 @ Jade Dim Sum,restaurant,PL_N2779416781,Old Toronto,1,1
ORG01037,Synthetic Restaurant 01037 @ Pizza Nova,restaurant,PL_N278103210,Old Toronto,1,1
ORG01038,Synthetic Retail 01038 @ Pet Valu,retail,PL_N279426852,Old Toronto,1,1
ORG01039,Synthetic Cafe 01039 @ Ten Ren's Tea,cafe,PL_N2796393869,Old Toronto,1,1
ORG01040,Synthetic Retail 01040 @ Sketchley Cleaners,retail,PL_N2801513934,Old Toronto,1,1
ORG01041,Synthetic Restaurant 01041 @ Domino's,restaurant,PL_N2806099821,Old Toronto,1,1
ORG01042,Synthetic Restaurant 01042 @ Grancardo,restaurant,PL_N2807162821,Old Toronto,1,1
ORG01043,Synthetic Cafe 01043 @ Fruiteao,cafe,PL_N2808873203,Old Toronto,1,1
ORG01044,Synthetic Cafe 01044 @ Tim Hortons,cafe,PL_N280889469,Old Toronto,1,1
ORG01045,Synthetic Office 01045 @ Workplace One,office,PL_N2810401045,Old Toronto,1,1
ORG01046,Synthetic Supermarket 01046 @ Food Basics,supermarket,PL_N281361239,Old Toronto,1,1
ORG01047,Synthetic Supermarket 01047 @ Jarvis Market,supermarket,PL_N281361734,Old Toronto,1,1
ORG01048,Synthetic Restaurant 01048 @ Yummi Café Laundromat,restaurant,PL_N2814031202,Old Toronto,1,1
ORG01049,Synthetic Cafe 01049 @ Tim Hortons,cafe,PL_N2816057538,Old Toronto,1,1
ORG01050,Synthetic Office 01050 @ Housing Connections,office,PL_N2816061853,Old Toronto,1,1
ORG01051,Synthetic Cafe 01051 @ Tim Hortons,cafe,PL_N281664356,Old Toronto,1,1
ORG01052,Synthetic Cafe 01052 @ Tim Hortons,cafe,PL_N281668247,Old Toronto,1,1
ORG01053,Synthetic Restaurant 01053 @ Hemispheres Restaurant Bistro,restaurant,PL_N281671513,Old Toronto,1,1
ORG01054,Synthetic Cafe 01054 @ Second Cup,cafe,PL_N2826872560,Old Toronto,1,1
ORG01055,Synthetic Office 01055 @ Ubisoft Toronto,office,PL_N2832358702,Old Toronto,1,1
ORG01056,Synthetic Retail 01056 @ Lucky Hair Salon,retail,PL_N2833168672,Old Toronto,1,1
ORG01057,Synthetic Supermarket 01057 @ BJ Supermarket,supermarket,PL_N2833168699,Old Toronto,1,1
ORG01058,Synthetic Gym 01058 @ Ultimate Athletics,gym,PL_N2835994760,Old Toronto,1,1
ORG01059,Synthetic Retail 01059 @ Gap Factory Store,retail,PL_N2840262701,Scarborough,1,1
ORG01060,Synthetic Restaurant 01060 @ Spice Club Indian & Hakka Cuisine,restaurant,PL_N2840298201,Scarborough,1,1
ORG01061,Synthetic Office 01061 @ Air Liquide,office,PL_N2844172259,Brampton,1,1
ORG01062,Synthetic Retail 01062 @ Kisense Door & Trim,retail,PL_N2849238543,Old Toronto,1,1
ORG01063,Synthetic Gym 01063 @ Fuzion Fitness,gym,PL_N2849241120,Old Toronto,1,1
ORG01064,Synthetic Retail 01064 @ Best for Bride,retail,PL_N2849278924,Old Toronto,1,1
ORG01065,Synthetic Office 01065 @ Six Points Plastics Inc.,office,PL_N2849284957,Old Toronto,1,1
ORG01066,Synthetic Office 01066 @ Greenbelt Environmental Services,office,PL_N2856305706,Old Toronto,1,1
ORG01067,Synthetic Restaurant 01067 @ Wingstop,restaurant,PL_N286375638,Old Toronto,1,1
ORG01068,Synthetic Retail 01068 @ Circle K,retail,PL_N2864373496,Old Toronto,1,1
ORG01069,Synthetic Office 01069 @ Zed Smart - Website Designing,office,PL_N2873817304,Brampton,1,1
ORG01070,Synthetic Retail 01070 @ The DV Shop,retail,PL_N2876277281,Old Toronto,1,1
ORG01071,Synthetic Retail 01071 @ Shop 'N Go,retail,PL_N2880876216,Old Toronto,1,1
ORG01072,Synthetic Office 01072 @ CAN-AM Accounting Services,office,PL_N2883876001,Old Toronto,2,1
ORG01073,Synthetic University 01073 @ The Lawrence and Frances Bloomberg Department of Obstetrics and Gynaecology,university,PL_N2884419126,Old Toronto,11,1
ORG01074,Synthetic Cafe 01074 @ Starbucks,cafe,PL_N2887835265,Old Toronto,1,1
ORG01075,Synthetic Office 01075 @ Metro Toronto Convention Centre offices,office,PL_N2897210802,Old Toronto,1,1
ORG01076,Synthetic Restaurant 01076 @ Western Kitchen,restaurant,PL_N2897307106,Old Toronto,1,1
ORG01077,Synthetic Office 01077 @ italinteriors,office,PL_N2904816566,Old Toronto,1,1
ORG01078,Synthetic Supermarket 01078 @ Longo's,supermarket,PL_N2916190281,Markham,1,1
ORG01079,Synthetic Supermarket 01079 @ Whole Foods Market,supermarket,PL_N2916217446,Markham,1,1
ORG01080,Synthetic Office 01080 @ BAU University,office,PL_N2917845101,Old Toronto,1,1
ORG01081,Synthetic Office 01081 @ 1-800-GOT-JUNK,office,PL_N2917845102,Old Toronto,1,1
ORG01082,Synthetic Restaurant 01082 @ Boston Pizza,restaurant,PL_N2926797002,Scarborough,1,1
ORG01083,Synthetic Office 01083 @ Chartered Accountant,office,PL_N2926910904,Old Toronto,1,1
ORG01084,Synthetic Office 01084 @ Astro Marketing Ltd,office,PL_N2934009272,Vaughan,1,1
ORG01085,Synthetic Retail 01085 @ Calvin Klein,retail,PL_N2948611757,Vaughan,1,1
ORG01086,Synthetic Retail 01086 @ Interior Couture,retail,PL_N295326041,Old Toronto,1,1
ORG01087,Synthetic Restaurant 01087 @ Shishlix Grill & Restaurant,restaurant,PL_N2960235733,Richmond Hill,1,1
ORG01088,Synthetic Retail 01088 @ Dollarama,retail,PL_N2966297760,Brampton,1,1
ORG01089,Synthetic Restaurant 01089 @ Montana's,restaurant,PL_N2966355208,Brampton,1,1
ORG01090,Synthetic Restaurant 01090 @ Patrician Grill,restaurant,PL_N2968817518,Old Toronto,1,1
ORG01091,Synthetic Cafe 01091 @ Tim Hortons,cafe,PL_N2972858749,Markham,1,1
ORG01092,Synthetic Gym 01092 @ Vive,gym,PL_N2998787138,Old Toronto,2,1
ORG01093,Synthetic Office 01093 @ Designstor,office,PL_N3009597791,Old Toronto,2,1
ORG01094,Synthetic Restaurant 01094 @ Pizzaville,restaurant,PL_N3044762416,Markham,1,1
ORG01095,Synthetic Restaurant 01095 @ Subway,restaurant,PL_N3044762417,Markham,1,1
ORG01096,Synthetic Cafe 01096 @ Coffee Time,cafe,PL_N305489899,Scarborough,1,1
ORG01097,Synthetic Office 01097 @ National Post,office,PL_N3059891513,Old Toronto,1,1
ORG01098,Synthetic Office 01098 @ Amsdell,office,PL_N3066128978,Markham,1,1
ORG01099,Synthetic Retail 01099 @ Bike House,retail,PL_N3070145657,Old Toronto,1,1
ORG01100,Synthetic Cafe 01100 @ Rick's Cafe,cafe,PL_N3079147028,Old Toronto,2,1
ORG01101,Synthetic Cafe 01101 @ Starbucks,cafe,PL_N308697096,Old Toronto,1,1
ORG01102,Synthetic Office 01102 @ Marketcircle Inc.,office,PL_N3098491468,Markham,1,1
ORG01103,Synthetic Retail 01103 @ Ryna’s Nails & Spa,retail,PL_N3099864454,Vaughan,1,1
ORG01104,Synthetic Office 01104 @ ServiceOntario,office,PL_N3149860684,North York,1,1
ORG01105,Synthetic Cafe 01105 @ Tim Hortons,cafe,PL_N3159506029,North York,1,1
ORG01106,Synthetic Office 01106 @ DATA,office,PL_N3178244065,Brampton,1,1
ORG01107,Synthetic Retail 01107 @ MDG Computers,retail,PL_N3199463353,Scarborough,1,1
ORG01108,Synthetic Office 01108 @ Consolidated Energy Solutions Inc.,office,PL_N3206964051,Old Toronto,2,1
ORG01109,Synthetic Cafe 01109 @ Tim Hortons,cafe,PL_N3206983509,Old Toronto,2,1
ORG01110,Synthetic Office 01110 @ Jones Deslauriers Insurance Brokers,office,PL_N3215230649,Old Toronto,1,1
ORG01111,Synthetic Supermarket 01111 @ Longo's,supermarket,PL_N321552029,Markham,1,1
ORG01112,Synthetic Cafe 01112 @ Starbucks,cafe,PL_N3229198861,Vaughan,1,1
ORG01113,Synthetic Office 01113 @ Service Ontario,office,PL_N3240531882,Brampton,1,1
ORG01114,Synthetic Office 01114 @ Children's Aid Foundation,office,PL_N3254677986,Old Toronto,1,1
ORG01115,Synthetic Gym 01115 @ GoodLife Fitness,gym,PL_N3262703856,Scarborough,1,1
ORG01116,Synthetic Office 01116 @ H&R Block,office,PL_N3262705412,Scarborough,1,1
ORG01117,Synthetic Supermarket 01117 @ No Frills,supermarket,PL_N3288802961,Old Toronto,1,1
ORG01118,Synthetic Cafe 01118 @ Rooster Coffee House,cafe,PL_N3297272223,Old Toronto,1,1
ORG01119,Synthetic Cafe 01119 @ Tim Hortons,cafe,PL_N3301710267,Vaughan,1,1
ORG01120,Synthetic Office 01120 @ Golden Mile Employment & Social Services,office,PL_N3306483520,Scarborough,1,1
ORG01121,Synthetic Restaurant 01121 @ Chae's Chester Fried Chicken Express,restaurant,PL_N3306925644,Old Toronto,1,1
ORG01122,Synthetic Retail 01122 @ Future Bakery,retail,PL_N3308179663,Old Toronto,1,1
ORG01123,Synthetic Cafe 01123 @ Coffee Culture,cafe,PL_N3314874485,Scarborough,1,1
ORG01124,Synthetic Retail 01124 @ Henry's,retail,PL_N3317170417,North York,1,1
ORG01125,Synthetic Supermarket 01125 @ Golden Fresh Market,supermarket,PL_N3326486318,North York,1,1
ORG01126,Synthetic Office 01126 @ RE/MAX,office,PL_N3326906383,Old Toronto,1,1
ORG01127,Synthetic Retail 01127 @ Tent City outfitters,retail,PL_N3329242025,North York,1,1
ORG01128,Synthetic Cafe 01128 @ Tim Hortons,cafe,PL_N3333046455,Old Toronto,1,1
ORG01129,Synthetic Cafe 01129 @ Second Cup,cafe,PL_N333553037,Old Toronto,1,1
ORG01130,Synthetic Restaurant 01130 @ Cluny,restaurant,PL_N3338988879,Old Toronto,1,1
ORG01131,Synthetic Retail 01131 @ Holt Renfrew,retail,PL_N335831142,Old Toronto,1,1
ORG01132,Synthetic Retail 01132 @ The Beer Store,retail,PL_N3362088817,Scarborough,1,1
ORG01133,Synthetic Office 01133 @ H&R Block,office,PL_N3362088818,Scarborough,3,1
ORG01134,Synthetic Restaurant 01134 @ Subway,restaurant,PL_N3364856741,Old Toronto,1,1
ORG01135,Synthetic Restaurant 01135 @ Tea-N-Bannock,restaurant,PL_N3376427733,Old Toronto,1,1
ORG01136,Synthetic Restaurant 01136 @ Churrasquerira Martins Grill House,restaurant,PL_N3388557766,Old Toronto,1,1
ORG01137,Synthetic Cafe 01137 @ Tim Hortons,cafe,PL_N3391253124,North York,1,1
ORG01138,Synthetic Retail 01138 @ Art Heritage,retail,PL_N3392704107,Old Toronto,1,1
ORG01139,Synthetic Office 01139 @ The Real Estate Office.ca,office,PL_N3396315333,Old Toronto,1,1
ORG01140,Synthetic Retail 01140 @ Chez Leon,retail,PL_N3403172035,Old Toronto,1,1
ORG01141,Synthetic Office 01141 @ Knightsbridge Foreign Exchange,office,PL_N3404127293,Old Toronto,1,1
ORG01142,Synthetic Office 01142 @ Akram Agency Inc.: General Labour Supplier,office,PL_N3405891061,North York,1,1
ORG01143,Synthetic Retail 01143 @ 711 The Queensway,retail,PL_N3411753162,Old Toronto,1,1
ORG01144,Synthetic Office 01144 @ First Aid & CPR,office,PL_N3412799801,Old Toronto,1,1
ORG01145,Synthetic Office 01145 @ Liberty Tax,office,PL_N3413571002,Old Toronto,1,1
ORG01146,Synthetic Office 01146 @ Protect Cleaning Supplies Limited,office,PL_N3414918473,Old Toronto,2,1
ORG01147,Synthetic Restaurant 01147 @ Ruyi Garden Chinese Restaurant,restaurant,PL_N3414918475,Old Toronto,1,1
ORG01148,Synthetic Cafe 01148 @ Le Petite Cafe,cafe,PL_N3416430848,Old Toronto,1,1
ORG01149,Synthetic Office 01149 @ Contempo Studio,office,PL_N3418249775,Old Toronto,2,1
ORG01150,Synthetic Office 01150 @ Goodfella Stone,office,PL_N3418249783,Old Toronto,1,1
ORG01151,Synthetic Office 01151 @ axess Law office,office,PL_N3425674164,Old Toronto,1,1
ORG01152,Synthetic Cafe 01152 @ Tim Hortons,cafe,PL_N3426157172,Old Toronto,1,1
ORG01153,Synthetic Office 01153 @ Alsco Uniforms,office,PL_N3427212267,Old Toronto,1,1
ORG01154,Synthetic Restaurant 01154 @ Yummi's,restaurant,PL_N3427220969,Scarborough,1,1
ORG01155,Synthetic Cafe 01155 @ Starbucks,cafe,PL_N3439310963,Old Toronto,1,1
ORG01156,Synthetic Office 01156 @ CDI College,office,PL_N3440216089,Old Toronto,1,1
ORG01157,Synthetic Restaurant 01157 @ Golden Wok,restaurant,PL_N3442199472,Old Toronto,1,1
ORG01158,Synthetic Retail 01158 @ Maple Leaf Convenience Mart,retail,PL_N344545236,Old Toronto,1,1
ORG01159,Synthetic Office 01159 @ TNG Community Services,office,PL_N3460769256,Old Toronto,1,1
ORG01160,Synthetic Cafe 01160 @ It's The Cat's Meow Cafe,cafe,PL_N3466933901,Markham,1,1
ORG01161,Synthetic Gym 01161 @ GoodLife Fitness For Women,gym,PL_N3467042580,Markham,1,1
ORG01162,Synthetic Cafe 01162 @ Cha Me. Cha,cafe,PL_N3467065129,Markham,2,1
ORG01163,Synthetic Office 01163 @ Centum Signature Mortgage Inc.,office,PL_N3473928544,Scarborough,1,1
ORG01164,Synthetic Restaurant 01164 @ CSK,restaurant,PL_N3474264300,Old Toronto,1,1
ORG01165,Synthetic Office 01165 @ RBC Insurance,office,PL_N3482106446,Old Toronto,1,1
ORG01166,Synthetic Restaurant 01166 @ Szechuan Express,restaurant,PL_N3482106449,Old Toronto,1,1
ORG01167,Synthetic Retail 01167 @ Mississauga Harley-Davidson,retail,PL_N3485479627,Brampton,1,1
ORG01168,Synthetic Restaurant 01168 @ Asians Express,restaurant,PL_N3485479638,Brampton,1,1
ORG01169,Synthetic Office 01169 @ Hurvitz Brain Sciences Program,office,PL_N3486807918,North York,1,1
ORG01170,Synthetic Retail 01170 @ E-Zee Wheels,retail,PL_N3487857303,Old Toronto,1,1
ORG01171,Synthetic Retail 01171 @ The Headloft,retail,PL_N3487872729,Old Toronto,1,1
ORG01172,Synthetic Office 01172 @ H&R Block,office,PL_N3488479618,Old Toronto,1,1
ORG01173,Synthetic Office 01173 @ Lifetime Developments,office,PL_N3491965229,Old Toronto,1,1
ORG01174,Synthetic Gym 01174 @ Mystic Pointe Voga,gym,PL_N3494914034,Old Toronto,2,1
ORG01175,Synthetic Gym 01175 @ Body Vision,gym,PL_N3495969098,Richmond Hill,1,1
ORG01176,Synthetic Office 01176 @ Lincoln Electric,office,PL_N3506210942,Old Toronto,1,1
ORG01177,Synthetic Retail 01177 @ Walia Clothing Warehouse,retail,PL_N3507050679,Brampton,1,1
ORG01178,Synthetic Office 01178 @ OSM office N3507800793,office,PL_N3507800793,Scarborough,1,1
ORG01179,Synthetic Retail 01179 @ OSM retail N3507801026,retail,PL_N3507801026,Scarborough,1,1
ORG01180,Synthetic Office 01180 @ XBC Finance Ltd.,office,PL_N3507805959,Scarborough,1,1
ORG01181,Synthetic Office 01181 @ Investors Group,office,PL_N3509230103,Scarborough,1,1
ORG01182,Synthetic Office 01182 @ TD Commercial Banking,office,PL_N3509230105,Scarborough,2,1
ORG01183,Synthetic Office 01183 @ Royal LePage,office,PL_N3524674542,Old Toronto,1,1
ORG01184,Synthetic Office 01184 @ AMI Accessible Media Inc.,office,PL_N3545982885,North York,1,1
ORG01185,Synthetic Cafe 01185 @ Coffee Time,cafe,PL_N354974891,Old Toronto,1,1
ORG01186,Synthetic Restaurant 01186 @ Food Exchange,restaurant,PL_N3559278292,Old Toronto,2,1
ORG01187,Synthetic Retail 01187 @ Approval Genie,retail,PL_N3561284957,Brampton,1,1
ORG01188,Synthetic Cafe 01188 @ Mos Mos,cafe,PL_N3572166952,Old Toronto,1,1
ORG01189,Synthetic Office 01189 @ McCain,office,PL_N3590624203,Old Toronto,1,1
ORG01190,Synthetic Supermarket 01190 @ Wonder Food Mart,supermarket,PL_N3594724685,North York,1,1
ORG01191,Synthetic Office 01191 @ RE/MAX,office,PL_N3599545629,Brampton,1,1
ORG01192,Synthetic Cafe 01192 @ Jet Fuel Coffee,cafe,PL_N3602419558,Old Toronto,1,1
ORG01193,Synthetic Office 01193 @ Tangri Insurance,office,PL_N3604081135,Brampton,1,1
ORG01194,Synthetic Retail 01194 @ Tikka Boulevard,retail,PL_N3604081136,Brampton,1,1
ORG01195,Synthetic Office 01195 @ The Mortgage Centre,office,PL_N3618391889,Vaughan,2,1
ORG01196,Synthetic Cafe 01196 @ Coffee Time,cafe,PL_N3620991484,Vaughan,1,1
ORG01197,Synthetic Office 01197 @ Float Toronto,office,PL_N3624207195,Old Toronto,1,1
ORG01198,Synthetic Gym 01198 @ Area51 Lasertag - Planet Play,gym,PL_N3632329238,Vaughan,1,1
ORG01199,Synthetic Office 01199 @ Teletec Systems Inc.,office,PL_N3648172016,Scarborough,1,1
ORG01200,Synthetic Retail 01200 @ Freedom Mobile,retail,PL_N3648181846,Scarborough,1,1
ORG01201,Synthetic Restaurant 01201 @ Caribbean Star,restaurant,PL_N3653499892,Brampton,1,1
ORG01202,Synthetic Retail 01202 @ Digicel,retail,PL_N3653499893,Brampton,1,1
ORG01203,Synthetic Retail 01203 @ L.A. Dollar,retail,PL_N3653499895,Brampton,1,1
ORG01204,Synthetic Supermarket 01204 @ Dixie Grocers,supermarket,PL_N3654403517,Brampton,1,1
ORG01205,Synthetic Restaurant 01205 @ tuanzhang,restaurant,PL_N3668828498,North York,1,1
ORG01206,Synthetic Cafe 01206 @ BB Cafe,cafe,PL_N3670530408,Old Toronto,2,1
ORG01207,Synthetic Retail 01207 @ Upper Mgmt,retail,PL_N3672015342,Old Toronto,1,1
ORG01208,Synthetic Supermarket 01208 @ Foodlane,supermarket,PL_N368385300,Old Toronto,1,1
ORG01209,Synthetic Office 01209 @ St. Stephen's Community House Employment & Training Centre,office,PL_N3687539002,Old Toronto,3,1
ORG01210,Synthetic Supermarket 01210 @ Nutrition House,supermarket,PL_N3698533565,Old Toronto,1,1
ORG01211,Synthetic Cafe 01211 @ Starbucks,cafe,PL_N3698533566,Old Toronto,1,1
ORG01212,Synthetic Retail 01212 @ Tessa Kelly Beauty,retail,PL_N370196812,Old Toronto,1,1
ORG01213,Synthetic Cafe 01213 @ Second Cup,cafe,PL_N370214388,Old Toronto,1,1
ORG01214,Synthetic Restaurant 01214 @ Commerce Court,restaurant,PL_N3712318484,Old Toronto,1,1
ORG01215,Synthetic Restaurant 01215 @ Pearl Harbourfront Chinese,restaurant,PL_N3714090730,Old Toronto,1,1
ORG01216,Synthetic Restaurant 01216 @ Swiss Chalet,restaurant,PL_N3718604188,Brampton,1,1
ORG01217,Synthetic Restaurant 01217 @ Skyview Fusion Cuisine,restaurant,PL_N3718659602,Markham,1,1
ORG01218,Synthetic Restaurant 01218 @ Pitalicious,restaurant,PL_N3718659621,Markham,1,1
ORG01219,Synthetic Cafe 01219 @ Tim Hortons,cafe,PL_N3718745054,Markham,1,1
ORG01220,Synthetic Restaurant 01220 @ Sultan Shawarma & Falafel,restaurant,PL_N372478475,Old Toronto,1,1
ORG01221,Synthetic Office 01221 @ Burger King,office,PL_N3728546038,Brampton,1,1
ORG01222,Synthetic Office 01222 @ Trugreen,office,PL_N3728548511,Brampton,1,1
ORG01223,Synthetic Office 01223 @ Crossmark,office,PL_N3728548581,Brampton,1,1
ORG01224,Synthetic Cafe 01224 @ Chatime,cafe,PL_N3729410887,Old Toronto,2,1
ORG01225,Synthetic Retail 01225 @ Daisy Mart,retail,PL_N373162711,Scarborough,1,1
ORG01226,Synthetic Office 01226 @ Silgan Plastics Canada,office,PL_N3739749451,Scarborough,2,1
ORG01227,Synthetic Supermarket 01227 @ Bulk Barn,supermarket,PL_N3740787162,Scarborough,1,1
ORG01228,Synthetic Gym 01228 @ 889 Yoga,gym,PL_N3743415436,Old Toronto,1,1
ORG01229,Synthetic Office 01229 @ Stone Studios,office,PL_N3750046598,Old Toronto,1,1
ORG01230,Synthetic Office 01230 @ Fabio Capobianco Real Estate Limited,office,PL_N3755181773,Old Toronto,1,1
ORG01231,Synthetic Retail 01231 @ LCBO,retail,PL_N3756752525,Old Toronto,1,1
ORG01232,Synthetic Cafe 01232 @ Tim Hortons,cafe,PL_N3763291979,Old Toronto,2,1
ORG01233,Synthetic Office 01233 @ Omnivex Corporation,office,PL_N3764071616,Vaughan,1,1
ORG01234,Synthetic Gym 01234 @ Toronto Top Team Martial Arts & Fitness,gym,PL_N3774328448,Scarborough,1,1
ORG01235,Synthetic Gym 01235 @ Telomere Fitness,gym,PL_N3778077742,Old Toronto,1,1
ORG01236,Synthetic Office 01236 @ Royal LePage,office,PL_N3783481869,Richmond Hill,1,1
ORG01237,Synthetic Gym 01237 @ Mibody Collective,gym,PL_N3786761688,Old Toronto,1,1
ORG01238,"Synthetic Hotel 01238 @ The Beverley Hotel Queen West, Sonder",hotel,PL_N3791777257,Old Toronto,1,1
ORG01239,Synthetic Supermarket 01239 @ Lucky Moose Food Mart,supermarket,PL_N3796212747,Old Toronto,1,1
ORG01240,Synthetic Hotel 01240 @ Isabella Hotel and Suites,hotel,PL_N380027427,Old Toronto,1,1
ORG01241,Synthetic Cafe 01241 @ Starbucks,cafe,PL_N380042650,Old Toronto,1,1
ORG01242,Synthetic Office 01242 @ Rothmans,office,PL_N3811486813,North York,2,1
ORG01243,Synthetic Retail 01243 @ Green Spot Convenience,retail,PL_N3816467134,Scarborough,1,1
ORG01244,Synthetic Retail 01244 @ Tail Blazers,retail,PL_N3818029665,Old Toronto,1,1
ORG01245,Synthetic Cafe 01245 @ Tim Hortons,cafe,PL_N382893466,Scarborough,1,1
ORG01246,Synthetic Retail 01246 @ Jiffy Lube,retail,PL_N383179943,Markham,1,1
ORG01247,Synthetic Cafe 01247 @ Tim Hortons,cafe,PL_N383238087,Markham,1,1
ORG01248,Synthetic Restaurant 01248 @ Top Gun Burger,restaurant,PL_N383405967,Vaughan,1,1
ORG01249,Synthetic Retail 01249 @ The Brick,retail,PL_N383448318,Vaughan,1,1
ORG01250,Synthetic Gym 01250 @ GoodLife Fitness,gym,PL_N383448328,Vaughan,2,1
ORG01251,Synthetic Restaurant 01251 @ Pizza Pizza,restaurant,PL_N383448341,Vaughan,1,1
ORG01252,Synthetic Gym 01252 @ The Soccer Centre,gym,PL_N383486484,Vaughan,1,1
ORG01253,Synthetic Supermarket 01253 @ Bestco Food Mart,supermarket,PL_N383551103,Vaughan,1,1
ORG01254,Synthetic Retail 01254 @ Royal Dry Cleaners,retail,PL_N3844062149,Old Toronto,1,1
ORG01255,Synthetic Retail 01255 @ M&M Food Market,retail,PL_N384785118,Scarborough,1,1
ORG01256,Synthetic Retail 01256 @ Healthy Planet,retail,PL_N384785143,Scarborough,1,1
ORG01257,Synthetic Retail 01257 @ H&M,retail,PL_N3849949568,Brampton,1,1
ORG01258,Synthetic Office 01258 @ The Thapar Team,office,PL_N3860004442,Old Toronto,1,1
ORG01259,Synthetic Retail 01259 @ M&Lash,retail,PL_N387435155,Old Toronto,1,1
ORG01260,Synthetic Office 01260 @ Eureka Realty Inc,office,PL_N387446825,Old Toronto,1,1
ORG01261,Synthetic Supermarket 01261 @ Bloor Fruit Market,supermarket,PL_N387449941,Old Toronto,1,1
ORG01262,Synthetic Retail 01262 @ Gloria Fashion & Gifts,retail,PL_N387449946,Old Toronto,1,1
ORG01263,Synthetic Retail 01263 @ Rogers/Fido,retail,PL_N387456093,Old Toronto,1,1
ORG01264,Synthetic Restaurant 01264 @ Freshii,restaurant,PL_N3877424973,North York,1,1
ORG01265,Synthetic Supermarket 01265 @ Food Depot Supermarket,supermarket,PL_N387772003,Scarborough,1,1
ORG01266,Synthetic Supermarket 01266 @ Metro,supermarket,PL_N387792400,North York,1,1
ORG01267,Synthetic Retail 01267 @ OSM retail N3884180863,retail,PL_N3884180863,Old Toronto,1,1
ORG01268,Synthetic Retail 01268 @ The Salvation Army,retail,PL_N388619750,Old Toronto,1,1
ORG01269,Synthetic Retail 01269 @ Kingsbury Total Convenience,retail,PL_N3886265327,Brampton,1,1
ORG01270,Synthetic Cafe 01270 @ Starbucks,cafe,PL_N3886265331,Brampton,1,1
ORG01271,Synthetic Retail 01271 @ La Vie en Rose,retail,PL_N3900836503,Vaughan,1,1
ORG01272,Synthetic Retail 01272 @ H.C. Kitchen Bath,retail,PL_N3900845151,Vaughan,1,1
ORG01273,Synthetic Retail 01273 @ Small Space Plus,retail,PL_N3901969177,Vaughan,1,1
ORG01274,Synthetic Office 01274 @ Agro Pur,office,PL_N390352691,North York,1,1
ORG01275,Synthetic Cafe 01275 @ Starbucks,cafe,PL_N390360901,North York,1,1
ORG01276,Synthetic Cafe 01276 @ Tim Hortons,cafe,PL_N3905865029,Vaughan,2,1
ORG01277,Synthetic Gym 01277 @ PBC,gym,PL_N3906714200,Vaughan,1,1
ORG01278,Synthetic Cafe 01278 @ Pigeon Coffee,cafe,PL_N390997489,Old Toronto,1,1
ORG01279,Synthetic Cafe 01279 @ Kelly's Cafe,cafe,PL_N391086244,Old Toronto,1,1
ORG01280,Synthetic Retail 01280 @ Stay-Fresh Cleaners,retail,PL_N391169461,North York,1,1
ORG01281,Synthetic Cafe 01281 @ Dineen's Coffee Co.,cafe,PL_N392095506,North York,1,1
ORG01282,Synthetic Retail 01282 @ Belle Paws,retail,PL_N392131158,Old Toronto,1,1
ORG01283,Synthetic Restaurant 01283 @ Jody's Deli,restaurant,PL_N3924709137,Brampton,1,1
ORG01284,Synthetic Office 01284 @ Prime Tax,office,PL_N3925813275,Old Toronto,1,1
ORG01285,Synthetic University 01285 @ LINC English Classes,university,PL_N3925813284,Old Toronto,5,1
ORG01286,Synthetic Cafe 01286 @ Country Style,cafe,PL_N3930426863,Brampton,2,1
ORG01287,Synthetic Retail 01287 @ OSM retail N3930426876,retail,PL_N3930426876,Brampton,1,1
ORG01288,Synthetic Office 01288 @ CIK Telecom,office,PL_N3931317558,Old Toronto,2,1
ORG01289,Synthetic Retail 01289 @ Traffic Salon & Spa,retail,PL_N3933103723,Old Toronto,1,1
ORG01290,Synthetic Restaurant 01290 @ Little Caesars,restaurant,PL_N3940647368,Brampton,1,1
ORG01291,Synthetic Retail 01291 @ Star Convenience,retail,PL_N3941602078,Old Toronto,2,1
ORG01292,Synthetic Retail 01292 @ OSM retail N3941602088,retail,PL_N3941602088,Old Toronto,1,1
ORG01293,Synthetic Office 01293 @ The Best Connection Inc.,office,PL_N3942122560,Old Toronto,1,1
ORG01294,Synthetic Office 01294 @ Thibert Logistics,office,PL_N3947135772,Old Toronto,1,1
ORG01295,Synthetic Restaurant 01295 @ Shawarma Club,restaurant,PL_N3948351740,Old Toronto,1,1
ORG01296,Synthetic Cafe 01296 @ Buco Café,cafe,PL_N3957196268,Old Toronto,1,1
ORG01297,Synthetic Restaurant 01297 @ Prince Japanese Steak House,restaurant,PL_N3977952154,Brampton,1,1
ORG01298,Synthetic Gym 01298 @ Planet Fitness,gym,PL_N3980676427,Scarborough,1,1
ORG01299,Synthetic Office 01299 @ MAGHAM Digital Art & IT Solutions Inc.,office,PL_N3993488174,Richmond Hill,1,1
ORG01300,Synthetic Office 01300 @ Law Office,office,PL_N3993978957,Brampton,1,1
ORG01301,Synthetic Retail 01301 @ Paris Calling,retail,PL_N3999139124,Old Toronto,1,1
ORG01302,Synthetic Cafe 01302 @ Tim Hortons,cafe,PL_N3999424721,Old Toronto,2,1
ORG01303,Synthetic Retail 01303 @ Academy of Hair Passion,retail,PL_N4001010006,Brampton,1,1
ORG01304,Synthetic Retail 01304 @ Modah,retail,PL_N4001010027,Brampton,1,1
ORG01305,Synthetic Office 01305 @ Buckler Aquatics Limited,office,PL_N4001723544,Brampton,1,1
ORG01306,Synthetic Gym 01306 @ Lean Body Studio,gym,PL_N4001723554,Brampton,1,1
ORG01307,Synthetic Office 01307 @ Desjardins,office,PL_N4004435204,Brampton,1,1
ORG01308,Synthetic Retail 01308 @ Crown Variety & Snack,retail,PL_N400914271,Old Toronto,1,1
ORG01309,Synthetic Restaurant 01309 @ Booster Juice,restaurant,PL_N400916037,Old Toronto,1,1
ORG01310,Synthetic Cafe 01310 @ Starbucks,cafe,PL_N400917823,Old Toronto,1,1
ORG01311,Synthetic Restaurant 01311 @ Market Garden Food Emporium & Terrace,restaurant,PL_N400967545,Old Toronto,1,1
ORG01312,Synthetic Retail 01312 @ Perfume Boutique,retail,PL_N400989641,Old Toronto,1,1
ORG01313,Synthetic Supermarket 01313 @ Strictly Bulk,supermarket,PL_N4013809949,Old Toronto,1,1
ORG01314,Synthetic University 01314 @ Northeastern University,university,PL_N401521720,Old Toronto,13,1
ORG01315,Synthetic Restaurant 01315 @ F'Amelia,restaurant,PL_N4015549356,Old Toronto,1,1
ORG01316,Synthetic Retail 01316 @ 559 Parliament Street,retail,PL_N4015586069,Old Toronto,1,1
ORG01317,Synthetic Restaurant 01317 @ Eggsmart,restaurant,PL_N4016668554,Brampton,1,1
ORG01318,Synthetic Gym 01318 @ Anytime Fitness,gym,PL_N4020625320,Brampton,1,1
ORG01319,Synthetic Retail 01319 @ Daial Cycle,retail,PL_N4030019996,Old Toronto,1,1
ORG01320,Synthetic Cafe 01320 @ Starbucks,cafe,PL_N4030189880,Vaughan,1,1
ORG01321,Synthetic Retail 01321 @ Mark's,retail,PL_N4030288361,Vaughan,1,1
ORG01322,Synthetic Restaurant 01322 @ Poke Burger,restaurant,PL_N4035048589,Old Toronto,1,1
ORG01323,Synthetic Hotel 01323 @ ME by Meliá,hotel,PL_N4036609207,Old Toronto,1,1
ORG01324,Synthetic Office 01324 @ Make Lemonade,office,PL_N4036639060,Old Toronto,1,1
ORG01325,Synthetic Office 01325 @ Dar Al-Tawheed Islamic Centre,office,PL_N4046116331,Brampton,1,1
ORG01326,Synthetic Hotel 01326 @ Hampton,hotel,PL_N4046617967,Brampton,1,1
ORG01327,Synthetic Cafe 01327 @ Starbucks,cafe,PL_N4047007530,Old Toronto,1,1
ORG01328,Synthetic Office 01328 @ Medallion Corporation,office,PL_N4060215198,North York,1,1
ORG01329,Synthetic Retail 01329 @ Canadian Tire,retail,PL_N409154236,Scarborough,1,1
ORG01330,Synthetic Retail 01330 @ Carousel Hairstyling,retail,PL_N409163937,Old Toronto,1,1
ORG01331,Synthetic Restaurant 01331 @ Our Spot,restaurant,PL_N409178525,Old Toronto,1,1
ORG01332,Synthetic Office 01332 @ Westview Realty Inc.,office,PL_N4096059700,Old Toronto,1,1
ORG01333,Synthetic Restaurant 01333 @ Flame Food + Design,restaurant,PL_N4100291272,Old Toronto,1,1
ORG01334,Synthetic Gym 01334 @ GoodLife Fitness,gym,PL_N410799727,North York,1,1
ORG01335,Synthetic Supermarket 01335 @ Your Independent Grocer,supermarket,PL_N411670085,Old Toronto,2,1
ORG01336,Synthetic Retail 01336 @ INS Market,retail,PL_N412346665,Old Toronto,1,1
ORG01337,Synthetic Hotel 01337 @ Holiday Inn Express Toronto Downtown,hotel,PL_N412348536,Old Toronto,1,1
ORG01338,Synthetic Retail 01338 @ French Quarter Convenience & Grocery,retail,PL_N412351499,Old Toronto,1,1
ORG01339,Synthetic Retail 01339 @ Hairform,retail,PL_N4126684601,North York,1,1
ORG01340,Synthetic Retail 01340 @ Tammy's Spa,retail,PL_N4126684605,North York,1,1
ORG01341,Synthetic Restaurant 01341 @ Swiss Chalet,restaurant,PL_N4131859617,North York,1,1
ORG01342,Synthetic Cafe 01342 @ Tim Hortons,cafe,PL_N4131866041,North York,1,1
ORG01343,Synthetic Office 01343 @ West Mall Dental Group,office,PL_N4137896886,Old Toronto,1,1
ORG01344,Synthetic Cafe 01344 @ Country Style,cafe,PL_N4157579639,Old Toronto,1,1
ORG01345,Synthetic Retail 01345 @ Frame Print Gallery,retail,PL_N4159296676,Old Toronto,1,1
ORG01346,Synthetic Hotel 01346 @ Comfort Inn,hotel,PL_N4161816312,Brampton,1,1
ORG01347,Synthetic Office 01347 @ Investment Planning Counsel,office,PL_N4171613669,Brampton,1,1
ORG01348,Synthetic Retail 01348 @ Wendy's,retail,PL_N417226497,Brampton,1,1
ORG01349,Synthetic Cafe 01349 @ Starbucks,cafe,PL_N417232579,North York,1,1
ORG01350,Synthetic Office 01350 @ Physio & Rehab Business Consulting,office,PL_N4175097161,Scarborough,2,1
ORG01351,Synthetic Retail 01351 @ Active Green + Ross,retail,PL_N4179849766,Old Toronto,1,1
ORG01352,Synthetic Cafe 01352 @ Athens Pastries,cafe,PL_N420542926,Old Toronto,1,1
ORG01353,Synthetic Restaurant 01353 @ Pizza Pizza,restaurant,PL_N420549582,Old Toronto,1,1
ORG01354,Synthetic Retail 01354 @ Mattress Factory Outlet,retail,PL_N4207071170,Brampton,1,1
ORG01355,Synthetic Office 01355 @ Edward Jones,office,PL_N421328767,North York,1,1
ORG01356,Synthetic Restaurant 01356 @ Pizza Hut Express,restaurant,PL_N4213944689,Scarborough,1,1
ORG01357,Synthetic Cafe 01357 @ Tim Hortons,cafe,PL_N421904486,Brampton,1,1
ORG01358,Synthetic Gym 01358 @ Hone Fitness,gym,PL_N4228307289,Old Toronto,1,1
ORG01359,Synthetic Retail 01359 @ Active Green + Ross,retail,PL_N423042357,Scarborough,1,1
ORG01360,Synthetic Office 01360 @ Dixie Studios,office,PL_N4236601895,Old Toronto,1,1
ORG01361,Synthetic Retail 01361 @ Lucky Smoke Gift Convenience,retail,PL_N4245235158,North York,1,1
ORG01362,Synthetic Office 01362 @ Tax Latino,office,PL_N4245245862,North York,1,1
ORG01363,Synthetic Retail 01363 @ Lily's Nails,retail,PL_N4264617954,Scarborough,1,1
ORG01364,Synthetic Restaurant 01364 @ Willy's Jerk,restaurant,PL_N4273771890,North York,1,1
ORG01365,Synthetic Gym 01365 @ GoodLife Fitness,gym,PL_N4284778490,Markham,1,1
ORG01366,Synthetic Office 01366 @ Premier Homes Real Estate Services,office,PL_N4285491209,Brampton,1,1
ORG01367,Synthetic Gym 01367 @ adrenaline Gymnastics,gym,PL_N4285491274,Brampton,1,1
ORG01368,Synthetic Gym 01368 @ KLF Fitness Training Centre,gym,PL_N4286043213,Vaughan,1,1
ORG01369,Synthetic Office 01369 @ VisionNorth Extrusions,office,PL_N4288217106,Brampton,1,1
ORG01370,Synthetic Office 01370 @ Univision Canada,office,PL_N4288385077,Vaughan,1,1
ORG01371,Synthetic Retail 01371 @ Money Mart,retail,PL_N429659329,Scarborough,1,1
ORG01372,Synthetic Gym 01372 @ LA Fitness,gym,PL_N4301059282,Vaughan,1,1
ORG01373,Synthetic Cafe 01373 @ McCafé,cafe,PL_N4322241900,Old Toronto,1,1
ORG01374,Synthetic Retail 01374 @ Massage Matters,retail,PL_N4327288570,Old Toronto,1,1
ORG01375,Synthetic Office 01375 @ Toronto Division9 Design Centre,office,PL_N4327300545,Old Toronto,1,1
ORG01376,Synthetic Retail 01376 @ Gautier,retail,PL_N4327307014,Old Toronto,1,1
ORG01377,Synthetic Office 01377 @ Baldwin & Franklin Architects,office,PL_N4327345823,Old Toronto,1,1
ORG01378,Synthetic Office 01378 @ JobStart,office,PL_N432775841,Old Toronto,1,1
ORG01379,Synthetic Office 01379 @ Quad Engineering,office,PL_N4328463231,North York,1,1
ORG01380,Synthetic Office 01380 @ Glen Corporation,office,PL_N4328466044,North York,1,1
ORG01381,Synthetic Office 01381 @ G&G Partnership Chartered Accountants,office,PL_N4330043332,North York,2,1
ORG01382,Synthetic Gym 01382 @ Northern Karate,gym,PL_N4331459749,North York,2,1
ORG01383,Synthetic Office 01383 @ Cooper Green & Warren LLP,office,PL_N4331562891,North York,1,1
ORG01384,Synthetic Retail 01384 @ The Hair Gallery,retail,PL_N4334763012,North York,1,1
ORG01385,Synthetic Gym 01385 @ Santos Brothers,gym,PL_N4337537915,North York,1,1
ORG01386,Synthetic Office 01386 @ Centre for Education & Training,office,PL_N4341717367,North York,1,1
ORG01387,Synthetic Retail 01387 @ 213 Ossington Avenue,retail,PL_N4341877290,Old Toronto,1,1
ORG01388,Synthetic Office 01388 @ RED Academy,office,PL_N4347553469,Old Toronto,1,1
ORG01389,Synthetic Gym 01389 @ Bloor St. Fitness 24/7,gym,PL_N4349201055,Old Toronto,2,1
ORG01390,Synthetic Restaurant 01390 @ New Restaurant,restaurant,PL_N4353327321,Old Toronto,1,1
ORG01391,Synthetic Supermarket 01391 @ Field Fresh Supermarket,supermarket,PL_N436015841,Scarborough,2,1
ORG01392,Synthetic Supermarket 01392 @ Makkah Halal Meat and Grocery,supermarket,PL_N4368028495,Brampton,1,1
ORG01393,Synthetic Cafe 01393 @ Starbucks,cafe,PL_N4368589695,North York,1,1
ORG01394,Synthetic Cafe 01394 @ Tim Hortons,cafe,PL_N4368798489,Old Toronto,1,1
ORG01395,Synthetic Cafe 01395 @ Coffee Time,cafe,PL_N436904205,Scarborough,1,1
ORG01396,Synthetic Cafe 01396 @ The Haven,cafe,PL_N4373039275,Old Toronto,2,1
ORG01397,Synthetic Cafe 01397 @ Jimmy's Coffee,cafe,PL_N4379889593,Old Toronto,1,1
ORG01398,Synthetic Cafe 01398 @ Starbucks,cafe,PL_N437992167,Scarborough,1,1
ORG01399,Synthetic Retail 01399 @ Don Valley North Hyundai,retail,PL_N438009210,Markham,1,1
ORG01400,Synthetic Restaurant 01400 @ Popeyes,restaurant,PL_N4409956877,Old Toronto,1,1
ORG01401,Synthetic Cafe 01401 @ Red Rocket Coffee,cafe,PL_N441031354,Old Toronto,1,1
ORG01402,Synthetic Retail 01402 @ Liss Gallery,retail,PL_N4412252090,Old Toronto,1,1
ORG01403,Synthetic Retail 01403 @ The Papery,retail,PL_N4412270989,Old Toronto,1,1
ORG01404,Synthetic Cafe 01404 @ Unholy Donuts,cafe,PL_N4419982989,Old Toronto,1,1
ORG01405,Synthetic Supermarket 01405 @ Top Food Fresh Mart,supermarket,PL_N4420814201,Scarborough,1,1
ORG01406,Synthetic Retail 01406 @ Verdi,retail,PL_N4421255631,Old Toronto,1,1
ORG01407,Synthetic Cafe 01407 @ Tim Hortons,cafe,PL_N4423107508,Brampton,1,1
ORG01408,Synthetic Gym 01408 @ SH Armstrong Community Recreation Centre,gym,PL_N442711825,Old Toronto,1,1
ORG01409,Synthetic Cafe 01409 @ Starbucks,cafe,PL_N4429343396,Brampton,1,1
ORG01410,Synthetic Supermarket 01410 @ Queen Supermarket Convenience,supermarket,PL_N4435701086,Old Toronto,1,1
ORG01411,Synthetic Restaurant 01411 @ Trattoria Taverniti,restaurant,PL_N4440600891,Old Toronto,1,1
ORG01412,Synthetic Cafe 01412 @ George Street Diner,cafe,PL_N4447738882,Old Toronto,1,1
ORG01413,Synthetic Gym 01413 @ New Element Training,gym,PL_N4449930825,Old Toronto,1,1
ORG01414,Synthetic Office 01414 @ k2 Pure Solutions,office,PL_N4456480783,Old Toronto,1,1
ORG01415,Synthetic Office 01415 @ CGOV Asset Management,office,PL_N4461193464,Old Toronto,1,1
ORG01416,Synthetic Retail 01416 @ Summerhill Spa,retail,PL_N4462061728,Old Toronto,1,1
ORG01417,Synthetic Office 01417 @ The Co-operators - Irene Sham Insurance Agency Inc,office,PL_N4463342431,North York,1,1
ORG01418,Synthetic Retail 01418 @ Happy Hair Salon,retail,PL_N4463448362,Scarborough,1,1
ORG01419,Synthetic Restaurant 01419 @ Pizzaville,restaurant,PL_N4475759674,Old Toronto,1,1
ORG01420,Synthetic Retail 01420 @ Rafi Salon,retail,PL_N4477977104,North York,1,1
ORG01421,Synthetic Gym 01421 @ Studio 77 Pilates,gym,PL_N4494740452,Old Toronto,1,1
ORG01422,Synthetic Retail 01422 @ Woodbridge Mini-Mart,retail,PL_N4500611889,Vaughan,1,1
ORG01423,"Synthetic Office 01423 @ Extreme Networks, Inc.",office,PL_N4501435640,Markham,1,1
ORG01424,Synthetic University 01424 @ Lambton College - Toronto Campus,university,PL_N4507572289,North York,7,1
ORG01425,Synthetic Gym 01425 @ LA Fitness,gym,PL_N4519751637,Brampton,1,1
ORG01426,Synthetic Office 01426 @ Centre For Psychotherapy & Emotional Bodywork,office,PL_N4526107577,Old Toronto,1,1
ORG01427,Synthetic Office 01427 @ Best Brains,office,PL_N4529343063,Brampton,1,1
ORG01428,Synthetic Office 01428 @ East Brampton Physiotherapy,office,PL_N4529456795,Brampton,1,1
ORG01429,Synthetic Retail 01429 @ Alia K Designer Studio,retail,PL_N4529456799,Brampton,1,1
ORG01430,"Synthetic Office 01430 @ Tejvir Nijjer, CPA",office,PL_N4529456800,Brampton,2,1
ORG01431,Synthetic Retail 01431 @ Mabel’s Bakery & Specialty Foods Inc.,retail,PL_N4533176130,Old Toronto,1,1
ORG01432,Synthetic Restaurant 01432 @ Honest Weigth,restaurant,PL_N4558083657,Old Toronto,1,1
ORG01433,Synthetic Restaurant 01433 @ Pizzaiolo,restaurant,PL_N4559352907,Old Toronto,1,1
ORG01434,Synthetic Retail 01434 @ Timmie Doggie Outfitters,retail,PL_N4562863066,Old Toronto,2,1
ORG01435,Synthetic Office 01435 @ Ace Financial Group Inc.,office,PL_N4563405042,Brampton,1,1
ORG01436,Synthetic Office 01436 @ Ultimate Software,office,PL_N4572092700,Old Toronto,1,1
ORG01437,Synthetic Office 01437 @ The Brand Factory,office,PL_N4572092701,Old Toronto,1,1
ORG01438,Synthetic Retail 01438 @ Dollarama,retail,PL_N4589492969,Vaughan,1,1
ORG01439,Synthetic Retail 01439 @ OSM retail N4595506450,retail,PL_N4595506450,Old Toronto,1,1
ORG01440,Synthetic Retail 01440 @ Park & Province,retail,PL_N4595604775,Old Toronto,1,1
ORG01441,Synthetic Supermarket 01441 @ Winco Food Mart,supermarket,PL_N4602942588,Markham,1,1
ORG01442,Synthetic Gym 01442 @ GoodLife Fitness,gym,PL_N4613240750,Old Toronto,1,1
ORG01443,Synthetic Retail 01443 @ Ben's Variety Store,retail,PL_N4622240925,Scarborough,1,1
ORG01444,Synthetic Office 01444 @ James Law,office,PL_N4630113392,Old Toronto,2,1
ORG01445,Synthetic Retail 01445 @ Caldenese Bakery Café,retail,PL_N4632397949,Vaughan,1,1
ORG01446,Synthetic Restaurant 01446 @ Mama's Best,restaurant,PL_N4635759005,Old Toronto,1,1
ORG01447,Synthetic Retail 01447 @ Curl Bar,retail,PL_N4640688023,Old Toronto,1,1
ORG01448,Synthetic Supermarket 01448 @ Marhaba Super Market,supermarket,PL_N4643369998,Old Toronto,1,1
ORG01449,Synthetic Retail 01449 @ Freedom Mobile,retail,PL_N4649125176,Old Toronto,1,1
ORG01450,Synthetic Gym 01450 @ GoodLife Fitness,gym,PL_N4650573942,Richmond Hill,1,1
ORG01451,Synthetic Gym 01451 @ CrossFit,gym,PL_N4691663364,Old Toronto,1,1
ORG01452,Synthetic Retail 01452 @ Repair and Run,retail,PL_N4697780119,Old Toronto,1,1
ORG01453,Synthetic Retail 01453 @ Penguin Pickup,retail,PL_N4697780129,Old Toronto,1,1
ORG01454,Synthetic Office 01454 @ Top Notch Promotional Products,office,PL_N4720540131,Old Toronto,1,1
ORG01455,Synthetic Retail 01455 @ Sunny Shores Travel Inc,retail,PL_N4720540132,Old Toronto,1,1
ORG01456,Synthetic Cafe 01456 @ Starbucks,cafe,PL_N4737293922,Old Toronto,1,1
ORG01457,Synthetic Restaurant 01457 @ Otto's Berlin Döner,restaurant,PL_N4742515394,Old Toronto,1,1
ORG01458,Synthetic Office 01458 @ Anderson College,office,PL_N474968771,North York,1,1
ORG01459,Synthetic Cafe 01459 @ Bloomer's,cafe,PL_N4802812392,Old Toronto,1,1
ORG01460,Synthetic Office 01460 @ BDO Remit,office,PL_N4809935025,Old Toronto,1,1
ORG01461,Synthetic Cafe 01461 @ Tim Hortons,cafe,PL_N4816957256,Old Toronto,1,1
ORG01462,Synthetic Restaurant 01462 @ McDonald's,restaurant,PL_N4859176003,Markham,1,1
ORG01463,"Synthetic Supermarket 01463 @ Bombay Foods Cash ""N"" Carry",supermarket,PL_N4869906504,Scarborough,1,1
ORG01464,Synthetic Supermarket 01464 @ Fortinos,supermarket,PL_N4876267026,Brampton,1,1
ORG01465,Synthetic Office 01465 @ Heating Cooling Technician,office,PL_N4878577921,Brampton,1,1
ORG01466,Synthetic Retail 01466 @ Skymark Cleaners,retail,PL_N488413433,North York,1,1
ORG01467,Synthetic Restaurant 01467 @ The Royal Chinese Restaurant,restaurant,PL_N4894162575,Scarborough,1,1
ORG01468,Synthetic Cafe 01468 @ Icha Tea,cafe,PL_N4918124554,Old Toronto,1,1
ORG01469,Synthetic Cafe 01469 @ Aroma Espresso Bar,cafe,PL_N491912606,Old Toronto,1,1
ORG01470,Synthetic Gym 01470 @ TK Sports Performance Training,gym,PL_N4922135758,Markham,1,1
ORG01471,Synthetic Office 01471 @ Pathway Communications,office,PL_N4922135764,Markham,1,1
ORG01472,Synthetic Retail 01472 @ Patisserie Gateau,retail,PL_N4922145673,Markham,1,1
ORG01473,Synthetic Office 01473 @ Money Mart,office,PL_N4922296511,Markham,1,1
ORG01474,Synthetic Retail 01474 @ Correia Travel,retail,PL_N4922343571,Old Toronto,1,1
ORG01475,Synthetic Retail 01475 @ Der Dietemann,retail,PL_N4922951502,Old Toronto,1,1
ORG01476,Synthetic Gym 01476 @ Maple Academy of Dance,gym,PL_N4933392883,Vaughan,1,1
ORG01477,Synthetic Restaurant 01477 @ Paramount Fine Foods,restaurant,PL_N495296105,North York,1,1
ORG01478,Synthetic Cafe 01478 @ Starbucks Reserve,cafe,PL_N495306722,North York,1,1
ORG01479,Synthetic Cafe 01479 @ Starbucks,cafe,PL_N4953740623,Old Toronto,1,1
ORG01480,Synthetic University 01480 @ Humber Education & Training Solutions,university,PL_N4957538454,Brampton,3,1
ORG01481,Synthetic Retail 01481 @ Librarie Mosaique,retail,PL_N4965021352,Old Toronto,1,1
ORG01482,Synthetic Office 01482 @ Ikonica Images Corporation,office,PL_N4973448034,Old Toronto,1,1
ORG01483,Synthetic Cafe 01483 @ Starbucks,cafe,PL_N4980588123,Old Toronto,1,1
ORG01484,Synthetic Office 01484 @ Dilawri Group of Companies,office,PL_N4995440147,Old Toronto,1,1
ORG01485,Synthetic Office 01485 @ The Granite Spot Ltd.,office,PL_N5010933312,Brampton,1,1
ORG01486,Synthetic Restaurant 01486 @ TERRA Restaurant & Catering,restaurant,PL_N501613178,Richmond Hill,1,1
ORG01487,Synthetic Retail 01487 @ OSM retail N5016411587,retail,PL_N5016411587,Old Toronto,1,1
ORG01488,Synthetic Cafe 01488 @ Tim Hortons,cafe,PL_N5026214522,Brampton,1,1
ORG01489,Synthetic Gym 01489 @ Hone Fitness,gym,PL_N502704899,Old Toronto,1,1
ORG01490,Synthetic Retail 01490 @ OSM retail N502704915,retail,PL_N502704915,Old Toronto,1,1
ORG01491,Synthetic Retail 01491 @ One Plant,retail,PL_N502720111,Old Toronto,1,1
ORG01492,Synthetic Office 01492 @ ILSC Campus,office,PL_N5035466222,Old Toronto,1,1
ORG01493,Synthetic Office 01493 @ Passport Canada,office,PL_N5037595548,North York,1,1
ORG01494,Synthetic Office 01494 @ Hogtown Music,office,PL_N5039209324,Old Toronto,2,1
ORG01495,Synthetic Retail 01495 @ Winners,retail,PL_N504689577,Old Toronto,1,1
ORG01496,Synthetic Office 01496 @ cStreet Campaigns,office,PL_N5049838321,Old Toronto,1,1
ORG01497,Synthetic Restaurant 01497 @ The Shore Club,restaurant,PL_N5051184221,Old Toronto,1,1
ORG01498,Synthetic Restaurant 01498 @ Playa Cabana Cantina,restaurant,PL_N5054381523,Old Toronto,1,1
ORG01499,Synthetic Restaurant 01499 @ Steam Whistle Brewing,restaurant,PL_N5054475322,Old Toronto,1,1
ORG01500,Synthetic Hotel 01500 @ Victoria's Mansion,hotel,PL_N5058550322,Old Toronto,1,1
ORG01501,Synthetic Retail 01501 @ JC Pharmacy,retail,PL_N5061254787,Old Toronto,1,1
ORG01502,Synthetic Restaurant 01502 @ Linh Anh,restaurant,PL_N5061254795,Old Toronto,1,1
ORG01503,Synthetic Restaurant 01503 @ Gerrard Square Food Court,restaurant,PL_N506350608,Old Toronto,1,1
ORG01504,Synthetic Hotel 01504 @ W Hotels,hotel,PL_N5064137025,Old Toronto,3,1
ORG01505,Synthetic Gym 01505 @ Toronto BJJ,gym,PL_N5069379323,Old Toronto,1,1
ORG01506,Synthetic Office 01506 @ Muscular Dystrophy Canada,office,PL_N5069673822,North York,1,1
ORG01507,Synthetic Office 01507 @ Corus Quay,office,PL_N5069699921,Old Toronto,1,1
ORG01508,Synthetic Office 01508 @ Tata Consultancy Services,office,PL_N5091609418,Old Toronto,1,1
ORG01509,"Synthetic Office 01509 @ Evan Soloman - MP, Toronto Centre",office,PL_N5110835032,Old Toronto,1,1
ORG01510,Synthetic Restaurant 01510 @ Roti Mahal,restaurant,PL_N5120625024,Old Toronto,1,1
ORG01511,Synthetic Restaurant 01511 @ 241 Pizza,restaurant,PL_N512544209,Old Toronto,1,1
ORG01512,Synthetic Retail 01512 @ The Locker Room,retail,PL_N5127180396,Vaughan,1,1
ORG01513,Synthetic Retail 01513 @ Global Pet Foods,retail,PL_N513610974,Old Toronto,1,1
ORG01514,Synthetic Office 01514 @ Jim Zhang Law Office,office,PL_N5145536134,Markham,1,1
ORG01515,Synthetic Restaurant 01515 @ Tutto Pronto,restaurant,PL_N5154125996,North York,1,1
ORG01516,Synthetic Retail 01516 @ Rogers,retail,PL_N5154126000,North York,1,1
ORG01517,Synthetic Retail 01517 @ The Home Interiors & Lifestyle,retail,PL_N5154126017,North York,1,1
ORG01518,Synthetic Gym 01518 @ XM Fitness,gym,PL_N5154126832,North York,1,1
ORG01519,Synthetic Gym 01519 @ Hardknocks Boxing Club,gym,PL_N515621602,Old Toronto,1,1
ORG01520,Synthetic Office 01520 @ the co-operators,office,PL_N5161264403,Old Toronto,1,1
ORG01521,Synthetic Restaurant 01521 @ Freshii,restaurant,PL_N5166313532,Brampton,1,1
ORG01522,Synthetic Cafe 01522 @ Tim Hortons,cafe,PL_N5166314124,Brampton,1,1
ORG01523,Synthetic Restaurant 01523 @ Plaza Premium Lounge,restaurant,PL_N5166413224,Brampton,1,1
ORG01524,Synthetic Office 01524 @ CPAP Living,office,PL_N5169424170,Old Toronto,1,1
ORG01525,Synthetic Office 01525 @ JRS College Of Business And Health Care Inc,office,PL_N5171322824,Scarborough,1,1
ORG01526,Synthetic Office 01526 @ Hyde Park Properties,office,PL_N5176791494,North York,1,1
ORG01527,Synthetic Retail 01527 @ Soft Moc,retail,PL_N5176791511,Old Toronto,1,1
ORG01528,Synthetic Restaurant 01528 @ Bigger’s Restaurant,restaurant,PL_N5181200162,Old Toronto,1,1
ORG01529,Synthetic Restaurant 01529 @ The Palms Jerk & Grill,restaurant,PL_N5184936108,Old Toronto,1,1
ORG01530,Synthetic Cafe 01530 @ The Stockyards Grind,cafe,PL_N5184936110,Old Toronto,1,1
ORG01531,Synthetic Retail 01531 @ Snuggle Bugz,retail,PL_N5184936115,Old Toronto,1,1
ORG01532,Synthetic Gym 01532 @ Anytime Fitness,gym,PL_N5184936117,Old Toronto,2,1
ORG01533,Synthetic Supermarket 01533 @ Marché Leo’s,supermarket,PL_N519921378,Old Toronto,1,1
ORG01534,Synthetic Gym 01534 @ Studio K-O,gym,PL_N5206463697,Old Toronto,1,1
ORG01535,Synthetic Cafe 01535 @ Real Fruit Bubble Tea,cafe,PL_N5220384806,Scarborough,1,1
ORG01536,Synthetic Office 01536 @ Next Steps Employment Centre,office,PL_N5223897945,North York,3,1
ORG01537,Synthetic Restaurant 01537 @ Pita Pit,restaurant,PL_N5249129253,Old Toronto,1,1
ORG01538,Synthetic Cafe 01538 @ Tim Hortons,cafe,PL_N5260039172,Markham,2,1
ORG01539,Synthetic Retail 01539 @ Superior Home Systems,retail,PL_N5262447517,North York,1,1
ORG01540,Synthetic Office 01540 @ 174 Spadina Avenue,office,PL_N5263930521,Old Toronto,1,1
ORG01541,Synthetic Retail 01541 @ Freedom Mobile,retail,PL_N5264935365,North York,1,1
ORG01542,Synthetic Cafe 01542 @ Yi Fang Tea,cafe,PL_N5264995539,Markham,2,1
ORG01543,Synthetic Retail 01543 @ Convenience Flowers,retail,PL_N5267141830,North York,1,1
ORG01544,Synthetic Restaurant 01544 @ Fuwa Fuwa Japanese Pancakes,restaurant,PL_N5268236421,Old Toronto,1,1
ORG01545,Synthetic Office 01545 @ PSR Brokerage,office,PL_N5272755618,Old Toronto,2,1
ORG01546,Synthetic Cafe 01546 @ Kung Fu Tea,cafe,PL_N5272994123,Old Toronto,1,1
ORG01547,Synthetic Restaurant 01547 @ Golden Turtle,restaurant,PL_N5278931424,Old Toronto,1,1
ORG01548,Synthetic Office 01548 @ ACE POS Solutions Ltd.,office,PL_N5292852321,North York,1,1
ORG01549,Synthetic Office 01549 @ Royal Accounting Corp,office,PL_N5297381764,North York,1,1
ORG01550,Synthetic Cafe 01550 @ Sava Crepes & Coffee,cafe,PL_N530783844,Old Toronto,1,1
ORG01551,Synthetic Office 01551 @ Centre for Social Innovation,office,PL_N5315765524,Old Toronto,1,1
ORG01552,Synthetic Office 01552 @ Rumy Gill - Mortgages In GTA,office,PL_N5321443571,Brampton,1,1
ORG01553,Synthetic Retail 01553 @ Ardene,retail,PL_N5323098537,Brampton,1,1
ORG01554,Synthetic Office 01554 @ Gelderland Ltd. Machine Shop,office,PL_N5334282122,Scarborough,1,1
ORG01555,Synthetic Supermarket 01555 @ Rabba,supermarket,PL_N534020591,Old Toronto,1,1
ORG01556,Synthetic Office 01556 @ Sedat Topcu - Mortgage Broker,office,PL_N5342243445,North York,1,1
ORG01557,Synthetic Cafe 01557 @ Tim Hortons,cafe,PL_N5345553359,North York,2,1
ORG01558,Synthetic Cafe 01558 @ Isabella's Donuts,cafe,PL_N5348818286,Old Toronto,1,1
ORG01559,Synthetic Cafe 01559 @ Manic Coffee,cafe,PL_N5366324122,Old Toronto,1,1
ORG01560,Synthetic Gym 01560 @ OSM gym N5367861826,gym,PL_N5367861826,Vaughan,2,1
ORG01561,Synthetic Supermarket 01561 @ Santo Fine Meat & Deli,supermarket,PL_N5368647056,North York,1,1
ORG01562,Synthetic Cafe 01562 @ Tim Hortons,cafe,PL_N5368912112,North York,1,1
ORG01563,Synthetic Retail 01563 @ Splendid Nails ltd.,retail,PL_N5368912114,North York,1,1
ORG01564,Synthetic Supermarket 01564 @ Ava Esfahan Food Market,supermarket,PL_N5368912117,North York,1,1
ORG01565,Synthetic Restaurant 01565 @ Gangnam Sushi,restaurant,PL_N5368912118,North York,1,1
ORG01566,Synthetic Office 01566 @ ArtsCan Circle,office,PL_N5372577218,Old Toronto,1,1
ORG01567,Synthetic Office 01567 @ n Architecture Inc,office,PL_N5379390974,North York,1,1
ORG01568,Synthetic Office 01568 @ The IELTS Prep Centre,office,PL_N5379390988,North York,1,1
ORG01569,Synthetic Supermarket 01569 @ Kitchen Table,supermarket,PL_N538159522,Old Toronto,1,1
ORG01570,Synthetic Restaurant 01570 @ Pizza Nova,restaurant,PL_N538717607,Old Toronto,1,1
ORG01571,Synthetic Office 01571 @ Motion Industries Inc,office,PL_N5396228022,Brampton,2,1
ORG01572,Synthetic Cafe 01572 @ Tim Hortons,cafe,PL_N5418969575,Old Toronto,1,1
ORG01573,Synthetic Office 01573 @ Arcturus Realty Corp,office,PL_N5424638521,Old Toronto,1,1
ORG01574,Synthetic Gym 01574 @ Conquer Fitness,gym,PL_N5424653321,Old Toronto,1,1
ORG01575,Synthetic Office 01575 @ Swansea Village Co-operative Inc,office,PL_N5427185921,Old Toronto,1,1
ORG01576,Synthetic Office 01576 @ CandyBit Social,office,PL_N5429171209,Old Toronto,1,1
ORG01577,Synthetic Restaurant 01577 @ Little Jerry,restaurant,PL_N5431559423,Old Toronto,1,1
ORG01578,Synthetic Retail 01578 @ Sheila's Shear Art,retail,PL_N5438198821,Old Toronto,1,1
ORG01579,Synthetic Retail 01579 @ Moberly Natural Foods,retail,PL_N5440194021,Old Toronto,1,1
ORG01580,Synthetic Office 01580 @ The Stop Community Food Centre,office,PL_N5440341721,Old Toronto,1,1
ORG01581,Synthetic Office 01581 @ Service Canada,office,PL_N5441763273,Old Toronto,1,1
ORG01582,Synthetic Office 01582 @ Service Canada,office,PL_N5441763274,Old Toronto,1,1
ORG01583,Synthetic Office 01583 @ Service Canada,office,PL_N5441763275,Old Toronto,3,1
ORG01584,Synthetic Office 01584 @ Immigration and Refugee Board of Canada,office,PL_N5441763276,Old Toronto,2,1
ORG01585,Synthetic Office 01585 @ Passport Office,office,PL_N5441763277,Scarborough,2,1
ORG01586,Synthetic Office 01586 @ Service Canada,office,PL_N5441763279,Scarborough,1,1
ORG01587,Synthetic Office 01587 @ Service Canada,office,PL_N5441888147,Old Toronto,1,1
ORG01588,Synthetic Retail 01588 @ Opticianado,retail,PL_N5442938038,Old Toronto,1,1
ORG01589,Synthetic Cafe 01589 @ Moments,cafe,PL_N5443328122,Old Toronto,1,1
ORG01590,Synthetic Cafe 01590 @ OSM cafe N544554088,cafe,PL_N544554088,Scarborough,1,1
ORG01591,Synthetic Retail 01591 @ Beadworks,retail,PL_N5445615837,Old Toronto,1,1
ORG01592,Synthetic Office 01592 @ Batay-Csorba Architects,office,PL_N5445754336,Old Toronto,1,1
ORG01593,Synthetic Retail 01593 @ Royal Lighting,retail,PL_N544651067,North York,1,1
ORG01594,Synthetic Cafe 01594 @ Starbucks,cafe,PL_N544664035,North York,1,1
ORG01595,Synthetic Cafe 01595 @ Jimmy's Coffee,cafe,PL_N5448317525,Old Toronto,1,1
ORG01596,Synthetic Office 01596 @ Markham Board Of Trade,office,PL_N5448475709,Markham,2,1
ORG01597,Synthetic Restaurant 01597 @ Amo's,restaurant,PL_N5457410121,Old Toronto,1,1
ORG01598,Synthetic Office 01598 @ Grace & Co.,office,PL_N5457436822,Old Toronto,1,1
ORG01599,Synthetic Office 01599 @ Hargraft Schofield Limited,office,PL_N5457575924,Old Toronto,1,1
ORG01600,Synthetic Restaurant 01600 @ Stacked,restaurant,PL_N5459831221,Old Toronto,1,1
ORG01601,Synthetic Office 01601 @ Diamond Schmitt Architects,office,PL_N5462911230,Old Toronto,1,1
ORG01602,Synthetic Gym 01602 @ FUNtastic Forest,gym,PL_N5464920623,Vaughan,1,1
ORG01603,Synthetic Retail 01603 @ Pretty Thingz,retail,PL_N5465041921,Markham,1,1
ORG01604,Synthetic Cafe 01604 @ Douce France,cafe,PL_N5467605638,Old Toronto,1,1
ORG01605,Synthetic Office 01605 @ H&R Block,office,PL_N5467605746,North York,1,1
ORG01606,Synthetic University 01606 @ Laurier,university,PL_N547498239,Old Toronto,11,1
ORG01607,Synthetic Cafe 01607 @ Contra Café,cafe,PL_N5476199331,Old Toronto,1,1
ORG01608,Synthetic Retail 01608 @ Soho Art & Custom Framing,retail,PL_N5476395722,Old Toronto,1,1
ORG01609,Synthetic Cafe 01609 @ Reunion Coffee Roasters,cafe,PL_N5478431221,Old Toronto,1,1
ORG01610,Synthetic Gym 01610 @ Moksha Yoga,gym,PL_N5478886799,Brampton,4,1
ORG01611,Synthetic Retail 01611 @ MyOlive,retail,PL_N5508784624,Old Toronto,1,1
ORG01612,Synthetic Office 01612 @ The Toronto Fringe Theatre Festival,office,PL_N5508823307,Old Toronto,1,1
ORG01613,Synthetic Cafe 01613 @ Boba Tea,cafe,PL_N5508838727,Old Toronto,1,1
ORG01614,Synthetic Gym 01614 @ Hart House Gym,gym,PL_N5543958814,Old Toronto,1,1
ORG01615,Synthetic Office 01615 @ Thornhill Foot Clinic,office,PL_N5558907089,North York,1,1
ORG01616,Synthetic Retail 01616 @ OSM retail N5581608385,retail,PL_N5581608385,North York,1,1
ORG01617,Synthetic Cafe 01617 @ A Corner Cafe,cafe,PL_N5594977293,North York,1,1
ORG01618,Synthetic Supermarket 01618 @ Sobeys,supermarket,PL_N560196733,North York,1,1
ORG01619,Synthetic Cafe 01619 @ Mos Mos,cafe,PL_N560227439,Old Toronto,1,1
ORG01620,Synthetic Cafe 01620 @ Mos Mos,cafe,PL_N560634706,Old Toronto,1,1
ORG01621,Synthetic Restaurant 01621 @ Subway,restaurant,PL_N561037791,North York,1,1
ORG01622,Synthetic Cafe 01622 @ Tim Hortons,cafe,PL_N5632878215,Old Toronto,1,1
ORG01623,Synthetic Retail 01623 @ Urban Cleaners,retail,PL_N565543441,North York,1,1
ORG01624,Synthetic Office 01624 @ IQOS,office,PL_N5658771340,North York,1,1
ORG01625,Synthetic Retail 01625 @ Reigning Champ,retail,PL_N5670812719,Old Toronto,1,1
ORG01626,Synthetic Office 01626 @ Menkes Condo Gallery,office,PL_N5675864740,North York,1,1
ORG01627,Synthetic Office 01627 @ Burnac,office,PL_N5678642917,Old Toronto,1,1
ORG01628,Synthetic Restaurant 01628 @ BBQ Express,restaurant,PL_N5682119644,Old Toronto,1,1
ORG01629,Synthetic Restaurant 01629 @ Chef of India,restaurant,PL_N569900782,Old Toronto,1,1
ORG01630,Synthetic Retail 01630 @ Baldassera Denture Clinic,retail,PL_N5705965621,North York,1,1
ORG01631,Synthetic Office 01631 @ Income Tax Services,office,PL_N5706021522,Vaughan,1,1
ORG01632,Synthetic Gym 01632 @ Before and After Fitness Club Inc.,gym,PL_N5706107521,Vaughan,1,1
ORG01633,Synthetic Office 01633 @ Advocacy Centre for the Elderly(ACE),office,PL_N5706121222,Old Toronto,1,1
ORG01634,Synthetic Gym 01634 @ Crunch Fitness,gym,PL_N5708791522,Old Toronto,1,1
ORG01635,Synthetic Retail 01635 @ Boyd's barber shop,retail,PL_N5709235622,Old Toronto,1,1
ORG01636,Synthetic Retail 01636 @ Potenza Meats,retail,PL_N5709288421,Vaughan,1,1
ORG01637,Synthetic Office 01637 @ C.I. Investments,office,PL_N5709312026,Old Toronto,1,1
ORG01638,Synthetic Retail 01638 @ New Maharani Jewellers,retail,PL_N5709322930,Vaughan,1,1
ORG01639,Synthetic Retail 01639 @ Coin Laundry,retail,PL_N5709486021,Vaughan,1,1
ORG01640,Synthetic Office 01640 @ Raj Kumar Narula- Chartered accountant,office,PL_N5709501522,Vaughan,1,1
ORG01641,Synthetic Supermarket 01641 @ Caribbean Groceries Meat and Fish,supermarket,PL_N5709566322,Vaughan,1,1
ORG01642,Synthetic Cafe 01642 @ Agenda Cafe,cafe,PL_N5717888821,Old Toronto,3,1
ORG01643,Synthetic Office 01643 @ Blue Moth Creative,office,PL_N5718021422,Old Toronto,2,1
ORG01644,Synthetic Office 01644 @ Kostman & Pyzer Barristers,office,PL_N5720831421,Old Toronto,1,1
ORG01645,Synthetic Retail 01645 @ People's Dry Cleaners,retail,PL_N5721034443,Old Toronto,1,1
ORG01646,Synthetic Office 01646 @ Royal Crown Jewellery,office,PL_N5721112421,Old Toronto,1,1
ORG01647,Synthetic Retail 01647 @ Alibi,retail,PL_N5721156024,Old Toronto,1,1
ORG01648,Synthetic Office 01648 @ Toronto Art,office,PL_N5721283776,North York,1,1
ORG01649,Synthetic Retail 01649 @ Liberal Jewellery,retail,PL_N5723280225,Old Toronto,1,1
ORG01650,Synthetic Cafe 01650 @ Northern Belle,cafe,PL_N5723546121,Old Toronto,1,1
ORG01651,Synthetic Retail 01651 @ Rose Garden Flowers & Gift,retail,PL_N5735282821,Old Toronto,1,1
ORG01652,Synthetic Retail 01652 @ Maple Leaf Convenience,retail,PL_N5741810847,Old Toronto,1,1
ORG01653,Synthetic Retail 01653 @ Christie Convenience,retail,PL_N575245006,Old Toronto,1,1
ORG01654,Synthetic Cafe 01654 @ Simit-Chi,cafe,PL_N575245026,Old Toronto,1,1
ORG01655,Synthetic Office 01655 @ easy financials,office,PL_N575248145,Old Toronto,1,1
ORG01656,Synthetic Office 01656 @ Boat Rocker Studios,office,PL_N5760409644,Old Toronto,1,1
ORG01657,Synthetic Retail 01657 @ OSM retail N577450041,retail,PL_N577450041,Old Toronto,1,1
ORG01658,Synthetic Gym 01658 @ IAM Yoga Pilates,gym,PL_N577454546,Old Toronto,1,1
ORG01659,Synthetic Restaurant 01659 @ Golden Rice Noodle,restaurant,PL_N5790583407,North York,1,1
ORG01660,Synthetic Restaurant 01660 @ El Gourmet,restaurant,PL_N579093049,Old Toronto,1,1
ORG01661,Synthetic Retail 01661 @ 376 Coin Laundry,retail,PL_N579253709,Old Toronto,1,1
ORG01662,Synthetic Retail 01662 @ V.I.P Tailor & Dry Cleaner,retail,PL_N579253714,Old Toronto,1,1
ORG01663,Synthetic Retail 01663 @ OJJJ's Variety,retail,PL_N579254437,Old Toronto,1,1
ORG01664,Synthetic Office 01664 @ Haddad Michael P,office,PL_N5796612753,Old Toronto,1,1
ORG01665,Synthetic Office 01665 @ Whitehead Agency Group,office,PL_N5802396004,North York,1,1
ORG01666,Synthetic Office 01666 @ CareerJoy | North York,office,PL_N5802396007,North York,1,1
ORG01667,Synthetic Office 01667 @ Transcontinental Publications,office,PL_N5802396009,North York,1,1
ORG01668,Synthetic Gym 01668 @ OSM gym N5817629053,gym,PL_N5817629053,Markham,1,1
ORG01669,Synthetic Gym 01669 @ Barre3,gym,PL_N582749841,Old Toronto,1,1
ORG01670,Synthetic Office 01670 @ HIROC,office,PL_N5832485425,North York,1,1
ORG01671,Synthetic Retail 01671 @ Yellow Drop,retail,PL_N5837364275,Old Toronto,1,1
ORG01672,Synthetic Restaurant 01672 @ Soufi's,restaurant,PL_N5837388917,Old Toronto,1,1
ORG01673,Synthetic Restaurant 01673 @ The Bagel House,restaurant,PL_N5838651789,North York,1,1
ORG01674,Synthetic Office 01674 @ W. G. Osborne Inc,office,PL_N5845481854,Vaughan,1,1
ORG01675,Synthetic Retail 01675 @ Shoppers Beauty Boutique,retail,PL_N5852575397,North York,1,1
ORG01676,Synthetic Retail 01676 @ OSM retail N5854778466,retail,PL_N5854778466,North York,1,1
ORG01677,Synthetic Cafe 01677 @ Mieluna Cafe,cafe,PL_N588338842,Old Toronto,1,1
ORG01678,"Synthetic Office 01678 @ Jerry Faivish, Barrister & Solicitor",office,PL_N5889022246,North York,1,1
ORG01679,Synthetic Retail 01679 @ Action Convenience,retail,PL_N5917075343,Vaughan,1,1
ORG01680,Synthetic University 01680 @ Brooklyn College,university,PL_N5925332816,Markham,2,1
ORG01681,Synthetic Restaurant 01681 @ Arepazo,restaurant,PL_N5925522449,Old Toronto,1,1
ORG01682,Synthetic Cafe 01682 @ Tiger Sugar,cafe,PL_N595495868,Old Toronto,1,1
ORG01683,Synthetic Cafe 01683 @ Tim Hortons,cafe,PL_N59566254,Old Toronto,1,1
ORG01684,Synthetic Cafe 01684 @ CoCo Fresh Tea & Juice,cafe,PL_N598103108,Old Toronto,1,1
ORG01685,Synthetic Supermarket 01685 @ FreshCo,supermarket,PL_N598103300,Old Toronto,1,1
ORG01686,Synthetic Cafe 01686 @ Rosey J Cafe,cafe,PL_N5986863969,North York,1,1
ORG01687,Synthetic Cafe 01687 @ Daigyo Cafe,cafe,PL_N5987043916,Scarborough,3,1
ORG01688,Synthetic Supermarket 01688 @ Longo's,supermarket,PL_N599896644,Vaughan,1,1
ORG01689,Synthetic Supermarket 01689 @ Food Basics,supermarket,PL_N599896656,Vaughan,1,1
ORG01690,Synthetic Retail 01690 @ 7-Eleven,retail,PL_N599897436,Vaughan,1,1
ORG01691,Synthetic Gym 01691 @ Fit4Less,gym,PL_N599897438,Vaughan,2,1
ORG01692,Synthetic Office 01692 @ Vaughan - Joint Operations Centre,office,PL_N600252817,Vaughan,1,1
ORG01693,Synthetic Office 01693 @ First Class Drones,office,PL_N6004395561,Old Toronto,1,1
ORG01694,Synthetic Office 01694 @ Jules Marketing & Design Inc.,office,PL_N6006655292,Old Toronto,1,1
ORG01695,Synthetic Cafe 01695 @ Tim Hortons,cafe,PL_N6008096825,North York,1,1
ORG01696,Synthetic Office 01696 @ Chand Snider LLP,office,PL_N6024062305,Old Toronto,1,1
ORG01697,Synthetic Cafe 01697 @ Tim Hortons,cafe,PL_N605209089,Old Toronto,1,1
ORG01698,Synthetic Restaurant 01698 @ Indian Streatfood,restaurant,PL_N6068842913,North York,1,1
ORG01699,Synthetic Hotel 01699 @ Madison Manor,hotel,PL_N60930917,Old Toronto,1,1
ORG01700,Synthetic Retail 01700 @ King West Eye Care,retail,PL_N6138154559,Old Toronto,1,1
ORG01701,Synthetic Retail 01701 @ Wine Rack,retail,PL_N6138154560,Old Toronto,1,1
ORG01702,Synthetic Retail 01702 @ Canvas Cannabis,retail,PL_N6169558995,Old Toronto,1,1
ORG01703,Synthetic Office 01703 @ Arts Etobicoke,office,PL_N6172072005,Old Toronto,1,1
ORG01704,Synthetic Office 01704 @ Acadamy of Math & English,office,PL_N6172170858,Old Toronto,1,1
ORG01705,Synthetic Office 01705 @ Starkman Law,office,PL_N6172170868,Old Toronto,1,1
ORG01706,Synthetic Office 01706 @ Access Abilities,office,PL_N6172970144,Old Toronto,1,1
ORG01707,Synthetic Office 01707 @ Ferma Import & Export,office,PL_N6173003700,Old Toronto,1,1
ORG01708,Synthetic Office 01708 @ Swan Products,office,PL_N6175092637,Old Toronto,1,1
ORG01709,Synthetic Retail 01709 @ Snack Express,retail,PL_N6175614778,Old Toronto,1,1
ORG01710,Synthetic Office 01710 @ Left Lane Associates,office,PL_N6175614779,Old Toronto,1,1
ORG01711,Synthetic Office 01711 @ Switches & Thangs,office,PL_N6175713509,Old Toronto,1,1
ORG01712,Synthetic Cafe 01712 @ Starbucks,cafe,PL_N618122806,Old Toronto,1,1
ORG01713,Synthetic Office 01713 @ Bosley Real Estate,office,PL_N6181447582,Old Toronto,1,1
ORG01714,Synthetic Retail 01714 @ Birds of North America,retail,PL_N6181447584,Old Toronto,1,1
ORG01715,Synthetic Retail 01715 @ 1186 Queen Street West,retail,PL_N6181451952,Old Toronto,1,1
ORG01716,Synthetic Restaurant 01716 @ Pizzaiolo,restaurant,PL_N6181451958,Old Toronto,1,1
ORG01717,Synthetic Cafe 01717 @ Major Treat Coffee,cafe,PL_N6181451964,Old Toronto,1,1
ORG01718,Synthetic Cafe 01718 @ Ama Ko Momo,cafe,PL_N6184565140,Old Toronto,1,1
ORG01719,Synthetic Office 01719 @ Thornhill Chinese Medicine Clinic,office,PL_N6191658178,North York,1,1
ORG01720,Synthetic Cafe 01720 @ Mercat del Carmen,cafe,PL_N6201102927,Old Toronto,1,1
ORG01721,Synthetic Gym 01721 @ GoodLife Fitness,gym,PL_N620375514,Old Toronto,1,1
ORG01722,Synthetic Cafe 01722 @ Tim Hortons,cafe,PL_N6226609525,Brampton,1,1
ORG01723,Synthetic Office 01723 @ Professional Engineers Ontario,office,PL_N6228053209,North York,1,1
ORG01724,Synthetic Gym 01724 @ Academy of Lions,gym,PL_N6240358402,Old Toronto,1,1
ORG01725,Synthetic Office 01725 @ Sage,office,PL_N6240358422,Old Toronto,1,1
ORG01726,Synthetic Gym 01726 @ Yogaspace,gym,PL_N6240358430,Old Toronto,1,1
ORG01727,Synthetic Retail 01727 @ Buffer Nails & Waxing,retail,PL_N6240360523,Old Toronto,1,1
ORG01728,Synthetic Restaurant 01728 @ Grill Dudes,restaurant,PL_N6240360541,Old Toronto,1,1
ORG01729,Synthetic Gym 01729 @ Boulderz Climbing Centre,gym,PL_N6268050078,Old Toronto,1,1
ORG01730,Synthetic Office 01730 @ North Macedonian Consulate General,office,PL_N6282953361,North York,1,1
ORG01731,Synthetic Office 01731 @ Ontario Virtual School,office,PL_N6285588952,North York,1,1
ORG01732,Synthetic Retail 01732 @ UnideLuxe,retail,PL_N6294585160,Old Toronto,1,1
ORG01733,Synthetic Restaurant 01733 @ Maezo,restaurant,PL_N6294585335,Old Toronto,1,1
ORG01734,Synthetic Office 01734 @ Ontario Investment and Trade Centre,office,PL_N6296608714,Old Toronto,2,1
ORG01735,Synthetic Gym 01735 @ ISK Karate,gym,PL_N6302674397,Old Toronto,2,1
ORG01736,Synthetic Office 01736 @ Oxford Learning,office,PL_N6302674401,Old Toronto,1,1
ORG01737,Synthetic Retail 01737 @ 801 Queen Street West,retail,PL_N6304072430,Old Toronto,1,1
ORG01738,Synthetic Office 01738 @ Mogo,office,PL_N6304072431,Old Toronto,1,1
ORG01739,Synthetic Retail 01739 @ Anti-Hero 13,retail,PL_N6304072445,Old Toronto,1,1
ORG01740,Synthetic Retail 01740 @ 1024 Dundas Street West,retail,PL_N6304072706,Old Toronto,1,1
ORG01741,Synthetic Retail 01741 @ 1134 Dundas Street West,retail,PL_N6304072715,Old Toronto,1,1
ORG01742,Synthetic Cafe 01742 @ Sonndr,cafe,PL_N6304072720,Old Toronto,2,1
ORG01743,Synthetic Gym 01743 @ Stretch Zone,gym,PL_N6304924235,Old Toronto,1,1
ORG01744,Synthetic Office 01744 @ Orrett Music Academy,office,PL_N6304924278,Old Toronto,1,1
ORG01745,Synthetic Office 01745 @ Tickens Furlani Real Estate,office,PL_N6306326489,Old Toronto,1,1
ORG01746,Synthetic Retail 01746 @ Luk Hair Studio,retail,PL_N6306326501,Old Toronto,1,1
ORG01747,"Synthetic Office 01747 @ Magyar, Bogle & O'Hara",office,PL_N6306357923,Old Toronto,1,1
ORG01748,Synthetic Office 01748 @ Edward Jones,office,PL_N6306357925,Old Toronto,1,1
ORG01749,Synthetic Office 01749 @ The Co-operators,office,PL_N6307475028,North York,1,1
ORG01750,Synthetic Retail 01750 @ The Bread Essentials,retail,PL_N6309928579,Old Toronto,1,1
ORG01751,Synthetic Office 01751 @ Brunga Law,office,PL_N6310065825,Old Toronto,1,1
ORG01752,Synthetic Restaurant 01752 @ Mr. Souvlaki,restaurant,PL_N6310130605,Old Toronto,1,1
ORG01753,Synthetic Retail 01753 @ Discounted Cannabis,retail,PL_N6310788379,Old Toronto,1,1
ORG01754,Synthetic Office 01754 @ Lifesaver 101,office,PL_N6310788381,Old Toronto,1,1
ORG01755,Synthetic Cafe 01755 @ Java Joe's,cafe,PL_N6310887984,Old Toronto,1,1
ORG01756,Synthetic Gym 01756 @ Fitness that Fits,gym,PL_N6313899858,Old Toronto,1,1
ORG01757,Synthetic Retail 01757 @ Pet Valu,retail,PL_N6313899867,Old Toronto,1,1
ORG01758,Synthetic Office 01758 @ Sutton Group,office,PL_N6313899872,Old Toronto,1,1
ORG01759,Synthetic Retail 01759 @ Ready Set Fetch,retail,PL_N6314004672,Old Toronto,1,1
ORG01760,Synthetic Retail 01760 @ Melrose Variety,retail,PL_N6314606865,Old Toronto,1,1
ORG01761,Synthetic Office 01761 @ Eglinton Crosstown West Extension Community Office,office,PL_N6315140376,Old Toronto,1,1
ORG01762,Synthetic Office 01762 @ The Co-operators,office,PL_N6315343241,Old Toronto,1,1
ORG01763,Synthetic Office 01763 @ First Call Personal Response Services,office,PL_N6317422599,Old Toronto,1,1
ORG01764,Synthetic Office 01764 @ HiSO,office,PL_N6317447462,Old Toronto,1,1
ORG01765,Synthetic Office 01765 @ Microskills,office,PL_N6318936241,North York,1,1
ORG01766,Synthetic Office 01766 @ Westown Consulting,office,PL_N6318936247,North York,1,1
ORG01767,Synthetic Retail 01767 @ Eyestyle Optical,retail,PL_N6318936250,North York,1,1
ORG01768,Synthetic Restaurant 01768 @ 2 for 1 Pizza,restaurant,PL_N6318936252,North York,1,1
ORG01769,Synthetic Office 01769 @ Eastern Canada High School,office,PL_N6318936253,North York,1,1
ORG01770,Synthetic Cafe 01770 @ Tim Hortons,cafe,PL_N6321380372,Old Toronto,1,1
ORG01771,Synthetic Retail 01771 @ La Paige Nails,retail,PL_N6321380485,Old Toronto,1,1
ORG01772,Synthetic Retail 01772 @ Sephora,retail,PL_N6321490753,Old Toronto,1,1
ORG01773,Synthetic Retail 01773 @ Club Monaco,retail,PL_N6323402035,Old Toronto,1,1
ORG01774,Synthetic Retail 01774 @ Kit + Ace,retail,PL_N6323402046,Old Toronto,1,1
ORG01775,Synthetic Retail 01775 @ Geox,retail,PL_N6323402049,Old Toronto,1,1
ORG01776,Synthetic Retail 01776 @ Prairies & Petals,retail,PL_N6323420482,Old Toronto,1,1
ORG01777,Synthetic Restaurant 01777 @ Poke by Sushi Shop,restaurant,PL_N6323492986,Old Toronto,2,1
ORG01778,Synthetic Supermarket 01778 @ Starfish Caribbean Market,supermarket,PL_N6324061450,Old Toronto,1,1
ORG01779,Synthetic Gym 01779 @ Fortides Pilates,gym,PL_N6325960642,Old Toronto,1,1
ORG01780,Synthetic Retail 01780 @ Jewel Envy,retail,PL_N6325961195,Old Toronto,1,1
ORG01781,Synthetic Retail 01781 @ Doll Factory by Damzels,retail,PL_N6328178439,Old Toronto,1,1
ORG01782,Synthetic Retail 01782 @ Tailoress,retail,PL_N6328178867,Old Toronto,1,1
ORG01783,Synthetic Cafe 01783 @ Ed's Real Scoop,cafe,PL_N6328179207,Old Toronto,1,1
ORG01784,Synthetic Retail 01784 @ Family Leather,retail,PL_N6334218973,Vaughan,1,1
ORG01785,Synthetic Office 01785 @ Century 21,office,PL_N6334218978,Vaughan,1,1
ORG01786,Synthetic Office 01786 @ Language Instruction for Newcomers to Canada,office,PL_N6334219389,Vaughan,1,1
ORG01787,Synthetic Retail 01787 @ XTC Designs,retail,PL_N6334228526,Vaughan,1,1
ORG01788,Synthetic Restaurant 01788 @ Subway,restaurant,PL_N6334254940,Vaughan,1,1
ORG01789,Synthetic Office 01789 @ Synergy Tax & Accounting,office,PL_N6334374243,Vaughan,1,1
ORG01790,Synthetic Supermarket 01790 @ FreshChoice Indian Supermarket,supermarket,PL_N6334392494,Vaughan,1,1
ORG01791,Synthetic Retail 01791 @ Grace Beauty Supplies & Salon,retail,PL_N6334432784,Vaughan,1,1
ORG01792,Synthetic Office 01792 @ Skill Realty Inc.,office,PL_N6334482680,Brampton,1,1
ORG01793,Synthetic Office 01793 @ Phatra Law Office,office,PL_N6334482681,Brampton,1,1
ORG01794,Synthetic Restaurant 01794 @ Wok of Asia,restaurant,PL_N6334487386,Brampton,1,1
ORG01795,Synthetic Gym 01795 @ Jimmy's Athletics,gym,PL_N6336544162,Old Toronto,1,1
ORG01796,Synthetic Restaurant 01796 @ Pizzaiolo,restaurant,PL_N6337090043,Old Toronto,1,1
ORG01797,Synthetic Cafe 01797 @ Hello Coffee,cafe,PL_N6340610376,Old Toronto,1,1
ORG01798,Synthetic Cafe 01798 @ Filosophy Pastry & Expresso Bar,cafe,PL_N6340696116,Old Toronto,1,1
ORG01799,Synthetic Cafe 01799 @ Ethio Natural Coffee,cafe,PL_N6340696118,Old Toronto,1,1
ORG01800,Synthetic Retail 01800 @ Frena Beauty Salon,retail,PL_N6340696126,Old Toronto,1,1
ORG01801,Synthetic Restaurant 01801 @ Sunset Grill,restaurant,PL_N6340918499,North York,1,1
ORG01802,Synthetic Retail 01802 @ Mary Jane’s Cannabis,retail,PL_N6340918501,North York,1,1
ORG01803,Synthetic Office 01803 @ AM Direct,office,PL_N6340988712,North York,1,1
ORG01804,Synthetic Gym 01804 @ Johnny Reps Gym,gym,PL_N6341397550,North York,2,1
ORG01805,Synthetic Retail 01805 @ The Workroom,retail,PL_N6341397582,Old Toronto,1,1
ORG01806,Synthetic Office 01806 @ Harjit Ghuman,office,PL_N6341484679,Brampton,2,1
ORG01807,Synthetic Office 01807 @ Nachdi Jawani,office,PL_N6341484687,Brampton,1,1
ORG01808,Synthetic Restaurant 01808 @ Happy Cub Bar & Restaurant,restaurant,PL_N6341503776,Old Toronto,1,1
ORG01809,Synthetic Retail 01809 @ SL Graphics & Printing,retail,PL_N6341503886,Old Toronto,1,1
ORG01810,Synthetic Gym 01810 @ Peel Tae Kwon Do,gym,PL_N6341941405,Brampton,1,1
ORG01811,Synthetic Office 01811 @ Brampton and Regional Islamic Centre,office,PL_N6341941423,Brampton,1,1
ORG01812,Synthetic Office 01812 @ HomeLife,office,PL_N6341941431,Brampton,1,1
ORG01813,Synthetic Office 01813 @ Desjardins Insurance,office,PL_N6341941432,Brampton,2,1
ORG01814,Synthetic Office 01814 @ Sunview College,office,PL_N6341947264,Brampton,1,1
ORG01815,Synthetic Supermarket 01815 @ Subzi Mandi Cash & Carry,supermarket,PL_N6341947267,Brampton,1,1
ORG01816,Synthetic Retail 01816 @ Neemzari Couture,retail,PL_N6341973943,Brampton,1,1
ORG01817,Synthetic Cafe 01817 @ Bap Bubble Tea,cafe,PL_N6342175888,Old Toronto,1,1
ORG01818,Synthetic Office 01818 @ Toronto Central Local Health Integration Network,office,PL_N6342200350,Old Toronto,1,1
ORG01819,Synthetic Office 01819 @ Mysak Realty Inc,office,PL_N6343121987,Old Toronto,1,1
ORG01820,Synthetic Cafe 01820 @ ThirdPlace,cafe,PL_N6343511085,Old Toronto,1,1
ORG01821,Synthetic Office 01821 @ Menzies & Von Bogen,office,PL_N6345010749,Old Toronto,1,1
ORG01822,Synthetic Restaurant 01822 @ Sad Songs Cantina,restaurant,PL_N6345455875,Old Toronto,1,1
ORG01823,Synthetic Gym 01823 @ Western Gate Martial Arts,gym,PL_N6348250425,Old Toronto,2,1
ORG01824,Synthetic Restaurant 01824 @ Dragon House Chinese Food,restaurant,PL_N6348250439,Old Toronto,1,1
ORG01825,Synthetic Office 01825 @ Bluekat Financial,office,PL_N6348250441,Old Toronto,1,1
ORG01826,Synthetic Restaurant 01826 @ Id Love Restaurant & Bar,restaurant,PL_N6348392717,Old Toronto,1,1
ORG01827,Synthetic Cafe 01827 @ Panino Cappuccino,cafe,PL_N6348433229,North York,1,1
ORG01828,Synthetic Retail 01828 @ 7 Day Coin Laundry,retail,PL_N6348433236,North York,1,1
ORG01829,Synthetic Gym 01829 @ Soul Fuel Fitness,gym,PL_N6348434802,Old Toronto,1,1
ORG01830,Synthetic Retail 01830 @ Finch Weston Smoke & Variety,retail,PL_N6348484106,Vaughan,1,1
ORG01831,Synthetic Office 01831 @ Pom Immigration,office,PL_N6348493746,North York,1,1
ORG01832,Synthetic Retail 01832 @ Envy Salon & Spa,retail,PL_N6348493748,Vaughan,1,1
ORG01833,Synthetic Retail 01833 @ MK Meats & West Indian Grocery,retail,PL_N6348638695,Vaughan,1,1
ORG01834,Synthetic Retail 01834 @ Number One Nails & Spa,retail,PL_N6348638702,Vaughan,1,1
ORG01835,Synthetic Cafe 01835 @ Bar Comunale Sport,cafe,PL_N6348657383,Vaughan,1,1
ORG01836,Synthetic Office 01836 @ Visions Personnel Services,office,PL_N6348659395,Vaughan,1,1
ORG01837,"Synthetic Office 01837 @ Judy Sgro, MP",office,PL_N6348675997,Vaughan,1,1
ORG01838,Synthetic Office 01838 @ The Real Estate Shop,office,PL_N6351463701,Old Toronto,2,1
ORG01839,Synthetic Restaurant 01839 @ African Chop Bar,restaurant,PL_N6352705195,Vaughan,1,1
ORG01840,Synthetic Retail 01840 @ Salerno's Men's & Ladies Hairstyling,retail,PL_N6352773243,Vaughan,1,1
ORG01841,Synthetic Retail 01841 @ Haley Nails and Spa,retail,PL_N6352773251,Vaughan,1,1
ORG01842,Synthetic Office 01842 @ JAT Law,office,PL_N6352818284,Vaughan,1,1
ORG01843,Synthetic Office 01843 @ Koreatown BIA,office,PL_N6353245389,Old Toronto,1,1
ORG01844,Synthetic Restaurant 01844 @ Daldongnae,restaurant,PL_N6353245394,Old Toronto,1,1
ORG01845,Synthetic Gym 01845 @ mosaic,gym,PL_N6354886589,Old Toronto,2,1
ORG01846,Synthetic Retail 01846 @ Annex Photo,retail,PL_N6354886597,Old Toronto,1,1
ORG01847,Synthetic Restaurant 01847 @ Ladurée,restaurant,PL_N6355104083,North York,1,1
ORG01848,Synthetic Retail 01848 @ Wash N' Wear Coin Laundry,retail,PL_N6355436262,North York,1,1
ORG01849,Synthetic Retail 01849 @ Trendi 4 Men,retail,PL_N6355436279,North York,1,1
ORG01850,Synthetic Retail 01850 @ Salvatore Ferragamo,retail,PL_N6355733671,North York,1,1
ORG01851,Synthetic Cafe 01851 @ Chatime,cafe,PL_N6356497976,North York,1,1
ORG01852,Synthetic Retail 01852 @ Global Communications,retail,PL_N6357163296,North York,1,1
ORG01853,Synthetic Retail 01853 @ Nail Lounge,retail,PL_N6357163314,North York,1,1
ORG01854,Synthetic Gym 01854 @ Downward Dog,gym,PL_N6358218178,Old Toronto,1,1
ORG01855,Synthetic Cafe 01855 @ Bloomer's,cafe,PL_N6358218785,Old Toronto,1,1
ORG01856,Synthetic Cafe 01856 @ Strange Love,cafe,PL_N6358218806,Old Toronto,1,1
ORG01857,Synthetic Gym 01857 @ Toronto Kickboxing & Muaythai Academy,gym,PL_N6358218818,Old Toronto,1,1
ORG01858,Synthetic Cafe 01858 @ Sud Forno,cafe,PL_N6358218850,Old Toronto,1,1
ORG01859,Synthetic Retail 01859 @ Natural Health Products,retail,PL_N6358489624,North York,1,1
ORG01860,Synthetic Restaurant 01860 @ Chicken Tender,restaurant,PL_N6359314433,North York,1,1
ORG01861,Synthetic Retail 01861 @ The Great Apparel Co.,retail,PL_N6359375695,Old Toronto,1,1
ORG01862,Synthetic Office 01862 @ Ghost Bureau,office,PL_N6359437466,Old Toronto,1,1
ORG01863,Synthetic Office 01863 @ Babiak Team Real Estate,office,PL_N6359447137,Old Toronto,1,1
ORG01864,Synthetic Restaurant 01864 @ Rábago,restaurant,PL_N6363116932,Old Toronto,1,1
ORG01865,Synthetic Retail 01865 @ Charm Nail Spa,retail,PL_N6363116942,Old Toronto,1,1
ORG01866,Synthetic Gym 01866 @ Yoga Grove,gym,PL_N6363116952,Old Toronto,1,1
ORG01867,Synthetic Office 01867 @ Vito Vesia Upholstery,office,PL_N6363176124,Old Toronto,2,1
ORG01868,Synthetic Retail 01868 @ Bangladesh Corner Variety,retail,PL_N6363749801,Old Toronto,1,1
ORG01869,Synthetic Retail 01869 @ Sun Convenience & Dry Cleaners,retail,PL_N6363938616,Old Toronto,1,1
ORG01870,Synthetic Retail 01870 @ Sam’s Barber Shop,retail,PL_N6365262300,Old Toronto,1,1
ORG01871,Synthetic Retail 01871 @ the Sofa Bed store,retail,PL_N6365262320,Old Toronto,1,1
ORG01872,Synthetic Office 01872 @ Mills Insurance Brokers,office,PL_N6365495234,Old Toronto,1,1
ORG01873,Synthetic Gym 01873 @ Orangetheory Fitness,gym,PL_N6365517895,Old Toronto,1,1
ORG01874,Synthetic Retail 01874 @ Art Town,retail,PL_N6366251204,Old Toronto,1,1
ORG01875,Synthetic Retail 01875 @ Snow White Dry Cleaners,retail,PL_N6367927563,North York,1,1
ORG01876,Synthetic Cafe 01876 @ Bailey's Cafe,cafe,PL_N6369142340,Old Toronto,1,1
ORG01877,Synthetic Retail 01877 @ 180 Smoke Vape Store,retail,PL_N6370629236,North York,1,1
ORG01878,Synthetic Retail 01878 @ Flowers by Trang,retail,PL_N6370629247,North York,1,1
ORG01879,Synthetic Retail 01879 @ Mix Max,retail,PL_N6370629256,North York,1,1
ORG01880,Synthetic Retail 01880 @ Ziwa Cell Phones & Computers,retail,PL_N6370888056,North York,1,1
ORG01881,Synthetic Retail 01881 @ Arya Tattoo,retail,PL_N6371048515,Old Toronto,1,1
ORG01882,Synthetic Cafe 01882 @ Cafe Paradise,cafe,PL_N6371361179,Old Toronto,1,1
ORG01883,Synthetic Office 01883 @ Oliver Wyman,office,PL_N6372905179,Old Toronto,1,1
ORG01884,Synthetic Restaurant 01884 @ Popeyes,restaurant,PL_N6373194144,Vaughan,1,1
ORG01885,Synthetic Retail 01885 @ My Eyes Optical,retail,PL_N6373214280,Vaughan,1,1
ORG01886,Synthetic Retail 01886 @ The Outlet Mart,retail,PL_N6373239278,Vaughan,1,1
ORG01887,Synthetic Office 01887 @ Next-Steps Employment Centre,office,PL_N6373239279,Vaughan,1,1
ORG01888,Synthetic Office 01888 @ isure,office,PL_N6373239280,Vaughan,1,1
ORG01889,Synthetic Retail 01889 @ NirVana,retail,PL_N6373239282,Vaughan,1,1
ORG01890,Synthetic Office 01890 @ SPAR-Marathon Roofing Supplies,office,PL_N6373324125,Old Toronto,1,1
ORG01891,Synthetic Office 01891 @ Mortgage Scout,office,PL_N6375000283,Old Toronto,1,1
ORG01892,Synthetic Office 01892 @ Inner Luxe,office,PL_N6376145766,Old Toronto,1,1
ORG01893,Synthetic Retail 01893 @ OSM retail N6382259856,retail,PL_N6382259856,Old Toronto,1,1
ORG01894,Synthetic Retail 01894 @ Lorra's Beauty Salon,retail,PL_N6382389300,Old Toronto,1,1
ORG01895,Synthetic Retail 01895 @ Soulo Studio,retail,PL_N6382389302,Old Toronto,1,1
ORG01896,Synthetic Office 01896 @ Multi Services Enterprise,office,PL_N6383661548,Old Toronto,1,1
ORG01897,Synthetic Office 01897 @ Vasco Realty Ltd. Brokerage,office,PL_N6383661549,Old Toronto,1,1
ORG01898,Synthetic Retail 01898 @ Nacré Hair Studio,retail,PL_N6383662873,Old Toronto,1,1
ORG01899,Synthetic Office 01899 @ Serbian Heritage Academy of Canada,office,PL_N6384674985,Old Toronto,1,1
ORG01900,Synthetic Retail 01900 @ Kaya Home Décor,retail,PL_N6386093040,Old Toronto,1,1
ORG01901,Synthetic Retail 01901 @ OSM retail N6386093049,retail,PL_N6386093049,Old Toronto,1,1
ORG01902,Synthetic Gym 01902 @ F45 Training,gym,PL_N6386854894,Old Toronto,1,1
ORG01903,Synthetic Cafe 01903 @ Wallace Espresso,cafe,PL_N6386975388,Old Toronto,1,1
ORG01904,Synthetic Gym 01904 @ Upeksha Yoga,gym,PL_N6386975390,Old Toronto,1,1
ORG01905,Synthetic Retail 01905 @ Gents of Verona,retail,PL_N6386975405,Old Toronto,1,1
ORG01906,Synthetic Retail 01906 @ Wine Rack,retail,PL_N6386975407,Old Toronto,1,1
ORG01907,Synthetic Restaurant 01907 @ Tabemashou!,restaurant,PL_N6394858413,Old Toronto,1,1
ORG01908,Synthetic Retail 01908 @ Showcase,retail,PL_N6394858420,Old Toronto,1,1
ORG01909,Synthetic Retail 01909 @ Coco Shoes outlet,retail,PL_N6394858428,Old Toronto,1,1
ORG01910,Synthetic Retail 01910 @ Exotic Snax GTA,retail,PL_N6401675740,Old Toronto,1,1
ORG01911,Synthetic Retail 01911 @ 1105 Queen Street East,retail,PL_N6402291800,Old Toronto,1,1
ORG01912,Synthetic Gym 01912 @ Orangetheory Fitness,gym,PL_N6404321532,Old Toronto,1,1
ORG01913,Synthetic Office 01913 @ Hub Equipment,office,PL_N6415245494,Old Toronto,1,1
ORG01914,Synthetic Office 01914 @ Flap & Seal Envolopes,office,PL_N6415245495,Old Toronto,1,1
ORG01915,Synthetic Office 01915 @ General Cartage,office,PL_N6415245497,Old Toronto,1,1
ORG01916,Synthetic Restaurant 01916 @ Yuzu No Hana,restaurant,PL_N6415420664,Old Toronto,1,1
ORG01917,Synthetic Office 01917 @ Rosen Sunshine LLP,office,PL_N6415420668,Old Toronto,1,1
ORG01918,Synthetic Restaurant 01918 @ Booster Juice,restaurant,PL_N6416323947,Old Toronto,1,1
ORG01919,Synthetic Office 01919 @ Pure Adrenaline,office,PL_N6416323952,Old Toronto,1,1
ORG01920,"Synthetic Office 01920 @ Matson, McConnell Land Management Group",office,PL_N6416453274,Old Toronto,1,1
ORG01921,Synthetic Retail 01921 @ Images Hairstyling,retail,PL_N6418658781,Old Toronto,1,1
ORG01922,Synthetic Office 01922 @ Jamesbridge Tax Accountants,office,PL_N6418658784,Old Toronto,1,1
ORG01923,Synthetic Office 01923 @ Norman W Tomas,office,PL_N6418684808,Old Toronto,1,1
ORG01924,Synthetic Office 01924 @ Staffy Health,office,PL_N6419730380,Old Toronto,1,1
ORG01925,Synthetic Gym 01925 @ 161 Boxing Club,gym,PL_N6419859642,Old Toronto,2,1
ORG01926,Synthetic Office 01926 @ Wasbi Media Group,office,PL_N6422118762,Old Toronto,1,1
ORG01927,Synthetic Office 01927 @ Irving Snitman,office,PL_N6423814889,Old Toronto,1,1
ORG01928,Synthetic Office 01928 @ RE/MAX,office,PL_N6423958627,Old Toronto,1,1
ORG01929,Synthetic Office 01929 @ Code for Canada,office,PL_N6426770908,Old Toronto,1,1
ORG01930,Synthetic Retail 01930 @ Miniso,retail,PL_N6433351289,Old Toronto,1,1
ORG01931,Synthetic Office 01931 @ Link Us,office,PL_N6433470895,Old Toronto,1,1
ORG01932,Synthetic Cafe 01932 @ Starbucks,cafe,PL_N6434550073,Old Toronto,1,1
ORG01933,Synthetic Restaurant 01933 @ Matka Biryani House,restaurant,PL_N6444231663,Old Toronto,1,1
ORG01934,Synthetic Office 01934 @ Bratton Scenery and Display Limited,office,PL_N6448767789,Old Toronto,1,1
ORG01935,Synthetic Office 01935 @ Setless Architecture,office,PL_N6455957419,Old Toronto,1,1
ORG01936,Synthetic Retail 01936 @ Expedia Cruises,retail,PL_N6456644691,Old Toronto,1,1
ORG01937,Synthetic Retail 01937 @ Mocar Auto Repairs Inc,retail,PL_N6465507585,Old Toronto,1,1
ORG01938,Synthetic Retail 01938 @ Max Auto Supply,retail,PL_N6467113591,Old Toronto,1,1
ORG01939,Synthetic Office 01939 @ Croatian Electric,office,PL_N6467153247,Old Toronto,1,1
ORG01940,Synthetic Office 01940 @ Premium Health Solutions,office,PL_N6468793361,Old Toronto,1,1
ORG01941,Synthetic Retail 01941 @ Am2Pm Express Market,retail,PL_N6468845403,Old Toronto,1,1
ORG01942,Synthetic Restaurant 01942 @ Craig's Cookies,restaurant,PL_N6481876639,Old Toronto,1,1
ORG01943,Synthetic Office 01943 @ William Anderson,office,PL_N6481876648,Old Toronto,1,1
ORG01944,Synthetic Office 01944 @ Parkdale Community Legal Services,office,PL_N6481876649,Old Toronto,1,1
ORG01945,Synthetic Office 01945 @ Canada Gangtou Fellowship Association,office,PL_N6483208706,Old Toronto,1,1
ORG01946,Synthetic Office 01946 @ A Nerd's World,office,PL_N6483208747,Old Toronto,2,1
ORG01947,Synthetic Supermarket 01947 @ Hua Sheng Supermarket,supermarket,PL_N6483209308,Old Toronto,1,1
ORG01948,Synthetic Office 01948 @ Wilcox Signs,office,PL_N6491077949,Old Toronto,2,1
ORG01949,Synthetic Office 01949 @ Dominion Lending Centres,office,PL_N6491236579,Old Toronto,2,1
ORG01950,Synthetic Retail 01950 @ Stan's Garden Equipment,retail,PL_N6491236583,Old Toronto,1,1
ORG01951,Synthetic Restaurant 01951 @ Dundas Pizza,restaurant,PL_N6491236692,Old Toronto,1,1
ORG01952,Synthetic Office 01952 @ Z&Z Accounting & Income Tax,office,PL_N6491236697,Old Toronto,1,1
ORG01953,Synthetic Retail 01953 @ Satisfaction Spa and Skin Therapy,retail,PL_N6491294171,Old Toronto,1,1
ORG01954,Synthetic Retail 01954 @ Benjamin Moore,retail,PL_N6491320423,Old Toronto,1,1
ORG01955,Synthetic Retail 01955 @ Dollar Bazaar & Discount,retail,PL_N6491357305,Old Toronto,2,1
ORG01956,Synthetic Retail 01956 @ 2837 Dundas Street West,retail,PL_N6491618252,Old Toronto,1,1
ORG01957,Synthetic Retail 01957 @ Toronto Orthopedic Services,retail,PL_N6491618253,Old Toronto,1,1
ORG01958,Synthetic Retail 01958 @ AQ Barber & Hairstylist,retail,PL_N6493349393,Old Toronto,1,1
ORG01959,Synthetic Cafe 01959 @ Larry's Place,cafe,PL_N6495425602,Old Toronto,1,1
ORG01960,Synthetic Retail 01960 @ Queen Nails & Spa,retail,PL_N6495425603,Old Toronto,1,1
ORG01961,Synthetic Retail 01961 @ Queen Fresh Market,retail,PL_N6495425604,Old Toronto,1,1
ORG01962,Synthetic Retail 01962 @ Hound & Purr,retail,PL_N6509946331,Old Toronto,1,1
ORG01963,Synthetic Supermarket 01963 @ Sobeys Urban Fresh,supermarket,PL_N6512005429,Old Toronto,1,1
ORG01964,Synthetic Office 01964 @ ITD,office,PL_N6525130540,Old Toronto,1,1
ORG01965,Synthetic Office 01965 @ King's Display,office,PL_N6528691664,Old Toronto,1,1
ORG01966,Synthetic Office 01966 @ Hoame,office,PL_N6528691665,Old Toronto,1,1
ORG01967,Synthetic Gym 01967 @ Barre3,gym,PL_N6528691666,Old Toronto,1,1
ORG01968,Synthetic Retail 01968 @ Toronto Image Works,retail,PL_N6528691704,Old Toronto,1,1
ORG01969,Synthetic Cafe 01969 @ Mos Mos,cafe,PL_N6532307631,Old Toronto,1,1
ORG01970,Synthetic Office 01970 @ TransHelp,office,PL_N6532784882,Brampton,1,1
ORG01971,Synthetic Retail 01971 @ Fossil,retail,PL_N6534515462,Vaughan,1,1
ORG01972,Synthetic Restaurant 01972 @ Bourbon St. Grill,restaurant,PL_N6534515475,Vaughan,1,1
ORG01973,Synthetic Retail 01973 @ Lacoste,retail,PL_N6534527555,Vaughan,1,1
ORG01974,Synthetic Restaurant 01974 @ South Street Burger,restaurant,PL_N6535127740,Vaughan,1,1
ORG01975,Synthetic Retail 01975 @ La Vie en Rose,retail,PL_N6535211970,Vaughan,1,1
ORG01976,Synthetic Retail 01976 @ Kids Foot Locker,retail,PL_N6535236510,Vaughan,1,1
ORG01977,Synthetic Retail 01977 @ JD,retail,PL_N6535236514,Vaughan,1,1
ORG01978,Synthetic Retail 01978 @ La Senza,retail,PL_N6535236526,Vaughan,1,1
ORG01979,Synthetic Retail 01979 @ Torrid,retail,PL_N6535236529,Vaughan,1,1
ORG01980,Synthetic Retail 01980 @ Belize,retail,PL_N6538304663,North York,1,1
ORG01981,Synthetic Retail 01981 @ Clarity Optical,retail,PL_N6538304679,North York,1,1
ORG01982,Synthetic Retail 01982 @ H&M,retail,PL_N6542536256,Vaughan,1,1
ORG01983,Synthetic Retail 01983 @ Vivah,retail,PL_N6542536258,Vaughan,1,1
ORG01984,Synthetic Cafe 01984 @ Centro Cafe,cafe,PL_N6542570335,Vaughan,1,1
ORG01985,Synthetic Restaurant 01985 @ KFC,restaurant,PL_N6542570343,Vaughan,1,1
ORG01986,Synthetic Retail 01986 @ Whitfield's,retail,PL_N6543811674,Vaughan,1,1
ORG01987,Synthetic Retail 01987 @ M Boutique,retail,PL_N6543821802,Vaughan,1,1
ORG01988,Synthetic Retail 01988 @ Soft Moc,retail,PL_N6543841088,Vaughan,1,1
ORG01989,Synthetic Retail 01989 @ Fruit of the Land,retail,PL_N6543841089,Vaughan,1,1
ORG01990,Synthetic Retail 01990 @ Diamond Cleaners,retail,PL_N6543870201,North York,1,1
ORG01991,Synthetic Restaurant 01991 @ Get & Go Burrito,restaurant,PL_N6543870356,North York,1,1
ORG01992,Synthetic Office 01992 @ Global Logistics,office,PL_N6543870360,North York,1,1
ORG01993,Synthetic Cafe 01993 @ Real Fruit Bubble Tea,cafe,PL_N6545238873,North York,1,1
ORG01994,Synthetic Cafe 01994 @ Cafe on the Go,cafe,PL_N6545307525,North York,2,1
ORG01995,Synthetic Retail 01995 @ Accents,retail,PL_N6545342841,North York,1,1
ORG01996,Synthetic Cafe 01996 @ Chaplus,cafe,PL_N6545342849,North York,1,1
ORG01997,Synthetic Retail 01997 @ Bianca,retail,PL_N6545342858,North York,1,1
ORG01998,Synthetic Retail 01998 @ One's Better Living,retail,PL_N6545342868,North York,1,1
ORG01999,Synthetic Gym 01999 @ Fit4Less,gym,PL_N6545342870,North York,1,1
ORG02000,Synthetic Office 02000 @ HB Media,office,PL_N6545539546,North York,1,1
ORG02001,Synthetic Retail 02001 @ Cut 4 Style,retail,PL_N6545539572,North York,1,1
ORG02002,Synthetic Office 02002 @ Bookeeping Bizz,office,PL_N6545575961,North York,1,1
ORG02003,Synthetic Restaurant 02003 @ Rosa Chilena,restaurant,PL_N6545586941,North York,1,1
ORG02004,Synthetic Restaurant 02004 @ Lovely Pao,restaurant,PL_N6545586942,North York,1,1
ORG02005,Synthetic Restaurant 02005 @ Lucky Wok Restaurant,restaurant,PL_N6545586950,North York,1,1
ORG02006,Synthetic Office 02006 @ Job Connection,office,PL_N6545677393,North York,1,1
ORG02007,Synthetic Office 02007 @ Toronto Shipping,office,PL_N6545677394,North York,1,1
ORG02008,Synthetic Office 02008 @ Spiegal & Associates,office,PL_N6545677403,North York,1,1
ORG02009,Synthetic Office 02009 @ Liberty Tax,office,PL_N6545677408,North York,1,1
ORG02010,Synthetic Office 02010 @ Kangaroo Promotions,office,PL_N6545684813,North York,1,1
ORG02011,Synthetic Retail 02011 @ Beauchamp Art Gallery,retail,PL_N6546010580,Old Toronto,1,1
ORG02012,Synthetic Cafe 02012 @ Tim Hortons,cafe,PL_N6546233079,North York,1,1
ORG02013,Synthetic Restaurant 02013 @ Wendy's,restaurant,PL_N6546274462,Scarborough,1,1
ORG02014,Synthetic Restaurant 02014 @ Kernels Popcorn,restaurant,PL_N6546274464,North York,1,1
ORG02015,Synthetic Office 02015 @ James Maloney,office,PL_N6546361972,Old Toronto,1,1
ORG02016,Synthetic Restaurant 02016 @ KFC,restaurant,PL_N6546638573,Brampton,1,1
ORG02017,Synthetic Retail 02017 @ SS Auto,retail,PL_N6547194178,Vaughan,1,1
ORG02018,Synthetic Retail 02018 @ Global Auto Parts,retail,PL_N6547194182,Vaughan,1,1
ORG02019,Synthetic Retail 02019 @ Universal Picture Framing,retail,PL_N6547252190,Vaughan,1,1
ORG02020,Synthetic Office 02020 @ Nordale,office,PL_N6547252193,Vaughan,1,1
ORG02021,Synthetic Office 02021 @ Opus Employment,office,PL_N6547252195,Vaughan,1,1
ORG02022,Synthetic Restaurant 02022 @ Mumma's Burritos,restaurant,PL_N6547808724,Brampton,1,1
ORG02023,Synthetic Retail 02023 @ Shangri-La,retail,PL_N6547808727,Brampton,1,1
ORG02024,Synthetic Office 02024 @ Service Ontario,office,PL_N6547808730,Brampton,1,1
ORG02025,Synthetic Restaurant 02025 @ Gino's Pizza,restaurant,PL_N6547837591,Brampton,1,1
ORG02026,Synthetic Office 02026 @ Goldline Staffing,office,PL_N6547874084,Brampton,1,1
ORG02027,Synthetic Retail 02027 @ Penningtons,retail,PL_N6547908159,Brampton,1,1
ORG02028,Synthetic Gym 02028 @ Fit4Less,gym,PL_N6547917547,Brampton,1,1
ORG02029,Synthetic Office 02029 @ Fairstone Financial,office,PL_N6547925937,Brampton,2,1
ORG02030,Synthetic Office 02030 @ Tax Magic,office,PL_N6547986937,Brampton,1,1
ORG02031,Synthetic Office 02031 @ Talent Connect,office,PL_N6548078860,Brampton,1,1
ORG02032,Synthetic Gym 02032 @ Body+Soul Fitness,gym,PL_N6548219493,Old Toronto,2,1
ORG02033,Synthetic Office 02033 @ Zimmerman Associates,office,PL_N6548220172,North York,1,1
ORG02034,Synthetic Retail 02034 @ Expedia CruiseshipCentres,retail,PL_N6548307610,North York,1,1
ORG02035,Synthetic Office 02035 @ Anthony's Espresso Equipment,office,PL_N6548307620,North York,2,1
ORG02036,Synthetic Supermarket 02036 @ Matthieu’s Food Shoppe,supermarket,PL_N6548329622,North York,3,1
ORG02037,Synthetic Office 02037 @ Best Care Academy,office,PL_N6548329637,North York,1,1
ORG02038,Synthetic Office 02038 @ Signarama,office,PL_N6548329638,North York,2,1
ORG02039,Synthetic Office 02039 @ Patronato Inca,office,PL_N6548584911,North York,1,1
ORG02040,Synthetic Retail 02040 @ The Fireplace Company,retail,PL_N6549452003,North York,1,1
ORG02041,Synthetic Restaurant 02041 @ Beautiful City Restaurant,restaurant,PL_N6549452007,North York,1,1
ORG02042,Synthetic Office 02042 @ Liut,office,PL_N6549480726,North York,1,1
ORG02043,Synthetic Retail 02043 @ Wholesale Prices Cleaners,retail,PL_N6549482189,North York,1,1
ORG02044,"Synthetic Office 02044 @ Robin Martin, MPP",office,PL_N6549482210,North York,1,1
ORG02045,Synthetic Office 02045 @ The Immigration Company,office,PL_N6549482217,North York,1,1
ORG02046,Synthetic Retail 02046 @ Paris Nails,retail,PL_N6549657696,Old Toronto,1,1
ORG02047,Synthetic Retail 02047 @ Vari Coffee Deli & Variety Store,retail,PL_N6549657697,Old Toronto,1,1
ORG02048,Synthetic Restaurant 02048 @ Sheryl's: Authentic Caribbean Cuisine,restaurant,PL_N6549779029,Old Toronto,1,1
ORG02049,Synthetic Retail 02049 @ Timbuktu Market,retail,PL_N6549810023,Old Toronto,1,1
ORG02050,Synthetic Office 02050 @ York-Eglinton BIA,office,PL_N6550466753,Old Toronto,1,1
ORG02051,Synthetic Office 02051 @ Nexim,office,PL_N6550503669,Old Toronto,1,1
ORG02052,Synthetic Cafe 02052 @ Queen Bean Coffee Roasters,cafe,PL_N6550554148,Old Toronto,1,1
ORG02053,Synthetic Office 02053 @ Tesla Fire Systems,office,PL_N6551544265,Old Toronto,1,1
ORG02054,Synthetic Office 02054 @ Mortgage Edge,office,PL_N6551615785,Old Toronto,1,1
ORG02055,Synthetic Retail 02055 @ Stanley's Variety and Grocery,retail,PL_N6551615802,Old Toronto,1,1
ORG02056,Synthetic Cafe 02056 @ Club 285,cafe,PL_N6551651370,North York,2,1
ORG02057,Synthetic Cafe 02057 @ Central Cafe,cafe,PL_N6551656546,Old Toronto,1,1
ORG02058,Synthetic Office 02058 @ MAKO Design + Invent,office,PL_N6551673031,Old Toronto,1,1
ORG02059,Synthetic Office 02059 @ Gardia,office,PL_N6551695028,Vaughan,1,1
ORG02060,Synthetic Office 02060 @ Dixon Drywall,office,PL_N6551695033,Vaughan,1,1
ORG02061,Synthetic Office 02061 @ Probus Logistics,office,PL_N6551695036,Vaughan,1,1
ORG02062,Synthetic Office 02062 @ Heritage Tile,office,PL_N6551695037,Vaughan,2,1
ORG02063,Synthetic Office 02063 @ Mobile Climate Control,office,PL_N6551711419,Vaughan,1,1
ORG02064,Synthetic Office 02064 @ ND Graphics,office,PL_N6551711422,Vaughan,1,1
ORG02065,Synthetic Retail 02065 @ Kids Village,retail,PL_N6551949954,Brampton,1,1
ORG02066,Synthetic Retail 02066 @ Shingaar,retail,PL_N6552111897,Brampton,1,1
ORG02067,Synthetic Cafe 02067 @ Tim Hortons,cafe,PL_N6554627497,Brampton,1,1
ORG02068,Synthetic Office 02068 @ Advance HR,office,PL_N6554677025,Brampton,1,1
ORG02069,Synthetic Retail 02069 @ Leo Electronics,retail,PL_N6554677026,Brampton,1,1
ORG02070,Synthetic Retail 02070 @ Y.H. Convenience,retail,PL_N6554677033,Brampton,1,1
ORG02071,Synthetic Retail 02071 @ Saloni Beauty Salon,retail,PL_N6554677037,Brampton,1,1
ORG02072,Synthetic Supermarket 02072 @ Sommer Market,supermarket,PL_N6554677046,Brampton,1,1
ORG02073,Synthetic Office 02073 @ Residential Heating Ventilation Contractors Association,office,PL_N6554841589,Vaughan,1,1
ORG02074,Synthetic Office 02074 @ FNA Pas,office,PL_N6554855491,Vaughan,1,1
ORG02075,Synthetic Office 02075 @ SAS-Pointline,office,PL_N6554893300,Vaughan,1,1
ORG02076,Synthetic Office 02076 @ Ancasterpope advertising,office,PL_N6554893305,Vaughan,1,1
ORG02077,Synthetic Office 02077 @ Sutton Group,office,PL_N6558113008,Vaughan,2,1
ORG02078,Synthetic Office 02078 @ RE/MAX,office,PL_N6558113016,Vaughan,2,1
ORG02079,Synthetic Retail 02079 @ Mister Transmission,retail,PL_N6559189378,Vaughan,1,1
ORG02080,Synthetic Retail 02080 @ Hammam Spa by Cela,retail,PL_N6561094164,North York,1,1
ORG02081,Synthetic Retail 02081 @ Crystal Custom Cleaners,retail,PL_N6561283485,Vaughan,1,1
ORG02082,Synthetic Office 02082 @ L.S.F. Group of Companies,office,PL_N6561364594,Vaughan,1,1
ORG02083,Synthetic Office 02083 @ Prime Depot,office,PL_N6561364595,Vaughan,1,1
ORG02084,Synthetic Office 02084 @ York Facility Services,office,PL_N6561364609,Vaughan,1,1
ORG02085,Synthetic Cafe 02085 @ Aroma Espresso Bar,cafe,PL_N6561482348,Vaughan,1,1
ORG02086,Synthetic Retail 02086 @ Print Three,retail,PL_N6561482375,Vaughan,1,1
ORG02087,Synthetic Restaurant 02087 @ Koganei,restaurant,PL_N6561487994,Vaughan,1,1
ORG02088,Synthetic Retail 02088 @ Vaughan Vacuum,retail,PL_N6561488003,Vaughan,1,1
ORG02089,Synthetic Retail 02089 @ Coventry North Land Rover,retail,PL_N6561539258,Vaughan,1,1
ORG02090,Synthetic Retail 02090 @ Penningtons,retail,PL_N6561911453,Vaughan,1,1
ORG02091,Synthetic Retail 02091 @ Bell,retail,PL_N6565345436,Richmond Hill,1,1
ORG02092,Synthetic Retail 02092 @ Sport Chek,retail,PL_N6565345441,Richmond Hill,1,1
ORG02093,Synthetic Restaurant 02093 @ Szechuan Express,restaurant,PL_N6565345448,Richmond Hill,1,1
ORG02094,Synthetic Retail 02094 @ Sunglass Hut,retail,PL_N6565376654,Richmond Hill,1,1
ORG02095,Synthetic Office 02095 @ Siemans,office,PL_N6565391644,Vaughan,1,1
ORG02096,Synthetic Office 02096 @ RR Logistics,office,PL_N6565391648,Vaughan,1,1
ORG02097,Synthetic Office 02097 @ Deco Homes,office,PL_N6565391653,Vaughan,1,1
ORG02098,Synthetic Office 02098 @ Kidde,office,PL_N6565904324,Vaughan,1,1
ORG02099,Synthetic Office 02099 @ Credible Hospitality,office,PL_N6565904335,Vaughan,1,1
ORG02100,Synthetic Gym 02100 @ Coliseum Golden Gloves,gym,PL_N6565973709,Vaughan,1,1
ORG02101,Synthetic Gym 02101 @ Renshusei Martial Arts,gym,PL_N6565973716,Vaughan,2,1
ORG02102,Synthetic Restaurant 02102 @ Villa Madina,restaurant,PL_N6567866466,Old Toronto,1,1
ORG02103,Synthetic Retail 02103 @ Reitmans,retail,PL_N6568142490,Old Toronto,1,1
ORG02104,Synthetic Retail 02104 @ WirelessWave,retail,PL_N6568160912,Old Toronto,1,1
ORG02105,Synthetic Retail 02105 @ Tbooth Wireless,retail,PL_N6568160915,Old Toronto,1,1
ORG02106,Synthetic Office 02106 @ Dufferin Mall Management Office,office,PL_N6568160929,Old Toronto,1,1
ORG02107,Synthetic Retail 02107 @ Ardene,retail,PL_N6568182609,Old Toronto,1,1
ORG02108,Synthetic Retail 02108 @ Chelsea,retail,PL_N6568830900,Old Toronto,1,1
ORG02109,Synthetic Retail 02109 @ Koodo,retail,PL_N6575089207,Scarborough,1,1
ORG02110,Synthetic Retail 02110 @ OSM retail N6575116521,retail,PL_N6575116521,Scarborough,1,1
ORG02111,Synthetic Office 02111 @ H&R Block,office,PL_N6578943806,Old Toronto,1,1
ORG02112,Synthetic Office 02112 @ H&R Block,office,PL_N6579126352,Old Toronto,1,1
ORG02113,Synthetic Retail 02113 @ Cuccina Moda,retail,PL_N6581103246,Markham,1,1
ORG02114,Synthetic Office 02114 @ Softron,office,PL_N6584458762,Markham,2,1
ORG02115,Synthetic Retail 02115 @ Future Tech,retail,PL_N6584471072,Markham,1,1
ORG02116,Synthetic Retail 02116 @ Whitfield's,retail,PL_N6584471076,Markham,1,1
ORG02117,Synthetic Retail 02117 @ A.K. Comics & Cards,retail,PL_N6584574276,Scarborough,1,1
ORG02118,Synthetic Retail 02118 @ World Sew,retail,PL_N6584575088,Scarborough,1,1
ORG02119,Synthetic Retail 02119 @ Today's Bed & Bath,retail,PL_N6584575099,Scarborough,1,1
ORG02120,Synthetic Retail 02120 @ WirelessWave,retail,PL_N6584647561,Markham,1,1
ORG02121,Synthetic Retail 02121 @ MAC Cosmetics,retail,PL_N6584647563,Markham,1,1
ORG02122,Synthetic Restaurant 02122 @ Jimmy the Greek,restaurant,PL_N6584688078,Markham,1,1
ORG02123,Synthetic Retail 02123 @ Trade Secrets,retail,PL_N6584728941,Markham,1,1
ORG02124,Synthetic Cafe 02124 @ Second Cup,cafe,PL_N6584764661,Markham,2,1
ORG02125,Synthetic Retail 02125 @ Koodo,retail,PL_N6586965655,Scarborough,1,1
ORG02126,Synthetic Restaurant 02126 @ Kin Kin Bubble Tea,restaurant,PL_N6586965669,Scarborough,1,1
ORG02127,Synthetic Retail 02127 @ Everbest Bakery,retail,PL_N6586981349,Scarborough,1,1
ORG02128,Synthetic Retail 02128 @ Shoe King,retail,PL_N6586988237,Scarborough,1,1
ORG02129,Synthetic Restaurant 02129 @ Subway,restaurant,PL_N6589641226,Richmond Hill,1,1
ORG02130,Synthetic Retail 02130 @ Bobos Spa & Nails,retail,PL_N6589641228,Richmond Hill,1,1
ORG02131,Synthetic Supermarket 02131 @ Bruno's Fine Foods,supermarket,PL_N6589646933,Richmond Hill,1,1
ORG02132,"Synthetic Retail 02132 @ Dr. Katie Yoon, Optometrist",retail,PL_N6589646947,Richmond Hill,1,1
ORG02133,Synthetic Office 02133 @ Academy for Mathematics & Science,office,PL_N6589662179,Richmond Hill,1,1
ORG02134,Synthetic Office 02134 @ OSM office N6589662183,office,PL_N6589662183,Richmond Hill,1,1
ORG02135,Synthetic Retail 02135 @ QE Home,retail,PL_N6589762626,Scarborough,1,1
ORG02136,Synthetic Retail 02136 @ Call It Spring,retail,PL_N6589766066,Scarborough,1,1
ORG02137,Synthetic Cafe 02137 @ Starbucks,cafe,PL_N6589930599,Scarborough,1,1
ORG02138,Synthetic Retail 02138 @ U Cool,retail,PL_N6592019133,Scarborough,1,1
ORG02139,Synthetic Retail 02139 @ Phone Cards Plus,retail,PL_N6592055413,Scarborough,1,1
ORG02140,Synthetic Retail 02140 @ Freedom Mobile,retail,PL_N6592055414,Scarborough,2,1
ORG02141,Synthetic Office 02141 @ H&R Block,office,PL_N6592650714,Scarborough,2,1
ORG02142,Synthetic Retail 02142 @ Mehr's Auto Group,retail,PL_N6593325671,Scarborough,1,1
ORG02143,Synthetic Retail 02143 @ Cuddly Soft Cleaners,retail,PL_N6593325985,Scarborough,1,1
ORG02144,Synthetic Retail 02144 @ Annam,retail,PL_N6593955525,Scarborough,1,1
ORG02145,Synthetic Retail 02145 @ R.K. Bargains,retail,PL_N6594563435,Scarborough,1,1
ORG02146,Synthetic Office 02146 @ SKN Financial,office,PL_N6594592563,Scarborough,1,1
ORG02147,Synthetic Restaurant 02147 @ Congee Wong 天皇名粥,restaurant,PL_N6597442230,Richmond Hill,1,1
ORG02148,Synthetic Gym 02148 @ Planet Fitness,gym,PL_N6603447367,Scarborough,2,1
ORG02149,Synthetic Retail 02149 @ Mayar Lingerie,retail,PL_N6603447371,Scarborough,1,1
ORG02150,Synthetic Retail 02150 @ OSM retail N6603455801,retail,PL_N6603455801,Scarborough,1,1
ORG02151,Synthetic Retail 02151 @ Rizvi Electronics,retail,PL_N6603455811,Scarborough,1,1
ORG02152,Synthetic Retail 02152 @ Society,retail,PL_N6603471785,Scarborough,1,1
ORG02153,Synthetic Retail 02153 @ XTC Designs,retail,PL_N6603471786,Scarborough,1,1
ORG02154,Synthetic Office 02154 @ Hestyreps Inc,office,PL_N6616076708,Old Toronto,1,1
ORG02155,Synthetic Gym 02155 @ Power Institute - Personal Training,gym,PL_N6621951597,Old Toronto,1,1
ORG02156,Synthetic Gym 02156 @ GoodLife Fitness,gym,PL_N6642057798,Old Toronto,1,1
ORG02157,Synthetic Retail 02157 @ claire's,retail,PL_N6659697163,Brampton,1,1
ORG02158,Synthetic Retail 02158 @ White Carat Co.,retail,PL_N6659697178,Brampton,1,1
ORG02159,Synthetic Office 02159 @ McKinsey & Company PriceMetrix,office,PL_N6660792674,Old Toronto,1,1
ORG02160,Synthetic Retail 02160 @ Paparazzi,retail,PL_N6662840564,Brampton,1,1
ORG02161,Synthetic Retail 02161 @ Best Buy Express,retail,PL_N6662840573,Brampton,1,1
ORG02162,Synthetic Cafe 02162 @ CoCo Fresh Tea & Juice,cafe,PL_N6663083623,Brampton,1,1
ORG02163,Synthetic Gym 02163 @ F45 Training,gym,PL_N6680642264,North York,1,1
ORG02164,Synthetic Retail 02164 @ Ardene,retail,PL_N6680642268,North York,1,1
ORG02165,Synthetic Gym 02165 @ LA Fitness,gym,PL_N6680665670,North York,1,1
ORG02166,Synthetic Cafe 02166 @ Second Cup,cafe,PL_N6680687582,North York,1,1
ORG02167,Synthetic Cafe 02167 @ Almond Butterfly,cafe,PL_N6685521586,Old Toronto,2,1
ORG02168,Synthetic Office 02168 @ Family Realty Singar Inc.,office,PL_N6685670028,Old Toronto,1,1
ORG02169,Synthetic Cafe 02169 @ Lady Marmalade,cafe,PL_N6685670039,Old Toronto,1,1
ORG02170,Synthetic Office 02170 @ James So,office,PL_N6685670040,Old Toronto,1,1
ORG02171,Synthetic Retail 02171 @ Hair by Banks & Co,retail,PL_N6685670270,Old Toronto,1,1
ORG02172,Synthetic Cafe 02172 @ Tim Hortons,cafe,PL_N6685670275,Old Toronto,1,1
ORG02173,Synthetic Retail 02173 @ Motorcade Industries Inc,retail,PL_N6685670365,Old Toronto,1,1
ORG02174,Synthetic Supermarket 02174 @ Food Basics,supermarket,PL_N668989553,Brampton,1,1
ORG02175,Synthetic Retail 02175 @ Winners,retail,PL_N6710422916,Old Toronto,1,1
ORG02176,Synthetic Retail 02176 @ Nature Collection,retail,PL_N6711360535,Old Toronto,1,1
ORG02177,Synthetic Restaurant 02177 @ Danish Pastry House,restaurant,PL_N6711360537,Old Toronto,1,1
ORG02178,Synthetic Retail 02178 @ Abercrombie Kids,retail,PL_N6711380523,Old Toronto,1,1
ORG02179,Synthetic Retail 02179 @ Marc Cain,retail,PL_N6711381747,Old Toronto,1,1
ORG02180,Synthetic Retail 02180 @ Sandro,retail,PL_N6711381748,Old Toronto,1,1
ORG02181,Synthetic Retail 02181 @ Aesop,retail,PL_N6711391666,Old Toronto,1,1
ORG02182,Synthetic Retail 02182 @ Harry Rosen,retail,PL_N6711439753,Old Toronto,1,1
ORG02183,Synthetic Restaurant 02183 @ Villa Madina,restaurant,PL_N6712340468,Old Toronto,1,1
ORG02184,Synthetic Restaurant 02184 @ Osmow's,restaurant,PL_N6712340477,Old Toronto,1,1
ORG02185,Synthetic Retail 02185 @ Tumi,retail,PL_N6712345504,Old Toronto,1,1
ORG02186,Synthetic Cafe 02186 @ Sister Sarah's Coffee Shop,cafe,PL_N6713669652,Old Toronto,1,1
ORG02187,Synthetic Office 02187 @ WSP,office,PL_N6721008512,Brampton,1,1
ORG02188,Synthetic Cafe 02188 @ Aroma Espresso Bar,cafe,PL_N6721474787,Old Toronto,1,1
ORG02189,Synthetic Restaurant 02189 @ Tahini's,restaurant,PL_N67344518,Old Toronto,1,1
ORG02190,Synthetic Office 02190 @ redtag.ca,office,PL_N6736813207,Brampton,1,1
ORG02191,Synthetic Restaurant 02191 @ Mary Brown's,restaurant,PL_N6762402711,Scarborough,1,1
ORG02192,Synthetic Office 02192 @ Hon Tattoo Studio,office,PL_N6763993703,North York,2,1
ORG02193,Synthetic Restaurant 02193 @ Cho San Sushi,restaurant,PL_N6765756689,Markham,1,1
ORG02194,Synthetic Cafe 02194 @ Luba's Gourmet Coffee & Tea,cafe,PL_N6779879375,Old Toronto,1,1
ORG02195,Synthetic Supermarket 02195 @ Farm Fresh Supermarket,supermarket,PL_N678894444,Scarborough,1,1
ORG02196,Synthetic Gym 02196 @ United Boxing Club,gym,PL_N67972496,Old Toronto,1,1
ORG02197,Synthetic Retail 02197 @ The Knit Cafe,retail,PL_N6810272356,Old Toronto,1,1
ORG02198,Synthetic Cafe 02198 @ Full of Beans,cafe,PL_N6810272357,Old Toronto,1,1
ORG02199,Synthetic Office 02199 @ Morataya Corp.,office,PL_N6811531612,North York,2,1
ORG02200,Synthetic Office 02200 @ Catholic Crosscultural Services,office,PL_N6816082167,Scarborough,1,1
ORG02201,Synthetic Cafe 02201 @ Birdbite Coffee,cafe,PL_N6820739741,Old Toronto,1,1
ORG02202,Synthetic Retail 02202 @ Azores Airlines Vacations Canada Inc.,retail,PL_N6820739759,Old Toronto,1,1
ORG02203,Synthetic Gym 02203 @ F45 Training,gym,PL_N6821379417,Old Toronto,1,1
ORG02204,Synthetic Supermarket 02204 @ Longo's,supermarket,PL_N682232893,Old Toronto,1,1
ORG02205,Synthetic Retail 02205 @ Fiesta Balloons by Yazzy,retail,PL_N6838993924,Old Toronto,1,1
ORG02206,Synthetic Cafe 02206 @ Starving Artist,cafe,PL_N6840676690,Old Toronto,1,1
ORG02207,Synthetic Cafe 02207 @ Country Style,cafe,PL_N6845091823,Markham,2,1
ORG02208,Synthetic Gym 02208 @ Anytime Fitness,gym,PL_N6845091828,Markham,2,1
ORG02209,Synthetic Gym 02209 @ F45 Training,gym,PL_N6845991729,Old Toronto,1,1
ORG02210,Synthetic Cafe 02210 @ Tapioca Toronto,cafe,PL_N6848957002,Old Toronto,1,1
ORG02211,Synthetic University 02211 @ Hot Pizza Studio,university,PL_N6848957015,Old Toronto,4,1
ORG02212,Synthetic Office 02212 @ Caribbeantales,office,PL_N6852089676,Old Toronto,1,1
ORG02213,Synthetic Restaurant 02213 @ Pizza Hut,restaurant,PL_N686709932,Markham,1,1
ORG02214,Synthetic Office 02214 @ Venture Aviation Inc,office,PL_N6873273229,Brampton,2,1
ORG02215,Synthetic Restaurant 02215 @ Chipotle,restaurant,PL_N689652185,Old Toronto,1,1
ORG02216,Synthetic Gym 02216 @ GoodLife Fitness,gym,PL_N691142637,Old Toronto,1,1
ORG02217,Synthetic Office 02217 @ Powell Litigation,office,PL_N6989742135,North York,2,1
ORG02218,Synthetic Restaurant 02218 @ Top Bistro,restaurant,PL_N6994226891,Old Toronto,1,1
ORG02219,Synthetic Retail 02219 @ Dixie Uniforms Ltd,retail,PL_N700645450,Old Toronto,1,1
ORG02220,Synthetic Gym 02220 @ Swim Apex,gym,PL_N7009937516,Markham,3,1
ORG02221,Synthetic Gym 02221 @ Aquatics Academy,gym,PL_N7018011530,North York,1,1
ORG02222,Synthetic Retail 02222 @ Cliffside Milk,retail,PL_N7048236683,Scarborough,1,1
ORG02223,Synthetic Retail 02223 @ Foson Kitchen & Bath Studio,retail,PL_N7048255488,Scarborough,1,1
ORG02224,Synthetic Office 02224 @ Kitchen Land,office,PL_N7079828735,Old Toronto,1,1
ORG02225,Synthetic Office 02225 @ Youth Employment Services,office,PL_N7086824926,North York,1,1
ORG02226,Synthetic Office 02226 @ Dream Maker Inc.,office,PL_N7086847719,North York,1,1
ORG02227,Synthetic Supermarket 02227 @ Food Basics,supermarket,PL_N7089481079,Markham,1,1
ORG02228,Synthetic Gym 02228 @ Orangetheory Fitness,gym,PL_N7089560693,Markham,2,1
ORG02229,Synthetic Office 02229 @ Consulate General of the United Arab Emirates,office,PL_N7097778938,Old Toronto,1,1
ORG02230,Synthetic Retail 02230 @ JC Laundry,retail,PL_N709877844,Old Toronto,1,1
ORG02231,Synthetic Office 02231 @ Weston Consulting,office,PL_N7099866863,Vaughan,1,1
ORG02232,Synthetic Retail 02232 @ PetSmart,retail,PL_N7100164417,Old Toronto,1,1
ORG02233,Synthetic Gym 02233 @ Orangetheory Fitness,gym,PL_N7103432100,Old Toronto,1,1
ORG02234,Synthetic Office 02234 @ Evergreen Lawn Sprinklers,office,PL_N7113185163,Vaughan,1,1
ORG02235,Synthetic Retail 02235 @ Daisy Mart,retail,PL_N712595026,Scarborough,1,1
ORG02236,Synthetic Office 02236 @ CanfitPro,office,PL_N7129252051,Scarborough,2,1
ORG02237,Synthetic Cafe 02237 @ Pilot Coffee Roasters,cafe,PL_N7137825364,Old Toronto,1,1
ORG02238,Synthetic Office 02238 @ Upstream Works,office,PL_N7141402019,Vaughan,1,1
ORG02239,Synthetic Retail 02239 @ OSM retail N7147403293,retail,PL_N7147403293,Vaughan,1,1
ORG02240,Synthetic Restaurant 02240 @ The Local Café & Restaurant,restaurant,PL_N7183243395,Scarborough,1,1
ORG02241,Synthetic Office 02241 @ dNOVO GROUP,office,PL_N7188526789,Vaughan,1,1
ORG02242,Synthetic Restaurant 02242 @ Sugar Marmalade,restaurant,PL_N7195274343,Vaughan,1,1
ORG02243,Synthetic Supermarket 02243 @ B&T Food Centre,supermarket,PL_N7195302656,Vaughan,1,1
ORG02244,Synthetic Restaurant 02244 @ Little Caesars,restaurant,PL_N7195304356,Vaughan,1,1
ORG02245,Synthetic Office 02245 @ Edward Jones,office,PL_N7195309578,Vaughan,3,1
ORG02246,Synthetic Office 02246 @ Allstate,office,PL_N7195317392,Vaughan,1,1
ORG02247,Synthetic Supermarket 02247 @ Longo's,supermarket,PL_N7195380403,Vaughan,1,1
ORG02248,Synthetic Restaurant 02248 @ Subway,restaurant,PL_N7195399405,Vaughan,1,1
ORG02249,Synthetic Retail 02249 @ Freedom Mobile,retail,PL_N7195447621,Brampton,1,1
ORG02250,Synthetic Office 02250 @ Georgia Hardy Tours,office,PL_N7211739897,Old Toronto,1,1
ORG02251,Synthetic Retail 02251 @ Decorium,retail,PL_N7212871425,North York,1,1
ORG02252,Synthetic Retail 02252 @ OSM retail N7235738802,retail,PL_N7235738802,Old Toronto,1,1
ORG02253,Synthetic University 02253 @ Canadore College - Stanford Scarborough Campus,university,PL_N7236041819,Scarborough,3,1
ORG02254,Synthetic Office 02254 @ New College Registrar's Office,office,PL_N730314298,Old Toronto,1,1
ORG02255,Synthetic Office 02255 @ DriveTest,office,PL_N7325964479,Brampton,1,1
ORG02256,Synthetic Retail 02256 @ Mark's,retail,PL_N7325964483,Brampton,1,1
ORG02257,Synthetic Restaurant 02257 @ Shalom India,restaurant,PL_N7330169662,Vaughan,1,1
ORG02258,Synthetic Retail 02258 @ Antonio's Hair Stylists,retail,PL_N7348631702,North York,1,1
ORG02259,Synthetic Cafe 02259 @ Chatter,cafe,PL_N7348631706,North York,1,1
ORG02260,Synthetic Cafe 02260 @ Starbucks,cafe,PL_N738174079,North York,1,1
ORG02261,Synthetic Gym 02261 @ GoodLife Fitness,gym,PL_N746936362,Old Toronto,1,1
ORG02262,Synthetic Cafe 02262 @ Almond Butterfly,cafe,PL_N752192433,Old Toronto,1,1
ORG02263,Synthetic Retail 02263 @ Courage Foods,retail,PL_N7528844936,Old Toronto,1,1
ORG02264,Synthetic Gym 02264 @ Bomb Fitness,gym,PL_N7528906428,Old Toronto,1,1
ORG02265,Synthetic Retail 02265 @ Alma Florists,retail,PL_N7528906433,Old Toronto,1,1
ORG02266,Synthetic Cafe 02266 @ Starbucks,cafe,PL_N7528937355,Old Toronto,1,1
ORG02267,Synthetic Retail 02267 @ Manke Fruits And Vegetables,retail,PL_N7528937361,Old Toronto,1,1
ORG02268,Synthetic Office 02268 @ Edward Jones,office,PL_N7528939009,Old Toronto,2,1
ORG02269,Synthetic Office 02269 @ Ankit Designs Inc.,office,PL_N7529120970,Brampton,1,1
ORG02270,Synthetic Office 02270 @ A-Line/Muru,office,PL_N7534138909,Old Toronto,1,1
ORG02271,Synthetic Supermarket 02271 @ No Frills,supermarket,PL_N754637562,Old Toronto,1,1
ORG02272,Synthetic Retail 02272 @ OSM retail N7551808696,retail,PL_N7551808696,Vaughan,1,1
ORG02273,Synthetic Restaurant 02273 @ Dalisay Filipino Food,restaurant,PL_N7551829348,North York,1,1
ORG02274,Synthetic Retail 02274 @ OSM retail N7551831493,retail,PL_N7551831493,Vaughan,1,1
ORG02275,Synthetic Restaurant 02275 @ Melody Restaurant,restaurant,PL_N7551831495,Vaughan,1,1
ORG02276,Synthetic Retail 02276 @ Harold The Jewellery Buyer,retail,PL_N7553002959,North York,1,1
ORG02277,Synthetic Supermarket 02277 @ Kosher City Plus,supermarket,PL_N7553017339,North York,1,1
ORG02278,Synthetic Restaurant 02278 @ Umami Sushi,restaurant,PL_N7553017341,North York,1,1
ORG02279,Synthetic Cafe 02279 @ Euro Cafe,cafe,PL_N7553496735,North York,1,1
ORG02280,Synthetic Retail 02280 @ Money Mart,retail,PL_N7553496742,North York,1,1
ORG02281,Synthetic Restaurant 02281 @ Pancer's Original Deli,restaurant,PL_N7553578778,North York,1,1
ORG02282,Synthetic Retail 02282 @ OSM retail N7553599296,retail,PL_N7553599296,North York,1,1
ORG02283,Synthetic Restaurant 02283 @ Pizza Cafe,restaurant,PL_N7553599301,North York,1,1
ORG02284,Synthetic Retail 02284 @ Fabricland,retail,PL_N7553853679,North York,1,1
ORG02285,Synthetic Cafe 02285 @ Starbucks,cafe,PL_N7557124699,Vaughan,1,1
ORG02286,Synthetic Restaurant 02286 @ Teppan Cave,restaurant,PL_N7557258030,Vaughan,1,1
ORG02287,Synthetic Restaurant 02287 @ Hank Daddy's Barbeque,restaurant,PL_N7557291258,Vaughan,2,1
ORG02288,Synthetic Restaurant 02288 @ Mandi Kebab Grill,restaurant,PL_N7557291261,Vaughan,1,1
ORG02289,Synthetic Restaurant 02289 @ Landmark Restaurant,restaurant,PL_N7559765001,Old Toronto,1,1
ORG02290,Synthetic Retail 02290 @ York Variety,retail,PL_N7559857499,Old Toronto,1,1
ORG02291,Synthetic Restaurant 02291 @ Dimes Caribbean Restaurant,restaurant,PL_N7559857500,Old Toronto,1,1
ORG02292,Synthetic Restaurant 02292 @ Satay on the Road,restaurant,PL_N7559869376,North York,1,1
ORG02293,Synthetic Retail 02293 @ Marbella,retail,PL_N7559903994,North York,1,1
ORG02294,Synthetic Retail 02294 @ OSM retail N7564687075,retail,PL_N7564687075,Old Toronto,1,1
ORG02295,Synthetic Cafe 02295 @ Isle of Coffee,cafe,PL_N7567862613,Old Toronto,1,1
ORG02296,Synthetic Office 02296 @ The Supreme Master Ching Hai,office,PL_N7570784647,Old Toronto,2,1
ORG02297,Synthetic Office 02297 @ Royal LePage,office,PL_N7571868241,Old Toronto,1,1
ORG02298,Synthetic Retail 02298 @ Korean Red Ginseng,retail,PL_N7574259926,North York,1,1
ORG02299,Synthetic Office 02299 @ Canadian Barrista & Coffee Academy - Toronto Campus,office,PL_N7575669938,Old Toronto,2,1
ORG02300,Synthetic Cafe 02300 @ Chappa Corner Cafe,cafe,PL_N7576536077,Old Toronto,1,1
ORG02301,Synthetic Retail 02301 @ VK Optical,retail,PL_N7576568706,Old Toronto,1,1
ORG02302,Synthetic Cafe 02302 @ Public,cafe,PL_N7578540533,Old Toronto,1,1
ORG02303,Synthetic Restaurant 02303 @ Sunnyside Grill,restaurant,PL_N7578550206,Old Toronto,1,1
ORG02304,Synthetic Cafe 02304 @ Mofer Coffee,cafe,PL_N7578594172,Old Toronto,1,1
ORG02305,Synthetic Cafe 02305 @ Bad&Boujee Donuts,cafe,PL_N7578613297,Old Toronto,1,1
ORG02306,Synthetic Retail 02306 @ Ye Olde Sport Centre,retail,PL_N7578613303,Old Toronto,1,1
ORG02307,Synthetic Cafe 02307 @ Lion Coffee,cafe,PL_N7578997169,Old Toronto,1,1
ORG02308,Synthetic Retail 02308 @ Guan's Auto Service,retail,PL_N7580385313,Old Toronto,1,1
ORG02309,Synthetic Retail 02309 @ Angel Interiors,retail,PL_N7580591512,Old Toronto,1,1
ORG02310,Synthetic Retail 02310 @ OSM retail N7580979792,retail,PL_N7580979792,Old Toronto,1,1
ORG02311,Synthetic Office 02311 @ OSM office N7581338750,office,PL_N7581338750,Old Toronto,1,1
ORG02312,Synthetic Office 02312 @ OSM office N7581344013,office,PL_N7581344013,Old Toronto,2,1
ORG02313,Synthetic Office 02313 @ Ontario School of Ballet,office,PL_N7581344018,Old Toronto,1,1
ORG02314,Synthetic Retail 02314 @ JR's Hair Studio,retail,PL_N7581385500,Old Toronto,1,1
ORG02315,Synthetic Restaurant 02315 @ 1 Plus 1 Pizza,restaurant,PL_N7581385501,Old Toronto,1,1
ORG02316,Synthetic Restaurant 02316 @ Impact Kitchen,restaurant,PL_N7581397544,Old Toronto,1,1
ORG02317,Synthetic Retail 02317 @ Lori Eisler,retail,PL_N7590564646,Old Toronto,1,1
ORG02318,Synthetic Office 02318 @ BASF Canada,office,PL_N7592794912,Brampton,1,1
ORG02319,Synthetic Cafe 02319 @ Mr. Puffs Dessert Bar,cafe,PL_N7596808399,North York,1,1
ORG02320,Synthetic Cafe 02320 @ D Spot Desserts,cafe,PL_N7596808407,North York,2,1
ORG02321,Synthetic Office 02321 @ Miller Waste Systems,office,PL_N7612815481,Markham,1,1
ORG02322,Synthetic Retail 02322 @ west elm,retail,PL_N7617960460,Old Toronto,1,1
ORG02323,Synthetic Gym 02323 @ Oxygen Yoga & Fitness,gym,PL_N761870888,North York,1,1
ORG02324,Synthetic Cafe 02324 @ Claudia's Cafe,cafe,PL_N762599225,Old Toronto,1,1
ORG02325,Synthetic Gym 02325 @ Master’s Park Olympic Taekwondo,gym,PL_N7630652118,Old Toronto,2,1
ORG02326,Synthetic Office 02326 @ Toronto Public Health,office,PL_N763667715,Old Toronto,1,1
ORG02327,Synthetic Gym 02327 @ LA Fitness,gym,PL_N7638850237,Old Toronto,1,1
ORG02328,Synthetic Gym 02328 @ Fitness by Sarah Taylor,gym,PL_N7640431530,Old Toronto,1,1
ORG02329,Synthetic Office 02329 @ Veiliant Inc.,office,PL_N7650657932,Brampton,1,1
ORG02330,Synthetic Office 02330 @ Consulate General of the Philippines,office,PL_N7658272777,North York,1,1
ORG02331,Synthetic University 02331 @ Alpha International Academy,university,PL_N7659631027,Markham,1,1
ORG02332,Synthetic Restaurant 02332 @ Dunn's Famous,restaurant,PL_N766938619,Old Toronto,1,1
ORG02333,Synthetic Gym 02333 @ Studio3 Pilates,gym,PL_N7684885171,Old Toronto,1,1
ORG02334,Synthetic Cafe 02334 @ The Peachy,cafe,PL_N7685020700,Old Toronto,1,1
ORG02335,Synthetic Cafe 02335 @ Le Beau,cafe,PL_N7685208025,Old Toronto,1,1
ORG02336,Synthetic Retail 02336 @ Latin Taste,retail,PL_N7685297776,Old Toronto,1,1
ORG02337,"Synthetic Office 02337 @ Law Office Of Silcoff, Shacter",office,PL_N7707090345,North York,1,1
ORG02338,Synthetic Gym 02338 @ Anatomy Fitness,gym,PL_N7707198946,North York,1,1
ORG02339,Synthetic Retail 02339 @ Zoom Optical,retail,PL_N7707202341,North York,1,1
ORG02340,Synthetic Restaurant 02340 @ Chicken Place,restaurant,PL_N7707323696,North York,1,1
ORG02341,Synthetic Office 02341 @ Express Realty Inc.,office,PL_N7707378521,North York,1,1
ORG02342,Synthetic Office 02342 @ Jasko Machining Inc.,office,PL_N7708066748,Brampton,2,1
ORG02343,Synthetic Office 02343 @ Del Dent Dental Supplies,office,PL_N7708243587,North York,1,1
ORG02344,Synthetic Gym 02344 @ Superfit,gym,PL_N7708243589,North York,1,1
ORG02345,Synthetic Office 02345 @ TDS Personnel,office,PL_N7720347797,Old Toronto,1,1
ORG02346,Synthetic Supermarket 02346 @ Loblaws Your Independent Grocer,supermarket,PL_N772352280,North York,1,1
ORG02347,Synthetic Cafe 02347 @ Starbucks,cafe,PL_N772366445,North York,1,1
ORG02348,Synthetic Restaurant 02348 @ Rolltation,restaurant,PL_N7726551152,Old Toronto,1,1
ORG02349,Synthetic Restaurant 02349 @ Druxy's Famous Deli,restaurant,PL_N774436349,Old Toronto,1,1
ORG02350,Synthetic Retail 02350 @ Love Shop,retail,PL_N774439355,Old Toronto,1,1
ORG02351,Synthetic Retail 02351 @ Chris Bread Bakery,retail,PL_N7745266377,Scarborough,1,1
ORG02352,Synthetic Office 02352 @ H&R Block,office,PL_N7745283680,Scarborough,1,1
ORG02353,Synthetic Gym 02353 @ FitnessWorks For Women,gym,PL_N7747270174,Old Toronto,1,1
ORG02354,Synthetic Retail 02354 @ OSM retail N7750329984,retail,PL_N7750329984,Scarborough,1,1
ORG02355,Synthetic Restaurant 02355 @ Naan Kabob,restaurant,PL_N7750493880,Scarborough,1,1
ORG02356,Synthetic Retail 02356 @ Um Anas Islamic Fashion,retail,PL_N7750493883,Scarborough,1,1
ORG02357,Synthetic Office 02357 @ OSM office N7751495279,office,PL_N7751495279,Scarborough,1,1
ORG02358,Synthetic Restaurant 02358 @ Country Fried Chicken,restaurant,PL_N7751703062,Scarborough,1,1
ORG02359,Synthetic Retail 02359 @ OSM retail N7751916019,retail,PL_N7751916019,Scarborough,1,1
ORG02360,Synthetic Cafe 02360 @ 3 Kings Cafe,cafe,PL_N7751944165,Scarborough,1,1
ORG02361,Synthetic Cafe 02361 @ Crème et Miel,cafe,PL_N7751944171,Scarborough,1,1
ORG02362,Synthetic University 02362 @ Brooklyn College,university,PL_N7751950341,North York,4,1
ORG02363,Synthetic Office 02363 @ Foremost Financial,office,PL_N7751982988,North York,1,1
ORG02364,Synthetic Office 02364 @ Herjavec,office,PL_N7751985864,North York,1,1
ORG02365,Synthetic Cafe 02365 @ Coffee In,cafe,PL_N7751993190,Scarborough,1,1
ORG02366,Synthetic Restaurant 02366 @ Spice is Rite,restaurant,PL_N7751993192,Scarborough,1,1
ORG02367,Synthetic Supermarket 02367 @ Lone Tai Supermarket,supermarket,PL_N7759217325,Scarborough,1,1
ORG02368,Synthetic Office 02368 @ Service Ontario,office,PL_N7759217331,Scarborough,2,1
ORG02369,Synthetic Retail 02369 @ Circle K,retail,PL_N7759269231,Scarborough,1,1
ORG02370,Synthetic Retail 02370 @ OSM retail N7759269237,retail,PL_N7759269237,Scarborough,1,1
ORG02371,Synthetic Office 02371 @ ADH ECOGEN,office,PL_N7764644698,North York,1,1
ORG02372,Synthetic Restaurant 02372 @ Ahmutha Surabi,restaurant,PL_N7766306295,Scarborough,1,1
ORG02373,Synthetic Retail 02373 @ COIN O RAMA Laundromat,retail,PL_N7773082571,Old Toronto,1,1
ORG02374,Synthetic Retail 02374 @ Gateway Newstands,retail,PL_N777338608,Old Toronto,1,1
ORG02375,Synthetic Retail 02375 @ Face Furniture Optical,retail,PL_N7774898184,Old Toronto,1,1
ORG02376,Synthetic Cafe 02376 @ Tim Hortons,cafe,PL_N777804064,Markham,1,1
ORG02377,Synthetic University 02377 @ Taie International Institute,university,PL_N7781377932,Old Toronto,7,1
ORG02378,Synthetic Restaurant 02378 @ Sushi Garden Japanese Restaurant,restaurant,PL_N7792708272,Old Toronto,1,1
ORG02379,Synthetic Office 02379 @ Solidwear,office,PL_N7797305033,Scarborough,1,1
ORG02380,Synthetic Retail 02380 @ Souvenir Plus Inc.,retail,PL_N7797311506,Scarborough,1,1
ORG02381,Synthetic University 02381 @ Annamalai University,university,PL_N7797321403,Scarborough,5,1
ORG02382,Synthetic University 02382 @ Worksafe Forklift,university,PL_N7797331451,Scarborough,4,1
ORG02383,Synthetic University 02383 @ Herzing Career College,university,PL_N783499436,Old Toronto,7,1
ORG02384,Synthetic Restaurant 02384 @ Fat Bastard Burrito,restaurant,PL_N7835399681,Old Toronto,1,1
ORG02385,Synthetic Cafe 02385 @ Molly Tea,cafe,PL_N7835427950,Old Toronto,1,1
ORG02386,Synthetic Cafe 02386 @ Kung Fu Tea,cafe,PL_N7835431886,Old Toronto,1,1
ORG02387,Synthetic Office 02387 @ Binatech System Solutions,office,PL_N7843579451,Brampton,1,1
ORG02388,Synthetic Retail 02388 @ jump+,retail,PL_N7856803520,Old Toronto,1,1
ORG02389,Synthetic Restaurant 02389 @ Awesome,restaurant,PL_N7856803522,Old Toronto,1,1
ORG02390,Synthetic Office 02390 @ Karoly Law,office,PL_N7857193347,North York,1,1
ORG02391,Synthetic Restaurant 02391 @ Gyukatsu Kyoto Katsuguyu,restaurant,PL_N7879144008,Old Toronto,1,1
ORG02392,Synthetic Office 02392 @ Alphaco Security & Fire Protection,office,PL_N7879203435,Old Toronto,1,1
ORG02393,Synthetic Retail 02393 @ Sellteck,retail,PL_N7879322895,Old Toronto,1,1
ORG02394,Synthetic Gym 02394 @ Ananta Yoga Centre,gym,PL_N7881306174,Old Toronto,1,1
ORG02395,Synthetic Retail 02395 @ Winona Hearing Aid Centre,retail,PL_N7881307695,Old Toronto,1,1
ORG02396,Synthetic Office 02396 @ Client from Hell.,office,PL_N7881335020,Old Toronto,1,1
ORG02397,Synthetic Office 02397 @ Pix Film Productions,office,PL_N7881378606,Old Toronto,1,1
ORG02398,Synthetic Cafe 02398 @ Tim Hortons,cafe,PL_N7913245202,North York,1,1
ORG02399,Synthetic Office 02399 @ iGTA Security Systems,office,PL_N7920552930,Vaughan,1,1
ORG02400,Synthetic Office 02400 @ X-Copper,office,PL_N7935858885,Old Toronto,1,1
ORG02401,Synthetic Office 02401 @ Bromont Homes,office,PL_N7980848836,Vaughan,1,1
ORG02402,Synthetic Office 02402 @ AON,office,PL_N800026682,Old Toronto,1,1
ORG02403,Synthetic Office 02403 @ Remington Medical LTD.,office,PL_N8009441679,Markham,1,1
ORG02404,Synthetic Supermarket 02404 @ George's Convinience,supermarket,PL_N8023696432,Vaughan,1,1
ORG02405,Synthetic Office 02405 @ RE/MAX,office,PL_N803215888,Old Toronto,1,1
ORG02406,Synthetic Gym 02406 @ Lotus Fitness,gym,PL_N803225024,Old Toronto,1,1
ORG02407,Synthetic Office 02407 @ Microsat Systems Canada Inc.,office,PL_N8033469358,Brampton,2,1
ORG02408,Synthetic Supermarket 02408 @ Farm Boy,supermarket,PL_N8040515388,Old Toronto,1,1
ORG02409,Synthetic Cafe 02409 @ Black Wolf Coffee,cafe,PL_N8054372748,Old Toronto,2,1
ORG02410,Synthetic Cafe 02410 @ La Barista Cafe,cafe,PL_N8076065270,Old Toronto,1,1
ORG02411,Synthetic Office 02411 @ Jag Virk Criminal Lawyers,office,PL_N8100550665,Old Toronto,3,1
ORG02412,Synthetic Retail 02412 @ Sparkle Solutions Service,retail,PL_N8119487284,Vaughan,1,1
ORG02413,Synthetic Retail 02413 @ Uniqlo,retail,PL_N8141962703,Old Toronto,1,1
ORG02414,Synthetic Supermarket 02414 @ Carload on the Beach,supermarket,PL_N8151600398,Old Toronto,1,1
ORG02415,Synthetic Office 02415 @ Archives of Ontario,office,PL_N8153684524,Vaughan,1,1
ORG02416,Synthetic Restaurant 02416 @ OSM restaurant N816429709,restaurant,PL_N816429709,Vaughan,1,1
ORG02417,Synthetic Cafe 02417 @ Starbucks,cafe,PL_N8238938098,Brampton,1,1
ORG02418,Synthetic Office 02418 @ Captain Printworks,office,PL_N8283560837,Vaughan,1,1
ORG02419,Synthetic Supermarket 02419 @ OSM supermarket N8288458152,supermarket,PL_N8288458152,Vaughan,1,1
ORG02420,Synthetic Office 02420 @ 10th Planet Etobicoke,office,PL_N8308714417,Old Toronto,1,1
ORG02421,Synthetic Restaurant 02421 @ Popeyes,restaurant,PL_N8320329661,Vaughan,1,1
ORG02422,Synthetic Office 02422 @ Topmax Cleaning Services Inc.,office,PL_N8332203011,Scarborough,1,1
ORG02423,Synthetic Retail 02423 @ OSM retail N8369126004,retail,PL_N8369126004,North York,1,1
ORG02424,Synthetic Retail 02424 @ New You,retail,PL_N837713122,Old Toronto,1,1
ORG02425,Synthetic Gym 02425 @ Game6 Sports Academy,gym,PL_N8378965786,Vaughan,1,1
ORG02426,Synthetic Office 02426 @ Results Advertising,office,PL_N8392498987,Richmond Hill,1,1
ORG02427,Synthetic Office 02427 @ BaoSteel,office,PL_N8450477819,Vaughan,1,1
ORG02428,Synthetic Retail 02428 @ Nice One Nails,retail,PL_N8450477882,Vaughan,1,1
ORG02429,Synthetic Cafe 02429 @ 18feet,cafe,PL_N845505194,Old Toronto,1,1
ORG02430,Synthetic Cafe 02430 @ Canephora Cafe & Bakery,cafe,PL_N8502485054,North York,1,1
ORG02431,Synthetic Retail 02431 @ Modern Laundry & Dry Cleaning,retail,PL_N8518307710,Old Toronto,1,1
ORG02432,Synthetic Restaurant 02432 @ Roti Cuisine of India,restaurant,PL_N8518341424,Old Toronto,1,1
ORG02433,Synthetic Office 02433 @ Himelfarb Proszanski,office,PL_N8550950821,Old Toronto,1,1
ORG02434,Synthetic Office 02434 @ General Motors Technical Centre,office,PL_N8579734718,Markham,1,1
ORG02435,Synthetic Office 02435 @ Tanner Hill Associates Incorporated,office,PL_N8590229305,Old Toronto,1,1
ORG02436,Synthetic Office 02436 @ Law Office,office,PL_N8592949206,North York,1,1
ORG02437,Synthetic Office 02437 @ Consulate General of India,office,PL_N8613129781,Old Toronto,1,1
ORG02438,Synthetic Office 02438 @ BlueSky Communications Inc.,office,PL_N8616809939,Old Toronto,1,1
ORG02439,Synthetic Office 02439 @ Australian Consulate General / Trade Commission,office,PL_N8626077911,Old Toronto,2,1
ORG02440,Synthetic Office 02440 @ Toronto Urban Studies Centre,office,PL_N8636979873,Old Toronto,1,1
ORG02441,Synthetic Gym 02441 @ Fairmount Park Indoor Pool,gym,PL_N8639212414,Old Toronto,1,1
ORG02442,Synthetic Gym 02442 @ Monarch Park Collegiate Pool,gym,PL_N8639235068,Old Toronto,1,1
ORG02443,Synthetic Gym 02443 @ Matty Eckler Swimming Pool,gym,PL_N8641635844,Old Toronto,2,1
ORG02444,Synthetic Office 02444 @ Allstream,office,PL_N8680020429,Markham,1,1
ORG02445,Synthetic Office 02445 @ Enercare,office,PL_N8680020485,Markham,1,1
ORG02446,"Synthetic Gym 02446 @ TCSCC, Toronto Cricket Skating and Curling Club",gym,PL_N869749740,North York,1,1
ORG02447,Synthetic University 02447 @ George Brown College - School of Design,university,PL_N8755303552,Old Toronto,7,1
ORG02448,Synthetic Cafe 02448 @ Cafe Landwer,cafe,PL_N8769884249,Vaughan,2,1
ORG02449,Synthetic Restaurant 02449 @ Freshii,restaurant,PL_N8772996699,Richmond Hill,1,1
ORG02450,Synthetic Office 02450 @ Abtek Door Services,office,PL_N8776885249,Vaughan,2,1
ORG02451,Synthetic Hotel 02451 @ Liberty Suites Hotel,hotel,PL_N8779770209,North York,1,1
ORG02452,Synthetic University 02452 @ CJ Healthcare College,university,PL_N8828490091,North York,2,1
ORG02453,Synthetic Cafe 02453 @ Aroma Espresso Bar,cafe,PL_N8828553603,North York,1,1
ORG02454,Synthetic University 02454 @ Bitts International Career College,university,PL_N8832604496,Brampton,6,1
ORG02455,Synthetic Office 02455 @ CCS Construction Group Inc.,office,PL_N8851178360,North York,1,1
ORG02456,Synthetic Retail 02456 @ Print Three,retail,PL_N8893460267,Brampton,1,1
ORG02457,Synthetic Office 02457 @ Imperial Pest Control Inc.,office,PL_N8893474289,Brampton,1,1
ORG02458,Synthetic Office 02458 @ J. Dass,office,PL_N8893534012,Brampton,2,1
ORG02459,Synthetic Gym 02459 @ yoga therapy studio,gym,PL_N8895095577,Old Toronto,1,1
ORG02460,Synthetic Retail 02460 @ Mann Tire,retail,PL_N8899560814,Brampton,1,1
ORG02461,Synthetic Retail 02461 @ Happy Go Gift,retail,PL_N8908065527,Old Toronto,1,1
ORG02462,Synthetic Cafe 02462 @ Mofer Coffee,cafe,PL_N8911556690,Old Toronto,1,1
ORG02463,Synthetic Office 02463 @ Revibe,office,PL_N8914954422,Old Toronto,1,1
ORG02464,Synthetic Cafe 02464 @ Tim Hortons,cafe,PL_N8921496372,Old Toronto,1,1
ORG02465,Synthetic Office 02465 @ BaAM,office,PL_N8946571608,Old Toronto,1,1
ORG02466,Synthetic Office 02466 @ Belfast Aluminum & Vinyl,office,PL_N8946608036,Old Toronto,1,1
ORG02467,Synthetic Office 02467 @ Bunzl Cleaning & Hygiene,office,PL_N8955426666,Old Toronto,1,1
ORG02468,Synthetic Office 02468 @ Patagonia Boat Works,office,PL_N8964342504,Old Toronto,1,1
ORG02469,Synthetic Office 02469 @ Canada Cycle Sport,office,PL_N8964348889,Old Toronto,1,1
ORG02470,Synthetic Office 02470 @ Dunpar Decor Centre,office,PL_N8964359654,Old Toronto,1,1
ORG02471,Synthetic Office 02471 @ Pardon Applications of Canada,office,PL_N896574893,Scarborough,1,1
ORG02472,Synthetic Retail 02472 @ Toronto Pool Supplies,retail,PL_N8996051370,Vaughan,1,1
ORG02473,Synthetic Office 02473 @ Ipoc Dx,office,PL_N9005321677,Old Toronto,1,1
ORG02474,Synthetic Office 02474 @ TAHA College,office,PL_N9007983086,Scarborough,1,1
ORG02475,Synthetic Gym 02475 @ National Gym,gym,PL_N9008123304,Brampton,1,1
ORG02476,Synthetic Office 02476 @ eShipper,office,PL_N9008136763,Brampton,1,1
ORG02477,Synthetic Restaurant 02477 @ Calypso Hut,restaurant,PL_N9008380207,Brampton,1,1
ORG02478,Synthetic Office 02478 @ Vsourz Technologies Inc.,office,PL_N9021051118,North York,1,1
ORG02479,Synthetic Gym 02479 @ 646 Weightlifting,gym,PL_N9029747499,Old Toronto,1,1
ORG02480,Synthetic Retail 02480 @ OSM retail N9062962751,retail,PL_N9062962751,Scarborough,1,1
ORG02481,Synthetic University 02481 @ Humber Downtown Campus,university,PL_N9071191071,Old Toronto,5,1
ORG02482,Synthetic Retail 02482 @ Value Village,retail,PL_N907133890,Old Toronto,1,1
ORG02483,Synthetic Office 02483 @ Condor Security Inc,office,PL_N9079597332,North York,1,1
ORG02484,Synthetic Office 02484 @ weewatch,office,PL_N9097634894,Old Toronto,1,1
ORG02485,Synthetic Office 02485 @ Toronto Inspection Services Toronto and East York District,office,PL_N9125073386,Old Toronto,1,1
ORG02486,Synthetic Office 02486 @ Tullio A. D'Angela Professional Corporation,office,PL_N9132860600,Old Toronto,1,1
ORG02487,Synthetic Retail 02487 @ Green Merchant Cannabis Boutique,retail,PL_N9136483882,Scarborough,1,1
ORG02488,Synthetic University 02488 @ Pharma-Medical Science College of Canada,university,PL_N9139819377,Old Toronto,6,1
ORG02489,Synthetic Gym 02489 @ F45 Training,gym,PL_N9140360059,North York,1,1
ORG02490,Synthetic Retail 02490 @ Buzzed Buds,retail,PL_N9140419076,North York,1,1
ORG02491,Synthetic Supermarket 02491 @ oomomo,supermarket,PL_N9159058105,North York,1,1
ORG02492,Synthetic Cafe 02492 @ Palgong Tea,cafe,PL_N9176691555,Old Toronto,1,1
ORG02493,Synthetic Gym 02493 @ Gear Up Airsoft,gym,PL_N9214498426,Markham,1,1
ORG02494,Synthetic Office 02494 @ HC Realty,office,PL_N9214880503,Markham,2,1
ORG02495,Synthetic Gym 02495 @ Parkdale Community Recreation Centre,gym,PL_N9230904959,Old Toronto,1,1
ORG02496,Synthetic Office 02496 @ Every Defence - Criminal Lawyers STANFORD BORNFREUND,office,PL_N9297701808,Old Toronto,1,1
ORG02497,Synthetic Office 02497 @ Riverdale Wealth Management,office,PL_N9309942419,Old Toronto,1,1
ORG02498,Synthetic Retail 02498 @ Diamonds Beauty Club,retail,PL_N9339116360,Old Toronto,1,1
ORG02499,Synthetic Retail 02499 @ Lts Nail,retail,PL_N9349010682,Old Toronto,1,1
ORG02500,Synthetic University 02500 @ Civic Centre LINC,university,PL_N9376637799,Old Toronto,6,1
ORG02501,Synthetic Office 02501 @ Royal Bank Building,office,PL_N9511069391,Old Toronto,1,1
ORG02502,Synthetic Supermarket 02502 @ 佳樂超市 Seasons Foodmart,supermarket,PL_N9538690029,Brampton,1,1
ORG02503,Synthetic Office 02503 @ Tdot Immigration,office,PL_N9543477504,North York,2,1
ORG02504,Synthetic Office 02504 @ MPP Marketing Group Inc.,office,PL_N9543549817,North York,2,1
ORG02505,Synthetic University 02505 @ Peak College,university,PL_N9543551939,North York,5,1
ORG02506,Synthetic University 02506 @ York Construction Academy,university,PL_N9550175417,North York,5,1
ORG02507,Synthetic Gym 02507 @ The Forge,gym,PL_N9556210405,Old Toronto,1,1
ORG02508,Synthetic Office 02508 @ OSM office N9565984506,office,PL_N9565984506,Old Toronto,1,1
ORG02509,Synthetic Office 02509 @ Ribeiro,office,PL_N9571939817,Old Toronto,1,1
ORG02510,Synthetic Office 02510 @ LCBO,office,PL_N9573757713,Old Toronto,1,1
ORG02511,Synthetic Office 02511 @ Agnico Eagle Mines Ltd.,office,PL_N9573825416,Old Toronto,1,1
ORG02512,Synthetic Retail 02512 @ Cumberland Cannabis,retail,PL_N9579423484,Old Toronto,1,1
ORG02513,Synthetic Office 02513 @ The Google Pro,office,PL_N9620657140,Old Toronto,1,1
ORG02514,Synthetic Retail 02514 @ OSM retail N9627769801,retail,PL_N9627769801,Old Toronto,1,1
ORG02515,Synthetic University 02515 @ Université de l'Ontario français,university,PL_N9633703338,Old Toronto,8,1
ORG02516,Synthetic Retail 02516 @ Soul Rebel,retail,PL_N964114082,Scarborough,1,1
ORG02517,Synthetic Gym 02517 @ LA Fitness,gym,PL_N966850310,Old Toronto,1,1
ORG02518,Synthetic University 02518 @ Tricare Academy Career College,university,PL_N9672795308,Old Toronto,7,1
ORG02519,Synthetic Retail 02519 @ RS Furniture & Mattress,retail,PL_N9672906938,Old Toronto,1,1
ORG02520,Synthetic Office 02520 @ Intelcom,office,PL_N9679844113,Scarborough,1,1
ORG02521,Synthetic Office 02521 @ Joe Fresh,office,PL_N9684228297,Old Toronto,2,1
ORG02522,Synthetic Supermarket 02522 @ Foody Mart,supermarket,PL_N968464560,Markham,1,1
ORG02523,Synthetic Office 02523 @ Russell Alexander Collaborative Family Lawyers,office,PL_N9704188848,Old Toronto,2,1
ORG02524,Synthetic Office 02524 @ Youth Assisting Youth,office,PL_N9723307467,North York,2,1
ORG02525,Synthetic Retail 02525 @ G.P. Farm Garden Centre,retail,PL_N9738590542,Vaughan,1,1
ORG02526,Synthetic Office 02526 @ Explore Agency,office,PL_N9738778309,Old Toronto,1,1
ORG02527,Synthetic Retail 02527 @ OSM retail N9739835583,retail,PL_N9739835583,Old Toronto,1,1
ORG02528,Synthetic Office 02528 @ Universal Music,office,PL_N9739894697,Old Toronto,1,1
ORG02529,Synthetic Office 02529 @ Vincent Associates/Fundata Canada,office,PL_N9740014383,North York,1,1
ORG02530,Synthetic University 02530 @ Canadian All Care College,university,PL_N9740184036,North York,1,1
ORG02531,Synthetic Gym 02531 @ The Yorkville Club,gym,PL_N975547483,Old Toronto,1,1
ORG02532,Synthetic Retail 02532 @ Reo Gate Convenience,retail,PL_N9759821353,Brampton,2,1
ORG02533,Synthetic Retail 02533 @ The UPS Store,retail,PL_N9762968876,Old Toronto,1,1
ORG02534,Synthetic Office 02534 @ Law Office,office,PL_N9777614093,Brampton,1,1
ORG02535,Synthetic Office 02535 @ Metro Fence & Fittings Ltd.,office,PL_N9777691154,Brampton,1,1
ORG02536,Synthetic Office 02536 @ Employment Centre,office,PL_N9777691522,Brampton,1,1
ORG02537,Synthetic Office 02537 @ Mercedes-Benz,office,PL_N9810859614,Brampton,1,1
ORG02538,Synthetic Retail 02538 @ Cafe Despensary,retail,PL_N9813407376,Old Toronto,1,1
ORG02539,Synthetic Retail 02539 @ E&S Automotive,retail,PL_N9821230853,Brampton,1,1
ORG02540,Synthetic Office 02540 @ Skylark Employment Services Inc.,office,PL_N9821236068,Brampton,2,1
ORG02541,Synthetic Office 02541 @ Custom Insurance,office,PL_N9821237426,Brampton,1,1
ORG02542,Synthetic Office 02542 @ Amandeep Phul - Personal real estate corporation,office,PL_N9826047290,Vaughan,1,1
ORG02543,Synthetic Retail 02543 @ Exclusive Pre-Owned Auto,retail,PL_N9842561849,North York,1,1
ORG02544,Synthetic Retail 02544 @ Sacha Sauda Gurmat Parchar Society,retail,PL_N9842856861,Brampton,1,1
ORG02545,Synthetic Office 02545 @ Scott's Directories,office,PL_N9860246116,Old Toronto,1,1
ORG02546,Synthetic Office 02546 @ OSM office N9870218181,office,PL_N9870218181,Scarborough,1,1
ORG02547,Synthetic Office 02547 @ Bell Technical Solutions,office,PL_N9894144433,Old Toronto,1,1
ORG02548,Synthetic Retail 02548 @ Naked Face,retail,PL_N9905840447,Old Toronto,1,1
ORG02549,Synthetic Retail 02549 @ Collage Designs,retail,PL_N9905852048,Old Toronto,1,1
ORG02550,Synthetic Office 02550 @ Wimbledon Homes,office,PL_N9907844592,Old Toronto,1,1
ORG02551,Synthetic Restaurant 02551 @ Ozzy's Burgers Toronto,restaurant,PL_N9919447978,Old Toronto,1,1
ORG02552,Synthetic Retail 02552 @ Snapdragon,retail,PL_N992360568,Old Toronto,1,1
ORG02553,Synthetic Retail 02553 @ Green Natural Health and Nutrition Centre,retail,PL_N992367889,Old Toronto,1,1
ORG02554,Synthetic Retail 02554 @ Bay Dry Cleaners,retail,PL_N992379669,Old Toronto,1,1
ORG02555,"Synthetic Office 02555 @ Vinh Hoa Ngo, CPA",office,PL_N9928431359,Old Toronto,1,1
ORG02556,Synthetic Retail 02556 @ Value Buds,retail,PL_N9981769814,Old Toronto,1,1
ORG02557,Synthetic Residential 02557 @ OSM residential W1001351348,residential,PL_W1001351348,Old Toronto,1,1
ORG02558,Synthetic Residential 02558 @ OSM residential W1001821566,residential,PL_W1001821566,Old Toronto,1,1
ORG02559,Synthetic Commercial 02559 @ 31 Atlantic Avenue,commercial,PL_W1004706291,Old Toronto,2,1
ORG02560,Synthetic Commercial 02560 @ 29 Atlantic Avenue,commercial,PL_W1004706292,Old Toronto,2,1
ORG02561,Synthetic Commercial 02561 @ 27 Atlantic Avenue,commercial,PL_W1004706293,Old Toronto,2,1
ORG02562,Synthetic Commercial 02562 @ 25 Atlantic Avenue,commercial,PL_W1004706294,Old Toronto,1,1
ORG02563,Synthetic Commercial 02563 @ 21 Atlantic Avenue,commercial,PL_W1004706295,Old Toronto,3,1
ORG02564,Synthetic Commercial 02564 @ 19 Atlantic Avenue,commercial,PL_W1004706296,Old Toronto,1,1
ORG02565,Synthetic Commercial 02565 @ 17 Atlantic Avenue,commercial,PL_W1004706297,Old Toronto,2,1
ORG02566,Synthetic Commercial 02566 @ 15 Atlantic Avenue,commercial,PL_W1004706298,Old Toronto,1,1
ORG02567,Synthetic Commercial 02567 @ OSM commercial W1009155382,commercial,PL_W1009155382,Markham,2,1
ORG02568,Synthetic Commercial 02568 @ OSM commercial W101207707,commercial,PL_W101207707,Old Toronto,1,1
ORG02569,Synthetic Industrial 02569 @ OSM industrial W1013234823,industrial,PL_W1013234823,Old Toronto,1,1
ORG02570,Synthetic Gym 02570 @ Downsview Park Sports Centre,gym,PL_W1013411852,North York,1,1
ORG02571,Synthetic Residential 02571 @ OSM residential W1013431155,residential,PL_W1013431155,Old Toronto,1,1
ORG02572,Synthetic Commercial 02572 @ OSM commercial W1016993256,commercial,PL_W1016993256,Old Toronto,1,1
ORG02573,Synthetic Commercial 02573 @ OSM commercial W1017454922,commercial,PL_W1017454922,Old Toronto,1,1
ORG02574,Synthetic Commercial 02574 @ Etoibocke Masonic Centre,commercial,PL_W101918381,Old Toronto,1,1
ORG02575,Synthetic Commercial 02575 @ 218 Merton Street,commercial,PL_W101919593,Old Toronto,1,1
ORG02576,Synthetic Office 02576 @ RE/MAX,office,PL_W101919598,Old Toronto,2,1
ORG02577,Synthetic Residential 02577 @ Gallery Square,residential,PL_W1021349239,Markham,1,1
ORG02578,Synthetic University 02578 @ Canadian Film Centre,university,PL_W1024399954,North York,6,1
ORG02579,Synthetic Commercial 02579 @ OSM commercial W1024883174,commercial,PL_W1024883174,Brampton,3,1
ORG02580,Synthetic Residential 02580 @ 3-5 Lonsdale Road,residential,PL_W103093413,Old Toronto,1,1
ORG02581,Synthetic Industrial 02581 @ Sunrise Window & Door,industrial,PL_W103094562,Vaughan,1,1
ORG02582,Synthetic Industrial 02582 @ OSM industrial W103094574,industrial,PL_W103094574,Vaughan,1,1
ORG02583,Synthetic Commercial 02583 @ OSM commercial W103095385,commercial,PL_W103095385,Old Toronto,5,1
ORG02584,Synthetic Office 02584 @ United Steelworkers Hall,office,PL_W103096656,Old Toronto,3,1
ORG02585,Synthetic Industrial 02585 @ OSM industrial W103252322,industrial,PL_W103252322,Vaughan,2,1
ORG02586,Synthetic Residential 02586 @ 294 Main Street,residential,PL_W1033377981,Old Toronto,1,1
ORG02587,Synthetic Residential 02587 @ OSM residential W1033381071,residential,PL_W1033381071,Old Toronto,1,1
ORG02588,Synthetic Office 02588 @ Intact Centre,office,PL_W10334999,Old Toronto,1,1
ORG02589,Synthetic Office 02589 @ OSM office W103375040,office,PL_W103375040,Old Toronto,1,1
ORG02590,Synthetic Commercial 02590 @ Milliken Square,commercial,PL_W1034589148,Scarborough,2,1
ORG02591,Synthetic Commercial 02591 @ Mid/Finch Business Park,commercial,PL_W1034600126,Scarborough,2,1
ORG02592,Synthetic University 02592 @ Centennial College Downsview Campus,university,PL_W1034677780,North York,2,1
ORG02593,Synthetic Industrial 02593 @ OSM industrial W103617696,industrial,PL_W103617696,Vaughan,1,1
ORG02594,Synthetic Industrial 02594 @ OSM industrial W103618078,industrial,PL_W103618078,Brampton,1,1
ORG02595,Synthetic Industrial 02595 @ OSM industrial W103618476,industrial,PL_W103618476,Brampton,1,1
ORG02596,Synthetic Industrial 02596 @ OSM industrial W103619594,industrial,PL_W103619594,Vaughan,2,1
ORG02597,Synthetic Industrial 02597 @ OSM industrial W103619599,industrial,PL_W103619599,Vaughan,1,1
ORG02598,Synthetic Office 02598 @ Silician Ice Cream,office,PL_W103619601,Vaughan,1,1
ORG02599,Synthetic Industrial 02599 @ 20 Caldari Road,industrial,PL_W103621081,Vaughan,1,1
ORG02600,Synthetic Industrial 02600 @ 1200 Creditstone Road,industrial,PL_W103621099,Vaughan,1,1
ORG02601,Synthetic Industrial 02601 @ OSM industrial W103621103,industrial,PL_W103621103,Vaughan,1,1
ORG02602,Synthetic Industrial 02602 @ OSM industrial W103621380,industrial,PL_W103621380,Vaughan,1,1
ORG02603,Synthetic Residential 02603 @ OSM residential W1037818938,residential,PL_W1037818938,North York,1,1
ORG02604,Synthetic Office 02604 @ OSM office W103953728,office,PL_W103953728,Old Toronto,2,1
ORG02605,Synthetic Supermarket 02605 @ FreshCo,supermarket,PL_W1042084198,North York,3,1
ORG02606,Synthetic Commercial 02606 @ Woodside Square Mall Expansion,commercial,PL_W1046417334,Scarborough,2,1
ORG02607,Synthetic Commercial 02607 @ 801 Eglinton Avenue West,commercial,PL_W104942318,Old Toronto,3,1
ORG02608,Synthetic Commercial 02608 @ Old fire station 135,commercial,PL_W104943886,Old Toronto,2,1
ORG02609,Synthetic Commercial 02609 @ 58;60 Spadina Avenue,commercial,PL_W104945732,Old Toronto,1,1
ORG02610,Synthetic Commercial 02610 @ Systems Building,commercial,PL_W104945735,Old Toronto,3,1
ORG02611,Synthetic Commercial 02611 @ 380 Wellington Street West,commercial,PL_W104945736,Old Toronto,1,1
ORG02612,Synthetic Residential 02612 @ Glen Grove Suites,residential,PL_W105153853,North York,1,1
ORG02613,Synthetic Office 02613 @ OPSEU SEPFO,office,PL_W105497054,Old Toronto,2,1
ORG02614,Synthetic Commercial 02614 @ OSM commercial W105516599,commercial,PL_W105516599,Old Toronto,3,1
ORG02615,Synthetic Commercial 02615 @ OSM commercial W105516602,commercial,PL_W105516602,Old Toronto,1,1
ORG02616,Synthetic Commercial 02616 @ OSM commercial W105516604,commercial,PL_W105516604,Old Toronto,1,1
ORG02617,Synthetic Commercial 02617 @ OSM commercial W105516608,commercial,PL_W105516608,Old Toronto,1,1
ORG02618,Synthetic Commercial 02618 @ 543 St. Clair Avenue West,commercial,PL_W105516612,Old Toronto,3,1
ORG02619,Synthetic Commercial 02619 @ 585 St. Clair Avenue West,commercial,PL_W105516615,Old Toronto,2,1
ORG02620,Synthetic Commercial 02620 @ OSM commercial W105516618,commercial,PL_W105516618,Old Toronto,1,1
ORG02621,Synthetic Commercial 02621 @ OSM commercial W105516626,commercial,PL_W105516626,Old Toronto,2,1
ORG02622,Synthetic Commercial 02622 @ OSM commercial W105516629,commercial,PL_W105516629,Old Toronto,1,1
ORG02623,Synthetic Commercial 02623 @ OSM commercial W105516635,commercial,PL_W105516635,Old Toronto,1,1
ORG02624,Synthetic Commercial 02624 @ OSM commercial W105516637,commercial,PL_W105516637,Old Toronto,1,1
ORG02625,Synthetic Commercial 02625 @ OSM commercial W105516638,commercial,PL_W105516638,Old Toronto,2,1
ORG02626,Synthetic Commercial 02626 @ OSM commercial W1057021509,commercial,PL_W1057021509,Old Toronto,2,1
ORG02627,Synthetic Retail 02627 @ LCBO,retail,PL_W105789397,Old Toronto,1,1
ORG02628,Synthetic Office 02628 @ The Consulate General of the Republic of Korea,office,PL_W106099920,Old Toronto,2,1
ORG02629,Synthetic Commercial 02629 @ 146 Dupont Street,commercial,PL_W106181672,Old Toronto,2,1
ORG02630,Synthetic Office 02630 @ OSM office W106201344,office,PL_W106201344,Old Toronto,3,1
ORG02631,Synthetic Office 02631 @ PepsiCo,office,PL_W1066266065,Brampton,2,1
ORG02632,Synthetic Office 02632 @ Arkad Drywall Contractors,office,PL_W1066295953,North York,1,1
ORG02633,Synthetic Commercial 02633 @ OSM commercial W106710850,commercial,PL_W106710850,Old Toronto,1,1
ORG02634,Synthetic Supermarket 02634 @ Rabba,supermarket,PL_W106710883,Old Toronto,1,1
ORG02635,Synthetic Retail 02635 @ Ren's Pets Depot,retail,PL_W1067627897,North York,1,1
ORG02636,Synthetic Retail 02636 @ Frankenstein Performance Cycle,retail,PL_W1067633790,North York,1,1
ORG02637,Synthetic Commercial 02637 @ OSM commercial W106971408,commercial,PL_W106971408,Old Toronto,3,1
ORG02638,Synthetic Commercial 02638 @ 1375 Bathurst Street,commercial,PL_W106976306,Old Toronto,2,1
ORG02639,Synthetic Office 02639 @ 124 Merton Street,office,PL_W107138365,Old Toronto,2,1
ORG02640,Synthetic Office 02640 @ 130 Merton Street,office,PL_W107138623,Old Toronto,4,1
ORG02641,Synthetic Office 02641 @ OSM office W107138624,office,PL_W107138624,Old Toronto,1,1
ORG02642,Synthetic Commercial 02642 @ 360 Revus Avenue,commercial,PL_W107636650,Old Toronto,3,1
ORG02643,Synthetic Cafe 02643 @ Starbucks,cafe,PL_W1079642402,Old Toronto,1,1
ORG02644,Synthetic Commercial 02644 @ 105-111 King Street East,commercial,PL_W108059031,Old Toronto,2,1
ORG02645,Synthetic Commercial 02645 @ 6-8 Osler Street,commercial,PL_W1080660035,Old Toronto,3,1
ORG02646,Synthetic Residential 02646 @ OSM residential W1082708163,residential,PL_W1082708163,Scarborough,1,1
ORG02647,Synthetic Residential 02647 @ OSM residential W1082790234,residential,PL_W1082790234,Scarborough,1,1
ORG02648,Synthetic Office 02648 @ OSM office W1083376596,office,PL_W1083376596,Scarborough,1,1
ORG02649,Synthetic Commercial 02649 @ 150 Dupont Street,commercial,PL_W108536784,Old Toronto,2,1
ORG02650,Synthetic Industrial 02650 @ OSM industrial W1091080136,industrial,PL_W1091080136,North York,2,1
ORG02651,Synthetic Office 02651 @ Devonshire House,office,PL_W109499580,Old Toronto,1,1
ORG02652,Synthetic Residential 02652 @ OSM residential W1097603442,residential,PL_W1097603442,Old Toronto,1,1
ORG02653,Synthetic Commercial 02653 @ Olympian School of Swimming (Bullock Location),commercial,PL_W1098390370,Markham,1,1
ORG02654,Synthetic Office 02654 @ OSM office W1098900364,office,PL_W1098900364,Old Toronto,5,1
ORG02655,Synthetic Commercial 02655 @ OSM commercial W1099726288,commercial,PL_W1099726288,Old Toronto,1,1
ORG02656,Synthetic Commercial 02656 @ OSM commercial W1099743736,commercial,PL_W1099743736,Old Toronto,2,1
ORG02657,Synthetic Residential 02657 @ OSM residential W1101273554,residential,PL_W1101273554,Scarborough,1,1
ORG02658,Synthetic Commercial 02658 @ OSM commercial W1106745320,commercial,PL_W1106745320,Old Toronto,1,1
ORG02659,Synthetic Commercial 02659 @ OSM commercial W1108418366,commercial,PL_W1108418366,Old Toronto,2,1
ORG02660,Synthetic Residential 02660 @ OSM residential W1108418384,residential,PL_W1108418384,Old Toronto,1,1
ORG02661,Synthetic Hotel 02661 @ Hyatt Place Toronto/Brampton,hotel,PL_W1109164580,Brampton,3,1
ORG02662,Synthetic Office 02662 @ 491 Lawrence Avenue West,office,PL_W111082526,North York,2,1
ORG02663,Synthetic Office 02663 @ 2828 Bathurst Street,office,PL_W111082647,North York,2,1
ORG02664,Synthetic Office 02664 @ LivLofts,office,PL_W111101751,North York,3,1
ORG02665,Synthetic Commercial 02665 @ OSM commercial W1113530348,commercial,PL_W1113530348,Old Toronto,1,1
ORG02666,Synthetic Office 02666 @ Commerce Court South,office,PL_W111661581,Old Toronto,2,1
ORG02667,Synthetic Office 02667 @ 393 University Avenue,office,PL_W111661858,Old Toronto,2,1
ORG02668,Synthetic Office 02668 @ OSM office W111661859,office,PL_W111661859,Old Toronto,1,1
ORG02669,Synthetic Office 02669 @ Integracare,office,PL_W112390917,Old Toronto,1,1
ORG02670,Synthetic Residential 02670 @ 20 Sewells Road,residential,PL_W112440002,Scarborough,1,1
ORG02671,Synthetic Cafe 02671 @ Tim Hortons,cafe,PL_W112444415,North York,1,1
ORG02672,Synthetic Residential 02672 @ OSM residential W1125477356,residential,PL_W1125477356,Markham,1,1
ORG02673,Synthetic Commercial 02673 @ OSM commercial W1125984079,commercial,PL_W1125984079,Old Toronto,1,1
ORG02674,Synthetic Commercial 02674 @ OSM commercial W1125984086,commercial,PL_W1125984086,Old Toronto,2,1
ORG02675,Synthetic Commercial 02675 @ OSM commercial W1125984104,commercial,PL_W1125984104,Old Toronto,1,1
ORG02676,Synthetic Retail 02676 @ Lexus Vaughan,retail,PL_W1126399841,Vaughan,1,1
ORG02677,Synthetic Commercial 02677 @ OSM commercial W112757867,commercial,PL_W112757867,Old Toronto,2,1
ORG02678,Synthetic Commercial 02678 @ OSM commercial W112758537,commercial,PL_W112758537,Old Toronto,1,1
ORG02679,Synthetic Commercial 02679 @ The Montgomery Building,commercial,PL_W112758549,Old Toronto,1,1
ORG02680,Synthetic Commercial 02680 @ OSM commercial W112761005,commercial,PL_W112761005,Old Toronto,1,1
ORG02681,Synthetic Commercial 02681 @ OSM commercial W112761027,commercial,PL_W112761027,Old Toronto,1,1
ORG02682,Synthetic Commercial 02682 @ OSM commercial W112761028,commercial,PL_W112761028,Old Toronto,1,1
ORG02683,Synthetic Office 02683 @ Commissionaires' Station,office,PL_W1127926707,North York,1,1
ORG02684,Synthetic Commercial 02684 @ OSM commercial W1129341556,commercial,PL_W1129341556,Old Toronto,1,1
ORG02685,Synthetic Office 02685 @ Second Level Offices,office,PL_W1130371114,Vaughan,1,1
ORG02686,Synthetic Residential 02686 @ OSM residential W1130755538,residential,PL_W1130755538,Old Toronto,1,1
ORG02687,Synthetic Cafe 02687 @ Presotea,cafe,PL_W1131039492,Markham,1,1
ORG02688,Synthetic Retail 02688 @ Great Mountain Ginseng,retail,PL_W1131039497,Markham,1,1
ORG02689,Synthetic Commercial 02689 @ OSM commercial W1133859548,commercial,PL_W1133859548,Brampton,1,1
ORG02690,Synthetic Commercial 02690 @ 374 Dupont Street,commercial,PL_W113438126,Old Toronto,2,1
ORG02691,Synthetic Commercial 02691 @ 390 Dupont Street,commercial,PL_W113438143,Old Toronto,3,1
ORG02692,Synthetic Commercial 02692 @ 94 Laird Drive,commercial,PL_W113530396,Old Toronto,3,1
ORG02693,Synthetic Restaurant 02693 @ Local Public Eatery,restaurant,PL_W113530714,Old Toronto,1,1
ORG02694,Synthetic Retail 02694 @ Forest Hill Optical,retail,PL_W113804339,Old Toronto,1,1
ORG02695,Synthetic Commercial 02695 @ Spadina Road,commercial,PL_W113804494,Old Toronto,1,1
ORG02696,Synthetic Office 02696 @ Cambridge House,office,PL_W114206168,Old Toronto,1,1
ORG02697,Synthetic Commercial 02697 @ 90 Wicksteed Avenue,commercial,PL_W114352638,Old Toronto,1,1
ORG02698,Synthetic Gym 02698 @ Aquatic Centre,gym,PL_W1145124255,Old Toronto,1,1
ORG02699,Synthetic Residential 02699 @ 50 Brian Harrison Way,residential,PL_W114706279,Scarborough,1,1
ORG02700,Synthetic Residential 02700 @ 60 Brian Harrison Way,residential,PL_W114706282,Scarborough,4,1
ORG02701,Synthetic Residential 02701 @ 83 Borough Drive,residential,PL_W114706475,Scarborough,1,1
ORG02702,Synthetic Supermarket 02702 @ Metro,supermarket,PL_W1147510134,Markham,1,1
ORG02703,Synthetic Office 02703 @ OSM office W1149717350,office,PL_W1149717350,Brampton,5,1
ORG02704,Synthetic Office 02704 @ 21 St. Clair Avenue East,office,PL_W115209027,Old Toronto,3,1
ORG02705,Synthetic Industrial 02705 @ OSM industrial W115218826,industrial,PL_W115218826,Old Toronto,1,1
ORG02706,Synthetic Commercial 02706 @ 12 Lawton Boulevard,commercial,PL_W115222031,Old Toronto,3,1
ORG02707,Synthetic Commercial 02707 @ Padulo Building,commercial,PL_W115222390,Old Toronto,16,2
ORG02708,Synthetic Commercial 02708 @ OSM commercial W1153874897,commercial,PL_W1153874897,Old Toronto,1,1
ORG02709,Synthetic Retail 02709 @ 378 Yonge Street,retail,PL_W115430891,Old Toronto,1,1
ORG02710,Synthetic Office 02710 @ 96 Spadina Avenue,office,PL_W115626110,Old Toronto,3,1
ORG02711,Synthetic Commercial 02711 @ OSM commercial W1162946761,commercial,PL_W1162946761,Old Toronto,1,1
ORG02712,Synthetic Commercial 02712 @ OSM commercial W1162960042,commercial,PL_W1162960042,Old Toronto,1,1
ORG02713,Synthetic Residential 02713 @ Pavilia Tower A,residential,PL_W1163968779,Markham,3,1
ORG02714,Synthetic Residential 02714 @ OSM residential W1167158866,residential,PL_W1167158866,Markham,1,1
ORG02715,Synthetic Commercial 02715 @ OSM commercial W1171853035,commercial,PL_W1171853035,Old Toronto,3,1
ORG02716,Synthetic Commercial 02716 @ OSM commercial W1173242674,commercial,PL_W1173242674,Old Toronto,4,1
ORG02717,Synthetic Commercial 02717 @ OSM commercial W1173954309,commercial,PL_W1173954309,Brampton,1,1
ORG02718,Synthetic Commercial 02718 @ OSM commercial W1174697419,commercial,PL_W1174697419,Old Toronto,1,1
ORG02719,Synthetic Commercial 02719 @ OSM commercial W1174697423,commercial,PL_W1174697423,Old Toronto,2,1
ORG02720,Synthetic Commercial 02720 @ 287 MacPherson Avenue,commercial,PL_W1174697425,Old Toronto,3,1
ORG02721,Synthetic Office 02721 @ OSM office W117593766,office,PL_W117593766,Markham,4,1
ORG02722,Synthetic Office 02722 @ OSM office W117594134,office,PL_W117594134,Markham,1,1
ORG02723,Synthetic Commercial 02723 @ OSM commercial W1178504310,commercial,PL_W1178504310,Old Toronto,1,1
ORG02724,Synthetic Commercial 02724 @ Revus Business Centre,commercial,PL_W118004701,Old Toronto,1,1
ORG02725,Synthetic Commercial 02725 @ Château Le Jardin,commercial,PL_W118251594,Vaughan,2,1
ORG02726,Synthetic Commercial 02726 @ Child Development Institute,commercial,PL_W118507236,Old Toronto,1,1
ORG02727,Synthetic Commercial 02727 @ OSM commercial W118511760,commercial,PL_W118511760,Old Toronto,1,1
ORG02728,Synthetic Commercial 02728 @ 176 Cherry Street,commercial,PL_W1193501687,Old Toronto,1,1
ORG02729,Synthetic Office 02729 @ OSM office W1194870091,office,PL_W1194870091,Old Toronto,6,1
ORG02730,Synthetic Office 02730 @ OSM office W1194870092,office,PL_W1194870092,Old Toronto,1,1
ORG02731,Synthetic Residential 02731 @ OSM residential W1194900323,residential,PL_W1194900323,Old Toronto,1,1
ORG02732,Synthetic Office 02732 @ 1655 Dupont Street,office,PL_W1194900603,Old Toronto,3,1
ORG02733,Synthetic Hotel 02733 @ Courtyard by Marriott,hotel,PL_W119880454,Brampton,1,1
ORG02734,Synthetic Commercial 02734 @ OSM commercial W119973190,commercial,PL_W119973190,Brampton,1,1
ORG02735,Synthetic Commercial 02735 @ 5535 Eglinton Avenue West,commercial,PL_W119980187,Brampton,1,1
ORG02736,Synthetic Office 02736 @ OSM office W1201445841,office,PL_W1201445841,Markham,3,1
ORG02737,Synthetic Residential 02737 @ OSM residential W1202685542,residential,PL_W1202685542,Markham,1,1
ORG02738,Synthetic Industrial 02738 @ Portlands Energy Centre,industrial,PL_W120342220,Old Toronto,1,1
ORG02739,Synthetic Residential 02739 @ OSM residential W1204537082,residential,PL_W1204537082,Markham,1,1
ORG02740,Synthetic Residential 02740 @ OSM residential W1204537184,residential,PL_W1204537184,Markham,1,1
ORG02741,Synthetic Industrial 02741 @ OSM industrial W1204544956,industrial,PL_W1204544956,Old Toronto,1,1
ORG02742,Synthetic Industrial 02742 @ OSM industrial W1204571898,industrial,PL_W1204571898,North York,1,1
ORG02743,Synthetic Industrial 02743 @ OSM industrial W1204571902,industrial,PL_W1204571902,North York,1,1
ORG02744,Synthetic Residential 02744 @ OSM residential W1204734658,residential,PL_W1204734658,Markham,1,1
ORG02745,Synthetic Residential 02745 @ OSM residential W1204906983,residential,PL_W1204906983,Markham,1,1
ORG02746,Synthetic Gym 02746 @ Planet Fitness,gym,PL_W1206414602,North York,1,1
ORG02747,Synthetic Commercial 02747 @ OSM commercial W1211969615,commercial,PL_W1211969615,Old Toronto,1,1
ORG02748,Synthetic Commercial 02748 @ OSM commercial W1212175665,commercial,PL_W1212175665,Old Toronto,1,1
ORG02749,Synthetic Commercial 02749 @ Victoria Ballet Academy,commercial,PL_W121777755,North York,1,1
ORG02750,Synthetic Gym 02750 @ YMCA,gym,PL_W121946558,Markham,1,1
ORG02751,Synthetic Commercial 02751 @ 6070 Highway 7,commercial,PL_W121968345,Markham,2,1
ORG02752,Synthetic Commercial 02752 @ 6080 Highway 7,commercial,PL_W121968346,Markham,1,1
ORG02753,Synthetic Commercial 02753 @ 39 Madison Avenue,commercial,PL_W122198143,Old Toronto,2,1
ORG02754,Synthetic Office 02754 @ 19 Madison Avenue,office,PL_W122198144,Old Toronto,2,1
ORG02755,Synthetic Office 02755 @ 41 Madison Avenue,office,PL_W122198157,Old Toronto,1,1
ORG02756,Synthetic Commercial 02756 @ 35 Madison Avenue,commercial,PL_W122198160,Old Toronto,1,1
ORG02757,Synthetic Office 02757 @ Life Choices Natural Food,office,PL_W122198266,Old Toronto,2,1
ORG02758,Synthetic Commercial 02758 @ 33 Prince Arthur Avenue,commercial,PL_W122198734,Old Toronto,4,1
ORG02759,Synthetic Commercial 02759 @ 9 Prince Arthur Avenue,commercial,PL_W122198736,Old Toronto,1,1
ORG02760,Synthetic Commercial 02760 @ Tower Building,commercial,PL_W122204304,Old Toronto,7,1
ORG02761,Synthetic Commercial 02761 @ 116 Spadina Avenue,commercial,PL_W122204305,Old Toronto,5,1
ORG02762,Synthetic Commercial 02762 @ 460 Richmond Street West,commercial,PL_W122204658,Old Toronto,8,1
ORG02763,Synthetic Commercial 02763 @ 372 Richmond Street West,commercial,PL_W122205414,Old Toronto,2,1
ORG02764,Synthetic Commercial 02764 @ Queen Richmond Centre West,commercial,PL_W122205423,Old Toronto,17,2
ORG02765,Synthetic Residential 02765 @ OSM residential W1222655401,residential,PL_W1222655401,Old Toronto,1,1
ORG02766,Synthetic Commercial 02766 @ OSM commercial W1222872876,commercial,PL_W1222872876,Old Toronto,1,1
ORG02767,Synthetic Commercial 02767 @ OSM commercial W122481951,commercial,PL_W122481951,Scarborough,2,1
ORG02768,Synthetic Commercial 02768 @ OSM commercial W1224926612,commercial,PL_W1224926612,Old Toronto,2,1
ORG02769,Synthetic Commercial 02769 @ OSM commercial W1226256410,commercial,PL_W1226256410,Old Toronto,3,1
ORG02770,Synthetic Commercial 02770 @ OSM commercial W1226625102,commercial,PL_W1226625102,Old Toronto,1,1
ORG02771,Synthetic Commercial 02771 @ OSM commercial W1228130862,commercial,PL_W1228130862,Old Toronto,1,1
ORG02772,Synthetic Commercial 02772 @ OSM commercial W1228130864,commercial,PL_W1228130864,Old Toronto,1,1
ORG02773,Synthetic Commercial 02773 @ OSM commercial W1228145952,commercial,PL_W1228145952,Old Toronto,1,1
ORG02774,Synthetic Office 02774 @ Jane Harvey Associates-Lawyers,office,PL_W1229816877,North York,1,1
ORG02775,Synthetic Retail 02775 @ Apple Store,retail,PL_W1230109200,North York,1,1
ORG02776,Synthetic Retail 02776 @ Lucie Me Medical Spa,retail,PL_W1230109207,North York,1,1
ORG02777,Synthetic Retail 02777 @ Tonyc Salon & Spa,retail,PL_W1230109220,North York,1,1
ORG02778,Synthetic Commercial 02778 @ OSM commercial W1230138845,commercial,PL_W1230138845,Brampton,1,1
ORG02779,Synthetic Commercial 02779 @ OSM commercial W1231738956,commercial,PL_W1231738956,Old Toronto,1,1
ORG02780,Synthetic Industrial 02780 @ OSM industrial W1237867647,industrial,PL_W1237867647,Old Toronto,1,1
ORG02781,Synthetic Gym 02781 @ Amesbury Community Centre,gym,PL_W124105158,North York,1,1
ORG02782,Synthetic Commercial 02782 @ 9565 Weston Road,commercial,PL_W124126825,Vaughan,1,1
ORG02783,Synthetic Commercial 02783 @ OSM commercial W1246201683,commercial,PL_W1246201683,Old Toronto,1,1
ORG02784,Synthetic Residential 02784 @ Seabreeze Apartments,residential,PL_W1246221241,Old Toronto,1,1
ORG02785,Synthetic Commercial 02785 @ 361 John Street,commercial,PL_W1246765465,Markham,1,1
ORG02786,Synthetic Commercial 02786 @ 30 Roden Place,commercial,PL_W124701849,Old Toronto,1,1
ORG02787,Synthetic Industrial 02787 @ OSM industrial W1248709016,industrial,PL_W1248709016,Old Toronto,1,1
ORG02788,Synthetic Commercial 02788 @ OSM commercial W1252647293,commercial,PL_W1252647293,Old Toronto,1,1
ORG02789,Synthetic Office 02789 @ 191 Eglinton Avenue East,office,PL_W125308535,Old Toronto,1,1
ORG02790,Synthetic Office 02790 @ 240 Eglinton Avenue East,office,PL_W125308705,North York,2,1
ORG02791,Synthetic Office 02791 @ Power Workers' Union,office,PL_W125308706,North York,2,1
ORG02792,Synthetic Office 02792 @ 234 Eglinton Avenue East,office,PL_W125308707,North York,3,1
ORG02793,Synthetic Residential 02793 @ OSM residential W1253685252,residential,PL_W1253685252,Markham,1,1
ORG02794,Synthetic Commercial 02794 @ OSM commercial W1256755741,commercial,PL_W1256755741,Old Toronto,2,1
ORG02795,Synthetic Commercial 02795 @ OSM commercial W1258091966,commercial,PL_W1258091966,Old Toronto,1,1
ORG02796,Synthetic Residential 02796 @ 1 Kindale Way,residential,PL_W1258521554,Markham,1,1
ORG02797,Synthetic Commercial 02797 @ 1354 Weston Road,commercial,PL_W1259404076,Old Toronto,4,1
ORG02798,Synthetic Commercial 02798 @ Queen Street West,commercial,PL_W126301465,Old Toronto,4,1
ORG02799,Synthetic Commercial 02799 @ OSM commercial W1263843758,commercial,PL_W1263843758,Old Toronto,1,1
ORG02800,Synthetic Commercial 02800 @ OSM commercial W1266341139,commercial,PL_W1266341139,Old Toronto,2,1
ORG02801,Synthetic Residential 02801 @ 48 Niles Way,residential,PL_W1267010810,Markham,1,1
ORG02802,Synthetic University 02802 @ Toronto School of Art,university,PL_W1268267050,Old Toronto,8,1
ORG02803,Synthetic Office 02803 @ 151 Eglinton Avenue West,office,PL_W126860777,Old Toronto,1,1
ORG02804,Synthetic Residential 02804 @ York Condominium Corporation 256,residential,PL_W1271809791,Markham,2,1
ORG02805,Synthetic Residential 02805 @ 6 Norris Way,residential,PL_W1272117300,Markham,1,1
ORG02806,Synthetic Residential 02806 @ OSM residential W1274900959,residential,PL_W1274900959,Old Toronto,1,1
ORG02807,Synthetic Residential 02807 @ OSM residential W1274900984,residential,PL_W1274900984,Old Toronto,1,1
ORG02808,Synthetic Commercial 02808 @ Downsview Complex (Government of Ontario),commercial,PL_W127491088,North York,1,1
ORG02809,Synthetic Residential 02809 @ OSM residential W1275510418,residential,PL_W1275510418,Markham,1,1
ORG02810,Synthetic Residential 02810 @ OSM residential W1275510440,residential,PL_W1275510440,Markham,1,1
ORG02811,Synthetic Residential 02811 @ OSM residential W1275522390,residential,PL_W1275522390,Markham,1,1
ORG02812,Synthetic Residential 02812 @ OSM residential W1275522402,residential,PL_W1275522402,Markham,1,1
ORG02813,Synthetic Commercial 02813 @ The Parkdale Hall,commercial,PL_W127685221,Old Toronto,3,1
ORG02814,Synthetic Office 02814 @ 76 Sheppard Avenue West,office,PL_W128008137,North York,1,1
ORG02815,Synthetic Commercial 02815 @ Esso,commercial,PL_W128093638,North York,1,1
ORG02816,Synthetic Office 02816 @ Missionary Sisters of the Precious Blood,office,PL_W128147315,North York,1,1
ORG02817,Synthetic Commercial 02817 @ McVean Commercial Centre,commercial,PL_W1284638392,Brampton,2,1
ORG02818,Synthetic Office 02818 @ Pleasant Professional Building,office,PL_W128573567,Old Toronto,1,1
ORG02819,Synthetic Commercial 02819 @ OSM commercial W1289003183,commercial,PL_W1289003183,North York,1,1
ORG02820,Synthetic University 02820 @ Loyalist College in Toronto,university,PL_W1289507559,Markham,4,1
ORG02821,Synthetic Industrial 02821 @ OSM industrial W129029299,industrial,PL_W129029299,Vaughan,1,1
ORG02822,Synthetic Commercial 02822 @ 1120 Birchmount Road,commercial,PL_W129704520,Scarborough,1,1
ORG02823,Synthetic Industrial 02823 @ OSM industrial W129709522,industrial,PL_W129709522,Scarborough,1,1
ORG02824,Synthetic Commercial 02824 @ 577 Burnhamthorpe Road,commercial,PL_W129729325,Old Toronto,1,1
ORG02825,Synthetic Office 02825 @ Hydro One,office,PL_W129730208,Markham,3,1
ORG02826,Synthetic Industrial 02826 @ OSM industrial W129732406,industrial,PL_W129732406,Brampton,1,1
ORG02827,Synthetic Commercial 02827 @ OSM commercial W1302155970,commercial,PL_W1302155970,Old Toronto,2,1
ORG02828,Synthetic Commercial 02828 @ OSM commercial W1302155974,commercial,PL_W1302155974,Old Toronto,3,1
ORG02829,Synthetic Commercial 02829 @ OSM commercial W1302172193,commercial,PL_W1302172193,Old Toronto,1,1
ORG02830,Synthetic Residential 02830 @ OSM residential W1302635190,residential,PL_W1302635190,Old Toronto,1,1
ORG02831,Synthetic Commercial 02831 @ Anishnawbe Health Toronto,commercial,PL_W1306222715,Old Toronto,1,1
ORG02832,Synthetic Commercial 02832 @ OSM commercial W130801772,commercial,PL_W130801772,Old Toronto,2,1
ORG02833,Synthetic Commercial 02833 @ OSM commercial W130806359,commercial,PL_W130806359,Old Toronto,1,1
ORG02834,Synthetic Commercial 02834 @ OSM commercial W130807014,commercial,PL_W130807014,Old Toronto,2,1
ORG02835,Synthetic Industrial 02835 @ OSM industrial W1315961630,industrial,PL_W1315961630,Old Toronto,1,1
ORG02836,Synthetic Industrial 02836 @ OSM industrial W1315961632,industrial,PL_W1315961632,Old Toronto,1,1
ORG02837,Synthetic Commercial 02837 @ 446 Spadina Road,commercial,PL_W1316550308,Old Toronto,1,1
ORG02838,Synthetic Commercial 02838 @ 420 Spadina Road,commercial,PL_W1316550309,Old Toronto,1,1
ORG02839,Synthetic Commercial 02839 @ Scotiabank,commercial,PL_W1316550311,Old Toronto,1,1
ORG02840,Synthetic Commercial 02840 @ OSM commercial W1316550312,commercial,PL_W1316550312,Old Toronto,1,1
ORG02841,Synthetic Commercial 02841 @ OSM commercial W1316550313,commercial,PL_W1316550313,Old Toronto,3,1
ORG02842,Synthetic Commercial 02842 @ OSM commercial W1316550314,commercial,PL_W1316550314,Old Toronto,2,1
ORG02843,Synthetic Commercial 02843 @ OSM commercial W1316550315,commercial,PL_W1316550315,Old Toronto,1,1
ORG02844,Synthetic Commercial 02844 @ Forest Hill Crematorium And Mausoleum,commercial,PL_W132115340,North York,2,1
ORG02845,Synthetic Commercial 02845 @ OSM commercial W1321434683,commercial,PL_W1321434683,Old Toronto,2,1
ORG02846,Synthetic Office 02846 @ 121 Willowdale Avenue,office,PL_W132189161,North York,1,1
ORG02847,Synthetic Office 02847 @ ILAP Internet Light and Power,office,PL_W132189179,North York,1,1
ORG02848,Synthetic Industrial 02848 @ OSM industrial W1322643298,industrial,PL_W1322643298,Old Toronto,1,1
ORG02849,Synthetic Office 02849 @ Toronto Sun,office,PL_W132646523,Old Toronto,2,1
ORG02850,Synthetic Industrial 02850 @ OSM industrial W132782210,industrial,PL_W132782210,North York,1,1
ORG02851,Synthetic Residential 02851 @ OSM residential W132894800,residential,PL_W132894800,North York,1,1
ORG02852,Synthetic Residential 02852 @ OSM residential W1334905979,residential,PL_W1334905979,Markham,1,1
ORG02853,Synthetic Residential 02853 @ OSM residential W1334905980,residential,PL_W1334905980,Markham,1,1
ORG02854,Synthetic Commercial 02854 @ Miziwe Biik Aboriginal Employment & Training - Trades Program,commercial,PL_W1336697639,Old Toronto,2,1
ORG02855,Synthetic Office 02855 @ Rogers,office,PL_W133670940,Old Toronto,2,1
ORG02856,Synthetic Commercial 02856 @ OSM commercial W1338469221,commercial,PL_W1338469221,Old Toronto,1,1
ORG02857,Synthetic Commercial 02857 @ OSM commercial W1338765141,commercial,PL_W1338765141,Old Toronto,1,1
ORG02858,Synthetic Office 02858 @ Hepburn Block,office,PL_W13404662,Old Toronto,1,1
ORG02859,Synthetic Office 02859 @ Ferguson Block,office,PL_W13404966,Old Toronto,3,1
ORG02860,Synthetic Office 02860 @ Hearst Block,office,PL_W13405060,Old Toronto,3,1
ORG02861,Synthetic Office 02861 @ Mowat Block,office,PL_W13405217,Old Toronto,5,1
ORG02862,Synthetic Residential 02862 @ OSM residential W1341448213,residential,PL_W1341448213,Markham,1,1
ORG02863,Synthetic Commercial 02863 @ Varley Condominium Stores,commercial,PL_W1341461749,Markham,1,1
ORG02864,Synthetic Residential 02864 @ OSM residential W134174510,residential,PL_W134174510,North York,1,1
ORG02865,Synthetic Residential 02865 @ OSM residential W134179852,residential,PL_W134179852,North York,1,1
ORG02866,Synthetic Commercial 02866 @ OSM commercial W1344472021,commercial,PL_W1344472021,Old Toronto,1,1
ORG02867,Synthetic Commercial 02867 @ OSM commercial W1344472026,commercial,PL_W1344472026,Old Toronto,1,1
ORG02868,Synthetic Commercial 02868 @ 639 Davenport Road,commercial,PL_W1346020975,Old Toronto,1,1
ORG02869,Synthetic Commercial 02869 @ William F. White Studios City Toronto,commercial,PL_W1347145485,Old Toronto,2,1
ORG02870,Synthetic Commercial 02870 @ OSM commercial W134818613,commercial,PL_W134818613,North York,1,1
ORG02871,Synthetic Commercial 02871 @ OSM commercial W1350297410,commercial,PL_W1350297410,Old Toronto,2,1
ORG02872,Synthetic Residential 02872 @ 223 Spadina Road,residential,PL_W1350480065,Old Toronto,1,1
ORG02873,Synthetic Office 02873 @ 17 Madison Avenue,office,PL_W1350503254,Old Toronto,1,1
ORG02874,Synthetic Commercial 02874 @ OSM commercial W1351704058,commercial,PL_W1351704058,Old Toronto,1,1
ORG02875,Synthetic Commercial 02875 @ OSM commercial W1351704061,commercial,PL_W1351704061,Old Toronto,2,1
ORG02876,Synthetic Commercial 02876 @ OSM commercial W1351724811,commercial,PL_W1351724811,Old Toronto,1,1
ORG02877,Synthetic Industrial 02877 @ 33 Scottfield Drive,industrial,PL_W135231762,Scarborough,1,1
ORG02878,Synthetic Commercial 02878 @ OSM commercial W1354494562,commercial,PL_W1354494562,Old Toronto,2,1
ORG02879,Synthetic Residential 02879 @ OSM residential W135469951,residential,PL_W135469951,Old Toronto,1,1
ORG02880,Synthetic Residential 02880 @ OSM residential W135470542,residential,PL_W135470542,North York,1,1
ORG02881,Synthetic Commercial 02881 @ OSM commercial W1355990387,commercial,PL_W1355990387,Old Toronto,1,1
ORG02882,Synthetic Residential 02882 @ OSM residential W135722459,residential,PL_W135722459,Old Toronto,1,1
ORG02883,Synthetic Commercial 02883 @ OSM commercial W1357905984,commercial,PL_W1357905984,Old Toronto,1,1
ORG02884,Synthetic Residential 02884 @ OSM residential W1357930414,residential,PL_W1357930414,Old Toronto,1,1
ORG02885,Synthetic Industrial 02885 @ OSM industrial W1358353760,industrial,PL_W1358353760,Scarborough,1,1
ORG02886,Synthetic Industrial 02886 @ OSM industrial W1363896967,industrial,PL_W1363896967,North York,1,1
ORG02887,Synthetic Commercial 02887 @ 544; 546; 548 St. Clair Avenue West,commercial,PL_W1366234349,Old Toronto,2,1
ORG02888,Synthetic Industrial 02888 @ OSM industrial W1367959216,industrial,PL_W1367959216,Old Toronto,1,1
ORG02889,Synthetic Commercial 02889 @ 2397 Eglinton Avenue West,commercial,PL_W136796593,Old Toronto,4,1
ORG02890,Synthetic Commercial 02890 @ 2401 Eglinton Avenue West,commercial,PL_W136796596,Old Toronto,1,1
ORG02891,Synthetic Commercial 02891 @ 2399 Eglinton Avenue West,commercial,PL_W136796723,Old Toronto,1,1
ORG02892,Synthetic Industrial 02892 @ OSM industrial W136806476,industrial,PL_W136806476,North York,1,1
ORG02893,Synthetic Retail 02893 @ U-Haul,retail,PL_W136964760,Scarborough,1,1
ORG02894,Synthetic Industrial 02894 @ OSM industrial W1370761550,industrial,PL_W1370761550,Old Toronto,1,1
ORG02895,Synthetic Industrial 02895 @ Aritizia Distribution Centre - DC03,industrial,PL_W1370853278,Brampton,1,1
ORG02896,Synthetic Commercial 02896 @ 272 Dupont Street,commercial,PL_W1377658343,Old Toronto,2,1
ORG02897,Synthetic Commercial 02897 @ 270 Dupont Street,commercial,PL_W1377658344,Old Toronto,2,1
ORG02898,Synthetic Commercial 02898 @ 268 Dupont Street,commercial,PL_W1377658345,Old Toronto,1,1
ORG02899,Synthetic Office 02899 @ The Canadian Press,office,PL_W137916397,Old Toronto,4,1
ORG02900,Synthetic Office 02900 @ Canadian Pacific Building,office,PL_W137923156,Old Toronto,4,1
ORG02901,Synthetic Office 02901 @ Traders Bank,office,PL_W137923159,Old Toronto,1,1
ORG02902,Synthetic Office 02902 @ OSM office W137927024,office,PL_W137927024,Old Toronto,3,1
ORG02903,Synthetic Office 02903 @ 100 Yonge St,office,PL_W137927025,Old Toronto,4,1
ORG02904,Synthetic Residential 02904 @ OSM residential W1389930381,residential,PL_W1389930381,Vaughan,1,1
ORG02905,Synthetic Commercial 02905 @ OSM commercial W1391063636,commercial,PL_W1391063636,Old Toronto,3,1
ORG02906,Synthetic Commercial 02906 @ 2210 Yonge Street,commercial,PL_W1395034222,Old Toronto,1,1
ORG02907,Synthetic Commercial 02907 @ 2190 Yonge Street,commercial,PL_W1395344207,Old Toronto,1,1
ORG02908,Synthetic Residential 02908 @ OSM residential W1395567663,residential,PL_W1395567663,Old Toronto,2,1
ORG02909,Synthetic Commercial 02909 @ 237 Spadina Road,commercial,PL_W1395765937,Old Toronto,2,1
ORG02910,Synthetic Commercial 02910 @ 266 Dupont Street,commercial,PL_W1395765938,Old Toronto,2,1
ORG02911,Synthetic Commercial 02911 @ 262 Dupont Street,commercial,PL_W1395765939,Old Toronto,2,1
ORG02912,Synthetic Commercial 02912 @ 256 Dupont Street,commercial,PL_W1395765940,Old Toronto,1,1
ORG02913,Synthetic Commercial 02913 @ 238 Dupont Street,commercial,PL_W1395765944,Old Toronto,2,1
ORG02914,Synthetic Commercial 02914 @ 176 Dupont Street,commercial,PL_W1395777491,Old Toronto,1,1
ORG02915,Synthetic Commercial 02915 @ 365 Davenport Road,commercial,PL_W1395777493,Old Toronto,1,1
ORG02916,Synthetic Commercial 02916 @ 369 Davenport Road,commercial,PL_W1395777494,Old Toronto,1,1
ORG02917,Synthetic Commercial 02917 @ 150 Kenwood Avenue,commercial,PL_W139635113,Old Toronto,1,1
ORG02918,Synthetic Commercial 02918 @ OSM commercial W140486338,commercial,PL_W140486338,Brampton,1,1
ORG02919,Synthetic Commercial 02919 @ 129 Davenport Road,commercial,PL_W1408818041,Old Toronto,1,1
ORG02920,Synthetic Commercial 02920 @ OSM commercial W1408833223,commercial,PL_W1408833223,Old Toronto,1,1
ORG02921,Synthetic Industrial 02921 @ OSM industrial W141170462,industrial,PL_W141170462,Old Toronto,1,1
ORG02922,Synthetic Industrial 02922 @ 2455 Cawthra Road,industrial,PL_W141171531,Old Toronto,1,1
ORG02923,Synthetic Industrial 02923 @ OSM industrial W141171535,industrial,PL_W141171535,Old Toronto,1,1
ORG02924,Synthetic Industrial 02924 @ OSM industrial W141171734,industrial,PL_W141171734,Old Toronto,1,1
ORG02925,Synthetic Industrial 02925 @ OSM industrial W141171737,industrial,PL_W141171737,Old Toronto,1,1
ORG02926,Synthetic Commercial 02926 @ Dixie Curling Club,commercial,PL_W141173316,Old Toronto,1,1
ORG02927,Synthetic Industrial 02927 @ OSM industrial W141176440,industrial,PL_W141176440,Old Toronto,1,1
ORG02928,Synthetic Residential 02928 @ OSM residential W1412635041,residential,PL_W1412635041,Scarborough,1,1
ORG02929,Synthetic Commercial 02929 @ Markland Wood Golf Club,commercial,PL_W141284992,Old Toronto,4,1
ORG02930,Synthetic Commercial 02930 @ OSM commercial W141296067,commercial,PL_W141296067,Old Toronto,2,1
ORG02931,Synthetic Office 02931 @ Toronto Dominion Bank Tower,office,PL_W141693728,Old Toronto,1,1
ORG02932,Synthetic Office 02932 @ TD North Tower,office,PL_W141693739,Old Toronto,6,1
ORG02933,Synthetic Office 02933 @ 222 Bay,office,PL_W141693951,Old Toronto,2,1
ORG02934,Synthetic Office 02934 @ OSM office W141728158,office,PL_W141728158,Brampton,1,1
ORG02935,Synthetic Industrial 02935 @ OSM industrial W1417411887,industrial,PL_W1417411887,Brampton,1,1
ORG02936,Synthetic Commercial 02936 @ Crosstown Place,commercial,PL_W1418991792,North York,7,1
ORG02937,Synthetic Residential 02937 @ OSM residential W1419677300,residential,PL_W1419677300,Old Toronto,1,1
ORG02938,Synthetic Residential 02938 @ OSM residential W1419698577,residential,PL_W1419698577,Old Toronto,1,1
ORG02939,Synthetic Commercial 02939 @ OSM commercial W1420635670,commercial,PL_W1420635670,Scarborough,1,1
ORG02940,Synthetic Commercial 02940 @ OSM commercial W1421194207,commercial,PL_W1421194207,Old Toronto,1,1
ORG02941,Synthetic Commercial 02941 @ OSM commercial W1424015290,commercial,PL_W1424015290,Old Toronto,5,1
ORG02942,Synthetic Office 02942 @ Northern Ontario Building,office,PL_W142432175,Old Toronto,7,1
ORG02943,Synthetic Commercial 02943 @ OSM commercial W1424486876,commercial,PL_W1424486876,Old Toronto,2,1
ORG02944,Synthetic Office 02944 @ Perrin/Sunshine Bar & Restaurant Supply,office,PL_W142558168,Old Toronto,1,1
ORG02945,Synthetic Office 02945 @ Commerce Court East,office,PL_W142739261,Old Toronto,4,1
ORG02946,Synthetic Industrial 02946 @ 278 Watline Avenue,industrial,PL_W142993846,Brampton,2,1
ORG02947,Synthetic University 02947 @ Fire and Emergency Services Training Institute,university,PL_W1431713652,Brampton,5,1
ORG02948,Synthetic Commercial 02948 @ 360 Dupont Street,commercial,PL_W1433186813,Old Toronto,1,1
ORG02949,Synthetic Office 02949 @ RBC,office,PL_W143654375,Markham,5,1
ORG02950,Synthetic Residential 02950 @ OSM residential W143654379,residential,PL_W143654379,Markham,1,1
ORG02951,Synthetic Residential 02951 @ OSM residential W143657050,residential,PL_W143657050,Markham,1,1
ORG02952,Synthetic Industrial 02952 @ 31 Ripley Avenue,industrial,PL_W143672144,Old Toronto,1,1
ORG02953,Synthetic Commercial 02953 @ OSM commercial W143672481,commercial,PL_W143672481,Markham,1,1
ORG02954,Synthetic Commercial 02954 @ St. Clair-Winona Professional Building,commercial,PL_W1441902337,Old Toronto,1,1
ORG02955,Synthetic Commercial 02955 @ OSM commercial W1442920640,commercial,PL_W1442920640,Old Toronto,1,1
ORG02956,Synthetic Residential 02956 @ 2035 Victoria Park Avenue,residential,PL_W144500767,Scarborough,1,1
ORG02957,Synthetic Office 02957 @ Hershey's,office,PL_W144600192,Brampton,1,1
ORG02958,Synthetic Commercial 02958 @ OSM commercial W1446758390,commercial,PL_W1446758390,Old Toronto,2,1
ORG02959,Synthetic Hotel 02959 @ Courtyard by Marriott,hotel,PL_W144942369,Vaughan,6,1
ORG02960,Synthetic Office 02960 @ OSM office W1456053276,office,PL_W1456053276,Richmond Hill,1,1
ORG02961,Synthetic Industrial 02961 @ Keele Centre,industrial,PL_W1458957901,Old Toronto,1,1
ORG02962,Synthetic Office 02962 @ 160 McNabb Street,office,PL_W1460928111,Markham,1,1
ORG02963,Synthetic Office 02963 @ 20 Spadina Road,office,PL_W146416316,Old Toronto,2,1
ORG02964,Synthetic Office 02964 @ 129 Yorkville Avenue,office,PL_W146416648,Old Toronto,3,1
ORG02965,Synthetic Hotel 02965 @ The Hazelton Hotel,hotel,PL_W146419070,Old Toronto,4,1
ORG02966,Synthetic Hotel 02966 @ Hyatt Place Toronto Airport,hotel,PL_W1466545534,Brampton,2,1
ORG02967,Synthetic Commercial 02967 @ OSM commercial W1473007996,commercial,PL_W1473007996,Old Toronto,2,1
ORG02968,Synthetic Office 02968 @ 615 Yonge Street,office,PL_W147496461,Old Toronto,4,1
ORG02969,Synthetic Hotel 02969 @ Four Seasons,hotel,PL_W148646768,Old Toronto,10,2
ORG02970,Synthetic Industrial 02970 @ OSM industrial W148652969,industrial,PL_W148652969,Markham,1,1
ORG02971,Synthetic Gym 02971 @ Bayview Arena,gym,PL_W14899555,North York,1,1
ORG02972,Synthetic Industrial 02972 @ OSM industrial W1491355203,industrial,PL_W1491355203,Brampton,1,1
ORG02973,Synthetic Commercial 02973 @ Travelpoint Plaza,commercial,PL_W1491660166,Richmond Hill,1,1
ORG02974,Synthetic Commercial 02974 @ T&R Centre,commercial,PL_W1491660168,Richmond Hill,1,1
ORG02975,Synthetic Office 02975 @ AECON,office,PL_W149982971,Brampton,3,1
ORG02976,Synthetic Commercial 02976 @ OSM commercial W1500806454,commercial,PL_W1500806454,Old Toronto,1,1
ORG02977,Synthetic Industrial 02977 @ 111 Creditview Road,industrial,PL_W150215070,Vaughan,2,1
ORG02978,Synthetic Industrial 02978 @ 171 Corstate Avenue,industrial,PL_W150215563,Vaughan,1,1
ORG02979,Synthetic University 02979 @ Trinity College,university,PL_W1502657605,Old Toronto,6,1
ORG02980,Synthetic University 02980 @ Victoria University,university,PL_W1502658805,Old Toronto,6,1
ORG02981,Synthetic University 02981 @ University of St. Michael's College,university,PL_W1502659706,Old Toronto,12,1
ORG02982,Synthetic Office 02982 @ 116 Simcoe Street,office,PL_W150370474,Old Toronto,2,1
ORG02983,Synthetic University 02983 @ University College,university,PL_W1504220927,Old Toronto,3,1
ORG02984,Synthetic University 02984 @ Woodsworth College,university,PL_W1504222043,Old Toronto,4,1
ORG02985,Synthetic University 02985 @ Innis College,university,PL_W1504222290,Old Toronto,3,1
ORG02986,Synthetic University 02986 @ New College,university,PL_W1504225085,Old Toronto,5,1
ORG02987,Synthetic University 02987 @ Knox College,university,PL_W1504227411,Old Toronto,2,1
ORG02988,Synthetic University 02988 @ Wycliffe College,university,PL_W1504227412,Old Toronto,4,1
ORG02989,Synthetic University 02989 @ Regis College,university,PL_W1504227413,Old Toronto,4,1
ORG02990,Synthetic Commercial 02990 @ 579 Richmond Street West,commercial,PL_W150432577,Old Toronto,3,1
ORG02991,Synthetic Office 02991 @ Deak International,office,PL_W150494721,Old Toronto,6,1
ORG02992,Synthetic Hotel 02992 @ Parkside Student Residence,hotel,PL_W150506087,Old Toronto,11,2
ORG02993,Synthetic Office 02993 @ Maple Leaf Medical Arts Building,office,PL_W150507907,Old Toronto,1,1
ORG02994,Synthetic Office 02994 @ Towers Perrin South,office,PL_W150909173,Old Toronto,3,1
ORG02995,Synthetic Residential 02995 @ Broadview Lofts,residential,PL_W151179146,Old Toronto,1,1
ORG02996,Synthetic Residential 02996 @ OSM residential W1512354302,residential,PL_W1512354302,Old Toronto,1,1
ORG02997,Synthetic Office 02997 @ OSM office W151519194,office,PL_W151519194,Old Toronto,3,1
ORG02998,Synthetic Commercial 02998 @ OSM commercial W151793363,commercial,PL_W151793363,Old Toronto,2,1
ORG02999,Synthetic Office 02999 @ 1376 Bayview Avenue,office,PL_W151795265,Old Toronto,1,1
ORG03000,Synthetic Industrial 03000 @ OSM industrial W152285637,industrial,PL_W152285637,North York,1,1
ORG03001,Synthetic Commercial 03001 @ OSM commercial W1525237523,commercial,PL_W1525237523,Markham,2,1
ORG03002,Synthetic Commercial 03002 @ OSM commercial W1525237524,commercial,PL_W1525237524,Markham,2,1
ORG03003,Synthetic Commercial 03003 @ OSM commercial W1525237525,commercial,PL_W1525237525,Markham,1,1
ORG03004,Synthetic Residential 03004 @ Heath Estates Apartments,residential,PL_W1527638249,Old Toronto,1,1
ORG03005,Synthetic Commercial 03005 @ OSM commercial W1531629509,commercial,PL_W1531629509,Old Toronto,2,1
ORG03006,Synthetic Commercial 03006 @ OSM commercial W1531629510,commercial,PL_W1531629510,Old Toronto,3,1
ORG03007,Synthetic Commercial 03007 @ OSM commercial W1537605220,commercial,PL_W1537605220,Brampton,1,1
ORG03008,Synthetic Office 03008 @ Multimatic Niche Vehicles Group,office,PL_W1538248885,Markham,1,1
ORG03009,Synthetic Office 03009 @ 5080 Commerce Boulevard,office,PL_W153927224,Brampton,1,1
ORG03010,"Synthetic University 03010 @ York University, Keele Campus",university,PL_W15396822,Vaughan,10,1
ORG03011,Synthetic University 03011 @ Massey College,university,PL_W1540356416,Old Toronto,2,1
ORG03012,Synthetic Commercial 03012 @ 422 Horner Avenue,commercial,PL_W1541291206,Old Toronto,3,1
ORG03013,Synthetic Commercial 03013 @ 430 Horner Avenue,commercial,PL_W1541291331,Old Toronto,1,1
ORG03014,Synthetic Commercial 03014 @ 416 Horner Avenue,commercial,PL_W1541291357,Old Toronto,3,1
ORG03015,Synthetic Commercial 03015 @ 100 Geary Avenue,commercial,PL_W1544078637,Old Toronto,1,1
ORG03016,Synthetic Commercial 03016 @ OSM commercial W1544078638,commercial,PL_W1544078638,Old Toronto,1,1
ORG03017,Synthetic Commercial 03017 @ 514 Evans Avenue,commercial,PL_W1544282801,Old Toronto,2,1
ORG03018,Synthetic Commercial 03018 @ 512A Evans Avenue,commercial,PL_W1544282802,Old Toronto,2,1
ORG03019,Synthetic Commercial 03019 @ 248 Brown's Line,commercial,PL_W1545155846,Old Toronto,1,1
ORG03020,Synthetic Commercial 03020 @ 238 Brown's Line,commercial,PL_W1545155847,Old Toronto,1,1
ORG03021,Synthetic Commercial 03021 @ 234 Brown's Line,commercial,PL_W1545155848,Old Toronto,1,1
ORG03022,Synthetic Commercial 03022 @ 202-204 Brown's Line,commercial,PL_W1545155853,Old Toronto,1,1
ORG03023,Synthetic Commercial 03023 @ 152 Thirtieth Street,commercial,PL_W1545155868,Old Toronto,1,1
ORG03024,Synthetic Commercial 03024 @ 134 Thirtieth Street,commercial,PL_W1545155869,Old Toronto,1,1
ORG03025,Synthetic Commercial 03025 @ 128 Thirtieth Street,commercial,PL_W1545155872,Old Toronto,1,1
ORG03026,Synthetic Commercial 03026 @ OSM commercial W1545245082,commercial,PL_W1545245082,Old Toronto,1,1
ORG03027,Synthetic Office 03027 @ 141 Bay Street,office,PL_W1551442415,Old Toronto,4,1
ORG03028,Synthetic Office 03028 @ Rogers,office,PL_W156354904,Old Toronto,1,1
ORG03029,Synthetic Industrial 03029 @ Canadian Tire A.J. Billes Distribution Centre,industrial,PL_W158465154,Brampton,1,1
ORG03030,Synthetic Industrial 03030 @ OSM industrial W159212600,industrial,PL_W159212600,Brampton,1,1
ORG03031,Synthetic Industrial 03031 @ OSM industrial W159218218,industrial,PL_W159218218,Brampton,1,1
ORG03032,Synthetic Industrial 03032 @ OSM industrial W159219796,industrial,PL_W159219796,Brampton,1,1
ORG03033,Synthetic Industrial 03033 @ OSM industrial W160123993,industrial,PL_W160123993,Richmond Hill,1,1
ORG03034,Synthetic Commercial 03034 @ 2 Eireann Quay,commercial,PL_W160135295,Old Toronto,1,1
ORG03035,Synthetic Office 03035 @ Golf Dome,office,PL_W160143118,Markham,1,1
ORG03036,Synthetic Commercial 03036 @ Markham Convergence Centre,commercial,PL_W160151165,Markham,1,1
ORG03037,Synthetic Office 03037 @ 65 Allstate Parkway,office,PL_W160172063,Markham,1,1
ORG03038,Synthetic Office 03038 @ OSM office W160173308,office,PL_W160173308,Markham,2,1
ORG03039,Synthetic Office 03039 @ Valleywood Corporate Centre,office,PL_W160173309,Markham,3,1
ORG03040,Synthetic Office 03040 @ Gallery Towers Presentation Centre,office,PL_W160182860,Markham,1,1
ORG03041,Synthetic Office 03041 @ OSM office W160884331,office,PL_W160884331,Old Toronto,1,1
ORG03042,Synthetic Retail 03042 @ Woodbine Chrysler Dodge RAM Jeep,retail,PL_W161105818,Markham,1,1
ORG03043,Synthetic University 03043 @ York University Markham Campus,university,PL_W161110169,Markham,17,1
ORG03044,Synthetic Commercial 03044 @ West River Centre,commercial,PL_W161270645,Vaughan,1,1
ORG03045,Synthetic Industrial 03045 @ OSM industrial W161270887,industrial,PL_W161270887,Vaughan,1,1
ORG03046,Synthetic Industrial 03046 @ OSM industrial W161271090,industrial,PL_W161271090,Vaughan,1,1
ORG03047,Synthetic Commercial 03047 @ OSM commercial W161271286,commercial,PL_W161271286,Vaughan,2,1
ORG03048,Synthetic Industrial 03048 @ OSM industrial W161271397,industrial,PL_W161271397,Vaughan,1,1
ORG03049,Synthetic Industrial 03049 @ OSM industrial W161271559,industrial,PL_W161271559,Vaughan,1,1
ORG03050,Synthetic Commercial 03050 @ 2501 Rutherford Road,commercial,PL_W161271583,Vaughan,2,1
ORG03051,Synthetic Retail 03051 @ Maple Toyota,retail,PL_W161271589,Vaughan,1,1
ORG03052,Synthetic Commercial 03052 @ Robertson Building,commercial,PL_W161836042,Old Toronto,6,1
ORG03053,Synthetic Commercial 03053 @ OSM commercial W162147490,commercial,PL_W162147490,North York,4,1
ORG03054,Synthetic Office 03054 @ South Tower,office,PL_W162607309,Old Toronto,6,1
ORG03055,Synthetic Supermarket 03055 @ FreshCo,supermarket,PL_W163041199,Markham,1,1
ORG03056,Synthetic Office 03056 @ Teledyne OPTECH,office,PL_W163046995,Vaughan,1,1
ORG03057,Synthetic Office 03057 @ OSM office W164596256,office,PL_W164596256,Markham,1,1
ORG03058,Synthetic Industrial 03058 @ OSM industrial W165625450,industrial,PL_W165625450,North York,1,1
ORG03059,Synthetic Hotel 03059 @ Residence Inn,hotel,PL_W165787408,Brampton,1,1
ORG03060,Synthetic Commercial 03060 @ OSM commercial W165787889,commercial,PL_W165787889,Brampton,3,1
ORG03061,Synthetic Industrial 03061 @ OSM industrial W165788419,industrial,PL_W165788419,Brampton,1,1
ORG03062,Synthetic Office 03062 @ Spring Town Business Park,office,PL_W166090379,Brampton,1,1
ORG03063,Synthetic Office 03063 @ Sun Life,office,PL_W166535103,Richmond Hill,1,1
ORG03064,Synthetic Office 03064 @ 8854 Yonge Street,office,PL_W166535172,Richmond Hill,2,1
ORG03065,Synthetic Residential 03065 @ May Tower II,residential,PL_W166540890,Scarborough,2,1
ORG03066,Synthetic Retail 03066 @ Canadian Tire Gas Plus,retail,PL_W166769242,Richmond Hill,1,1
ORG03067,Synthetic Office 03067 @ 120 Eglinton Avenue East,office,PL_W167925742,North York,4,1
ORG03068,Synthetic Hotel 03068 @ Westin Harbour Castle,hotel,PL_W168876332,Old Toronto,1,1
ORG03069,Synthetic Office 03069 @ OSM office W168903890,office,PL_W168903890,Old Toronto,1,1
ORG03070,Synthetic Commercial 03070 @ A,commercial,PL_W170018362,Old Toronto,3,1
ORG03071,Synthetic Commercial 03071 @ D,commercial,PL_W170018363,Old Toronto,2,1
ORG03072,Synthetic Industrial 03072 @ Irving Tissue/Royale,industrial,PL_W170051001,North York,1,1
ORG03073,Synthetic Residential 03073 @ Metrogate,residential,PL_W170051471,Scarborough,1,1
ORG03074,Synthetic Office 03074 @ 306 Town Centre Boulevard,office,PL_W170052628,Markham,1,1
ORG03075,Synthetic Residential 03075 @ OSM residential W170052631,residential,PL_W170052631,Markham,1,1
ORG03076,Synthetic Residential 03076 @ OSM residential W170052636,residential,PL_W170052636,Markham,1,1
ORG03077,Synthetic Residential 03077 @ OSM residential W170052744,residential,PL_W170052744,Markham,2,1
ORG03078,Synthetic Office 03078 @ TD,office,PL_W170052746,Markham,3,1
ORG03079,Synthetic Commercial 03079 @ OSM commercial W170053304,commercial,PL_W170053304,Old Toronto,1,1
ORG03080,Synthetic Commercial 03080 @ OSM commercial W170053305,commercial,PL_W170053305,Old Toronto,3,1
ORG03081,Synthetic Commercial 03081 @ OSM commercial W170053309,commercial,PL_W170053309,Old Toronto,2,1
ORG03082,Synthetic Residential 03082 @ 55 East Liberty Street,residential,PL_W170053750,Old Toronto,1,1
ORG03083,Synthetic Residential 03083 @ 70 Town Centre Court,residential,PL_W170055112,Scarborough,1,1
ORG03084,Synthetic Office 03084 @ adidas,office,PL_W170093318,Vaughan,1,1
ORG03085,Synthetic Office 03085 @ Pepsico/PointClickCare,office,PL_W170165499,Brampton,2,1
ORG03086,Synthetic Hotel 03086 @ Sandman Hotel Toronto Airport,hotel,PL_W170244790,Brampton,3,1
ORG03087,Synthetic Office 03087 @ Oracle,office,PL_W170490459,Old Toronto,2,1
ORG03088,Synthetic Office 03088 @ 822,office,PL_W172947836,Old Toronto,1,1
ORG03089,Synthetic Industrial 03089 @ OSM industrial W173818583,industrial,PL_W173818583,Vaughan,1,1
ORG03090,Synthetic Cafe 03090 @ Tim Hortons,cafe,PL_W174189760,Old Toronto,1,1
ORG03091,Synthetic Gym 03091 @ Epic Sports,gym,PL_W174511485,Scarborough,1,1
ORG03092,Synthetic Hotel 03092 @ Novotel,hotel,PL_W174674654,Vaughan,6,1
ORG03093,Synthetic Industrial 03093 @ OSM industrial W174675012,industrial,PL_W174675012,Vaughan,1,1
ORG03094,Synthetic Industrial 03094 @ 1000 Edgeley Boulevard,industrial,PL_W174677129,Vaughan,1,1
ORG03095,Synthetic Supermarket 03095 @ Your Independent Grocer,supermarket,PL_W174712152,Old Toronto,1,1
ORG03096,Synthetic Commercial 03096 @ OSM commercial W175643381,commercial,PL_W175643381,Old Toronto,1,1
ORG03097,Synthetic Industrial 03097 @ LaFarge Canada Technical Centre,industrial,PL_W176711928,Old Toronto,1,1
ORG03098,Synthetic Office 03098 @ OSM office W176968753,office,PL_W176968753,Brampton,1,1
ORG03099,Synthetic Office 03099 @ Scotiabank Tower at Bay Adelaide Centre,office,PL_W176969075,Old Toronto,1,1
ORG03100,Synthetic Commercial 03100 @ OSM commercial W178160850,commercial,PL_W178160850,Old Toronto,2,1
ORG03101,Synthetic Office 03101 @ Sun Life Centre,office,PL_W179222093,Old Toronto,1,1
ORG03102,Synthetic Office 03102 @ 200 King Street West,office,PL_W179222094,Old Toronto,5,1
ORG03103,Synthetic Hotel 03103 @ InterContinental Toronto Centre Hotel,hotel,PL_W179297875,Old Toronto,15,2
ORG03104,Synthetic Retail 03104 @ Circle K,retail,PL_W179561735,Vaughan,1,1
ORG03105,Synthetic Commercial 03105 @ 174 Brown's Line,commercial,PL_W179653207,Old Toronto,2,1
ORG03106,Synthetic Commercial 03106 @ 308 Brown's Line,commercial,PL_W179653213,Old Toronto,3,1
ORG03107,Synthetic Commercial 03107 @ 244 Brown's Line,commercial,PL_W179653224,Old Toronto,1,1
ORG03108,Synthetic Industrial 03108 @ OSM industrial W180167447,industrial,PL_W180167447,Vaughan,1,1
ORG03109,Synthetic Industrial 03109 @ OSM industrial W180167448,industrial,PL_W180167448,Vaughan,1,1
ORG03110,Synthetic Commercial 03110 @ OSM commercial W180175774,commercial,PL_W180175774,Old Toronto,1,1
ORG03111,Synthetic Commercial 03111 @ Akron Medical Centre,commercial,PL_W180193897,Old Toronto,7,1
ORG03112,Synthetic Commercial 03112 @ OSM commercial W180193898,commercial,PL_W180193898,Old Toronto,4,1
ORG03113,Synthetic Commercial 03113 @ 2334 Lake Shore Boulevard West,commercial,PL_W180193899,Old Toronto,1,1
ORG03114,Synthetic Commercial 03114 @ Government of Ontario,commercial,PL_W180313509,Old Toronto,2,1
ORG03115,Synthetic Industrial 03115 @ OSM industrial W180423381,industrial,PL_W180423381,Markham,1,1
ORG03116,Synthetic Commercial 03116 @ 2348 Lake Shore Boulevard West,commercial,PL_W180549731,Old Toronto,3,1
ORG03117,Synthetic Commercial 03117 @ OSM commercial W180549733,commercial,PL_W180549733,Old Toronto,1,1
ORG03118,Synthetic Commercial 03118 @ OSM commercial W180549737,commercial,PL_W180549737,Old Toronto,1,1
ORG03119,Synthetic Commercial 03119 @ OSM commercial W180683118,commercial,PL_W180683118,Old Toronto,1,1
ORG03120,Synthetic Supermarket 03120 @ Your Independent Grocer,supermarket,PL_W180683128,Old Toronto,1,1
ORG03121,Synthetic Commercial 03121 @ OSM commercial W180683141,commercial,PL_W180683141,Old Toronto,2,1
ORG03122,Synthetic Commercial 03122 @ OSM commercial W180683150,commercial,PL_W180683150,Old Toronto,1,1
ORG03123,Synthetic Commercial 03123 @ OSM commercial W180683153,commercial,PL_W180683153,Old Toronto,2,1
ORG03124,Synthetic Commercial 03124 @ 3609 Lake Shore Boulevard West,commercial,PL_W180763530,Old Toronto,1,1
ORG03125,Synthetic Office 03125 @ 703 Don Mills Road,office,PL_W181032381,Old Toronto,5,1
ORG03126,Synthetic Office 03126 @ Scotiabank,office,PL_W181520094,Brampton,1,1
ORG03127,Synthetic Office 03127 @ OSM office W182090183,office,PL_W182090183,Old Toronto,1,1
ORG03128,Synthetic Supermarket 03128 @ FreshCo,supermarket,PL_W182090184,Old Toronto,1,1
ORG03129,Synthetic Hotel 03129 @ Monte Carlo Inn - Vaughan Suites,hotel,PL_W182282890,Vaughan,4,1
ORG03130,Synthetic Hotel 03130 @ Residence Inn,hotel,PL_W182283005,Vaughan,1,1
ORG03131,Synthetic Commercial 03131 @ 1191 Bathurst Street,commercial,PL_W182946160,Old Toronto,6,1
ORG03132,Synthetic Office 03132 @ OSM office W183247636,office,PL_W183247636,Scarborough,2,1
ORG03133,Synthetic Commercial 03133 @ OSM commercial W183247755,commercial,PL_W183247755,Markham,1,1
ORG03134,Synthetic Office 03134 @ 310 Spadina Avenue,office,PL_W183248448,Old Toronto,4,1
ORG03135,Synthetic Office 03135 @ W. & H.S. Commercial Building,office,PL_W183248449,Old Toronto,1,1
ORG03136,Synthetic Office 03136 @ The Building Union of Canada,office,PL_W184225677,Vaughan,1,1
ORG03137,Synthetic Industrial 03137 @ OSM industrial W184225995,industrial,PL_W184225995,Vaughan,1,1
ORG03138,Synthetic Industrial 03138 @ OSM industrial W184227161,industrial,PL_W184227161,Vaughan,1,1
ORG03139,Synthetic Hotel 03139 @ Dominion Hotel,hotel,PL_W184344340,Old Toronto,6,1
ORG03140,Synthetic Industrial 03140 @ OSM industrial W185549348,industrial,PL_W185549348,North York,1,1
ORG03141,Synthetic Industrial 03141 @ OSM industrial W185549349,industrial,PL_W185549349,North York,1,1
ORG03142,Synthetic Commercial 03142 @ OSM commercial W185654457,commercial,PL_W185654457,Markham,1,1
ORG03143,Synthetic Industrial 03143 @ OSM industrial W185655076,industrial,PL_W185655076,Markham,1,1
ORG03144,Synthetic Industrial 03144 @ OSM industrial W186012697,industrial,PL_W186012697,Old Toronto,1,1
ORG03145,Synthetic Industrial 03145 @ Romanian Heralds SDA,industrial,PL_W186024410,North York,1,1
ORG03146,Synthetic Industrial 03146 @ OSM industrial W186024945,industrial,PL_W186024945,North York,1,1
ORG03147,Synthetic Commercial 03147 @ OSM commercial W187814126,commercial,PL_W187814126,North York,4,1
ORG03148,Synthetic Commercial 03148 @ OSM commercial W187857986,commercial,PL_W187857986,Brampton,1,1
ORG03149,Synthetic Industrial 03149 @ OSM industrial W187859275,industrial,PL_W187859275,Brampton,1,1
ORG03150,Synthetic Commercial 03150 @ 2801 Keele Street,commercial,PL_W188119228,North York,2,1
ORG03151,Synthetic Commercial 03151 @ OSM commercial W188289814,commercial,PL_W188289814,North York,1,1
ORG03152,Synthetic Commercial 03152 @ OSM commercial W191317327,commercial,PL_W191317327,North York,1,1
ORG03153,Synthetic Commercial 03153 @ OSM commercial W191843130,commercial,PL_W191843130,Old Toronto,2,1
ORG03154,Synthetic Industrial 03154 @ OSM industrial W191858254,industrial,PL_W191858254,Markham,1,1
ORG03155,Synthetic Industrial 03155 @ FlightSafety,industrial,PL_W192359943,North York,1,1
ORG03156,Synthetic Commercial 03156 @ OSM commercial W192381931,commercial,PL_W192381931,North York,1,1
ORG03157,Synthetic Industrial 03157 @ 205 Advance Boulevard,industrial,PL_W194213916,Brampton,1,1
ORG03158,Synthetic Industrial 03158 @ OSM industrial W194214022,industrial,PL_W194214022,Brampton,1,1
ORG03159,Synthetic Industrial 03159 @ OSM industrial W194214322,industrial,PL_W194214322,Brampton,1,1
ORG03160,Synthetic Industrial 03160 @ OSM industrial W194215083,industrial,PL_W194215083,Brampton,1,1
ORG03161,Synthetic Industrial 03161 @ OSM industrial W194216238,industrial,PL_W194216238,Brampton,1,1
ORG03162,Synthetic Industrial 03162 @ OSM industrial W194221681,industrial,PL_W194221681,Brampton,1,1
ORG03163,Synthetic Industrial 03163 @ OSM industrial W194224092,industrial,PL_W194224092,Brampton,1,1
ORG03164,Synthetic Commercial 03164 @ OSM commercial W194224125,commercial,PL_W194224125,Brampton,2,1
ORG03165,Synthetic Commercial 03165 @ OSM commercial W194224131,commercial,PL_W194224131,Brampton,3,1
ORG03166,Synthetic Industrial 03166 @ 520 Applewood Crescent,industrial,PL_W194716353,Vaughan,1,1
ORG03167,Synthetic Hotel 03167 @ The Planet Traveler,hotel,PL_W195846408,Old Toronto,1,1
ORG03168,Synthetic Hotel 03168 @ College Backpackers Inn,hotel,PL_W195846567,Old Toronto,1,1
ORG03169,Synthetic Commercial 03169 @ OSM commercial W196768769,commercial,PL_W196768769,North York,1,1
ORG03170,Synthetic Restaurant 03170 @ Chick-fil-A,restaurant,PL_W197174564,Vaughan,1,1
ORG03171,Synthetic Commercial 03171 @ AeroCentre,commercial,PL_W198249382,Brampton,1,1
ORG03172,Synthetic Commercial 03172 @ OSM commercial W199275911,commercial,PL_W199275911,North York,1,1
ORG03173,Synthetic Commercial 03173 @ OSM commercial W199275912,commercial,PL_W199275912,North York,1,1
ORG03174,Synthetic Industrial 03174 @ OSM industrial W199291638,industrial,PL_W199291638,North York,1,1
ORG03175,Synthetic Industrial 03175 @ OSM industrial W199291731,industrial,PL_W199291731,North York,2,1
ORG03176,Synthetic Supermarket 03176 @ No Frills,supermarket,PL_W200089381,Old Toronto,1,1
ORG03177,Synthetic Supermarket 03177 @ Food Basics,supermarket,PL_W201195209,Old Toronto,1,1
ORG03178,Synthetic Commercial 03178 @ Government of Ontario,commercial,PL_W202972322,Old Toronto,2,1
ORG03179,Synthetic Commercial 03179 @ Queen-Richmond Centre,commercial,PL_W202990038,Old Toronto,2,1
ORG03180,Synthetic Office 03180 @ OSM office W203046133,office,PL_W203046133,North York,2,1
ORG03181,Synthetic Commercial 03181 @ Regional Municipality of Peel,commercial,PL_W203052175,Brampton,1,1
ORG03182,Synthetic Gym 03182 @ Toronto City Sports Centre,gym,PL_W203291417,Old Toronto,1,1
ORG03183,Synthetic Office 03183 @ 99 Spadina Avenue,office,PL_W203425966,Old Toronto,3,1
ORG03184,Synthetic Commercial 03184 @ OSM commercial W203841802,commercial,PL_W203841802,Old Toronto,1,1
ORG03185,Synthetic Commercial 03185 @ OSM commercial W204498013,commercial,PL_W204498013,Old Toronto,1,1
ORG03186,Synthetic Industrial 03186 @ OSM industrial W205716722,industrial,PL_W205716722,Scarborough,1,1
ORG03187,Synthetic Supermarket 03187 @ Canbe Foods Inc.,supermarket,PL_W205717232,Scarborough,2,1
ORG03188,Synthetic Commercial 03188 @ OSM commercial W205960481,commercial,PL_W205960481,Old Toronto,4,1
ORG03189,Synthetic Commercial 03189 @ 268 Royal York Road,commercial,PL_W206771722,Old Toronto,1,1
ORG03190,Synthetic Retail 03190 @ Mario's Silver Mile Service Centre,retail,PL_W207633582,Scarborough,1,1
ORG03191,Synthetic Supermarket 03191 @ Nila’s Supermarket,supermarket,PL_W210313906,Brampton,2,1
ORG03192,Synthetic Commercial 03192 @ 52 Bramalea Road,commercial,PL_W211057313,Brampton,1,1
ORG03193,Synthetic Industrial 03193 @ OSM industrial W211733485,industrial,PL_W211733485,North York,1,1
ORG03194,Synthetic Commercial 03194 @ Toronto West Professional Centre,commercial,PL_W213917635,Old Toronto,2,1
ORG03195,Synthetic Commercial 03195 @ OSM commercial W214575490,commercial,PL_W214575490,Old Toronto,1,1
ORG03196,Synthetic Commercial 03196 @ One St Johns Road Professional Building,commercial,PL_W215499749,Old Toronto,5,1
ORG03197,Synthetic Commercial 03197 @ OSM commercial W215607163,commercial,PL_W215607163,North York,1,1
ORG03198,Synthetic Industrial 03198 @ OSM industrial W216336035,industrial,PL_W216336035,Brampton,1,1
ORG03199,Synthetic Industrial 03199 @ OSM industrial W217385273,industrial,PL_W217385273,Brampton,1,1
ORG03200,Synthetic Commercial 03200 @ OSM commercial W218951091,commercial,PL_W218951091,Brampton,1,1
ORG03201,Synthetic Industrial 03201 @ OSM industrial W218951100,industrial,PL_W218951100,Brampton,1,1
ORG03202,Synthetic Commercial 03202 @ OSM commercial W219168620,commercial,PL_W219168620,Brampton,2,1
ORG03203,Synthetic Industrial 03203 @ OSM industrial W220029026,industrial,PL_W220029026,North York,2,1
ORG03204,Synthetic Cafe 03204 @ Tim Hortons,cafe,PL_W220122774,Markham,1,1
ORG03205,Synthetic University 03205 @ Humber Polytechnic,university,PL_W220190025,Brampton,7,1
ORG03206,Synthetic Residential 03206 @ OSM residential W220396450,residential,PL_W220396450,Scarborough,2,1
ORG03207,Synthetic Office 03207 @ 121 Richmond Street West,office,PL_W220415494,Old Toronto,3,1
ORG03208,Synthetic Restaurant 03208 @ The Keg,restaurant,PL_W220416375,Old Toronto,1,1
ORG03209,Synthetic Residential 03209 @ OSM residential W223420766,residential,PL_W223420766,North York,1,1
ORG03210,Synthetic Gym 03210 @ CROSSFITYKV,gym,PL_W22372252,Old Toronto,1,1
ORG03211,Synthetic Commercial 03211 @ OSM commercial W225518785,commercial,PL_W225518785,Old Toronto,2,1
ORG03212,Synthetic Commercial 03212 @ OSM commercial W225518786,commercial,PL_W225518786,Old Toronto,1,1
ORG03213,Synthetic Commercial 03213 @ OSM commercial W225518788,commercial,PL_W225518788,Old Toronto,2,1
ORG03214,Synthetic Commercial 03214 @ OSM commercial W225518789,commercial,PL_W225518789,Old Toronto,1,1
ORG03215,Synthetic Commercial 03215 @ OSM commercial W225518790,commercial,PL_W225518790,Old Toronto,1,1
ORG03216,Synthetic Commercial 03216 @ 387 Jane Street,commercial,PL_W225518791,Old Toronto,1,1
ORG03217,Synthetic Restaurant 03217 @ McDonald's,restaurant,PL_W225856275,Scarborough,1,1
ORG03218,Synthetic Hotel 03218 @ Holiday Inn Express & Suites,hotel,PL_W225877280,Markham,1,1
ORG03219,Synthetic Commercial 03219 @ OSM commercial W225948695,commercial,PL_W225948695,Markham,2,1
ORG03220,Synthetic Gym 03220 @ CAA Centre,gym,PL_W225955971,Brampton,1,1
ORG03221,Synthetic Office 03221 @ DUCA,office,PL_W226326868,North York,1,1
ORG03222,Synthetic Commercial 03222 @ OSM commercial W226512035,commercial,PL_W226512035,North York,2,1
ORG03223,Synthetic Commercial 03223 @ OSM commercial W226512038,commercial,PL_W226512038,North York,1,1
ORG03224,Synthetic Residential 03224 @ The Rosewood,residential,PL_W226666981,North York,1,1
ORG03225,Synthetic Commercial 03225 @ OSM commercial W226904817,commercial,PL_W226904817,North York,1,1
ORG03226,Synthetic Commercial 03226 @ OSM commercial W226939071,commercial,PL_W226939071,North York,1,1
ORG03227,Synthetic Commercial 03227 @ OSM commercial W226939072,commercial,PL_W226939072,North York,2,1
ORG03228,Synthetic Residential 03228 @ 75 Town Centre Boulevard,residential,PL_W226958989,Markham,1,1
ORG03229,Synthetic Commercial 03229 @ OSM commercial W226960735,commercial,PL_W226960735,Markham,1,1
ORG03230,Synthetic Office 03230 @ Canadian Blood Services,office,PL_W22914034,Old Toronto,2,1
ORG03231,Synthetic Office 03231 @ TD Waterhouse,office,PL_W229234482,North York,1,1
ORG03232,Synthetic Office 03232 @ 685 Sheppard Avenue East,office,PL_W229483175,North York,1,1
ORG03233,Synthetic Industrial 03233 @ OSM industrial W229483419,industrial,PL_W229483419,Scarborough,1,1
ORG03234,Synthetic Residential 03234 @ Royal Gardens,residential,PL_W229483488,Markham,1,1
ORG03235,Synthetic Residential 03235 @ OSM residential W229483556,residential,PL_W229483556,Markham,1,1
ORG03236,Synthetic Residential 03236 @ 8130 Birchmount Road,residential,PL_W229483866,Markham,1,1
ORG03237,Synthetic Office 03237 @ 545 Lake Shore Boulevard West,office,PL_W22952670,Old Toronto,1,1
ORG03238,Synthetic Office 03238 @ ETFO,office,PL_W229563603,Old Toronto,5,1
ORG03239,Synthetic Industrial 03239 @ 140 Ashwarren Road,industrial,PL_W229921017,North York,2,1
ORG03240,Synthetic Industrial 03240 @ OSM industrial W230168443,industrial,PL_W230168443,North York,1,1
ORG03241,Synthetic Office 03241 @ 7130 Warden Avenue,office,PL_W231011596,Markham,3,1
ORG03242,Synthetic Retail 03242 @ Sport Chek,retail,PL_W231016949,Markham,1,1
ORG03243,Synthetic Office 03243 @ RBC Waterpark Place III,office,PL_W231268036,Old Toronto,3,1
ORG03244,Synthetic Hotel 03244 @ Southcore Financial Centre Delta Hotel,hotel,PL_W231284913,Old Toronto,16,2
ORG03245,Synthetic Hotel 03245 @ 188 University Avenue,hotel,PL_W231773826,Old Toronto,16,2
ORG03246,Synthetic Office 03246 @ Region of Peel - Suite B,office,PL_W231977751,Brampton,4,1
ORG03247,Synthetic Cafe 03247 @ Tim Hortons,cafe,PL_W231980574,Vaughan,1,1
ORG03248,Synthetic Industrial 03248 @ OSM industrial W231982024,industrial,PL_W231982024,Vaughan,1,1
ORG03249,Synthetic Industrial 03249 @ OSM industrial W231983639,industrial,PL_W231983639,Vaughan,1,1
ORG03250,Synthetic Hotel 03250 @ Homewood Suites,hotel,PL_W231983646,Vaughan,4,1
ORG03251,Synthetic Industrial 03251 @ OSM industrial W231983648,industrial,PL_W231983648,Vaughan,1,1
ORG03252,Synthetic Industrial 03252 @ OSM industrial W231983649,industrial,PL_W231983649,Vaughan,1,1
ORG03253,Synthetic Industrial 03253 @ OSM industrial W231983650,industrial,PL_W231983650,Vaughan,1,1
ORG03254,Synthetic Hotel 03254 @ SpringHill Suites,hotel,PL_W231983655,Vaughan,1,1
ORG03255,Synthetic Office 03255 @ Hong Kong Economic and Trade Office,office,PL_W23201612,Old Toronto,1,1
ORG03256,Synthetic Commercial 03256 @ OSM commercial W232075991,commercial,PL_W232075991,North York,1,1
ORG03257,Synthetic Office 03257 @ MaRS Phase 2,office,PL_W232841977,Old Toronto,1,1
ORG03258,Synthetic Hotel 03258 @ Monte Carlo Inn,hotel,PL_W232951140,Markham,3,1
ORG03259,Synthetic Gym 03259 @ McCormick Arena,gym,PL_W23297007,Old Toronto,1,1
ORG03260,Synthetic Office 03260 @ Ciraku Law Office,office,PL_W233062812,Old Toronto,1,1
ORG03261,Synthetic Office 03261 @ OSM office W233075780,office,PL_W233075780,Old Toronto,1,1
ORG03262,Synthetic Retail 03262 @ Kipling Auto Centre,retail,PL_W233129906,Old Toronto,1,1
ORG03263,Synthetic Office 03263 @ OSM office W233181463,office,PL_W233181463,Old Toronto,3,1
ORG03264,Synthetic University 03264 @ York University Glendon Campus,university,PL_W23334883,North York,13,1
ORG03265,Synthetic Residential 03265 @ OSM residential W233647044,residential,PL_W233647044,Markham,1,1
ORG03266,Synthetic Commercial 03266 @ OSM commercial W234054108,commercial,PL_W234054108,Markham,1,1
ORG03267,Synthetic Industrial 03267 @ OSM industrial W234054131,industrial,PL_W234054131,Markham,2,1
ORG03268,Synthetic Commercial 03268 @ OSM commercial W234058570,commercial,PL_W234058570,Brampton,1,1
ORG03269,Synthetic Commercial 03269 @ OSM commercial W234058577,commercial,PL_W234058577,Brampton,1,1
ORG03270,Synthetic Office 03270 @ The Winston Collection,office,PL_W234344711,North York,1,1
ORG03271,Synthetic Commercial 03271 @ OSM commercial W234437572,commercial,PL_W234437572,Vaughan,1,1
ORG03272,Synthetic University 03272 @ Recreation and Athletics Centre,university,PL_W23447393,Old Toronto,27,2
ORG03273,Synthetic University 03273 @ Victoria Building,university,PL_W23447424,Old Toronto,63,3
ORG03274,Synthetic University 03274 @ Student Campus Centre,university,PL_W23447514,Old Toronto,28,2
ORG03275,Synthetic Office 03275 @ 118 Eglinton Avenue West,office,PL_W236106304,Old Toronto,3,1
ORG03276,Synthetic Commercial 03276 @ 2317 St. Clair Avenue West,commercial,PL_W236136690,Old Toronto,2,1
ORG03277,Synthetic Commercial 03277 @ 170 Mulock Avenue,commercial,PL_W236148180,Old Toronto,4,1
ORG03278,Synthetic Commercial 03278 @ OSM commercial W236336973,commercial,PL_W236336973,North York,2,1
ORG03279,Synthetic Commercial 03279 @ OSM commercial W236938463,commercial,PL_W236938463,Scarborough,2,1
ORG03280,Synthetic Office 03280 @ 180 Queen Street West,office,PL_W237018695,Old Toronto,3,1
ORG03281,Synthetic Office 03281 @ 1491 Yonge Street,office,PL_W237575941,Old Toronto,2,1
ORG03282,Synthetic Commercial 03282 @ OSM commercial W238469268,commercial,PL_W238469268,Old Toronto,1,1
ORG03283,Synthetic Office 03283 @ 430 Courtneypark Drive East,office,PL_W238848856,Brampton,1,1
ORG03284,Synthetic Residential 03284 @ Bellaria Tower 2,residential,PL_W239012937,Vaughan,1,1
ORG03285,Synthetic Commercial 03285 @ OSM commercial W239024445,commercial,PL_W239024445,Vaughan,8,1
ORG03286,Synthetic Office 03286 @ Royal Canadian Legion Branch 66,office,PL_W239332945,North York,1,1
ORG03287,Synthetic Office 03287 @ OSM office W239607384,office,PL_W239607384,Old Toronto,2,1
ORG03288,Synthetic Commercial 03288 @ 747 Brown's Line,commercial,PL_W239827900,Old Toronto,1,1
ORG03289,Synthetic Office 03289 @ Institute of Chartered Accountants,office,PL_W240071224,Old Toronto,2,1
ORG03290,Synthetic Commercial 03290 @ Wallace Film Studios,commercial,PL_W24008085,Old Toronto,1,1
ORG03291,Synthetic Commercial 03291 @ Canada Post Distribution Centre,commercial,PL_W24008193,Old Toronto,1,1
ORG03292,Synthetic Office 03292 @ University Centre,office,PL_W240835896,Old Toronto,2,1
ORG03293,"Synthetic Hotel 03293 @ Revery Toronto Downtown, Curio Collection by Hilton",hotel,PL_W241020327,Old Toronto,12,2
ORG03294,Synthetic Commercial 03294 @ 918 Bathurst,commercial,PL_W241163484,Old Toronto,2,1
ORG03295,Synthetic Gym 03295 @ Anytime Fitness,gym,PL_W241193936,Brampton,1,1
ORG03296,Synthetic Commercial 03296 @ Grand Empire Banquet Hall,commercial,PL_W242551746,Brampton,1,1
ORG03297,Synthetic Commercial 03297 @ OSM commercial W243113645,commercial,PL_W243113645,Vaughan,1,1
ORG03298,Synthetic Commercial 03298 @ OSM commercial W243113647,commercial,PL_W243113647,Vaughan,1,1
ORG03299,Synthetic Gym 03299 @ Toronto Windsurfing Club,gym,PL_W243812280,Old Toronto,4,1
ORG03300,Synthetic Commercial 03300 @ OSM commercial W244594968,commercial,PL_W244594968,Vaughan,1,1
ORG03301,Synthetic Office 03301 @ Equitable Bank,office,PL_W244752148,Old Toronto,1,1
ORG03302,Synthetic Supermarket 03302 @ No Frills,supermarket,PL_W245209100,Old Toronto,1,1
ORG03303,Synthetic Hotel 03303 @ Four Points by Sheraton,hotel,PL_W247147345,Vaughan,3,1
ORG03304,Synthetic Office 03304 @ Rolex,office,PL_W247560900,Old Toronto,2,1
ORG03305,Synthetic Commercial 03305 @ 73 Warren Road,commercial,PL_W247681917,Old Toronto,2,1
ORG03306,Synthetic Office 03306 @ 249 St. Clair Avenue West,office,PL_W247681920,Old Toronto,1,1
ORG03307,Synthetic Commercial 03307 @ 473 Dupont Street,commercial,PL_W248103628,Old Toronto,3,1
ORG03308,Synthetic Commercial 03308 @ OSM commercial W248393745,commercial,PL_W248393745,Old Toronto,1,1
ORG03309,Synthetic Commercial 03309 @ OSM commercial W248393746,commercial,PL_W248393746,Old Toronto,2,1
ORG03310,Synthetic Commercial 03310 @ OSM commercial W248393747,commercial,PL_W248393747,Old Toronto,1,1
ORG03311,Synthetic Commercial 03311 @ OSM commercial W248705097,commercial,PL_W248705097,Old Toronto,1,1
ORG03312,Synthetic Supermarket 03312 @ Sobeys,supermarket,PL_W24985307,Old Toronto,2,1
ORG03313,Synthetic Industrial 03313 @ OSM industrial W25022777,industrial,PL_W25022777,Scarborough,1,1
ORG03314,Synthetic Office 03314 @ Toronto District School Board Education Centre,office,PL_W25033693,North York,1,1
ORG03315,Synthetic Office 03315 @ Joseph Shepard Federal Building,office,PL_W25033696,North York,2,1
ORG03316,Synthetic Gym 03316 @ Harrison Baths and Swimming Pool,gym,PL_W25107921,Old Toronto,1,1
ORG03317,Synthetic Office 03317 @ Bay Adelaide Centre West Tower,office,PL_W25108215,Old Toronto,2,1
ORG03318,Synthetic Hotel 03318 @ The St. Regis,hotel,PL_W25108216,Old Toronto,7,1
ORG03319,Synthetic Industrial 03319 @ OSM industrial W253731097,industrial,PL_W253731097,Brampton,1,1
ORG03320,Synthetic Office 03320 @ Coxwell Medical Building,office,PL_W25420435,Old Toronto,3,1
ORG03321,Synthetic Commercial 03321 @ OSM commercial W254448987,commercial,PL_W254448987,Old Toronto,1,1
ORG03322,Synthetic Hotel 03322 @ Shangri-La,hotel,PL_W25491342,Old Toronto,12,2
ORG03323,Synthetic Commercial 03323 @ 720 Bathurst Street,commercial,PL_W255630384,Old Toronto,5,1
ORG03324,Synthetic Commercial 03324 @ 730 Bathurst Street,commercial,PL_W255630385,Old Toronto,1,1
ORG03325,Synthetic Commercial 03325 @ Arirang Korean Long-Term Care,commercial,PL_W256116927,Old Toronto,10,1
ORG03326,Synthetic Supermarket 03326 @ Loblaws,supermarket,PL_W25636424,Old Toronto,1,1
ORG03327,Synthetic Office 03327 @ JWT Building,office,PL_W25650677,Old Toronto,1,1
ORG03328,Synthetic Office 03328 @ 120 Bloor Street East,office,PL_W25650709,Old Toronto,1,1
ORG03329,Synthetic Supermarket 03329 @ No Frills,supermarket,PL_W25656474,Scarborough,1,1
ORG03330,Synthetic Office 03330 @ Globe and Mail,office,PL_W257053580,Old Toronto,5,1
ORG03331,Synthetic Gym 03331 @ OSM gym W25775080,gym,PL_W25775080,Scarborough,2,1
ORG03332,Synthetic Commercial 03332 @ OSM commercial W25795149,commercial,PL_W25795149,Old Toronto,1,1
ORG03333,Synthetic Commercial 03333 @ Kingsway Professional Services,commercial,PL_W258236803,Old Toronto,5,1
ORG03334,Synthetic Commercial 03334 @ OSM commercial W260960950,commercial,PL_W260960950,Brampton,1,1
ORG03335,Synthetic Office 03335 @ OSM office W261803518,office,PL_W261803518,Old Toronto,1,1
ORG03336,Synthetic Office 03336 @ 55 Yonge,office,PL_W262740197,Old Toronto,3,1
ORG03337,Synthetic Hotel 03337 @ Studio 6 Toronto,hotel,PL_W263302138,Old Toronto,1,1
ORG03338,Synthetic Commercial 03338 @ 1736 Queen Street West,commercial,PL_W265703121,Old Toronto,3,1
ORG03339,Synthetic Cafe 03339 @ Tim Hortons,cafe,PL_W266052591,Brampton,1,1
ORG03340,"Synthetic Commercial 03340 @ 4116,4122 Bathurst Street",commercial,PL_W266686037,North York,1,1
ORG03341,Synthetic Industrial 03341 @ OSM industrial W266723784,industrial,PL_W266723784,Brampton,1,1
ORG03342,Synthetic Office 03342 @ PinPointGPS Headquarters,office,PL_W266875413,Brampton,1,1
ORG03343,Synthetic Office 03343 @ Manufacturer's Life Insurance Company,office,PL_W26950551,Old Toronto,2,1
ORG03344,Synthetic Gym 03344 @ Ellen Mitchell Recreation Centre,gym,PL_W270176966,Brampton,1,1
ORG03345,Synthetic Office 03345 @ Hospice Vaughan,office,PL_W271771495,Vaughan,1,1
ORG03346,Synthetic Cafe 03346 @ Tim Hortons,cafe,PL_W271775947,North York,2,1
ORG03347,Synthetic Industrial 03347 @ OSM industrial W272411673,industrial,PL_W272411673,Vaughan,1,1
ORG03348,Synthetic Commercial 03348 @ York Mills Centre,commercial,PL_W27268157,North York,1,1
ORG03349,Synthetic Residential 03349 @ OSM residential W273526615,residential,PL_W273526615,Richmond Hill,1,1
ORG03350,Synthetic Commercial 03350 @ OSM commercial W273616103,commercial,PL_W273616103,Old Toronto,1,1
ORG03351,Synthetic Commercial 03351 @ OSM commercial W273616578,commercial,PL_W273616578,Old Toronto,4,1
ORG03352,Synthetic Commercial 03352 @ OSM commercial W274569751,commercial,PL_W274569751,Old Toronto,1,1
ORG03353,Synthetic Industrial 03353 @ OSM industrial W275007753,industrial,PL_W275007753,Old Toronto,1,1
ORG03354,Synthetic Gym 03354 @ Glenforest Aquatics,gym,PL_W275134102,Old Toronto,1,1
ORG03355,Synthetic Retail 03355 @ My Mechanic Auto & Tire Centre,retail,PL_W276148590,Markham,1,1
ORG03356,Synthetic Retail 03356 @ The Brick,retail,PL_W276149332,Old Toronto,1,1
ORG03357,Synthetic Commercial 03357 @ Bau Xi Gallery,commercial,PL_W276149333,Old Toronto,2,1
ORG03358,Synthetic Residential 03358 @ 555 Sherbourne,residential,PL_W27630808,Old Toronto,1,1
ORG03359,Synthetic Office 03359 @ Canadian Chiropractic College,office,PL_W27668360,North York,1,1
ORG03360,Synthetic Industrial 03360 @ OSM industrial W277288431,industrial,PL_W277288431,Scarborough,1,1
ORG03361,Synthetic Industrial 03361 @ OSM industrial W277289052,industrial,PL_W277289052,Scarborough,1,1
ORG03362,Synthetic Gym 03362 @ Humber Bay Sailing Centre,gym,PL_W277313633,Old Toronto,1,1
ORG03363,Synthetic Office 03363 @ Royal Bank Plaza North Tower,office,PL_W27767624,Old Toronto,1,1
ORG03364,Synthetic Office 03364 @ Royal Bank Plaza South Tower,office,PL_W27767625,Old Toronto,9,1
ORG03365,Synthetic Office 03365 @ First Canadian Place,office,PL_W27767627,Old Toronto,4,1
ORG03366,Synthetic Office 03366 @ Commerce Court West,office,PL_W27767628,Old Toronto,6,1
ORG03367,Synthetic Office 03367 @ TD South Tower,office,PL_W27767631,Old Toronto,6,1
ORG03368,Synthetic Office 03368 @ 95 Wellington Street West,office,PL_W27767633,Old Toronto,2,1
ORG03369,Synthetic Office 03369 @ TD West Tower,office,PL_W27767634,Old Toronto,2,1
ORG03370,Synthetic Office 03370 @ Roserock Place,office,PL_W27767635,Old Toronto,3,1
ORG03371,Synthetic Office 03371 @ Exchange Tower,office,PL_W27767636,Old Toronto,6,1
ORG03372,Synthetic Office 03372 @ Sun Life Financial,office,PL_W27767637,Old Toronto,7,1
ORG03373,Synthetic Office 03373 @ Oxford Tower,office,PL_W27767639,Old Toronto,1,1
ORG03374,Synthetic Hotel 03374 @ Hilton Toronto,hotel,PL_W27767640,Old Toronto,16,2
ORG03375,Synthetic Office 03375 @ 150 York Street,office,PL_W27767641,Old Toronto,1,1
ORG03376,Synthetic Office 03376 @ DBRS Tower,office,PL_W27767642,Old Toronto,7,1
ORG03377,Synthetic Office 03377 @ Dundee Place,office,PL_W27767648,Old Toronto,3,1
ORG03378,"Synthetic Hotel 03378 @ Chelsea Hotel, Toronto",hotel,PL_W27778414,Old Toronto,17,3
ORG03379,Synthetic Office 03379 @ International Business University,office,PL_W27778415,Old Toronto,3,1
ORG03380,Synthetic Hotel 03380 @ Double Tree by Hilton Hotel,hotel,PL_W27778689,Old Toronto,8,1
ORG03381,Synthetic Residential 03381 @ OSM residential W278445275,residential,PL_W278445275,Brampton,1,1
ORG03382,Synthetic Office 03382 @ OSM office W279007798,office,PL_W279007798,Old Toronto,3,1
ORG03383,Synthetic Office 03383 @ Two Bloor West,office,PL_W27991582,Old Toronto,6,1
ORG03384,Synthetic Office 03384 @ Global Financial,office,PL_W28025950,Markham,1,1
ORG03385,Synthetic Office 03385 @ Black & Decker,office,PL_W28025955,Markham,4,1
ORG03386,Synthetic Office 03386 @ Greenhorn Driving School,office,PL_W28025961,Richmond Hill,1,1
ORG03387,Synthetic Commercial 03387 @ OSM commercial W282090479,commercial,PL_W282090479,Old Toronto,1,1
ORG03388,Synthetic Gym 03388 @ Etobicoke Olympium,gym,PL_W28256551,Old Toronto,1,1
ORG03389,Synthetic Commercial 03389 @ 35 Scarlett Road,commercial,PL_W283803585,Old Toronto,1,1
ORG03390,Synthetic Commercial 03390 @ OSM commercial W284475530,commercial,PL_W284475530,Old Toronto,1,1
ORG03391,Synthetic Commercial 03391 @ Canterbury Theatre,commercial,PL_W284554732,Vaughan,1,1
ORG03392,Synthetic Retail 03392 @ Babylon Auto Repairs,retail,PL_W285054176,North York,1,1
ORG03393,Synthetic Commercial 03393 @ Weisdorf Building,commercial,PL_W285055427,North York,2,1
ORG03394,Synthetic Industrial 03394 @ Artscape Wychwood Barns,industrial,PL_W28533900,Old Toronto,2,1
ORG03395,Synthetic Commercial 03395 @ 1139 Lawrence Avenue West,commercial,PL_W285344255,North York,1,1
ORG03396,Synthetic Commercial 03396 @ OSM commercial W285345952,commercial,PL_W285345952,North York,1,1
ORG03397,Synthetic Hotel 03397 @ Super 8,hotel,PL_W285900900,Scarborough,1,1
ORG03398,Synthetic Supermarket 03398 @ Loblaws,supermarket,PL_W28596077,Old Toronto,1,1
ORG03399,Synthetic Commercial 03399 @ Centennal Centre,commercial,PL_W286262607,Brampton,1,1
ORG03400,Synthetic Commercial 03400 @ 4968 Dundas Street West,commercial,PL_W286526500,Old Toronto,1,1
ORG03401,Synthetic Commercial 03401 @ 3029 Bloor Street West,commercial,PL_W286526913,Old Toronto,3,1
ORG03402,Synthetic Commercial 03402 @ Royal Canadian Legion - Swansea Branch 46,commercial,PL_W287416336,Old Toronto,1,1
ORG03403,Synthetic Commercial 03403 @ OSM commercial W288101367,commercial,PL_W288101367,North York,2,1
ORG03404,Synthetic Commercial 03404 @ OSM commercial W288101368,commercial,PL_W288101368,North York,1,1
ORG03405,Synthetic Commercial 03405 @ OSM commercial W288101369,commercial,PL_W288101369,North York,1,1
ORG03406,Synthetic Hotel 03406 @ Alt Hotel,hotel,PL_W288106846,Brampton,5,1
ORG03407,Synthetic Commercial 03407 @ 430 Horner Avenue,commercial,PL_W288357240,Old Toronto,1,1
ORG03408,Synthetic Commercial 03408 @ 424 Horner Avenue,commercial,PL_W288357242,Old Toronto,1,1
ORG03409,Synthetic Commercial 03409 @ 418 Horner Avenue,commercial,PL_W288357285,Old Toronto,2,1
ORG03410,Synthetic Commercial 03410 @ 420 Horner Avenue,commercial,PL_W288357286,Old Toronto,2,1
ORG03411,Synthetic Gym 03411 @ Tait McKenzie Centre,gym,PL_W29004211,North York,1,1
ORG03412,Synthetic Residential 03412 @ OSM residential W291196701,residential,PL_W291196701,Markham,1,1
ORG03413,Synthetic Industrial 03413 @ OSM industrial W291397756,industrial,PL_W291397756,Vaughan,1,1
ORG03414,Synthetic Commercial 03414 @ OSM commercial W291464330,commercial,PL_W291464330,Vaughan,2,1
ORG03415,Synthetic Hotel 03415 @ The Broadview Hotel,hotel,PL_W291464606,Old Toronto,1,1
ORG03416,Synthetic Office 03416 @ 8333 Weston Road,office,PL_W291504978,Vaughan,1,1
ORG03417,Synthetic Industrial 03417 @ OSM industrial W291845495,industrial,PL_W291845495,North York,1,1
ORG03418,Synthetic Office 03418 @ OSM office W292084213,office,PL_W292084213,Old Toronto,1,1
ORG03419,Synthetic Gym 03419 @ OSM gym W292440309,gym,PL_W292440309,North York,1,1
ORG03420,Synthetic Supermarket 03420 @ Fortinos,supermarket,PL_W29443312,Brampton,1,1
ORG03421,Synthetic Commercial 03421 @ Royal Canadian Legion,commercial,PL_W294876668,North York,1,1
ORG03422,Synthetic Commercial 03422 @ OSM commercial W29512399,commercial,PL_W29512399,Brampton,4,1
ORG03423,Synthetic Commercial 03423 @ 200 Dupont Street,commercial,PL_W296368461,Old Toronto,2,1
ORG03424,Synthetic Supermarket 03424 @ Fullworth,supermarket,PL_W296572834,Old Toronto,1,1
ORG03425,Synthetic Commercial 03425 @ OSM commercial W297194551,commercial,PL_W297194551,Vaughan,3,1
ORG03426,Synthetic Commercial 03426 @ OSM commercial W297253908,commercial,PL_W297253908,Vaughan,1,1
ORG03427,Synthetic Commercial 03427 @ OSM commercial W297468339,commercial,PL_W297468339,Vaughan,1,1
ORG03428,Synthetic Commercial 03428 @ Project Spac.es,commercial,PL_W298176032,Old Toronto,1,1
ORG03429,Synthetic Industrial 03429 @ OSM industrial W300140020,industrial,PL_W300140020,Scarborough,1,1
ORG03430,Synthetic Office 03430 @ Bay Adelaide Centre East Tower,office,PL_W300884213,Old Toronto,9,1
ORG03431,Synthetic Commercial 03431 @ 2430 Bloor Street West,commercial,PL_W301181895,Old Toronto,1,1
ORG03432,Synthetic Office 03432 @ Yonge-Richmond Centre,office,PL_W301310697,Old Toronto,1,1
ORG03433,Synthetic Commercial 03433 @ 1 York Street,commercial,PL_W301418957,Old Toronto,6,1
ORG03434,Synthetic Commercial 03434 @ OSM commercial W301562732,commercial,PL_W301562732,Vaughan,2,1
ORG03435,Synthetic Office 03435 @ 132 Sheppard Avenue West,office,PL_W301970888,North York,2,1
ORG03436,Synthetic Commercial 03436 @ OSM commercial W302103495,commercial,PL_W302103495,Old Toronto,2,1
ORG03437,Synthetic Commercial 03437 @ Brampton Fire Station 209,commercial,PL_W302361143,Brampton,1,1
ORG03438,Synthetic Office 03438 @ McKinsey & Company,office,PL_W30265255,Old Toronto,1,1
ORG03439,Synthetic Industrial 03439 @ OSM industrial W302935292,industrial,PL_W302935292,Brampton,1,1
ORG03440,Synthetic Hotel 03440 @ Delta Hotels By Marriott Toronto Airport,hotel,PL_W304027495,Brampton,2,1
ORG03441,Synthetic Commercial 03441 @ 87 Front Street East,commercial,PL_W304467254,Old Toronto,2,1
ORG03442,Synthetic Commercial 03442 @ OSM commercial W304713368,commercial,PL_W304713368,Old Toronto,2,1
ORG03443,Synthetic Commercial 03443 @ 30 Centurian Drive,commercial,PL_W305249558,Markham,1,1
ORG03444,Synthetic Commercial 03444 @ OSM commercial W306339343,commercial,PL_W306339343,Vaughan,1,1
ORG03445,Synthetic Commercial 03445 @ OSM commercial W306426685,commercial,PL_W306426685,Vaughan,2,1
ORG03446,Synthetic Commercial 03446 @ OSM commercial W306426686,commercial,PL_W306426686,Vaughan,1,1
ORG03447,Synthetic Commercial 03447 @ OSM commercial W306715325,commercial,PL_W306715325,Vaughan,1,1
ORG03448,Synthetic Commercial 03448 @ Bell Canada Woodbridge WDBGON48CG0,commercial,PL_W306715327,Vaughan,1,1
ORG03449,Synthetic Residential 03449 @ The Vincennes,residential,PL_W307220840,Old Toronto,1,1
ORG03450,Synthetic Commercial 03450 @ OSM commercial W307236254,commercial,PL_W307236254,Old Toronto,1,1
ORG03451,Synthetic Commercial 03451 @ 1600 The Queensway,commercial,PL_W307519620,Old Toronto,1,1
ORG03452,Synthetic Commercial 03452 @ OSM commercial W307652746,commercial,PL_W307652746,Old Toronto,1,1
ORG03453,Synthetic Commercial 03453 @ 315 Albany Avenue,commercial,PL_W307653859,Old Toronto,2,1
ORG03454,Synthetic Commercial 03454 @ Skills For Change,commercial,PL_W309151588,Old Toronto,2,1
ORG03455,Synthetic Office 03455 @ 462 Wellington Street West,office,PL_W309456431,Old Toronto,2,1
ORG03456,Synthetic Residential 03456 @ 108 Goodwood Park Court,residential,PL_W30955785,Old Toronto,1,1
ORG03457,Synthetic Residential 03457 @ Fairway Place,residential,PL_W30955952,North York,1,1
ORG03458,Synthetic Residential 03458 @ 1757 Victoria Park Avenue,residential,PL_W30966658,Scarborough,1,1
ORG03459,Synthetic Residential 03459 @ 1765 Victoria Park Avenue,residential,PL_W30966659,Scarborough,1,1
ORG03460,Synthetic Office 03460 @ Atria I,office,PL_W30977087,North York,3,1
ORG03461,Synthetic Gym 03461 @ Crosby Memorial Community Centre,gym,PL_W30982773,Markham,1,1
ORG03462,Synthetic Gym 03462 @ Unionville Curling Rink,gym,PL_W30982884,Markham,1,1
ORG03463,Synthetic Residential 03463 @ 85 Gamble Avenue,residential,PL_W30986091,Old Toronto,1,1
ORG03464,Synthetic Residential 03464 @ 40 Homewood Avenue,residential,PL_W30986302,Old Toronto,1,1
ORG03465,Synthetic Residential 03465 @ 33 Isabella Street,residential,PL_W30986903,Old Toronto,1,1
ORG03466,"Synthetic Residential 03466 @ Celebrity Place ""North Tower""",residential,PL_W30986916,Old Toronto,1,1
ORG03467,Synthetic Office 03467 @ CDI Computer Dealers,office,PL_W31249292,Markham,1,1
ORG03468,Synthetic Office 03468 @ Bell Canada,office,PL_W31363304,Scarborough,2,1
ORG03469,Synthetic Residential 03469 @ 725 Don Mills Road,residential,PL_W31363775,North York,1,1
ORG03470,Synthetic Office 03470 @ 150 Ferrand Drive,office,PL_W31363799,North York,2,1
ORG03471,Synthetic Office 03471 @ 250 Ferrand Drive,office,PL_W31363802,North York,4,1
ORG03472,Synthetic Office 03472 @ 65 Overlea Boulevard,office,PL_W31363991,Old Toronto,1,1
ORG03473,Synthetic Residential 03473 @ 55 Wynford Heights Crescent,residential,PL_W31366012,North York,1,1
ORG03474,Synthetic Office 03474 @ Concorde Corporate Centre,office,PL_W31366344,North York,3,1
ORG03475,Synthetic Office 03475 @ Concorde Corporate Centre,office,PL_W31366345,North York,2,1
ORG03476,Synthetic Residential 03476 @ 155 Antibes Drive,residential,PL_W31368476,North York,1,1
ORG03477,Synthetic Residential 03477 @ 765 Steeles Avenue West,residential,PL_W31368504,North York,1,1
ORG03478,Synthetic Residential 03478 @ 757 Victoria Park,residential,PL_W31373083,Scarborough,1,1
ORG03479,Synthetic Residential 03479 @ Macey Avenue Apartments,residential,PL_W31373084,Scarborough,2,1
ORG03480,Synthetic Residential 03480 @ Cambridge Place,residential,PL_W31373085,Scarborough,1,1
ORG03481,Synthetic Residential 03481 @ 263 Pharmacy Avenue,residential,PL_W31373094,Scarborough,1,1
ORG03482,Synthetic Residential 03482 @ Pharmacy Place,residential,PL_W31373095,Scarborough,1,1
ORG03483,Synthetic Residential 03483 @ 7 Crescent Place,residential,PL_W31373098,Old Toronto,1,1
ORG03484,Synthetic Residential 03484 @ McCowan Place,residential,PL_W31373428,Scarborough,1,1
ORG03485,Synthetic Residential 03485 @ 400 McCowan Road,residential,PL_W31373431,Scarborough,1,1
ORG03486,Synthetic Office 03486 @ Hennick Bridgepoint Health Administration,office,PL_W31376101,Old Toronto,1,1
ORG03487,Synthetic Residential 03487 @ OSM residential W313908676,residential,PL_W313908676,Scarborough,1,1
ORG03488,Synthetic Commercial 03488 @ OSM commercial W314204592,commercial,PL_W314204592,Brampton,1,1
ORG03489,Synthetic Commercial 03489 @ OSM commercial W314348286,commercial,PL_W314348286,Brampton,2,1
ORG03490,Synthetic Commercial 03490 @ North York Centre,commercial,PL_W31443988,North York,5,1
ORG03491,Synthetic Residential 03491 @ 3171 Eglinton Avenue East,residential,PL_W31451005,Scarborough,1,1
ORG03492,Synthetic Residential 03492 @ 15 Cougar Court,residential,PL_W31451019,Scarborough,1,1
ORG03493,Synthetic Residential 03493 @ OSM residential W31451094,residential,PL_W31451094,Scarborough,3,1
ORG03494,Synthetic Residential 03494 @ 399 Markham Road,residential,PL_W31451096,Scarborough,2,1
ORG03495,Synthetic Residential 03495 @ 1350 Danforth Road,residential,PL_W31451199,Scarborough,1,1
ORG03496,Synthetic Residential 03496 @ 1360 Danforth Road,residential,PL_W31451201,Scarborough,2,1
ORG03497,Synthetic Office 03497 @ 1243 Islington Avenue,office,PL_W31451792,Old Toronto,4,1
ORG03498,Synthetic Office 03498 @ 56 Aberfoyle Crescent,office,PL_W31451793,Old Toronto,4,1
ORG03499,Synthetic Office 03499 @ 8 Lomond Drive,office,PL_W31451804,Old Toronto,4,1
ORG03500,Synthetic Office 03500 @ OSM office W314652547,office,PL_W314652547,Old Toronto,2,1
ORG03501,Synthetic Commercial 03501 @ OSM commercial W314664870,commercial,PL_W314664870,Brampton,3,1
ORG03502,Synthetic Supermarket 03502 @ Bruno's Foods,supermarket,PL_W315222503,North York,2,1
ORG03503,Synthetic Residential 03503 @ 1319 Neilson Road,residential,PL_W31560365,Scarborough,1,1
ORG03504,Synthetic Office 03504 @ Scarborough Professional Centre,office,PL_W31560496,Scarborough,2,1
ORG03505,Synthetic Residential 03505 @ 115 Omni Drive,residential,PL_W31616721,Scarborough,1,1
ORG03506,Synthetic Residential 03506 @ 65 Huntingdale Boulevard,residential,PL_W31617603,Scarborough,1,1
ORG03507,Synthetic Residential 03507 @ Royalcrest Condominiums,residential,PL_W31617605,Scarborough,1,1
ORG03508,Synthetic Residential 03508 @ 55 Huntingdale,residential,PL_W31617606,Scarborough,1,1
ORG03509,Synthetic Residential 03509 @ OSM residential W31617610,residential,PL_W31617610,Scarborough,1,1
ORG03510,Synthetic Residential 03510 @ 2330 Bridletowne Circle,residential,PL_W31617617,Scarborough,1,1
ORG03511,Synthetic Residential 03511 @ 100 Echo Point,residential,PL_W31617618,Scarborough,2,1
ORG03512,Synthetic Residential 03512 @ 2350 Bridletowne Circle,residential,PL_W31617619,Scarborough,2,1
ORG03513,Synthetic Residential 03513 @ 2500 Bridletowne Circle,residential,PL_W31617620,Scarborough,1,1
ORG03514,Synthetic Residential 03514 @ 100 Sprucewood Court,residential,PL_W31617621,Scarborough,1,1
ORG03515,Synthetic Office 03515 @ belairdirect,office,PL_W31617640,Markham,3,1
ORG03516,Synthetic Office 03516 @ LexisNexis,office,PL_W31617641,Markham,1,1
ORG03517,Synthetic Office 03517 @ SONY,office,PL_W31617642,Markham,3,1
ORG03518,Synthetic Residential 03518 @ 65 Silver Springs Boulevard,residential,PL_W31618600,Scarborough,1,1
ORG03519,Synthetic Office 03519 @ Scarborough North Medical Arts,office,PL_W31618769,Scarborough,1,1
ORG03520,Synthetic Residential 03520 @ OSM residential W31619119,residential,PL_W31619119,Scarborough,1,1
ORG03521,Synthetic Residential 03521 @ OSM residential W31619128,residential,PL_W31619128,Scarborough,1,1
ORG03522,Synthetic Residential 03522 @ 25 Leith Hill Road,residential,PL_W31619799,North York,1,1
ORG03523,Synthetic Office 03523 @ 2001 Sheppard Avenue East,office,PL_W31619933,North York,3,1
ORG03524,Synthetic Office 03524 @ 2005 Sheppard Avenue East,office,PL_W31619934,North York,4,1
ORG03525,Synthetic Residential 03525 @ 75 Havenbrook Boulevard,residential,PL_W31619976,North York,1,1
ORG03526,Synthetic Office 03526 @ 235 Yorkland Boulevard,office,PL_W31620037,North York,3,1
ORG03527,Synthetic Office 03527 @ 200 Consumers Road,office,PL_W31620091,North York,3,1
ORG03528,Synthetic Office 03528 @ 250 Consumers Road,office,PL_W31620092,North York,4,1
ORG03529,Synthetic Hotel 03529 @ Radisson,hotel,PL_W31620125,North York,2,1
ORG03530,Synthetic Office 03530 @ 515 Consumers Road,office,PL_W31620168,North York,1,1
ORG03531,Synthetic Office 03531 @ 220 Duncan Mill Road,office,PL_W31620394,North York,3,1
ORG03532,Synthetic Office 03532 @ 240 Duncan Mill Road,office,PL_W31620395,North York,3,1
ORG03533,Synthetic Office 03533 @ Harlequin,office,PL_W31620396,North York,4,1
ORG03534,Synthetic Office 03534 @ Hitachi Rail,office,PL_W31620421,North York,3,1
ORG03535,Synthetic Office 03535 @ 1500 Don Mills Road,office,PL_W31620471,North York,7,1
ORG03536,Synthetic Commercial 03536 @ Granite Club,commercial,PL_W31620620,North York,1,1
ORG03537,Synthetic Residential 03537 @ 1 Terraview Boulevard,residential,PL_W31622235,Scarborough,1,1
ORG03538,Synthetic Residential 03538 @ 2255 Victoria Park Avenue,residential,PL_W31622243,Scarborough,1,1
ORG03539,Synthetic Office 03539 @ OSM office W31623120,office,PL_W31623120,North York,1,1
ORG03540,Synthetic Office 03540 @ 505 Consumers Road,office,PL_W31623456,North York,2,1
ORG03541,Synthetic Office 03541 @ 393 King West,office,PL_W316749838,Old Toronto,3,1
ORG03542,Synthetic Office 03542 @ 145 King Street West,office,PL_W31727205,Old Toronto,2,1
ORG03543,Synthetic Retail 03543 @ Dragon City,retail,PL_W31727498,Old Toronto,1,1
ORG03544,Synthetic Hotel 03544 @ Fairmont Royal York Hotel,hotel,PL_W31728160,Old Toronto,4,1
ORG03545,Synthetic Residential 03545 @ 3275 Sheppard Avenue East,residential,PL_W31754471,Scarborough,1,1
ORG03546,Synthetic Residential 03546 @ 2727 Victoria Park Avenue,residential,PL_W31754492,Scarborough,1,1
ORG03547,Synthetic Residential 03547 @ Chichester Place,residential,PL_W31754502,Scarborough,1,1
ORG03548,Synthetic Residential 03548 @ Wishing Well Manor,residential,PL_W31754521,Scarborough,1,1
ORG03549,Synthetic Residential 03549 @ 2350 Birchmount Road,residential,PL_W31754569,Scarborough,1,1
ORG03550,Synthetic Residential 03550 @ 365 Bay Mills Boulevard,residential,PL_W31754570,Scarborough,1,1
ORG03551,Synthetic Residential 03551 @ 30 Carabob Court,residential,PL_W31754571,Scarborough,2,1
ORG03552,Synthetic Residential 03552 @ 10 Carabob Court,residential,PL_W31754574,Scarborough,2,1
ORG03553,Synthetic Residential 03553 @ 40 Carabob Court,residential,PL_W31754575,Scarborough,1,1
ORG03554,Synthetic Residential 03554 @ 25 Bay Mills Boulevard,residential,PL_W31754596,Scarborough,1,1
ORG03555,Synthetic Residential 03555 @ 40 Bay Mills Boulevard,residential,PL_W31754597,Scarborough,1,1
ORG03556,Synthetic Residential 03556 @ 5 Glamorgan Avenue,residential,PL_W31754694,Scarborough,1,1
ORG03557,Synthetic Residential 03557 @ 1950 Kennedy Road,residential,PL_W31754697,Scarborough,1,1
ORG03558,Synthetic Residential 03558 @ 1 Rosemount Drive,residential,PL_W31756308,Scarborough,1,1
ORG03559,Synthetic Residential 03559 @ Hyland Park Apartments,residential,PL_W31757257,Scarborough,1,1
ORG03560,Synthetic Residential 03560 @ OSM residential W31757276,residential,PL_W31757276,Scarborough,1,1
ORG03561,Synthetic Residential 03561 @ 3947 Lawrence Avenue East,residential,PL_W31757290,Scarborough,1,1
ORG03562,Synthetic Residential 03562 @ OSM residential W31757792,residential,PL_W31757792,Scarborough,1,1
ORG03563,Synthetic Residential 03563 @ 3207 Kingston Road,residential,PL_W31757794,Scarborough,1,1
ORG03564,Synthetic Residential 03564 @ McClain Park Apts.,residential,PL_W31757829,Scarborough,1,1
ORG03565,Synthetic Residential 03565 @ 568 Birchmount Road,residential,PL_W31757860,Scarborough,1,1
ORG03566,Synthetic Residential 03566 @ OSM residential W31757882,residential,PL_W31757882,Scarborough,1,1
ORG03567,Synthetic Residential 03567 @ Doug Saunders Apartents,residential,PL_W31758753,Old Toronto,1,1
ORG03568,Synthetic Office 03568 @ X-Copper,office,PL_W31778853,North York,2,1
ORG03569,Synthetic Office 03569 @ 2 Lansing Square,office,PL_W31778884,North York,3,1
ORG03570,Synthetic Residential 03570 @ 301 Prudential Drive,residential,PL_W31811118,Scarborough,1,1
ORG03571,Synthetic Residential 03571 @ OSM residential W31811184,residential,PL_W31811184,Scarborough,1,1
ORG03572,Synthetic Residential 03572 @ 157 Jameson Avenue,residential,PL_W31812603,Old Toronto,1,1
ORG03573,Synthetic Residential 03573 @ 170 Jameson Avenue,residential,PL_W31812609,Old Toronto,1,1
ORG03574,Synthetic Hotel 03574 @ Queensway Motel,hotel,PL_W318750464,Old Toronto,1,1
ORG03575,Synthetic Office 03575 @ CTV Agincourt Studios,office,PL_W31876712,Scarborough,1,1
ORG03576,Synthetic Commercial 03576 @ 2175 Sheppard Avenue East,commercial,PL_W31878215,North York,1,1
ORG03577,Synthetic Office 03577 @ 180 Duncan Mill Road,office,PL_W31926230,North York,3,1
ORG03578,Synthetic Office 03578 @ OSM office W31926276,office,PL_W31926276,North York,1,1
ORG03579,Synthetic Office 03579 @ OPSEU,office,PL_W31926308,North York,4,1
ORG03580,Synthetic Office 03580 @ 1 Valleybrook Drive,office,PL_W31926854,North York,4,1
ORG03581,Synthetic Commercial 03581 @ Kelik,commercial,PL_W31926889,North York,1,1
ORG03582,Synthetic Office 03582 @ CDW/Blue Cross,office,PL_W31963777,Old Toronto,5,1
ORG03583,Synthetic Office 03583 @ AtkinsRéalis,office,PL_W31963779,Old Toronto,6,1
ORG03584,Synthetic Office 03584 @ 195 The West Mall,office,PL_W31963780,Old Toronto,4,1
ORG03585,Synthetic Residential 03585 @ 16 Riverwood Parkway,residential,PL_W31977705,Old Toronto,1,1
ORG03586,Synthetic Office 03586 @ 720 Spadina,office,PL_W32022573,Old Toronto,2,1
ORG03587,Synthetic Industrial 03587 @ OSM industrial W32024791,industrial,PL_W32024791,Vaughan,1,1
ORG03588,Synthetic Office 03588 @ BMO/EDA,office,PL_W32024795,Vaughan,2,1
ORG03589,Synthetic Residential 03589 @ Antica House,residential,PL_W32024811,North York,1,1
ORG03590,Synthetic Residential 03590 @ The Princeton,residential,PL_W32024839,North York,1,1
ORG03591,Synthetic Cafe 03591 @ Coffee Time,cafe,PL_W320465000,Scarborough,1,1
ORG03592,Synthetic Office 03592 @ Toronto Transit Commission,office,PL_W32052212,Old Toronto,4,1
ORG03593,Synthetic Commercial 03593 @ 231 Avenue Road,commercial,PL_W321072041,Old Toronto,2,1
ORG03594,Synthetic Industrial 03594 @ 1 Woodborough Avenue,industrial,PL_W32120099,Old Toronto,1,1
ORG03595,Synthetic Residential 03595 @ 45 Livingston Road,residential,PL_W32122686,Scarborough,1,1
ORG03596,Synthetic Industrial 03596 @ OSM industrial W32162999,industrial,PL_W32162999,Brampton,1,1
ORG03597,Synthetic Office 03597 @ Wycliffe House,office,PL_W32326097,North York,1,1
ORG03598,Synthetic Residential 03598 @ Baroness Apartments,residential,PL_W32326189,North York,1,1
ORG03599,Synthetic Residential 03599 @ 6000 Yonge Street,residential,PL_W32326310,North York,1,1
ORG03600,Synthetic Office 03600 @ 4100 Yonge Street,office,PL_W32326391,North York,1,1
ORG03601,Synthetic Office 03601 @ 4120 Yonge Street,office,PL_W32326392,North York,3,1
ORG03602,Synthetic Office 03602 @ 4211 Yonge Street,office,PL_W32326394,North York,3,1
ORG03603,Synthetic Commercial 03603 @ 4141 Yonge Street,commercial,PL_W32326396,North York,1,1
ORG03604,Synthetic Industrial 03604 @ OSM industrial W32357826,industrial,PL_W32357826,North York,1,1
ORG03605,Synthetic Industrial 03605 @ Maxxmar Window Fashions,industrial,PL_W32357841,North York,1,1
ORG03606,Synthetic Residential 03606 @ OSM residential W32357991,residential,PL_W32357991,North York,1,1
ORG03607,Synthetic Commercial 03607 @ 265 Queen Street East,commercial,PL_W323919480,Brampton,1,1
ORG03608,Synthetic Industrial 03608 @ 370 Britannia Road East,industrial,PL_W324142882,Brampton,1,1
ORG03609,Synthetic Residential 03609 @ 960 Markham Road,residential,PL_W32455659,Scarborough,1,1
ORG03610,Synthetic Residential 03610 @ 20 Tuxedo Court,residential,PL_W32455671,Scarborough,1,1
ORG03611,Synthetic Industrial 03611 @ Tycos Drive,industrial,PL_W32462505,North York,1,1
ORG03612,Synthetic Industrial 03612 @ OSM industrial W32462518,industrial,PL_W32462518,North York,1,1
ORG03613,Synthetic Industrial 03613 @ OSM industrial W32462594,industrial,PL_W32462594,North York,1,1
ORG03614,Synthetic Industrial 03614 @ 834 Caledonia Road,industrial,PL_W32506905,North York,1,1
ORG03615,Synthetic Industrial 03615 @ OSM industrial W32506907,industrial,PL_W32506907,North York,1,1
ORG03616,Synthetic Industrial 03616 @ OSM industrial W32507037,industrial,PL_W32507037,North York,1,1
ORG03617,Synthetic Industrial 03617 @ OSM industrial W32507167,industrial,PL_W32507167,North York,1,1
ORG03618,Synthetic Residential 03618 @ 2368 Keele Street,residential,PL_W32507328,North York,1,1
ORG03619,Synthetic Office 03619 @ Leon's Head Office,office,PL_W32508022,North York,1,1
ORG03620,Synthetic Commercial 03620 @ 5155 Skymark Avenue,commercial,PL_W325120738,Brampton,1,1
ORG03621,Synthetic Industrial 03621 @ 570 Petrolia Road,industrial,PL_W32518941,North York,1,1
ORG03622,Synthetic Industrial 03622 @ OSM industrial W32519381,industrial,PL_W32519381,Vaughan,1,1
ORG03623,Synthetic Industrial 03623 @ OSM industrial W32531198,industrial,PL_W32531198,North York,1,1
ORG03624,Synthetic Industrial 03624 @ OSM industrial W32531207,industrial,PL_W32531207,North York,1,1
ORG03625,Synthetic Industrial 03625 @ 150 Norfinch Drive,industrial,PL_W32533791,North York,1,1
ORG03626,Synthetic Industrial 03626 @ 99 Norfinch Drive,industrial,PL_W32533889,North York,1,1
ORG03627,Synthetic Industrial 03627 @ 25 Kodiak Crescent,industrial,PL_W32534609,North York,1,1
ORG03628,Synthetic Gym 03628 @ Mayfair - West,gym,PL_W32534748,North York,1,1
ORG03629,Synthetic Industrial 03629 @ 2 Champagne Drive,industrial,PL_W32534767,North York,1,1
ORG03630,Synthetic Industrial 03630 @ OSM industrial W32535044,industrial,PL_W32535044,North York,1,1
ORG03631,Synthetic Industrial 03631 @ OSM industrial W32539286,industrial,PL_W32539286,North York,1,1
ORG03632,Synthetic Commercial 03632 @ Sringeri Community Centre,commercial,PL_W32539524,North York,1,1
ORG03633,Synthetic Industrial 03633 @ OSM industrial W32540130,industrial,PL_W32540130,North York,1,1
ORG03634,Synthetic Industrial 03634 @ OSM industrial W32540133,industrial,PL_W32540133,North York,1,1
ORG03635,Synthetic Industrial 03635 @ OSM industrial W32540176,industrial,PL_W32540176,North York,1,1
ORG03636,Synthetic Industrial 03636 @ OSM industrial W32540279,industrial,PL_W32540279,North York,2,1
ORG03637,Synthetic Office 03637 @ Convoy Construction Materials,office,PL_W32540329,Brampton,1,1
ORG03638,Synthetic Commercial 03638 @ Bowlerama,commercial,PL_W32540571,North York,1,1
ORG03639,Synthetic Office 03639 @ CSA Group,office,PL_W32540779,North York,1,1
ORG03640,Synthetic Industrial 03640 @ OSM industrial W32542296,industrial,PL_W32542296,North York,2,1
ORG03641,Synthetic Industrial 03641 @ OSM industrial W32542300,industrial,PL_W32542300,North York,1,1
ORG03642,Synthetic Commercial 03642 @ Orfus Road,commercial,PL_W32556080,North York,4,1
ORG03643,Synthetic Industrial 03643 @ OSM industrial W32556090,industrial,PL_W32556090,North York,1,1
ORG03644,Synthetic Commercial 03644 @ OSM commercial W32556100,commercial,PL_W32556100,North York,2,1
ORG03645,Synthetic Industrial 03645 @ OSM industrial W32556141,industrial,PL_W32556141,North York,1,1
ORG03646,Synthetic Commercial 03646 @ 951 Wilson Avenue,commercial,PL_W32567247,North York,2,1
ORG03647,Synthetic Commercial 03647 @ 951 Wilson Avenue,commercial,PL_W32567249,North York,2,1
ORG03648,Synthetic Commercial 03648 @ Sobeys,commercial,PL_W32572548,Brampton,1,1
ORG03649,Synthetic Office 03649 @ OSM office W32572555,office,PL_W32572555,Brampton,1,1
ORG03650,Synthetic Office 03650 @ OSM office W32572988,office,PL_W32572988,Brampton,1,1
ORG03651,Synthetic Commercial 03651 @ OSM commercial W32573258,commercial,PL_W32573258,Brampton,1,1
ORG03652,Synthetic Commercial 03652 @ OSM commercial W32595920,commercial,PL_W32595920,Old Toronto,1,1
ORG03653,Synthetic Commercial 03653 @ OSM commercial W32596447,commercial,PL_W32596447,Old Toronto,1,1
ORG03654,Synthetic Commercial 03654 @ OSM commercial W32596506,commercial,PL_W32596506,North York,2,1
ORG03655,Synthetic Commercial 03655 @ OSM commercial W32596553,commercial,PL_W32596553,North York,2,1
ORG03656,Synthetic Residential 03656 @ OSM residential W32605072,residential,PL_W32605072,Old Toronto,1,1
ORG03657,Synthetic Industrial 03657 @ OSM industrial W32610047,industrial,PL_W32610047,Brampton,1,1
ORG03658,Synthetic Industrial 03658 @ OSM industrial W32610180,industrial,PL_W32610180,Brampton,1,1
ORG03659,Synthetic Industrial 03659 @ OSM industrial W32610188,industrial,PL_W32610188,Brampton,1,1
ORG03660,Synthetic Industrial 03660 @ OSM industrial W32610189,industrial,PL_W32610189,Brampton,1,1
ORG03661,Synthetic Industrial 03661 @ OSM industrial W32610191,industrial,PL_W32610191,Brampton,1,1
ORG03662,Synthetic Industrial 03662 @ OSM industrial W32610194,industrial,PL_W32610194,Brampton,1,1
ORG03663,Synthetic Industrial 03663 @ OSM industrial W32610196,industrial,PL_W32610196,Brampton,1,1
ORG03664,Synthetic Industrial 03664 @ OSM industrial W32610516,industrial,PL_W32610516,Brampton,1,1
ORG03665,Synthetic Industrial 03665 @ OSM industrial W32610595,industrial,PL_W32610595,Brampton,1,1
ORG03666,Synthetic Industrial 03666 @ OSM industrial W32610598,industrial,PL_W32610598,Brampton,1,1
ORG03667,Synthetic Industrial 03667 @ OSM industrial W32610612,industrial,PL_W32610612,Brampton,1,1
ORG03668,Synthetic Industrial 03668 @ OSM industrial W32610613,industrial,PL_W32610613,Brampton,1,1
ORG03669,Synthetic Retail 03669 @ Tesla Motors,retail,PL_W32623228,North York,1,1
ORG03670,Synthetic Office 03670 @ 170 The Donway West,office,PL_W32623918,North York,1,1
ORG03671,Synthetic Office 03671 @ 40 Wynford Drive,office,PL_W32624025,North York,1,1
ORG03672,"Synthetic Office 03672 @ Devry, Smith and Frank Barristers & Solicitors",office,PL_W32624097,North York,1,1
ORG03673,Synthetic Office 03673 @ Tribute Entertainment Media Group,office,PL_W32624098,North York,1,1
ORG03674,Synthetic Office 03674 @ Global,office,PL_W32629255,North York,1,1
ORG03675,Synthetic Supermarket 03675 @ No Frills,supermarket,PL_W32651959,Scarborough,1,1
ORG03676,Synthetic Industrial 03676 @ OSM industrial W32654432,industrial,PL_W32654432,Markham,1,1
ORG03677,Synthetic Office 03677 @ OSM office W32654438,office,PL_W32654438,Scarborough,2,1
ORG03678,Synthetic Residential 03678 @ 1 Firvalley Court,residential,PL_W32667517,Scarborough,1,1
ORG03679,Synthetic Residential 03679 @ Toronto Community Housing,residential,PL_W32667520,Scarborough,1,1
ORG03680,Synthetic Industrial 03680 @ OSM industrial W327005531,industrial,PL_W327005531,Vaughan,1,1
ORG03681,Synthetic Office 03681 @ OSM office W327006128,office,PL_W327006128,Old Toronto,1,1
ORG03682,Synthetic Office 03682 @ 3625 Dufferin Street,office,PL_W32706591,North York,3,1
ORG03683,Synthetic Commercial 03683 @ Ummah Nabawiah Masjid,commercial,PL_W32707332,North York,2,1
ORG03684,Synthetic Commercial 03684 @ 2102 Kipling Avenue,commercial,PL_W32707347,North York,1,1
ORG03685,Synthetic Commercial 03685 @ 100 Brydon Drive,commercial,PL_W32707349,North York,1,1
ORG03686,Synthetic Commercial 03686 @ Precision Auto Parts,commercial,PL_W32707350,North York,1,1
ORG03687,Synthetic Industrial 03687 @ 25 Bethridge Road,industrial,PL_W32707393,North York,1,1
ORG03688,Synthetic Office 03688 @ BMO,office,PL_W32707399,North York,3,1
ORG03689,Synthetic Office 03689 @ Humber Green Medical Centre,office,PL_W32715133,Brampton,1,1
ORG03690,Synthetic Office 03690 @ Consulate General of the Republic of Indonesia,office,PL_W327351187,Old Toronto,1,1
ORG03691,Synthetic Hotel 03691 @ SoHo Hotel Toronto,hotel,PL_W32742026,Old Toronto,8,1
ORG03692,Synthetic Office 03692 @ Chartered Professional Accountants Canada,office,PL_W32742028,Old Toronto,3,1
ORG03693,Synthetic Office 03693 @ Simcoe Place,office,PL_W32742066,Old Toronto,3,1
ORG03694,Synthetic Office 03694 @ Citigroup Place,office,PL_W32742071,Old Toronto,5,1
ORG03695,Synthetic Residential 03695 @ OSM residential W32742170,residential,PL_W32742170,Scarborough,1,1
ORG03696,Synthetic Residential 03696 @ OSM residential W32742172,residential,PL_W32742172,Scarborough,1,1
ORG03697,Synthetic Office 03697 @ The George Drew Building,office,PL_W32773278,Old Toronto,6,1
ORG03698,Synthetic Office 03698 @ 777 Bay Street,office,PL_W32773281,Old Toronto,3,1
ORG03699,Synthetic Office 03699 @ McMurtry-Scott Building,office,PL_W32773286,Old Toronto,3,1
ORG03700,Synthetic Office 03700 @ Government of Ontario,office,PL_W32773288,Old Toronto,1,1
ORG03701,Synthetic Industrial 03701 @ Wastecorp Pumps,industrial,PL_W32803287,Old Toronto,1,1
ORG03702,Synthetic Office 03702 @ Livingston,office,PL_W32805000,Old Toronto,2,1
ORG03703,Synthetic Office 03703 @ Diageo,office,PL_W32805001,Old Toronto,4,1
ORG03704,Synthetic Office 03704 @ Canada Bread,office,PL_W32805251,Old Toronto,1,1
ORG03705,Synthetic Residential 03705 @ OSM residential W32819957,residential,PL_W32819957,Scarborough,1,1
ORG03706,Synthetic Residential 03706 @ OSM residential W32820132,residential,PL_W32820132,Scarborough,1,1
ORG03707,Synthetic Cafe 03707 @ Tim Hortons,cafe,PL_W328663398,North York,1,1
ORG03708,Synthetic Commercial 03708 @ Centre for Addiction and Mental Health (CAMH) Nicotine Dependence Clinic,commercial,PL_W328900136,Old Toronto,4,1
ORG03709,Synthetic Hotel 03709 @ Toronto Don Valley Hotel & Suites,hotel,PL_W32919055,North York,1,1
ORG03710,Synthetic Industrial 03710 @ Toronto Congress Centre - South Building,industrial,PL_W32946314,Brampton,1,1
ORG03711,Synthetic Industrial 03711 @ OSM industrial W32946409,industrial,PL_W32946409,Vaughan,2,1
ORG03712,Synthetic Industrial 03712 @ TTC Queensway Bus Garage,industrial,PL_W32971918,Old Toronto,1,1
ORG03713,Synthetic Industrial 03713 @ OSM industrial W33000007,industrial,PL_W33000007,Brampton,1,1
ORG03714,Synthetic Industrial 03714 @ OSM industrial W33000861,industrial,PL_W33000861,Vaughan,1,1
ORG03715,Synthetic Industrial 03715 @ OSM industrial W33000864,industrial,PL_W33000864,Vaughan,1,1
ORG03716,Synthetic Residential 03716 @ 1780 Bloor Street,residential,PL_W33005599,Old Toronto,1,1
ORG03717,Synthetic University 03717 @ Centennial College,university,PL_W33013888,Scarborough,3,1
ORG03718,Synthetic Industrial 03718 @ OSM industrial W33036333,industrial,PL_W33036333,North York,1,1
ORG03719,Synthetic Residential 03719 @ Skypark,residential,PL_W33036595,Markham,1,1
ORG03720,Synthetic Residential 03720 @ 75 Bamburgh Circle,residential,PL_W33036597,Markham,1,1
ORG03721,Synthetic Residential 03721 @ 55 Bamburgh Circle,residential,PL_W33036598,Markham,1,1
ORG03722,Synthetic Residential 03722 @ Trillium,residential,PL_W33036599,Markham,1,1
ORG03723,Synthetic Office 03723 @ TD Insurance,office,PL_W33036894,North York,2,1
ORG03724,Synthetic Office 03724 @ Yamaha,office,PL_W33037452,North York,1,1
ORG03725,Synthetic Office 03725 @ 3381 Steeles Avenue East,office,PL_W33037492,North York,1,1
ORG03726,Synthetic Office 03726 @ 3389 Steeles Avenue East,office,PL_W33037493,Markham,1,1
ORG03727,Synthetic Industrial 03727 @ OSM industrial W331879913,industrial,PL_W331879913,Brampton,1,1
ORG03728,Synthetic Commercial 03728 @ OSM commercial W331879916,commercial,PL_W331879916,Brampton,2,1
ORG03729,Synthetic Industrial 03729 @ OSM industrial W331879919,industrial,PL_W331879919,Brampton,1,1
ORG03730,Synthetic Industrial 03730 @ OSM industrial W331879920,industrial,PL_W331879920,Brampton,1,1
ORG03731,Synthetic Industrial 03731 @ OSM industrial W33189720,industrial,PL_W33189720,Brampton,1,1
ORG03732,Synthetic Industrial 03732 @ Cantrina Warehouse,industrial,PL_W33189721,Brampton,1,1
ORG03733,Synthetic Industrial 03733 @ 1750 Steeles Avenue East,industrial,PL_W33189758,Brampton,1,1
ORG03734,Synthetic Industrial 03734 @ 60 Advance Boulevard,industrial,PL_W33189763,Brampton,1,1
ORG03735,Synthetic Industrial 03735 @ 185 Advance Boulevard,industrial,PL_W33189796,Brampton,1,1
ORG03736,Synthetic Commercial 03736 @ Weston Wood Solutions Inc.,commercial,PL_W33189807,Brampton,1,1
ORG03737,Synthetic Industrial 03737 @ 11 West Drive,industrial,PL_W33189873,Brampton,1,1
ORG03738,Synthetic Industrial 03738 @ OSM industrial W33189913,industrial,PL_W33189913,Brampton,1,1
ORG03739,Synthetic Industrial 03739 @ OSM industrial W33189917,industrial,PL_W33189917,Brampton,1,1
ORG03740,Synthetic Industrial 03740 @ OSM industrial W331900529,industrial,PL_W331900529,Brampton,1,1
ORG03741,Synthetic Industrial 03741 @ OSM industrial W331900535,industrial,PL_W331900535,Brampton,1,1
ORG03742,Synthetic Industrial 03742 @ OSM industrial W33191766,industrial,PL_W33191766,Brampton,1,1
ORG03743,Synthetic Industrial 03743 @ OSM industrial W33191772,industrial,PL_W33191772,Brampton,1,1
ORG03744,Synthetic Industrial 03744 @ OSM industrial W33191773,industrial,PL_W33191773,Brampton,1,1
ORG03745,Synthetic Industrial 03745 @ OSM industrial W33191783,industrial,PL_W33191783,Brampton,1,1
ORG03746,Synthetic Industrial 03746 @ OSM industrial W331945075,industrial,PL_W331945075,Brampton,3,1
ORG03747,Synthetic Industrial 03747 @ OSM industrial W331945078,industrial,PL_W331945078,Brampton,1,1
ORG03748,Synthetic Commercial 03748 @ OSM commercial W332358184,commercial,PL_W332358184,Brampton,2,1
ORG03749,Synthetic Hotel 03749 @ Park Motel,hotel,PL_W332489853,Scarborough,1,1
ORG03750,Synthetic Industrial 03750 @ OSM industrial W33296571,industrial,PL_W33296571,Old Toronto,1,1
ORG03751,Synthetic Industrial 03751 @ OSM industrial W33296649,industrial,PL_W33296649,Old Toronto,1,1
ORG03752,Synthetic Industrial 03752 @ OSM industrial W33296742,industrial,PL_W33296742,Old Toronto,1,1
ORG03753,Synthetic Retail 03753 @ New Haven Centre Inc.,retail,PL_W33297045,Brampton,1,1
ORG03754,Synthetic Commercial 03754 @ 1310 Dundas Street East,commercial,PL_W33298345,Old Toronto,2,1
ORG03755,Synthetic Hotel 03755 @ Quality Inn & Suites,hotel,PL_W33300472,Brampton,1,1
ORG03756,Synthetic Commercial 03756 @ OSM commercial W33300523,commercial,PL_W33300523,Brampton,2,1
ORG03757,Synthetic Hotel 03757 @ Days Inn,hotel,PL_W33300537,Brampton,1,1
ORG03758,Synthetic Commercial 03758 @ OSM commercial W33300782,commercial,PL_W33300782,Brampton,1,1
ORG03759,Synthetic Office 03759 @ OSM office W333081803,office,PL_W333081803,Vaughan,1,1
ORG03760,Synthetic Commercial 03760 @ 60 Innovation Drive,commercial,PL_W333081809,Vaughan,2,1
ORG03761,Synthetic Industrial 03761 @ OSM industrial W333192880,industrial,PL_W333192880,Brampton,1,1
ORG03762,Synthetic Industrial 03762 @ OSM industrial W333192882,industrial,PL_W333192882,Brampton,1,1
ORG03763,Synthetic Industrial 03763 @ OSM industrial W333192891,industrial,PL_W333192891,Brampton,1,1
ORG03764,Synthetic Commercial 03764 @ OSM commercial W333192896,commercial,PL_W333192896,Brampton,2,1
ORG03765,Synthetic Commercial 03765 @ OSM commercial W333370248,commercial,PL_W333370248,Brampton,1,1
ORG03766,Synthetic Commercial 03766 @ OSM commercial W333370251,commercial,PL_W333370251,Brampton,1,1
ORG03767,Synthetic Industrial 03767 @ OSM industrial W333370257,industrial,PL_W333370257,Brampton,1,1
ORG03768,Synthetic Industrial 03768 @ OSM industrial W333520129,industrial,PL_W333520129,Brampton,1,1
ORG03769,Synthetic Commercial 03769 @ OSM commercial W333520136,commercial,PL_W333520136,Brampton,1,1
ORG03770,Synthetic Industrial 03770 @ 2341 Keele Street,industrial,PL_W33361587,North York,1,1
ORG03771,Synthetic Industrial 03771 @ OSM industrial W33361592,industrial,PL_W33361592,North York,1,1
ORG03772,Synthetic Industrial 03772 @ 54 Wingold Avenue,industrial,PL_W33362853,North York,1,1
ORG03773,Synthetic Industrial 03773 @ OSM industrial W33362861,industrial,PL_W33362861,North York,1,1
ORG03774,Synthetic Industrial 03774 @ OSM industrial W33362888,industrial,PL_W33362888,North York,1,1
ORG03775,Synthetic Industrial 03775 @ OSM industrial W33362896,industrial,PL_W33362896,North York,2,1
ORG03776,Synthetic Industrial 03776 @ 450 Kipling Avenue,industrial,PL_W33403918,Old Toronto,1,1
ORG03777,Synthetic Commercial 03777 @ 410 Sherbourne Street,commercial,PL_W33405960,Old Toronto,1,1
ORG03778,Synthetic Office 03778 @ Altus Group,office,PL_W33406542,Old Toronto,4,1
ORG03779,Synthetic Supermarket 03779 @ Sobeys,supermarket,PL_W33408339,Old Toronto,1,1
ORG03780,Synthetic Commercial 03780 @ OSM commercial W33409410,commercial,PL_W33409410,Old Toronto,3,1
ORG03781,Synthetic Industrial 03781 @ Central Maintenance Garage,industrial,PL_W334483355,Old Toronto,1,1
ORG03782,Synthetic Office 03782 @ IG Wealth Management/Jilani Group,office,PL_W33460946,Old Toronto,1,1
ORG03783,Synthetic Industrial 03783 @ OSM industrial W334623323,industrial,PL_W334623323,Brampton,1,1
ORG03784,Synthetic Industrial 03784 @ OSM industrial W334623328,industrial,PL_W334623328,Brampton,1,1
ORG03785,Synthetic Industrial 03785 @ My Self Storage,industrial,PL_W334623329,Brampton,1,1
ORG03786,Synthetic Office 03786 @ The Viceroy Building,office,PL_W33471348,Old Toronto,2,1
ORG03787,Synthetic Residential 03787 @ OSM residential W334725258,residential,PL_W334725258,Markham,3,1
ORG03788,Synthetic Commercial 03788 @ 590 King Street West,commercial,PL_W334916363,Old Toronto,5,1
ORG03789,Synthetic Industrial 03789 @ OSM industrial W334955552,industrial,PL_W334955552,Brampton,1,1
ORG03790,Synthetic Office 03790 @ Parkdale Intercultural Association,office,PL_W335055419,Old Toronto,1,1
ORG03791,Synthetic Industrial 03791 @ OSM industrial W33513200,industrial,PL_W33513200,Old Toronto,1,1
ORG03792,Synthetic Office 03792 @ 5734 Yonge Street,office,PL_W33527943,North York,5,1
ORG03793,Synthetic Residential 03793 @ 5 Cedar Drive,residential,PL_W33541220,Scarborough,2,1
ORG03794,Synthetic Commercial 03794 @ OSM commercial W33542263,commercial,PL_W33542263,Scarborough,1,1
ORG03795,Synthetic Commercial 03795 @ OSM commercial W33542264,commercial,PL_W33542264,Scarborough,2,1
ORG03796,Synthetic Office 03796 @ OSM office W33542519,office,PL_W33542519,Scarborough,1,1
ORG03797,Synthetic Hotel 03797 @ Holiday Inn Express,hotel,PL_W33542522,Scarborough,2,1
ORG03798,Synthetic Office 03798 @ 10 Milner Business Court,office,PL_W33542526,Scarborough,3,1
ORG03799,Synthetic Residential 03799 @ OSM residential W33542527,residential,PL_W33542527,Scarborough,1,1
ORG03800,Synthetic Office 03800 @ TEVA,office,PL_W33542528,Scarborough,1,1
ORG03801,Synthetic Residential 03801 @ 90 Burrows Hall Boulevard,residential,PL_W33542534,Scarborough,1,1
ORG03802,Synthetic Commercial 03802 @ OSM commercial W33543299,commercial,PL_W33543299,Scarborough,3,1
ORG03803,Synthetic Gym 03803 @ Canlan Ice Sports,gym,PL_W33543646,Scarborough,1,1
ORG03804,Synthetic Residential 03804 @ OSM residential W33551024,residential,PL_W33551024,Old Toronto,1,1
ORG03805,Synthetic Industrial 03805 @ 1 Bestobell Road,industrial,PL_W335514692,Old Toronto,1,1
ORG03806,Synthetic Residential 03806 @ 281 The West Mall,residential,PL_W335517840,Old Toronto,1,1
ORG03807,Synthetic Residential 03807 @ OSM residential W335578151,residential,PL_W335578151,Old Toronto,1,1
ORG03808,Synthetic Office 03808 @ WorleyParsons,office,PL_W33561117,Markham,2,1
ORG03809,Synthetic Hotel 03809 @ Hilton Suites Toronto/Markham,hotel,PL_W33561118,Markham,8,1
ORG03810,Synthetic Office 03810 @ Scotiabank,office,PL_W33561126,Markham,3,1
ORG03811,Synthetic Office 03811 @ 15 Allstate Parkway,office,PL_W33561679,Markham,3,1
ORG03812,Synthetic Office 03812 @ Huawei Canada,office,PL_W33561680,Markham,2,1
ORG03813,Synthetic Office 03813 @ 11 Allstate Parkway,office,PL_W33561682,Markham,2,1
ORG03814,Synthetic Commercial 03814 @ OSM commercial W335620130,commercial,PL_W335620130,Scarborough,1,1
ORG03815,Synthetic Office 03815 @ OSM office W33562383,office,PL_W33562383,Markham,2,1
ORG03816,Synthetic Hotel 03816 @ Hilton Garden Inn Toronto/Markham,hotel,PL_W33562386,Markham,2,1
ORG03817,Synthetic Residential 03817 @ OSM residential W33564012,residential,PL_W33564012,Markham,1,1
ORG03818,Synthetic Residential 03818 @ 88 Times Avenue,residential,PL_W33564022,Markham,1,1
ORG03819,Synthetic Office 03819 @ Royal Centre,office,PL_W33570228,Vaughan,4,1
ORG03820,Synthetic Office 03820 @ 2 International Boulevard,office,PL_W33580855,Brampton,1,1
ORG03821,Synthetic Industrial 03821 @ OSM industrial W33582108,industrial,PL_W33582108,Brampton,1,1
ORG03822,Synthetic Commercial 03822 @ Saint Mark's offices,commercial,PL_W335886375,Old Toronto,3,1
ORG03823,Synthetic Residential 03823 @ OSM residential W335899654,residential,PL_W335899654,Old Toronto,1,1
ORG03824,Synthetic Supermarket 03824 @ No Frills,supermarket,PL_W33590548,Old Toronto,1,1
ORG03825,Synthetic Residential 03825 @ OSM residential W336096449,residential,PL_W336096449,Old Toronto,1,1
ORG03826,Synthetic Residential 03826 @ Cedarbrook Park Co-Op,residential,PL_W336113000,Scarborough,1,1
ORG03827,Synthetic Commercial 03827 @ OSM commercial W336433622,commercial,PL_W336433622,Brampton,2,1
ORG03828,Synthetic Residential 03828 @ The Gazebo of Thornhill,residential,PL_W33653597,Richmond Hill,1,1
ORG03829,Synthetic Residential 03829 @ 60 Inverlochy Boulevard,residential,PL_W33653601,Markham,1,1
ORG03830,Synthetic Industrial 03830 @ OSM industrial W33681415,industrial,PL_W33681415,Brampton,1,1
ORG03831,Synthetic Industrial 03831 @ OSM industrial W33681464,industrial,PL_W33681464,Brampton,1,1
ORG03832,Synthetic Industrial 03832 @ OSM industrial W33681477,industrial,PL_W33681477,Brampton,1,1
ORG03833,Synthetic Industrial 03833 @ 441 Courtneypark Drive East,industrial,PL_W33681916,Brampton,1,1
ORG03834,Synthetic Industrial 03834 @ OSM industrial W33682061,industrial,PL_W33682061,Brampton,1,1
ORG03835,Synthetic Commercial 03835 @ 340 High Park Avenue,commercial,PL_W336917018,Old Toronto,4,1
ORG03836,Synthetic Residential 03836 @ 1275 Danforth Road,residential,PL_W33725435,Scarborough,1,1
ORG03837,Synthetic Industrial 03837 @ OSM industrial W33728781,industrial,PL_W33728781,Brampton,1,1
ORG03838,Synthetic Industrial 03838 @ OSM industrial W33728843,industrial,PL_W33728843,Brampton,1,1
ORG03839,Synthetic Industrial 03839 @ OSM industrial W33729446,industrial,PL_W33729446,Brampton,1,1
ORG03840,Synthetic Industrial 03840 @ OSM industrial W33729470,industrial,PL_W33729470,Brampton,2,1
ORG03841,Synthetic Office 03841 @ North American Centre,office,PL_W33746339,North York,1,1
ORG03842,Synthetic Office 03842 @ North American Centre,office,PL_W33746340,North York,5,1
ORG03843,Synthetic Supermarket 03843 @ H Mart,supermarket,PL_W33746344,North York,1,1
ORG03844,Synthetic Commercial 03844 @ York Mills Place,commercial,PL_W33764719,North York,2,1
ORG03845,Synthetic Office 03845 @ Conagra,office,PL_W33806040,Brampton,1,1
ORG03846,Synthetic Office 03846 @ OSM office W33806242,office,PL_W33806242,Brampton,4,1
ORG03847,Synthetic Office 03847 @ OSM office W33806244,office,PL_W33806244,Brampton,3,1
ORG03848,Synthetic Residential 03848 @ 457 Marlee Ave,residential,PL_W338168144,North York,1,1
ORG03849,Synthetic Hotel 03849 @ Edward Hotel North York,hotel,PL_W33848018,North York,1,1
ORG03850,Synthetic Office 03850 @ Royal Bank Building,office,PL_W33849166,North York,4,1
ORG03851,Synthetic Office 03851 @ Toronto Regional Real Estate Board,office,PL_W33849251,North York,1,1
ORG03852,Synthetic Office 03852 @ 1450 Don Mills Road,office,PL_W33849252,North York,3,1
ORG03853,Synthetic Hotel 03853 @ Kimpton Saint George Hotel,hotel,PL_W33893041,Old Toronto,3,1
ORG03854,Synthetic Supermarket 03854 @ Farm Boy,supermarket,PL_W339360513,Old Toronto,2,1
ORG03855,Synthetic Commercial 03855 @ 3461 Dixie Road,commercial,PL_W34080762,Old Toronto,1,1
ORG03856,Synthetic Hotel 03856 @ Courtyard by Marriott,hotel,PL_W34084140,Brampton,1,1
ORG03857,Synthetic Hotel 03857 @ TownePlace Suites Mississauga-Airport Corporate Centre,hotel,PL_W34084530,Brampton,1,1
ORG03858,Synthetic Hotel 03858 @ Best Western Plus Travel Hotel Toronto Airport,hotel,PL_W34084532,Brampton,2,1
ORG03859,Synthetic Office 03859 @ Brookfield Place,office,PL_W34111206,Old Toronto,2,1
ORG03860,Synthetic Office 03860 @ Canada Life,office,PL_W34121572,Old Toronto,7,1
ORG03861,Synthetic Office 03861 @ 439 University Avenue,office,PL_W34121733,Old Toronto,5,1
ORG03862,Synthetic Office 03862 @ 60 Bloor West,office,PL_W34121938,Old Toronto,6,1
ORG03863,Synthetic Office 03863 @ 1075 Bay Street,office,PL_W34122101,Old Toronto,5,1
ORG03864,Synthetic Industrial 03864 @ OSM industrial W34148442,industrial,PL_W34148442,Brampton,1,1
ORG03865,Synthetic Industrial 03865 @ OSM industrial W34165788,industrial,PL_W34165788,Brampton,1,1
ORG03866,Synthetic Industrial 03866 @ Roshel,industrial,PL_W34166047,Brampton,1,1
ORG03867,Synthetic Industrial 03867 @ OSM industrial W34176233,industrial,PL_W34176233,Brampton,1,1
ORG03868,Synthetic Industrial 03868 @ OSM industrial W34176245,industrial,PL_W34176245,Brampton,1,1
ORG03869,Synthetic Industrial 03869 @ OSM industrial W34176289,industrial,PL_W34176289,Brampton,1,1
ORG03870,Synthetic Industrial 03870 @ OSM industrial W34176333,industrial,PL_W34176333,Brampton,1,1
ORG03871,Synthetic Industrial 03871 @ House of Flooring,industrial,PL_W34176941,Brampton,1,1
ORG03872,Synthetic Office 03872 @ Davisville Centre,office,PL_W34181805,Old Toronto,1,1
ORG03873,Synthetic Industrial 03873 @ OSM industrial W34204166,industrial,PL_W34204166,Brampton,1,1
ORG03874,Synthetic Industrial 03874 @ 401 Traders Boulevard East,industrial,PL_W34204175,Brampton,1,1
ORG03875,Synthetic Industrial 03875 @ 355 Traders Boulevard East,industrial,PL_W34204226,Brampton,1,1
ORG03876,Synthetic Industrial 03876 @ OSM industrial W34204497,industrial,PL_W34204497,Brampton,2,1
ORG03877,Synthetic Industrial 03877 @ OSM industrial W34204639,industrial,PL_W34204639,Brampton,1,1
ORG03878,Synthetic Industrial 03878 @ 5755 Coopers Avenue,industrial,PL_W34204837,Brampton,1,1
ORG03879,Synthetic Industrial 03879 @ OSM industrial W34204845,industrial,PL_W34204845,Brampton,1,1
ORG03880,Synthetic Industrial 03880 @ OSM industrial W34209447,industrial,PL_W34209447,Scarborough,1,1
ORG03881,Synthetic Office 03881 @ 2200 Yonge Street,office,PL_W34228021,Old Toronto,1,1
ORG03882,Synthetic Residential 03882 @ 300 Alton Towers Circle,residential,PL_W34229573,Markham,1,1
ORG03883,Synthetic Residential 03883 @ 350 Alton Towers Circle,residential,PL_W34229574,Markham,2,1
ORG03884,Synthetic Office 03884 @ TELUS Harbour,office,PL_W34320500,Old Toronto,2,1
ORG03885,Synthetic Office 03885 @ PwC Tower,office,PL_W34320502,Old Toronto,5,1
ORG03886,Synthetic Commercial 03886 @ Clark West Business Centre,commercial,PL_W34395779,Brampton,1,1
ORG03887,Synthetic Commercial 03887 @ OSM commercial W34412968,commercial,PL_W34412968,Brampton,1,1
ORG03888,Synthetic Gym 03888 @ Terry Miller Recreation Centre,gym,PL_W34413708,Brampton,2,1
ORG03889,Synthetic Residential 03889 @ Fleetwood Estates,residential,PL_W34413895,Brampton,1,1
ORG03890,Synthetic Commercial 03890 @ OSM commercial W34414587,commercial,PL_W34414587,Brampton,2,1
ORG03891,Synthetic Industrial 03891 @ OSM industrial W34414593,industrial,PL_W34414593,Brampton,1,1
ORG03892,Synthetic Industrial 03892 @ OSM industrial W34414597,industrial,PL_W34414597,Brampton,1,1
ORG03893,Synthetic Industrial 03893 @ OSM industrial W34414634,industrial,PL_W34414634,Brampton,1,1
ORG03894,Synthetic Industrial 03894 @ OSM industrial W34414661,industrial,PL_W34414661,Brampton,1,1
ORG03895,Synthetic Industrial 03895 @ 218 Wilkinson Road,industrial,PL_W34414733,Brampton,1,1
ORG03896,Synthetic Industrial 03896 @ 200 Wilkinson Road,industrial,PL_W34414743,Brampton,2,1
ORG03897,Synthetic Industrial 03897 @ 25 Wilkinson Road,industrial,PL_W344178891,Brampton,1,1
ORG03898,Synthetic Industrial 03898 @ 5925 Tomken Road,industrial,PL_W34483673,Brampton,1,1
ORG03899,Synthetic Industrial 03899 @ OSM industrial W34483848,industrial,PL_W34483848,Brampton,1,1
ORG03900,Synthetic Industrial 03900 @ OSM industrial W34484343,industrial,PL_W34484343,Brampton,1,1
ORG03901,Synthetic Industrial 03901 @ OSM industrial W34484466,industrial,PL_W34484466,Brampton,1,1
ORG03902,Synthetic Industrial 03902 @ OSM industrial W34484467,industrial,PL_W34484467,Brampton,1,1
ORG03903,Synthetic Industrial 03903 @ OSM industrial W34484468,industrial,PL_W34484468,Brampton,1,1
ORG03904,Synthetic Industrial 03904 @ OSM industrial W34515539,industrial,PL_W34515539,Brampton,1,1
ORG03905,Synthetic Office 03905 @ Dixie Place,office,PL_W34516164,Brampton,2,1
ORG03906,Synthetic Hotel 03906 @ Four Points by Sheraton Toronto Mississauga,hotel,PL_W34516318,Brampton,1,1
ORG03907,Synthetic Industrial 03907 @ OSM industrial W34516395,industrial,PL_W34516395,Brampton,2,1
ORG03908,Synthetic Industrial 03908 @ OSM industrial W34516449,industrial,PL_W34516449,Brampton,1,1
ORG03909,Synthetic Industrial 03909 @ OSM industrial W34516616,industrial,PL_W34516616,Brampton,1,1
ORG03910,Synthetic Industrial 03910 @ OSM industrial W34516637,industrial,PL_W34516637,Brampton,1,1
ORG03911,Synthetic Industrial 03911 @ OSM industrial W34516677,industrial,PL_W34516677,Brampton,1,1
ORG03912,Synthetic Industrial 03912 @ OSM industrial W34516714,industrial,PL_W34516714,Brampton,1,1
ORG03913,Synthetic Industrial 03913 @ OSM industrial W34516728,industrial,PL_W34516728,Brampton,1,1
ORG03914,Synthetic Industrial 03914 @ OSM industrial W34516836,industrial,PL_W34516836,Brampton,1,1
ORG03915,Synthetic Industrial 03915 @ 6265 Netherhart Road,industrial,PL_W34516846,Brampton,1,1
ORG03916,Synthetic Industrial 03916 @ OSM industrial W34516886,industrial,PL_W34516886,Brampton,1,1
ORG03917,Synthetic Industrial 03917 @ 1820 Bonhill Road,industrial,PL_W34517019,Brampton,1,1
ORG03918,Synthetic Industrial 03918 @ OSM industrial W34517188,industrial,PL_W34517188,Brampton,1,1
ORG03919,Synthetic Industrial 03919 @ OSM industrial W34517224,industrial,PL_W34517224,Brampton,1,1
ORG03920,Synthetic Industrial 03920 @ 6495 Van Deemter Court,industrial,PL_W34517274,Brampton,1,1
ORG03921,Synthetic Office 03921 @ Pratt & Whitney Canada,office,PL_W34517286,Brampton,1,1
ORG03922,Synthetic Industrial 03922 @ OSM industrial W34517946,industrial,PL_W34517946,Brampton,1,1
ORG03923,Synthetic Hotel 03923 @ White Knight Motel,hotel,PL_W34544226,Brampton,1,1
ORG03924,Synthetic Hotel 03924 @ Marriott,hotel,PL_W34545829,Old Toronto,11,2
ORG03925,Synthetic Commercial 03925 @ OSM commercial W34545967,commercial,PL_W34545967,Brampton,1,1
ORG03926,Synthetic Commercial 03926 @ OSM commercial W34546016,commercial,PL_W34546016,Brampton,1,1
ORG03927,Synthetic Industrial 03927 @ 99 Glidden Road,industrial,PL_W34546205,Brampton,1,1
ORG03928,Synthetic Industrial 03928 @ 27 Finley Road,industrial,PL_W34546253,Brampton,1,1
ORG03929,Synthetic Office 03929 @ 1300 Steeles Avenue East,office,PL_W34546256,Brampton,1,1
ORG03930,Synthetic Industrial 03930 @ 2 Wilkinson Road,industrial,PL_W34546260,Brampton,1,1
ORG03931,Synthetic Industrial 03931 @ 139 Wilkinson Road,industrial,PL_W34546289,Brampton,1,1
ORG03932,Synthetic Commercial 03932 @ 120 Advance Boulevard,commercial,PL_W34546354,Brampton,1,1
ORG03933,Synthetic Industrial 03933 @ 18D Strathearn Avenue,industrial,PL_W34546383,Brampton,1,1
ORG03934,Synthetic Industrial 03934 @ 18C Strathearn Avenue,industrial,PL_W34546384,Brampton,1,1
ORG03935,Synthetic Industrial 03935 @ 31 Strathearn Avenue,industrial,PL_W34546414,Brampton,1,1
ORG03936,Synthetic Industrial 03936 @ 325 Orenda Road,industrial,PL_W34546444,Brampton,1,1
ORG03937,Synthetic Commercial 03937 @ GTA DECKS,commercial,PL_W34550582,Brampton,1,1
ORG03938,Synthetic Industrial 03938 @ Mizuno Canada,industrial,PL_W34550590,Brampton,1,1
ORG03939,Synthetic Industrial 03939 @ Redmond Williams Distributing,industrial,PL_W34550591,Brampton,1,1
ORG03940,Synthetic Office 03940 @ Introtel,office,PL_W34550594,Brampton,2,1
ORG03941,Synthetic Industrial 03941 @ Kirkwood & Murphy,industrial,PL_W34550596,Brampton,1,1
ORG03942,Synthetic Industrial 03942 @ Olsen Fashion Canada,industrial,PL_W34550600,Brampton,1,1
ORG03943,Synthetic Industrial 03943 @ OSM industrial W34551228,industrial,PL_W34551228,Brampton,1,1
ORG03944,Synthetic Industrial 03944 @ OSM industrial W34551235,industrial,PL_W34551235,Brampton,1,1
ORG03945,Synthetic Industrial 03945 @ OSM industrial W34551374,industrial,PL_W34551374,Brampton,1,1
ORG03946,Synthetic Industrial 03946 @ OSM industrial W34551411,industrial,PL_W34551411,Brampton,1,1
ORG03947,Synthetic Industrial 03947 @ OSM industrial W34551483,industrial,PL_W34551483,Brampton,1,1
ORG03948,Synthetic Industrial 03948 @ OSM industrial W34551488,industrial,PL_W34551488,Brampton,1,1
ORG03949,Synthetic Industrial 03949 @ 1515 Matheson Boulevard East,industrial,PL_W34551489,Brampton,1,1
ORG03950,Synthetic Hotel 03950 @ Comfort Inn Airport West,hotel,PL_W34551490,Brampton,2,1
ORG03951,Synthetic Office 03951 @ Manulife Financial,office,PL_W34551654,Old Toronto,2,1
ORG03952,Synthetic Office 03952 @ 415 Yonge Street,office,PL_W34554802,Old Toronto,7,1
ORG03953,Synthetic Commercial 03953 @ OSM commercial W34571353,commercial,PL_W34571353,Brampton,3,1
ORG03954,Synthetic Commercial 03954 @ OSM commercial W34571520,commercial,PL_W34571520,Brampton,1,1
ORG03955,Synthetic Industrial 03955 @ 108 Summerlea Road,industrial,PL_W34571542,Brampton,1,1
ORG03956,Synthetic Industrial 03956 @ OSM industrial W34571708,industrial,PL_W34571708,Brampton,1,1
ORG03957,Synthetic Office 03957 @ One Yonge Street,office,PL_W34573775,Old Toronto,3,1
ORG03958,Synthetic Office 03958 @ 2810 Matheson Boulevard East,office,PL_W34582141,Brampton,1,1
ORG03959,Synthetic Office 03959 @ Counterforce,office,PL_W34582149,Brampton,1,1
ORG03960,Synthetic Office 03960 @ 5090 Explorer Drive,office,PL_W34582238,Brampton,1,1
ORG03961,Synthetic Office 03961 @ Baylis Medical OME Group,office,PL_W34582240,Brampton,1,1
ORG03962,Synthetic Office 03962 @ Kraft Foods,office,PL_W34582242,Brampton,1,1
ORG03963,Synthetic Office 03963 @ 2680 Skymark Avenue,office,PL_W34582249,Brampton,2,1
ORG03964,Synthetic Office 03964 @ College Square,office,PL_W34582257,Brampton,4,1
ORG03965,Synthetic Office 03965 @ SS&C,office,PL_W34582267,Brampton,1,1
ORG03966,Synthetic Commercial 03966 @ 5225 Orbitor Drive,commercial,PL_W34582270,Brampton,5,1
ORG03967,Synthetic Office 03967 @ Remco,office,PL_W34582296,Brampton,1,1
ORG03968,Synthetic Office 03968 @ Airport Square,office,PL_W34582299,Brampton,1,1
ORG03969,Synthetic Office 03969 @ OSM office W34582301,office,PL_W34582301,Brampton,3,1
ORG03970,Synthetic Office 03970 @ 5045 Orbitor Drive,office,PL_W34582302,Brampton,4,1
ORG03971,Synthetic Office 03971 @ Nissan Canada Inc.,office,PL_W34582307,Brampton,1,1
ORG03972,Synthetic Office 03972 @ Gay Lea,office,PL_W34582314,Brampton,1,1
ORG03973,Synthetic Office 03973 @ OSM office W34582320,office,PL_W34582320,Brampton,1,1
ORG03974,Synthetic Office 03974 @ OSM office W34582323,office,PL_W34582323,Brampton,2,1
ORG03975,Synthetic Office 03975 @ Community Trust,office,PL_W34582433,Brampton,2,1
ORG03976,Synthetic Office 03976 @ 5700 Explorer Drive,office,PL_W34582434,Brampton,1,1
ORG03977,Synthetic Commercial 03977 @ 5300 Satellite Drive,commercial,PL_W34582435,Brampton,2,1
ORG03978,Synthetic Office 03978 @ 5800 Explorer Drive,office,PL_W34582436,Brampton,1,1
ORG03979,Synthetic Office 03979 @ OSM office W34582450,office,PL_W34582450,Brampton,1,1
ORG03980,Synthetic Office 03980 @ Mitsubishi Motors,office,PL_W34582534,Brampton,1,1
ORG03981,Synthetic Commercial 03981 @ Planet Bowl,commercial,PL_W34582609,Brampton,2,1
ORG03982,Synthetic Industrial 03982 @ OSM industrial W34582688,industrial,PL_W34582688,Brampton,1,1
ORG03983,Synthetic Industrial 03983 @ OSM industrial W34582690,industrial,PL_W34582690,Brampton,1,1
ORG03984,Synthetic Industrial 03984 @ 5977 Dixie Road,industrial,PL_W34582721,Brampton,1,1
ORG03985,Synthetic Industrial 03985 @ OSM industrial W34582782,industrial,PL_W34582782,Brampton,1,1
ORG03986,Synthetic Industrial 03986 @ 5711 Atlantic Drive,industrial,PL_W34582810,Brampton,1,1
ORG03987,Synthetic Industrial 03987 @ OSM industrial W34582830,industrial,PL_W34582830,Brampton,1,1
ORG03988,Synthetic Industrial 03988 @ OSM industrial W34585425,industrial,PL_W34585425,Brampton,1,1
ORG03989,Synthetic Commercial 03989 @ OSM commercial W34585561,commercial,PL_W34585561,Brampton,1,1
ORG03990,Synthetic Industrial 03990 @ Massiv Die-Form,industrial,PL_W34585572,Brampton,1,1
ORG03991,Synthetic Commercial 03991 @ 7270 Torbram Road,commercial,PL_W34585677,Brampton,2,1
ORG03992,Synthetic Industrial 03992 @ OSM industrial W34586496,industrial,PL_W34586496,Brampton,1,1
ORG03993,Synthetic Industrial 03993 @ OSM industrial W34586715,industrial,PL_W34586715,Brampton,1,1
ORG03994,Synthetic Industrial 03994 @ OSM industrial W34586925,industrial,PL_W34586925,Brampton,1,1
ORG03995,Synthetic Office 03995 @ Simpson Tower,office,PL_W34587440,Old Toronto,9,1
ORG03996,Synthetic Office 03996 @ Pullan Place,office,PL_W34587720,Old Toronto,1,1
ORG03997,Synthetic Office 03997 @ 200 University Avenue,office,PL_W34587722,Old Toronto,7,1
ORG03998,Synthetic Office 03998 @ 250 University Avenue,office,PL_W34587723,Old Toronto,4,1
ORG03999,Synthetic Commercial 03999 @ Balfour Building,commercial,PL_W34614474,Old Toronto,13,2
ORG04000,Synthetic Office 04000 @ 10 Lower Spadina Avenue,office,PL_W34614513,Old Toronto,2,1
ORG04001,Synthetic Office 04001 @ Waterpark Place North,office,PL_W34615186,Old Toronto,4,1
ORG04002,Synthetic Office 04002 @ Waterpark Place South,office,PL_W34615187,Old Toronto,6,1
ORG04003,Synthetic Industrial 04003 @ OSM industrial W34670568,industrial,PL_W34670568,Brampton,1,1
ORG04004,Synthetic Industrial 04004 @ OSM industrial W34670575,industrial,PL_W34670575,Brampton,1,1
ORG04005,Synthetic Industrial 04005 @ 8 Melanie Drive,industrial,PL_W34690056,Brampton,1,1
ORG04006,Synthetic Industrial 04006 @ 12 Melanie Drive,industrial,PL_W34690059,Brampton,1,1
ORG04007,Synthetic Industrial 04007 @ 31 Melanie Drive,industrial,PL_W34690084,Brampton,1,1
ORG04008,Synthetic Industrial 04008 @ OSM industrial W34690112,industrial,PL_W34690112,Brampton,1,1
ORG04009,Synthetic Industrial 04009 @ Peridot Supply,industrial,PL_W34690180,Brampton,1,1
ORG04010,Synthetic Industrial 04010 @ 129 East Drive,industrial,PL_W34690192,Brampton,1,1
ORG04011,Synthetic Industrial 04011 @ OSM industrial W34690198,industrial,PL_W34690198,Brampton,1,1
ORG04012,Synthetic Industrial 04012 @ OSM industrial W34690211,industrial,PL_W34690211,Brampton,1,1
ORG04013,Synthetic Commercial 04013 @ Pearson Convention Center,commercial,PL_W34720372,Brampton,2,1
ORG04014,Synthetic Industrial 04014 @ OSM industrial W34720497,industrial,PL_W34720497,Brampton,2,1
ORG04015,Synthetic Industrial 04015 @ OSM industrial W34720501,industrial,PL_W34720501,Brampton,1,1
ORG04016,Synthetic Industrial 04016 @ OSM industrial W34720509,industrial,PL_W34720509,Brampton,1,1
ORG04017,Synthetic Industrial 04017 @ OSM industrial W34720517,industrial,PL_W34720517,Brampton,1,1
ORG04018,Synthetic Industrial 04018 @ OSM industrial W34720556,industrial,PL_W34720556,Brampton,1,1
ORG04019,Synthetic Industrial 04019 @ OSM industrial W34720564,industrial,PL_W34720564,Brampton,1,1
ORG04020,Synthetic Office 04020 @ Corus Quay,office,PL_W34720688,Old Toronto,6,1
ORG04021,Synthetic Industrial 04021 @ OSM industrial W34721373,industrial,PL_W34721373,Brampton,1,1
ORG04022,Synthetic Industrial 04022 @ OSM industrial W34721558,industrial,PL_W34721558,Brampton,1,1
ORG04023,Synthetic Industrial 04023 @ OSM industrial W34721802,industrial,PL_W34721802,Brampton,1,1
ORG04024,Synthetic Office 04024 @ OSM office W34722373,office,PL_W34722373,Brampton,1,1
ORG04025,Synthetic Industrial 04025 @ OSM industrial W34722493,industrial,PL_W34722493,Brampton,1,1
ORG04026,Synthetic Industrial 04026 @ OSM industrial W34724587,industrial,PL_W34724587,Brampton,1,1
ORG04027,Synthetic Commercial 04027 @ OSM commercial W34749533,commercial,PL_W34749533,Brampton,2,1
ORG04028,Synthetic Office 04028 @ 6725 Airport Road,office,PL_W34749535,Brampton,2,1
ORG04029,Synthetic Office 04029 @ 6715 Airport Road,office,PL_W34749537,Brampton,1,1
ORG04030,Synthetic Commercial 04030 @ OSM commercial W34749571,commercial,PL_W34749571,Brampton,1,1
ORG04031,Synthetic Office 04031 @ 6303 Airport Road,office,PL_W34749604,Brampton,1,1
ORG04032,Synthetic Office 04032 @ 6299 Airport Road,office,PL_W34749606,Brampton,1,1
ORG04033,Synthetic Office 04033 @ Airway Centre,office,PL_W34749645,Brampton,1,1
ORG04034,Synthetic Office 04034 @ Dexterra,office,PL_W34749647,Brampton,1,1
ORG04035,Synthetic Office 04035 @ CBRE/DB Schenker,office,PL_W34749650,Brampton,1,1
ORG04036,Synthetic Hotel 04036 @ Hampton Inn & Suites by Hilton Toronto Airport,hotel,PL_W34749688,Brampton,2,1
ORG04037,Synthetic Hotel 04037 @ Holiday Inn Toronto Airport,hotel,PL_W34749721,Brampton,6,1
ORG04038,Synthetic Hotel 04038 @ The Westin Toronto Airport,hotel,PL_W34749723,Brampton,4,1
ORG04039,Synthetic Hotel 04039 @ Embassy Suites,hotel,PL_W34749730,Brampton,9,2
ORG04040,Synthetic Industrial 04040 @ OSM industrial W34749772,industrial,PL_W34749772,Brampton,1,1
ORG04041,Synthetic Industrial 04041 @ OSM industrial W34749776,industrial,PL_W34749776,Brampton,1,1
ORG04042,Synthetic Industrial 04042 @ OSM industrial W34749802,industrial,PL_W34749802,Brampton,1,1
ORG04043,Synthetic Industrial 04043 @ OSM industrial W34749808,industrial,PL_W34749808,Brampton,2,1
ORG04044,Synthetic Industrial 04044 @ OSM industrial W34749813,industrial,PL_W34749813,Brampton,1,1
ORG04045,Synthetic Hotel 04045 @ Toronto Airport Marriott,hotel,PL_W34749843,Brampton,3,1
ORG04046,Synthetic Hotel 04046 @ DoubleTree by Hilton Toronto Airport,hotel,PL_W34749848,Brampton,9,2
ORG04047,Synthetic Hotel 04047 @ Courtyard by Marriott Toronto Airport,hotel,PL_W34749850,Brampton,3,1
ORG04048,Synthetic Industrial 04048 @ OSM industrial W34749861,industrial,PL_W34749861,Brampton,1,1
ORG04049,Synthetic Industrial 04049 @ OSM industrial W34749890,industrial,PL_W34749890,Brampton,1,1
ORG04050,Synthetic Commercial 04050 @ 555 Burnhamthorpe Road,commercial,PL_W34775093,Old Toronto,1,1
ORG04051,Synthetic Residential 04051 @ Tichester Towers,residential,PL_W34776453,Old Toronto,1,1
ORG04052,Synthetic Residential 04052 @ 3765 Sheppard Avenue East,residential,PL_W34777539,Scarborough,1,1
ORG04053,Synthetic Residential 04053 @ 2250 Kennedy Road,residential,PL_W34777543,Scarborough,2,1
ORG04054,Synthetic Residential 04054 @ 4101 Sheppard Avenue East,residential,PL_W34777546,Scarborough,1,1
ORG04055,Synthetic Office 04055 @ 100 Cowdray Court,office,PL_W34777559,Scarborough,1,1
ORG04056,Synthetic Office 04056 @ 3845 Bathurst Street,office,PL_W34798042,North York,1,1
ORG04057,Synthetic Gym 04057 @ Canadian Ice Academy,gym,PL_W34880274,Old Toronto,1,1
ORG04058,Synthetic Industrial 04058 @ OSM industrial W34894880,industrial,PL_W34894880,Old Toronto,1,1
ORG04059,Synthetic Industrial 04059 @ 14 Connell Court,industrial,PL_W34894883,Old Toronto,1,1
ORG04060,Synthetic Industrial 04060 @ TTC Eglinton Bus Garage,industrial,PL_W34900123,Scarborough,1,1
ORG04061,Synthetic Residential 04061 @ Monaco,residential,PL_W34975555,North York,1,1
ORG04062,Synthetic Residential 04062 @ Empress Plaza,residential,PL_W34977625,North York,1,1
ORG04063,Synthetic Industrial 04063 @ 101 Claireville Drive,industrial,PL_W34985273,Brampton,2,1
ORG04064,Synthetic Residential 04064 @ 75 Granger Avenue,residential,PL_W349887190,Scarborough,1,1
ORG04065,Synthetic Industrial 04065 @ Hudson's Bay Company Distribution Centre,industrial,PL_W35020849,Brampton,1,1
ORG04066,Synthetic Industrial 04066 @ Chemque,industrial,PL_W35021080,Brampton,1,1
ORG04067,Synthetic Industrial 04067 @ OSM industrial W35021082,industrial,PL_W35021082,Brampton,1,1
ORG04068,Synthetic Hotel 04068 @ TOOR Hotel - JDV by Hyatt,hotel,PL_W35155100,Old Toronto,8,1
ORG04069,Synthetic Residential 04069 @ 138 Reeve Drive,residential,PL_W352582325,Markham,1,1
ORG04070,Synthetic Residential 04070 @ 116 Marchington Circle,residential,PL_W353028574,Scarborough,1,1
ORG04071,Synthetic Commercial 04071 @ Markirsh Plaza,commercial,PL_W353252514,North York,1,1
ORG04072,Synthetic Industrial 04072 @ OSM industrial W354395308,industrial,PL_W354395308,Brampton,1,1
ORG04073,Synthetic Residential 04073 @ OSM residential W354728349,residential,PL_W354728349,Scarborough,1,1
ORG04074,Synthetic Commercial 04074 @ Desjardins Financial Security,commercial,PL_W35491449,Old Toronto,7,1
ORG04075,Synthetic Residential 04075 @ OSM residential W35551388,residential,PL_W35551388,Old Toronto,1,1
ORG04076,Synthetic Office 04076 @ 21 Randolph Avenue,office,PL_W35600179,Old Toronto,1,1
ORG04077,Synthetic Office 04077 @ Starlight,office,PL_W35674382,North York,1,1
ORG04078,Synthetic Industrial 04078 @ 95 Ronald Avenue,industrial,PL_W35676086,Old Toronto,1,1
ORG04079,Synthetic Commercial 04079 @ KPMG Tower,commercial,PL_W356780579,Vaughan,2,1
ORG04080,Synthetic Hotel 04080 @ East Side Motel,hotel,PL_W35798735,Scarborough,1,1
ORG04081,Synthetic Residential 04081 @ OSM residential W35836408,residential,PL_W35836408,Scarborough,1,1
ORG04082,Synthetic Residential 04082 @ OSM residential W35836410,residential,PL_W35836410,Scarborough,1,1
ORG04083,Synthetic Hotel 04083 @ Radisson Blu Hotel Toronto - Harbour Front,hotel,PL_W35893795,Old Toronto,4,1
ORG04084,Synthetic Residential 04084 @ OSM residential W360220937,residential,PL_W360220937,Scarborough,1,1
ORG04085,Synthetic Commercial 04085 @ 5 Glen Park Avenue,commercial,PL_W361650356,North York,2,1
ORG04086,Synthetic Commercial 04086 @ 2158 Codlin Crescent,commercial,PL_W362777999,Brampton,1,1
ORG04087,Synthetic Industrial 04087 @ M&M Carriers,industrial,PL_W362792334,Brampton,2,1
ORG04088,Synthetic Industrial 04088 @ OSM industrial W362807120,industrial,PL_W362807120,Brampton,2,1
ORG04089,Synthetic Residential 04089 @ 1589 Victoria Park Avenue,residential,PL_W36331125,Scarborough,1,1
ORG04090,Synthetic Office 04090 @ Bloor Park Medical Centre,office,PL_W363351235,Old Toronto,1,1
ORG04091,Synthetic Retail 04091 @ Costco,retail,PL_W36364241,Scarborough,1,1
ORG04092,Synthetic Industrial 04092 @ 165 Claireport Crescent,industrial,PL_W363990360,Brampton,1,1
ORG04093,Synthetic Industrial 04093 @ OSM industrial W363990471,industrial,PL_W363990471,Brampton,2,1
ORG04094,Synthetic Commercial 04094 @ OSM commercial W364134934,commercial,PL_W364134934,Brampton,1,1
ORG04095,Synthetic Industrial 04095 @ OSM industrial W364192023,industrial,PL_W364192023,Brampton,1,1
ORG04096,Synthetic University 04096 @ Centennial College - Ashtonbee Campus,university,PL_W36508437,Scarborough,5,1
ORG04097,Synthetic Commercial 04097 @ OSM commercial W36543497,commercial,PL_W36543497,Markham,1,1
ORG04098,Synthetic Commercial 04098 @ Brookfield Place,commercial,PL_W366234297,Old Toronto,1,1
ORG04099,Synthetic Commercial 04099 @ Commerce Court,commercial,PL_W366234298,Old Toronto,1,1
ORG04100,Synthetic Commercial 04100 @ Commerce Court,commercial,PL_W366234299,Old Toronto,1,1
ORG04101,Synthetic Commercial 04101 @ OSM commercial W366234315,commercial,PL_W366234315,Old Toronto,1,1
ORG04102,Synthetic Retail 04102 @ The Tenor,retail,PL_W366547307,Old Toronto,1,1
ORG04103,Synthetic Industrial 04103 @ OSM industrial W366899310,industrial,PL_W366899310,Scarborough,2,1
ORG04104,Synthetic Commercial 04104 @ OSM commercial W367037750,commercial,PL_W367037750,Old Toronto,4,1
ORG04105,Synthetic Commercial 04105 @ Richmond-Adelaide Centre,commercial,PL_W367346433,Old Toronto,1,1
ORG04106,Synthetic Industrial 04106 @ OSM industrial W367476130,industrial,PL_W367476130,Scarborough,1,1
ORG04107,Synthetic Hotel 04107 @ Hotel X Toronto,hotel,PL_W367536575,Old Toronto,16,2
ORG04108,Synthetic Commercial 04108 @ Toronto-Dominion Centre,commercial,PL_W367638701,Old Toronto,3,1
ORG04109,Synthetic Office 04109 @ 5775 Yonge Street,office,PL_W36772098,North York,2,1
ORG04110,Synthetic Residential 04110 @ 1155 Midland Avenue,residential,PL_W36782211,Scarborough,1,1
ORG04111,Synthetic Residential 04111 @ OSM residential W36791501,residential,PL_W36791501,Scarborough,1,1
ORG04112,Synthetic Residential 04112 @ 893 Kennedy Road,residential,PL_W36791704,Scarborough,1,1
ORG04113,Synthetic Residential 04113 @ 855 Kennedy Road,residential,PL_W36791714,Scarborough,1,1
ORG04114,Synthetic Office 04114 @ OSM office W368778308,office,PL_W368778308,North York,1,1
ORG04115,Synthetic Industrial 04115 @ OSM industrial W368852939,industrial,PL_W368852939,Brampton,1,1
ORG04116,Synthetic Industrial 04116 @ OSM industrial W368852940,industrial,PL_W368852940,Brampton,1,1
ORG04117,Synthetic Residential 04117 @ 2821 Birchmount Road,residential,PL_W36888109,Scarborough,1,1
ORG04118,Synthetic Residential 04118 @ 4727 Sheppard Avenue East,residential,PL_W36921200,Scarborough,1,1
ORG04119,Synthetic Residential 04119 @ Nanak House,residential,PL_W36921201,Scarborough,1,1
ORG04120,Synthetic Office 04120 @ 201 Consumers Road,office,PL_W36921532,North York,1,1
ORG04121,Synthetic Office 04121 @ OSM office W36921533,office,PL_W36921533,North York,1,1
ORG04122,Synthetic Office 04122 @ Victoria Business Centre,office,PL_W369568062,Markham,1,1
ORG04123,Synthetic Commercial 04123 @ Martial Arts,commercial,PL_W370371691,Old Toronto,3,1
ORG04124,Synthetic Residential 04124 @ 8 Mondeo Drive,residential,PL_W370438991,Scarborough,1,1
ORG04125,Synthetic Commercial 04125 @ OSM commercial W371248124,commercial,PL_W371248124,Scarborough,2,1
ORG04126,Synthetic Industrial 04126 @ OSM industrial W371250768,industrial,PL_W371250768,Scarborough,1,1
ORG04127,Synthetic Industrial 04127 @ John Bead,industrial,PL_W374195291,Scarborough,1,1
ORG04128,Synthetic Industrial 04128 @ Ministry of Transportation,industrial,PL_W381672129,North York,1,1
ORG04129,Synthetic Supermarket 04129 @ Metro,supermarket,PL_W382778656,Old Toronto,1,1
ORG04130,Synthetic Commercial 04130 @ West Metro Corporate Centre,commercial,PL_W383637718,Old Toronto,1,1
ORG04131,Synthetic Industrial 04131 @ OSM industrial W385748322,industrial,PL_W385748322,Vaughan,1,1
ORG04132,Synthetic Office 04132 @ Sunview Patio Doors Ltd.,office,PL_W387353917,Vaughan,1,1
ORG04133,Synthetic Office 04133 @ Vision Hollow Metal Limited,office,PL_W387353918,Vaughan,1,1
ORG04134,Synthetic Industrial 04134 @ OSM industrial W387354058,industrial,PL_W387354058,Brampton,1,1
ORG04135,Synthetic Industrial 04135 @ Sobeys,industrial,PL_W387354061,Brampton,1,1
ORG04136,Synthetic Industrial 04136 @ OSM industrial W387354963,industrial,PL_W387354963,Brampton,1,1
ORG04137,Synthetic Office 04137 @ Arthur Meighen Building,office,PL_W38743637,Old Toronto,4,1
ORG04138,Synthetic Gym 04138 @ OSM gym W38974844,gym,PL_W38974844,North York,1,1
ORG04139,Synthetic Industrial 04139 @ Toronto Fire Station 412,industrial,PL_W389992206,Brampton,1,1
ORG04140,Synthetic Residential 04140 @ OSM residential W391472124,residential,PL_W391472124,Scarborough,1,1
ORG04141,Synthetic Office 04141 @ 76 Stafford Street,office,PL_W39525592,Old Toronto,2,1
ORG04142,Synthetic Commercial 04142 @ OSM commercial W396817470,commercial,PL_W396817470,Markham,2,1
ORG04143,Synthetic Commercial 04143 @ OSM commercial W396817728,commercial,PL_W396817728,Markham,1,1
ORG04144,Synthetic Industrial 04144 @ OSM industrial W396817758,industrial,PL_W396817758,Markham,1,1
ORG04145,Synthetic Industrial 04145 @ OSM industrial W397005658,industrial,PL_W397005658,Markham,1,1
ORG04146,Synthetic Commercial 04146 @ OSM commercial W397124714,commercial,PL_W397124714,Old Toronto,1,1
ORG04147,Synthetic Supermarket 04147 @ Walmart Supercentre,supermarket,PL_W398583836,Vaughan,2,1
ORG04148,Synthetic Industrial 04148 @ OSM industrial W398743849,industrial,PL_W398743849,Brampton,1,1
ORG04149,Synthetic Commercial 04149 @ OSM commercial W400575633,commercial,PL_W400575633,Vaughan,2,1
ORG04150,Synthetic Office 04150 @ York Region Public Health,office,PL_W400681136,Vaughan,2,1
ORG04151,Synthetic Office 04151 @ 5015 Spectrum Way,office,PL_W402197619,Brampton,1,1
ORG04152,Synthetic Commercial 04152 @ Nellie's Administration,commercial,PL_W402553502,Old Toronto,2,1
ORG04153,Synthetic Commercial 04153 @ OSM commercial W402923383,commercial,PL_W402923383,Brampton,1,1
ORG04154,Synthetic Residential 04154 @ OSM residential W40420170,residential,PL_W40420170,Old Toronto,1,1
ORG04155,Synthetic Industrial 04155 @ OSM industrial W404584613,industrial,PL_W404584613,Vaughan,1,1
ORG04156,Synthetic Residential 04156 @ OSM residential W40544281,residential,PL_W40544281,Old Toronto,1,1
ORG04157,Synthetic Gym 04157 @ Woodbridge Memorial Arena,gym,PL_W409261177,Vaughan,1,1
ORG04158,Synthetic Industrial 04158 @ OSM industrial W409261535,industrial,PL_W409261535,Vaughan,1,1
ORG04159,Synthetic Commercial 04159 @ OSM commercial W409262654,commercial,PL_W409262654,Vaughan,1,1
ORG04160,Synthetic Commercial 04160 @ OSM commercial W409262655,commercial,PL_W409262655,Vaughan,2,1
ORG04161,Synthetic Commercial 04161 @ OSM commercial W409263552,commercial,PL_W409263552,Vaughan,2,1
ORG04162,Synthetic Commercial 04162 @ OSM commercial W409265672,commercial,PL_W409265672,Vaughan,1,1
ORG04163,Synthetic Commercial 04163 @ OSM commercial W409265867,commercial,PL_W409265867,Vaughan,1,1
ORG04164,Synthetic Hotel 04164 @ Aloft Vaughan Mills,hotel,PL_W410132644,Vaughan,2,1
ORG04165,Synthetic Commercial 04165 @ Uplands Community Learning Centre,commercial,PL_W41113765,Richmond Hill,1,1
ORG04166,Synthetic Residential 04166 @ OSM residential W41259597,residential,PL_W41259597,North York,1,1
ORG04167,Synthetic Industrial 04167 @ OSM industrial W41262704,industrial,PL_W41262704,North York,1,1
ORG04168,Synthetic Commercial 04168 @ OSM commercial W41262706,commercial,PL_W41262706,North York,1,1
ORG04169,Synthetic Industrial 04169 @ OSM industrial W41263827,industrial,PL_W41263827,North York,1,1
ORG04170,Synthetic Industrial 04170 @ OSM industrial W41264916,industrial,PL_W41264916,North York,1,1
ORG04171,Synthetic Residential 04171 @ OSM residential W41285778,residential,PL_W41285778,Old Toronto,1,1
ORG04172,Synthetic Residential 04172 @ OSM residential W41285825,residential,PL_W41285825,Old Toronto,1,1
ORG04173,Synthetic Retail 04173 @ OSM retail W413215488,retail,PL_W413215488,North York,1,1
ORG04174,Synthetic Residential 04174 @ OSM residential W41391653,residential,PL_W41391653,Old Toronto,1,1
ORG04175,Synthetic Residential 04175 @ OSM residential W41405380,residential,PL_W41405380,Scarborough,1,1
ORG04176,Synthetic Residential 04176 @ OSM residential W41405387,residential,PL_W41405387,Scarborough,1,1
ORG04177,Synthetic Residential 04177 @ OSM residential W41405391,residential,PL_W41405391,Scarborough,1,1
ORG04178,Synthetic Residential 04178 @ OSM residential W41405394,residential,PL_W41405394,Scarborough,1,1
ORG04179,Synthetic Residential 04179 @ OSM residential W41405417,residential,PL_W41405417,Scarborough,1,1
ORG04180,Synthetic Commercial 04180 @ 4650 Highway 7,commercial,PL_W416172844,Vaughan,2,1
ORG04181,Synthetic Commercial 04181 @ OSM commercial W416172845,commercial,PL_W416172845,Vaughan,2,1
ORG04182,Synthetic Hotel 04182 @ Bisha Hotel & Residences,hotel,PL_W416989000,Old Toronto,8,1
ORG04183,Synthetic Commercial 04183 @ OSM commercial W417110909,commercial,PL_W417110909,Vaughan,2,1
ORG04184,Synthetic Commercial 04184 @ OSM commercial W417110910,commercial,PL_W417110910,Vaughan,1,1
ORG04185,Synthetic Industrial 04185 @ OSM industrial W417111007,industrial,PL_W417111007,Vaughan,1,1
ORG04186,Synthetic Commercial 04186 @ OSM commercial W417115361,commercial,PL_W417115361,Vaughan,1,1
ORG04187,Synthetic Industrial 04187 @ OSM industrial W417133697,industrial,PL_W417133697,Vaughan,1,1
ORG04188,Synthetic Residential 04188 @ OSM residential W41789641,residential,PL_W41789641,Old Toronto,1,1
ORG04189,Synthetic Residential 04189 @ OSM residential W41789653,residential,PL_W41789653,Old Toronto,1,1
ORG04190,Synthetic Office 04190 @ Thomson Building,office,PL_W41949957,Old Toronto,4,1
ORG04191,Synthetic Office 04191 @ Munich Re Centre,office,PL_W41949958,Old Toronto,3,1
ORG04192,Synthetic Office 04192 @ 180 Bloor Street West,office,PL_W41950525,Old Toronto,4,1
ORG04193,Synthetic Commercial 04193 @ OSM commercial W419548457,commercial,PL_W419548457,North York,1,1
ORG04194,Synthetic Cafe 04194 @ Tim Hortons,cafe,PL_W419912446,Scarborough,1,1
ORG04195,Synthetic Commercial 04195 @ GTA Square Mall,commercial,PL_W419912448,Scarborough,2,1
ORG04196,Synthetic Commercial 04196 @ OSM commercial W419912449,commercial,PL_W419912449,Scarborough,1,1
ORG04197,Synthetic Industrial 04197 @ 1940 Steeles Avenue East,industrial,PL_W420287858,Brampton,1,1
ORG04198,Synthetic Industrial 04198 @ OSM industrial W420657952,industrial,PL_W420657952,Old Toronto,1,1
ORG04199,Synthetic Commercial 04199 @ OSM commercial W420792789,commercial,PL_W420792789,Brampton,2,1
ORG04200,Synthetic Commercial 04200 @ OSM commercial W420792791,commercial,PL_W420792791,Brampton,1,1
ORG04201,Synthetic Industrial 04201 @ OSM industrial W420799756,industrial,PL_W420799756,Brampton,1,1
ORG04202,Synthetic Commercial 04202 @ OSM commercial W421084022,commercial,PL_W421084022,Old Toronto,1,1
ORG04203,Synthetic Commercial 04203 @ OSM commercial W421084023,commercial,PL_W421084023,Old Toronto,2,1
ORG04204,Synthetic Industrial 04204 @ OSM industrial W421644929,industrial,PL_W421644929,Scarborough,1,1
ORG04205,Synthetic Office 04205 @ Toronto Port Authority,office,PL_W42333323,Old Toronto,2,1
ORG04206,Synthetic Commercial 04206 @ Dixie Dental Associates,commercial,PL_W424199086,Old Toronto,1,1
ORG04207,Synthetic Residential 04207 @ Hillsborough Court,residential,PL_W42472527,Scarborough,1,1
ORG04208,Synthetic Residential 04208 @ 68 Corporate Drive,residential,PL_W42472531,Scarborough,3,1
ORG04209,Synthetic Office 04209 @ TD Computer Centre,office,PL_W42472535,Scarborough,1,1
ORG04210,Synthetic Office 04210 @ Canada Centre,office,PL_W42472536,Scarborough,3,1
ORG04211,Synthetic University 04211 @ George Brown College - Casa Loma Campus,university,PL_W42705254,Old Toronto,1,1
ORG04212,Synthetic Gym 04212 @ L'Amoreaux Fieldhouse,gym,PL_W42709356,Markham,1,1
ORG04213,Synthetic Commercial 04213 @ OSM commercial W427221312,commercial,PL_W427221312,Scarborough,2,1
ORG04214,Synthetic Residential 04214 @ 28 Uptown Drive,residential,PL_W427224028,Markham,1,1
ORG04215,Synthetic Residential 04215 @ 8228 Birchmount Road,residential,PL_W427224029,Markham,1,1
ORG04216,Synthetic Commercial 04216 @ The Weston Centre,commercial,PL_W42890417,Old Toronto,2,1
ORG04217,Synthetic Commercial 04217 @ The St. Clair Centre,commercial,PL_W42890418,Old Toronto,2,1
ORG04218,Synthetic Commercial 04218 @ OSM commercial W429411804,commercial,PL_W429411804,Vaughan,1,1
ORG04219,Synthetic Cafe 04219 @ Tim Hortons,cafe,PL_W429673971,North York,1,1
ORG04220,Synthetic Office 04220 @ Nestlé Canada Building,office,PL_W43125683,North York,2,1
ORG04221,Synthetic Commercial 04221 @ Davpart,commercial,PL_W43125814,North York,7,1
ORG04222,Synthetic Commercial 04222 @ OSM commercial W431918175,commercial,PL_W431918175,Old Toronto,2,1
ORG04223,Synthetic Office 04223 @ Northbridge Place,office,PL_W43417475,Old Toronto,5,1
ORG04224,Synthetic Office 04224 @ Aviva Canada Inc.,office,PL_W436018569,Markham,8,1
ORG04225,Synthetic Office 04225 @ Yum! Brands,office,PL_W436325960,Vaughan,1,1
ORG04226,Synthetic Gym 04226 @ Oriole Community Centre,gym,PL_W43677386,North York,1,1
ORG04227,Synthetic Commercial 04227 @ OSM commercial W436901530,commercial,PL_W436901530,Old Toronto,1,1
ORG04228,Synthetic Commercial 04228 @ OSM commercial W437691410,commercial,PL_W437691410,Brampton,3,1
ORG04229,Synthetic Office 04229 @ KPMG Tower,office,PL_W438026405,Vaughan,3,1
ORG04230,Synthetic Gym 04230 @ The Boulevard Club,gym,PL_W43804163,Old Toronto,1,1
ORG04231,Synthetic Office 04231 @ The Bakery,office,PL_W43804165,Old Toronto,1,1
ORG04232,Synthetic Commercial 04232 @ 500 MacPherson Avenue,commercial,PL_W43804173,Old Toronto,1,1
ORG04233,Synthetic Office 04233 @ OSM office W43804269,office,PL_W43804269,Scarborough,2,1
ORG04234,Synthetic Industrial 04234 @ OSM industrial W43804337,industrial,PL_W43804337,Old Toronto,1,1
ORG04235,Synthetic Industrial 04235 @ OSM industrial W43804345,industrial,PL_W43804345,North York,1,1
ORG04236,Synthetic Industrial 04236 @ OSM industrial W43804348,industrial,PL_W43804348,North York,1,1
ORG04237,Synthetic Industrial 04237 @ OSM industrial W43804358,industrial,PL_W43804358,North York,1,1
ORG04238,Synthetic Commercial 04238 @ Lawrence Pumping Station,commercial,PL_W43804364,North York,1,1
ORG04239,Synthetic Supermarket 04239 @ Loblaws,supermarket,PL_W43804408,Old Toronto,2,1
ORG04240,Synthetic Office 04240 @ 477 Mount Pleasant Road,office,PL_W43804462,Old Toronto,1,1
ORG04241,Synthetic Residential 04241 @ OSM residential W43804512,residential,PL_W43804512,Scarborough,1,1
ORG04242,Synthetic Industrial 04242 @ OSM industrial W43804515,industrial,PL_W43804515,Scarborough,1,1
ORG04243,Synthetic Commercial 04243 @ 523 The Queensway,commercial,PL_W43804549,Old Toronto,1,1
ORG04244,Synthetic Industrial 04244 @ OSM industrial W43804551,industrial,PL_W43804551,Old Toronto,1,1
ORG04245,Synthetic Industrial 04245 @ OSM industrial W43804586,industrial,PL_W43804586,North York,1,1
ORG04246,Synthetic Office 04246 @ 720 King Street West,office,PL_W43804623,Old Toronto,1,1
ORG04247,Synthetic Industrial 04247 @ 95 Queens Quay East,industrial,PL_W43804626,Old Toronto,1,1
ORG04248,Synthetic Office 04248 @ 401 Logan Avenue,office,PL_W43804648,Old Toronto,1,1
ORG04249,Synthetic Office 04249 @ Four Seasons Hotels and Resorts,office,PL_W43804724,North York,1,1
ORG04250,Synthetic Residential 04250 @ 10 Gordonridge Place,residential,PL_W43804755,Scarborough,1,1
ORG04251,Synthetic Industrial 04251 @ YZD Experience Centre,industrial,PL_W43804824,North York,1,1
ORG04252,Synthetic Commercial 04252 @ Corsetti Meat Packers Ltd. Dominion Meat Packers,commercial,PL_W43805033,Old Toronto,1,1
ORG04253,Synthetic Office 04253 @ TD Waterhouse,office,PL_W43805112,Old Toronto,9,1
ORG04254,Synthetic Office 04254 @ Canadian Wire Wizards Inc.,office,PL_W43805203,Scarborough,1,1
ORG04255,Synthetic Residential 04255 @ OSM residential W43805236,residential,PL_W43805236,Scarborough,1,1
ORG04256,Synthetic Industrial 04256 @ OSM industrial W43805286,industrial,PL_W43805286,North York,1,1
ORG04257,Synthetic Office 04257 @ 56 Wellesley Street West,office,PL_W43805331,Old Toronto,3,1
ORG04258,Synthetic Residential 04258 @ Ramsden Place,residential,PL_W43805337,Old Toronto,1,1
ORG04259,Synthetic Retail 04259 @ Giant,retail,PL_W43805352,Old Toronto,1,1
ORG04260,Synthetic Office 04260 @ MSR eCustoms,office,PL_W43805377,North York,3,1
ORG04261,Synthetic Commercial 04261 @ OSM commercial W43805383,commercial,PL_W43805383,North York,1,1
ORG04262,Synthetic Office 04262 @ CBM,office,PL_W43805398,Old Toronto,3,1
ORG04263,Synthetic Industrial 04263 @ OSM industrial W43805425,industrial,PL_W43805425,Scarborough,1,1
ORG04264,Synthetic Retail 04264 @ Quality Auto Wholesalers,retail,PL_W43805442,Scarborough,1,1
ORG04265,Synthetic Gym 04265 @ Birchmount Public Swimming Pool,gym,PL_W43805454,Scarborough,1,1
ORG04266,Synthetic Industrial 04266 @ OSM industrial W43805591,industrial,PL_W43805591,North York,1,1
ORG04267,Synthetic Commercial 04267 @ OSM commercial W43805669,commercial,PL_W43805669,North York,2,1
ORG04268,Synthetic Commercial 04268 @ OSM commercial W43805875,commercial,PL_W43805875,Old Toronto,1,1
ORG04269,Synthetic Industrial 04269 @ OSM industrial W43805884,industrial,PL_W43805884,North York,2,1
ORG04270,Synthetic Commercial 04270 @ 35 Carl Hall Road,commercial,PL_W43805920,North York,1,1
ORG04271,Synthetic Industrial 04271 @ 100 Sunrise Avenue,industrial,PL_W43806034,Scarborough,1,1
ORG04272,Synthetic Residential 04272 @ 739 Birchmount Road,residential,PL_W43806062,Scarborough,1,1
ORG04273,Synthetic Industrial 04273 @ OSM industrial W43806144,industrial,PL_W43806144,Old Toronto,1,1
ORG04274,Synthetic Industrial 04274 @ OSM industrial W43806170,industrial,PL_W43806170,North York,1,1
ORG04275,Synthetic Industrial 04275 @ OSM industrial W43806171,industrial,PL_W43806171,North York,1,1
ORG04276,Synthetic Office 04276 @ 101 Bloor Street West,office,PL_W43806216,Old Toronto,3,1
ORG04277,Synthetic Residential 04277 @ 31 Gilder Drive,residential,PL_W43806328,Scarborough,1,1
ORG04278,Synthetic Residential 04278 @ St. David's Village,residential,PL_W43806332,Scarborough,2,1
ORG04279,Synthetic Industrial 04279 @ 195 Fairbank Avenue,industrial,PL_W43806368,North York,1,1
ORG04280,Synthetic Commercial 04280 @ 1401 Castlefield Avenue,commercial,PL_W43806369,Old Toronto,3,1
ORG04281,Synthetic Supermarket 04281 @ C&C Supermarket,supermarket,PL_W43806453,North York,1,1
ORG04282,Synthetic Commercial 04282 @ OSM commercial W43806469,commercial,PL_W43806469,North York,2,1
ORG04283,Synthetic Commercial 04283 @ 25 Hollinger Road,commercial,PL_W43806498,Old Toronto,1,1
ORG04284,Synthetic Industrial 04284 @ OSM industrial W43806794,industrial,PL_W43806794,North York,2,1
ORG04285,Synthetic Industrial 04285 @ OSM industrial W43806818,industrial,PL_W43806818,North York,1,1
ORG04286,Synthetic Residential 04286 @ 821 Birchmount Road,residential,PL_W43807126,Scarborough,1,1
ORG04287,Synthetic Industrial 04287 @ OSM industrial W43807937,industrial,PL_W43807937,North York,1,1
ORG04288,Synthetic Retail 04288 @ InsideOut Patio,retail,PL_W43808486,North York,1,1
ORG04289,Synthetic Commercial 04289 @ Orfus Road,commercial,PL_W43808518,North York,2,1
ORG04290,Synthetic Commercial 04290 @ 80 Ward Street,commercial,PL_W43808567,Old Toronto,1,1
ORG04291,Synthetic Industrial 04291 @ OSM industrial W43808699,industrial,PL_W43808699,Old Toronto,1,1
ORG04292,Synthetic Industrial 04292 @ OSM industrial W43809758,industrial,PL_W43809758,North York,1,1
ORG04293,Synthetic Industrial 04293 @ OSM industrial W43809760,industrial,PL_W43809760,Old Toronto,1,1
ORG04294,Synthetic Office 04294 @ 128 Sterling Road,office,PL_W43809844,Old Toronto,2,1
ORG04295,Synthetic Office 04295 @ GlassHouse Systems,office,PL_W43809982,North York,1,1
ORG04296,Synthetic Commercial 04296 @ North York Medical,commercial,PL_W43810852,North York,2,1
ORG04297,Synthetic Restaurant 04297 @ Acqua Supper Club,restaurant,PL_W43810855,Old Toronto,1,1
ORG04298,Synthetic Commercial 04298 @ OSM commercial W43810870,commercial,PL_W43810870,Old Toronto,2,1
ORG04299,Synthetic Commercial 04299 @ 1011 Lansdowne Avenue,commercial,PL_W43810873,Old Toronto,1,1
ORG04300,Synthetic Residential 04300 @ OSM residential W43811048,residential,PL_W43811048,Scarborough,1,1
ORG04301,Synthetic Industrial 04301 @ 1025 Lansdowne Avenue,industrial,PL_W43811562,Old Toronto,1,1
ORG04302,Synthetic Commercial 04302 @ OSM commercial W43812192,commercial,PL_W43812192,Old Toronto,1,1
ORG04303,Synthetic Office 04303 @ OSM office W43812230,office,PL_W43812230,North York,1,1
ORG04304,Synthetic Gym 04304 @ Toronto Cooper Koo Family Cherry St YMCA Centre,gym,PL_W438900671,Old Toronto,1,1
ORG04305,Synthetic Industrial 04305 @ OSM industrial W440395240,industrial,PL_W440395240,Brampton,1,1
ORG04306,Synthetic Hotel 04306 @ The Ritz-Carlton Hotel,hotel,PL_W44076451,Old Toronto,9,2
ORG04307,Synthetic Office 04307 @ 1 University Avenue,office,PL_W44076452,Old Toronto,4,1
ORG04308,Synthetic Office 04308 @ RBC Centre,office,PL_W44076453,Old Toronto,3,1
ORG04309,Synthetic Commercial 04309 @ OSM commercial W441612274,commercial,PL_W441612274,Brampton,1,1
ORG04310,Synthetic Industrial 04310 @ Western Logistics,industrial,PL_W442508631,Brampton,1,1
ORG04311,Synthetic Commercial 04311 @ 659 Dupont Street,commercial,PL_W442979488,Old Toronto,3,1
ORG04312,Synthetic Supermarket 04312 @ Loblaws,supermarket,PL_W442980016,Old Toronto,2,1
ORG04313,Synthetic Commercial 04313 @ Ward Funeral Home South Building,commercial,PL_W443994557,North York,2,1
ORG04314,Synthetic Commercial 04314 @ OSM commercial W443995276,commercial,PL_W443995276,North York,2,1
ORG04315,Synthetic Industrial 04315 @ OSM industrial W444080174,industrial,PL_W444080174,Brampton,1,1
ORG04316,Synthetic Office 04316 @ Sobeys,office,PL_W444340651,Brampton,2,1
ORG04317,Synthetic Industrial 04317 @ Park maintenance,industrial,PL_W444618588,Scarborough,1,1
ORG04318,Synthetic Industrial 04318 @ OSM industrial W444988500,industrial,PL_W444988500,Vaughan,1,1
ORG04319,Synthetic Office 04319 @ OSM office W445933220,office,PL_W445933220,Brampton,1,1
ORG04320,Synthetic Residential 04320 @ Tatham Hall Residence,residential,PL_W448830311,Vaughan,1,1
ORG04321,Synthetic Commercial 04321 @ OSM commercial W449305112,commercial,PL_W449305112,Scarborough,1,1
ORG04322,Synthetic Residential 04322 @ OSM residential W450697861,residential,PL_W450697861,Scarborough,1,1
ORG04323,Synthetic Commercial 04323 @ OSM commercial W450839656,commercial,PL_W450839656,North York,1,1
ORG04324,Synthetic Commercial 04324 @ OSM commercial W450839697,commercial,PL_W450839697,North York,1,1
ORG04325,Synthetic Commercial 04325 @ OSM commercial W450841059,commercial,PL_W450841059,North York,2,1
ORG04326,Synthetic Industrial 04326 @ OSM industrial W453440703,industrial,PL_W453440703,Vaughan,1,1
ORG04327,Synthetic Industrial 04327 @ OSM industrial W454931836,industrial,PL_W454931836,Brampton,1,1
ORG04328,Synthetic Commercial 04328 @ OSM commercial W455610181,commercial,PL_W455610181,Brampton,2,1
ORG04329,Synthetic Industrial 04329 @ OSM industrial W456714331,industrial,PL_W456714331,North York,1,1
ORG04330,Synthetic Residential 04330 @ 1 Greystone Walk Drive,residential,PL_W457493164,Scarborough,1,1
ORG04331,Synthetic Residential 04331 @ 3 Greystone Walk Drive,residential,PL_W457749629,Scarborough,1,1
ORG04332,Synthetic Commercial 04332 @ OSM commercial W461483024,commercial,PL_W461483024,Old Toronto,3,1
ORG04333,Synthetic Commercial 04333 @ Canada Goose,commercial,PL_W461483026,Old Toronto,1,1
ORG04334,Synthetic Commercial 04334 @ OSM commercial W461483955,commercial,PL_W461483955,Old Toronto,2,1
ORG04335,Synthetic Retail 04335 @ Canadian Tire,retail,PL_W46583188,North York,1,1
ORG04336,Synthetic Industrial 04336 @ OSM industrial W466139015,industrial,PL_W466139015,Scarborough,1,1
ORG04337,Synthetic Industrial 04337 @ OSM industrial W466642018,industrial,PL_W466642018,Vaughan,1,1
ORG04338,Synthetic Industrial 04338 @ OSM industrial W466642019,industrial,PL_W466642019,Vaughan,1,1
ORG04339,Synthetic Residential 04339 @ CityLights on Broadway,residential,PL_W466948368,North York,1,1
ORG04340,Synthetic Industrial 04340 @ OSM industrial W467605455,industrial,PL_W467605455,Brampton,1,1
ORG04341,Synthetic Residential 04341 @ Yorkdale Court,residential,PL_W468030019,North York,1,1
ORG04342,Synthetic Commercial 04342 @ RBC Plaza,commercial,PL_W468563993,Old Toronto,1,1
ORG04343,Synthetic Commercial 04343 @ OSM commercial W469294655,commercial,PL_W469294655,Brampton,2,1
ORG04344,Synthetic University 04344 @ Seneca College - Markham Campus,university,PL_W469583454,Markham,2,1
ORG04345,Synthetic Commercial 04345 @ OSM commercial W469614541,commercial,PL_W469614541,Brampton,2,1
ORG04346,Synthetic Commercial 04346 @ 8-10 Lawton Boulevard,commercial,PL_W469734389,Old Toronto,1,1
ORG04347,Synthetic Commercial 04347 @ OSM commercial W470026119,commercial,PL_W470026119,Brampton,1,1
ORG04348,Synthetic Cafe 04348 @ Tim Hortons,cafe,PL_W474924382,Scarborough,1,1
ORG04349,Synthetic Office 04349 @ Air Miles Tower,office,PL_W47655545,Old Toronto,1,1
ORG04350,Synthetic Industrial 04350 @ OSM industrial W477385959,industrial,PL_W477385959,Old Toronto,1,1
ORG04351,Synthetic Commercial 04351 @ OSM commercial W479950661,commercial,PL_W479950661,Markham,2,1
ORG04352,Synthetic Commercial 04352 @ OSM commercial W479950922,commercial,PL_W479950922,Markham,1,1
ORG04353,Synthetic Office 04353 @ OSM office W482124458,office,PL_W482124458,Old Toronto,1,1
ORG04354,Synthetic Office 04354 @ Central Region COMPASS Transportation Management Centre,office,PL_W493535925,North York,2,1
ORG04355,Synthetic Commercial 04355 @ Pinewood Studios Toronto,commercial,PL_W494886793,Old Toronto,1,1
ORG04356,Synthetic Commercial 04356 @ OSM commercial W495079991,commercial,PL_W495079991,North York,2,1
ORG04357,Synthetic Commercial 04357 @ OSM commercial W495079992,commercial,PL_W495079992,North York,2,1
ORG04358,Synthetic Office 04358 @ 130 QQE Office Building,office,PL_W495300892,Old Toronto,7,1
ORG04359,Synthetic Office 04359 @ Julliard Centre,office,PL_W503049587,Vaughan,2,1
ORG04360,Synthetic Industrial 04360 @ 8520 Jane Street,industrial,PL_W504121396,Vaughan,1,1
ORG04361,Synthetic Office 04361 @ GreenLife,office,PL_W504492545,Markham,1,1
ORG04362,Synthetic Supermarket 04362 @ Walmart Supercentre,supermarket,PL_W504775784,North York,1,1
ORG04363,Synthetic Commercial 04363 @ OSM commercial W505870974,commercial,PL_W505870974,Markham,1,1
ORG04364,Synthetic Commercial 04364 @ OSM commercial W505879525,commercial,PL_W505879525,Markham,1,1
ORG04365,Synthetic University 04365 @ Humber Polytechnic - Lakeshore Campus,university,PL_W505921693,Old Toronto,6,1
ORG04366,Synthetic Commercial 04366 @ OSM commercial W506136893,commercial,PL_W506136893,Markham,1,1
ORG04367,Synthetic Commercial 04367 @ OSM commercial W506137810,commercial,PL_W506137810,Markham,1,1
ORG04368,Synthetic Industrial 04368 @ OSM industrial W506138849,industrial,PL_W506138849,Markham,1,1
ORG04369,Synthetic Commercial 04369 @ OSM commercial W506139150,commercial,PL_W506139150,Markham,2,1
ORG04370,Synthetic Supermarket 04370 @ Walmart Supercentre,supermarket,PL_W510615178,Brampton,1,1
ORG04371,Synthetic Industrial 04371 @ OSM industrial W51187023,industrial,PL_W51187023,Brampton,1,1
ORG04372,Synthetic Industrial 04372 @ OSM industrial W51187025,industrial,PL_W51187025,Brampton,1,1
ORG04373,Synthetic Industrial 04373 @ OSM industrial W513098558,industrial,PL_W513098558,Old Toronto,1,1
ORG04374,Synthetic Commercial 04374 @ 236 Avenue Road,commercial,PL_W516728742,Old Toronto,3,1
ORG04375,Synthetic Commercial 04375 @ 122 Brock Avenue,commercial,PL_W521117202,Old Toronto,3,1
ORG04376,Synthetic Office 04376 @ GuruLink,office,PL_W521306685,Old Toronto,1,1
ORG04377,Synthetic Commercial 04377 @ 5 Brock Avenue,commercial,PL_W521680607,Old Toronto,1,1
ORG04378,Synthetic Supermarket 04378 @ FreshPro Foodmart,supermarket,PL_W52321704,Brampton,2,1
ORG04379,Synthetic Office 04379 @ Region of Peel,office,PL_W52430059,Brampton,2,1
ORG04380,Synthetic Residential 04380 @ 586 Amherst Court,residential,PL_W52521720,Brampton,1,1
ORG04381,Synthetic Residential 04381 @ 1692 Queen Street West,residential,PL_W525981083,Old Toronto,1,1
ORG04382,Synthetic Residential 04382 @ 1600 Queen Street West,residential,PL_W525997254,Old Toronto,1,1
ORG04383,Synthetic Industrial 04383 @ OSM industrial W528759345,industrial,PL_W528759345,Old Toronto,1,1
ORG04384,Synthetic Residential 04384 @ OSM residential W531098554,residential,PL_W531098554,Markham,1,1
ORG04385,Synthetic Commercial 04385 @ 5020 Dundas Street West,commercial,PL_W531735882,Old Toronto,5,1
ORG04386,Synthetic Commercial 04386 @ OSM commercial W532023361,commercial,PL_W532023361,Old Toronto,1,1
ORG04387,Synthetic Commercial 04387 @ Noble Street Studios,commercial,PL_W532956510,Old Toronto,2,1
ORG04388,Synthetic Hotel 04388 @ The Drake Hotel,hotel,PL_W535658026,Old Toronto,1,1
ORG04389,Synthetic Residential 04389 @ 7440 Bathurst Street,residential,PL_W53697816,Vaughan,1,1
ORG04390,Synthetic Office 04390 @ 101 Lisgar Street,office,PL_W537480656,Old Toronto,1,1
ORG04391,Synthetic Commercial 04391 @ University Heights Professional and Medical Centre,commercial,PL_W537868893,North York,4,1
ORG04392,Synthetic Commercial 04392 @ OSM commercial W540300990,commercial,PL_W540300990,Old Toronto,1,1
ORG04393,Synthetic Retail 04393 @ Costco,retail,PL_W543787600,Vaughan,1,1
ORG04394,Synthetic Residential 04394 @ Otto,residential,PL_W54521645,Markham,1,1
ORG04395,Synthetic Commercial 04395 @ OSM commercial W54623856,commercial,PL_W54623856,Old Toronto,1,1
ORG04396,Synthetic Commercial 04396 @ OSM commercial W54623858,commercial,PL_W54623858,Old Toronto,1,1
ORG04397,Synthetic Commercial 04397 @ OSM commercial W54623860,commercial,PL_W54623860,Old Toronto,1,1
ORG04398,Synthetic Industrial 04398 @ OSM industrial W546667231,industrial,PL_W546667231,North York,1,1
ORG04399,Synthetic Office 04399 @ 555 Yonge Street,office,PL_W55029513,Old Toronto,7,1
ORG04400,Synthetic Office 04400 @ Towers Perrin North,office,PL_W55029942,Old Toronto,7,1
ORG04401,Synthetic Hotel 04401 @ Holiday Inn,hotel,PL_W55031045,Old Toronto,14,2
ORG04402,Synthetic Office 04402 @ Toronto Hydro,office,PL_W55031876,Old Toronto,1,1
ORG04403,Synthetic Office 04403 @ Carlton Tower,office,PL_W55031878,Old Toronto,4,1
ORG04404,Synthetic Office 04404 @ 10 St. Mary Street,office,PL_W55036297,Old Toronto,1,1
ORG04405,Synthetic Hotel 04405 @ Comfort Hotel,hotel,PL_W55036397,Old Toronto,12,2
ORG04406,Synthetic Industrial 04406 @ OSM industrial W55055009,industrial,PL_W55055009,Vaughan,1,1
ORG04407,Synthetic Office 04407 @ 45 Vogell Road,office,PL_W55213068,Markham,1,1
ORG04408,Synthetic Office 04408 @ Mazda,office,PL_W55213081,Markham,1,1
ORG04409,Synthetic Commercial 04409 @ 414 Dupont Street,commercial,PL_W552173331,Old Toronto,1,1
ORG04410,Synthetic Industrial 04410 @ 1234 Reid Street,industrial,PL_W55217846,Markham,1,1
ORG04411,Synthetic Office 04411 @ OSM office W55217847,office,PL_W55217847,Markham,1,1
ORG04412,Synthetic Industrial 04412 @ OSM industrial W55217849,industrial,PL_W55217849,Markham,1,1
ORG04413,Synthetic Commercial 04413 @ Splitsville,commercial,PL_W55217850,Richmond Hill,1,1
ORG04414,Synthetic Office 04414 @ RBC Financial Services,office,PL_W55217851,Markham,1,1
ORG04415,Synthetic Office 04415 @ 500 Highway 7,office,PL_W55217856,Markham,1,1
ORG04416,Synthetic Industrial 04416 @ 25B East Pearce Street,industrial,PL_W55217863,Markham,1,1
ORG04417,Synthetic Office 04417 @ HDR,office,PL_W55218273,Markham,3,1
ORG04418,Synthetic Industrial 04418 @ OSM industrial W55218300,industrial,PL_W55218300,Markham,1,1
ORG04419,Synthetic Office 04419 @ OSM office W55218348,office,PL_W55218348,Markham,1,1
ORG04420,Synthetic Office 04420 @ OSM office W55223053,office,PL_W55223053,Markham,1,1
ORG04421,Synthetic Office 04421 @ 302 Town Centre Boulevard,office,PL_W55226309,Markham,1,1
ORG04422,Synthetic Office 04422 @ 300 Town Centre Boulevard,office,PL_W55226310,Markham,1,1
ORG04423,Synthetic Cafe 04423 @ Tim Hortons,cafe,PL_W55352233,Old Toronto,1,1
ORG04424,Synthetic Commercial 04424 @ OSM commercial W55383520,commercial,PL_W55383520,Markham,1,1
ORG04425,Synthetic Office 04425 @ OSM office W55413451,office,PL_W55413451,Markham,1,1
ORG04426,Synthetic Office 04426 @ Johnson & Johnson,office,PL_W55413460,Markham,2,1
ORG04427,Synthetic Commercial 04427 @ OSM commercial W55418194,commercial,PL_W55418194,Old Toronto,1,1
ORG04428,Synthetic Hotel 04428 @ Courtyard Marriott/Towne Place Suites,hotel,PL_W55461564,Markham,4,1
ORG04429,Synthetic Office 04429 @ OSM office W55461753,office,PL_W55461753,Markham,1,1
ORG04430,Synthetic Office 04430 @ Extendicare,office,PL_W55461754,Markham,3,1
ORG04431,Synthetic Office 04431 @ 80 Acadia Avenue,office,PL_W55462296,Markham,1,1
ORG04432,Synthetic Commercial 04432 @ 825 Denison Street,commercial,PL_W55462316,Markham,2,1
ORG04433,Synthetic Office 04433 @ 4100 Pharmacy Avenue,office,PL_W55462938,Markham,1,1
ORG04434,Synthetic Industrial 04434 @ OSM industrial W55463168,industrial,PL_W55463168,Markham,1,1
ORG04435,Synthetic Industrial 04435 @ OSM industrial W55464668,industrial,PL_W55464668,Vaughan,1,1
ORG04436,Synthetic Industrial 04436 @ OSM industrial W55465033,industrial,PL_W55465033,Vaughan,1,1
ORG04437,Synthetic Residential 04437 @ OSM residential W55547148,residential,PL_W55547148,Scarborough,1,1
ORG04438,Synthetic Commercial 04438 @ OSM commercial W556114691,commercial,PL_W556114691,Old Toronto,2,1
ORG04439,Synthetic Commercial 04439 @ OSM commercial W556114700,commercial,PL_W556114700,Old Toronto,2,1
ORG04440,Synthetic Commercial 04440 @ OSM commercial W556114703,commercial,PL_W556114703,Old Toronto,1,1
ORG04441,Synthetic Office 04441 @ OSM office W55647680,office,PL_W55647680,Old Toronto,2,1
ORG04442,Synthetic Office 04442 @ 931 Yonge Street,office,PL_W55675297,Old Toronto,2,1
ORG04443,Synthetic Commercial 04443 @ OSM commercial W557708469,commercial,PL_W557708469,Markham,1,1
ORG04444,Synthetic Residential 04444 @ OSM residential W557896229,residential,PL_W557896229,North York,1,1
ORG04445,Synthetic Residential 04445 @ OSM residential W558037232,residential,PL_W558037232,Markham,1,1
ORG04446,Synthetic Commercial 04446 @ OSM commercial W55855120,commercial,PL_W55855120,Vaughan,2,1
ORG04447,Synthetic Residential 04447 @ OSM residential W558836980,residential,PL_W558836980,Markham,1,1
ORG04448,Synthetic Industrial 04448 @ OSM industrial W55890049,industrial,PL_W55890049,Vaughan,1,1
ORG04449,Synthetic Industrial 04449 @ OSM industrial W55890065,industrial,PL_W55890065,Vaughan,1,1
ORG04450,Synthetic Hotel 04450 @ Town Inn Suites,hotel,PL_W55896876,Old Toronto,14,2
ORG04451,Synthetic Industrial 04451 @ OSM industrial W55946847,industrial,PL_W55946847,Markham,1,1
ORG04452,Synthetic Industrial 04452 @ OSM industrial W55946866,industrial,PL_W55946866,Markham,1,1
ORG04453,Synthetic Industrial 04453 @ OSM industrial W55946873,industrial,PL_W55946873,Markham,1,1
ORG04454,Synthetic Industrial 04454 @ OSM industrial W55946881,industrial,PL_W55946881,Markham,1,1
ORG04455,Synthetic Commercial 04455 @ 44 Peel Centre Drive,commercial,PL_W56009253,Brampton,3,1
ORG04456,Synthetic Industrial 04456 @ OSM industrial W56010210,industrial,PL_W56010210,Vaughan,1,1
ORG04457,Synthetic Industrial 04457 @ OSM industrial W56010214,industrial,PL_W56010214,Vaughan,1,1
ORG04458,Synthetic Gym 04458 @ GoodLife Fitness,gym,PL_W56010221,Vaughan,1,1
ORG04459,Synthetic Industrial 04459 @ OSM industrial W56010229,industrial,PL_W56010229,Vaughan,1,1
ORG04460,Synthetic Commercial 04460 @ OSM commercial W56010232,commercial,PL_W56010232,Vaughan,1,1
ORG04461,Synthetic Industrial 04461 @ OSM industrial W56010249,industrial,PL_W56010249,Vaughan,1,1
ORG04462,Synthetic Industrial 04462 @ OSM industrial W56010252,industrial,PL_W56010252,Vaughan,1,1
ORG04463,Synthetic Industrial 04463 @ OSM industrial W56010314,industrial,PL_W56010314,Vaughan,1,1
ORG04464,Synthetic Office 04464 @ 3901 Highway 7,office,PL_W56010315,Vaughan,1,1
ORG04465,Synthetic Industrial 04465 @ 40 Winges Road,industrial,PL_W56010324,Vaughan,1,1
ORG04466,Synthetic Industrial 04466 @ 136 Winges Road,industrial,PL_W56012911,Vaughan,1,1
ORG04467,Synthetic Residential 04467 @ 2365 Kennedy Road,residential,PL_W56051936,Scarborough,1,1
ORG04468,Synthetic Office 04468 @ 164 Merton Street,office,PL_W56057405,Old Toronto,1,1
ORG04469,Synthetic Office 04469 @ 1867 Yonge Street,office,PL_W56057408,Old Toronto,2,1
ORG04470,Synthetic Office 04470 @ 250 Merton Street,office,PL_W56057413,Old Toronto,2,1
ORG04471,Synthetic Office 04471 @ Toronto Water,office,PL_W56057855,Old Toronto,1,1
ORG04472,Synthetic Industrial 04472 @ OSM industrial W56058443,industrial,PL_W56058443,Vaughan,1,1
ORG04473,Synthetic Office 04473 @ A&K Petrochem,office,PL_W56058456,Vaughan,1,1
ORG04474,Synthetic Industrial 04474 @ OSM industrial W56058481,industrial,PL_W56058481,Vaughan,1,1
ORG04475,Synthetic Office 04475 @ North York Tile,office,PL_W56058495,Vaughan,2,1
ORG04476,Synthetic Industrial 04476 @ OSM industrial W56058498,industrial,PL_W56058498,Vaughan,1,1
ORG04477,Synthetic Industrial 04477 @ 281 Applewood Crescent,industrial,PL_W56062440,Vaughan,1,1
ORG04478,Synthetic Industrial 04478 @ 701 Millway Avenue,industrial,PL_W56062684,Vaughan,2,1
ORG04479,Synthetic Industrial 04479 @ OSM industrial W56062695,industrial,PL_W56062695,Vaughan,1,1
ORG04480,Synthetic Industrial 04480 @ OSM industrial W56062698,industrial,PL_W56062698,Vaughan,1,1
ORG04481,Synthetic Office 04481 @ Metropolitan Home Products,office,PL_W56062712,Vaughan,2,1
ORG04482,Synthetic Office 04482 @ Prosol,office,PL_W56062718,Vaughan,1,1
ORG04483,Synthetic Office 04483 @ Sabrina Wholesale Foods,office,PL_W56062724,Vaughan,1,1
ORG04484,Synthetic Office 04484 @ NTC,office,PL_W56062733,Vaughan,2,1
ORG04485,Synthetic Industrial 04485 @ 41 Courtland Avenue,industrial,PL_W56062734,Vaughan,1,1
ORG04486,Synthetic Office 04486 @ DCL Industries,office,PL_W56062741,Vaughan,1,1
ORG04487,Synthetic Industrial 04487 @ 300 Applewood Crescent,industrial,PL_W56062816,Vaughan,1,1
ORG04488,Synthetic Office 04488 @ Sprirax Sarco,office,PL_W56062817,Vaughan,1,1
ORG04489,Synthetic Office 04489 @ Ganiva Trim Carpentry,office,PL_W56062949,Vaughan,1,1
ORG04490,Synthetic Office 04490 @ Majestic Marble,office,PL_W56062952,Vaughan,1,1
ORG04491,Synthetic Industrial 04491 @ OSM industrial W56062961,industrial,PL_W56062961,Vaughan,1,1
ORG04492,Synthetic Office 04492 @ Unique Store Fixtures,office,PL_W56062962,Vaughan,1,1
ORG04493,Synthetic Industrial 04493 @ Brafasco,industrial,PL_W56063005,Vaughan,1,1
ORG04494,Synthetic Industrial 04494 @ OSM industrial W56063007,industrial,PL_W56063007,Vaughan,1,1
ORG04495,Synthetic Industrial 04495 @ OSM industrial W56064200,industrial,PL_W56064200,Vaughan,1,1
ORG04496,Synthetic Industrial 04496 @ OSM industrial W56064224,industrial,PL_W56064224,Vaughan,1,1
ORG04497,Synthetic Industrial 04497 @ OSM industrial W56064225,industrial,PL_W56064225,Vaughan,1,1
ORG04498,Synthetic Office 04498 @ Archdiocese of Toronto,office,PL_W56106379,Old Toronto,1,1
ORG04499,Synthetic Residential 04499 @ Gus Harris Place,residential,PL_W56123389,Scarborough,1,1
ORG04500,Synthetic Industrial 04500 @ 390 Edgeley Boulevard,industrial,PL_W56123707,Vaughan,1,1
ORG04501,Synthetic Industrial 04501 @ OSM industrial W56123711,industrial,PL_W56123711,Vaughan,1,1
ORG04502,Synthetic Industrial 04502 @ OSM industrial W56123713,industrial,PL_W56123713,Vaughan,1,1
ORG04503,Synthetic Retail 04503 @ Tiles & Stone Etc.,retail,PL_W56123854,Vaughan,1,1
ORG04504,Synthetic Industrial 04504 @ 445 Edgeley Boulevard,industrial,PL_W56123861,Vaughan,2,1
ORG04505,Synthetic Industrial 04505 @ 624 Millway Avenue,industrial,PL_W56123948,Vaughan,1,1
ORG04506,Synthetic Industrial 04506 @ OSM industrial W56184894,industrial,PL_W56184894,Markham,1,1
ORG04507,Synthetic Office 04507 @ 245 Eglinton Avenue East,office,PL_W56188118,Old Toronto,1,1
ORG04508,Synthetic Retail 04508 @ Park Lawn Grocery & Variety,retail,PL_W562060538,Old Toronto,1,1
ORG04509,Synthetic Office 04509 @ Mitsubishi Electric,office,PL_W56223144,Markham,1,1
ORG04510,Synthetic Industrial 04510 @ 210 Duffield Drive,industrial,PL_W56223245,Markham,1,1
ORG04511,Synthetic Industrial 04511 @ OSM industrial W56235405,industrial,PL_W56235405,Vaughan,1,1
ORG04512,Synthetic Commercial 04512 @ OSM commercial W56238413,commercial,PL_W56238413,Vaughan,1,1
ORG04513,Synthetic Industrial 04513 @ OSM industrial W56238414,industrial,PL_W56238414,Vaughan,1,1
ORG04514,Synthetic Industrial 04514 @ OSM industrial W56238421,industrial,PL_W56238421,Vaughan,1,1
ORG04515,Synthetic Industrial 04515 @ OSM industrial W56238423,industrial,PL_W56238423,Vaughan,1,1
ORG04516,Synthetic Industrial 04516 @ OSM industrial W56238428,industrial,PL_W56238428,Vaughan,1,1
ORG04517,Synthetic Industrial 04517 @ OSM industrial W56238440,industrial,PL_W56238440,Vaughan,1,1
ORG04518,Synthetic Industrial 04518 @ OSM industrial W56238443,industrial,PL_W56238443,Vaughan,1,1
ORG04519,Synthetic Industrial 04519 @ OSM industrial W56238472,industrial,PL_W56238472,Vaughan,1,1
ORG04520,Synthetic Commercial 04520 @ OSM commercial W56238528,commercial,PL_W56238528,Vaughan,1,1
ORG04521,Synthetic Restaurant 04521 @ The Fancy Dosa House,restaurant,PL_W56238537,Vaughan,1,1
ORG04522,Synthetic Industrial 04522 @ OSM industrial W56238543,industrial,PL_W56238543,Vaughan,2,1
ORG04523,Synthetic Commercial 04523 @ Medical Professional Building,commercial,PL_W56426525,North York,1,1
ORG04524,Synthetic Office 04524 @ 2065 Finch Avenue West,office,PL_W56426668,North York,1,1
ORG04525,Synthetic Hotel 04525 @ Holiday Inn Express,hotel,PL_W56426670,North York,3,1
ORG04526,Synthetic Hotel 04526 @ Best Western Plus Toronto North York Hotel & Suites,hotel,PL_W56426672,North York,2,1
ORG04527,Synthetic Industrial 04527 @ 110 Norfinch Drive,industrial,PL_W56433523,North York,1,1
ORG04528,Synthetic Hotel 04528 @ Comfort Inn,hotel,PL_W56433525,North York,5,1
ORG04529,Synthetic Industrial 04529 @ 151 Norfinch Drive,industrial,PL_W56433531,North York,1,1
ORG04530,Synthetic Industrial 04530 @ OSM industrial W56433943,industrial,PL_W56433943,Vaughan,1,1
ORG04531,Synthetic Industrial 04531 @ OSM industrial W56434725,industrial,PL_W56434725,Vaughan,1,1
ORG04532,Synthetic Commercial 04532 @ OSM commercial W56434740,commercial,PL_W56434740,Vaughan,2,1
ORG04533,Synthetic Industrial 04533 @ OSM industrial W56434752,industrial,PL_W56434752,Vaughan,1,1
ORG04534,Synthetic Industrial 04534 @ 370 Norfinch Drive,industrial,PL_W56434877,North York,1,1
ORG04535,Synthetic Industrial 04535 @ OSM industrial W56436103,industrial,PL_W56436103,Brampton,1,1
ORG04536,Synthetic Industrial 04536 @ OSM industrial W56436107,industrial,PL_W56436107,Brampton,1,1
ORG04537,Synthetic Office 04537 @ Carrville Centre,office,PL_W56437329,Richmond Hill,1,1
ORG04538,Synthetic Commercial 04538 @ OSM commercial W56437582,commercial,PL_W56437582,Richmond Hill,4,1
ORG04539,Synthetic Office 04539 @ The Society of United Professionals IFPTE 160,office,PL_W56473908,Old Toronto,2,1
ORG04540,Synthetic Office 04540 @ 1 Eglinton Avenue East,office,PL_W56476846,Old Toronto,1,1
ORG04541,Synthetic Office 04541 @ Eglinton Bayview Medical Centre (Closed),office,PL_W56608482,North York,2,1
ORG04542,Synthetic Residential 04542 @ 485 Eglinton Avenue East,residential,PL_W56608505,North York,1,1
ORG04543,Synthetic Office 04543 @ 905 King Street West,office,PL_W56724000,Old Toronto,2,1
ORG04544,Synthetic Commercial 04544 @ 5 Lavington Drive,commercial,PL_W56758193,North York,2,1
ORG04545,Synthetic Commercial 04545 @ 3900 14th Avenue,commercial,PL_W56868353,Markham,1,1
ORG04546,Synthetic Commercial 04546 @ OSM commercial W57045491,commercial,PL_W57045491,Markham,1,1
ORG04547,Synthetic Commercial 04547 @ OSM commercial W57046679,commercial,PL_W57046679,Scarborough,1,1
ORG04548,Synthetic Gym 04548 @ 2530 Birchmount Road,gym,PL_W57046689,Scarborough,1,1
ORG04549,Synthetic Residential 04549 @ 3747 Sheppard Avenue East,residential,PL_W57046707,Scarborough,1,1
ORG04550,Synthetic Gym 04550 @ Fuel Training Club,gym,PL_W570476442,Old Toronto,1,1
ORG04551,Synthetic Office 04551 @ 2347 Kennedy Road,office,PL_W57053333,Scarborough,1,1
ORG04552,Synthetic Office 04552 @ 4002 Sheppard Avenue East,office,PL_W57053335,Scarborough,2,1
ORG04553,Synthetic Residential 04553 @ 3110 Sheppard Avenue East,residential,PL_W57079616,Scarborough,1,1
ORG04554,Synthetic Commercial 04554 @ OSM commercial W570798064,commercial,PL_W570798064,North York,1,1
ORG04555,Synthetic Residential 04555 @ OSM residential W573332603,residential,PL_W573332603,Scarborough,1,1
ORG04556,Synthetic Commercial 04556 @ 630 The East Mall,commercial,PL_W57383017,Old Toronto,1,1
ORG04557,Synthetic Commercial 04557 @ OSM commercial W57385297,commercial,PL_W57385297,North York,4,1
ORG04558,Synthetic Commercial 04558 @ 1451 Royal York Road,commercial,PL_W57385304,Old Toronto,5,1
ORG04559,Synthetic Commercial 04559 @ OSM commercial W58030183,commercial,PL_W58030183,Old Toronto,2,1
ORG04560,Synthetic Office 04560 @ OSM office W58271338,office,PL_W58271338,Markham,2,1
ORG04561,Synthetic Office 04561 @ OSM office W58271344,office,PL_W58271344,Markham,1,1
ORG04562,Synthetic Office 04562 @ OSM office W58271348,office,PL_W58271348,Markham,1,1
ORG04563,Synthetic Office 04563 @ OSM office W58271362,office,PL_W58271362,Markham,1,1
ORG04564,Synthetic Office 04564 @ Acklands Grainger,office,PL_W58271363,Markham,1,1
ORG04565,Synthetic Office 04565 @ OSM office W58271367,office,PL_W58271367,Markham,2,1
ORG04566,Synthetic Hotel 04566 @ Residence Inn by Marriott,hotel,PL_W58271371,Markham,1,1
ORG04567,Synthetic Industrial 04567 @ 15 West Pearce Street,industrial,PL_W58323387,Markham,1,1
ORG04568,Synthetic Industrial 04568 @ OSM industrial W58323831,industrial,PL_W58323831,Markham,1,1
ORG04569,Synthetic Industrial 04569 @ OSM industrial W58325196,industrial,PL_W58325196,Markham,1,1
ORG04570,Synthetic Office 04570 @ ARCADIS Canada,office,PL_W58326721,Richmond Hill,1,1
ORG04571,Synthetic Office 04571 @ 901 King Street West,office,PL_W58335971,Old Toronto,3,1
ORG04572,Synthetic Residential 04572 @ The Summit,residential,PL_W58336258,Old Toronto,1,1
ORG04573,Synthetic Gym 04573 @ Westwood Arena,gym,PL_W58361211,Brampton,1,1
ORG04574,Synthetic Industrial 04574 @ OSM industrial W58361225,industrial,PL_W58361225,Brampton,1,1
ORG04575,Synthetic Industrial 04575 @ OSM industrial W58361241,industrial,PL_W58361241,Brampton,1,1
ORG04576,Synthetic Industrial 04576 @ OSM industrial W58361358,industrial,PL_W58361358,Brampton,1,1
ORG04577,Synthetic Industrial 04577 @ OSM industrial W58361992,industrial,PL_W58361992,Brampton,1,1
ORG04578,Synthetic Industrial 04578 @ OSM industrial W58361996,industrial,PL_W58361996,Brampton,1,1
ORG04579,Synthetic Commercial 04579 @ Prism Professional Centre,commercial,PL_W58362432,Vaughan,2,1
ORG04580,Synthetic Commercial 04580 @ 1545 Albion Road,commercial,PL_W58362433,Vaughan,1,1
ORG04581,Synthetic Retail 04581 @ Sutton's Garden & Building Supplies,retail,PL_W583994251,North York,1,1
ORG04582,Synthetic Commercial 04582 @ OSM commercial W58431287,commercial,PL_W58431287,Vaughan,1,1
ORG04583,Synthetic Commercial 04583 @ OSM commercial W58431302,commercial,PL_W58431302,Vaughan,1,1
ORG04584,Synthetic Commercial 04584 @ OSM commercial W58431314,commercial,PL_W58431314,Vaughan,2,1
ORG04585,Synthetic Industrial 04585 @ OSM industrial W58431316,industrial,PL_W58431316,Vaughan,1,1
ORG04586,Synthetic Commercial 04586 @ OSM commercial W58431317,commercial,PL_W58431317,Vaughan,1,1
ORG04587,Synthetic Commercial 04587 @ 7500 Martin Grove Road,commercial,PL_W58431321,Vaughan,1,1
ORG04588,Synthetic Commercial 04588 @ 5295 Yonge Street,commercial,PL_W584972653,North York,1,1
ORG04589,Synthetic Retail 04589 @ Nüde Nail Spa,retail,PL_W584972654,North York,1,1
ORG04590,Synthetic Commercial 04590 @ 5205 Yonge Street,commercial,PL_W585487294,North York,3,1
ORG04591,Synthetic Restaurant 04591 @ Pho 88,restaurant,PL_W585487296,North York,1,1
ORG04592,Synthetic Commercial 04592 @ 362 Bloor Street West,commercial,PL_W58558546,Old Toronto,1,1
ORG04593,Synthetic Office 04593 @ 80 North Queen Street,office,PL_W58559253,Old Toronto,3,1
ORG04594,Synthetic Office 04594 @ West Toronto Health Centre,office,PL_W58559273,Old Toronto,3,1
ORG04595,Synthetic Office 04595 @ 81 The East Mall,office,PL_W58559277,Old Toronto,1,1
ORG04596,Synthetic Industrial 04596 @ FedEx,industrial,PL_W58560213,Old Toronto,1,1
ORG04597,Synthetic Commercial 04597 @ 1370 Dundas Street East,commercial,PL_W58560214,Old Toronto,2,1
ORG04598,Synthetic Hotel 04598 @ Avenue Motel,hotel,PL_W58560222,Old Toronto,1,1
ORG04599,Synthetic Office 04599 @ Starfield Place,office,PL_W58560234,Old Toronto,2,1
ORG04600,Synthetic Hotel 04600 @ Monte Carlo Inn Toronto West Suites,hotel,PL_W58562386,Old Toronto,2,1
ORG04601,Synthetic Industrial 04601 @ 145 The West Mall,industrial,PL_W58564074,Old Toronto,1,1
ORG04602,Synthetic Office 04602 @ Sherway Executive Centre,office,PL_W58565872,Old Toronto,1,1
ORG04603,Synthetic Industrial 04603 @ OSM industrial W58566782,industrial,PL_W58566782,Old Toronto,1,1
ORG04604,Synthetic Industrial 04604 @ 81 Shorncliffe Road,industrial,PL_W58567257,Old Toronto,1,1
ORG04605,Synthetic Industrial 04605 @ Mirolin,industrial,PL_W58567258,Old Toronto,1,1
ORG04606,Synthetic Industrial 04606 @ Active Mechanical,industrial,PL_W58567265,Old Toronto,1,1
ORG04607,Synthetic Industrial 04607 @ 51 Shorncliffe Road,industrial,PL_W58567268,Old Toronto,1,1
ORG04608,Synthetic Industrial 04608 @ 123 Eastside Drive,industrial,PL_W58567273,Old Toronto,1,1
ORG04609,Synthetic Retail 04609 @ Super Shell Auto Service,retail,PL_W58567276,Old Toronto,1,1
ORG04610,Synthetic Industrial 04610 @ Cascades,industrial,PL_W58567280,Old Toronto,1,1
ORG04611,Synthetic Industrial 04611 @ Hep-Sur Machine Company,industrial,PL_W58567284,Old Toronto,1,1
ORG04612,Synthetic Industrial 04612 @ OSM industrial W58567287,industrial,PL_W58567287,Old Toronto,2,1
ORG04613,Synthetic Industrial 04613 @ Tibetan Canadian Cultural Centre,industrial,PL_W58586565,Old Toronto,1,1
ORG04614,Synthetic Industrial 04614 @ Polytainers,industrial,PL_W58586577,Old Toronto,1,1
ORG04615,Synthetic Restaurant 04615 @ Izakaya Tokyo Grill,restaurant,PL_W586404345,North York,1,1
ORG04616,Synthetic Industrial 04616 @ Trust Business Centre,industrial,PL_W58646436,Old Toronto,1,1
ORG04617,Synthetic Industrial 04617 @ Helmitin,industrial,PL_W58646468,Old Toronto,1,1
ORG04618,Synthetic Industrial 04618 @ 1325 The Queensway,industrial,PL_W58646476,Old Toronto,1,1
ORG04619,Synthetic Industrial 04619 @ 80 Horner Avenue,industrial,PL_W58646797,Old Toronto,2,1
ORG04620,Synthetic Industrial 04620 @ Clintar,industrial,PL_W58646801,Old Toronto,1,1
ORG04621,Synthetic Industrial 04621 @ OSM industrial W58646805,industrial,PL_W58646805,Old Toronto,1,1
ORG04622,Synthetic Office 04622 @ OSM office W58646806,office,PL_W58646806,Old Toronto,1,1
ORG04623,Synthetic Office 04623 @ Enercorp,office,PL_W58647104,Old Toronto,2,1
ORG04624,Synthetic Retail 04624 @ One Plant,retail,PL_W58647115,Old Toronto,1,1
ORG04625,Synthetic Office 04625 @ 5464 Dundas Street West,office,PL_W58647117,Old Toronto,2,1
ORG04626,Synthetic Industrial 04626 @ OSM industrial W58647118,industrial,PL_W58647118,Old Toronto,1,1
ORG04627,Synthetic Hotel 04627 @ Comfort Inn,hotel,PL_W58673609,Brampton,2,1
ORG04628,Synthetic Office 04628 @ Brenntag,office,PL_W58673614,Brampton,1,1
ORG04629,Synthetic Industrial 04629 @ OSM industrial W58673623,industrial,PL_W58673623,Brampton,1,1
ORG04630,Synthetic Industrial 04630 @ OSM industrial W58673641,industrial,PL_W58673641,Brampton,1,1
ORG04631,Synthetic Industrial 04631 @ OSM industrial W58673654,industrial,PL_W58673654,Brampton,1,1
ORG04632,Synthetic Industrial 04632 @ OSM industrial W58673660,industrial,PL_W58673660,Brampton,1,1
ORG04633,Synthetic Industrial 04633 @ OSM industrial W58673666,industrial,PL_W58673666,North York,1,1
ORG04634,Synthetic Industrial 04634 @ OSM industrial W58673671,industrial,PL_W58673671,Brampton,1,1
ORG04635,Synthetic Industrial 04635 @ Thompson Terminals Limited,industrial,PL_W58673685,Brampton,1,1
ORG04636,Synthetic Industrial 04636 @ 41 City View Drive,industrial,PL_W58673686,Brampton,1,1
ORG04637,Synthetic Commercial 04637 @ Scotiabank,commercial,PL_W587012151,North York,3,1
ORG04638,Synthetic Office 04638 @ The Church of Jesus Christ of Latter-Day Saints Office,office,PL_W58727901,Brampton,2,1
ORG04639,Synthetic Industrial 04639 @ OSM industrial W58727921,industrial,PL_W58727921,Brampton,1,1
ORG04640,Synthetic Industrial 04640 @ OSM industrial W58728253,industrial,PL_W58728253,Brampton,1,1
ORG04641,Synthetic Retail 04641 @ 345 Rexdale Boulevard,retail,PL_W58728260,Brampton,1,1
ORG04642,Synthetic Commercial 04642 @ OSM commercial W58728262,commercial,PL_W58728262,Brampton,2,1
ORG04643,Synthetic Hotel 04643 @ Comfort Hotel,hotel,PL_W58728296,Brampton,3,1
ORG04644,Synthetic Office 04644 @ Shenyang Machine Tool Group,office,PL_W58728305,Brampton,2,1
ORG04645,Synthetic Industrial 04645 @ OSM industrial W58728441,industrial,PL_W58728441,Brampton,1,1
ORG04646,Synthetic Industrial 04646 @ OSM industrial W58745922,industrial,PL_W58745922,Brampton,1,1
ORG04647,Synthetic Industrial 04647 @ Great Gulf,industrial,PL_W58745947,Brampton,1,1
ORG04648,Synthetic Industrial 04648 @ OSM industrial W58745955,industrial,PL_W58745955,Brampton,3,1
ORG04649,Synthetic Cafe 04649 @ Tim Hortons,cafe,PL_W58755169,Vaughan,1,1
ORG04650,Synthetic Industrial 04650 @ OSM industrial W58796567,industrial,PL_W58796567,North York,1,1
ORG04651,Synthetic Restaurant 04651 @ Asian Buffet,restaurant,PL_W58796602,North York,1,1
ORG04652,Synthetic Industrial 04652 @ OSM industrial W58796616,industrial,PL_W58796616,North York,1,1
ORG04653,Synthetic Industrial 04653 @ OSM industrial W58796619,industrial,PL_W58796619,North York,1,1
ORG04654,Synthetic Commercial 04654 @ 140 Rexdale Boulevard,commercial,PL_W58849186,North York,1,1
ORG04655,Synthetic Commercial 04655 @ TD,commercial,PL_W58849187,North York,1,1
ORG04656,Synthetic Commercial 04656 @ OSM commercial W58849195,commercial,PL_W58849195,North York,1,1
ORG04657,Synthetic Industrial 04657 @ OSM industrial W58849196,industrial,PL_W58849196,North York,1,1
ORG04658,Synthetic Commercial 04658 @ CIBC,commercial,PL_W58849210,North York,1,1
ORG04659,Synthetic Industrial 04659 @ OSM industrial W58851585,industrial,PL_W58851585,North York,2,1
ORG04660,Synthetic Industrial 04660 @ OSM industrial W58851661,industrial,PL_W58851661,North York,1,1
ORG04661,Synthetic Industrial 04661 @ 2140 Kipling Avenue,industrial,PL_W58851676,North York,1,1
ORG04662,Synthetic Office 04662 @ 50 Airview Road,office,PL_W58854900,North York,2,1
ORG04663,Synthetic Industrial 04663 @ OSM industrial W58866826,industrial,PL_W58866826,Scarborough,1,1
ORG04664,Synthetic Hotel 04664 @ Best Western Plus Executive Inn,hotel,PL_W58867143,Scarborough,1,1
ORG04665,Synthetic Office 04665 @ EDKENT® Media,office,PL_W58867180,Scarborough,1,1
ORG04666,Synthetic Office 04666 @ OTT Legal,office,PL_W58867344,Scarborough,1,1
ORG04667,Synthetic Industrial 04667 @ OSM industrial W58869163,industrial,PL_W58869163,North York,1,1
ORG04668,Synthetic Industrial 04668 @ OSM industrial W58869394,industrial,PL_W58869394,North York,1,1
ORG04669,Synthetic Commercial 04669 @ OSM commercial W58869401,commercial,PL_W58869401,North York,1,1
ORG04670,Synthetic Office 04670 @ Synnix,office,PL_W58869413,North York,1,1
ORG04671,Synthetic Industrial 04671 @ OSM industrial W58869418,industrial,PL_W58869418,North York,1,1
ORG04672,Synthetic Industrial 04672 @ OSM industrial W58869428,industrial,PL_W58869428,North York,1,1
ORG04673,Synthetic Industrial 04673 @ OSM industrial W58869437,industrial,PL_W58869437,North York,2,1
ORG04674,Synthetic Office 04674 @ Mantella Corporation,office,PL_W58869658,North York,1,1
ORG04675,Synthetic Commercial 04675 @ OSM commercial W58924880,commercial,PL_W58924880,Markham,1,1
ORG04676,Synthetic Commercial 04676 @ OSM commercial W58924913,commercial,PL_W58924913,Markham,1,1
ORG04677,Synthetic Hotel 04677 @ Staybridge Suites,hotel,PL_W58936360,Markham,1,1
ORG04678,Synthetic Industrial 04678 @ Giesecke+Devrient,industrial,PL_W58936524,Markham,1,1
ORG04679,Synthetic Office 04679 @ OSM office W58938377,office,PL_W58938377,Old Toronto,2,1
ORG04680,Synthetic Commercial 04680 @ OSM commercial W589934422,commercial,PL_W589934422,North York,1,1
ORG04681,Synthetic Office 04681 @ Sunpan,office,PL_W59020242,Scarborough,1,1
ORG04682,Synthetic Office 04682 @ 50 Park Road,office,PL_W59035957,Old Toronto,1,1
ORG04683,Synthetic Residential 04683 @ The Maxus,residential,PL_W59036008,Old Toronto,1,1
ORG04684,Synthetic Office 04684 @ Manulife Headquarters 2,office,PL_W59036010,Old Toronto,7,1
ORG04685,Synthetic Office 04685 @ Masonic Temple,office,PL_W59036049,Old Toronto,1,1
ORG04686,Synthetic Gym 04686 @ Parkway Forest Recreation Centre,gym,PL_W59144913,North York,1,1
ORG04687,Synthetic Office 04687 @ 265 Yorkland Boulevard,office,PL_W59146408,North York,2,1
ORG04688,Synthetic Office 04688 @ 279 Yorkland Boulevard,office,PL_W59146421,North York,2,1
ORG04689,Synthetic Commercial 04689 @ OSM commercial W59146422,commercial,PL_W59146422,North York,3,1
ORG04690,Synthetic Gym 04690 @ Douglas Snow Aquatics Centre,gym,PL_W591907742,North York,1,1
ORG04691,Synthetic Office 04691 @ Microcolor,office,PL_W59244402,Old Toronto,2,1
ORG04692,Synthetic Office 04692 @ CSA Transportation,office,PL_W59244411,Old Toronto,1,1
ORG04693,Synthetic Office 04693 @ Bildtec,office,PL_W59244418,Old Toronto,1,1
ORG04694,Synthetic Industrial 04694 @ 16 Belvia Road,industrial,PL_W59244421,Old Toronto,1,1
ORG04695,Synthetic Industrial 04695 @ 34 Carson Street,industrial,PL_W59244425,Old Toronto,1,1
ORG04696,Synthetic Commercial 04696 @ 160 Thirtieth Street,commercial,PL_W59244428,Old Toronto,1,1
ORG04697,Synthetic Industrial 04697 @ 36 Belvia Road,industrial,PL_W59244437,Old Toronto,2,1
ORG04698,Synthetic Commercial 04698 @ 164 Thirtieth Street,commercial,PL_W59244442,Old Toronto,2,1
ORG04699,Synthetic Commercial 04699 @ 12 Belvia Road,commercial,PL_W59244443,Old Toronto,1,1
ORG04700,Synthetic Industrial 04700 @ 435 Horner Avenue,industrial,PL_W59244455,Old Toronto,1,1
ORG04701,Synthetic Commercial 04701 @ 411 Horner Avenue,commercial,PL_W59244459,Old Toronto,1,1
ORG04702,Synthetic Industrial 04702 @ CabieLync,industrial,PL_W59244470,Old Toronto,1,1
ORG04703,Synthetic Industrial 04703 @ 34 Belvia Road,industrial,PL_W59244472,Old Toronto,1,1
ORG04704,Synthetic Commercial 04704 @ 146 Thirtieth Street,commercial,PL_W59244474,Old Toronto,1,1
ORG04705,Synthetic Commercial 04705 @ Queensway Business Park,commercial,PL_W59244475,Old Toronto,4,1
ORG04706,Synthetic Commercial 04706 @ 302 Horner Avenue,commercial,PL_W59244491,Old Toronto,2,1
ORG04707,Synthetic Industrial 04707 @ Rangemore Road,industrial,PL_W59244520,Old Toronto,1,1
ORG04708,Synthetic Industrial 04708 @ 25 Belvia Road,industrial,PL_W59244538,Old Toronto,1,1
ORG04709,Synthetic Industrial 04709 @ Rangemore Road,industrial,PL_W59244621,Old Toronto,1,1
ORG04710,Synthetic Industrial 04710 @ Pizza Pizza,industrial,PL_W59244642,Old Toronto,1,1
ORG04711,Synthetic Office 04711 @ 170 Evans Avenue,office,PL_W59248694,Old Toronto,3,1
ORG04712,Synthetic Industrial 04712 @ 919 Oxford Street,industrial,PL_W59248713,Old Toronto,1,1
ORG04713,Synthetic Industrial 04713 @ 907 Oxford Street,industrial,PL_W59248729,Old Toronto,1,1
ORG04714,Synthetic Cafe 04714 @ Tim Hortons,cafe,PL_W59250684,Old Toronto,1,1
ORG04715,Synthetic Commercial 04715 @ Imperial College of Toronto,commercial,PL_W59252637,Old Toronto,1,1
ORG04716,Synthetic Supermarket 04716 @ No Frills,supermarket,PL_W59252690,Old Toronto,1,1
ORG04717,Synthetic Industrial 04717 @ OSM industrial W59252720,industrial,PL_W59252720,Old Toronto,1,1
ORG04718,Synthetic Commercial 04718 @ Happy Science,commercial,PL_W59252748,Old Toronto,1,1
ORG04719,Synthetic Restaurant 04719 @ Congee Queen,restaurant,PL_W59433836,Markham,1,1
ORG04720,Synthetic Cafe 04720 @ Tim Hortons,cafe,PL_W59434192,North York,1,1
ORG04721,Synthetic Residential 04721 @ 1739 Victoria Park Avenue,residential,PL_W59434209,Scarborough,1,1
ORG04722,Synthetic Gym 04722 @ Maurice Cody Community Recreation Centre,gym,PL_W59768687,Old Toronto,2,1
ORG04723,Synthetic Commercial 04723 @ 574 St. Clair Avenue West,commercial,PL_W598637692,Old Toronto,2,1
ORG04724,Synthetic Commercial 04724 @ OSM commercial W598637693,commercial,PL_W598637693,Old Toronto,4,1
ORG04725,Synthetic Commercial 04725 @ OSM commercial W598637694,commercial,PL_W598637694,Old Toronto,1,1
ORG04726,Synthetic Commercial 04726 @ 584 St. Clair Avenue West,commercial,PL_W598637695,Old Toronto,1,1
ORG04727,Synthetic Commercial 04727 @ OSM commercial W599480360,commercial,PL_W599480360,North York,16,2
ORG04728,Synthetic Office 04728 @ 21 Imperial Street,office,PL_W60116988,Old Toronto,1,1
ORG04729,Synthetic Commercial 04729 @ OSM commercial W60118140,commercial,PL_W60118140,Scarborough,1,1
ORG04730,Synthetic Commercial 04730 @ OSM commercial W60118201,commercial,PL_W60118201,Scarborough,2,1
ORG04731,Synthetic Residential 04731 @ 1 Mallory Gardens,residential,PL_W60170479,Old Toronto,1,1
ORG04732,Synthetic Office 04732 @ 150 Eglinton Avenue East,office,PL_W60185753,North York,3,1
ORG04733,Synthetic Office 04733 @ 160 Eglinton Avenue East,office,PL_W60185759,North York,4,1
ORG04734,Synthetic Office 04734 @ 161 Eglinton Avenue East,office,PL_W60186218,Old Toronto,1,1
ORG04735,Synthetic Office 04735 @ Manulife Headquarters 3,office,PL_W60230152,Old Toronto,2,1
ORG04736,Synthetic Office 04736 @ 505 University,office,PL_W60304156,Old Toronto,9,1
ORG04737,Synthetic University 04737 @ University of Toronto - Faculty of Dentistry,university,PL_W60304653,Old Toronto,16,1
ORG04738,Synthetic Office 04738 @ Procom,office,PL_W60319362,North York,3,1
ORG04739,Synthetic Industrial 04739 @ OSM industrial W60330189,industrial,PL_W60330189,Vaughan,1,1
ORG04740,Synthetic Industrial 04740 @ 155 Turbine Drive,industrial,PL_W60330204,Vaughan,1,1
ORG04741,Synthetic Industrial 04741 @ OSM industrial W60330205,industrial,PL_W60330205,Vaughan,1,1
ORG04742,Synthetic Industrial 04742 @ OSM industrial W60330215,industrial,PL_W60330215,Vaughan,1,1
ORG04743,Synthetic Industrial 04743 @ OSM industrial W60330220,industrial,PL_W60330220,Vaughan,1,1
ORG04744,Synthetic Industrial 04744 @ 590 Barmac Drive,industrial,PL_W60331397,Vaughan,1,1
ORG04745,Synthetic Industrial 04745 @ OSM industrial W60331399,industrial,PL_W60331399,Vaughan,1,1
ORG04746,Synthetic Industrial 04746 @ OSM industrial W60331403,industrial,PL_W60331403,Vaughan,1,1
ORG04747,Synthetic Commercial 04747 @ OSM commercial W60332143,commercial,PL_W60332143,Vaughan,1,1
ORG04748,Synthetic Commercial 04748 @ OSM commercial W60332158,commercial,PL_W60332158,Vaughan,1,1
ORG04749,Synthetic Commercial 04749 @ OSM commercial W60332166,commercial,PL_W60332166,Vaughan,2,1
ORG04750,Synthetic Industrial 04750 @ OSM industrial W60332314,industrial,PL_W60332314,Vaughan,1,1
ORG04751,Synthetic Commercial 04751 @ OSM commercial W60332315,commercial,PL_W60332315,Vaughan,1,1
ORG04752,Synthetic Commercial 04752 @ OSM commercial W60332327,commercial,PL_W60332327,Vaughan,2,1
ORG04753,Synthetic Commercial 04753 @ OSM commercial W60332347,commercial,PL_W60332347,Vaughan,1,1
ORG04754,Synthetic Industrial 04754 @ OSM industrial W60428277,industrial,PL_W60428277,Vaughan,1,1
ORG04755,Synthetic Industrial 04755 @ OSM industrial W60428282,industrial,PL_W60428282,Vaughan,1,1
ORG04756,Synthetic Industrial 04756 @ OSM industrial W60428563,industrial,PL_W60428563,Vaughan,1,1
ORG04757,Synthetic Industrial 04757 @ OSM industrial W60428567,industrial,PL_W60428567,Vaughan,1,1
ORG04758,Synthetic Industrial 04758 @ OSM industrial W60428594,industrial,PL_W60428594,Vaughan,1,1
ORG04759,Synthetic Industrial 04759 @ OSM industrial W60428612,industrial,PL_W60428612,Vaughan,1,1
ORG04760,Synthetic Industrial 04760 @ OSM industrial W60428629,industrial,PL_W60428629,Vaughan,1,1
ORG04761,Synthetic Industrial 04761 @ OSM industrial W60428640,industrial,PL_W60428640,Vaughan,1,1
ORG04762,Synthetic Industrial 04762 @ OSM industrial W60428858,industrial,PL_W60428858,Vaughan,1,1
ORG04763,Synthetic Industrial 04763 @ OSM industrial W60428970,industrial,PL_W60428970,Vaughan,1,1
ORG04764,Synthetic Industrial 04764 @ OSM industrial W60428971,industrial,PL_W60428971,Vaughan,1,1
ORG04765,Synthetic Industrial 04765 @ OSM industrial W60428975,industrial,PL_W60428975,Vaughan,1,1
ORG04766,Synthetic Industrial 04766 @ OSM industrial W60429018,industrial,PL_W60429018,Vaughan,1,1
ORG04767,Synthetic Industrial 04767 @ OSM industrial W60429094,industrial,PL_W60429094,Vaughan,1,1
ORG04768,Synthetic Industrial 04768 @ OSM industrial W60448443,industrial,PL_W60448443,Vaughan,1,1
ORG04769,Synthetic Industrial 04769 @ OSM industrial W60448453,industrial,PL_W60448453,Vaughan,1,1
ORG04770,Synthetic Commercial 04770 @ OSM commercial W60482844,commercial,PL_W60482844,North York,1,1
ORG04771,Synthetic Commercial 04771 @ OSM commercial W60482846,commercial,PL_W60482846,North York,2,1
ORG04772,Synthetic Commercial 04772 @ Delmoro Funeral Home,commercial,PL_W60483153,North York,1,1
ORG04773,Synthetic Commercial 04773 @ Toronto and Region Islamic Congregation,commercial,PL_W60483157,North York,1,1
ORG04774,Synthetic Office 04774 @ 60 St. Clair Avenue East,office,PL_W60510549,Old Toronto,2,1
ORG04775,Synthetic Industrial 04775 @ OSM industrial W60516143,industrial,PL_W60516143,Markham,1,1
ORG04776,Synthetic Commercial 04776 @ 365 John Street,commercial,PL_W60516155,Markham,2,1
ORG04777,Synthetic Commercial 04777 @ 350 John Street,commercial,PL_W60516163,Markham,1,1
ORG04778,Synthetic Commercial 04778 @ 300 Jarvis Street,commercial,PL_W60609247,Old Toronto,10,1
ORG04779,Synthetic Residential 04779 @ OSM residential W60907891,residential,PL_W60907891,North York,1,1
ORG04780,Synthetic Residential 04780 @ 606 Avenue Road,residential,PL_W61010236,Old Toronto,1,1
ORG04781,Synthetic Residential 04781 @ The Summit,residential,PL_W61010490,Old Toronto,1,1
ORG04782,Synthetic Office 04782 @ 1000 Yonge Street,office,PL_W61011150,Old Toronto,5,1
ORG04783,Synthetic Commercial 04783 @ 55 St. Clair Avenue West,commercial,PL_W61011663,Old Toronto,12,2
ORG04784,Synthetic Office 04784 @ Ministry of the Environment/Ministère de l'Environnement,office,PL_W61011666,Old Toronto,4,1
ORG04785,Synthetic Residential 04785 @ The Merchandise Building,residential,PL_W61014077,Old Toronto,1,1
ORG04786,Synthetic Hotel 04786 @ Bond Place Hotel homeless shelter,hotel,PL_W61014137,Old Toronto,16,2
ORG04787,Synthetic Office 04787 @ 277 Victoria Street,office,PL_W61014140,Old Toronto,2,1
ORG04788,Synthetic Commercial 04788 @ 2145 Avenue Road,commercial,PL_W61097047,North York,1,1
ORG04789,Synthetic Office 04789 @ 5 Sheppard Avenue East,office,PL_W613933547,North York,2,1
ORG04790,Synthetic Hotel 04790 @ Hyatt Regency Toronto,hotel,PL_W61429677,Old Toronto,12,2
ORG04791,Synthetic Office 04791 @ 70 University Avenue,office,PL_W61429976,Old Toronto,3,1
ORG04792,Synthetic Office 04792 @ North Tower,office,PL_W61429979,Old Toronto,5,1
ORG04793,Synthetic Office 04793 @ 345 Adelaide Street West,office,PL_W61430202,Old Toronto,1,1
ORG04794,Synthetic Commercial 04794 @ The Capitol Building,commercial,PL_W61430204,Old Toronto,5,1
ORG04795,Synthetic Office 04795 @ 40 University Avenue,office,PL_W61430317,Old Toronto,8,1
ORG04796,Synthetic Office 04796 @ Former HSBC Building,office,PL_W61430414,Old Toronto,2,1
ORG04797,Synthetic Hotel 04797 @ Hotel Le Germain,hotel,PL_W61511473,Old Toronto,6,1
ORG04798,Synthetic Office 04798 @ 16 York,office,PL_W616121212,Old Toronto,3,1
ORG04799,Synthetic Residential 04799 @ fifty on the park,residential,PL_W61698408,Old Toronto,1,1
ORG04800,Synthetic Office 04800 @ 1 Queen Street East,office,PL_W61698598,Old Toronto,3,1
ORG04801,Synthetic Commercial 04801 @ Queen Richmond Centre West,commercial,PL_W61698684,Old Toronto,1,1
ORG04802,Synthetic Office 04802 @ 133 Richmond Street West,office,PL_W61698828,Old Toronto,4,1
ORG04803,Synthetic Office 04803 @ G Adventures,office,PL_W61698844,Old Toronto,2,1
ORG04804,Synthetic Commercial 04804 @ OSM commercial W61698864,commercial,PL_W61698864,Old Toronto,5,1
ORG04805,Synthetic Office 04805 @ 120 York Street,office,PL_W61698929,Old Toronto,4,1
ORG04806,Synthetic Office 04806 @ 155 University Avenue,office,PL_W61698930,Old Toronto,5,1
ORG04807,Synthetic Office 04807 @ OSM office W61698931,office,PL_W61698931,Old Toronto,5,1
ORG04808,Synthetic Office 04808 @ OSM office W61698932,office,PL_W61698932,Old Toronto,4,1
ORG04809,Synthetic Office 04809 @ State Street Financial Centre,office,PL_W61698945,Old Toronto,2,1
ORG04810,Synthetic Office 04810 @ 250 Dundas Street West,office,PL_W61759775,Old Toronto,3,1
ORG04811,Synthetic University 04811 @ Rehabilitation Sciences Building,university,PL_W61759776,Old Toronto,69,3
ORG04812,Synthetic Office 04812 @ AT&T Canada,office,PL_W61759777,Old Toronto,3,1
ORG04813,Synthetic Office 04813 @ 480 University Avenue,office,PL_W61759778,Old Toronto,6,1
ORG04814,Synthetic Office 04814 @ 77 Grenville,office,PL_W61760168,Old Toronto,3,1
ORG04815,Synthetic Office 04815 @ OSM office W61760169,office,PL_W61760169,Old Toronto,2,1
ORG04816,Synthetic Commercial 04816 @ 26 Grenville Street,commercial,PL_W61760280,Old Toronto,1,1
ORG04817,Synthetic Office 04817 @ Industrial Alliance,office,PL_W61760382,Old Toronto,4,1
ORG04818,Synthetic Office 04818 @ University Centre,office,PL_W61760417,Old Toronto,2,1
ORG04819,Synthetic Office 04819 @ The Dundas-Edward Centre,office,PL_W61760592,Old Toronto,1,1
ORG04820,Synthetic Office 04820 @ 40 Sheppard Avenue West,office,PL_W61842991,North York,4,1
ORG04821,Synthetic Office 04821 @ 45 Sheppard Avenue East,office,PL_W61843024,North York,1,1
ORG04822,Synthetic Office 04822 @ 5000 Yonge Street,office,PL_W61843026,North York,4,1
ORG04823,Synthetic Office 04823 @ 1670 Bayview Avenue,office,PL_W61951968,Old Toronto,2,1
ORG04824,Synthetic Office 04824 @ 7330 Yonge Street,office,PL_W61955715,Vaughan,1,1
ORG04825,Synthetic Residential 04825 @ 7471 Yonge Street,residential,PL_W61955719,Markham,1,1
ORG04826,Synthetic Commercial 04826 @ OSM commercial W61955741,commercial,PL_W61955741,North York,2,1
ORG04827,Synthetic Restaurant 04827 @ Red Lobster,restaurant,PL_W61956104,Markham,1,1
ORG04828,Synthetic Office 04828 @ 90 Sheppard Avenue East,office,PL_W61982572,North York,1,1
ORG04829,Synthetic Office 04829 @ OSM office W61982574,office,PL_W61982574,North York,1,1
ORG04830,Synthetic Office 04830 @ Ronen Kurzfeld Immigration Lawyer Toronto,office,PL_W61982576,North York,5,1
ORG04831,Synthetic Office 04831 @ 100 Sheppard Avenue East,office,PL_W61982577,North York,5,1
ORG04832,Synthetic Office 04832 @ Sterling Tower,office,PL_W62057334,Old Toronto,3,1
ORG04833,Synthetic Office 04833 @ 85 Richmond Street West,office,PL_W62057338,Old Toronto,2,1
ORG04834,Synthetic Office 04834 @ The Michener Institute,office,PL_W62057772,Old Toronto,5,1
ORG04835,Synthetic Hotel 04835 @ The Omni King Edward Hotel,hotel,PL_W62058559,Old Toronto,9,2
ORG04836,Synthetic Office 04836 @ Continental Building,office,PL_W62058574,Old Toronto,5,1
ORG04837,Synthetic Office 04837 @ Royal Bank Building,office,PL_W62058576,Old Toronto,4,1
ORG04838,Synthetic Office 04838 @ One Toronto Street,office,PL_W62058577,Old Toronto,4,1
ORG04839,Synthetic Office 04839 @ RBC Wellington Square,office,PL_W62202665,Old Toronto,4,1
ORG04840,Synthetic Hotel 04840 @ Hotel Ocho,hotel,PL_W62256154,Old Toronto,8,1
ORG04841,Synthetic Commercial 04841 @ 197 Spadina Avenue,commercial,PL_W62256155,Old Toronto,3,1
ORG04842,Synthetic Residential 04842 @ 1689 Victoria Park Avenue,residential,PL_W62354011,Scarborough,1,1
ORG04843,Synthetic Commercial 04843 @ OSM commercial W62358761,commercial,PL_W62358761,Vaughan,1,1
ORG04844,Synthetic Commercial 04844 @ OSM commercial W62361716,commercial,PL_W62361716,Vaughan,1,1
ORG04845,Synthetic Commercial 04845 @ OSM commercial W62361719,commercial,PL_W62361719,Vaughan,2,1
ORG04846,Synthetic Commercial 04846 @ OSM commercial W62361726,commercial,PL_W62361726,Vaughan,2,1
ORG04847,Synthetic Commercial 04847 @ OSM commercial W62361866,commercial,PL_W62361866,Vaughan,1,1
ORG04848,Synthetic Restaurant 04848 @ Burrito Boyz,restaurant,PL_W62363961,Vaughan,1,1
ORG04849,Synthetic Commercial 04849 @ OSM commercial W62363962,commercial,PL_W62363962,Vaughan,1,1
ORG04850,Synthetic Commercial 04850 @ 4431 Highway 7,commercial,PL_W62363963,Vaughan,4,1
ORG04851,Synthetic Industrial 04851 @ OSM industrial W62364909,industrial,PL_W62364909,Vaughan,1,1
ORG04852,Synthetic Industrial 04852 @ OSM industrial W62364917,industrial,PL_W62364917,Vaughan,1,1
ORG04853,Synthetic Industrial 04853 @ OSM industrial W62364925,industrial,PL_W62364925,Vaughan,1,1
ORG04854,Synthetic Industrial 04854 @ OSM industrial W62365025,industrial,PL_W62365025,Vaughan,1,1
ORG04855,Synthetic Commercial 04855 @ The Kingsway Animal Hospital,commercial,PL_W624234405,Old Toronto,1,1
ORG04856,Synthetic Gym 04856 @ Leaside Memorial Pool,gym,PL_W625769152,Old Toronto,1,1
ORG04857,Synthetic Commercial 04857 @ OSM commercial W627144202,commercial,PL_W627144202,Brampton,1,1
ORG04858,Synthetic Industrial 04858 @ Northam Drive Yard,industrial,PL_W635487342,Brampton,1,1
ORG04859,Synthetic Commercial 04859 @ OSM commercial W647465671,commercial,PL_W647465671,Old Toronto,1,1
ORG04860,Synthetic Restaurant 04860 @ Egg Club,restaurant,PL_W647465705,Old Toronto,1,1
ORG04861,Synthetic Office 04861 @ 45 St. Clair Avenue West,office,PL_W65592643,Old Toronto,2,1
ORG04862,Synthetic Commercial 04862 @ Scotiabank Building,commercial,PL_W65592644,Old Toronto,8,1
ORG04863,Synthetic Residential 04863 @ OSM residential W656560383,residential,PL_W656560383,Scarborough,1,1
ORG04864,Synthetic Residential 04864 @ OSM residential W656560712,residential,PL_W656560712,Scarborough,1,1
ORG04865,Synthetic Residential 04865 @ OSM residential W656561687,residential,PL_W656561687,Scarborough,1,1
ORG04866,Synthetic Commercial 04866 @ OSM commercial W657696641,commercial,PL_W657696641,Old Toronto,2,1
ORG04867,Synthetic Residential 04867 @ OSM residential W657696644,residential,PL_W657696644,Old Toronto,1,1
ORG04868,Synthetic Commercial 04868 @ OSM commercial W657696699,commercial,PL_W657696699,Old Toronto,2,1
ORG04869,Synthetic Industrial 04869 @ OSM industrial W657696926,industrial,PL_W657696926,Old Toronto,1,1
ORG04870,Synthetic Commercial 04870 @ OSM commercial W657697672,commercial,PL_W657697672,Old Toronto,7,1
ORG04871,Synthetic Commercial 04871 @ OSM commercial W657721259,commercial,PL_W657721259,Old Toronto,1,1
ORG04872,Synthetic Commercial 04872 @ OSM commercial W657722108,commercial,PL_W657722108,Old Toronto,3,1
ORG04873,Synthetic Commercial 04873 @ OSM commercial W657722109,commercial,PL_W657722109,Old Toronto,1,1
ORG04874,Synthetic Commercial 04874 @ OSM commercial W657722110,commercial,PL_W657722110,Old Toronto,4,1
ORG04875,Synthetic Commercial 04875 @ OSM commercial W657722111,commercial,PL_W657722111,Old Toronto,1,1
ORG04876,Synthetic Commercial 04876 @ Sharon House,commercial,PL_W657926807,Old Toronto,1,1
ORG04877,Synthetic Commercial 04877 @ OSM commercial W657927636,commercial,PL_W657927636,Old Toronto,3,1
ORG04878,Synthetic Commercial 04878 @ OSM commercial W657928056,commercial,PL_W657928056,Old Toronto,1,1
ORG04879,Synthetic Industrial 04879 @ 58 Jutland Road,industrial,PL_W657934722,Old Toronto,1,1
ORG04880,Synthetic Retail 04880 @ StorageMart,retail,PL_W657934748,Old Toronto,1,1
ORG04881,Synthetic Industrial 04881 @ OSM industrial W657934899,industrial,PL_W657934899,Old Toronto,1,1
ORG04882,Synthetic Industrial 04882 @ 26 Six Point Road,industrial,PL_W657934980,Old Toronto,1,1
ORG04883,Synthetic Industrial 04883 @ OSM industrial W657934984,industrial,PL_W657934984,Old Toronto,1,1
ORG04884,Synthetic Office 04884 @ OSM office W657935057,office,PL_W657935057,Old Toronto,1,1
ORG04885,Synthetic Industrial 04885 @ Menecola Doors & Windows,industrial,PL_W657935207,Old Toronto,1,1
ORG04886,Synthetic Industrial 04886 @ Avida,industrial,PL_W657935222,Old Toronto,1,1
ORG04887,Synthetic Industrial 04887 @ Fuzion Life,industrial,PL_W657935821,Old Toronto,1,1
ORG04888,Synthetic Industrial 04888 @ OSM industrial W657935859,industrial,PL_W657935859,Old Toronto,1,1
ORG04889,Synthetic Industrial 04889 @ Caterpillar & Co,industrial,PL_W657935867,Old Toronto,1,1
ORG04890,Synthetic Gym 04890 @ West End Athletic Club,gym,PL_W657935882,Old Toronto,1,1
ORG04891,Synthetic Office 04891 @ TAG The Aries Group,office,PL_W657935892,Old Toronto,1,1
ORG04892,Synthetic Industrial 04892 @ Northstar Scaffolding,industrial,PL_W657935997,Old Toronto,1,1
ORG04893,Synthetic Industrial 04893 @ Toronto Transportation Services,industrial,PL_W657936017,Old Toronto,2,1
ORG04894,Synthetic Industrial 04894 @ OSM industrial W657936025,industrial,PL_W657936025,Old Toronto,1,1
ORG04895,Synthetic Industrial 04895 @ 56 Fieldway Road,industrial,PL_W657936244,Old Toronto,2,1
ORG04896,Synthetic Industrial 04896 @ OSM industrial W657936262,industrial,PL_W657936262,Old Toronto,1,1
ORG04897,Synthetic Retail 04897 @ Kipling Tire,retail,PL_W657936269,Old Toronto,1,1
ORG04898,Synthetic Industrial 04898 @ OSM industrial W657936274,industrial,PL_W657936274,Old Toronto,1,1
ORG04899,Synthetic Industrial 04899 @ OSM industrial W657936300,industrial,PL_W657936300,Old Toronto,2,1
ORG04900,Synthetic Industrial 04900 @ OSM industrial W657936302,industrial,PL_W657936302,Old Toronto,1,1
ORG04901,Synthetic Industrial 04901 @ 115 Judge Road,industrial,PL_W657936306,Old Toronto,1,1
ORG04902,Synthetic Industrial 04902 @ OSM industrial W657936323,industrial,PL_W657936323,Old Toronto,1,1
ORG04903,Synthetic Industrial 04903 @ 87 Judge Road,industrial,PL_W657936354,Old Toronto,1,1
ORG04904,Synthetic Industrial 04904 @ 61 Fieldway Road,industrial,PL_W657936357,Old Toronto,1,1
ORG04905,Synthetic Industrial 04905 @ 897 Kipling Avenue,industrial,PL_W657936367,Old Toronto,1,1
ORG04906,Synthetic Office 04906 @ Arsenault Architect Inc.,office,PL_W657936379,Old Toronto,1,1
ORG04907,Synthetic Commercial 04907 @ IC Savings,commercial,PL_W657936402,Old Toronto,1,1
ORG04908,Synthetic Residential 04908 @ 28 Beaucourt Road,residential,PL_W657949135,Old Toronto,1,1
ORG04909,Synthetic Industrial 04909 @ OSM industrial W657978765,industrial,PL_W657978765,Old Toronto,2,1
ORG04910,Synthetic Industrial 04910 @ OSM industrial W657978775,industrial,PL_W657978775,Old Toronto,1,1
ORG04911,Synthetic Industrial 04911 @ OSM industrial W657979227,industrial,PL_W657979227,Old Toronto,2,1
ORG04912,Synthetic Industrial 04912 @ Dufferin Gate Productions,industrial,PL_W657979264,Old Toronto,1,1
ORG04913,Synthetic Commercial 04913 @ Euro-Tech Roofing Supplies Ltd.,commercial,PL_W657979282,Old Toronto,2,1
ORG04914,Synthetic Office 04914 @ Haven on the Queensway,office,PL_W657979434,Old Toronto,1,1
ORG04915,Synthetic Industrial 04915 @ OSM industrial W657979451,industrial,PL_W657979451,Old Toronto,1,1
ORG04916,Synthetic Industrial 04916 @ OSM industrial W657979484,industrial,PL_W657979484,Old Toronto,1,1
ORG04917,Synthetic Industrial 04917 @ OSM industrial W657979493,industrial,PL_W657979493,Old Toronto,1,1
ORG04918,Synthetic Industrial 04918 @ 60 North Queen Street,industrial,PL_W657979497,Old Toronto,1,1
ORG04919,Synthetic Industrial 04919 @ OSM industrial W657979508,industrial,PL_W657979508,Old Toronto,1,1
ORG04920,Synthetic Commercial 04920 @ 564 Evans Avenue,commercial,PL_W658011237,Old Toronto,3,1
ORG04921,Synthetic Commercial 04921 @ OSM commercial W658018645,commercial,PL_W658018645,Old Toronto,4,1
ORG04922,Synthetic Commercial 04922 @ 432-434 Royal York Road,commercial,PL_W658018658,Old Toronto,2,1
ORG04923,Synthetic Residential 04923 @ OSM residential W658020401,residential,PL_W658020401,Old Toronto,1,1
ORG04924,Synthetic Industrial 04924 @ OSM industrial W658232868,industrial,PL_W658232868,Old Toronto,1,1
ORG04925,Synthetic Industrial 04925 @ OSM industrial W658233150,industrial,PL_W658233150,Old Toronto,1,1
ORG04926,Synthetic Commercial 04926 @ 332 Horner Avenue,commercial,PL_W658233176,Old Toronto,1,1
ORG04927,Synthetic Industrial 04927 @ 24 Carson Street,industrial,PL_W658233498,Old Toronto,1,1
ORG04928,Synthetic Commercial 04928 @ 197 Thirtieth Street,commercial,PL_W658233514,Old Toronto,3,1
ORG04929,Synthetic Commercial 04929 @ 205 Thirtieth Street,commercial,PL_W658233516,Old Toronto,2,1
ORG04930,Synthetic Commercial 04930 @ 198 Thirtieth Street,commercial,PL_W658233525,Old Toronto,3,1
ORG04931,Synthetic Industrial 04931 @ 381 Horner Avenue,industrial,PL_W658233527,Old Toronto,1,1
ORG04932,Synthetic Commercial 04932 @ 383 Horner Avenue,commercial,PL_W658233529,Old Toronto,2,1
ORG04933,Synthetic Commercial 04933 @ Aidco Place,commercial,PL_W658300634,Old Toronto,3,1
ORG04934,Synthetic Commercial 04934 @ OSM commercial W658300734,commercial,PL_W658300734,Old Toronto,1,1
ORG04935,Synthetic Residential 04935 @ OSM residential W658301270,residential,PL_W658301270,Old Toronto,1,1
ORG04936,Synthetic Commercial 04936 @ OSM commercial W658301418,commercial,PL_W658301418,Old Toronto,2,1
ORG04937,Synthetic Commercial 04937 @ OSM commercial W658301630,commercial,PL_W658301630,Old Toronto,1,1
ORG04938,Synthetic Residential 04938 @ OSM residential W658467409,residential,PL_W658467409,Old Toronto,1,1
ORG04939,Synthetic Industrial 04939 @ 178 Royal York Road,industrial,PL_W658468161,Old Toronto,1,1
ORG04940,Synthetic Commercial 04940 @ 182 Royal York Road,commercial,PL_W658468178,Old Toronto,2,1
ORG04941,Synthetic Residential 04941 @ OSM residential W658472057,residential,PL_W658472057,Old Toronto,1,1
ORG04942,Synthetic Industrial 04942 @ OSM industrial W658487090,industrial,PL_W658487090,Brampton,1,1
ORG04943,Synthetic Industrial 04943 @ OSM industrial W658487099,industrial,PL_W658487099,Brampton,1,1
ORG04944,Synthetic Industrial 04944 @ OSM industrial W658487104,industrial,PL_W658487104,Brampton,1,1
ORG04945,Synthetic Industrial 04945 @ OSM industrial W658487113,industrial,PL_W658487113,Brampton,1,1
ORG04946,Synthetic Industrial 04946 @ OSM industrial W658949851,industrial,PL_W658949851,North York,1,1
ORG04947,Synthetic Industrial 04947 @ OSM industrial W658949856,industrial,PL_W658949856,North York,1,1
ORG04948,Synthetic Commercial 04948 @ OSM commercial W658954875,commercial,PL_W658954875,North York,1,1
ORG04949,Synthetic Residential 04949 @ OSM residential W658955011,residential,PL_W658955011,North York,1,1
ORG04950,Synthetic Commercial 04950 @ OSM commercial W658960777,commercial,PL_W658960777,North York,1,1
ORG04951,Synthetic Commercial 04951 @ OSM commercial W658960778,commercial,PL_W658960778,North York,1,1
ORG04952,Synthetic Commercial 04952 @ OSM commercial W658961495,commercial,PL_W658961495,North York,2,1
ORG04953,Synthetic Commercial 04953 @ OSM commercial W658961508,commercial,PL_W658961508,North York,1,1
ORG04954,Synthetic Commercial 04954 @ OSM commercial W658961513,commercial,PL_W658961513,North York,2,1
ORG04955,Synthetic Commercial 04955 @ OSM commercial W658961714,commercial,PL_W658961714,North York,1,1
ORG04956,Synthetic Commercial 04956 @ OSM commercial W658962778,commercial,PL_W658962778,North York,1,1
ORG04957,Synthetic Commercial 04957 @ OSM commercial W658962779,commercial,PL_W658962779,North York,1,1
ORG04958,Synthetic Commercial 04958 @ Dream Nati Church,commercial,PL_W658962780,North York,1,1
ORG04959,Synthetic Commercial 04959 @ Signature Plaza,commercial,PL_W659094218,Old Toronto,3,1
ORG04960,Synthetic Commercial 04960 @ OSM commercial W659094237,commercial,PL_W659094237,Old Toronto,1,1
ORG04961,Synthetic Commercial 04961 @ OSM commercial W659094239,commercial,PL_W659094239,Old Toronto,1,1
ORG04962,Synthetic Commercial 04962 @ OSM commercial W659094340,commercial,PL_W659094340,Old Toronto,1,1
ORG04963,Synthetic Commercial 04963 @ OSM commercial W659094341,commercial,PL_W659094341,Old Toronto,2,1
ORG04964,Synthetic Commercial 04964 @ OSM commercial W659094350,commercial,PL_W659094350,Old Toronto,2,1
ORG04965,Synthetic Commercial 04965 @ OSM commercial W659094364,commercial,PL_W659094364,Old Toronto,1,1
ORG04966,Synthetic Commercial 04966 @ OSM commercial W659094365,commercial,PL_W659094365,Old Toronto,1,1
ORG04967,Synthetic Commercial 04967 @ OSM commercial W659094367,commercial,PL_W659094367,Old Toronto,1,1
ORG04968,Synthetic Industrial 04968 @ OSM industrial W659114588,industrial,PL_W659114588,Brampton,1,1
ORG04969,Synthetic Industrial 04969 @ OSM industrial W659114593,industrial,PL_W659114593,Brampton,1,1
ORG04970,Synthetic Industrial 04970 @ 227 Queen's Plate Drive,industrial,PL_W659114677,Brampton,1,1
ORG04971,Synthetic Industrial 04971 @ OSM industrial W659116685,industrial,PL_W659116685,Brampton,1,1
ORG04972,Synthetic Industrial 04972 @ Java Works Coffee,industrial,PL_W659129634,North York,1,1
ORG04973,Synthetic Industrial 04973 @ OSM industrial W659129672,industrial,PL_W659129672,North York,1,1
ORG04974,Synthetic Industrial 04974 @ OSM industrial W659129686,industrial,PL_W659129686,North York,1,1
ORG04975,Synthetic Industrial 04975 @ OSM industrial W659129695,industrial,PL_W659129695,North York,2,1
ORG04976,Synthetic Residential 04976 @ OSM residential W659130100,residential,PL_W659130100,Vaughan,1,1
ORG04977,Synthetic Commercial 04977 @ OSM commercial W659138583,commercial,PL_W659138583,North York,2,1
ORG04978,Synthetic Commercial 04978 @ OSM commercial W659239201,commercial,PL_W659239201,North York,2,1
ORG04979,Synthetic Industrial 04979 @ OSM industrial W659239223,industrial,PL_W659239223,North York,1,1
ORG04980,Synthetic Industrial 04980 @ OSM industrial W659239285,industrial,PL_W659239285,North York,1,1
ORG04981,Synthetic Industrial 04981 @ OSM industrial W659239301,industrial,PL_W659239301,North York,1,1
ORG04982,Synthetic Commercial 04982 @ OSM commercial W659239608,commercial,PL_W659239608,North York,1,1
ORG04983,Synthetic Industrial 04983 @ OSM industrial W659239664,industrial,PL_W659239664,North York,1,1
ORG04984,Synthetic Industrial 04984 @ OSM industrial W659239669,industrial,PL_W659239669,North York,1,1
ORG04985,Synthetic Industrial 04985 @ OSM industrial W659239671,industrial,PL_W659239671,North York,1,1
ORG04986,Synthetic Industrial 04986 @ OSM industrial W659239682,industrial,PL_W659239682,North York,1,1
ORG04987,Synthetic Industrial 04987 @ OSM industrial W659239683,industrial,PL_W659239683,North York,1,1
ORG04988,Synthetic Residential 04988 @ OSM residential W659239700,residential,PL_W659239700,North York,1,1
ORG04989,Synthetic Commercial 04989 @ OSM commercial W659240368,commercial,PL_W659240368,North York,1,1
ORG04990,Synthetic Residential 04990 @ OSM residential W659242034,residential,PL_W659242034,Markham,1,1
ORG04991,Synthetic Residential 04991 @ OSM residential W659242068,residential,PL_W659242068,Markham,1,1
ORG04992,Synthetic Residential 04992 @ OSM residential W659242952,residential,PL_W659242952,Markham,1,1
ORG04993,Synthetic Residential 04993 @ OSM residential W659243961,residential,PL_W659243961,Markham,1,1
ORG04994,Synthetic Residential 04994 @ OSM residential W659244930,residential,PL_W659244930,Markham,1,1
ORG04995,Synthetic Residential 04995 @ OSM residential W659246210,residential,PL_W659246210,Markham,1,1
ORG04996,Synthetic Residential 04996 @ OSM residential W659248377,residential,PL_W659248377,Markham,1,1
ORG04997,Synthetic Residential 04997 @ OSM residential W659249416,residential,PL_W659249416,Markham,1,1
ORG04998,Synthetic Residential 04998 @ OSM residential W659249936,residential,PL_W659249936,Markham,1,1
ORG04999,Synthetic Residential 04999 @ OSM residential W659250634,residential,PL_W659250634,Markham,1,1
ORG05000,Synthetic Residential 05000 @ OSM residential W659252864,residential,PL_W659252864,Markham,1,1
ORG05001,Synthetic Residential 05001 @ OSM residential W659253131,residential,PL_W659253131,Markham,1,1
ORG05002,Synthetic Industrial 05002 @ OSM industrial W659307261,industrial,PL_W659307261,North York,1,1
ORG05003,Synthetic Industrial 05003 @ OSM industrial W659307942,industrial,PL_W659307942,North York,1,1
ORG05004,Synthetic Industrial 05004 @ OSM industrial W659307948,industrial,PL_W659307948,North York,1,1
ORG05005,Synthetic Industrial 05005 @ OSM industrial W659307962,industrial,PL_W659307962,North York,1,1
ORG05006,Synthetic Commercial 05006 @ OSM commercial W659320439,commercial,PL_W659320439,North York,1,1
ORG05007,Synthetic Industrial 05007 @ OSM industrial W659320526,industrial,PL_W659320526,North York,1,1
ORG05008,Synthetic Commercial 05008 @ OSM commercial W659320544,commercial,PL_W659320544,North York,2,1
ORG05009,Synthetic Commercial 05009 @ OSM commercial W659321705,commercial,PL_W659321705,North York,1,1
ORG05010,Synthetic Commercial 05010 @ OSM commercial W659321709,commercial,PL_W659321709,North York,2,1
ORG05011,Synthetic Commercial 05011 @ OSM commercial W659321712,commercial,PL_W659321712,North York,2,1
ORG05012,Synthetic Commercial 05012 @ OSM commercial W659321729,commercial,PL_W659321729,North York,1,1
ORG05013,Synthetic Commercial 05013 @ OSM commercial W659321730,commercial,PL_W659321730,North York,1,1
ORG05014,Synthetic Commercial 05014 @ OSM commercial W659321743,commercial,PL_W659321743,North York,1,1
ORG05015,Synthetic Commercial 05015 @ OSM commercial W659321746,commercial,PL_W659321746,North York,1,1
ORG05016,Synthetic Commercial 05016 @ OSM commercial W659321747,commercial,PL_W659321747,North York,1,1
ORG05017,Synthetic Commercial 05017 @ OSM commercial W659321748,commercial,PL_W659321748,North York,1,1
ORG05018,Synthetic Commercial 05018 @ Weston & Lawrence Plaza,commercial,PL_W659321750,North York,1,1
ORG05019,Synthetic Commercial 05019 @ OSM commercial W659322403,commercial,PL_W659322403,North York,1,1
ORG05020,Synthetic Commercial 05020 @ OSM commercial W659322530,commercial,PL_W659322530,North York,4,1
ORG05021,Synthetic Commercial 05021 @ OSM commercial W659322533,commercial,PL_W659322533,North York,1,1
ORG05022,Synthetic Residential 05022 @ 52 Havelock Gate,residential,PL_W659333500,Markham,1,1
ORG05023,Synthetic Residential 05023 @ 142 Roxbury Street,residential,PL_W659333862,Markham,1,1
ORG05024,Synthetic Residential 05024 @ 152 Rouge Bank Drive,residential,PL_W659333866,Markham,1,1
ORG05025,Synthetic Residential 05025 @ 54 Red Ash Drive,residential,PL_W659334185,Markham,1,1
ORG05026,Synthetic Residential 05026 @ 10 Teversham Court,residential,PL_W659334266,Markham,1,1
ORG05027,Synthetic Residential 05027 @ 5 Guinevere Road,residential,PL_W659340282,Markham,1,1
ORG05028,"Synthetic Residential 05028 @ 115,117 Jack Monkman Crescent",residential,PL_W659340291,Markham,1,1
ORG05029,"Synthetic Residential 05029 @ 17,19 Lahore Crescent",residential,PL_W659340611,Markham,1,1
ORG05030,Synthetic Residential 05030 @ 72 Charles Brown Road,residential,PL_W659340686,Markham,1,1
ORG05031,Synthetic Residential 05031 @ 362 Elson Street,residential,PL_W659340778,Markham,1,1
ORG05032,Synthetic Residential 05032 @ 61 Glacier Crescent,residential,PL_W659340907,Scarborough,1,1
ORG05033,Synthetic Residential 05033 @ 62 Herrick Place,residential,PL_W659340929,Markham,1,1
ORG05034,Synthetic Residential 05034 @ 6 Lahore Crescent,residential,PL_W659341022,Markham,1,1
ORG05035,Synthetic Residential 05035 @ 104 Eastvale Drive,residential,PL_W659341024,Markham,1,1
ORG05036,Synthetic Commercial 05036 @ OSM commercial W659422197,commercial,PL_W659422197,Vaughan,3,1
ORG05037,Synthetic Commercial 05037 @ 10 Falstaff Avenue,commercial,PL_W659427257,North York,1,1
ORG05038,Synthetic Commercial 05038 @ OSM commercial W659427555,commercial,PL_W659427555,North York,9,1
ORG05039,Synthetic Commercial 05039 @ OSM commercial W659427595,commercial,PL_W659427595,North York,1,1
ORG05040,Synthetic Industrial 05040 @ OSM industrial W659427596,industrial,PL_W659427596,North York,1,1
ORG05041,Synthetic Commercial 05041 @ OSM commercial W659427609,commercial,PL_W659427609,North York,1,1
ORG05042,Synthetic Commercial 05042 @ OSM commercial W659427944,commercial,PL_W659427944,North York,2,1
ORG05043,Synthetic Commercial 05043 @ OSM commercial W659427957,commercial,PL_W659427957,North York,1,1
ORG05044,Synthetic Commercial 05044 @ West Toronto Church of God,commercial,PL_W659427966,North York,1,1
ORG05045,Synthetic Commercial 05045 @ OSM commercial W659427967,commercial,PL_W659427967,North York,1,1
ORG05046,Synthetic Commercial 05046 @ OSM commercial W659427973,commercial,PL_W659427973,North York,4,1
ORG05047,Synthetic Commercial 05047 @ OSM commercial W659440530,commercial,PL_W659440530,Vaughan,2,1
ORG05048,Synthetic Industrial 05048 @ OSM industrial W659440536,industrial,PL_W659440536,Vaughan,1,1
ORG05049,Synthetic Industrial 05049 @ OSM industrial W659440585,industrial,PL_W659440585,Vaughan,1,1
ORG05050,Synthetic Office 05050 @ OSM office W659441023,office,PL_W659441023,Vaughan,1,1
ORG05051,Synthetic Industrial 05051 @ OSM industrial W659441054,industrial,PL_W659441054,Vaughan,1,1
ORG05052,Synthetic Industrial 05052 @ OSM industrial W659441055,industrial,PL_W659441055,Vaughan,1,1
ORG05053,Synthetic Industrial 05053 @ OSM industrial W659441068,industrial,PL_W659441068,Vaughan,1,1
ORG05054,Synthetic Industrial 05054 @ OSM industrial W659441071,industrial,PL_W659441071,Vaughan,2,1
ORG05055,Synthetic Industrial 05055 @ OSM industrial W659441078,industrial,PL_W659441078,Vaughan,1,1
ORG05056,Synthetic Industrial 05056 @ OSM industrial W659441082,industrial,PL_W659441082,Vaughan,1,1
ORG05057,Synthetic Industrial 05057 @ OSM industrial W659441083,industrial,PL_W659441083,Vaughan,1,1
ORG05058,Synthetic Industrial 05058 @ OSM industrial W659441216,industrial,PL_W659441216,Vaughan,1,1
ORG05059,Synthetic Residential 05059 @ 143 Mary Pearson Drive,residential,PL_W659445056,Markham,1,1
ORG05060,Synthetic Residential 05060 @ 107 Kruger Road,residential,PL_W659445378,Markham,1,1
ORG05061,Synthetic Residential 05061 @ 36 Brando Avenue,residential,PL_W659445387,Markham,1,1
ORG05062,Synthetic Residential 05062 @ 21 Ralph Court,residential,PL_W659445592,Markham,1,1
ORG05063,Synthetic Residential 05063 @ 91 Coppard Avenue,residential,PL_W659445731,Markham,1,1
ORG05064,Synthetic Residential 05064 @ 23 Taplane Drive,residential,PL_W659446917,Markham,1,1
ORG05065,Synthetic Residential 05065 @ 364 Highglen Avenue,residential,PL_W659447019,Markham,1,1
ORG05066,Synthetic Residential 05066 @ 24 Ketchum Crescent,residential,PL_W659448036,Markham,1,1
ORG05067,Synthetic Residential 05067 @ 5 Tracey Lynne Court,residential,PL_W659448367,Markham,1,1
ORG05068,Synthetic Residential 05068 @ 200 Coppard Avenue,residential,PL_W659448517,Markham,1,1
ORG05069,Synthetic Residential 05069 @ 3 Ralph Court,residential,PL_W659448675,Markham,1,1
ORG05070,Synthetic Residential 05070 @ 30 Marley Court,residential,PL_W659448691,Markham,1,1
ORG05071,Synthetic Residential 05071 @ 30 Dewberry Drive,residential,PL_W659448799,Markham,1,1
ORG05072,Synthetic Residential 05072 @ 55 James Edward Drive,residential,PL_W659449069,Markham,1,1
ORG05073,Synthetic Residential 05073 @ 17 Karen Miles Crescent,residential,PL_W659449339,Markham,1,1
ORG05074,Synthetic Residential 05074 @ 51 Jaffray Road,residential,PL_W659451959,Markham,1,1
ORG05075,Synthetic Residential 05075 @ 12 Randall Avenue,residential,PL_W659452094,Markham,1,1
ORG05076,Synthetic Residential 05076 @ 80 Hepburn Street,residential,PL_W659453807,Markham,1,1
ORG05077,Synthetic Residential 05077 @ 21 Neeland Road,residential,PL_W659454220,Markham,1,1
ORG05078,Synthetic Residential 05078 @ 61 Hepburn Street,residential,PL_W659454418,Markham,1,1
ORG05079,Synthetic Residential 05079 @ 90 Worthing Avenue,residential,PL_W659454661,Markham,1,1
ORG05080,Synthetic Commercial 05080 @ 227 Finchdene Square,commercial,PL_W659459829,Scarborough,3,1
ORG05081,Synthetic Commercial 05081 @ L & K Industries,commercial,PL_W659460157,Scarborough,2,1
ORG05082,Synthetic Office 05082 @ OSM office W659533736,office,PL_W659533736,Brampton,1,1
ORG05083,Synthetic Commercial 05083 @ Westmore Medical Centre,commercial,PL_W659533742,Brampton,1,1
ORG05084,Synthetic Commercial 05084 @ OSM commercial W659533822,commercial,PL_W659533822,Brampton,2,1
ORG05085,Synthetic Commercial 05085 @ OSM commercial W659533823,commercial,PL_W659533823,Brampton,1,1
ORG05086,Synthetic Industrial 05086 @ OSM industrial W659533829,industrial,PL_W659533829,Brampton,1,1
ORG05087,Synthetic Office 05087 @ Identifab Industries Limited,office,PL_W659533830,Brampton,1,1
ORG05088,Synthetic Industrial 05088 @ OSM industrial W659534401,industrial,PL_W659534401,Vaughan,1,1
ORG05089,Synthetic Industrial 05089 @ OSM industrial W659538663,industrial,PL_W659538663,Vaughan,1,1
ORG05090,Synthetic Industrial 05090 @ OSM industrial W659538688,industrial,PL_W659538688,Vaughan,1,1
ORG05091,Synthetic Industrial 05091 @ OSM industrial W659539091,industrial,PL_W659539091,Vaughan,1,1
ORG05092,Synthetic Industrial 05092 @ OSM industrial W659539180,industrial,PL_W659539180,Vaughan,1,1
ORG05093,Synthetic Industrial 05093 @ OSM industrial W659539185,industrial,PL_W659539185,Vaughan,1,1
ORG05094,Synthetic Industrial 05094 @ OSM industrial W659539186,industrial,PL_W659539186,Vaughan,1,1
ORG05095,Synthetic Industrial 05095 @ OSM industrial W659546764,industrial,PL_W659546764,Scarborough,1,1
ORG05096,Synthetic Industrial 05096 @ OSM industrial W659546812,industrial,PL_W659546812,Scarborough,1,1
ORG05097,Synthetic Residential 05097 @ 121 Woodhall Road,residential,PL_W659547038,Markham,1,1
ORG05098,Synthetic Industrial 05098 @ 365 Passmore Avenue,industrial,PL_W659547096,Scarborough,1,1
ORG05099,Synthetic Industrial 05099 @ OSM industrial W659548844,industrial,PL_W659548844,Scarborough,1,1
ORG05100,Synthetic Residential 05100 @ 75 Major Oak Terrace,residential,PL_W659548916,Scarborough,1,1
ORG05101,Synthetic Residential 05101 @ 50 Maresfield Drive,residential,PL_W659548975,Scarborough,1,1
ORG05102,Synthetic Industrial 05102 @ 99 Select Avenue,industrial,PL_W659549074,Scarborough,1,1
ORG05103,Synthetic Residential 05103 @ 49 Miles Farm Road,residential,PL_W659549173,Markham,1,1
ORG05104,Synthetic Residential 05104 @ 54 Ponymill Drive,residential,PL_W659549211,Scarborough,1,1
ORG05105,Synthetic Residential 05105 @ 72 Miles Farm Road,residential,PL_W659549278,Markham,1,1
ORG05106,Synthetic Industrial 05106 @ OSM industrial W659549362,industrial,PL_W659549362,Scarborough,1,1
ORG05107,Synthetic Supermarket 05107 @ Walmart Supercentre,supermarket,PL_W659549418,Scarborough,1,1
ORG05108,Synthetic Industrial 05108 @ OSM industrial W659572839,industrial,PL_W659572839,Brampton,1,1
ORG05109,Synthetic Industrial 05109 @ OSM industrial W659572852,industrial,PL_W659572852,Brampton,1,1
ORG05110,Synthetic Industrial 05110 @ OSM industrial W659572853,industrial,PL_W659572853,Brampton,1,1
ORG05111,Synthetic Industrial 05111 @ OSM industrial W659574437,industrial,PL_W659574437,Brampton,1,1
ORG05112,Synthetic Industrial 05112 @ OSM industrial W659581401,industrial,PL_W659581401,Vaughan,1,1
ORG05113,Synthetic Commercial 05113 @ OSM commercial W659581403,commercial,PL_W659581403,Vaughan,2,1
ORG05114,Synthetic Commercial 05114 @ OSM commercial W659581408,commercial,PL_W659581408,Vaughan,2,1
ORG05115,Synthetic Commercial 05115 @ OSM commercial W659581411,commercial,PL_W659581411,Vaughan,2,1
ORG05116,Synthetic Commercial 05116 @ OSM commercial W659581412,commercial,PL_W659581412,Vaughan,2,1
ORG05117,Synthetic Commercial 05117 @ OSM commercial W659581414,commercial,PL_W659581414,Vaughan,1,1
ORG05118,Synthetic Commercial 05118 @ OSM commercial W659581416,commercial,PL_W659581416,Vaughan,1,1
ORG05119,Synthetic Commercial 05119 @ OSM commercial W659581417,commercial,PL_W659581417,Vaughan,3,1
ORG05120,Synthetic Commercial 05120 @ OSM commercial W659581418,commercial,PL_W659581418,Vaughan,1,1
ORG05121,Synthetic Commercial 05121 @ OSM commercial W659581419,commercial,PL_W659581419,Vaughan,2,1
ORG05122,Synthetic Commercial 05122 @ OSM commercial W659581421,commercial,PL_W659581421,Vaughan,2,1
ORG05123,Synthetic Commercial 05123 @ OSM commercial W659581422,commercial,PL_W659581422,Vaughan,3,1
ORG05124,Synthetic Industrial 05124 @ OSM industrial W659587178,industrial,PL_W659587178,North York,1,1
ORG05125,Synthetic Industrial 05125 @ OSM industrial W659587181,industrial,PL_W659587181,North York,1,1
ORG05126,Synthetic Industrial 05126 @ OSM industrial W659587227,industrial,PL_W659587227,North York,1,1
ORG05127,Synthetic Industrial 05127 @ OSM industrial W659587238,industrial,PL_W659587238,North York,1,1
ORG05128,Synthetic Industrial 05128 @ OSM industrial W659587768,industrial,PL_W659587768,North York,2,1
ORG05129,Synthetic Commercial 05129 @ OSM commercial W659587770,commercial,PL_W659587770,North York,3,1
ORG05130,Synthetic Commercial 05130 @ OSM commercial W659587774,commercial,PL_W659587774,North York,1,1
ORG05131,Synthetic Commercial 05131 @ OSM commercial W659587775,commercial,PL_W659587775,North York,1,1
ORG05132,Synthetic Commercial 05132 @ OSM commercial W659587777,commercial,PL_W659587777,North York,1,1
ORG05133,Synthetic Commercial 05133 @ OSM commercial W659587778,commercial,PL_W659587778,North York,2,1
ORG05134,Synthetic Commercial 05134 @ OSM commercial W659587780,commercial,PL_W659587780,North York,1,1
ORG05135,Synthetic Commercial 05135 @ OSM commercial W659587784,commercial,PL_W659587784,North York,1,1
ORG05136,Synthetic Commercial 05136 @ OSM commercial W659587785,commercial,PL_W659587785,North York,2,1
ORG05137,Synthetic Commercial 05137 @ OSM commercial W659587789,commercial,PL_W659587789,North York,1,1
ORG05138,Synthetic Commercial 05138 @ OSM commercial W659587796,commercial,PL_W659587796,North York,1,1
ORG05139,Synthetic Commercial 05139 @ OSM commercial W659587797,commercial,PL_W659587797,North York,2,1
ORG05140,Synthetic Commercial 05140 @ OSM commercial W659587866,commercial,PL_W659587866,North York,1,1
ORG05141,Synthetic Commercial 05141 @ OSM commercial W659587875,commercial,PL_W659587875,North York,1,1
ORG05142,Synthetic Commercial 05142 @ OSM commercial W659587877,commercial,PL_W659587877,North York,1,1
ORG05143,Synthetic Commercial 05143 @ OSM commercial W659588023,commercial,PL_W659588023,North York,2,1
ORG05144,Synthetic Commercial 05144 @ OSM commercial W659588026,commercial,PL_W659588026,North York,3,1
ORG05145,Synthetic Commercial 05145 @ OSM commercial W659588028,commercial,PL_W659588028,North York,1,1
ORG05146,Synthetic Commercial 05146 @ OSM commercial W659588030,commercial,PL_W659588030,North York,1,1
ORG05147,Synthetic Commercial 05147 @ OSM commercial W659588032,commercial,PL_W659588032,North York,4,1
ORG05148,Synthetic Commercial 05148 @ OSM commercial W659588037,commercial,PL_W659588037,North York,2,1
ORG05149,Synthetic Commercial 05149 @ OSM commercial W659588073,commercial,PL_W659588073,North York,1,1
ORG05150,Synthetic Commercial 05150 @ OSM commercial W659588075,commercial,PL_W659588075,North York,1,1
ORG05151,Synthetic Commercial 05151 @ OSM commercial W659588093,commercial,PL_W659588093,North York,1,1
ORG05152,Synthetic Commercial 05152 @ OSM commercial W659588095,commercial,PL_W659588095,North York,3,1
ORG05153,Synthetic Commercial 05153 @ OSM commercial W659588101,commercial,PL_W659588101,North York,3,1
ORG05154,Synthetic Commercial 05154 @ OSM commercial W659588103,commercial,PL_W659588103,North York,1,1
ORG05155,Synthetic Industrial 05155 @ OSM industrial W659588274,industrial,PL_W659588274,North York,1,1
ORG05156,Synthetic Industrial 05156 @ OSM industrial W659588322,industrial,PL_W659588322,Vaughan,1,1
ORG05157,Synthetic Commercial 05157 @ OSM commercial W659588332,commercial,PL_W659588332,Vaughan,2,1
ORG05158,Synthetic Commercial 05158 @ OSM commercial W659588334,commercial,PL_W659588334,Vaughan,1,1
ORG05159,Synthetic Commercial 05159 @ OSM commercial W659599068,commercial,PL_W659599068,Old Toronto,3,1
ORG05160,Synthetic Industrial 05160 @ OSM industrial W659599760,industrial,PL_W659599760,Old Toronto,1,1
ORG05161,Synthetic Industrial 05161 @ OSM industrial W659599770,industrial,PL_W659599770,Old Toronto,1,1
ORG05162,Synthetic Commercial 05162 @ 600 The Queensway,commercial,PL_W659601455,Old Toronto,1,1
ORG05163,Synthetic Commercial 05163 @ 173 Advance Boulevard,commercial,PL_W659605618,Brampton,1,1
ORG05164,Synthetic Industrial 05164 @ 205 Wilkinson Road,industrial,PL_W659605628,Brampton,1,1
ORG05165,Synthetic Industrial 05165 @ OSM industrial W659605645,industrial,PL_W659605645,Brampton,2,1
ORG05166,Synthetic Commercial 05166 @ OSM commercial W659605921,commercial,PL_W659605921,Brampton,1,1
ORG05167,Synthetic Industrial 05167 @ OSM industrial W659606605,industrial,PL_W659606605,Vaughan,1,1
ORG05168,Synthetic Industrial 05168 @ OSM industrial W659606610,industrial,PL_W659606610,Vaughan,1,1
ORG05169,Synthetic Industrial 05169 @ OSM industrial W659606626,industrial,PL_W659606626,Vaughan,1,1
ORG05170,Synthetic Industrial 05170 @ OSM industrial W659617376,industrial,PL_W659617376,Brampton,1,1
ORG05171,Synthetic Industrial 05171 @ White Cap,industrial,PL_W659617769,Vaughan,1,1
ORG05172,Synthetic Commercial 05172 @ 600 Annette Street,commercial,PL_W659628139,Old Toronto,1,1
ORG05173,Synthetic Commercial 05173 @ OSM commercial W659628958,commercial,PL_W659628958,Old Toronto,1,1
ORG05174,Synthetic Commercial 05174 @ OSM commercial W659628959,commercial,PL_W659628959,Old Toronto,1,1
ORG05175,Synthetic Commercial 05175 @ OSM commercial W659629198,commercial,PL_W659629198,Old Toronto,3,1
ORG05176,Synthetic Commercial 05176 @ 293-297 Jane Street,commercial,PL_W659629199,Old Toronto,1,1
ORG05177,Synthetic Commercial 05177 @ OSM commercial W659629200,commercial,PL_W659629200,Old Toronto,1,1
ORG05178,Synthetic Commercial 05178 @ OSM commercial W659629218,commercial,PL_W659629218,Old Toronto,1,1
ORG05179,Synthetic Commercial 05179 @ OSM commercial W659629256,commercial,PL_W659629256,Old Toronto,3,1
ORG05180,Synthetic Commercial 05180 @ OSM commercial W659629257,commercial,PL_W659629257,Old Toronto,1,1
ORG05181,Synthetic Commercial 05181 @ OSM commercial W659629284,commercial,PL_W659629284,Old Toronto,1,1
ORG05182,Synthetic Commercial 05182 @ OSM commercial W659629316,commercial,PL_W659629316,Old Toronto,1,1
ORG05183,Synthetic Commercial 05183 @ OSM commercial W659629317,commercial,PL_W659629317,Old Toronto,1,1
ORG05184,Synthetic Commercial 05184 @ OSM commercial W659629318,commercial,PL_W659629318,Old Toronto,1,1
ORG05185,Synthetic Commercial 05185 @ OSM commercial W659629321,commercial,PL_W659629321,Old Toronto,2,1
ORG05186,Synthetic Commercial 05186 @ OSM commercial W659629322,commercial,PL_W659629322,Old Toronto,1,1
ORG05187,Synthetic Commercial 05187 @ OSM commercial W659629323,commercial,PL_W659629323,Old Toronto,1,1
ORG05188,Synthetic Commercial 05188 @ OSM commercial W659629337,commercial,PL_W659629337,Old Toronto,1,1
ORG05189,Synthetic Commercial 05189 @ OSM commercial W659632904,commercial,PL_W659632904,Vaughan,1,1
ORG05190,Synthetic Commercial 05190 @ OSM commercial W659632921,commercial,PL_W659632921,Vaughan,2,1
ORG05191,Synthetic Commercial 05191 @ OSM commercial W659632923,commercial,PL_W659632923,Vaughan,1,1
ORG05192,Synthetic Commercial 05192 @ OSM commercial W659632945,commercial,PL_W659632945,Vaughan,3,1
ORG05193,Synthetic Office 05193 @ Iconic Realty,office,PL_W659633403,Vaughan,1,1
ORG05194,Synthetic Commercial 05194 @ OSM commercial W659633469,commercial,PL_W659633469,Vaughan,1,1
ORG05195,Synthetic Commercial 05195 @ OSM commercial W659633473,commercial,PL_W659633473,Vaughan,1,1
ORG05196,Synthetic Commercial 05196 @ OSM commercial W659633476,commercial,PL_W659633476,Vaughan,2,1
ORG05197,Synthetic Residential 05197 @ 29 Woodhall Road,residential,PL_W659728674,Markham,1,1
ORG05198,Synthetic Residential 05198 @ 22 Enchanted Hills Crescent,residential,PL_W659728768,Markham,1,1
ORG05199,Synthetic Residential 05199 @ OSM residential W659728902,residential,PL_W659728902,Markham,1,1
ORG05200,Synthetic Residential 05200 @ 109 Beckwith Crescent,residential,PL_W659729088,Markham,1,1
ORG05201,Synthetic Residential 05201 @ 12 Cardiff Road,residential,PL_W659729333,Markham,1,1
ORG05202,Synthetic Residential 05202 @ 5 Hendon Road,residential,PL_W659729479,Markham,1,1
ORG05203,Synthetic Residential 05203 @ 31 Ingram Road,residential,PL_W659729876,Markham,1,1
ORG05204,Synthetic Residential 05204 @ 234 Goldhawk Trail,residential,PL_W659729950,Markham,1,1
ORG05205,Synthetic Industrial 05205 @ OSM industrial W659730909,industrial,PL_W659730909,Markham,1,1
ORG05206,Synthetic Residential 05206 @ 37 Wickham Court,residential,PL_W659731250,Markham,1,1
ORG05207,Synthetic Industrial 05207 @ OSM industrial W659731800,industrial,PL_W659731800,Markham,1,1
ORG05208,Synthetic Industrial 05208 @ OSM industrial W659732177,industrial,PL_W659732177,Markham,1,1
ORG05209,Synthetic Residential 05209 @ OSM residential W659732221,residential,PL_W659732221,Markham,1,1
ORG05210,Synthetic Residential 05210 @ 12 Dunbar Crescent,residential,PL_W659732267,Markham,1,1
ORG05211,Synthetic Industrial 05211 @ OSM industrial W659732670,industrial,PL_W659732670,Markham,1,1
ORG05212,Synthetic Residential 05212 @ 79 Beckwith Crescent,residential,PL_W659732755,Markham,1,1
ORG05213,Synthetic Residential 05213 @ 64 Bradley Road,residential,PL_W659732765,Markham,1,1
ORG05214,Synthetic Residential 05214 @ 65 Nettlecreek Crescent,residential,PL_W659733275,Markham,1,1
ORG05215,Synthetic Residential 05215 @ 98 Dairis Crescent,residential,PL_W659733657,Markham,1,1
ORG05216,Synthetic Residential 05216 @ OSM residential W659829644,residential,PL_W659829644,Scarborough,1,1
ORG05217,Synthetic Residential 05217 @ OSM residential W659829985,residential,PL_W659829985,Scarborough,1,1
ORG05218,Synthetic Commercial 05218 @ 150 McLevin Avenue,commercial,PL_W659830744,Scarborough,2,1
ORG05219,Synthetic Residential 05219 @ OSM residential W659830904,residential,PL_W659830904,Scarborough,1,1
ORG05220,Synthetic Residential 05220 @ OSM residential W659831136,residential,PL_W659831136,Scarborough,1,1
ORG05221,Synthetic Residential 05221 @ 10 Tapscott Road,residential,PL_W659831173,Scarborough,1,1
ORG05222,Synthetic Residential 05222 @ OSM residential W659831209,residential,PL_W659831209,Scarborough,1,1
ORG05223,Synthetic Supermarket 05223 @ Eraa Supermarket,supermarket,PL_W659831222,Scarborough,1,1
ORG05224,Synthetic Industrial 05224 @ OSM industrial W659833237,industrial,PL_W659833237,Scarborough,1,1
ORG05225,Synthetic Industrial 05225 @ OSM industrial W659833240,industrial,PL_W659833240,Scarborough,1,1
ORG05226,Synthetic Industrial 05226 @ Viva Magnetics Canada Inc,industrial,PL_W659833277,Scarborough,1,1
ORG05227,Synthetic Industrial 05227 @ OSM industrial W659833291,industrial,PL_W659833291,Scarborough,2,1
ORG05228,Synthetic Industrial 05228 @ OSM industrial W659833320,industrial,PL_W659833320,Scarborough,1,1
ORG05229,Synthetic Industrial 05229 @ OSM industrial W659833409,industrial,PL_W659833409,Scarborough,1,1
ORG05230,Synthetic Industrial 05230 @ OSM industrial W659833466,industrial,PL_W659833466,Scarborough,1,1
ORG05231,Synthetic Industrial 05231 @ OSM industrial W659838465,industrial,PL_W659838465,Scarborough,1,1
ORG05232,Synthetic Residential 05232 @ OSM residential W659839311,residential,PL_W659839311,Scarborough,1,1
ORG05233,Synthetic Commercial 05233 @ OSM commercial W659839892,commercial,PL_W659839892,Scarborough,2,1
ORG05234,Synthetic Commercial 05234 @ OSM commercial W659839907,commercial,PL_W659839907,Scarborough,1,1
ORG05235,Synthetic Industrial 05235 @ Drive Products,industrial,PL_W659840070,Scarborough,1,1
ORG05236,Synthetic Industrial 05236 @ DR Rigging & Safety,industrial,PL_W659840213,Scarborough,2,1
ORG05237,Synthetic Commercial 05237 @ OSM commercial W659969619,commercial,PL_W659969619,Vaughan,1,1
ORG05238,Synthetic Commercial 05238 @ OSM commercial W659970395,commercial,PL_W659970395,Vaughan,2,1
ORG05239,Synthetic Industrial 05239 @ OSM industrial W659974224,industrial,PL_W659974224,Vaughan,1,1
ORG05240,Synthetic Residential 05240 @ OSM residential W660075325,residential,PL_W660075325,Scarborough,1,1
ORG05241,Synthetic Commercial 05241 @ OSM commercial W660078366,commercial,PL_W660078366,Scarborough,3,1
ORG05242,Synthetic Residential 05242 @ OSM residential W660078446,residential,PL_W660078446,Scarborough,1,1
ORG05243,Synthetic Residential 05243 @ 3434 Eglinton Avenue East,residential,PL_W660079287,Scarborough,1,1
ORG05244,Synthetic Residential 05244 @ OSM residential W660079302,residential,PL_W660079302,Scarborough,1,1
ORG05245,Synthetic Residential 05245 @ OSM residential W660079777,residential,PL_W660079777,Scarborough,1,1
ORG05246,Synthetic Residential 05246 @ OSM residential W660079794,residential,PL_W660079794,Scarborough,1,1
ORG05247,Synthetic Retail 05247 @ Pine Grove Automotive,retail,PL_W660081578,Vaughan,1,1
ORG05248,Synthetic Commercial 05248 @ OSM commercial W660081823,commercial,PL_W660081823,Vaughan,1,1
ORG05249,Synthetic Commercial 05249 @ OSM commercial W660081848,commercial,PL_W660081848,Vaughan,1,1
ORG05250,Synthetic Residential 05250 @ OSM residential W660177154,residential,PL_W660177154,Scarborough,1,1
ORG05251,Synthetic Residential 05251 @ OSM residential W660178204,residential,PL_W660178204,Scarborough,1,1
ORG05252,Synthetic Residential 05252 @ OSM residential W660212477,residential,PL_W660212477,Scarborough,1,1
ORG05253,Synthetic Commercial 05253 @ Scotiabank Pond,commercial,PL_W660222492,North York,3,1
ORG05254,Synthetic Industrial 05254 @ OSM industrial W660222956,industrial,PL_W660222956,North York,1,1
ORG05255,Synthetic Industrial 05255 @ OSM industrial W660222957,industrial,PL_W660222957,North York,1,1
ORG05256,Synthetic Commercial 05256 @ OSM commercial W660248226,commercial,PL_W660248226,North York,1,1
ORG05257,Synthetic Industrial 05257 @ OSM industrial W660248237,industrial,PL_W660248237,North York,1,1
ORG05258,Synthetic Industrial 05258 @ OSM industrial W660248239,industrial,PL_W660248239,North York,1,1
ORG05259,Synthetic Residential 05259 @ OSM residential W660248262,residential,PL_W660248262,North York,1,1
ORG05260,Synthetic Residential 05260 @ OSM residential W660346989,residential,PL_W660346989,Scarborough,1,1
ORG05261,Synthetic Residential 05261 @ OSM residential W660347834,residential,PL_W660347834,Scarborough,1,1
ORG05262,Synthetic Residential 05262 @ OSM residential W660348085,residential,PL_W660348085,Scarborough,1,1
ORG05263,Synthetic Residential 05263 @ OSM residential W660348533,residential,PL_W660348533,Scarborough,1,1
ORG05264,Synthetic Office 05264 @ 1530 Markham Road,office,PL_W660357354,Scarborough,2,1
ORG05265,Synthetic Residential 05265 @ OSM residential W660358116,residential,PL_W660358116,Scarborough,1,1
ORG05266,Synthetic Office 05266 @ 305 Milner Avenue,office,PL_W660358183,Scarborough,4,1
ORG05267,Synthetic Residential 05267 @ OSM residential W660358190,residential,PL_W660358190,Scarborough,1,1
ORG05268,Synthetic Office 05268 @ Homelife,office,PL_W660367473,North York,2,1
ORG05269,Synthetic Commercial 05269 @ OSM commercial W660397102,commercial,PL_W660397102,North York,2,1
ORG05270,Synthetic Residential 05270 @ OSM residential W660568235,residential,PL_W660568235,Scarborough,1,1
ORG05271,Synthetic Residential 05271 @ OSM residential W660568826,residential,PL_W660568826,Scarborough,1,1
ORG05272,Synthetic Residential 05272 @ OSM residential W660569108,residential,PL_W660569108,Scarborough,1,1
ORG05273,Synthetic Residential 05273 @ OSM residential W660569187,residential,PL_W660569187,Scarborough,1,1
ORG05274,Synthetic Residential 05274 @ OSM residential W660569644,residential,PL_W660569644,Scarborough,1,1
ORG05275,Synthetic Residential 05275 @ The Wilshire,residential,PL_W660569766,Scarborough,1,1
ORG05276,Synthetic Residential 05276 @ OSM residential W660583909,residential,PL_W660583909,Scarborough,1,1
ORG05277,Synthetic Residential 05277 @ OSM residential W660584176,residential,PL_W660584176,Scarborough,1,1
ORG05278,Synthetic Residential 05278 @ OSM residential W660584207,residential,PL_W660584207,Scarborough,1,1
ORG05279,Synthetic Residential 05279 @ OSM residential W660584509,residential,PL_W660584509,Scarborough,1,1
ORG05280,Synthetic Residential 05280 @ OSM residential W660584984,residential,PL_W660584984,Scarborough,1,1
ORG05281,Synthetic Residential 05281 @ OSM residential W660585504,residential,PL_W660585504,Scarborough,1,1
ORG05282,Synthetic Supermarket 05282 @ Herat Bazaar,supermarket,PL_W660585990,Scarborough,1,1
ORG05283,Synthetic Residential 05283 @ OSM residential W660586305,residential,PL_W660586305,Scarborough,1,1
ORG05284,Synthetic Residential 05284 @ OSM residential W660601635,residential,PL_W660601635,Scarborough,1,1
ORG05285,Synthetic Residential 05285 @ OSM residential W660602062,residential,PL_W660602062,Scarborough,1,1
ORG05286,Synthetic Residential 05286 @ OSM residential W660602719,residential,PL_W660602719,Scarborough,1,1
ORG05287,Synthetic Residential 05287 @ OSM residential W660603438,residential,PL_W660603438,Scarborough,1,1
ORG05288,Synthetic Commercial 05288 @ 1000 Finch Avenue West,commercial,PL_W660620516,North York,1,1
ORG05289,Synthetic Commercial 05289 @ OSM commercial W660620517,commercial,PL_W660620517,North York,1,1
ORG05290,Synthetic Commercial 05290 @ OSM commercial W660620518,commercial,PL_W660620518,North York,1,1
ORG05291,Synthetic Commercial 05291 @ 5001 Yonge Street,commercial,PL_W660624564,North York,23,3
ORG05292,Synthetic Residential 05292 @ OSM residential W660633311,residential,PL_W660633311,Scarborough,1,1
ORG05293,Synthetic Residential 05293 @ OSM residential W660636413,residential,PL_W660636413,Scarborough,1,1
ORG05294,Synthetic Residential 05294 @ OSM residential W660636992,residential,PL_W660636992,Scarborough,1,1
ORG05295,Synthetic Residential 05295 @ OSM residential W660637883,residential,PL_W660637883,Scarborough,1,1
ORG05296,Synthetic Commercial 05296 @ 1220 Markham Road,commercial,PL_W660806591,Scarborough,1,1
ORG05297,Synthetic Commercial 05297 @ OSM commercial W660806638,commercial,PL_W660806638,Scarborough,3,1
ORG05298,Synthetic Commercial 05298 @ OSM commercial W660806732,commercial,PL_W660806732,Scarborough,1,1
ORG05299,Synthetic Industrial 05299 @ OSM industrial W660806810,industrial,PL_W660806810,Scarborough,1,1
ORG05300,Synthetic Commercial 05300 @ OSM commercial W660806856,commercial,PL_W660806856,Scarborough,3,1
ORG05301,Synthetic Commercial 05301 @ OSM commercial W660806952,commercial,PL_W660806952,Scarborough,1,1
ORG05302,Synthetic Industrial 05302 @ OSM industrial W660806969,industrial,PL_W660806969,Scarborough,1,1
ORG05303,Synthetic Commercial 05303 @ OSM commercial W660807044,commercial,PL_W660807044,Scarborough,2,1
ORG05304,Synthetic Commercial 05304 @ OSM commercial W660807077,commercial,PL_W660807077,Scarborough,3,1
ORG05305,Synthetic Commercial 05305 @ OSM commercial W660807081,commercial,PL_W660807081,Scarborough,1,1
ORG05306,Synthetic Industrial 05306 @ OSM industrial W660807107,industrial,PL_W660807107,Scarborough,1,1
ORG05307,Synthetic Commercial 05307 @ OSM commercial W660807166,commercial,PL_W660807166,Scarborough,1,1
ORG05308,Synthetic Residential 05308 @ OSM residential W660817182,residential,PL_W660817182,Scarborough,1,1
ORG05309,Synthetic Residential 05309 @ OSM residential W660817961,residential,PL_W660817961,Scarborough,1,1
ORG05310,Synthetic Residential 05310 @ OSM residential W660819580,residential,PL_W660819580,Scarborough,1,1
ORG05311,Synthetic Residential 05311 @ OSM residential W660820017,residential,PL_W660820017,Scarborough,1,1
ORG05312,Synthetic Residential 05312 @ OSM residential W660820104,residential,PL_W660820104,Scarborough,1,1
ORG05313,Synthetic Residential 05313 @ OSM residential W660820706,residential,PL_W660820706,Scarborough,1,1
ORG05314,Synthetic Commercial 05314 @ OSM commercial W660829943,commercial,PL_W660829943,Scarborough,2,1
ORG05315,Synthetic Residential 05315 @ OSM residential W660829967,residential,PL_W660829967,Scarborough,1,1
ORG05316,Synthetic Commercial 05316 @ 90 Barbados Boulevard,commercial,PL_W660830190,Scarborough,1,1
ORG05317,Synthetic Industrial 05317 @ 440 Brimley Road,industrial,PL_W660830204,Scarborough,1,1
ORG05318,Synthetic Commercial 05318 @ OSM commercial W660830486,commercial,PL_W660830486,Scarborough,1,1
ORG05319,Synthetic Commercial 05319 @ 100 Barbados Boulevard,commercial,PL_W660830763,Scarborough,2,1
ORG05320,Synthetic Commercial 05320 @ OSM commercial W660830788,commercial,PL_W660830788,Scarborough,1,1
ORG05321,Synthetic Commercial 05321 @ OSM commercial W660831118,commercial,PL_W660831118,Scarborough,1,1
ORG05322,Synthetic Residential 05322 @ OSM residential W660831504,residential,PL_W660831504,Scarborough,1,1
ORG05323,Synthetic Residential 05323 @ OSM residential W660831529,residential,PL_W660831529,Scarborough,1,1
ORG05324,Synthetic Residential 05324 @ OSM residential W660831603,residential,PL_W660831603,Scarborough,1,1
ORG05325,Synthetic Residential 05325 @ OSM residential W660831823,residential,PL_W660831823,Scarborough,1,1
ORG05326,Synthetic Commercial 05326 @ OSM commercial W660832630,commercial,PL_W660832630,Vaughan,1,1
ORG05327,Synthetic Restaurant 05327 @ A&W,restaurant,PL_W660832650,Vaughan,1,1
ORG05328,Synthetic Commercial 05328 @ 610 Applewood Crescent,commercial,PL_W660832883,Vaughan,6,1
ORG05329,Synthetic Commercial 05329 @ OSM commercial W660835759,commercial,PL_W660835759,North York,1,1
ORG05330,Synthetic Commercial 05330 @ Orfus Road,commercial,PL_W660836271,North York,1,1
ORG05331,Synthetic Commercial 05331 @ Orfus Road,commercial,PL_W660836273,North York,2,1
ORG05332,Synthetic Commercial 05332 @ Orfus Road,commercial,PL_W660836274,North York,1,1
ORG05333,Synthetic Residential 05333 @ OSM residential W660836394,residential,PL_W660836394,North York,1,1
ORG05334,Synthetic Industrial 05334 @ OSM industrial W660836536,industrial,PL_W660836536,North York,1,1
ORG05335,Synthetic Industrial 05335 @ OSM industrial W660836551,industrial,PL_W660836551,North York,1,1
ORG05336,Synthetic Commercial 05336 @ OSM commercial W660836569,commercial,PL_W660836569,North York,1,1
ORG05337,Synthetic Commercial 05337 @ OSM commercial W660836572,commercial,PL_W660836572,North York,1,1
ORG05338,Synthetic Commercial 05338 @ OSM commercial W660836573,commercial,PL_W660836573,North York,1,1
ORG05339,Synthetic Commercial 05339 @ OSM commercial W660836586,commercial,PL_W660836586,North York,1,1
ORG05340,Synthetic Commercial 05340 @ OSM commercial W660836753,commercial,PL_W660836753,North York,1,1
ORG05341,Synthetic Commercial 05341 @ Orfus Road,commercial,PL_W660836754,North York,1,1
ORG05342,Synthetic Commercial 05342 @ Orfus Road,commercial,PL_W660836757,North York,1,1
ORG05343,Synthetic Commercial 05343 @ Orfus Road,commercial,PL_W660836758,North York,2,1
ORG05344,Synthetic Commercial 05344 @ Orfus Road,commercial,PL_W660836759,North York,1,1
ORG05345,Synthetic Industrial 05345 @ OSM industrial W660836762,industrial,PL_W660836762,North York,1,1
ORG05346,Synthetic Industrial 05346 @ OSM industrial W660836773,industrial,PL_W660836773,North York,1,1
ORG05347,Synthetic Industrial 05347 @ OSM industrial W660836778,industrial,PL_W660836778,North York,1,1
ORG05348,Synthetic Industrial 05348 @ OSM industrial W660836793,industrial,PL_W660836793,North York,1,1
ORG05349,Synthetic Industrial 05349 @ OSM industrial W660836805,industrial,PL_W660836805,North York,1,1
ORG05350,Synthetic Industrial 05350 @ OSM industrial W660836829,industrial,PL_W660836829,North York,1,1
ORG05351,Synthetic Residential 05351 @ OSM residential W660837092,residential,PL_W660837092,Scarborough,1,1
ORG05352,Synthetic Residential 05352 @ OSM residential W660838262,residential,PL_W660838262,Scarborough,1,1
ORG05353,Synthetic Residential 05353 @ OSM residential W660839003,residential,PL_W660839003,Scarborough,1,1
ORG05354,Synthetic Commercial 05354 @ OSM commercial W660842583,commercial,PL_W660842583,North York,2,1
ORG05355,Synthetic Residential 05355 @ OSM residential W660844650,residential,PL_W660844650,North York,1,1
ORG05356,Synthetic Commercial 05356 @ OSM commercial W660865172,commercial,PL_W660865172,North York,3,1
ORG05357,Synthetic Residential 05357 @ OSM residential W660866850,residential,PL_W660866850,Scarborough,1,1
ORG05358,Synthetic Residential 05358 @ OSM residential W660867281,residential,PL_W660867281,Scarborough,1,1
ORG05359,Synthetic Residential 05359 @ OSM residential W660867429,residential,PL_W660867429,Scarborough,1,1
ORG05360,Synthetic Residential 05360 @ OSM residential W660867512,residential,PL_W660867512,Scarborough,1,1
ORG05361,Synthetic Residential 05361 @ OSM residential W660867635,residential,PL_W660867635,Scarborough,1,1
ORG05362,Synthetic Commercial 05362 @ OSM commercial W660934386,commercial,PL_W660934386,North York,1,1
ORG05363,Synthetic Commercial 05363 @ OSM commercial W660934398,commercial,PL_W660934398,North York,1,1
ORG05364,Synthetic Commercial 05364 @ OSM commercial W660934400,commercial,PL_W660934400,North York,2,1
ORG05365,Synthetic Commercial 05365 @ OSM commercial W660934412,commercial,PL_W660934412,North York,2,1
ORG05366,Synthetic Commercial 05366 @ OSM commercial W660934414,commercial,PL_W660934414,North York,1,1
ORG05367,Synthetic Industrial 05367 @ 60 Alness Street,industrial,PL_W660934776,North York,1,1
ORG05368,Synthetic Industrial 05368 @ OSM industrial W660934782,industrial,PL_W660934782,North York,1,1
ORG05369,Synthetic Industrial 05369 @ OSM industrial W660934796,industrial,PL_W660934796,North York,1,1
ORG05370,Synthetic Industrial 05370 @ OSM industrial W660934797,industrial,PL_W660934797,North York,1,1
ORG05371,Synthetic Industrial 05371 @ OSM industrial W660934826,industrial,PL_W660934826,North York,1,1
ORG05372,Synthetic Industrial 05372 @ OSM industrial W660934829,industrial,PL_W660934829,North York,1,1
ORG05373,Synthetic Residential 05373 @ OSM residential W660980586,residential,PL_W660980586,Scarborough,1,1
ORG05374,Synthetic Residential 05374 @ OSM residential W660981669,residential,PL_W660981669,Scarborough,1,1
ORG05375,Synthetic Commercial 05375 @ OSM commercial W661021443,commercial,PL_W661021443,Old Toronto,2,1
ORG05376,Synthetic Commercial 05376 @ OSM commercial W661021552,commercial,PL_W661021552,Old Toronto,2,1
ORG05377,Synthetic Industrial 05377 @ OSM industrial W661022272,industrial,PL_W661022272,Old Toronto,1,1
ORG05378,Synthetic Industrial 05378 @ OSM industrial W661022274,industrial,PL_W661022274,Old Toronto,1,1
ORG05379,Synthetic Commercial 05379 @ OSM commercial W661035503,commercial,PL_W661035503,Brampton,2,1
ORG05380,Synthetic Commercial 05380 @ OSM commercial W661035504,commercial,PL_W661035504,Brampton,1,1
ORG05381,Synthetic Commercial 05381 @ OSM commercial W661035849,commercial,PL_W661035849,Brampton,1,1
ORG05382,Synthetic Office 05382 @ OSM office W661045013,office,PL_W661045013,Markham,1,1
ORG05383,Synthetic Office 05383 @ OSM office W661047830,office,PL_W661047830,Markham,1,1
ORG05384,Synthetic Residential 05384 @ OSM residential W661048102,residential,PL_W661048102,Markham,1,1
ORG05385,Synthetic Residential 05385 @ OSM residential W661048640,residential,PL_W661048640,Markham,1,1
ORG05386,Synthetic Residential 05386 @ OSM residential W661048758,residential,PL_W661048758,Markham,1,1
ORG05387,Synthetic Residential 05387 @ OSM residential W661049299,residential,PL_W661049299,Markham,1,1
ORG05388,Synthetic Office 05388 @ 7455 Birchmount Road,office,PL_W661049306,Markham,2,1
ORG05389,Synthetic Commercial 05389 @ OSM commercial W661049712,commercial,PL_W661049712,Markham,1,1
ORG05390,Synthetic Office 05390 @ OSM office W661049738,office,PL_W661049738,Markham,1,1
ORG05391,Synthetic Office 05391 @ OSM office W661050416,office,PL_W661050416,Markham,1,1
ORG05392,Synthetic Industrial 05392 @ OSM industrial W661065097,industrial,PL_W661065097,Vaughan,1,1
ORG05393,Synthetic Industrial 05393 @ OSM industrial W661065643,industrial,PL_W661065643,Markham,1,1
ORG05394,Synthetic Hotel 05394 @ Monte Carlo Inn - Downtown Markham,hotel,PL_W661065753,Markham,3,1
ORG05395,Synthetic Residential 05395 @ OSM residential W661065943,residential,PL_W661065943,Markham,1,1
ORG05396,Synthetic Industrial 05396 @ OSM industrial W661066435,industrial,PL_W661066435,Markham,1,1
ORG05397,Synthetic Office 05397 @ Toby & Jain Accountants,office,PL_W661070409,North York,1,1
ORG05398,Synthetic Residential 05398 @ OSM residential W661075519,residential,PL_W661075519,Scarborough,1,1
ORG05399,Synthetic Residential 05399 @ OSM residential W661076100,residential,PL_W661076100,Scarborough,1,1
ORG05400,Synthetic Residential 05400 @ OSM residential W661076458,residential,PL_W661076458,Scarborough,1,1
ORG05401,Synthetic Residential 05401 @ OSM residential W661076721,residential,PL_W661076721,Scarborough,1,1
ORG05402,Synthetic Commercial 05402 @ Roselawn Avenue,commercial,PL_W661077827,Old Toronto,3,1
ORG05403,Synthetic Commercial 05403 @ OSM commercial W661077889,commercial,PL_W661077889,Old Toronto,1,1
ORG05404,Synthetic Commercial 05404 @ OSM commercial W661077890,commercial,PL_W661077890,Old Toronto,2,1
ORG05405,Synthetic Commercial 05405 @ OSM commercial W661078033,commercial,PL_W661078033,Old Toronto,2,1
ORG05406,Synthetic Industrial 05406 @ OSM industrial W661078270,industrial,PL_W661078270,Old Toronto,1,1
ORG05407,Synthetic Industrial 05407 @ OSM industrial W661078287,industrial,PL_W661078287,North York,1,1
ORG05408,Synthetic Residential 05408 @ OSM residential W661079382,residential,PL_W661079382,North York,1,1
ORG05409,Synthetic Industrial 05409 @ OSM industrial W661079400,industrial,PL_W661079400,North York,1,1
ORG05410,Synthetic Industrial 05410 @ OSM industrial W661079401,industrial,PL_W661079401,North York,1,1
ORG05411,Synthetic Industrial 05411 @ OSM industrial W661079402,industrial,PL_W661079402,North York,1,1
ORG05412,Synthetic Commercial 05412 @ OSM commercial W661192652,commercial,PL_W661192652,North York,1,1
ORG05413,Synthetic Commercial 05413 @ (Vacant),commercial,PL_W661192936,North York,2,1
ORG05414,Synthetic Commercial 05414 @ OSM commercial W661192938,commercial,PL_W661192938,North York,1,1
ORG05415,Synthetic Commercial 05415 @ OSM commercial W661193367,commercial,PL_W661193367,North York,1,1
ORG05416,Synthetic Commercial 05416 @ OSM commercial W661193373,commercial,PL_W661193373,North York,2,1
ORG05417,Synthetic Commercial 05417 @ OSM commercial W661193374,commercial,PL_W661193374,North York,1,1
ORG05418,Synthetic Commercial 05418 @ OSM commercial W661193375,commercial,PL_W661193375,North York,1,1
ORG05419,Synthetic Commercial 05419 @ OSM commercial W661193466,commercial,PL_W661193466,North York,1,1
ORG05420,Synthetic Commercial 05420 @ OSM commercial W661193469,commercial,PL_W661193469,North York,1,1
ORG05421,Synthetic Commercial 05421 @ OSM commercial W661193506,commercial,PL_W661193506,North York,2,1
ORG05422,Synthetic Commercial 05422 @ Madison Centre,commercial,PL_W661193603,North York,9,1
ORG05423,Synthetic Commercial 05423 @ OSM commercial W661194022,commercial,PL_W661194022,North York,1,1
ORG05424,Synthetic Commercial 05424 @ OSM commercial W661194117,commercial,PL_W661194117,North York,2,1
ORG05425,Synthetic Residential 05425 @ OSM residential W661205098,residential,PL_W661205098,Scarborough,1,1
ORG05426,Synthetic Industrial 05426 @ OSM industrial W661205610,industrial,PL_W661205610,Scarborough,1,1
ORG05427,Synthetic Residential 05427 @ OSM residential W661205742,residential,PL_W661205742,Scarborough,1,1
ORG05428,Synthetic Residential 05428 @ OSM residential W661206017,residential,PL_W661206017,Scarborough,1,1
ORG05429,Synthetic Residential 05429 @ OSM residential W661206628,residential,PL_W661206628,Scarborough,1,1
ORG05430,Synthetic Residential 05430 @ OSM residential W661206809,residential,PL_W661206809,Scarborough,1,1
ORG05431,Synthetic Residential 05431 @ OSM residential W661206811,residential,PL_W661206811,Scarborough,1,1
ORG05432,Synthetic Residential 05432 @ OSM residential W661206875,residential,PL_W661206875,Scarborough,1,1
ORG05433,Synthetic Residential 05433 @ OSM residential W661207111,residential,PL_W661207111,Scarborough,1,1
ORG05434,Synthetic Commercial 05434 @ 5 Resolution Drive,commercial,PL_W661250102,Brampton,1,1
ORG05435,Synthetic Industrial 05435 @ OSM industrial W661250118,industrial,PL_W661250118,Brampton,1,1
ORG05436,Synthetic Gym 05436 @ 370 Bartley Bull Parkway,gym,PL_W661250142,Brampton,1,1
ORG05437,Synthetic Industrial 05437 @ OSM industrial W661250168,industrial,PL_W661250168,Brampton,1,1
ORG05438,Synthetic Industrial 05438 @ OSM industrial W661250199,industrial,PL_W661250199,Brampton,1,1
ORG05439,Synthetic Industrial 05439 @ OSM industrial W661250210,industrial,PL_W661250210,Brampton,1,1
ORG05440,Synthetic Industrial 05440 @ OSM industrial W661250224,industrial,PL_W661250224,Brampton,1,1
ORG05441,Synthetic Industrial 05441 @ OSM industrial W661250253,industrial,PL_W661250253,Brampton,1,1
ORG05442,Synthetic Industrial 05442 @ OSM industrial W661250268,industrial,PL_W661250268,Brampton,1,1
ORG05443,Synthetic Commercial 05443 @ OSM commercial W661250605,commercial,PL_W661250605,Brampton,1,1
ORG05444,Synthetic Industrial 05444 @ OSM industrial W661250616,industrial,PL_W661250616,Brampton,1,1
ORG05445,Synthetic Industrial 05445 @ OSM industrial W661251276,industrial,PL_W661251276,Brampton,1,1
ORG05446,Synthetic Industrial 05446 @ OSM industrial W661251278,industrial,PL_W661251278,Brampton,1,1
ORG05447,Synthetic Industrial 05447 @ OSM industrial W661251339,industrial,PL_W661251339,Brampton,1,1
ORG05448,Synthetic Industrial 05448 @ OSM industrial W661251352,industrial,PL_W661251352,Brampton,1,1
ORG05449,Synthetic Commercial 05449 @ OSM commercial W661251367,commercial,PL_W661251367,Brampton,1,1
ORG05450,Synthetic Commercial 05450 @ OSM commercial W661251368,commercial,PL_W661251368,Brampton,1,1
ORG05451,Synthetic Industrial 05451 @ OSM industrial W661251417,industrial,PL_W661251417,Brampton,1,1
ORG05452,Synthetic Residential 05452 @ OSM residential W661263197,residential,PL_W661263197,Vaughan,1,1
ORG05453,Synthetic Commercial 05453 @ OSM commercial W661270617,commercial,PL_W661270617,North York,2,1
ORG05454,Synthetic Commercial 05454 @ OSM commercial W661270707,commercial,PL_W661270707,North York,2,1
ORG05455,Synthetic Residential 05455 @ OSM residential W661275621,residential,PL_W661275621,Scarborough,1,1
ORG05456,Synthetic Residential 05456 @ OSM residential W661275723,residential,PL_W661275723,Scarborough,1,1
ORG05457,Synthetic Industrial 05457 @ OSM industrial W661291871,industrial,PL_W661291871,Old Toronto,1,1
ORG05458,Synthetic Industrial 05458 @ OSM industrial W661291872,industrial,PL_W661291872,Old Toronto,1,1
ORG05459,Synthetic Industrial 05459 @ OSM industrial W661291886,industrial,PL_W661291886,Old Toronto,1,1
ORG05460,Synthetic Industrial 05460 @ OSM industrial W661292315,industrial,PL_W661292315,Old Toronto,1,1
ORG05461,Synthetic Commercial 05461 @ OSM commercial W661292604,commercial,PL_W661292604,Old Toronto,3,1
ORG05462,Synthetic Commercial 05462 @ OSM commercial W661292611,commercial,PL_W661292611,Old Toronto,1,1
ORG05463,Synthetic Retail 05463 @ Access Storage,retail,PL_W661314203,Brampton,1,1
ORG05464,Synthetic Industrial 05464 @ OSM industrial W661314215,industrial,PL_W661314215,Brampton,1,1
ORG05465,Synthetic Industrial 05465 @ OSM industrial W661314216,industrial,PL_W661314216,Brampton,1,1
ORG05466,Synthetic Industrial 05466 @ OSM industrial W661314217,industrial,PL_W661314217,Brampton,1,1
ORG05467,Synthetic Commercial 05467 @ 215 Orenda Road,commercial,PL_W661314230,Brampton,3,1
ORG05468,Synthetic Industrial 05468 @ OSM industrial W661314349,industrial,PL_W661314349,Brampton,1,1
ORG05469,Synthetic Industrial 05469 @ OSM industrial W661314353,industrial,PL_W661314353,Brampton,1,1
ORG05470,Synthetic Industrial 05470 @ OSM industrial W661314355,industrial,PL_W661314355,Brampton,1,1
ORG05471,Synthetic Industrial 05471 @ Waste Connections Canada,industrial,PL_W661314360,Brampton,1,1
ORG05472,Synthetic Industrial 05472 @ OSM industrial W661314412,industrial,PL_W661314412,Brampton,1,1
ORG05473,Synthetic Industrial 05473 @ OSM industrial W661314414,industrial,PL_W661314414,Brampton,1,1
ORG05474,Synthetic Industrial 05474 @ OSM industrial W661314422,industrial,PL_W661314422,Brampton,1,1
ORG05475,Synthetic Commercial 05475 @ Officers' Mess,commercial,PL_W661317031,North York,1,1
ORG05476,Synthetic Gym 05476 @ CFC Gym,gym,PL_W661317033,North York,1,1
ORG05477,Synthetic Residential 05477 @ OSM residential W661323891,residential,PL_W661323891,Scarborough,1,1
ORG05478,Synthetic Residential 05478 @ OSM residential W661324234,residential,PL_W661324234,Scarborough,1,1
ORG05479,Synthetic Residential 05479 @ OSM residential W661324913,residential,PL_W661324913,Scarborough,1,1
ORG05480,Synthetic Residential 05480 @ OSM residential W661325307,residential,PL_W661325307,Scarborough,1,1
ORG05481,Synthetic Office 05481 @ Scarborough Civic Centre,office,PL_W661330239,Scarborough,3,1
ORG05482,Synthetic Industrial 05482 @ OSM industrial W661330373,industrial,PL_W661330373,Scarborough,1,1
ORG05483,Synthetic Residential 05483 @ 38 Garden Park Avenue,residential,PL_W661330489,Scarborough,1,1
ORG05484,Synthetic Supermarket 05484 @ Real Canadian Superstore,supermarket,PL_W661330555,Scarborough,1,1
ORG05485,Synthetic Office 05485 @ Haidlmair,office,PL_W661334773,Vaughan,1,1
ORG05486,Synthetic Industrial 05486 @ OSM industrial W661334774,industrial,PL_W661334774,Vaughan,1,1
ORG05487,Synthetic Office 05487 @ Assa Abloy,office,PL_W661334777,Vaughan,1,1
ORG05488,Synthetic Industrial 05488 @ OSM industrial W661334779,industrial,PL_W661334779,Vaughan,1,1
ORG05489,Synthetic Industrial 05489 @ OSM industrial W661334783,industrial,PL_W661334783,Vaughan,1,1
ORG05490,Synthetic Residential 05490 @ 5221 Yonge Street,residential,PL_W661345981,North York,1,1
ORG05491,Synthetic Office 05491 @ 5255 Yonge Street,office,PL_W661345988,North York,2,1
ORG05492,Synthetic Commercial 05492 @ 80 Finch Avenue West,commercial,PL_W661347087,North York,2,1
ORG05493,Synthetic Residential 05493 @ OSM residential W661470161,residential,PL_W661470161,Scarborough,1,1
ORG05494,Synthetic Industrial 05494 @ OSM industrial W661471612,industrial,PL_W661471612,Vaughan,2,1
ORG05495,Synthetic Commercial 05495 @ OSM commercial W661471621,commercial,PL_W661471621,Vaughan,1,1
ORG05496,Synthetic Commercial 05496 @ OSM commercial W661471624,commercial,PL_W661471624,Vaughan,1,1
ORG05497,Synthetic Industrial 05497 @ OSM industrial W661471681,industrial,PL_W661471681,Vaughan,1,1
ORG05498,Synthetic Industrial 05498 @ OSM industrial W661471698,industrial,PL_W661471698,Vaughan,1,1
ORG05499,Synthetic Industrial 05499 @ OSM industrial W661471703,industrial,PL_W661471703,Vaughan,1,1
ORG05500,Synthetic Industrial 05500 @ OSM industrial W661471713,industrial,PL_W661471713,Vaughan,1,1
ORG05501,Synthetic Industrial 05501 @ OSM industrial W661471718,industrial,PL_W661471718,Vaughan,1,1
ORG05502,Synthetic Industrial 05502 @ OSM industrial W661471724,industrial,PL_W661471724,Vaughan,1,1
ORG05503,Synthetic Industrial 05503 @ OSM industrial W661471730,industrial,PL_W661471730,Vaughan,1,1
ORG05504,Synthetic Industrial 05504 @ OSM industrial W661471744,industrial,PL_W661471744,Vaughan,1,1
ORG05505,Synthetic Industrial 05505 @ 86 Audia Court,industrial,PL_W661471759,Vaughan,1,1
ORG05506,Synthetic Industrial 05506 @ OSM industrial W661471840,industrial,PL_W661471840,Vaughan,1,1
ORG05507,Synthetic Commercial 05507 @ Glencairn Baptist Church,commercial,PL_W661483679,North York,1,1
ORG05508,Synthetic Commercial 05508 @ OSM commercial W661511461,commercial,PL_W661511461,Vaughan,2,1
ORG05509,Synthetic Commercial 05509 @ 251 Racco Parkway,commercial,PL_W661512484,Vaughan,1,1
ORG05510,Synthetic Commercial 05510 @ 175 Racco Parkway,commercial,PL_W661512486,Vaughan,1,1
ORG05511,Synthetic Commercial 05511 @ 155 Racco Parkway,commercial,PL_W661512487,Vaughan,1,1
ORG05512,Synthetic Commercial 05512 @ 215 Racco Parkway,commercial,PL_W661512489,Vaughan,1,1
ORG05513,Synthetic Residential 05513 @ OSM residential W661541291,residential,PL_W661541291,North York,1,1
ORG05514,Synthetic Commercial 05514 @ OSM commercial W661541402,commercial,PL_W661541402,North York,1,1
ORG05515,Synthetic Residential 05515 @ 5 Tangreen Court,residential,PL_W661541403,North York,1,1
ORG05516,Synthetic Commercial 05516 @ OSM commercial W661541408,commercial,PL_W661541408,North York,1,1
ORG05517,Synthetic Commercial 05517 @ OSM commercial W661541443,commercial,PL_W661541443,North York,2,1
ORG05518,Synthetic Commercial 05518 @ 180 Steeles Avenue West,commercial,PL_W661541480,Vaughan,2,1
ORG05519,Synthetic Commercial 05519 @ OSM commercial W661541481,commercial,PL_W661541481,North York,1,1
ORG05520,Synthetic Commercial 05520 @ OSM commercial W661541482,commercial,PL_W661541482,North York,1,1
ORG05521,Synthetic Residential 05521 @ OSM residential W661566452,residential,PL_W661566452,Markham,1,1
ORG05522,Synthetic Residential 05522 @ OSM residential W661568417,residential,PL_W661568417,Scarborough,1,1
ORG05523,Synthetic Residential 05523 @ OSM residential W661568879,residential,PL_W661568879,Scarborough,1,1
ORG05524,Synthetic Residential 05524 @ OSM residential W661635710,residential,PL_W661635710,Scarborough,1,1
ORG05525,Synthetic Residential 05525 @ OSM residential W661636027,residential,PL_W661636027,Scarborough,1,1
ORG05526,Synthetic Residential 05526 @ OSM residential W661637031,residential,PL_W661637031,Scarborough,1,1
ORG05527,Synthetic Residential 05527 @ OSM residential W661648703,residential,PL_W661648703,Markham,1,1
ORG05528,Synthetic Residential 05528 @ OSM residential W661648853,residential,PL_W661648853,Markham,1,1
ORG05529,Synthetic Residential 05529 @ OSM residential W661649022,residential,PL_W661649022,Markham,1,1
ORG05530,Synthetic Residential 05530 @ OSM residential W661649578,residential,PL_W661649578,Markham,1,1
ORG05531,Synthetic Residential 05531 @ OSM residential W661649901,residential,PL_W661649901,Markham,1,1
ORG05532,Synthetic Commercial 05532 @ OSM commercial W661650364,commercial,PL_W661650364,Markham,3,1
ORG05533,Synthetic Residential 05533 @ OSM residential W661650744,residential,PL_W661650744,Markham,1,1
ORG05534,Synthetic Commercial 05534 @ OSM commercial W661770747,commercial,PL_W661770747,North York,2,1
ORG05535,Synthetic Industrial 05535 @ OSM industrial W661774210,industrial,PL_W661774210,Vaughan,1,1
ORG05536,Synthetic Industrial 05536 @ OSM industrial W661774211,industrial,PL_W661774211,Vaughan,1,1
ORG05537,Synthetic Commercial 05537 @ OSM commercial W661774333,commercial,PL_W661774333,Vaughan,1,1
ORG05538,Synthetic Commercial 05538 @ OSM commercial W661774417,commercial,PL_W661774417,Vaughan,1,1
ORG05539,Synthetic Commercial 05539 @ 8800 Dufferin Street,commercial,PL_W661774418,Vaughan,1,1
ORG05540,Synthetic Commercial 05540 @ OSM commercial W661774426,commercial,PL_W661774426,Vaughan,1,1
ORG05541,Synthetic Industrial 05541 @ OSM industrial W661774544,industrial,PL_W661774544,Vaughan,1,1
ORG05542,Synthetic Industrial 05542 @ OSM industrial W661774552,industrial,PL_W661774552,Vaughan,1,1
ORG05543,Synthetic Industrial 05543 @ 45 Connie Crescent,industrial,PL_W661774573,Vaughan,1,1
ORG05544,Synthetic Industrial 05544 @ OSM industrial W661774617,industrial,PL_W661774617,Vaughan,1,1
ORG05545,Synthetic Industrial 05545 @ OSM industrial W661774618,industrial,PL_W661774618,Vaughan,1,1
ORG05546,Synthetic Industrial 05546 @ OSM industrial W661774620,industrial,PL_W661774620,Vaughan,1,1
ORG05547,Synthetic Industrial 05547 @ OSM industrial W661774635,industrial,PL_W661774635,Vaughan,1,1
ORG05548,Synthetic Industrial 05548 @ OSM industrial W661774765,industrial,PL_W661774765,Vaughan,1,1
ORG05549,Synthetic Industrial 05549 @ OSM industrial W661774769,industrial,PL_W661774769,Vaughan,1,1
ORG05550,Synthetic Industrial 05550 @ OSM industrial W661774776,industrial,PL_W661774776,Vaughan,1,1
ORG05551,Synthetic Industrial 05551 @ OSM industrial W661774835,industrial,PL_W661774835,Vaughan,1,1
ORG05552,Synthetic Residential 05552 @ OSM residential W661776979,residential,PL_W661776979,Markham,1,1
ORG05553,Synthetic Residential 05553 @ OSM residential W661777169,residential,PL_W661777169,Markham,1,1
ORG05554,Synthetic Residential 05554 @ OSM residential W661777799,residential,PL_W661777799,Markham,1,1
ORG05555,Synthetic Office 05555 @ OSM office W661778190,office,PL_W661778190,Markham,1,1
ORG05556,Synthetic Commercial 05556 @ OSM commercial W661796568,commercial,PL_W661796568,North York,1,1
ORG05557,Synthetic Commercial 05557 @ OSM commercial W661810016,commercial,PL_W661810016,Vaughan,3,1
ORG05558,Synthetic Commercial 05558 @ OSM commercial W661810017,commercial,PL_W661810017,Vaughan,1,1
ORG05559,Synthetic Gym 05559 @ Mayfair Clubs,gym,PL_W661812361,Markham,2,1
ORG05560,Synthetic Industrial 05560 @ OSM industrial W661813071,industrial,PL_W661813071,Markham,1,1
ORG05561,Synthetic Residential 05561 @ OSM residential W661821367,residential,PL_W661821367,Markham,1,1
ORG05562,Synthetic Residential 05562 @ OSM residential W661821787,residential,PL_W661821787,Markham,1,1
ORG05563,Synthetic Residential 05563 @ OSM residential W661822297,residential,PL_W661822297,Markham,1,1
ORG05564,Synthetic Residential 05564 @ OSM residential W661822331,residential,PL_W661822331,Markham,1,1
ORG05565,Synthetic Residential 05565 @ OSM residential W661822388,residential,PL_W661822388,Markham,1,1
ORG05566,Synthetic Residential 05566 @ OSM residential W661824318,residential,PL_W661824318,Markham,1,1
ORG05567,Synthetic Residential 05567 @ OSM residential W661824651,residential,PL_W661824651,Markham,1,1
ORG05568,Synthetic Residential 05568 @ OSM residential W661825298,residential,PL_W661825298,Markham,1,1
ORG05569,Synthetic Residential 05569 @ OSM residential W661841402,residential,PL_W661841402,Markham,1,1
ORG05570,Synthetic Residential 05570 @ OSM residential W661841424,residential,PL_W661841424,Markham,1,1
ORG05571,Synthetic Residential 05571 @ OSM residential W661842155,residential,PL_W661842155,Markham,1,1
ORG05572,Synthetic Commercial 05572 @ OSM commercial W661896791,commercial,PL_W661896791,North York,1,1
ORG05573,Synthetic Commercial 05573 @ OSM commercial W661896793,commercial,PL_W661896793,North York,1,1
ORG05574,Synthetic Office 05574 @ 1674 Eglinton Avenue West,office,PL_W661897517,Old Toronto,2,1
ORG05575,Synthetic Commercial 05575 @ OSM commercial W661898672,commercial,PL_W661898672,North York,2,1
ORG05576,Synthetic Residential 05576 @ OSM residential W661919528,residential,PL_W661919528,Scarborough,1,1
ORG05577,Synthetic Residential 05577 @ OSM residential W661919697,residential,PL_W661919697,Scarborough,1,1
ORG05578,Synthetic Commercial 05578 @ OSM commercial W661919736,commercial,PL_W661919736,Scarborough,2,1
ORG05579,Synthetic Residential 05579 @ OSM residential W661920371,residential,PL_W661920371,Scarborough,1,1
ORG05580,Synthetic Residential 05580 @ OSM residential W661920843,residential,PL_W661920843,Scarborough,1,1
ORG05581,Synthetic Residential 05581 @ OSM residential W661929125,residential,PL_W661929125,Vaughan,1,1
ORG05582,Synthetic Commercial 05582 @ OSM commercial W661950642,commercial,PL_W661950642,Brampton,1,1
ORG05583,Synthetic Industrial 05583 @ OSM industrial W661950669,industrial,PL_W661950669,Brampton,1,1
ORG05584,Synthetic Commercial 05584 @ OSM commercial W661950696,commercial,PL_W661950696,Brampton,2,1
ORG05585,Synthetic Commercial 05585 @ OSM commercial W661950703,commercial,PL_W661950703,Brampton,1,1
ORG05586,Synthetic Industrial 05586 @ 441 Deerhurst Drive,industrial,PL_W661950721,Brampton,1,1
ORG05587,Synthetic Industrial 05587 @ OSM industrial W661950724,industrial,PL_W661950724,Brampton,1,1
ORG05588,Synthetic Industrial 05588 @ 495 Deerhurst Drive,industrial,PL_W661950727,Brampton,1,1
ORG05589,Synthetic Industrial 05589 @ OSM industrial W661950735,industrial,PL_W661950735,Brampton,1,1
ORG05590,Synthetic Industrial 05590 @ OSM industrial W661950742,industrial,PL_W661950742,Brampton,1,1
ORG05591,Synthetic Commercial 05591 @ OSM commercial W661950783,commercial,PL_W661950783,Brampton,2,1
ORG05592,Synthetic Industrial 05592 @ OSM industrial W661950788,industrial,PL_W661950788,Brampton,1,1
ORG05593,Synthetic Industrial 05593 @ 6 Tracey Boulevard,industrial,PL_W661950809,Brampton,1,1
ORG05594,Synthetic Industrial 05594 @ OSM industrial W661950811,industrial,PL_W661950811,Brampton,1,1
ORG05595,Synthetic Commercial 05595 @ OSM commercial W661950826,commercial,PL_W661950826,Brampton,1,1
ORG05596,Synthetic Industrial 05596 @ OSM industrial W661950839,industrial,PL_W661950839,Brampton,1,1
ORG05597,Synthetic Industrial 05597 @ OSM industrial W661950844,industrial,PL_W661950844,Brampton,2,1
ORG05598,Synthetic Industrial 05598 @ OSM industrial W661951364,industrial,PL_W661951364,Brampton,1,1
ORG05599,Synthetic Industrial 05599 @ OSM industrial W661951668,industrial,PL_W661951668,Brampton,1,1
ORG05600,Synthetic Industrial 05600 @ OSM industrial W661951674,industrial,PL_W661951674,Brampton,1,1
ORG05601,Synthetic Industrial 05601 @ OSM industrial W661951688,industrial,PL_W661951688,Brampton,1,1
ORG05602,Synthetic Industrial 05602 @ OSM industrial W661951719,industrial,PL_W661951719,Brampton,1,1
ORG05603,Synthetic Industrial 05603 @ OSM industrial W661951721,industrial,PL_W661951721,Brampton,1,1
ORG05604,Synthetic Industrial 05604 @ OSM industrial W661951734,industrial,PL_W661951734,Brampton,1,1
ORG05605,Synthetic Commercial 05605 @ OSM commercial W661951741,commercial,PL_W661951741,Brampton,1,1
ORG05606,Synthetic Commercial 05606 @ OSM commercial W661951742,commercial,PL_W661951742,Brampton,1,1
ORG05607,Synthetic Commercial 05607 @ OSM commercial W661951749,commercial,PL_W661951749,Brampton,1,1
ORG05608,Synthetic Industrial 05608 @ OSM industrial W661951759,industrial,PL_W661951759,Brampton,1,1
ORG05609,Synthetic Industrial 05609 @ OSM industrial W661951760,industrial,PL_W661951760,Brampton,1,1
ORG05610,Synthetic Industrial 05610 @ OSM industrial W661951770,industrial,PL_W661951770,Brampton,1,1
ORG05611,Synthetic Industrial 05611 @ Apex Motor Freight,industrial,PL_W661951775,Brampton,1,1
ORG05612,Synthetic Industrial 05612 @ OSM industrial W661951777,industrial,PL_W661951777,Brampton,1,1
ORG05613,Synthetic Commercial 05613 @ OSM commercial W661951783,commercial,PL_W661951783,Brampton,1,1
ORG05614,Synthetic Industrial 05614 @ OSM industrial W661951789,industrial,PL_W661951789,Brampton,1,1
ORG05615,Synthetic Industrial 05615 @ OSM industrial W661951791,industrial,PL_W661951791,Brampton,1,1
ORG05616,Synthetic Industrial 05616 @ OSM industrial W661951926,industrial,PL_W661951926,Brampton,1,1
ORG05617,Synthetic Industrial 05617 @ OSM industrial W661951936,industrial,PL_W661951936,Brampton,1,1
ORG05618,Synthetic Industrial 05618 @ OSM industrial W661951938,industrial,PL_W661951938,Brampton,1,1
ORG05619,Synthetic Industrial 05619 @ OSM industrial W661951941,industrial,PL_W661951941,Brampton,1,1
ORG05620,Synthetic Industrial 05620 @ OSM industrial W661951956,industrial,PL_W661951956,Brampton,1,1
ORG05621,Synthetic Residential 05621 @ OSM residential W661956418,residential,PL_W661956418,Scarborough,1,1
ORG05622,Synthetic Industrial 05622 @ OSM industrial W661956561,industrial,PL_W661956561,Scarborough,1,1
ORG05623,Synthetic Residential 05623 @ OSM residential W661956912,residential,PL_W661956912,Scarborough,1,1
ORG05624,Synthetic Retail 05624 @ Agincourt Mall,retail,PL_W661957385,Scarborough,1,1
ORG05625,Synthetic Retail 05625 @ Ogden Funeral Homes Limited,retail,PL_W661957493,Scarborough,1,1
ORG05626,Synthetic Residential 05626 @ OSM residential W661957665,residential,PL_W661957665,Scarborough,1,1
ORG05627,Synthetic Residential 05627 @ OSM residential W661957683,residential,PL_W661957683,Scarborough,1,1
ORG05628,Synthetic Residential 05628 @ 3 Glamorgan Avenue,residential,PL_W662094891,Scarborough,1,1
ORG05629,Synthetic Commercial 05629 @ OSM commercial W662097160,commercial,PL_W662097160,Old Toronto,2,1
ORG05630,Synthetic Commercial 05630 @ OSM commercial W662097485,commercial,PL_W662097485,Old Toronto,2,1
ORG05631,Synthetic Commercial 05631 @ OSM commercial W662097486,commercial,PL_W662097486,Old Toronto,3,1
ORG05632,Synthetic Supermarket 05632 @ FreshCo,supermarket,PL_W662098193,Old Toronto,1,1
ORG05633,Synthetic Commercial 05633 @ OSM commercial W662098204,commercial,PL_W662098204,Old Toronto,2,1
ORG05634,Synthetic Commercial 05634 @ OSM commercial W662098235,commercial,PL_W662098235,Old Toronto,1,1
ORG05635,Synthetic Commercial 05635 @ OSM commercial W662098274,commercial,PL_W662098274,Old Toronto,1,1
ORG05636,Synthetic Commercial 05636 @ OSM commercial W662098295,commercial,PL_W662098295,Old Toronto,1,1
ORG05637,Synthetic Industrial 05637 @ OSM industrial W662098429,industrial,PL_W662098429,Old Toronto,1,1
ORG05638,Synthetic Industrial 05638 @ OSM industrial W662098432,industrial,PL_W662098432,Old Toronto,1,1
ORG05639,Synthetic Commercial 05639 @ OSM commercial W662098503,commercial,PL_W662098503,Old Toronto,1,1
ORG05640,Synthetic Commercial 05640 @ OSM commercial W662098510,commercial,PL_W662098510,Old Toronto,1,1
ORG05641,Synthetic Commercial 05641 @ OSM commercial W662099358,commercial,PL_W662099358,Old Toronto,2,1
ORG05642,Synthetic Commercial 05642 @ OSM commercial W662099403,commercial,PL_W662099403,Old Toronto,1,1
ORG05643,Synthetic Commercial 05643 @ OSM commercial W662099818,commercial,PL_W662099818,Old Toronto,2,1
ORG05644,Synthetic Commercial 05644 @ OSM commercial W662099819,commercial,PL_W662099819,Old Toronto,3,1
ORG05645,Synthetic Commercial 05645 @ OSM commercial W662099843,commercial,PL_W662099843,Old Toronto,1,1
ORG05646,Synthetic Commercial 05646 @ OSM commercial W662099844,commercial,PL_W662099844,Old Toronto,2,1
ORG05647,Synthetic Commercial 05647 @ OSM commercial W662099936,commercial,PL_W662099936,Old Toronto,1,1
ORG05648,Synthetic Commercial 05648 @ OSM commercial W662099940,commercial,PL_W662099940,Old Toronto,1,1
ORG05649,Synthetic Commercial 05649 @ OSM commercial W662099999,commercial,PL_W662099999,Old Toronto,1,1
ORG05650,Synthetic Commercial 05650 @ OSM commercial W662100020,commercial,PL_W662100020,Old Toronto,2,1
ORG05651,Synthetic Commercial 05651 @ OSM commercial W662100023,commercial,PL_W662100023,Old Toronto,1,1
ORG05652,Synthetic Commercial 05652 @ OSM commercial W662100499,commercial,PL_W662100499,Old Toronto,1,1
ORG05653,Synthetic Commercial 05653 @ 740,commercial,PL_W662100610,Old Toronto,1,1
ORG05654,Synthetic Commercial 05654 @ OSM commercial W662100744,commercial,PL_W662100744,Old Toronto,2,1
ORG05655,Synthetic Residential 05655 @ OSM residential W662105610,residential,PL_W662105610,Vaughan,1,1
ORG05656,Synthetic Residential 05656 @ 155 Maurier Boulevard,residential,PL_W662108279,Vaughan,1,1
ORG05657,Synthetic Commercial 05657 @ 9225 Bathurst Street,commercial,PL_W662130602,Richmond Hill,1,1
ORG05658,Synthetic Residential 05658 @ OSM residential W662142833,residential,PL_W662142833,Scarborough,1,1
ORG05659,Synthetic Residential 05659 @ OSM residential W662142858,residential,PL_W662142858,Scarborough,1,1
ORG05660,Synthetic Residential 05660 @ OSM residential W662143014,residential,PL_W662143014,Scarborough,1,1
ORG05661,Synthetic Residential 05661 @ OSM residential W662144085,residential,PL_W662144085,Scarborough,1,1
ORG05662,Synthetic Residential 05662 @ OSM residential W662144287,residential,PL_W662144287,Scarborough,1,1
ORG05663,Synthetic Residential 05663 @ OSM residential W662144715,residential,PL_W662144715,Scarborough,1,1
ORG05664,Synthetic Commercial 05664 @ OSM commercial W662146512,commercial,PL_W662146512,Old Toronto,1,1
ORG05665,Synthetic Commercial 05665 @ OSM commercial W662146575,commercial,PL_W662146575,Old Toronto,1,1
ORG05666,Synthetic Commercial 05666 @ OSM commercial W662147675,commercial,PL_W662147675,Old Toronto,1,1
ORG05667,Synthetic Commercial 05667 @ OSM commercial W662147922,commercial,PL_W662147922,Old Toronto,1,1
ORG05668,Synthetic Commercial 05668 @ OSM commercial W662149112,commercial,PL_W662149112,Old Toronto,1,1
ORG05669,Synthetic Industrial 05669 @ OSM industrial W662149216,industrial,PL_W662149216,Old Toronto,1,1
ORG05670,Synthetic Industrial 05670 @ OSM industrial W662149220,industrial,PL_W662149220,Old Toronto,1,1
ORG05671,Synthetic Industrial 05671 @ OSM industrial W662149303,industrial,PL_W662149303,Old Toronto,1,1
ORG05672,Synthetic Industrial 05672 @ OSM industrial W662149424,industrial,PL_W662149424,Old Toronto,2,1
ORG05673,Synthetic Commercial 05673 @ OSM commercial W662149704,commercial,PL_W662149704,Old Toronto,2,1
ORG05674,Synthetic Commercial 05674 @ OSM commercial W662150030,commercial,PL_W662150030,Old Toronto,1,1
ORG05675,Synthetic Commercial 05675 @ OSM commercial W662150031,commercial,PL_W662150031,Old Toronto,2,1
ORG05676,Synthetic Commercial 05676 @ OSM commercial W662150040,commercial,PL_W662150040,Old Toronto,1,1
ORG05677,Synthetic Commercial 05677 @ OSM commercial W662150097,commercial,PL_W662150097,Old Toronto,1,1
ORG05678,Synthetic Commercial 05678 @ OSM commercial W662150144,commercial,PL_W662150144,Old Toronto,1,1
ORG05679,Synthetic Commercial 05679 @ OSM commercial W662150145,commercial,PL_W662150145,Old Toronto,2,1
ORG05680,Synthetic Commercial 05680 @ OSM commercial W662150197,commercial,PL_W662150197,Old Toronto,1,1
ORG05681,Synthetic Commercial 05681 @ OSM commercial W662150248,commercial,PL_W662150248,Old Toronto,1,1
ORG05682,Synthetic Commercial 05682 @ OSM commercial W662150258,commercial,PL_W662150258,Old Toronto,1,1
ORG05683,Synthetic Commercial 05683 @ OSM commercial W662150267,commercial,PL_W662150267,Old Toronto,1,1
ORG05684,Synthetic Commercial 05684 @ OSM commercial W662150276,commercial,PL_W662150276,Old Toronto,1,1
ORG05685,Synthetic Supermarket 05685 @ Rui Gomes Meats & Food Market,supermarket,PL_W662150292,Old Toronto,1,1
ORG05686,Synthetic Commercial 05686 @ OSM commercial W662152031,commercial,PL_W662152031,Old Toronto,1,1
ORG05687,Synthetic Commercial 05687 @ OSM commercial W662152108,commercial,PL_W662152108,Old Toronto,1,1
ORG05688,Synthetic Residential 05688 @ OSM residential W662175153,residential,PL_W662175153,Scarborough,1,1
ORG05689,Synthetic Residential 05689 @ 2360 Birchmount Road,residential,PL_W662175307,Scarborough,1,1
ORG05690,Synthetic Residential 05690 @ OSM residential W662175325,residential,PL_W662175325,Scarborough,1,1
ORG05691,Synthetic Residential 05691 @ OSM residential W662177029,residential,PL_W662177029,Scarborough,1,1
ORG05692,Synthetic Residential 05692 @ OSM residential W662177390,residential,PL_W662177390,Scarborough,1,1
ORG05693,Synthetic Commercial 05693 @ OSM commercial W662213142,commercial,PL_W662213142,Vaughan,1,1
ORG05694,Synthetic Commercial 05694 @ OSM commercial W662213143,commercial,PL_W662213143,Vaughan,3,1
ORG05695,Synthetic Commercial 05695 @ OSM commercial W662213146,commercial,PL_W662213146,Vaughan,1,1
ORG05696,Synthetic Commercial 05696 @ OSM commercial W662213147,commercial,PL_W662213147,Vaughan,1,1
ORG05697,Synthetic Commercial 05697 @ 91 Moyal Court,commercial,PL_W662213164,Vaughan,2,1
ORG05698,Synthetic Industrial 05698 @ OSM industrial W662252089,industrial,PL_W662252089,North York,1,1
ORG05699,Synthetic Industrial 05699 @ OSM industrial W662252289,industrial,PL_W662252289,North York,1,1
ORG05700,Synthetic Industrial 05700 @ 57 Glen Cameron Road,industrial,PL_W662252292,North York,1,1
ORG05701,Synthetic Industrial 05701 @ OSM industrial W662252299,industrial,PL_W662252299,North York,1,1
ORG05702,Synthetic Industrial 05702 @ OSM industrial W662252310,industrial,PL_W662252310,North York,1,1
ORG05703,Synthetic Commercial 05703 @ OSM commercial W662253482,commercial,PL_W662253482,North York,1,1
ORG05704,Synthetic Commercial 05704 @ OSM commercial W662253494,commercial,PL_W662253494,North York,1,1
ORG05705,Synthetic Commercial 05705 @ OSM commercial W662253497,commercial,PL_W662253497,North York,2,1
ORG05706,Synthetic Commercial 05706 @ OSM commercial W662253498,commercial,PL_W662253498,North York,1,1
ORG05707,Synthetic Commercial 05707 @ OSM commercial W662253560,commercial,PL_W662253560,North York,1,1
ORG05708,Synthetic Office 05708 @ 150 Consumers Road,office,PL_W662257868,North York,6,1
ORG05709,Synthetic Industrial 05709 @ OSM industrial W662259207,industrial,PL_W662259207,Brampton,1,1
ORG05710,Synthetic Commercial 05710 @ OSM commercial W662259383,commercial,PL_W662259383,Brampton,1,1
ORG05711,Synthetic Industrial 05711 @ OSM industrial W662259384,industrial,PL_W662259384,Brampton,1,1
ORG05712,Synthetic Commercial 05712 @ OSM commercial W662259386,commercial,PL_W662259386,Brampton,1,1
ORG05713,Synthetic Commercial 05713 @ OSM commercial W662259387,commercial,PL_W662259387,Brampton,1,1
ORG05714,Synthetic Commercial 05714 @ 145 Clarence Street,commercial,PL_W662259388,Brampton,2,1
ORG05715,Synthetic Commercial 05715 @ OSM commercial W662259390,commercial,PL_W662259390,Brampton,1,1
ORG05716,Synthetic Commercial 05716 @ OSM commercial W662259393,commercial,PL_W662259393,Brampton,2,1
ORG05717,Synthetic Commercial 05717 @ 143 Clarence Street,commercial,PL_W662259399,Brampton,1,1
ORG05718,Synthetic Commercial 05718 @ OSM commercial W662259409,commercial,PL_W662259409,Brampton,1,1
ORG05719,Synthetic Commercial 05719 @ OSM commercial W662259411,commercial,PL_W662259411,Brampton,1,1
ORG05720,Synthetic Commercial 05720 @ OSM commercial W662259412,commercial,PL_W662259412,Brampton,1,1
ORG05721,Synthetic Industrial 05721 @ OSM industrial W662259441,industrial,PL_W662259441,Brampton,1,1
ORG05722,Synthetic Industrial 05722 @ 555 Spadina Road,industrial,PL_W662379977,Old Toronto,2,1
ORG05723,Synthetic Residential 05723 @ OSM residential W662388462,residential,PL_W662388462,Scarborough,1,1
ORG05724,Synthetic Residential 05724 @ OSM residential W662388480,residential,PL_W662388480,Scarborough,1,1
ORG05725,Synthetic Residential 05725 @ OSM residential W662388650,residential,PL_W662388650,Scarborough,1,1
ORG05726,Synthetic Residential 05726 @ OSM residential W662388891,residential,PL_W662388891,Scarborough,1,1
ORG05727,Synthetic Residential 05727 @ OSM residential W662389080,residential,PL_W662389080,Scarborough,1,1
ORG05728,Synthetic Industrial 05728 @ OSM industrial W662389721,industrial,PL_W662389721,Scarborough,1,1
ORG05729,Synthetic Residential 05729 @ OSM residential W662389891,residential,PL_W662389891,Scarborough,1,1
ORG05730,Synthetic Industrial 05730 @ OSM industrial W662441560,industrial,PL_W662441560,Brampton,1,1
ORG05731,Synthetic Industrial 05731 @ OSM industrial W662441563,industrial,PL_W662441563,Brampton,1,1
ORG05732,Synthetic Commercial 05732 @ OSM commercial W662441576,commercial,PL_W662441576,Brampton,1,1
ORG05733,Synthetic Commercial 05733 @ OSM commercial W662441642,commercial,PL_W662441642,Brampton,1,1
ORG05734,Synthetic Industrial 05734 @ OSM industrial W662441651,industrial,PL_W662441651,Brampton,2,1
ORG05735,Synthetic Industrial 05735 @ OSM industrial W662441652,industrial,PL_W662441652,Brampton,1,1
ORG05736,Synthetic Commercial 05736 @ OSM commercial W662441662,commercial,PL_W662441662,Brampton,1,1
ORG05737,Synthetic Commercial 05737 @ OSM commercial W662441663,commercial,PL_W662441663,Brampton,1,1
ORG05738,Synthetic Commercial 05738 @ OSM commercial W662441664,commercial,PL_W662441664,Brampton,1,1
ORG05739,Synthetic Commercial 05739 @ OSM commercial W662441669,commercial,PL_W662441669,Brampton,1,1
ORG05740,Synthetic Commercial 05740 @ OSM commercial W662441670,commercial,PL_W662441670,Brampton,3,1
ORG05741,Synthetic Commercial 05741 @ OSM commercial W662441671,commercial,PL_W662441671,Brampton,1,1
ORG05742,Synthetic Commercial 05742 @ OSM commercial W662441672,commercial,PL_W662441672,Brampton,1,1
ORG05743,Synthetic Commercial 05743 @ OSM commercial W662441698,commercial,PL_W662441698,Brampton,1,1
ORG05744,Synthetic Commercial 05744 @ OSM commercial W662441703,commercial,PL_W662441703,Brampton,1,1
ORG05745,Synthetic Commercial 05745 @ OSM commercial W662441705,commercial,PL_W662441705,Brampton,1,1
ORG05746,Synthetic Commercial 05746 @ 368 Queen Street East,commercial,PL_W662441716,Brampton,1,1
ORG05747,Synthetic Commercial 05747 @ OSM commercial W662442427,commercial,PL_W662442427,Brampton,1,1
ORG05748,Synthetic Commercial 05748 @ OSM commercial W662442428,commercial,PL_W662442428,Brampton,1,1
ORG05749,Synthetic Commercial 05749 @ OSM commercial W662442429,commercial,PL_W662442429,Brampton,2,1
ORG05750,Synthetic Office 05750 @ W Corporate Centre,office,PL_W662448663,Markham,1,1
ORG05751,Synthetic Commercial 05751 @ OSM commercial W662453980,commercial,PL_W662453980,Vaughan,3,1
ORG05752,Synthetic Supermarket 05752 @ Fortinos,supermarket,PL_W662454002,Vaughan,1,1
ORG05753,Synthetic Residential 05753 @ OSM residential W662500484,residential,PL_W662500484,North York,1,1
ORG05754,Synthetic Industrial 05754 @ OSM industrial W662521526,industrial,PL_W662521526,Vaughan,1,1
ORG05755,Synthetic Industrial 05755 @ OSM industrial W662521533,industrial,PL_W662521533,Vaughan,1,1
ORG05756,Synthetic Residential 05756 @ OSM residential W662535370,residential,PL_W662535370,Markham,1,1
ORG05757,Synthetic Retail 05757 @ CF Fairview Mall,retail,PL_W662538570,North York,1,1
ORG05758,Synthetic Residential 05758 @ OSM residential W662539173,residential,PL_W662539173,North York,1,1
ORG05759,Synthetic Residential 05759 @ OSM residential W662554269,residential,PL_W662554269,Brampton,1,1
ORG05760,Synthetic Office 05760 @ OSM office W662677604,office,PL_W662677604,North York,1,1
ORG05761,Synthetic Residential 05761 @ OSM residential W662711728,residential,PL_W662711728,Scarborough,1,1
ORG05762,Synthetic Office 05762 @ 1940 Eglinton Avenue East,office,PL_W662727094,Scarborough,1,1
ORG05763,Synthetic Supermarket 05763 @ Metro,supermarket,PL_W662727263,Scarborough,1,1
ORG05764,Synthetic Residential 05764 @ OSM residential W662755434,residential,PL_W662755434,North York,1,1
ORG05765,Synthetic Commercial 05765 @ OSM commercial W662761778,commercial,PL_W662761778,North York,2,1
ORG05766,Synthetic Residential 05766 @ OSM residential W662762237,residential,PL_W662762237,Scarborough,1,1
ORG05767,Synthetic Residential 05767 @ OSM residential W662762554,residential,PL_W662762554,Scarborough,1,1
ORG05768,Synthetic Commercial 05768 @ St. Clair Avenue West,commercial,PL_W662763557,Old Toronto,1,1
ORG05769,Synthetic Retail 05769 @ Grand Prix Garage,retail,PL_W662763596,Old Toronto,1,1
ORG05770,Synthetic Commercial 05770 @ OSM commercial W662766748,commercial,PL_W662766748,Old Toronto,1,1
ORG05771,Synthetic Commercial 05771 @ OSM commercial W662766749,commercial,PL_W662766749,Old Toronto,2,1
ORG05772,Synthetic Commercial 05772 @ OSM commercial W662766976,commercial,PL_W662766976,Old Toronto,1,1
ORG05773,Synthetic Commercial 05773 @ OSM commercial W662766980,commercial,PL_W662766980,Old Toronto,2,1
ORG05774,Synthetic Residential 05774 @ OSM residential W662774421,residential,PL_W662774421,Scarborough,1,1
ORG05775,Synthetic Industrial 05775 @ OSM industrial W662775019,industrial,PL_W662775019,Scarborough,1,1
ORG05776,Synthetic Industrial 05776 @ OSM industrial W662775113,industrial,PL_W662775113,Scarborough,1,1
ORG05777,Synthetic Industrial 05777 @ OSM industrial W662775254,industrial,PL_W662775254,Scarborough,1,1
ORG05778,Synthetic Residential 05778 @ OSM residential W662776015,residential,PL_W662776015,Scarborough,1,1
ORG05779,Synthetic Industrial 05779 @ OSM industrial W662776323,industrial,PL_W662776323,Scarborough,1,1
ORG05780,Synthetic Residential 05780 @ OSM residential W662782443,residential,PL_W662782443,Vaughan,1,1
ORG05781,Synthetic Residential 05781 @ OSM residential W662784568,residential,PL_W662784568,Scarborough,1,1
ORG05782,Synthetic Office 05782 @ OSM office W662785310,office,PL_W662785310,Old Toronto,1,1
ORG05783,Synthetic Residential 05783 @ OSM residential W662785474,residential,PL_W662785474,Scarborough,1,1
ORG05784,Synthetic Residential 05784 @ OSM residential W662785556,residential,PL_W662785556,Scarborough,1,1
ORG05785,Synthetic Residential 05785 @ OSM residential W662785800,residential,PL_W662785800,Scarborough,1,1
ORG05786,Synthetic Residential 05786 @ 1037 Victoria Park Avenue,residential,PL_W662786285,Old Toronto,1,1
ORG05787,Synthetic Commercial 05787 @ OSM commercial W662809507,commercial,PL_W662809507,Old Toronto,2,1
ORG05788,Synthetic Commercial 05788 @ OSM commercial W662980523,commercial,PL_W662980523,Brampton,1,1
ORG05789,Synthetic Residential 05789 @ OSM residential W663051500,residential,PL_W663051500,Markham,1,1
ORG05790,Synthetic Residential 05790 @ OSM residential W663051716,residential,PL_W663051716,Richmond Hill,1,1
ORG05791,Synthetic Commercial 05791 @ OSM commercial W663052831,commercial,PL_W663052831,Richmond Hill,2,1
ORG05792,Synthetic Industrial 05792 @ OSM industrial W663309604,industrial,PL_W663309604,Old Toronto,1,1
ORG05793,Synthetic Industrial 05793 @ IPEX Bermondsey,industrial,PL_W663310947,Old Toronto,1,1
ORG05794,Synthetic Residential 05794 @ OSM residential W663311030,residential,PL_W663311030,Scarborough,1,1
ORG05795,Synthetic Commercial 05795 @ 2788 Dundas Street West,commercial,PL_W663313323,Old Toronto,2,1
ORG05796,Synthetic Commercial 05796 @ OSM commercial W663313968,commercial,PL_W663313968,Old Toronto,2,1
ORG05797,Synthetic Commercial 05797 @ OSM commercial W663314028,commercial,PL_W663314028,Old Toronto,1,1
ORG05798,Synthetic Commercial 05798 @ OSM commercial W663314029,commercial,PL_W663314029,Old Toronto,2,1
ORG05799,Synthetic Commercial 05799 @ Delta Bingo,commercial,PL_W663314286,Old Toronto,2,1
ORG05800,Synthetic Commercial 05800 @ OSM commercial W663314806,commercial,PL_W663314806,Old Toronto,1,1
ORG05801,Synthetic Commercial 05801 @ OSM commercial W663314818,commercial,PL_W663314818,Old Toronto,1,1
ORG05802,Synthetic Commercial 05802 @ OSM commercial W663315259,commercial,PL_W663315259,Old Toronto,2,1
ORG05803,Synthetic Commercial 05803 @ OSM commercial W663315274,commercial,PL_W663315274,Old Toronto,1,1
ORG05804,Synthetic Commercial 05804 @ OSM commercial W663315307,commercial,PL_W663315307,Old Toronto,1,1
ORG05805,Synthetic Commercial 05805 @ OSM commercial W663315320,commercial,PL_W663315320,Old Toronto,1,1
ORG05806,Synthetic Commercial 05806 @ OSM commercial W663315322,commercial,PL_W663315322,Old Toronto,1,1
ORG05807,Synthetic Commercial 05807 @ OSM commercial W663315377,commercial,PL_W663315377,Old Toronto,3,1
ORG05808,Synthetic Commercial 05808 @ OSM commercial W663315380,commercial,PL_W663315380,Old Toronto,2,1
ORG05809,Synthetic Commercial 05809 @ OSM commercial W663315400,commercial,PL_W663315400,Old Toronto,3,1
ORG05810,Synthetic Commercial 05810 @ OSM commercial W663315403,commercial,PL_W663315403,Old Toronto,1,1
ORG05811,Synthetic Residential 05811 @ OSM residential W663381153,residential,PL_W663381153,Vaughan,1,1
ORG05812,Synthetic Industrial 05812 @ OSM industrial W663518473,industrial,PL_W663518473,Richmond Hill,1,1
ORG05813,Synthetic Industrial 05813 @ OSM industrial W663518487,industrial,PL_W663518487,Richmond Hill,1,1
ORG05814,Synthetic Industrial 05814 @ OSM industrial W663518490,industrial,PL_W663518490,Richmond Hill,1,1
ORG05815,Synthetic Industrial 05815 @ OSM industrial W663518492,industrial,PL_W663518492,Richmond Hill,1,1
ORG05816,Synthetic Industrial 05816 @ OSM industrial W663518499,industrial,PL_W663518499,Richmond Hill,1,1
ORG05817,Synthetic Residential 05817 @ OSM residential W663564963,residential,PL_W663564963,Old Toronto,1,1
ORG05818,Synthetic Retail 05818 @ Auto Surgery,retail,PL_W663569979,Old Toronto,1,1
ORG05819,Synthetic Commercial 05819 @ OSM commercial W663826503,commercial,PL_W663826503,Old Toronto,1,1
ORG05820,Synthetic Commercial 05820 @ OSM commercial W663826506,commercial,PL_W663826506,Old Toronto,2,1
ORG05821,Synthetic Commercial 05821 @ 38-40 Geary Avenue,commercial,PL_W663826507,Old Toronto,2,1
ORG05822,Synthetic Commercial 05822 @ OSM commercial W663826510,commercial,PL_W663826510,Old Toronto,1,1
ORG05823,Synthetic Commercial 05823 @ OSM commercial W663826531,commercial,PL_W663826531,Old Toronto,1,1
ORG05824,Synthetic Commercial 05824 @ OSM commercial W663826544,commercial,PL_W663826544,Old Toronto,1,1
ORG05825,Synthetic Commercial 05825 @ OSM commercial W663826545,commercial,PL_W663826545,Old Toronto,1,1
ORG05826,Synthetic Commercial 05826 @ 102 Geary Avenue,commercial,PL_W663826635,Old Toronto,1,1
ORG05827,Synthetic Commercial 05827 @ OSM commercial W663826668,commercial,PL_W663826668,Old Toronto,1,1
ORG05828,Synthetic Commercial 05828 @ LIFT,commercial,PL_W663827160,Old Toronto,3,1
ORG05829,Synthetic Commercial 05829 @ OSM commercial W663827164,commercial,PL_W663827164,Old Toronto,1,1
ORG05830,Synthetic Commercial 05830 @ OSM commercial W663827167,commercial,PL_W663827167,Old Toronto,1,1
ORG05831,Synthetic Commercial 05831 @ OSM commercial W663827169,commercial,PL_W663827169,Old Toronto,2,1
ORG05832,Synthetic Commercial 05832 @ OSM commercial W663827179,commercial,PL_W663827179,Old Toronto,1,1
ORG05833,Synthetic Commercial 05833 @ OSM commercial W663827183,commercial,PL_W663827183,Old Toronto,2,1
ORG05834,Synthetic Commercial 05834 @ OSM commercial W663827189,commercial,PL_W663827189,Old Toronto,3,1
ORG05835,Synthetic Commercial 05835 @ OSM commercial W663827220,commercial,PL_W663827220,Old Toronto,1,1
ORG05836,Synthetic Commercial 05836 @ OSM commercial W663827265,commercial,PL_W663827265,Old Toronto,3,1
ORG05837,Synthetic Commercial 05837 @ OSM commercial W663827267,commercial,PL_W663827267,Old Toronto,2,1
ORG05838,Synthetic Commercial 05838 @ OSM commercial W663827268,commercial,PL_W663827268,Old Toronto,2,1
ORG05839,Synthetic Commercial 05839 @ OSM commercial W663827276,commercial,PL_W663827276,Old Toronto,3,1
ORG05840,Synthetic Commercial 05840 @ OSM commercial W663827277,commercial,PL_W663827277,Old Toronto,1,1
ORG05841,Synthetic Commercial 05841 @ OSM commercial W663827285,commercial,PL_W663827285,Old Toronto,2,1
ORG05842,Synthetic Commercial 05842 @ OSM commercial W663827290,commercial,PL_W663827290,Old Toronto,1,1
ORG05843,Synthetic Commercial 05843 @ OSM commercial W663827573,commercial,PL_W663827573,Old Toronto,2,1
ORG05844,Synthetic Commercial 05844 @ Ontario Aluminum and Siding,commercial,PL_W663827867,Old Toronto,1,1
ORG05845,Synthetic Commercial 05845 @ OSM commercial W663827869,commercial,PL_W663827869,Old Toronto,2,1
ORG05846,Synthetic Commercial 05846 @ OSM commercial W663827978,commercial,PL_W663827978,Old Toronto,1,1
ORG05847,Synthetic Commercial 05847 @ OSM commercial W663828027,commercial,PL_W663828027,Old Toronto,1,1
ORG05848,Synthetic Commercial 05848 @ OSM commercial W663828131,commercial,PL_W663828131,Old Toronto,5,1
ORG05849,Synthetic Commercial 05849 @ OSM commercial W663828398,commercial,PL_W663828398,Old Toronto,2,1
ORG05850,Synthetic Commercial 05850 @ OSM commercial W663828857,commercial,PL_W663828857,Old Toronto,2,1
ORG05851,Synthetic Commercial 05851 @ OSM commercial W663828867,commercial,PL_W663828867,Old Toronto,1,1
ORG05852,Synthetic Commercial 05852 @ OSM commercial W663828868,commercial,PL_W663828868,Old Toronto,2,1
ORG05853,Synthetic Commercial 05853 @ OSM commercial W663828888,commercial,PL_W663828888,Old Toronto,1,1
ORG05854,Synthetic Commercial 05854 @ OSM commercial W663828890,commercial,PL_W663828890,Old Toronto,1,1
ORG05855,Synthetic Commercial 05855 @ OSM commercial W663828893,commercial,PL_W663828893,Old Toronto,1,1
ORG05856,Synthetic Commercial 05856 @ OSM commercial W663828896,commercial,PL_W663828896,Old Toronto,2,1
ORG05857,Synthetic Commercial 05857 @ OSM commercial W663828899,commercial,PL_W663828899,Old Toronto,2,1
ORG05858,Synthetic Commercial 05858 @ OSM commercial W663828997,commercial,PL_W663828997,Old Toronto,2,1
ORG05859,Synthetic Commercial 05859 @ OSM commercial W663829641,commercial,PL_W663829641,Old Toronto,1,1
ORG05860,Synthetic Office 05860 @ OSM office W663829646,office,PL_W663829646,Old Toronto,2,1
ORG05861,Synthetic Commercial 05861 @ OSM commercial W663829668,commercial,PL_W663829668,Old Toronto,1,1
ORG05862,Synthetic Commercial 05862 @ OSM commercial W663829669,commercial,PL_W663829669,Old Toronto,1,1
ORG05863,Synthetic Commercial 05863 @ OSM commercial W663829682,commercial,PL_W663829682,Old Toronto,1,1
ORG05864,Synthetic Industrial 05864 @ OSM industrial W663835152,industrial,PL_W663835152,Brampton,1,1
ORG05865,Synthetic Industrial 05865 @ The Home Depot SFC,industrial,PL_W663835169,Brampton,1,1
ORG05866,Synthetic Commercial 05866 @ 637 Davenport Road,commercial,PL_W663868530,Old Toronto,1,1
ORG05867,Synthetic Commercial 05867 @ OSM commercial W663868811,commercial,PL_W663868811,Old Toronto,1,1
ORG05868,Synthetic Commercial 05868 @ OSM commercial W663868812,commercial,PL_W663868812,Old Toronto,1,1
ORG05869,Synthetic Industrial 05869 @ OSM industrial W663869641,industrial,PL_W663869641,Old Toronto,1,1
ORG05870,Synthetic Commercial 05870 @ 102 Benson Avenue,commercial,PL_W663870427,Old Toronto,1,1
ORG05871,Synthetic Commercial 05871 @ OSM commercial W663870717,commercial,PL_W663870717,Old Toronto,3,1
ORG05872,Synthetic Commercial 05872 @ 119 Vaughan Road,commercial,PL_W663870999,Old Toronto,1,1
ORG05873,Synthetic Commercial 05873 @ 163 Vaughan Road,commercial,PL_W663871037,Old Toronto,3,1
ORG05874,Synthetic Commercial 05874 @ 148,commercial,PL_W663871232,Old Toronto,2,1
ORG05875,Synthetic Office 05875 @ Missionary Sisters of St. Peter Claver,office,PL_W663871436,Old Toronto,2,1
ORG05876,Synthetic Residential 05876 @ OSM residential W664161986,residential,PL_W664161986,North York,1,1
ORG05877,Synthetic Commercial 05877 @ OSM commercial W664283339,commercial,PL_W664283339,Old Toronto,1,1
ORG05878,Synthetic Commercial 05878 @ OSM commercial W664651899,commercial,PL_W664651899,Old Toronto,2,1
ORG05879,Synthetic Industrial 05879 @ OSM industrial W664732076,industrial,PL_W664732076,Old Toronto,1,1
ORG05880,Synthetic Office 05880 @ OSM office W665741582,office,PL_W665741582,North York,2,1
ORG05881,Synthetic Gym 05881 @ Amsbury Sports Complex,gym,PL_W666748207,North York,1,1
ORG05882,Synthetic Commercial 05882 @ St. George's Golf and Country Club,commercial,PL_W669602490,Old Toronto,1,1
ORG05883,Synthetic Commercial 05883 @ OSM commercial W669602491,commercial,PL_W669602491,Old Toronto,1,1
ORG05884,Synthetic Commercial 05884 @ OSM commercial W669604298,commercial,PL_W669604298,North York,2,1
ORG05885,Synthetic Commercial 05885 @ OSM commercial W669604299,commercial,PL_W669604299,North York,1,1
ORG05886,Synthetic Commercial 05886 @ OSM commercial W669604318,commercial,PL_W669604318,North York,1,1
ORG05887,Synthetic Commercial 05887 @ OSM commercial W669623915,commercial,PL_W669623915,Old Toronto,1,1
ORG05888,Synthetic Commercial 05888 @ OSM commercial W669623919,commercial,PL_W669623919,Old Toronto,1,1
ORG05889,Synthetic Commercial 05889 @ OSM commercial W669624360,commercial,PL_W669624360,North York,2,1
ORG05890,Synthetic Commercial 05890 @ OSM commercial W669624361,commercial,PL_W669624361,North York,1,1
ORG05891,Synthetic Commercial 05891 @ North York Medical Arts Building,commercial,PL_W66967683,North York,4,1
ORG05892,Synthetic Office 05892 @ 333 Sheppard Avenue East,office,PL_W66969420,North York,2,1
ORG05893,Synthetic Office 05893 @ 101 Duncan Mill Road,office,PL_W66969840,North York,2,1
ORG05894,Synthetic Commercial 05894 @ OSM commercial W669719178,commercial,PL_W669719178,Old Toronto,1,1
ORG05895,Synthetic Commercial 05895 @ OSM commercial W669719190,commercial,PL_W669719190,Old Toronto,3,1
ORG05896,Synthetic Industrial 05896 @ OSM industrial W669725333,industrial,PL_W669725333,Brampton,1,1
ORG05897,Synthetic Commercial 05897 @ OSM commercial W669725334,commercial,PL_W669725334,Brampton,1,1
ORG05898,Synthetic Commercial 05898 @ OSM commercial W669725335,commercial,PL_W669725335,Brampton,1,1
ORG05899,Synthetic Commercial 05899 @ OSM commercial W66975040,commercial,PL_W66975040,North York,1,1
ORG05900,Synthetic Commercial 05900 @ OSM commercial W669794328,commercial,PL_W669794328,Old Toronto,1,1
ORG05901,Synthetic Industrial 05901 @ OSM industrial W669794330,industrial,PL_W669794330,Old Toronto,1,1
ORG05902,Synthetic Commercial 05902 @ OSM commercial W669794335,commercial,PL_W669794335,Old Toronto,1,1
ORG05903,Synthetic Commercial 05903 @ OSM commercial W669794336,commercial,PL_W669794336,Old Toronto,1,1
ORG05904,Synthetic Industrial 05904 @ OSM industrial W669794337,industrial,PL_W669794337,Old Toronto,1,1
ORG05905,Synthetic Commercial 05905 @ OSM commercial W669794349,commercial,PL_W669794349,Old Toronto,1,1
ORG05906,Synthetic Commercial 05906 @ OSM commercial W669794351,commercial,PL_W669794351,Old Toronto,1,1
ORG05907,Synthetic Commercial 05907 @ OSM commercial W669794353,commercial,PL_W669794353,Old Toronto,2,1
ORG05908,Synthetic Residential 05908 @ OSM residential W669796687,residential,PL_W669796687,Old Toronto,1,1
ORG05909,Synthetic Commercial 05909 @ OSM commercial W66979680,commercial,PL_W66979680,North York,2,1
ORG05910,Synthetic Industrial 05910 @ OSM industrial W66979777,industrial,PL_W66979777,North York,1,1
ORG05911,Synthetic Industrial 05911 @ OSM industrial W66979778,industrial,PL_W66979778,North York,1,1
ORG05912,Synthetic Industrial 05912 @ Sheppard Business Centre,industrial,PL_W66979779,North York,1,1
ORG05913,Synthetic Industrial 05913 @ OSM industrial W66979784,industrial,PL_W66979784,North York,1,1
ORG05914,Synthetic Industrial 05914 @ OSM industrial W66979786,industrial,PL_W66979786,North York,2,1
ORG05915,Synthetic Industrial 05915 @ 22-24 Le Page Court,industrial,PL_W66979788,North York,1,1
ORG05916,Synthetic Industrial 05916 @ 65 St Regis Crescent North,industrial,PL_W66979816,North York,1,1
ORG05917,Synthetic Industrial 05917 @ OSM industrial W66979817,industrial,PL_W66979817,North York,1,1
ORG05918,Synthetic Industrial 05918 @ 83 Bakersfield Street,industrial,PL_W66979824,North York,1,1
ORG05919,Synthetic Industrial 05919 @ OSM industrial W66979848,industrial,PL_W66979848,North York,1,1
ORG05920,Synthetic Industrial 05920 @ OSM industrial W66979856,industrial,PL_W66979856,North York,1,1
ORG05921,Synthetic Industrial 05921 @ OSM industrial W66979883,industrial,PL_W66979883,North York,1,1
ORG05922,Synthetic Industrial 05922 @ OSM industrial W66979901,industrial,PL_W66979901,North York,1,1
ORG05923,Synthetic Office 05923 @ OSM office W66979914,office,PL_W66979914,North York,2,1
ORG05924,Synthetic Commercial 05924 @ 1140 Sheppard Avenue West,commercial,PL_W66979920,North York,1,1
ORG05925,Synthetic Industrial 05925 @ OSM industrial W66979945,industrial,PL_W66979945,North York,1,1
ORG05926,Synthetic Industrial 05926 @ 5 Vanley Crescent,industrial,PL_W66979963,North York,1,1
ORG05927,Synthetic Commercial 05927 @ OSM commercial W66979977,commercial,PL_W66979977,North York,3,1
ORG05928,Synthetic Industrial 05928 @ OSM industrial W66980110,industrial,PL_W66980110,North York,1,1
ORG05929,Synthetic Industrial 05929 @ OSM industrial W66980130,industrial,PL_W66980130,North York,1,1
ORG05930,Synthetic Industrial 05930 @ OSM industrial W66980134,industrial,PL_W66980134,North York,1,1
ORG05931,Synthetic Commercial 05931 @ 1124 Finch Avenue West,commercial,PL_W66980144,North York,1,1
ORG05932,Synthetic Industrial 05932 @ OSM industrial W66980162,industrial,PL_W66980162,North York,1,1
ORG05933,Synthetic Industrial 05933 @ OSM industrial W66980185,industrial,PL_W66980185,North York,1,1
ORG05934,Synthetic Industrial 05934 @ OSM industrial W66980191,industrial,PL_W66980191,North York,1,1
ORG05935,Synthetic Industrial 05935 @ OSM industrial W66980197,industrial,PL_W66980197,North York,1,1
ORG05936,Synthetic Industrial 05936 @ OSM industrial W66980198,industrial,PL_W66980198,North York,1,1
ORG05937,Synthetic Office 05937 @ 4580 Dufferin Street,office,PL_W66980235,North York,1,1
ORG05938,Synthetic Industrial 05938 @ OSM industrial W66980238,industrial,PL_W66980238,North York,1,1
ORG05939,Synthetic Industrial 05939 @ OSM industrial W66983851,industrial,PL_W66983851,Vaughan,1,1
ORG05940,Synthetic Industrial 05940 @ OSM industrial W66983871,industrial,PL_W66983871,North York,1,1
ORG05941,Synthetic Commercial 05941 @ OSM commercial W66983974,commercial,PL_W66983974,Vaughan,1,1
ORG05942,Synthetic Commercial 05942 @ OSM commercial W66983983,commercial,PL_W66983983,North York,2,1
ORG05943,Synthetic Industrial 05943 @ OSM industrial W66983994,industrial,PL_W66983994,Vaughan,1,1
ORG05944,Synthetic Industrial 05944 @ OSM industrial W66984060,industrial,PL_W66984060,North York,1,1
ORG05945,Synthetic Commercial 05945 @ OSM commercial W66984063,commercial,PL_W66984063,North York,1,1
ORG05946,Synthetic Industrial 05946 @ OSM industrial W66984084,industrial,PL_W66984084,North York,1,1
ORG05947,Synthetic Commercial 05947 @ OSM commercial W669862621,commercial,PL_W669862621,Old Toronto,3,1
ORG05948,Synthetic Commercial 05948 @ OSM commercial W669862638,commercial,PL_W669862638,Old Toronto,2,1
ORG05949,Synthetic Commercial 05949 @ OSM commercial W669862639,commercial,PL_W669862639,Old Toronto,2,1
ORG05950,Synthetic Residential 05950 @ OSM residential W669874245,residential,PL_W669874245,Vaughan,1,1
ORG05951,Synthetic Commercial 05951 @ OSM commercial W669874248,commercial,PL_W669874248,Vaughan,1,1
ORG05952,Synthetic Commercial 05952 @ OSM commercial W669998771,commercial,PL_W669998771,Old Toronto,2,1
ORG05953,Synthetic Commercial 05953 @ OSM commercial W669998797,commercial,PL_W669998797,Old Toronto,1,1
ORG05954,Synthetic Commercial 05954 @ OSM commercial W670001264,commercial,PL_W670001264,Old Toronto,1,1
ORG05955,Synthetic Commercial 05955 @ OSM commercial W670106649,commercial,PL_W670106649,Brampton,1,1
ORG05956,Synthetic Commercial 05956 @ OSM commercial W670106659,commercial,PL_W670106659,North York,2,1
ORG05957,Synthetic Commercial 05957 @ OSM commercial W670106661,commercial,PL_W670106661,North York,1,1
ORG05958,Synthetic Commercial 05958 @ OSM commercial W670106663,commercial,PL_W670106663,North York,1,1
ORG05959,Synthetic Commercial 05959 @ OSM commercial W670106667,commercial,PL_W670106667,North York,1,1
ORG05960,Synthetic Commercial 05960 @ OSM commercial W670106669,commercial,PL_W670106669,North York,1,1
ORG05961,Synthetic Commercial 05961 @ OSM commercial W670110175,commercial,PL_W670110175,Brampton,2,1
ORG05962,Synthetic Commercial 05962 @ OSM commercial W670110179,commercial,PL_W670110179,Brampton,1,1
ORG05963,Synthetic Commercial 05963 @ OSM commercial W670151105,commercial,PL_W670151105,Old Toronto,2,1
ORG05964,Synthetic Commercial 05964 @ OSM commercial W670195332,commercial,PL_W670195332,Old Toronto,2,1
ORG05965,Synthetic Industrial 05965 @ OSM industrial W670195355,industrial,PL_W670195355,Old Toronto,1,1
ORG05966,Synthetic Commercial 05966 @ OSM commercial W670198874,commercial,PL_W670198874,Old Toronto,2,1
ORG05967,Synthetic Commercial 05967 @ OSM commercial W670272316,commercial,PL_W670272316,Old Toronto,1,1
ORG05968,Synthetic Commercial 05968 @ OSM commercial W670272328,commercial,PL_W670272328,Old Toronto,1,1
ORG05969,Synthetic Residential 05969 @ OSM residential W670272329,residential,PL_W670272329,Old Toronto,1,1
ORG05970,Synthetic Commercial 05970 @ OSM commercial W670272330,commercial,PL_W670272330,Old Toronto,1,1
ORG05971,Synthetic Commercial 05971 @ OSM commercial W670272332,commercial,PL_W670272332,Old Toronto,1,1
ORG05972,Synthetic Industrial 05972 @ OSM industrial W670272335,industrial,PL_W670272335,Old Toronto,1,1
ORG05973,Synthetic Industrial 05973 @ OSM industrial W670281251,industrial,PL_W670281251,Brampton,1,1
ORG05974,Synthetic Industrial 05974 @ OSM industrial W670293178,industrial,PL_W670293178,Brampton,2,1
ORG05975,Synthetic Commercial 05975 @ OSM commercial W670293204,commercial,PL_W670293204,Vaughan,1,1
ORG05976,Synthetic Commercial 05976 @ OSM commercial W670367697,commercial,PL_W670367697,Old Toronto,1,1
ORG05977,Synthetic Commercial 05977 @ OSM commercial W670633521,commercial,PL_W670633521,Vaughan,1,1
ORG05978,Synthetic Retail 05978 @ Chrysler Dodge Jeep Ram,retail,PL_W67091528,North York,1,1
ORG05979,Synthetic Commercial 05979 @ Steeles Memorial Chapel,commercial,PL_W67091534,North York,1,1
ORG05980,Synthetic Retail 05980 @ Roy Foss Chevrolet Cadillac,retail,PL_W67091539,North York,1,1
ORG05981,Synthetic Industrial 05981 @ OSM industrial W670947967,industrial,PL_W670947967,North York,1,1
ORG05982,Synthetic Commercial 05982 @ OSM commercial W670995134,commercial,PL_W670995134,North York,1,1
ORG05983,Synthetic Commercial 05983 @ OSM commercial W670995136,commercial,PL_W670995136,North York,2,1
ORG05984,Synthetic Commercial 05984 @ OSM commercial W671010916,commercial,PL_W671010916,Vaughan,1,1
ORG05985,Synthetic Commercial 05985 @ OSM commercial W671010921,commercial,PL_W671010921,Vaughan,1,1
ORG05986,Synthetic Commercial 05986 @ OSM commercial W671010922,commercial,PL_W671010922,Vaughan,1,1
ORG05987,Synthetic Industrial 05987 @ OSM industrial W671011435,industrial,PL_W671011435,North York,2,1
ORG05988,Synthetic Commercial 05988 @ OSM commercial W671011443,commercial,PL_W671011443,North York,2,1
ORG05989,Synthetic Commercial 05989 @ OSM commercial W671097334,commercial,PL_W671097334,North York,1,1
ORG05990,Synthetic Commercial 05990 @ OSM commercial W671097336,commercial,PL_W671097336,North York,2,1
ORG05991,Synthetic Commercial 05991 @ OSM commercial W671097357,commercial,PL_W671097357,North York,1,1
ORG05992,Synthetic Commercial 05992 @ OSM commercial W671097359,commercial,PL_W671097359,North York,3,1
ORG05993,Synthetic Commercial 05993 @ OSM commercial W671097365,commercial,PL_W671097365,North York,3,1
ORG05994,Synthetic Commercial 05994 @ OSM commercial W671185105,commercial,PL_W671185105,Vaughan,1,1
ORG05995,Synthetic Residential 05995 @ Antica Village Townhomes,residential,PL_W671185112,Vaughan,1,1
ORG05996,Synthetic Commercial 05996 @ OSM commercial W67132136,commercial,PL_W67132136,North York,5,1
ORG05997,Synthetic Commercial 05997 @ OSM commercial W67132147,commercial,PL_W67132147,North York,1,1
ORG05998,Synthetic Commercial 05998 @ OSM commercial W67133952,commercial,PL_W67133952,North York,2,1
ORG05999,Synthetic Hotel 05999 @ Park Inn by Radisson Toronto-Markham,hotel,PL_W67138242,Markham,2,1
ORG06000,Synthetic Retail 06000 @ Goeman's Appliances,retail,PL_W67138255,Markham,1,1
ORG06001,Synthetic Office 06001 @ 140 Allstate Parkway,office,PL_W67138271,Markham,2,1
ORG06002,Synthetic Commercial 06002 @ Hatch Specialty Coffee Roaster,commercial,PL_W67138293,Markham,1,1
ORG06003,Synthetic Industrial 06003 @ OSM industrial W67138784,industrial,PL_W67138784,Markham,1,1
ORG06004,Synthetic Commercial 06004 @ 12 Upjohn Road,commercial,PL_W67139113,North York,2,1
ORG06005,Synthetic Office 06005 @ 100 Scarsdale Road,office,PL_W67139115,North York,1,1
ORG06006,Synthetic Office 06006 @ TD Canada Trust/TD Commercial Banking,office,PL_W67139117,North York,2,1
ORG06007,Synthetic Office 06007 @ York Mills Gardens,office,PL_W67139121,North York,1,1
ORG06008,Synthetic Office 06008 @ 1446 Don Mills Road,office,PL_W67139134,North York,2,1
ORG06009,Synthetic Industrial 06009 @ OSM industrial W67140566,industrial,PL_W67140566,Scarborough,1,1
ORG06010,Synthetic Industrial 06010 @ 170 Nugget Avenue,industrial,PL_W67140585,Scarborough,1,1
ORG06011,Synthetic Industrial 06011 @ 151 Nugget Avenue,industrial,PL_W67140617,Scarborough,1,1
ORG06012,Synthetic Office 06012 @ Government of Canada,office,PL_W67141283,Scarborough,1,1
ORG06013,Synthetic Hotel 06013 @ Delta Toronto East,hotel,PL_W67141305,Scarborough,2,1
ORG06014,Synthetic Industrial 06014 @ OSM industrial W67141322,industrial,PL_W67141322,Scarborough,1,1
ORG06015,Synthetic Industrial 06015 @ OSM industrial W67141324,industrial,PL_W67141324,Scarborough,1,1
ORG06016,Synthetic Industrial 06016 @ AMPE Supply,industrial,PL_W67141358,Scarborough,1,1
ORG06017,Synthetic Office 06017 @ Nella Food Equipment,office,PL_W67141396,Scarborough,1,1
ORG06018,Synthetic Industrial 06018 @ OSM industrial W67141411,industrial,PL_W67141411,Scarborough,1,1
ORG06019,Synthetic Industrial 06019 @ OSM industrial W67141445,industrial,PL_W67141445,Scarborough,1,1
ORG06020,Synthetic Industrial 06020 @ OSM industrial W67141459,industrial,PL_W67141459,Scarborough,1,1
ORG06021,Synthetic Office 06021 @ OSM office W67141485,office,PL_W67141485,Scarborough,1,1
ORG06022,Synthetic Industrial 06022 @ OSM industrial W67141522,industrial,PL_W67141522,Scarborough,1,1
ORG06023,Synthetic Industrial 06023 @ OSM industrial W67141547,industrial,PL_W67141547,Scarborough,1,1
ORG06024,Synthetic Industrial 06024 @ OSM industrial W67141552,industrial,PL_W67141552,Scarborough,1,1
ORG06025,Synthetic Office 06025 @ Toronto Public Library Adminstraion/Services Centre,office,PL_W67141590,Scarborough,1,1
ORG06026,Synthetic Office 06026 @ ERS International,office,PL_W67141627,Scarborough,1,1
ORG06027,Synthetic Industrial 06027 @ OSM industrial W67141698,industrial,PL_W67141698,Scarborough,1,1
ORG06028,Synthetic Industrial 06028 @ OSM industrial W67141700,industrial,PL_W67141700,Scarborough,1,1
ORG06029,Synthetic Commercial 06029 @ OSM commercial W671599467,commercial,PL_W671599467,North York,3,1
ORG06030,Synthetic Commercial 06030 @ OSM commercial W671599468,commercial,PL_W671599468,North York,2,1
ORG06031,Synthetic Commercial 06031 @ OSM commercial W671599472,commercial,PL_W671599472,North York,1,1
ORG06032,Synthetic Commercial 06032 @ OSM commercial W671599481,commercial,PL_W671599481,North York,2,1
ORG06033,Synthetic Commercial 06033 @ OSM commercial W671607410,commercial,PL_W671607410,North York,1,1
ORG06034,Synthetic Commercial 06034 @ OSM commercial W671607431,commercial,PL_W671607431,North York,3,1
ORG06035,Synthetic Commercial 06035 @ OSM commercial W671872810,commercial,PL_W671872810,North York,2,1
ORG06036,Synthetic Commercial 06036 @ OSM commercial W671872811,commercial,PL_W671872811,North York,1,1
ORG06037,Synthetic Commercial 06037 @ OSM commercial W671876643,commercial,PL_W671876643,Vaughan,1,1
ORG06038,Synthetic Industrial 06038 @ OSM industrial W671879871,industrial,PL_W671879871,Vaughan,1,1
ORG06039,Synthetic Commercial 06039 @ Veneto Centre,commercial,PL_W672220752,Vaughan,1,1
ORG06040,Synthetic Commercial 06040 @ OSM commercial W672220759,commercial,PL_W672220759,Vaughan,1,1
ORG06041,Synthetic Commercial 06041 @ OSM commercial W672669530,commercial,PL_W672669530,Old Toronto,1,1
ORG06042,Synthetic Industrial 06042 @ OSM industrial W672669531,industrial,PL_W672669531,Old Toronto,1,1
ORG06043,Synthetic Commercial 06043 @ OSM commercial W672669532,commercial,PL_W672669532,Old Toronto,1,1
ORG06044,Synthetic Commercial 06044 @ OSM commercial W672669534,commercial,PL_W672669534,Old Toronto,1,1
ORG06045,Synthetic Commercial 06045 @ OSM commercial W672669537,commercial,PL_W672669537,Old Toronto,1,1
ORG06046,Synthetic Industrial 06046 @ OSM industrial W672669538,industrial,PL_W672669538,Old Toronto,1,1
ORG06047,Synthetic Commercial 06047 @ OSM commercial W672703072,commercial,PL_W672703072,Old Toronto,1,1
ORG06048,Synthetic Commercial 06048 @ OSM commercial W672751578,commercial,PL_W672751578,Old Toronto,1,1
ORG06049,Synthetic Industrial 06049 @ OSM industrial W672780979,industrial,PL_W672780979,Vaughan,1,1
ORG06050,Synthetic Commercial 06050 @ OSM commercial W672780981,commercial,PL_W672780981,Vaughan,1,1
ORG06051,Synthetic Industrial 06051 @ OSM industrial W672780996,industrial,PL_W672780996,Brampton,1,1
ORG06052,Synthetic Commercial 06052 @ OSM commercial W673006199,commercial,PL_W673006199,North York,1,1
ORG06053,Synthetic Commercial 06053 @ OSM commercial W673006200,commercial,PL_W673006200,North York,1,1
ORG06054,Synthetic Commercial 06054 @ OSM commercial W673171020,commercial,PL_W673171020,Brampton,1,1
ORG06055,Synthetic Commercial 06055 @ Bloor Medical Centre,commercial,PL_W673263912,Old Toronto,4,1
ORG06056,Synthetic Commercial 06056 @ OSM commercial W673493644,commercial,PL_W673493644,North York,2,1
ORG06057,Synthetic Commercial 06057 @ OSM commercial W673760242,commercial,PL_W673760242,North York,2,1
ORG06058,Synthetic Commercial 06058 @ OSM commercial W674557281,commercial,PL_W674557281,Old Toronto,2,1
ORG06059,Synthetic Commercial 06059 @ OSM commercial W674557283,commercial,PL_W674557283,Old Toronto,1,1
ORG06060,Synthetic Industrial 06060 @ OSM industrial W674557290,industrial,PL_W674557290,Old Toronto,1,1
ORG06061,Synthetic Commercial 06061 @ OSM commercial W674557291,commercial,PL_W674557291,Old Toronto,1,1
ORG06062,Synthetic Commercial 06062 @ OSM commercial W674557292,commercial,PL_W674557292,Old Toronto,1,1
ORG06063,Synthetic Residential 06063 @ OSM residential W674557299,residential,PL_W674557299,Old Toronto,1,1
ORG06064,Synthetic Commercial 06064 @ OSM commercial W674557300,commercial,PL_W674557300,Old Toronto,2,1
ORG06065,Synthetic Commercial 06065 @ OSM commercial W674566387,commercial,PL_W674566387,Old Toronto,2,1
ORG06066,Synthetic Commercial 06066 @ OSM commercial W674573763,commercial,PL_W674573763,Old Toronto,2,1
ORG06067,Synthetic Commercial 06067 @ OSM commercial W674573766,commercial,PL_W674573766,Old Toronto,2,1
ORG06068,Synthetic Industrial 06068 @ OSM industrial W674772093,industrial,PL_W674772093,Vaughan,1,1
ORG06069,Synthetic Commercial 06069 @ OSM commercial W674772103,commercial,PL_W674772103,Vaughan,1,1
ORG06070,Synthetic Commercial 06070 @ OSM commercial W674772108,commercial,PL_W674772108,Vaughan,1,1
ORG06071,Synthetic Commercial 06071 @ OSM commercial W675314643,commercial,PL_W675314643,Vaughan,1,1
ORG06072,Synthetic Industrial 06072 @ OSM industrial W675314644,industrial,PL_W675314644,Vaughan,1,1
ORG06073,Synthetic Commercial 06073 @ OSM commercial W675314654,commercial,PL_W675314654,North York,1,1
ORG06074,Synthetic Industrial 06074 @ OSM industrial W675346387,industrial,PL_W675346387,Brampton,1,1
ORG06075,Synthetic Commercial 06075 @ OSM commercial W675497569,commercial,PL_W675497569,Old Toronto,1,1
ORG06076,Synthetic Restaurant 06076 @ Ruth's Chris Steak House,restaurant,PL_W675736665,Brampton,1,1
ORG06077,Synthetic Retail 06077 @ Staples,retail,PL_W67579891,North York,1,1
ORG06078,Synthetic Commercial 06078 @ OSM commercial W676042518,commercial,PL_W676042518,Vaughan,1,1
ORG06079,Synthetic Industrial 06079 @ OSM industrial W676042522,industrial,PL_W676042522,North York,1,1
ORG06080,Synthetic Commercial 06080 @ OSM commercial W676042524,commercial,PL_W676042524,North York,1,1
ORG06081,Synthetic Commercial 06081 @ OSM commercial W676104887,commercial,PL_W676104887,North York,2,1
ORG06082,Synthetic Commercial 06082 @ OSM commercial W676104894,commercial,PL_W676104894,North York,1,1
ORG06083,Synthetic Commercial 06083 @ OSM commercial W676104927,commercial,PL_W676104927,North York,3,1
ORG06084,Synthetic Commercial 06084 @ OSM commercial W676104931,commercial,PL_W676104931,North York,3,1
ORG06085,Synthetic Commercial 06085 @ OSM commercial W676108757,commercial,PL_W676108757,Old Toronto,2,1
ORG06086,Synthetic Commercial 06086 @ OSM commercial W676111871,commercial,PL_W676111871,Vaughan,1,1
ORG06087,Synthetic Commercial 06087 @ OSM commercial W676111872,commercial,PL_W676111872,Vaughan,1,1
ORG06088,Synthetic Commercial 06088 @ OSM commercial W676111876,commercial,PL_W676111876,Vaughan,1,1
ORG06089,Synthetic Commercial 06089 @ OSM commercial W676111885,commercial,PL_W676111885,Vaughan,4,1
ORG06090,Synthetic Commercial 06090 @ OSM commercial W676299450,commercial,PL_W676299450,Old Toronto,1,1
ORG06091,Synthetic Industrial 06091 @ 1401 Castlefield Avenue,industrial,PL_W676299461,Old Toronto,1,1
ORG06092,Synthetic Commercial 06092 @ OSM commercial W676415515,commercial,PL_W676415515,Vaughan,3,1
ORG06093,Synthetic Commercial 06093 @ OSM commercial W676422632,commercial,PL_W676422632,Old Toronto,1,1
ORG06094,Synthetic Industrial 06094 @ OSM industrial W676443509,industrial,PL_W676443509,Brampton,1,1
ORG06095,Synthetic University 06095 @ OSM university W676443514,university,PL_W676443514,Brampton,8,1
ORG06096,Synthetic Industrial 06096 @ OSM industrial W676445243,industrial,PL_W676445243,Brampton,1,1
ORG06097,Synthetic Commercial 06097 @ OSM commercial W676569734,commercial,PL_W676569734,Brampton,1,1
ORG06098,Synthetic Industrial 06098 @ OSM industrial W677205531,industrial,PL_W677205531,Old Toronto,2,1
ORG06099,Synthetic Commercial 06099 @ OSM commercial W677205547,commercial,PL_W677205547,Old Toronto,1,1
ORG06100,Synthetic Commercial 06100 @ OSM commercial W677205548,commercial,PL_W677205548,Old Toronto,1,1
ORG06101,Synthetic Commercial 06101 @ OSM commercial W677205549,commercial,PL_W677205549,Old Toronto,4,1
ORG06102,Synthetic Commercial 06102 @ OSM commercial W677205550,commercial,PL_W677205550,Old Toronto,1,1
ORG06103,Synthetic Commercial 06103 @ OSM commercial W677206956,commercial,PL_W677206956,Old Toronto,1,1
ORG06104,Synthetic Industrial 06104 @ OSM industrial W677206965,industrial,PL_W677206965,Old Toronto,1,1
ORG06105,Synthetic Commercial 06105 @ 1444 Dupont Street,commercial,PL_W677206969,Old Toronto,2,1
ORG06106,Synthetic Commercial 06106 @ OSM commercial W677206974,commercial,PL_W677206974,Old Toronto,1,1
ORG06107,Synthetic Commercial 06107 @ OSM commercial W677206975,commercial,PL_W677206975,Old Toronto,1,1
ORG06108,Synthetic Commercial 06108 @ OSM commercial W677322972,commercial,PL_W677322972,Vaughan,2,1
ORG06109,Synthetic Commercial 06109 @ OSM commercial W677477572,commercial,PL_W677477572,Old Toronto,3,1
ORG06110,Synthetic Commercial 06110 @ OSM commercial W677477573,commercial,PL_W677477573,Old Toronto,1,1
ORG06111,Synthetic Commercial 06111 @ OSM commercial W677477574,commercial,PL_W677477574,Old Toronto,1,1
ORG06112,Synthetic Industrial 06112 @ OSM industrial W677770980,industrial,PL_W677770980,Vaughan,2,1
ORG06113,Synthetic Commercial 06113 @ OSM commercial W677770984,commercial,PL_W677770984,Vaughan,1,1
ORG06114,Synthetic Industrial 06114 @ OSM industrial W677770991,industrial,PL_W677770991,Vaughan,1,1
ORG06115,Synthetic Industrial 06115 @ OSM industrial W677782183,industrial,PL_W677782183,Vaughan,1,1
ORG06116,Synthetic Industrial 06116 @ OSM industrial W677784196,industrial,PL_W677784196,Vaughan,1,1
ORG06117,Synthetic Industrial 06117 @ OSM industrial W677784207,industrial,PL_W677784207,Vaughan,1,1
ORG06118,Synthetic Commercial 06118 @ OSM commercial W677918916,commercial,PL_W677918916,Old Toronto,3,1
ORG06119,Synthetic Commercial 06119 @ OSM commercial W677922579,commercial,PL_W677922579,North York,1,1
ORG06120,Synthetic Commercial 06120 @ OSM commercial W677922595,commercial,PL_W677922595,North York,2,1
ORG06121,Synthetic Commercial 06121 @ OSM commercial W677922600,commercial,PL_W677922600,North York,1,1
ORG06122,Synthetic Commercial 06122 @ 195 Norseman Street,commercial,PL_W678066372,Old Toronto,1,1
ORG06123,Synthetic Office 06123 @ Thời Báo,office,PL_W678323985,Old Toronto,2,1
ORG06124,Synthetic Commercial 06124 @ OSM commercial W678430195,commercial,PL_W678430195,North York,2,1
ORG06125,Synthetic Commercial 06125 @ OSM commercial W678433693,commercial,PL_W678433693,North York,2,1
ORG06126,Synthetic Commercial 06126 @ OSM commercial W678437135,commercial,PL_W678437135,Vaughan,2,1
ORG06127,Synthetic Commercial 06127 @ OSM commercial W678437141,commercial,PL_W678437141,North York,1,1
ORG06128,Synthetic Commercial 06128 @ OSM commercial W678437142,commercial,PL_W678437142,North York,1,1
ORG06129,Synthetic Commercial 06129 @ OSM commercial W678505480,commercial,PL_W678505480,North York,2,1
ORG06130,Synthetic Commercial 06130 @ OSM commercial W678508073,commercial,PL_W678508073,North York,1,1
ORG06131,Synthetic Residential 06131 @ OSM residential W678508079,residential,PL_W678508079,North York,1,1
ORG06132,Synthetic Office 06132 @ Sheridan Office Tower,office,PL_W678750333,North York,1,1
ORG06133,Synthetic Commercial 06133 @ OSM commercial W678759777,commercial,PL_W678759777,North York,3,1
ORG06134,Synthetic Supermarket 06134 @ Food Basics,supermarket,PL_W678759778,North York,1,1
ORG06135,Synthetic Commercial 06135 @ OSM commercial W678928079,commercial,PL_W678928079,Old Toronto,1,1
ORG06136,Synthetic Residential 06136 @ OSM residential W678928089,residential,PL_W678928089,Old Toronto,1,1
ORG06137,Synthetic Commercial 06137 @ OSM commercial W678933220,commercial,PL_W678933220,Brampton,1,1
ORG06138,Synthetic Commercial 06138 @ OSM commercial W678933224,commercial,PL_W678933224,Brampton,1,1
ORG06139,Synthetic Commercial 06139 @ OSM commercial W678970360,commercial,PL_W678970360,Brampton,1,1
ORG06140,Synthetic Commercial 06140 @ OSM commercial W678970362,commercial,PL_W678970362,Brampton,3,1
ORG06141,Synthetic Commercial 06141 @ OSM commercial W678970363,commercial,PL_W678970363,Brampton,1,1
ORG06142,Synthetic Commercial 06142 @ OSM commercial W679046739,commercial,PL_W679046739,Old Toronto,4,1
ORG06143,Synthetic Commercial 06143 @ OSM commercial W679134321,commercial,PL_W679134321,North York,1,1
ORG06144,Synthetic Commercial 06144 @ OSM commercial W679134322,commercial,PL_W679134322,North York,1,1
ORG06145,Synthetic Commercial 06145 @ OSM commercial W679142315,commercial,PL_W679142315,Old Toronto,2,1
ORG06146,Synthetic Commercial 06146 @ OSM commercial W679142318,commercial,PL_W679142318,Old Toronto,2,1
ORG06147,Synthetic Commercial 06147 @ 327 Jane Street,commercial,PL_W679142319,Old Toronto,3,1
ORG06148,Synthetic Commercial 06148 @ 325 Jane Street,commercial,PL_W679142320,Old Toronto,1,1
ORG06149,Synthetic Commercial 06149 @ OSM commercial W679142323,commercial,PL_W679142323,Old Toronto,2,1
ORG06150,Synthetic Commercial 06150 @ OSM commercial W679142324,commercial,PL_W679142324,Old Toronto,1,1
ORG06151,Synthetic Commercial 06151 @ OSM commercial W679142325,commercial,PL_W679142325,Old Toronto,1,1
ORG06152,Synthetic Commercial 06152 @ OSM commercial W679142328,commercial,PL_W679142328,Old Toronto,2,1
ORG06153,Synthetic Commercial 06153 @ OSM commercial W679550928,commercial,PL_W679550928,Old Toronto,1,1
ORG06154,Synthetic Commercial 06154 @ OSM commercial W679550929,commercial,PL_W679550929,Old Toronto,1,1
ORG06155,Synthetic Commercial 06155 @ OSM commercial W679964142,commercial,PL_W679964142,North York,2,1
ORG06156,Synthetic Commercial 06156 @ OSM commercial W679964143,commercial,PL_W679964143,North York,2,1
ORG06157,Synthetic Commercial 06157 @ OSM commercial W679964152,commercial,PL_W679964152,North York,1,1
ORG06158,Synthetic Residential 06158 @ OSM residential W679964155,residential,PL_W679964155,North York,1,1
ORG06159,Synthetic Office 06159 @ Loseweightforlife.ca,office,PL_W68019707,North York,2,1
ORG06160,Synthetic Commercial 06160 @ OSM commercial W680474477,commercial,PL_W680474477,Old Toronto,1,1
ORG06161,Synthetic Commercial 06161 @ OSM commercial W680474480,commercial,PL_W680474480,Old Toronto,1,1
ORG06162,Synthetic Commercial 06162 @ OSM commercial W680474491,commercial,PL_W680474491,Old Toronto,1,1
ORG06163,Synthetic Commercial 06163 @ OSM commercial W680474494,commercial,PL_W680474494,Old Toronto,1,1
ORG06164,Synthetic Office 06164 @ 81 Bay Street,office,PL_W680567507,Old Toronto,3,1
ORG06165,Synthetic Commercial 06165 @ OSM commercial W680607366,commercial,PL_W680607366,Brampton,1,1
ORG06166,Synthetic Commercial 06166 @ OSM commercial W680607370,commercial,PL_W680607370,Brampton,1,1
ORG06167,Synthetic Commercial 06167 @ OSM commercial W680608303,commercial,PL_W680608303,Brampton,1,1
ORG06168,Synthetic Industrial 06168 @ OSM industrial W680608305,industrial,PL_W680608305,Brampton,1,1
ORG06169,Synthetic Commercial 06169 @ OSM commercial W680608316,commercial,PL_W680608316,Brampton,1,1
ORG06170,Synthetic Commercial 06170 @ OSM commercial W680620605,commercial,PL_W680620605,Old Toronto,2,1
ORG06171,Synthetic Commercial 06171 @ OSM commercial W680620615,commercial,PL_W680620615,Old Toronto,1,1
ORG06172,Synthetic Commercial 06172 @ OSM commercial W680624938,commercial,PL_W680624938,Old Toronto,1,1
ORG06173,Synthetic Commercial 06173 @ OSM commercial W680624940,commercial,PL_W680624940,Old Toronto,1,1
ORG06174,Synthetic Commercial 06174 @ OSM commercial W680624941,commercial,PL_W680624941,Old Toronto,1,1
ORG06175,Synthetic Industrial 06175 @ OSM industrial W680624943,industrial,PL_W680624943,Old Toronto,1,1
ORG06176,Synthetic Commercial 06176 @ OSM commercial W680629949,commercial,PL_W680629949,Brampton,1,1
ORG06177,Synthetic Commercial 06177 @ OSM commercial W680641502,commercial,PL_W680641502,Brampton,1,1
ORG06178,Synthetic Industrial 06178 @ OSM industrial W680641505,industrial,PL_W680641505,Brampton,1,1
ORG06179,Synthetic Commercial 06179 @ OSM commercial W683000955,commercial,PL_W683000955,Vaughan,1,1
ORG06180,Synthetic Industrial 06180 @ OSM industrial W68310029,industrial,PL_W68310029,Vaughan,1,1
ORG06181,Synthetic Industrial 06181 @ OSM industrial W68310448,industrial,PL_W68310448,Vaughan,1,1
ORG06182,Synthetic Commercial 06182 @ OSM commercial W684008556,commercial,PL_W684008556,Vaughan,1,1
ORG06183,Synthetic Commercial 06183 @ OSM commercial W684783109,commercial,PL_W684783109,Old Toronto,2,1
ORG06184,Synthetic Industrial 06184 @ OSM industrial W685825630,industrial,PL_W685825630,Brampton,1,1
ORG06185,Synthetic Industrial 06185 @ OSM industrial W685825631,industrial,PL_W685825631,Brampton,1,1
ORG06186,Synthetic Industrial 06186 @ OSM industrial W685825632,industrial,PL_W685825632,Brampton,1,1
ORG06187,Synthetic Office 06187 @ TD Terrace,office,PL_W686163960,Old Toronto,1,1
ORG06188,Synthetic University 06188 @ Humber Polytechnic - Lakeshore Campus West,university,PL_W686503820,Old Toronto,3,1
ORG06189,Synthetic Commercial 06189 @ High Park Scrap Metals,commercial,PL_W686982860,Old Toronto,1,1
ORG06190,Synthetic Commercial 06190 @ OSM commercial W687674967,commercial,PL_W687674967,Old Toronto,1,1
ORG06191,Synthetic Industrial 06191 @ OSM industrial W689209041,industrial,PL_W689209041,Old Toronto,1,1
ORG06192,Synthetic Industrial 06192 @ Islington Business Park,industrial,PL_W689383198,Old Toronto,1,1
ORG06193,Synthetic Industrial 06193 @ OSM industrial W690912364,industrial,PL_W690912364,Old Toronto,1,1
ORG06194,Synthetic Commercial 06194 @ OSM commercial W691996415,commercial,PL_W691996415,Old Toronto,2,1
ORG06195,Synthetic Commercial 06195 @ OSM commercial W692002309,commercial,PL_W692002309,Old Toronto,1,1
ORG06196,Synthetic Commercial 06196 @ OSM commercial W692002311,commercial,PL_W692002311,Old Toronto,2,1
ORG06197,Synthetic Commercial 06197 @ OSM commercial W692002320,commercial,PL_W692002320,Old Toronto,1,1
ORG06198,Synthetic Commercial 06198 @ OSM commercial W692005595,commercial,PL_W692005595,Old Toronto,1,1
ORG06199,Synthetic Commercial 06199 @ OSM commercial W692017153,commercial,PL_W692017153,Old Toronto,3,1
ORG06200,Synthetic Commercial 06200 @ OSM commercial W692017154,commercial,PL_W692017154,Old Toronto,2,1
ORG06201,Synthetic Commercial 06201 @ 250 Carlaw Avenue,commercial,PL_W69341524,Old Toronto,3,1
ORG06202,Synthetic Office 06202 @ Pinnacle Etobicoke,office,PL_W694527214,Old Toronto,1,1
ORG06203,Synthetic Commercial 06203 @ OSM commercial W696724484,commercial,PL_W696724484,North York,1,1
ORG06204,Synthetic Supermarket 06204 @ Metro,supermarket,PL_W696803995,North York,1,1
ORG06205,Synthetic Office 06205 @ 165 Avenue Road,office,PL_W69706533,Old Toronto,2,1
ORG06206,Synthetic Hotel 06206 @ Hilton Garden Inn,hotel,PL_W697106137,Brampton,2,1
ORG06207,Synthetic Commercial 06207 @ OSM commercial W697120621,commercial,PL_W697120621,Brampton,1,1
ORG06208,Synthetic Commercial 06208 @ OSM commercial W697161665,commercial,PL_W697161665,Brampton,1,1
ORG06209,Synthetic Commercial 06209 @ OSM commercial W697166895,commercial,PL_W697166895,Brampton,1,1
ORG06210,Synthetic Supermarket 06210 @ Chalo! FreshCo,supermarket,PL_W697173971,Brampton,1,1
ORG06211,Synthetic Commercial 06211 @ OSM commercial W698309123,commercial,PL_W698309123,Vaughan,1,1
ORG06212,Synthetic Supermarket 06212 @ Nations Fresh Foods,supermarket,PL_W698746838,Vaughan,1,1
ORG06213,Synthetic Commercial 06213 @ OSM commercial W699149381,commercial,PL_W699149381,Vaughan,2,1
ORG06214,Synthetic Residential 06214 @ OSM residential W699293503,residential,PL_W699293503,Markham,1,1
ORG06215,Synthetic Supermarket 06215 @ No Frills,supermarket,PL_W699417492,Old Toronto,1,1
ORG06216,Synthetic Office 06216 @ Corus,office,PL_W69966012,Old Toronto,7,1
ORG06217,Synthetic Commercial 06217 @ OSM commercial W700221888,commercial,PL_W700221888,Richmond Hill,3,1
ORG06218,Synthetic Commercial 06218 @ OSM commercial W700221889,commercial,PL_W700221889,Richmond Hill,2,1
ORG06219,Synthetic Commercial 06219 @ OSM commercial W700221890,commercial,PL_W700221890,Richmond Hill,1,1
ORG06220,Synthetic Residential 06220 @ OSM residential W700221891,residential,PL_W700221891,Richmond Hill,1,1
ORG06221,Synthetic Retail 06221 @ Bobby's Liquidation Outlet,retail,PL_W700750477,Markham,1,1
ORG06222,Synthetic Commercial 06222 @ OSM commercial W701171121,commercial,PL_W701171121,Old Toronto,1,1
ORG06223,Synthetic Commercial 06223 @ OSM commercial W701661719,commercial,PL_W701661719,North York,1,1
ORG06224,Synthetic Commercial 06224 @ OSM commercial W701664619,commercial,PL_W701664619,Richmond Hill,1,1
ORG06225,Synthetic Commercial 06225 @ OSM commercial W701664628,commercial,PL_W701664628,Richmond Hill,1,1
ORG06226,Synthetic Commercial 06226 @ OSM commercial W701979632,commercial,PL_W701979632,North York,1,1
ORG06227,Synthetic Commercial 06227 @ OSM commercial W701979633,commercial,PL_W701979633,North York,1,1
ORG06228,Synthetic Commercial 06228 @ OSM commercial W701979634,commercial,PL_W701979634,North York,1,1
ORG06229,Synthetic Commercial 06229 @ OSM commercial W701979638,commercial,PL_W701979638,North York,1,1
ORG06230,Synthetic Commercial 06230 @ The Bob Rumball Centre for the Deaf,commercial,PL_W701997020,North York,1,1
ORG06231,Synthetic Commercial 06231 @ OSM commercial W701997039,commercial,PL_W701997039,North York,2,1
ORG06232,Synthetic Commercial 06232 @ OSM commercial W701997045,commercial,PL_W701997045,North York,1,1
ORG06233,Synthetic Commercial 06233 @ OSM commercial W702100741,commercial,PL_W702100741,North York,1,1
ORG06234,Synthetic University 06234 @ Tyndale University,university,PL_W702100748,North York,9,1
ORG06235,Synthetic Commercial 06235 @ Bay Adelaide Centre,commercial,PL_W702116989,Old Toronto,2,1
ORG06236,Synthetic Commercial 06236 @ OSM commercial W702141527,commercial,PL_W702141527,Scarborough,2,1
ORG06237,Synthetic Commercial 06237 @ OSM commercial W702142777,commercial,PL_W702142777,Scarborough,1,1
ORG06238,Synthetic Residential 06238 @ OSM residential W702145957,residential,PL_W702145957,Scarborough,1,1
ORG06239,Synthetic Commercial 06239 @ OSM commercial W702145965,commercial,PL_W702145965,Scarborough,3,1
ORG06240,Synthetic Residential 06240 @ OSM residential W702160080,residential,PL_W702160080,Scarborough,1,1
ORG06241,Synthetic Residential 06241 @ OSM residential W702167768,residential,PL_W702167768,Markham,2,1
ORG06242,Synthetic Commercial 06242 @ OSM commercial W702169102,commercial,PL_W702169102,Scarborough,1,1
ORG06243,Synthetic Residential 06243 @ OSM residential W702169103,residential,PL_W702169103,Scarborough,1,1
ORG06244,Synthetic Industrial 06244 @ OSM industrial W702169105,industrial,PL_W702169105,Scarborough,1,1
ORG06245,Synthetic Commercial 06245 @ OSM commercial W702169106,commercial,PL_W702169106,Scarborough,1,1
ORG06246,Synthetic Commercial 06246 @ OSM commercial W702169116,commercial,PL_W702169116,Scarborough,3,1
ORG06247,Synthetic Residential 06247 @ OSM residential W702169124,residential,PL_W702169124,Scarborough,1,1
ORG06248,Synthetic Residential 06248 @ OSM residential W702169776,residential,PL_W702169776,Scarborough,1,1
ORG06249,Synthetic Residential 06249 @ OSM residential W702169782,residential,PL_W702169782,Scarborough,1,1
ORG06250,Synthetic University 06250 @ OSM university W702537549,university,PL_W702537549,North York,7,1
ORG06251,Synthetic Industrial 06251 @ OSM industrial W702554496,industrial,PL_W702554496,Markham,1,1
ORG06252,Synthetic Commercial 06252 @ OSM commercial W702554499,commercial,PL_W702554499,Markham,2,1
ORG06253,Synthetic Commercial 06253 @ OSM commercial W702554513,commercial,PL_W702554513,Markham,1,1
ORG06254,Synthetic Residential 06254 @ 1,residential,PL_W702557441,Markham,1,1
ORG06255,Synthetic Residential 06255 @ OSM residential W702587019,residential,PL_W702587019,Scarborough,1,1
ORG06256,Synthetic Industrial 06256 @ OSM industrial W702855220,industrial,PL_W702855220,Richmond Hill,1,1
ORG06257,Synthetic Residential 06257 @ OSM residential W703251903,residential,PL_W703251903,Scarborough,1,1
ORG06258,Synthetic Commercial 06258 @ OSM commercial W703255154,commercial,PL_W703255154,North York,1,1
ORG06259,Synthetic Commercial 06259 @ OSM commercial W703255160,commercial,PL_W703255160,North York,1,1
ORG06260,Synthetic Commercial 06260 @ OSM commercial W703255161,commercial,PL_W703255161,North York,1,1
ORG06261,Synthetic Industrial 06261 @ OSM industrial W703255163,industrial,PL_W703255163,North York,1,1
ORG06262,Synthetic Commercial 06262 @ OSM commercial W703427644,commercial,PL_W703427644,North York,2,1
ORG06263,Synthetic Commercial 06263 @ OSM commercial W703427648,commercial,PL_W703427648,North York,1,1
ORG06264,Synthetic Commercial 06264 @ OSM commercial W703436006,commercial,PL_W703436006,North York,1,1
ORG06265,Synthetic Commercial 06265 @ OSM commercial W703439392,commercial,PL_W703439392,Old Toronto,1,1
ORG06266,Synthetic Commercial 06266 @ OSM commercial W703598070,commercial,PL_W703598070,Old Toronto,2,1
ORG06267,Synthetic Commercial 06267 @ OSM commercial W703598079,commercial,PL_W703598079,Old Toronto,1,1
ORG06268,Synthetic Commercial 06268 @ OSM commercial W703598082,commercial,PL_W703598082,Old Toronto,1,1
ORG06269,Synthetic Commercial 06269 @ OSM commercial W703598083,commercial,PL_W703598083,Old Toronto,1,1
ORG06270,Synthetic Residential 06270 @ OSM residential W703600439,residential,PL_W703600439,North York,1,1
ORG06271,Synthetic Commercial 06271 @ OSM commercial W703613744,commercial,PL_W703613744,North York,1,1
ORG06272,Synthetic Commercial 06272 @ OSM commercial W703613747,commercial,PL_W703613747,North York,1,1
ORG06273,Synthetic Commercial 06273 @ OSM commercial W703613748,commercial,PL_W703613748,North York,2,1
ORG06274,Synthetic University 06274 @ Seneca Polytechnic,university,PL_W703666033,North York,4,1
ORG06275,Synthetic Industrial 06275 @ OSM industrial W703752561,industrial,PL_W703752561,Markham,1,1
ORG06276,Synthetic Industrial 06276 @ OSM industrial W703752568,industrial,PL_W703752568,Markham,1,1
ORG06277,Synthetic Commercial 06277 @ OSM commercial W703752571,commercial,PL_W703752571,Markham,1,1
ORG06278,Synthetic Industrial 06278 @ OSM industrial W703752573,industrial,PL_W703752573,Markham,1,1
ORG06279,Synthetic Commercial 06279 @ OSM commercial W703776807,commercial,PL_W703776807,Markham,1,1
ORG06280,Synthetic Commercial 06280 @ OSM commercial W703776808,commercial,PL_W703776808,Markham,1,1
ORG06281,Synthetic Commercial 06281 @ OSM commercial W703776813,commercial,PL_W703776813,Markham,1,1
ORG06282,Synthetic Commercial 06282 @ OSM commercial W703776814,commercial,PL_W703776814,Markham,1,1
ORG06283,Synthetic Commercial 06283 @ OSM commercial W703776819,commercial,PL_W703776819,Markham,2,1
ORG06284,Synthetic Commercial 06284 @ OSM commercial W703923700,commercial,PL_W703923700,Markham,1,1
ORG06285,Synthetic Commercial 06285 @ OSM commercial W703923705,commercial,PL_W703923705,Markham,1,1
ORG06286,Synthetic Commercial 06286 @ OSM commercial W703923706,commercial,PL_W703923706,Markham,1,1
ORG06287,Synthetic Commercial 06287 @ OSM commercial W703929742,commercial,PL_W703929742,Richmond Hill,2,1
ORG06288,Synthetic Industrial 06288 @ OSM industrial W703929744,industrial,PL_W703929744,Markham,1,1
ORG06289,Synthetic Commercial 06289 @ OSM commercial W703932825,commercial,PL_W703932825,Scarborough,2,1
ORG06290,Synthetic Residential 06290 @ OSM residential W703932832,residential,PL_W703932832,North York,1,1
ORG06291,Synthetic Commercial 06291 @ OSM commercial W703937354,commercial,PL_W703937354,North York,1,1
ORG06292,Synthetic Commercial 06292 @ OSM commercial W703944412,commercial,PL_W703944412,Markham,1,1
ORG06293,Synthetic Commercial 06293 @ OSM commercial W703946861,commercial,PL_W703946861,North York,1,1
ORG06294,Synthetic Industrial 06294 @ OSM industrial W703948826,industrial,PL_W703948826,North York,1,1
ORG06295,Synthetic Commercial 06295 @ OSM commercial W704196069,commercial,PL_W704196069,Scarborough,1,1
ORG06296,Synthetic Commercial 06296 @ OSM commercial W704196077,commercial,PL_W704196077,Scarborough,2,1
ORG06297,Synthetic Commercial 06297 @ OSM commercial W704227245,commercial,PL_W704227245,Old Toronto,1,1
ORG06298,Synthetic Commercial 06298 @ OSM commercial W704228131,commercial,PL_W704228131,Scarborough,1,1
ORG06299,Synthetic Residential 06299 @ OSM residential W704229385,residential,PL_W704229385,Markham,1,1
ORG06300,Synthetic Commercial 06300 @ OSM commercial W704229386,commercial,PL_W704229386,Markham,2,1
ORG06301,Synthetic Residential 06301 @ OSM residential W704229387,residential,PL_W704229387,Markham,1,1
ORG06302,Synthetic Commercial 06302 @ OSM commercial W704229390,commercial,PL_W704229390,Markham,1,1
ORG06303,Synthetic Residential 06303 @ OSM residential W704229392,residential,PL_W704229392,Markham,1,1
ORG06304,Synthetic Residential 06304 @ Vintage Garden,residential,PL_W704229394,Markham,1,1
ORG06305,Synthetic Commercial 06305 @ OSM commercial W704229395,commercial,PL_W704229395,Markham,1,1
ORG06306,Synthetic Industrial 06306 @ OSM industrial W704230280,industrial,PL_W704230280,Markham,1,1
ORG06307,Synthetic Commercial 06307 @ OSM commercial W704230283,commercial,PL_W704230283,Markham,2,1
ORG06308,Synthetic Commercial 06308 @ OSM commercial W704230284,commercial,PL_W704230284,Markham,1,1
ORG06309,Synthetic Commercial 06309 @ OSM commercial W704230291,commercial,PL_W704230291,Markham,1,1
ORG06310,Synthetic Commercial 06310 @ OSM commercial W704232362,commercial,PL_W704232362,Scarborough,1,1
ORG06311,Synthetic Residential 06311 @ OSM residential W704232365,residential,PL_W704232365,Scarborough,1,1
ORG06312,Synthetic Residential 06312 @ OSM residential W704232379,residential,PL_W704232379,Scarborough,1,1
ORG06313,Synthetic Commercial 06313 @ OSM commercial W704287213,commercial,PL_W704287213,Markham,1,1
ORG06314,Synthetic Industrial 06314 @ OSM industrial W704287216,industrial,PL_W704287216,Markham,1,1
ORG06315,Synthetic Commercial 06315 @ OSM commercial W704287224,commercial,PL_W704287224,Markham,1,1
ORG06316,Synthetic Industrial 06316 @ OSM industrial W704288156,industrial,PL_W704288156,Markham,1,1
ORG06317,Synthetic Residential 06317 @ OSM residential W704288158,residential,PL_W704288158,Markham,1,1
ORG06318,Synthetic Commercial 06318 @ OSM commercial W704288161,commercial,PL_W704288161,Markham,1,1
ORG06319,Synthetic Industrial 06319 @ OSM industrial W704292301,industrial,PL_W704292301,Markham,1,1
ORG06320,Synthetic Industrial 06320 @ OSM industrial W704594301,industrial,PL_W704594301,Scarborough,1,1
ORG06321,Synthetic Commercial 06321 @ OSM commercial W704594302,commercial,PL_W704594302,Scarborough,1,1
ORG06322,Synthetic Commercial 06322 @ OSM commercial W704594307,commercial,PL_W704594307,Scarborough,3,1
ORG06323,Synthetic Commercial 06323 @ OSM commercial W704594308,commercial,PL_W704594308,Scarborough,2,1
ORG06324,Synthetic Industrial 06324 @ OSM industrial W704597777,industrial,PL_W704597777,Scarborough,1,1
ORG06325,Synthetic Residential 06325 @ OSM residential W704597780,residential,PL_W704597780,Scarborough,1,1
ORG06326,Synthetic Industrial 06326 @ OSM industrial W704634876,industrial,PL_W704634876,Old Toronto,1,1
ORG06327,Synthetic Commercial 06327 @ OSM commercial W704634881,commercial,PL_W704634881,Old Toronto,3,1
ORG06328,Synthetic Commercial 06328 @ OSM commercial W704634889,commercial,PL_W704634889,Scarborough,2,1
ORG06329,Synthetic Commercial 06329 @ OSM commercial W704634892,commercial,PL_W704634892,Scarborough,1,1
ORG06330,Synthetic Residential 06330 @ OSM residential W704729316,residential,PL_W704729316,Scarborough,1,1
ORG06331,Synthetic Commercial 06331 @ OSM commercial W704729319,commercial,PL_W704729319,Scarborough,1,1
ORG06332,Synthetic Residential 06332 @ OSM residential W704729324,residential,PL_W704729324,Scarborough,3,1
ORG06333,Synthetic Commercial 06333 @ OSM commercial W704731338,commercial,PL_W704731338,Old Toronto,1,1
ORG06334,Synthetic Commercial 06334 @ OSM commercial W704945364,commercial,PL_W704945364,Scarborough,2,1
ORG06335,Synthetic Residential 06335 @ OSM residential W704945365,residential,PL_W704945365,Scarborough,1,1
ORG06336,Synthetic Residential 06336 @ OSM residential W704945373,residential,PL_W704945373,Scarborough,1,1
ORG06337,Synthetic Commercial 06337 @ OSM commercial W704945381,commercial,PL_W704945381,Scarborough,2,1
ORG06338,Synthetic Residential 06338 @ OSM residential W704946505,residential,PL_W704946505,Scarborough,1,1
ORG06339,Synthetic Commercial 06339 @ OSM commercial W704993416,commercial,PL_W704993416,Scarborough,1,1
ORG06340,Synthetic Residential 06340 @ OSM residential W704993429,residential,PL_W704993429,Scarborough,3,1
ORG06341,Synthetic Industrial 06341 @ OSM industrial W704995233,industrial,PL_W704995233,Scarborough,1,1
ORG06342,Synthetic Residential 06342 @ OSM residential W704995234,residential,PL_W704995234,Scarborough,1,1
ORG06343,Synthetic Commercial 06343 @ OSM commercial W704995235,commercial,PL_W704995235,Scarborough,1,1
ORG06344,Synthetic Commercial 06344 @ OSM commercial W704997215,commercial,PL_W704997215,Scarborough,2,1
ORG06345,Synthetic Commercial 06345 @ OSM commercial W704997216,commercial,PL_W704997216,Old Toronto,1,1
ORG06346,Synthetic Residential 06346 @ OSM residential W704997233,residential,PL_W704997233,Scarborough,1,1
ORG06347,Synthetic Commercial 06347 @ OSM commercial W704997235,commercial,PL_W704997235,Scarborough,1,1
ORG06348,Synthetic Industrial 06348 @ OSM industrial W704997239,industrial,PL_W704997239,Scarborough,1,1
ORG06349,Synthetic Commercial 06349 @ OSM commercial W705010178,commercial,PL_W705010178,Markham,1,1
ORG06350,Synthetic Residential 06350 @ Eaton on the Park,residential,PL_W705010187,Scarborough,2,1
ORG06351,Synthetic Commercial 06351 @ OSM commercial W705010190,commercial,PL_W705010190,Scarborough,1,1
ORG06352,Synthetic Commercial 06352 @ OSM commercial W705010198,commercial,PL_W705010198,Scarborough,1,1
ORG06353,Synthetic Residential 06353 @ OSM residential W705011692,residential,PL_W705011692,Markham,1,1
ORG06354,Synthetic Residential 06354 @ OSM residential W705011699,residential,PL_W705011699,Markham,1,1
ORG06355,Synthetic Commercial 06355 @ OSM commercial W705011703,commercial,PL_W705011703,Markham,1,1
ORG06356,Synthetic Residential 06356 @ OSM residential W705011706,residential,PL_W705011706,Markham,1,1
ORG06357,Synthetic Commercial 06357 @ OSM commercial W705015582,commercial,PL_W705015582,North York,2,1
ORG06358,Synthetic Industrial 06358 @ OSM industrial W70510669,industrial,PL_W70510669,Scarborough,1,1
ORG06359,Synthetic Office 06359 @ CON-TECH Adki,office,PL_W70510674,Scarborough,3,1
ORG06360,Synthetic Industrial 06360 @ 811 Progress Avenue,industrial,PL_W70510691,Scarborough,1,1
ORG06361,Synthetic Commercial 06361 @ OSM commercial W705109201,commercial,PL_W705109201,Markham,1,1
ORG06362,Synthetic Commercial 06362 @ OSM commercial W705109204,commercial,PL_W705109204,Markham,1,1
ORG06363,Synthetic Commercial 06363 @ OSM commercial W705109205,commercial,PL_W705109205,Markham,3,1
ORG06364,Synthetic Industrial 06364 @ OSM industrial W705109210,industrial,PL_W705109210,Markham,1,1
ORG06365,Synthetic Commercial 06365 @ OSM commercial W705109226,commercial,PL_W705109226,Markham,1,1
ORG06366,Synthetic Commercial 06366 @ OSM commercial W705109229,commercial,PL_W705109229,Markham,1,1
ORG06367,Synthetic Commercial 06367 @ OSM commercial W705109230,commercial,PL_W705109230,Markham,1,1
ORG06368,Synthetic Residential 06368 @ OSM residential W705109233,residential,PL_W705109233,Markham,1,1
ORG06369,Synthetic Residential 06369 @ OSM residential W705115243,residential,PL_W705115243,Markham,1,1
ORG06370,Synthetic Commercial 06370 @ OSM commercial W705115255,commercial,PL_W705115255,Markham,1,1
ORG06371,Synthetic Commercial 06371 @ OSM commercial W705121009,commercial,PL_W705121009,Markham,2,1
ORG06372,Synthetic Commercial 06372 @ OSM commercial W705121015,commercial,PL_W705121015,Markham,1,1
ORG06373,Synthetic Commercial 06373 @ OSM commercial W705121016,commercial,PL_W705121016,Markham,2,1
ORG06374,Synthetic Commercial 06374 @ OSM commercial W705121022,commercial,PL_W705121022,Markham,1,1
ORG06375,Synthetic Residential 06375 @ OSM residential W705125025,residential,PL_W705125025,Markham,1,1
ORG06376,Synthetic Commercial 06376 @ OSM commercial W705132820,commercial,PL_W705132820,Scarborough,2,1
ORG06377,Synthetic Commercial 06377 @ 931 Progress Avenue,commercial,PL_W70513721,Scarborough,1,1
ORG06378,Synthetic Industrial 06378 @ 4940 Sheppard Avenue East,industrial,PL_W70513855,Scarborough,1,1
ORG06379,Synthetic Commercial 06379 @ OSM commercial W705170957,commercial,PL_W705170957,Scarborough,3,1
ORG06380,Synthetic Residential 06380 @ OSM residential W705170962,residential,PL_W705170962,Scarborough,1,1
ORG06381,Synthetic Commercial 06381 @ OSM commercial W705170964,commercial,PL_W705170964,Scarborough,2,1
ORG06382,Synthetic Residential 06382 @ OSM residential W705218734,residential,PL_W705218734,Scarborough,1,1
ORG06383,Synthetic Industrial 06383 @ OSM industrial W705218737,industrial,PL_W705218737,Scarborough,1,1
ORG06384,Synthetic Commercial 06384 @ OSM commercial W705218753,commercial,PL_W705218753,Scarborough,2,1
ORG06385,Synthetic Residential 06385 @ OSM residential W705222378,residential,PL_W705222378,Scarborough,1,1
ORG06386,Synthetic Residential 06386 @ OSM residential W705222391,residential,PL_W705222391,Scarborough,1,1
ORG06387,Synthetic Commercial 06387 @ OSM commercial W705222395,commercial,PL_W705222395,Scarborough,1,1
ORG06388,Synthetic Residential 06388 @ OSM residential W705222396,residential,PL_W705222396,Scarborough,1,1
ORG06389,Synthetic Residential 06389 @ OSM residential W705507586,residential,PL_W705507586,Scarborough,1,1
ORG06390,Synthetic Commercial 06390 @ OSM commercial W705507587,commercial,PL_W705507587,Scarborough,1,1
ORG06391,Synthetic Commercial 06391 @ OSM commercial W705507596,commercial,PL_W705507596,Scarborough,2,1
ORG06392,Synthetic Commercial 06392 @ OSM commercial W705507610,commercial,PL_W705507610,Scarborough,2,1
ORG06393,Synthetic Residential 06393 @ OSM residential W705512157,residential,PL_W705512157,Scarborough,3,1
ORG06394,Synthetic Commercial 06394 @ OSM commercial W705519670,commercial,PL_W705519670,Scarborough,1,1
ORG06395,Synthetic Commercial 06395 @ OSM commercial W705519672,commercial,PL_W705519672,Scarborough,1,1
ORG06396,Synthetic Residential 06396 @ OSM residential W705529518,residential,PL_W705529518,Scarborough,1,1
ORG06397,Synthetic Commercial 06397 @ OSM commercial W705529524,commercial,PL_W705529524,Scarborough,1,1
ORG06398,Synthetic Residential 06398 @ OSM residential W705529528,residential,PL_W705529528,Scarborough,1,1
ORG06399,Synthetic Commercial 06399 @ OSM commercial W705529533,commercial,PL_W705529533,Scarborough,2,1
ORG06400,Synthetic Commercial 06400 @ OSM commercial W705555912,commercial,PL_W705555912,Markham,1,1
ORG06401,Synthetic Commercial 06401 @ OSM commercial W705555913,commercial,PL_W705555913,Markham,2,1
ORG06402,Synthetic Residential 06402 @ OSM residential W705563021,residential,PL_W705563021,Markham,2,1
ORG06403,Synthetic Commercial 06403 @ OSM commercial W705563026,commercial,PL_W705563026,Scarborough,2,1
ORG06404,Synthetic Residential 06404 @ OSM residential W705563027,residential,PL_W705563027,Scarborough,1,1
ORG06405,Synthetic Residential 06405 @ OSM residential W705565537,residential,PL_W705565537,Markham,1,1
ORG06406,Synthetic Commercial 06406 @ OSM commercial W705624345,commercial,PL_W705624345,Markham,1,1
ORG06407,Synthetic Residential 06407 @ OSM residential W705624352,residential,PL_W705624352,Markham,1,1
ORG06408,Synthetic Residential 06408 @ OSM residential W705625074,residential,PL_W705625074,Markham,2,1
ORG06409,Synthetic Commercial 06409 @ OSM commercial W705649174,commercial,PL_W705649174,Scarborough,1,1
ORG06410,Synthetic Commercial 06410 @ OSM commercial W705649177,commercial,PL_W705649177,Scarborough,1,1
ORG06411,Synthetic Commercial 06411 @ OSM commercial W705650229,commercial,PL_W705650229,Scarborough,1,1
ORG06412,Synthetic Residential 06412 @ OSM residential W705740396,residential,PL_W705740396,Scarborough,1,1
ORG06413,Synthetic Industrial 06413 @ OSM industrial W705842204,industrial,PL_W705842204,Scarborough,1,1
ORG06414,Synthetic Industrial 06414 @ OSM industrial W705842205,industrial,PL_W705842205,Scarborough,1,1
ORG06415,Synthetic Commercial 06415 @ OSM commercial W705844114,commercial,PL_W705844114,Scarborough,1,1
ORG06416,Synthetic Residential 06416 @ OSM residential W705845657,residential,PL_W705845657,Markham,2,1
ORG06417,Synthetic Commercial 06417 @ OSM commercial W705845662,commercial,PL_W705845662,Markham,1,1
ORG06418,Synthetic Residential 06418 @ OSM residential W705881546,residential,PL_W705881546,Markham,2,1
ORG06419,Synthetic Commercial 06419 @ OSM commercial W705882029,commercial,PL_W705882029,Markham,1,1
ORG06420,Synthetic Residential 06420 @ OSM residential W705882031,residential,PL_W705882031,Markham,1,1
ORG06421,Synthetic Residential 06421 @ OSM residential W706078542,residential,PL_W706078542,Scarborough,1,1
ORG06422,Synthetic Commercial 06422 @ OSM commercial W706078559,commercial,PL_W706078559,Scarborough,1,1
ORG06423,Synthetic Residential 06423 @ OSM residential W706078563,residential,PL_W706078563,Scarborough,1,1
ORG06424,Synthetic Commercial 06424 @ OSM commercial W706078568,commercial,PL_W706078568,Scarborough,1,1
ORG06425,Synthetic Industrial 06425 @ OSM industrial W706080728,industrial,PL_W706080728,Scarborough,1,1
ORG06426,Synthetic Commercial 06426 @ OSM commercial W706080732,commercial,PL_W706080732,Scarborough,2,1
ORG06427,Synthetic Residential 06427 @ OSM residential W706093836,residential,PL_W706093836,Scarborough,1,1
ORG06428,Synthetic Industrial 06428 @ OSM industrial W706093854,industrial,PL_W706093854,Scarborough,1,1
ORG06429,Synthetic Residential 06429 @ OSM residential W706190949,residential,PL_W706190949,Markham,1,1
ORG06430,Synthetic Residential 06430 @ OSM residential W706190952,residential,PL_W706190952,Markham,1,1
ORG06431,Synthetic Commercial 06431 @ OSM commercial W706192701,commercial,PL_W706192701,Markham,1,1
ORG06432,Synthetic Residential 06432 @ OSM residential W706192711,residential,PL_W706192711,Markham,1,1
ORG06433,Synthetic Residential 06433 @ OSM residential W706192712,residential,PL_W706192712,Markham,2,1
ORG06434,Synthetic Residential 06434 @ OSM residential W706192713,residential,PL_W706192713,Markham,2,1
ORG06435,Synthetic Residential 06435 @ OSM residential W706192716,residential,PL_W706192716,Markham,1,1
ORG06436,Synthetic Residential 06436 @ OSM residential W706236185,residential,PL_W706236185,Markham,1,1
ORG06437,Synthetic Residential 06437 @ OSM residential W706236187,residential,PL_W706236187,Markham,1,1
ORG06438,Synthetic Residential 06438 @ 71 Upper Canada Drive,residential,PL_W70803779,North York,1,1
ORG06439,Synthetic Residential 06439 @ OSM residential W70865413,residential,PL_W70865413,Old Toronto,1,1
ORG06440,Synthetic Office 06440 @ 80 Bloor Street West,office,PL_W71187338,Old Toronto,2,1
ORG06441,Synthetic Office 06441 @ 1240 Bay,office,PL_W71187354,Old Toronto,2,1
ORG06442,Synthetic Commercial 06442 @ OSM commercial W71417922,commercial,PL_W71417922,Scarborough,1,1
ORG06443,Synthetic Commercial 06443 @ OSM commercial W715194644,commercial,PL_W715194644,Old Toronto,1,1
ORG06444,Synthetic Residential 06444 @ OSM residential W730690168,residential,PL_W730690168,Markham,1,1
ORG06445,Synthetic Industrial 06445 @ City of Toronto - Works and Emergency Services,industrial,PL_W732182933,Old Toronto,1,1
ORG06446,Synthetic Industrial 06446 @ OSM industrial W736277146,industrial,PL_W736277146,Brampton,1,1
ORG06447,Synthetic Industrial 06447 @ OSM industrial W736277151,industrial,PL_W736277151,Brampton,1,1
ORG06448,Synthetic Hotel 06448 @ Four Points,hotel,PL_W737886649,Brampton,1,1
ORG06449,Synthetic Industrial 06449 @ OSM industrial W744513770,industrial,PL_W744513770,Vaughan,1,1
ORG06450,Synthetic Commercial 06450 @ Vacant Building,commercial,PL_W758562476,Old Toronto,2,1
ORG06451,Synthetic Office 06451 @ 8992 Woodbine Avenue,office,PL_W759309234,Markham,1,1
ORG06452,Synthetic Office 06452 @ CCL,office,PL_W76001136,Brampton,1,1
ORG06453,Synthetic Office 06453 @ OSM office W76001163,office,PL_W76001163,Brampton,3,1
ORG06454,Synthetic Hotel 06454 @ Crowne Plaza,hotel,PL_W76001187,Brampton,3,1
ORG06455,Synthetic Commercial 06455 @ 25 Carlson Court,commercial,PL_W76001386,Brampton,2,1
ORG06456,Synthetic Industrial 06456 @ 127A Aviva Park Drive,industrial,PL_W76561872,Vaughan,1,1
ORG06457,Synthetic Office 06457 @ LiUNA local 506,office,PL_W767414699,Richmond Hill,1,1
ORG06458,Synthetic Office 06458 @ OSM office W767435363,office,PL_W767435363,Markham,2,1
ORG06459,Synthetic Office 06459 @ 3033 Palstan Road,office,PL_W77039474,Old Toronto,2,1
ORG06460,Synthetic Restaurant 06460 @ Swiss Chalet,restaurant,PL_W77039541,Old Toronto,1,1
ORG06461,Synthetic University 06461 @ Canadian Beauty College,university,PL_W77039686,Old Toronto,4,1
ORG06462,Synthetic Residential 06462 @ OSM residential W770873612,residential,PL_W770873612,Markham,1,1
ORG06463,Synthetic Residential 06463 @ OSM residential W770873613,residential,PL_W770873613,Markham,2,1
ORG06464,Synthetic Residential 06464 @ OSM residential W770873614,residential,PL_W770873614,Markham,1,1
ORG06465,Synthetic Commercial 06465 @ Dixie-Dundas Chiropractic Acupuncture Massage,commercial,PL_W77485421,Old Toronto,1,1
ORG06466,Synthetic University 06466 @ Centennial College,university,PL_W775639084,Old Toronto,1,1
ORG06467,Synthetic University 06467 @ George Brown College - Waterfront Campus,university,PL_W775640504,Old Toronto,6,1
ORG06468,Synthetic University 06468 @ Seneca @ York Campus,university,PL_W775641405,North York,4,1
ORG06469,Synthetic Hotel 06469 @ Green Acres Motel,hotel,PL_W77739672,Old Toronto,3,1
ORG06470,Synthetic Cafe 06470 @ Starbucks,cafe,PL_W77743230,Old Toronto,1,1
ORG06471,Synthetic Industrial 06471 @ OSM industrial W778135365,industrial,PL_W778135365,Brampton,1,1
ORG06472,Synthetic Commercial 06472 @ 160 Springhurst Avenue,commercial,PL_W78252696,Old Toronto,3,1
ORG06473,Synthetic Office 06473 @ 110 Eglinton Avenue West,office,PL_W78288183,Old Toronto,1,1
ORG06474,Synthetic Commercial 06474 @ OSM commercial W783619896,commercial,PL_W783619896,Vaughan,2,1
ORG06475,Synthetic Commercial 06475 @ OSM commercial W783716652,commercial,PL_W783716652,Old Toronto,2,1
ORG06476,Synthetic Gym 06476 @ Earnscliffe Recreation Centre,gym,PL_W78592336,Brampton,1,1
ORG06477,Synthetic Commercial 06477 @ OSM commercial W78592356,commercial,PL_W78592356,Brampton,2,1
ORG06478,Synthetic Commercial 06478 @ OSM commercial W78592457,commercial,PL_W78592457,Brampton,2,1
ORG06479,Synthetic Retail 06479 @ Circle K,retail,PL_W79156807,Vaughan,1,1
ORG06480,Synthetic Commercial 06480 @ Toby and Henry Battle Developmental Centre,commercial,PL_W79157053,North York,1,1
ORG06481,Synthetic Commercial 06481 @ 232-238 Christie Street,commercial,PL_W793948777,Old Toronto,2,1
ORG06482,Synthetic Commercial 06482 @ Emerald Park,commercial,PL_W79418485,North York,1,1
ORG06483,Synthetic Commercial 06483 @ OSM commercial W795320594,commercial,PL_W795320594,Brampton,1,1
ORG06484,Synthetic Industrial 06484 @ OSM industrial W79573492,industrial,PL_W79573492,Old Toronto,1,1
ORG06485,Synthetic Industrial 06485 @ 488 Evans Avenue,industrial,PL_W79577678,Old Toronto,1,1
ORG06486,Synthetic Industrial 06486 @ 476 Evans Avenue,industrial,PL_W79577680,Old Toronto,1,1
ORG06487,Synthetic Industrial 06487 @ 127 Brockhouse Road,industrial,PL_W79577687,Old Toronto,1,1
ORG06488,Synthetic Residential 06488 @ OSM residential W795799679,residential,PL_W795799679,Old Toronto,1,1
ORG06489,Synthetic Commercial 06489 @ OSM commercial W795826328,commercial,PL_W795826328,Old Toronto,1,1
ORG06490,Synthetic Commercial 06490 @ OSM commercial W795826330,commercial,PL_W795826330,Old Toronto,2,1
ORG06491,Synthetic Commercial 06491 @ 45 Riverbank Drive,commercial,PL_W79582669,Old Toronto,1,1
ORG06492,Synthetic Office 06492 @ 1 Eva Road,office,PL_W79582701,Old Toronto,3,1
ORG06493,Synthetic Commercial 06493 @ Humberbridge Plaza,commercial,PL_W79582922,Old Toronto,1,1
ORG06494,Synthetic Retail 06494 @ Changes on the Fly,retail,PL_W795953762,Old Toronto,1,1
ORG06495,Synthetic Commercial 06495 @ OSM commercial W795953855,commercial,PL_W795953855,Old Toronto,1,1
ORG06496,Synthetic Commercial 06496 @ 1399 Queen Street East,commercial,PL_W795967104,Old Toronto,1,1
ORG06497,Synthetic Commercial 06497 @ OSM commercial W795967111,commercial,PL_W795967111,Old Toronto,3,1
ORG06498,Synthetic Commercial 06498 @ OSM commercial W795967144,commercial,PL_W795967144,Old Toronto,2,1
ORG06499,Synthetic Residential 06499 @ OSM residential W795976974,residential,PL_W795976974,Old Toronto,1,1
ORG06500,Synthetic Commercial 06500 @ OSM commercial W796562693,commercial,PL_W796562693,Old Toronto,1,1
ORG06501,Synthetic Commercial 06501 @ OSM commercial W796562724,commercial,PL_W796562724,Old Toronto,1,1
ORG06502,Synthetic Residential 06502 @ OSM residential W796567702,residential,PL_W796567702,Old Toronto,1,1
ORG06503,Synthetic Commercial 06503 @ 1438 Gerrard Street East,commercial,PL_W796589700,Old Toronto,4,1
ORG06504,Synthetic Commercial 06504 @ OSM commercial W796589932,commercial,PL_W796589932,Old Toronto,3,1
ORG06505,Synthetic Commercial 06505 @ St George's Golf & Country Club Clubhouse,commercial,PL_W79659370,Old Toronto,2,1
ORG06506,Synthetic Commercial 06506 @ Eglinton Avenue West,commercial,PL_W79659931,Brampton,3,1
ORG06507,Synthetic Commercial 06507 @ 5399 Eglinton Avenue West,commercial,PL_W79659932,Brampton,1,1
ORG06508,Synthetic Commercial 06508 @ Eglinton Avenue West,commercial,PL_W79659935,Brampton,2,1
ORG06509,Synthetic Commercial 06509 @ Eglinton Avenue West,commercial,PL_W79659939,Brampton,4,1
ORG06510,Synthetic Commercial 06510 @ 5407 Eglinton Avenue West,commercial,PL_W79659942,Brampton,1,1
ORG06511,Synthetic Commercial 06511 @ 5409 Eglinton Avenue West,commercial,PL_W79659944,Brampton,1,1
ORG06512,Synthetic Commercial 06512 @ Toronto District School Board Education Centre,commercial,PL_W79664987,Old Toronto,2,1
ORG06513,Synthetic Commercial 06513 @ Danforth Avenue,commercial,PL_W796653482,Old Toronto,1,1
ORG06514,Synthetic Commercial 06514 @ OSM commercial W796653489,commercial,PL_W796653489,Old Toronto,2,1
ORG06515,Synthetic Commercial 06515 @ OSM commercial W796654941,commercial,PL_W796654941,Old Toronto,1,1
ORG06516,Synthetic Commercial 06516 @ OSM commercial W796654942,commercial,PL_W796654942,Old Toronto,1,1
ORG06517,Synthetic Commercial 06517 @ OSM commercial W796654969,commercial,PL_W796654969,Old Toronto,1,1
ORG06518,Synthetic Commercial 06518 @ OSM commercial W796655119,commercial,PL_W796655119,Old Toronto,1,1
ORG06519,Synthetic Commercial 06519 @ OSM commercial W796666514,commercial,PL_W796666514,Old Toronto,1,1
ORG06520,Synthetic Commercial 06520 @ OSM commercial W796666546,commercial,PL_W796666546,Old Toronto,1,1
ORG06521,Synthetic Commercial 06521 @ OSM commercial W796666554,commercial,PL_W796666554,Old Toronto,3,1
ORG06522,Synthetic Commercial 06522 @ OSM commercial W796670679,commercial,PL_W796670679,Old Toronto,1,1
ORG06523,Synthetic Commercial 06523 @ OSM commercial W796670681,commercial,PL_W796670681,Old Toronto,1,1
ORG06524,Synthetic Commercial 06524 @ 744 Queen Street East,commercial,PL_W796670745,Old Toronto,1,1
ORG06525,Synthetic Commercial 06525 @ Toronto Public Library - Queen/Saulter,commercial,PL_W796670791,Old Toronto,3,1
ORG06526,Synthetic Industrial 06526 @ OSM industrial W796670826,industrial,PL_W796670826,Old Toronto,1,1
ORG06527,Synthetic Commercial 06527 @ OSM commercial W796670836,commercial,PL_W796670836,Old Toronto,1,1
ORG06528,Synthetic Commercial 06528 @ OSM commercial W796670844,commercial,PL_W796670844,Old Toronto,1,1
ORG06529,Synthetic Commercial 06529 @ OSM commercial W796670847,commercial,PL_W796670847,Old Toronto,1,1
ORG06530,Synthetic Commercial 06530 @ OSM commercial W796681470,commercial,PL_W796681470,Old Toronto,1,1
ORG06531,Synthetic Commercial 06531 @ OSM commercial W796686887,commercial,PL_W796686887,Old Toronto,1,1
ORG06532,Synthetic Commercial 06532 @ OSM commercial W796686969,commercial,PL_W796686969,Old Toronto,1,1
ORG06533,Synthetic Commercial 06533 @ OSM commercial W796686970,commercial,PL_W796686970,Old Toronto,1,1
ORG06534,Synthetic Commercial 06534 @ OSM commercial W796686975,commercial,PL_W796686975,Old Toronto,2,1
ORG06535,Synthetic Commercial 06535 @ OSM commercial W796686993,commercial,PL_W796686993,Old Toronto,1,1
ORG06536,Synthetic Commercial 06536 @ OSM commercial W796686995,commercial,PL_W796686995,Old Toronto,1,1
ORG06537,Synthetic Commercial 06537 @ OSM commercial W796687004,commercial,PL_W796687004,Old Toronto,1,1
ORG06538,Synthetic Commercial 06538 @ OSM commercial W796687015,commercial,PL_W796687015,Old Toronto,2,1
ORG06539,Synthetic Commercial 06539 @ OSM commercial W796687023,commercial,PL_W796687023,Old Toronto,2,1
ORG06540,Synthetic Commercial 06540 @ OSM commercial W796687026,commercial,PL_W796687026,Old Toronto,1,1
ORG06541,Synthetic Industrial 06541 @ Royale - Irving Tissue,industrial,PL_W79671067,North York,1,1
ORG06542,Synthetic Commercial 06542 @ 12 Buttonwood Avenue,commercial,PL_W79671175,Old Toronto,1,1
ORG06543,Synthetic Industrial 06543 @ OSM industrial W79672207,industrial,PL_W79672207,North York,1,1
ORG06544,Synthetic Industrial 06544 @ OSM industrial W79672213,industrial,PL_W79672213,North York,1,1
ORG06545,Synthetic Commercial 06545 @ 81 Resources Road,commercial,PL_W79672266,North York,2,1
ORG06546,Synthetic Office 06546 @ Canadian Broadcasting Centre,office,PL_W7969162,Old Toronto,6,1
ORG06547,Synthetic Retail 06547 @ 1552 Bathurst Street,retail,PL_W797139368,Old Toronto,1,1
ORG06548,Synthetic Commercial 06548 @ 1187 Bathurst Street,commercial,PL_W797142347,Old Toronto,1,1
ORG06549,Synthetic Commercial 06549 @ 1205;1211 Bathurst Street,commercial,PL_W797142352,Old Toronto,2,1
ORG06550,Synthetic Commercial 06550 @ 1213 Bathurst Street,commercial,PL_W797142354,Old Toronto,2,1
ORG06551,Synthetic Commercial 06551 @ 1100 Bathurst Street,commercial,PL_W797142450,Old Toronto,2,1
ORG06552,Synthetic Commercial 06552 @ 493 Davenport Road,commercial,PL_W797142947,Old Toronto,1,1
ORG06553,Synthetic Commercial 06553 @ 986 Bathurst Street,commercial,PL_W797144766,Old Toronto,2,1
ORG06554,Synthetic Commercial 06554 @ 982 Bathurst Street,commercial,PL_W797144944,Old Toronto,3,1
ORG06555,Synthetic Commercial 06555 @ 988 Bathurst Street,commercial,PL_W797144957,Old Toronto,1,1
ORG06556,Synthetic Commercial 06556 @ 149 Dupont Street,commercial,PL_W797149824,Old Toronto,2,1
ORG06557,Synthetic Commercial 06557 @ 196 Dupont Street,commercial,PL_W797149874,Old Toronto,1,1
ORG06558,Synthetic Commercial 06558 @ 260 Dupont Street,commercial,PL_W797150010,Old Toronto,2,1
ORG06559,Synthetic Commercial 06559 @ Dupont Street,commercial,PL_W797150068,Old Toronto,1,1
ORG06560,Synthetic Commercial 06560 @ 178 Dupont Street,commercial,PL_W797150171,Old Toronto,2,1
ORG06561,Synthetic Commercial 06561 @ Tranzac,commercial,PL_W797151986,Old Toronto,2,1
ORG06562,Synthetic Commercial 06562 @ 98-100 Dupont Street,commercial,PL_W797162981,Old Toronto,1,1
ORG06563,Synthetic Commercial 06563 @ 262 Avenue Road,commercial,PL_W797163024,Old Toronto,4,1
ORG06564,Synthetic Commercial 06564 @ 225 Macpherson Avenue,commercial,PL_W797163159,Old Toronto,2,1
ORG06565,Synthetic Commercial 06565 @ The Toronto Congress Centre,commercial,PL_W79880294,Brampton,1,1
ORG06566,Synthetic Commercial 06566 @ OSM commercial W801930757,commercial,PL_W801930757,Old Toronto,1,1
ORG06567,Synthetic Industrial 06567 @ OSM industrial W801933938,industrial,PL_W801933938,Old Toronto,1,1
ORG06568,Synthetic Commercial 06568 @ OSM commercial W801986443,commercial,PL_W801986443,Old Toronto,1,1
ORG06569,Synthetic Commercial 06569 @ OSM commercial W801986444,commercial,PL_W801986444,Old Toronto,1,1
ORG06570,Synthetic Commercial 06570 @ OSM commercial W802181072,commercial,PL_W802181072,Old Toronto,1,1
ORG06571,Synthetic Hotel 06571 @ Willowdale Hotel,hotel,PL_W802208019,North York,1,1
ORG06572,Synthetic Office 06572 @ Danforth Creative Commons,office,PL_W802227971,Old Toronto,1,1
ORG06573,Synthetic Commercial 06573 @ OSM commercial W802230932,commercial,PL_W802230932,Old Toronto,3,1
ORG06574,Synthetic Commercial 06574 @ OSM commercial W802254938,commercial,PL_W802254938,Old Toronto,1,1
ORG06575,Synthetic Office 06575 @ 1235 Bay Street,office,PL_W80378497,Old Toronto,5,1
ORG06576,Synthetic Office 06576 @ eBSEG,office,PL_W80378604,Old Toronto,7,1
ORG06577,Synthetic Commercial 06577 @ OSM commercial W804360622,commercial,PL_W804360622,Old Toronto,1,1
ORG06578,Synthetic Commercial 06578 @ OSM commercial W804360646,commercial,PL_W804360646,Old Toronto,3,1
ORG06579,Synthetic Commercial 06579 @ OSM commercial W804360709,commercial,PL_W804360709,Old Toronto,1,1
ORG06580,Synthetic Commercial 06580 @ OSM commercial W804360780,commercial,PL_W804360780,Old Toronto,2,1
ORG06581,Synthetic Commercial 06581 @ OSM commercial W804360805,commercial,PL_W804360805,Old Toronto,5,1
ORG06582,Synthetic Commercial 06582 @ OSM commercial W804360806,commercial,PL_W804360806,Old Toronto,5,1
ORG06583,Synthetic Commercial 06583 @ OSM commercial W804362970,commercial,PL_W804362970,Old Toronto,2,1
ORG06584,Synthetic Commercial 06584 @ OSM commercial W804363060,commercial,PL_W804363060,Old Toronto,2,1
ORG06585,Synthetic Commercial 06585 @ OSM commercial W804363094,commercial,PL_W804363094,Old Toronto,2,1
ORG06586,Synthetic Commercial 06586 @ OSM commercial W804365959,commercial,PL_W804365959,Old Toronto,1,1
ORG06587,Synthetic Industrial 06587 @ OSM industrial W804374001,industrial,PL_W804374001,Old Toronto,1,1
ORG06588,Synthetic Commercial 06588 @ OSM commercial W804386831,commercial,PL_W804386831,Old Toronto,2,1
ORG06589,Synthetic Commercial 06589 @ OSM commercial W804386835,commercial,PL_W804386835,Old Toronto,1,1
ORG06590,Synthetic Commercial 06590 @ OSM commercial W804386850,commercial,PL_W804386850,Old Toronto,2,1
ORG06591,Synthetic Commercial 06591 @ OSM commercial W804394006,commercial,PL_W804394006,Old Toronto,1,1
ORG06592,Synthetic Commercial 06592 @ OSM commercial W804394054,commercial,PL_W804394054,Old Toronto,1,1
ORG06593,Synthetic Commercial 06593 @ OSM commercial W804457479,commercial,PL_W804457479,Old Toronto,1,1
ORG06594,Synthetic Residential 06594 @ Lillian Park,residential,PL_W804493283,Old Toronto,1,1
ORG06595,Synthetic Commercial 06595 @ OSM commercial W804618150,commercial,PL_W804618150,Old Toronto,6,1
ORG06596,Synthetic Commercial 06596 @ OSM commercial W804639052,commercial,PL_W804639052,Old Toronto,1,1
ORG06597,Synthetic Commercial 06597 @ OSM commercial W804639053,commercial,PL_W804639053,Old Toronto,1,1
ORG06598,Synthetic Hotel 06598 @ The Alexandra hotel,hotel,PL_W804639074,Old Toronto,3,1
ORG06599,Synthetic Office 06599 @ 54 Wolseley Street,office,PL_W804639102,Old Toronto,1,1
ORG06600,Synthetic Commercial 06600 @ 278 Bathurst Street,commercial,PL_W804685028,Old Toronto,2,1
ORG06601,Synthetic Commercial 06601 @ Danforth Avenue,commercial,PL_W805391913,Old Toronto,2,1
ORG06602,Synthetic Commercial 06602 @ Danforth Avenue,commercial,PL_W805391915,Old Toronto,1,1
ORG06603,Synthetic Commercial 06603 @ Danforth Avenue,commercial,PL_W805391917,Old Toronto,1,1
ORG06604,Synthetic Commercial 06604 @ Danforth Avenue,commercial,PL_W805392726,Old Toronto,1,1
ORG06605,Synthetic Commercial 06605 @ Danforth Avenue,commercial,PL_W805392727,Old Toronto,1,1
ORG06606,Synthetic Commercial 06606 @ Danforth Avenue,commercial,PL_W805392729,Old Toronto,1,1
ORG06607,Synthetic Commercial 06607 @ Danforth Avenue,commercial,PL_W805392730,Old Toronto,3,1
ORG06608,Synthetic Commercial 06608 @ Danforth Avenue,commercial,PL_W805394110,Old Toronto,1,1
ORG06609,Synthetic Commercial 06609 @ Danforth Avenue,commercial,PL_W805394111,Old Toronto,2,1
ORG06610,Synthetic Commercial 06610 @ Danforth Avenue,commercial,PL_W805394931,Old Toronto,1,1
ORG06611,Synthetic Industrial 06611 @ OSM industrial W805395284,industrial,PL_W805395284,Old Toronto,1,1
ORG06612,Synthetic Commercial 06612 @ OSM commercial W80798597,commercial,PL_W80798597,Old Toronto,2,1
ORG06613,Synthetic Office 06613 @ Nicolas Laskaris,office,PL_W810476405,Old Toronto,1,1
ORG06614,Synthetic Hotel 06614 @ Best Western Premier Toronto,hotel,PL_W810800505,Brampton,2,1
ORG06615,Synthetic Industrial 06615 @ Miller Garbage Truck Depot,industrial,PL_W815003250,Markham,1,1
ORG06616,Synthetic University 06616 @ Evergreen College Markham Campus,university,PL_W815475387,Markham,4,1
ORG06617,Synthetic Commercial 06617 @ OSM commercial W828530835,commercial,PL_W828530835,Scarborough,1,1
ORG06618,Synthetic Commercial 06618 @ OSM commercial W82878056,commercial,PL_W82878056,North York,1,1
ORG06619,Synthetic Commercial 06619 @ Xerox,commercial,PL_W83232093,Markham,1,1
ORG06620,Synthetic Retail 06620 @ Eastside Chevrolet Buick GMC,retail,PL_W83232125,Markham,1,1
ORG06621,Synthetic Office 06621 @ 55 Eglinton Avenue East,office,PL_W84806536,Old Toronto,2,1
ORG06622,Synthetic Office 06622 @ 75 Eglinton Avenue East,office,PL_W84806537,Old Toronto,1,1
ORG06623,Synthetic Cafe 06623 @ Tim Hortons,cafe,PL_W860823186,Scarborough,1,1
ORG06624,Synthetic Hotel 06624 @ Pinecrest Motel,hotel,PL_W865101515,Vaughan,1,1
ORG06625,Synthetic Commercial 06625 @ OSM commercial W877660793,commercial,PL_W877660793,Scarborough,1,1
ORG06626,Synthetic Office 06626 @ Honeywell Building Solutions,office,PL_W87889515,Markham,1,1
ORG06627,Synthetic Commercial 06627 @ 2020 Ellesmere Road,commercial,PL_W89185218,Scarborough,2,1
ORG06628,Synthetic Commercial 06628 @ 2000 Ellesmere Road,commercial,PL_W89185220,Scarborough,2,1
ORG06629,Synthetic Residential 06629 @ 2180 Ellesmere Road,residential,PL_W89185222,Scarborough,2,1
ORG06630,Synthetic Residential 06630 @ 2190 Ellesmere Road,residential,PL_W89185226,Scarborough,1,1
ORG06631,Synthetic Commercial 06631 @ 2010 Ellesmere Road,commercial,PL_W89185231,Scarborough,1,1
ORG06632,Synthetic Residential 06632 @ OSM residential W894580866,residential,PL_W894580866,Scarborough,1,1
ORG06633,Synthetic Office 06633 @ 40 Eglinton Avenue East,office,PL_W89636162,Old Toronto,2,1
ORG06634,Synthetic Office 06634 @ 20 Eglinton Avenue East,office,PL_W89636165,North York,3,1
ORG06635,Synthetic Office 06635 @ Bell Media,office,PL_W89636166,North York,3,1
ORG06636,Synthetic Commercial 06636 @ Medical-Dental Building,commercial,PL_W90055931,Brampton,1,1
ORG06637,Synthetic Restaurant 06637 @ Pizza Pizza,restaurant,PL_W902563132,Vaughan,1,1
ORG06638,Synthetic Restaurant 06638 @ Miners Café,restaurant,PL_W902835182,Vaughan,1,1
ORG06639,Synthetic Office 06639 @ 1881 Yonge Street,office,PL_W90306466,Old Toronto,5,1
ORG06640,Synthetic Residential 06640 @ OSM residential W903220543,residential,PL_W903220543,Old Toronto,1,1
ORG06641,Synthetic Residential 06641 @ OSM residential W904554236,residential,PL_W904554236,Old Toronto,1,1
ORG06642,Synthetic Industrial 06642 @ Metro Fresh Distribution Centre,industrial,PL_W904895003,Old Toronto,1,1
ORG06643,Synthetic Residential 06643 @ 45 Braeburn Drive,residential,PL_W905590525,Markham,1,1
ORG06644,Synthetic Industrial 06644 @ OSM industrial W906371916,industrial,PL_W906371916,Brampton,1,1
ORG06645,Synthetic Industrial 06645 @ 855 Matheson Boulevard East,industrial,PL_W906371942,Brampton,1,1
ORG06646,Synthetic Industrial 06646 @ OSM industrial W906401671,industrial,PL_W906401671,Brampton,1,1
ORG06647,Synthetic Industrial 06647 @ OSM industrial W906401690,industrial,PL_W906401690,Brampton,1,1
ORG06648,Synthetic Commercial 06648 @ OSM commercial W906401706,commercial,PL_W906401706,Brampton,1,1
ORG06649,Synthetic Commercial 06649 @ OSM commercial W906401707,commercial,PL_W906401707,Brampton,1,1
ORG06650,Synthetic Restaurant 06650 @ Pizza Pizza,restaurant,PL_W907954834,Vaughan,1,1
ORG06651,Synthetic Commercial 06651 @ OSM commercial W910121023,commercial,PL_W910121023,Vaughan,1,1
ORG06652,Synthetic Cafe 06652 @ Starbucks,cafe,PL_W915577365,Markham,1,1
ORG06653,Synthetic Commercial 06653 @ OSM commercial W918421631,commercial,PL_W918421631,Old Toronto,3,1
ORG06654,Synthetic Office 06654 @ OSM office W935887012,office,PL_W935887012,Markham,1,1
ORG06655,Synthetic Office 06655 @ Kellogg's,office,PL_W93602926,Brampton,1,1
ORG06656,Synthetic Industrial 06656 @ OSM industrial W936914988,industrial,PL_W936914988,Brampton,1,1
ORG06657,Synthetic Restaurant 06657 @ Wendy's,restaurant,PL_W937324127,Old Toronto,1,1
ORG06658,Synthetic Industrial 06658 @ OSM industrial W93810036,industrial,PL_W93810036,Vaughan,1,1
ORG06659,Synthetic Office 06659 @ Ministry of Health and Long-Term Care,office,PL_W93810037,Vaughan,1,1
ORG06660,Synthetic Industrial 06660 @ OSM industrial W93811201,industrial,PL_W93811201,Vaughan,1,1
ORG06661,Synthetic Industrial 06661 @ OSM industrial W93811221,industrial,PL_W93811221,Vaughan,1,1
ORG06662,Synthetic Industrial 06662 @ OSM industrial W93811222,industrial,PL_W93811222,Vaughan,1,1
ORG06663,Synthetic Industrial 06663 @ OSM industrial W93811229,industrial,PL_W93811229,Vaughan,1,1
ORG06664,Synthetic Industrial 06664 @ 133 Maplecrete Road,industrial,PL_W93811239,Vaughan,1,1
ORG06665,Synthetic Industrial 06665 @ OSM industrial W93811245,industrial,PL_W93811245,Vaughan,1,1
ORG06666,Synthetic Industrial 06666 @ 43 Peelar Road,industrial,PL_W93811432,Vaughan,1,1
ORG06667,Synthetic Gym 06667 @ OSM gym W93811442,gym,PL_W93811442,Vaughan,2,1
ORG06668,Synthetic Industrial 06668 @ OSM industrial W93811454,industrial,PL_W93811454,Vaughan,1,1
ORG06669,Synthetic Industrial 06669 @ OSM industrial W93811476,industrial,PL_W93811476,Vaughan,1,1
ORG06670,Synthetic Office 06670 @ OSM office W93811509,office,PL_W93811509,Vaughan,1,1
ORG06671,Synthetic Industrial 06671 @ OSM industrial W93811550,industrial,PL_W93811550,Vaughan,2,1
ORG06672,Synthetic Industrial 06672 @ OSM industrial W93811553,industrial,PL_W93811553,Vaughan,1,1
ORG06673,Synthetic Industrial 06673 @ OSM industrial W93811564,industrial,PL_W93811564,Vaughan,1,1
ORG06674,Synthetic Industrial 06674 @ 395 Creditstone Road,industrial,PL_W93811566,Vaughan,1,1
ORG06675,Synthetic Industrial 06675 @ OSM industrial W93811567,industrial,PL_W93811567,Vaughan,1,1
ORG06676,Synthetic Industrial 06676 @ OSM industrial W93822088,industrial,PL_W93822088,Vaughan,1,1
ORG06677,Synthetic Hotel 06677 @ Vaughan Inn,hotel,PL_W93832214,Vaughan,1,1
ORG06678,Synthetic Commercial 06678 @ OSM commercial W93832542,commercial,PL_W93832542,Brampton,3,1
ORG06679,Synthetic Commercial 06679 @ OSM commercial W93832543,commercial,PL_W93832543,Brampton,1,1
ORG06680,Synthetic Commercial 06680 @ 100 Queens Quay East,commercial,PL_W943602453,Old Toronto,15,2
ORG06681,Synthetic Commercial 06681 @ Waterfront Innovation Centre,commercial,PL_W943701267,Old Toronto,15,2
ORG06682,Synthetic Office 06682 @ 99 Atlantic Avenue,office,PL_W944064994,Old Toronto,3,1
ORG06683,Synthetic Office 06683 @ OSM office W951835028,office,PL_W951835028,Old Toronto,5,1
ORG06684,Synthetic Office 06684 @ Canada Permanent Building,office,PL_W951835034,Old Toronto,1,1
ORG06685,Synthetic Office 06685 @ OSM office W951863525,office,PL_W951863525,Old Toronto,2,1
ORG06686,Synthetic Commercial 06686 @ OSM commercial W953878382,commercial,PL_W953878382,Old Toronto,14,2
ORG06687,Synthetic Commercial 06687 @ Edison Centre,commercial,PL_W96001394,North York,1,1
ORG06688,Synthetic Industrial 06688 @ 7 Kodiak Crescent,industrial,PL_W96002159,North York,1,1
ORG06689,Synthetic Office 06689 @ 200 Wellington Street West,office,PL_W96144516,Old Toronto,1,1
ORG06690,Synthetic Residential 06690 @ OSM residential W967290533,residential,PL_W967290533,Markham,1,1
ORG06691,Synthetic Hotel 06691 @ Sheraton Gateway Hotel in Toronto International Airport,hotel,PL_W96773158,Brampton,1,1
ORG06692,Synthetic Office 06692 @ Toronto Western Hospital Parking Office,office,PL_W968657201,Old Toronto,1,1
ORG06693,Synthetic Industrial 06693 @ 542 Kipling Avenue,industrial,PL_W969650893,Old Toronto,1,1
ORG06694,Synthetic Hotel 06694 @ Days Inn,hotel,PL_W96975978,Brampton,5,1
ORG06695,Synthetic Commercial 06695 @ OSM commercial W971037898,commercial,PL_W971037898,Vaughan,1,1
ORG06696,Synthetic Office 06696 @ Invesco Trimark,office,PL_W97180145,North York,2,1
ORG06697,Synthetic Hotel 06697 @ Novotel,hotel,PL_W97180148,North York,7,1
ORG06698,Synthetic Industrial 06698 @ 71 Kelfield Street,industrial,PL_W97189913,Brampton,1,1
ORG06699,Synthetic Industrial 06699 @ 105 Claireport Crescent,industrial,PL_W97256641,Brampton,1,1
ORG06700,Synthetic Industrial 06700 @ 90 Claireport Crescent,industrial,PL_W97256645,Brampton,1,1
ORG06701,Synthetic Industrial 06701 @ 379 Orenda Road,industrial,PL_W97303140,Brampton,1,1
ORG06702,Synthetic Commercial 06702 @ 30 Victoria Crescent,commercial,PL_W97303142,Brampton,2,1
ORG06703,Synthetic Industrial 06703 @ 380 Orenda Road,industrial,PL_W97303154,Brampton,1,1
ORG06704,Synthetic Commercial 06704 @ OSM commercial W973784995,commercial,PL_W973784995,Old Toronto,2,1
ORG06705,Synthetic Commercial 06705 @ OSM commercial W975456898,commercial,PL_W975456898,Old Toronto,1,1
ORG06706,Synthetic Commercial 06706 @ OSM commercial W975456900,commercial,PL_W975456900,Old Toronto,2,1
ORG06707,Synthetic Residential 06707 @ OSM residential W975526234,residential,PL_W975526234,Old Toronto,1,1
ORG06708,Synthetic Residential 06708 @ OSM residential W978009786,residential,PL_W978009786,Old Toronto,1,1
ORG06709,Synthetic Residential 06709 @ OSM residential W978051261,residential,PL_W978051261,Scarborough,1,1
ORG06710,Synthetic Residential 06710 @ OSM residential W978051265,residential,PL_W978051265,Scarborough,1,1
ORG06711,Synthetic Office 06711 @ 2300 Steeles Avenue West,office,PL_W97850924,Vaughan,1,1
ORG06712,Synthetic Commercial 06712 @ OSM commercial W979189719,commercial,PL_W979189719,Vaughan,1,1
ORG06713,Synthetic Gym 06713 @ OSM gym W981497623,gym,PL_W981497623,Old Toronto,2,1
ORG06714,Synthetic Office 06714 @ 1255 Bay Street,office,PL_W98231203,Old Toronto,2,1
ORG06715,Synthetic Commercial 06715 @ OSM commercial W983838096,commercial,PL_W983838096,Vaughan,1,1
ORG06716,Synthetic Office 06716 @ The Canadian Hearing Society,office,PL_W98409726,Old Toronto,3,1
ORG06717,"Synthetic Commercial 06717 @ 342,344 Jarvis Street",commercial,PL_W989269219,Old Toronto,1,1
ORG06718,Synthetic Residential 06718 @ OSM residential W991343165,residential,PL_W991343165,Old Toronto,1,1
ORG06719,Synthetic Commercial 06719 @ OSM commercial W991358857,commercial,PL_W991358857,Old Toronto,1,1
ORG06720,Synthetic Commercial 06720 @ OSM commercial W991389119,commercial,PL_W991389119,Old Toronto,2,1
ORG06721,Synthetic Residential 06721 @ 2,residential,PL_W992457521,Old Toronto,1,1
ORG06722,Synthetic Gym 06722 @ OSM gym W99375036,gym,PL_W99375036,Vaughan,1,1
ORG06723,Synthetic Residential 06723 @ OSM residential W996764948,residential,PL_W996764948,Old Toronto,1,1
ORG06724,Synthetic Residential 06724 @ OSM residential W997609634,residential,PL_W997609634,Old Toronto,1,1
