person_id,place_role,place_id
P00001,HOME,PL_W67091562
P00001,WORK,PL_W660842583
P00002,HOME,PL_W943428729
P00002,WORK,PL_W31451792
P00002,CHILD_SCHOOL,PL_W220406701
P00003,HOME,PL_W662726398
P00003,UNIVERSITY,PL_N7797331451
P00004,HOME,PL_W661275865
P00004,WORK,PL_N11281663890
P00004,CHILD_SCHOOL,PL_N7725077141
P00005,HOME,PL_W770873612
P00005,WORK,PL_W25656474
P00005,CHILD_SCHOOL,PL_W186575881
P00006,HOME,PL_W659831040
P00006,WORK,PL_W444340651
P00006,CHILD_SCHOOL,PL_W42149102
P00007,HOME,PL_W661635899
P00007,WORK,PL_W662257868
P00007,CHILD_SCHOOL,PL_W71410512
P00008,HOME,PL_W663309489
P00008,WORK,PL_N5462911230
P00009,HOME,PL_W31617621
P00009,WORK,PL_W31617621
P00010,HOME,PL_W661957666
P00010,WORK,PL_N1859441255
P00010,CHILD_SCHOOL,PL_W70509378
P00011,HOME,PL_W31373088
P00011,WORK,PL_W61429677
P00011,CHILD_SCHOOL,PL_N534020733
P00012,HOME,PL_W660079717
P00012,WORK,PL_W55029513
P00013,HOME,PL_W659446956
P00013,WORK,PL_W661065097
P00013,CHILD_SCHOOL,PL_W121969533
P00014,HOME,PL_W660358110
P00014,WORK,PL_W60185753
P00015,HOME,PL_W41405416
P00015,WORK,PL_N4602942588
P00016,HOME,PL_W660079496
P00016,UNIVERSITY,PL_W23447514
P00017,HOME,PL_W662175819
P00017,WORK,PL_N2849241120
P00017,CHILD_SCHOOL,PL_W25366324
P00018,HOME,PL_W659449245
P00018,WORK,PL_N4030019996
P00018,CHILD_SCHOOL,PL_W184368203
P00019,HOME,PL_W661204987
P00019,WORK,PL_N13744124758
P00019,CHILD_SCHOOL,PL_W703400000
P00020,HOME,PL_W705529518
P00020,WORK,PL_W705529518
P00020,CHILD_SCHOOL,PL_W35798775
P00021,HOME,PL_W186588111
P00021,WORK,PL_W233129906
P00022,HOME,PL_W1275510426
P00022,WORK,PL_W660836793
P00023,HOME,PL_W704993431
P00023,WORK,PL_W34484343
P00023,CHILD_SCHOOL,PL_W180044576
P00024,HOME,PL_W31451199
P00024,WORK,PL_W66983994
P00024,CHILD_SCHOOL,PL_W35836166
P00025,HOME,PL_W659840562
P00025,WORK,PL_W58728305
P00026,HOME,PL_W334728863
P00026,UNIVERSITY,PL_W1540356416
P00027,HOME,PL_W43811734
P00027,WORK,PL_W704731338
P00027,CHILD_SCHOOL,PL_W43605743
P00028,HOME,PL_W31622236
P00028,WORK,PL_W93810037
P00028,CHILD_SCHOOL,PL_W36747098
P00029,HOME,PL_W660636413
P00029,WORK,PL_W660636413
P00030,HOME,PL_W457493164
P00030,WORK,PL_W457493164
P00031,HOME,PL_W659449079
P00031,WORK,PL_N6181447582
P00032,HOME,PL_W702169121
P00032,WORK,PL_W658018645
P00032,CHILD_SCHOOL,PL_W35836139
P00033,HOME,PL_W659453270
P00033,WORK,PL_W953878382
P00033,CHILD_SCHOOL,PL_W688047029
P00034,HOME,PL_W660817150
P00034,WORK,PL_W43806818
P00035,HOME,PL_W31373094
P00035,WORK,PL_N13717400049
P00036,HOME,PL_W31754521
P00036,WORK,PL_W31754521
P00037,HOME,PL_W33541209
P00037,WORK,PL_W58673686
P00037,CHILD_SCHOOL,PL_N7797334713
P00038,HOME,PL_W661050240
P00038,WORK,PL_W59244428
P00039,HOME,PL_W114706279
P00039,WORK,PL_W58646801
P00040,HOME,PL_W661822523
P00040,WORK,PL_W302935292
P00040,CHILD_SCHOOL,PL_W71269572
P00041,HOME,PL_W702167759
P00041,WORK,PL_W662100744
P00041,CHILD_SCHOOL,PL_W226096987
P00042,HOME,PL_W662761121
P00042,WORK,PL_N6621951597
P00042,CHILD_SCHOOL,PL_W224159663
P00043,HOME,PL_W662500287
P00043,UNIVERSITY,PL_N11115201179
P00044,HOME,PL_W31754538
P00044,WORK,PL_W669624360
P00045,HOME,PL_W34229573
P00045,WORK,PL_W31926854
P00046,HOME,PL_W659340973
P00046,WORK,PL_W34749604
P00046,CHILD_SCHOOL,PL_N7108106148
P00047,HOME,PL_W705740396
P00047,WORK,PL_W661897517
P00047,CHILD_SCHOOL,PL_W37236885
P00048,HOME,PL_W662775424
P00048,WORK,PL_W659322530
P00048,CHILD_SCHOOL,PL_W34769549
P00049,HOME,PL_W705125021
P00049,WORK,PL_W943602453
P00050,HOME,PL_W42472531
P00050,WORK,PL_W229563603
P00051,HOME,PL_W704196083
P00051,WORK,PL_W58567258
P00052,HOME,PL_W36791496
P00052,WORK,PL_W302103495
P00052,CHILD_SCHOOL,PL_W33396855
P00053,HOME,PL_W767378211
P00053,WORK,PL_W185655076
P00054,HOME,PL_W660079287
P00054,WORK,PL_W27767634
P00055,HOME,PL_W704292283
P00055,WORK,PL_W670272316
P00056,HOME,PL_W660816929
P00056,WORK,PL_W165787889
P00057,HOME,PL_W660075339
P00057,WORK,PL_W115222390
P00058,HOME,PL_W660212598
P00058,WORK,PL_W33296742
P00059,HOME,PL_W660820065
P00059,WORK,PL_W34582534
P00060,HOME,PL_W661636847
P00060,UNIVERSITY,PL_W23447424
P00061,HOME,PL_W661777910
P00061,WORK,PL_N5478431221
P00061,CHILD_SCHOOL,PL_W186575947
P00062,HOME,PL_W33036598
P00062,WORK,PL_N5508838727
P00063,HOME,PL_W659447274
P00063,WORK,PL_W33362896
P00064,HOME,PL_W702141532
P00064,WORK,PL_W61010490
P00064,CHILD_SCHOOL,PL_W25366324
P00065,HOME,PL_W36888109
P00065,WORK,PL_W659632945
P00065,CHILD_SCHOOL,PL_W224897072
P00066,HOME,PL_W132148485
P00066,WORK,PL_N7578550206
P00066,CHILD_SCHOOL,PL_W36880101
P00067,HOME,PL_W30966658
P00067,WORK,PL_N6549452007
P00068,HOME,PL_W702160078
P00068,WORK,PL_W66984063
P00068,CHILD_SCHOOL,PL_W36817966
P00069,HOME,PL_W656562251
P00069,WORK,PL_N5169424170
P00069,CHILD_SCHOOL,PL_W36370852
P00070,HOME,PL_W31617619
P00070,WORK,PL_N9230904959
P00070,CHILD_SCHOOL,PL_W43605743
P00071,HOME,PL_W659447615
P00071,WORK,PL_W660248239
P00072,HOME,PL_W702160078
P00072,WORK,PL_W34582782
P00073,HOME,PL_W170052631
P00073,WORK,PL_W34582270
P00073,CHILD_SCHOOL,PL_W225936203
P00074,HOME,PL_W660600888
P00074,WORK,PL_W80378604
P00075,HOME,PL_W58936386
P00075,WORK,PL_W678508073
P00075,CHILD_SCHOOL,PL_W705565520
P00076,HOME,PL_W705132821
P00076,WORK,PL_W663828131
P00076,CHILD_SCHOOL,PL_W32121744
P00077,HOME,PL_W573332603
P00077,WORK,PL_W573332603
P00077,CHILD_SCHOOL,PL_W216295703
P00078,HOME,PL_W659829644
P00078,WORK,PL_W659829644
P00079,HOME,PL_W31811119
P00079,WORK,PL_W231284913
P00079,CHILD_SCHOOL,PL_W220408094
P00080,HOME,PL_W705844122
P00080,WORK,PL_W398743849
P00080,CHILD_SCHOOL,PL_W68507025
P00081,HOME,PL_W661275640
P00081,WORK,PL_N2117820215
P00081,CHILD_SCHOOL,PL_W703420516
P00082,HOME,PL_W31619296
P00082,WORK,PL_N3326906383
P00083,HOME,PL_W705109222
P00083,WORK,PL_N6323402035
P00084,HOME,PL_W702167759
P00084,WORK,PL_N3206983509
P00084,CHILD_SCHOOL,PL_W688045884
P00085,HOME,PL_W660357598
P00085,WORK,PL_W598637693
P00085,CHILD_SCHOOL,PL_W703420515
P00086,HOME,PL_W705218756
P00086,WORK,PL_N13011543841
P00087,HOME,PL_W705507606
P00087,WORK,PL_W661194117
P00087,CHILD_SCHOOL,PL_W225582647
P00088,HOME,PL_W659454661
P00088,WORK,PL_W659454661
P00088,CHILD_SCHOOL,PL_N4213745389
P00089,HOME,PL_W43934772
P00089,WORK,PL_W27767627
P00090,HOME,PL_W705010177
P00090,WORK,PL_N12456228544
P00090,CHILD_SCHOOL,PL_W42525407
P00091,HOME,PL_W659451700
P00091,UNIVERSITY,PL_N4507572289
P00092,HOME,PL_W170055114
P00092,WORK,PL_N9810859614
P00093,HOME,PL_W662535958
P00093,WORK,PL_N7574259926
P00093,CHILD_SCHOOL,PL_W61955065
P00094,HOME,PL_W704232378
P00094,UNIVERSITY,PL_N9633703338
P00095,HOME,PL_W661650658
P00095,WORK,PL_W59146421
P00095,CHILD_SCHOOL,PL_W688267158
P00096,HOME,PL_W31757867
P00096,WORK,PL_W796687023
P00097,HOME,PL_W661469587
P00097,WORK,PL_N276474692
P00098,HOME,PL_W31619121
P00098,WORK,PL_N4285491274
P00098,CHILD_SCHOOL,PL_W35836168
P00099,HOME,PL_W43811014
P00099,UNIVERSITY,PL_W505921693
P00100,HOME,PL_W36331124
P00100,WORK,PL_W670293204
P00100,CHILD_SCHOOL,PL_W32121754
P00101,HOME,PL_W661824658
P00101,WORK,PL_W659588028
P00101,CHILD_SCHOOL,PL_W760840673
P00102,HOME,PL_W767378211
P00102,WORK,PL_N1458108002
P00102,CHILD_SCHOOL,PL_W56127102
P00103,HOME,PL_W32122685
P00103,WORK,PL_N7797311506
P00104,HOME,PL_W662775013
P00104,WORK,PL_W402197619
P00104,CHILD_SCHOOL,PL_W703414558
P00105,HOME,PL_W661470462
P00105,WORK,PL_W32596553
P00105,CHILD_SCHOOL,PL_W224695919
P00106,HOME,PL_W662142684
P00106,WORK,PL_W1037818938
P00107,HOME,PL_W705132821
P00107,WORK,PL_N686709932
P00107,CHILD_SCHOOL,PL_W224817368
P00108,HOME,PL_W659445963
P00108,UNIVERSITY,PL_W23447514
P00109,HOME,PL_W660637121
P00109,WORK,PL_N13885908649
P00110,HOME,PL_W704993422
P00110,WORK,PL_N13141019891
P00111,HOME,PL_W705132823
P00111,WORK,PL_W661078033
P00111,CHILD_SCHOOL,PL_W43613879
P00112,HOME,PL_W663310449
P00112,WORK,PL_N7797305033
P00112,CHILD_SCHOOL,PL_N7108106148
P00113,HOME,PL_W705563028
P00113,WORK,PL_W266875413
P00114,HOME,PL_W661050635
P00114,WORK,PL_N11037727634
P00115,HOME,PL_W705121024
P00115,WORK,PL_W363351235
P00115,CHILD_SCHOOL,PL_W50977417
P00116,HOME,PL_W663310843
P00116,WORK,PL_W677770991
P00117,HOME,PL_W660636992
P00117,WORK,PL_W660636992
P00118,HOME,PL_W706078563
P00118,WORK,PL_W953878382
P00119,HOME,PL_W659549382
P00119,WORK,PL_W61429979
P00119,CHILD_SCHOOL,PL_W224672049
P00120,HOME,PL_W660819593
P00120,WORK,PL_W43809844
P00120,CHILD_SCHOOL,PL_W36544304
P00121,HOME,PL_W660637750
P00121,WORK,PL_N6542570343
P00121,CHILD_SCHOOL,PL_W26949764
P00122,HOME,PL_W1204542930
P00122,WORK,PL_N6538304663
P00123,HOME,PL_W687185986
P00123,UNIVERSITY,PL_N10977886210
P00124,HOME,PL_W660568310
P00124,WORK,PL_W58361992
P00124,CHILD_SCHOOL,PL_W35836503
P00125,HOME,PL_W662786700
P00125,WORK,PL_W66983851
P00125,CHILD_SCHOOL,PL_W225582647
P00126,HOME,PL_W57079616
P00126,WORK,PL_W400575633
P00127,HOME,PL_W661207167
P00127,WORK,PL_N3672015342
P00128,HOME,PL_W313908676
P00128,WORK,PL_W313908676
P00129,HOME,PL_W660586910
P00129,WORK,PL_W43417475
P00130,HOME,PL_W41405387
P00130,WORK,PL_N6551695028
P00131,HOME,PL_W31811115
P00131,WORK,PL_N13932260738
P00131,CHILD_SCHOOL,PL_W35836041
P00132,HOME,PL_W661050725
P00132,UNIVERSITY,PL_W33013888
P00133,HOME,PL_W34229573
P00133,WORK,PL_W66979920
P00133,CHILD_SCHOOL,PL_W171056869
P00134,HOME,PL_W704232378
P00134,WORK,PL_W421084023
P00134,CHILD_SCHOOL,PL_W25366282
P00135,HOME,PL_W31811114
P00135,WORK,PL_W904554236
P00136,HOME,PL_W661824504
P00136,WORK,PL_W32507037
P00137,HOME,PL_W32455671
P00137,WORK,PL_W661951775
P00138,HOME,PL_W705519668
P00138,WORK,PL_W291464330
P00139,HOME,PL_W661637269
P00139,WORK,PL_W176968753
P00140,HOME,PL_W31451196
P00140,WORK,PL_W32624097
P00140,CHILD_SCHOOL,PL_N534020733
P00141,HOME,PL_W705132830
P00141,WORK,PL_W23201612
P00142,HOME,PL_W662449423
P00142,WORK,PL_N13609461843
P00142,CHILD_SCHOOL,PL_W29113970
P00143,HOME,PL_W661324861
P00143,WORK,PL_W661770747
P00143,CHILD_SCHOOL,PL_W36332059
P00144,HOME,PL_W705011704
P00144,WORK,PL_W678933220
P00145,HOME,PL_W661470148
P00145,WORK,PL_W662763557
P00145,CHILD_SCHOOL,PL_W33396855
P00146,HOME,PL_W1275522400
P00146,WORK,PL_W70510674
P00147,HOME,PL_W705844122
P00147,WORK,PL_W804386850
P00147,CHILD_SCHOOL,PL_W220920995
P00148,HOME,PL_W661076721
P00148,WORK,PL_W661076721
P00148,CHILD_SCHOOL,PL_W36952003
P00149,HOME,PL_W659340952
P00149,WORK,PL_W288106846
P00149,CHILD_SCHOOL,PL_W56868358
P00150,HOME,PL_W33564022
P00150,UNIVERSITY,PL_N9550175417
P00151,HOME,PL_W704946500
P00151,WORK,PL_W103619594
P00151,CHILD_SCHOOL,PL_W41841601
P00152,HOME,PL_W31373435
P00152,WORK,PL_N8639235068
P00153,HOME,PL_W863282987
P00153,WORK,PL_W69706533
P00153,CHILD_SCHOOL,PL_W143657503
P00154,HOME,PL_W943428729
P00154,WORK,PL_W34614474
P00154,CHILD_SCHOOL,PL_W37680872
P00155,HOME,PL_W661205268
P00155,WORK,PL_N968464560
P00156,HOME,PL_W660347447
P00156,WORK,PL_N12995038539
P00156,CHILD_SCHOOL,PL_W220920995
P00157,HOME,PL_W661919786
P00157,WORK,PL_N2294991326
P00158,HOME,PL_W41405412
P00158,WORK,PL_W674557300
P00159,HOME,PL_W31617605
P00159,WORK,PL_W25636424
P00159,CHILD_SCHOOL,PL_W32819968
P00160,HOME,PL_W661207269
P00160,WORK,PL_N6334374243
P00161,HOME,PL_W704634888
P00161,WORK,PL_W33561679
P00162,HOME,PL_W943428733
P00162,WORK,PL_W659422197
P00162,CHILD_SCHOOL,PL_W179214961
P00163,HOME,PL_W662389548
P00163,WORK,PL_W58936360
P00164,HOME,PL_W704229389
P00164,WORK,PL_W55647680
P00165,HOME,PL_W31756307
P00165,WORK,PL_N11800701980
P00166,HOME,PL_W705132829
P00166,WORK,PL_W703776808
P00167,HOME,PL_W978051260
P00167,WORK,PL_W1099743736
P00168,HOME,PL_W662094672
P00168,WORK,PL_W661292604
P00169,HOME,PL_W36888102
P00169,WORK,PL_W704634881
P00170,HOME,PL_W31451095
P00170,WORK,PL_W35491449
P00171,HOME,PL_W659341085
P00171,WORK,PL_N3941602088
P00172,HOME,PL_W662095080
P00172,WORK,PL_W34749730
P00172,CHILD_SCHOOL,PL_W42149102
P00173,HOME,PL_W33036598
P00173,WORK,PL_W67139134
P00174,HOME,PL_W705649172
P00174,WORK,PL_W180167448
P00175,HOME,PL_W170055112
P00175,WORK,PL_W25491342
P00176,HOME,PL_W31811115
P00176,WORK,PL_N13608377256
P00176,CHILD_SCHOOL,PL_W122480554
P00177,HOME,PL_W704196071
P00177,WORK,PL_W664732076
P00178,HOME,PL_W659548975
P00178,WORK,PL_W659548975
P00178,CHILD_SCHOOL,PL_N7766322681
P00179,HOME,PL_W114706279
P00179,WORK,PL_W115222390
P00179,CHILD_SCHOOL,PL_W26949764
P00180,HOME,PL_W660866973
P00180,WORK,PL_W661049738
P00180,CHILD_SCHOOL,PL_W36747098
P00181,HOME,PL_W31617619
P00181,WORK,PL_N13976324239
P00181,CHILD_SCHOOL,PL_W220920995
P00182,HOME,PL_W661565849
P00182,WORK,PL_W661077890
P00182,CHILD_SCHOOL,PL_W224809461
P00183,HOME,PL_W662389034
P00183,WORK,PL_N13944161395
P00183,CHILD_SCHOOL,PL_W28273222
P00184,HOME,PL_W661565041
P00184,WORK,PL_W141284992
P00184,CHILD_SCHOOL,PL_W195969794
P00185,HOME,PL_W704993419
P00185,WORK,PL_N6341947267
P00186,HOME,PL_W36791495
P00186,WORK,PL_N6370888056
P00187,HOME,PL_W659446691
P00187,WORK,PL_W660624564
P00187,CHILD_SCHOOL,PL_W87327545
P00188,HOME,PL_W47870412
P00188,WORK,PL_W796670679
P00188,CHILD_SCHOOL,PL_W35800152
P00189,HOME,PL_W1275524431
P00189,WORK,PL_W180193897
P00189,CHILD_SCHOOL,PL_N4213745389
P00190,HOME,PL_W660212411
P00190,WORK,PL_W150506087
P00190,CHILD_SCHOOL,PL_W36951033
P00191,HOME,PL_W1163968780
P00191,WORK,PL_W661263197
P00191,CHILD_SCHOOL,PL_W705011693
P00192,HOME,PL_W661635742
P00192,WORK,PL_W671876643
P00192,CHILD_SCHOOL,PL_N2611249739
P00193,HOME,PL_W705507607
P00193,WORK,PL_W60516143
P00193,CHILD_SCHOOL,PL_W35798652
P00194,HOME,PL_W661323921
P00194,WORK,PL_W703251903
P00194,CHILD_SCHOOL,PL_W274163820
P00195,HOME,PL_W659546799
P00195,UNIVERSITY,PL_N7797331451
P00196,HOME,PL_W659245285
P00196,WORK,PL_N6552111897
P00196,CHILD_SCHOOL,PL_W226096987
P00197,HOME,PL_W31451019
P00197,WORK,PL_W56724000
P00197,CHILD_SCHOOL,PL_W33396855
P00198,HOME,PL_W1271200575
P00198,UNIVERSITY,PL_W1504222043
P00199,HOME,PL_W659730241
P00199,WORK,PL_N6491618253
P00200,HOME,PL_W662176518
P00200,WORK,PL_N12919738554
P00200,CHILD_SCHOOL,PL_W225582647
P00201,HOME,PL_W705010179
P00201,WORK,PL_W25650677
P00201,CHILD_SCHOOL,PL_W35798787
P00202,HOME,PL_W659243961
P00202,WORK,PL_W659243961
P00203,HOME,PL_W661049890
P00203,WORK,PL_N13157166833
P00204,HOME,PL_W662175308
P00204,WORK,PL_N3811486813
P00205,HOME,PL_W705740400
P00205,WORK,PL_W659138583
P00206,HOME,PL_W660602917
P00206,WORK,PL_W27767624
P00207,HOME,PL_W1125477356
P00207,WORK,PL_N12821333240
P00207,CHILD_SCHOOL,PL_W161236234
P00208,HOME,PL_W659453299
P00208,WORK,PL_W676111885
P00209,HOME,PL_W31757290
P00209,WORK,PL_W170244790
P00209,CHILD_SCHOOL,PL_W704597788
P00210,HOME,PL_W229483866
P00210,WORK,PL_N12596689453
P00210,CHILD_SCHOOL,PL_W36746607
P00211,HOME,PL_W703722939
P00211,WORK,PL_W662098193
P00212,HOME,PL_W659244734
P00212,WORK,PL_N6334228526
P00212,CHILD_SCHOOL,PL_W50977417
P00213,HOME,PL_W30966660
P00213,WORK,PL_N4327300545
P00213,CHILD_SCHOOL,PL_W274163820
P00214,HOME,PL_W770873612
P00214,WORK,PL_N3326486318
P00215,HOME,PL_W661206391
P00215,WORK,PL_N13281966301
P00216,HOME,PL_W659733463
P00216,WORK,PL_W660807107
P00217,HOME,PL_W660079287
P00217,WORK,PL_W58431314
P00218,HOME,PL_W661636189
P00218,WORK,PL_N12326900682
P00218,CHILD_SCHOOL,PL_N2336690053
P00219,HOME,PL_W663309453
P00219,WORK,PL_N2711784528
P00220,HOME,PL_W31756293
P00220,WORK,PL_W659459829
P00221,HOME,PL_W659246479
P00221,WORK,PL_W34582257
P00221,CHILD_SCHOOL,PL_W122301356
P00222,HOME,PL_W660838584
P00222,WORK,PL_N6543841089
P00223,HOME,PL_W31811208
P00223,WORK,PL_W659581419
P00224,HOME,PL_W702169782
P00224,WORK,PL_W702169782
P00225,HOME,PL_W702557442
P00225,WORK,PL_N6306326501
P00225,CHILD_SCHOOL,PL_W29234699
P00226,HOME,PL_W1204542990
P00226,WORK,PL_W805392730
P00227,HOME,PL_W660867251
P00227,WORK,PL_N10221864570
P00227,CHILD_SCHOOL,PL_W35836139
P00228,HOME,PL_W660585025
P00228,WORK,PL_W34554802
P00229,HOME,PL_W41405394
P00229,WORK,PL_N6546233079
P00229,CHILD_SCHOOL,PL_W57052280
P00230,HOME,PL_W661777443
P00230,WORK,PL_N6535127740
P00231,HOME,PL_W705507609
P00231,UNIVERSITY,PL_N12227880714
P00232,HOME,PL_W31757869
P00232,WORK,PL_W705170964
P00232,CHILD_SCHOOL,PL_N13705682293
P00233,HOME,PL_W702587016
P00233,WORK,PL_W62058576
P00233,CHILD_SCHOOL,PL_W703414557
P00234,HOME,PL_W31617620
P00234,WORK,PL_W1091080136
P00235,HOME,PL_W32667517
P00235,WORK,PL_W34484468
P00235,CHILD_SCHOOL,PL_W224672049
P00236,HOME,PL_W34229572
P00236,WORK,PL_W599480360
P00236,CHILD_SCHOOL,PL_W50977417
P00237,HOME,PL_W661076307
P00237,WORK,PL_W195846567
P00237,CHILD_SCHOOL,PL_W660585356
P00238,HOME,PL_W662175763
P00238,WORK,PL_N13719653017
P00238,CHILD_SCHOOL,PL_W34777564
P00239,HOME,PL_W660838180
P00239,WORK,PL_W231773826
P00240,HOME,PL_W661330953
P00240,WORK,PL_N13783178348
P00241,HOME,PL_W660838961
P00241,WORK,PL_N8893534012
P00241,CHILD_SCHOOL,PL_W33541228
P00242,HOME,PL_W661065580
P00242,UNIVERSITY,PL_N2681580824
P00243,HOME,PL_W704995223
P00243,WORK,PL_N6481876648
P00244,HOME,PL_W195460114
P00244,UNIVERSITY,PL_W61759776
P00245,HOME,PL_W31617608
P00245,WORK,PL_W804394054
P00245,CHILD_SCHOOL,PL_W36368280
P00246,HOME,PL_W705121017
P00246,WORK,PL_W200089381
P00247,HOME,PL_W704229392
P00247,WORK,PL_W89185218
P00248,HOME,PL_W42472531
P00248,WORK,PL_W662442429
P00248,CHILD_SCHOOL,PL_W224671171
P00249,HOME,PL_W659731528
P00249,WORK,PL_W314664870
P00250,HOME,PL_W663310075
P00250,WORK,PL_W420792789
P00250,CHILD_SCHOOL,PL_W32819968
P00251,HOME,PL_W662174820
P00251,WORK,PL_N6415420668
P00251,CHILD_SCHOOL,PL_W288675892
P00252,HOME,PL_W31757818
P00252,WORK,PL_W660807044
P00252,CHILD_SCHOOL,PL_N7108106148
P00253,HOME,PL_W660819593
P00253,WORK,PL_W661314422
P00253,CHILD_SCHOOL,PL_W33541185
P00254,HOME,PL_W661075358
P00254,WORK,PL_N5721034443
P00255,HOME,PL_W659242659
P00255,WORK,PL_W1350503254
P00256,HOME,PL_W660075325
P00256,WORK,PL_W660075325
P00257,HOME,PL_W33036595
P00257,WORK,PL_W58325196
P00257,CHILD_SCHOOL,PL_W34617360
P00258,HOME,PL_W36921200
P00258,WORK,PL_N2405832059
P00259,HOME,PL_W703923701
P00259,WORK,PL_W61759775
P00259,CHILD_SCHOOL,PL_W822689780
P00260,HOME,PL_W660603607
P00260,WORK,PL_W659422197
P00260,CHILD_SCHOOL,PL_W36544304
P00261,HOME,PL_W661822902
P00261,WORK,PL_N14100912622
P00262,HOME,PL_W659729319
P00262,WORK,PL_N8776885249
P00263,HOME,PL_W42472528
P00263,WORK,PL_N6426770908
P00264,HOME,PL_W114706282
P00264,WORK,PL_W35155100
P00265,HOME,PL_W31754697
P00265,WORK,PL_N5249129253
P00266,HOME,PL_W1202408293
P00266,WORK,PL_W66979680
P00267,HOME,PL_W705529515
P00267,WORK,PL_W33189807
P00268,HOME,PL_W662177005
P00268,WORK,PL_N9627769801
P00269,HOME,PL_W661637191
P00269,WORK,PL_N4640688023
P00270,HOME,PL_W427224029
P00270,WORK,PL_N1172146388
P00271,HOME,PL_W705121017
P00271,WORK,PL_W663871232
P00271,CHILD_SCHOOL,PL_W34228911
P00272,HOME,PL_W43806328
P00272,WORK,PL_N10969431953
P00272,CHILD_SCHOOL,PL_W180044576
P00273,HOME,PL_W55547147
P00273,UNIVERSITY,PL_W1268267050
P00274,HOME,PL_W34777543
P00274,WORK,PL_W205716722
P00274,CHILD_SCHOOL,PL_W57047252
P00275,HOME,PL_W659448976
P00275,WORK,PL_N7559857500
P00275,CHILD_SCHOOL,PL_W688267162
P00276,HOME,PL_W143654372
P00276,WORK,PL_W661919736
P00276,CHILD_SCHOOL,PL_N5444147981
P00277,HOME,PL_W660212662
P00277,WORK,PL_W658961508
P00277,CHILD_SCHOOL,PL_W34769382
P00278,HOME,PL_W659334728
P00278,WORK,PL_W34551490
P00278,CHILD_SCHOOL,PL_W36880098
P00279,HOME,PL_W30966659
P00279,WORK,PL_N3791777257
P00280,HOME,PL_W31451096
P00280,WORK,PL_W59244475
P00281,HOME,PL_W59434209
P00281,UNIVERSITY,PL_N547498239
P00282,HOME,PL_W114706475
P00282,WORK,PL_W662259412
P00283,HOME,PL_W31811118
P00283,WORK,PL_W801930757
P00284,HOME,PL_W705845652
P00284,WORK,PL_W1541291357
P00285,HOME,PL_W661957308
P00285,WORK,PL_W662766749
P00286,HOME,PL_W705565529
P00286,WORK,PL_N6334487386
P00287,HOME,PL_W41405394
P00287,WORK,PL_W33764719
P00288,HOME,PL_W31373428
P00288,WORK,PL_W148646768
P00289,HOME,PL_W34777546
P00289,WORK,PL_W33513200
P00289,CHILD_SCHOOL,PL_W36331867
P00290,HOME,PL_W659547575
P00290,WORK,PL_N2625364677
P00290,CHILD_SCHOOL,PL_W704292292
P00291,HOME,PL_W662762554
P00291,WORK,PL_W662762554
P00292,HOME,PL_W704229406
P00292,WORK,PL_N12895817528
P00293,HOME,PL_W705563017
P00293,UNIVERSITY,PL_N7797321403
P00294,HOME,PL_W659446089
P00294,WORK,PL_N1244922919
P00295,HOME,PL_W660602812
P00295,WORK,PL_W935887012
P00296,HOME,PL_W1163968780
P00296,WORK,PL_W286262607
P00297,HOME,PL_W661779279
P00297,WORK,PL_W32706591
P00297,CHILD_SCHOOL,PL_W36880101
P00298,HOME,PL_W287416032
P00298,WORK,PL_W112757867
P00299,HOME,PL_W660601348
P00299,WORK,PL_W669604299
P00300,HOME,PL_W1163968779
P00300,WORK,PL_W55029942
P00301,HOME,PL_W660347861
P00301,WORK,PL_N3729410887
P00301,CHILD_SCHOOL,PL_W224816012
P00302,HOME,PL_W143657050
P00302,WORK,PL_W56238428
P00302,CHILD_SCHOOL,PL_W705125019
P00303,HOME,PL_W31757277
P00303,WORK,PL_N13667122343
P00304,HOME,PL_W863282987
P00304,WORK,PL_N2704939079
P00305,HOME,PL_W31617613
P00305,WORK,PL_W33570228
P00306,HOME,PL_W704229383
P00306,WORK,PL_W58362432
P00307,HOME,PL_W31757258
P00307,WORK,PL_W661251352
P00308,HOME,PL_W660602017
P00308,WORK,PL_W43805669
P00309,HOME,PL_W704946498
P00309,WORK,PL_N6546274462
P00310,HOME,PL_W35836410
P00310,WORK,PL_N2346786893
P00310,CHILD_SCHOOL,PL_W285896860
P00311,HOME,PL_W661050661
P00311,WORK,PL_N6561911453
P00312,HOME,PL_W704946496
P00312,WORK,PL_W674573763
P00313,HOME,PL_W114706279
P00313,WORK,PL_W436018569
P00314,HOME,PL_W661957494
P00314,WORK,PL_W31249292
P00314,CHILD_SCHOOL,PL_W25775106
P00315,HOME,PL_W661469864
P00315,WORK,PL_N214312005
P00315,CHILD_SCHOOL,PL_N5413474408
P00316,HOME,PL_W702141525
P00316,WORK,PL_W61011663
P00317,HOME,PL_W660585427
P00317,WORK,PL_N13041844671
P00317,CHILD_SCHOOL,PL_W37404404
P00318,HOME,PL_W659838177
P00318,WORK,PL_W67132136
P00318,CHILD_SCHOOL,PL_W36817966
P00319,HOME,PL_W31617616
P00319,WORK,PL_W31451804
P00319,CHILD_SCHOOL,PL_W65239313
P00320,HOME,PL_W31451020
P00320,WORK,PL_N6565345448
P00321,HOME,PL_W1341302908
P00321,UNIVERSITY,PL_N13879320058
P00322,HOME,PL_W659831264
P00322,WORK,PL_N6845091828
P00322,CHILD_SCHOOL,PL_W25366324
P00323,HOME,PL_W31756348
P00323,WORK,PL_W442980016
P00324,HOME,PL_W33725435
P00324,WORK,PL_W660624564
P00325,HOME,PL_W659732221
P00325,WORK,PL_W659732221
P00325,CHILD_SCHOOL,PL_W226096987
P00326,HOME,PL_W660806701
P00326,WORK,PL_W660624564
P00327,HOME,PL_W704232365
P00327,WORK,PL_N9842856861
P00327,CHILD_SCHOOL,PL_W56201673
P00328,HOME,PL_W1267010749
P00328,WORK,PL_W333192880
P00329,HOME,PL_W660569209
P00329,WORK,PL_W660934414
P00329,CHILD_SCHOOL,PL_W36746611
P00330,HOME,PL_W659447019
P00330,WORK,PL_W659447019
P00330,CHILD_SCHOOL,PL_W37783195
P00331,HOME,PL_W662389574
P00331,WORK,PL_W34614474
P00331,CHILD_SCHOOL,PL_W148163965
P00332,HOME,PL_W31811184
P00332,WORK,PL_W951835028
P00333,HOME,PL_W659729088
P00333,WORK,PL_W659729088
P00334,HOME,PL_W31756331
P00334,UNIVERSITY,PL_N12898232996
P00334,CHILD_SCHOOL,PL_W70509585
P00335,HOME,PL_W661050573
P00335,WORK,PL_N13543888609
P00336,HOME,PL_W661276066
P00336,WORK,PL_W61429979
P00337,HOME,PL_W43806328
P00337,WORK,PL_W43806328
P00338,HOME,PL_W704993424
P00338,WORK,PL_N13890093482
P00339,HOME,PL_W31754518
P00339,WORK,PL_W659587770
P00340,HOME,PL_W660637467
P00340,WORK,PL_W255630385
P00341,HOME,PL_W661920453
P00341,WORK,PL_W27767625
P00342,HOME,PL_W31757258
P00342,WORK,PL_W294876668
P00342,CHILD_SCHOOL,PL_W224817368
P00343,HOME,PL_W704287221
P00343,WORK,PL_W1460928111
P00343,CHILD_SCHOOL,PL_W161236234
P00344,HOME,PL_W170052631
P00344,WORK,PL_N5223897945
P00345,HOME,PL_W32455673
P00345,WORK,PL_W34582270
P00346,HOME,PL_W661469898
P00346,UNIVERSITY,PL_N3925813284
P00347,HOME,PL_W33542534
P00347,WORK,PL_W1099726288
P00348,HOME,PL_W661822242
P00348,WORK,PL_W34204639
P00349,HOME,PL_W43811046
P00349,WORK,PL_W692005595
P00349,CHILD_SCHOOL,PL_W224816805
P00350,HOME,PL_W31756331
P00350,WORK,PL_W232951140
P00351,HOME,PL_W702587015
P00351,WORK,PL_N777338608
P00352,HOME,PL_W659444576
P00352,WORK,PL_N6603447371
P00353,HOME,PL_W702587016
P00353,WORK,PL_N5223897945
P00354,HOME,PL_W34229573
P00354,WORK,PL_W58030183
P00355,HOME,PL_W30966660
P00355,WORK,PL_W162607309
P00355,CHILD_SCHOOL,PL_W36951033
P00356,HOME,PL_W31617617
P00356,WORK,PL_W34546384
P00356,CHILD_SCHOOL,PL_W224813127
P00357,HOME,PL_W660866819
P00357,WORK,PL_W661078270
P00358,HOME,PL_W31619296
P00358,WORK,PL_W973784995
P00359,HOME,PL_W662389787
P00359,WORK,PL_N1885436866
P00359,CHILD_SCHOOL,PL_W36747398
P00360,HOME,PL_W31757882
P00360,UNIVERSITY,PL_N8755303552
P00361,HOME,PL_W661566161
P00361,UNIVERSITY,PL_N8832604496
P00362,HOME,PL_W706080733
P00362,WORK,PL_W676104927
P00362,CHILD_SCHOOL,PL_W25775044
P00363,HOME,PL_W34229575
P00363,UNIVERSITY,PL_W23447424
P00364,HOME,PL_W35798768
P00364,WORK,PL_W301418957
P00365,HOME,PL_W33725436
P00365,WORK,PL_W60428563
P00366,HOME,PL_W61955719
P00366,WORK,PL_W61955719
P00366,CHILD_SCHOOL,PL_W37783057
P00367,HOME,PL_W659340237
P00367,WORK,PL_W504121396
P00368,HOME,PL_W662775180
P00368,WORK,PL_W416989000
P00368,CHILD_SCHOOL,PL_W36728598
P00369,HOME,PL_W31616572
P00369,WORK,PL_W61698864
P00370,HOME,PL_W662174782
P00370,WORK,PL_N1125620864
P00371,HOME,PL_W656562160
P00371,WORK,PL_W31620037
P00372,HOME,PL_W31617610
P00372,UNIVERSITY,PL_W1268267050
P00373,HOME,PL_W42472532
P00373,WORK,PL_W183248448
P00374,HOME,PL_W225767241
P00374,WORK,PL_W34720688
P00375,HOME,PL_W31754502
P00375,WORK,PL_N3618391889
P00375,CHILD_SCHOOL,PL_W35836502
P00376,HOME,PL_W170055112
P00376,WORK,PL_W115222390
P00377,HOME,PL_W31754570
P00377,WORK,PL_W31754570
P00378,HOME,PL_W661822746
P00378,WORK,PL_W186024410
P00379,HOME,PL_W659333355
P00379,WORK,PL_N8288458152
P00380,HOME,PL_W661649399
P00380,WORK,PL_N11937920049
P00381,HOME,PL_W660602488
P00381,WORK,PL_W56058495
P00381,CHILD_SCHOOL,PL_W225582647
P00382,HOME,PL_W659447611
P00382,WORK,PL_W27767633
P00382,CHILD_SCHOOL,PL_W34617374
P00383,HOME,PL_W705010197
P00383,WORK,PL_W60304156
P00384,HOME,PL_W705529515
P00384,WORK,PL_N6357163296
P00385,HOME,PL_W31373428
P00385,WORK,PL_W231977751
P00386,HOME,PL_W662711465
P00386,WORK,PL_W315222503
P00387,HOME,PL_W55200610
P00387,WORK,PL_N7879203435
P00387,CHILD_SCHOOL,PL_N7725077141
P00388,HOME,PL_W659340422
P00388,WORK,PL_N3442199472
P00389,HOME,PL_W427224029
P00389,WORK,PL_W663829669
P00390,HOME,PL_W662726485
P00390,WORK,PL_W41264916
P00390,CHILD_SCHOOL,PL_W43605743
P00391,HOME,PL_W704196071
P00391,WORK,PL_W115222390
P00392,HOME,PL_W660831595
P00392,UNIVERSITY,PL_W61759776
P00393,HOME,PL_W34777546
P00393,WORK,PL_W804639074
P00394,HOME,PL_W611916707
P00394,WORK,PL_N13124257272
P00395,HOME,PL_W143654379
P00395,WORK,PL_N13625545292
P00396,HOME,PL_W659333164
P00396,WORK,PL_W245209100
P00397,HOME,PL_W659446993
P00397,WORK,PL_N13971311578
P00397,CHILD_SCHOOL,PL_N5444147981
P00398,HOME,PL_W705740400
P00398,WORK,PL_N2883876001
P00399,HOME,PL_W661324364
P00399,WORK,PL_W248103628
P00400,HOME,PL_W1204543056
P00400,WORK,PL_W33580855
P00401,HOME,PL_W233647044
P00401,UNIVERSITY,PL_W23447424
P00401,CHILD_SCHOOL,PL_W75367984
P00402,HOME,PL_W705218730
P00402,WORK,PL_W662099819
P00402,CHILD_SCHOOL,PL_W33725547
P00403,HOME,PL_W370438991
P00403,WORK,PL_W304467254
P00403,CHILD_SCHOOL,PL_W35835815
P00404,HOME,PL_W31617612
P00404,WORK,PL_W27778414
P00405,HOME,PL_W31811118
P00405,WORK,PL_N6422118762
P00406,HOME,PL_W143657050
P00406,WORK,PL_W658011237
P00407,HOME,PL_W704594312
P00407,WORK,PL_W170051001
P00407,CHILD_SCHOOL,PL_W37236885
P00408,HOME,PL_W704729324
P00408,WORK,PL_W1418991792
P00409,HOME,PL_W662535997
P00409,WORK,PL_W56058495
P00409,CHILD_SCHOOL,PL_N4015705823
P00410,HOME,PL_W31451019
P00410,WORK,PL_W796654969
P00410,CHILD_SCHOOL,PL_W41364189
P00411,HOME,PL_W705218749
P00411,WORK,PL_N3654403517
P00412,HOME,PL_W660602368
P00412,WORK,PL_W662149303
P00413,HOME,PL_W469779620
P00413,WORK,PL_W660222957
P00413,CHILD_SCHOOL,PL_W37404404
P00414,HOME,PL_W31754697
P00414,WORK,PL_N1365110586
P00414,CHILD_SCHOOL,PL_W56201673
P00415,HOME,PL_W659246212
P00415,WORK,PL_W797144957
P00416,HOME,PL_W662257890
P00416,WORK,PL_W292084213
P00416,CHILD_SCHOOL,PL_W35836083
P00417,HOME,PL_W229483556
P00417,UNIVERSITY,PL_W161110169
P00418,HOME,PL_W31757792
P00418,WORK,PL_W1544282802
P00419,HOME,PL_W659333355
P00419,WORK,PL_N13915723228
P00419,CHILD_SCHOOL,PL_N5444147981
P00420,HOME,PL_W36888109
P00420,WORK,PL_W659587785
P00420,CHILD_SCHOOL,PL_W35798021
P00421,HOME,PL_W705649183
P00421,WORK,PL_W59144913
P00421,CHILD_SCHOOL,PL_N2332638609
P00422,HOME,PL_W572761380
P00422,UNIVERSITY,PL_W1504222290
P00423,HOME,PL_W704945373
P00423,WORK,PL_W679550929
P00424,HOME,PL_W31373517
P00424,WORK,PL_N12863156081
P00425,HOME,PL_W283005667
P00425,WORK,PL_W265703121
P00426,HOME,PL_W659839508
P00426,WORK,PL_W122198143
P00427,HOME,PL_W661919939
P00427,WORK,PL_W804618150
P00427,CHILD_SCHOOL,PL_W36880102
P00428,HOME,PL_W31624354
P00428,WORK,PL_W67141459
P00428,CHILD_SCHOOL,PL_W56051910
P00429,HOME,PL_W659445600
P00429,WORK,PL_W662213142
P00430,HOME,PL_W660636671
P00430,WORK,PL_W150506087
P00431,HOME,PL_W702554514
P00431,WORK,PL_W804360806
P00431,CHILD_SCHOOL,PL_W688045884
P00432,HOME,PL_W1518710184
P00432,WORK,PL_W103093413
P00432,CHILD_SCHOOL,PL_W201704236
P00433,HOME,PL_W705563021
P00433,WORK,PL_W354395308
P00433,CHILD_SCHOOL,PL_W34617346
P00434,HOME,PL_W662177647
P00434,WORK,PL_W660357354
P00435,HOME,PL_W1275524431
P00435,WORK,PL_W58326721
P00436,HOME,PL_W114706279
P00436,WORK,PL_N1386854884
P00437,HOME,PL_W661470876
P00437,UNIVERSITY,PL_N9633703338
P00438,HOME,PL_W450697861
P00438,WORK,PL_W61429677
P00439,HOME,PL_W31754491
P00439,WORK,PL_W334916363
P00439,CHILD_SCHOOL,PL_W32819968
P00440,HOME,PL_W705649169
P00440,WORK,PL_N4429343396
P00441,HOME,PL_W703923702
P00441,WORK,PL_W660624564
P00442,HOME,PL_W416778780
P00442,WORK,PL_W58936524
P00442,CHILD_SCHOOL,PL_W42709352
P00443,HOME,PL_W660637579
P00443,WORK,PL_W669794330
P00444,HOME,PL_W661047914
P00444,WORK,PL_N7685020700
P00444,CHILD_SCHOOL,PL_W186575881
P00445,HOME,PL_W662175307
P00445,WORK,PL_W220029026
P00445,CHILD_SCHOOL,PL_W32121754
P00446,HOME,PL_W661205094
P00446,WORK,PL_W661193375
P00447,HOME,PL_W705625074
P00447,WORK,PL_W705625074
P00448,HOME,PL_W35835254
P00448,WORK,PL_N6240358402
P00449,HOME,PL_W122356169
P00449,WORK,PL_W32052212
P00449,CHILD_SCHOOL,PL_W35797979
P00450,HOME,PL_W31451018
P00450,WORK,PL_N12752276980
P00451,HOME,PL_W662534844
P00451,WORK,PL_N13890093470
P00452,HOME,PL_W659454383
P00452,WORK,PL_W678970362
P00452,CHILD_SCHOOL,PL_W225936202
P00453,HOME,PL_W704292297
P00453,WORK,PL_W659572852
P00453,CHILD_SCHOOL,PL_W121969533
P00454,HOME,PL_W129727109
P00454,WORK,PL_W62058574
P00454,CHILD_SCHOOL,PL_W31756363
P00455,HOME,PL_W662727453
P00455,WORK,PL_W662441560
P00456,HOME,PL_W31451095
P00456,WORK,PL_W31812609
P00457,HOME,PL_W662177100
P00457,WORK,PL_W31617640
P00457,CHILD_SCHOOL,PL_W36543496
P00458,HOME,PL_W660980718
P00458,WORK,PL_N7211739897
P00459,HOME,PL_W705507615
P00459,WORK,PL_W122198734
P00459,CHILD_SCHOOL,PL_W34769549
P00460,HOME,PL_W661840699
P00460,UNIVERSITY,PL_W161110169
P00461,HOME,PL_W660867227
P00461,WORK,PL_N4341877290
P00462,HOME,PL_W978051264
P00462,WORK,PL_W58335971
P00463,HOME,PL_W33725066
P00463,WORK,PL_W804360806
P00464,HOME,PL_W31373086
P00464,WORK,PL_W663827167
P00465,HOME,PL_W31756292
P00465,WORK,PL_W96975978
P00465,CHILD_SCHOOL,PL_W24501824
P00466,HOME,PL_W660806679
P00466,WORK,PL_W59244402
P00466,CHILD_SCHOOL,PL_W36368280
P00467,HOME,PL_W704229394
P00467,WORK,PL_N5348818286
P00467,CHILD_SCHOOL,PL_W36746607
P00468,HOME,PL_W31624354
P00468,WORK,PL_N2146960322
P00469,HOME,PL_W659241988
P00469,WORK,PL_W1230109207
P00470,HOME,PL_W143654373
P00470,WORK,PL_W106181672
P00470,CHILD_SCHOOL,PL_W170267116
P00471,HOME,PL_W705881544
P00471,WORK,PL_N390360901
P00472,HOME,PL_W221555655
P00472,WORK,PL_W35155100
P00473,HOME,PL_W170055114
P00473,WORK,PL_N10572768000
P00474,HOME,PL_W662095051
P00474,WORK,PL_W461483026
P00474,CHILD_SCHOOL,PL_W36543496
P00475,HOME,PL_W659333866
P00475,WORK,PL_W659333866
P00476,HOME,PL_W704232378
P00476,WORK,PL_W453440703
P00476,CHILD_SCHOOL,PL_W57047252
P00477,HOME,PL_W43805236
P00477,UNIVERSITY,PL_N7781377932
P00478,HOME,PL_W770873612
P00478,WORK,PL_W770873612
P00478,CHILD_SCHOOL,PL_W34617360
P00479,HOME,PL_W34229572
P00479,UNIVERSITY,PL_W1504222290
P00480,HOME,PL_W1204906983
P00480,WORK,PL_W1204906983
P00480,CHILD_SCHOOL,PL_W822689780
P00481,HOME,PL_W659728674
P00481,WORK,PL_W659728674
P00482,HOME,PL_W660079287
P00482,UNIVERSITY,PL_W1502659706
P00483,HOME,PL_W703932818
P00483,WORK,PL_N730314298
P00483,CHILD_SCHOOL,PL_W225859145
P00484,HOME,PL_W659448596
P00484,WORK,PL_W937324127
P00485,HOME,PL_W659732331
P00485,WORK,PL_W66967683
P00486,HOME,PL_W31754571
P00486,WORK,PL_W552173331
P00487,HOME,PL_W702145963
P00487,WORK,PL_W599480360
P00488,HOME,PL_W704634888
P00488,WORK,PL_N12247061816
P00489,HOME,PL_W659334252
P00489,WORK,PL_W662150031
P00490,HOME,PL_W702169769
P00490,WORK,PL_W659605645
P00490,CHILD_SCHOOL,PL_W24159328
P00491,HOME,PL_W705125020
P00491,WORK,PL_N3418249775
P00492,HOME,PL_W31754574
P00492,WORK,PL_W34587722
P00493,HOME,PL_W704993428
P00493,WORK,PL_W805394111
P00493,CHILD_SCHOOL,PL_W57052280
P00494,HOME,PL_W1275527442
P00494,WORK,PL_N6597442230
P00494,CHILD_SCHOOL,PL_W121872356
P00495,HOME,PL_W659448870
P00495,WORK,PL_W443995276
P00496,HOME,PL_W1245991289
P00496,WORK,PL_W77743230
P00497,HOME,PL_W702142765
P00497,WORK,PL_N6343511085
P00498,HOME,PL_W705845652
P00498,WORK,PL_W983838096
P00498,CHILD_SCHOOL,PL_W186575947
P00499,HOME,PL_W170055111
P00499,WORK,PL_N6547194178
P00499,CHILD_SCHOOL,PL_W36861511
P00500,HOME,PL_W36791714
P00500,WORK,PL_N11114383380
P00501,HOME,PL_W1204945366
P00501,WORK,PL_W416989000
P00502,HOME,PL_W89185222
P00502,WORK,PL_W89185222
P00502,CHILD_SCHOOL,PL_W41841601
P00503,HOME,PL_W41405392
P00503,WORK,PL_W27767625
P00504,HOME,PL_W661330450
P00504,WORK,PL_N6685670028
P00504,CHILD_SCHOOL,PL_N7108092021
P00505,HOME,PL_W659449185
P00505,WORK,PL_W661250199
P00506,HOME,PL_W1307373828
P00506,WORK,PL_W55461754
P00507,HOME,PL_W1204537103
P00507,WORK,PL_W495300892
P00507,CHILD_SCHOOL,PL_W235324578
P00508,HOME,PL_W661205133
P00508,WORK,PL_W704997239
P00509,HOME,PL_W659452079
P00509,WORK,PL_W34615187
P00510,HOME,PL_W705882028
P00510,WORK,PL_W670272329
P00510,CHILD_SCHOOL,PL_N7659648005
P00511,HOME,PL_W661566328
P00511,WORK,PL_W60185759
P00512,HOME,PL_W661841947
P00512,WORK,PL_N5372577218
P00513,HOME,PL_W659341011
P00513,WORK,PL_W61698828
P00514,HOME,PL_W33036595
P00514,WORK,PL_N13298642268
P00514,CHILD_SCHOOL,PL_W25289564
P00515,HOME,PL_W55218274
P00515,WORK,PL_W438900671
P00516,HOME,PL_W660831390
P00516,WORK,PL_N6325961195
P00516,CHILD_SCHOOL,PL_W285896860
P00517,HOME,PL_W31451096
P00517,WORK,PL_N1122902994
P00518,HOME,PL_W660837626
P00518,WORK,PL_N6363116932
P00519,HOME,PL_W659548741
P00519,WORK,PL_N7708066748
P00520,HOME,PL_W705507609
P00520,WORK,PL_W61760417
P00520,CHILD_SCHOOL,PL_W24725316
P00521,HOME,PL_W36819817
P00521,WORK,PL_W132894800
P00521,CHILD_SCHOOL,PL_W35545754
P00522,HOME,PL_W31617612
P00522,WORK,PL_N3999139124
P00523,HOME,PL_W506136037
P00523,WORK,PL_W179653213
P00524,HOME,PL_W31373517
P00524,WORK,PL_W658468178
P00525,HOME,PL_W702557442
P00525,UNIVERSITY,PL_W1504225085
P00526,HOME,PL_W661050679
P00526,WORK,PL_W184344340
P00526,CHILD_SCHOOL,PL_W179180309
P00527,HOME,PL_W659460562
P00527,UNIVERSITY,PL_N783499436
P00528,HOME,PL_W285896419
P00528,WORK,PL_W696724484
P00529,HOME,PL_W662177562
P00529,WORK,PL_N530783844
P00529,CHILD_SCHOOL,PL_W220920995
P00530,HOME,PL_W31754596
P00530,WORK,PL_W661021443
P00531,HOME,PL_W41405398
P00531,WORK,PL_W70510691
P00532,HOME,PL_W33564022
P00532,WORK,PL_W27778414
P00533,HOME,PL_W660583904
P00533,WORK,PL_W55946866
P00534,HOME,PL_W31622235
P00534,WORK,PL_W34582435
P00535,HOME,PL_W704729327
P00535,WORK,PL_W662097486
P00535,CHILD_SCHOOL,PL_W288675892
P00536,HOME,PL_W36921201
P00536,WORK,PL_W257053580
P00537,HOME,PL_W704287221
P00537,WORK,PL_W661078287
P00538,HOME,PL_W703946864
P00538,WORK,PL_W32610196
P00539,HOME,PL_W114706282
P00539,WORK,PL_W114706282
P00540,HOME,PL_W656561853
P00540,WORK,PL_N10559886561
P00541,HOME,PL_W31757862
P00541,WORK,PL_W676111876
P00541,CHILD_SCHOOL,PL_N2346655835
P00542,HOME,PL_W705132821
P00542,WORK,PL_W231983649
P00543,HOME,PL_W978051268
P00543,WORK,PL_W188119228
P00544,HOME,PL_W703251916
P00544,WORK,PL_W659581421
P00544,CHILD_SCHOOL,PL_N7108065615
P00545,HOME,PL_W770873612
P00545,UNIVERSITY,PL_N12898232996
P00546,HOME,PL_W702560123
P00546,WORK,PL_N12995864441
P00547,HOME,PL_W705529528
P00547,WORK,PL_N13075134483
P00548,HOME,PL_W32771030
P00548,WORK,PL_N6181451952
P00548,CHILD_SCHOOL,PL_W148163965
P00549,HOME,PL_W1254489313
P00549,WORK,PL_W34121733
P00549,CHILD_SCHOOL,PL_W688047029
P00550,HOME,PL_W33036594
P00550,WORK,PL_W367536575
P00551,HOME,PL_W31754521
P00551,WORK,PL_N6358218178
P00552,HOME,PL_W659340134
P00552,WORK,PL_W676445243
P00553,HOME,PL_W660867512
P00553,WORK,PL_W31926854
P00554,HOME,PL_W660838117
P00554,WORK,PL_W122198144
P00555,HOME,PL_W41405398
P00555,WORK,PL_W288357285
P00556,HOME,PL_W702587016
P00556,WORK,PL_W61698844
P00557,HOME,PL_W659340979
P00557,WORK,PL_W663828893
P00558,HOME,PL_W1254765685
P00558,UNIVERSITY,PL_N7781377932
P00559,HOME,PL_W31373431
P00559,WORK,PL_N4423107508
P00560,HOME,PL_W661074344
P00560,WORK,PL_N4046617967
P00561,HOME,PL_W660820067
P00561,WORK,PL_W658233176
P00562,HOME,PL_W291196701
P00562,WORK,PL_N1244924793
P00563,HOME,PL_W36791499
P00563,WORK,PL_W170052746
P00563,CHILD_SCHOOL,PL_W68507025
P00564,HOME,PL_W659340578
P00564,UNIVERSITY,PL_W1504225085
P00565,HOME,PL_W1348023078
P00565,WORK,PL_W43805203
P00566,HOME,PL_W659830184
P00566,WORK,PL_W60330205
P00567,HOME,PL_W704229398
P00567,WORK,PL_N1191695955
P00567,CHILD_SCHOOL,PL_W161236234
P00568,HOME,PL_W31451052
P00568,UNIVERSITY,PL_N11406187968
P00569,HOME,PL_W705737455
P00569,UNIVERSITY,PL_N13951193852
P00570,HOME,PL_W31754471
P00570,WORK,PL_W1456053276
P00571,HOME,PL_W659446574
P00571,WORK,PL_W47655545
P00572,HOME,PL_W1204794312
P00572,WORK,PL_N4368028495
P00572,CHILD_SCHOOL,PL_W417888719
P00573,HOME,PL_W660634446
P00573,WORK,PL_W301418957
P00574,HOME,PL_W31373437
P00574,WORK,PL_N6386093040
P00574,CHILD_SCHOOL,PL_W36332059
P00575,HOME,PL_W661207111
P00575,WORK,PL_W661207111
P00576,HOME,PL_W705529526
P00576,UNIVERSITY,PL_W23447393
P00577,HOME,PL_W41405417
P00577,WORK,PL_W41405417
P00578,HOME,PL_W32224953
P00578,WORK,PL_N5658771340
P00579,HOME,PL_W660638890
P00579,WORK,PL_W662441669
P00580,HOME,PL_W659449041
P00580,UNIVERSITY,PL_W23447514
P00581,HOME,PL_W170055111
P00581,WORK,PL_W58431302
P00582,HOME,PL_W660078467
P00582,WORK,PL_W657927636
P00583,HOME,PL_W31617620
P00583,WORK,PL_W211733485
P00584,HOME,PL_W699293503
P00584,WORK,PL_W105516635
P00585,HOME,PL_W662390102
P00585,WORK,PL_W660832883
P00585,CHILD_SCHOOL,PL_W24986415
P00586,HOME,PL_W33036600
P00586,WORK,PL_N12817979885
P00587,HOME,PL_W89185222
P00587,WORK,PL_N7086847719
P00588,HOME,PL_W32224948
P00588,UNIVERSITY,PL_W23447424
P00589,HOME,PL_W660637385
P00589,WORK,PL_N7048236683
P00589,CHILD_SCHOOL,PL_W224442293
P00590,HOME,PL_W34777543
P00590,WORK,PL_W34121733
P00591,HOME,PL_W659830402
P00591,WORK,PL_W55462316
P00592,HOME,PL_W705565525
P00592,WORK,PL_W804363094
P00593,HOME,PL_W34777546
P00593,WORK,PL_W661193466
P00594,HOME,PL_W706093827
P00594,WORK,PL_W660624564
P00594,CHILD_SCHOOL,PL_W35800152
P00595,HOME,PL_W662774411
P00595,WORK,PL_W236148180
P00596,HOME,PL_W660602877
P00596,WORK,PL_N11225661829
P00596,CHILD_SCHOOL,PL_W36370852
P00597,HOME,PL_W31451199
P00597,WORK,PL_W663313968
P00597,CHILD_SCHOOL,PL_W33396453
P00598,HOME,PL_W31757277
P00598,WORK,PL_W150432577
P00599,HOME,PL_W661565635
P00599,WORK,PL_W43804626
P00599,CHILD_SCHOOL,PL_W26949764
P00600,HOME,PL_W1263417841
P00600,WORK,PL_W661079401
P00601,HOME,PL_W660837518
P00601,WORK,PL_W231773826
P00601,CHILD_SCHOOL,PL_W36817966
P00602,HOME,PL_W660867598
P00602,WORK,PL_N7553578778
P00602,CHILD_SCHOOL,PL_W36817966
P00603,HOME,PL_W767401495
P00603,WORK,PL_W128573567
P00604,HOME,PL_W705882028
P00604,WORK,PL_N12770927832
P00604,CHILD_SCHOOL,PL_W255480069
P00605,HOME,PL_W706078563
P00605,WORK,PL_N2202202200
P00606,HOME,PL_W662176180
P00606,WORK,PL_W659587866
P00606,CHILD_SCHOOL,PL_W36368280
P00607,HOME,PL_W660347221
P00607,WORK,PL_W151519194
P00607,CHILD_SCHOOL,PL_W35835815
P00608,HOME,PL_W31754518
P00608,WORK,PL_W332358184
P00608,CHILD_SCHOOL,PL_W704997229
P00609,HOME,PL_W170052636
P00609,WORK,PL_W659581416
P00609,CHILD_SCHOOL,PL_W31956205
P00610,HOME,PL_W114706475
P00610,WORK,PL_W444618588
P00611,HOME,PL_W661920858
P00611,WORK,PL_N6415245495
P00612,HOME,PL_W659829644
P00612,WORK,PL_W504492545
P00613,HOME,PL_W660839146
P00613,WORK,PL_N12456228544
P00614,HOME,PL_W659455373
P00614,WORK,PL_W182282890
P00615,HOME,PL_W705845656
P00615,WORK,PL_W704196077
P00615,CHILD_SCHOOL,PL_W29234699
P00616,HOME,PL_W36791704
P00616,WORK,PL_N4161816312
P00616,CHILD_SCHOOL,PL_W25775106
P00617,HOME,PL_W662535460
P00617,WORK,PL_W7969162
P00618,HOME,PL_W67091562
P00618,UNIVERSITY,PL_N12091108919
P00619,HOME,PL_W662094459
P00619,UNIVERSITY,PL_N13704267913
P00620,HOME,PL_W659341573
P00620,WORK,PL_N420542926
P00620,CHILD_SCHOOL,PL_W184368202
P00621,HOME,PL_W1163968780
P00621,WORK,PL_W661813071
P00622,HOME,PL_W32122686
P00622,WORK,PL_W236336973
P00622,CHILD_SCHOOL,PL_W195493031
P00623,HOME,PL_W31754568
P00623,WORK,PL_W191317327
P00624,HOME,PL_W659451655
P00624,WORK,PL_W1338765141
P00625,HOME,PL_W706190948
P00625,WORK,PL_N12898094586
P00626,HOME,PL_W661205485
P00626,WORK,PL_W659539185
P00626,CHILD_SCHOOL,PL_N2611249739
P00627,HOME,PL_W42472532
P00627,WORK,PL_W62058559
P00627,CHILD_SCHOOL,PL_N7766322681
P00628,HOME,PL_W659548617
P00628,UNIVERSITY,PL_W23447514
P00629,HOME,PL_W659548682
P00629,WORK,PL_W160173308
P00630,HOME,PL_W31373517
P00630,WORK,PL_N1392109023
P00630,CHILD_SCHOOL,PL_W35798775
P00631,HOME,PL_W1255380081
P00631,WORK,PL_N14008778196
P00631,CHILD_SCHOOL,PL_W688267157
P00632,HOME,PL_W67091562
P00632,UNIVERSITY,PL_W60304653
P00633,HOME,PL_W705529525
P00633,WORK,PL_N3618391889
P00634,HOME,PL_W41405392
P00634,WORK,PL_W148646768
P00634,CHILD_SCHOOL,PL_W36370852
P00635,HOME,PL_W978051260
P00635,WORK,PL_W34749808
P00636,HOME,PL_W660867614
P00636,WORK,PL_W1446758390
P00637,HOME,PL_W705507586
P00637,WORK,PL_W705507586
P00638,HOME,PL_W661074720
P00638,WORK,PL_W83232125
P00639,HOME,PL_W704995219
P00639,WORK,PL_W59244437
P00640,HOME,PL_W705010197
P00640,WORK,PL_W662097486
P00641,HOME,PL_W660569405
P00641,WORK,PL_N410799727
P00642,HOME,PL_W659453674
P00642,WORK,PL_N579253709
P00642,CHILD_SCHOOL,PL_W186575881
P00643,HOME,PL_W31451094
P00643,WORK,PL_W31451094
P00643,CHILD_SCHOOL,PL_W160521056
P00644,HOME,PL_W31811114
P00644,UNIVERSITY,PL_W1024399954
P00645,HOME,PL_W704997226
P00645,WORK,PL_W657979434
P00646,HOME,PL_W143654372
P00646,WORK,PL_W55029513
P00647,HOME,PL_W31617620
P00647,WORK,PL_N14116345451
P00647,CHILD_SCHOOL,PL_W25366324
P00648,HOME,PL_W143654372
P00648,WORK,PL_N7581344013
P00649,HOME,PL_W43806328
P00649,UNIVERSITY,PL_N9376637799
P00650,HOME,PL_W660637211
P00650,WORK,PL_W677205549
P00650,CHILD_SCHOOL,PL_W24501824
P00651,HOME,PL_W1204945119
P00651,WORK,PL_N2801513934
P00652,HOME,PL_W702169775
P00652,WORK,PL_W179297875
P00653,HOME,PL_W659732950
P00653,WORK,PL_W58336258
P00654,HOME,PL_W31451021
P00654,WORK,PL_W659094341
P00654,CHILD_SCHOOL,PL_W33503129
P00655,HOME,PL_W31617613
P00655,WORK,PL_W33405960
P00655,CHILD_SCHOOL,PL_W43605743
P00656,HOME,PL_W31757256
P00656,UNIVERSITY,PL_W61759776
P00657,HOME,PL_W221555625
P00657,WORK,PL_N3559278292
P00657,CHILD_SCHOOL,PL_W42525283
P00658,HOME,PL_W660601640
P00658,WORK,PL_W705649174
P00659,HOME,PL_W34777541
P00659,WORK,PL_W198249382
P00659,CHILD_SCHOOL,PL_N13625366295
P00660,HOME,PL_W36921199
P00660,WORK,PL_N6554893305
P00661,HOME,PL_W531109678
P00661,WORK,PL_N6547986937
P00662,HOME,PL_W659447844
P00662,WORK,PL_W1284638392
P00663,HOME,PL_W31617620
P00663,WORK,PL_W89185218
P00663,CHILD_SCHOOL,PL_W25775106
P00664,HOME,PL_W31373086
P00664,WORK,PL_W33542526
P00665,HOME,PL_W703948822
P00665,WORK,PL_N5854778466
P00665,CHILD_SCHOOL,PL_W42709352
P00666,HOME,PL_W34777546
P00666,WORK,PL_W137927025
P00666,CHILD_SCHOOL,PL_W703420516
P00667,HOME,PL_W705881542
P00667,WORK,PL_N14052434879
P00668,HOME,PL_W1249042041
P00668,WORK,PL_W661774635
P00669,HOME,PL_W31756391
P00669,WORK,PL_W796666514
P00670,HOME,PL_W31616712
P00670,WORK,PL_W41949957
P00670,CHILD_SCHOOL,PL_W33543511
P00671,HOME,PL_W506136037
P00671,WORK,PL_W671607410
P00671,CHILD_SCHOOL,PL_W29113970
P00672,HOME,PL_W34229572
P00672,WORK,PL_W32610191
P00673,HOME,PL_W978051270
P00673,WORK,PL_N6528691704
P00673,CHILD_SCHOOL,PL_W33503129
P00674,HOME,PL_W659251869
P00674,WORK,PL_W34615186
P00674,CHILD_SCHOOL,PL_W688267161
P00675,HOME,PL_W1202685588
P00675,WORK,PL_W167925742
P00676,HOME,PL_W659454554
P00676,WORK,PL_W1316550315
P00676,CHILD_SCHOOL,PL_W121969533
P00677,HOME,PL_W114706279
P00677,WORK,PL_W661541403
P00677,CHILD_SCHOOL,PL_W28273222
P00678,HOME,PL_W659340907
P00678,WORK,PL_W659340907
P00679,HOME,PL_W33036595
P00679,WORK,PL_W27767640
P00679,CHILD_SCHOOL,PL_W56127102
P00680,HOME,PL_W659447966
P00680,WORK,PL_W101919593
P00681,HOME,PL_W33036595
P00681,WORK,PL_N6358218818
P00682,HOME,PL_W32224953
P00682,WORK,PL_N4213944689
P00682,CHILD_SCHOOL,PL_W391848543
P00683,HOME,PL_W660079756
P00683,WORK,PL_N3698533565
P00684,HOME,PL_W31754575
P00684,WORK,PL_N6554855491
P00685,HOME,PL_W659252864
P00685,WORK,PL_W659252864
P00686,HOME,PL_W704229385
P00686,WORK,PL_W142558168
P00686,CHILD_SCHOOL,PL_W171477484
P00687,HOME,PL_W220122773
P00687,WORK,PL_W663314029
P00688,HOME,PL_W659251888
P00688,WORK,PL_W58673623
P00689,HOME,PL_W661324234
P00689,WORK,PL_W661324234
P00690,HOME,PL_W660601955
P00690,WORK,PL_W166535172
P00691,HOME,PL_W661045015
P00691,UNIVERSITY,PL_W23447424
P00692,HOME,PL_W58936402
P00692,WORK,PL_N13746866246
P00692,CHILD_SCHOOL,PL_W25288139
P00693,HOME,PL_W704993422
P00693,WORK,PL_N6685670365
P00694,HOME,PL_W660867396
P00694,WORK,PL_W661193469
P00695,HOME,PL_W659246754
P00695,WORK,PL_W367536575
P00696,HOME,PL_W31754521
P00696,UNIVERSITY,PL_W61759776
P00697,HOME,PL_W31619296
P00697,WORK,PL_W705109201
P00697,CHILD_SCHOOL,PL_N12968478972
P00698,HOME,PL_W34777543
P00698,WORK,PL_W34777543
P00699,HOME,PL_W31373095
P00699,WORK,PL_W117594134
P00699,CHILD_SCHOOL,PL_W43605743
P00700,HOME,PL_W229483552
P00700,WORK,PL_W663827867
P00700,CHILD_SCHOOL,PL_W121872356
P00701,HOME,PL_W34229574
P00701,WORK,PL_W34229574
P00701,CHILD_SCHOOL,PL_W822689780
P00702,HOME,PL_W31373517
P00702,WORK,PL_W122204658
P00703,HOME,PL_W1275527452
P00703,WORK,PL_N13010520110
P00704,HOME,PL_W660637684
P00704,WORK,PL_W263302138
P00705,HOME,PL_W702145959
P00705,WORK,PL_W122204304
P00706,HOME,PL_W660584176
P00706,WORK,PL_W660584176
P00707,HOME,PL_W770873614
P00707,WORK,PL_W662538570
P00708,HOME,PL_W703776820
P00708,WORK,PL_W1259404076
P00708,CHILD_SCHOOL,PL_W56184642
P00709,HOME,PL_W705121024
P00709,WORK,PL_W663310947
P00709,CHILD_SCHOOL,PL_W31956205
P00710,HOME,PL_W659248105
P00710,WORK,PL_W33542528
P00710,CHILD_SCHOOL,PL_W42530511
P00711,HOME,PL_W702145957
P00711,WORK,PL_W61011663
P00712,HOME,PL_W662726972
P00712,WORK,PL_W31620396
P00712,CHILD_SCHOOL,PL_W42525407
P00713,HOME,PL_W661325276
P00713,WORK,PL_N13381140953
P00714,HOME,PL_W659340062
P00714,WORK,PL_N12198108801
P00715,HOME,PL_W770873614
P00715,WORK,PL_W229921017
P00715,CHILD_SCHOOL,PL_W34617374
P00716,HOME,PL_W36888102
P00716,WORK,PL_W34720372
P00717,HOME,PL_W659547041
P00717,WORK,PL_W659606626
P00717,CHILD_SCHOOL,PL_W225936202
P00718,HOME,PL_W660637374
P00718,WORK,PL_N12821323730
P00718,CHILD_SCHOOL,PL_W33396453
P00719,HOME,PL_W170052636
P00719,WORK,PL_W660934412
P00719,CHILD_SCHOOL,PL_W121872356
P00720,HOME,PL_W659830909
P00720,WORK,PL_W24008193
P00721,HOME,PL_W660830037
P00721,WORK,PL_W223420766
P00722,HOME,PL_W360220937
P00722,WORK,PL_W360220937
P00722,CHILD_SCHOOL,PL_N705487646
P00723,HOME,PL_W659333743
P00723,UNIVERSITY,PL_N783499436
P00724,HOME,PL_W662449590
P00724,WORK,PL_W34516637
P00724,CHILD_SCHOOL,PL_W688269003
P00725,HOME,PL_W659445628
P00725,WORK,PL_W278445275
P00726,HOME,PL_W706190951
P00726,WORK,PL_N6586988237
P00726,CHILD_SCHOOL,PL_W225936202
P00727,HOME,PL_W770873612
P00727,WORK,PL_N11378352767
P00727,CHILD_SCHOOL,PL_W61955065
P00728,HOME,PL_W659733485
P00728,WORK,PL_W680474480
P00729,HOME,PL_W661777149
P00729,WORK,PL_N13141019895
P00729,CHILD_SCHOOL,PL_W170266806
P00730,HOME,PL_W334726020
P00730,WORK,PL_W672669530
P00730,CHILD_SCHOOL,PL_W34229259
P00731,HOME,PL_W1163968779
P00731,WORK,PL_N3940647368
P00732,HOME,PL_W421650452
P00732,WORK,PL_N12639653537
P00733,HOME,PL_W360220937
P00733,WORK,PL_N12763180575
P00734,HOME,PL_W705529532
P00734,WORK,PL_W671599468
P00734,CHILD_SCHOOL,PL_N2123097074
P00735,HOME,PL_W659461443
P00735,WORK,PL_W661470161
P00736,HOME,PL_W170051472
P00736,WORK,PL_W804386835
P00737,HOME,PL_W704993422
P00737,WORK,PL_W1016993256
P00737,CHILD_SCHOOL,PL_W36543325
P00738,HOME,PL_W662176269
P00738,WORK,PL_W60185753
P00739,HOME,PL_W659341181
P00739,WORK,PL_W105516599
P00739,CHILD_SCHOOL,PL_W186986129
P00740,HOME,PL_W659730498
P00740,WORK,PL_N6710422916
P00741,HOME,PL_W229483490
P00741,WORK,PL_W27767636
P00742,HOME,PL_W55547147
P00742,WORK,PL_N5438198821
P00742,CHILD_SCHOOL,PL_N7108092021
P00743,HOME,PL_W704995223
P00743,WORK,PL_W659628958
P00744,HOME,PL_W661956514
P00744,WORK,PL_W661950742
P00745,HOME,PL_W225767241
P00745,WORK,PL_W704229386
P00745,CHILD_SCHOOL,PL_W705125019
P00746,HOME,PL_W660568884
P00746,WORK,PL_W661314217
P00747,HOME,PL_W702587024
P00747,WORK,PL_N10743248730
P00748,HOME,PL_W659840085
P00748,WORK,PL_W231983646
P00748,CHILD_SCHOOL,PL_W41841656
P00749,HOME,PL_W661821374
P00749,WORK,PL_W55647680
P00749,CHILD_SCHOOL,PL_W760840673
P00750,HOME,PL_W660603364
P00750,WORK,PL_W256116927
P00751,HOME,PL_W661076366
P00751,WORK,PL_N1863209218
P00752,HOME,PL_W32455673
P00752,WORK,PL_N12780231835
P00753,HOME,PL_W661821397
P00753,WORK,PL_W661541480
P00754,HOME,PL_W705737457
P00754,WORK,PL_W32742066
P00754,CHILD_SCHOOL,PL_W167534168
P00755,HOME,PL_W704997238
P00755,WORK,PL_W179222094
P00756,HOME,PL_W704995223
P00756,WORK,PL_W161836042
P00757,HOME,PL_W31617615
P00757,WORK,PL_W65592644
P00757,CHILD_SCHOOL,PL_W35798775
P00758,HOME,PL_W661275719
P00758,WORK,PL_W225518785
P00758,CHILD_SCHOOL,PL_W73323696
P00759,HOME,PL_W661050872
P00759,WORK,PL_W34181805
P00760,HOME,PL_W659341580
P00760,WORK,PL_W70510674
P00761,HOME,PL_W659445359
P00761,WORK,PL_W670110175
P00762,HOME,PL_W659455335
P00762,WORK,PL_W150506087
P00762,CHILD_SCHOOL,PL_W703752577
P00763,HOME,PL_W659335200
P00763,WORK,PL_W396817470
P00764,HOME,PL_W31754570
P00764,WORK,PL_W796589700
P00765,HOME,PL_W706080731
P00765,WORK,PL_W27991582
P00766,HOME,PL_W34777539
P00766,WORK,PL_W34777539
P00766,CHILD_SCHOOL,PL_W703423112
P00767,HOME,PL_W661635011
P00767,WORK,PL_N9907844592
P00767,CHILD_SCHOOL,PL_W703423111
P00768,HOME,PL_W660633665
P00768,WORK,PL_W56437329
P00769,HOME,PL_W659444524
P00769,WORK,PL_N5852575397
P00770,HOME,PL_W706192704
P00770,UNIVERSITY,PL_N11281293717
P00770,CHILD_SCHOOL,PL_W143657503
P00771,HOME,PL_W662785556
P00771,WORK,PL_W662785556
P00772,HOME,PL_W372474199
P00772,WORK,PL_N9723307467
P00772,CHILD_SCHOOL,PL_W224809461
P00773,HOME,PL_W661841266
P00773,WORK,PL_W106710850
P00773,CHILD_SCHOOL,PL_W36746607
P00774,HOME,PL_W661331099
P00774,WORK,PL_N7617960460
P00774,CHILD_SCHOOL,PL_W42709352
P00775,HOME,PL_W32771030
P00775,WORK,PL_W944064994
P00776,HOME,PL_W705218739
P00776,WORK,PL_W659546764
P00777,HOME,PL_W705529528
P00777,WORK,PL_N1140223148
P00777,CHILD_SCHOOL,PL_W41841601
P00778,HOME,PL_W660806718
P00778,WORK,PL_W61429976
P00778,CHILD_SCHOOL,PL_W180044576
P00779,HOME,PL_W660079117
P00779,WORK,PL_W43805398
P00780,HOME,PL_W661276495
P00780,WORK,PL_W34721802
P00780,CHILD_SCHOOL,PL_W41841656
P00781,HOME,PL_W978051259
P00781,WORK,PL_W657936402
P00782,HOME,PL_W1272117328
P00782,WORK,PL_W1545155872
P00783,HOME,PL_W704232365
P00783,WORK,PL_W62363963
P00783,CHILD_SCHOOL,PL_W73323696
P00784,HOME,PL_W659242170
P00784,UNIVERSITY,PL_N13885890639
P00785,HOME,PL_W129725313
P00785,WORK,PL_W236106304
P00786,HOME,PL_W31373089
P00786,WORK,PL_N7559765001
P00786,CHILD_SCHOOL,PL_N12968468121
P00787,HOME,PL_W31754694
P00787,WORK,PL_W1391063636
P00788,HOME,PL_W661050136
P00788,WORK,PL_N5206463697
P00788,CHILD_SCHOOL,PL_W34228911
P00789,HOME,PL_W661469702
P00789,WORK,PL_N6578943806
P00789,CHILD_SCHOOL,PL_W43327805
P00790,HOME,PL_W36791500
P00790,WORK,PL_W669862638
P00790,CHILD_SCHOOL,PL_W125776367
P00791,HOME,PL_W659242952
P00791,WORK,PL_W659242952
P00792,HOME,PL_W705740399
P00792,WORK,PL_W661070409
P00792,CHILD_SCHOOL,PL_N7108092021
P00793,HOME,PL_W705125027
P00793,UNIVERSITY,PL_N7797331451
P00794,HOME,PL_W702141526
P00794,WORK,PL_W661334774
P00795,HOME,PL_W662095051
P00795,WORK,PL_W62256154
P00796,HOME,PL_W33036594
P00796,WORK,PL_W55217846
P00797,HOME,PL_W31373086
P00797,WORK,PL_W657936274
P00797,CHILD_SCHOOL,PL_N3946854994
P00798,HOME,PL_W33036600
P00798,UNIVERSITY,PL_N1142872979
P00799,HOME,PL_W31373084
P00799,WORK,PL_W54623860
P00799,CHILD_SCHOOL,PL_W36543325
P00800,HOME,PL_W702145963
P00800,WORK,PL_N3308179663
P00800,CHILD_SCHOOL,PL_W35797979
P00801,HOME,PL_W233647044
P00801,WORK,PL_W55036397
P00801,CHILD_SCHOOL,PL_W171477484
P00802,HOME,PL_W661470837
P00802,WORK,PL_W43805398
P00803,HOME,PL_W702169769
P00803,WORK,PL_W43125814
P00804,HOME,PL_W660586020
P00804,WORK,PL_W32742028
P00804,CHILD_SCHOOL,PL_W33503129
P00805,HOME,PL_W659446195
P00805,WORK,PL_N429659329
P00806,HOME,PL_W704292286
P00806,WORK,PL_W661512484
P00807,HOME,PL_W36791545
P00807,WORK,PL_N5064137025
P00807,CHILD_SCHOOL,PL_W30966656
P00808,HOME,PL_W31754493
P00808,WORK,PL_N5321443571
P00808,CHILD_SCHOOL,PL_W36332039
P00809,HOME,PL_W704232378
P00809,WORK,PL_W334916363
P00809,CHILD_SCHOOL,PL_W32121744
P00810,HOME,PL_W660079694
P00810,WORK,PL_N2159618518
P00810,CHILD_SCHOOL,PL_W41364189
P00811,HOME,PL_W706078547
P00811,WORK,PL_N6468845403
P00811,CHILD_SCHOOL,PL_W37404404
P00812,HOME,PL_W660568235
P00812,WORK,PL_W660568235
P00813,HOME,PL_W31451096
P00813,WORK,PL_W1263843758
P00813,CHILD_SCHOOL,PL_W26949764
P00814,HOME,PL_W659441929
P00814,WORK,PL_N5723280225
P00815,HOME,PL_W661469645
P00815,UNIVERSITY,PL_W60304653
P00816,HOME,PL_W659452220
P00816,WORK,PL_N2856305706
P00817,HOME,PL_W89185222
P00817,WORK,PL_N11310898334
P00817,CHILD_SCHOOL,PL_W33725547
P00818,HOME,PL_W334729121
P00818,WORK,PL_W657935057
P00819,HOME,PL_W705121011
P00819,WORK,PL_W662442429
P00820,HOME,PL_W660601426
P00820,WORK,PL_W32567249
P00820,CHILD_SCHOOL,PL_W703420515
P00821,HOME,PL_W36888103
P00821,WORK,PL_W659321730
P00822,HOME,PL_W660347676
P00822,WORK,PL_N412351499
P00823,HOME,PL_W661325547
P00823,WORK,PL_W31876712
P00824,HOME,PL_W967290533
P00824,WORK,PL_N12895265439
P00825,HOME,PL_W143657050
P00825,WORK,PL_W663828857
P00826,HOME,PL_W702142776
P00826,WORK,PL_W34749848
P00827,HOME,PL_W43805755
P00827,WORK,PL_W662441563
P00828,HOME,PL_W943421439
P00828,WORK,PL_W795799679
P00828,CHILD_SCHOOL,PL_N10649797327
P00829,HOME,PL_W31617621
P00829,WORK,PL_N14067134263
P00830,HOME,PL_W41405418
P00830,WORK,PL_W660806969
P00831,HOME,PL_W978051267
P00831,UNIVERSITY,PL_N13704267913
P00832,HOME,PL_W659333415
P00832,WORK,PL_W34176941
P00832,CHILD_SCHOOL,PL_W255480069
P00833,HOME,PL_W662094891
P00833,WORK,PL_W25108216
P00833,CHILD_SCHOOL,PL_W35800887
P00834,HOME,PL_W662711178
P00834,WORK,PL_W34550600
P00834,CHILD_SCHOOL,PL_W35836165
P00835,HOME,PL_W663311092
P00835,WORK,PL_W33561680
P00836,HOME,PL_W705737457
P00836,WORK,PL_W58849186
P00837,HOME,PL_W660357397
P00837,WORK,PL_N11281663890
P00838,HOME,PL_W705529518
P00838,WORK,PL_N1459314504
P00838,CHILD_SCHOOL,PL_W282961787
P00839,HOME,PL_W55547148
P00839,WORK,PL_W659239285
P00839,CHILD_SCHOOL,PL_W36747096
P00840,HOME,PL_W705010187
P00840,WORK,PL_W705010187
P00841,HOME,PL_W1204772123
P00841,WORK,PL_W179297875
P00841,CHILD_SCHOOL,PL_W61955065
P00842,HOME,PL_W660586362
P00842,WORK,PL_W183247755
P00843,HOME,PL_W1275510444
P00843,WORK,PL_W156354904
P00844,HOME,PL_W661821800
P00844,WORK,PL_W678430195
P00845,HOME,PL_W660867012
P00845,WORK,PL_W34582257
P00846,HOME,PL_W704229406
P00846,WORK,PL_N5441763277
P00846,CHILD_SCHOOL,PL_W225936202
P00847,HOME,PL_W659250634
P00847,WORK,PL_W659250634
P00847,CHILD_SCHOOL,PL_W121871939
P00848,HOME,PL_W705519668
P00848,WORK,PL_N5448475709
P00849,HOME,PL_W31451095
P00849,WORK,PL_W43125814
P00849,CHILD_SCHOOL,PL_N7725077141
P00850,HOME,PL_W31757861
P00850,WORK,PL_W34749723
P00850,CHILD_SCHOOL,PL_W35836135
P00851,HOME,PL_W661920452
P00851,WORK,PL_W659427609
P00851,CHILD_SCHOOL,PL_W33396855
P00852,HOME,PL_W662143855
P00852,WORK,PL_N6565973716
P00853,HOME,PL_W659831264
P00853,WORK,PL_W66967683
P00853,CHILD_SCHOOL,PL_W25366282
P00854,HOME,PL_W661206487
P00854,WORK,PL_W132646523
P00854,CHILD_SCHOOL,PL_W35836166
P00855,HOME,PL_W659730382
P00855,WORK,PL_W679964142
P00856,HOME,PL_W659830909
P00856,WORK,PL_N9821236068
P00857,HOME,PL_W659245855
P00857,WORK,PL_N3786761688
P00858,HOME,PL_W662710661
P00858,WORK,PL_W1424015290
P00859,HOME,PL_W770873614
P00859,WORK,PL_W335514692
P00860,HOME,PL_W662709644
P00860,UNIVERSITY,PL_N13885890639
P00861,HOME,PL_W705507606
P00861,WORK,PL_W58567276
P00862,HOME,PL_W1082708163
P00862,WORK,PL_W25108216
P00862,CHILD_SCHOOL,PL_W36747398
P00863,HOME,PL_W427224028
P00863,WORK,PL_W1419677300
P00863,CHILD_SCHOOL,PL_W161236234
P00864,HOME,PL_W705170960
P00864,WORK,PL_W660248226
P00864,CHILD_SCHOOL,PL_W33396855
P00865,HOME,PL_W1163968779
P00865,WORK,PL_W659239301
P00866,HOME,PL_W770873612
P00866,WORK,PL_W61698844
P00866,CHILD_SCHOOL,PL_W34228911
P00867,HOME,PL_W43934772
P00867,WORK,PL_W659839311
P00867,CHILD_SCHOOL,PL_W417888719
P00868,HOME,PL_W659245194
P00868,WORK,PL_N5127180396
P00868,CHILD_SCHOOL,PL_W37409510
P00869,HOME,PL_W660820802
P00869,WORK,PL_N5379390988
P00869,CHILD_SCHOOL,PL_W661567710
P00870,HOME,PL_W31757860
P00870,WORK,PL_N412346665
P00871,HOME,PL_W31754572
P00871,WORK,PL_N14030389951
P00872,HOME,PL_W662762733
P00872,WORK,PL_W659441068
P00873,HOME,PL_W661862713
P00873,WORK,PL_N13890093469
P00874,HOME,PL_W659453361
P00874,UNIVERSITY,PL_N2681580824
P00875,HOME,PL_W661824318
P00875,WORK,PL_W661824318
P00875,CHILD_SCHOOL,PL_W36880102
P00876,HOME,PL_W659247923
P00876,WORK,PL_W43806369
P00877,HOME,PL_W31617622
P00877,WORK,PL_W67139113
P00877,CHILD_SCHOOL,PL_W25775044
P00878,HOME,PL_W659447762
P00878,WORK,PL_W43804648
P00878,CHILD_SCHOOL,PL_W186986129
P00879,HOME,PL_W34777543
P00879,WORK,PL_W678759778
P00879,CHILD_SCHOOL,PL_W35835815
P00880,HOME,PL_W706078543
P00880,WORK,PL_W105516612
P00880,CHILD_SCHOOL,PL_W224672049
P00881,HOME,PL_W703722939
P00881,WORK,PL_W27767641
P00882,HOME,PL_W32455674
P00882,WORK,PL_W1367959216
P00882,CHILD_SCHOOL,PL_W224809461
P00883,HOME,PL_W31373427
P00883,WORK,PL_W33527943
P00884,HOME,PL_W658974938
P00884,WORK,PL_W410132644
P00885,HOME,PL_W663311092
P00885,WORK,PL_W54623856
P00885,CHILD_SCHOOL,PL_W706093848
P00886,HOME,PL_W660820571
P00886,WORK,PL_N438009210
P00886,CHILD_SCHOOL,PL_W57047252
P00887,HOME,PL_W703776820
P00887,UNIVERSITY,PL_W702100748
P00888,HOME,PL_W563752905
P00888,WORK,PL_W112757867
P00889,HOME,PL_W705529525
P00889,WORK,PL_N6172170868
P00890,HOME,PL_W1525338775
P00890,WORK,PL_N13946556412
P00890,CHILD_SCHOOL,PL_W41841601
P00891,HOME,PL_W41405412
P00891,WORK,PL_W647465705
P00891,CHILD_SCHOOL,PL_N2346655835
P00892,HOME,PL_W661217717
P00892,WORK,PL_W659547096
P00893,HOME,PL_W1377324802
P00893,WORK,PL_W288357242
P00894,HOME,PL_W660831148
P00894,WORK,PL_W661956561
P00895,HOME,PL_W661567522
P00895,WORK,PL_N5445754336
P00895,CHILD_SCHOOL,PL_W41363542
P00896,HOME,PL_W705011695
P00896,WORK,PL_W292440309
P00896,CHILD_SCHOOL,PL_W705011693
P00897,HOME,PL_W31560363
P00897,WORK,PL_W1222872876
P00897,CHILD_SCHOOL,PL_W25775044
P00898,HOME,PL_W33564022
P00898,WORK,PL_W33564022
P00899,HOME,PL_W656562053
P00899,WORK,PL_W27778689
P00900,HOME,PL_W659840368
P00900,WORK,PL_W121968346
P00901,HOME,PL_W662709980
P00901,WORK,PL_W67141396
P00901,CHILD_SCHOOL,PL_W36786284
P00902,HOME,PL_W57079616
P00902,UNIVERSITY,PL_N547498239
P00903,HOME,PL_W660358031
P00903,WORK,PL_W31963779
P00904,HOME,PL_W659548268
P00904,WORK,PL_N5760409644
P00905,HOME,PL_W31757883
P00905,WORK,PL_W33298345
P00906,HOME,PL_W705010176
P00906,WORK,PL_N6589766066
P00907,HOME,PL_W705529515
P00907,WORK,PL_N9704188848
P00908,HOME,PL_W662389518
P00908,WORK,PL_N11974058317
P00909,HOME,PL_W661649604
P00909,WORK,PL_N2916217446
P00910,HOME,PL_W281847066
P00910,WORK,PL_W671097365
P00910,CHILD_SCHOOL,PL_W760791078
P00911,HOME,PL_W659252915
P00911,WORK,PL_N5709486021
P00912,HOME,PL_W661841087
P00912,WORK,PL_W704634881
P00913,HOME,PL_W660568826
P00913,WORK,PL_W672751578
P00913,CHILD_SCHOOL,PL_N12968468121
P00914,HOME,PL_W661821187
P00914,WORK,PL_N4327288570
P00915,HOME,PL_W659546796
P00915,WORK,PL_W98231203
P00916,HOME,PL_W1256243054
P00916,WORK,PL_N60930917
P00917,HOME,PL_W31560365
P00917,WORK,PL_W584972653
P00917,CHILD_SCHOOL,PL_W36543326
P00918,HOME,PL_W660867068
P00918,WORK,PL_W43125683
P00919,HOME,PL_W704287221
P00919,WORK,PL_N6543841088
P00920,HOME,PL_W31619298
P00920,WORK,PL_N5464920623
P00920,CHILD_SCHOOL,PL_W34073293
P00921,HOME,PL_W702169119
P00921,WORK,PL_W659094237
P00921,CHILD_SCHOOL,PL_W703414556
P00922,HOME,PL_W661777163
P00922,WORK,PL_W659129695
P00922,CHILD_SCHOOL,PL_W179180309
P00923,HOME,PL_W42472527
P00923,WORK,PL_N6068842913
P00923,CHILD_SCHOOL,PL_W125776367
P00924,HOME,PL_W704634879
P00924,WORK,PL_W97850924
P00924,CHILD_SCHOOL,PL_W41364187
P00925,HOME,PL_W659546823
P00925,WORK,PL_W657697672
P00926,HOME,PL_W705649169
P00926,WORK,PL_N12087916032
P00927,HOME,PL_W287416032
P00927,WORK,PL_W34582436
P00927,CHILD_SCHOOL,PL_W61955065
P00928,HOME,PL_W660602031
P00928,WORK,PL_W67141547
P00928,CHILD_SCHOOL,PL_W225582647
P00929,HOME,PL_W703948822
P00929,WORK,PL_W797144766
P00930,HOME,PL_W660177875
P00930,WORK,PL_W1366234349
P00930,CHILD_SCHOOL,PL_W224815940
P00931,HOME,PL_W31373435
P00931,WORK,PL_W1351704061
P00932,HOME,PL_W31757273
P00932,WORK,PL_W137923156
P00932,CHILD_SCHOOL,PL_W36786284
P00933,HOME,PL_W34777543
P00933,WORK,PL_W906401671
P00934,HOME,PL_W31451053
P00934,WORK,PL_W705529524
P00935,HOME,PL_W31754569
P00935,WORK,PL_W42472536
P00935,CHILD_SCHOOL,PL_W37404404
P00936,HOME,PL_W704196075
P00936,WORK,PL_N13717400808
P00936,CHILD_SCHOOL,PL_W14608518
P00937,HOME,PL_W659729856
P00937,WORK,PL_W659320526
P00938,HOME,PL_W661840699
P00938,WORK,PL_N5837364275
P00939,HOME,PL_W661048204
P00939,WORK,PL_W663827268
P00940,HOME,PL_W31617619
P00940,WORK,PL_W31617619
P00941,HOME,PL_W706078548
P00941,WORK,PL_W32533889
P00942,HOME,PL_W31616572
P00942,WORK,PL_N6558113008
P00942,CHILD_SCHOOL,PL_W274833682
P00943,HOME,PL_W660819593
P00943,WORK,PL_W659588093
P00943,CHILD_SCHOOL,PL_W42709352
P00944,HOME,PL_W662176437
P00944,WORK,PL_N9021051118
P00944,CHILD_SCHOOL,PL_W180044576
P00945,HOME,PL_W943428729
P00945,WORK,PL_W704287213
P00946,HOME,PL_W705121018
P00946,WORK,PL_W1545155848
P00946,CHILD_SCHOOL,PL_W37680872
P00947,HOME,PL_W659838452
P00947,UNIVERSITY,PL_W1504220927
P00947,CHILD_SCHOOL,PL_W36746611
P00948,HOME,PL_W704229389
P00948,WORK,PL_N5445615837
P00948,CHILD_SCHOOL,PL_W184368202
P00949,HOME,PL_W659242802
P00949,WORK,PL_W32742071
P00949,CHILD_SCHOOL,PL_W36870739
P00950,HOME,PL_W659247972
P00950,WORK,PL_W59036008
P00951,HOME,PL_W31754471
P00951,WORK,PL_W647465671
P00951,CHILD_SCHOOL,PL_W167534168
P00952,HOME,PL_W404709661
P00952,WORK,PL_W61760417
P00952,CHILD_SCHOOL,PL_W35836041
P00953,HOME,PL_W659839554
P00953,WORK,PL_W180683128
P00953,CHILD_SCHOOL,PL_W35800887
P00954,HOME,PL_W661075565
P00954,WORK,PL_W1004706294
P00955,HOME,PL_W1163968779
P00955,WORK,PL_W444340651
P00956,HOME,PL_W659839397
P00956,WORK,PL_N10920689889
P00957,HOME,PL_W30966659
P00957,WORK,PL_W65592644
P00957,CHILD_SCHOOL,PL_W703420516
P00958,HOME,PL_W1125477356
P00958,WORK,PL_N2178132364
P00958,CHILD_SCHOOL,PL_W371606097
P00959,HOME,PL_W32820132
P00959,WORK,PL_W32820132
P00960,HOME,PL_W1275521740
P00960,WORK,PL_W659427595
P00960,CHILD_SCHOOL,PL_W170267116
P00961,HOME,PL_W114706475
P00961,WORK,PL_W371248124
P00962,HOME,PL_W662449643
P00962,WORK,PL_N13010520113
P00962,CHILD_SCHOOL,PL_N3021064167
P00963,HOME,PL_W36921199
P00963,WORK,PL_N5054381523
P00964,HOME,PL_W33036565
P00964,WORK,PL_W1424015290
P00965,HOME,PL_W55200585
P00965,WORK,PL_W97180145
P00966,HOME,PL_W662142977
P00966,WORK,PL_W659588037
P00967,HOME,PL_W662095087
P00967,WORK,PL_W660836536
P00968,HOME,PL_W660637870
P00968,WORK,PL_W795826330
P00969,HOME,PL_W660839453
P00969,WORK,PL_W66979848
P00970,HOME,PL_W705507607
P00970,WORK,PL_W680624943
P00971,HOME,PL_W659732211
P00971,WORK,PL_N442711825
P00971,CHILD_SCHOOL,PL_W36880101
P00972,HOME,PL_W662175915
P00972,UNIVERSITY,PL_W23447514
P00973,HOME,PL_W1075561267
P00973,WORK,PL_W34749721
P00974,HOME,PL_W660807132
P00974,WORK,PL_W96975978
P00975,HOME,PL_W1275520643
P00975,WORK,PL_W657722109
P00976,HOME,PL_W662762131
P00976,UNIVERSITY,PL_N13670266863
P00977,HOME,PL_W662176468
P00977,WORK,PL_N6642057798
P00978,HOME,PL_W143657050
P00978,WORK,PL_N1291264971
P00978,CHILD_SCHOOL,PL_W56996051
P00979,HOME,PL_W31754491
P00979,WORK,PL_N13921299572
P00979,CHILD_SCHOOL,PL_W34617709
P00980,HOME,PL_W660602033
P00980,WORK,PL_N11050104382
P00981,HOME,PL_W703752575
P00981,WORK,PL_W1204571902
P00982,HOME,PL_W660637431
P00982,WORK,PL_W495300892
P00983,HOME,PL_W662388763
P00983,WORK,PL_W61760168
P00983,CHILD_SCHOOL,PL_W224442293
P00984,HOME,PL_W31811118
P00984,WORK,PL_W328900136
P00985,HOME,PL_W31451199
P00985,WORK,PL_W66980197
P00986,HOME,PL_W225855524
P00986,WORK,PL_W32595920
P00986,CHILD_SCHOOL,PL_W30966656
P00987,HOME,PL_W1202408381
P00987,WORK,PL_N13108064199
P00988,HOME,PL_W33036565
P00988,WORK,PL_W214575490
P00989,HOME,PL_W659452639
P00989,WORK,PL_N12895860601
P00990,HOME,PL_W661076723
P00990,WORK,PL_W327005531
P00991,HOME,PL_W705563021
P00991,UNIVERSITY,PL_W61759776
P00992,HOME,PL_W31451018
P00992,WORK,PL_N1885436878
P00993,HOME,PL_W863282986
P00993,WORK,PL_N12611728529
P00993,CHILD_SCHOOL,PL_W688269003
P00994,HOME,PL_W661648703
P00994,WORK,PL_W661648703
P00994,CHILD_SCHOOL,PL_W171056869
P00995,HOME,PL_W704729316
P00995,WORK,PL_N7658272777
P00996,HOME,PL_W661206809
P00996,WORK,PL_W661206809
P00996,CHILD_SCHOOL,PL_N5413474408
P00997,HOME,PL_W31757258
P00997,WORK,PL_N6554893300
P00997,CHILD_SCHOOL,PL_W760791078
P00998,HOME,PL_W660806793
P00998,WORK,PL_N7751982988
P00999,HOME,PL_W31754471
P00999,WORK,PL_W616121212
P01000,HOME,PL_W978051258
P01000,WORK,PL_W1079642402
P01000,CHILD_SCHOOL,PL_W274163820
P01001,HOME,PL_W770873612
P01001,WORK,PL_W371250768
P01002,HOME,PL_W661842323
P01002,WORK,PL_N5889022246
P01003,HOME,PL_W660831823
P01003,WORK,PL_N7212871425
P01004,HOME,PL_W660637360
P01004,WORK,PL_N2563167755
P01004,CHILD_SCHOOL,PL_W26949764
P01005,HOME,PL_W659252667
P01005,WORK,PL_W662099844
P01006,HOME,PL_W42472532
P01006,WORK,PL_N754637562
P01007,HOME,PL_W660818081
P01007,WORK,PL_N3999424721
P01008,HOME,PL_W704594300
P01008,WORK,PL_W93822088
P01009,HOME,PL_W660177863
P01009,WORK,PL_N1854311801
P01009,CHILD_SCHOOL,PL_W274833682
P01010,HOME,PL_W31754518
P01010,WORK,PL_N6483209308
P01011,HOME,PL_W702169775
P01011,WORK,PL_W657934899
P01011,CHILD_SCHOOL,PL_W34769382
P01012,HOME,PL_W51348275
P01012,WORK,PL_W663871436
P01012,CHILD_SCHOOL,PL_W224674925
P01013,HOME,PL_W661207291
P01013,UNIVERSITY,PL_N1142872979
P01014,HOME,PL_W659840526
P01014,WORK,PL_W669794351
P01014,CHILD_SCHOOL,PL_W14608518
P01015,HOME,PL_W67141289
P01015,WORK,PL_W703929742
P01016,HOME,PL_W32122685
P01016,WORK,PL_W703932832
P01017,HOME,PL_W659445615
P01017,WORK,PL_W55031045
P01017,CHILD_SCHOOL,PL_W121871939
P01018,HOME,PL_W660586396
P01018,WORK,PL_W32805000
P01018,CHILD_SCHOOL,PL_W195969125
P01019,HOME,PL_W660817412
P01019,WORK,PL_W797142352
P01020,HOME,PL_W705218736
P01020,WORK,PL_W804360709
P01021,HOME,PL_W1125477356
P01021,WORK,PL_W804618150
P01022,HOME,PL_W31451201
P01022,WORK,PL_N6024062305
P01022,CHILD_SCHOOL,PL_W39205032
P01023,HOME,PL_W705565532
P01023,WORK,PL_W150370474
P01023,CHILD_SCHOOL,PL_W171056869
P01024,HOME,PL_W41405415
P01024,WORK,PL_W943602453
P01024,CHILD_SCHOOL,PL_W704997229
P01025,HOME,PL_W659731742
P01025,WORK,PL_N12537548073
P01026,HOME,PL_W705218730
P01026,WORK,PL_N12893596917
P01027,HOME,PL_W659829947
P01027,WORK,PL_W34551411
P01028,HOME,PL_W659449163
P01028,WORK,PL_W57385304
P01028,CHILD_SCHOOL,PL_N2356774165
P01029,HOME,PL_W661650488
P01029,WORK,PL_W737886649
P01030,HOME,PL_W659830904
P01030,WORK,PL_W1525237524
P01031,HOME,PL_W924866605
P01031,WORK,PL_N6820739759
P01032,HOME,PL_W660818071
P01032,WORK,PL_W33361592
P01032,CHILD_SCHOOL,PL_W56051919
P01033,HOME,PL_W143654379
P01033,WORK,PL_W143654379
P01034,HOME,PL_W659246534
P01034,WORK,PL_W27778415
P01034,CHILD_SCHOOL,PL_W164599151
P01035,HOME,PL_W1163968780
P01035,WORK,PL_W61097047
P01035,CHILD_SCHOOL,PL_W705011693
P01036,HOME,PL_W31373084
P01036,WORK,PL_W67138271
P01037,HOME,PL_W35836410
P01037,WORK,PL_N3404127293
P01038,HOME,PL_W702160080
P01038,WORK,PL_N2917845102
P01039,HOME,PL_W662536084
P01039,WORK,PL_W438026405
P01040,HOME,PL_W705125021
P01040,WORK,PL_W661334773
P01040,CHILD_SCHOOL,PL_W37409510
P01041,HOME,PL_W659250273
P01041,WORK,PL_W705507587
P01042,HOME,PL_W660806768
P01042,WORK,PL_W599480360
P01043,HOME,PL_W1137681907
P01043,WORK,PL_W125308706
P01044,HOME,PL_W704229394
P01044,WORK,PL_W321072041
P01044,CHILD_SCHOOL,PL_W87327545
P01045,HOME,PL_W705170962
P01045,WORK,PL_W363990471
P01046,HOME,PL_W43806328
P01046,WORK,PL_W62256154
P01046,CHILD_SCHOOL,PL_W34769382
P01047,HOME,PL_W661074357
P01047,WORK,PL_N12922239586
P01048,HOME,PL_W659252927
P01048,WORK,PL_W61698930
P01049,HOME,PL_W32667517
P01049,WORK,PL_W678970360
P01050,HOME,PL_W661324779
P01050,WORK,PL_W1108418366
P01051,HOME,PL_W703948828
P01051,WORK,PL_W33300523
P01051,CHILD_SCHOOL,PL_W36332059
P01052,HOME,PL_W662389913
P01052,WORK,PL_W256116927
P01053,HOME,PL_W31373431
P01053,WORK,PL_N2563174395
P01053,CHILD_SCHOOL,PL_W25775044
P01054,HOME,PL_W659732273
P01054,UNIVERSITY,PL_W702537549
P01055,HOME,PL_W706080726
P01055,WORK,PL_W60185753
P01055,CHILD_SCHOOL,PL_W224671171
P01056,HOME,PL_W31756308
P01056,WORK,PL_W31620394
P01057,HOME,PL_W660817978
P01057,WORK,PL_W1531629510
P01058,HOME,PL_W660601046
P01058,WORK,PL_W122204658
P01059,HOME,PL_W659251491
P01059,WORK,PL_N12877228145
P01059,CHILD_SCHOOL,PL_W369392223
P01060,HOME,PL_W704946495
P01060,WORK,PL_W27778414
P01060,CHILD_SCHOOL,PL_W760791078
P01061,HOME,PL_W31617608
P01061,WORK,PL_N13040383443
P01062,HOME,PL_W705218759
P01062,WORK,PL_W58869163
P01063,HOME,PL_W170051472
P01063,WORK,PL_W60332143
P01064,HOME,PL_W659242388
P01064,WORK,PL_N6548219493
P01064,CHILD_SCHOOL,PL_N4213745389
P01065,HOME,PL_W702557441
P01065,WORK,PL_W661774618
P01066,HOME,PL_W231381674
P01066,WORK,PL_W797163159
P01066,CHILD_SCHOOL,PL_W121969533
P01067,HOME,PL_W661825109
P01067,WORK,PL_W662782443
P01068,HOME,PL_W1265099241
P01068,WORK,PL_W58854900
P01069,HOME,PL_W144500768
P01069,WORK,PL_W661774769
P01069,CHILD_SCHOOL,PL_N7725077141
P01070,HOME,PL_W36791494
P01070,WORK,PL_W699417492
P01071,HOME,PL_W31754575
P01071,WORK,PL_W61429976
P01071,CHILD_SCHOOL,PL_W705563029
P01072,HOME,PL_W195460168
P01072,WORK,PL_W804493283
P01072,CHILD_SCHOOL,PL_W42525407
P01073,HOME,PL_W31373087
P01073,UNIVERSITY,PL_N7781377932
P01074,HOME,PL_W660866966
P01074,WORK,PL_W187857986
P01075,HOME,PL_W659839904
P01075,WORK,PL_W598637693
P01075,CHILD_SCHOOL,PL_W33725547
P01076,HOME,PL_W660568878
P01076,WORK,PL_W182946160
P01077,HOME,PL_W659244015
P01077,WORK,PL_N12941660578
P01077,CHILD_SCHOOL,PL_W226096987
P01078,HOME,PL_W705115252
P01078,WORK,PL_N3648181846
P01079,HOME,PL_W706192704
P01079,WORK,PL_W31620037
P01080,HOME,PL_W662143833
P01080,WORK,PL_W703923705
P01080,CHILD_SCHOOL,PL_W704997229
P01081,HOME,PL_W660806679
P01081,WORK,PL_W25033693
P01081,CHILD_SCHOOL,PL_W35836166
P01082,HOME,PL_W31451053
P01082,WORK,PL_W1336697639
P01082,CHILD_SCHOOL,PL_W36747098
P01083,HOME,PL_W659446710
P01083,WORK,PL_N7195380403
P01084,HOME,PL_W705650228
P01084,WORK,PL_N6401675740
P01085,HOME,PL_W662761327
P01085,WORK,PL_N6348392717
P01086,HOME,PL_W659453680
P01086,WORK,PL_N6370629247
P01086,CHILD_SCHOOL,PL_W37783195
P01087,HOME,PL_W705844122
P01087,WORK,PL_W56436103
P01087,CHILD_SCHOOL,PL_W224816805
P01088,HOME,PL_W978051268
P01088,WORK,PL_W229921017
P01089,HOME,PL_W31811113
P01089,WORK,PL_W657936354
P01090,HOME,PL_W457493164
P01090,WORK,PL_N12995038529
P01091,HOME,PL_W659243407
P01091,WORK,PL_W1067633790
P01092,HOME,PL_W661324702
P01092,WORK,PL_W661065753
P01093,HOME,PL_W31756307
P01093,WORK,PL_W58271338
P01093,CHILD_SCHOOL,PL_W703414557
P01094,HOME,PL_W31617605
P01094,WORK,PL_W431918175
P01095,HOME,PL_W661566011
P01095,WORK,PL_N12741073408
P01096,HOME,PL_W36921201
P01096,WORK,PL_N4500611889
P01097,HOME,PL_W31754697
P01097,WORK,PL_W31754697
P01098,HOME,PL_W166540890
P01098,WORK,PL_W133670940
P01099,HOME,PL_W704995223
P01099,WORK,PL_W58560213
P01099,CHILD_SCHOOL,PL_W35836168
P01100,HOME,PL_W31617619
P01100,WORK,PL_N9573757713
P01101,HOME,PL_W1267010714
P01101,UNIVERSITY,PL_W1289507559
P01101,CHILD_SCHOOL,PL_W235324578
P01102,HOME,PL_W31373086
P01102,WORK,PL_W1357905984
P01103,HOME,PL_W659733641
P01103,WORK,PL_W32805000
P01103,CHILD_SCHOOL,PL_W170267116
P01104,HOME,PL_W659445512
P01104,WORK,PL_N4175097161
P01105,HOME,PL_W661825298
P01105,WORK,PL_W661825298
P01106,HOME,PL_W31754697
P01106,WORK,PL_W207633582
P01107,HOME,PL_W660079287
P01107,WORK,PL_W660079287
P01107,CHILD_SCHOOL,PL_W160521056
P01108,HOME,PL_W661565104
P01108,WORK,PL_N13018279815
P01109,HOME,PL_W43250787
P01109,WORK,PL_W450841059
P01110,HOME,PL_W41405409
P01110,WORK,PL_W30982884
P01111,HOME,PL_W704232372
P01111,UNIVERSITY,PL_N12898232996
P01112,HOME,PL_W31756387
P01112,WORK,PL_N2188781411
P01112,CHILD_SCHOOL,PL_W33503129
P01113,HOME,PL_W705507609
P01113,WORK,PL_W659581417
P01113,CHILD_SCHOOL,PL_W35800153
P01114,HOME,PL_W457749629
P01114,WORK,PL_N8308714417
P01115,HOME,PL_W659340069
P01115,UNIVERSITY,PL_N13932534615
P01116,HOME,PL_W661778977
P01116,WORK,PL_W170018362
P01117,HOME,PL_W195460114
P01117,WORK,PL_W663826531
P01118,HOME,PL_W67091562
P01118,UNIVERSITY,PL_W1502658805
P01119,HOME,PL_W656560364
P01119,WORK,PL_W33037452
P01119,CHILD_SCHOOL,PL_W33541164
P01120,HOME,PL_W662177156
P01120,WORK,PL_W660844650
P01120,CHILD_SCHOOL,PL_W33725547
P01121,HOME,PL_W283005667
P01121,WORK,PL_W97180148
P01122,HOME,PL_W978051267
P01122,WORK,PL_N2833168699
P01123,HOME,PL_W31451052
P01123,WORK,PL_W33300537
P01124,HOME,PL_W122356169
P01124,WORK,PL_W659538688
P01124,CHILD_SCHOOL,PL_W33541164
P01125,HOME,PL_W31451020
P01125,WORK,PL_W804360805
P01126,HOME,PL_W1457051320
P01126,WORK,PL_N12861648672
P01127,HOME,PL_W659838025
P01127,WORK,PL_N3755181773
P01128,HOME,PL_W43811018
P01128,UNIVERSITY,PL_N1306212511
P01129,HOME,PL_W661050267
P01129,WORK,PL_W43805033
P01130,HOME,PL_W659729745
P01130,WORK,PL_W55036397
P01131,HOME,PL_W978051258
P01131,WORK,PL_W796687015
P01132,HOME,PL_W705222379
P01132,WORK,PL_N12866398836
P01133,HOME,PL_W659248142
P01133,WORK,PL_N13932235637
P01134,HOME,PL_W660583909
P01134,WORK,PL_W660583909
P01134,CHILD_SCHOOL,PL_W25775106
P01135,HOME,PL_W702141523
P01135,UNIVERSITY,PL_W676443514
P01136,HOME,PL_W704232357
P01136,UNIVERSITY,PL_W23447514
P01137,HOME,PL_W1346550913
P01137,WORK,PL_W661079400
P01138,HOME,PL_W114706282
P01138,WORK,PL_W59252748
P01138,CHILD_SCHOOL,PL_W36368280
P01139,HOME,PL_W704232365
P01139,WORK,PL_W144942369
P01140,HOME,PL_W659460712
P01140,WORK,PL_W191858254
P01140,CHILD_SCHOOL,PL_W760844017
P01141,HOME,PL_W283005667
P01141,WORK,PL_W130801772
P01141,CHILD_SCHOOL,PL_W224815940
P01142,HOME,PL_W705011699
P01142,WORK,PL_W442979488
P01143,HOME,PL_W661823759
P01143,WORK,PL_N10820389158
P01143,CHILD_SCHOOL,PL_W760840673
P01144,HOME,PL_W31451021
P01144,WORK,PL_W61014137
P01145,HOME,PL_W704196083
P01145,WORK,PL_W56188118
P01146,HOME,PL_W31451096
P01146,WORK,PL_W659533736
P01147,HOME,PL_W659341054
P01147,WORK,PL_W60609247
P01147,CHILD_SCHOOL,PL_W34617374
P01148,HOME,PL_W1204794285
P01148,WORK,PL_N2626366235
P01148,CHILD_SCHOOL,PL_W170266806
P01149,HOME,PL_W661075540
P01149,WORK,PL_N67972496
P01150,HOME,PL_W895949334
P01150,WORK,PL_W34551488
P01150,CHILD_SCHOOL,PL_W226096987
P01151,HOME,PL_W661921328
P01151,WORK,PL_N2153230504
P01151,CHILD_SCHOOL,PL_W42525283
P01152,HOME,PL_W702167768
P01152,WORK,PL_W33542522
P01153,HOME,PL_W31757274
P01153,WORK,PL_N4613240750
P01153,CHILD_SCHOOL,PL_W36791041
P01154,HOME,PL_W34777546
P01154,WORK,PL_W34516318
P01154,CHILD_SCHOOL,PL_W42525283
P01155,HOME,PL_W659840262
P01155,WORK,PL_W34749688
P01155,CHILD_SCHOOL,PL_W706093848
P01156,HOME,PL_W427224028
P01156,WORK,PL_W427224028
P01157,HOME,PL_W704292294
P01157,WORK,PL_W115209027
P01158,HOME,PL_W705218740
P01158,WORK,PL_W660830486
P01159,HOME,PL_W659548802
P01159,WORK,PL_N3947135772
P01160,HOME,PL_W391472124
P01160,WORK,PL_W59244418
P01161,HOME,PL_W31617614
P01161,WORK,PL_W1080660035
P01161,CHILD_SCHOOL,PL_W706093848
P01162,HOME,PL_W31373431
P01162,WORK,PL_W58560222
P01163,HOME,PL_W702160080
P01163,WORK,PL_W702160080
P01164,HOME,PL_W706080733
P01164,WORK,PL_N6172170858
P01164,CHILD_SCHOOL,PL_W225582647
P01165,HOME,PL_W662176518
P01165,WORK,PL_N8238938098
P01166,HOME,PL_W238104479
P01166,UNIVERSITY,PL_W36508437
P01167,HOME,PL_W31754686
P01167,WORK,PL_W34749730
P01168,HOME,PL_W57079616
P01168,WORK,PL_W701997045
P01169,HOME,PL_W43804991
P01169,WORK,PL_W31620471
P01169,CHILD_SCHOOL,PL_W33725547
P01170,HOME,PL_W229483556
P01170,WORK,PL_W229483556
P01170,CHILD_SCHOOL,PL_W170267116
P01171,HOME,PL_W36921200
P01171,WORK,PL_W1256755741
P01172,HOME,PL_W31373086
P01172,WORK,PL_W1541291206
P01172,CHILD_SCHOOL,PL_W220408094
P01173,HOME,PL_W661821700
P01173,WORK,PL_N6711381747
P01173,CHILD_SCHOOL,PL_W161236234
P01174,HOME,PL_W706190949
P01174,WORK,PL_N6328178439
P01175,HOME,PL_W705625074
P01175,WORK,PL_W61011666
P01176,HOME,PL_W31451095
P01176,WORK,PL_W805392727
P01177,HOME,PL_W703618240
P01177,UNIVERSITY,PL_W161110169
P01178,HOME,PL_W659340604
P01178,WORK,PL_W307653859
P01179,HOME,PL_W661049262
P01179,WORK,PL_W679142319
P01180,HOME,PL_W662390566
P01180,WORK,PL_N6355436262
P01181,HOME,PL_W662786201
P01181,WORK,PL_W71187354
P01181,CHILD_SCHOOL,PL_W35798775
P01182,HOME,PL_W659341528
P01182,WORK,PL_W678508079
P01183,HOME,PL_W43811018
P01183,WORK,PL_W35155100
P01184,HOME,PL_W705170960
P01184,WORK,PL_N10649931437
P01184,CHILD_SCHOOL,PL_W37404404
P01185,HOME,PL_W659449135
P01185,WORK,PL_N13570764588
P01186,HOME,PL_W228305634
P01186,WORK,PL_W61698932
P01186,CHILD_SCHOOL,PL_W163041200
P01187,HOME,PL_W660829980
P01187,WORK,PL_N2840262701
P01188,HOME,PL_W43804512
P01188,WORK,PL_W34582721
P01189,HOME,PL_W661821800
P01189,WORK,PL_W660624564
P01189,CHILD_SCHOOL,PL_W688267158
P01190,HOME,PL_W114706282
P01190,WORK,PL_W33527943
P01191,HOME,PL_W705010179
P01191,WORK,PL_N772352280
P01191,CHILD_SCHOOL,PL_W224136220
P01192,HOME,PL_W770873613
P01192,WORK,PL_W32742071
P01193,HOME,PL_W57046707
P01193,WORK,PL_W57046707
P01194,HOME,PL_W705565537
P01194,WORK,PL_W705565537
P01195,HOME,PL_W702160075
P01195,WORK,PL_W57385297
P01196,HOME,PL_W659729950
P01196,WORK,PL_W659729950
P01197,HOME,PL_W767378212
P01197,WORK,PL_N6394858413
P01197,CHILD_SCHOOL,PL_W705011696
P01198,HOME,PL_W31617603
P01198,WORK,PL_W301970888
P01199,HOME,PL_W704229389
P01199,WORK,PL_W409262654
P01199,CHILD_SCHOOL,PL_W171056869
P01200,HOME,PL_W31754574
P01200,WORK,PL_N1240464832
P01200,CHILD_SCHOOL,PL_W36791041
P01201,HOME,PL_W30966658
P01201,WORK,PL_W663052831
P01201,CHILD_SCHOOL,PL_W36747098
P01202,HOME,PL_W226958989
P01202,WORK,PL_W659114677
P01202,CHILD_SCHOOL,PL_W688047029
P01203,HOME,PL_W705010189
P01203,WORK,PL_W34720688
P01204,HOME,PL_W705011699
P01204,WORK,PL_N3941602078
P01204,CHILD_SCHOOL,PL_W760840673
P01205,HOME,PL_W31617613
P01205,WORK,PL_N3712318484
P01205,CHILD_SCHOOL,PL_W220408094
P01206,HOME,PL_W1253680558
P01206,WORK,PL_W704995233
P01207,HOME,PL_W661565194
P01207,WORK,PL_W599480360
P01208,HOME,PL_W659831136
P01208,WORK,PL_N7557258030
P01208,CHILD_SCHOOL,PL_W41364189
P01209,HOME,PL_W660178114
P01209,WORK,PL_N3362088818
P01209,CHILD_SCHOOL,PL_W289382175
P01210,HOME,PL_W1210593227
P01210,WORK,PL_W27778414
P01211,HOME,PL_W659453781
P01211,UNIVERSITY,PL_N12861774206
P01212,HOME,PL_W705881541
P01212,WORK,PL_W34614474
P01213,HOME,PL_W1253519355
P01213,WORK,PL_W141171535
P01214,HOME,PL_W41405417
P01214,WORK,PL_W591907742
P01215,HOME,PL_W353028574
P01215,WORK,PL_W353028574
P01216,HOME,PL_W33725435
P01216,WORK,PL_N3739749451
P01217,HOME,PL_W661470393
P01217,WORK,PL_W141296067
P01218,HOME,PL_W41405408
P01218,WORK,PL_W661330239
P01219,HOME,PL_W830376549
P01219,WORK,PL_W661471624
P01220,HOME,PL_W659248409
P01220,UNIVERSITY,PL_N13890109307
P01221,HOME,PL_W661956658
P01221,WORK,PL_W300884213
P01221,CHILD_SCHOOL,PL_W33396453
P01222,HOME,PL_W661637056
P01222,WORK,PL_N13288446237
P01223,HOME,PL_W659341024
P01223,WORK,PL_W659341024
P01223,CHILD_SCHOOL,PL_W87327545
P01224,HOME,PL_W43806055
P01224,WORK,PL_N12941620210
P01224,CHILD_SCHOOL,PL_W25366282
P01225,HOME,PL_W31451200
P01225,WORK,PL_W674557283
P01226,HOME,PL_W659548990
P01226,WORK,PL_W236148180
P01227,HOME,PL_W1204800257
P01227,WORK,PL_W34516164
P01228,HOME,PL_W660603055
P01228,WORK,PL_W33189917
P01229,HOME,PL_W661206242
P01229,WORK,PL_W58851676
P01230,HOME,PL_W705649169
P01230,WORK,PL_N2501228122
P01230,CHILD_SCHOOL,PL_W224159663
P01231,HOME,PL_W659829644
P01231,WORK,PL_W662774421
P01232,HOME,PL_W704288164
P01232,WORK,PL_W546667231
P01233,HOME,PL_W706236183
P01233,WORK,PL_W55031045
P01233,CHILD_SCHOOL,PL_W56184642
P01234,HOME,PL_W31756382
P01234,WORK,PL_W32572555
P01235,HOME,PL_W830376549
P01235,WORK,PL_W659839892
P01236,HOME,PL_W170052744
P01236,WORK,PL_W297468339
P01236,CHILD_SCHOOL,PL_W705565522
P01237,HOME,PL_W705563017
P01237,UNIVERSITY,PL_W702100748
P01238,HOME,PL_W704946495
P01238,WORK,PL_W662259384
P01239,HOME,PL_W660820951
P01239,WORK,PL_W1098900364
P01240,HOME,PL_W31373087
P01240,WORK,PL_W659581403
P01240,CHILD_SCHOOL,PL_N7108092021
P01241,HOME,PL_W659250121
P01241,UNIVERSITY,PL_W23334883
P01242,HOME,PL_W660816890
P01242,WORK,PL_W1201445841
P01243,HOME,PL_W1250669040
P01243,WORK,PL_W1466545534
P01244,HOME,PL_W661049064
P01244,WORK,PL_W1109164580
P01245,HOME,PL_W56051936
P01245,UNIVERSITY,PL_W1504227411
P01245,CHILD_SCHOOL,PL_W195969125
P01246,HOME,PL_W659448717
P01246,WORK,PL_N3509230103
P01246,CHILD_SCHOOL,PL_W688267162
P01247,HOME,PL_W660601973
P01247,WORK,PL_W194216238
P01247,CHILD_SCHOOL,PL_W36331867
P01248,HOME,PL_W705109233
P01248,WORK,PL_N577450041
P01249,HOME,PL_W702142765
P01249,UNIVERSITY,PL_W77039686
P01250,HOME,PL_W660584953
P01250,UNIVERSITY,PL_W1504227412
P01251,HOME,PL_W656560616
P01251,WORK,PL_W1424486876
P01252,HOME,PL_W31373094
P01252,WORK,PL_N8100550665
P01253,HOME,PL_W31373088
P01253,WORK,PL_N3509230105
P01253,CHILD_SCHOOL,PL_N712595018
P01254,HOME,PL_W659733010
P01254,WORK,PL_W160182860
P01254,CHILD_SCHOOL,PL_W121969533
P01255,HOME,PL_W730690137
P01255,UNIVERSITY,PL_N12861774206
P01256,HOME,PL_W705555910
P01256,WORK,PL_W59035957
P01256,CHILD_SCHOOL,PL_W25289564
P01257,HOME,PL_W291196701
P01257,WORK,PL_N13932536922
P01257,CHILD_SCHOOL,PL_W42530511
P01258,HOME,PL_W706078564
P01258,WORK,PL_W25108216
P01259,HOME,PL_W704597789
P01259,WORK,PL_W660807077
P01260,HOME,PL_W659549575
P01260,WORK,PL_W666748207
P01260,CHILD_SCHOOL,PL_W224671171
P01261,HOME,PL_W705563017
P01261,WORK,PL_N6545342858
P01262,HOME,PL_W659454629
P01262,UNIVERSITY,PL_W61759776
P01263,HOME,PL_W656560414
P01263,WORK,PL_N7089481079
P01264,HOME,PL_W659445690
P01264,WORK,PL_N5315765524
P01264,CHILD_SCHOOL,PL_N7659648005
P01265,HOME,PL_W662711120
P01265,WORK,PL_W41391653
P01266,HOME,PL_W33564025
P01266,WORK,PL_W61759778
P01267,HOME,PL_W705170958
P01267,UNIVERSITY,PL_W1502659706
P01268,HOME,PL_W659732346
P01268,WORK,PL_W671097365
P01268,CHILD_SCHOOL,PL_W29114133
P01269,HOME,PL_W705115249
P01269,WORK,PL_N6545307525
P01270,HOME,PL_W662711942
P01270,WORK,PL_W1491660168
P01271,HOME,PL_W1204542938
P01271,WORK,PL_W244752148
P01272,HOME,PL_W662094891
P01272,WORK,PL_W805394111
P01272,CHILD_SCHOOL,PL_W35836274
P01273,HOME,PL_W1204734696
P01273,WORK,PL_W677770980
P01274,HOME,PL_W1275519221
P01274,WORK,PL_W662150292
P01275,HOME,PL_W31560363
P01275,WORK,PL_N12372663747
P01275,CHILD_SCHOOL,PL_W30966656
P01276,HOME,PL_W943421439
P01276,WORK,PL_W34121572
P01277,HOME,PL_W661824947
P01277,WORK,PL_W676111885
P01278,HOME,PL_W705222389
P01278,WORK,PL_W146416648
P01278,CHILD_SCHOOL,PL_W34777564
P01279,HOME,PL_W32667517
P01279,WORK,PL_W659588032
P01279,CHILD_SCHOOL,PL_N5220318996
P01280,HOME,PL_W659732517
P01280,WORK,PL_W662099818
P01281,HOME,PL_W704232379
P01281,WORK,PL_N13892239967
P01282,HOME,PL_W659335128
P01282,WORK,PL_N6341484679
P01283,HOME,PL_W661206752
P01283,WORK,PL_N2796393869
P01284,HOME,PL_W662144249
P01284,WORK,PL_W236136690
P01284,CHILD_SCHOOL,PL_W704997229
P01285,HOME,PL_W660816911
P01285,WORK,PL_N3559278292
P01286,HOME,PL_W705170962
P01286,UNIVERSITY,PL_N4957538454
P01287,HOME,PL_W43805236
P01287,WORK,PL_W331945078
P01287,CHILD_SCHOOL,PL_W35836139
P01288,HOME,PL_W659341022
P01288,WORK,PL_W659341022
P01289,HOME,PL_W1204496246
P01289,WORK,PL_W291397756
P01289,CHILD_SCHOOL,PL_W29113970
P01290,HOME,PL_W705109218
P01290,WORK,PL_W175643381
P01291,HOME,PL_W660356888
P01291,WORK,PL_W150909173
P01292,HOME,PL_W702167761
P01292,WORK,PL_W42333323
P01292,CHILD_SCHOOL,PL_W705011696
P01293,HOME,PL_W660633499
P01293,WORK,PL_W61011663
P01293,CHILD_SCHOOL,PL_W36747096
P01294,HOME,PL_W702160078
P01294,WORK,PL_W661193603
P01294,CHILD_SCHOOL,PL_W36951033
P01295,HOME,PL_W659830519
P01295,WORK,PL_W1458957901
P01296,HOME,PL_W659341200
P01296,WORK,PL_W57046679
P01297,HOME,PL_W1254749252
P01297,WORK,PL_N6547252193
P01298,HOME,PL_W702160075
P01298,WORK,PL_W96975978
P01299,HOME,PL_W36791494
P01299,WORK,PL_W59248694
P01300,HOME,PL_W33036597
P01300,WORK,PL_W56473908
P01300,CHILD_SCHOOL,PL_W29113970
P01301,HOME,PL_W659840030
P01301,WORK,PL_W211057313
P01302,HOME,PL_W662177424
P01302,WORK,PL_W34121938
P01303,HOME,PL_W31757816
P01303,WORK,PL_W59146422
P01304,HOME,PL_W659831264
P01304,WORK,PL_W671010921
P01305,HOME,PL_W36921199
P01305,WORK,PL_W677322972
P01305,CHILD_SCHOOL,PL_W195969125
P01306,HOME,PL_W661842380
P01306,WORK,PL_W704287224
P01307,HOME,PL_W462227437
P01307,WORK,PL_W660836551
P01307,CHILD_SCHOOL,PL_W703420515
P01308,HOME,PL_W704292287
P01308,WORK,PL_W1354494562
P01309,HOME,PL_W705109218
P01309,WORK,PL_W1204544956
P01309,CHILD_SCHOOL,PL_W41363542
P01310,HOME,PL_W31619122
P01310,WORK,PL_N12849640769
P01311,HOME,PL_W30966658
P01311,WORK,PL_W30966658
P01311,CHILD_SCHOOL,PL_W35797979
P01312,HOME,PL_W43806062
P01312,WORK,PL_W796567702
P01313,HOME,PL_W702557442
P01313,WORK,PL_N13890093470
P01314,HOME,PL_W659451645
P01314,WORK,PL_N13670218671
P01314,CHILD_SCHOOL,PL_W235324578
P01315,HOME,PL_W978051260
P01315,WORK,PL_N411670085
P01316,HOME,PL_W662761583
P01316,WORK,PL_W43805112
P01317,HOME,PL_W660807049
P01317,WORK,PL_W34551483
P01317,CHILD_SCHOOL,PL_W36817966
P01318,HOME,PL_W661470111
P01318,WORK,PL_N6491236579
P01319,HOME,PL_W457493164
P01319,WORK,PL_W1302155974
P01319,CHILD_SCHOOL,PL_N2336690053
P01320,HOME,PL_W41405396
P01320,WORK,PL_W676104887
P01321,HOME,PL_W662095051
P01321,UNIVERSITY,PL_N401521720
P01322,HOME,PL_W705624356
P01322,UNIVERSITY,PL_W23447514
P01323,HOME,PL_W43934772
P01323,WORK,PL_W1395765937
P01324,HOME,PL_W659340504
P01324,WORK,PL_N6660792674
P01324,CHILD_SCHOOL,PL_W170267116
P01325,HOME,PL_W31617616
P01325,UNIVERSITY,PL_N1515959209
P01326,HOME,PL_W41405380
P01326,WORK,PL_W232841977
P01326,CHILD_SCHOOL,PL_W28273222
P01327,HOME,PL_W31451019
P01327,WORK,PL_W34546383
P01327,CHILD_SCHOOL,PL_W35545754
P01328,HOME,PL_W702141531
P01328,WORK,PL_W659629256
P01329,HOME,PL_W659733662
P01329,WORK,PL_N6367927563
P01330,HOME,PL_W444619168
P01330,UNIVERSITY,PL_N13670266862
P01331,HOME,PL_W31757276
P01331,WORK,PL_W114352638
P01331,CHILD_SCHOOL,PL_W1500052015
P01332,HOME,PL_W67141289
P01332,WORK,PL_W703948826
P01333,HOME,PL_W659249486
P01333,WORK,PL_W184225995
P01334,HOME,PL_W704228133
P01334,WORK,PL_W179222094
P01335,HOME,PL_W660357836
P01335,WORK,PL_W34749730
P01335,CHILD_SCHOOL,PL_W35797979
P01336,HOME,PL_W704229387
P01336,WORK,PL_W1125984079
P01337,HOME,PL_W704292305
P01337,WORK,PL_W79664987
P01338,HOME,PL_W662535199
P01338,WORK,PL_N6341947264
P01338,CHILD_SCHOOL,PL_W278256871
P01339,HOME,PL_W659247292
P01339,WORK,PL_N7195274343
P01340,HOME,PL_W702141526
P01340,WORK,PL_W56426670
P01341,HOME,PL_W704229392
P01341,WORK,PL_W662259387
P01342,HOME,PL_W31617615
P01342,WORK,PL_N6323402049
P01342,CHILD_SCHOOL,PL_W35836139
P01343,HOME,PL_W659454892
P01343,WORK,PL_W679046739
P01343,CHILD_SCHOOL,PL_W87327545
P01344,HOME,PL_W32455676
P01344,WORK,PL_W658233525
P01345,HOME,PL_W702141522
P01345,WORK,PL_W194224131
P01345,CHILD_SCHOOL,PL_W56201673
P01346,HOME,PL_W659253159
P01346,WORK,PL_W126301465
P01346,CHILD_SCHOOL,PL_W34228912
P01347,HOME,PL_W659248240
P01347,WORK,PL_N12783363729
P01348,HOME,PL_W705649172
P01348,WORK,PL_N13358601199
P01348,CHILD_SCHOOL,PL_W33725547
P01349,HOME,PL_W660637362
P01349,WORK,PL_W703752561
P01349,CHILD_SCHOOL,PL_N7108065615
P01350,HOME,PL_W31757257
P01350,WORK,PL_W31757257
P01351,HOME,PL_W661076457
P01351,WORK,PL_W34582302
P01352,HOME,PL_W660830449
P01352,WORK,PL_W66984060
P01353,HOME,PL_W661206177
P01353,WORK,PL_W266052591
P01354,HOME,PL_W660079319
P01354,WORK,PL_N6545677394
P01354,CHILD_SCHOOL,PL_W33396813
P01355,HOME,PL_W704232357
P01355,WORK,PL_W661950669
P01356,HOME,PL_W31451004
P01356,WORK,PL_W61759778
P01357,HOME,PL_W660838034
P01357,WORK,PL_N6592650714
P01358,HOME,PL_W41405397
P01358,WORK,PL_N8946571608
P01358,CHILD_SCHOOL,PL_W36817966
P01359,HOME,PL_W659460181
P01359,WORK,PL_W663870427
P01360,HOME,PL_W660633311
P01360,WORK,PL_W660633311
P01361,HOME,PL_W703946864
P01361,WORK,PL_W56062684
P01361,CHILD_SCHOOL,PL_W35836083
P01362,HOME,PL_W1202439836
P01362,WORK,PL_W43805669
P01362,CHILD_SCHOOL,PL_W42530511
P01363,HOME,PL_W660637197
P01363,WORK,PL_W704594307
P01364,HOME,PL_W660568099
P01364,WORK,PL_W661193367
P01365,HOME,PL_W659830949
P01365,WORK,PL_N1138266329
P01366,HOME,PL_W660584278
P01366,WORK,PL_N2897307106
P01367,HOME,PL_W704634887
P01367,WORK,PL_N9821237426
P01368,HOME,PL_W31451052
P01368,WORK,PL_N6545539572
P01369,HOME,PL_W662094363
P01369,WORK,PL_W179653213
P01370,HOME,PL_W706192713
P01370,WORK,PL_N13021848978
P01371,HOME,PL_W662709858
P01371,WORK,PL_W659239201
P01371,CHILD_SCHOOL,PL_W25366324
P01372,HOME,PL_W31373087
P01372,WORK,PL_N6348638695
P01373,HOME,PL_W659241819
P01373,UNIVERSITY,PL_W1504227412
P01374,HOME,PL_W662390685
P01374,WORK,PL_W1321434683
P01375,HOME,PL_W704946498
P01375,WORK,PL_W663870999
P01376,HOME,PL_W660212377
P01376,WORK,PL_N599897438
P01376,CHILD_SCHOOL,PL_W41841713
P01377,HOME,PL_W31373086
P01377,WORK,PL_W657697672
P01378,HOME,PL_W56201494
P01378,WORK,PL_N13746851402
P01379,HOME,PL_W703752575
P01379,WORK,PL_W231983639
P01380,HOME,PL_W31451018
P01380,WORK,PL_W93811442
P01381,HOME,PL_W1204772149
P01381,WORK,PL_W670001264
P01381,CHILD_SCHOOL,PL_W369392223
P01382,HOME,PL_W31373435
P01382,WORK,PL_N5292852321
P01382,CHILD_SCHOOL,PL_W125776367
P01383,HOME,PL_W659335379
P01383,WORK,PL_N14077873815
P01384,HOME,PL_W704634888
P01384,UNIVERSITY,PL_N1142872979
P01385,HOME,PL_W706093829
P01385,WORK,PL_N14035526622
P01385,CHILD_SCHOOL,PL_W148163965
P01386,HOME,PL_W705624356
P01386,WORK,PL_W89636162
P01387,HOME,PL_W41405409
P01387,WORK,PL_W34587440
P01388,HOME,PL_W656561510
P01388,WORK,PL_W31619934
P01389,HOME,PL_W702169774
P01389,WORK,PL_W661950727
P01390,HOME,PL_W702141523
P01390,UNIVERSITY,PL_N6848957015
P01391,HOME,PL_W661075755
P01391,WORK,PL_W333370251
P01392,HOME,PL_W662711104
P01392,WORK,PL_W659440536
P01393,HOME,PL_W704946495
P01393,WORK,PL_W58271344
P01394,HOME,PL_W170052636
P01394,WORK,PL_W796686969
P01394,CHILD_SCHOOL,PL_W37783195
P01395,HOME,PL_W704995219
P01395,UNIVERSITY,PL_W60304653
P01395,CHILD_SCHOOL,PL_N2346655835
P01396,HOME,PL_W1267010733
P01396,WORK,PL_W41113765
P01397,HOME,PL_W705649183
P01397,WORK,PL_W32654438
P01398,HOME,PL_W661956418
P01398,WORK,PL_W661956418
P01398,CHILD_SCHOOL,PL_W34769382
P01399,HOME,PL_W34229572
P01399,WORK,PL_N5543958814
P01399,CHILD_SCHOOL,PL_W705011696
P01400,HOME,PL_W943428729
P01400,WORK,PL_W307220840
P01400,CHILD_SCHOOL,PL_W41363542
P01401,HOME,PL_W229483556
P01401,WORK,PL_W556114700
P01402,HOME,PL_W662727192
P01402,WORK,PL_N1157109473
P01402,CHILD_SCHOOL,PL_N2332638609
P01403,HOME,PL_W703618240
P01403,WORK,PL_W525997254
P01403,CHILD_SCHOOL,PL_N7659648005
P01404,HOME,PL_W661778287
P01404,WORK,PL_W65592643
P01405,HOME,PL_W705881541
P01405,WORK,PL_W32610613
P01406,HOME,PL_W226958989
P01406,WORK,PL_W33561682
P01406,CHILD_SCHOOL,PL_N5444147981
P01407,HOME,PL_W31622236
P01407,WORK,PL_W161105818
P01408,HOME,PL_W863282986
P01408,WORK,PL_W570798064
P01409,HOME,PL_W705115253
P01409,WORK,PL_W35893795
P01410,HOME,PL_W660357370
P01410,WORK,PL_W178160850
P01410,CHILD_SCHOOL,PL_W35836168
P01411,HOME,PL_W660177436
P01411,WORK,PL_W516728742
P01412,HOME,PL_W661323921
P01412,WORK,PL_W387354061
P01413,HOME,PL_W659242829
P01413,WORK,PL_W122198143
P01413,CHILD_SCHOOL,PL_N5444147981
P01414,HOME,PL_W660079285
P01414,WORK,PL_W34204845
P01415,HOME,PL_W659335578
P01415,UNIVERSITY,PL_N12912579192
P01416,HOME,PL_W702557442
P01416,UNIVERSITY,PL_W23447424
P01417,HOME,PL_W662762187
P01417,WORK,PL_W61014137
P01417,CHILD_SCHOOL,PL_W57052280
P01418,HOME,PL_W662144085
P01418,WORK,PL_W662144085
P01418,CHILD_SCHOOL,PL_W36728598
P01419,HOME,PL_W705222382
P01419,WORK,PL_N2604007255
P01420,HOME,PL_W660600835
P01420,WORK,PL_W797163024
P01421,HOME,PL_W221555655
P01421,WORK,PL_N10728250622
P01422,HOME,PL_W659830566
P01422,WORK,PL_N6419859642
P01423,HOME,PL_W706236187
P01423,WORK,PL_W34749721
P01424,HOME,PL_W33036595
P01424,WORK,PL_W58560234
P01424,CHILD_SCHOOL,PL_N8024045509
P01425,HOME,PL_W89185226
P01425,WORK,PL_W796670836
P01426,HOME,PL_W703923702
P01426,WORK,PL_W27778414
P01427,HOME,PL_W662095132
P01427,WORK,PL_N2749820503
P01427,CHILD_SCHOOL,PL_W703420515
P01428,HOME,PL_W33564021
P01428,WORK,PL_W1001821566
P01429,HOME,PL_W659451885
P01429,WORK,PL_W659629322
P01429,CHILD_SCHOOL,PL_W37680872
P01430,HOME,PL_W660831761
P01430,UNIVERSITY,PL_N783499436
P01431,HOME,PL_W705218739
P01431,WORK,PL_N13228738029
P01432,HOME,PL_W659249260
P01432,WORK,PL_W34615187
P01433,HOME,PL_W31619128
P01433,WORK,PL_W62256154
P01433,CHILD_SCHOOL,PL_W36747401
P01434,HOME,PL_W705011695
P01434,WORK,PL_W795826328
P01434,CHILD_SCHOOL,PL_W34617374
P01435,HOME,PL_W661325555
P01435,WORK,PL_W33362853
P01436,HOME,PL_W660357812
P01436,UNIVERSITY,PL_W23447424
P01437,HOME,PL_W1253685228
P01437,WORK,PL_W79582701
P01438,HOME,PL_W43811018
P01438,WORK,PL_W662098510
P01438,CHILD_SCHOOL,PL_W35836135
P01439,HOME,PL_W659453740
P01439,WORK,PL_W661076100
P01440,HOME,PL_W659247284
P01440,WORK,PL_W658233150
P01441,HOME,PL_W33036597
P01441,WORK,PL_W185549349
P01442,HOME,PL_W29234646
P01442,WORK,PL_W180193897
P01443,HOME,PL_W702160075
P01443,WORK,PL_W34749730
P01443,CHILD_SCHOOL,PL_W41364187
P01444,HOME,PL_W31757863
P01444,WORK,PL_N14071231621
P01445,HOME,PL_W660078485
P01445,WORK,PL_W248393747
P01446,HOME,PL_W42472528
P01446,UNIVERSITY,PL_N11115201179
P01447,HOME,PL_W705132823
P01447,WORK,PL_W34615187
P01447,CHILD_SCHOOL,PL_W33529943
P01448,HOME,PL_W705218740
P01448,WORK,PL_W796670847
P01448,CHILD_SCHOOL,PL_W59584330
P01449,HOME,PL_W661564977
P01449,WORK,PL_W7969162
P01450,HOME,PL_W659448518
P01450,WORK,PL_W684008556
P01450,CHILD_SCHOOL,PL_W688267158
P01451,HOME,PL_W704229406
P01451,WORK,PL_W43805377
P01451,CHILD_SCHOOL,PL_W705565521
P01452,HOME,PL_W663311123
P01452,WORK,PL_W58673685
P01452,CHILD_SCHOOL,PL_W180044576
P01453,HOME,PL_W705011699
P01453,WORK,PL_W663309604
P01453,CHILD_SCHOOL,PL_W705565520
P01454,HOME,PL_W34229576
P01454,WORK,PL_W166535172
P01455,HOME,PL_W661048570
P01455,WORK,PL_W661021552
P01456,HOME,PL_W228305634
P01456,UNIVERSITY,PL_W77039686
P01457,HOME,PL_W661330298
P01457,WORK,PL_W1284638392
P01458,HOME,PL_W283005667
P01458,WORK,PL_W32540176
P01458,CHILD_SCHOOL,PL_W36543496
P01459,HOME,PL_W660075415
P01459,WORK,PL_W659427555
P01460,HOME,PL_W703618240
P01460,WORK,PL_W32946409
P01460,CHILD_SCHOOL,PL_W36880102
P01461,HOME,PL_W660830186
P01461,WORK,PL_W943701267
P01462,HOME,PL_W41405398
P01462,UNIVERSITY,PL_W61759776
P01462,CHILD_SCHOOL,PL_W36786284
P01463,HOME,PL_W34777541
P01463,WORK,PL_N11183997701
P01463,CHILD_SCHOOL,PL_W26949764
P01464,HOME,PL_W661325721
P01464,WORK,PL_W659587178
P01465,HOME,PL_W702169103
P01465,WORK,PL_N7747270174
P01466,HOME,PL_W31754578
P01466,WORK,PL_N12849640769
P01467,HOME,PL_W662144236
P01467,WORK,PL_N7188526789
P01468,HOME,PL_W705624359
P01468,WORK,PL_W677784196
P01468,CHILD_SCHOOL,PL_N10649797327
P01469,HOME,PL_W659728520
P01469,UNIVERSITY,PL_N4507572289
P01470,HOME,PL_W659446221
P01470,WORK,PL_W671097357
P01471,HOME,PL_W661049788
P01471,WORK,PL_W130807014
P01472,HOME,PL_W662095130
P01472,WORK,PL_W1149717350
P01472,CHILD_SCHOOL,PL_W42525407
P01473,HOME,PL_W660829965
P01473,UNIVERSITY,PL_W42705254
P01473,CHILD_SCHOOL,PL_W33543511
P01474,HOME,PL_W216295014
P01474,WORK,PL_W225518791
P01475,HOME,PL_W661048640
P01475,WORK,PL_W661048640
P01475,CHILD_SCHOOL,PL_W179214961
P01476,HOME,PL_W660584486
P01476,WORK,PL_N11136267039
P01477,HOME,PL_W31373094
P01477,WORK,PL_W659599068
P01478,HOME,PL_W661076120
P01478,WORK,PL_W71187354
P01479,HOME,PL_W661650960
P01479,WORK,PL_W150506087
P01479,CHILD_SCHOOL,PL_W29196647
P01480,HOME,PL_W659446366
P01480,WORK,PL_W796589932
P01480,CHILD_SCHOOL,PL_W171477484
P01481,HOME,PL_W660079189
P01481,WORK,PL_N2296069358
P01482,HOME,PL_W31617615
P01482,WORK,PL_N3364856741
P01483,HOME,PL_W57079616
P01483,WORK,PL_N12173941632
P01483,CHILD_SCHOOL,PL_W36543496
P01484,HOME,PL_W1204654173
P01484,WORK,PL_W661251367
P01484,CHILD_SCHOOL,PL_W704292292
P01485,HOME,PL_W662389255
P01485,WORK,PL_N7685297776
P01486,HOME,PL_W905590569
P01486,WORK,PL_N12563535086
P01486,CHILD_SCHOOL,PL_W688267158
P01487,HOME,PL_W1204496298
P01487,WORK,PL_W186012697
P01488,HOME,PL_W31373517
P01488,WORK,PL_W671097336
P01488,CHILD_SCHOOL,PL_W30966655
P01489,HOME,PL_W231406229
P01489,UNIVERSITY,PL_N8828490091
P01490,HOME,PL_W661957581
P01490,WORK,PL_W797142354
P01491,HOME,PL_W659840094
P01491,WORK,PL_W80378604
P01492,HOME,PL_W659451844
P01492,WORK,PL_N2153230527
P01493,HOME,PL_W894580863
P01493,WORK,PL_W164596256
P01493,CHILD_SCHOOL,PL_W225936203
P01494,HOME,PL_W660569535
P01494,UNIVERSITY,PL_W23447514
P01495,HOME,PL_W659840495
P01495,WORK,PL_W778135365
P01495,CHILD_SCHOOL,PL_W35800153
P01496,HOME,PL_W660212325
P01496,WORK,PL_W659632945
P01497,HOME,PL_W730686043
P01497,WORK,PL_W225518786
P01497,CHILD_SCHOOL,PL_W121871939
P01498,HOME,PL_W661821157
P01498,WORK,PL_N5467605638
P01498,CHILD_SCHOOL,PL_N4264646734
P01499,HOME,PL_W706236187
P01499,WORK,PL_N6548329622
P01499,CHILD_SCHOOL,PL_W36880102
P01500,HOME,PL_W1253680544
P01500,WORK,PL_W32596553
P01501,HOME,PL_W706078543
P01501,WORK,PL_W1004706298
P01502,HOME,PL_W662449362
P01502,WORK,PL_W661077827
P01502,CHILD_SCHOOL,PL_W54223625
P01503,HOME,PL_W659730014
P01503,WORK,PL_W32533791
P01504,HOME,PL_W1079646984
P01504,WORK,PL_W678928079
P01504,CHILD_SCHOOL,PL_W705563025
P01505,HOME,PL_W31754697
P01505,WORK,PL_W680474477
P01505,CHILD_SCHOOL,PL_W56051910
P01506,HOME,PL_W462227437
P01506,WORK,PL_W805394110
P01507,HOME,PL_W36791544
P01507,WORK,PL_W679142323
P01507,CHILD_SCHOOL,PL_W703423112
P01508,HOME,PL_W703752575
P01508,WORK,PL_W659588073
P01508,CHILD_SCHOOL,PL_W29234699
P01509,HOME,PL_W705507594
P01509,WORK,PL_W951835034
P01510,HOME,PL_W42472531
P01510,WORK,PL_N11879523050
P01511,HOME,PL_W36921201
P01511,WORK,PL_W107636650
P01511,CHILD_SCHOOL,PL_W26949764
P01512,HOME,PL_W660178547
P01512,WORK,PL_W213917635
P01512,CHILD_SCHOOL,PL_W189427810
P01513,HOME,PL_W702167761
P01513,WORK,PL_N6304072445
P01514,HOME,PL_W659246292
P01514,UNIVERSITY,PL_N2884419126
P01515,HOME,PL_W1204945378
P01515,WORK,PL_W34413895
P01516,HOME,PL_W702560110
P01516,WORK,PL_W599480360
P01517,HOME,PL_W706236187
P01517,WORK,PL_W706236187
P01517,CHILD_SCHOOL,PL_W235324578
P01518,HOME,PL_W114706279
P01518,WORK,PL_W953878382
P01519,HOME,PL_W661567815
P01519,WORK,PL_N6549482189
P01520,HOME,PL_W51348275
P01520,WORK,PL_W93811222
P01520,CHILD_SCHOOL,PL_N5444147981
P01521,HOME,PL_W659444633
P01521,WORK,PL_W663827285
P01522,HOME,PL_W704997238
P01522,WORK,PL_W61842991
P01523,HOME,PL_W30966660
P01523,UNIVERSITY,PL_N12091108919
P01524,HOME,PL_W702169776
P01524,WORK,PL_W702169776
P01524,CHILD_SCHOOL,PL_W503478885
P01525,HOME,PL_W705519684
P01525,WORK,PL_W58564074
P01525,CHILD_SCHOOL,PL_W274833682
P01526,HOME,PL_W662388698
P01526,WORK,PL_W1174697425
P01526,CHILD_SCHOOL,PL_W148163965
P01527,HOME,PL_W659245451
P01527,WORK,PL_N6341484687
P01528,HOME,PL_W659242034
P01528,WORK,PL_W659242034
P01529,HOME,PL_W661204422
P01529,WORK,PL_N4353327321
P01529,CHILD_SCHOOL,PL_W71410512
P01530,HOME,PL_W705512153
P01530,WORK,PL_W229563603
P01530,CHILD_SCHOOL,PL_W36791041
P01531,HOME,PL_W705519684
P01531,WORK,PL_N6491357305
P01531,CHILD_SCHOOL,PL_W25366324
P01532,HOME,PL_W705624359
P01532,UNIVERSITY,PL_N13374713725
P01533,HOME,PL_W705565529
P01533,WORK,PL_W663828131
P01533,CHILD_SCHOOL,PL_W226096987
P01534,HOME,PL_W31373094
P01534,WORK,PL_W31373094
P01535,HOME,PL_W31754698
P01535,WORK,PL_W55464668
P01536,HOME,PL_W706192710
P01536,WORK,PL_W661192938
P01537,HOME,PL_W31617621
P01537,WORK,PL_N1142656727
P01538,HOME,PL_W33036595
P01538,WORK,PL_N3980676427
P01539,HOME,PL_W31616572
P01539,WORK,PL_W27767631
P01539,CHILD_SCHOOL,PL_W57052280
P01540,HOME,PL_W660838820
P01540,WORK,PL_W27767639
P01540,CHILD_SCHOOL,PL_W14608518
P01541,HOME,PL_W659334423
P01541,WORK,PL_W58567284
P01541,CHILD_SCHOOL,PL_W184368202
P01542,HOME,PL_W659729424
P01542,WORK,PL_W286526913
P01542,CHILD_SCHOOL,PL_W688045884
P01543,HOME,PL_W656560645
P01543,WORK,PL_N13667648459
P01544,HOME,PL_W31754570
P01544,WORK,PL_W60304156
P01544,CHILD_SCHOOL,PL_W34777564
P01545,HOME,PL_W1245802035
P01545,WORK,PL_W671879871
P01546,HOME,PL_W661636794
P01546,UNIVERSITY,PL_W703666033
P01547,HOME,PL_W32455674
P01547,WORK,PL_N3670530408
P01547,CHILD_SCHOOL,PL_W35798652
P01548,HOME,PL_W31617606
P01548,WORK,PL_W56238421
P01548,CHILD_SCHOOL,PL_W36787819
P01549,HOME,PL_W36921201
P01549,WORK,PL_W77039474
P01550,HOME,PL_W170052634
P01550,WORK,PL_W61982572
P01551,HOME,PL_W31757882
P01551,WORK,PL_W31757882
P01551,CHILD_SCHOOL,PL_W36332039
P01552,HOME,PL_W661076572
P01552,WORK,PL_N8895095577
P01553,HOME,PL_W31560364
P01553,UNIVERSITY,PL_W161110169
P01554,HOME,PL_W57079616
P01554,UNIVERSITY,PL_N7797321403
P01555,HOME,PL_W661275670
P01555,WORK,PL_W676104894
P01555,CHILD_SCHOOL,PL_W661567710
P01556,HOME,PL_W702145963
P01556,WORK,PL_W448830311
P01557,HOME,PL_W1135018789
P01557,WORK,PL_N13948804380
P01557,CHILD_SCHOOL,PL_N2332638609
P01558,HOME,PL_W661649147
P01558,WORK,PL_N3509230105
P01558,CHILD_SCHOOL,PL_W171056869
P01559,HOME,PL_W661049536
P01559,WORK,PL_W660934796
P01560,HOME,PL_W705507594
P01560,WORK,PL_W676299450
P01560,CHILD_SCHOOL,PL_W35836135
P01561,HOME,PL_W661325133
P01561,WORK,PL_W56123861
P01562,HOME,PL_W41405392
P01562,WORK,PL_W180763530
P01562,CHILD_SCHOOL,PL_W703400000
P01563,HOME,PL_W660839450
P01563,UNIVERSITY,PL_N547498239
P01564,HOME,PL_W660600741
P01564,WORK,PL_N13208823601
P01564,CHILD_SCHOOL,PL_W195493031
P01565,HOME,PL_W660837117
P01565,WORK,PL_N13924323767
P01566,HOME,PL_W41405390
P01566,WORK,PL_W796562693
P01566,CHILD_SCHOOL,PL_N7108065615
P01567,HOME,PL_W122356169
P01567,WORK,PL_N3756752525
P01567,CHILD_SCHOOL,PL_W25366324
P01568,HOME,PL_W32121734
P01568,WORK,PL_W25491342
P01569,HOME,PL_W660585782
P01569,WORK,PL_N7581397544
P01570,HOME,PL_W660819161
P01570,WORK,PL_W202990038
P01571,HOME,PL_W450697861
P01571,WORK,PL_W260960950
P01571,CHILD_SCHOOL,PL_N433856954
P01572,HOME,PL_W31756307
P01572,WORK,PL_W659539091
P01572,CHILD_SCHOOL,PL_W70509378
P01573,HOME,PL_W226958989
P01573,WORK,PL_W59434192
P01574,HOME,PL_W662175750
P01574,UNIVERSITY,PL_W23334883
P01575,HOME,PL_W659732782
P01575,WORK,PL_W62363963
P01576,HOME,PL_W703249920
P01576,WORK,PL_W703776814
P01576,CHILD_SCHOOL,PL_W34769549
P01577,HOME,PL_W705529519
P01577,WORK,PL_W67132136
P01577,CHILD_SCHOOL,PL_W70509378
P01578,HOME,PL_W43804755
P01578,WORK,PL_W25108216
P01579,HOME,PL_W34229574
P01579,UNIVERSITY,PL_N13890109307
P01580,HOME,PL_W660831050
P01580,WORK,PL_W669998771
P01580,CHILD_SCHOOL,PL_W704597788
P01581,HOME,PL_W1515894672
P01581,WORK,PL_W174674654
P01582,HOME,PL_W661049892
P01582,WORK,PL_W758562476
P01583,HOME,PL_W659730299
P01583,WORK,PL_N6554677033
P01583,CHILD_SCHOOL,PL_W171056869
P01584,HOME,PL_W705109232
P01584,WORK,PL_W32742071
P01584,CHILD_SCHOOL,PL_W705011696
P01585,HOME,PL_W706192709
P01585,WORK,PL_W96975978
P01585,CHILD_SCHOOL,PL_W29234699
P01586,HOME,PL_W166540890
P01586,WORK,PL_W277288431
P01587,HOME,PL_W702169123
P01587,WORK,PL_W797162981
P01588,HOME,PL_W31757883
P01588,UNIVERSITY,PL_W23447424
P01589,HOME,PL_W170055111
P01589,WORK,PL_W61698945
P01590,HOME,PL_W905590525
P01590,WORK,PL_W905590525
P01591,HOME,PL_W32455671
P01591,WORK,PL_N10982693405
P01591,CHILD_SCHOOL,PL_W34073293
P01592,HOME,PL_W659549547
P01592,WORK,PL_W1004706292
P01592,CHILD_SCHOOL,PL_W688269003
P01593,HOME,PL_W660602551
P01593,WORK,PL_W62202665
P01594,HOME,PL_W334728863
P01594,WORK,PL_W34749890
P01595,HOME,PL_W660586650
P01595,WORK,PL_W103953728
P01595,CHILD_SCHOOL,PL_W35800152
P01596,HOME,PL_W661076305
P01596,WORK,PL_W805392730
P01597,HOME,PL_W705624352
P01597,WORK,PL_W705624352
P01598,HOME,PL_W660601136
P01598,WORK,PL_N534020591
P01599,HOME,PL_W31617618
P01599,WORK,PL_W661950783
P01599,CHILD_SCHOOL,PL_W224816012
P01600,HOME,PL_W703776820
P01600,WORK,PL_W31926854
P01600,CHILD_SCHOOL,PL_W34617360
P01601,HOME,PL_W512557919
P01601,WORK,PL_W679134322
P01602,HOME,PL_W659453859
P01602,WORK,PL_W31617640
P01603,HOME,PL_W978051261
P01603,WORK,PL_W43805383
P01603,CHILD_SCHOOL,PL_W189427810
P01604,HOME,PL_W661205337
P01604,WORK,PL_W680567507
P01605,HOME,PL_W31756348
P01605,UNIVERSITY,PL_W60304653
P01606,HOME,PL_W661648723
P01606,UNIVERSITY,PL_N3925813284
P01606,CHILD_SCHOOL,PL_W34617346
P01607,HOME,PL_W659334239
P01607,UNIVERSITY,PL_W676443514
P01608,HOME,PL_W31754696
P01608,WORK,PL_W659587778
P01609,HOME,PL_W659242671
P01609,WORK,PL_W362807120
P01610,HOME,PL_W31616712
P01610,WORK,PL_W33362888
P01611,HOME,PL_W43805755
P01611,UNIVERSITY,PL_W23447424
P01612,HOME,PL_W705563023
P01612,UNIVERSITY,PL_W1502659706
P01613,HOME,PL_W122356169
P01613,WORK,PL_N12844014304
P01614,HOME,PL_W659444671
P01614,WORK,PL_N13993866465
P01615,HOME,PL_W31619296
P01615,UNIVERSITY,PL_N9543551939
P01616,HOME,PL_W31616712
P01616,WORK,PL_W55031045
P01617,HOME,PL_W767401457
P01617,WORK,PL_W658233516
P01617,CHILD_SCHOOL,PL_W121969533
P01618,HOME,PL_W705507607
P01618,WORK,PL_W663827267
P01619,HOME,PL_W705529516
P01619,WORK,PL_W36772098
P01620,HOME,PL_W705218736
P01620,WORK,PL_W659581419
P01621,HOME,PL_W662761802
P01621,WORK,PL_W702141527
P01621,CHILD_SCHOOL,PL_W224695919
P01622,HOME,PL_W659829644
P01622,UNIVERSITY,PL_N12312756757
P01623,HOME,PL_W30966657
P01623,WORK,PL_N3886265331
P01624,HOME,PL_W659831173
P01624,WORK,PL_W231284913
P01625,HOME,PL_W705222389
P01625,WORK,PL_W34204837
P01626,HOME,PL_W36803731
P01626,WORK,PL_W43804515
P01627,HOME,PL_W572760360
P01627,WORK,PL_W659587238
P01627,CHILD_SCHOOL,PL_W34073293
P01628,HOME,PL_W31757287
P01628,WORK,PL_W70513721
P01628,CHILD_SCHOOL,PL_W36747398
P01629,HOME,PL_W62353997
P01629,WORK,PL_W951835028
P01630,HOME,PL_W31811072
P01630,WORK,PL_W56009253
P01630,CHILD_SCHOOL,PL_W36861511
P01631,HOME,PL_W660867635
P01631,WORK,PL_W660867635
P01632,HOME,PL_W659448375
P01632,WORK,PL_W34670568
P01633,HOME,PL_W656560630
P01633,WORK,PL_W1230138845
P01634,HOME,PL_W659461160
P01634,WORK,PL_W66979977
P01635,HOME,PL_W658974281
P01635,WORK,PL_W55036397
P01635,CHILD_SCHOOL,PL_W224815295
P01636,HOME,PL_W702169775
P01636,WORK,PL_W466642018
P01637,HOME,PL_W661048781
P01637,WORK,PL_W1131039497
P01637,CHILD_SCHOOL,PL_W56184642
P01638,HOME,PL_W659547320
P01638,WORK,PL_W54623858
P01638,CHILD_SCHOOL,PL_W282961787
P01639,HOME,PL_W877660791
P01639,WORK,PL_W674566387
P01639,CHILD_SCHOOL,PL_W43605743
P01640,HOME,PL_W32820130
P01640,WORK,PL_W506136893
P01640,CHILD_SCHOOL,PL_W36952003
P01641,HOME,PL_W661636515
P01641,UNIVERSITY,PL_N12912579192
P01642,HOME,PL_W114706279
P01642,WORK,PL_W662149216
P01642,CHILD_SCHOOL,PL_W41841713
P01643,HOME,PL_W659341012
P01643,WORK,PL_W469294655
P01644,HOME,PL_W703776817
P01644,WORK,PL_W367476130
P01644,CHILD_SCHOOL,PL_W186575947
P01645,HOME,PL_W31811119
P01645,WORK,PL_W61429976
P01646,HOME,PL_W660829919
P01646,WORK,PL_W168903890
P01646,CHILD_SCHOOL,PL_W35836165
P01647,HOME,PL_W661331317
P01647,WORK,PL_W58647117
P01647,CHILD_SCHOOL,PL_W35836168
P01648,HOME,PL_W41405398
P01648,WORK,PL_W659588322
P01649,HOME,PL_W467624799
P01649,UNIVERSITY,PL_N8755303552
P01650,HOME,PL_W31754694
P01650,WORK,PL_N6302674397
P01651,HOME,PL_W659454278
P01651,WORK,PL_W34122101
P01651,CHILD_SCHOOL,PL_W688269003
P01652,HOME,PL_W656560315
P01652,WORK,PL_N9981769814
P01652,CHILD_SCHOOL,PL_W36817966
P01653,HOME,PL_W702560110
P01653,WORK,PL_N8955426666
P01654,HOME,PL_W659839355
P01654,WORK,PL_W93832214
P01654,CHILD_SCHOOL,PL_W35798775
P01655,HOME,PL_W661777549
P01655,WORK,PL_W660836758
P01656,HOME,PL_W704993418
P01656,WORK,PL_W31757794
P01657,HOME,PL_W660569027
P01657,WORK,PL_N12863156081
P01658,HOME,PL_W31450968
P01658,WORK,PL_W1004706296
P01659,HOME,PL_W31451095
P01659,WORK,PL_W66979914
P01660,HOME,PL_W661957308
P01660,WORK,PL_N3486807918
P01661,HOME,PL_W33541220
P01661,WORK,PL_W33541220
P01661,CHILD_SCHOOL,PL_W33725547
P01662,HOME,PL_W705010177
P01662,WORK,PL_W659533823
P01663,HOME,PL_W660601334
P01663,WORK,PL_W795976974
P01664,HOME,PL_W659730604
P01664,WORK,PL_W62256154
P01664,CHILD_SCHOOL,PL_W179180309
P01665,HOME,PL_W705624346
P01665,WORK,PL_W315222503
P01665,CHILD_SCHOOL,PL_W224674925
P01666,HOME,PL_W660079287
P01666,WORK,PL_W306426686
P01667,HOME,PL_W43811046
P01667,WORK,PL_N6433351289
P01667,CHILD_SCHOOL,PL_W34617709
P01668,HOME,PL_W662143104
P01668,WORK,PL_W680620605
P01669,HOME,PL_W661076126
P01669,WORK,PL_W43808518
P01669,CHILD_SCHOOL,PL_W36817966
P01670,HOME,PL_W31451021
P01670,WORK,PL_W657927636
P01671,HOME,PL_W659732914
P01671,WORK,PL_W107138623
P01672,HOME,PL_W704229394
P01672,WORK,PL_W34546256
P01673,HOME,PL_W36921201
P01673,WORK,PL_W689383198
P01673,CHILD_SCHOOL,PL_W35798778
P01674,HOME,PL_W170052634
P01674,UNIVERSITY,PL_N11091336111
P01675,HOME,PL_W36791494
P01675,WORK,PL_N10780162899
P01676,HOME,PL_W660818853
P01676,WORK,PL_W304713368
P01677,HOME,PL_W705845657
P01677,WORK,PL_N12714603064
P01677,CHILD_SCHOOL,PL_W41363542
P01678,HOME,PL_W143657050
P01678,WORK,PL_W231284913
P01679,HOME,PL_W32771030
P01679,WORK,PL_W661314216
P01679,CHILD_SCHOOL,PL_W36543496
P01680,HOME,PL_W663310548
P01680,WORK,PL_W663871037
P01680,CHILD_SCHOOL,PL_W42149102
P01681,HOME,PL_W660831504
P01681,WORK,PL_W660831504
P01682,HOME,PL_W33541220
P01682,WORK,PL_W796670681
P01682,CHILD_SCHOOL,PL_W195969125
P01683,HOME,PL_W457749629
P01683,WORK,PL_W61430414
P01683,CHILD_SCHOOL,PL_N13625213585
P01684,HOME,PL_W702160075
P01684,WORK,PL_N3414918473
P01685,HOME,PL_W661205743
P01685,WORK,PL_W1551442415
P01685,CHILD_SCHOOL,PL_W37404404
P01686,HOME,PL_W705563017
P01686,WORK,PL_N13142919472
P01687,HOME,PL_W660819593
P01687,WORK,PL_W701664628
P01688,HOME,PL_W1275518427
P01688,UNIVERSITY,PL_W161110169
P01689,HOME,PL_W659447065
P01689,UNIVERSITY,PL_W1504225085
P01690,HOME,PL_W978051264
P01690,WORK,PL_W663315400
P01691,HOME,PL_W1245802035
P01691,WORK,PL_W215499749
P01692,HOME,PL_W660633895
P01692,WORK,PL_N6779879375
P01692,CHILD_SCHOOL,PL_W34777564
P01693,HOME,PL_W1348140240
P01693,WORK,PL_N12572360017
P01693,CHILD_SCHOOL,PL_W705565522
P01694,HOME,PL_W31373435
P01694,WORK,PL_N599897436
P01695,HOME,PL_W61955742
P01695,WORK,PL_N13921205176
P01695,CHILD_SCHOOL,PL_W170267116
P01696,HOME,PL_W659453638
P01696,WORK,PL_N12290694427
P01697,HOME,PL_W846167383
P01697,WORK,PL_W535658026
P01698,HOME,PL_W31754686
P01698,WORK,PL_N9140419076
P01698,CHILD_SCHOOL,PL_W706093848
P01699,HOME,PL_W705529516
P01699,WORK,PL_W62058559
P01700,HOME,PL_W31754538
P01700,WORK,PL_W13405217
P01701,HOME,PL_W705740399
P01701,WORK,PL_N6848957002
P01702,HOME,PL_W1515894672
P01702,WORK,PL_N4691663364
P01703,HOME,PL_W661921235
P01703,WORK,PL_W661774210
P01703,CHILD_SCHOOL,PL_W70509378
P01704,HOME,PL_W705218734
P01704,WORK,PL_W705218734
P01705,HOME,PL_W31373085
P01705,UNIVERSITY,PL_W1504222043
P01706,HOME,PL_W31617617
P01706,WORK,PL_N13765064554
P01706,CHILD_SCHOOL,PL_W33529943
P01707,HOME,PL_W705218759
P01707,WORK,PL_W113530396
P01708,HOME,PL_W661840699
P01708,WORK,PL_N4622240925
P01709,HOME,PL_W663310670
P01709,WORK,PL_N2564794500
P01710,HOME,PL_W706078569
P01710,WORK,PL_N9565984506
P01711,HOME,PL_W659454653
P01711,UNIVERSITY,PL_N9633703338
P01712,HOME,PL_W1163968780
P01712,WORK,PL_N7086824926
P01713,HOME,PL_W659447746
P01713,WORK,PL_W165787408
P01714,HOME,PL_W31756312
P01714,WORK,PL_W314348286
P01715,HOME,PL_W33542534
P01715,WORK,PL_W161836042
P01715,CHILD_SCHOOL,PL_W24501824
P01716,HOME,PL_W706078543
P01716,WORK,PL_W67141305
P01716,CHILD_SCHOOL,PL_N534020733
P01717,HOME,PL_W659447168
P01717,UNIVERSITY,PL_N13879320058
P01718,HOME,PL_W706236183
P01718,WORK,PL_W60331403
P01719,HOME,PL_W32455658
P01719,WORK,PL_W706192701
P01719,CHILD_SCHOOL,PL_W36786284
P01720,HOME,PL_W661325046
P01720,WORK,PL_W659539180
P01721,HOME,PL_W659454211
P01721,WORK,PL_W34615186
P01722,HOME,PL_W31617615
P01722,WORK,PL_W662252289
P01723,HOME,PL_W659446258
P01723,WORK,PL_W62058559
P01723,CHILD_SCHOOL,PL_W87327545
P01724,HOME,PL_W369781473
P01724,WORK,PL_W1541291206
P01724,CHILD_SCHOOL,PL_W35800887
P01725,HOME,PL_W35836408
P01725,WORK,PL_N11663583534
P01725,CHILD_SCHOOL,PL_W36332039
P01726,HOME,PL_W659335199
P01726,WORK,PL_W60118140
P01726,CHILD_SCHOOL,PL_W760840673
P01727,HOME,PL_W705737457
P01727,UNIVERSITY,PL_W33013888
P01728,HOME,PL_W662094351
P01728,WORK,PL_N6810272356
P01729,HOME,PL_W42472532
P01729,WORK,PL_W556114703
P01730,HOME,PL_W705010196
P01730,WORK,PL_W659322530
P01731,HOME,PL_W703752576
P01731,WORK,PL_W663315380
P01732,HOME,PL_W31451018
P01732,WORK,PL_W43810855
P01733,HOME,PL_W705881544
P01733,UNIVERSITY,PL_N9139819377
P01734,HOME,PL_W31757291
P01734,WORK,PL_W180193898
P01735,HOME,PL_W660212195
P01735,WORK,PL_W585487294
P01735,CHILD_SCHOOL,PL_W224136221
P01736,HOME,PL_W660346677
P01736,UNIVERSITY,PL_N9543551939
P01737,HOME,PL_W705650228
P01737,WORK,PL_W32567247
P01737,CHILD_SCHOOL,PL_N7108106148
P01738,HOME,PL_W659243734
P01738,WORK,PL_N6366251204
P01739,HOME,PL_W31754502
P01739,WORK,PL_W126301465
P01739,CHILD_SCHOOL,PL_W24725316
P01740,HOME,PL_W170055111
P01740,WORK,PL_N11803596900
P01741,HOME,PL_W830376549
P01741,WORK,PL_N1024585333
P01742,HOME,PL_W704232357
P01742,WORK,PL_N6589930599
P01742,CHILD_SCHOOL,PL_W224818044
P01743,HOME,PL_W43811018
P01743,WORK,PL_W56062724
P01744,HOME,PL_W661566976
P01744,WORK,PL_W697120621
P01744,CHILD_SCHOOL,PL_W160521056
P01745,HOME,PL_W661650994
P01745,WORK,PL_W285055427
P01746,HOME,PL_W43807126
P01746,WORK,PL_W661049712
P01746,CHILD_SCHOOL,PL_W42149102
P01747,HOME,PL_W33559059
P01747,WORK,PL_W13404966
P01748,HOME,PL_W705115244
P01748,WORK,PL_W659321747
P01748,CHILD_SCHOOL,PL_W225936202
P01749,HOME,PL_W31757829
P01749,WORK,PL_N3763291979
P01749,CHILD_SCHOOL,PL_W704997229
P01750,HOME,PL_W31617615
P01750,WORK,PL_N10938417221
P01750,CHILD_SCHOOL,PL_W180044576
P01751,HOME,PL_W704232374
P01751,WORK,PL_W33806244
P01752,HOME,PL_W702167768
P01752,WORK,PL_W34749535
P01753,HOME,PL_W662145013
P01753,WORK,PL_W34894883
P01753,CHILD_SCHOOL,PL_W705563029
P01754,HOME,PL_W31373088
P01754,WORK,PL_N13811519264
P01755,HOME,PL_W31757288
P01755,WORK,PL_N6542536258
P01755,CHILD_SCHOOL,PL_W56051910
P01756,HOME,PL_W705010176
P01756,WORK,PL_N13011543839
P01756,CHILD_SCHOOL,PL_W43327805
P01757,HOME,PL_W661049299
P01757,WORK,PL_W661049299
P01758,HOME,PL_W457749629
P01758,WORK,PL_W184344340
P01759,HOME,PL_W195460223
P01759,WORK,PL_W137927025
P01760,HOME,PL_W659444422
P01760,UNIVERSITY,PL_W1034677780
P01761,HOME,PL_W661074556
P01761,WORK,PL_W670293178
P01762,HOME,PL_W659547150
P01762,WORK,PL_N13717424661
P01763,HOME,PL_W661324703
P01763,WORK,PL_N7567862613
P01763,CHILD_SCHOOL,PL_W43605743
P01764,HOME,PL_W705565537
P01764,WORK,PL_W660836829
P01764,CHILD_SCHOOL,PL_W25289564
P01765,HOME,PL_W33541220
P01765,WORK,PL_W669862639
P01766,HOME,PL_W661075173
P01766,WORK,PL_W661270707
P01767,HOME,PL_W705845652
P01767,WORK,PL_W1274900984
P01768,HOME,PL_W703923702
P01768,WORK,PL_W658233514
P01768,CHILD_SCHOOL,PL_W705011693
P01769,HOME,PL_W114706282
P01769,WORK,PL_W114706282
P01770,HOME,PL_W661569001
P01770,WORK,PL_W67141411
P01771,HOME,PL_W662534918
P01771,WORK,PL_N7195304356
P01771,CHILD_SCHOOL,PL_W225936203
P01772,HOME,PL_W702142776
P01772,UNIVERSITY,PL_W23447393
P01773,HOME,PL_W661648571
P01773,WORK,PL_W327006128
P01773,CHILD_SCHOOL,PL_W171477484
P01774,HOME,PL_W705222385
P01774,WORK,PL_W62058574
P01774,CHILD_SCHOOL,PL_W35797979
P01775,HOME,PL_W659451667
P01775,WORK,PL_N3604081136
P01775,CHILD_SCHOOL,PL_W37783057
P01776,HOME,PL_W867811314
P01776,WORK,PL_N13614343757
P01776,CHILD_SCHOOL,PL_W36870739
P01777,HOME,PL_W978051261
P01777,WORK,PL_W659321709
P01777,CHILD_SCHOOL,PL_W33543511
P01778,HOME,PL_W450697861
P01778,WORK,PL_W450697861
P01778,CHILD_SCHOOL,PL_W167534168
P01779,HOME,PL_W43807125
P01779,WORK,PL_N6334432784
P01779,CHILD_SCHOOL,PL_W24986415
P01780,HOME,PL_W661920371
P01780,WORK,PL_N2557732279
P01781,HOME,PL_W659728386
P01781,WORK,PL_W417111007
P01781,CHILD_SCHOOL,PL_W56127102
P01782,HOME,PL_W1203384571
P01782,WORK,PL_N1298025333
P01782,CHILD_SCHOOL,PL_W29114133
P01783,HOME,PL_W660838223
P01783,WORK,PL_N12914972783
P01784,HOME,PL_W661956488
P01784,WORK,PL_W33005599
P01785,HOME,PL_W41405411
P01785,WORK,PL_W657935821
P01785,CHILD_SCHOOL,PL_W35798787
P01786,HOME,PL_W31619119
P01786,WORK,PL_N3594724685
P01786,CHILD_SCHOOL,PL_W35836166
P01787,HOME,PL_W661777843
P01787,WORK,PL_N10893291928
P01788,HOME,PL_W770873613
P01788,WORK,PL_W770873613
P01789,HOME,PL_W33564021
P01789,WORK,PL_W27767633
P01790,HOME,PL_W705881546
P01790,WORK,PL_N12825987650
P01791,HOME,PL_W1272117560
P01791,WORK,PL_N14020001312
P01792,HOME,PL_W660078265
P01792,WORK,PL_W659427957
P01793,HOME,PL_W1163968780
P01793,WORK,PL_W215499749
P01793,CHILD_SCHOOL,PL_W688047029
P01794,HOME,PL_W659454472
P01794,UNIVERSITY,PL_N547498239
P01795,HOME,PL_W660816703
P01795,WORK,PL_W33409410
P01795,CHILD_SCHOOL,PL_W33396813
P01796,HOME,PL_W659839388
P01796,WORK,PL_W25491342
P01797,HOME,PL_W33036598
P01797,WORK,PL_W417110910
P01797,CHILD_SCHOOL,PL_W705109213
P01798,HOME,PL_W31754698
P01798,WORK,PL_W658949851
P01799,HOME,PL_W661075989
P01799,UNIVERSITY,PL_W775641405
P01800,HOME,PL_W656562315
P01800,WORK,PL_W41259597
P01800,CHILD_SCHOOL,PL_W274163820
P01801,HOME,PL_W114706279
P01801,WORK,PL_W659588274
P01802,HOME,PL_W31757792
P01802,WORK,PL_N3718659602
P01802,CHILD_SCHOOL,PL_N2332638609
P01803,HOME,PL_W662774424
P01803,WORK,PL_N1125366104
P01803,CHILD_SCHOOL,PL_W35836135
P01804,HOME,PL_W42472528
P01804,WORK,PL_N10061823882
P01805,HOME,PL_W31757792
P01805,WORK,PL_N691142637
P01806,HOME,PL_W659444904
P01806,WORK,PL_W254448987
P01807,HOME,PL_W31373086
P01807,UNIVERSITY,PL_N9740184036
P01808,HOME,PL_W705563023
P01808,WORK,PL_W34798042
P01808,CHILD_SCHOOL,PL_W224442293
P01809,HOME,PL_W31757860
P01809,UNIVERSITY,PL_N401521720
P01810,HOME,PL_W31757274
P01810,WORK,PL_W661077890
P01811,HOME,PL_W659838489
P01811,WORK,PL_N436015841
P01812,HOME,PL_W660867429
P01812,WORK,PL_W660867429
P01812,CHILD_SCHOOL,PL_W37236885
P01813,HOME,PL_W660817361
P01813,WORK,PL_W1266341139
P01813,CHILD_SCHOOL,PL_W57047252
P01814,HOME,PL_W51348275
P01814,WORK,PL_N1409150868
P01815,HOME,PL_W31373084
P01815,WORK,PL_W704945381
P01816,HOME,PL_W1255728558
P01816,UNIVERSITY,PL_W23447514
P01817,HOME,PL_W31617606
P01817,WORK,PL_N4327345823
P01818,HOME,PL_W36888102
P01818,WORK,PL_N4245245862
P01819,HOME,PL_W660178336
P01819,WORK,PL_W659094365
P01819,CHILD_SCHOOL,PL_W35836139
P01820,HOME,PL_W31757290
P01820,WORK,PL_N13996095201
P01820,CHILD_SCHOOL,PL_W68507025
P01821,HOME,PL_W705519684
P01821,WORK,PL_W1266341139
P01821,CHILD_SCHOOL,PL_W285896860
P01822,HOME,PL_W86811945
P01822,WORK,PL_N3009597791
P01823,HOME,PL_W659547314
P01823,WORK,PL_W187814126
P01824,HOME,PL_W659250632
P01824,WORK,PL_W662775113
P01824,CHILD_SCHOOL,PL_W34229259
P01825,HOME,PL_W661049116
P01825,WORK,PL_W80378497
P01825,CHILD_SCHOOL,PL_W179214961
P01826,HOME,PL_W660830900
P01826,WORK,PL_N6545342870
P01826,CHILD_SCHOOL,PL_W33396855
P01827,HOME,PL_W31754492
P01827,WORK,PL_N6356497976
P01827,CHILD_SCHOOL,PL_W760791078
P01828,HOME,PL_W659245454
P01828,UNIVERSITY,PL_W61759776
P01829,HOME,PL_W705125028
P01829,WORK,PL_N7684885171
P01829,CHILD_SCHOOL,PL_W688267159
P01830,HOME,PL_W32742171
P01830,WORK,PL_W663314286
P01830,CHILD_SCHOOL,PL_W35798775
P01831,HOME,PL_W662711717
P01831,WORK,PL_N10937916050
P01832,HOME,PL_W170055111
P01832,WORK,PL_W66967683
P01832,CHILD_SCHOOL,PL_W25775106
P01833,HOME,PL_W32742170
P01833,WORK,PL_W662448663
P01833,CHILD_SCHOOL,PL_W33503151
P01834,HOME,PL_W31617611
P01834,WORK,PL_W674557290
P01834,CHILD_SCHOOL,PL_W224695919
P01835,HOME,PL_W687185986
P01835,WORK,PL_W32462505
P01836,HOME,PL_W166144202
P01836,WORK,PL_W1527638249
P01837,HOME,PL_W704229394
P01837,WORK,PL_W57385297
P01837,CHILD_SCHOOL,PL_N4015705823
P01838,HOME,PL_W41405411
P01838,WORK,PL_W31620421
P01839,HOME,PL_W705222376
P01839,UNIVERSITY,PL_W61759776
P01840,HOME,PL_W660079157
P01840,WORK,PL_W66969420
P01841,HOME,PL_W1275527439
P01841,UNIVERSITY,PL_N12819212196
P01841,CHILD_SCHOOL,PL_W161236234
P01842,HOME,PL_W143654372
P01842,UNIVERSITY,PL_N2681580824
P01842,CHILD_SCHOOL,PL_W71281899
P01843,HOME,PL_W661075631
P01843,WORK,PL_W336096449
P01844,HOME,PL_W660633659
P01844,WORK,PL_N6680642264
P01844,CHILD_SCHOOL,PL_W225582647
P01845,HOME,PL_W706093827
P01845,WORK,PL_N7640431530
P01845,CHILD_SCHOOL,PL_W68507025
P01846,HOME,PL_W1462135606
P01846,WORK,PL_N12995864475
P01846,CHILD_SCHOOL,PL_W224442293
P01847,HOME,PL_W31757271
P01847,WORK,PL_N6584764661
P01848,HOME,PL_W659445694
P01848,WORK,PL_W307236254
P01848,CHILD_SCHOOL,PL_N10649797327
P01849,HOME,PL_W662785874
P01849,WORK,PL_N7195447621
P01850,HOME,PL_W660347454
P01850,WORK,PL_W1226256410
P01851,HOME,PL_W662144987
P01851,WORK,PL_W690912364
P01852,HOME,PL_W660357026
P01852,WORK,PL_W147496461
P01852,CHILD_SCHOOL,PL_W704997229
P01853,HOME,PL_W661331731
P01853,UNIVERSITY,PL_N7751950341
P01854,HOME,PL_W659340611
P01854,WORK,PL_W659340611
P01854,CHILD_SCHOOL,PL_W417888719
P01855,HOME,PL_W702169119
P01855,WORK,PL_W661951783
P01855,CHILD_SCHOOL,PL_W224671171
P01856,HOME,PL_W659452191
P01856,WORK,PL_W62361719
P01857,HOME,PL_W660603324
P01857,WORK,PL_N6321490753
P01858,HOME,PL_W170051471
P01858,WORK,PL_W659587797
P01858,CHILD_SCHOOL,PL_W35798787
P01859,HOME,PL_W58936370
P01859,WORK,PL_W658960777
P01860,HOME,PL_W702160078
P01860,WORK,PL_W662500484
P01861,HOME,PL_W705011702
P01861,WORK,PL_W678437135
P01862,HOME,PL_W705109222
P01862,WORK,PL_W804365959
P01862,CHILD_SCHOOL,PL_W688267159
P01863,HOME,PL_W662776196
P01863,WORK,PL_N12358026498
P01864,HOME,PL_W659546854
P01864,WORK,PL_W659587780
P01865,HOME,PL_W1125477356
P01865,WORK,PL_W55896876
P01866,HOME,PL_W659731972
P01866,WORK,PL_W1525237523
P01867,HOME,PL_W1275510418
P01867,WORK,PL_W1275510418
P01868,HOME,PL_W702160078
P01868,WORK,PL_N10905345296
P01868,CHILD_SCHOOL,PL_W224815295
P01869,HOME,PL_W1202558418
P01869,WORK,PL_W658954875
P01870,HOME,PL_W660866902
P01870,WORK,PL_N6763993703
P01870,CHILD_SCHOOL,PL_W1012817120
P01871,HOME,PL_W170052629
P01871,WORK,PL_W416989000
P01872,HOME,PL_W659340371
P01872,WORK,PL_N6363176124
P01872,CHILD_SCHOOL,PL_W42530511
P01873,HOME,PL_W661075304
P01873,WORK,PL_W62358761
P01873,CHILD_SCHOOL,PL_W224671171
P01874,HOME,PL_W704995223
P01874,WORK,PL_W703255154
P01875,HOME,PL_W34777543
P01875,WORK,PL_W442979488
P01875,CHILD_SCHOOL,PL_W35836135
P01876,HOME,PL_W659730035
P01876,WORK,PL_W43805112
P01877,HOME,PL_W31619122
P01877,WORK,PL_N6550466753
P01877,CHILD_SCHOOL,PL_W68507025
P01878,HOME,PL_W43805755
P01878,WORK,PL_N6547808727
P01879,HOME,PL_W659445592
P01879,WORK,PL_W659445592
P01879,CHILD_SCHOOL,PL_W37783057
P01880,HOME,PL_W1235287511
P01880,WORK,PL_W27767625
P01880,CHILD_SCHOOL,PL_N5444147981
P01881,HOME,PL_W659455230
P01881,WORK,PL_W676108757
P01881,CHILD_SCHOOL,PL_W42530511
P01882,HOME,PL_W291196701
P01882,WORK,PL_N2968817518
P01883,HOME,PL_W170052638
P01883,WORK,PL_W333520129
P01883,CHILD_SCHOOL,PL_W56184642
P01884,HOME,PL_W31451052
P01884,WORK,PL_W70513855
P01885,HOME,PL_W558037232
P01885,WORK,PL_W558037232
P01885,CHILD_SCHOOL,PL_W121872356
P01886,HOME,PL_W31754690
P01886,WORK,PL_N6589641228
P01886,CHILD_SCHOOL,PL_N7725077141
P01887,HOME,PL_W31622243
P01887,WORK,PL_W31622243
P01888,HOME,PL_W660078346
P01888,WORK,PL_W180193897
P01888,CHILD_SCHOOL,PL_W30966655
P01889,HOME,PL_W662776090
P01889,WORK,PL_N13717357288
P01890,HOME,PL_W661207084
P01890,WORK,PL_W32556080
P01890,CHILD_SCHOOL,PL_W56201673
P01891,HOME,PL_W702587024
P01891,WORK,PL_W122205423
P01892,HOME,PL_W660637236
P01892,WORK,PL_N11854661709
P01893,HOME,PL_W421650452
P01893,UNIVERSITY,PL_N13374713725
P01894,HOME,PL_W656561945
P01894,WORK,PL_W161271583
P01895,HOME,PL_W705507588
P01895,WORK,PL_W62058577
P01895,CHILD_SCHOOL,PL_W34073293
P01896,HOME,PL_W662710453
P01896,WORK,PL_N6543870360
P01897,HOME,PL_W1125477355
P01897,WORK,PL_W27767642
P01897,CHILD_SCHOOL,PL_W36785083
P01898,HOME,PL_W31757254
P01898,WORK,PL_N13946558449
P01899,HOME,PL_W660602917
P01899,WORK,PL_W525981083
P01899,CHILD_SCHOOL,PL_W35797979
P01900,HOME,PL_W31373085
P01900,WORK,PL_W31373085
P01900,CHILD_SCHOOL,PL_W35836168
P01901,HOME,PL_W705563017
P01901,WORK,PL_W1302155974
P01901,CHILD_SCHOOL,PL_N9214580633
P01902,HOME,PL_W1163968779
P01902,WORK,PL_W146416648
P01903,HOME,PL_W31451201
P01903,WORK,PL_W34582257
P01904,HOME,PL_W660601002
P01904,WORK,PL_W705529533
P01905,HOME,PL_W1204795538
P01905,WORK,PL_W659731800
P01905,CHILD_SCHOOL,PL_W499546959
P01906,HOME,PL_W1275527448
P01906,WORK,PL_W61511473
P01907,HOME,PL_W352340314
P01907,WORK,PL_W943701267
P01907,CHILD_SCHOOL,PL_W25366282
P01908,HOME,PL_W195460114
P01908,WORK,PL_N11270397153
P01908,CHILD_SCHOOL,PL_W35836041
P01909,HOME,PL_W1204542940
P01909,WORK,PL_W27268157
P01910,HOME,PL_W704993418
P01910,WORK,PL_N12149933051
P01911,HOME,PL_W287420868
P01911,WORK,PL_W61759778
P01912,HOME,PL_W661325233
P01912,WORK,PL_W56064200
P01912,CHILD_SCHOOL,PL_W41841713
P01913,HOME,PL_W122480703
P01913,WORK,PL_W79671067
P01914,HOME,PL_W660569766
P01914,WORK,PL_W55031045
P01915,HOME,PL_W704946505
P01915,WORK,PL_N6584647563
P01916,HOME,PL_W660568826
P01916,WORK,PL_N295326041
P01917,HOME,PL_W662177438
P01917,WORK,PL_N7578613303
P01918,HOME,PL_W704229398
P01918,WORK,PL_W31963779
P01919,HOME,PL_W704634890
P01919,WORK,PL_W660836778
P01919,CHILD_SCHOOL,PL_N5413474408
P01920,HOME,PL_W32455671
P01920,WORK,PL_W97256645
P01920,CHILD_SCHOOL,PL_W36370852
P01921,HOME,PL_W284327682
P01921,WORK,PL_W60609247
P01921,CHILD_SCHOOL,PL_W36740007
P01922,HOME,PL_W31811184
P01922,WORK,PL_N6402291800
P01922,CHILD_SCHOOL,PL_W225859145
P01923,HOME,PL_W659444707
P01923,WORK,PL_N6386975407
P01924,HOME,PL_W659249141
P01924,WORK,PL_W306715327
P01925,HOME,PL_W705519674
P01925,UNIVERSITY,PL_N13885890639
P01926,HOME,PL_W31757254
P01926,WORK,PL_W658487090
P01926,CHILD_SCHOOL,PL_N7108092021
P01927,HOME,PL_W31619128
P01927,WORK,PL_W25491342
P01927,CHILD_SCHOOL,PL_W391848543
P01928,HOME,PL_W661840699
P01928,WORK,PL_N1907558541
P01929,HOME,PL_W660568780
P01929,WORK,PL_W58567280
P01930,HOME,PL_W659446157
P01930,WORK,PL_W516728742
P01930,CHILD_SCHOOL,PL_W171477484
P01931,HOME,PL_W704292305
P01931,WORK,PL_W685825631
P01932,HOME,PL_W89185230
P01932,WORK,PL_N12091108917
P01932,CHILD_SCHOOL,PL_W35836166
P01933,HOME,PL_W32455658
P01933,WORK,PL_W661192936
P01934,HOME,PL_W1204755769
P01934,WORK,PL_N3467065129
P01935,HOME,PL_W369781473
P01935,WORK,PL_W34614474
P01935,CHILD_SCHOOL,PL_W33396453
P01936,HOME,PL_W704292300
P01936,WORK,PL_W27767640
P01937,HOME,PL_W1163968779
P01937,UNIVERSITY,PL_W61759776
P01938,HOME,PL_W656560773
P01938,WORK,PL_W65592644
P01939,HOME,PL_W706236177
P01939,WORK,PL_W705109205
P01939,CHILD_SCHOOL,PL_W41363541
P01940,HOME,PL_W659731613
P01940,WORK,PL_N3925813275
P01941,HOME,PL_W31373086
P01941,WORK,PL_N7751993192
P01941,CHILD_SCHOOL,PL_W33543511
P01942,HOME,PL_W229483866
P01942,UNIVERSITY,PL_N783499436
P01943,HOME,PL_W170052744
P01943,WORK,PL_W31963779
P01944,HOME,PL_W62353997
P01944,WORK,PL_N12838400290
P01945,HOME,PL_W31373428
P01945,WORK,PL_W56057408
P01946,HOME,PL_W663310691
P01946,WORK,PL_W10334999
P01946,CHILD_SCHOOL,PL_N13625366295
P01947,HOME,PL_W1256313850
P01947,WORK,PL_N8946608036
P01947,CHILD_SCHOOL,PL_W122301356
P01948,HOME,PL_W36791498
P01948,WORK,PL_W674772108
P01949,HOME,PL_W661565900
P01949,UNIVERSITY,PL_N401521720
P01950,HOME,PL_W943428729
P01950,WORK,PL_N9008380207
P01951,HOME,PL_W661635257
P01951,WORK,PL_W89636166
P01951,CHILD_SCHOOL,PL_W24725316
P01952,HOME,PL_W33541220
P01952,WORK,PL_N6467153247
P01952,CHILD_SCHOOL,PL_W56201673
P01953,HOME,PL_W661777428
P01953,WORK,PL_W706078568
P01954,HOME,PL_W705650228
P01954,WORK,PL_W80378604
P01955,HOME,PL_W660212168
P01955,WORK,PL_W670151105
P01955,CHILD_SCHOOL,PL_W224136221
P01956,HOME,PL_W353021644
P01956,WORK,PL_W34587723
P01957,HOME,PL_W661331709
P01957,WORK,PL_W286526913
P01958,HOME,PL_W1275528998
P01958,WORK,PL_W118004701
P01959,HOME,PL_W31756387
P01959,WORK,PL_N8369126004
P01960,HOME,PL_W659733275
P01960,WORK,PL_W659733275
P01960,CHILD_SCHOOL,PL_W54223625
P01961,HOME,PL_W41405390
P01961,UNIVERSITY,PL_N5925332816
P01962,HOME,PL_W659829947
P01962,WORK,PL_W677922600
P01962,CHILD_SCHOOL,PL_W33396453
P01963,HOME,PL_W662534997
P01963,WORK,PL_W231011596
P01964,HOME,PL_W1254526366
P01964,WORK,PL_W703613748
P01965,HOME,PL_W659334227
P01965,WORK,PL_W41285825
P01965,CHILD_SCHOOL,PL_W220406701
P01966,HOME,PL_W659547583
P01966,WORK,PL_W180423381
P01967,HOME,PL_W659831173
P01967,UNIVERSITY,PL_W1268267050
P01968,HOME,PL_W31622236
P01968,UNIVERSITY,PL_N11115201179
P01969,HOME,PL_W706080731
P01969,WORK,PL_W670995134
P01969,CHILD_SCHOOL,PL_W24725316
P01970,HOME,PL_W659460241
P01970,WORK,PL_N6240358430
P01971,HOME,PL_W660838695
P01971,WORK,PL_W367536575
P01971,CHILD_SCHOOL,PL_W195969794
P01972,HOME,PL_W31754596
P01972,WORK,PL_W663315403
P01973,HOME,PL_W31757829
P01973,WORK,PL_W194221681
P01973,CHILD_SCHOOL,PL_W1500052015
P01974,HOME,PL_W31451008
P01974,WORK,PL_N9125073386
P01975,HOME,PL_W31756348
P01975,WORK,PL_W33806244
P01976,HOME,PL_W31754492
P01976,WORK,PL_W661251276
P01977,HOME,PL_W31617617
P01977,WORK,PL_W797150171
P01977,CHILD_SCHOOL,PL_W68507025
P01978,HOME,PL_W660602898
P01978,WORK,PL_W660807077
P01978,CHILD_SCHOOL,PL_W224817368
P01979,HOME,PL_W659451483
P01979,WORK,PL_N11195009107
P01980,HOME,PL_W661324594
P01980,WORK,PL_N8636979873
P01981,HOME,PL_W34777544
P01981,WORK,PL_W288101368
P01981,CHILD_SCHOOL,PL_W706093848
P01982,HOME,PL_W661274765
P01982,WORK,PL_W367037750
P01983,HOME,PL_W704997226
P01983,WORK,PL_W669998797
P01983,CHILD_SCHOOL,PL_W42709352
P01984,HOME,PL_W705529518
P01984,WORK,PL_W34204497
P01985,HOME,PL_W660634553
P01985,UNIVERSITY,PL_W61759776
P01986,HOME,PL_W660634744
P01986,WORK,PL_W659533742
P01987,HOME,PL_W704729327
P01987,WORK,PL_W34517286
P01988,HOME,PL_W32667520
P01988,WORK,PL_W34615186
P01989,HOME,PL_W704232365
P01989,WORK,PL_W673493644
P01990,HOME,PL_W704634888
P01990,WORK,PL_W400681136
P01990,CHILD_SCHOOL,PL_W33396453
P01991,HOME,PL_W41405393
P01991,WORK,PL_W661951742
P01991,CHILD_SCHOOL,PL_N7108092021
P01992,HOME,PL_W1137681907
P01992,WORK,PL_W658300734
P01993,HOME,PL_W659333482
P01993,WORK,PL_N2826872560
P01994,HOME,PL_W31754575
P01994,WORK,PL_W1491660166
P01995,HOME,PL_W660601048
P01995,WORK,PL_W661250616
P01995,CHILD_SCHOOL,PL_W224695919
P01996,HOME,PL_W705519684
P01996,WORK,PL_N4494740452
P01996,CHILD_SCHOOL,PL_N2332638609
P01997,HOME,PL_W661920904
P01997,WORK,PL_W174677129
P01998,HOME,PL_W706190948
P01998,WORK,PL_W461483955
P01999,HOME,PL_W943421439
P01999,WORK,PL_W27767642
P01999,CHILD_SCHOOL,PL_W705565521
P02000,HOME,PL_W31617613
P02000,WORK,PL_W226939071
P02001,HOME,PL_W661777188
P02001,UNIVERSITY,PL_N13951193852
P02002,HOME,PL_W659252622
P02002,WORK,PL_W669794353
P02003,HOME,PL_W662390256
P02003,WORK,PL_N13273967070
P02004,HOME,PL_W34777544
P02004,WORK,PL_N6559189378
P02005,HOME,PL_W659448675
P02005,WORK,PL_W659448675
P02006,HOME,PL_W31757256
P02006,WORK,PL_W56062695
P02007,HOME,PL_W658974893
P02007,WORK,PL_W231284913
P02007,CHILD_SCHOOL,PL_W704597788
P02008,HOME,PL_W661957653
P02008,WORK,PL_W172947836
P02009,HOME,PL_W659334020
P02009,WORK,PL_W256116927
P02009,CHILD_SCHOOL,PL_W34617360
P02010,HOME,PL_W705125027
P02010,WORK,PL_N13971404737
P02011,HOME,PL_W702142765
P02011,WORK,PL_W1537605220
P02012,HOME,PL_W661076670
P02012,WORK,PL_W184344340
P02013,HOME,PL_W659731247
P02013,WORK,PL_W662252299
P02013,CHILD_SCHOOL,PL_W179214961
P02014,HOME,PL_W659839372
P02014,UNIVERSITY,PL_W61759776
P02015,HOME,PL_W704232379
P02015,WORK,PL_W55036397
P02015,CHILD_SCHOOL,PL_W224815295
P02016,HOME,PL_W705222376
P02016,WORK,PL_W943602453
P02016,CHILD_SCHOOL,PL_W25775106
P02017,HOME,PL_W661779398
P02017,WORK,PL_W135469951
P02017,CHILD_SCHOOL,PL_W703752577
P02018,HOME,PL_W661778741
P02018,WORK,PL_W34516836
P02018,CHILD_SCHOOL,PL_W170266806
P02019,HOME,PL_W33036597
P02019,WORK,PL_N12990284113
P02020,HOME,PL_W662175938
P02020,WORK,PL_W132782210
P02020,CHILD_SCHOOL,PL_N7797334713
P02021,HOME,PL_W660601774
P02021,WORK,PL_N5184936117
P02022,HOME,PL_W31757862
P02022,WORK,PL_W659441055
P02022,CHILD_SCHOOL,PL_W703420515
P02023,HOME,PL_W170051471
P02023,WORK,PL_W659833466
P02024,HOME,PL_W658975450
P02024,WORK,PL_N10069884448
P02024,CHILD_SCHOOL,PL_W224815940
P02025,HOME,PL_W1079646984
P02025,WORK,PL_N12596693039
P02026,HOME,PL_W31451086
P02026,WORK,PL_W61430317
P02027,HOME,PL_W704229385
P02027,WORK,PL_W32629255
P02028,HOME,PL_W660177422
P02028,WORK,PL_W229563603
P02029,HOME,PL_W661076720
P02029,WORK,PL_W31963780
P02030,HOME,PL_W661205634
P02030,WORK,PL_W657696644
P02031,HOME,PL_W661822297
P02031,WORK,PL_W1302155970
P02032,HOME,PL_W659454983
P02032,WORK,PL_W276149333
P02033,HOME,PL_W704196071
P02033,UNIVERSITY,PL_W1024399954
P02034,HOME,PL_W659445778
P02034,WORK,PL_N8776885249
P02035,HOME,PL_W659453609
P02035,WORK,PL_N13753677669
P02036,HOME,PL_W687185986
P02036,WORK,PL_W182283005
P02037,HOME,PL_W659247567
P02037,WORK,PL_W662098235
P02038,HOME,PL_W31754686
P02038,UNIVERSITY,PL_N9672795308
P02039,HOME,PL_W1245802033
P02039,WORK,PL_W661951938
P02039,CHILD_SCHOOL,PL_W34228913
P02040,HOME,PL_W1275521503
P02040,WORK,PL_W1009155382
P02041,HOME,PL_W31451201
P02041,WORK,PL_N6285588952
P02042,HOME,PL_W34229574
P02042,WORK,PL_N512544209
P02043,HOME,PL_W663051911
P02043,WORK,PL_W331900535
P02043,CHILD_SCHOOL,PL_W417888719
P02044,HOME,PL_W32122685
P02044,WORK,PL_W1408833223
P02045,HOME,PL_W31373095
P02045,WORK,PL_W32052212
P02046,HOME,PL_W31451200
P02046,WORK,PL_W662098274
P02046,CHILD_SCHOOL,PL_W704997229
P02047,HOME,PL_W31617609
P02047,WORK,PL_W33728781
P02048,HOME,PL_W656560430
P02048,WORK,PL_N12849735277
P02048,CHILD_SCHOOL,PL_W282961787
P02049,HOME,PL_W705529528
P02049,WORK,PL_N4720540132
P02050,HOME,PL_W660584869
P02050,WORK,PL_W55031045
P02051,HOME,PL_W659446343
P02051,WORK,PL_W662521526
P02052,HOME,PL_W660638989
P02052,WORK,PL_W436018569
P02053,HOME,PL_W33725066
P02053,WORK,PL_N7879144008
P02054,HOME,PL_W1252942779
P02054,WORK,PL_W585487296
P02055,HOME,PL_W660838518
P02055,WORK,PL_N3425674164
P02055,CHILD_SCHOOL,PL_W760791078
P02056,HOME,PL_W370438991
P02056,WORK,PL_W27767642
P02056,CHILD_SCHOOL,PL_W391848543
P02057,HOME,PL_W660806679
P02057,WORK,PL_W943701267
P02058,HOME,PL_W660819593
P02058,UNIVERSITY,PL_N10977886210
P02059,HOME,PL_W661822331
P02059,WORK,PL_W661822331
P02060,HOME,PL_W867811314
P02060,WORK,PL_N7147403293
P02060,CHILD_SCHOOL,PL_W121871939
P02061,HOME,PL_W659546697
P02061,WORK,PL_N11737894264
P02061,CHILD_SCHOOL,PL_W171477271
P02062,HOME,PL_W706192716
P02062,WORK,PL_W58586565
P02062,CHILD_SCHOOL,PL_W225936202
P02063,HOME,PL_W334728863
P02063,WORK,PL_N5061254787
P02064,HOME,PL_W195460223
P02064,UNIVERSITY,PL_W61759776
P02065,HOME,PL_W36333606
P02065,UNIVERSITY,PL_N9672795308
P02065,CHILD_SCHOOL,PL_W36368280
P02066,HOME,PL_W31622235
P02066,WORK,PL_W661950809
P02067,HOME,PL_W662257481
P02067,WORK,PL_W31451793
P02068,HOME,PL_W662786205
P02068,WORK,PL_W705507596
P02068,CHILD_SCHOOL,PL_W224695919
P02069,HOME,PL_W662762468
P02069,WORK,PL_N4412270989
P02070,HOME,PL_W660601200
P02070,WORK,PL_W240835896
P02071,HOME,PL_W31373095
P02071,WORK,PL_W61760280
P02072,HOME,PL_W704945358
P02072,WORK,PL_N6172970144
P02073,HOME,PL_W41405386
P02073,WORK,PL_W58323831
P02073,CHILD_SCHOOL,PL_W39205032
P02074,HOME,PL_W661824924
P02074,WORK,PL_W366899310
P02075,HOME,PL_W55947364
P02075,WORK,PL_N4060215198
P02076,HOME,PL_W1275510406
P02076,WORK,PL_W661774211
P02077,HOME,PL_W36791704
P02077,WORK,PL_W41949957
P02077,CHILD_SCHOOL,PL_W35798775
P02078,HOME,PL_W703929738
P02078,WORK,PL_N10085680270
P02079,HOME,PL_W1204795458
P02079,WORK,PL_N11608557109
P02080,HOME,PL_W1163968779
P02080,WORK,PL_W702169116
P02081,HOME,PL_W863282986
P02081,WORK,PL_W150215070
P02081,CHILD_SCHOOL,PL_W705565520
P02082,HOME,PL_W662175152
P02082,WORK,PL_N3414918475
P02083,HOME,PL_W705650227
P02083,WORK,PL_W416989000
P02084,HOME,PL_W659247124
P02084,WORK,PL_W796666554
P02084,CHILD_SCHOOL,PL_W224674925
P02085,HOME,PL_W661649545
P02085,UNIVERSITY,PL_W61759776
P02086,HOME,PL_W36791497
P02086,WORK,PL_W104945735
P02086,CHILD_SCHOOL,PL_N534020733
P02087,HOME,PL_W702557441
P02087,WORK,PL_W702557441
P02088,HOME,PL_W704594312
P02088,WORK,PL_W27778414
P02089,HOME,PL_W114706475
P02089,WORK,PL_W114706475
P02089,CHILD_SCHOOL,PL_W24725316
P02090,HOME,PL_W43804991
P02090,WORK,PL_W56062952
P02090,CHILD_SCHOOL,PL_W180044576
P02091,HOME,PL_W1204543027
P02091,WORK,PL_N6321380372
P02092,HOME,PL_W31619298
P02092,WORK,PL_W860823186
P02092,CHILD_SCHOOL,PL_W30966655
P02093,HOME,PL_W31451096
P02093,WORK,PL_W31368504
P02094,HOME,PL_W705218738
P02094,UNIVERSITY,PL_W36508437
P02095,HOME,PL_W31757288
P02095,WORK,PL_W284475530
P02095,CHILD_SCHOOL,PL_W195969125
P02096,HOME,PL_W659461550
P02096,WORK,PL_N2679687310
P02097,HOME,PL_W457493164
P02097,WORK,PL_N6603447367
P02097,CHILD_SCHOOL,PL_W36861511
P02098,HOME,PL_W661635797
P02098,WORK,PL_N12770867218
P02098,CHILD_SCHOOL,PL_W36861511
P02099,HOME,PL_W702142765
P02099,WORK,PL_W33570228
P02100,HOME,PL_W31754518
P02100,WORK,PL_W662257868
P02101,HOME,PL_W704997223
P02101,WORK,PL_N4980588123
P02102,HOME,PL_W170051472
P02102,WORK,PL_N6341941432
P02102,CHILD_SCHOOL,PL_W706093848
P02103,HOME,PL_W114706282
P02103,WORK,PL_W661330373
P02104,HOME,PL_W702169123
P02104,WORK,PL_N3206964051
P02105,HOME,PL_W660838448
P02105,WORK,PL_W34582307
P02106,HOME,PL_W661565114
P02106,WORK,PL_W106971408
P02106,CHILD_SCHOOL,PL_W282961787
P02107,HOME,PL_W114706475
P02107,WORK,PL_W804360805
P02107,CHILD_SCHOOL,PL_W33396813
P02108,HOME,PL_W705563021
P02108,WORK,PL_W34749850
P02108,CHILD_SCHOOL,PL_W50977417
P02109,HOME,PL_W661568063
P02109,WORK,PL_W335886375
P02110,HOME,PL_W1275524424
P02110,WORK,PL_W704993416
P02111,HOME,PL_W705845658
P02111,WORK,PL_N12149891226
P02112,HOME,PL_W661049262
P02112,WORK,PL_W61014137
P02113,HOME,PL_W704229383
P02113,WORK,PL_W60510549
P02114,HOME,PL_W705882031
P02114,WORK,PL_W705882031
P02115,HOME,PL_W659455074
P02115,WORK,PL_N4595506450
P02116,HOME,PL_W42472527
P02116,WORK,PL_W27767634
P02116,CHILD_SCHOOL,PL_W33541164
P02117,HOME,PL_W705011686
P02117,UNIVERSITY,PL_N11406187968
P02118,HOME,PL_W31451019
P02118,WORK,PL_W34545829
P02119,HOME,PL_W662142558
P02119,WORK,PL_N6323420482
P02120,HOME,PL_W661204895
P02120,WORK,PL_W43812230
P02121,HOME,PL_W660178831
P02121,WORK,PL_W60304156
P02122,HOME,PL_W830376549
P02122,WORK,PL_W975456900
P02123,HOME,PL_W863282986
P02123,WORK,PL_W663569979
P02124,HOME,PL_W31756308
P02124,WORK,PL_W55217849
P02124,CHILD_SCHOOL,PL_W391848543
P02125,HOME,PL_W705881541
P02125,WORK,PL_W62363962
P02125,CHILD_SCHOOL,PL_W41363541
P02126,HOME,PL_W659441884
P02126,WORK,PL_W659422197
P02127,HOME,PL_W662762540
P02127,UNIVERSITY,PL_W23447424
P02128,HOME,PL_W660075399
P02128,WORK,PL_W67141552
P02129,HOME,PL_W659333536
P02129,WORK,PL_W241020327
P02129,CHILD_SCHOOL,PL_W239578890
P02130,HOME,PL_W704997232
P02130,WORK,PL_W657722110
P02130,CHILD_SCHOOL,PL_W35800153
P02131,HOME,PL_W702554512
P02131,WORK,PL_N1512234067
P02131,CHILD_SCHOOL,PL_W220406701
P02132,HOME,PL_W659250429
P02132,WORK,PL_N6191658178
P02133,HOME,PL_W661325109
P02133,WORK,PL_W56436107
P02133,CHILD_SCHOOL,PL_W42149102
P02134,HOME,PL_W660806679
P02134,WORK,PL_W33296571
P02134,CHILD_SCHOOL,PL_W705563025
P02135,HOME,PL_W661779434
P02135,WORK,PL_W61759778
P02136,HOME,PL_W661842872
P02136,WORK,PL_N6491320423
P02137,HOME,PL_W1204945499
P02137,WORK,PL_W27767627
P02137,CHILD_SCHOOL,PL_W29114133
P02138,HOME,PL_W1101273554
P02138,WORK,PL_W1101273554
P02138,CHILD_SCHOOL,PL_W195493031
P02139,HOME,PL_W705881546
P02139,WORK,PL_W148646768
P02140,HOME,PL_W702169103
P02140,WORK,PL_W32946314
P02141,HOME,PL_W51348275
P02141,WORK,PL_W61011663
P02141,CHILD_SCHOOL,PL_W822689779
P02142,HOME,PL_W660837412
P02142,WORK,PL_W61982576
P02143,HOME,PL_W705010182
P02143,UNIVERSITY,PL_N401521720
P02144,HOME,PL_W705740396
P02144,WORK,PL_W705740396
P02144,CHILD_SCHOOL,PL_N2377305503
P02145,HOME,PL_W660839003
P02145,WORK,PL_W660839003
P02146,HOME,PL_W36803732
P02146,UNIVERSITY,PL_N9633703338
P02147,HOME,PL_W1259080941
P02147,WORK,PL_W31778853
P02148,HOME,PL_W660838309
P02148,WORK,PL_W599480360
P02149,HOME,PL_W31811114
P02149,WORK,PL_N2674096395
P02150,HOME,PL_W31757869
P02150,WORK,PL_N10722401736
P02150,CHILD_SCHOOL,PL_W35836274
P02151,HOME,PL_W661824558
P02151,WORK,PL_N6565345436
P02152,HOME,PL_W31451096
P02152,WORK,PL_W31451096
P02153,HOME,PL_W662388861
P02153,WORK,PL_W93811553
P02153,CHILD_SCHOOL,PL_W33541164
P02154,HOME,PL_W659547273
P02154,WORK,PL_N10887639767
P02155,HOME,PL_W41405411
P02155,WORK,PL_N7559903994
P02156,HOME,PL_W705011701
P02156,WORK,PL_W703776819
P02156,CHILD_SCHOOL,PL_N3575731091
P02157,HOME,PL_W661778736
P02157,WORK,PL_W677918916
P02158,HOME,PL_W31757882
P02158,WORK,PL_N1995435010
P02159,HOME,PL_W659448012
P02159,WORK,PL_N6549482210
P02160,HOME,PL_W31811113
P02160,WORK,PL_N11051841686
P02161,HOME,PL_W32455659
P02161,WORK,PL_N11774144080
P02161,CHILD_SCHOOL,PL_W125776367
P02162,HOME,PL_W31754574
P02162,WORK,PL_W31620471
P02163,HOME,PL_W706078569
P02163,WORK,PL_N6561488003
P02164,HOME,PL_W659441872
P02164,WORK,PL_W1171853035
P02164,CHILD_SCHOOL,PL_W235324578
P02165,HOME,PL_W61955728
P02165,WORK,PL_W176969075
P02165,CHILD_SCHOOL,PL_W41363542
P02166,HOME,PL_W1204772041
P02166,WORK,PL_W43805112
P02167,HOME,PL_W706078543
P02167,WORK,PL_N495296105
P02167,CHILD_SCHOOL,PL_W160521056
P02168,HOME,PL_W702169776
P02168,WORK,PL_W797144944
P02169,HOME,PL_W659733082
P02169,WORK,PL_W674772103
P02170,HOME,PL_W705625074
P02170,WORK,PL_W705625074
P02171,HOME,PL_W31451199
P02171,WORK,PL_W31451199
P02172,HOME,PL_W661050163
P02172,WORK,PL_N7843579451
P02173,HOME,PL_W661470134
P02173,WORK,PL_W34582323
P02174,HOME,PL_W57079616
P02174,WORK,PL_W57079616
P02175,HOME,PL_W32455659
P02175,WORK,PL_N13879355833
P02175,CHILD_SCHOOL,PL_W225582647
P02176,HOME,PL_W702141526
P02176,WORK,PL_W34545829
P02177,HOME,PL_W661204105
P02177,WORK,PL_W661270617
P02178,HOME,PL_W705010189
P02178,WORK,PL_W659094350
P02178,CHILD_SCHOOL,PL_W122317772
P02179,HOME,PL_W31811114
P02179,WORK,PL_N6173003700
P02179,CHILD_SCHOOL,PL_W35836139
P02180,HOME,PL_W659247452
P02180,WORK,PL_W141176440
P02180,CHILD_SCHOOL,PL_N10649797327
P02181,HOME,PL_W659447262
P02181,WORK,PL_N1112275317
P02182,HOME,PL_W659247503
P02182,WORK,PL_N6282953361
P02182,CHILD_SCHOOL,PL_W37783195
P02183,HOME,PL_W1163968779
P02183,WORK,PL_W162147490
P02184,HOME,PL_W33036597
P02184,WORK,PL_N7018011530
P02184,CHILD_SCHOOL,PL_W29114133
P02185,HOME,PL_W659446685
P02185,WORK,PL_W27767625
P02186,HOME,PL_W31451199
P02186,WORK,PL_W57045491
P02186,CHILD_SCHOOL,PL_W41364189
P02187,HOME,PL_W706192713
P02187,WORK,PL_W796670745
P02188,HOME,PL_W659549296
P02188,WORK,PL_W669794335
P02188,CHILD_SCHOOL,PL_W29234699
P02189,HOME,PL_W659729884
P02189,WORK,PL_N2457605965
P02190,HOME,PL_W1163968779
P02190,WORK,PL_W55217851
P02191,HOME,PL_W31617618
P02191,WORK,PL_W34121572
P02192,HOME,PL_W767378202
P02192,WORK,PL_N13879320057
P02192,CHILD_SCHOOL,PL_W87327545
P02193,HOME,PL_W661075834
P02193,WORK,PL_W69966012
P02193,CHILD_SCHOOL,PL_W195969125
P02194,HOME,PL_W662145237
P02194,WORK,PL_N1387989092
P02194,CHILD_SCHOOL,PL_W26949764
P02195,HOME,PL_W1202408289
P02195,WORK,PL_N4334763012
P02196,HOME,PL_W31451018
P02196,WORK,PL_W30955785
P02196,CHILD_SCHOOL,PL_W35798775
P02197,HOME,PL_W662177079
P02197,UNIVERSITY,PL_W702100748
P02198,HOME,PL_W659452147
P02198,WORK,PL_W662775019
P02199,HOME,PL_W33036597
P02199,WORK,PL_W33036597
P02199,CHILD_SCHOOL,PL_W161236234
P02200,HOME,PL_W659831264
P02200,WORK,PL_W55462296
P02201,HOME,PL_W659446286
P02201,WORK,PL_W664651899
P02201,CHILD_SCHOOL,PL_W226096987
P02202,HOME,PL_W661635208
P02202,WORK,PL_W661774552
P02203,HOME,PL_W67091562
P02203,WORK,PL_W34554802
P02203,CHILD_SCHOOL,PL_W688045884
P02204,HOME,PL_W706192713
P02204,WORK,PL_W239024445
P02205,HOME,PL_W662449405
P02205,WORK,PL_W663826506
P02205,CHILD_SCHOOL,PL_W121871939
P02206,HOME,PL_W705010189
P02206,WORK,PL_W58362432
P02206,CHILD_SCHOOL,PL_W33529943
P02207,HOME,PL_W660816820
P02207,WORK,PL_N10722401736
P02208,HOME,PL_W659830909
P02208,WORK,PL_W56437582
P02208,CHILD_SCHOOL,PL_W37404404
P02209,HOME,PL_W43806328
P02209,WORK,PL_N6565376654
P02209,CHILD_SCHOOL,PL_W42709352
P02210,HOME,PL_W659729205
P02210,WORK,PL_W170165499
P02210,CHILD_SCHOOL,PL_W42530511
P02211,HOME,PL_W660568170
P02211,WORK,PL_W1336697639
P02212,HOME,PL_W354728349
P02212,WORK,PL_W354728349
P02212,CHILD_SCHOOL,PL_N7725077141
P02213,HOME,PL_W659830959
P02213,WORK,PL_W367346433
P02213,CHILD_SCHOOL,PL_W41364187
P02214,HOME,PL_W660837802
P02214,WORK,PL_W659628959
P02215,HOME,PL_W661920924
P02215,WORK,PL_N11350179776
P02216,HOME,PL_W704946498
P02216,WORK,PL_N441031354
P02217,HOME,PL_W31754570
P02217,WORK,PL_N437992167
P02217,CHILD_SCHOOL,PL_W224442754
P02218,HOME,PL_W33541211
P02218,WORK,PL_W61011150
P02218,CHILD_SCHOOL,PL_W41364187
P02219,HOME,PL_W30966657
P02219,WORK,PL_W314664870
P02220,HOME,PL_W770873614
P02220,WORK,PL_N6547874084
P02221,HOME,PL_W1348023078
P02221,WORK,PL_W79659939
P02222,HOME,PL_W698803577
P02222,WORK,PL_N11582823289
P02223,HOME,PL_W30966659
P02223,WORK,PL_W30966659
P02224,HOME,PL_W662142638
P02224,WORK,PL_W1083376596
P02224,CHILD_SCHOOL,PL_W43613879
P02225,HOME,PL_W43806328
P02225,WORK,PL_W657936300
P02226,HOME,PL_W1205666479
P02226,WORK,PL_W237018695
P02227,HOME,PL_W170052634
P02227,WORK,PL_W34080762
P02228,HOME,PL_W43811046
P02228,WORK,PL_W367536575
P02229,HOME,PL_W659728969
P02229,WORK,PL_N9738778309
P02230,HOME,PL_W1529270088
P02230,WORK,PL_N12915561200
P02231,HOME,PL_W61955742
P02231,WORK,PL_W130807014
P02231,CHILD_SCHOOL,PL_W225936203
P02232,HOME,PL_W143657050
P02232,WORK,PL_W143657050
P02232,CHILD_SCHOOL,PL_N5444147981
P02233,HOME,PL_W706078549
P02233,WORK,PL_N7570784647
P02234,HOME,PL_W32742172
P02234,WORK,PL_W421084023
P02235,HOME,PL_W31754471
P02235,WORK,PL_N13976324248
P02236,HOME,PL_W705842211
P02236,WORK,PL_W661314353
P02237,HOME,PL_W705740396
P02237,WORK,PL_W34749645
P02238,HOME,PL_W170051471
P02238,UNIVERSITY,PL_N10977886210
P02239,HOME,PL_W662144581
P02239,WORK,PL_W240835896
P02239,CHILD_SCHOOL,PL_W34769549
P02240,HOME,PL_W1307373828
P02240,WORK,PL_W35020849
P02241,HOME,PL_W43811046
P02241,WORK,PL_W125308707
P02241,CHILD_SCHOOL,PL_W36543496
P02242,HOME,PL_W704993429
P02242,WORK,PL_W704993429
P02243,HOME,PL_W656561179
P02243,WORK,PL_W58558546
P02243,CHILD_SCHOOL,PL_W56201673
P02244,HOME,PL_W31617616
P02244,WORK,PL_W220416375
P02245,HOME,PL_W370438991
P02245,WORK,PL_W56062817
P02245,CHILD_SCHOOL,PL_N13625366295
P02246,HOME,PL_W33036565
P02246,WORK,PL_N13689897483
P02247,HOME,PL_W31451018
P02247,WORK,PL_W150370474
P02247,CHILD_SCHOOL,PL_W242745832
P02248,HOME,PL_W32455671
P02248,UNIVERSITY,PL_W1504227413
P02249,HOME,PL_W661840699
P02249,WORK,PL_W61698929
P02249,CHILD_SCHOOL,PL_W391848543
P02250,HOME,PL_W43806332
P02250,WORK,PL_W43806332
P02251,HOME,PL_W89185222
P02251,WORK,PL_W678066372
P02252,HOME,PL_W978051261
P02252,WORK,PL_W231016949
P02253,HOME,PL_W31451094
P02253,WORK,PL_W31451094
P02254,HOME,PL_W229483866
P02254,WORK,PL_W33849252
P02255,HOME,PL_W659249588
P02255,WORK,PL_N11737894264
P02256,HOME,PL_W31617619
P02256,WORK,PL_N281671513
P02257,HOME,PL_W659448867
P02257,WORK,PL_W146416316
P02257,CHILD_SCHOOL,PL_W41363541
P02258,HOME,PL_W32122686
P02258,UNIVERSITY,PL_W23447424
P02259,HOME,PL_W42472532
P02259,WORK,PL_N13948814503
P02259,CHILD_SCHOOL,PL_W43613879
P02260,HOME,PL_W41405415
P02260,WORK,PL_W61843026
P02260,CHILD_SCHOOL,PL_W703423112
P02261,HOME,PL_W32742170
P02261,WORK,PL_W32742170
P02262,HOME,PL_W660603316
P02262,WORK,PL_W797144944
P02262,CHILD_SCHOOL,PL_W195969794
P02263,HOME,PL_W226011617
P02263,UNIVERSITY,PL_W1024399954
P02264,HOME,PL_W31373094
P02264,WORK,PL_W663828398
P02265,HOME,PL_W659446936
P02265,WORK,PL_N5448317525
P02265,CHILD_SCHOOL,PL_W705125019
P02266,HOME,PL_W705507609
P02266,WORK,PL_W705109229
P02266,CHILD_SCHOOL,PL_W36728598
P02267,HOME,PL_W43806055
P02267,WORK,PL_W288101369
P02268,HOME,PL_W1125477356
P02268,WORK,PL_W61698929
P02268,CHILD_SCHOOL,PL_N3021064167
P02269,HOME,PL_W704729327
P02269,WORK,PL_W674772093
P02270,HOME,PL_W33725066
P02270,WORK,PL_W43804165
P02271,HOME,PL_W661778739
P02271,WORK,PL_N6546361972
P02271,CHILD_SCHOOL,PL_W688268884
P02272,HOME,PL_W36791714
P02272,UNIVERSITY,PL_W23447514
P02273,HOME,PL_W661049683
P02273,WORK,PL_N4035048589
P02274,HOME,PL_W31754471
P02274,WORK,PL_W122204305
P02274,CHILD_SCHOOL,PL_W35800887
P02275,HOME,PL_W660568613
P02275,WORK,PL_W659094364
P02276,HOME,PL_W660839281
P02276,WORK,PL_W115209027
P02277,HOME,PL_W662774464
P02277,WORK,PL_N6386975390
P02278,HOME,PL_W767378207
P02278,WORK,PL_N3739749451
P02279,HOME,PL_W1204800336
P02279,WORK,PL_W671097359
P02279,CHILD_SCHOOL,PL_W25288139
P02280,HOME,PL_W661275274
P02280,WORK,PL_N4331459749
P02280,CHILD_SCHOOL,PL_W704597788
P02281,HOME,PL_W195460114
P02281,WORK,PL_W59433836
P02282,HOME,PL_W43934772
P02282,WORK,PL_W126860777
P02282,CHILD_SCHOOL,PL_W37409510
P02283,HOME,PL_W33036599
P02283,WORK,PL_W32540279
P02284,HOME,PL_W512557919
P02284,WORK,PL_N400914271
P02285,HOME,PL_W36888109
P02285,UNIVERSITY,PL_W61759776
P02286,HOME,PL_W661275791
P02286,WORK,PL_N13208078520
P02286,CHILD_SCHOOL,PL_N2346655835
P02287,HOME,PL_W661323994
P02287,WORK,PL_W661193603
P02287,CHILD_SCHOOL,PL_W703420516
P02288,HOME,PL_W30966660
P02288,WORK,PL_W31620395
P02288,CHILD_SCHOOL,PL_W224671171
P02289,HOME,PL_W42472532
P02289,UNIVERSITY,PL_N13946404588
P02290,HOME,PL_W704292286
P02290,UNIVERSITY,PL_W23447424
P02291,HOME,PL_W1204654184
P02291,UNIVERSITY,PL_W23447424
P02292,HOME,PL_W662388055
P02292,WORK,PL_W662727263
P02293,HOME,PL_W1420636510
P02293,WORK,PL_W660807166
P02293,CHILD_SCHOOL,PL_W70509378
P02294,HOME,PL_W705565525
P02294,WORK,PL_W701997039
P02295,HOME,PL_W660079287
P02295,WORK,PL_W80798597
P02296,HOME,PL_W660839507
P02296,WORK,PL_N5721283776
P02296,CHILD_SCHOOL,PL_W195969794
P02297,HOME,PL_W31451095
P02297,WORK,PL_N1348494471
P02298,HOME,PL_W660820246
P02298,WORK,PL_N246694072
P02299,HOME,PL_W704288164
P02299,UNIVERSITY,PL_W61759776
P02300,HOME,PL_W659732369
P02300,WORK,PL_W62058574
P02300,CHILD_SCHOOL,PL_W121872356
P02301,HOME,PL_W660212425
P02301,WORK,PL_N12914972783
P02301,CHILD_SCHOOL,PL_W34769382
P02302,HOME,PL_W660569766
P02302,WORK,PL_N7103432100
P02303,HOME,PL_W662143028
P02303,WORK,PL_W43804345
P02304,HOME,PL_W450697861
P02304,WORK,PL_N11357167498
P02305,HOME,PL_W659463801
P02305,WORK,PL_W703937354
P02306,HOME,PL_W705563021
P02306,WORK,PL_W705563021
P02306,CHILD_SCHOOL,PL_W36870739
P02307,HOME,PL_W660079108
P02307,WORK,PL_N7571868241
P02308,HOME,PL_W660079287
P02308,WORK,PL_W143654375
P02309,HOME,PL_W31617617
P02309,WORK,PL_N896574893
P02310,HOME,PL_W704288164
P02310,WORK,PL_W767435363
P02311,HOME,PL_W662775441
P02311,WORK,PL_W705507596
P02311,CHILD_SCHOOL,PL_W33503151
P02312,HOME,PL_W704196073
P02312,WORK,PL_N3778077742
P02312,CHILD_SCHOOL,PL_W36952003
P02313,HOME,PL_W659341282
P02313,WORK,PL_W1418991792
P02314,HOME,PL_W31811113
P02314,WORK,PL_W66980238
P02314,CHILD_SCHOOL,PL_W33394479
P02315,HOME,PL_W31618600
P02315,WORK,PL_W659833277
P02316,HOME,PL_W659833503
P02316,WORK,PL_N1854311801
P02316,CHILD_SCHOOL,PL_W703423112
P02317,HOME,PL_W659445461
P02317,WORK,PL_W387354058
P02317,CHILD_SCHOOL,PL_W184368202
P02318,HOME,PL_W31757256
P02318,WORK,PL_W680474494
P02319,HOME,PL_W31811115
P02319,WORK,PL_W662766749
P02320,HOME,PL_W531106851
P02320,WORK,PL_W112444415
P02320,CHILD_SCHOOL,PL_W36746607
P02321,HOME,PL_W661841402
P02321,WORK,PL_W661841402
P02321,CHILD_SCHOOL,PL_W688267161
P02322,HOME,PL_W41405390
P02322,WORK,PL_W1193501687
P02322,CHILD_SCHOOL,PL_W224442754
P02323,HOME,PL_W660806679
P02323,WORK,PL_W1246201683
P02324,HOME,PL_W31617619
P02324,WORK,PL_W60319362
P02325,HOME,PL_W659444939
P02325,WORK,PL_W32805001
P02326,HOME,PL_W143654373
P02326,WORK,PL_N3924709137
P02327,HOME,PL_W659546880
P02327,WORK,PL_W199275912
P02328,HOME,PL_W31451018
P02328,WORK,PL_W662785310
P02328,CHILD_SCHOOL,PL_N7751979185
P02329,HOME,PL_W33036599
P02329,WORK,PL_W665741582
P02329,CHILD_SCHOOL,PL_W36880098
P02330,HOME,PL_W33036599
P02330,WORK,PL_W27778414
P02330,CHILD_SCHOOL,PL_W37409510
P02331,HOME,PL_W660347527
P02331,WORK,PL_W58796602
P02331,CHILD_SCHOOL,PL_W26949764
P02332,HOME,PL_W659251572
P02332,WORK,PL_W34721558
P02332,CHILD_SCHOOL,PL_W760840673
P02333,HOME,PL_W170051472
P02333,UNIVERSITY,PL_W703666033
P02334,HOME,PL_W705222391
P02334,WORK,PL_W1173242674
P02334,CHILD_SCHOOL,PL_N13705682293
P02335,HOME,PL_W41405389
P02335,WORK,PL_W160173309
P02336,HOME,PL_W661066123
P02336,WORK,PL_W32462518
P02337,HOME,PL_W659247397
P02337,WORK,PL_N1392100147
P02338,HOME,PL_W704196083
P02338,WORK,PL_W1351704061
P02339,HOME,PL_W660981613
P02339,WORK,PL_W93832542
P02340,HOME,PL_W659452557
P02340,UNIVERSITY,PL_W220190025
P02341,HOME,PL_W706078543
P02341,WORK,PL_W31366012
P02341,CHILD_SCHOOL,PL_W224813127
P02342,HOME,PL_W659447501
P02342,WORK,PL_W30986091
P02342,CHILD_SCHOOL,PL_W143658010
P02343,HOME,PL_W32651994
P02343,WORK,PL_W705507610
P02344,HOME,PL_W705109207
P02344,WORK,PL_W61511473
P02345,HOME,PL_W660177242
P02345,WORK,PL_W34573775
P02345,CHILD_SCHOOL,PL_W33394479
P02346,HOME,PL_W42472531
P02346,WORK,PL_W662259441
P02346,CHILD_SCHOOL,PL_W25775106
P02347,HOME,PL_W660600772
P02347,WORK,PL_W270176966
P02347,CHILD_SCHOOL,PL_W68507025
P02348,HOME,PL_W33036597
P02348,WORK,PL_W279007798
P02349,HOME,PL_W852696568
P02349,WORK,PL_N6352705195
P02350,HOME,PL_W661568417
P02350,WORK,PL_W661568417
P02351,HOME,PL_W660867269
P02351,WORK,PL_W93811550
P02352,HOME,PL_W556918855
P02352,WORK,PL_N13306870001
P02353,HOME,PL_W660357486
P02353,WORK,PL_N5069673822
P02354,HOME,PL_W659732671
P02354,WORK,PL_W689209041
P02354,CHILD_SCHOOL,PL_W704292292
P02355,HOME,PL_W31616712
P02355,WORK,PL_W438026405
P02355,CHILD_SCHOOL,PL_W180044576
P02356,HOME,PL_W705519685
P02356,WORK,PL_N6416323947
P02357,HOME,PL_W660867114
P02357,WORK,PL_W32773288
P02358,HOME,PL_W33542534
P02358,WORK,PL_W33542534
P02359,HOME,PL_W661840699
P02359,WORK,PL_W111101751
P02360,HOME,PL_W369781473
P02360,WORK,PL_N11298404177
P02360,CHILD_SCHOOL,PL_W33541185
P02361,HOME,PL_W662389811
P02361,WORK,PL_W34749535
P02361,CHILD_SCHOOL,PL_W35836083
P02362,HOME,PL_W659452094
P02362,WORK,PL_W659452094
P02362,CHILD_SCHOOL,PL_W184368202
P02363,HOME,PL_W703251903
P02363,WORK,PL_N9777614093
P02363,CHILD_SCHOOL,PL_W25366282
P02364,HOME,PL_W659341220
P02364,WORK,PL_N12271842265
P02365,HOME,PL_W662175307
P02365,WORK,PL_W796666554
P02366,HOME,PL_W661649829
P02366,WORK,PL_W659588101
P02367,HOME,PL_W31757829
P02367,WORK,PL_W660836757
P02368,HOME,PL_W706190954
P02368,WORK,PL_W174675012
P02368,CHILD_SCHOOL,PL_W224813127
P02369,HOME,PL_W706192716
P02369,WORK,PL_W231011596
P02370,HOME,PL_W31757289
P02370,WORK,PL_W657979497
P02371,HOME,PL_W170055112
P02371,WORK,PL_W61698864
P02372,HOME,PL_W32122686
P02372,WORK,PL_N9860246116
P02372,CHILD_SCHOOL,PL_W33503105
P02373,HOME,PL_W705737455
P02373,WORK,PL_N6603455801
P02373,CHILD_SCHOOL,PL_N2611249739
P02374,HOME,PL_W33036565
P02374,WORK,PL_W767435363
P02375,HOME,PL_W31363294
P02375,WORK,PL_W34690198
P02375,CHILD_SCHOOL,PL_W36370852
P02376,HOME,PL_W661777510
P02376,WORK,PL_N575248145
P02377,HOME,PL_W659252507
P02377,WORK,PL_N4331459749
P02377,CHILD_SCHOOL,PL_W34617360
P02378,HOME,PL_W170055114
P02378,WORK,PL_N2457631323
P02379,HOME,PL_W659452601
P02379,WORK,PL_W79156807
P02380,HOME,PL_W659245302
P02380,WORK,PL_W659572839
P02380,CHILD_SCHOOL,PL_N2356774165
P02381,HOME,PL_W659830722
P02381,UNIVERSITY,PL_N5925332816
P02382,HOME,PL_W659729919
P02382,WORK,PL_W33527943
P02383,HOME,PL_W660837812
P02383,WORK,PL_W31376101
P02384,HOME,PL_W659446984
P02384,WORK,PL_N5720831421
P02384,CHILD_SCHOOL,PL_W688047029
P02385,HOME,PL_W58867140
P02385,WORK,PL_N9159058105
P02386,HOME,PL_W1185807535
P02386,UNIVERSITY,PL_W505921693
P02386,CHILD_SCHOOL,PL_W704597788
P02387,HOME,PL_W31619122
P02387,WORK,PL_W659114588
P02388,HOME,PL_W659448677
P02388,WORK,PL_W34749843
P02388,CHILD_SCHOOL,PL_W705565519
P02389,HOME,PL_W978051266
P02389,WORK,PL_W804360646
P02389,CHILD_SCHOOL,PL_W24725316
P02390,HOME,PL_W661045646
P02390,WORK,PL_W662809507
P02391,HOME,PL_W531109678
P02391,WORK,PL_N13095333615
P02392,HOME,PL_W114706475
P02392,WORK,PL_W660081578
P02393,HOME,PL_W661323891
P02393,WORK,PL_W661323891
P02394,HOME,PL_W660838280
P02394,WORK,PL_N10253671824
P02395,HOME,PL_W32455674
P02395,WORK,PL_N5264935365
P02395,CHILD_SCHOOL,PL_W760791078
P02396,HOME,PL_W32667518
P02396,WORK,PL_W150909173
P02396,CHILD_SCHOOL,PL_W224672049
P02397,HOME,PL_W661920695
P02397,WORK,PL_W669719190
P02397,CHILD_SCHOOL,PL_W87327545
P02398,HOME,PL_W705010189
P02398,WORK,PL_W34414634
P02399,HOME,PL_W704993418
P02399,WORK,PL_W111661581
P02400,HOME,PL_W659451959
P02400,WORK,PL_W659451959
P02400,CHILD_SCHOOL,PL_W225936202
P02401,HOME,PL_W1245802035
P02401,WORK,PL_N4328463231
P02402,HOME,PL_W705222378
P02402,WORK,PL_N387446825
P02402,CHILD_SCHOOL,PL_W70509585
P02403,HOME,PL_W31373088
P02403,WORK,PL_N3488479618
P02403,CHILD_SCHOOL,PL_W33529943
P02404,HOME,PL_W660820157
P02404,WORK,PL_N2398841892
P02405,HOME,PL_W943428729
P02405,WORK,PL_N1883294985
P02406,HOME,PL_W660634125
P02406,WORK,PL_N2138426174
P02407,HOME,PL_W1204795460
P02407,UNIVERSITY,PL_N12091108919
P02408,HOME,PL_W705529513
P02408,UNIVERSITY,PL_W220190025
P02409,HOME,PL_W661049162
P02409,WORK,PL_W366547307
P02410,HOME,PL_W661050643
P02410,WORK,PL_N13917983710
P02410,CHILD_SCHOOL,PL_W705565520
P02411,HOME,PL_W1245802035
P02411,WORK,PL_W43805377
P02412,HOME,PL_W660634052
P02412,WORK,PL_W670195332
P02412,CHILD_SCHOOL,PL_N2332638609
P02413,HOME,PL_W659335347
P02413,WORK,PL_W237018695
P02413,CHILD_SCHOOL,PL_W71281899
P02414,HOME,PL_W43806328
P02414,WORK,PL_W33561118
P02415,HOME,PL_W660634395
P02415,WORK,PL_W661650364
P02416,HOME,PL_W663051500
P02416,WORK,PL_W663051500
P02417,HOME,PL_W660307525
P02417,WORK,PL_N6711381748
P02418,HOME,PL_W33564021
P02418,WORK,PL_W670106663
P02418,CHILD_SCHOOL,PL_W122301356
P02419,HOME,PL_W43806328
P02419,WORK,PL_N6592055413
P02420,HOME,PL_W31619121
P02420,WORK,PL_W55036297
P02420,CHILD_SCHOOL,PL_W33541164
P02421,HOME,PL_W662388728
P02421,WORK,PL_W147496461
P02422,HOME,PL_W43811018
P02422,WORK,PL_W367536575
P02423,HOME,PL_W662145019
P02423,WORK,PL_W659833237
P02423,CHILD_SCHOOL,PL_W34777564
P02424,HOME,PL_W705011701
P02424,WORK,PL_W943602453
P02425,HOME,PL_W661050369
P02425,WORK,PL_N13955798990
P02426,HOME,PL_W661076398
P02426,WORK,PL_N6711380523
P02427,HOME,PL_W705649169
P02427,WORK,PL_W671011435
P02428,HOME,PL_W704993431
P02428,WORK,PL_W43808486
P02429,HOME,PL_W31451200
P02429,WORK,PL_N7708243589
P02430,HOME,PL_W659333687
P02430,UNIVERSITY,PL_N12312756757
P02431,HOME,PL_W705011704
P02431,WORK,PL_W62058559
P02432,HOME,PL_W659732256
P02432,WORK,PL_W953878382
P02433,HOME,PL_W34229575
P02433,WORK,PL_W62057334
P02434,HOME,PL_W659839184
P02434,WORK,PL_W34121733
P02434,CHILD_SCHOOL,PL_N2332638609
P02435,HOME,PL_W661824449
P02435,WORK,PL_W43806171
P02435,CHILD_SCHOOL,PL_W42530511
P02436,HOME,PL_W704196071
P02436,WORK,PL_N13765064554
P02436,CHILD_SCHOOL,PL_W25366324
P02437,HOME,PL_W572761409
P02437,WORK,PL_W32024839
P02438,HOME,PL_W659455251
P02438,WORK,PL_W231982024
P02438,CHILD_SCHOOL,PL_W56127102
P02439,HOME,PL_W31754493
P02439,WORK,PL_N13381140953
P02440,HOME,PL_W34229575
P02440,WORK,PL_W32572548
P02440,CHILD_SCHOOL,PL_W225936203
P02441,HOME,PL_W31754690
P02441,WORK,PL_W34546444
P02441,CHILD_SCHOOL,PL_W225859145
P02442,HOME,PL_W704229404
P02442,WORK,PL_W953878382
P02443,HOME,PL_W706192709
P02443,WORK,PL_W34546289
P02443,CHILD_SCHOOL,PL_W56868358
P02444,HOME,PL_W1203379925
P02444,WORK,PL_W137916397
P02445,HOME,PL_W661648853
P02445,WORK,PL_W661648853
P02446,HOME,PL_W704993428
P02446,WORK,PL_W103095385
P02447,HOME,PL_W31756311
P02447,WORK,PL_W662253498
P02447,CHILD_SCHOOL,PL_W33503151
P02448,HOME,PL_W659245483
P02448,WORK,PL_W657936244
P02448,CHILD_SCHOOL,PL_W760840673
P02449,HOME,PL_W143654373
P02449,WORK,PL_N992360568
P02449,CHILD_SCHOOL,PL_N4264646734
P02450,HOME,PL_W660831382
P02450,WORK,PL_W32706591
P02451,HOME,PL_W31757287
P02451,WORK,PL_W34749850
P02451,CHILD_SCHOOL,PL_W35836135
P02452,HOME,PL_W662095051
P02452,WORK,PL_W658467409
P02452,CHILD_SCHOOL,PL_W41364187
P02453,HOME,PL_W703776817
P02453,WORK,PL_W106181672
P02453,CHILD_SCHOOL,PL_W688267161
P02454,HOME,PL_W830376549
P02454,WORK,PL_N12128564062
P02454,CHILD_SCHOOL,PL_W36544304
P02455,HOME,PL_W705507608
P02455,WORK,PL_N1654356008
P02456,HOME,PL_W41405388
P02456,WORK,PL_N12955164258
P02457,HOME,PL_W67141587
P02457,WORK,PL_W333192896
P02457,CHILD_SCHOOL,PL_W703423111
P02458,HOME,PL_W706078542
P02458,WORK,PL_W659588101
P02458,CHILD_SCHOOL,PL_W24159328
P02459,HOME,PL_W704287221
P02459,WORK,PL_W979189719
P02459,CHILD_SCHOOL,PL_W186575106
P02460,HOME,PL_W705011690
P02460,WORK,PL_N7935858885
P02461,HOME,PL_W32455671
P02461,WORK,PL_N3714090730
P02462,HOME,PL_W34229573
P02462,WORK,PL_N13198788810
P02463,HOME,PL_W57079616
P02463,WORK,PL_N6358489624
P02464,HOME,PL_W659451949
P02464,WORK,PL_N7575669938
P02465,HOME,PL_W662775868
P02465,WORK,PL_W537868893
P02466,HOME,PL_W705011701
P02466,WORK,PL_W420792789
P02467,HOME,PL_W43804755
P02467,WORK,PL_W69966012
P02468,HOME,PL_W661634979
P02468,WORK,PL_W275007753
P02468,CHILD_SCHOOL,PL_W195493031
P02469,HOME,PL_W31757882
P02469,WORK,PL_W671097359
P02470,HOME,PL_W661650082
P02470,WORK,PL_W339360513
P02470,CHILD_SCHOOL,PL_W171477484
P02471,HOME,PL_W662761993
P02471,WORK,PL_W62057772
P02472,HOME,PL_W705529523
P02472,WORK,PL_N5457436822
P02472,CHILD_SCHOOL,PL_W36370852
P02473,HOME,PL_W1204794241
P02473,WORK,PL_N8009441679
P02474,HOME,PL_W661075655
P02474,WORK,PL_N6811531612
P02474,CHILD_SCHOOL,PL_W36332059
P02475,HOME,PL_W33036594
P02475,UNIVERSITY,PL_N1518532024
P02476,HOME,PL_W1275510427
P02476,WORK,PL_N763667715
P02476,CHILD_SCHOOL,PL_W56184642
P02477,HOME,PL_W660806673
P02477,UNIVERSITY,PL_W23447514
P02478,HOME,PL_W702142765
P02478,WORK,PL_W951835028
P02479,HOME,PL_W231013507
P02479,WORK,PL_W1042084198
P02480,HOME,PL_W336113000
P02480,WORK,PL_W336113000
P02481,HOME,PL_W1163968780
P02481,WORK,PL_W659427555
P02481,CHILD_SCHOOL,PL_W161236234
P02482,HOME,PL_W660177425
P02482,WORK,PL_W58924880
P02483,HOME,PL_W662176881
P02483,WORK,PL_N12344862008
P02483,CHILD_SCHOOL,PL_W36370852
P02484,HOME,PL_W661065576
P02484,WORK,PL_W117593766
P02484,CHILD_SCHOOL,PL_W705125019
P02485,HOME,PL_W705170970
P02485,WORK,PL_W703436006
P02485,CHILD_SCHOOL,PL_W32819968
P02486,HOME,PL_W31757784
P02486,WORK,PL_W660624564
P02486,CHILD_SCHOOL,PL_W41364187
P02487,HOME,PL_W659548966
P02487,WORK,PL_W67139117
P02487,CHILD_SCHOOL,PL_W705845654
P02488,HOME,PL_W704729324
P02488,WORK,PL_W170053304
P02488,CHILD_SCHOOL,PL_W703423111
P02489,HOME,PL_W661840241
P02489,WORK,PL_W62256155
P02490,HOME,PL_W704229383
P02490,WORK,PL_W255630384
P02491,HOME,PL_W659447762
P02491,WORK,PL_N13614787408
P02492,HOME,PL_W31757254
P02492,WORK,PL_N8851178360
P02492,CHILD_SCHOOL,PL_W703423111
P02493,HOME,PL_W1275521510
P02493,WORK,PL_N5176791494
P02493,CHILD_SCHOOL,PL_W31956205
P02494,HOME,PL_W31757882
P02494,WORK,PL_N12697813980
P02494,CHILD_SCHOOL,PL_W56051919
P02495,HOME,PL_W659446064
P02495,WORK,PL_N11803596926
P02495,CHILD_SCHOOL,PL_W688268884
P02496,HOME,PL_W660602648
P02496,WORK,PL_W663828868
P02497,HOME,PL_W659333397
P02497,UNIVERSITY,PL_N12898232996
P02498,HOME,PL_W661075198
P02498,WORK,PL_W31560496
P02498,CHILD_SCHOOL,PL_W57052280
P02499,HOME,PL_W704288166
P02499,WORK,PL_W83232093
P02499,CHILD_SCHOOL,PL_W688267157
P02500,HOME,PL_W195460223
P02500,WORK,PL_W34121733
P02501,HOME,PL_W661330259
P02501,WORK,PL_N12861648672
P02501,CHILD_SCHOOL,PL_W33541185
P02502,HOME,PL_W31757273
P02502,WORK,PL_N13953080605
P02503,HOME,PL_W32820133
P02503,UNIVERSITY,PL_N12322231472
P02504,HOME,PL_W31754686
P02504,WORK,PL_N6310788379
P02505,HOME,PL_W195460168
P02505,WORK,PL_W657721259
P02506,HOME,PL_W659547322
P02506,WORK,PL_W179222094
P02507,HOME,PL_W660602136
P02507,WORK,PL_N6373239279
P02507,CHILD_SCHOOL,PL_W122480554
P02508,HOME,PL_W1202300282
P02508,WORK,PL_W662100020
P02509,HOME,PL_W659732801
P02509,WORK,PL_W27767640
P02510,HOME,PL_W662498855
P02510,WORK,PL_W58646436
P02510,CHILD_SCHOOL,PL_W179180309
P02511,HOME,PL_W31451019
P02511,WORK,PL_N8378965786
P02511,CHILD_SCHOOL,PL_W36331867
P02512,HOME,PL_W61955719
P02512,WORK,PL_W661251368
P02512,CHILD_SCHOOL,PL_W703752577
P02513,HOME,PL_W660819593
P02513,WORK,PL_N6543821802
P02514,HOME,PL_W31373086
P02514,WORK,PL_W1034600126
P02514,CHILD_SCHOOL,PL_W35798021
P02515,HOME,PL_W662142783
P02515,WORK,PL_W661896791
P02516,HOME,PL_W32455673
P02516,WORK,PL_N2849284957
P02517,HOME,PL_W702145957
P02517,WORK,PL_W702145957
P02517,CHILD_SCHOOL,PL_W42525407
P02518,HOME,PL_W659454081
P02518,WORK,PL_N13973198333
P02518,CHILD_SCHOOL,PL_W688047029
P02519,HOME,PL_W31757288
P02519,WORK,PL_W56062733
P02519,CHILD_SCHOOL,PL_W65239313
P02520,HOME,PL_W662389276
P02520,WORK,PL_W34587723
P02520,CHILD_SCHOOL,PL_W32121754
P02521,HOME,PL_W661471027
P02521,WORK,PL_W181032381
P02522,HOME,PL_W31757254
P02522,WORK,PL_W657935997
P02522,CHILD_SCHOOL,PL_W180044576
P02523,HOME,PL_W43804755
P02523,WORK,PL_W27767631
P02524,HOME,PL_W659447838
P02524,WORK,PL_W659605921
P02525,HOME,PL_W705170970
P02525,WORK,PL_N2876277281
P02526,HOME,PL_W704292294
P02526,WORK,PL_W661471724
P02527,HOME,PL_W660078718
P02527,WORK,PL_W661511461
P02527,CHILD_SCHOOL,PL_W26949764
P02528,HOME,PL_W67091562
P02528,UNIVERSITY,PL_N547498239
P02529,HOME,PL_W705529515
P02529,WORK,PL_N5987043916
P02530,HOME,PL_W170052744
P02530,WORK,PL_W170052744
P02530,CHILD_SCHOOL,PL_W224674925
P02531,HOME,PL_W703776820
P02531,WORK,PL_W56010221
P02531,CHILD_SCHOOL,PL_W235324578
P02532,HOME,PL_W661840699
P02532,WORK,PL_W660081848
P02532,CHILD_SCHOOL,PL_W70509378
P02533,HOME,PL_W705011701
P02533,WORK,PL_W61429677
P02534,HOME,PL_W661636757
P02534,WORK,PL_N1355709826
P02534,CHILD_SCHOOL,PL_N2336690053
P02535,HOME,PL_W659334343
P02535,WORK,PL_W34121572
P02535,CHILD_SCHOOL,PL_W34229259
P02536,HOME,PL_W31757867
P02536,WORK,PL_W804639074
P02537,HOME,PL_W334725258
P02537,UNIVERSITY,PL_N9139819377
P02538,HOME,PL_W702145963
P02538,WORK,PL_W103095385
P02538,CHILD_SCHOOL,PL_W705563025
P02539,HOME,PL_W1163968779
P02539,WORK,PL_W662379977
P02540,HOME,PL_W31619296
P02540,WORK,PL_W703944412
P02540,CHILD_SCHOOL,PL_W35798021
P02541,HOME,PL_W659731886
P02541,WORK,PL_W33729470
P02541,CHILD_SCHOOL,PL_W705565521
P02542,HOME,PL_W702142765
P02542,WORK,PL_N6548220172
P02543,HOME,PL_W659829644
P02543,WORK,PL_N279426852
P02544,HOME,PL_W705529519
P02544,WORK,PL_N6314606865
P02545,HOME,PL_W659334120
P02545,WORK,PL_W797150068
P02546,HOME,PL_W31619128
P02546,UNIVERSITY,PL_W1502658805
P02547,HOME,PL_W705121021
P02547,WORK,PL_W705649177
P02548,HOME,PL_W662176876
P02548,WORK,PL_W34165788
P02548,CHILD_SCHOOL,PL_W224442293
P02549,HOME,PL_W705624356
P02549,WORK,PL_W556114691
P02549,CHILD_SCHOOL,PL_W34617361
P02550,HOME,PL_W662176276
P02550,WORK,PL_W43808518
P02551,HOME,PL_W170051471
P02551,WORK,PL_N5675864740
P02551,CHILD_SCHOOL,PL_W35798778
P02552,HOME,PL_W31616712
P02552,WORK,PL_W77039474
P02552,CHILD_SCHOOL,PL_W684083281
P02553,HOME,PL_W31622241
P02553,WORK,PL_W659427596
P02554,HOME,PL_W662094577
P02554,WORK,PL_W61759775
P02555,HOME,PL_W659340841
P02555,WORK,PL_W179297875
P02556,HOME,PL_W660817381
P02556,WORK,PL_N308697096
P02557,HOME,PL_W661048062
P02557,WORK,PL_W661774418
P02558,HOME,PL_W659453010
P02558,WORK,PL_W677922579
P02558,CHILD_SCHOOL,PL_W705011693
P02559,HOME,PL_W31756348
P02559,WORK,PL_N2844172259
P02560,HOME,PL_W706192709
P02560,WORK,PL_N13106462369
P02560,CHILD_SCHOOL,PL_W164599151
P02561,HOME,PL_W656561712
P02561,WORK,PL_N5706121222
P02562,HOME,PL_W770873612
P02562,WORK,PL_N12154770140
P02563,HOME,PL_W661066596
P02563,WORK,PL_W61511473
P02564,HOME,PL_W31451004
P02564,WORK,PL_W27767640
P02565,HOME,PL_W659242436
P02565,WORK,PL_W1545155869
P02566,HOME,PL_W705740396
P02566,WORK,PL_W67138271
P02567,HOME,PL_W661635384
P02567,WORK,PL_N13428836128
P02567,CHILD_SCHOOL,PL_W224816805
P02568,HOME,PL_W661778839
P02568,WORK,PL_W184227161
P02568,CHILD_SCHOOL,PL_W760840673
P02569,HOME,PL_W659250101
P02569,WORK,PL_W704594307
P02569,CHILD_SCHOOL,PL_W121969533
P02570,HOME,PL_W659446244
P02570,WORK,PL_N3485479627
P02570,CHILD_SCHOOL,PL_W225936203
P02571,HOME,PL_W1275524426
P02571,WORK,PL_W33582108
P02571,CHILD_SCHOOL,PL_W226096987
P02572,HOME,PL_W662143361
P02572,WORK,PL_W658301630
P02573,HOME,PL_W31373089
P02573,WORK,PL_W660829943
P02573,CHILD_SCHOOL,PL_W36747098
P02574,HOME,PL_W660633676
P02574,WORK,PL_N2018989007
P02574,CHILD_SCHOOL,PL_W57052280
P02575,HOME,PL_W662145109
P02575,WORK,PL_N6481876649
P02575,CHILD_SCHOOL,PL_W705563025
P02576,HOME,PL_W660633443
P02576,UNIVERSITY,PL_N1515959209
P02576,CHILD_SCHOOL,PL_W160521056
P02577,HOME,PL_W170052637
P02577,WORK,PL_W61011663
P02577,CHILD_SCHOOL,PL_W171056869
P02578,HOME,PL_W34777552
P02578,WORK,PL_W493535925
P02579,HOME,PL_W706078542
P02579,WORK,PL_W691996415
P02579,CHILD_SCHOOL,PL_W43613879
P02580,HOME,PL_W31757288
P02580,WORK,PL_W669862621
P02581,HOME,PL_W277289884
P02581,WORK,PL_W31620421
P02581,CHILD_SCHOOL,PL_W36791041
P02582,HOME,PL_W31373083
P02582,WORK,PL_W31373083
P02582,CHILD_SCHOOL,PL_W122317772
P02583,HOME,PL_W42472531
P02583,WORK,PL_N7557291258
P02584,HOME,PL_W659242914
P02584,WORK,PL_W56064224
P02585,HOME,PL_W43807957
P02585,UNIVERSITY,PL_W1504227412
P02586,HOME,PL_W659453906
P02586,WORK,PL_N5262447517
P02586,CHILD_SCHOOL,PL_W822689780
P02587,HOME,PL_W31619128
P02587,UNIVERSITY,PL_W23447424
P02588,HOME,PL_W706078557
P02588,WORK,PL_W35798735
P02589,HOME,PL_W704229392
P02589,WORK,PL_W704229392
P02590,HOME,PL_W36791492
P02590,WORK,PL_W32540329
P02591,HOME,PL_W1204734589
P02591,WORK,PL_W59244459
P02592,HOME,PL_W705011706
P02592,WORK,PL_W705011706
P02592,CHILD_SCHOOL,PL_W34228912
P02593,HOME,PL_W661568879
P02593,WORK,PL_W661568879
P02594,HOME,PL_W704196083
P02594,UNIVERSITY,PL_N13879320058
P02595,HOME,PL_W661075921
P02595,WORK,PL_W61014137
P02595,CHILD_SCHOOL,PL_W41364187
P02596,HOME,PL_W661066509
P02596,WORK,PL_N6358218806
P02597,HOME,PL_W660637850
P02597,WORK,PL_W60482844
P02598,HOME,PL_W334725258
P02598,WORK,PL_W105516615
P02598,CHILD_SCHOOL,PL_W56184642
P02599,HOME,PL_W659454902
P02599,WORK,PL_W34176233
P02600,HOME,PL_W702167759
P02600,WORK,PL_N13374897386
P02601,HOME,PL_W1204772274
P02601,WORK,PL_W56433525
P02601,CHILD_SCHOOL,PL_W25288139
P02602,HOME,PL_W31616723
P02602,UNIVERSITY,PL_N13670266862
P02603,HOME,PL_W705109218
P02603,WORK,PL_N5016411587
P02603,CHILD_SCHOOL,PL_W37783057
P02604,HOME,PL_W661325522
P02604,WORK,PL_N13187015990
P02605,HOME,PL_W706093841
P02605,WORK,PL_N335831142
P02606,HOME,PL_W660603088
P02606,WORK,PL_N14077049219
P02607,HOME,PL_W660347522
P02607,WORK,PL_W659094350
P02608,HOME,PL_W659445402
P02608,WORK,PL_W27767635
P02609,HOME,PL_W31373437
P02609,WORK,PL_W31620037
P02610,HOME,PL_W114706282
P02610,WORK,PL_W32326391
P02610,CHILD_SCHOOL,PL_W36370852
P02611,HOME,PL_W661050451
P02611,WORK,PL_W697173971
P02611,CHILD_SCHOOL,PL_W34617361
P02612,HOME,PL_W659839646
P02612,UNIVERSITY,PL_N13932534615
P02613,HOME,PL_W659461426
P02613,UNIVERSITY,PL_N11091336111
P02614,HOME,PL_W703946864
P02614,WORK,PL_W1315961630
P02614,CHILD_SCHOOL,PL_W705563029
P02615,HOME,PL_W31754690
P02615,WORK,PL_W31926889
P02616,HOME,PL_W659733091
P02616,WORK,PL_N6873273229
P02616,CHILD_SCHOOL,PL_W224674925
P02617,HOME,PL_W661471172
P02617,WORK,PL_W658233514
P02618,HOME,PL_W705882031
P02618,WORK,PL_N12159951206
P02619,HOME,PL_W662725990
P02619,WORK,PL_N13537314229
P02620,HOME,PL_W1245776624
P02620,WORK,PL_N6334218973
P02621,HOME,PL_W33036598
P02621,WORK,PL_W93811567
P02621,CHILD_SCHOOL,PL_N3575731091
P02622,HOME,PL_W659731351
P02622,WORK,PL_N6365262300
P02623,HOME,PL_W659247722
P02623,WORK,PL_W661951760
P02624,HOME,PL_W33564022
P02624,WORK,PL_W27767625
P02624,CHILD_SCHOOL,PL_W255480069
P02625,HOME,PL_W31617606
P02625,WORK,PL_W122205423
P02625,CHILD_SCHOOL,PL_W59584330
P02626,HOME,PL_W1426163152
P02626,WORK,PL_W32805251
P02627,HOME,PL_W659728919
P02627,WORK,PL_W663827169
P02627,CHILD_SCHOOL,PL_W255480069
P02628,HOME,PL_W662143380
P02628,WORK,PL_N13691299349
P02629,HOME,PL_W36888103
P02629,WORK,PL_N7751944171
P02629,CHILD_SCHOOL,PL_W282961787
P02630,HOME,PL_W659333793
P02630,UNIVERSITY,PL_W1504222043
P02631,HOME,PL_W661565136
P02631,WORK,PL_W32742071
P02631,CHILD_SCHOOL,PL_W224442293
P02632,HOME,PL_W659340446
P02632,WORK,PL_W43804724
P02633,HOME,PL_W31754596
P02633,WORK,PL_W34166047
P02634,HOME,PL_W702560123
P02634,WORK,PL_W661314414
P02634,CHILD_SCHOOL,PL_W121969533
P02635,HOME,PL_W660585327
P02635,WORK,PL_W69966012
P02635,CHILD_SCHOOL,PL_W14608518
P02636,HOME,PL_W659448763
P02636,WORK,PL_W273616578
P02637,HOME,PL_W31451021
P02637,WORK,PL_N11582739982
P02637,CHILD_SCHOOL,PL_W34617709
P02638,HOME,PL_W31617615
P02638,WORK,PL_W106201344
P02639,HOME,PL_W660584984
P02639,WORK,PL_W660584984
P02639,CHILD_SCHOOL,PL_W36543496
P02640,HOME,PL_W705010197
P02640,WORK,PL_W67132136
P02640,CHILD_SCHOOL,PL_W42709352
P02641,HOME,PL_W41405393
P02641,WORK,PL_W663828899
P02642,HOME,PL_W702557441
P02642,WORK,PL_N12830420847
P02643,HOME,PL_W659447532
P02643,WORK,PL_N1268641370
P02644,HOME,PL_W662710084
P02644,WORK,PL_W187859275
P02645,HOME,PL_W31754690
P02645,WORK,PL_W461483024
P02646,HOME,PL_W186544588
P02646,WORK,PL_N682232893
P02646,CHILD_SCHOOL,PL_W36368280
P02647,HOME,PL_W660637217
P02647,WORK,PL_W274569751
P02647,CHILD_SCHOOL,PL_N7108106148
P02648,HOME,PL_W31757792
P02648,WORK,PL_N2398945285
P02649,HOME,PL_W660838024
P02649,UNIVERSITY,PL_W23447514
P02650,HOME,PL_W706236183
P02650,WORK,PL_N5058550322
P02650,CHILD_SCHOOL,PL_W703752577
P02651,HOME,PL_W659830338
P02651,WORK,PL_N4015549356
P02651,CHILD_SCHOOL,PL_W224897072
P02652,HOME,PL_W661921258
P02652,WORK,PL_W657979508
P02652,CHILD_SCHOOL,PL_W24725316
P02653,HOME,PL_W1075558487
P02653,WORK,PL_W692017153
P02653,CHILD_SCHOOL,PL_W36543325
P02654,HOME,PL_W660078031
P02654,UNIVERSITY,PL_W1504227413
P02655,HOME,PL_W660830849
P02655,WORK,PL_W943602453
P02656,HOME,PL_W1520600047
P02656,WORK,PL_W703776807
P02656,CHILD_SCHOOL,PL_W760844017
P02657,HOME,PL_W659448143
P02657,WORK,PL_N13921355619
P02658,HOME,PL_W659548259
P02658,WORK,PL_W43806144
P02659,HOME,PL_W122356169
P02659,WORK,PL_N13107676346
P02660,HOME,PL_W660633398
P02660,WORK,PL_W237018695
P02661,HOME,PL_W31754597
P02661,WORK,PL_W33527943
P02662,HOME,PL_W659454153
P02662,WORK,PL_N10087958867
P02663,HOME,PL_W31616721
P02663,WORK,PL_W160173309
P02663,CHILD_SCHOOL,PL_W33725547
P02664,HOME,PL_W660819976
P02664,WORK,PL_N11005867398
P02665,HOME,PL_W660837776
P02665,WORK,PL_W305249558
P02666,HOME,PL_W31754694
P02666,WORK,PL_W150494721
P02666,CHILD_SCHOOL,PL_W33725547
P02667,HOME,PL_W706190952
P02667,WORK,PL_N2132778188
P02668,HOME,PL_W31754690
P02668,WORK,PL_W97180148
P02669,HOME,PL_W704945373
P02669,WORK,PL_W704945373
P02670,HOME,PL_W662762761
P02670,WORK,PL_N5037595548
P02671,HOME,PL_W659250569
P02671,WORK,PL_W55896876
P02672,HOME,PL_W43806062
P02672,WORK,PL_W231773826
P02673,HOME,PL_W31617615
P02673,WORK,PL_N2511713490
P02674,HOME,PL_W31754596
P02674,WORK,PL_W58849210
P02674,CHILD_SCHOOL,PL_W28273222
P02675,HOME,PL_W704594312
P02675,WORK,PL_W61429677
P02676,HOME,PL_W704228133
P02676,UNIVERSITY,PL_N11115201179
P02677,HOME,PL_W662711112
P02677,WORK,PL_W105516615
P02677,CHILD_SCHOOL,PL_W224809461
P02678,HOME,PL_W705222396
P02678,WORK,PL_W705222396
P02679,HOME,PL_W31617610
P02679,WORK,PL_W31778884
P02680,HOME,PL_W31560363
P02680,WORK,PL_N2158052267
P02681,HOME,PL_W659447358
P02681,UNIVERSITY,PL_N12623084524
P02682,HOME,PL_W660079529
P02682,WORK,PL_W661774573
P02682,CHILD_SCHOOL,PL_W42709352
P02683,HOME,PL_W43804755
P02683,WORK,PL_W43804755
P02684,HOME,PL_W1275518423
P02684,WORK,PL_W159218218
P02685,HOME,PL_W1163968779
P02685,WORK,PL_W1163968779
P02685,CHILD_SCHOOL,PL_W417888719
P02686,HOME,PL_W661066028
P02686,WORK,PL_W669623915
P02686,CHILD_SCHOOL,PL_W36880102
P02687,HOME,PL_W457749630
P02687,WORK,PL_W33542526
P02687,CHILD_SCHOOL,PL_W33394479
P02688,HOME,PL_W703948822
P02688,WORK,PL_N6386975405
P02688,CHILD_SCHOOL,PL_N13705682293
P02689,HOME,PL_W31757289
P02689,WORK,PL_W797150010
P02689,CHILD_SCHOOL,PL_W36951033
P02690,HOME,PL_W32667517
P02690,WORK,PL_W32667517
P02691,HOME,PL_W661956514
P02691,WORK,PL_W660358183
P02691,CHILD_SCHOOL,PL_W760844017
P02692,HOME,PL_W41405386
P02692,WORK,PL_W31366345
P02693,HOME,PL_W99094306
P02693,WORK,PL_W58560214
P02694,HOME,PL_W659243239
P02694,UNIVERSITY,PL_N9376637799
P02695,HOME,PL_W703948822
P02695,WORK,PL_W903220543
P02695,CHILD_SCHOOL,PL_W32819968
P02696,HOME,PL_W659252900
P02696,WORK,PL_W77739672
P02697,HOME,PL_W43804991
P02697,WORK,PL_W659606605
P02698,HOME,PL_W659448102
P02698,WORK,PL_W66969840
P02699,HOME,PL_W112440002
P02699,WORK,PL_W702116989
P02699,CHILD_SCHOOL,PL_W225859145
P02700,HOME,PL_W659244930
P02700,WORK,PL_W659244930
P02701,HOME,PL_W31754568
P02701,WORK,PL_W97180148
P02702,HOME,PL_W660603438
P02702,WORK,PL_W660603438
P02703,HOME,PL_W31757256
P02703,WORK,PL_W660836274
P02704,HOME,PL_W1204907027
P02704,WORK,PL_W44076451
P02705,HOME,PL_W659451633
P02705,UNIVERSITY,PL_N4957538454
P02706,HOME,PL_W31757882
P02706,WORK,PL_N7745283680
P02707,HOME,PL_W31560364
P02707,WORK,PL_W1098900364
P02707,CHILD_SCHOOL,PL_W33503105
P02708,HOME,PL_W41405408
P02708,WORK,PL_W660620516
P02709,HOME,PL_W661048285
P02709,WORK,PL_N13284208468
P02709,CHILD_SCHOOL,PL_W705845654
P02710,HOME,PL_W55200610
P02710,WORK,PL_N6762402711
P02710,CHILD_SCHOOL,PL_W274833682
P02711,HOME,PL_W661205155
P02711,WORK,PL_W461483955
P02712,HOME,PL_W31373437
P02712,WORK,PL_W59036010
P02712,CHILD_SCHOOL,PL_W24986415
P02713,HOME,PL_W43805755
P02713,WORK,PL_W702145965
P02714,HOME,PL_W43804991
P02714,WORK,PL_W33471348
P02715,HOME,PL_W31757861
P02715,WORK,PL_W658018658
P02716,HOME,PL_W661049999
P02716,WORK,PL_W113438126
P02716,CHILD_SCHOOL,PL_W705125019
P02717,HOME,PL_W661331688
P02717,WORK,PL_W702116989
P02717,CHILD_SCHOOL,PL_W703420514
P02718,HOME,PL_W31757289
P02718,WORK,PL_W301418957
P02718,CHILD_SCHOOL,PL_W224136220
P02719,HOME,PL_W659335273
P02719,WORK,PL_N12037724699
P02720,HOME,PL_W660819593
P02720,WORK,PL_W661291872
P02720,CHILD_SCHOOL,PL_W289382175
P02721,HOME,PL_W704993424
P02721,WORK,PL_N966850310
P02722,HOME,PL_W1275518414
P02722,WORK,PL_W660836586
P02723,HOME,PL_W42472532
P02723,WORK,PL_W663827189
P02724,HOME,PL_W114706282
P02724,WORK,PL_N7551808696
P02725,HOME,PL_W705737455
P02725,WORK,PL_W28025961
P02726,HOME,PL_W36888103
P02726,WORK,PL_N13879355830
P02727,HOME,PL_W705109233
P02727,WORK,PL_W27767625
P02728,HOME,PL_W31451094
P02728,WORK,PL_N2143160791
P02728,CHILD_SCHOOL,PL_W224817368
P02729,HOME,PL_W661275772
P02729,UNIVERSITY,PL_W61759776
P02730,HOME,PL_W31754575
P02730,WORK,PL_W660836754
P02730,CHILD_SCHOOL,PL_W224672049
P02731,HOME,PL_W36921200
P02731,WORK,PL_N3159506029
P02731,CHILD_SCHOOL,PL_W189427810
P02732,HOME,PL_W662775356
P02732,WORK,PL_W34582314
P02732,CHILD_SCHOOL,PL_W42525283
P02733,HOME,PL_W662388915
P02733,WORK,PL_W659239700
P02734,HOME,PL_W33036596
P02734,WORK,PL_N4301059282
P02735,HOME,PL_W705740399
P02735,WORK,PL_N6567866466
P02736,HOME,PL_W225767241
P02736,WORK,PL_W335886375
P02737,HOME,PL_W170055111
P02737,WORK,PL_N7581338750
P02738,HOME,PL_W702160075
P02738,WORK,PL_W34587723
P02738,CHILD_SCHOOL,PL_W26949764
P02739,HOME,PL_W704292286
P02739,WORK,PL_N9214880503
P02740,HOME,PL_W705010179
P02740,WORK,PL_N13025831401
P02740,CHILD_SCHOOL,PL_W224816805
P02741,HOME,PL_W41405411
P02741,WORK,PL_W705121022
P02742,HOME,PL_W705519685
P02742,WORK,PL_W659427973
P02743,HOME,PL_W661470239
P02743,UNIVERSITY,PL_N12537548075
P02744,HOME,PL_W978051258
P02744,UNIVERSITY,PL_N13879320058
P02745,HOME,PL_W67141587
P02745,WORK,PL_W58646805
P02745,CHILD_SCHOOL,PL_W36544304
P02746,HOME,PL_W659454560
P02746,WORK,PL_W661898672
P02747,HOME,PL_W656562319
P02747,WORK,PL_W57053333
P02748,HOME,PL_W122356169
P02748,WORK,PL_W206771722
P02748,CHILD_SCHOOL,PL_W36746611
P02749,HOME,PL_W705565537
P02749,WORK,PL_N5120625024
P02750,HOME,PL_W33036599
P02750,WORK,PL_W659629198
P02751,HOME,PL_W659448741
P02751,WORK,PL_N12271842265
P02751,CHILD_SCHOOL,PL_W36870739
P02752,HOME,PL_W705565527
P02752,WORK,PL_W34749533
P02752,CHILD_SCHOOL,PL_W760840673
P02753,HOME,PL_W31617606
P02753,WORK,PL_W24985307
P02753,CHILD_SCHOOL,PL_W56201673
P02754,HOME,PL_W662095051
P02754,WORK,PL_W43805442
P02754,CHILD_SCHOOL,PL_W24986415
P02755,HOME,PL_W662726032
P02755,WORK,PL_W34582249
P02755,CHILD_SCHOOL,PL_W30966656
P02756,HOME,PL_W450697861
P02756,WORK,PL_W658961495
P02757,HOME,PL_W450697861
P02757,WORK,PL_W60330204
P02757,CHILD_SCHOOL,PL_W274163820
P02758,HOME,PL_W33036596
P02758,WORK,PL_W34484466
P02759,HOME,PL_W705010179
P02759,WORK,PL_W141284992
P02760,HOME,PL_W58936391
P02760,WORK,PL_W34582267
P02761,HOME,PL_W978051269
P02761,WORK,PL_W56062712
P02762,HOME,PL_W659448036
P02762,WORK,PL_W659448036
P02763,HOME,PL_W660819593
P02763,WORK,PL_N13953218678
P02763,CHILD_SCHOOL,PL_W36747398
P02764,HOME,PL_W661206868
P02764,UNIVERSITY,PL_N10977886210
P02765,HOME,PL_W702169121
P02765,WORK,PL_W34582301
P02765,CHILD_SCHOOL,PL_W189427810
P02766,HOME,PL_W659731549
P02766,WORK,PL_W661334779
P02767,HOME,PL_W41405376
P02767,WORK,PL_W61698932
P02767,CHILD_SCHOOL,PL_W125776367
P02768,HOME,PL_W31373435
P02768,WORK,PL_W662098432
P02768,CHILD_SCHOOL,PL_N7108106148
P02769,HOME,PL_W221555655
P02769,WORK,PL_W236148180
P02769,CHILD_SCHOOL,PL_W33503151
P02770,HOME,PL_W660819134
P02770,WORK,PL_W676042518
P02771,HOME,PL_W1410990461
P02771,WORK,PL_N3718604188
P02772,HOME,PL_W659447868
P02772,WORK,PL_N12915561200
P02773,HOME,PL_W660838469
P02773,WORK,PL_N9579423484
P02774,HOME,PL_W89185222
P02774,WORK,PL_W89185222
P02775,HOME,PL_W372474199
P02775,WORK,PL_W43804173
P02775,CHILD_SCHOOL,PL_W224815295
P02776,HOME,PL_W31756292
P02776,WORK,PL_W1256755741
P02777,HOME,PL_W661075834
P02777,WORK,PL_N10937950338
P02778,HOME,PL_W31616712
P02778,WORK,PL_W31758753
P02779,HOME,PL_W662774912
P02779,WORK,PL_N391086244
P02780,HOME,PL_W659460140
P02780,WORK,PL_N13294458791
P02781,HOME,PL_W334725258
P02781,WORK,PL_W1099743736
P02782,HOME,PL_W704196063
P02782,WORK,PL_W129729325
P02783,HOME,PL_W704946498
P02783,WORK,PL_N383448328
P02783,CHILD_SCHOOL,PL_W25366324
P02784,HOME,PL_W703752579
P02784,WORK,PL_N6495425603
P02785,HOME,PL_W661276455
P02785,WORK,PL_W179653213
P02786,HOME,PL_W702141526
P02786,WORK,PL_W659629256
P02786,CHILD_SCHOOL,PL_W703420516
P02787,HOME,PL_W705529530
P02787,WORK,PL_W661345981
P02787,CHILD_SCHOOL,PL_W33396855
P02788,HOME,PL_W706093841
P02788,WORK,PL_N6711360535
P02789,HOME,PL_W659453670
P02789,WORK,PL_W420799756
P02790,HOME,PL_W704597789
P02790,WORK,PL_W659632923
P02790,CHILD_SCHOOL,PL_W703414557
P02791,HOME,PL_W659340291
P02791,WORK,PL_W659340291
P02791,CHILD_SCHOOL,PL_W186986129
P02792,HOME,PL_W659831519
P02792,UNIVERSITY,PL_W505921693
P02793,HOME,PL_W31757254
P02793,WORK,PL_W679142315
P02793,CHILD_SCHOOL,PL_W43605743
P02794,HOME,PL_W661205228
P02794,WORK,PL_W1355990387
P02795,HOME,PL_W659247378
P02795,WORK,PL_N11737943906
P02796,HOME,PL_W706093829
P02796,WORK,PL_W659587227
P02797,HOME,PL_W114706282
P02797,WORK,PL_W658233514
P02798,HOME,PL_W705845664
P02798,UNIVERSITY,PL_N13879320058
P02799,HOME,PL_W31754575
P02799,WORK,PL_N10220344612
P02800,HOME,PL_W705115253
P02800,UNIVERSITY,PL_N8832604496
P02801,HOME,PL_W32819957
P02801,WORK,PL_W34204166
P02801,CHILD_SCHOOL,PL_N2377305503
P02802,HOME,PL_W31754686
P02802,WORK,PL_W936914988
P02803,HOME,PL_W706078543
P02803,WORK,PL_W659581422
P02803,CHILD_SCHOOL,PL_W57047252
P02804,HOME,PL_W661821771
P02804,UNIVERSITY,PL_N1518532024
P02805,HOME,PL_W31617614
P02805,WORK,PL_N6534515475
P02805,CHILD_SCHOOL,PL_W224815295
P02806,HOME,PL_W660816944
P02806,WORK,PL_W58727901
P02807,HOME,PL_W416778780
P02807,UNIVERSITY,PL_N9376637799
P02808,HOME,PL_W660633769
P02808,UNIVERSITY,PL_W23447424
P02809,HOME,PL_W659244009
P02809,WORK,PL_W1316550314
P02809,CHILD_SCHOOL,PL_W29234699
P02810,HOME,PL_W705218726
P02810,WORK,PL_W231977751
P02810,CHILD_SCHOOL,PL_W36728598
P02811,HOME,PL_W703929738
P02811,WORK,PL_N13747103587
P02812,HOME,PL_W31451161
P02812,WORK,PL_W34749848
P02812,CHILD_SCHOOL,PL_W125776367
P02813,HOME,PL_W31754596
P02813,WORK,PL_N13472674762
P02814,HOME,PL_W660357993
P02814,WORK,PL_N13689374961
P02815,HOME,PL_W114706282
P02815,WORK,PL_W661541443
P02816,HOME,PL_W31754688
P02816,UNIVERSITY,PL_N2884419126
P02817,HOME,PL_W659729100
P02817,WORK,PL_W60330189
P02818,HOME,PL_W32455658
P02818,WORK,PL_W461483024
P02818,CHILD_SCHOOL,PL_W56201673
P02819,HOME,PL_W661956837
P02819,WORK,PL_W503049587
P02819,CHILD_SCHOOL,PL_W33503105
P02820,HOME,PL_W129727109
P02820,WORK,PL_W122204305
P02821,HOME,PL_W31754493
P02821,WORK,PL_W60304156
P02822,HOME,PL_W661205193
P02822,WORK,PL_W43805884
P02822,CHILD_SCHOOL,PL_W33541164
P02823,HOME,PL_W470091584
P02823,WORK,PL_W702142777
P02824,HOME,PL_W702142776
P02824,WORK,PL_W55946881
P02825,HOME,PL_W36331124
P02825,WORK,PL_W149982971
P02826,HOME,PL_W702587024
P02826,WORK,PL_W66979786
P02827,HOME,PL_W661648951
P02827,WORK,PL_W34554802
P02827,CHILD_SCHOOL,PL_W41363541
P02828,HOME,PL_W702160456
P02828,WORK,PL_N10820389158
P02829,HOME,PL_W704229385
P02829,WORK,PL_N12691612463
P02829,CHILD_SCHOOL,PL_W705109213
P02830,HOME,PL_W660633929
P02830,WORK,PL_W531735882
P02831,HOME,PL_W170051471
P02831,WORK,PL_W79659370
P02831,CHILD_SCHOOL,PL_W41841601
P02832,HOME,PL_W1410990461
P02832,WORK,PL_W129709522
P02833,HOME,PL_W702554512
P02833,WORK,PL_W705170957
P02834,HOME,PL_W31757256
P02834,WORK,PL_W58559253
P02834,CHILD_SCHOOL,PL_W36377929
P02835,HOME,PL_W31756295
P02835,WORK,PL_N6545586941
P02835,CHILD_SCHOOL,PL_W70509378
P02836,HOME,PL_W659335222
P02836,WORK,PL_N6363116942
P02837,HOME,PL_W706078542
P02837,WORK,PL_W336433622
P02837,CHILD_SCHOOL,PL_W760844017
P02838,HOME,PL_W659840095
P02838,WORK,PL_N8518341424
P02839,HOME,PL_W659733766
P02839,WORK,PL_W60609247
P02839,CHILD_SCHOOL,PL_W705125019
P02840,HOME,PL_W661649386
P02840,WORK,PL_N13614787408
P02840,CHILD_SCHOOL,PL_W688268884
P02841,HOME,PL_W704946500
P02841,WORK,PL_W466948368
P02841,CHILD_SCHOOL,PL_W195493031
P02842,HOME,PL_W659732034
P02842,WORK,PL_N6548307620
P02843,HOME,PL_W704634890
P02843,WORK,PL_W680620615
P02844,HOME,PL_W31373086
P02844,WORK,PL_W33561118
P02845,HOME,PL_W41405411
P02845,WORK,PL_W660934776
P02845,CHILD_SCHOOL,PL_W41841656
P02846,HOME,PL_W31451021
P02846,WORK,PL_N12996545664
P02847,HOME,PL_W660633226
P02847,WORK,PL_W56434740
P02848,HOME,PL_W659335150
P02848,WORK,PL_W93811454
P02848,CHILD_SCHOOL,PL_W705011696
P02849,HOME,PL_W661204427
P02849,WORK,PL_W59244425
P02850,HOME,PL_W1334905979
P02850,WORK,PL_W1334905979
P02850,CHILD_SCHOOL,PL_W34617361
P02851,HOME,PL_W220396450
P02851,WORK,PL_W32715133
P02852,HOME,PL_W291196701
P02852,WORK,PL_N13859079055
P02853,HOME,PL_W662449867
P02853,WORK,PL_W703598070
P02853,CHILD_SCHOOL,PL_W235324578
P02854,HOME,PL_W659453262
P02854,WORK,PL_W31620092
P02854,CHILD_SCHOOL,PL_W179180309
P02855,HOME,PL_W660346844
P02855,WORK,PL_W7969162
P02856,HOME,PL_W170051472
P02856,WORK,PL_W34414597
P02856,CHILD_SCHOOL,PL_W36747096
P02857,HOME,PL_W659340778
P02857,WORK,PL_W659340778
P02857,CHILD_SCHOOL,PL_W121871939
P02858,HOME,PL_W662175477
P02858,WORK,PL_W58867143
P02859,HOME,PL_W662143352
P02859,WORK,PL_W307652746
P02860,HOME,PL_W661075704
P02860,WORK,PL_W59146408
P02861,HOME,PL_W1163968780
P02861,WORK,PL_N11270397153
P02862,HOME,PL_W31622236
P02862,WORK,PL_W43806170
P02863,HOME,PL_W32742172
P02863,WORK,PL_W32742172
P02864,HOME,PL_W978051261
P02864,WORK,PL_N13071653247
P02864,CHILD_SCHOOL,PL_W26949764
P02865,HOME,PL_W661777359
P02865,WORK,PL_N4562863066
P02865,CHILD_SCHOOL,PL_W703752577
P02866,HOME,PL_W703251916
P02866,WORK,PL_W31778884
P02867,HOME,PL_W31619119
P02867,WORK,PL_W141693728
P02867,CHILD_SCHOOL,PL_W36747097
P02868,HOME,PL_W661074582
P02868,WORK,PL_N3487857303
P02868,CHILD_SCHOOL,PL_W36747401
P02869,HOME,PL_W659453537
P02869,WORK,PL_W674557292
P02870,HOME,PL_W1163968780
P02870,WORK,PL_N2342899751
P02870,CHILD_SCHOOL,PL_W121872356
P02871,HOME,PL_W659449276
P02871,WORK,PL_W103953728
P02872,HOME,PL_W704232371
P02872,WORK,PL_N8680020485
P02872,CHILD_SCHOOL,PL_W195969125
P02873,HOME,PL_W41405389
P02873,WORK,PL_W676415515
P02873,CHILD_SCHOOL,PL_W36747097
P02874,HOME,PL_W703932818
P02874,WORK,PL_W660836773
P02875,HOME,PL_W659252230
P02875,WORK,PL_N6593955525
P02875,CHILD_SCHOOL,PL_W121969533
P02876,HOME,PL_W661840271
P02876,WORK,PL_W51187025
P02877,HOME,PL_W770873613
P02877,WORK,PL_N4020625320
P02878,HOME,PL_W32667517
P02878,WORK,PL_W300884213
P02878,CHILD_SCHOOL,PL_W36747098
P02879,HOME,PL_W31754596
P02879,WORK,PL_W127491088
P02880,HOME,PL_W170051472
P02880,WORK,PL_N1444977125
P02880,CHILD_SCHOOL,PL_W36952003
P02881,HOME,PL_W660830107
P02881,WORK,PL_W804386850
P02882,HOME,PL_W281847065
P02882,WORK,PL_W1034589148
P02882,CHILD_SCHOOL,PL_W36543325
P02883,HOME,PL_W705519685
P02883,WORK,PL_N6561482375
P02884,HOME,PL_W41405386
P02884,WORK,PL_W366234299
P02885,HOME,PL_W659731198
P02885,WORK,PL_N5441763273
P02886,HOME,PL_W659830909
P02886,WORK,PL_N3059891513
P02887,HOME,PL_W662094949
P02887,WORK,PL_W670272335
P02888,HOME,PL_W706078535
P02888,WORK,PL_W659629198
P02889,HOME,PL_W661050258
P02889,WORK,PL_N13198723259
P02890,HOME,PL_W705529526
P02890,UNIVERSITY,PL_N401521720
P02891,HOME,PL_W702145959
P02891,WORK,PL_W34320502
P02892,HOME,PL_W662711511
P02892,WORK,PL_N13428919222
P02893,HOME,PL_W220396450
P02893,WORK,PL_W220396450
P02893,CHILD_SCHOOL,PL_W41841601
P02894,HOME,PL_W334729121
P02894,WORK,PL_W661049306
P02895,HOME,PL_W659731902
P02895,WORK,PL_W662150197
P02895,CHILD_SCHOOL,PL_W186575106
P02896,HOME,PL_W704995234
P02896,WORK,PL_W704995234
P02897,HOME,PL_W924866605
P02897,WORK,PL_W657979227
P02898,HOME,PL_W33725436
P02898,WORK,PL_W113438143
P02899,HOME,PL_W34777544
P02899,WORK,PL_N59566254
P02900,HOME,PL_W706093829
P02900,WORK,PL_N7348631702
P02901,HOME,PL_W660633972
P02901,WORK,PL_W427221312
P02902,HOME,PL_W660838565
P02902,WORK,PL_W93832543
P02902,CHILD_SCHOOL,PL_N12968468121
P02903,HOME,PL_W31451201
P02903,WORK,PL_W31451201
P02903,CHILD_SCHOOL,PL_W705563029
P02904,HOME,PL_W1204496491
P02904,WORK,PL_W335578151
P02904,CHILD_SCHOOL,PL_W705845654
P02905,HOME,PL_W659335313
P02905,WORK,PL_N1141446130
P02906,HOME,PL_W258559002
P02906,WORK,PL_W258236803
P02906,CHILD_SCHOOL,PL_W195493031
P02907,HOME,PL_W659830909
P02907,WORK,PL_W31366344
P02907,CHILD_SCHOOL,PL_N2123097074
P02908,HOME,PL_W659447229
P02908,WORK,PL_N7528939009
P02908,CHILD_SCHOOL,PL_W37409510
P02909,HOME,PL_W660584126
P02909,WORK,PL_N14049964870
P02909,CHILD_SCHOOL,PL_W703423111
P02910,HOME,PL_W703776817
P02910,WORK,PL_N12319606737
P02911,HOME,PL_W661777502
P02911,WORK,PL_W659629256
P02911,CHILD_SCHOOL,PL_W143657503
P02912,HOME,PL_W662389479
P02912,WORK,PL_W696803995
P02913,HOME,PL_W660568826
P02913,WORK,PL_W56223144
P02913,CHILD_SCHOOL,PL_N534020733
P02914,HOME,PL_W31754493
P02914,WORK,PL_W659833291
P02915,HOME,PL_W705845652
P02915,WORK,PL_W677922595
P02915,CHILD_SCHOOL,PL_W822689779
P02916,HOME,PL_W659446260
P02916,WORK,PL_W1419698577
P02917,HOME,PL_W114706475
P02917,WORK,PL_W796654942
P02917,CHILD_SCHOOL,PL_W14608518
P02918,HOME,PL_W148161367
P02918,WORK,PL_W43804824
P02918,CHILD_SCHOOL,PL_W35836503
P02919,HOME,PL_W661921517
P02919,WORK,PL_W41950525
P02919,CHILD_SCHOOL,PL_W35800887
P02920,HOME,PL_W661049594
P02920,WORK,PL_W247560900
P02920,CHILD_SCHOOL,PL_W688267159
P02921,HOME,PL_W31757274
P02921,WORK,PL_W301181895
P02922,HOME,PL_W31617606
P02922,WORK,PL_W1395777494
P02923,HOME,PL_W659444573
P02923,WORK,PL_W991358857
P02924,HOME,PL_W1204906932
P02924,WORK,PL_W60609247
P02924,CHILD_SCHOOL,PL_W170267116
P02925,HOME,PL_W704292286
P02925,WORK,PL_W27767637
P02926,HOME,PL_W662726033
P02926,WORK,PL_W43417475
P02927,HOME,PL_W978051267
P02927,WORK,PL_W34615186
P02927,CHILD_SCHOOL,PL_W36791041
P02928,HOME,PL_W31617614
P02928,WORK,PL_W804360805
P02929,HOME,PL_W661920425
P02929,WORK,PL_N7707202341
P02930,HOME,PL_W662388518
P02930,WORK,PL_W34571353
P02931,HOME,PL_W661050725
P02931,WORK,PL_W589934422
P02931,CHILD_SCHOOL,PL_W34617346
P02932,HOME,PL_W31756382
P02932,WORK,PL_W659581411
P02933,HOME,PL_W660633241
P02933,WORK,PL_W234058570
P02933,CHILD_SCHOOL,PL_W503478885
P02934,HOME,PL_W662176799
P02934,WORK,PL_N6561487994
P02935,HOME,PL_W36888102
P02935,WORK,PL_W59252690
P02936,HOME,PL_W122359518
P02936,WORK,PL_W663313968
P02936,CHILD_SCHOOL,PL_W224671171
P02937,HOME,PL_W661050535
P02937,WORK,PL_W115218826
P02937,CHILD_SCHOOL,PL_W688047029
P02938,HOME,PL_W703776817
P02938,WORK,PL_N6340610376
P02938,CHILD_SCHOOL,PL_W37409510
P02939,HOME,PL_W702557441
P02939,WORK,PL_N3507800793
P02939,CHILD_SCHOOL,PL_W179214961
P02940,HOME,PL_W558836980
P02940,WORK,PL_W558836980
P02941,HOME,PL_W770873612
P02941,WORK,PL_N4004435204
P02942,HOME,PL_W31451005
P02942,WORK,PL_W31451005
P02943,HOME,PL_W572760343
P02943,WORK,PL_N14029874771
P02943,CHILD_SCHOOL,PL_W33725547
P02944,HOME,PL_W661276130
P02944,WORK,PL_W183248448
P02944,CHILD_SCHOOL,PL_W36332039
P02945,HOME,PL_W659453335
P02945,WORK,PL_N5166313532
P02945,CHILD_SCHOOL,PL_W255480069
P02946,HOME,PL_W704232366
P02946,WORK,PL_N11815693684
P02947,HOME,PL_W660569605
P02947,UNIVERSITY,PL_W702100748
P02948,HOME,PL_W31451004
P02948,WORK,PL_W113438143
P02948,CHILD_SCHOOL,PL_W24501824
P02949,HOME,PL_W229483488
P02949,WORK,PL_N6873273229
P02949,CHILD_SCHOOL,PL_W226096987
P02950,HOME,PL_W659447167
P02950,WORK,PL_W364192023
P02950,CHILD_SCHOOL,PL_W163146271
P02951,HOME,PL_W31754572
P02951,WORK,PL_N1392078146
P02951,CHILD_SCHOOL,PL_W36331867
P02952,HOME,PL_W33036597
P02952,WORK,PL_W288357286
P02953,HOME,PL_W661049059
P02953,WORK,PL_W659840213
P02953,CHILD_SCHOOL,PL_W705565520
P02954,HOME,PL_W705132823
P02954,WORK,PL_W409263552
P02955,HOME,PL_W31619128
P02955,WORK,PL_N7750329984
P02956,HOME,PL_W62354003
P02956,WORK,PL_W27767625
P02956,CHILD_SCHOOL,PL_W703420516
P02957,HOME,PL_W31757792
P02957,WORK,PL_W660624564
P02958,HOME,PL_W41405389
P02958,WORK,PL_W61760169
P02958,CHILD_SCHOOL,PL_W36543326
P02959,HOME,PL_W770873613
P02959,WORK,PL_W659321709
P02959,CHILD_SCHOOL,PL_W36543320
P02960,HOME,PL_W661956673
P02960,WORK,PL_W93811509
P02961,HOME,PL_W31619122
P02961,WORK,PL_W804360806
P02962,HOME,PL_W924866606
P02962,WORK,PL_W55036397
P02963,HOME,PL_W661825062
P02963,WORK,PL_N4589492969
P02964,HOME,PL_W1204537081
P02964,WORK,PL_N2806099821
P02965,HOME,PL_W705507594
P02965,WORK,PL_N12995864482
P02966,HOME,PL_W662762053
P02966,WORK,PL_W32326392
P02967,HOME,PL_W704634887
P02967,WORK,PL_W495079992
P02967,CHILD_SCHOOL,PL_W703414558
P02968,HOME,PL_W661568734
P02968,WORK,PL_N4288385077
P02969,HOME,PL_W659733533
P02969,WORK,PL_N7881378606
P02969,CHILD_SCHOOL,PL_N7659648005
P02970,HOME,PL_W220396450
P02970,WORK,PL_W24008085
P02970,CHILD_SCHOOL,PL_W65239313
P02971,HOME,PL_W660569766
P02971,WORK,PL_W32326189
P02971,CHILD_SCHOOL,PL_W36791041
P02972,HOME,PL_W226958989
P02972,WORK,PL_N5670812719
P02973,HOME,PL_W659730208
P02973,WORK,PL_N6318936250
P02973,CHILD_SCHOOL,PL_N5444147981
P02974,HOME,PL_W704634888
P02974,WORK,PL_W466642019
P02975,HOME,PL_W32667517
P02975,WORK,PL_W304467254
P02975,CHILD_SCHOOL,PL_W35836503
P02976,HOME,PL_W662761427
P02976,WORK,PL_W1067627897
P02977,HOME,PL_W1202683420
P02977,WORK,PL_W58271371
P02977,CHILD_SCHOOL,PL_W29196647
P02978,HOME,PL_W702160456
P02978,WORK,PL_N2478463555
P02979,HOME,PL_W704634888
P02979,WORK,PL_W662213143
P02980,HOME,PL_W662094816
P02980,WORK,PL_N560227439
P02981,HOME,PL_W661331493
P02981,WORK,PL_N11053297832
P02982,HOME,PL_W704946495
P02982,WORK,PL_W34414733
P02982,CHILD_SCHOOL,PL_W34777564
P02983,HOME,PL_W660600662
P02983,WORK,PL_W679964155
P02984,HOME,PL_W660348292
P02984,WORK,PL_W951863525
P02985,HOME,PL_W706080726
P02985,WORK,PL_W663518487
P02986,HOME,PL_W31622235
P02986,WORK,PL_W31622235
P02986,CHILD_SCHOOL,PL_W31756363
P02987,HOME,PL_W31754688
P02987,UNIVERSITY,PL_N12091108919
P02988,HOME,PL_W705011687
P02988,WORK,PL_N12996234436
P02989,HOME,PL_W34777541
P02989,WORK,PL_N1205834888
P02990,HOME,PL_W31754569
P02990,WORK,PL_W32539286
P02991,HOME,PL_W31617612
P02991,WORK,PL_N13970706105
P02992,HOME,PL_W706192716
P02992,WORK,PL_W271771495
P02992,CHILD_SCHOOL,PL_W71269572
P02993,HOME,PL_W705218734
P02993,WORK,PL_W675497569
P02993,CHILD_SCHOOL,PL_W32121744
P02994,HOME,PL_W662761269
P02994,WORK,PL_W1246765465
P02994,CHILD_SCHOOL,PL_W41364187
P02995,HOME,PL_W702560110
P02995,UNIVERSITY,PL_W676443514
P02995,CHILD_SCHOOL,PL_W34228911
P02996,HOME,PL_W705882026
P02996,WORK,PL_W77739672
P02997,HOME,PL_W660603448
P02997,WORK,PL_W57385304
P02997,CHILD_SCHOOL,PL_W34617709
P02998,HOME,PL_W659460662
P02998,WORK,PL_N6711391666
P02998,CHILD_SCHOOL,PL_W41364187
P02999,HOME,PL_W662175263
P02999,WORK,PL_N5176791511
P03000,HOME,PL_W702167759
P03000,WORK,PL_N3957196268
P03001,HOME,PL_W531109678
P03001,WORK,PL_W141693951
P03002,HOME,PL_W660569644
P03002,WORK,PL_W660569644
P03003,HOME,PL_W216295014
P03003,WORK,PL_W122204658
P03004,HOME,PL_W31754690
P03004,WORK,PL_W531098554
P03005,HOME,PL_W943421439
P03005,WORK,PL_W33849252
P03006,HOME,PL_W659838052
P03006,WORK,PL_W676104931
P03006,CHILD_SCHOOL,PL_W224809461
P03007,HOME,PL_W233647044
P03007,WORK,PL_W34582830
P03007,CHILD_SCHOOL,PL_W34228912
P03008,HOME,PL_W34229573
P03008,WORK,PL_N281664356
P03008,CHILD_SCHOOL,PL_W760840673
P03009,HOME,PL_W705563027
P03009,WORK,PL_W705563027
P03010,HOME,PL_W924866606
P03010,WORK,PL_N12995864449
P03010,CHILD_SCHOOL,PL_W179180309
P03011,HOME,PL_W870609774
P03011,WORK,PL_N5441888147
P03012,HOME,PL_W705132830
P03012,WORK,PL_N14067313670
P03012,CHILD_SCHOOL,PL_W24986415
P03013,HOME,PL_W659341083
P03013,WORK,PL_W58854900
P03013,CHILD_SCHOOL,PL_W25366324
P03014,HOME,PL_W705882028
P03014,UNIVERSITY,PL_N10977886210
P03015,HOME,PL_W661779551
P03015,WORK,PL_W662441652
P03016,HOME,PL_W41405397
P03016,WORK,PL_N12242462504
P03017,HOME,PL_W767378203
P03017,WORK,PL_N14029887157
P03017,CHILD_SCHOOL,PL_W34617361
P03018,HOME,PL_W662711947
P03018,WORK,PL_N9821236068
P03019,HOME,PL_W31617620
P03019,WORK,PL_W115222390
P03019,CHILD_SCHOOL,PL_W224818044
P03020,HOME,PL_W660838262
P03020,WORK,PL_W660838262
P03021,HOME,PL_W31757869
P03021,WORK,PL_W34551228
P03022,HOME,PL_W659334322
P03022,WORK,PL_W33806242
P03023,HOME,PL_W636033816
P03023,WORK,PL_N7578613297
P03024,HOME,PL_W31756306
P03024,WORK,PL_W56062949
P03025,HOME,PL_W660867337
P03025,WORK,PL_W32610516
P03026,HOME,PL_W170052637
P03026,WORK,PL_W55036397
P03027,HOME,PL_W34229572
P03027,WORK,PL_W58335971
P03028,HOME,PL_W662143473
P03028,WORK,PL_W181032381
P03028,CHILD_SCHOOL,PL_W36543326
P03029,HOME,PL_W687185986
P03029,WORK,PL_W804360805
P03030,HOME,PL_W659445231
P03030,WORK,PL_W679046739
P03030,CHILD_SCHOOL,PL_W121969533
P03031,HOME,PL_W704287221
P03031,WORK,PL_N12250879245
P03031,CHILD_SCHOOL,PL_W688269003
P03032,HOME,PL_W31373435
P03032,WORK,PL_W678433693
P03032,CHILD_SCHOOL,PL_W224136221
P03033,HOME,PL_W660980995
P03033,WORK,PL_W44076451
P03034,HOME,PL_W31754471
P03034,WORK,PL_W61698932
P03034,CHILD_SCHOOL,PL_W34769382
P03035,HOME,PL_W659250009
P03035,WORK,PL_W661957385
P03035,CHILD_SCHOOL,PL_W122301356
P03036,HOME,PL_W862155766
P03036,WORK,PL_W162607309
P03037,HOME,PL_W706192713
P03037,WORK,PL_W32556100
P03038,HOME,PL_W661635377
P03038,WORK,PL_W659588095
P03038,CHILD_SCHOOL,PL_W33541185
P03039,HOME,PL_W31616721
P03039,WORK,PL_W35491449
P03039,CHILD_SCHOOL,PL_W33396855
P03040,HOME,PL_W36791498
P03040,WORK,PL_W657935222
P03040,CHILD_SCHOOL,PL_W220920995
P03041,HOME,PL_W33036598
P03041,WORK,PL_N9759821353
P03041,CHILD_SCHOOL,PL_W704292292
P03042,HOME,PL_W705218759
P03042,WORK,PL_W60609247
P03043,HOME,PL_W659455123
P03043,WORK,PL_W34585677
P03043,CHILD_SCHOOL,PL_W56127102
P03044,HOME,PL_W1202408288
P03044,WORK,PL_W443995276
P03045,HOME,PL_W31756387
P03045,WORK,PL_W34587440
P03045,CHILD_SCHOOL,PL_W42149102
P03046,HOME,PL_W43804991
P03046,WORK,PL_W663828131
P03047,HOME,PL_W661777496
P03047,WORK,PL_W659129634
P03047,CHILD_SCHOOL,PL_W688045884
P03048,HOME,PL_W704196073
P03048,WORK,PL_W659440585
P03048,CHILD_SCHOOL,PL_W33396453
P03049,HOME,PL_W659460712
P03049,WORK,PL_W1042084198
P03049,CHILD_SCHOOL,PL_W25366282
P03050,HOME,PL_W659547038
P03050,WORK,PL_W659547038
P03050,CHILD_SCHOOL,PL_W34228913
P03051,HOME,PL_W32455659
P03051,WORK,PL_W32455659
P03052,HOME,PL_W661276270
P03052,WORK,PL_W680624940
P03053,HOME,PL_W34777539
P03053,WORK,PL_N600252817
P03054,HOME,PL_W467510086
P03054,WORK,PL_W1391063636
P03055,HOME,PL_W55547148
P03055,WORK,PL_W55547148
P03055,CHILD_SCHOOL,PL_W42525407
P03056,HOME,PL_W705010187
P03056,WORK,PL_N5709235622
P03057,HOME,PL_W978051266
P03057,WORK,PL_W703929744
P03057,CHILD_SCHOOL,PL_W684083281
P03058,HOME,PL_W894580866
P03058,WORK,PL_N9894144433
P03058,CHILD_SCHOOL,PL_W36332059
P03059,HOME,PL_W705011695
P03059,WORK,PL_W943602453
P03060,HOME,PL_W706078569
P03060,WORK,PL_W661950696
P03061,HOME,PL_W660569286
P03061,WORK,PL_W455610181
P03061,CHILD_SCHOOL,PL_W33503129
P03062,HOME,PL_W391472124
P03062,WORK,PL_W391472124
P03062,CHILD_SCHOOL,PL_W220920995
P03063,HOME,PL_W32122685
P03063,WORK,PL_W663315307
P03064,HOME,PL_W659445734
P03064,WORK,PL_W56238414
P03064,CHILD_SCHOOL,PL_W226096987
P03065,HOME,PL_W31619122
P03065,WORK,PL_W25420435
P03065,CHILD_SCHOOL,PL_W225582647
P03066,HOME,PL_W978051266
P03066,WORK,PL_W521680607
P03067,HOME,PL_W659830741
P03067,WORK,PL_W25033696
P03068,HOME,PL_W32455673
P03068,WORK,PL_W1174697423
P03069,HOME,PL_W659455066
P03069,WORK,PL_N12791116598
P03069,CHILD_SCHOOL,PL_W417888719
P03070,HOME,PL_W31619119
P03070,WORK,PL_N816429709
P03071,HOME,PL_W31754521
P03071,WORK,PL_W34587722
P03071,CHILD_SCHOOL,PL_W35545754
P03072,HOME,PL_W31756391
P03072,WORK,PL_W31373098
P03073,HOME,PL_W704993424
P03073,WORK,PL_N11117950315
P03074,HOME,PL_W705844124
P03074,WORK,PL_N13137063865
P03074,CHILD_SCHOOL,PL_W184368203
P03075,HOME,PL_W705121013
P03075,WORK,PL_W256116927
P03075,CHILD_SCHOOL,PL_W822689779
P03076,HOME,PL_W1410990461
P03076,WORK,PL_W27778414
P03077,HOME,PL_W31757254
P03077,WORK,PL_W59036049
P03078,HOME,PL_W705507588
P03078,WORK,PL_W616121212
P03079,HOME,PL_W661919944
P03079,WORK,PL_W613933547
P03079,CHILD_SCHOOL,PL_W36544304
P03080,HOME,PL_W705529518
P03080,WORK,PL_W65592644
P03080,CHILD_SCHOOL,PL_W36728598
P03081,HOME,PL_W659547261
P03081,UNIVERSITY,PL_W23447424
P03082,HOME,PL_W661469883
P03082,WORK,PL_W703427644
P03082,CHILD_SCHOOL,PL_N7751979185
P03083,HOME,PL_W660819774
P03083,UNIVERSITY,PL_N2884419126
P03084,HOME,PL_W1278173716
P03084,WORK,PL_N321552029
P03085,HOME,PL_W659830402
P03085,WORK,PL_W1512354302
P03085,CHILD_SCHOOL,PL_W274833682
P03086,HOME,PL_W706078549
P03086,WORK,PL_W13404662
P03087,HOME,PL_W661331458
P03087,WORK,PL_N5049838321
P03087,CHILD_SCHOOL,PL_W32819968
P03088,HOME,PL_W166540890
P03088,WORK,PL_W705555913
P03088,CHILD_SCHOOL,PL_W35835815
P03089,HOME,PL_W705121021
P03089,WORK,PL_W58560214
P03090,HOME,PL_W660602177
P03090,WORK,PL_W122204658
P03090,CHILD_SCHOOL,PL_W125776367
P03091,HOME,PL_W659454881
P03091,WORK,PL_W173818583
P03091,CHILD_SCHOOL,PL_W688267158
P03092,HOME,PL_W129727109
P03092,WORK,PL_W300140020
P03093,HOME,PL_W659454471
P03093,WORK,PL_W34320502
P03093,CHILD_SCHOOL,PL_W71269572
P03094,HOME,PL_W31619122
P03094,WORK,PL_N9723307467
P03094,CHILD_SCHOOL,PL_N7108065615
P03095,HOME,PL_W661275621
P03095,WORK,PL_W661275621
P03095,CHILD_SCHOOL,PL_W36787819
P03096,HOME,PL_W660817101
P03096,WORK,PL_N409178525
P03096,CHILD_SCHOOL,PL_W216295703
P03097,HOME,PL_W1235291811
P03097,WORK,PL_W35491449
P03097,CHILD_SCHOOL,PL_W37409510
P03098,HOME,PL_W659252889
P03098,WORK,PL_W1194870091
P03099,HOME,PL_W61955728
P03099,WORK,PL_N12253332469
P03100,HOME,PL_W369781473
P03100,WORK,PL_W661317031
P03100,CHILD_SCHOOL,PL_W703420514
P03101,HOME,PL_W659250067
P03101,WORK,PL_W680641505
P03101,CHILD_SCHOOL,PL_W56127102
P03102,HOME,PL_W659246363
P03102,WORK,PL_W703598082
P03102,CHILD_SCHOOL,PL_W705565520
P03103,HOME,PL_W705507591
P03103,WORK,PL_W105497054
P03103,CHILD_SCHOOL,PL_N2346655835
P03104,HOME,PL_W659840393
P03104,WORK,PL_W79672266
P03104,CHILD_SCHOOL,PL_W167534168
P03105,HOME,PL_W660569179
P03105,WORK,PL_N6354886589
P03106,HOME,PL_W31450968
P03106,WORK,PL_W34516395
P03107,HOME,PL_W231406229
P03107,WORK,PL_W61511473
P03107,CHILD_SCHOOL,PL_W161236234
P03108,HOME,PL_W702142776
P03108,WORK,PL_N4341717367
P03109,HOME,PL_W36791498
P03109,WORK,PL_W670106661
P03109,CHILD_SCHOOL,PL_W34769382
P03110,HOME,PL_W660636731
P03110,WORK,PL_W675314643
P03111,HOME,PL_W661075394
P03111,WORK,PL_W797142347
P03111,CHILD_SCHOOL,PL_W33503105
P03112,HOME,PL_W31756387
P03112,WORK,PL_W61011666
P03113,HOME,PL_W705222396
P03113,WORK,PL_N5026214522
P03113,CHILD_SCHOOL,PL_W33541228
P03114,HOME,PL_W661648614
P03114,WORK,PL_W702169102
P03115,HOME,PL_W704997226
P03115,WORK,PL_W659601455
P03115,CHILD_SCHOOL,PL_W35797979
P03116,HOME,PL_W43804512
P03116,UNIVERSITY,PL_W61759776
P03117,HOME,PL_W450697861
P03117,WORK,PL_W34554802
P03117,CHILD_SCHOOL,PL_W33396813
P03118,HOME,PL_W31754690
P03118,WORK,PL_W662453980
P03119,HOME,PL_W659829883
P03119,WORK,PL_W660806638
P03120,HOME,PL_W1202683543
P03120,WORK,PL_W658011237
P03120,CHILD_SCHOOL,PL_W71281899
P03121,HOME,PL_W978051268
P03121,WORK,PL_W27767640
P03121,CHILD_SCHOOL,PL_W35836083
P03122,HOME,PL_W705529518
P03122,WORK,PL_N12596683262
P03123,HOME,PL_W662095146
P03123,WORK,PL_W660624564
P03124,HOME,PL_W132148483
P03124,UNIVERSITY,PL_W61759776
P03125,HOME,PL_W421650452
P03125,WORK,PL_W34122101
P03125,CHILD_SCHOOL,PL_W35836165
P03126,HOME,PL_W660816788
P03126,WORK,PL_N3333046455
P03126,CHILD_SCHOOL,PL_W36543496
P03127,HOME,PL_W659547297
P03127,WORK,PL_N13036382787
P03128,HOME,PL_W662389891
P03128,WORK,PL_W662389891
P03128,CHILD_SCHOOL,PL_W706093848
P03129,HOME,PL_W31373088
P03129,WORK,PL_W229234482
P03129,CHILD_SCHOOL,PL_W65239313
P03130,HOME,PL_W660585792
P03130,WORK,PL_W495079991
P03131,HOME,PL_W662175062
P03131,WORK,PL_W61760382
P03131,CHILD_SCHOOL,PL_W56051877
P03132,HOME,PL_W705218739
P03132,WORK,PL_N11050394043
P03132,CHILD_SCHOOL,PL_W35800887
P03133,HOME,PL_W705010182
P03133,WORK,PL_W660222492
P03133,CHILD_SCHOOL,PL_W36332059
P03134,HOME,PL_W704729327
P03134,WORK,PL_W56238537
P03134,CHILD_SCHOOL,PL_W224809461
P03135,HOME,PL_W702587015
P03135,WORK,PL_W659538663
P03136,HOME,PL_W659733150
P03136,WORK,PL_W31620092
P03136,CHILD_SCHOOL,PL_W56127102
P03137,HOME,PL_W1267010785
P03137,WORK,PL_W113804494
P03138,HOME,PL_W704292286
P03138,WORK,PL_W32326394
P03138,CHILD_SCHOOL,PL_W184368203
P03139,HOME,PL_W659454662
P03139,WORK,PL_W229563603
P03139,CHILD_SCHOOL,PL_W822689779
P03140,HOME,PL_W659454424
P03140,UNIVERSITY,PL_N7659631027
P03141,HOME,PL_W31617613
P03141,WORK,PL_N1112688568
P03141,CHILD_SCHOOL,PL_W24725316
P03142,HOME,PL_W36888103
P03142,WORK,PL_W56010210
P03143,HOME,PL_W705740396
P03143,WORK,PL_W805392729
P03144,HOME,PL_W660583906
P03144,WORK,PL_W33406542
P03145,HOME,PL_W31451021
P03145,WORK,PL_W367536575
P03146,HOME,PL_W661206536
P03146,WORK,PL_W32567247
P03147,HOME,PL_W31622242
P03147,WORK,PL_W34749721
P03147,CHILD_SCHOOL,PL_W35836041
P03148,HOME,PL_W706080733
P03148,WORK,PL_N3930426863
P03149,HOME,PL_W164857314
P03149,WORK,PL_W662099358
P03149,CHILD_SCHOOL,PL_W37409510
P03150,HOME,PL_W659447708
P03150,WORK,PL_W662379977
P03150,CHILD_SCHOOL,PL_N2356774165
P03151,HOME,PL_W659548804
P03151,WORK,PL_W660934829
P03152,HOME,PL_W705563017
P03152,WORK,PL_W79582922
P03152,CHILD_SCHOOL,PL_W704292292
P03153,HOME,PL_W61955719
P03153,WORK,PL_W180683141
P03154,HOME,PL_W659452092
P03154,WORK,PL_W1408818041
P03155,HOME,PL_W704232371
P03155,WORK,PL_N761870888
P03155,CHILD_SCHOOL,PL_W35836503
P03156,HOME,PL_W659246336
P03156,WORK,PL_W61760168
P03157,HOME,PL_W661649829
P03157,WORK,PL_N4236601895
P03158,HOME,PL_W467622586
P03158,WORK,PL_W1395777491
P03159,HOME,PL_W31616573
P03159,WORK,PL_W663826507
P03160,HOME,PL_W1382850393
P03160,WORK,PL_N10838194331
P03160,CHILD_SCHOOL,PL_W57047252
P03161,HOME,PL_W31373088
P03161,WORK,PL_W658018645
P03161,CHILD_SCHOOL,PL_W35836274
P03162,HOME,PL_W705529525
P03162,WORK,PL_W240071224
P03163,HOME,PL_W687185986
P03163,WORK,PL_N6551673031
P03164,HOME,PL_W33653601
P03164,WORK,PL_W1004706293
P03164,CHILD_SCHOOL,PL_W171477271
P03165,HOME,PL_W29196889
P03165,UNIVERSITY,PL_W220190025
P03166,HOME,PL_W702145957
P03166,WORK,PL_N11979553561
P03167,HOME,PL_W705222376
P03167,WORK,PL_W60332166
P03167,CHILD_SCHOOL,PL_W37404404
P03168,HOME,PL_W67141587
P03168,WORK,PL_W662149112
P03169,HOME,PL_W31757883
P03169,WORK,PL_N6302674401
P03170,HOME,PL_W662775236
P03170,UNIVERSITY,PL_W23447424
P03171,HOME,PL_W660357774
P03171,WORK,PL_W663314818
P03172,HOME,PL_W924866606
P03172,WORK,PL_N6491294171
P03172,CHILD_SCHOOL,PL_W75367984
P03173,HOME,PL_W1254526394
P03173,WORK,PL_W659581403
P03173,CHILD_SCHOOL,PL_N7659648005
P03174,HOME,PL_W705125021
P03174,WORK,PL_W182946160
P03175,HOME,PL_W660820488
P03175,WORK,PL_N333553037
P03175,CHILD_SCHOOL,PL_W34073293
P03176,HOME,PL_W702160078
P03176,WORK,PL_N5429171209
P03176,CHILD_SCHOOL,PL_W35800153
P03177,HOME,PL_W660079694
P03177,WORK,PL_W32742066
P03178,HOME,PL_W659830540
P03178,WORK,PL_N13028454904
P03179,HOME,PL_W31757792
P03179,UNIVERSITY,PL_N12537548075
P03180,HOME,PL_W659732820
P03180,WORK,PL_W98231203
P03181,HOME,PL_W705565529
P03181,WORK,PL_W34749843
P03182,HOME,PL_W31373087
P03182,WORK,PL_W658301270
P03182,CHILD_SCHOOL,PL_W32121754
P03183,HOME,PL_W659731399
P03183,WORK,PL_N2153230510
P03183,CHILD_SCHOOL,PL_W121871939
P03184,HOME,PL_W41405387
P03184,WORK,PL_W41405387
P03184,CHILD_SCHOOL,PL_W36952003
P03185,HOME,PL_W761822302
P03185,WORK,PL_N6310130605
P03185,CHILD_SCHOOL,PL_W703752577
P03186,HOME,PL_W1210593227
P03186,UNIVERSITY,PL_W61759776
P03187,HOME,PL_W894580866
P03187,WORK,PL_W150507907
P03188,HOME,PL_W703776817
P03188,WORK,PL_W162147490
P03189,HOME,PL_W661275400
P03189,WORK,PL_W34122101
P03190,HOME,PL_W661330844
P03190,WORK,PL_W59020242
P03191,HOME,PL_W662143265
P03191,WORK,PL_W58559273
P03191,CHILD_SCHOOL,PL_W36377929
P03192,HOME,PL_W702141522
P03192,WORK,PL_N10863718695
P03193,HOME,PL_W661957562
P03193,WORK,PL_W661950703
P03193,CHILD_SCHOOL,PL_W224818044
P03194,HOME,PL_W31811114
P03194,WORK,PL_N13016551571
P03195,HOME,PL_W662761556
P03195,WORK,PL_W705170957
P03196,HOME,PL_W705222393
P03196,WORK,PL_W93602926
P03196,CHILD_SCHOOL,PL_W36746611
P03197,HOME,PL_W659549288
P03197,WORK,PL_N13196774888
P03198,HOME,PL_W660636269
P03198,WORK,PL_W43806469
P03199,HOME,PL_W705507601
P03199,WORK,PL_W34749606
P03200,HOME,PL_W704196075
P03200,WORK,PL_N2960235733
P03201,HOME,PL_W705507606
P03201,WORK,PL_N11296430812
P03202,HOME,PL_W662095028
P03202,WORK,PL_W160172063
P03202,CHILD_SCHOOL,PL_W33543511
P03203,HOME,PL_W705529523
P03203,WORK,PL_W56433943
P03204,HOME,PL_W662177305
P03204,WORK,PL_W513098558
P03205,HOME,PL_W31373086
P03205,WORK,PL_N1434204141
P03206,HOME,PL_W662710892
P03206,WORK,PL_W333192896
P03207,HOME,PL_W661956429
P03207,WORK,PL_W661193373
P03208,HOME,PL_W705624346
P03208,WORK,PL_N2153426075
P03208,CHILD_SCHOOL,PL_W34617361
P03209,HOME,PL_W31617603
P03209,WORK,PL_N3901969177
P03209,CHILD_SCHOOL,PL_W35836135
P03210,HOME,PL_W702141532
P03210,WORK,PL_W43805425
P03211,HOME,PL_W705132826
P03211,WORK,PL_W220122774
P03212,HOME,PL_W705507612
P03212,WORK,PL_W660830204
P03213,HOME,PL_W703929738
P03213,WORK,PL_W677205550
P03214,HOME,PL_W31451094
P03214,WORK,PL_N9339116360
P03215,HOME,PL_W659454724
P03215,WORK,PL_N746936362
P03216,HOME,PL_W656560463
P03216,WORK,PL_N6551615785
P03217,HOME,PL_W31373088
P03217,WORK,PL_N10932241501
P03218,HOME,PL_W659335295
P03218,WORK,PL_W32556080
P03219,HOME,PL_W704232357
P03219,WORK,PL_W701979638
P03220,HOME,PL_W31757829
P03220,WORK,PL_W34749813
P03221,HOME,PL_W663310829
P03221,WORK,PL_W66980235
P03221,CHILD_SCHOOL,PL_W148163965
P03222,HOME,PL_W225767241
P03222,WORK,PL_W661035503
P03222,CHILD_SCHOOL,PL_N4264646734
P03223,HOME,PL_W659453035
P03223,WORK,PL_W670110175
P03224,HOME,PL_W1075561267
P03224,WORK,PL_W25491342
P03225,HOME,PL_W34777543
P03225,WORK,PL_N3993488174
P03226,HOME,PL_W170052633
P03226,WORK,PL_W704634876
P03226,CHILD_SCHOOL,PL_W499546959
P03227,HOME,PL_W661840710
P03227,WORK,PL_W22914034
P03227,CHILD_SCHOOL,PL_W186575947
P03228,HOME,PL_W41405376
P03228,WORK,PL_N13717405034
P03229,HOME,PL_W767401508
P03229,WORK,PL_W1004706293
P03229,CHILD_SCHOOL,PL_W235324578
P03230,HOME,PL_W706078557
P03230,WORK,PL_N12037764869
P03230,CHILD_SCHOOL,PL_W220920995
P03231,HOME,PL_W41405395
P03231,WORK,PL_N1886065725
P03231,CHILD_SCHOOL,PL_W703414557
P03232,HOME,PL_W31373094
P03232,WORK,PL_N214312005
P03233,HOME,PL_W661956533
P03233,WORK,PL_W661050416
P03233,CHILD_SCHOOL,PL_W36747098
P03234,HOME,PL_W660817004
P03234,UNIVERSITY,PL_N7236041819
P03234,CHILD_SCHOOL,PL_W224442293
P03235,HOME,PL_W659729088
P03235,UNIVERSITY,PL_N11091336111
P03236,HOME,PL_W704232372
P03236,WORK,PL_W67138255
P03237,HOME,PL_W42472531
P03237,WORK,PL_W661334777
P03238,HOME,PL_W661956899
P03238,UNIVERSITY,PL_N6848957015
P03239,HOME,PL_W662176299
P03239,WORK,PL_N9136483882
P03240,HOME,PL_W704945358
P03240,WORK,PL_N14052434879
P03241,HOME,PL_W32455671
P03241,UNIVERSITY,PL_W1431713652
P03242,HOME,PL_W33036600
P03242,WORK,PL_W194224131
P03243,HOME,PL_W703249914
P03243,WORK,PL_W661650364
P03244,HOME,PL_W661045035
P03244,WORK,PL_N5184936117
P03244,CHILD_SCHOOL,PL_W29196647
P03245,HOME,PL_W659243291
P03245,WORK,PL_W55036397
P03245,CHILD_SCHOOL,PL_W201704236
P03246,HOME,PL_W32820131
P03246,UNIVERSITY,PL_W676443514
P03247,HOME,PL_W31619296
P03247,WORK,PL_N1566762984
P03247,CHILD_SCHOOL,PL_W43613879
P03248,HOME,PL_W705563021
P03248,WORK,PL_W410132644
P03248,CHILD_SCHOOL,PL_W34617374
P03249,HOME,PL_W704292286
P03249,WORK,PL_W33806040
P03250,HOME,PL_W114706279
P03250,WORK,PL_W114706279
P03251,HOME,PL_W659830909
P03251,WORK,PL_W943701267
P03251,CHILD_SCHOOL,PL_N7108065615
P03252,HOME,PL_W662775465
P03252,UNIVERSITY,PL_W1431713652
P03253,HOME,PL_W704997226
P03253,WORK,PL_N6348675997
P03254,HOME,PL_W661777894
P03254,UNIVERSITY,PL_W702537549
P03255,HOME,PL_W660830539
P03255,WORK,PL_W31368476
P03255,CHILD_SCHOOL,PL_W703414558
P03256,HOME,PL_W531098554
P03256,WORK,PL_W61014137
P03257,HOME,PL_W31754688
P03257,WORK,PL_W440395240
P03258,HOME,PL_W659546785
P03258,WORK,PL_W25022777
P03259,HOME,PL_W41405416
P03259,WORK,PL_N13717405034
P03259,CHILD_SCHOOL,PL_W33396453
P03260,HOME,PL_W659453427
P03260,WORK,PL_W147496461
P03261,HOME,PL_W659333850
P03261,WORK,PL_W1153874897
P03262,HOME,PL_W705109207
P03262,WORK,PL_W676104931
P03262,CHILD_SCHOOL,PL_W186575947
P03263,HOME,PL_W706093836
P03263,WORK,PL_W706093836
P03263,CHILD_SCHOOL,PL_N8082789926
P03264,HOME,PL_W661566310
P03264,WORK,PL_N5709501522
P03264,CHILD_SCHOOL,PL_W122480554
P03265,HOME,PL_W34229573
P03265,WORK,PL_N13011557660
P03265,CHILD_SCHOOL,PL_W239578890
P03266,HOME,PL_W661470936
P03266,WORK,PL_W33189758
P03266,CHILD_SCHOOL,PL_N712595018
P03267,HOME,PL_W662145059
P03267,WORK,PL_N2021668241
P03268,HOME,PL_W978051267
P03268,WORK,PL_W660934797
P03269,HOME,PL_W31757784
P03269,WORK,PL_W692002311
P03269,CHILD_SCHOOL,PL_W42709352
P03270,HOME,PL_W705011706
P03270,WORK,PL_W34690180
P03271,HOME,PL_W659249416
P03271,WORK,PL_W659249416
P03271,CHILD_SCHOOL,PL_W41363541
P03272,HOME,PL_W978051264
P03272,WORK,PL_N6328178867
P03272,CHILD_SCHOOL,PL_W33543511
P03273,HOME,PL_W31560364
P03273,WORK,PL_N5925522449
P03274,HOME,PL_W34777546
P03274,WORK,PL_W34749776
P03274,CHILD_SCHOOL,PL_W661567710
P03275,HOME,PL_W661821800
P03275,WORK,PL_W32534748
P03276,HOME,PL_W662725963
P03276,WORK,PL_W134174510
P03277,HOME,PL_W457749630
P03277,WORK,PL_W25108216
P03278,HOME,PL_W663310653
P03278,WORK,PL_W701979633
P03278,CHILD_SCHOOL,PL_W189427810
P03279,HOME,PL_W705512153
P03279,UNIVERSITY,PL_W23447424
P03280,HOME,PL_W33076971
P03280,WORK,PL_N10951487095
P03281,HOME,PL_W661649617
P03281,WORK,PL_W27767648
P03281,CHILD_SCHOOL,PL_W705125019
P03282,HOME,PL_W704232374
P03282,WORK,PL_W662441672
P03283,HOME,PL_W31619128
P03283,WORK,PL_W31619128
P03283,CHILD_SCHOOL,PL_W36746611
P03284,HOME,PL_W660633295
P03284,WORK,PL_W32610194
P03285,HOME,PL_W659340244
P03285,WORK,PL_W33746339
P03285,CHILD_SCHOOL,PL_W31956205
P03286,HOME,PL_W660177154
P03286,WORK,PL_W660177154
P03287,HOME,PL_W704292286
P03287,WORK,PL_N436904205
P03288,HOME,PL_W659335179
P03288,WORK,PL_W213917635
P03289,HOME,PL_W686701453
P03289,WORK,PL_N1140190489
P03290,HOME,PL_W31811115
P03290,WORK,PL_N1372148006
P03290,CHILD_SCHOOL,PL_W224817368
P03291,HOME,PL_W434297223
P03291,WORK,PL_W671097359
P03291,CHILD_SCHOOL,PL_W70509585
P03292,HOME,PL_W58936404
P03292,WORK,PL_W34586715
P03293,HOME,PL_W661635423
P03293,WORK,PL_W66979788
P03294,HOME,PL_W705507609
P03294,UNIVERSITY,PL_N9672795308
P03294,CHILD_SCHOOL,PL_W180044576
P03295,HOME,PL_W67141289
P03295,WORK,PL_N774436349
P03295,CHILD_SCHOOL,PL_W35800887
P03296,HOME,PL_W41405386
P03296,WORK,PL_W660637883
P03296,CHILD_SCHOOL,PL_W224813127
P03297,HOME,PL_W32121734
P03297,WORK,PL_W659588095
P03297,CHILD_SCHOOL,PL_W703420516
P03298,HOME,PL_W705881546
P03298,WORK,PL_W409261535
P03299,HOME,PL_W662775299
P03299,UNIVERSITY,PL_N8832604496
P03300,HOME,PL_W661049381
P03300,UNIVERSITY,PL_N1518532024
P03300,CHILD_SCHOOL,PL_W186986129
P03301,HOME,PL_W661635222
P03301,WORK,PL_W34585561
P03301,CHILD_SCHOOL,PL_W56051910
P03302,HOME,PL_W659548707
P03302,WORK,PL_W663827268
P03302,CHILD_SCHOOL,PL_N2332638609
P03303,HOME,PL_W706190954
P03303,UNIVERSITY,PL_W23447424
P03304,HOME,PL_W661957665
P03304,WORK,PL_W661957665
P03304,CHILD_SCHOOL,PL_W35798787
P03305,HOME,PL_W863282986
P03305,WORK,PL_W661897517
P03305,CHILD_SCHOOL,PL_W36880101
P03306,HOME,PL_W704997226
P03306,WORK,PL_N12785231968
P03307,HOME,PL_W662388516
P03307,WORK,PL_W31778853
P03308,HOME,PL_W660568826
P03308,WORK,PL_N14040757537
P03308,CHILD_SCHOOL,PL_W33396813
P03309,HOME,PL_W704995219
P03309,WORK,PL_W32542296
P03309,CHILD_SCHOOL,PL_W36370852
P03310,HOME,PL_W704997232
P03310,WORK,PL_N3774328448
P03311,HOME,PL_W30966660
P03311,WORK,PL_W136796723
P03312,HOME,PL_W661204983
P03312,WORK,PL_W31926276
P03313,HOME,PL_W661076182
P03313,WORK,PL_W60116988
P03313,CHILD_SCHOOL,PL_W56051910
P03314,HOME,PL_W334728863
P03314,WORK,PL_W449305112
P03314,CHILD_SCHOOL,PL_W43613879
P03315,HOME,PL_W170051471
P03315,WORK,PL_W170051471
P03315,CHILD_SCHOOL,PL_N5220318996
P03316,HOME,PL_W705010176
P03316,WORK,PL_N13915678374
P03317,HOME,PL_W31754577
P03317,WORK,PL_W677205548
P03318,HOME,PL_W705529525
P03318,UNIVERSITY,PL_N1142872979
P03319,HOME,PL_W704594303
P03319,WORK,PL_W973784995
P03320,HOME,PL_W58936390
P03320,WORK,PL_N2682257989
P03320,CHILD_SCHOOL,PL_N3575731091
P03321,HOME,PL_W659732848
P03321,WORK,PL_N8283560837
P03322,HOME,PL_W661204455
P03322,WORK,PL_N6323492986
P03323,HOME,PL_W67141587
P03323,WORK,PL_W662554269
P03323,CHILD_SCHOOL,PL_W14608518
P03324,HOME,PL_W661065943
P03324,WORK,PL_W661065943
P03324,CHILD_SCHOOL,PL_W143658010
P03325,HOME,PL_W705132823
P03325,WORK,PL_W674557291
P03326,HOME,PL_W33036598
P03326,WORK,PL_N3877424973
P03326,CHILD_SCHOOL,PL_W184368203
P03327,HOME,PL_W662388665
P03327,WORK,PL_W701979634
P03328,HOME,PL_W659453757
P03328,WORK,PL_W27778415
P03329,HOME,PL_W659341085
P03329,WORK,PL_W31728160
P03330,HOME,PL_W58936379
P03330,WORK,PL_W477385959
P03330,CHILD_SCHOOL,PL_W75367984
P03331,HOME,PL_W662388565
P03331,WORK,PL_W66979786
P03331,CHILD_SCHOOL,PL_W65239313
P03332,HOME,PL_W662175424
P03332,WORK,PL_W659129686
P03332,CHILD_SCHOOL,PL_W36728598
P03333,HOME,PL_W1307373828
P03333,WORK,PL_W61982577
P03334,HOME,PL_W33036599
P03334,WORK,PL_N13570988380
P03334,CHILD_SCHOOL,PL_W29196647
P03335,HOME,PL_W660633209
P03335,WORK,PL_N1131316564
P03336,HOME,PL_W43805236
P03336,WORK,PL_W662149220
P03337,HOME,PL_W221555655
P03337,WORK,PL_W43125814
P03338,HOME,PL_W659449176
P03338,WORK,PL_W179297875
P03338,CHILD_SCHOOL,PL_W170267116
P03339,HOME,PL_W978051263
P03339,UNIVERSITY,PL_W23447424
P03340,HOME,PL_W663309556
P03340,WORK,PL_W148646768
P03340,CHILD_SCHOOL,PL_W39205032
P03341,HOME,PL_W427224029
P03341,WORK,PL_W797142947
P03342,HOME,PL_W659247215
P03342,WORK,PL_N13134416539
P03343,HOME,PL_W659454064
P03343,UNIVERSITY,PL_N12941605147
P03344,HOME,PL_W705529530
P03344,WORK,PL_W677206974
P03344,CHILD_SCHOOL,PL_W705563025
P03345,HOME,PL_W660830384
P03345,UNIVERSITY,PL_N8832604496
P03346,HOME,PL_W698803577
P03346,WORK,PL_N13944227404
P03346,CHILD_SCHOOL,PL_W34228912
P03347,HOME,PL_W660178204
P03347,WORK,PL_W660178204
P03347,CHILD_SCHOOL,PL_W35798652
P03348,HOME,PL_W705625074
P03348,WORK,PL_W258236803
P03348,CHILD_SCHOOL,PL_W34617374
P03349,HOME,PL_W663310207
P03349,WORK,PL_W141693739
P03350,HOME,PL_W31756308
P03350,WORK,PL_N7528844936
P03350,CHILD_SCHOOL,PL_N2336690053
P03351,HOME,PL_W659831460
P03351,WORK,PL_W1531629509
P03352,HOME,PL_W659452127
P03352,WORK,PL_W43812192
P03353,HOME,PL_W1529270088
P03353,WORK,PL_W59248694
P03353,CHILD_SCHOOL,PL_W56127102
P03354,HOME,PL_W661635998
P03354,UNIVERSITY,PL_W23334883
P03355,HOME,PL_W978051259
P03355,WORK,PL_W122205423
P03356,HOME,PL_W43806328
P03356,WORK,PL_W27767631
P03356,CHILD_SCHOOL,PL_W33541185
P03357,HOME,PL_W662761704
P03357,WORK,PL_W34084530
P03358,HOME,PL_W31619128
P03358,WORK,PL_N13879149767
P03359,HOME,PL_W31373086
P03359,WORK,PL_W31363802
P03360,HOME,PL_W662143832
P03360,WORK,PL_N14049964869
P03361,HOME,PL_W166540890
P03361,WORK,PL_W367037750
P03362,HOME,PL_W659728834
P03362,WORK,PL_W659307948
P03362,CHILD_SCHOOL,PL_W186986129
P03363,HOME,PL_W391472124
P03363,WORK,PL_W122205423
P03364,HOME,PL_W660585367
P03364,WORK,PL_W43806369
P03364,CHILD_SCHOOL,PL_W42709352
P03365,HOME,PL_W661821324
P03365,WORK,PL_W27778689
P03366,HOME,PL_W296252448
P03366,WORK,PL_W599480360
P03367,HOME,PL_W662175872
P03367,WORK,PL_W1350297410
P03367,CHILD_SCHOOL,PL_W35836083
P03368,HOME,PL_W31757882
P03368,WORK,PL_N1733861962
P03369,HOME,PL_W114706475
P03369,WORK,PL_N7751944165
P03370,HOME,PL_W660637048
P03370,WORK,PL_W161271397
P03370,CHILD_SCHOOL,PL_W703423112
P03371,HOME,PL_W661050110
P03371,WORK,PL_W230168443
P03372,HOME,PL_W661204895
P03372,WORK,PL_W13404966
P03372,CHILD_SCHOOL,PL_W224817368
P03373,HOME,PL_W31616712
P03373,WORK,PL_N6419859642
P03373,CHILD_SCHOOL,PL_W224695919
P03374,HOME,PL_W662775894
P03374,WORK,PL_N1144124196
P03374,CHILD_SCHOOL,PL_W36747401
P03375,HOME,PL_W659448627
P03375,WORK,PL_W27991582
P03375,CHILD_SCHOOL,PL_W37409510
P03376,HOME,PL_W659447054
P03376,WORK,PL_N400917823
P03377,HOME,PL_W31451200
P03377,WORK,PL_N1907034160
P03378,HOME,PL_W31618600
P03378,WORK,PL_W58727921
P03379,HOME,PL_W704993419
P03379,WORK,PL_W161836042
P03380,HOME,PL_W170052636
P03380,WORK,PL_N2344844672
P03381,HOME,PL_W659546888
P03381,WORK,PL_W461483024
P03381,CHILD_SCHOOL,PL_W29196647
P03382,HOME,PL_W34777543
P03382,WORK,PL_N2029421093
P03383,HOME,PL_W661075318
P03383,WORK,PL_W61014137
P03384,HOME,PL_W36791499
P03384,WORK,PL_N13951193828
P03384,CHILD_SCHOOL,PL_W39205032
P03385,HOME,PL_W31811114
P03385,WORK,PL_W56238528
P03386,HOME,PL_W662145043
P03386,WORK,PL_W660865172
P03386,CHILD_SCHOOL,PL_W703414557
P03387,HOME,PL_W353028162
P03387,WORK,PL_W241020327
P03388,HOME,PL_W369781473
P03388,WORK,PL_W122204658
P03389,HOME,PL_W58936402
P03389,WORK,PL_N7557124699
P03390,HOME,PL_W659333313
P03390,WORK,PL_W659629318
P03390,CHILD_SCHOOL,PL_W54223625
P03391,HOME,PL_W659549236
P03391,WORK,PL_N6545307525
P03391,CHILD_SCHOOL,PL_W37783057
P03392,HOME,PL_W35798768
P03392,WORK,PL_N5682119644
P03392,CHILD_SCHOOL,PL_W41841713
P03393,HOME,PL_W659454270
P03393,UNIVERSITY,PL_N11406187968
P03394,HOME,PL_W659335228
P03394,WORK,PL_W27767640
P03395,HOME,PL_W660634309
P03395,WORK,PL_N7881307695
P03396,HOME,PL_W1210593227
P03396,WORK,PL_W146419070
P03397,HOME,PL_W704229394
P03397,WORK,PL_W702554496
P03397,CHILD_SCHOOL,PL_W122301356
P03398,HOME,PL_W662176518
P03398,WORK,PL_N2548856098
P03399,HOME,PL_W370438991
P03399,WORK,PL_W285345952
P03399,CHILD_SCHOOL,PL_W703414557
P03400,HOME,PL_W33036600
P03400,WORK,PL_N1138266437
P03401,HOME,PL_W170055114
P03401,WORK,PL_W59244491
P03402,HOME,PL_W659252067
P03402,WORK,PL_N8100550665
P03402,CHILD_SCHOOL,PL_W163042361
P03403,HOME,PL_W706093827
P03403,UNIVERSITY,PL_W60304653
P03404,HOME,PL_W662143175
P03404,WORK,PL_W659441078
P03404,CHILD_SCHOOL,PL_W225859145
P03405,HOME,PL_W660568826
P03405,UNIVERSITY,PL_W1502657605
P03406,HOME,PL_W659445670
P03406,WORK,PL_N12372663747
P03406,CHILD_SCHOOL,PL_N4264646734
P03407,HOME,PL_W704993418
P03407,WORK,PL_N6386975388
P03408,HOME,PL_W702141523
P03408,UNIVERSITY,PL_W61759776
P03409,HOME,PL_W660633802
P03409,WORK,PL_W41789653
P03409,CHILD_SCHOOL,PL_N7108106148
P03410,HOME,PL_W706236177
P03410,WORK,PL_N8033469358
P03411,HOME,PL_W31363294
P03411,WORK,PL_N6545539546
P03412,HOME,PL_W663310335
P03412,WORK,PL_W557708469
P03413,HOME,PL_W660601236
P03413,WORK,PL_N13869720211
P03413,CHILD_SCHOOL,PL_W289382175
P03414,HOME,PL_W705125020
P03414,WORK,PL_W796687015
P03414,CHILD_SCHOOL,PL_W34617360
P03415,HOME,PL_W659839770
P03415,WORK,PL_N3467042580
P03416,HOME,PL_W660601783
P03416,WORK,PL_W1080660035
P03416,CHILD_SCHOOL,PL_W125776367
P03417,HOME,PL_W706192711
P03417,WORK,PL_W33542522
P03418,HOME,PL_W31754575
P03418,WORK,PL_W122204305
P03419,HOME,PL_W704196073
P03419,WORK,PL_N2558957630
P03420,HOME,PL_W662711466
P03420,WORK,PL_W60907891
P03420,CHILD_SCHOOL,PL_W35835815
P03421,HOME,PL_W660346718
P03421,WORK,PL_W276149333
P03422,HOME,PL_W703249920
P03422,WORK,PL_W704594307
P03423,HOME,PL_W31754687
P03423,WORK,PL_W31366345
P03423,CHILD_SCHOOL,PL_W36817966
P03424,HOME,PL_W706078547
P03424,WORK,PL_N8033469358
P03424,CHILD_SCHOOL,PL_W224809461
P03425,HOME,PL_W58936362
P03425,WORK,PL_W672703072
P03426,HOME,PL_W705011706
P03426,WORK,PL_N538717607
P03426,CHILD_SCHOOL,PL_W34228912
P03427,HOME,PL_W702142776
P03427,WORK,PL_N13676218287
P03427,CHILD_SCHOOL,PL_W705563029
P03428,HOME,PL_W43811014
P03428,WORK,PL_W660248237
P03429,HOME,PL_W41405412
P03429,WORK,PL_W218951100
P03430,HOME,PL_W1021349239
P03430,WORK,PL_W1021349239
P03430,CHILD_SCHOOL,PL_W170267116
P03431,HOME,PL_W706190948
P03431,WORK,PL_W197174564
P03431,CHILD_SCHOOL,PL_W163042361
P03432,HOME,PL_W767378205
P03432,WORK,PL_W58673609
P03433,HOME,PL_W284327682
P03433,WORK,PL_W55217863
P03433,CHILD_SCHOOL,PL_W224897072
P03434,HOME,PL_W659449155
P03434,WORK,PL_N5154126832
P03435,HOME,PL_W1275519233
P03435,WORK,PL_W247681917
P03435,CHILD_SCHOOL,PL_W163146271
P03436,HOME,PL_W662175450
P03436,UNIVERSITY,PL_W1431713652
P03437,HOME,PL_W31373427
P03437,WORK,PL_N6384674985
P03437,CHILD_SCHOOL,PL_W35800152
P03438,HOME,PL_W660839045
P03438,WORK,PL_N6528691666
P03438,CHILD_SCHOOL,PL_W195493031
P03439,HOME,PL_W1275522395
P03439,WORK,PL_W671599472
P03439,CHILD_SCHOOL,PL_W705565519
P03440,HOME,PL_W31757274
P03440,WORK,PL_W141171737
P03440,CHILD_SCHOOL,PL_W706093848
P03441,HOME,PL_W830376549
P03441,WORK,PL_W58646468
P03441,CHILD_SCHOOL,PL_W36817966
P03442,HOME,PL_W661648833
P03442,WORK,PL_W658301418
P03443,HOME,PL_W705881541
P03443,WORK,PL_W658955011
P03443,CHILD_SCHOOL,PL_W688045884
P03444,HOME,PL_W659452276
P03444,WORK,PL_N11784591294
P03445,HOME,PL_W41405395
P03445,WORK,PL_W31443988
P03445,CHILD_SCHOOL,PL_W35836135
P03446,HOME,PL_W659449069
P03446,WORK,PL_W659449069
P03446,CHILD_SCHOOL,PL_W688047029
P03447,HOME,PL_W661777252
P03447,WORK,PL_W225948695
P03447,CHILD_SCHOOL,PL_W36880102
P03448,HOME,PL_W43804755
P03448,WORK,PL_W25491342
P03449,HOME,PL_W704232372
P03449,WORK,PL_W66979977
P03449,CHILD_SCHOOL,PL_W41841713
P03450,HOME,PL_W661205750
P03450,WORK,PL_W137923159
P03451,HOME,PL_W36791498
P03451,WORK,PL_W387353918
P03451,CHILD_SCHOOL,PL_W36746611
P03452,HOME,PL_W31617619
P03452,WORK,PL_W677770980
P03452,CHILD_SCHOOL,PL_N12968468121
P03453,HOME,PL_W702587022
P03453,WORK,PL_W34587440
P03454,HOME,PL_W660806679
P03454,WORK,PL_W657697672
P03454,CHILD_SCHOOL,PL_W59584330
P03455,HOME,PL_W31756312
P03455,WORK,PL_W160151165
P03456,HOME,PL_W760239221
P03456,WORK,PL_W334623328
P03456,CHILD_SCHOOL,PL_W34229259
P03457,HOME,PL_W660830373
P03457,WORK,PL_W366234298
P03458,HOME,PL_W705529532
P03458,WORK,PL_N13780962297
P03459,HOME,PL_W661470581
P03459,WORK,PL_N11803596922
P03460,HOME,PL_W661205558
P03460,WORK,PL_W55462938
P03460,CHILD_SCHOOL,PL_W224816012
P03461,HOME,PL_W42472527
P03461,WORK,PL_W55036397
P03462,HOME,PL_W705882028
P03462,WORK,PL_W33471348
P03462,CHILD_SCHOOL,PL_W186575106
P03463,HOME,PL_W661075059
P03463,WORK,PL_N7529120970
P03463,CHILD_SCHOOL,PL_W503478885
P03464,HOME,PL_W662449373
P03464,WORK,PL_W71417922
P03464,CHILD_SCHOOL,PL_W163146271
P03465,HOME,PL_W660637863
P03465,WORK,PL_W676299461
P03466,HOME,PL_W705737455
P03466,WORK,PL_N845505194
P03467,HOME,PL_W660831053
P03467,WORK,PL_N2153426039
P03468,HOME,PL_W166540890
P03468,WORK,PL_W659239201
P03469,HOME,PL_W706192710
P03469,WORK,PL_N8320329661
P03470,HOME,PL_W36803731
P03470,WORK,PL_W262740197
P03471,HOME,PL_W662775538
P03471,WORK,PL_N6584471076
P03471,CHILD_SCHOOL,PL_W36331867
P03472,HOME,PL_W704232364
P03472,WORK,PL_W335620130
P03472,CHILD_SCHOOL,PL_W760844017
P03473,HOME,PL_W704292283
P03473,WORK,PL_N6306357923
P03473,CHILD_SCHOOL,PL_W34228913
P03474,HOME,PL_W31624354
P03474,WORK,PL_W660397102
P03474,CHILD_SCHOOL,PL_W33503151
P03475,HOME,PL_W706192716
P03475,WORK,PL_W1033377981
P03476,HOME,PL_W660348050
P03476,WORK,PL_W182946160
P03476,CHILD_SCHOOL,PL_W39205032
P03477,HOME,PL_W41405380
P03477,WORK,PL_W678433693
P03477,CHILD_SCHOOL,PL_W36332039
P03478,HOME,PL_W660817834
P03478,WORK,PL_N6455957419
P03479,HOME,PL_W662094793
P03479,WORK,PL_W953878382
P03479,CHILD_SCHOOL,PL_W35836502
P03480,HOME,PL_W661470057
P03480,WORK,PL_W27767635
P03481,HOME,PL_W658973977
P03481,WORK,PL_W229483175
P03481,CHILD_SCHOOL,PL_W32819968
P03482,HOME,PL_W662388969
P03482,WORK,PL_N5264995539
P03482,CHILD_SCHOOL,PL_N2346655835
P03483,HOME,PL_W662762526
P03483,WORK,PL_N7590564646
P03484,HOME,PL_W705845657
P03484,WORK,PL_W33893041
P03484,CHILD_SCHOOL,PL_W42530511
P03485,HOME,PL_W31616712
P03485,WORK,PL_W225877280
P03486,HOME,PL_W42472531
P03486,WORK,PL_W659605628
P03487,HOME,PL_W32742170
P03487,WORK,PL_W1009155382
P03487,CHILD_SCHOOL,PL_W70509378
P03488,HOME,PL_W170055112
P03488,WORK,PL_W105153853
P03489,HOME,PL_W229483488
P03489,WORK,PL_W61011663
P03490,HOME,PL_W706236183
P03490,WORK,PL_N8964342504
P03490,CHILD_SCHOOL,PL_W54223625
P03491,HOME,PL_W661331025
P03491,WORK,PL_N6334219389
P03492,HOME,PL_W258559002
P03492,WORK,PL_W659322403
P03493,HOME,PL_W706078563
P03493,WORK,PL_W103621380
P03494,HOME,PL_W1204945341
P03494,WORK,PL_W34121938
P03494,CHILD_SCHOOL,PL_W220406701
P03495,HOME,PL_W43805236
P03495,WORK,PL_N12662416801
P03496,HOME,PL_W705624347
P03496,WORK,PL_N13011557660
P03497,HOME,PL_W660584929
P03497,WORK,PL_N1995567787
P03498,HOME,PL_W660829868
P03498,WORK,PL_W700221889
P03499,HOME,PL_W660079776
P03499,WORK,PL_W43125683
P03500,HOME,PL_W31617605
P03500,WORK,PL_W543787600
P03501,HOME,PL_W660177776
P03501,WORK,PL_W31620091
P03502,HOME,PL_W703923701
P03502,WORK,PL_W34582690
P03503,HOME,PL_W661050116
P03503,WORK,PL_W247147345
P03504,HOME,PL_W31754596
P03504,WORK,PL_W495300892
P03504,CHILD_SCHOOL,PL_W35798652
P03505,HOME,PL_W702557441
P03505,WORK,PL_W701664619
P03506,HOME,PL_W32651989
P03506,WORK,PL_W163046995
P03506,CHILD_SCHOOL,PL_W36952003
P03507,HOME,PL_W702587015
P03507,WORK,PL_N8550950821
P03508,HOME,PL_W34229574
P03508,WORK,PL_W705624345
P03509,HOME,PL_W661636268
P03509,UNIVERSITY,PL_N12227880714
P03510,HOME,PL_W660866924
P03510,WORK,PL_W387354963
P03511,HOME,PL_W1275524434
P03511,WORK,PL_N6685521586
P03512,HOME,PL_W659335082
P03512,WORK,PL_W76001386
P03512,CHILD_SCHOOL,PL_W705011693
P03513,HOME,PL_W36921199
P03513,WORK,PL_N12290570959
P03513,CHILD_SCHOOL,PL_W41364187
P03514,HOME,PL_W31373517
P03514,WORK,PL_N588338842
P03514,CHILD_SCHOOL,PL_W274163820
P03515,HOME,PL_W660830885
P03515,WORK,PL_W43805112
P03515,CHILD_SCHOOL,PL_W36368280
P03516,HOME,PL_W706078547
P03516,WORK,PL_W661193506
P03516,CHILD_SCHOOL,PL_W36817966
P03517,HOME,PL_W170051472
P03517,WORK,PL_N6386093049
P03517,CHILD_SCHOOL,PL_W34777564
P03518,HOME,PL_W661957653
P03518,WORK,PL_W674557299
P03519,HOME,PL_W661920304
P03519,WORK,PL_W34587440
P03519,CHILD_SCHOOL,PL_W36786284
P03520,HOME,PL_W659830909
P03520,WORK,PL_W662098503
P03520,CHILD_SCHOOL,PL_W41841601
P03521,HOME,PL_W531106851
P03521,WORK,PL_W353252514
P03522,HOME,PL_W33036595
P03522,WORK,PL_W659546812
P03523,HOME,PL_W659460127
P03523,WORK,PL_W556114691
P03524,HOME,PL_W31373437
P03524,WORK,PL_W1500806454
P03525,HOME,PL_W661205918
P03525,WORK,PL_W658300634
P03526,HOME,PL_W659445543
P03526,WORK,PL_N5790583407
P03527,HOME,PL_W33653601
P03527,WORK,PL_W61429677
P03528,HOME,PL_W661956903
P03528,WORK,PL_N4013809949
P03528,CHILD_SCHOOL,PL_N13625366295
P03529,HOME,PL_W31363294
P03529,WORK,PL_W56062741
P03529,CHILD_SCHOOL,PL_W35800152
P03530,HOME,PL_W705565527
P03530,WORK,PL_W34176245
P03530,CHILD_SCHOOL,PL_W179214961
P03531,HOME,PL_W31373089
P03531,WORK,PL_W663869641
P03532,HOME,PL_W705507605
P03532,WORK,PL_W367536575
P03533,HOME,PL_W660584447
P03533,WORK,PL_N7638850237
P03534,HOME,PL_W704634879
P03534,WORK,PL_N8680020429
P03534,CHILD_SCHOOL,PL_W224442293
P03535,HOME,PL_W39688700
P03535,WORK,PL_N4228307289
P03536,HOME,PL_W1204537082
P03536,WORK,PL_W1204537082
P03536,CHILD_SCHOOL,PL_W226096987
P03537,HOME,PL_W31754697
P03537,WORK,PL_N8911556690
P03537,CHILD_SCHOOL,PL_W36377929
P03538,HOME,PL_W659250493
P03538,UNIVERSITY,PL_W23447424
P03539,HOME,PL_W660636406
P03539,WORK,PL_W692017154
P03540,HOME,PL_W702557441
P03540,WORK,PL_W663871232
P03541,HOME,PL_W659340993
P03541,WORK,PL_W265703121
P03542,HOME,PL_W705010176
P03542,WORK,PL_N1736786067
P03542,CHILD_SCHOOL,PL_W35836165
P03543,HOME,PL_W661045046
P03543,WORK,PL_W66980162
P03544,HOME,PL_W660830653
P03544,WORK,PL_W122205423
P03545,HOME,PL_W661065825
P03545,WORK,PL_W182282890
P03546,HOME,PL_W36333601
P03546,WORK,PL_N11803596923
P03546,CHILD_SCHOOL,PL_N2332638609
P03547,HOME,PL_W661636510
P03547,WORK,PL_W398583836
P03548,HOME,PL_W662389898
P03548,WORK,PL_W1389930381
P03549,HOME,PL_W31811184
P03549,WORK,PL_W679550928
P03549,CHILD_SCHOOL,PL_W57047252
P03550,HOME,PL_W706190949
P03550,WORK,PL_W706190949
P03550,CHILD_SCHOOL,PL_W186575881
P03551,HOME,PL_W661635945
P03551,WORK,PL_W103619594
P03551,CHILD_SCHOOL,PL_W35836165
P03552,HOME,PL_W291196700
P03552,WORK,PL_W43808567
P03553,HOME,PL_W31616723
P03553,WORK,PL_W663381153
P03554,HOME,PL_W863282986
P03554,WORK,PL_W115222390
P03555,HOME,PL_W704292291
P03555,WORK,PL_W187814126
P03556,HOME,PL_W660568826
P03556,WORK,PL_W148646768
P03557,HOME,PL_W705125021
P03557,WORK,PL_W122205423
P03557,CHILD_SCHOOL,PL_W161236234
P03558,HOME,PL_W32820129
P03558,WORK,PL_N384785118
P03559,HOME,PL_W706078569
P03559,WORK,PL_W661541408
P03559,CHILD_SCHOOL,PL_W224136221
P03560,HOME,PL_W659249828
P03560,WORK,PL_W179653224
P03561,HOME,PL_W659446725
P03561,WORK,PL_N11050178297
P03562,HOME,PL_W705625079
P03562,WORK,PL_W61430204
P03563,HOME,PL_W656560581
P03563,WORK,PL_N6548307620
P03563,CHILD_SCHOOL,PL_W704997229
P03564,HOME,PL_W31757287
P03564,WORK,PL_N6565973716
P03565,HOME,PL_W444619163
P03565,WORK,PL_W677206965
P03565,CHILD_SCHOOL,PL_W30966655
P03566,HOME,PL_W661470817
P03566,WORK,PL_N12390409170
P03566,CHILD_SCHOOL,PL_W33394479
P03567,HOME,PL_W1382850393
P03567,WORK,PL_N3602419558
P03567,CHILD_SCHOOL,PL_W503478885
P03568,HOME,PL_W703923701
P03568,WORK,PL_W60428858
P03568,CHILD_SCHOOL,PL_W29113970
P03569,HOME,PL_W705507593
P03569,UNIVERSITY,PL_N13374713725
P03570,HOME,PL_W31754690
P03570,WORK,PL_W1194870091
P03571,HOME,PL_W1275510425
P03571,WORK,PL_N10892231389
P03572,HOME,PL_W702557441
P03572,WORK,PL_N4412252090
P03573,HOME,PL_W760239221
P03573,WORK,PL_N387772003
P03573,CHILD_SCHOOL,PL_N9214580633
P03574,HOME,PL_W31617609
P03574,WORK,PL_W210313906
P03574,CHILD_SCHOOL,PL_W36377929
P03575,HOME,PL_W370438991
P03575,WORK,PL_W55036397
P03576,HOME,PL_W705109207
P03576,WORK,PL_W598637692
P03576,CHILD_SCHOOL,PL_W143658010
P03577,HOME,PL_W32667517
P03577,WORK,PL_N6554627497
P03578,HOME,PL_W660357398
P03578,WORK,PL_N4030189880
P03579,HOME,PL_W36888109
P03579,WORK,PL_W677477572
P03579,CHILD_SCHOOL,PL_W391848543
P03580,HOME,PL_W705010182
P03580,WORK,PL_W1315961632
P03581,HOME,PL_W660817594
P03581,WORK,PL_W705010178
P03581,CHILD_SCHOOL,PL_W24501824
P03582,HOME,PL_W659242791
P03582,WORK,PL_W677477574
P03582,CHILD_SCHOOL,PL_W29113970
P03583,HOME,PL_W31811208
P03583,WORK,PL_W66979977
P03583,CHILD_SCHOOL,PL_W57047252
P03584,HOME,PL_W662711548
P03584,WORK,PL_W215607163
P03585,HOME,PL_W661920371
P03585,WORK,PL_W660624564
P03586,HOME,PL_W41405376
P03586,WORK,PL_W663871436
P03586,CHILD_SCHOOL,PL_W224816805
P03587,HOME,PL_W662094891
P03587,WORK,PL_N2458802112
P03587,CHILD_SCHOOL,PL_W33529943
P03588,HOME,PL_W660568746
P03588,WORK,PL_N2620431714
P03589,HOME,PL_W659461469
P03589,UNIVERSITY,PL_N8832604496
P03590,HOME,PL_W33542527
P03590,WORK,PL_W704945364
P03590,CHILD_SCHOOL,PL_W33541228
P03591,HOME,PL_W660077984
P03591,WORK,PL_W32651959
P03592,HOME,PL_W36803731
P03592,WORK,PL_W33300782
P03593,HOME,PL_W705011702
P03593,WORK,PL_W510615178
P03593,CHILD_SCHOOL,PL_W255480069
P03594,HOME,PL_W705507601
P03594,WORK,PL_W13405217
P03595,HOME,PL_W659452086
P03595,WORK,PL_N5478886799
P03595,CHILD_SCHOOL,PL_W705565521
P03596,HOME,PL_W457749630
P03596,WORK,PL_N3668828498
P03596,CHILD_SCHOOL,PL_W32819968
P03597,HOME,PL_W31451019
P03597,WORK,PL_W56062733
P03598,HOME,PL_W661822297
P03598,WORK,PL_W661250268
P03599,HOME,PL_W334729121
P03599,WORK,PL_W672780996
P03600,HOME,PL_W31451053
P03600,WORK,PL_W450839697
P03600,CHILD_SCHOOL,PL_W36747098
P03601,HOME,PL_W659453322
P03601,WORK,PL_N9905840447
P03602,HOME,PL_W661822924
P03602,WORK,PL_N7551829348
P03602,CHILD_SCHOOL,PL_W163146271
P03603,HOME,PL_W31622242
P03603,WORK,PL_N6989742135
P03603,CHILD_SCHOOL,PL_W36747401
P03604,HOME,PL_W662775204
P03604,WORK,PL_W805391917
P03604,CHILD_SCHOOL,PL_W36746611
P03605,HOME,PL_W55200610
P03605,WORK,PL_W33729470
P03606,HOME,PL_W659246210
P03606,WORK,PL_W659246210
P03606,CHILD_SCHOOL,PL_W171477271
P03607,HOME,PL_W55547148
P03607,WORK,PL_W31560496
P03608,HOME,PL_W67141592
P03608,WORK,PL_W537480656
P03608,CHILD_SCHOOL,PL_W220920995
P03609,HOME,PL_W705115253
P03609,WORK,PL_N6589662183
P03610,HOME,PL_W659446661
P03610,WORK,PL_W180683150
P03611,HOME,PL_W31757276
P03611,WORK,PL_N13879295575
P03611,CHILD_SCHOOL,PL_W160521056
P03612,HOME,PL_W662785909
P03612,WORK,PL_W180175774
P03613,HOME,PL_W444619168
P03613,WORK,PL_N2356774418
P03613,CHILD_SCHOOL,PL_W71410512
P03614,HOME,PL_W31617605
P03614,WORK,PL_W1346020975
P03615,HOME,PL_W705737457
P03615,WORK,PL_W663827169
P03615,CHILD_SCHOOL,PL_W33529943
P03616,HOME,PL_W660637780
P03616,UNIVERSITY,PL_W23447424
P03616,CHILD_SCHOOL,PL_W35836168
P03617,HOME,PL_W660569650
P03617,WORK,PL_W659587877
P03618,HOME,PL_W704229385
P03618,WORK,PL_N6348638702
P03619,HOME,PL_W659333589
P03619,WORK,PL_W661512486
P03620,HOME,PL_W31754576
P03620,WORK,PL_N13915723234
P03621,HOME,PL_W1275528993
P03621,WORK,PL_N10893291925
P03622,HOME,PL_W705109232
P03622,WORK,PL_W659459829
P03622,CHILD_SCHOOL,PL_W705109213
P03623,HOME,PL_W33036595
P03623,WORK,PL_W90306466
P03624,HOME,PL_W35835249
P03624,WORK,PL_N12996560402
P03625,HOME,PL_W660981669
P03625,WORK,PL_W660981669
P03626,HOME,PL_W702587015
P03626,WORK,PL_W59244642
P03626,CHILD_SCHOOL,PL_W24725316
P03627,HOME,PL_W32820131
P03627,WORK,PL_W32531207
P03627,CHILD_SCHOOL,PL_W57047252
P03628,HOME,PL_W659729665
P03628,WORK,PL_W66983974
P03628,CHILD_SCHOOL,PL_W688047029
P03629,HOME,PL_W656560681
P03629,UNIVERSITY,PL_W702100748
P03630,HOME,PL_W656561052
P03630,WORK,PL_W796686975
P03631,HOME,PL_W659447431
P03631,WORK,PL_W182090184
P03631,CHILD_SCHOOL,PL_W50977417
P03632,HOME,PL_W662448545
P03632,WORK,PL_W663828027
P03633,HOME,PL_W457493164
P03633,WORK,PL_W79664987
P03634,HOME,PL_W89185230
P03634,WORK,PL_W33362896
P03635,HOME,PL_W662760892
P03635,WORK,PL_N6532784882
P03636,HOME,PL_W704997223
P03636,WORK,PL_W57385304
P03636,CHILD_SCHOOL,PL_W224816805
P03637,HOME,PL_W704287221
P03637,WORK,PL_N1383803047
P03638,HOME,PL_W660584983
P03638,WORK,PL_W55031045
P03638,CHILD_SCHOOL,PL_W25775106
P03639,HOME,PL_W662388398
P03639,WORK,PL_W32326097
P03639,CHILD_SCHOOL,PL_W34073293
P03640,HOME,PL_W661205104
P03640,WORK,PL_W115222390
P03640,CHILD_SCHOOL,PL_W288675892
P03641,HOME,PL_W349887190
P03641,WORK,PL_W349887190
P03642,HOME,PL_W702554514
P03642,WORK,PL_N6551544265
P03643,HOME,PL_W706236185
P03643,WORK,PL_W1316550313
P03644,HOME,PL_W659445149
P03644,WORK,PL_W663827160
P03645,HOME,PL_W1236108991
P03645,WORK,PL_W662259388
P03645,CHILD_SCHOOL,PL_W201704236
P03646,HOME,PL_W704993428
P03646,WORK,PL_N6543811674
P03647,HOME,PL_W659341398
P03647,WORK,PL_W34582688
P03647,CHILD_SCHOOL,PL_W171477484
P03648,HOME,PL_W659445659
P03648,WORK,PL_W670106669
P03649,HOME,PL_W662144993
P03649,UNIVERSITY,PL_W61759776
P03650,HOME,PL_W122359518
P03650,WORK,PL_W1525237524
P03650,CHILD_SCHOOL,PL_W24159328
P03651,HOME,PL_W143654372
P03651,UNIVERSITY,PL_W23447514
P03652,HOME,PL_W31756382
P03652,WORK,PL_W663827285
P03653,HOME,PL_W863282987
P03653,WORK,PL_W58647104
P03653,CHILD_SCHOOL,PL_W56996051
P03654,HOME,PL_W31617618
P03654,WORK,PL_W56057413
P03655,HOME,PL_W43804755
P03655,WORK,PL_W142432175
P03656,HOME,PL_W659245443
P03656,WORK,PL_W662441698
P03657,HOME,PL_W31373087
P03657,WORK,PL_W31619934
P03658,HOME,PL_W32455673
P03658,UNIVERSITY,PL_W61759776
P03659,HOME,PL_W31757290
P03659,WORK,PL_W703776813
P03659,CHILD_SCHOOL,PL_W36787819
P03660,HOME,PL_W705218759
P03660,WORK,PL_W58728305
P03661,HOME,PL_W31754688
P03661,WORK,PL_W66979901
P03661,CHILD_SCHOOL,PL_W195969794
P03662,HOME,PL_W660837481
P03662,WORK,PL_W62058559
P03663,HOME,PL_W255807045
P03663,WORK,PL_N6468793361
P03664,HOME,PL_W660818855
P03664,WORK,PL_W802230932
P03664,CHILD_SCHOOL,PL_W36747401
P03665,HOME,PL_W704729327
P03665,WORK,PL_W284554732
P03666,HOME,PL_W659334165
P03666,WORK,PL_W705109230
P03667,HOME,PL_W662761361
P03667,WORK,PL_W669862639
P03667,CHILD_SCHOOL,PL_W68507025
P03668,HOME,PL_W660586305
P03668,WORK,PL_W660586305
P03668,CHILD_SCHOOL,PL_W35836139
P03669,HOME,PL_W661065835
P03669,WORK,PL_W231284913
P03670,HOME,PL_W31757792
P03670,WORK,PL_W366234315
P03671,HOME,PL_W660568826
P03671,WORK,PL_W61982577
P03672,HOME,PL_W31754597
P03672,WORK,PL_N7195309578
P03672,CHILD_SCHOOL,PL_W224671171
P03673,HOME,PL_W531101812
P03673,WORK,PL_W663826507
P03674,HOME,PL_W1167158868
P03674,WORK,PL_N13087998367
P03675,HOME,PL_W659250072
P03675,WORK,PL_W661330555
P03676,HOME,PL_W705222378
P03676,WORK,PL_W36364241
P03677,HOME,PL_W660601395
P03677,WORK,PL_W659588334
P03677,CHILD_SCHOOL,PL_N7725077141
P03678,HOME,PL_W660639136
P03678,WORK,PL_N5368647056
P03679,HOME,PL_W41405420
P03679,WORK,PL_W62364925
P03679,CHILD_SCHOOL,PL_W59584330
P03680,HOME,PL_W705507594
P03680,WORK,PL_N6334482680
P03680,CHILD_SCHOOL,PL_W25366282
P03681,HOME,PL_W660867614
P03681,WORK,PL_W660836394
P03681,CHILD_SCHOOL,PL_N13625366295
P03682,HOME,PL_W370438991
P03682,UNIVERSITY,PL_W1502659706
P03683,HOME,PL_W661779046
P03683,WORK,PL_W120342220
P03684,HOME,PL_W705529528
P03684,WORK,PL_W705529528
P03684,CHILD_SCHOOL,PL_W70509378
P03685,HOME,PL_W34229575
P03685,WORK,PL_W34690211
P03686,HOME,PL_W704288158
P03686,WORK,PL_W56123854
P03687,HOME,PL_W661636027
P03687,WORK,PL_W661636027
P03688,HOME,PL_W894580866
P03688,WORK,PL_W184225677
P03689,HOME,PL_W31616723
P03689,WORK,PL_W1178504310
P03690,HOME,PL_W660867627
P03690,WORK,PL_W55036397
P03690,CHILD_SCHOOL,PL_N712595018
P03691,HOME,PL_W1204945256
P03691,UNIVERSITY,PL_N2375249754
P03692,HOME,PL_W660817283
P03692,WORK,PL_N4933392883
P03692,CHILD_SCHOOL,PL_W36543496
P03693,HOME,PL_W31617605
P03693,WORK,PL_N12042617597
P03694,HOME,PL_W662761881
P03694,WORK,PL_W194213916
P03695,HOME,PL_W291196700
P03695,WORK,PL_W436018569
P03696,HOME,PL_W31451163
P03696,WORK,PL_W663828131
P03697,HOME,PL_W659334109
P03697,WORK,PL_W661314203
P03697,CHILD_SCHOOL,PL_W170266806
P03698,HOME,PL_W33723491
P03698,WORK,PL_W97303142
P03699,HOME,PL_W661957161
P03699,WORK,PL_N13872336623
P03700,HOME,PL_W662177051
P03700,WORK,PL_N4529456800
P03700,CHILD_SCHOOL,PL_W36543496
P03701,HOME,PL_W336113000
P03701,WORK,PL_N6358218785
P03701,CHILD_SCHOOL,PL_W703414557
P03702,HOME,PL_W659831173
P03702,WORK,PL_N6304924278
P03703,HOME,PL_W659729537
P03703,WORK,PL_W115626110
P03704,HOME,PL_W1082790234
P03704,WORK,PL_W1082790234
P03704,CHILD_SCHOOL,PL_W28273222
P03705,HOME,PL_W704229382
P03705,WORK,PL_W180549731
P03706,HOME,PL_W660603565
P03706,WORK,PL_N7707198946
P03707,HOME,PL_W31373087
P03707,WORK,PL_W795967111
P03707,CHILD_SCHOOL,PL_W36747098
P03708,HOME,PL_W35835251
P03708,WORK,PL_W662099358
P03708,CHILD_SCHOOL,PL_W195493031
P03709,HOME,PL_W661050081
P03709,WORK,PL_N13990904652
P03710,HOME,PL_W661049596
P03710,WORK,PL_W659839892
P03711,HOME,PL_W55547148
P03711,WORK,PL_N13932530003
P03711,CHILD_SCHOOL,PL_W56051919
P03712,HOME,PL_W31617618
P03712,UNIVERSITY,PL_W23447514
P03713,HOME,PL_W661049479
P03713,WORK,PL_N12986755358
P03714,HOME,PL_W457749630
P03714,WORK,PL_N14039023042
P03714,CHILD_SCHOOL,PL_W760844017
P03715,HOME,PL_W978051260
P03715,WORK,PL_N5441763276
P03715,CHILD_SCHOOL,PL_W36332059
P03716,HOME,PL_W662388480
P03716,WORK,PL_W662388480
P03717,HOME,PL_W659729979
P03717,WORK,PL_W170018363
P03718,HOME,PL_W660569148
P03718,WORK,PL_W117593766
P03718,CHILD_SCHOOL,PL_W41841713
P03719,HOME,PL_W457493164
P03719,WORK,PL_W89185231
P03719,CHILD_SCHOOL,PL_W36952003
P03720,HOME,PL_W659729897
P03720,WORK,PL_W659239664
P03721,HOME,PL_W31373428
P03721,WORK,PL_N6491236692
P03722,HOME,PL_W31616712
P03722,WORK,PL_W659588032
P03722,CHILD_SCHOOL,PL_W167534168
P03723,HOME,PL_W31811113
P03723,WORK,PL_W797150171
P03723,CHILD_SCHOOL,PL_W703414558
P03724,HOME,PL_W659340051
P03724,WORK,PL_N12982624154
P03725,HOME,PL_W229483556
P03725,WORK,PL_N766938619
P03726,HOME,PL_W706078563
P03726,WORK,PL_N5459831221
P03727,HOME,PL_W660584181
P03727,WORK,PL_W356780579
P03728,HOME,PL_W660806909
P03728,WORK,PL_W1024883174
P03728,CHILD_SCHOOL,PL_N7108106148
P03729,HOME,PL_W31757883
P03729,WORK,PL_W660624564
P03730,HOME,PL_W33564012
P03730,WORK,PL_W31620471
P03731,HOME,PL_W457493164
P03731,WORK,PL_W296572834
P03732,HOME,PL_W31450948
P03732,UNIVERSITY,PL_W23447424
P03732,CHILD_SCHOOL,PL_W36791041
P03733,HOME,PL_W31617621
P03733,WORK,PL_W661483679
P03734,HOME,PL_W659460755
P03734,WORK,PL_N2816061853
P03734,CHILD_SCHOOL,PL_N2336690053
P03735,HOME,PL_W31754576
P03735,WORK,PL_N6348493746
P03735,CHILD_SCHOOL,PL_W220408094
P03736,HOME,PL_W905590544
P03736,WORK,PL_N13384193064
P03737,HOME,PL_W661206206
P03737,WORK,PL_W796670791
P03737,CHILD_SCHOOL,PL_W160521056
P03738,HOME,PL_W1167158870
P03738,WORK,PL_W662441705
P03739,HOME,PL_W31756295
P03739,WORK,PL_N383551103
P03739,CHILD_SCHOOL,PL_W33503129
P03740,HOME,PL_W662499552
P03740,WORK,PL_N12076151013
P03741,HOME,PL_W661274878
P03741,WORK,PL_N12610821648
P03741,CHILD_SCHOOL,PL_W36861511
P03742,HOME,PL_W660346568
P03742,WORK,PL_N6423958627
P03742,CHILD_SCHOOL,PL_W36951033
P03743,HOME,PL_W661048223
P03743,WORK,PL_W33746340
P03744,HOME,PL_W31373428
P03744,WORK,PL_W661951956
P03745,HOME,PL_W704945365
P03745,WORK,PL_W697106137
P03746,HOME,PL_W170052631
P03746,WORK,PL_W170052631
P03746,CHILD_SCHOOL,PL_W688267162
P03747,HOME,PL_W43811046
P03747,WORK,PL_W285055427
P03747,CHILD_SCHOOL,PL_W36747096
P03748,HOME,PL_W705740396
P03748,WORK,PL_W137916397
P03748,CHILD_SCHOOL,PL_W35836135
P03749,HOME,PL_W662095377
P03749,WORK,PL_W32773286
P03750,HOME,PL_W36888102
P03750,WORK,PL_N13276607590
P03751,HOME,PL_W705011686
P03751,WORK,PL_W705555913
P03752,HOME,PL_W661776949
P03752,WORK,PL_W60304156
P03752,CHILD_SCHOOL,PL_W186986129
P03753,HOME,PL_W32455671
P03753,WORK,PL_W663827978
P03754,HOME,PL_W662711255
P03754,WORK,PL_W61698408
P03754,CHILD_SCHOOL,PL_W25366282
P03755,HOME,PL_W705650228
P03755,WORK,PL_W658233529
P03756,HOME,PL_W705222393
P03756,WORK,PL_N6352773243
P03757,HOME,PL_W662177390
P03757,WORK,PL_W662177390
P03757,CHILD_SCHOOL,PL_W56051877
P03758,HOME,PL_W43806328
P03758,WORK,PL_N12978892902
P03759,HOME,PL_W170052632
P03759,WORK,PL_W61843026
P03759,CHILD_SCHOOL,PL_W705011696
P03760,HOME,PL_W225767241
P03760,WORK,PL_N14083647110
P03760,CHILD_SCHOOL,PL_W36880102
P03761,HOME,PL_W662761970
P03761,WORK,PL_N11963528572
P03762,HOME,PL_W662775890
P03762,UNIVERSITY,PL_W676443514
P03763,HOME,PL_W54521645
P03763,WORK,PL_N13924345425
P03763,CHILD_SCHOOL,PL_W220406701
P03764,HOME,PL_W33036597
P03764,UNIVERSITY,PL_W23447514
P03765,HOME,PL_W31373095
P03765,WORK,PL_W32506905
P03766,HOME,PL_W54521645
P03766,WORK,PL_N3396315333
P03767,HOME,PL_W660819593
P03767,WORK,PL_W56010314
P03768,HOME,PL_W43806055
P03768,WORK,PL_W32052212
P03768,CHILD_SCHOOL,PL_N8082789926
P03769,HOME,PL_W706093827
P03769,UNIVERSITY,PL_W23447393
P03770,HOME,PL_W31619119
P03770,WORK,PL_N13783440572
P03771,HOME,PL_W978051262
P03771,WORK,PL_W58559253
P03771,CHILD_SCHOOL,PL_W703420515
P03772,HOME,PL_W661205991
P03772,WORK,PL_N6348657383
P03773,HOME,PL_W170052638
P03773,WORK,PL_N1389101640
P03774,HOME,PL_W702560123
P03774,WORK,PL_W660829943
P03775,HOME,PL_W114706475
P03775,WORK,PL_N11711767958
P03775,CHILD_SCHOOL,PL_W224817368
P03776,HOME,PL_W704229382
P03776,WORK,PL_N3391253124
P03777,HOME,PL_W703752579
P03777,WORK,PL_N370214388
P03777,CHILD_SCHOOL,PL_W186575881
P03778,HOME,PL_W661048733
P03778,WORK,PL_W678437135
P03778,CHILD_SCHOOL,PL_W143657503
P03779,HOME,PL_W36791500
P03779,UNIVERSITY,PL_W1268267050
P03779,CHILD_SCHOOL,PL_W167534168
P03780,HOME,PL_W656561901
P03780,WORK,PL_W112761005
P03780,CHILD_SCHOOL,PL_W705563029
P03781,HOME,PL_W702169769
P03781,WORK,PL_W34615187
P03782,HOME,PL_W1412635041
P03782,WORK,PL_W1412635041
P03782,CHILD_SCHOOL,PL_N7751979185
P03783,HOME,PL_W704597784
P03783,WORK,PL_W663315259
P03783,CHILD_SCHOOL,PL_N13705682293
P03784,HOME,PL_W662175806
P03784,WORK,PL_W33849252
P03785,HOME,PL_W31756382
P03785,WORK,PL_W32022573
P03786,HOME,PL_W660602917
P03786,WORK,PL_W79659370
P03787,HOME,PL_W660212177
P03787,UNIVERSITY,PL_W23447393
P03788,HOME,PL_W661567425
P03788,WORK,PL_W32596447
P03789,HOME,PL_W702160075
P03789,WORK,PL_N13918007619
P03789,CHILD_SCHOOL,PL_W30966656
P03790,HOME,PL_W661840699
P03790,WORK,PL_W32357991
P03791,HOME,PL_W660602451
P03791,UNIVERSITY,PL_N12898232996
P03792,HOME,PL_W31373435
P03792,WORK,PL_W59244474
P03792,CHILD_SCHOOL,PL_W25775106
P03793,HOME,PL_W661276364
P03793,WORK,PL_W660358183
P03793,CHILD_SCHOOL,PL_W36332059
P03794,HOME,PL_W704229394
P03794,WORK,PL_N6542570335
P03794,CHILD_SCHOOL,PL_W688267157
P03795,HOME,PL_W31617616
P03795,WORK,PL_N5154125996
P03795,CHILD_SCHOOL,PL_W224695919
P03796,HOME,PL_W31811114
P03796,WORK,PL_N1291921282
P03797,HOME,PL_W659830909
P03797,WORK,PL_W671097336
P03798,HOME,PL_W705529518
P03798,WORK,PL_W804618150
P03799,HOME,PL_W662761374
P03799,WORK,PL_W975456898
P03800,HOME,PL_W659548758
P03800,WORK,PL_W31727205
P03801,HOME,PL_W706093829
P03801,WORK,PL_W657928056
P03802,HOME,PL_W42472531
P03802,WORK,PL_N2934009272
P03803,HOME,PL_W661650964
P03803,WORK,PL_N1138265951
P03804,HOME,PL_W706078543
P03804,WORK,PL_N6004395561
P03804,CHILD_SCHOOL,PL_W25775044
P03805,HOME,PL_W659830909
P03805,WORK,PL_W122198734
P03805,CHILD_SCHOOL,PL_W167534168
P03806,HOME,PL_W659333355
P03806,WORK,PL_W180313509
P03806,CHILD_SCHOOL,PL_W184368202
P03807,HOME,PL_W660569239
P03807,WORK,PL_W659427944
P03808,HOME,PL_W660586294
P03808,WORK,PL_W659533829
P03808,CHILD_SCHOOL,PL_W37404404
P03809,HOME,PL_W659244452
P03809,WORK,PL_W1162946761
P03810,HOME,PL_W660867429
P03810,WORK,PL_W663827160
P03810,CHILD_SCHOOL,PL_W30966655
P03811,HOME,PL_W659246152
P03811,WORK,PL_W31451793
P03811,CHILD_SCHOOL,PL_W186575947
P03812,HOME,PL_W660816675
P03812,WORK,PL_W671599467
P03812,CHILD_SCHOOL,PL_W224818044
P03813,HOME,PL_W661648662
P03813,WORK,PL_W661774620
P03813,CHILD_SCHOOL,PL_N10649797327
P03814,HOME,PL_W705010189
P03814,WORK,PL_W674557300
P03815,HOME,PL_W661204873
P03815,WORK,PL_N13915723225
P03815,CHILD_SCHOOL,PL_W68507025
P03816,HOME,PL_W852696568
P03816,WORK,PL_N14104254507
P03816,CHILD_SCHOOL,PL_W34617374
P03817,HOME,PL_W705121024
P03817,UNIVERSITY,PL_W61759776
P03818,HOME,PL_W34229574
P03818,WORK,PL_W34229574
P03819,HOME,PL_W34777546
P03819,WORK,PL_W32707399
P03820,HOME,PL_W662144992
P03820,WORK,PL_W34720517
P03821,HOME,PL_W31373095
P03821,WORK,PL_W31373095
P03821,CHILD_SCHOOL,PL_W282961787
P03822,HOME,PL_W705125025
P03822,WORK,PL_W705125025
P03822,CHILD_SCHOOL,PL_W179180309
P03823,HOME,PL_W660636552
P03823,WORK,PL_W674573763
P03824,HOME,PL_W31560364
P03824,WORK,PL_N10969431954
P03824,CHILD_SCHOOL,PL_W35798778
P03825,HOME,PL_W661045404
P03825,WORK,PL_W663827164
P03826,HOME,PL_W704634888
P03826,WORK,PL_W27767625
P03827,HOME,PL_W661045028
P03827,WORK,PL_W1130371114
P03827,CHILD_SCHOOL,PL_W255480069
P03828,HOME,PL_W661331207
P03828,WORK,PL_W256116927
P03829,HOME,PL_W704288162
P03829,WORK,PL_N13652845370
P03830,HOME,PL_W31451020
P03830,UNIVERSITY,PL_N401521720
P03831,HOME,PL_W662175628
P03831,WORK,PL_W162607309
P03832,HOME,PL_W662389080
P03832,WORK,PL_W662389080
P03833,HOME,PL_W661330950
P03833,WORK,PL_N4126684601
P03834,HOME,PL_W705010196
P03834,WORK,PL_W58924913
P03834,CHILD_SCHOOL,PL_W224815295
P03835,HOME,PL_W704228129
P03835,WORK,PL_N400916037
P03836,HOME,PL_W42472527
P03836,WORK,PL_N7235738802
P03837,HOME,PL_W31754518
P03837,WORK,PL_N6549657697
P03838,HOME,PL_W291196700
P03838,WORK,PL_W161270887
P03839,HOME,PL_W704229387
P03839,WORK,PL_W33189913
P03840,HOME,PL_W661957502
P03840,WORK,PL_W76001136
P03841,HOME,PL_W661276061
P03841,UNIVERSITY,PL_W36508437
P03842,HOME,PL_W31617615
P03842,WORK,PL_N13625156368
P03842,CHILD_SCHOOL,PL_W34073293
P03843,HOME,PL_W170051472
P03843,WORK,PL_W255630384
P03843,CHILD_SCHOOL,PL_W30966656
P03844,HOME,PL_W705737455
P03844,WORK,PL_N13025831414
P03844,CHILD_SCHOOL,PL_W224159663
P03845,HOME,PL_W659831250
P03845,WORK,PL_W55413460
P03845,CHILD_SCHOOL,PL_W57047252
P03846,HOME,PL_W36921201
P03846,WORK,PL_W183248449
P03846,CHILD_SCHOOL,PL_W224815940
P03847,HOME,PL_W287420868
P03847,WORK,PL_W34571708
P03848,HOME,PL_W704993428
P03848,WORK,PL_N5802396004
P03848,CHILD_SCHOOL,PL_W224809461
P03849,HOME,PL_W660638708
P03849,WORK,PL_W89185220
P03849,CHILD_SCHOOL,PL_W35800153
P03850,HOME,PL_W661812941
P03850,WORK,PL_N2681569043
P03850,CHILD_SCHOOL,PL_W417888719
P03851,HOME,PL_W659445839
P03851,WORK,PL_W34413708
P03852,HOME,PL_W33036598
P03852,WORK,PL_W677205547
P03853,HOME,PL_W114706279
P03853,WORK,PL_W27767628
P03853,CHILD_SCHOOL,PL_W36747098
P03854,HOME,PL_W943421439
P03854,WORK,PL_W797163159
P03854,CHILD_SCHOOL,PL_W179214961
P03855,HOME,PL_W705565532
P03855,WORK,PL_W904895003
P03856,HOME,PL_W705121017
P03856,WORK,PL_N4463342431
P03856,CHILD_SCHOOL,PL_W688047029
P03857,HOME,PL_W659731249
P03857,WORK,PL_N1477385481
P03858,HOME,PL_W705624356
P03858,WORK,PL_N5272755618
P03859,HOME,PL_W36791492
P03859,WORK,PL_W59244421
P03859,CHILD_SCHOOL,PL_W225859145
P03860,HOME,PL_W661205626
P03860,WORK,PL_N1375337646
P03861,HOME,PL_W659547174
P03861,WORK,PL_W661192936
P03861,CHILD_SCHOOL,PL_W688269003
P03862,HOME,PL_W1202408349
P03862,WORK,PL_W66979784
P03863,HOME,PL_W43934772
P03863,UNIVERSITY,PL_W61759776
P03864,HOME,PL_W704232374
P03864,WORK,PL_W427221312
P03865,HOME,PL_W658974968
P03865,WORK,PL_W77739672
P03865,CHILD_SCHOOL,PL_W36746611
P03866,HOME,PL_W41405386
P03866,WORK,PL_W55031878
P03866,CHILD_SCHOOL,PL_W42149102
P03867,HOME,PL_W705507605
P03867,WORK,PL_N13046166787
P03867,CHILD_SCHOOL,PL_W760791078
P03868,HOME,PL_W659340686
P03868,WORK,PL_W659340686
P03868,CHILD_SCHOOL,PL_W705565522
P03869,HOME,PL_W661324037
P03869,WORK,PL_W676104931
P03870,HOME,PL_W31757277
P03870,WORK,PL_W61014077
P03871,HOME,PL_W33636925
P03871,WORK,PL_W113438126
P03871,CHILD_SCHOOL,PL_N433856954
P03872,HOME,PL_W31754690
P03872,WORK,PL_W34690192
P03873,HOME,PL_W662175341
P03873,WORK,PL_W32742026
P03874,HOME,PL_W170052636
P03874,WORK,PL_W661957493
P03874,CHILD_SCHOOL,PL_W186031210
P03875,HOME,PL_W659729529
P03875,WORK,PL_N8964359654
P03876,HOME,PL_W706192713
P03876,WORK,PL_W706192713
P03877,HOME,PL_W660585137
P03877,WORK,PL_W673006200
P03877,CHILD_SCHOOL,PL_W703400000
P03878,HOME,PL_W924866606
P03878,WORK,PL_N3941602078
P03879,HOME,PL_W705507615
P03879,WORK,PL_W248103628
P03879,CHILD_SCHOOL,PL_W274163820
P03880,HOME,PL_W434297223
P03880,WORK,PL_W25491342
P03881,HOME,PL_W1202683601
P03881,WORK,PL_W28025950
P03882,HOME,PL_W233647044
P03882,WORK,PL_W704229390
P03882,CHILD_SCHOOL,PL_W34228911
P03883,HOME,PL_W705845656
P03883,WORK,PL_W60185759
P03884,HOME,PL_W1245802035
P03884,WORK,PL_W141171531
P03884,CHILD_SCHOOL,PL_W121872356
P03885,HOME,PL_W705011704
P03885,WORK,PL_W66979680
P03885,CHILD_SCHOOL,PL_W25288139
P03886,HOME,PL_W31619122
P03886,WORK,PL_W657935892
P03886,CHILD_SCHOOL,PL_W35836503
P03887,HOME,PL_W31754690
P03887,UNIVERSITY,PL_W61759776
P03888,HOME,PL_W33036596
P03888,WORK,PL_W397005658
P03889,HOME,PL_W659247620
P03889,WORK,PL_W65592643
P03889,CHILD_SCHOOL,PL_W34617346
P03890,HOME,PL_W705011686
P03890,WORK,PL_W367536575
P03891,HOME,PL_W660346630
P03891,WORK,PL_W1420635670
P03891,CHILD_SCHOOL,PL_W33394479
P03892,HOME,PL_W421650404
P03892,WORK,PL_W55031045
P03893,HOME,PL_W660346905
P03893,WORK,PL_N561037791
P03894,HOME,PL_W31617610
P03894,WORK,PL_N803215888
P03894,CHILD_SCHOOL,PL_W703414557
P03895,HOME,PL_W659245476
P03895,WORK,PL_W34545829
P03895,CHILD_SCHOOL,PL_W34228913
P03896,HOME,PL_W30966660
P03896,WORK,PL_W66980110
P03896,CHILD_SCHOOL,PL_W36377929
P03897,HOME,PL_W659244622
P03897,WORK,PL_W44076452
P03897,CHILD_SCHOOL,PL_W37409510
P03898,HOME,PL_W704232379
P03898,WORK,PL_W34121733
P03898,CHILD_SCHOOL,PL_W32121744
P03899,HOME,PL_W660837577
P03899,WORK,PL_W661066435
P03900,HOME,PL_W658974575
P03900,WORK,PL_W59244411
P03901,HOME,PL_W371983592
P03901,WORK,PL_W659587778
P03902,HOME,PL_W43811046
P03902,WORK,PL_W703923706
P03903,HOME,PL_W705529516
P03903,WORK,PL_W417115361
P03904,HOME,PL_W258559003
P03904,WORK,PL_W663826635
P03905,HOME,PL_W1259080957
P03905,WORK,PL_W671599467
P03906,HOME,PL_W660584668
P03906,WORK,PL_W248393745
P03907,HOME,PL_W660601447
P03907,UNIVERSITY,PL_W23447393
P03908,HOME,PL_W660819593
P03908,WORK,PL_W56123707
P03908,CHILD_SCHOOL,PL_W705563025
P03909,HOME,PL_W978051259
P03909,WORK,PL_N3412799801
P03910,HOME,PL_W33036599
P03910,WORK,PL_W79659935
P03911,HOME,PL_W662094108
P03911,WORK,PL_W662146512
P03911,CHILD_SCHOOL,PL_W56051919
P03912,HOME,PL_W660838659
P03912,UNIVERSITY,PL_W23447393
P03913,HOME,PL_W662776319
P03913,UNIVERSITY,PL_N12819212196
P03913,CHILD_SCHOOL,PL_W274163820
P03914,HOME,PL_W662785243
P03914,WORK,PL_W38974844
P03914,CHILD_SCHOOL,PL_W220920995
P03915,HOME,PL_W705529513
P03915,WORK,PL_W58335971
P03915,CHILD_SCHOOL,PL_W56051877
P03916,HOME,PL_W31451021
P03916,WORK,PL_N10671887620
P03916,CHILD_SCHOOL,PL_W705563025
P03917,HOME,PL_W31373089
P03917,UNIVERSITY,PL_N2884419126
P03918,HOME,PL_W705218740
P03918,WORK,PL_W660806591
P03918,CHILD_SCHOOL,PL_W224136221
P03919,HOME,PL_W225767241
P03919,WORK,PL_N13173940128
P03920,HOME,PL_W705565525
P03920,WORK,PL_W704288156
P03921,HOME,PL_W661050573
P03921,WORK,PL_N13526712059
P03922,HOME,PL_W170051471
P03922,WORK,PL_W150506087
P03923,HOME,PL_W688539531
P03923,WORK,PL_W7969162
P03924,HOME,PL_W31757287
P03924,WORK,PL_W111101751
P03925,HOME,PL_W660358190
P03925,WORK,PL_W660358190
P03926,HOME,PL_W659335079
P03926,WORK,PL_W671607431
P03927,HOME,PL_W760239221
P03927,WORK,PL_W61842991
P03928,HOME,PL_W661048861
P03928,WORK,PL_N6491236583
P03928,CHILD_SCHOOL,PL_W25289564
P03929,HOME,PL_W32667520
P03929,WORK,PL_W661541482
P03929,CHILD_SCHOOL,PL_W36747097
P03930,HOME,PL_W41405417
P03930,UNIVERSITY,PL_N2884419126
P03931,HOME,PL_W705845657
P03931,WORK,PL_W705845657
P03931,CHILD_SCHOOL,PL_W186031210
P03932,HOME,PL_W1082228687
P03932,WORK,PL_W58851585
P03932,CHILD_SCHOOL,PL_W56051877
P03933,HOME,PL_W661776979
P03933,WORK,PL_W661776979
P03934,HOME,PL_W31754571
P03934,WORK,PL_W31754571
P03934,CHILD_SCHOOL,PL_W33541164
P03935,HOME,PL_W31757829
P03935,WORK,PL_N6309928579
P03936,HOME,PL_W662388586
P03936,WORK,PL_W149982971
P03937,HOME,PL_W41405408
P03937,UNIVERSITY,PL_N1907123254
P03938,HOME,PL_W1462135606
P03938,WORK,PL_N538159522
P03939,HOME,PL_W662727374
P03939,WORK,PL_N13608377255
P03940,HOME,PL_W662761913
P03940,WORK,PL_N6318936241
P03940,CHILD_SCHOOL,PL_W24501824
P03941,HOME,PL_W705650227
P03941,WORK,PL_N2897210802
P03941,CHILD_SCHOOL,PL_W36332059
P03942,HOME,PL_W705740399
P03942,UNIVERSITY,PL_W23334883
P03943,HOME,PL_W660637257
P03943,WORK,PL_N11957160560
P03944,HOME,PL_W705565539
P03944,UNIVERSITY,PL_N13879320058
P03945,HOME,PL_W427224028
P03945,WORK,PL_W32508022
P03945,CHILD_SCHOOL,PL_W36880101
P03946,HOME,PL_W660838776
P03946,WORK,PL_N8613129781
P03946,CHILD_SCHOOL,PL_W703420515
P03947,HOME,PL_W663311134
P03947,UNIVERSITY,PL_N12912579192
P03948,HOME,PL_W369781473
P03948,WORK,PL_W27778414
P03949,HOME,PL_W706078554
P03949,WORK,PL_W291504978
P03950,HOME,PL_W661842971
P03950,WORK,PL_W60332327
P03950,CHILD_SCHOOL,PL_W56184642
P03951,HOME,PL_W704229387
P03951,WORK,PL_W27991582
P03951,CHILD_SCHOOL,PL_W705109213
P03952,HOME,PL_W30966659
P03952,WORK,PL_W659833409
P03952,CHILD_SCHOOL,PL_W274163820
P03953,HOME,PL_W703722939
P03953,WORK,PL_N6240360523
P03954,HOME,PL_W660867165
P03954,WORK,PL_W61843024
P03955,HOME,PL_W659453807
P03955,WORK,PL_W659453807
P03956,HOME,PL_W661648542
P03956,WORK,PL_W704230283
P03957,HOME,PL_W704196075
P03957,WORK,PL_W670198874
P03957,CHILD_SCHOOL,PL_W224159663
P03958,HOME,PL_W31754596
P03958,WORK,PL_W31754596
P03959,HOME,PL_W943428733
P03959,WORK,PL_W93832542
P03959,CHILD_SCHOOL,PL_W41363542
P03960,HOME,PL_W704993418
P03960,WORK,PL_N9672906938
P03960,CHILD_SCHOOL,PL_W24986415
P03961,HOME,PL_W31617616
P03961,WORK,PL_N6685670039
P03961,CHILD_SCHOOL,PL_W704597788
P03962,HOME,PL_W660820706
P03962,WORK,PL_W660820706
P03963,HOME,PL_W1204906929
P03963,WORK,PL_N409154236
P03964,HOME,PL_W660634691
P03964,WORK,PL_W34582301
P03965,HOME,PL_W195460114
P03965,WORK,PL_W60510549
P03966,HOME,PL_W662711894
P03966,WORK,PL_N12727136508
P03967,HOME,PL_W659831136
P03967,WORK,PL_N11847572074
P03967,CHILD_SCHOOL,PL_W56051910
P03968,HOME,PL_W659454166
P03968,WORK,PL_N14052380891
P03968,CHILD_SCHOOL,PL_W235324578
P03969,HOME,PL_W704997238
P03969,WORK,PL_W309151588
P03970,HOME,PL_W660077939
P03970,WORK,PL_N12184132201
P03970,CHILD_SCHOOL,PL_W34769382
P03971,HOME,PL_W767378203
P03971,WORK,PL_W1194870092
P03971,CHILD_SCHOOL,PL_W71281899
P03972,HOME,PL_W32820129
P03972,WORK,PL_W61760592
P03973,HOME,PL_W659452958
P03973,WORK,PL_W84806536
P03974,HOME,PL_W659454662
P03974,WORK,PL_N7856803520
P03974,CHILD_SCHOOL,PL_W143657503
P03975,HOME,PL_W334728863
P03975,WORK,PL_N12997929547
P03975,CHILD_SCHOOL,PL_N2611249739
P03976,HOME,PL_W656561298
P03976,WORK,PL_W34111206
P03976,CHILD_SCHOOL,PL_W703420516
P03977,HOME,PL_W662762331
P03977,WORK,PL_W233075780
P03978,HOME,PL_W704946500
P03978,WORK,PL_W314348286
P03979,HOME,PL_W33036565
P03979,WORK,PL_N11429923751
P03979,CHILD_SCHOOL,PL_W34617361
P03980,HOME,PL_W1204543017
P03980,WORK,PL_N5272994123
P03981,HOME,PL_W33725066
P03981,WORK,PL_W420792791
P03982,HOME,PL_W31617616
P03982,WORK,PL_W32022573
P03982,CHILD_SCHOOL,PL_W684083281
P03983,HOME,PL_W1202685542
P03983,WORK,PL_W1202685542
P03984,HOME,PL_W661568687
P03984,WORK,PL_W32623918
P03984,CHILD_SCHOOL,PL_N2123097074
P03985,HOME,PL_W659445783
P03985,WORK,PL_W128008137
P03986,HOME,PL_W659733499
P03986,WORK,PL_W103618078
P03986,CHILD_SCHOOL,PL_W226096987
P03987,HOME,PL_W659447243
P03987,UNIVERSITY,PL_W23447424
P03988,HOME,PL_W659341085
P03988,WORK,PL_W704945364
P03989,HOME,PL_W705109232
P03989,WORK,PL_W60304156
P03989,CHILD_SCHOOL,PL_W143658010
P03990,HOME,PL_W71282248
P03990,WORK,PL_W58849196
P03991,HOME,PL_W705507590
P03991,WORK,PL_W33406542
P03991,CHILD_SCHOOL,PL_W224815940
P03992,HOME,PL_W705507607
P03992,WORK,PL_W58566782
P03993,HOME,PL_W702169775
P03993,WORK,PL_N4349201055
P03993,CHILD_SCHOOL,PL_W35836135
P03994,HOME,PL_W659245933
P03994,WORK,PL_W34414743
P03995,HOME,PL_W1256127155
P03995,WORK,PL_W804360646
P03996,HOME,PL_W170051471
P03996,WORK,PL_N6491236579
P03996,CHILD_SCHOOL,PL_W70509378
P03997,HOME,PL_W705519685
P03997,WORK,PL_W599480360
P03998,HOME,PL_W33036600
P03998,WORK,PL_W44076453
P03998,CHILD_SCHOOL,PL_W122301356
P03999,HOME,PL_W706190949
P03999,WORK,PL_W80798597
P04000,HOME,PL_W572761411
P04000,WORK,PL_W661951791
P04001,HOME,PL_W31811118
P04001,WORK,PL_W162607309
P04002,HOME,PL_W31373522
P04002,WORK,PL_W657935882
P04003,HOME,PL_W703948822
P04003,WORK,PL_W663827265
P04004,HOME,PL_W659334185
P04004,WORK,PL_W659334185
P04005,HOME,PL_W770873614
P04005,UNIVERSITY,PL_W161110169
P04006,HOME,PL_W659840582
P04006,WORK,PL_W662150145
P04006,CHILD_SCHOOL,PL_N8082789926
P04007,HOME,PL_W702169124
P04007,WORK,PL_W661194022
P04007,CHILD_SCHOOL,PL_W36786284
P04008,HOME,PL_W705109222
P04008,WORK,PL_W124701849
P04009,HOME,PL_W661050224
P04009,WORK,PL_W103621103
P04010,HOME,PL_W660603024
P04010,WORK,PL_N1138266384
P04011,HOME,PL_W661075315
P04011,WORK,PL_N12650268801
P04012,HOME,PL_W43806328
P04012,WORK,PL_N5441763275
P04013,HOME,PL_W705507590
P04013,WORK,PL_W804362970
P04014,HOME,PL_W174509464
P04014,WORK,PL_W231284913
P04014,CHILD_SCHOOL,PL_W56051919
P04015,HOME,PL_W662785474
P04015,WORK,PL_W662785474
P04016,HOME,PL_W31754688
P04016,UNIVERSITY,PL_W23447514
P04017,HOME,PL_W704292294
P04017,WORK,PL_W31363802
P04018,HOME,PL_W1204794158
P04018,WORK,PL_W33729446
P04018,CHILD_SCHOOL,PL_W34617360
P04019,HOME,PL_W661330263
P04019,WORK,PL_W59252637
P04019,CHILD_SCHOOL,PL_W31756363
P04020,HOME,PL_W31754571
P04020,WORK,PL_W160123993
P04021,HOME,PL_W34229575
P04021,WORK,PL_N5917075343
P04021,CHILD_SCHOOL,PL_W36543320
P04022,HOME,PL_W659829644
P04022,WORK,PL_W231284913
P04023,HOME,PL_W59434211
P04023,WORK,PL_W660624564
P04023,CHILD_SCHOOL,PL_W37236885
P04024,HOME,PL_W1253788612
P04024,WORK,PL_W256116927
P04025,HOME,PL_W705565539
P04025,WORK,PL_W671599481
P04026,HOME,PL_W705649185
P04026,WORK,PL_W658961513
P04027,HOME,PL_W661635068
P04027,WORK,PL_W662150258
P04027,CHILD_SCHOOL,PL_W33543511
P04028,HOME,PL_W457749629
P04028,WORK,PL_W705010198
P04028,CHILD_SCHOOL,PL_W41364189
P04029,HOME,PL_W36791492
P04029,WORK,PL_W33406542
P04030,HOME,PL_W32771030
P04030,WORK,PL_W705882029
P04031,HOME,PL_W31451021
P04031,WORK,PL_N13370789436
P04031,CHILD_SCHOOL,PL_N2377305503
P04032,HOME,PL_W659451864
P04032,WORK,PL_W795967111
P04033,HOME,PL_W661050661
P04033,WORK,PL_W387353917
P04034,HOME,PL_W660078333
P04034,WORK,PL_W34121572
P04034,CHILD_SCHOOL,PL_W288675892
P04035,HOME,PL_W659448691
P04035,WORK,PL_W659448691
P04036,HOME,PL_W190546177
P04036,WORK,PL_N1145429433
P04037,HOME,PL_W31617617
P04037,WORK,PL_W661250224
P04038,HOME,PL_W661331562
P04038,WORK,PL_W662150030
P04039,HOME,PL_W36888103
P04039,WORK,PL_W1194870091
P04040,HOME,PL_W659246652
P04040,UNIVERSITY,PL_W23447424
P04041,HOME,PL_W31757274
P04041,WORK,PL_N6334254940
P04042,HOME,PL_W662726619
P04042,WORK,PL_W661079402
P04043,HOME,PL_W660819593
P04043,WORK,PL_W242551746
P04044,HOME,PL_W704995219
P04044,WORK,PL_W60428975
P04045,HOME,PL_W1348023078
P04045,WORK,PL_W231773826
P04046,HOME,PL_W416778780
P04046,WORK,PL_W678323985
P04047,HOME,PL_W704196073
P04047,WORK,PL_W84806537
P04047,CHILD_SCHOOL,PL_W195493031
P04048,HOME,PL_W705565527
P04048,WORK,PL_W528759345
P04048,CHILD_SCHOOL,PL_W186575106
P04049,HOME,PL_W703948828
P04049,WORK,PL_W444988500
P04049,CHILD_SCHOOL,PL_W35800887
P04050,HOME,PL_W703618241
P04050,WORK,PL_N11766236123
P04051,HOME,PL_W662176760
P04051,WORK,PL_N6370629256
P04052,HOME,PL_W702587024
P04052,WORK,PL_W1344472026
P04052,CHILD_SCHOOL,PL_W703414558
P04053,HOME,PL_W660212328
P04053,WORK,PL_W1001351348
P04054,HOME,PL_W659246299
P04054,WORK,PL_W55890049
P04054,CHILD_SCHOOL,PL_W201704236
P04055,HOME,PL_W661843278
P04055,WORK,PL_N12993362483
P04056,HOME,PL_W659448947
P04056,WORK,PL_N8914954422
P04056,CHILD_SCHOOL,PL_W31956205
P04057,HOME,PL_W43805236
P04057,UNIVERSITY,PL_N7236041819
P04057,CHILD_SCHOOL,PL_W36370852
P04058,HOME,PL_W662760953
P04058,WORK,PL_N1314640368
P04058,CHILD_SCHOOL,PL_W282961787
P04059,HOME,PL_W42472532
P04059,WORK,PL_W661193603
P04059,CHILD_SCHOOL,PL_N2332638609
P04060,HOME,PL_W659454138
P04060,WORK,PL_W60609247
P04061,HOME,PL_W659452452
P04061,WORK,PL_W33561117
P04062,HOME,PL_W660980432
P04062,WORK,PL_W661250142
P04062,CHILD_SCHOOL,PL_W224442754
P04063,HOME,PL_W42472532
P04063,WORK,PL_N5465041921
P04063,CHILD_SCHOOL,PL_W704597788
P04064,HOME,PL_W143654373
P04064,WORK,PL_W231773826
P04064,CHILD_SCHOOL,PL_W705011696
P04065,HOME,PL_W660585365
P04065,WORK,PL_W27778689
P04066,HOME,PL_W661075265
P04066,WORK,PL_W106976306
P04067,HOME,PL_W170052744
P04067,WORK,PL_N4419982989
P04067,CHILD_SCHOOL,PL_W226096987
P04068,HOME,PL_W31451021
P04068,WORK,PL_W43805920
P04069,HOME,PL_W658974769
P04069,WORK,PL_W170053309
P04070,HOME,PL_W43811046
P04070,WORK,PL_W676111871
P04070,CHILD_SCHOOL,PL_W25775106
P04071,HOME,PL_W660867575
P04071,WORK,PL_W672669531
P04072,HOME,PL_W943428733
P04072,WORK,PL_N3416430848
P04072,CHILD_SCHOOL,PL_N3021064167
P04073,HOME,PL_W1346550913
P04073,WORK,PL_W531735882
P04073,CHILD_SCHOOL,PL_W195969794
P04074,HOME,PL_W705011699
P04074,WORK,PL_W128147315
P04075,HOME,PL_W705555910
P04075,WORK,PL_W55031045
P04076,HOME,PL_W706078542
P04076,WORK,PL_W35893795
P04076,CHILD_SCHOOL,PL_W224695919
P04077,HOME,PL_W659247055
P04077,WORK,PL_W657936017
P04077,CHILD_SCHOOL,PL_W56996051
P04078,HOME,PL_W703948822
P04078,WORK,PL_N6341484679
P04078,CHILD_SCHOOL,PL_W285896860
P04079,HOME,PL_W661956522
P04079,WORK,PL_W199275911
P04079,CHILD_SCHOOL,PL_W42525283
P04080,HOME,PL_W660078616
P04080,WORK,PL_W661471681
P04081,HOME,PL_W702169769
P04081,WORK,PL_N2674074228
P04082,HOME,PL_W56123389
P04082,WORK,PL_W25775080
P04082,CHILD_SCHOOL,PL_N8082789926
P04083,HOME,PL_W704292294
P04083,WORK,PL_W34724587
P04084,HOME,PL_W661957370
P04084,WORK,PL_W795826330
P04084,CHILD_SCHOOL,PL_N7108106148
P04085,HOME,PL_W1256127155
P04085,WORK,PL_W1174697423
P04085,CHILD_SCHOOL,PL_W822689780
P04086,HOME,PL_W705507593
P04086,WORK,PL_W675346387
P04086,CHILD_SCHOOL,PL_W28273222
P04087,HOME,PL_W1204734759
P04087,WORK,PL_W23297007
P04087,CHILD_SCHOOL,PL_W184368202
P04088,HOME,PL_W42472527
P04088,WORK,PL_W42472527
P04088,CHILD_SCHOOL,PL_W42525283
P04089,HOME,PL_W704229394
P04089,WORK,PL_W170053309
P04089,CHILD_SCHOOL,PL_W186575881
P04090,HOME,PL_W61955731
P04090,WORK,PL_N1257455642
P04090,CHILD_SCHOOL,PL_W688267162
P04091,HOME,PL_W659733121
P04091,WORK,PL_W115222390
P04092,HOME,PL_W334725674
P04092,WORK,PL_W79659939
P04093,HOME,PL_W705845652
P04093,WORK,PL_W273526615
P04093,CHILD_SCHOOL,PL_W87327545
P04094,HOME,PL_W662095051
P04094,WORK,PL_W662150031
P04094,CHILD_SCHOOL,PL_W32819968
P04095,HOME,PL_W1256127155
P04095,WORK,PL_W205717232
P04095,CHILD_SCHOOL,PL_W705011693
P04096,HOME,PL_W31560365
P04096,WORK,PL_W661079382
P04096,CHILD_SCHOOL,PL_W36543325
P04097,HOME,PL_W661470462
P04097,WORK,PL_W55896876
P04097,CHILD_SCHOOL,PL_W41364199
P04098,HOME,PL_W35798768
P04098,WORK,PL_W174674654
P04098,CHILD_SCHOOL,PL_W34769549
P04099,HOME,PL_W36791497
P04099,WORK,PL_W43809760
P04099,CHILD_SCHOOL,PL_W703420514
P04100,HOME,PL_W660837508
P04100,WORK,PL_W76001163
P04100,CHILD_SCHOOL,PL_W37236885
P04101,HOME,PL_W705529514
P04101,WORK,PL_W34587440
P04102,HOME,PL_W705624359
P04102,WORK,PL_N13010520119
P04102,CHILD_SCHOOL,PL_W71281899
P04103,HOME,PL_W705529532
P04103,WORK,PL_W111101751
P04104,HOME,PL_W978051261
P04104,WORK,PL_W43804586
P04104,CHILD_SCHOOL,PL_N7766322681
P04105,HOME,PL_W705222391
P04105,WORK,PL_W34749537
P04106,HOME,PL_W1204906825
P04106,WORK,PL_W661193603
P04107,HOME,PL_W659448367
P04107,WORK,PL_W659448367
P04108,HOME,PL_W31754597
P04108,WORK,PL_W35155100
P04109,HOME,PL_W659242990
P04109,WORK,PL_W705529533
P04110,HOME,PL_W170052633
P04110,UNIVERSITY,PL_W61759776
P04111,HOME,PL_W660837600
P04111,WORK,PL_W943701267
P04111,CHILD_SCHOOL,PL_W73323696
P04112,HOME,PL_W705845652
P04112,WORK,PL_W137923156
P04113,HOME,PL_W370438991
P04113,WORK,PL_N11378352764
P04114,HOME,PL_W661075096
P04114,WORK,PL_W1004706292
P04115,HOME,PL_W31754471
P04115,WORK,PL_W679964152
P04116,HOME,PL_W661275681
P04116,WORK,PL_W1194900323
P04117,HOME,PL_W369781473
P04117,WORK,PL_W60332158
P04118,HOME,PL_W659839736
P04118,WORK,PL_W40420170
P04119,HOME,PL_W659731289
P04119,WORK,PL_W234437572
P04120,HOME,PL_W1420636510
P04120,WORK,PL_W331945075
P04120,CHILD_SCHOOL,PL_W760791078
P04121,HOME,PL_W31617609
P04121,WORK,PL_W34720372
P04122,HOME,PL_W704995223
P04122,WORK,PL_W802230932
P04123,HOME,PL_W659446588
P04123,WORK,PL_W31963780
P04124,HOME,PL_W705650228
P04124,WORK,PL_W27767648
P04125,HOME,PL_W659444574
P04125,WORK,PL_N2603959632
P04126,HOME,PL_W659838234
P04126,WORK,PL_W662389721
P04126,CHILD_SCHOOL,PL_N2346655835
P04127,HOME,PL_W661812913
P04127,WORK,PL_N5424653321
P04127,CHILD_SCHOOL,PL_N4264646734
P04128,HOME,PL_W659447034
P04128,WORK,PL_W679142318
P04128,CHILD_SCHOOL,PL_W688267158
P04129,HOME,PL_W43807957
P04129,WORK,PL_N6820739741
P04130,HOME,PL_W661274895
P04130,WORK,PL_N11296430821
P04130,CHILD_SCHOOL,PL_W224815295
P04131,HOME,PL_W705010196
P04131,WORK,PL_N5368912112
P04131,CHILD_SCHOOL,PL_W35836274
P04132,HOME,PL_W704228127
P04132,WORK,PL_W587012151
P04132,CHILD_SCHOOL,PL_W705125019
P04133,HOME,PL_W34229574
P04133,WORK,PL_W56426525
P04134,HOME,PL_W661956866
P04134,WORK,PL_N2018986274
P04135,HOME,PL_W659452697
P04135,WORK,PL_N7792708272
P04136,HOME,PL_W31757277
P04136,WORK,PL_W332358184
P04136,CHILD_SCHOOL,PL_W28273222
P04137,HOME,PL_W659448731
P04137,WORK,PL_W662257868
P04137,CHILD_SCHOOL,PL_N4015705823
P04138,HOME,PL_W660639076
P04138,WORK,PL_W300884213
P04139,HOME,PL_W661957034
P04139,WORK,PL_W67138784
P04140,HOME,PL_W660637390
P04140,WORK,PL_N13108840002
P04141,HOME,PL_W659448988
P04141,WORK,PL_N1286233070
P04142,HOME,PL_W1271809791
P04142,WORK,PL_W1271809791
P04142,CHILD_SCHOOL,PL_W705109213
P04143,HOME,PL_W35835249
P04143,WORK,PL_W663827220
P04144,HOME,PL_W705529532
P04144,WORK,PL_W660836753
P04144,CHILD_SCHOOL,PL_W760844017
P04145,HOME,PL_W662142970
P04145,WORK,PL_N7141402019
P04146,HOME,PL_W661648584
P04146,WORK,PL_W328900136
P04146,CHILD_SCHOOL,PL_W36870739
P04147,HOME,PL_W444619168
P04147,WORK,PL_W678970362
P04148,HOME,PL_W662711915
P04148,WORK,PL_N6340918499
P04149,HOME,PL_W233647044
P04149,WORK,PL_W61011663
P04150,HOME,PL_W659445682
P04150,WORK,PL_W34985273
P04151,HOME,PL_W31757883
P04151,WORK,PL_N1136370098
P04151,CHILD_SCHOOL,PL_W703420514
P04152,HOME,PL_W705010182
P04152,WORK,PL_W43806794
P04153,HOME,PL_W662535370
P04153,WORK,PL_W662535370
P04154,HOME,PL_W660806679
P04154,WORK,PL_N6549482217
P04154,CHILD_SCHOOL,PL_W33529943
P04155,HOME,PL_W660981643
P04155,WORK,PL_N7576536077
P04155,CHILD_SCHOOL,PL_W24501824
P04156,HOME,PL_W705010197
P04156,WORK,PL_N12345043658
P04156,CHILD_SCHOOL,PL_W36544304
P04157,HOME,PL_W659453174
P04157,WORK,PL_N3906714200
P04157,CHILD_SCHOOL,PL_W56127102
P04158,HOME,PL_W659243065
P04158,UNIVERSITY,PL_N12537548075
P04159,HOME,PL_W416769424
P04159,WORK,PL_N281668247
P04160,HOME,PL_W32455658
P04160,WORK,PL_W659629199
P04160,CHILD_SCHOOL,PL_W242745832
P04161,HOME,PL_W32455671
P04161,WORK,PL_W162147490
P04162,HOME,PL_W702169775
P04162,WORK,PL_W1252647293
P04163,HOME,PL_W705624346
P04163,WORK,PL_N2365100289
P04164,HOME,PL_W32455671
P04164,WORK,PL_W56758193
P04165,HOME,PL_W659242232
P04165,WORK,PL_N13608388092
P04166,HOME,PL_W659454498
P04166,WORK,PL_N6525130540
P04167,HOME,PL_W704997223
P04167,WORK,PL_W105516629
P04168,HOME,PL_W659460457
P04168,UNIVERSITY,PL_N2375249754
P04169,HOME,PL_W56051936
P04169,WORK,PL_W55226310
P04170,HOME,PL_W1163968779
P04170,WORK,PL_W55217856
P04171,HOME,PL_W89185222
P04171,WORK,PL_N5441763274
P04172,HOME,PL_W770873613
P04172,WORK,PL_W79582669
P04173,HOME,PL_W661049665
P04173,WORK,PL_W663313323
P04174,HOME,PL_W57079616
P04174,UNIVERSITY,PL_W36508437
P04174,CHILD_SCHOOL,PL_W56051877
P04175,HOME,PL_W41405394
P04175,WORK,PL_W7969162
P04176,HOME,PL_W705507615
P04176,WORK,PL_N1613901554
P04177,HOME,PL_W370438991
P04177,WORK,PL_W67141358
P04178,HOME,PL_W770873614
P04178,WORK,PL_W43805875
P04179,HOME,PL_W31756308
P04179,WORK,PL_N4572092701
P04179,CHILD_SCHOOL,PL_N2336690053
P04180,HOME,PL_W659333756
P04180,WORK,PL_W33561118
P04181,HOME,PL_W702141522
P04181,WORK,PL_W705109205
P04181,CHILD_SCHOOL,PL_W216295703
P04182,HOME,PL_W659839625
P04182,WORK,PL_W661774776
P04183,HOME,PL_W31451201
P04183,WORK,PL_N1696929321
P04184,HOME,PL_W31754596
P04184,WORK,PL_W662259399
P04184,CHILD_SCHOOL,PL_W34769549
P04185,HOME,PL_W659546799
P04185,WORK,PL_W203046133
P04185,CHILD_SCHOOL,PL_W186986129
P04186,HOME,PL_W31757869
P04186,WORK,PL_N13010520117
P04187,HOME,PL_W705845652
P04187,WORK,PL_W31977705
P04188,HOME,PL_W702560110
P04188,WORK,PL_W170053305
P04188,CHILD_SCHOOL,PL_W36880098
P04189,HOME,PL_W660636960
P04189,WORK,PL_W33542263
P04190,HOME,PL_W706078547
P04190,WORK,PL_W57383017
P04191,HOME,PL_W1204800358
P04191,WORK,PL_W27778414
P04192,HOME,PL_W662784699
P04192,WORK,PL_W677782183
P04193,HOME,PL_W31617606
P04193,WORK,PL_W663826510
P04193,CHILD_SCHOOL,PL_W148163965
P04194,HOME,PL_W705529525
P04194,WORK,PL_W69966012
P04195,HOME,PL_W89185226
P04195,WORK,PL_W89185226
P04195,CHILD_SCHOOL,PL_W30966655
P04196,HOME,PL_W660602248
P04196,WORK,PL_W661774426
P04197,HOME,PL_W659732967
P04197,WORK,PL_W420657952
P04198,HOME,PL_W170055111
P04198,WORK,PL_W25491342
P04199,HOME,PL_W31451200
P04199,WORK,PL_N3624207195
P04199,CHILD_SCHOOL,PL_W36543326
P04200,HOME,PL_W31754574
P04200,WORK,PL_W56009253
P04200,CHILD_SCHOOL,PL_W167534168
P04201,HOME,PL_W661636786
P04201,WORK,PL_N6545677403
P04201,CHILD_SCHOOL,PL_N7108092021
P04202,HOME,PL_W42472527
P04202,WORK,PL_N7759269237
P04203,HOME,PL_W41405378
P04203,WORK,PL_W41949957
P04203,CHILD_SCHOOL,PL_W703420516
P04204,HOME,PL_W34229572
P04204,WORK,PL_W1109164580
P04204,CHILD_SCHOOL,PL_W75367984
P04205,HOME,PL_W31617612
P04205,WORK,PL_N5039209324
P04205,CHILD_SCHOOL,PL_W35797979
P04206,HOME,PL_W659445933
P04206,WORK,PL_N12667756135
P04207,HOME,PL_W283005667
P04207,WORK,PL_W658233498
P04207,CHILD_SCHOOL,PL_W34769549
P04208,HOME,PL_W702167768
P04208,WORK,PL_W702167768
P04209,HOME,PL_W233647044
P04209,WORK,PL_W233647044
P04209,CHILD_SCHOOL,PL_W171477271
P04210,HOME,PL_W705845656
P04210,WORK,PL_W58673614
P04211,HOME,PL_W705222389
P04211,WORK,PL_W89636165
P04211,CHILD_SCHOOL,PL_W33396813
P04212,HOME,PL_W698803577
P04212,WORK,PL_W180549731
P04213,HOME,PL_W659333862
P04213,WORK,PL_W34517946
P04214,HOME,PL_W702160456
P04214,WORK,PL_W76001187
P04215,HOME,PL_W661919514
P04215,WORK,PL_W262740197
P04215,CHILD_SCHOOL,PL_W34769382
P04216,HOME,PL_W1515894672
P04216,WORK,PL_W56433525
P04217,HOME,PL_W660568583
P04217,WORK,PL_W368778308
P04217,CHILD_SCHOOL,PL_W224813127
P04218,HOME,PL_W31754572
P04218,WORK,PL_W660934398
P04219,HOME,PL_W705011687
P04219,WORK,PL_W570476442
P04220,HOME,PL_W41405395
P04220,WORK,PL_W1551442415
P04220,CHILD_SCHOOL,PL_W33541164
P04221,HOME,PL_W89185230
P04221,WORK,PL_N6324061450
P04222,HOME,PL_W662143649
P04222,UNIVERSITY,PL_N1515959209
P04223,HOME,PL_W705737457
P04223,WORK,PL_W60332327
P04224,HOME,PL_W659729411
P04224,WORK,PL_N4036639060
P04225,HOME,PL_W660980662
P04225,WORK,PL_N1780461013
P04226,HOME,PL_W170051472
P04226,WORK,PL_N6359314433
P04227,HOME,PL_W660357594
P04227,WORK,PL_W107138624
P04228,HOME,PL_W32122685
P04228,WORK,PL_N11897199665
P04228,CHILD_SCHOOL,PL_W224818044
P04229,HOME,PL_W31451094
P04229,WORK,PL_W58869437
P04229,CHILD_SCHOOL,PL_N534020733
P04230,HOME,PL_W1341459048
P04230,WORK,PL_W106201344
P04231,HOME,PL_W1275520635
P04231,WORK,PL_W127685221
P04232,HOME,PL_W31617606
P04232,WORK,PL_W599480360
P04233,HOME,PL_W705222389
P04233,WORK,PL_W659094218
P04234,HOME,PL_W220396450
P04234,WORK,PL_N4477977104
P04234,CHILD_SCHOOL,PL_W34769382
P04235,HOME,PL_W659446936
P04235,WORK,PL_N5220384806
P04236,HOME,PL_W663309675
P04236,WORK,PL_N6483208706
P04236,CHILD_SCHOOL,PL_W122317772
P04237,HOME,PL_W31451053
P04237,WORK,PL_W55890065
P04238,HOME,PL_W659334266
P04238,WORK,PL_W659334266
P04238,CHILD_SCHOOL,PL_W41363542
P04239,HOME,PL_W31373086
P04239,WORK,PL_N3506210942
P04240,HOME,PL_W661648771
P04240,WORK,PL_N7980848836
P04240,CHILD_SCHOOL,PL_W25288139
P04241,HOME,PL_W659730031
P04241,WORK,PL_W678505480
P04241,CHILD_SCHOOL,PL_W121871939
P04242,HOME,PL_W1163968779
P04242,WORK,PL_W231773826
P04242,CHILD_SCHOOL,PL_W37783195
P04243,HOME,PL_W43804755
P04243,WORK,PL_W663518473
P04244,HOME,PL_W370438991
P04244,UNIVERSITY,PL_W1034677780
P04245,HOME,PL_W706080733
P04245,WORK,PL_N3620991484
P04245,CHILD_SCHOOL,PL_N712595018
P04246,HOME,PL_W705563021
P04246,WORK,PL_W662761778
P04246,CHILD_SCHOOL,PL_W56127102
P04247,HOME,PL_W659549564
P04247,WORK,PL_N7528939009
P04248,HOME,PL_W662762865
P04248,WORK,PL_W670947967
P04249,HOME,PL_W705222379
P04249,WORK,PL_W25491342
P04250,HOME,PL_W31757882
P04250,WORK,PL_N1140206283
P04251,HOME,PL_W659453512
P04251,WORK,PL_N12152036905
P04251,CHILD_SCHOOL,PL_W34229259
P04252,HOME,PL_W41405397
P04252,WORK,PL_N5721112421
P04253,HOME,PL_W660078270
P04253,WORK,PL_W283803585
P04254,HOME,PL_W34229574
P04254,UNIVERSITY,PL_N1515959209
P04255,HOME,PL_W43806332
P04255,WORK,PL_W32518941
P04256,HOME,PL_W659446074
P04256,WORK,PL_W659587768
P04256,CHILD_SCHOOL,PL_W184368202
P04257,HOME,PL_W226958989
P04257,WORK,PL_W795967144
P04258,HOME,PL_W661919967
P04258,WORK,PL_W56433523
P04259,HOME,PL_W41405415
P04259,WORK,PL_W1133859548
P04260,HOME,PL_W34777546
P04260,WORK,PL_W744513770
P04261,HOME,PL_W705170967
P04261,WORK,PL_W55213068
P04261,CHILD_SCHOOL,PL_W36543496
P04262,HOME,PL_W659335345
P04262,WORK,PL_N14104254511
P04263,HOME,PL_W659249936
P04263,WORK,PL_W659249936
P04264,HOME,PL_W705512157
P04264,WORK,PL_W705512157
P04265,HOME,PL_W706078569
P04265,WORK,PL_W248705097
P04265,CHILD_SCHOOL,PL_W35798778
P04266,HOME,PL_W31619296
P04266,WORK,PL_W59244538
P04267,HOME,PL_W704229385
P04267,WORK,PL_N14036160054
P04267,CHILD_SCHOOL,PL_W122301356
P04268,HOME,PL_W705845658
P04268,WORK,PL_W142432175
P04268,CHILD_SCHOOL,PL_W171477484
P04269,HOME,PL_W31811184
P04269,WORK,PL_W705842205
P04270,HOME,PL_W1272117345
P04270,WORK,PL_W1418991792
P04270,CHILD_SCHOOL,PL_W171477271
P04271,HOME,PL_W661813064
P04271,WORK,PL_W1433186813
P04271,CHILD_SCHOOL,PL_W369392223
P04272,HOME,PL_W770873613
P04272,WORK,PL_W33561679
P04273,HOME,PL_W659454968
P04273,WORK,PL_W59244402
P04273,CHILD_SCHOOL,PL_W61955065
P04274,HOME,PL_W661331737
P04274,UNIVERSITY,PL_N12912579192
P04275,HOME,PL_W33036598
P04275,WORK,PL_N6317447462
P04276,HOME,PL_W660633564
P04276,WORK,PL_W60428277
P04277,HOME,PL_W662711256
P04277,WORK,PL_W796589700
P04278,HOME,PL_W662774882
P04278,WORK,PL_W170053750
P04279,HOME,PL_W1163968779
P04279,WORK,PL_W122205423
P04279,CHILD_SCHOOL,PL_N3575731091
P04280,HOME,PL_W660569519
P04280,UNIVERSITY,PL_W1504220927
P04281,HOME,PL_W32820129
P04281,WORK,PL_W659307261
P04282,HOME,PL_W1204772044
P04282,WORK,PL_W58646806
P04283,HOME,PL_W659334888
P04283,WORK,PL_N6535236529
P04283,CHILD_SCHOOL,PL_W36870739
P04284,HOME,PL_W31451095
P04284,WORK,PL_W104945736
P04285,HOME,PL_W31754493
P04285,WORK,PL_W659094239
P04286,HOME,PL_W659839403
P04286,WORK,PL_W180193899
P04286,CHILD_SCHOOL,PL_W30966656
P04287,HOME,PL_W43804995
P04287,WORK,PL_W32357841
P04287,CHILD_SCHOOL,PL_W274833682
P04288,HOME,PL_W704995223
P04288,WORK,PL_W662149424
P04289,HOME,PL_W1202683541
P04289,UNIVERSITY,PL_W23447393
P04290,HOME,PL_W33564021
P04290,WORK,PL_W585487294
P04291,HOME,PL_W661822674
P04291,WORK,PL_N7009937516
P04292,HOME,PL_W659241880
P04292,WORK,PL_W951835028
P04293,HOME,PL_W661049511
P04293,UNIVERSITY,PL_N7797331451
P04294,HOME,PL_W659334754
P04294,WORK,PL_W701997020
P04295,HOME,PL_W659831136
P04295,WORK,PL_W804639053
P04295,CHILD_SCHOOL,PL_W35836135
P04296,HOME,PL_W31754471
P04296,WORK,PL_N8151600398
P04297,HOME,PL_W662786489
P04297,WORK,PL_N11310898337
P04298,HOME,PL_W31617603
P04298,WORK,PL_W31617603
P04298,CHILD_SCHOOL,PL_W35835815
P04299,HOME,PL_W704634888
P04299,WORK,PL_W1544282801
P04300,HOME,PL_W1204500602
P04300,WORK,PL_W421084022
P04300,CHILD_SCHOOL,PL_W704292292
P04301,HOME,PL_W144500773
P04301,WORK,PL_N10695426372
P04301,CHILD_SCHOOL,PL_W160521056
P04302,HOME,PL_W704945365
P04302,WORK,PL_N5705965621
P04302,CHILD_SCHOOL,PL_W35836139
P04303,HOME,PL_W661045324
P04303,UNIVERSITY,PL_W815475387
P04304,HOME,PL_W660838280
P04304,WORK,PL_W32706591
P04304,CHILD_SCHOOL,PL_W42709352
P04305,HOME,PL_W661207072
P04305,WORK,PL_N6313899858
P04306,HOME,PL_W661274894
P04306,WORK,PL_W27778689
P04307,HOME,PL_W661331285
P04307,WORK,PL_N10043714525
P04307,CHILD_SCHOOL,PL_W35836166
P04308,HOME,PL_W143654379
P04308,WORK,PL_W705015582
P04309,HOME,PL_W661568311
P04309,WORK,PL_W1017454922
P04309,CHILD_SCHOOL,PL_W35836041
P04310,HOME,PL_W43811014
P04310,UNIVERSITY,PL_W1268267050
P04311,HOME,PL_W659448896
P04311,WORK,PL_N4802812392
P04311,CHILD_SCHOOL,PL_N2356774165
P04312,HOME,PL_W1275520648
P04312,WORK,PL_W802227971
P04313,HOME,PL_W1254749278
P04313,WORK,PL_W1338469221
P04313,CHILD_SCHOOL,PL_W36880101
P04314,HOME,PL_W660637387
P04314,WORK,PL_W60319362
P04315,HOME,PL_W660806588
P04315,WORK,PL_W686982860
P04315,CHILD_SCHOOL,PL_W195493031
P04316,HOME,PL_W662762489
P04316,WORK,PL_N3942122560
P04317,HOME,PL_W33036597
P04317,WORK,PL_W60448453
P04317,CHILD_SCHOOL,PL_W56996051
P04318,HOME,PL_W660867290
P04318,WORK,PL_W56106379
P04318,CHILD_SCHOOL,PL_W73323696
P04319,HOME,PL_W660806679
P04319,WORK,PL_N4373039275
P04320,HOME,PL_W687185986
P04320,WORK,PL_N1387972038
P04321,HOME,PL_W705529513
P04321,WORK,PL_W282090479
P04321,CHILD_SCHOOL,PL_W42525283
P04322,HOME,PL_W661048447
P04322,WORK,PL_N5061254795
P04323,HOME,PL_W661324252
P04323,WORK,PL_W144942369
P04324,HOME,PL_W704946500
P04324,WORK,PL_W659239682
P04324,CHILD_SCHOOL,PL_W25366324
P04325,HOME,PL_W287420868
P04325,WORK,PL_N11007364506
P04325,CHILD_SCHOOL,PL_W33541185
P04326,HOME,PL_W659549211
P04326,WORK,PL_W659549211
P04327,HOME,PL_W251872869
P04327,WORK,PL_N6419730380
P04328,HOME,PL_W660602719
P04328,WORK,PL_W660602719
P04329,HOME,PL_W31373433
P04329,UNIVERSITY,PL_W23447393
P04330,HOME,PL_W706093829
P04330,WORK,PL_N67344518
P04330,CHILD_SCHOOL,PL_W41364199
P04331,HOME,PL_W32122686
P04331,WORK,PL_W699149381
P04332,HOME,PL_W660633349
P04332,WORK,PL_N3670530408
P04332,CHILD_SCHOOL,PL_W33396855
P04333,HOME,PL_W31619128
P04333,WORK,PL_N3816467134
P04334,HOME,PL_W33725066
P04334,WORK,PL_W662259388
P04335,HOME,PL_W31451096
P04335,WORK,PL_W31451096
P04336,HOME,PL_W659445056
P04336,WORK,PL_W659445056
P04337,HOME,PL_W659340587
P04337,UNIVERSITY,PL_N12912579192
P04338,HOME,PL_W656561507
P04338,WORK,PL_N1911554886
P04338,CHILD_SCHOOL,PL_N8082789926
P04339,HOME,PL_W661048102
P04339,WORK,PL_W661048102
P04340,HOME,PL_W659341069
P04340,WORK,PL_N4742515394
P04341,HOME,PL_W334725674
P04341,WORK,PL_W61698929
P04341,CHILD_SCHOOL,PL_W417888719
P04342,HOME,PL_W659242922
P04342,WORK,PL_W43805112
P04343,HOME,PL_W33036595
P04343,WORK,PL_N1869495983
P04343,CHILD_SCHOOL,PL_W121872356
P04344,HOME,PL_W661821749
P04344,WORK,PL_W662149424
P04345,HOME,PL_W663309540
P04345,WORK,PL_W56058481
P04346,HOME,PL_W704228128
P04346,WORK,PL_W680608305
P04347,HOME,PL_W703251903
P04347,WORK,PL_N9740014383
P04347,CHILD_SCHOOL,PL_W41841601
P04348,HOME,PL_W705125025
P04348,WORK,PL_W34749721
P04348,CHILD_SCHOOL,PL_W34617361
P04349,HOME,PL_W31617615
P04349,WORK,PL_N10932252155
P04349,CHILD_SCHOOL,PL_N7108065615
P04350,HOME,PL_W659455015
P04350,WORK,PL_W679142328
P04350,CHILD_SCHOOL,PL_W705845654
P04351,HOME,PL_W704292291
P04351,WORK,PL_W661774835
P04351,CHILD_SCHOOL,PL_W50977417
P04352,HOME,PL_W660586919
P04352,WORK,PL_N8626077911
P04353,HOME,PL_W1208393404
P04353,WORK,PL_N2365100290
P04354,HOME,PL_W705650228
P04354,WORK,PL_W943602453
P04355,HOME,PL_W702557442
P04355,WORK,PL_N5110835032
P04356,HOME,PL_W36803732
P04356,WORK,PL_W35491449
P04356,CHILD_SCHOOL,PL_W225582647
P04357,HOME,PL_W705109232
P04357,UNIVERSITY,PL_N4507572289
P04357,CHILD_SCHOOL,PL_W25289564
P04358,HOME,PL_W34777546
P04358,WORK,PL_N6345455875
P04359,HOME,PL_W706192711
P04359,WORK,PL_W1171853035
P04359,CHILD_SCHOOL,PL_W75367984
P04360,HOME,PL_W659452048
P04360,UNIVERSITY,PL_N9550175417
P04361,HOME,PL_W659549081
P04361,WORK,PL_W33362861
P04362,HOME,PL_W661331075
P04362,WORK,PL_W97256641
P04362,CHILD_SCHOOL,PL_W35836502
P04363,HOME,PL_W51348275
P04363,UNIVERSITY,PL_N12091108919
P04364,HOME,PL_W659455082
P04364,WORK,PL_N620375514
P04364,CHILD_SCHOOL,PL_W71281899
P04365,HOME,PL_W659333233
P04365,WORK,PL_W698309123
P04365,CHILD_SCHOOL,PL_N4015705823
P04366,HOME,PL_W661779715
P04366,WORK,PL_W34749808
P04367,HOME,PL_W660585800
P04367,WORK,PL_N14084028893
P04368,HOME,PL_W659455280
P04368,WORK,PL_W783716652
P04368,CHILD_SCHOOL,PL_W688269003
P04369,HOME,PL_W170052744
P04369,WORK,PL_W676111885
P04369,CHILD_SCHOOL,PL_W705109213
P04370,HOME,PL_W31619122
P04370,WORK,PL_W34582450
P04371,HOME,PL_W659340210
P04371,WORK,PL_W150506087
P04372,HOME,PL_W661074437
P04372,WORK,PL_W119980187
P04372,CHILD_SCHOOL,PL_W225859145
P04373,HOME,PL_W1254386672
P04373,UNIVERSITY,PL_N1907123254
P04374,HOME,PL_W660837210
P04374,WORK,PL_W684783109
P04374,CHILD_SCHOOL,PL_W36952003
P04375,HOME,PL_W660212427
P04375,WORK,PL_W420287858
P04376,HOME,PL_W702169121
P04376,WORK,PL_W60118201
P04377,HOME,PL_W36888109
P04377,WORK,PL_N4533176130
P04378,HOME,PL_W661274624
P04378,WORK,PL_W43417475
P04378,CHILD_SCHOOL,PL_N13625366295
P04379,HOME,PL_W659732248
P04379,WORK,PL_N10167804063
P04380,HOME,PL_W31757792
P04380,WORK,PL_W660620518
P04381,HOME,PL_W662094891
P04381,WORK,PL_W662094891
P04381,CHILD_SCHOOL,PL_W224695919
P04382,HOME,PL_W705507599
P04382,WORK,PL_W793948777
P04383,HOME,PL_W659335356
P04383,WORK,PL_N10284950895
P04383,CHILD_SCHOOL,PL_W36870739
P04384,HOME,PL_W34229574
P04384,WORK,PL_N6348250441
P04385,HOME,PL_W144500767
P04385,WORK,PL_W33746340
P04385,CHILD_SCHOOL,PL_W56051919
P04386,HOME,PL_W659246842
P04386,WORK,PL_W663827179
P04387,HOME,PL_W31373093
P04387,WORK,PL_W663315400
P04388,HOME,PL_W663309814
P04388,WORK,PL_W34084532
P04388,CHILD_SCHOOL,PL_W391848543
P04389,HOME,PL_W660346835
P04389,WORK,PL_W192381931
P04390,HOME,PL_W661076195
P04390,WORK,PL_N2926797002
P04391,HOME,PL_W143654373
P04391,WORK,PL_W599480360
P04392,HOME,PL_W1204907093
P04392,UNIVERSITY,PL_N13670266862
P04393,HOME,PL_W662175307
P04393,WORK,PL_N1755468385
P04394,HOME,PL_W36888102
P04394,WORK,PL_W1541291331
P04394,CHILD_SCHOOL,PL_N2123097074
P04395,HOME,PL_W659341491
P04395,WORK,PL_W32567249
P04396,HOME,PL_W659340811
P04396,WORK,PL_W56123711
P04397,HOME,PL_W36888103
P04397,WORK,PL_W67138242
P04398,HOME,PL_W170055112
P04398,WORK,PL_W703427648
P04398,CHILD_SCHOOL,PL_W703420515
P04399,HOME,PL_W662784320
P04399,WORK,PL_W219168620
P04399,CHILD_SCHOOL,PL_W33396813
P04400,HOME,PL_W659455177
P04400,WORK,PL_N6545342849
P04400,CHILD_SCHOOL,PL_W143658010
P04401,HOME,PL_W660830929
P04401,WORK,PL_W663315380
P04401,CHILD_SCHOOL,PL_W35545754
P04402,HOME,PL_W662388361
P04402,WORK,PL_W27767640
P04402,CHILD_SCHOOL,PL_W36787819
P04403,HOME,PL_W1346550913
P04403,WORK,PL_W27767636
P04404,HOME,PL_W31617605
P04404,UNIVERSITY,PL_W61759776
P04405,HOME,PL_W1382850393
P04405,WORK,PL_W31727205
P04405,CHILD_SCHOOL,PL_N13625213585
P04406,HOME,PL_W71282248
P04406,WORK,PL_W62256154
P04407,HOME,PL_W660586941
P04407,WORK,PL_N6546638573
P04408,HOME,PL_W31757288
P04408,WORK,PL_W659629198
P04408,CHILD_SCHOOL,PL_N13705682293
P04409,HOME,PL_W894580866
P04409,WORK,PL_N9079597332
P04410,HOME,PL_W704634891
P04410,WORK,PL_W659970395
P04411,HOME,PL_W662710372
P04411,WORK,PL_W662253494
P04412,HOME,PL_W661204156
P04412,WORK,PL_W659321746
P04412,CHILD_SCHOOL,PL_W34617709
P04413,HOME,PL_W572761388
P04413,WORK,PL_W34582323
P04414,HOME,PL_W661275608
P04414,WORK,PL_N6545342841
P04415,HOME,PL_W42472532
P04415,WORK,PL_W67139117
P04416,HOME,PL_W31617611
P04416,WORK,PL_N2271819307
P04417,HOME,PL_W34777546
P04417,WORK,PL_W34777546
P04417,CHILD_SCHOOL,PL_W195969125
P04418,HOME,PL_W31617612
P04418,WORK,PL_W69341524
P04418,CHILD_SCHOOL,PL_W760791078
P04419,HOME,PL_W659341584
P04419,WORK,PL_W55896876
P04420,HOME,PL_W702160075
P04420,WORK,PL_W61429677
P04420,CHILD_SCHOOL,PL_W24159328
P04421,HOME,PL_W41405386
P04421,WORK,PL_N4447738882
P04422,HOME,PL_W659335651
P04422,UNIVERSITY,PL_W161110169
P04423,HOME,PL_W660981835
P04423,WORK,PL_W416989000
P04424,HOME,PL_W659829788
P04424,WORK,PL_W943701267
P04424,CHILD_SCHOOL,PL_W224672049
P04425,HOME,PL_W31754493
P04425,WORK,PL_N10780162897
P04425,CHILD_SCHOOL,PL_W26949764
P04426,HOME,PL_W36921200
P04426,WORK,PL_W661950844
P04427,HOME,PL_W659455055
P04427,WORK,PL_N244885891
P04428,HOME,PL_W31754698
P04428,WORK,PL_W66979914
P04428,CHILD_SCHOOL,PL_W42525407
P04429,HOME,PL_W31373517
P04429,WORK,PL_W113530396
P04430,HOME,PL_W659447948
P04430,WORK,PL_W58567265
P04431,HOME,PL_W661045215
P04431,WORK,PL_W31620394
P04431,CHILD_SCHOOL,PL_W705565522
P04432,HOME,PL_W41405394
P04432,WORK,PL_W31623456
P04433,HOME,PL_W31757285
P04433,WORK,PL_W661347087
P04434,HOME,PL_W706078569
P04434,WORK,PL_W58673660
P04435,HOME,PL_W36791714
P04435,WORK,PL_W672669538
P04435,CHILD_SCHOOL,PL_W180044576
P04436,HOME,PL_W661050725
P04436,WORK,PL_W703600439
P04437,HOME,PL_W33036597
P04437,WORK,PL_W1228145952
P04437,CHILD_SCHOOL,PL_W171477484
P04438,HOME,PL_W662761582
P04438,WORK,PL_W174674654
P04439,HOME,PL_W661825230
P04439,WORK,PL_N3507050679
P04440,HOME,PL_W231406229
P04440,WORK,PL_W700221890
P04440,CHILD_SCHOOL,PL_W29234699
P04441,HOME,PL_W661920267
P04441,WORK,PL_W104942318
P04441,CHILD_SCHOOL,PL_W703423111
P04442,HOME,PL_W47870412
P04442,WORK,PL_W61014137
P04443,HOME,PL_W659243481
P04443,UNIVERSITY,PL_N401521720
P04444,HOME,PL_W32820130
P04444,WORK,PL_W34749723
P04444,CHILD_SCHOOL,PL_W59584330
P04445,HOME,PL_W31754686
P04445,WORK,PL_N12087916032
P04445,CHILD_SCHOOL,PL_W224671171
P04446,HOME,PL_W656560345
P04446,WORK,PL_W468563993
P04446,CHILD_SCHOOL,PL_W36951033
P04447,HOME,PL_W31754577
P04447,WORK,PL_W662100499
P04447,CHILD_SCHOOL,PL_W71410512
P04448,HOME,PL_W660838122
P04448,WORK,PL_N13951193832
P04448,CHILD_SCHOOL,PL_W36746611
P04449,HOME,PL_W661957052
P04449,WORK,PL_W657696641
P04450,HOME,PL_W170052629
P04450,WORK,PL_N13830135301
P04450,CHILD_SCHOOL,PL_N9214580633
P04451,HOME,PL_W659445532
P04451,WORK,PL_W944064994
P04451,CHILD_SCHOOL,PL_W163042361
P04452,HOME,PL_W660634085
P04452,WORK,PL_N4001010006
P04453,HOME,PL_W659452983
P04453,WORK,PL_W661951926
P04454,HOME,PL_W705649169
P04454,WORK,PL_N6416323952
P04455,HOME,PL_W659444715
P04455,WORK,PL_W951863525
P04456,HOME,PL_W659548875
P04456,WORK,PL_W106099920
P04456,CHILD_SCHOOL,PL_N5413474408
P04457,HOME,PL_W659448940
P04457,WORK,PL_W93811201
P04458,HOME,PL_W1275522404
P04458,WORK,PL_N5263930521
P04458,CHILD_SCHOOL,PL_W220406701
P04459,HOME,PL_W705132829
P04459,WORK,PL_N10155708532
P04459,CHILD_SCHOOL,PL_W703420515
P04460,HOME,PL_W662144287
P04460,WORK,PL_W662144287
P04460,CHILD_SCHOOL,PL_W36740007
P04461,HOME,PL_W662727254
P04461,WORK,PL_W975456900
P04462,HOME,PL_W661050241
P04462,WORK,PL_W79659931
P04463,HOME,PL_W704729327
P04463,WORK,PL_W658468161
P04463,CHILD_SCHOOL,PL_N2332638609
P04464,HOME,PL_W170052633
P04464,WORK,PL_W657936269
P04465,HOME,PL_W706078564
P04465,WORK,PL_N5035466222
P04465,CHILD_SCHOOL,PL_W36543325
P04466,HOME,PL_W457493164
P04466,WORK,PL_W58673641
P04466,CHILD_SCHOOL,PL_W35836168
P04467,HOME,PL_W1275524431
P04467,WORK,PL_W13405217
P04468,HOME,PL_W703722939
P04468,WORK,PL_N6594592563
P04469,HOME,PL_W659444500
P04469,WORK,PL_W33300523
P04469,CHILD_SCHOOL,PL_W34228912
P04470,HOME,PL_W659445253
P04470,WORK,PL_W703439392
P04470,CHILD_SCHOOL,PL_W36543320
P04471,HOME,PL_W659333488
P04471,WORK,PL_N4649125176
P04471,CHILD_SCHOOL,PL_W34617360
P04472,HOME,PL_W31619119
P04472,WORK,PL_W130801772
P04473,HOME,PL_W704729327
P04473,WORK,PL_W599480360
P04474,HOME,PL_W705625079
P04474,WORK,PL_W33725435
P04474,CHILD_SCHOOL,PL_W50977417
P04475,HOME,PL_W703618240
P04475,WORK,PL_W34550582
P04476,HOME,PL_W659444898
P04476,WORK,PL_W34121938
P04477,HOME,PL_W770873612
P04477,WORK,PL_W660842583
P04477,CHILD_SCHOOL,PL_W239578890
P04478,HOME,PL_W31811114
P04478,WORK,PL_W804618150
P04478,CHILD_SCHOOL,PL_W224672049
P04479,HOME,PL_W660569408
P04479,WORK,PL_N9214880503
P04479,CHILD_SCHOOL,PL_W25366324
P04480,HOME,PL_W659333231
P04480,WORK,PL_N13141903736
P04480,CHILD_SCHOOL,PL_W760840673
P04481,HOME,PL_W705011702
P04481,WORK,PL_W56062734
P04482,HOME,PL_W662095156
P04482,WORK,PL_W34395779
P04482,CHILD_SCHOOL,PL_W33396453
P04483,HOME,PL_W31560365
P04483,WORK,PL_W31560365
P04484,HOME,PL_W42472532
P04484,WORK,PL_W66980134
P04484,CHILD_SCHOOL,PL_W36747097
P04485,HOME,PL_W170051471
P04485,WORK,PL_W56062718
P04485,CHILD_SCHOOL,PL_W37404404
P04486,HOME,PL_W31617603
P04486,WORK,PL_W58728260
P04486,CHILD_SCHOOL,PL_W59584330
P04487,HOME,PL_W659453901
P04487,UNIVERSITY,PL_N13890109307
P04488,HOME,PL_W36803732
P04488,WORK,PL_W58728296
P04489,HOME,PL_W31617612
P04489,WORK,PL_W670995136
P04490,HOME,PL_W661919697
P04490,WORK,PL_W661919697
P04491,HOME,PL_W705529532
P04491,WORK,PL_W163041199
P04492,HOME,PL_W659446657
P04492,WORK,PL_W58361996
P04492,CHILD_SCHOOL,PL_W36543320
P04493,HOME,PL_W705740396
P04493,WORK,PL_W704594302
P04493,CHILD_SCHOOL,PL_W285896860
P04494,HOME,PL_W31757862
P04494,WORK,PL_W362792334
P04494,CHILD_SCHOOL,PL_N7751979185
P04495,HOME,PL_W32455674
P04495,WORK,PL_W32805001
P04496,HOME,PL_W661840699
P04496,WORK,PL_W61759775
P04497,HOME,PL_W31617616
P04497,WORK,PL_N13374879574
P04497,CHILD_SCHOOL,PL_W703420516
P04498,HOME,PL_W661325058
P04498,WORK,PL_W186024945
P04499,HOME,PL_W32455673
P04499,UNIVERSITY,PL_W1504227412
P04500,HOME,PL_W659333292
P04500,WORK,PL_N6554677026
P04500,CHILD_SCHOOL,PL_W36746607
P04501,HOME,PL_W662760830
P04501,WORK,PL_W59244437
P04501,CHILD_SCHOOL,PL_W684083281
P04502,HOME,PL_W1203387570
P04502,WORK,PL_N392131158
P04503,HOME,PL_W659451724
P04503,WORK,PL_W797144944
P04503,CHILD_SCHOOL,PL_W37680872
P04504,HOME,PL_W31616712
P04504,WORK,PL_W662441670
P04505,HOME,PL_W705222393
P04505,WORK,PL_W324142882
P04505,CHILD_SCHOOL,PL_W216295703
P04506,HOME,PL_W660839075
P04506,WORK,PL_N11612201947
P04507,HOME,PL_W31757257
P04507,WORK,PL_N13667139946
P04507,CHILD_SCHOOL,PL_W33394479
P04508,HOME,PL_W661823448
P04508,WORK,PL_W55031045
P04508,CHILD_SCHOOL,PL_W170267116
P04509,HOME,PL_W31754502
P04509,WORK,PL_W31754502
P04510,HOME,PL_W35798768
P04510,WORK,PL_W56608482
P04511,HOME,PL_W660347582
P04511,UNIVERSITY,PL_W15396822
P04512,HOME,PL_W334726020
P04512,WORK,PL_N7856803522
P04513,HOME,PL_W706080727
P04513,WORK,PL_W141693739
P04514,HOME,PL_W660816993
P04514,WORK,PL_W135231762
P04515,HOME,PL_W660980973
P04515,WORK,PL_N12454273025
P04516,HOME,PL_W659831357
P04516,WORK,PL_N10695444667
P04517,HOME,PL_W704997232
P04517,WORK,PL_W671097365
P04517,CHILD_SCHOOL,PL_N8082789926
P04518,HOME,PL_W703932818
P04518,WORK,PL_N6568160912
P04519,HOME,PL_W112440002
P04519,WORK,PL_W112440002
P04520,HOME,PL_W659449159
P04520,WORK,PL_W907954834
P04521,HOME,PL_W705882031
P04521,WORK,PL_W33681477
P04522,HOME,PL_W31619296
P04522,WORK,PL_W22952670
P04523,HOME,PL_W662775340
P04523,WORK,PL_W479950661
P04524,HOME,PL_W659548625
P04524,WORK,PL_W333081809
P04524,CHILD_SCHOOL,PL_W36746607
P04525,HOME,PL_W32455671
P04525,WORK,PL_W30977087
P04525,CHILD_SCHOOL,PL_W32819968
P04526,HOME,PL_W705512153
P04526,WORK,PL_N3487872729
P04526,CHILD_SCHOOL,PL_W189427810
P04527,HOME,PL_W659729097
P04527,WORK,PL_W33189796
P04528,HOME,PL_W659732118
P04528,UNIVERSITY,PL_W1502659706
P04529,HOME,PL_W659250958
P04529,WORK,PL_N7129252051
P04529,CHILD_SCHOOL,PL_W56996051
P04530,HOME,PL_W705529514
P04530,WORK,PL_W55029513
P04531,HOME,PL_W661813029
P04531,WORK,PL_W663828398
P04532,HOME,PL_W32820129
P04532,WORK,PL_N5396228022
P04532,CHILD_SCHOOL,PL_W220408094
P04533,HOME,PL_W661635201
P04533,WORK,PL_W97303140
P04534,HOME,PL_W31373431
P04534,WORK,PL_W31373431
P04535,HOME,PL_W661649565
P04535,WORK,PL_N6534515462
P04536,HOME,PL_W978051262
P04536,WORK,PL_W62058559
P04537,HOME,PL_W705740396
P04537,WORK,PL_N8893534012
P04538,HOME,PL_W660568273
P04538,WORK,PL_N12251020939
P04539,HOME,PL_W33036600
P04539,WORK,PL_W677918916
P04539,CHILD_SCHOOL,PL_N10649797327
P04540,HOME,PL_W33036595
P04540,WORK,PL_N2159450932
P04541,HOME,PL_W31451052
P04541,WORK,PL_W669796687
P04541,CHILD_SCHOOL,PL_W684083281
P04542,HOME,PL_W1520600047
P04542,WORK,PL_W521117202
P04543,HOME,PL_W661204942
P04543,WORK,PL_W659632945
P04544,HOME,PL_W706078535
P04544,WORK,PL_N10684576105
P04545,HOME,PL_W705125025
P04545,WORK,PL_W80378604
P04546,HOME,PL_W661649914
P04546,WORK,PL_W93811564
P04546,CHILD_SCHOOL,PL_W36543320
P04547,HOME,PL_W967290533
P04547,WORK,PL_N6383662873
P04548,HOME,PL_W170052634
P04548,UNIVERSITY,PL_N11406187968
P04549,HOME,PL_W659243451
P04549,WORK,PL_N6310788381
P04549,CHILD_SCHOOL,PL_W201704236
P04550,HOME,PL_W978051260
P04550,WORK,PL_W670293178
P04551,HOME,PL_W32122686
P04551,WORK,PL_N1141385794
P04551,CHILD_SCHOOL,PL_W34617709
P04552,HOME,PL_W31617620
P04552,WORK,PL_W34585677
P04553,HOME,PL_W661049833
P04553,UNIVERSITY,PL_W1268267050
P04554,HOME,PL_W661920371
P04554,WORK,PL_W58728253
P04555,HOME,PL_W662389596
P04555,WORK,PL_W231983648
P04556,HOME,PL_W661325659
P04556,WORK,PL_N3418249775
P04557,HOME,PL_W30966657
P04557,WORK,PL_W59244470
P04558,HOME,PL_W661324797
P04558,WORK,PL_W97303154
P04558,CHILD_SCHOOL,PL_N7108092021
P04559,HOME,PL_W661840712
P04559,UNIVERSITY,PL_W23447393
P04559,CHILD_SCHOOL,PL_W499546959
P04560,HOME,PL_W659447492
P04560,WORK,PL_N6549657696
P04561,HOME,PL_W705222376
P04561,WORK,PL_W43804364
P04561,CHILD_SCHOOL,PL_W30966655
P04562,HOME,PL_W31373083
P04562,WORK,PL_N7113185163
P04563,HOME,PL_W659547454
P04563,WORK,PL_N2704263721
P04564,HOME,PL_W660569544
P04564,WORK,PL_W1272117300
P04565,HOME,PL_W660820763
P04565,UNIVERSITY,PL_N9672795308
P04566,HOME,PL_W34777546
P04566,WORK,PL_W297253908
P04567,HOME,PL_W31756348
P04567,WORK,PL_W660624564
P04568,HOME,PL_W31617614
P04568,WORK,PL_N11711796625
P04569,HOME,PL_W170052638
P04569,WORK,PL_N4030288361
P04570,HOME,PL_W659242068
P04570,WORK,PL_W659242068
P04570,CHILD_SCHOOL,PL_W171477271
P04571,HOME,PL_W705011690
P04571,WORK,PL_W1302172193
P04572,HOME,PL_W705010187
P04572,WORK,PL_N2111296668
P04573,HOME,PL_W1462135606
P04573,WORK,PL_W677205549
P04573,CHILD_SCHOOL,PL_W36544304
P04574,HOME,PL_W660829927
P04574,WORK,PL_N4264617954
P04575,HOME,PL_W661921067
P04575,WORK,PL_N2540833395
P04576,HOME,PL_W334725258
P04576,WORK,PL_W334725258
P04577,HOME,PL_W660636653
P04577,UNIVERSITY,PL_N401521720
P04578,HOME,PL_W31756292
P04578,WORK,PL_W237575941
P04579,HOME,PL_W660078782
P04579,WORK,PL_W43805286
P04580,HOME,PL_W661957766
P04580,WORK,PL_N1615869035
P04580,CHILD_SCHOOL,PL_W660585356
P04581,HOME,PL_W661822365
P04581,WORK,PL_W93811442
P04582,HOME,PL_W114706475
P04582,WORK,PL_N6348250425
P04583,HOME,PL_W660603351
P04583,WORK,PL_W62202665
P04583,CHILD_SCHOOL,PL_W224816012
P04584,HOME,PL_W660980586
P04584,WORK,PL_W660980586
P04585,HOME,PL_W659732757
P04585,WORK,PL_N4015586069
P04585,CHILD_SCHOOL,PL_W255480069
P04586,HOME,PL_W703948828
P04586,WORK,PL_W42890418
P04587,HOME,PL_W662709912
P04587,WORK,PL_N5741810847
P04588,HOME,PL_W706078564
P04588,WORK,PL_N2849278924
P04588,CHILD_SCHOOL,PL_W35800153
P04589,HOME,PL_W659833248
P04589,WORK,PL_W56064225
P04589,CHILD_SCHOOL,PL_W35836165
P04590,HOME,PL_W660817182
P04590,WORK,PL_W660817182
P04591,HOME,PL_W659448639
P04591,WORK,PL_N4373039275
P04591,CHILD_SCHOOL,PL_W36880101
P04592,HOME,PL_W36791500
P04592,WORK,PL_W33893041
P04593,HOME,PL_W34229575
P04593,WORK,PL_W804386831
P04593,CHILD_SCHOOL,PL_W705565521
P04594,HOME,PL_W31619121
P04594,WORK,PL_W56426670
P04595,HOME,PL_W31617618
P04595,WORK,PL_W43810873
P04596,HOME,PL_W662389421
P04596,WORK,PL_W179297875
P04597,HOME,PL_W1426163152
P04597,WORK,PL_W659427973
P04597,CHILD_SCHOOL,PL_W56201673
P04598,HOME,PL_W978051265
P04598,WORK,PL_W126301465
P04599,HOME,PL_W31756312
P04599,WORK,PL_W61429677
P04599,CHILD_SCHOOL,PL_W41364187
P04600,HOME,PL_W660818046
P04600,WORK,PL_W34545829
P04600,CHILD_SCHOOL,PL_W225859145
P04601,HOME,PL_W705624356
P04601,WORK,PL_N6363938616
P04602,HOME,PL_W225767241
P04602,WORK,PL_N3178244065
P04603,HOME,PL_W36888103
P04603,WORK,PL_W58869413
P04603,CHILD_SCHOOL,PL_W274163820
P04604,HOME,PL_W662775983
P04604,WORK,PL_W804360806
P04605,HOME,PL_W659242751
P04605,WORK,PL_N3411753162
P04606,HOME,PL_W659448426
P04606,WORK,PL_W105516638
P04607,HOME,PL_W41405394
P04607,WORK,PL_N6589646947
P04608,HOME,PL_W704729316
P04608,WORK,PL_W704729316
P04609,HOME,PL_W659245844
P04609,UNIVERSITY,PL_N12941605147
P04609,CHILD_SCHOOL,PL_W226096987
P04610,HOME,PL_W659446077
P04610,WORK,PL_W58869428
P04611,HOME,PL_W662535935
P04611,WORK,PL_N6307475028
P04612,HOME,PL_W31757290
P04612,WORK,PL_W706093854
P04613,HOME,PL_W704229383
P04613,WORK,PL_W444080174
P04614,HOME,PL_W32820131
P04614,WORK,PL_N2143378412
P04615,HOME,PL_W31451019
P04615,WORK,PL_N964114082
P04616,HOME,PL_W659549042
P04616,WORK,PL_N12321368571
P04616,CHILD_SCHOOL,PL_W56868358
P04617,HOME,PL_W662448788
P04617,UNIVERSITY,PL_W23447424
P04618,HOME,PL_W705170962
P04618,WORK,PL_W705170962
P04619,HOME,PL_W660347404
P04619,WORK,PL_W34894880
P04619,CHILD_SCHOOL,PL_W56201673
P04620,HOME,PL_W34229575
P04620,WORK,PL_W44076452
P04621,HOME,PL_W659451475
P04621,WORK,PL_W661512489
P04622,HOME,PL_W33036565
P04622,WORK,PL_W659581417
P04622,CHILD_SCHOOL,PL_W688267162
P04623,HOME,PL_W656561088
P04623,WORK,PL_N14067134263
P04623,CHILD_SCHOOL,PL_N13625366295
P04624,HOME,PL_W556918855
P04624,WORK,PL_N7089560693
P04625,HOME,PL_W661921346
P04625,WORK,PL_N6550554148
P04626,HOME,PL_W31622243
P04626,WORK,PL_N6372905179
P04626,CHILD_SCHOOL,PL_W33541185
P04627,HOME,PL_W31757882
P04627,WORK,PL_W705563026
P04628,HOME,PL_W662449801
P04628,WORK,PL_W1316550308
P04629,HOME,PL_W705881542
P04629,UNIVERSITY,PL_N2375249754
P04630,HOME,PL_W662389922
P04630,WORK,PL_W31620471
P04630,CHILD_SCHOOL,PL_W760844017
P04631,HOME,PL_W636033816
P04631,WORK,PL_N11114383380
P04632,HOME,PL_W705649186
P04632,WORK,PL_W1125984104
P04632,CHILD_SCHOOL,PL_N13625366295
P04633,HOME,PL_W705519684
P04633,WORK,PL_W663313323
P04633,CHILD_SCHOOL,PL_W35798652
P04634,HOME,PL_W36791714
P04634,WORK,PL_W58673609
P04635,HOME,PL_W660817017
P04635,WORK,PL_N907133890
P04636,HOME,PL_W31757277
P04636,UNIVERSITY,PL_W15396822
P04636,CHILD_SCHOOL,PL_W36747097
P04637,HOME,PL_W31757287
P04637,UNIVERSITY,PL_N1306212511
P04638,HOME,PL_W659247873
P04638,WORK,PL_W179653207
P04639,HOME,PL_W55947364
P04639,WORK,PL_W31926308
P04639,CHILD_SCHOOL,PL_W33503105
P04640,HOME,PL_W31373083
P04640,WORK,PL_N4175097161
P04640,CHILD_SCHOOL,PL_W760844017
P04641,HOME,PL_W661821695
P04641,WORK,PL_W1149717350
P04642,HOME,PL_W144500769
P04642,WORK,PL_N11582798793
P04643,HOME,PL_W457749630
P04643,WORK,PL_N2291457224
P04644,HOME,PL_W659461401
P04644,WORK,PL_N12897744771
P04644,CHILD_SCHOOL,PL_W36787819
P04645,HOME,PL_W661050156
P04645,WORK,PL_W118511760
P04645,CHILD_SCHOOL,PL_W688267162
P04646,HOME,PL_W1245919109
P04646,WORK,PL_W58849187
P04647,HOME,PL_W31373083
P04647,WORK,PL_W61430317
P04647,CHILD_SCHOOL,PL_W36543496
P04648,HOME,PL_W705740400
P04648,WORK,PL_N1111982859
P04648,CHILD_SCHOOL,PL_W73323696
P04649,HOME,PL_W114706279
P04649,WORK,PL_W660832883
P04650,HOME,PL_W705563021
P04650,WORK,PL_W288357286
P04651,HOME,PL_W31373427
P04651,WORK,PL_N13294458790
P04651,CHILD_SCHOOL,PL_W35798021
P04652,HOME,PL_W705222389
P04652,WORK,PL_W61430414
P04653,HOME,PL_W705845656
P04653,WORK,PL_W234054131
P04654,HOME,PL_W660213225
P04654,UNIVERSITY,PL_W686503820
P04655,HOME,PL_W662785249
P04655,WORK,PL_W627144202
P04655,CHILD_SCHOOL,PL_W34073293
P04656,HOME,PL_W61955728
P04656,WORK,PL_W33561126
P04657,HOME,PL_W659831173
P04657,WORK,PL_N13719601811
P04657,CHILD_SCHOOL,PL_W35800153
P04658,HOME,PL_W1275528983
P04658,WORK,PL_N3206983509
P04659,HOME,PL_W702167768
P04659,WORK,PL_W657936323
P04660,HOME,PL_W32667517
P04660,WORK,PL_N3418249783
P04661,HOME,PL_W705844123
P04661,WORK,PL_W253731097
P04661,CHILD_SCHOOL,PL_W41363542
P04662,HOME,PL_W704634879
P04662,UNIVERSITY,PL_W1504227413
P04663,HOME,PL_W660830533
P04663,UNIVERSITY,PL_N8755303552
P04664,HOME,PL_W702141523
P04664,WORK,PL_N12968478963
P04665,HOME,PL_W229483488
P04665,UNIVERSITY,PL_W61759776
P04666,HOME,PL_W659444436
P04666,WORK,PL_W31619933
P04667,HOME,PL_W1377324808
P04667,WORK,PL_W288357285
P04668,HOME,PL_W659838755
P04668,WORK,PL_N12980689932
P04668,CHILD_SCHOOL,PL_W32121744
P04669,HOME,PL_W660586193
P04669,WORK,PL_W97180148
P04669,CHILD_SCHOOL,PL_W24159328
P04670,HOME,PL_W659546997
P04670,WORK,PL_W231773826
P04670,CHILD_SCHOOL,PL_W705563029
P04671,HOME,PL_W658974627
P04671,WORK,PL_W661951936
P04672,HOME,PL_W706190949
P04672,WORK,PL_W702169116
P04672,CHILD_SCHOOL,PL_W225936202
P04673,HOME,PL_W660569785
P04673,WORK,PL_W43804408
P04674,HOME,PL_W662388860
P04674,WORK,PL_N6685670275
P04674,CHILD_SCHOOL,PL_W33543511
P04675,HOME,PL_W58936410
P04675,WORK,PL_N6565391648
P04675,CHILD_SCHOOL,PL_W705109213
P04676,HOME,PL_W662710683
P04676,WORK,PL_W663827869
P04677,HOME,PL_W32122685
P04677,UNIVERSITY,PL_N12322231472
P04678,HOME,PL_W706080727
P04678,UNIVERSITY,PL_N9633703338
P04679,HOME,PL_W31373435
P04679,WORK,PL_W58562386
P04679,CHILD_SCHOOL,PL_W36817966
P04680,HOME,PL_W659548382
P04680,WORK,PL_N2603959631
P04681,HOME,PL_W661275794
P04681,WORK,PL_N4878577921
P04681,CHILD_SCHOOL,PL_W33541228
P04682,HOME,PL_W258558553
P04682,WORK,PL_W669862638
P04683,HOME,PL_W33564025
P04683,WORK,PL_N5441763279
P04684,HOME,PL_W704232374
P04684,WORK,PL_W90306466
P04684,CHILD_SCHOOL,PL_W704597788
P04685,HOME,PL_W1253519385
P04685,WORK,PL_W34614513
P04686,HOME,PL_W661275315
P04686,WORK,PL_W661077827
P04686,CHILD_SCHOOL,PL_W33725547
P04687,HOME,PL_W660633334
P04687,WORK,PL_W180549733
P04688,HOME,PL_W143657050
P04688,WORK,PL_W78592336
P04689,HOME,PL_W89185222
P04689,WORK,PL_N6341397582
P04689,CHILD_SCHOOL,PL_W42149102
P04690,HOME,PL_W659446708
P04690,WORK,PL_W662097485
P04691,HOME,PL_W31754597
P04691,WORK,PL_N11704668239
P04692,HOME,PL_W660831867
P04692,WORK,PL_W56434725
P04693,HOME,PL_W699293503
P04693,WORK,PL_W225518788
P04693,CHILD_SCHOOL,PL_W369392223
P04694,HOME,PL_W659335087
P04694,WORK,PL_N3392704107
P04695,HOME,PL_W659452985
P04695,WORK,PL_W159219796
P04695,CHILD_SCHOOL,PL_W36880102
P04696,HOME,PL_W32455659
P04696,WORK,PL_W436325960
P04697,HOME,PL_W659728732
P04697,WORK,PL_W238848856
P04697,CHILD_SCHOOL,PL_W688047029
P04698,HOME,PL_W661206455
P04698,WORK,PL_N12877912223
P04699,HOME,PL_W659729876
P04699,WORK,PL_W659729876
P04700,HOME,PL_W659830402
P04700,WORK,PL_W663835152
P04701,HOME,PL_W659549370
P04701,WORK,PL_W659239669
P04701,CHILD_SCHOOL,PL_W36817966
P04702,HOME,PL_W705010196
P04702,UNIVERSITY,PL_W161110169
P04703,HOME,PL_W659729691
P04703,WORK,PL_W240071224
P04703,CHILD_SCHOOL,PL_W122301356
P04704,HOME,PL_W659459978
P04704,WORK,PL_N6550503669
P04705,HOME,PL_W170051471
P04705,WORK,PL_W663870717
P04706,HOME,PL_W1204734526
P04706,UNIVERSITY,PL_N9550175417
P04707,HOME,PL_W31754521
P04707,WORK,PL_W25108215
P04708,HOME,PL_W661470237
P04708,WORK,PL_W659581418
P04709,HOME,PL_W31757860
P04709,WORK,PL_W31757860
P04710,HOME,PL_W33036595
P04710,WORK,PL_W180683153
P04711,HOME,PL_W662142833
P04711,WORK,PL_W662142833
P04712,HOME,PL_W660867256
P04712,WORK,PL_N13608326539
P04712,CHILD_SCHOOL,PL_W35836165
P04713,HOME,PL_W659446320
P04713,WORK,PL_N3215230649
P04714,HOME,PL_W770873614
P04714,WORK,PL_W34550590
P04715,HOME,PL_W296252448
P04715,WORK,PL_W906401706
P04715,CHILD_SCHOOL,PL_W75367984
P04716,HOME,PL_W31617614
P04716,WORK,PL_W661250605
P04716,CHILD_SCHOOL,PL_W25366324
P04717,HOME,PL_W661469645
P04717,WORK,PL_W657936306
P04718,HOME,PL_W31757792
P04718,WORK,PL_W62256154
P04718,CHILD_SCHOOL,PL_W36368280
P04719,HOME,PL_W660346632
P04719,WORK,PL_N13146174593
P04720,HOME,PL_W35836408
P04720,WORK,PL_W35836408
P04721,HOME,PL_W659335021
P04721,WORK,PL_W61842991
P04722,HOME,PL_W660817193
P04722,WORK,PL_N6315343241
P04722,CHILD_SCHOOL,PL_W220408094
P04723,HOME,PL_W662389486
P04723,WORK,PL_W587012151
P04723,CHILD_SCHOOL,PL_W35800152
P04724,HOME,PL_W31373088
P04724,WORK,PL_W32654432
P04725,HOME,PL_W661048758
P04725,WORK,PL_W661950721
P04725,CHILD_SCHOOL,PL_W705125019
P04726,HOME,PL_W1259080959
P04726,UNIVERSITY,PL_N12819212196
P04727,HOME,PL_W661635028
P04727,WORK,PL_N5817629053
P04727,CHILD_SCHOOL,PL_W34617709
P04728,HOME,PL_W1163968779
P04728,UNIVERSITY,PL_W61759776
P04729,HOME,PL_W706078548
P04729,WORK,PL_W231773826
P04730,HOME,PL_W660178333
P04730,WORK,PL_W239607384
P04730,CHILD_SCHOOL,PL_W34617709
P04731,HOME,PL_W662774569
P04731,WORK,PL_W56426672
P04732,HOME,PL_W702145959
P04732,WORK,PL_W58567287
P04732,CHILD_SCHOOL,PL_W36787819
P04733,HOME,PL_W33653601
P04733,WORK,PL_N6006655292
P04733,CHILD_SCHOOL,PL_W186575947
P04734,HOME,PL_W35836410
P04734,WORK,PL_W55896876
P04735,HOME,PL_W659454704
P04735,WORK,PL_W661193603
P04735,CHILD_SCHOOL,PL_W201704236
P04736,HOME,PL_W659245875
P04736,WORK,PL_W31620125
P04736,CHILD_SCHOOL,PL_W688267162
P04737,HOME,PL_W1420636510
P04737,WORK,PL_W32542300
P04738,HOME,PL_W662177563
P04738,WORK,PL_W78288183
P04738,CHILD_SCHOOL,PL_W36543325
P04739,HOME,PL_W659447109
P04739,WORK,PL_W796686887
P04740,HOME,PL_W661045085
P04740,WORK,PL_W66979856
P04740,CHILD_SCHOOL,PL_W121872356
P04741,HOME,PL_W705109218
P04741,WORK,PL_W41262706
P04741,CHILD_SCHOOL,PL_W25288139
P04742,HOME,PL_W31757274
P04742,UNIVERSITY,PL_N11091336111
P04743,HOME,PL_W659838526
P04743,WORK,PL_W112758537
P04744,HOME,PL_W659247013
P04744,WORK,PL_N1125375183
P04745,HOME,PL_W659451557
P04745,WORK,PL_N11357167498
P04746,HOME,PL_W31757288
P04746,WORK,PL_W662259393
P04747,HOME,PL_W702560123
P04747,WORK,PL_W1106745320
P04747,CHILD_SCHOOL,PL_W171056869
P04748,HOME,PL_W43804991
P04748,WORK,PL_W1228130862
P04748,CHILD_SCHOOL,PL_W34777564
P04749,HOME,PL_W659445877
P04749,WORK,PL_W55461754
P04749,CHILD_SCHOOL,PL_W161236234
P04750,HOME,PL_W31757256
P04750,WORK,PL_N11181623835
P04750,CHILD_SCHOOL,PL_W24986415
P04751,HOME,PL_W659838259
P04751,WORK,PL_W32742066
P04752,HOME,PL_W59434211
P04752,WORK,PL_W32742026
P04753,HOME,PL_W166144202
P04753,WORK,PL_W679964143
P04754,HOME,PL_W659731995
P04754,WORK,PL_W108536784
P04754,CHILD_SCHOOL,PL_W29196647
P04755,HOME,PL_W30966659
P04755,WORK,PL_W79659939
P04755,CHILD_SCHOOL,PL_W224442293
P04756,HOME,PL_W706192716
P04756,WORK,PL_W170052746
P04757,HOME,PL_W659549361
P04757,WORK,PL_W953878382
P04758,HOME,PL_W705507601
P04758,WORK,PL_W662441703
P04758,CHILD_SCHOOL,PL_W35836502
P04759,HOME,PL_W704995219
P04759,WORK,PL_W669862621
P04760,HOME,PL_W661862647
P04760,WORK,PL_N1861907275
P04760,CHILD_SCHOOL,PL_N7108065615
P04761,HOME,PL_W661205293
P04761,WORK,PL_N8332203011
P04762,HOME,PL_W36331127
P04762,WORK,PL_W121777755
P04762,CHILD_SCHOOL,PL_W703420514
P04763,HOME,PL_W659335310
P04763,WORK,PL_W55218273
P04763,CHILD_SCHOOL,PL_W143657503
P04764,HOME,PL_W702169782
P04764,UNIVERSITY,PL_N2332330690
P04765,HOME,PL_W706190948
P04765,WORK,PL_N5379390974
P04765,CHILD_SCHOOL,PL_W235324578
P04766,HOME,PL_W702587019
P04766,WORK,PL_W27778414
P04766,CHILD_SCHOOL,PL_W43613879
P04767,HOME,PL_W705507609
P04767,WORK,PL_W662252089
P04767,CHILD_SCHOOL,PL_W160521056
P04768,HOME,PL_W661049833
P04768,WORK,PL_W659581408
P04768,CHILD_SCHOOL,PL_W42530511
P04769,HOME,PL_W659444564
P04769,WORK,PL_W796670826
P04770,HOME,PL_W43806055
P04770,WORK,PL_W59146422
P04770,CHILD_SCHOOL,PL_W661567710
P04771,HOME,PL_W31754493
P04771,WORK,PL_W34516714
P04771,CHILD_SCHOOL,PL_W25775044
P04772,HOME,PL_W659840199
P04772,WORK,PL_W797151986
P04772,CHILD_SCHOOL,PL_W242745832
P04773,HOME,PL_W41405412
P04773,WORK,PL_W142432175
P04774,HOME,PL_W42472527
P04774,UNIVERSITY,PL_N13951193852
P04775,HOME,PL_W660867028
P04775,WORK,PL_N13859022673
P04776,HOME,PL_W706190948
P04776,WORK,PL_W25107921
P04776,CHILD_SCHOOL,PL_W224674925
P04777,HOME,PL_W659831357
P04777,WORK,PL_W61951968
P04778,HOME,PL_W705845659
P04778,WORK,PL_W174712152
P04778,CHILD_SCHOOL,PL_W220406701
P04779,HOME,PL_W661274619
P04779,WORK,PL_N1125689250
P04780,HOME,PL_W31617619
P04780,WORK,PL_W59244442
P04780,CHILD_SCHOOL,PL_W224818044
P04781,HOME,PL_W943421439
P04781,WORK,PL_W31623456
P04781,CHILD_SCHOOL,PL_W34617361
P04782,HOME,PL_W659449130
P04782,WORK,PL_W58647104
P04783,HOME,PL_W34229575
P04783,WORK,PL_W61698932
P04784,HOME,PL_W31756292
P04784,WORK,PL_N6444231663
P04785,HOME,PL_W661324584
P04785,WORK,PL_W27767637
P04786,HOME,PL_W706078569
P04786,WORK,PL_N762599225
P04786,CHILD_SCHOOL,PL_W41364187
P04787,HOME,PL_W371983592
P04787,WORK,PL_N7750493883
P04788,HOME,PL_W1525338775
P04788,WORK,PL_W61014137
P04789,HOME,PL_W704292287
P04789,WORK,PL_W367536575
P04789,CHILD_SCHOOL,PL_W29234699
P04790,HOME,PL_W31757271
P04790,WORK,PL_W33409410
P04790,CHILD_SCHOOL,PL_W703414558
P04791,HOME,PL_W705519685
P04791,WORK,PL_W659239223
P04791,CHILD_SCHOOL,PL_W220920995
P04792,HOME,PL_W663052101
P04792,WORK,PL_W34320502
P04792,CHILD_SCHOOL,PL_W29196647
P04793,HOME,PL_W99094306
P04793,WORK,PL_N3482106449
P04793,CHILD_SCHOOL,PL_N7766322681
P04794,HOME,PL_W35836411
P04794,WORK,PL_W122205423
P04794,CHILD_SCHOOL,PL_W28273222
P04795,HOME,PL_W660806679
P04795,WORK,PL_N13011557678
P04796,HOME,PL_W659446888
P04796,WORK,PL_W662152031
P04797,HOME,PL_W659444629
P04797,WORK,PL_N13990904648
P04797,CHILD_SCHOOL,PL_W186575947
P04798,HOME,PL_W41405389
P04798,WORK,PL_W288101367
P04799,HOME,PL_W704594300
P04799,WORK,PL_N13209000024
P04800,HOME,PL_W661919538
P04800,WORK,PL_W87889515
P04800,CHILD_SCHOOL,PL_W57047252
P04801,HOME,PL_W702557442
P04801,WORK,PL_W661471759
P04801,CHILD_SCHOOL,PL_W36880098
P04802,HOME,PL_W31451053
P04802,UNIVERSITY,PL_N401521720
P04802,CHILD_SCHOOL,PL_W224815940
P04803,HOME,PL_W662175053
P04803,WORK,PL_W124105158
P04803,CHILD_SCHOOL,PL_W41364199
P04804,HOME,PL_W661920105
P04804,UNIVERSITY,PL_N2681580824
P04805,HOME,PL_W659839417
P04805,WORK,PL_W598637695
P04806,HOME,PL_W36791545
P04806,WORK,PL_W31366344
P04807,HOME,PL_W662761930
P04807,WORK,PL_W1544078638
P04808,HOME,PL_W702557442
P04808,WORK,PL_N837713122
P04808,CHILD_SCHOOL,PL_W42530511
P04809,HOME,PL_W660830130
P04809,WORK,PL_W662150248
P04809,CHILD_SCHOOL,PL_W36747398
P04810,HOME,PL_W31622241
P04810,WORK,PL_N12534674327
P04811,HOME,PL_W1275528988
P04811,WORK,PL_N13298642250
P04811,CHILD_SCHOOL,PL_W705565521
P04812,HOME,PL_W31373094
P04812,WORK,PL_W203425966
P04813,HOME,PL_W660358120
P04813,UNIVERSITY,PL_W61759776
P04814,HOME,PL_W905590515
P04814,UNIVERSITY,PL_N4507572289
P04815,HOME,PL_W660569402
P04815,WORK,PL_W43806368
P04816,HOME,PL_W706080731
P04816,WORK,PL_W43807937
P04817,HOME,PL_W662536227
P04817,WORK,PL_N599897438
P04817,CHILD_SCHOOL,PL_W61955065
P04818,HOME,PL_W894580863
P04818,WORK,PL_N6359375695
P04819,HOME,PL_W662776039
P04819,WORK,PL_W105516626
P04819,CHILD_SCHOOL,PL_W35836502
P04820,HOME,PL_W659333769
P04820,WORK,PL_W705170957
P04820,CHILD_SCHOOL,PL_W225936202
P04821,HOME,PL_W659728902
P04821,WORK,PL_W659728902
P04822,HOME,PL_W59434211
P04822,WORK,PL_W661314355
P04823,HOME,PL_W31619121
P04823,WORK,PL_W506139150
P04823,CHILD_SCHOOL,PL_W167534168
P04824,HOME,PL_W662725999
P04824,WORK,PL_N13717425782
P04825,HOME,PL_W659549468
P04825,WORK,PL_W113804339
P04825,CHILD_SCHOOL,PL_W160521056
P04826,HOME,PL_W661777726
P04826,WORK,PL_N13946560483
P04827,HOME,PL_W661636261
P04827,WORK,PL_W34749533
P04828,HOME,PL_W661331146
P04828,WORK,PL_W474924382
P04828,CHILD_SCHOOL,PL_N7108065615
P04829,HOME,PL_W43804512
P04829,WORK,PL_W43804512
P04830,HOME,PL_W659445201
P04830,WORK,PL_W692002311
P04830,CHILD_SCHOOL,PL_W171477271
P04831,HOME,PL_W704945378
P04831,UNIVERSITY,PL_N1515959209
P04832,HOME,PL_W660356858
P04832,WORK,PL_W1357930414
P04832,CHILD_SCHOOL,PL_W224809461
P04833,HOME,PL_W33559058
P04833,WORK,PL_N6313899872
P04833,CHILD_SCHOOL,PL_W760840673
P04834,HOME,PL_W660348085
P04834,WORK,PL_W660348085
P04835,HOME,PL_W704945374
P04835,WORK,PL_N4463448362
P04835,CHILD_SCHOOL,PL_W224159663
P04836,HOME,PL_W659453764
P04836,WORK,PL_W93811550
P04836,CHILD_SCHOOL,PL_W161236234
P04837,HOME,PL_W287420868
P04837,WORK,PL_W915577365
P04837,CHILD_SCHOOL,PL_W25366282
P04838,HOME,PL_W31754574
P04838,WORK,PL_W31754574
P04839,HOME,PL_W659341550
P04839,WORK,PL_N5717888821
P04839,CHILD_SCHOOL,PL_W75367984
P04840,HOME,PL_W31451020
P04840,WORK,PL_N13896815239
P04841,HOME,PL_W659454254
P04841,WORK,PL_W703946861
P04842,HOME,PL_W1204791484
P04842,WORK,PL_W27767636
P04842,CHILD_SCHOOL,PL_W29234699
P04843,HOME,PL_W31754570
P04843,WORK,PL_W31727498
P04843,CHILD_SCHOOL,PL_W704997229
P04844,HOME,PL_W662761229
P04844,WORK,PL_N6547808724
P04844,CHILD_SCHOOL,PL_W70509378
P04845,HOME,PL_W659830904
P04845,WORK,PL_N5440194021
P04845,CHILD_SCHOOL,PL_W122317772
P04846,HOME,PL_W705737451
P04846,WORK,PL_W33460946
P04846,CHILD_SCHOOL,PL_N2332638609
P04847,HOME,PL_W660586805
P04847,WORK,PL_N7564687075
P04848,HOME,PL_W170052638
P04848,WORK,PL_W143654375
P04849,HOME,PL_W705845664
P04849,WORK,PL_W62364917
P04850,HOME,PL_W704229389
P04850,WORK,PL_N7766306295
P04850,CHILD_SCHOOL,PL_N7659648005
P04851,HOME,PL_W706190954
P04851,WORK,PL_W450841059
P04852,HOME,PL_W31757829
P04852,WORK,PL_W661022272
P04853,HOME,PL_W704196075
P04853,WORK,PL_W659581422
P04853,CHILD_SCHOOL,PL_W41364187
P04854,HOME,PL_W34777543
P04854,WORK,PL_W241020327
P04855,HOME,PL_W1275522400
P04855,WORK,PL_W669725334
P04855,CHILD_SCHOOL,PL_W688267158
P04856,HOME,PL_W31373427
P04856,WORK,PL_W703255163
P04856,CHILD_SCHOOL,PL_W37404404
P04857,HOME,PL_W660078068
P04857,WORK,PL_N280889469
P04858,HOME,PL_W33636925
P04858,WORK,PL_N2159450932
P04858,CHILD_SCHOOL,PL_W41364189
P04859,HOME,PL_W704228133
P04859,WORK,PL_N11711812231
P04860,HOME,PL_W1253788629
P04860,WORK,PL_W55896876
P04861,HOME,PL_W705507605
P04861,UNIVERSITY,PL_W23447424
P04862,HOME,PL_W661841888
P04862,WORK,PL_N2346818597
P04863,HOME,PL_W31373086
P04863,WORK,PL_W67140585
P04864,HOME,PL_W33036595
P04864,WORK,PL_W239024445
P04865,HOME,PL_W705649172
P04865,WORK,PL_W531735882
P04865,CHILD_SCHOOL,PL_W35836166
P04866,HOME,PL_W1267010743
P04866,WORK,PL_N10932171756
P04866,CHILD_SCHOOL,PL_W121969533
P04867,HOME,PL_W57079616
P04867,WORK,PL_W179222094
P04868,HOME,PL_W706093841
P04868,WORK,PL_W25108216
P04869,HOME,PL_W661649502
P04869,WORK,PL_W105516602
P04869,CHILD_SCHOOL,PL_W705109213
P04870,HOME,PL_W705010191
P04870,WORK,PL_W796589700
P04870,CHILD_SCHOOL,PL_N7108092021
P04871,HOME,PL_W31616721
P04871,WORK,PL_W121946558
P04872,HOME,PL_W33564012
P04872,WORK,PL_W31620471
P04872,CHILD_SCHOOL,PL_W235324578
P04873,HOME,PL_W659455243
P04873,WORK,PL_N4922296511
P04874,HOME,PL_W659445113
P04874,WORK,PL_W56426668
P04874,CHILD_SCHOOL,PL_W186986129
P04875,HOME,PL_W662144586
P04875,WORK,PL_W122205423
P04876,HOME,PL_W704945366
P04876,WORK,PL_W35491449
P04876,CHILD_SCHOOL,PL_W705563029
P04877,HOME,PL_W659729317
P04877,WORK,PL_W103094574
P04878,HOME,PL_W32742170
P04878,WORK,PL_N6317422599
P04879,HOME,PL_W33036595
P04879,WORK,PL_N3648172016
P04880,HOME,PL_W705507609
P04880,WORK,PL_N11642440277
P04881,HOME,PL_W659446808
P04881,WORK,PL_W101919598
P04881,CHILD_SCHOOL,PL_W34617374
P04882,HOME,PL_W661821800
P04882,WORK,PL_W692017153
P04883,HOME,PL_W660586017
P04883,WORK,PL_W170490459
P04884,HOME,PL_W31754491
P04884,WORK,PL_N12697813980
P04885,HOME,PL_W660829965
P04885,WORK,PL_W195846408
P04886,HOME,PL_W706080726
P04886,WORK,PL_N3070145657
P04887,HOME,PL_W114706282
P04887,WORK,PL_N1355709826
P04887,CHILD_SCHOOL,PL_N8082789926
P04888,HOME,PL_W43805755
P04888,WORK,PL_W34516677
P04889,HOME,PL_W659247457
P04889,WORK,PL_W658472057
P04890,HOME,PL_W943421439
P04890,WORK,PL_W660836758
P04891,HOME,PL_W705529528
P04891,WORK,PL_W61843026
P04891,CHILD_SCHOOL,PL_W503478885
P04892,HOME,PL_W59434210
P04892,WORK,PL_W356780579
P04892,CHILD_SCHOOL,PL_W34777564
P04893,HOME,PL_W36791500
P04893,WORK,PL_W677206956
P04894,HOME,PL_W662774531
P04894,WORK,PL_W103618476
P04895,HOME,PL_W662388891
P04895,WORK,PL_W662388891
P04896,HOME,PL_W978051263
P04896,WORK,PL_W241020327
P04896,CHILD_SCHOOL,PL_W33396855
P04897,HOME,PL_W258558553
P04897,WORK,PL_N13028429348
P04897,CHILD_SCHOOL,PL_W224813127
P04898,HOME,PL_W662177029
P04898,WORK,PL_W662177029
P04898,CHILD_SCHOOL,PL_W37236885
P04899,HOME,PL_W31617605
P04899,WORK,PL_W255630384
P04899,CHILD_SCHOOL,PL_W703414557
P04900,HOME,PL_W41405415
P04900,WORK,PL_W89636166
P04901,HOME,PL_W705624359
P04901,UNIVERSITY,PL_W23447514
P04902,HOME,PL_W660178818
P04902,WORK,PL_W56010249
P04902,CHILD_SCHOOL,PL_W43613879
P04903,HOME,PL_W659732577
P04903,WORK,PL_W704230291
P04904,HOME,PL_W170052635
P04904,WORK,PL_W661898672
P04905,HOME,PL_W33036600
P04905,WORK,PL_W677205531
P04906,HOME,PL_W31617620
P04906,WORK,PL_N6528691664
P04907,HOME,PL_W661919961
P04907,WORK,PL_W31451792
P04908,HOME,PL_W659452035
P04908,WORK,PL_W285344255
P04908,CHILD_SCHOOL,PL_W29196647
P04909,HOME,PL_W506136037
P04909,WORK,PL_W43417475
P04910,HOME,PL_W661275481
P04910,WORK,PL_N11979553561
P04911,HOME,PL_W662762430
P04911,WORK,PL_W34320502
P04911,CHILD_SCHOOL,PL_W41841656
P04912,HOME,PL_W659831173
P04912,WORK,PL_N6575116521
P04913,HOME,PL_W706080743
P04913,WORK,PL_W804360780
P04914,HOME,PL_W705132829
P04914,WORK,PL_N6543870201
P04914,CHILD_SCHOOL,PL_W43613879
P04915,HOME,PL_W31373083
P04915,WORK,PL_W143672144
P04916,HOME,PL_W863282987
P04916,WORK,PL_W180167447
P04917,HOME,PL_W661648626
P04917,WORK,PL_W659572853
P04917,CHILD_SCHOOL,PL_W225936203
P04918,HOME,PL_W662177604
P04918,WORK,PL_W43805112
P04918,CHILD_SCHOOL,PL_W37404404
P04919,HOME,PL_W705845652
P04919,WORK,PL_W662257868
P04920,HOME,PL_W706093827
P04920,WORK,PL_W796687026
P04921,HOME,PL_W659244594
P04921,WORK,PL_W663829641
P04922,HOME,PL_W31754568
P04922,WORK,PL_N5721156024
P04922,CHILD_SCHOOL,PL_W57052280
P04923,HOME,PL_W661049913
P04923,WORK,PL_N3728548511
P04924,HOME,PL_W924866605
P04924,WORK,PL_W661896793
P04924,CHILD_SCHOOL,PL_W143657503
P04925,HOME,PL_W31754694
P04925,WORK,PL_W44076452
P04925,CHILD_SCHOOL,PL_W73323696
P04926,HOME,PL_W31451094
P04926,WORK,PL_W58869394
P04927,HOME,PL_W62354003
P04927,UNIVERSITY,PL_W61759776
P04928,HOME,PL_W32455659
P04928,WORK,PL_N7751985864
P04929,HOME,PL_W661777187
P04929,WORK,PL_N13670573940
P04930,HOME,PL_W705170960
P04930,UNIVERSITY,PL_W61759776
P04931,HOME,PL_W32122686
P04931,WORK,PL_W57053335
P04931,CHILD_SCHOOL,PL_W35800153
P04932,HOME,PL_W658974037
P04932,WORK,PL_N7325964479
P04932,CHILD_SCHOOL,PL_W224816805
P04933,HOME,PL_W43804992
P04933,WORK,PL_W796562724
P04933,CHILD_SCHOOL,PL_W167534168
P04934,HOME,PL_W33036598
P04934,WORK,PL_W663315274
P04935,HOME,PL_W662095589
P04935,WORK,PL_W34749730
P04936,HOME,PL_W702142763
P04936,WORK,PL_W31963779
P04936,CHILD_SCHOOL,PL_W42525407
P04937,HOME,PL_W659341285
P04937,WORK,PL_W56426670
P04938,HOME,PL_W659449171
P04938,WORK,PL_N13628577394
P04938,CHILD_SCHOOL,PL_W688047029
P04939,HOME,PL_W31373428
P04939,WORK,PL_W31373428
P04940,HOME,PL_W660806679
P04940,WORK,PL_N5735282821
P04941,HOME,PL_W659334227
P04941,WORK,PL_N6542536256
P04941,CHILD_SCHOOL,PL_N2356774165
P04942,HOME,PL_W705115244
P04942,WORK,PL_W32556090
P04943,HOME,PL_W659445420
P04943,WORK,PL_W663315400
P04943,CHILD_SCHOOL,PL_W163042361
P04944,HOME,PL_W1204906936
P04944,WORK,PL_N3403172035
P04944,CHILD_SCHOOL,PL_W163042361
P04945,HOME,PL_W31617603
P04945,WORK,PL_N6334392494
P04946,HOME,PL_W659732740
P04946,WORK,PL_W161836042
P04946,CHILD_SCHOOL,PL_W56127102
P04947,HOME,PL_W705222382
P04947,WORK,PL_W659974224
P04948,HOME,PL_W1163968780
P04948,WORK,PL_W367536575
P04949,HOME,PL_W31451021
P04949,WORK,PL_W659534401
P04950,HOME,PL_W661823459
P04950,WORK,PL_W797142450
P04950,CHILD_SCHOOL,PL_W29234699
P04951,HOME,PL_W705507591
P04951,WORK,PL_N6175713509
P04951,CHILD_SCHOOL,PL_W148163965
P04952,HOME,PL_W33542527
P04952,WORK,PL_W31363799
P04953,HOME,PL_W661956514
P04953,UNIVERSITY,PL_W1431713652
P04954,HOME,PL_W42472532
P04954,WORK,PL_W13405217
P04955,HOME,PL_W659448597
P04955,WORK,PL_W55029513
P04956,HOME,PL_W42472532
P04956,WORK,PL_W27778414
P04957,HOME,PL_W659455112
P04957,WORK,PL_W215499749
P04957,CHILD_SCHOOL,PL_W688267158
P04958,HOME,PL_W660178826
P04958,UNIVERSITY,PL_N7781377932
P04959,HOME,PL_W1270197227
P04959,WORK,PL_W56238543
P04960,HOME,PL_W144500767
P04960,WORK,PL_N6584574276
P04960,CHILD_SCHOOL,PL_W35836168
P04961,HOME,PL_W43806332
P04961,WORK,PL_W659587770
P04962,HOME,PL_W1204795433
P04962,WORK,PL_W61842991
P04963,HOME,PL_W659453717
P04963,WORK,PL_W705010190
P04964,HOME,PL_W706078549
P04964,WORK,PL_W537868893
P04965,HOME,PL_W659451748
P04965,WORK,PL_N6548329622
P04966,HOME,PL_W705218726
P04966,WORK,PL_W1098900364
P04967,HOME,PL_W662388565
P04967,WORK,PL_W31926854
P04967,CHILD_SCHOOL,PL_W703400000
P04968,HOME,PL_W41405418
P04968,WORK,PL_N6138154559
P04969,HOME,PL_W661957581
P04969,WORK,PL_N5368912118
P04970,HOME,PL_W43250787
P04970,WORK,PL_W705015582
P04971,HOME,PL_W659448496
P04971,WORK,PL_W134179852
P04971,CHILD_SCHOOL,PL_W34617374
P04972,HOME,PL_W661206757
P04972,WORK,PL_W34614474
P04972,CHILD_SCHOOL,PL_W703420516
P04973,HOME,PL_W220396450
P04973,WORK,PL_W661045013
P04974,HOME,PL_W704288166
P04974,WORK,PL_W80378497
P04974,CHILD_SCHOOL,PL_W37409510
P04975,HOME,PL_W661075710
P04975,WORK,PL_W34749650
P04976,HOME,PL_W661822188
P04976,WORK,PL_W943701267
P04977,HOME,PL_W660806679
P04977,WORK,PL_W79659939
P04978,HOME,PL_W659445311
P04978,WORK,PL_W660367473
P04978,CHILD_SCHOOL,PL_W54223625
P04979,HOME,PL_W661045356
P04979,WORK,PL_W659588023
P04979,CHILD_SCHOOL,PL_W37409510
P04980,HOME,PL_W702169769
P04980,WORK,PL_N582749841
P04980,CHILD_SCHOOL,PL_W36817966
P04981,HOME,PL_W659546930
P04981,WORK,PL_W659617376
P04982,HOME,PL_W924866605
P04982,WORK,PL_N1114129259
P04982,CHILD_SCHOOL,PL_W179180309
P04983,HOME,PL_W41405419
P04983,WORK,PL_W62058559
P04983,CHILD_SCHOOL,PL_W224136220
P04984,HOME,PL_W661274535
P04984,WORK,PL_N8828553603
P04984,CHILD_SCHOOL,PL_W224816805
P04985,HOME,PL_W661777926
P04985,WORK,PL_W273616578
P04986,HOME,PL_W660078611
P04986,WORK,PL_N11007364506
P04986,CHILD_SCHOOL,PL_W36543326
P04987,HOME,PL_W662448623
P04987,WORK,PL_W1173242674
P04988,HOME,PL_W706080743
P04988,UNIVERSITY,PL_N13951193852
P04989,HOME,PL_W31560364
P04989,WORK,PL_N11054974009
P04989,CHILD_SCHOOL,PL_N13625213585
P04990,HOME,PL_W704945365
P04990,WORK,PL_W796686995
P04990,CHILD_SCHOOL,PL_W71410512
P04991,HOME,PL_W661275365
P04991,WORK,PL_W31363304
P04991,CHILD_SCHOOL,PL_W65239313
P04992,HOME,PL_W61955727
P04992,WORK,PL_W676415515
P04993,HOME,PL_W32455674
P04993,WORK,PL_N4047007530
P04993,CHILD_SCHOOL,PL_W224159663
P04994,HOME,PL_W662775236
P04994,WORK,PL_W34582301
P04994,CHILD_SCHOOL,PL_W43327805
P04995,HOME,PL_W704729316
P04995,WORK,PL_W437691410
P04995,CHILD_SCHOOL,PL_N3946854994
P04996,HOME,PL_W660078497
P04996,WORK,PL_W658233525
P04997,HOME,PL_W661957683
P04997,WORK,PL_W661957683
P04997,CHILD_SCHOOL,PL_N7108065615
P04998,HOME,PL_W41405377
P04998,WORK,PL_N10780162890
P04999,HOME,PL_W704995219
P04999,WORK,PL_W700221889
P04999,CHILD_SCHOOL,PL_W36747096
P05000,HOME,PL_W660584894
P05000,UNIVERSITY,PL_N12770899929
P05001,HOME,PL_W1163968779
P05001,WORK,PL_W80378497
P05001,CHILD_SCHOOL,PL_N10649797327
P05002,HOME,PL_W662175307
P05002,WORK,PL_W672780981
P05003,HOME,PL_W705218738
P05003,WORK,PL_W505879525
P05004,HOME,PL_W660569766
P05004,WORK,PL_W659427257
P05005,HOME,PL_W705011690
P05005,WORK,PL_W659549074
P05005,CHILD_SCHOOL,PL_N2613021303
P05006,HOME,PL_W427224028
P05006,WORK,PL_W67133952
P05007,HOME,PL_W659451663
P05007,WORK,PL_N10608697442
P05008,HOME,PL_W659453781
P05008,WORK,PL_N6551656546
P05009,HOME,PL_W659548749
P05009,WORK,PL_W702554499
P05010,HOME,PL_W661919526
P05010,WORK,PL_N3494914034
P05010,CHILD_SCHOOL,PL_W36543496
P05011,HOME,PL_W705649186
P05011,WORK,PL_N2298309446
P05011,CHILD_SCHOOL,PL_W224818044
P05012,HOME,PL_W31757792
P05012,WORK,PL_W33849166
P05012,CHILD_SCHOOL,PL_W28273222
P05013,HOME,PL_W1075561267
P05013,WORK,PL_W805392726
P05013,CHILD_SCHOOL,PL_W705565520
P05014,HOME,PL_W56051936
P05014,WORK,PL_W60185759
P05015,HOME,PL_W702142776
P05015,WORK,PL_W657979493
P05016,HOME,PL_W661331379
P05016,WORK,PL_W659129672
P05017,HOME,PL_W659731754
P05017,WORK,PL_N11084666292
P05018,HOME,PL_W662176205
P05018,WORK,PL_N7559857499
P05018,CHILD_SCHOOL,PL_W704997229
P05019,HOME,PL_W31756387
P05019,WORK,PL_W674573766
P05020,HOME,PL_W31560365
P05020,WORK,PL_N382893466
P05021,HOME,PL_W660601361
P05021,UNIVERSITY,PL_N10977886210
P05022,HOME,PL_W730690168
P05022,WORK,PL_W730690168
P05023,HOME,PL_W705222393
P05023,WORK,PL_W687674967
P05024,HOME,PL_W659838641
P05024,WORK,PL_W675314654
P05024,CHILD_SCHOOL,PL_W35836503
P05025,HOME,PL_W31756382
P05025,UNIVERSITY,PL_N13704267913
P05026,HOME,PL_W661207227
P05026,WORK,PL_W678437141
P05027,HOME,PL_W33564012
P05027,WORK,PL_N14067216775
P05027,CHILD_SCHOOL,PL_W369392223
P05028,HOME,PL_W42472531
P05028,WORK,PL_W1417411887
P05028,CHILD_SCHOOL,PL_W37404404
P05029,HOME,PL_W660839650
P05029,WORK,PL_N12534456602
P05030,HOME,PL_W705010196
P05030,WORK,PL_N6584471072
P05030,CHILD_SCHOOL,PL_W33543511
P05031,HOME,PL_W31560365
P05031,UNIVERSITY,PL_N401521720
P05032,HOME,PL_W31754491
P05032,WORK,PL_W258236803
P05032,CHILD_SCHOOL,PL_N5220318996
P05033,HOME,PL_W42472528
P05033,WORK,PL_W106971408
P05034,HOME,PL_W662785242
P05034,WORK,PL_W657979227
P05035,HOME,PL_W661049638
P05035,WORK,PL_N12821351987
P05035,CHILD_SCHOOL,PL_W87327545
P05036,HOME,PL_W170051472
P05036,WORK,PL_W31619933
P05036,CHILD_SCHOOL,PL_W703420515
P05037,HOME,PL_W31619298
P05037,WORK,PL_W661810016
P05038,HOME,PL_W702587015
P05038,WORK,PL_W361650356
P05039,HOME,PL_W572761847
P05039,WORK,PL_W55213081
P05039,CHILD_SCHOOL,PL_W41841713
P05040,HOME,PL_W660568830
P05040,WORK,PL_N5441763277
P05041,HOME,PL_W43805755
P05041,WORK,PL_W1418991792
P05041,CHILD_SCHOOL,PL_W35798787
P05042,HOME,PL_W705624359
P05042,WORK,PL_N6318936252
P05043,HOME,PL_W659547354
P05043,WORK,PL_N3306925644
P05043,CHILD_SCHOOL,PL_W226096987
P05044,HOME,PL_W967290533
P05044,WORK,PL_W43125814
P05044,CHILD_SCHOOL,PL_W163146271
P05045,HOME,PL_W31754597
P05045,WORK,PL_W32919055
P05046,HOME,PL_W705624356
P05046,WORK,PL_W56012911
P05047,HOME,PL_W661957657
P05047,WORK,PL_N12980687484
P05048,HOME,PL_W705737455
P05048,WORK,PL_N2887835265
P05049,HOME,PL_W129725313
P05049,WORK,PL_W657697672
P05050,HOME,PL_W660838863
P05050,WORK,PL_N579093049
P05051,HOME,PL_W704993429
P05051,WORK,PL_W495300892
P05051,CHILD_SCHOOL,PL_W35836083
P05052,HOME,PL_W661075089
P05052,WORK,PL_W27767642
P05053,HOME,PL_W661841621
P05053,WORK,PL_W33561118
P05054,HOME,PL_W661636563
P05054,WORK,PL_W943602453
P05054,CHILD_SCHOOL,PL_W33396813
P05055,HOME,PL_W661050368
P05055,WORK,PL_W34614474
P05056,HOME,PL_W41405377
P05056,WORK,PL_W1034600126
P05057,HOME,PL_W143654373
P05057,WORK,PL_W661330239
P05057,CHILD_SCHOOL,PL_W34617361
P05058,HOME,PL_W656562039
P05058,UNIVERSITY,PL_W23334883
P05059,HOME,PL_W660820566
P05059,UNIVERSITY,PL_W703666033
P05060,HOME,PL_W32820133
P05060,WORK,PL_W663826544
P05060,CHILD_SCHOOL,PL_W42525407
P05061,HOME,PL_W661276185
P05061,WORK,PL_W805395284
P05062,HOME,PL_W661637098
P05062,WORK,PL_W35674382
P05062,CHILD_SCHOOL,PL_W36543496
P05063,HOME,PL_W31616572
P05063,WORK,PL_W33561682
P05064,HOME,PL_W660600704
P05064,WORK,PL_W659427966
P05065,HOME,PL_W36888109
P05065,WORK,PL_W36888109
P05065,CHILD_SCHOOL,PL_W35798787
P05066,HOME,PL_W661824902
P05066,WORK,PL_W34546354
P05067,HOME,PL_W33542527
P05067,WORK,PL_N6456644691
P05067,CHILD_SCHOOL,PL_W42525283
P05068,HOME,PL_W658974530
P05068,WORK,PL_W215499749
P05068,CHILD_SCHOOL,PL_W43327805
P05069,HOME,PL_W31617610
P05069,WORK,PL_W31617610
P05070,HOME,PL_W660568195
P05070,WORK,PL_W31451793
P05071,HOME,PL_W661957308
P05071,UNIVERSITY,PL_N8832604496
P05071,CHILD_SCHOOL,PL_W220920995
P05072,HOME,PL_W656561687
P05072,WORK,PL_W656561687
P05073,HOME,PL_W705563017
P05073,WORK,PL_N14104254508
P05073,CHILD_SCHOOL,PL_W41363541
P05074,HOME,PL_W660602060
P05074,UNIVERSITY,PL_N13932534615
P05075,HOME,PL_W706093837
P05075,WORK,PL_W31623120
P05076,HOME,PL_W662762237
P05076,WORK,PL_W662762237
P05077,HOME,PL_W660831611
P05077,WORK,PL_N13717296582
P05078,HOME,PL_W1203384555
P05078,UNIVERSITY,PL_W23447424
P05079,HOME,PL_W659244890
P05079,WORK,PL_W671872810
P05080,HOME,PL_W705507599
P05080,WORK,PL_W140486338
P05081,HOME,PL_W660866850
P05081,WORK,PL_W660866850
P05081,CHILD_SCHOOL,PL_W195493031
P05082,HOME,PL_W31756293
P05082,UNIVERSITY,PL_W686503820
P05083,HOME,PL_W33653601
P05083,UNIVERSITY,PL_N547498239
P05084,HOME,PL_W705125021
P05084,WORK,PL_W661291871
P05084,CHILD_SCHOOL,PL_W34228913
P05085,HOME,PL_W704993428
P05085,WORK,PL_N13890093467
P05085,CHILD_SCHOOL,PL_W282961787
P05086,HOME,PL_W1245802033
P05086,WORK,PL_W662441651
P05087,HOME,PL_W661049565
P05087,WORK,PL_W58851585
P05088,HOME,PL_W34777540
P05088,WORK,PL_W673263912
P05088,CHILD_SCHOOL,PL_W35836168
P05089,HOME,PL_W170052638
P05089,WORK,PL_N6365517895
P05089,CHILD_SCHOOL,PL_W235324578
P05090,HOME,PL_W170055114
P05090,WORK,PL_W61430204
P05090,CHILD_SCHOOL,PL_W30966656
P05091,HOME,PL_W659839579
P05091,WORK,PL_W797163024
P05091,CHILD_SCHOOL,PL_N8082789926
P05092,HOME,PL_W31617609
P05092,WORK,PL_N6989742135
P05093,HOME,PL_W661049291
P05093,UNIVERSITY,PL_W220190025
P05094,HOME,PL_W704196073
P05094,WORK,PL_W62363961
P05094,CHILD_SCHOOL,PL_W35798652
P05095,HOME,PL_W226011617
P05095,WORK,PL_W24985307
P05095,CHILD_SCHOOL,PL_W224674925
P05096,HOME,PL_W702587016
P05096,WORK,PL_W43806216
P05096,CHILD_SCHOOL,PL_W31756363
P05097,HOME,PL_W42472532
P05097,WORK,PL_W331900529
P05097,CHILD_SCHOOL,PL_W705563029
P05098,HOME,PL_W41405378
P05098,WORK,PL_N6551695036
P05098,CHILD_SCHOOL,PL_W224442754
P05099,HOME,PL_W704228127
P05099,WORK,PL_W1322643298
P05099,CHILD_SCHOOL,PL_W29196647
P05100,HOME,PL_W705011695
P05100,WORK,PL_W659588101
P05100,CHILD_SCHOOL,PL_W34617361
P05101,HOME,PL_W661567001
P05101,WORK,PL_W676042524
P05102,HOME,PL_W661204316
P05102,WORK,PL_W300884213
P05102,CHILD_SCHOOL,PL_W285896860
P05103,HOME,PL_W659838952
P05103,WORK,PL_W34571353
P05103,CHILD_SCHOOL,PL_N7108092021
P05104,HOME,PL_W114706282
P05104,WORK,PL_N6226609525
P05105,HOME,PL_W659453907
P05105,WORK,PL_W31620092
P05106,HOME,PL_W661921399
P05106,WORK,PL_W661950783
P05107,HOME,PL_W661050339
P05107,WORK,PL_W34582435
P05108,HOME,PL_W226958989
P05108,WORK,PL_N2135535932
P05108,CHILD_SCHOOL,PL_W50977417
P05109,HOME,PL_W659731884
P05109,WORK,PL_N4440600891
P05110,HOME,PL_W31619128
P05110,WORK,PL_W150506087
P05110,CHILD_SCHOOL,PL_W703423112
P05111,HOME,PL_W662761050
P05111,WORK,PL_W93810036
P05112,HOME,PL_W1204537198
P05112,WORK,PL_N436015841
P05112,CHILD_SCHOOL,PL_W36543320
P05113,HOME,PL_W51348275
P05113,WORK,PL_W658468178
P05113,CHILD_SCHOOL,PL_W34228912
P05114,HOME,PL_W33542534
P05114,WORK,PL_W43806498
P05115,HOME,PL_W662144157
P05115,WORK,PL_W367536575
P05116,HOME,PL_W704292287
P05116,WORK,PL_W1113530348
P05116,CHILD_SCHOOL,PL_W34617346
P05117,HOME,PL_W705624356
P05117,WORK,PL_W56063005
P05118,HOME,PL_W462227437
P05118,WORK,PL_W659459829
P05118,CHILD_SCHOOL,PL_W25366282
P05119,HOME,PL_W706093829
P05119,WORK,PL_N12629107750
P05120,HOME,PL_W662174818
P05120,WORK,PL_N6423814889
P05120,CHILD_SCHOOL,PL_W42709352
P05121,HOME,PL_W1163968780
P05121,WORK,PL_N2948611757
P05121,CHILD_SCHOOL,PL_W41363541
P05122,HOME,PL_W31754696
P05122,WORK,PL_W61760382
P05122,CHILD_SCHOOL,PL_W224442293
P05123,HOME,PL_W659549350
P05123,WORK,PL_N13230632178
P05124,HOME,PL_W31617621
P05124,WORK,PL_W796681470
P05125,HOME,PL_W659446413
P05125,WORK,PL_W703929742
P05126,HOME,PL_W660568419
P05126,WORK,PL_W182946160
P05126,CHILD_SCHOOL,PL_W36543496
P05127,HOME,PL_W702587022
P05127,WORK,PL_W327351187
P05128,HOME,PL_W659840422
P05128,WORK,PL_N11114385732
P05129,HOME,PL_W659831209
P05129,WORK,PL_W659831209
P05130,HOME,PL_W661076379
P05130,WORK,PL_W663828899
P05131,HOME,PL_W36791714
P05131,WORK,PL_N13025831405
P05132,HOME,PL_W31619119
P05132,UNIVERSITY,PL_N13704267913
P05133,HOME,PL_W659451652
P05133,UNIVERSITY,PL_N13670266862
P05134,HOME,PL_W704229394
P05134,WORK,PL_W41950525
P05135,HOME,PL_W31619128
P05135,WORK,PL_N5717888821
P05135,CHILD_SCHOOL,PL_N7797334713
P05136,HOME,PL_W705507593
P05136,WORK,PL_W58673666
P05137,HOME,PL_W31373087
P05137,UNIVERSITY,PL_W23447424
P05138,HOME,PL_W705132823
P05138,WORK,PL_N13263120467
P05139,HOME,PL_W37195177
P05139,WORK,PL_N8141962703
P05139,CHILD_SCHOOL,PL_N2336690053
P05140,HOME,PL_W705737457
P05140,WORK,PL_W67133952
P05141,HOME,PL_W660837831
P05141,WORK,PL_N383486484
P05141,CHILD_SCHOOL,PL_W35836139
P05142,HOME,PL_W31617616
P05142,WORK,PL_N3844062149
P05142,CHILD_SCHOOL,PL_W36747098
P05143,HOME,PL_W1275522390
P05143,WORK,PL_W1275522390
P05143,CHILD_SCHOOL,PL_W163146271
P05144,HOME,PL_W334725258
P05144,WORK,PL_W334725258
P05145,HOME,PL_W55200610
P05145,WORK,PL_W662097160
P05145,CHILD_SCHOOL,PL_W36747096
P05146,HOME,PL_W31617617
P05146,WORK,PL_W34545829
P05146,CHILD_SCHOOL,PL_W36747401
P05147,HOME,PL_W659446695
P05147,WORK,PL_W331879920
P05148,HOME,PL_W702169124
P05148,WORK,PL_W702169124
P05149,HOME,PL_W661650562
P05149,WORK,PL_W1145124255
P05150,HOME,PL_W662144907
P05150,UNIVERSITY,PL_W815475387
P05151,HOME,PL_W34229575
P05151,WORK,PL_W795967104
P05152,HOME,PL_W661637100
P05152,WORK,PL_N2480713505
P05152,CHILD_SCHOOL,PL_N13625213585
P05153,HOME,PL_W170055114
P05153,UNIVERSITY,PL_N11091336111
P05153,CHILD_SCHOOL,PL_W42525283
P05154,HOME,PL_W36791714
P05154,WORK,PL_W367536575
P05155,HOME,PL_W704946498
P05155,UNIVERSITY,PL_W702100748
P05156,HOME,PL_W35836410
P05156,WORK,PL_W34587720
P05156,CHILD_SCHOOL,PL_W42149102
P05157,HOME,PL_W444619168
P05157,WORK,PL_W107636650
P05157,CHILD_SCHOOL,PL_W35798775
P05158,HOME,PL_W706192716
P05158,WORK,PL_W115626110
P05158,CHILD_SCHOOL,PL_W170266806
P05159,HOME,PL_W659729494
P05159,UNIVERSITY,PL_N6848957015
P05160,HOME,PL_W531106851
P05160,WORK,PL_W370371691
P05161,HOME,PL_W770873613
P05161,WORK,PL_W770873613
P05162,HOME,PL_W33036595
P05162,UNIVERSITY,PL_W23447393
P05163,HOME,PL_W705565539
P05163,UNIVERSITY,PL_W61759776
P05164,HOME,PL_W702557441
P05164,WORK,PL_W58647117
P05164,CHILD_SCHOOL,PL_W121969533
P05165,HOME,PL_W31757883
P05165,WORK,PL_N7759217331
P05166,HOME,PL_W705529513
P05166,WORK,PL_N10647678192
P05166,CHILD_SCHOOL,PL_W34617709
P05167,HOME,PL_W36791492
P05167,WORK,PL_N5264995539
P05167,CHILD_SCHOOL,PL_W36787819
P05168,HOME,PL_W705121018
P05168,WORK,PL_N5039209324
P05168,CHILD_SCHOOL,PL_W36880102
P05169,HOME,PL_W661841996
P05169,WORK,PL_W141693739
P05170,HOME,PL_W32820129
P05170,WORK,PL_W43804623
P05171,HOME,PL_W31757276
P05171,WORK,PL_W31757276
P05172,HOME,PL_W166540890
P05172,WORK,PL_N1995539438
P05173,HOME,PL_W705519668
P05173,WORK,PL_W56058443
P05174,HOME,PL_W659250193
P05174,WORK,PL_N6341397550
P05175,HOME,PL_W660837962
P05175,WORK,PL_W56758193
P05175,CHILD_SCHOOL,PL_W180044576
P05176,HOME,PL_W770873613
P05176,WORK,PL_W671872810
P05177,HOME,PL_W170052744
P05177,WORK,PL_W78252696
P05178,HOME,PL_W41405393
P05178,WORK,PL_N368385300
P05179,HOME,PL_W33564011
P05179,WORK,PL_N8893474289
P05180,HOME,PL_W31756312
P05180,WORK,PL_N800026682
P05181,HOME,PL_W42472528
P05181,WORK,PL_W669719190
P05182,HOME,PL_W170052633
P05182,WORK,PL_N803225024
P05183,HOME,PL_W660820668
P05183,WORK,PL_N1355687538
P05184,HOME,PL_W34777544
P05184,WORK,PL_W55218273
P05184,CHILD_SCHOOL,PL_W42525407
P05185,HOME,PL_W31616572
P05185,WORK,PL_N5427185921
P05185,CHILD_SCHOOL,PL_W125776367
P05186,HOME,PL_W43811014
P05186,WORK,PL_W659628139
P05187,HOME,PL_W660633312
P05187,WORK,PL_W1231738956
P05187,CHILD_SCHOOL,PL_N7751979185
P05188,HOME,PL_W661206905
P05188,WORK,PL_W362807120
P05189,HOME,PL_W659445758
P05189,WORK,PL_N13525255463
P05190,HOME,PL_W31617621
P05190,WORK,PL_W239024445
P05190,CHILD_SCHOOL,PL_W36331867
P05191,HOME,PL_W661207277
P05191,WORK,PL_W114206168
P05191,CHILD_SCHOOL,PL_W35797979
P05192,HOME,PL_W706078563
P05192,WORK,PL_W31363802
P05193,HOME,PL_W660585367
P05193,UNIVERSITY,PL_N12091108919
P05194,HOME,PL_W661842155
P05194,WORK,PL_W661842155
P05194,CHILD_SCHOOL,PL_W171056869
P05195,HOME,PL_W660586115
P05195,WORK,PL_W413215488
P05196,HOME,PL_W281846906
P05196,WORK,PL_W662259207
P05196,CHILD_SCHOOL,PL_W224442293
P05197,HOME,PL_W705624352
P05197,WORK,PL_W661065753
P05198,HOME,PL_W705010182
P05198,WORK,PL_W331879913
P05199,HOME,PL_W33036597
P05199,WORK,PL_N6589646933
P05200,HOME,PL_W705624359
P05200,WORK,PL_W658949856
P05201,HOME,PL_W31756382
P05201,WORK,PL_W333081803
P05202,HOME,PL_W705845659
P05202,WORK,PL_W34585572
P05202,CHILD_SCHOOL,PL_W37783057
P05203,HOME,PL_W31622243
P05203,WORK,PL_W804360622
P05204,HOME,PL_W659453190
P05204,WORK,PL_W1442920640
P05205,HOME,PL_W31754538
P05205,UNIVERSITY,PL_W23447424
P05205,CHILD_SCHOOL,PL_W35800153
P05206,HOME,PL_W705132826
P05206,WORK,PL_N7553599296
P05207,HOME,PL_W1210593227
P05207,WORK,PL_W663827189
P05207,CHILD_SCHOOL,PL_W705565520
P05208,HOME,PL_W661565995
P05208,WORK,PL_N9821230853
P05209,HOME,PL_W43805755
P05209,WORK,PL_W33746340
P05210,HOME,PL_W661649509
P05210,WORK,PL_W659130100
P05211,HOME,PL_W704292287
P05211,WORK,PL_W34587722
P05211,CHILD_SCHOOL,PL_W34617374
P05212,HOME,PL_W170055112
P05212,WORK,PL_W1551442415
P05212,CHILD_SCHOOL,PL_W35798021
P05213,HOME,PL_W659732017
P05213,UNIVERSITY,PL_N11711556182
P05214,HOME,PL_W384213231
P05214,WORK,PL_N4273771890
P05215,HOME,PL_W978051260
P05215,WORK,PL_N8592949206
P05216,HOME,PL_W659733754
P05216,WORK,PL_W660831118
P05217,HOME,PL_W661075927
P05217,WORK,PL_W661270707
P05218,HOME,PL_W706190952
P05218,WORK,PL_W706190952
P05218,CHILD_SCHOOL,PL_W121969533
P05219,HOME,PL_W1382850393
P05219,WORK,PL_W691996415
P05220,HOME,PL_W32455673
P05220,WORK,PL_W659239683
P05221,HOME,PL_W659340462
P05221,WORK,PL_N544651067
P05221,CHILD_SCHOOL,PL_W122301356
P05222,HOME,PL_W531098554
P05222,WORK,PL_N11415784175
P05223,HOME,PL_W31373095
P05223,WORK,PL_W42472536
P05223,CHILD_SCHOOL,PL_W703414557
P05224,HOME,PL_W1426163152
P05224,WORK,PL_W676111885
P05225,HOME,PL_W31757862
P05225,WORK,PL_W419912448
P05225,CHILD_SCHOOL,PL_W37236885
P05226,HOME,PL_W31451095
P05226,WORK,PL_W229563603
P05226,CHILD_SCHOOL,PL_W703414558
P05227,HOME,PL_W32455671
P05227,WORK,PL_W150494721
P05228,HOME,PL_W705218759
P05228,WORK,PL_N13294458788
P05228,CHILD_SCHOOL,PL_W34777564
P05229,HOME,PL_W659448293
P05229,WORK,PL_N6363176124
P05229,CHILD_SCHOOL,PL_W25288139
P05230,HOME,PL_W659547339
P05230,WORK,PL_N13753659587
P05230,CHILD_SCHOOL,PL_W171477271
P05231,HOME,PL_W114706475
P05231,WORK,PL_W680641502
P05231,CHILD_SCHOOL,PL_W59584330
P05232,HOME,PL_W31754596
P05232,WORK,PL_W663315259
P05232,CHILD_SCHOOL,PL_N8082789926
P05233,HOME,PL_W36888102
P05233,WORK,PL_W669719178
P05234,HOME,PL_W659546987
P05234,WORK,PL_W34749848
P05234,CHILD_SCHOOL,PL_W186575947
P05235,HOME,PL_W31617618
P05235,WORK,PL_W1418991792
P05236,HOME,PL_W660837830
P05236,WORK,PL_W32610189
P05236,CHILD_SCHOOL,PL_W503478885
P05237,HOME,PL_W166540890
P05237,WORK,PL_W133670940
P05237,CHILD_SCHOOL,PL_W1012817120
P05238,HOME,PL_W334729121
P05238,WORK,PL_N1735459985
P05239,HOME,PL_W31373089
P05239,WORK,PL_W122204658
P05239,CHILD_SCHOOL,PL_W42709352
P05240,HOME,PL_W704229394
P05240,WORK,PL_N2369203422
P05240,CHILD_SCHOOL,PL_W705109213
P05241,HOME,PL_W704292294
P05241,UNIVERSITY,PL_N12091108919
P05242,HOME,PL_W659447023
P05242,WORK,PL_N6663083623
P05243,HOME,PL_W704232379
P05243,WORK,PL_W32805001
P05244,HOME,PL_W705222378
P05244,WORK,PL_N2810401045
P05244,CHILD_SCHOOL,PL_W35800153
P05245,HOME,PL_W770873614
P05245,WORK,PL_W32542296
P05246,HOME,PL_W662390737
P05246,WORK,PL_W288106846
P05247,HOME,PL_W1334905980
P05247,WORK,PL_W1334905980
P05247,CHILD_SCHOOL,PL_W36880101
P05248,HOME,PL_W31373437
P05248,WORK,PL_W662755434
P05249,HOME,PL_W659733044
P05249,WORK,PL_W101919598
P05249,CHILD_SCHOOL,PL_W235324578
P05250,HOME,PL_W705011690
P05250,WORK,PL_W56868353
P05250,CHILD_SCHOOL,PL_W688269003
P05251,HOME,PL_W659453082
P05251,WORK,PL_W669794328
P05252,HOME,PL_W978051259
P05252,WORK,PL_W44076453
P05253,HOME,PL_W41405389
P05253,WORK,PL_W678505480
P05253,CHILD_SCHOOL,PL_W282961787
P05254,HOME,PL_W662776341
P05254,WORK,PL_W450839656
P05255,HOME,PL_W702169121
P05255,WORK,PL_W33296649
P05256,HOME,PL_W705565537
P05256,WORK,PL_W76561872
P05256,CHILD_SCHOOL,PL_W121969533
P05257,HOME,PL_W661074605
P05257,WORK,PL_N6483208747
P05258,HOME,PL_W705881544
P05258,WORK,PL_N6383661548
P05259,HOME,PL_W662775283
P05259,UNIVERSITY,PL_N10977886210
P05260,HOME,PL_W660820378
P05260,WORK,PL_N6548329638
P05261,HOME,PL_W659446710
P05261,WORK,PL_W61011666
P05261,CHILD_SCHOOL,PL_W161236234
P05262,HOME,PL_W661206282
P05262,WORK,PL_W79659931
P05263,HOME,PL_W705507593
P05263,WORK,PL_W43804551
P05263,CHILD_SCHOOL,PL_W224897072
P05264,HOME,PL_W662710522
P05264,WORK,PL_W93811245
P05264,CHILD_SCHOOL,PL_W35798778
P05265,HOME,PL_W36888102
P05265,WORK,PL_W61430204
P05266,HOME,PL_W31373435
P05266,WORK,PL_W35893795
P05267,HOME,PL_W698803577
P05267,WORK,PL_N9620657140
P05267,CHILD_SCHOOL,PL_W179180309
P05268,HOME,PL_W662388558
P05268,WORK,PL_N5986863969
P05268,CHILD_SCHOOL,PL_W35836168
P05269,HOME,PL_W659732899
P05269,WORK,PL_N13040383430
P05270,HOME,PL_W659445059
P05270,WORK,PL_N11275718891
P05271,HOME,PL_W1204542968
P05271,WORK,PL_W697106137
P05271,CHILD_SCHOOL,PL_W41363541
P05272,HOME,PL_W661205343
P05272,UNIVERSITY,PL_W23447514
P05273,HOME,PL_W662711132
P05273,WORK,PL_N13944227404
P05273,CHILD_SCHOOL,PL_W216295703
P05274,HOME,PL_W33564021
P05274,UNIVERSITY,PL_W23447424
P05275,HOME,PL_W661205099
P05275,WORK,PL_W34749848
P05276,HOME,PL_W32820129
P05276,WORK,PL_W659441023
P05276,CHILD_SCHOOL,PL_W224815940
P05277,HOME,PL_W703932818
P05277,WORK,PL_W118507236
P05277,CHILD_SCHOOL,PL_W24986415
P05278,HOME,PL_W706078543
P05278,UNIVERSITY,PL_W23447424
P05279,HOME,PL_W706192713
P05279,WORK,PL_W122205423
P05279,CHILD_SCHOOL,PL_W179180309
P05280,HOME,PL_W863282986
P05280,WORK,PL_W662150144
P05281,HOME,PL_W31619298
P05281,WORK,PL_W232075991
P05282,HOME,PL_W31757287
P05282,WORK,PL_N3948351740
P05282,CHILD_SCHOOL,PL_W705563025
P05283,HOME,PL_W894580863
P05283,WORK,PL_W659581411
P05284,HOME,PL_W659446626
P05284,WORK,PL_W32707347
P05284,CHILD_SCHOOL,PL_W688267158
P05285,HOME,PL_W31757271
P05285,WORK,PL_W62057772
P05285,CHILD_SCHOOL,PL_W122480554
P05286,HOME,PL_W660820017
P05286,WORK,PL_W660820017
P05286,CHILD_SCHOOL,PL_W224442293
P05287,HOME,PL_W661636969
P05287,WORK,PL_W796666554
P05288,HOME,PL_W662776085
P05288,WORK,PL_W1316550312
P05289,HOME,PL_W658974749
P05289,UNIVERSITY,PL_N547498239
P05290,HOME,PL_W659333355
P05290,UNIVERSITY,PL_N12537548075
P05291,HOME,PL_W659460348
P05291,WORK,PL_N1123647044
P05292,HOME,PL_W170052633
P05292,WORK,PL_N598103300
P05292,CHILD_SCHOOL,PL_W25289564
P05293,HOME,PL_W661957308
P05293,UNIVERSITY,PL_W1502659706
P05294,HOME,PL_W661470234
P05294,WORK,PL_W51187023
P05295,HOME,PL_W1236094723
P05295,WORK,PL_N7881306174
P05296,HOME,PL_W661324586
P05296,WORK,PL_N12995038521
P05296,CHILD_SCHOOL,PL_N3509228384
P05297,HOME,PL_W1520600047
P05297,WORK,PL_N11051917214
P05298,HOME,PL_W705565539
P05298,WORK,PL_N7553496735
P05298,CHILD_SCHOOL,PL_W688045884
P05299,HOME,PL_W56051936
P05299,WORK,PL_N4330043332
P05299,CHILD_SCHOOL,PL_W703423112
P05300,HOME,PL_W36921199
P05300,WORK,PL_W32024811
P05300,CHILD_SCHOOL,PL_W36747096
P05301,HOME,PL_W352582325
P05301,WORK,PL_W352582325
P05302,HOME,PL_W659453159
P05302,WORK,PL_W158465154
P05302,CHILD_SCHOOL,PL_W179180309
P05303,HOME,PL_W661204380
P05303,WORK,PL_W56476846
P05304,HOME,PL_W705125028
P05304,WORK,PL_W43809844
P05304,CHILD_SCHOOL,PL_W688267159
P05305,HOME,PL_W659241680
P05305,WORK,PL_N6586965669
P05306,HOME,PL_W55547148
P05306,UNIVERSITY,PL_N9633703338
P05307,HOME,PL_W661075266
P05307,WORK,PL_W60330215
P05307,CHILD_SCHOOL,PL_W36543326
P05308,HOME,PL_W143654373
P05308,WORK,PL_W660836572
P05309,HOME,PL_W661207215
P05309,WORK,PL_W31363799
P05310,HOME,PL_W705222396
P05310,WORK,PL_W679142319
P05311,HOME,PL_W659241952
P05311,WORK,PL_N3262705412
P05311,CHILD_SCHOOL,PL_W34228912
P05312,HOME,PL_W659448976
P05312,WORK,PL_W32707350
P05313,HOME,PL_W660569766
P05313,WORK,PL_N689652185
P05313,CHILD_SCHOOL,PL_W148163965
P05314,HOME,PL_W702145963
P05314,WORK,PL_W680567507
P05315,HOME,PL_W43804991
P05315,WORK,PL_W32773278
P05315,CHILD_SCHOOL,PL_W391848543
P05316,HOME,PL_W660584016
P05316,WORK,PL_W678759777
P05317,HOME,PL_W659445157
P05317,WORK,PL_W700750477
P05317,CHILD_SCHOOL,PL_W705565521
P05318,HOME,PL_W31619119
P05318,WORK,PL_W705011703
P05319,HOME,PL_W195460223
P05319,WORK,PL_W34582299
P05320,HOME,PL_W705125027
P05320,WORK,PL_W661919736
P05320,CHILD_SCHOOL,PL_W36543320
P05321,HOME,PL_W43805755
P05321,WORK,PL_W55029942
P05321,CHILD_SCHOOL,PL_W41364199
P05322,HOME,PL_W31617606
P05322,UNIVERSITY,PL_W61759776
P05323,HOME,PL_W283005667
P05323,WORK,PL_W226939072
P05324,HOME,PL_W706078543
P05324,WORK,PL_N12250917794
P05325,HOME,PL_W661650566
P05325,WORK,PL_W57385304
P05325,CHILD_SCHOOL,PL_W705011693
P05326,HOME,PL_W705565539
P05326,WORK,PL_N13917883670
P05327,HOME,PL_W661565179
P05327,WORK,PL_W44076451
P05328,HOME,PL_W43811018
P05328,WORK,PL_W692017153
P05329,HOME,PL_W702160080
P05329,WORK,PL_N4562863066
P05330,HOME,PL_W58271361
P05330,WORK,PL_W106201344
P05331,HOME,PL_W660638857
P05331,WORK,PL_W796686975
P05331,CHILD_SCHOOL,PL_W33541185
P05332,HOME,PL_W1204327070
P05332,WORK,PL_W39525592
P05332,CHILD_SCHOOL,PL_W170267116
P05333,HOME,PL_W1204795485
P05333,WORK,PL_W398583836
P05334,HOME,PL_W702587022
P05334,WORK,PL_N3079147028
P05335,HOME,PL_W31754697
P05335,WORK,PL_W674557281
P05335,CHILD_SCHOOL,PL_W36543325
P05336,HOME,PL_W43806328
P05336,WORK,PL_N1409152459
P05337,HOME,PL_W704196071
P05337,WORK,PL_W336917018
P05338,HOME,PL_W659830873
P05338,WORK,PL_W199291731
P05339,HOME,PL_W32455658
P05339,WORK,PL_W76001163
P05340,HOME,PL_W705011690
P05340,WORK,PL_N5064137025
P05340,CHILD_SCHOOL,PL_W163042361
P05341,HOME,PL_W33725066
P05341,WORK,PL_W662098295
P05341,CHILD_SCHOOL,PL_W220920995
P05342,HOME,PL_W659460395
P05342,WORK,PL_N6434550073
P05342,CHILD_SCHOOL,PL_W35798775
P05343,HOME,PL_W943428733
P05343,WORK,PL_W663827290
P05344,HOME,PL_W661921533
P05344,WORK,PL_W705842204
P05345,HOME,PL_W659838521
P05345,WORK,PL_W1034589148
P05346,HOME,PL_W659840463
P05346,WORK,PL_W82878056
P05347,HOME,PL_W1204791533
P05347,WORK,PL_W28533900
P05347,CHILD_SCHOOL,PL_W688267158
P05348,HOME,PL_W967290533
P05348,WORK,PL_W967290533
P05349,HOME,PL_W659247741
P05349,UNIVERSITY,PL_N9376637799
P05350,HOME,PL_W31757792
P05350,UNIVERSITY,PL_W61759776
P05351,HOME,PL_W662535062
P05351,WORK,PL_N501613178
P05352,HOME,PL_W702587015
P05352,WORK,PL_W660585990
P05352,CHILD_SCHOOL,PL_W289382175
P05353,HOME,PL_W662726517
P05353,WORK,PL_N10695444667
P05353,CHILD_SCHOOL,PL_W35545754
P05354,HOME,PL_W661325782
P05354,WORK,PL_W704729324
P05354,CHILD_SCHOOL,PL_W42525283
P05355,HOME,PL_W659447031
P05355,WORK,PL_W43804408
P05356,HOME,PL_W659731939
P05356,WORK,PL_W1377658345
P05357,HOME,PL_W661324752
P05357,WORK,PL_W663828997
P05358,HOME,PL_W31756295
P05358,WORK,PL_W704287216
P05359,HOME,PL_W31616723
P05359,WORK,PL_W374195291
P05360,HOME,PL_W31363301
P05360,WORK,PL_N3599545629
P05360,CHILD_SCHOOL,PL_W224136220
P05361,HOME,PL_W660838337
P05361,WORK,PL_W93811239
P05361,CHILD_SCHOOL,PL_W225582647
P05362,HOME,PL_W336113000
P05362,UNIVERSITY,PL_W23334883
P05363,HOME,PL_W659830882
P05363,WORK,PL_W669794353
P05364,HOME,PL_W662389936
P05364,WORK,PL_N417226497
P05364,CHILD_SCHOOL,PL_N7797334713
P05365,HOME,PL_W659445979
P05365,UNIVERSITY,PL_N4507572289
P05366,HOME,PL_W144500769
P05366,WORK,PL_W34573775
P05367,HOME,PL_W659833463
P05367,WORK,PL_W991343165
P05368,HOME,PL_W704229392
P05368,WORK,PL_W661950642
P05368,CHILD_SCHOOL,PL_W163146271
P05369,HOME,PL_W34777544
P05369,WORK,PL_N13753656633
P05370,HOME,PL_W31617605
P05370,WORK,PL_W34516886
P05371,HOME,PL_W662143209
P05371,WORK,PL_W106099920
P05372,HOME,PL_W662143276
P05372,WORK,PL_W69341524
P05373,HOME,PL_W705507606
P05373,WORK,PL_W678928089
P05374,HOME,PL_W31619296
P05374,WORK,PL_W34615187
P05374,CHILD_SCHOOL,PL_W195969125
P05375,HOME,PL_W170055111
P05375,WORK,PL_W238469268
P05375,CHILD_SCHOOL,PL_N2377305503
P05376,HOME,PL_W661045307
P05376,WORK,PL_W297194551
P05377,HOME,PL_W660078026
P05377,WORK,PL_W657935207
P05378,HOME,PL_W41405413
P05378,WORK,PL_W226512035
P05378,CHILD_SCHOOL,PL_W36747098
P05379,HOME,PL_W31617617
P05379,WORK,PL_W659599068
P05379,CHILD_SCHOOL,PL_W36370852
P05380,HOME,PL_W704196063
P05380,UNIVERSITY,PL_W23447424
P05380,CHILD_SCHOOL,PL_W36728598
P05381,HOME,PL_W32667520
P05381,WORK,PL_W32667520
P05382,HOME,PL_W705507615
P05382,WORK,PL_W148646768
P05382,CHILD_SCHOOL,PL_W36747398
P05383,HOME,PL_W702160080
P05383,WORK,PL_N2998787138
P05383,CHILD_SCHOOL,PL_W33725547
P05384,HOME,PL_W659448380
P05384,WORK,PL_W32742026
P05385,HOME,PL_W34229574
P05385,WORK,PL_W670272332
P05385,CHILD_SCHOOL,PL_W201704236
P05386,HOME,PL_W661074595
P05386,WORK,PL_W661077827
P05386,CHILD_SCHOOL,PL_W26949764
P05387,HOME,PL_W31373437
P05387,WORK,PL_N6337090043
P05387,CHILD_SCHOOL,PL_W35798021
P05388,HOME,PL_W662095185
P05388,WORK,PL_W1541291357
P05389,HOME,PL_W705519678
P05389,WORK,PL_W31926230
P05390,HOME,PL_W660584579
P05390,WORK,PL_N7551831495
P05391,HOME,PL_W41405389
P05391,WORK,PL_W659970395
P05392,HOME,PL_W31757256
P05392,WORK,PL_W301310697
P05393,HOME,PL_W705170958
P05393,WORK,PL_W598637694
P05393,CHILD_SCHOOL,PL_W705563025
P05394,HOME,PL_W659454370
P05394,WORK,PL_N6547252195
P05395,HOME,PL_W705010177
P05395,WORK,PL_W684783109
P05395,CHILD_SCHOOL,PL_W24159328
P05396,HOME,PL_W659448619
P05396,WORK,PL_W663314286
P05397,HOME,PL_W659728375
P05397,WORK,PL_W659732177
P05398,HOME,PL_W33036594
P05398,WORK,PL_W67138242
P05399,HOME,PL_W31754502
P05399,WORK,PL_W115222031
P05400,HOME,PL_W660866938
P05400,WORK,PL_N1370527806
P05401,HOME,PL_W661920924
P05401,WORK,PL_W243113647
P05401,CHILD_SCHOOL,PL_W170266806
P05402,HOME,PL_W706192716
P05402,WORK,PL_W706192716
P05403,HOME,PL_W1163968779
P05403,WORK,PL_W55461754
P05403,CHILD_SCHOOL,PL_W688267158
P05404,HOME,PL_W706236185
P05404,UNIVERSITY,PL_N2375249754
P05405,HOME,PL_W702169774
P05405,WORK,PL_W532023361
P05405,CHILD_SCHOOL,PL_W24501824
P05406,HOME,PL_W706192709
P05406,WORK,PL_W657697672
P05406,CHILD_SCHOOL,PL_W225936203
P05407,HOME,PL_W661957290
P05407,WORK,PL_N3886265327
P05407,CHILD_SCHOOL,PL_W36331867
P05408,HOME,PL_W660079777
P05408,WORK,PL_W660079777
P05409,HOME,PL_W421650404
P05409,WORK,PL_W150506087
P05410,HOME,PL_W658973736
P05410,WORK,PL_N12149933050
P05411,HOME,PL_W659446795
P05411,WORK,PL_N6376145766
P05411,CHILD_SCHOOL,PL_W75367984
P05412,HOME,PL_W661276211
P05412,WORK,PL_N6845091823
P05412,CHILD_SCHOOL,PL_W34073293
P05413,HOME,PL_W659455085
P05413,UNIVERSITY,PL_W61759776
P05413,CHILD_SCHOOL,PL_W34229259
P05414,HOME,PL_W661331627
P05414,WORK,PL_W41285778
P05414,CHILD_SCHOOL,PL_W703423111
P05415,HOME,PL_W170051471
P05415,WORK,PL_W31620396
P05415,CHILD_SCHOOL,PL_W35800153
P05416,HOME,PL_W705529516
P05416,WORK,PL_N6994226891
P05417,HOME,PL_W661821367
P05417,WORK,PL_W661821367
P05417,CHILD_SCHOOL,PL_W688047029
P05418,HOME,PL_W31616723
P05418,WORK,PL_W162607309
P05419,HOME,PL_W662762451
P05419,WORK,PL_N5594977293
P05420,HOME,PL_W661565911
P05420,WORK,PL_W262740197
P05421,HOME,PL_W31451019
P05421,WORK,PL_W62058574
P05421,CHILD_SCHOOL,PL_W43605743
P05422,HOME,PL_W659839843
P05422,WORK,PL_W40544281
P05422,CHILD_SCHOOL,PL_W33396453
P05423,HOME,PL_W659830402
P05423,WORK,PL_W32610595
P05423,CHILD_SCHOOL,PL_W36332039
P05424,HOME,PL_W704196075
P05424,WORK,PL_W231983646
P05424,CHILD_SCHOOL,PL_W36747401
P05425,HOME,PL_W704946498
P05425,WORK,PL_W704196077
P05425,CHILD_SCHOOL,PL_W36747401
P05426,HOME,PL_W662726537
P05426,WORK,PL_N4327307014
P05427,HOME,PL_W31451094
P05427,WORK,PL_W27991582
P05427,CHILD_SCHOOL,PL_W24725316
P05428,HOME,PL_W705507593
P05428,WORK,PL_W231773826
P05428,CHILD_SCHOOL,PL_W35836274
P05429,HOME,PL_W391472124
P05429,WORK,PL_N5260039172
P05430,HOME,PL_W662143865
P05430,WORK,PL_N7764644698
P05430,CHILD_SCHOOL,PL_W224695919
P05431,HOME,PL_W659333500
P05431,WORK,PL_W659333500
P05432,HOME,PL_W661065765
P05432,WORK,PL_W115222390
P05433,HOME,PL_W31811113
P05433,WORK,PL_W31728160
P05434,HOME,PL_W704229392
P05434,WORK,PL_W107138623
P05435,HOME,PL_W660601392
P05435,WORK,PL_W34582296
P05435,CHILD_SCHOOL,PL_W41364199
P05436,HOME,PL_W1204777323
P05436,WORK,PL_W31926308
P05436,CHILD_SCHOOL,PL_W36880098
P05437,HOME,PL_W33541220
P05437,WORK,PL_W704228131
P05438,HOME,PL_W51348275
P05438,WORK,PL_N6680665670
P05438,CHILD_SCHOOL,PL_W34617361
P05439,HOME,PL_W662775805
P05439,WORK,PL_W103619599
P05439,CHILD_SCHOOL,PL_W35836168
P05440,HOME,PL_W1204907088
P05440,UNIVERSITY,PL_W61759776
P05441,HOME,PL_W660347749
P05441,UNIVERSITY,PL_W61759776
P05442,HOME,PL_W661066466
P05442,WORK,PL_N6382259856
P05443,HOME,PL_W659445052
P05443,WORK,PL_W62057334
P05443,CHILD_SCHOOL,PL_W705011693
P05444,HOME,PL_W702169124
P05444,WORK,PL_W31363775
P05444,CHILD_SCHOOL,PL_W760791078
P05445,HOME,PL_W31756380
P05445,WORK,PL_W438026405
P05445,CHILD_SCHOOL,PL_W41364187
P05446,HOME,PL_W512557919
P05446,WORK,PL_W662786285
P05446,CHILD_SCHOOL,PL_W75367984
P05447,HOME,PL_W31756382
P05447,WORK,PL_N4456480783
P05448,HOME,PL_W1204496390
P05448,WORK,PL_W58851661
P05449,HOME,PL_W863282986
P05449,WORK,PL_W804618150
P05449,CHILD_SCHOOL,PL_W226096987
P05450,HOME,PL_W661779698
P05450,WORK,PL_W231284913
P05451,HOME,PL_W133109681
P05451,WORK,PL_W61429677
P05451,CHILD_SCHOOL,PL_W33396813
P05452,HOME,PL_W573332592
P05452,WORK,PL_W796589932
P05452,CHILD_SCHOOL,PL_W1012817120
P05453,HOME,PL_W1255380081
P05453,WORK,PL_W1230109220
P05453,CHILD_SCHOOL,PL_W56184642
P05454,HOME,PL_W660831395
P05454,WORK,PL_W662441716
P05454,CHILD_SCHOOL,PL_W224136220
P05455,HOME,PL_W702160075
P05455,WORK,PL_W704230280
P05456,HOME,PL_W31756334
P05456,WORK,PL_W136796593
P05457,HOME,PL_W1207602714
P05457,WORK,PL_N5457410121
P05458,HOME,PL_W663309959
P05458,WORK,PL_W60304156
P05459,HOME,PL_W33036565
P05459,WORK,PL_W43806062
P05459,CHILD_SCHOOL,PL_W224674925
P05460,HOME,PL_W660568202
P05460,WORK,PL_W943602453
P05461,HOME,PL_W31754696
P05461,WORK,PL_W662100023
P05462,HOME,PL_W705011706
P05462,WORK,PL_W801986443
P05462,CHILD_SCHOOL,PL_W61955065
P05463,HOME,PL_W662174925
P05463,WORK,PL_W203425966
P05464,HOME,PL_W1275521517
P05464,WORK,PL_W35021080
P05465,HOME,PL_W705121017
P05465,WORK,PL_W104942318
P05466,HOME,PL_W705737451
P05466,WORK,PL_W112761027
P05467,HOME,PL_W661217699
P05467,UNIVERSITY,PL_N13704267913
P05468,HOME,PL_W703722940
P05468,WORK,PL_W1354494562
P05469,HOME,PL_W56051936
P05469,WORK,PL_W56051936
P05470,HOME,PL_W659340995
P05470,WORK,PL_W141693951
P05471,HOME,PL_W659454551
P05471,WORK,PL_W659587775
P05471,CHILD_SCHOOL,PL_W688267161
P05472,HOME,PL_W31373087
P05472,WORK,PL_W804360780
P05473,HOME,PL_W662762701
P05473,WORK,PL_W662213164
P05473,CHILD_SCHOOL,PL_W704997229
P05474,HOME,PL_W660348511
P05474,WORK,PL_N5054475322
P05475,HOME,PL_W660568772
P05475,WORK,PL_N10300704448
P05476,HOME,PL_W662258188
P05476,WORK,PL_N13032007312
P05477,HOME,PL_W661778307
P05477,WORK,PL_N13176774270
P05478,HOME,PL_W705512151
P05478,WORK,PL_W62057772
P05478,CHILD_SCHOOL,PL_W30966656
P05479,HOME,PL_W659453509
P05479,WORK,PL_W43804269
P05479,CHILD_SCHOOL,PL_W163146271
P05480,HOME,PL_W187812255
P05480,UNIVERSITY,PL_N9071191071
P05481,HOME,PL_W660347810
P05481,WORK,PL_N7195399405
P05481,CHILD_SCHOOL,PL_W125776367
P05482,HOME,PL_W221555625
P05482,WORK,PL_N2356731091
P05482,CHILD_SCHOOL,PL_W224809461
P05483,HOME,PL_W661204251
P05483,WORK,PL_W243812280
P05483,CHILD_SCHOOL,PL_W33543511
P05484,HOME,PL_W662448814
P05484,WORK,PL_N6554677025
P05485,HOME,PL_W706192710
P05485,WORK,PL_W79418485
P05486,HOME,PL_W34229575
P05486,WORK,PL_W61430317
P05487,HOME,PL_W661050779
P05487,UNIVERSITY,PL_N9071191071
P05488,HOME,PL_W31616721
P05488,UNIVERSITY,PL_N9139819377
P05489,HOME,PL_W659340416
P05489,WORK,PL_W122204304
P05489,CHILD_SCHOOL,PL_W34228911
P05490,HOME,PL_W31757256
P05490,WORK,PL_W112761028
P05490,CHILD_SCHOOL,PL_W35836083
P05491,HOME,PL_W894580866
P05491,WORK,PL_W659830744
P05491,CHILD_SCHOOL,PL_W36747096
P05492,HOME,PL_W33541220
P05492,WORK,PL_W33541220
P05492,CHILD_SCHOOL,PL_N2332638609
P05493,HOME,PL_W659447334
P05493,WORK,PL_W241020327
P05494,HOME,PL_W661650513
P05494,WORK,PL_W658962780
P05495,HOME,PL_W943428729
P05495,WORK,PL_W659587768
P05496,HOME,PL_W31373427
P05496,WORK,PL_W660624564
P05496,CHILD_SCHOOL,PL_W35798778
P05497,HOME,PL_W334725674
P05497,WORK,PL_W783619896
P05497,CHILD_SCHOOL,PL_W143657503
P05498,HOME,PL_W659446977
P05498,WORK,PL_W132646523
P05499,HOME,PL_W33036599
P05499,WORK,PL_W61011150
P05500,HOME,PL_W705010177
P05500,WORK,PL_W241020327
P05500,CHILD_SCHOOL,PL_W36543326
P05501,HOME,PL_W31757277
P05501,WORK,PL_N7089560693
P05502,HOME,PL_W31617612
P05502,WORK,PL_W659587777
P05502,CHILD_SCHOOL,PL_W703414558
P05503,HOME,PL_W659446633
P05503,WORK,PL_W67141698
P05504,HOME,PL_W31754518
P05504,WORK,PL_N13894068499
P05505,HOME,PL_W661840335
P05505,WORK,PL_N2495291180
P05505,CHILD_SCHOOL,PL_W87327545
P05506,HOME,PL_W659447378
P05506,WORK,PL_N13971311580
P05507,HOME,PL_W770873614
P05507,WORK,PL_W28025955
P05507,CHILD_SCHOOL,PL_W34617374
P05508,HOME,PL_W662776034
P05508,WORK,PL_N12741073408
P05509,HOME,PL_W33036596
P05509,WORK,PL_N488413433
P05509,CHILD_SCHOOL,PL_W186575947
P05510,HOME,PL_W660820431
P05510,UNIVERSITY,PL_N12091108919
P05511,HOME,PL_W705563017
P05511,WORK,PL_W663314029
P05512,HOME,PL_W703752579
P05512,WORK,PL_W34720564
P05512,CHILD_SCHOOL,PL_W37783195
P05513,HOME,PL_W661824535
P05513,WORK,PL_W431918175
P05513,CHILD_SCHOOL,PL_W688045884
P05514,HOME,PL_W661777876
P05514,WORK,PL_W27767628
P05514,CHILD_SCHOOL,PL_W688267161
P05515,HOME,PL_W42472532
P05515,WORK,PL_W170052746
P05515,CHILD_SCHOOL,PL_N13705682293
P05516,HOME,PL_W656561030
P05516,WORK,PL_W783716652
P05517,HOME,PL_W132148486
P05517,WORK,PL_N6586965655
P05518,HOME,PL_W703752579
P05518,WORK,PL_N13924323767
P05519,HOME,PL_W31451020
P05519,WORK,PL_W32540133
P05519,CHILD_SCHOOL,PL_W224136220
P05520,HOME,PL_W661822297
P05520,WORK,PL_W661822297
P05521,HOME,PL_W705507608
P05521,WORK,PL_W1194900603
P05521,CHILD_SCHOOL,PL_W25775044
P05522,HOME,PL_W659729463
P05522,WORK,PL_W804394006
P05522,CHILD_SCHOOL,PL_W186986129
P05523,HOME,PL_W705115249
P05523,WORK,PL_W55036397
P05523,CHILD_SCHOOL,PL_N4264646734
P05524,HOME,PL_W704729324
P05524,WORK,PL_W704729324
P05524,CHILD_SCHOOL,PL_W71410512
P05525,HOME,PL_W31754471
P05525,UNIVERSITY,PL_N11281293717
P05526,HOME,PL_W662761626
P05526,WORK,PL_N6382389302
P05527,HOME,PL_W660636319
P05527,WORK,PL_W416989000
P05528,HOME,PL_W31756307
P05528,WORK,PL_N9842561849
P05528,CHILD_SCHOOL,PL_W56201673
P05529,HOME,PL_W662762617
P05529,WORK,PL_N3066128978
P05530,HOME,PL_W1135018789
P05530,WORK,PL_N1886020808
P05531,HOME,PL_W31757290
P05531,WORK,PL_W1194870091
P05532,HOME,PL_W56051936
P05532,WORK,PL_N3977952154
P05532,CHILD_SCHOOL,PL_W704597788
P05533,HOME,PL_W706190952
P05533,WORK,PL_N2603690238
P05533,CHILD_SCHOOL,PL_W417888719
P05534,HOME,PL_W32224948
P05534,WORK,PL_W56426672
P05534,CHILD_SCHOOL,PL_W25366324
P05535,HOME,PL_W41405390
P05535,UNIVERSITY,PL_N1515959209
P05536,HOME,PL_W660358141
P05536,WORK,PL_W400575633
P05537,HOME,PL_W659546878
P05537,WORK,PL_N6551651370
P05537,CHILD_SCHOOL,PL_W189427810
P05538,HOME,PL_W660838333
P05538,WORK,PL_W335886375
P05538,CHILD_SCHOOL,PL_W35836503
P05539,HOME,PL_W704196071
P05539,WORK,PL_W706080732
P05540,HOME,PL_W705011690
P05540,WORK,PL_W31963779
P05540,CHILD_SCHOOL,PL_W37409510
P05541,HOME,PL_W31617612
P05541,WORK,PL_W661471698
P05542,HOME,PL_W36921199
P05542,WORK,PL_W76001187
P05543,HOME,PL_W660837264
P05543,WORK,PL_W61429677
P05544,HOME,PL_W705121018
P05544,UNIVERSITY,PL_W23447514
P05545,HOME,PL_W31757274
P05545,WORK,PL_W32610180
P05545,CHILD_SCHOOL,PL_W35835815
P05546,HOME,PL_W659461579
P05546,WORK,PL_W32534609
P05547,HOME,PL_W31373089
P05547,WORK,PL_W659440530
P05548,HOME,PL_W41405418
P05548,WORK,PL_N8392498987
P05549,HOME,PL_W170052634
P05549,WORK,PL_N5987043916
P05550,HOME,PL_W31756391
P05550,WORK,PL_W55461564
P05551,HOME,PL_W662094321
P05551,WORK,PL_W705650229
P05552,HOME,PL_W43250787
P05552,WORK,PL_W62361719
P05553,HOME,PL_W660807026
P05553,WORK,PL_N387435155
P05553,CHILD_SCHOOL,PL_W35545754
P05554,HOME,PL_W31617606
P05554,WORK,PL_W31617606
P05554,CHILD_SCHOOL,PL_W33543511
P05555,HOME,PL_W660568826
P05555,WORK,PL_W660568826
P05555,CHILD_SCHOOL,PL_W31756363
P05556,HOME,PL_W1367095739
P05556,WORK,PL_W660806856
P05556,CHILD_SCHOOL,PL_W201704236
P05557,HOME,PL_W660806679
P05557,WORK,PL_W67139121
P05557,CHILD_SCHOOL,PL_W33396855
P05558,HOME,PL_W659447141
P05558,WORK,PL_N13879320056
P05559,HOME,PL_W967290533
P05559,WORK,PL_W662259393
P05560,HOME,PL_W662762122
P05560,WORK,PL_W658233527
P05560,CHILD_SCHOOL,PL_W224442754
P05561,HOME,PL_W660866903
P05561,WORK,PL_N3427212267
P05562,HOME,PL_W659732344
P05562,WORK,PL_W1395344207
P05563,HOME,PL_W33036595
P05563,WORK,PL_W34749843
P05563,CHILD_SCHOOL,PL_W369392223
P05564,HOME,PL_W863282987
P05564,WORK,PL_W797163024
P05565,HOME,PL_W31622236
P05565,WORK,PL_N3314874485
P05566,HOME,PL_W659453984
P05566,WORK,PL_W660934400
P05566,CHILD_SCHOOL,PL_W186986129
P05567,HOME,PL_W1263417840
P05567,WORK,PL_N12895800540
P05567,CHILD_SCHOOL,PL_W25289564
P05568,HOME,PL_W660077966
P05568,WORK,PL_W673006199
P05569,HOME,PL_W659444901
P05569,WORK,PL_N5424638521
P05569,CHILD_SCHOOL,PL_W143657503
P05570,HOME,PL_W659335567
P05570,WORK,PL_N7708243587
P05571,HOME,PL_W170052744
P05571,WORK,PL_W170052744
P05571,CHILD_SCHOOL,PL_W171056869
P05572,HOME,PL_W661324383
P05572,WORK,PL_W33542526
P05572,CHILD_SCHOOL,PL_W224136221
P05573,HOME,PL_W702587009
P05573,WORK,PL_N4462061728
P05574,HOME,PL_W661636954
P05574,UNIVERSITY,PL_W161110169
P05575,HOME,PL_W31756308
P05575,WORK,PL_W31756308
P05575,CHILD_SCHOOL,PL_N7797334713
P05576,HOME,PL_W31754492
P05576,WORK,PL_W31754492
P05576,CHILD_SCHOOL,PL_N2123097074
P05577,HOME,PL_W660837866
P05577,WORK,PL_W61698828
P05578,HOME,PL_W33036596
P05578,UNIVERSITY,PL_N3925813284
P05579,HOME,PL_W31617614
P05579,WORK,PL_N13075184617
P05580,HOME,PL_W662388638
P05580,WORK,PL_W663826668
P05580,CHILD_SCHOOL,PL_W56051877
P05581,HOME,PL_W1204777280
P05581,WORK,PL_W185654457
P05581,CHILD_SCHOOL,PL_W163146271
P05582,HOME,PL_W661567857
P05582,WORK,PL_W55855120
P05582,CHILD_SCHOOL,PL_W42149102
P05583,HOME,PL_W705881542
P05583,WORK,PL_N4859176003
P05584,HOME,PL_W659829985
P05584,WORK,PL_W659829985
P05585,HOME,PL_W659447703
P05585,WORK,PL_N383448318
P05585,CHILD_SCHOOL,PL_W34617361
P05586,HOME,PL_W1125477356
P05586,WORK,PL_W1125477356
P05586,CHILD_SCHOOL,PL_W688267157
P05587,HOME,PL_W660817804
P05587,WORK,PL_W703255161
P05588,HOME,PL_W1245802035
P05588,WORK,PL_W659633473
P05589,HOME,PL_W659244704
P05589,WORK,PL_W660624564
P05589,CHILD_SCHOOL,PL_W75367984
P05590,HOME,PL_W705109232
P05590,WORK,PL_W367037750
P05591,HOME,PL_W659446222
P05591,WORK,PL_W84806536
P05592,HOME,PL_W660357889
P05592,WORK,PL_N2972858749
P05592,CHILD_SCHOOL,PL_N7766322681
P05593,HOME,PL_W34229572
P05593,WORK,PL_W660934386
P05593,CHILD_SCHOOL,PL_W186575106
P05594,HOME,PL_W457493164
P05594,UNIVERSITY,PL_N2332330690
P05595,HOME,PL_W659838153
P05595,WORK,PL_W257053580
P05596,HOME,PL_W660806679
P05596,WORK,PL_W943602453
P05596,CHILD_SCHOOL,PL_W24159328
P05597,HOME,PL_W1245802034
P05597,WORK,PL_W657696699
P05598,HOME,PL_W662775283
P05598,WORK,PL_W60428629
P05599,HOME,PL_W660583986
P05599,WORK,PL_W62058576
P05600,HOME,PL_W663311030
P05600,WORK,PL_W663311030
P05601,HOME,PL_W556918855
P05601,WORK,PL_N13670573939
P05601,CHILD_SCHOOL,PL_W36880098
P05602,HOME,PL_W1204777323
P05602,WORK,PL_W66979883
P05602,CHILD_SCHOOL,PL_N4015705823
P05603,HOME,PL_W31754493
P05603,WORK,PL_N5267141830
P05604,HOME,PL_W705507601
P05604,WORK,PL_W1544078637
P05605,HOME,PL_W662094456
P05605,WORK,PL_W59244475
P05606,HOME,PL_W659729587
P05606,UNIVERSITY,PL_W1289507559
P05607,HOME,PL_W122480703
P05607,WORK,PL_N5051184221
P05608,HOME,PL_W35836410
P05608,WORK,PL_W996764948
P05609,HOME,PL_W31622235
P05609,WORK,PL_W56058456
P05610,HOME,PL_W702145957
P05610,WORK,PL_W659629284
P05610,CHILD_SCHOOL,PL_W31756363
P05611,HOME,PL_W702560110
P05611,WORK,PL_W234058577
P05612,HOME,PL_W334725258
P05612,WORK,PL_W334725258
P05612,CHILD_SCHOOL,PL_N10649797327
P05613,HOME,PL_W43805236
P05613,WORK,PL_N3482106446
P05613,CHILD_SCHOOL,PL_W43605743
P05614,HOME,PL_W705529528
P05614,WORK,PL_N12861663113
P05614,CHILD_SCHOOL,PL_W148163965
P05615,HOME,PL_W662725991
P05615,WORK,PL_W58559273
P05615,CHILD_SCHOOL,PL_W148163965
P05616,HOME,PL_W662176484
P05616,UNIVERSITY,PL_W1504222290
P05617,HOME,PL_W705121004
P05617,WORK,PL_N3317170417
P05617,CHILD_SCHOOL,PL_W121969533
P05618,HOME,PL_W336113000
P05618,WORK,PL_N3653499892
P05619,HOME,PL_W42472532
P05619,WORK,PL_W804360806
P05619,CHILD_SCHOOL,PL_W14608518
P05620,HOME,PL_W659446787
P05620,WORK,PL_W149982971
P05621,HOME,PL_W659248576
P05621,WORK,PL_W33561118
P05621,CHILD_SCHOOL,PL_W29113970
P05622,HOME,PL_W770873613
P05622,WORK,PL_W150506087
P05622,CHILD_SCHOOL,PL_W36880098
P05623,HOME,PL_W31757254
P05623,WORK,PL_W27778414
P05623,CHILD_SCHOOL,PL_W224442293
P05624,HOME,PL_W660601589
P05624,WORK,PL_W910121023
P05624,CHILD_SCHOOL,PL_W36747398
P05625,HOME,PL_W34229575
P05625,WORK,PL_W662152108
P05626,HOME,PL_W661324685
P05626,WORK,PL_N6565904324
P05627,HOME,PL_W31373086
P05627,WORK,PL_N6495425604
P05628,HOME,PL_W41405413
P05628,WORK,PL_N491912606
P05629,HOME,PL_W660867281
P05629,WORK,PL_W660867281
P05629,CHILD_SCHOOL,PL_W25775106
P05630,HOME,PL_W30966658
P05630,WORK,PL_W61982574
P05630,CHILD_SCHOOL,PL_W224817368
P05631,HOME,PL_W35835250
P05631,WORK,PL_W506139150
P05632,HOME,PL_W978051268
P05632,WORK,PL_W151519194
P05632,CHILD_SCHOOL,PL_W224442754
P05633,HOME,PL_W662144210
P05633,WORK,PL_W60331399
P05633,CHILD_SCHOOL,PL_W224817368
P05634,HOME,PL_W660866933
P05634,WORK,PL_W59248694
P05634,CHILD_SCHOOL,PL_N2123097074
P05635,HOME,PL_W659340929
P05635,WORK,PL_W659340929
P05635,CHILD_SCHOOL,PL_W163042361
P05636,HOME,PL_W662175988
P05636,WORK,PL_N13015033587
P05636,CHILD_SCHOOL,PL_W41364187
P05637,HOME,PL_W702167761
P05637,WORK,PL_W34749730
P05637,CHILD_SCHOOL,PL_N7659648005
P05638,HOME,PL_W660347228
P05638,WORK,PL_W55896876
P05638,CHILD_SCHOOL,PL_W41841713
P05639,HOME,PL_W30966659
P05639,WORK,PL_W225856275
P05640,HOME,PL_W705845664
P05640,WORK,PL_W38743637
P05641,HOME,PL_W457493164
P05641,WORK,PL_W241020327
P05642,HOME,PL_W659445226
P05642,WORK,PL_N1123778868
P05642,CHILD_SCHOOL,PL_W220406701
P05643,HOME,PL_W660600964
P05643,WORK,PL_N10906420648
P05644,HOME,PL_W705121017
P05644,WORK,PL_N1840733247
P05644,CHILD_SCHOOL,PL_W36880098
P05645,HOME,PL_W1348293019
P05645,WORK,PL_W66980191
P05645,CHILD_SCHOOL,PL_W37680872
P05646,HOME,PL_W34777543
P05646,WORK,PL_N13320213988
P05647,HOME,PL_W661920371
P05647,WORK,PL_W661920371
P05648,HOME,PL_W863282986
P05648,WORK,PL_N4131859617
P05649,HOME,PL_W705881542
P05649,WORK,PL_W80378497
P05649,CHILD_SCHOOL,PL_W705565520
P05650,HOME,PL_W704634879
P05650,WORK,PL_W31618769
P05651,HOME,PL_W659731732
P05651,WORK,PL_W27767637
P05651,CHILD_SCHOOL,PL_W50977417
P05652,HOME,PL_W1204791646
P05652,WORK,PL_W59244491
P05653,HOME,PL_W702587016
P05653,UNIVERSITY,PL_W1504227413
P05654,HOME,PL_W662727196
P05654,WORK,PL_W272411673
P05655,HOME,PL_W705565532
P05655,WORK,PL_N6584728941
P05656,HOME,PL_W32122686
P05656,WORK,PL_W663870717
P05657,HOME,PL_W659548916
P05657,WORK,PL_W659548916
P05657,CHILD_SCHOOL,PL_W33725547
P05658,HOME,PL_W32455673
P05658,WORK,PL_W97180148
P05658,CHILD_SCHOOL,PL_W70509378
P05659,HOME,PL_W705222391
P05659,WORK,PL_W44076452
P05659,CHILD_SCHOOL,PL_W43327805
P05660,HOME,PL_W33036596
P05660,WORK,PL_N1445999202
P05661,HOME,PL_W122356169
P05661,WORK,PL_W677206975
P05662,HOME,PL_W1075561267
P05662,WORK,PL_N5184936108
P05662,CHILD_SCHOOL,PL_W36880098
P05663,HOME,PL_W41405412
P05663,WORK,PL_W659321750
P05663,CHILD_SCHOOL,PL_N7108106148
P05664,HOME,PL_W33036598
P05664,WORK,PL_W1004706295
P05664,CHILD_SCHOOL,PL_W36880102
P05665,HOME,PL_W705740400
P05665,WORK,PL_W55675297
P05665,CHILD_SCHOOL,PL_W224816012
P05666,HOME,PL_W706192704
P05666,WORK,PL_W34614474
P05667,HOME,PL_W661821800
P05667,WORK,PL_W662442428
P05667,CHILD_SCHOOL,PL_W41363541
P05668,HOME,PL_W660837777
P05668,WORK,PL_W676111872
P05669,HOME,PL_W59434211
P05669,WORK,PL_N1355683257
P05669,CHILD_SCHOOL,PL_W36368280
P05670,HOME,PL_W663310094
P05670,WORK,PL_W33682061
P05671,HOME,PL_W659454772
P05671,WORK,PL_N10925027992
P05671,CHILD_SCHOOL,PL_W688267159
P05672,HOME,PL_W33541220
P05672,WORK,PL_W35155100
P05673,HOME,PL_W43805236
P05673,WORK,PL_W122198736
P05674,HOME,PL_W705529516
P05674,WORK,PL_W1302155974
P05674,CHILD_SCHOOL,PL_W224136220
P05675,HOME,PL_W370438991
P05675,UNIVERSITY,PL_N11281293717
P05676,HOME,PL_W661050765
P05676,WORK,PL_N5709288421
P05676,CHILD_SCHOOL,PL_W143657503
P05677,HOME,PL_W33725066
P05677,WORK,PL_W662677604
P05677,CHILD_SCHOOL,PL_W36861511
P05678,HOME,PL_W702587024
P05678,WORK,PL_W661065753
P05679,HOME,PL_W704288158
P05679,WORK,PL_W180193897
P05679,CHILD_SCHOOL,PL_W171477271
P05680,HOME,PL_W704997238
P05680,WORK,PL_W367638701
P05680,CHILD_SCHOOL,PL_W41364199
P05681,HOME,PL_W661331106
P05681,UNIVERSITY,PL_W60304653
P05682,HOME,PL_W706190948
P05682,UNIVERSITY,PL_N1518532024
P05683,HOME,PL_W226011617
P05683,WORK,PL_W33037493
P05684,HOME,PL_W31373089
P05684,WORK,PL_W33191773
P05685,HOME,PL_W31373095
P05685,WORK,PL_W56010229
P05685,CHILD_SCHOOL,PL_W36786284
P05686,HOME,PL_W31754491
P05686,WORK,PL_W56057408
P05686,CHILD_SCHOOL,PL_W660585356
P05687,HOME,PL_W702557442
P05687,WORK,PL_N2916190281
P05688,HOME,PL_W659341262
P05688,WORK,PL_W34483673
P05689,HOME,PL_W659839611
P05689,WORK,PL_W55218273
P05690,HOME,PL_W978051263
P05690,WORK,PL_W61698598
P05690,CHILD_SCHOOL,PL_W32121744
P05691,HOME,PL_W705650227
P05691,WORK,PL_W371248124
P05691,CHILD_SCHOOL,PL_W35836502
P05692,HOME,PL_W662762026
P05692,WORK,PL_W180193897
P05693,HOME,PL_W47870412
P05693,WORK,PL_W277313633
P05693,CHILD_SCHOOL,PL_W30966656
P05694,HOME,PL_W421650404
P05694,WORK,PL_N4918124554
P05694,CHILD_SCHOOL,PL_W35836274
P05695,HOME,PL_W661777374
P05695,WORK,PL_W703932825
P05695,CHILD_SCHOOL,PL_W56996051
P05696,HOME,PL_W31616721
P05696,WORK,PL_W31616721
P05697,HOME,PL_W706190954
P05697,WORK,PL_W199291638
P05697,CHILD_SCHOOL,PL_W36747398
P05698,HOME,PL_W1204542935
P05698,WORK,PL_N5166314124
P05699,HOME,PL_W705881544
P05699,WORK,PL_W662099818
P05700,HOME,PL_W705512153
P05700,WORK,PL_W703598083
P05701,HOME,PL_W863282986
P05701,UNIVERSITY,PL_N1142872979
P05702,HOME,PL_W659547079
P05702,WORK,PL_W32462594
P05703,HOME,PL_W661779218
P05703,WORK,PL_N5069699921
P05704,HOME,PL_W659548333
P05704,WORK,PL_N4461193464
P05705,HOME,PL_W662785854
P05705,WORK,PL_W334483355
P05706,HOME,PL_W661821800
P05706,WORK,PL_W1237867647
P05707,HOME,PL_W660601071
P05707,WORK,PL_W58559253
P05708,HOME,PL_W32820133
P05708,WORK,PL_W797139368
P05708,CHILD_SCHOOL,PL_W224672049
P05709,HOME,PL_W31373528
P05709,WORK,PL_W804374001
P05710,HOME,PL_W170052634
P05710,WORK,PL_N7195317392
P05711,HOME,PL_W32121739
P05711,WORK,PL_W661193603
P05711,CHILD_SCHOOL,PL_W34617709
P05712,HOME,PL_W391472124
P05712,WORK,PL_W598637693
P05712,CHILD_SCHOOL,PL_N5413474408
P05713,HOME,PL_W457493164
P05713,WORK,PL_N2926910904
P05714,HOME,PL_W661823193
P05714,WORK,PL_W34582302
P05715,HOME,PL_W42472527
P05715,WORK,PL_W1108418366
P05716,HOME,PL_W231013507
P05716,WORK,PL_N6418658784
P05716,CHILD_SCHOOL,PL_W143658010
P05717,HOME,PL_W659729352
P05717,WORK,PL_N1749586919
P05718,HOME,PL_W660633287
P05718,WORK,PL_W165625450
P05718,CHILD_SCHOOL,PL_N5413474408
P05719,HOME,PL_W659334126
P05719,WORK,PL_W231773826
P05720,HOME,PL_W703249914
P05720,WORK,PL_N11136304053
P05721,HOME,PL_W1377324801
P05721,WORK,PL_N5723546121
P05722,HOME,PL_W705845657
P05722,WORK,PL_W31620091
P05723,HOME,PL_W33541191
P05723,WORK,PL_W181032381
P05723,CHILD_SCHOOL,PL_W703423112
P05724,HOME,PL_W31373435
P05724,WORK,PL_W31366344
P05725,HOME,PL_W1082708163
P05725,WORK,PL_W663826545
P05725,CHILD_SCHOOL,PL_W35836165
P05726,HOME,PL_W1204945195
P05726,WORK,PL_W1377658344
P05727,HOME,PL_W99094306
P05727,UNIVERSITY,PL_W61759776
P05728,HOME,PL_W31373085
P05728,WORK,PL_W97180145
P05729,HOME,PL_W661205614
P05729,WORK,PL_N14112280701
P05729,CHILD_SCHOOL,PL_W125776367
P05730,HOME,PL_W170051472
P05730,WORK,PL_N7596808407
P05731,HOME,PL_W660078111
P05731,WORK,PL_N598103108
P05732,HOME,PL_W659730292
P05732,WORK,PL_W38743637
P05733,HOME,PL_W659732019
P05733,WORK,PL_W660078366
P05733,CHILD_SCHOOL,PL_W37783057
P05734,HOME,PL_W660347989
P05734,WORK,PL_W715194644
P05734,CHILD_SCHOOL,PL_W36787819
P05735,HOME,PL_W705529530
P05735,UNIVERSITY,PL_W23447424
P05735,CHILD_SCHOOL,PL_W33725547
P05736,HOME,PL_W31622243
P05736,WORK,PL_W661314230
P05736,CHILD_SCHOOL,PL_W43327805
P05737,HOME,PL_W33036595
P05737,WORK,PL_N6348484106
P05737,CHILD_SCHOOL,PL_W34228912
P05738,HOME,PL_W662176372
P05738,WORK,PL_N6382389300
P05739,HOME,PL_W277289884
P05739,WORK,PL_W1147510134
P05740,HOME,PL_W32771030
P05740,WORK,PL_W58431316
P05741,HOME,PL_W662176446
P05741,WORK,PL_W179297875
P05742,HOME,PL_W660806974
P05742,WORK,PL_W165788419
P05743,HOME,PL_W1275521507
P05743,WORK,PL_W661314230
P05743,CHILD_SCHOOL,PL_W184368202
P05744,HOME,PL_W661066039
P05744,WORK,PL_W42890417
P05745,HOME,PL_W661919671
P05745,WORK,PL_W661541402
P05745,CHILD_SCHOOL,PL_W56996051
P05746,HOME,PL_W662094434
P05746,WORK,PL_W662150276
P05747,HOME,PL_W659334770
P05747,WORK,PL_N3495969098
P05748,HOME,PL_W705222378
P05748,WORK,PL_N5632878215
P05749,HOME,PL_W1251228296
P05749,WORK,PL_W61760382
P05750,HOME,PL_W32121734
P05750,WORK,PL_N3743415436
P05751,HOME,PL_W705011692
P05751,WORK,PL_W58745955
P05751,CHILD_SCHOOL,PL_W822689780
P05752,HOME,PL_W55947364
P05752,WORK,PL_W661035504
P05753,HOME,PL_W1163968780
P05753,WORK,PL_N11296430822
P05753,CHILD_SCHOOL,PL_W688267162
P05754,HOME,PL_W661841788
P05754,WORK,PL_W660624564
P05755,HOME,PL_W767378210
P05755,WORK,PL_W663828896
P05755,CHILD_SCHOOL,PL_W704292292
P05756,HOME,PL_W1275518428
P05756,WORK,PL_N10271792634
P05757,HOME,PL_W704945374
P05757,WORK,PL_W105516618
P05757,CHILD_SCHOOL,PL_W36332059
P05758,HOME,PL_W31811115
P05758,WORK,PL_W661541443
P05759,HOME,PL_W31373435
P05759,WORK,PL_N5448475709
P05759,CHILD_SCHOOL,PL_W122317772
P05760,HOME,PL_W659250552
P05760,WORK,PL_N7685208025
P05761,HOME,PL_W31451200
P05761,WORK,PL_W953878382
P05761,CHILD_SCHOOL,PL_W684083281
P05762,HOME,PL_W31617617
P05762,WORK,PL_W662776323
P05762,CHILD_SCHOOL,PL_N5413474408
P05763,HOME,PL_W31619128
P05763,WORK,PL_W661292604
P05763,CHILD_SCHOOL,PL_W33725547
P05764,HOME,PL_W659453171
P05764,WORK,PL_N577454546
P05765,HOME,PL_W662712139
P05765,WORK,PL_W258236803
P05766,HOME,PL_W434297223
P05766,WORK,PL_W61759777
P05766,CHILD_SCHOOL,PL_W30966655
P05767,HOME,PL_W31373095
P05767,WORK,PL_N9538690029
P05767,CHILD_SCHOOL,PL_W30966655
P05768,HOME,PL_W656562099
P05768,WORK,PL_N10995355823
P05769,HOME,PL_W31757792
P05769,WORK,PL_W27767642
P05770,HOME,PL_W1275519237
P05770,WORK,PL_N3930426876
P05770,CHILD_SCHOOL,PL_W36880101
P05771,HOME,PL_W221555655
P05771,WORK,PL_N7570784647
P05771,CHILD_SCHOOL,PL_W34777564
P05772,HOME,PL_W170055112
P05772,WORK,PL_W34720497
P05772,CHILD_SCHOOL,PL_W760791078
P05773,HOME,PL_W706190952
P05773,WORK,PL_W661021443
P05774,HOME,PL_W660820404
P05774,WORK,PL_W32540571
P05775,HOME,PL_W369781473
P05775,WORK,PL_N6321380485
P05776,HOME,PL_W698803577
P05776,WORK,PL_N6328179207
P05777,HOME,PL_W659333452
P05777,WORK,PL_W700221888
P05777,CHILD_SCHOOL,PL_W56868358
P05778,HOME,PL_W661919819
P05778,WORK,PL_W146416648
P05778,CHILD_SCHOOL,PL_W35836168
P05779,HOME,PL_W705010196
P05779,WORK,PL_W27630808
P05780,HOME,PL_W660837250
P05780,WORK,PL_N10838172286
P05781,HOME,PL_W662144469
P05781,WORK,PL_W96975978
P05782,HOME,PL_W31560364
P05782,WORK,PL_N2816057538
P05782,CHILD_SCHOOL,PL_W289382175
P05783,HOME,PL_W1426163152
P05783,WORK,PL_W241163484
P05784,HOME,PL_W121969223
P05784,WORK,PL_W943602453
P05785,HOME,PL_W705010177
P05785,WORK,PL_W34516395
P05785,CHILD_SCHOOL,PL_W36728598
P05786,HOME,PL_W31754597
P05786,WORK,PL_W243113645
P05787,HOME,PL_W704729327
P05787,WORK,PL_W27778414
P05788,HOME,PL_W705881546
P05788,WORK,PL_W705881546
P05788,CHILD_SCHOOL,PL_W34617374
P05789,HOME,PL_W291196700
P05789,UNIVERSITY,PL_N13670266862
P05790,HOME,PL_W33725436
P05790,WORK,PL_W231773826
P05790,CHILD_SCHOOL,PL_W503478885
P05791,HOME,PL_W31754471
P05791,WORK,PL_W663052831
P05791,CHILD_SCHOOL,PL_W36746611
P05792,HOME,PL_W705218739
P05792,WORK,PL_W657978765
P05792,CHILD_SCHOOL,PL_W68507025
P05793,HOME,PL_W659333339
P05793,WORK,PL_W661193374
P05794,HOME,PL_W943428729
P05794,WORK,PL_W659588075
P05794,CHILD_SCHOOL,PL_W25289564
P05795,HOME,PL_W703948829
P05795,WORK,PL_W1097603442
P05795,CHILD_SCHOOL,PL_W33543511
P05796,HOME,PL_W31617614
P05796,WORK,PL_W61430317
P05797,HOME,PL_W661565622
P05797,WORK,PL_N13142819761
P05798,HOME,PL_W36791704
P05798,WORK,PL_W661950811
P05798,CHILD_SCHOOL,PL_W42525407
P05799,HOME,PL_W31617606
P05799,WORK,PL_N11429918643
P05800,HOME,PL_W702167761
P05800,WORK,PL_W129029299
P05801,HOME,PL_W662142603
P05801,WORK,PL_W659729479
P05801,CHILD_SCHOOL,PL_W704597788
P05802,HOME,PL_W33036598
P05802,WORK,PL_W670106659
P05802,CHILD_SCHOOL,PL_W34617374
P05803,HOME,PL_W706093841
P05803,WORK,PL_W32610598
P05804,HOME,PL_W661821670
P05804,WORK,PL_N13094910965
P05804,CHILD_SCHOOL,PL_W37783195
P05805,HOME,PL_W660981591
P05805,WORK,PL_W146416316
P05806,HOME,PL_W31757291
P05806,WORK,PL_W104945735
P05806,CHILD_SCHOOL,PL_W36951033
P05807,HOME,PL_W943421439
P05807,WORK,PL_W659588030
P05807,CHILD_SCHOOL,PL_W25288139
P05808,HOME,PL_W705125021
P05808,WORK,PL_W34228021
P05809,HOME,PL_W31754597
P05809,WORK,PL_N4922145673
P05810,HOME,PL_W770873613
P05810,UNIVERSITY,PL_W61759776
P05810,CHILD_SCHOOL,PL_W29114133
P05811,HOME,PL_W1163968779
P05811,WORK,PL_W316749838
P05812,HOME,PL_W659246400
P05812,WORK,PL_W161836042
P05813,HOME,PL_W662094577
P05813,WORK,PL_W677206969
P05813,CHILD_SCHOOL,PL_W35836083
P05814,HOME,PL_W706078535
P05814,WORK,PL_N4475759674
P05815,HOME,PL_W661048735
P05815,WORK,PL_W767414699
P05815,CHILD_SCHOOL,PL_W25288139
P05816,HOME,PL_W661919784
P05816,WORK,PL_W1201445841
P05817,HOME,PL_W43811046
P05817,WORK,PL_W66979778
P05817,CHILD_SCHOOL,PL_W65239313
P05818,HOME,PL_W1204791666
P05818,WORK,PL_N3860004442
P05818,CHILD_SCHOOL,PL_W186986129
P05819,HOME,PL_W705555910
P05819,WORK,PL_W266686037
P05819,CHILD_SCHOOL,PL_W34617374
P05820,HOME,PL_W32455676
P05820,WORK,PL_W34614474
P05821,HOME,PL_W122356169
P05821,UNIVERSITY,PL_W161110169
P05822,HOME,PL_W705507609
P05822,WORK,PL_W93811229
P05823,HOME,PL_W661921397
P05823,WORK,PL_N6528691665
P05824,HOME,PL_W705115253
P05824,UNIVERSITY,PL_W23447424
P05825,HOME,PL_W706078563
P05825,WORK,PL_N7774898184
P05826,HOME,PL_W1202558391
P05826,WORK,PL_W659587784
P05827,HOME,PL_W573333525
P05827,WORK,PL_W659633469
P05828,HOME,PL_W705125027
P05828,WORK,PL_W56238413
P05829,HOME,PL_W702169782
P05829,WORK,PL_W55031045
P05829,CHILD_SCHOOL,PL_W43605743
P05830,HOME,PL_W531106851
P05830,WORK,PL_W658961714
P05830,CHILD_SCHOOL,PL_W34228913
P05831,HOME,PL_W661957411
P05831,UNIVERSITY,PL_N12912579192
P05832,HOME,PL_W706078547
P05832,UNIVERSITY,PL_N12912579192
P05833,HOME,PL_W31451019
P05833,WORK,PL_W174511485
P05834,HOME,PL_W704993422
P05834,WORK,PL_W52430059
P05834,CHILD_SCHOOL,PL_W224818044
P05835,HOME,PL_W34777542
P05835,WORK,PL_N13011543839
P05836,HOME,PL_W660634501
P05836,WORK,PL_W678759777
P05836,CHILD_SCHOOL,PL_W41364199
P05837,HOME,PL_W31619121
P05837,WORK,PL_N4720540131
P05838,HOME,PL_W1204907171
P05838,WORK,PL_W239024445
P05839,HOME,PL_W661649557
P05839,WORK,PL_W61698931
P05840,HOME,PL_W659829644
P05840,WORK,PL_W27767637
P05841,HOME,PL_W705507588
P05841,WORK,PL_W96773158
P05842,HOME,PL_W661275268
P05842,WORK,PL_N392095506
P05842,CHILD_SCHOOL,PL_W36377929
P05843,HOME,PL_W43805755
P05843,WORK,PL_W663868811
P05843,CHILD_SCHOOL,PL_W25366324
P05844,HOME,PL_W360220937
P05844,WORK,PL_W33681916
P05844,CHILD_SCHOOL,PL_W224159663
P05845,HOME,PL_W661207167
P05845,WORK,PL_W705844114
P05845,CHILD_SCHOOL,PL_W24501824
P05846,HOME,PL_W31373093
P05846,WORK,PL_N6584688078
P05847,HOME,PL_W704945366
P05847,WORK,PL_N6549779029
P05848,HOME,PL_W31560364
P05848,WORK,PL_W55029942
P05848,CHILD_SCHOOL,PL_W195969794
P05849,HOME,PL_W659448161
P05849,WORK,PL_W661512487
P05850,HOME,PL_W705109232
P05850,WORK,PL_W286526500
P05850,CHILD_SCHOOL,PL_W688269003
P05851,HOME,PL_W1461317589
P05851,WORK,PL_N6348433229
P05852,HOME,PL_W1202408285
P05852,WORK,PL_W31926230
P05852,CHILD_SCHOOL,PL_W34228911
P05853,HOME,PL_W1256994703
P05853,WORK,PL_N2158526657
P05854,HOME,PL_W705519674
P05854,WORK,PL_W657936357
P05855,HOME,PL_W31757271
P05855,UNIVERSITY,PL_W161110169
P05856,HOME,PL_W659340954
P05856,WORK,PL_N12150092290
P05857,HOME,PL_W31757882
P05857,WORK,PL_W89636165
P05857,CHILD_SCHOOL,PL_W37404404
P05858,HOME,PL_W705218756
P05858,WORK,PL_W58362433
P05858,CHILD_SCHOOL,PL_W160521056
P05859,HOME,PL_W659460897
P05859,WORK,PL_W804639102
P05859,CHILD_SCHOOL,PL_W35836166
P05860,HOME,PL_W31616723
P05860,WORK,PL_N1114112631
P05861,HOME,PL_W31756312
P05861,WORK,PL_N12499266453
P05862,HOME,PL_W41405413
P05862,WORK,PL_W661471840
P05863,HOME,PL_W661045707
P05863,WORK,PL_W796589700
P05864,HOME,PL_W660831339
P05864,WORK,PL_W906371916
P05865,HOME,PL_W42472532
P05865,WORK,PL_W44076451
P05866,HOME,PL_W659453407
P05866,WORK,PL_N10728242789
P05867,HOME,PL_W705737455
P05867,WORK,PL_W66979824
P05868,HOME,PL_W661274606
P05868,WORK,PL_N6561482348
P05868,CHILD_SCHOOL,PL_W70509378
P05869,HOME,PL_W663310376
P05869,WORK,PL_W58559277
P05869,CHILD_SCHOOL,PL_W33541228
P05870,HOME,PL_W660838980
P05870,WORK,PL_W679142315
P05871,HOME,PL_W43807126
P05871,WORK,PL_W43807126
P05871,CHILD_SCHOOL,PL_W36740007
P05872,HOME,PL_W1086999737
P05872,WORK,PL_N6662840573
P05873,HOME,PL_W31754572
P05873,WORK,PL_N7707090345
P05873,CHILD_SCHOOL,PL_W36543496
P05874,HOME,PL_W1086999737
P05874,WORK,PL_W991389119
P05874,CHILD_SCHOOL,PL_W179214961
P05875,HOME,PL_W705624354
P05875,WORK,PL_W61430204
P05875,CHILD_SCHOOL,PL_W34228912
P05876,HOME,PL_W661920843
P05876,WORK,PL_W661920843
P05876,CHILD_SCHOOL,PL_N7108106148
P05877,HOME,PL_W55947364
P05877,UNIVERSITY,PL_N10977886210
P05878,HOME,PL_W31373085
P05878,WORK,PL_W31451804
P05878,CHILD_SCHOOL,PL_W36368280
P05879,HOME,PL_W114706475
P05879,WORK,PL_W796653489
P05879,CHILD_SCHOOL,PL_W42709352
P05880,HOME,PL_W705010197
P05880,WORK,PL_W625769152
P05881,HOME,PL_W34229572
P05881,WORK,PL_N9511069391
P05882,HOME,PL_W31373089
P05882,WORK,PL_W1259404076
P05883,HOME,PL_W661204965
P05883,WORK,PL_W31620620
P05884,HOME,PL_W31451200
P05884,WORK,PL_W111661858
P05884,CHILD_SCHOOL,PL_W25366282
P05885,HOME,PL_W89185230
P05885,WORK,PL_W659629218
P05886,HOME,PL_W659453907
P05886,WORK,PL_N4635759005
P05887,HOME,PL_W662711090
P05887,WORK,PL_W60448443
P05888,HOME,PL_W170052638
P05888,WORK,PL_W34546253
P05889,HOME,PL_W705222382
P05889,WORK,PL_N11164128243
P05889,CHILD_SCHOOL,PL_W37404404
P05890,HOME,PL_W660806588
P05890,WORK,PL_N6547917547
P05891,HOME,PL_W1204500600
P05891,WORK,PL_W1377658343
P05891,CHILD_SCHOOL,PL_W239578890
P05892,HOME,PL_W416769424
P05892,WORK,PL_N8639212414
P05892,CHILD_SCHOOL,PL_N2332638609
P05893,HOME,PL_W661648536
P05893,WORK,PL_N599896656
P05894,HOME,PL_W34229575
P05894,WORK,PL_W241020327
P05895,HOME,PL_W31451008
P05895,WORK,PL_W28596077
P05895,CHILD_SCHOOL,PL_W35798778
P05896,HOME,PL_W43807126
P05896,WORK,PL_W55055009
P05896,CHILD_SCHOOL,PL_W35797979
P05897,HOME,PL_W33564021
P05897,WORK,PL_W41949958
P05897,CHILD_SCHOOL,PL_W36880101
P05898,HOME,PL_W760239221
P05898,WORK,PL_N14020001312
P05899,HOME,PL_W706078554
P05899,WORK,PL_W971037898
P05900,HOME,PL_W296252448
P05900,WORK,PL_N6554841589
P05901,HOME,PL_W661821938
P05901,WORK,PL_N13071856886
P05902,HOME,PL_W659840574
P05902,UNIVERSITY,PL_N2681580824
P05903,HOME,PL_W31811115
P05903,UNIVERSITY,PL_N11115201179
P05904,HOME,PL_W122359518
P05904,WORK,PL_W32326392
P05904,CHILD_SCHOOL,PL_W31756363
P05905,HOME,PL_W43806055
P05905,WORK,PL_W703752568
P05906,HOME,PL_W56051936
P05906,WORK,PL_N6201102927
P05907,HOME,PL_W1253685252
P05907,WORK,PL_W1253685252
P05907,CHILD_SCHOOL,PL_W41363542
P05908,HOME,PL_W661045050
P05908,WORK,PL_W31363991
P05909,HOME,PL_W31617620
P05909,WORK,PL_N4563405042
P05909,CHILD_SCHOOL,PL_W36543325
P05910,HOME,PL_W660586917
P05910,WORK,PL_W180683118
P05911,HOME,PL_W1275527441
P05911,UNIVERSITY,PL_W1502659706
P05912,HOME,PL_W659730609
P05912,WORK,PL_W662257868
P05912,CHILD_SCHOOL,PL_W34617360
P05913,HOME,PL_W660177008
P05913,WORK,PL_W658961513
P05914,HOME,PL_W659452611
P05914,WORK,PL_N6355104083
P05914,CHILD_SCHOOL,PL_W225936202
P05915,HOME,PL_W31757860
P05915,WORK,PL_W31620091
P05915,CHILD_SCHOOL,PL_W56051919
P05916,HOME,PL_W1205666499
P05916,UNIVERSITY,PL_W15396822
P05916,CHILD_SCHOOL,PL_W121969533
P05917,HOME,PL_W660569108
P05917,WORK,PL_W660569108
P05917,CHILD_SCHOOL,PL_W32819968
P05918,HOME,PL_W830376549
P05918,WORK,PL_W34122101
P05919,HOME,PL_W33541220
P05919,WORK,PL_W705555912
P05919,CHILD_SCHOOL,PL_W35836135
P05920,HOME,PL_W660637810
P05920,WORK,PL_N12290694708
P05920,CHILD_SCHOOL,PL_W42525407
P05921,HOME,PL_W705507601
P05921,WORK,PL_W111661581
P05921,CHILD_SCHOOL,PL_W41841713
P05922,HOME,PL_W659830692
P05922,WORK,PL_N13302058228
P05922,CHILD_SCHOOL,PL_W36747096
P05923,HOME,PL_W660078414
P05923,UNIVERSITY,PL_W15396822
P05924,HOME,PL_W978051268
P05924,WORK,PL_W1259404076
P05925,HOME,PL_W161132329
P05925,WORK,PL_N12996234419
P05926,HOME,PL_W31754696
P05926,WORK,PL_N14047499906
P05927,HOME,PL_W659445570
P05927,WORK,PL_N6593325671
P05927,CHILD_SCHOOL,PL_W369392223
P05928,HOME,PL_W660637443
P05928,WORK,PL_W34721373
P05929,HOME,PL_W133109681
P05929,WORK,PL_W657936302
P05929,CHILD_SCHOOL,PL_W33396855
P05930,HOME,PL_W705624346
P05930,WORK,PL_N13894632666
P05931,HOME,PL_W659839220
P05931,WORK,PL_N11072183535
P05932,HOME,PL_W233647044
P05932,WORK,PL_W13405060
P05932,CHILD_SCHOOL,PL_W171056869
P05933,HOME,PL_W31757860
P05933,WORK,PL_N11711526152
P05934,HOME,PL_W659831136
P05934,WORK,PL_N6341503886
P05934,CHILD_SCHOOL,PL_W760844017
P05935,HOME,PL_W33564012
P05935,WORK,PL_W33564012
P05936,HOME,PL_W706192711
P05936,WORK,PL_W706192711
P05937,HOME,PL_W660568826
P05937,WORK,PL_W662257868
P05937,CHILD_SCHOOL,PL_W705563029
P05938,HOME,PL_W660817961
P05938,WORK,PL_W660817961
P05939,HOME,PL_W661275886
P05939,UNIVERSITY,PL_W702537549
P05940,HOME,PL_W660816768
P05940,WORK,PL_N6418684808
P05941,HOME,PL_W660637534
P05941,WORK,PL_N12863386069
P05942,HOME,PL_W660636588
P05942,WORK,PL_W943701267
P05942,CHILD_SCHOOL,PL_W224817368
P05943,HOME,PL_W659252501
P05943,WORK,PL_W33562386
P05944,HOME,PL_W660819614
P05944,WORK,PL_N11433394296
P05944,CHILD_SCHOOL,PL_N2332638609
P05945,HOME,PL_W31757274
P05945,WORK,PL_W174674654
P05946,HOME,PL_W558037232
P05946,WORK,PL_W659588095
P05946,CHILD_SCHOOL,PL_W36880101
P05947,HOME,PL_W705121018
P05947,WORK,PL_W27767637
P05947,CHILD_SCHOOL,PL_W705565521
P05948,HOME,PL_W660586000
P05948,WORK,PL_N13717403119
P05949,HOME,PL_W770873612
P05949,WORK,PL_W179297875
P05949,CHILD_SCHOOL,PL_W25289564
P05950,HOME,PL_W31757274
P05950,WORK,PL_W79880294
P05951,HOME,PL_W660837593
P05951,WORK,PL_W662259383
P05952,HOME,PL_W705555910
P05952,WORK,PL_W969650893
P05953,HOME,PL_W1254489275
P05953,WORK,PL_N7650657932
P05953,CHILD_SCHOOL,PL_W121872356
P05954,HOME,PL_W659242209
P05954,WORK,PL_W80378604
P05955,HOME,PL_W661919756
P05955,WORK,PL_W170093318
P05956,HOME,PL_W659729172
P05956,WORK,PL_N5297381764
P05957,HOME,PL_W41405376
P05957,UNIVERSITY,PL_W23447424
P05958,HOME,PL_W33036599
P05958,WORK,PL_N9008123304
P05958,CHILD_SCHOOL,PL_W37680872
P05959,HOME,PL_W863282986
P05959,WORK,PL_W33543299
P05959,CHILD_SCHOOL,PL_W34229259
P05960,HOME,PL_W706093841
P05960,WORK,PL_N11933992411
P05960,CHILD_SCHOOL,PL_W33503129
P05961,HOME,PL_W943428733
P05961,WORK,PL_W659441216
P05961,CHILD_SCHOOL,PL_W54223625
P05962,HOME,PL_W41405376
P05962,WORK,PL_N11306913945
P05963,HOME,PL_W31757859
P05963,WORK,PL_W704594308
P05963,CHILD_SCHOOL,PL_W195493031
P05964,HOME,PL_W659830909
P05964,UNIVERSITY,PL_W1540356416
P05965,HOME,PL_W660602648
P05965,WORK,PL_W677770984
P05965,CHILD_SCHOOL,PL_W274833682
P05966,HOME,PL_W31756294
P05966,WORK,PL_W669604298
P05967,HOME,PL_W702141526
P05967,WORK,PL_N6304072706
P05967,CHILD_SCHOOL,PL_W33394479
P05968,HOME,PL_W706190954
P05968,WORK,PL_W62256154
P05969,HOME,PL_W659730897
P05969,WORK,PL_W661950844
P05970,HOME,PL_W31619122
P05970,WORK,PL_W111082647
P05970,CHILD_SCHOOL,PL_W36544304
P05971,HOME,PL_W702587009
P05971,WORK,PL_N3764071616
P05972,HOME,PL_W659731113
P05972,WORK,PL_W31619976
P05973,HOME,PL_W704997226
P05973,WORK,PL_W660624564
P05973,CHILD_SCHOOL,PL_W503478885
P05974,HOME,PL_W660637871
P05974,WORK,PL_N4330043332
P05974,CHILD_SCHOOL,PL_W167534168
P05975,HOME,PL_W659448588
P05975,WORK,PL_W34517019
P05976,HOME,PL_W1515894672
P05976,WORK,PL_W58562386
P05977,HOME,PL_W702169103
P05977,WORK,PL_W32507328
P05978,HOME,PL_W31451021
P05978,WORK,PL_W168876332
P05979,HOME,PL_W231406229
P05979,WORK,PL_W659599770
P05980,HOME,PL_W705010179
P05980,UNIVERSITY,PL_N12819212196
P05981,HOME,PL_W457493164
P05981,WORK,PL_W31620395
P05981,CHILD_SCHOOL,PL_W224818044
P05982,HOME,PL_W31811118
P05982,WORK,PL_W32596506
P05982,CHILD_SCHOOL,PL_W289382175
P05983,HOME,PL_W660346989
P05983,WORK,PL_W660346989
P05983,CHILD_SCHOOL,PL_W703414557
P05984,HOME,PL_W706078548
P05984,WORK,PL_W205717232
P05985,HOME,PL_W660356851
P05985,WORK,PL_N11774144079
P05986,HOME,PL_W660357404
P05986,WORK,PL_N3718745054
P05986,CHILD_SCHOOL,PL_W39205032
P05987,HOME,PL_W661919644
P05987,WORK,PL_W271775947
P05988,HOME,PL_W659830402
P05988,WORK,PL_W60230152
P05989,HOME,PL_W58936352
P05989,UNIVERSITY,PL_N401521720
P05990,HOME,PL_W662388556
P05990,WORK,PL_W669794349
P05990,CHILD_SCHOOL,PL_W703423111
P05991,HOME,PL_W660586674
P05991,WORK,PL_N6509946331
P05991,CHILD_SCHOOL,PL_W33541164
P05992,HOME,PL_W705222376
P05992,WORK,PL_W661812361
P05992,CHILD_SCHOOL,PL_W224815940
P05993,HOME,PL_W32122686
P05993,WORK,PL_W705507610
P05994,HOME,PL_W30966658
P05994,WORK,PL_W67141627
P05994,CHILD_SCHOOL,PL_W224815940
P05995,HOME,PL_W661074581
P05995,WORK,PL_W142739261
P05995,CHILD_SCHOOL,PL_W59584330
P05996,HOME,PL_W296252448
P05996,WORK,PL_W906401690
P05997,HOME,PL_W31373088
P05997,WORK,PL_W1545155846
P05997,CHILD_SCHOOL,PL_W684083281
P05998,HOME,PL_W457493164
P05998,WORK,PL_W1066266065
P05999,HOME,PL_W659333786
P05999,WORK,PL_W664651899
P06000,HOME,PL_W43805236
P06000,WORK,PL_W34551374
P06001,HOME,PL_W660603158
P06001,WORK,PL_W334623323
P06002,HOME,PL_W291196701
P06002,WORK,PL_W31619934
P06002,CHILD_SCHOOL,PL_W186575881
P06003,HOME,PL_W704634887
P06003,WORK,PL_W150494721
P06003,CHILD_SCHOOL,PL_W34073293
P06004,HOME,PL_W705563028
P06004,WORK,PL_W27767640
P06004,CHILD_SCHOOL,PL_N433856954
P06005,HOME,PL_W36791501
P06005,WORK,PL_W36791501
P06006,HOME,PL_W41405387
P06006,WORK,PL_W704945381
P06007,HOME,PL_W659448606
P06007,WORK,PL_N12825997767
P06007,CHILD_SCHOOL,PL_W688268884
P06008,HOME,PL_W662389322
P06008,WORK,PL_W663826503
P06008,CHILD_SCHOOL,PL_W32121744
P06009,HOME,PL_W704232357
P06009,WORK,PL_N13028454919
P06010,HOME,PL_W704729324
P06010,WORK,PL_W659581421
P06010,CHILD_SCHOOL,PL_W36747401
P06011,HOME,PL_W659335654
P06011,WORK,PL_W29512399
P06012,HOME,PL_W660347753
P06012,WORK,PL_W677477572
P06012,CHILD_SCHOOL,PL_W42149102
P06013,HOME,PL_W704232366
P06013,WORK,PL_W62057338
P06014,HOME,PL_W894580866
P06014,WORK,PL_W34414593
P06015,HOME,PL_W705737457
P06015,WORK,PL_W662766980
P06016,HOME,PL_W659333442
P06016,WORK,PL_N2679686788
P06016,CHILD_SCHOOL,PL_W688047029
P06017,HOME,PL_W661921293
P06017,WORK,PL_W659581414
P06017,CHILD_SCHOOL,PL_W224818044
P06018,HOME,PL_W706192709
P06018,WORK,PL_W144942369
P06019,HOME,PL_W662762109
P06019,WORK,PL_N6294585160
P06020,HOME,PL_W143654373
P06020,WORK,PL_N8641635844
P06020,CHILD_SCHOOL,PL_W499546959
P06021,HOME,PL_W660806714
P06021,UNIVERSITY,PL_W23447424
P06022,HOME,PL_W662726671
P06022,WORK,PL_W704229386
P06023,HOME,PL_W661824057
P06023,UNIVERSITY,PL_N1142872979
P06024,HOME,PL_W371983592
P06024,WORK,PL_W134818613
P06025,HOME,PL_W659829798
P06025,WORK,PL_N10906420648
P06025,CHILD_SCHOOL,PL_W122480554
P06026,HOME,PL_W706190951
P06026,UNIVERSITY,PL_W1502657605
P06027,HOME,PL_W705132823
P06027,WORK,PL_W877660793
P06027,CHILD_SCHOOL,PL_W224695919
P06028,HOME,PL_W660602627
P06028,WORK,PL_N6310065825
P06029,HOME,PL_W702145963
P06029,WORK,PL_W32773281
P06029,CHILD_SCHOOL,PL_W35836168
P06030,HOME,PL_W34777543
P06030,WORK,PL_W676415515
P06031,HOME,PL_W705882028
P06031,WORK,PL_N387792400
P06032,HOME,PL_W1170346634
P06032,WORK,PL_W42333323
P06032,CHILD_SCHOOL,PL_W36880101
P06033,HOME,PL_W660601216
P06033,WORK,PL_N3993978957
P06033,CHILD_SCHOOL,PL_W42709352
P06034,HOME,PL_W656562093
P06034,WORK,PL_N6353245389
P06035,HOME,PL_W1204543018
P06035,WORK,PL_W1042084198
P06036,HOME,PL_W659445072
P06036,WORK,PL_W201195209
P06037,HOME,PL_W661206487
P06037,WORK,PL_W661951688
P06037,CHILD_SCHOOL,PL_W57047252
P06038,HOME,PL_W660637790
P06038,WORK,PL_W58567257
P06039,HOME,PL_W1257085945
P06039,WORK,PL_W404584613
P06039,CHILD_SCHOOL,PL_W226096987
P06040,HOME,PL_W31617619
P06040,WORK,PL_W61759778
P06041,HOME,PL_W31757274
P06041,WORK,PL_N12859338392
P06041,CHILD_SCHOOL,PL_W25775044
P06042,HOME,PL_W33036600
P06042,WORK,PL_W55031878
P06043,HOME,PL_W122356169
P06043,WORK,PL_W33570228
P06044,HOME,PL_W42472531
P06044,WORK,PL_W42472531
P06045,HOME,PL_W662726675
P06045,WORK,PL_N3427220969
P06046,HOME,PL_W662389342
P06046,WORK,PL_N605209089
P06047,HOME,PL_W457493164
P06047,WORK,PL_W704634889
P06047,CHILD_SCHOOL,PL_W41364199
P06048,HOME,PL_W659446754
P06048,WORK,PL_W61511473
P06049,HOME,PL_W31373431
P06049,WORK,PL_W61430204
P06050,HOME,PL_W661957193
P06050,WORK,PL_W658487099
P06051,HOME,PL_W660637906
P06051,UNIVERSITY,PL_W469583454
P06052,HOME,PL_W31617609
P06052,WORK,PL_W659629200
P06052,CHILD_SCHOOL,PL_W57047252
P06053,HOME,PL_W705512151
P06053,WORK,PL_N3329242025
P06053,CHILD_SCHOOL,PL_N12968478972
P06054,HOME,PL_W31756368
P06054,WORK,PL_N5457575924
P06054,CHILD_SCHOOL,PL_W216295703
P06055,HOME,PL_W702169121
P06055,WORK,PL_N2904816566
P06056,HOME,PL_W706078557
P06056,WORK,PL_W661251278
P06056,CHILD_SCHOOL,PL_N13705682293
P06057,HOME,PL_W31451019
P06057,WORK,PL_N12810759206
P06058,HOME,PL_W43804995
P06058,WORK,PL_N7707323696
P06059,HOME,PL_W31616572
P06059,WORK,PL_W59036010
P06059,CHILD_SCHOOL,PL_W220920995
P06060,HOME,PL_W863282986
P06060,WORK,PL_W661078033
P06060,CHILD_SCHOOL,PL_W688267159
P06061,HOME,PL_W704232357
P06061,WORK,PL_N2607408279
P06062,HOME,PL_W170052631
P06062,WORK,PL_W35155100
P06063,HOME,PL_W659451493
P06063,UNIVERSITY,PL_W61759776
P06063,CHILD_SCHOOL,PL_W122301356
P06064,HOME,PL_W660347789
P06064,WORK,PL_W143654375
P06064,CHILD_SCHOOL,PL_W180044576
P06065,HOME,PL_W281846906
P06065,WORK,PL_N400989641
P06066,HOME,PL_W42472531
P06066,WORK,PL_W42472531
P06066,CHILD_SCHOOL,PL_W189427810
P06067,HOME,PL_W656560325
P06067,WORK,PL_W704997215
P06067,CHILD_SCHOOL,PL_W73323696
P06068,HOME,PL_W706080733
P06068,WORK,PL_W231980574
P06069,HOME,PL_W661649679
P06069,WORK,PL_N2159450935
P06069,CHILD_SCHOOL,PL_W37680872
P06070,HOME,PL_W31617617
P06070,WORK,PL_W62202665
P06071,HOME,PL_W659831136
P06071,WORK,PL_W257053580
P06072,HOME,PL_W56123389
P06072,WORK,PL_W56123389
P06073,HOME,PL_W659243857
P06073,WORK,PL_W669998771
P06073,CHILD_SCHOOL,PL_W705565520
P06074,HOME,PL_W170051471
P06074,UNIVERSITY,PL_N9376637799
P06075,HOME,PL_W660583850
P06075,WORK,PL_N3262703856
P06075,CHILD_SCHOOL,PL_W56201673
P06076,HOME,PL_W659839990
P06076,WORK,PL_W1013431155
P06077,HOME,PL_W31451201
P06077,WORK,PL_N4995440147
P06078,HOME,PL_W704995219
P06078,WORK,PL_N12086491083
P06079,HOME,PL_W660348085
P06079,WORK,PL_N12978886384
P06080,HOME,PL_W706190948
P06080,WORK,PL_W122205423
P06080,CHILD_SCHOOL,PL_W235324578
P06081,HOME,PL_W33036596
P06081,WORK,PL_N10786415133
P06082,HOME,PL_W661778809
P06082,UNIVERSITY,PL_W702100748
P06083,HOME,PL_W31451021
P06083,WORK,PL_W43805331
P06083,CHILD_SCHOOL,PL_W33503129
P06084,HOME,PL_W660348533
P06084,WORK,PL_W660348533
P06085,HOME,PL_W659455023
P06085,WORK,PL_W584972654
P06085,CHILD_SCHOOL,PL_W705565520
P06086,HOME,PL_W704993422
P06086,WORK,PL_N7195309578
P06087,HOME,PL_W659731109
P06087,WORK,PL_W62256154
P06088,HOME,PL_W31754569
P06088,WORK,PL_W34546205
P06088,CHILD_SCHOOL,PL_W704997229
P06089,HOME,PL_W31451163
P06089,WORK,PL_W61511473
P06089,CHILD_SCHOOL,PL_W24159328
P06090,HOME,PL_W659731241
P06090,WORK,PL_W43125814
P06091,HOME,PL_W659549504
P06091,WORK,PL_N6306326489
P06092,HOME,PL_W291196701
P06092,WORK,PL_W662097486
P06093,HOME,PL_W661635481
P06093,WORK,PL_N11704668239
P06094,HOME,PL_W705507594
P06094,WORK,PL_W805391913
P06095,HOME,PL_W31373087
P06095,WORK,PL_N575245006
P06096,HOME,PL_W704995223
P06096,WORK,PL_W56009253
P06097,HOME,PL_W702141523
P06097,WORK,PL_W953878382
P06098,HOME,PL_W31373435
P06098,WORK,PL_W662213143
P06099,HOME,PL_W31373083
P06099,WORK,PL_W59248729
P06100,HOME,PL_W89185226
P06100,WORK,PL_N383179943
P06101,HOME,PL_W661841581
P06101,WORK,PL_N6712340468
P06102,HOME,PL_W706192712
P06102,WORK,PL_W706192712
P06102,CHILD_SCHOOL,PL_W61955065
P06103,HOME,PL_W31754572
P06103,WORK,PL_W943602453
P06103,CHILD_SCHOOL,PL_W35798787
P06104,HOME,PL_W659830600
P06104,WORK,PL_N7009937516
P06105,HOME,PL_W661066593
P06105,WORK,PL_N6568182609
P06106,HOME,PL_W702142765
P06106,WORK,PL_N6545684813
P06107,HOME,PL_W659446710
P06107,WORK,PL_N13374576838
P06108,HOME,PL_W659247427
P06108,WORK,PL_W795953855
P06109,HOME,PL_W702169124
P06109,WORK,PL_N7751703062
P06110,HOME,PL_W659454416
P06110,WORK,PL_W61014137
P06110,CHILD_SCHOOL,PL_W201704236
P06111,HOME,PL_W1204326945
P06111,WORK,PL_W335899654
P06112,HOME,PL_W706078563
P06112,WORK,PL_W706078563
P06113,HOME,PL_W660867054
P06113,WORK,PL_W661314230
P06113,CHILD_SCHOOL,PL_W35836168
P06114,HOME,PL_W704232371
P06114,WORK,PL_N13962894528
P06115,HOME,PL_W967290533
P06115,WORK,PL_W62058577
P06116,HOME,PL_W89185222
P06116,WORK,PL_W32742026
P06117,HOME,PL_W35836410
P06117,WORK,PL_W35836410
P06117,CHILD_SCHOOL,PL_W36786284
P06118,HOME,PL_W656560830
P06118,WORK,PL_W104945732
P06119,HOME,PL_W31617620
P06119,WORK,PL_N7759217331
P06120,HOME,PL_W706078542
P06120,WORK,PL_W706078542
P06121,HOME,PL_W33541220
P06121,WORK,PL_N9132860600
P06122,HOME,PL_W662761359
P06122,WORK,PL_W659587796
P06122,CHILD_SCHOOL,PL_W224813127
P06123,HOME,PL_W659334163
P06123,UNIVERSITY,PL_W33013888
P06124,HOME,PL_W31757883
P06124,WORK,PL_N7553853679
P06125,HOME,PL_W61955719
P06125,WORK,PL_W663827277
P06125,CHILD_SCHOOL,PL_W36880098
P06126,HOME,PL_W662176703
P06126,WORK,PL_N13648921028
P06126,CHILD_SCHOOL,PL_W35545754
P06127,HOME,PL_W978051264
P06127,WORK,PL_W56437582
P06127,CHILD_SCHOOL,PL_W1500052015
P06128,HOME,PL_W702145959
P06128,WORK,PL_W22914034
P06129,HOME,PL_W704288164
P06129,WORK,PL_W300884213
P06130,HOME,PL_W852696568
P06130,WORK,PL_W42472536
P06131,HOME,PL_W704945365
P06131,WORK,PL_W67132136
P06131,CHILD_SCHOOL,PL_N13625366295
P06132,HOME,PL_W661957074
P06132,WORK,PL_W679142320
P06133,HOME,PL_W659451836
P06133,WORK,PL_W58869437
P06133,CHILD_SCHOOL,PL_W239578890
P06134,HOME,PL_W659829644
P06134,WORK,PL_W657935859
P06134,CHILD_SCHOOL,PL_W34073293
P06135,HOME,PL_W705125027
P06135,UNIVERSITY,PL_W1504225085
P06136,HOME,PL_W660601015
P06136,WORK,PL_W60609247
P06136,CHILD_SCHOOL,PL_N12968468121
P06137,HOME,PL_W661565046
P06137,WORK,PL_W188119228
P06138,HOME,PL_W659245149
P06138,WORK,PL_W32605072
P06139,HOME,PL_W170055111
P06139,WORK,PL_W36921533
P06139,CHILD_SCHOOL,PL_W224815295
P06140,HOME,PL_W659460579
P06140,UNIVERSITY,PL_W61759776
P06141,HOME,PL_W706192713
P06141,WORK,PL_W287416336
P06142,HOME,PL_W661076318
P06142,WORK,PL_W124126825
P06143,HOME,PL_W661047949
P06143,WORK,PL_W679046739
P06144,HOME,PL_W31811184
P06144,WORK,PL_W31811184
P06145,HOME,PL_W59434211
P06145,WORK,PL_W132115340
P06146,HOME,PL_W704993424
P06146,WORK,PL_W658487113
P06146,CHILD_SCHOOL,PL_W36951033
P06147,HOME,PL_W31616721
P06147,WORK,PL_W66975040
P06148,HOME,PL_W143654373
P06148,UNIVERSITY,PL_N12322231472
P06149,HOME,PL_W662142945
P06149,UNIVERSITY,PL_N1142872979
P06150,HOME,PL_W1275527447
P06150,WORK,PL_N5345553359
P06151,HOME,PL_W662258018
P06151,WORK,PL_W661951759
P06151,CHILD_SCHOOL,PL_W274833682
P06152,HOME,PL_W661569027
P06152,WORK,PL_N3044762416
P06152,CHILD_SCHOOL,PL_W31756363
P06153,HOME,PL_W705565532
P06153,WORK,PL_W265703121
P06154,HOME,PL_W659340347
P06154,WORK,PL_W657979451
P06155,HOME,PL_W660600684
P06155,WORK,PL_W27778689
P06156,HOME,PL_W251872869
P06156,WORK,PL_W1341461749
P06157,HOME,PL_W660633200
P06157,WORK,PL_W1013234823
P06157,CHILD_SCHOOL,PL_W65239313
P06158,HOME,PL_W660602917
P06158,WORK,PL_W669604298
P06158,CHILD_SCHOOL,PL_N7751979185
P06159,HOME,PL_W706192711
P06159,WORK,PL_N2065683567
P06159,CHILD_SCHOOL,PL_W25289564
P06160,HOME,PL_W661821800
P06160,WORK,PL_W55218348
P06161,HOME,PL_W659830904
P06161,WORK,PL_W1541291357
P06162,HOME,PL_W704228127
P06162,WORK,PL_W33300472
P06162,CHILD_SCHOOL,PL_W31956205
P06163,HOME,PL_W704993424
P06163,WORK,PL_N712595026
P06163,CHILD_SCHOOL,PL_W122480554
P06164,HOME,PL_W661331562
P06164,WORK,PL_W33189763
P06165,HOME,PL_W705222379
P06165,WORK,PL_W704288161
P06166,HOME,PL_W31754538
P06166,WORK,PL_W32803287
P06167,HOME,PL_W705881542
P06167,WORK,PL_W660806638
P06168,HOME,PL_W661048178
P06168,WORK,PL_W1531629510
P06169,HOME,PL_W42472532
P06169,WORK,PL_W679046739
P06170,HOME,PL_W662775283
P06170,WORK,PL_W918421631
P06171,HOME,PL_W661649822
P06171,WORK,PL_W585487294
P06171,CHILD_SCHOOL,PL_W688267161
P06172,HOME,PL_W705109218
P06172,WORK,PL_W676104927
P06173,HOME,PL_W31373083
P06173,UNIVERSITY,PL_W23447424
P06174,HOME,PL_W31451199
P06174,UNIVERSITY,PL_W1502659706
P06175,HOME,PL_W661636141
P06175,WORK,PL_W136796596
P06175,CHILD_SCHOOL,PL_W180044576
P06176,HOME,PL_W661635899
P06176,WORK,PL_W58755169
P06177,HOME,PL_W660806588
P06177,WORK,PL_N2288216731
P06177,CHILD_SCHOOL,PL_W703400000
P06178,HOME,PL_W661075059
P06178,UNIVERSITY,PL_W1502659706
P06179,HOME,PL_W31451200
P06179,WORK,PL_W232951140
P06180,HOME,PL_W31451052
P06180,WORK,PL_W55029513
P06180,CHILD_SCHOOL,PL_W705563029
P06181,HOME,PL_W1204800356
P06181,WORK,PL_W314204592
P06182,HOME,PL_W32820133
P06182,WORK,PL_W694527214
P06182,CHILD_SCHOOL,PL_W30966655
P06183,HOME,PL_W705125028
P06183,UNIVERSITY,PL_N2375249754
P06184,HOME,PL_W706080734
P06184,WORK,PL_N4159296676
P06184,CHILD_SCHOOL,PL_W34769382
P06185,HOME,PL_W705507607
P06185,WORK,PL_W226326868
P06186,HOME,PL_W661331164
P06186,WORK,PL_N13175505745
P06187,HOME,PL_W170055114
P06187,WORK,PL_N7581344013
P06188,HOME,PL_W661205299
P06188,WORK,PL_W495079992
P06188,CHILD_SCHOOL,PL_W225582647
P06189,HOME,PL_W704228133
P06189,WORK,PL_W61759777
P06190,HOME,PL_W703722939
P06190,WORK,PL_W62361726
P06191,HOME,PL_W702169774
P06191,WORK,PL_W58646797
P06192,HOME,PL_W704729324
P06192,WORK,PL_W704729324
P06192,CHILD_SCHOOL,PL_W704997229
P06193,HOME,PL_W1334905970
P06193,UNIVERSITY,PL_N13951193852
P06194,HOME,PL_W895949334
P06194,WORK,PL_W60186218
P06195,HOME,PL_W656561905
P06195,WORK,PL_N6565904335
P06196,HOME,PL_W661650831
P06196,WORK,PL_W90306466
P06197,HOME,PL_W705649173
P06197,WORK,PL_W344178891
P06198,HOME,PL_W36791493
P06198,WORK,PL_N3306483520
P06198,CHILD_SCHOOL,PL_W36747098
P06199,HOME,PL_W659248566
P06199,WORK,PL_N9739835583
P06200,HOME,PL_W659831271
P06200,WORK,PL_W31451804
P06200,CHILD_SCHOOL,PL_W33725547
P06201,HOME,PL_W32455674
P06201,WORK,PL_W241193936
P06202,HOME,PL_W659335695
P06202,WORK,PL_W659307942
P06202,CHILD_SCHOOL,PL_W705011693
P06203,HOME,PL_W89185222
P06203,WORK,PL_N6341941423
P06204,HOME,PL_W659829486
P06204,WORK,PL_N13667092915
P06204,CHILD_SCHOOL,PL_W703423111
P06205,HOME,PL_W661049792
P06205,UNIVERSITY,PL_N547498239
P06205,CHILD_SCHOOL,PL_W41363542
P06206,HOME,PL_W661648887
P06206,UNIVERSITY,PL_N12091108919
P06207,HOME,PL_W36791544
P06207,WORK,PL_N4595604775
P06208,HOME,PL_W706190952
P06208,WORK,PL_W663315377
P06209,HOME,PL_W661204873
P06209,WORK,PL_W661541480
P06209,CHILD_SCHOOL,PL_W35798652
P06210,HOME,PL_W166540890
P06210,UNIVERSITY,PL_W61759776
P06211,HOME,PL_W659733659
P06211,WORK,PL_W680608316
P06212,HOME,PL_W31373086
P06212,WORK,PL_N11663647221
P06212,CHILD_SCHOOL,PL_W33396453
P06213,HOME,PL_W457493164
P06213,WORK,PL_W178160850
P06213,CHILD_SCHOOL,PL_W224136221
P06214,HOME,PL_W1275524444
P06214,WORK,PL_W194214322
P06214,CHILD_SCHOOL,PL_W61955065
P06215,HOME,PL_W659341422
P06215,WORK,PL_N11128269949
P06215,CHILD_SCHOOL,PL_W42530511
P06216,HOME,PL_W32820131
P06216,WORK,PL_W13405060
P06217,HOME,PL_W659447238
P06217,WORK,PL_N6169558995
P06218,HOME,PL_W659445931
P06218,WORK,PL_N4001723554
P06219,HOME,PL_W31754597
P06219,WORK,PL_W56437582
P06219,CHILD_SCHOOL,PL_W195969125
P06220,HOME,PL_W705218736
P06220,WORK,PL_N6314004672
P06221,HOME,PL_W705507594
P06221,WORK,PL_W137927024
P06221,CHILD_SCHOOL,PL_W25366282
P06222,HOME,PL_W661075293
P06222,WORK,PL_W34550596
P06223,HOME,PL_W659334397
P06223,WORK,PL_W43805352
P06224,HOME,PL_W660079685
P06224,WORK,PL_N12898123580
P06224,CHILD_SCHOOL,PL_W224136220
P06225,HOME,PL_W512557919
P06225,WORK,PL_N13689858678
P06226,HOME,PL_W43805236
P06226,WORK,PL_W29004211
P06227,HOME,PL_W41405379
P06227,WORK,PL_N2704255396
P06228,HOME,PL_W31757276
P06228,WORK,PL_W33561126
P06228,CHILD_SCHOOL,PL_W35798652
P06229,HOME,PL_W705519674
P06229,WORK,PL_W180549731
P06230,HOME,PL_W31373435
P06230,WORK,PL_W103096656
P06230,CHILD_SCHOOL,PL_W36331867
P06231,HOME,PL_W660177210
P06231,WORK,PL_W174674654
P06232,HOME,PL_W31756387
P06232,WORK,PL_W34615187
P06232,CHILD_SCHOOL,PL_W36544304
P06233,HOME,PL_W659249426
P06233,WORK,PL_N3728548581
P06234,HOME,PL_W144500773
P06234,WORK,PL_W441612274
P06235,HOME,PL_W662175688
P06235,WORK,PL_W657934722
P06236,HOME,PL_W659333449
P06236,UNIVERSITY,PL_W23447393
P06237,HOME,PL_W702587016
P06237,WORK,PL_N13357603673
P06237,CHILD_SCHOOL,PL_W56051877
P06238,HOME,PL_W659730256
P06238,WORK,PL_N9543477504
P06239,HOME,PL_W662143948
P06239,WORK,PL_W55223053
P06239,CHILD_SCHOOL,PL_W35836139
P06240,HOME,PL_W705740400
P06240,WORK,PL_W797150010
P06241,HOME,PL_W662175002
P06241,WORK,PL_N5558907089
P06242,HOME,PL_W369781473
P06242,WORK,PL_N6593325985
P06243,HOME,PL_W660077979
P06243,WORK,PL_N6551711419
P06244,HOME,PL_W703948829
P06244,WORK,PL_W32707332
P06245,HOME,PL_W659446408
P06245,WORK,PL_W203425966
P06245,CHILD_SCHOOL,PL_W34617374
P06246,HOME,PL_W704597789
P06246,WORK,PL_N13043775029
P06246,CHILD_SCHOOL,PL_W36746611
P06247,HOME,PL_W703776820
P06247,WORK,PL_W676104887
P06248,HOME,PL_W659449068
P06248,WORK,PL_W33000864
P06249,HOME,PL_W1275518422
P06249,WORK,PL_N2704263721
P06250,HOME,PL_W705649185
P06250,WORK,PL_N13879320053
P06251,HOME,PL_W704292283
P06251,UNIVERSITY,PL_N2884419126
P06252,HOME,PL_W661206317
P06252,WORK,PL_W506138849
P06253,HOME,PL_W660078383
P06253,WORK,PL_W35600179
P06254,HOME,PL_W705132829
P06254,WORK,PL_N6465507585
P06255,HOME,PL_W1204730336
P06255,WORK,PL_N1515960448
P06256,HOME,PL_W943421439
P06256,WORK,PL_W661774765
P06257,HOME,PL_W660586023
P06257,WORK,PL_N6304924235
P06257,CHILD_SCHOOL,PL_W36740007
P06258,HOME,PL_W659341300
P06258,WORK,PL_W143672481
P06258,CHILD_SCHOOL,PL_W75367984
P06259,HOME,PL_W705529523
P06259,WORK,PL_W148646768
P06260,HOME,PL_W662535866
P06260,WORK,PL_N8590229305
P06261,HOME,PL_W662534912
P06261,WORK,PL_W661205742
P06261,CHILD_SCHOOL,PL_W225936202
P06262,HOME,PL_W661841378
P06262,WORK,PL_W33562383
P06263,HOME,PL_W661325248
P06263,WORK,PL_W314652547
P06264,HOME,PL_W660078185
P06264,WORK,PL_W239024445
P06265,HOME,PL_W770873614
P06265,WORK,PL_N6549480726
P06265,CHILD_SCHOOL,PL_W37783057
P06266,HOME,PL_W31617611
P06266,WORK,PL_W60483157
P06266,CHILD_SCHOOL,PL_W195493031
P06267,HOME,PL_W238104479
P06267,WORK,PL_W136796593
P06267,CHILD_SCHOOL,PL_W186031210
P06268,HOME,PL_W132148485
P06268,WORK,PL_N12125662455
P06269,HOME,PL_W659447595
P06269,WORK,PL_W677477572
P06269,CHILD_SCHOOL,PL_W226096987
P06270,HOME,PL_W661206787
P06270,WORK,PL_W67140617
P06271,HOME,PL_W48715403
P06271,WORK,PL_N2243470931
P06272,HOME,PL_W660358116
P06272,WORK,PL_W660358116
P06272,CHILD_SCHOOL,PL_W34777564
P06273,HOME,PL_W661205048
P06273,WORK,PL_W239024445
P06273,CHILD_SCHOOL,PL_W35836139
P06274,HOME,PL_W41405395
P06274,WORK,PL_W685825630
P06274,CHILD_SCHOOL,PL_W220408094
P06275,HOME,PL_W661920309
P06275,WORK,PL_W233181463
P06276,HOME,PL_W31373517
P06276,WORK,PL_W659588023
P06277,HOME,PL_W659252612
P06277,UNIVERSITY,PL_W23447514
P06278,HOME,PL_W660816826
P06278,UNIVERSITY,PL_N9543551939
P06279,HOME,PL_W34229573
P06279,WORK,PL_W705109210
P06279,CHILD_SCHOOL,PL_W34617374
P06280,HOME,PL_W705529513
P06280,UNIVERSITY,PL_W23447424
P06280,CHILD_SCHOOL,PL_W73323696
P06281,HOME,PL_W31754693
P06281,WORK,PL_W219168620
P06281,CHILD_SCHOOL,PL_W122480554
P06282,HOME,PL_W703946864
P06282,WORK,PL_W167925742
P06282,CHILD_SCHOOL,PL_W703414558
P06283,HOME,PL_W661217699
P06283,WORK,PL_W679964142
P06283,CHILD_SCHOOL,PL_W65239313
P06284,HOME,PL_W863282986
P06284,WORK,PL_N3413571002
P06284,CHILD_SCHOOL,PL_W170267116
P06285,HOME,PL_W1348023078
P06285,UNIVERSITY,PL_W23447424
P06286,HOME,PL_W122356169
P06286,WORK,PL_W660357354
P06287,HOME,PL_W33653601
P06287,WORK,PL_W33653601
P06288,HOME,PL_W661075270
P06288,WORK,PL_N6341941405
P06288,CHILD_SCHOOL,PL_W224136220
P06289,HOME,PL_W30966657
P06289,WORK,PL_N12517925331
P06290,HOME,PL_W122359518
P06290,UNIVERSITY,PL_N9633703338
P06290,CHILD_SCHOOL,PL_N705487646
P06291,HOME,PL_W659732334
P06291,WORK,PL_N13478624672
P06291,CHILD_SCHOOL,PL_W369392223
P06292,HOME,PL_W89185222
P06292,WORK,PL_W61011663
P06293,HOME,PL_W704196063
P06293,WORK,PL_W661193506
P06293,CHILD_SCHOOL,PL_W36377929
P06294,HOME,PL_W31757784
P06294,WORK,PL_N9684228297
P06295,HOME,PL_W705529523
P06295,WORK,PL_N9029747499
P06295,CHILD_SCHOOL,PL_W14608518
P06296,HOME,PL_W661075315
P06296,WORK,PL_W664161986
P06296,CHILD_SCHOOL,PL_W224671171
P06297,HOME,PL_W705740400
P06297,WORK,PL_N6810272357
P06298,HOME,PL_W660568356
P06298,WORK,PL_W33191766
P06299,HOME,PL_W1275520638
P06299,WORK,PL_N7581385501
P06299,CHILD_SCHOOL,PL_W37783195
P06300,HOME,PL_W1204771977
P06300,WORK,PL_W669604318
P06300,CHILD_SCHOOL,PL_W184368202
P06301,HOME,PL_W705650227
P06301,WORK,PL_N6348659395
P06302,HOME,PL_W659728649
P06302,WORK,PL_N13924323762
P06302,CHILD_SCHOOL,PL_W143657503
P06303,HOME,PL_W662144689
P06303,UNIVERSITY,PL_N13951193852
P06304,HOME,PL_W143654373
P06304,WORK,PL_W333192882
P06305,HOME,PL_W659453743
P06305,WORK,PL_W32742026
P06305,CHILD_SCHOOL,PL_W36870739
P06306,HOME,PL_W659447833
P06306,WORK,PL_N3494914034
P06306,CHILD_SCHOOL,PL_W143657503
P06307,HOME,PL_W662144289
P06307,WORK,PL_N13011543819
P06307,CHILD_SCHOOL,PL_W36785083
P06308,HOME,PL_W31451200
P06308,WORK,PL_W469294655
P06309,HOME,PL_W661469705
P06309,WORK,PL_N2748427540
P06310,HOME,PL_W611609074
P06310,WORK,PL_W170018362
P06310,CHILD_SCHOOL,PL_W35798775
P06311,HOME,PL_W1163968779
P06311,WORK,PL_W1163968779
P06312,HOME,PL_W659838409
P06312,UNIVERSITY,PL_N2884419126
P06313,HOME,PL_W170052632
P06313,WORK,PL_W33848018
P06314,HOME,PL_W705563031
P06314,UNIVERSITY,PL_N12912579192
P06315,HOME,PL_W660867040
P06315,WORK,PL_W32742026
P06316,HOME,PL_W660819346
P06316,UNIVERSITY,PL_N6848957015
P06317,HOME,PL_W704995223
P06317,WORK,PL_W661250210
P06317,CHILD_SCHOOL,PL_W41841713
P06318,HOME,PL_W41405415
P06318,WORK,PL_W122204305
P06319,HOME,PL_W467510090
P06319,WORK,PL_W1046417334
P06319,CHILD_SCHOOL,PL_W235324578
P06320,HOME,PL_W195460114
P06320,WORK,PL_W468030019
P06321,HOME,PL_W660831191
P06321,WORK,PL_N2153426073
P06321,CHILD_SCHOOL,PL_W36747398
P06322,HOME,PL_W661921209
P06322,UNIVERSITY,PL_N12912579192
P06323,HOME,PL_W660078201
P06323,WORK,PL_N8023696432
P06323,CHILD_SCHOOL,PL_W35798021
P06324,HOME,PL_W33036594
P06324,WORK,PL_W90306466
P06325,HOME,PL_W1518710152
P06325,WORK,PL_W141284992
P06326,HOME,PL_W705011690
P06326,WORK,PL_N2153230504
P06327,HOME,PL_W702141523
P06327,UNIVERSITY,PL_N1518532024
P06328,HOME,PL_W705737451
P06328,WORK,PL_W662775254
P06329,HOME,PL_W660212331
P06329,WORK,PL_W170018363
P06329,CHILD_SCHOOL,PL_W42525407
P06330,HOME,PL_W659447563
P06330,UNIVERSITY,PL_N12322231472
P06331,HOME,PL_W31617605
P06331,WORK,PL_W661471612
P06331,CHILD_SCHOOL,PL_W35798775
P06332,HOME,PL_W660358087
P06332,WORK,PL_W34749848
P06333,HOME,PL_W661045739
P06333,WORK,PL_W105516608
P06333,CHILD_SCHOOL,PL_W31956205
P06334,HOME,PL_W558836980
P06334,WORK,PL_N5581608385
P06335,HOME,PL_W143657050
P06335,WORK,PL_N5838651789
P06335,CHILD_SCHOOL,PL_W36880098
P06336,HOME,PL_W31757287
P06336,WORK,PL_W67141324
P06336,CHILD_SCHOOL,PL_W73323696
P06337,HOME,PL_W660347214
P06337,WORK,PL_W663518490
P06338,HOME,PL_W662776161
P06338,WORK,PL_N1379170630
P06339,HOME,PL_W705624354
P06339,WORK,PL_N2620440318
P06339,CHILD_SCHOOL,PL_W171477484
P06340,HOME,PL_W659444691
P06340,UNIVERSITY,PL_W61759776
P06341,HOME,PL_W705011704
P06341,WORK,PL_W34515539
P06341,CHILD_SCHOOL,PL_W369392223
P06342,HOME,PL_W656561903
P06342,WORK,PL_W659581412
P06343,HOME,PL_W659243553
P06343,UNIVERSITY,PL_N9543551939
P06344,HOME,PL_W661048149
P06344,WORK,PL_W363990471
P06344,CHILD_SCHOOL,PL_W25289564
P06345,HOME,PL_W659445839
P06345,WORK,PL_W191843130
P06345,CHILD_SCHOOL,PL_W36870739
P06346,HOME,PL_W661050790
P06346,WORK,PL_W43805331
P06346,CHILD_SCHOOL,PL_W184368203
P06347,HOME,PL_W661075366
P06347,WORK,PL_W34720688
P06348,HOME,PL_W170051472
P06348,WORK,PL_W1531629509
P06348,CHILD_SCHOOL,PL_W43613879
P06349,HOME,PL_W31617613
P06349,WORK,PL_W38743637
P06350,HOME,PL_W558836980
P06350,WORK,PL_N502720111
P06350,CHILD_SCHOOL,PL_W34617360
P06351,HOME,PL_W659340579
P06351,WORK,PL_N1885286964
P06352,HOME,PL_W661066084
P06352,WORK,PL_N14027227866
P06353,HOME,PL_W704292291
P06353,WORK,PL_W300884213
P06353,CHILD_SCHOOL,PL_W163042361
P06354,HOME,PL_W31617619
P06354,WORK,PL_W32707393
P06354,CHILD_SCHOOL,PL_W36785083
P06355,HOME,PL_W31373428
P06355,WORK,PL_W151179146
P06355,CHILD_SCHOOL,PL_N2332638609
P06356,HOME,PL_W31811115
P06356,WORK,PL_N10820481470
P06357,HOME,PL_W1204907122
P06357,WORK,PL_W255630384
P06358,HOME,PL_W43811046
P06358,WORK,PL_N6713669652
P06359,HOME,PL_W660867627
P06359,WORK,PL_N4922343571
P06360,HOME,PL_W703722939
P06360,WORK,PL_N2966355208
P06361,HOME,PL_W660817007
P06361,WORK,PL_N3687539002
P06362,HOME,PL_W31373437
P06362,WORK,PL_W67141700
P06362,CHILD_SCHOOL,PL_W35836274
P06363,HOME,PL_W31619296
P06363,WORK,PL_N6603455811
P06364,HOME,PL_W32455674
P06364,WORK,PL_W702145965
P06365,HOME,PL_W1204907096
P06365,WORK,PL_W429411804
P06365,CHILD_SCHOOL,PL_W688268884
P06366,HOME,PL_W33725066
P06366,WORK,PL_N390997489
P06367,HOME,PL_W1021349239
P06367,WORK,PL_N5181200162
P06367,CHILD_SCHOOL,PL_W705011693
P06368,HOME,PL_W1137681907
P06368,WORK,PL_W61430317
P06368,CHILD_SCHOOL,PL_W688268884
P06369,HOME,PL_W660820118
P06369,WORK,PL_W31620168
P06370,HOME,PL_W662762022
P06370,WORK,PL_W598637692
P06371,HOME,PL_W660357703
P06371,WORK,PL_W56062698
P06372,HOME,PL_W34229574
P06372,WORK,PL_W436901530
P06372,CHILD_SCHOOL,PL_W29113970
P06373,HOME,PL_W659548893
P06373,WORK,PL_W42709356
P06374,HOME,PL_W114706475
P06374,WORK,PL_W33409410
P06374,CHILD_SCHOOL,PL_W35798787
P06375,HOME,PL_W43811734
P06375,WORK,PL_W657979484
P06375,CHILD_SCHOOL,PL_W703423111
P06376,HOME,PL_W32771030
P06376,WORK,PL_N5091609418
P06377,HOME,PL_W663310860
P06377,WORK,PL_W27767640
P06377,CHILD_SCHOOL,PL_W25366282
P06378,HOME,PL_W31373094
P06378,WORK,PL_N4286043213
P06379,HOME,PL_W1204542931
P06379,WORK,PL_W33562383
P06380,HOME,PL_W703249920
P06380,WORK,PL_W1395777493
P06380,CHILD_SCHOOL,PL_W703420515
P06381,HOME,PL_W705529528
P06381,WORK,PL_W93811221
P06382,HOME,PL_W660347364
P06382,WORK,PL_N12596289530
P06383,HOME,PL_W662762714
P06383,WORK,PL_W179653207
P06384,HOME,PL_W661049761
P06384,UNIVERSITY,PL_N11711556182
P06385,HOME,PL_W186588115
P06385,WORK,PL_W61014137
P06386,HOME,PL_W659444427
P06386,WORK,PL_N3405891061
P06387,HOME,PL_W705563028
P06387,WORK,PL_W677784207
P06388,HOME,PL_W661045434
P06388,UNIVERSITY,PL_N13946404588
P06388,CHILD_SCHOOL,PL_W29113970
P06389,HOME,PL_W660634276
P06389,WORK,PL_W27778414
P06390,HOME,PL_W661204984
P06390,WORK,PL_N11961685654
P06390,CHILD_SCHOOL,PL_W41364199
P06391,HOME,PL_W660633556
P06391,WORK,PL_W467605455
P06391,CHILD_SCHOOL,PL_W37404404
P06392,HOME,PL_W660177784
P06392,WORK,PL_W105516599
P06393,HOME,PL_W33036596
P06393,WORK,PL_W906401707
P06393,CHILD_SCHOOL,PL_W41363542
P06394,HOME,PL_W31754492
P06394,WORK,PL_W62057338
P06395,HOME,PL_W31757290
P06395,WORK,PL_W179222094
P06395,CHILD_SCHOOL,PL_N7108092021
P06396,HOME,PL_W229483552
P06396,WORK,PL_N5184936115
P06396,CHILD_SCHOOL,PL_W29113970
P06397,HOME,PL_W705170963
P06397,WORK,PL_W31963777
P06397,CHILD_SCHOOL,PL_W70509378
P06398,HOME,PL_W660602678
P06398,WORK,PL_W122204304
P06398,CHILD_SCHOOL,PL_N2611249739
P06399,HOME,PL_W195460168
P06399,WORK,PL_N13764113357
P06400,HOME,PL_W659451761
P06400,WORK,PL_W663868812
P06400,CHILD_SCHOOL,PL_W186031210
P06401,HOME,PL_W661325378
P06401,WORK,PL_W661471621
P06402,HOME,PL_W704292297
P06402,UNIVERSITY,PL_W77039686
P06403,HOME,PL_W705529515
P06403,WORK,PL_W663827189
P06403,CHILD_SCHOOL,PL_W288675892
P06404,HOME,PL_W659830402
P06404,WORK,PL_W659581422
P06405,HOME,PL_W31757285
P06405,UNIVERSITY,PL_W15396822
P06406,HOME,PL_W32742171
P06406,WORK,PL_N11673937617
P06407,HOME,PL_W705529523
P06407,WORK,PL_W33653597
P06408,HOME,PL_W705507612
P06408,WORK,PL_W142739261
P06408,CHILD_SCHOOL,PL_W225582647
P06409,HOME,PL_W31757290
P06409,WORK,PL_N6341503776
P06409,CHILD_SCHOOL,PL_W41364187
P06410,HOME,PL_W36333606
P06410,WORK,PL_W25775080
P06411,HOME,PL_W1203379853
P06411,WORK,PL_W27767631
P06411,CHILD_SCHOOL,PL_W121872356
P06412,HOME,PL_W660584509
P06412,WORK,PL_W660584509
P06413,HOME,PL_W427224029
P06413,WORK,PL_N13332965095
P06413,CHILD_SCHOOL,PL_W36880102
P06414,HOME,PL_W662448444
P06414,WORK,PL_N1396611494
P06415,HOME,PL_W31451019
P06415,WORK,PL_W89636162
P06416,HOME,PL_W1235350287
P06416,WORK,PL_N5678642917
P06417,HOME,PL_W705125027
P06417,WORK,PL_W66967683
P06417,CHILD_SCHOOL,PL_W184368203
P06418,HOME,PL_W659247951
P06418,WORK,PL_W273616578
P06419,HOME,PL_W31754575
P06419,WORK,PL_W30265255
P06420,HOME,PL_W41405420
P06420,WORK,PL_W38743637
P06420,CHILD_SCHOOL,PL_W704997229
P06421,HOME,PL_W704196071
P06421,WORK,PL_W151795265
P06422,HOME,PL_W33564012
P06422,UNIVERSITY,PL_W775641405
P06423,HOME,PL_W31757863
P06423,WORK,PL_N2840298201
P06424,HOME,PL_W31757882
P06424,WORK,PL_W25491342
P06425,HOME,PL_W659831173
P06425,WORK,PL_W397124714
P06426,HOME,PL_W661824856
P06426,UNIVERSITY,PL_W60304653
P06427,HOME,PL_W661207023
P06427,WORK,PL_W55946873
P06428,HOME,PL_W659839669
P06428,WORK,PL_W700221888
P06428,CHILD_SCHOOL,PL_W224442293
P06429,HOME,PL_W660075349
P06429,WORK,PL_N6551695037
P06429,CHILD_SCHOOL,PL_W35836139
P06430,HOME,PL_W661635892
P06430,WORK,PL_W28533900
P06431,HOME,PL_W34229575
P06431,WORK,PL_N11609761768
P06432,HOME,PL_W659447144
P06432,WORK,PL_W704634892
P06433,HOME,PL_W706080733
P06433,WORK,PL_W256116927
P06433,CHILD_SCHOOL,PL_N7108092021
P06434,HOME,PL_W34229573
P06434,WORK,PL_N13890081077
P06435,HOME,PL_W894580866
P06435,WORK,PL_W660832650
P06435,CHILD_SCHOOL,PL_W703423111
P06436,HOME,PL_W943428729
P06436,WORK,PL_N3199463353
P06437,HOME,PL_W1204791535
P06437,WORK,PL_W704995235
P06438,HOME,PL_W31618600
P06438,WORK,PL_W31618600
P06438,CHILD_SCHOOL,PL_W684083281
P06439,HOME,PL_W661275475
P06439,WORK,PL_W243812280
P06440,HOME,PL_W661276539
P06440,WORK,PL_N13704292878
P06441,HOME,PL_W706192713
P06441,WORK,PL_W150494721
P06441,CHILD_SCHOOL,PL_W25288139
P06442,HOME,PL_W352638570
P06442,WORK,PL_N2405823219
P06442,CHILD_SCHOOL,PL_W73323696
P06443,HOME,PL_W33564012
P06443,WORK,PL_W34749571
P06444,HOME,PL_W296252448
P06444,WORK,PL_W160135295
P06445,HOME,PL_W705011687
P06445,WORK,PL_W27778414
P06446,HOME,PL_W705565525
P06446,WORK,PL_W43805337
P06447,HOME,PL_W659733513
P06447,UNIVERSITY,PL_N8755303552
P06448,HOME,PL_W30966657
P06448,WORK,PL_W61014137
P06448,CHILD_SCHOOL,PL_W32121754
P06449,HOME,PL_W659335222
P06449,WORK,PL_W31620396
P06449,CHILD_SCHOOL,PL_W186031210
P06450,HOME,PL_W31757259
P06450,UNIVERSITY,PL_W775640504
P06451,HOME,PL_W661331510
P06451,WORK,PL_N4131866041
P06451,CHILD_SCHOOL,PL_W37236885
P06452,HOME,PL_W661635892
P06452,WORK,PL_N6318936247
P06452,CHILD_SCHOOL,PL_W36377929
P06453,HOME,PL_W1135018789
P06453,WORK,PL_W61951968
P06454,HOME,PL_W32455673
P06454,WORK,PL_N6547925937
P06454,CHILD_SCHOOL,PL_W224817368
P06455,HOME,PL_W660585504
P06455,WORK,PL_W660585504
P06455,CHILD_SCHOOL,PL_W703423111
P06456,HOME,PL_W31754471
P06456,WORK,PL_W43806369
P06456,CHILD_SCHOOL,PL_W35836168
P06457,HOME,PL_W661957308
P06457,WORK,PL_N13025831405
P06458,HOME,PL_W662390150
P06458,WORK,PL_N6373194144
P06458,CHILD_SCHOOL,PL_W225582647
P06459,HOME,PL_W31811118
P06459,WORK,PL_W31811118
P06460,HOME,PL_W531109678
P06460,WORK,PL_W660078366
P06460,CHILD_SCHOOL,PL_W34617361
P06461,HOME,PL_W705624354
P06461,WORK,PL_W703613748
P06461,CHILD_SCHOOL,PL_N4264646734
P06462,HOME,PL_W704993424
P06462,WORK,PL_N13295491901
P06463,HOME,PL_W43811014
P06463,UNIVERSITY,PL_W815475387
P06464,HOME,PL_W659452101
P06464,UNIVERSITY,PL_W61759776
P06465,HOME,PL_W660831884
P06465,WORK,PL_W78592457
P06466,HOME,PL_W659451652
P06466,WORK,PL_N579253714
P06466,CHILD_SCHOOL,PL_W87327545
P06467,HOME,PL_W661650522
P06467,WORK,PL_W409262655
P06468,HOME,PL_W660634149
P06468,WORK,PL_W147496461
P06468,CHILD_SCHOOL,PL_W703423112
P06469,HOME,PL_W114706279
P06469,WORK,PL_W179297875
P06470,HOME,PL_W41405418
P06470,WORK,PL_N12618982330
P06470,CHILD_SCHOOL,PL_W224672049
P06471,HOME,PL_W703946864
P06471,WORK,PL_W184344340
P06472,HOME,PL_W863282986
P06472,WORK,PL_W660806810
P06473,HOME,PL_W59434211
P06473,WORK,PL_W679134321
P06474,HOME,PL_W660819593
P06474,WORK,PL_W943602453
P06475,HOME,PL_W659445835
P06475,WORK,PL_N8772996699
P06476,HOME,PL_W31754502
P06476,WORK,PL_N4697780119
P06477,HOME,PL_W34777541
P06477,WORK,PL_W179297875
P06478,HOME,PL_W704229385
P06478,WORK,PL_W103094562
P06478,CHILD_SCHOOL,PL_W121871939
P06479,HOME,PL_W1346550913
P06479,UNIVERSITY,PL_W161110169
P06480,HOME,PL_W43812336
P06480,WORK,PL_W1206414602
P06480,CHILD_SCHOOL,PL_W684083281
P06481,HOME,PL_W705125021
P06481,WORK,PL_N383405967
P06482,HOME,PL_W659248351
P06482,WORK,PL_N209247596
P06482,CHILD_SCHOOL,PL_W705845654
P06483,HOME,PL_W659340449
P06483,WORK,PL_N7581344018
P06483,CHILD_SCHOOL,PL_W36870739
P06484,HOME,PL_W43805236
P06484,WORK,PL_W61759778
P06485,HOME,PL_W662095564
P06485,WORK,PL_N4572092700
P06485,CHILD_SCHOOL,PL_W224813127
P06486,HOME,PL_W31617617
P06486,WORK,PL_N4137896886
P06487,HOME,PL_W32820129
P06487,WORK,PL_N6532307631
P06488,HOME,PL_W1204654166
P06488,WORK,PL_W300884213
P06489,HOME,PL_W661779653
P06489,UNIVERSITY,PL_W61759776
P06490,HOME,PL_W36888103
P06490,WORK,PL_N432775841
P06490,CHILD_SCHOOL,PL_W224815295
P06491,HOME,PL_W41405393
P06491,WORK,PL_W34551490
P06491,CHILD_SCHOOL,PL_W1500052015
P06492,HOME,PL_W659460376
P06492,WORK,PL_W30977087
P06492,CHILD_SCHOOL,PL_W703400000
P06493,HOME,PL_W31754694
P06493,WORK,PL_W89185220
P06494,HOME,PL_W1255380081
P06494,WORK,PL_W76001187
P06495,HOME,PL_W33036599
P06495,WORK,PL_N6594563435
P06495,CHILD_SCHOOL,PL_N5444147981
P06496,HOME,PL_W36888102
P06496,WORK,PL_N6538304679
P06497,HOME,PL_W706080726
P06497,WORK,PL_N7708066748
P06497,CHILD_SCHOOL,PL_W32819968
P06498,HOME,PL_W661821800
P06498,WORK,PL_N1131532988
P06499,HOME,PL_W31616712
P06499,WORK,PL_N6845091823
P06500,HOME,PL_W705218749
P06500,WORK,PL_W142432175
P06501,HOME,PL_W47870412
P06501,WORK,PL_W146419070
P06502,HOME,PL_W32455658
P06502,UNIVERSITY,PL_W23334883
P06503,HOME,PL_W1348013756
P06503,WORK,PL_W119973190
P06504,HOME,PL_W170055112
P06504,WORK,PL_W662150267
P06504,CHILD_SCHOOL,PL_W24986415
P06505,HOME,PL_W36331127
P06505,WORK,PL_N13374538650
P06506,HOME,PL_W660079234
P06506,WORK,PL_N13021796634
P06506,CHILD_SCHOOL,PL_W35836041
P06507,HOME,PL_W31757290
P06507,WORK,PL_W170244790
P06508,HOME,PL_W58936375
P06508,WORK,PL_W424199086
P06509,HOME,PL_W36331124
P06509,WORK,PL_W1491355203
P06509,CHILD_SCHOOL,PL_W43327805
P06510,HOME,PL_W662762898
P06510,WORK,PL_N6181451958
P06510,CHILD_SCHOOL,PL_W36370852
P06511,HOME,PL_W31757254
P06511,WORK,PL_W32805001
P06512,HOME,PL_W1204654097
P06512,WORK,PL_W34722373
P06512,CHILD_SCHOOL,PL_W71281899
P06513,HOME,PL_W661325036
P06513,WORK,PL_W421644929
P06514,HOME,PL_W31373517
P06514,WORK,PL_N2366714885
P06514,CHILD_SCHOOL,PL_W705563029
P06515,HOME,PL_W58936403
P06515,WORK,PL_N3687539002
P06515,CHILD_SCHOOL,PL_W29114133
P06516,HOME,PL_W659840197
P06516,WORK,PL_W670106649
P06517,HOME,PL_W702560110
P06517,WORK,PL_W34516616
P06517,CHILD_SCHOOL,PL_W50977417
P06518,HOME,PL_W416778780
P06518,UNIVERSITY,PL_W61759776
P06519,HOME,PL_W704288164
P06519,WORK,PL_N12610485697
P06520,HOME,PL_W660636709
P06520,WORK,PL_W99375036
P06521,HOME,PL_W166144202
P06521,WORK,PL_W918421631
P06522,HOME,PL_W31757863
P06522,WORK,PL_W225948695
P06522,CHILD_SCHOOL,PL_W703414558
P06523,HOME,PL_W659730058
P06523,WORK,PL_W33542264
P06524,HOME,PL_W1275521507
P06524,WORK,PL_W231773826
P06524,CHILD_SCHOOL,PL_W31956205
P06525,HOME,PL_W1275522388
P06525,WORK,PL_W33406542
P06525,CHILD_SCHOOL,PL_W186575947
P06526,HOME,PL_W661330391
P06526,WORK,PL_W661929125
P06527,HOME,PL_W33036565
P06527,WORK,PL_W599480360
P06527,CHILD_SCHOOL,PL_W42530511
P06528,HOME,PL_W704228128
P06528,WORK,PL_W61429677
P06529,HOME,PL_W662776378
P06529,WORK,PL_N13274887526
P06530,HOME,PL_W31757276
P06530,WORK,PL_N10032196436
P06530,CHILD_SCHOOL,PL_W33394479
P06531,HOME,PL_W978051261
P06531,WORK,PL_W978051261
P06531,CHILD_SCHOOL,PL_W36368280
P06532,HOME,PL_W659547665
P06532,WORK,PL_N12773124067
P06533,HOME,PL_W31373094
P06533,WORK,PL_W43809758
P06534,HOME,PL_W31754597
P06534,WORK,PL_W129730208
P06534,CHILD_SCHOOL,PL_W180044576
P06535,HOME,PL_W706192716
P06535,WORK,PL_W657722108
P06536,HOME,PL_W706080734
P06536,WORK,PL_W55465033
P06536,CHILD_SCHOOL,PL_W35836041
P06537,HOME,PL_W41405417
P06537,WORK,PL_N6685670040
P06538,HOME,PL_W659242439
P06538,WORK,PL_N738174079
P06539,HOME,PL_W705555910
P06539,WORK,PL_W58745947
P06539,CHILD_SCHOOL,PL_W186031210
P06540,HOME,PL_W1462135606
P06540,WORK,PL_N3604081135
P06541,HOME,PL_W705218749
P06541,WORK,PL_W61698864
P06542,HOME,PL_W662536231
P06542,WORK,PL_W43805591
P06543,HOME,PL_W170055112
P06543,WORK,PL_W170055112
P06544,HOME,PL_W31619121
P06544,WORK,PL_N2342895437
P06544,CHILD_SCHOOL,PL_W33541185
P06545,HOME,PL_W1272117437
P06545,WORK,PL_W701979632
P06546,HOME,PL_W661050856
P06546,WORK,PL_W34320500
P06547,HOME,PL_W702169103
P06547,WORK,PL_W702169103
P06548,HOME,PL_W770873614
P06548,WORK,PL_N9008136763
P06548,CHILD_SCHOOL,PL_W201704236
P06549,HOME,PL_W704292283
P06549,WORK,PL_W680567507
P06549,CHILD_SCHOOL,PL_W143658010
P06550,HOME,PL_W659547857
P06550,WORK,PL_W796654941
P06550,CHILD_SCHOOL,PL_W705563025
P06551,HOME,PL_W662177638
P06551,WORK,PL_N11571486848
P06551,CHILD_SCHOOL,PL_W33541185
P06552,HOME,PL_W229483552
P06552,WORK,PL_W43806034
P06552,CHILD_SCHOOL,PL_W170267116
P06553,HOME,PL_W659731956
P06553,WORK,PL_W117593766
P06554,HOME,PL_W31624353
P06554,WORK,PL_W659574437
P06555,HOME,PL_W660634608
P06555,WORK,PL_W697166895
P06555,CHILD_SCHOOL,PL_W224818044
P06556,HOME,PL_W661956689
P06556,WORK,PL_W1108418384
P06557,HOME,PL_W31757792
P06557,WORK,PL_W659588103
P06558,HOME,PL_W704997238
P06558,UNIVERSITY,PL_W23447424
P06559,HOME,PL_W31754521
P06559,WORK,PL_W732182933
P06559,CHILD_SCHOOL,PL_W35836274
P06560,HOME,PL_W31617620
P06560,WORK,PL_W61014137
P06560,CHILD_SCHOOL,PL_W56201673
P06561,HOME,PL_W661649578
P06561,WORK,PL_W661649578
P06561,CHILD_SCHOOL,PL_W122301356
P06562,HOME,PL_W662095051
P06562,WORK,PL_W58030183
P06563,HOME,PL_W457493164
P06563,WORK,PL_W659606610
P06564,HOME,PL_W31622242
P06564,UNIVERSITY,PL_W61759776
P06565,HOME,PL_W659453136
P06565,WORK,PL_N6584575099
P06566,HOME,PL_W660569828
P06566,WORK,PL_W34517224
P06566,CHILD_SCHOOL,PL_W36332039
P06567,HOME,PL_W36888103
P06567,WORK,PL_W1246221241
P06568,HOME,PL_W703752576
P06568,WORK,PL_N12904007162
P06568,CHILD_SCHOOL,PL_W41363541
P06569,HOME,PL_W31373431
P06569,WORK,PL_W661077889
P06570,HOME,PL_W704993422
P06570,WORK,PL_W44076451
P06570,CHILD_SCHOOL,PL_W26949764
P06571,HOME,PL_W36791493
P06571,WORK,PL_N13798478917
P06571,CHILD_SCHOOL,PL_W220408094
P06572,HOME,PL_W704634891
P06572,WORK,PL_N12838445438
P06572,CHILD_SCHOOL,PL_W36377929
P06573,HOME,PL_W659448799
P06573,WORK,PL_W41263827
P06574,HOME,PL_W31373083
P06574,WORK,PL_W27778414
P06575,HOME,PL_W32820132
P06575,UNIVERSITY,PL_N13670266862
P06576,HOME,PL_W660601738
P06576,WORK,PL_W125308706
P06576,CHILD_SCHOOL,PL_W33503151
P06577,HOME,PL_W32455676
P06577,WORK,PL_N6547837591
P06577,CHILD_SCHOOL,PL_W36377929
P06578,HOME,PL_W659334320
P06578,WORK,PL_W416172845
P06579,HOME,PL_W33076971
P06579,WORK,PL_W328900136
P06580,HOME,PL_W660637047
P06580,WORK,PL_W31451792
P06580,CHILD_SCHOOL,PL_W36861511
P06581,HOME,PL_W34229573
P06581,WORK,PL_W35021082
P06582,HOME,PL_W662176518
P06582,WORK,PL_N13915723230
P06583,HOME,PL_W704634887
P06583,WORK,PL_W115222390
P06584,HOME,PL_W1204945533
P06584,WORK,PL_W34148442
P06585,HOME,PL_W705011702
P06585,WORK,PL_W56184894
P06585,CHILD_SCHOOL,PL_W688268884
P06586,HOME,PL_W704292294
P06586,WORK,PL_W291464330
P06587,HOME,PL_W31756294
P06587,WORK,PL_W436018569
P06588,HOME,PL_W703923701
P06588,WORK,PL_N6584458762
P06588,CHILD_SCHOOL,PL_W143658010
P06589,HOME,PL_W659733064
P06589,WORK,PL_W58796619
P06589,CHILD_SCHOOL,PL_W186575881
P06590,HOME,PL_W1247489234
P06590,WORK,PL_W677322972
P06591,HOME,PL_W31811113
P06591,WORK,PL_W57053335
P06591,CHILD_SCHOOL,PL_W25366282
P06592,HOME,PL_W31619121
P06592,WORK,PL_W33681415
P06592,CHILD_SCHOOL,PL_W42149102
P06593,HOME,PL_W659729478
P06593,UNIVERSITY,PL_N2681580824
P06593,CHILD_SCHOOL,PL_W705565521
P06594,HOME,PL_W704597784
P06594,WORK,PL_W139635113
P06595,HOME,PL_W33036597
P06595,WORK,PL_W25108215
P06595,CHILD_SCHOOL,PL_W226096987
P06596,HOME,PL_W661074527
P06596,WORK,PL_W257053580
P06597,HOME,PL_W58936377
P06597,UNIVERSITY,PL_N10085704214
P06597,CHILD_SCHOOL,PL_W36870739
P06598,HOME,PL_W1205666505
P06598,WORK,PL_W659632904
P06599,HOME,PL_W42472528
P06599,WORK,PL_N2779416781
P06600,HOME,PL_W36331125
P06600,WORK,PL_W36331125
P06601,HOME,PL_W170052632
P06601,WORK,PL_W62058576
P06602,HOME,PL_W662175636
P06602,WORK,PL_W659307962
P06602,CHILD_SCHOOL,PL_W224159663
P06603,HOME,PL_W705222378
P06603,WORK,PL_N10844950436
P06603,CHILD_SCHOOL,PL_W59584330
P06604,HOME,PL_W702587009
P06604,WORK,PL_W657949135
P06604,CHILD_SCHOOL,PL_W274163820
P06605,HOME,PL_W705011687
P06605,WORK,PL_N9777691522
P06605,CHILD_SCHOOL,PL_N7659648005
P06606,HOME,PL_W659455336
P06606,WORK,PL_W34777559
P06607,HOME,PL_W662776206
P06607,WORK,PL_W98409726
P06608,HOME,PL_W703752576
P06608,WORK,PL_N869749740
P06608,CHILD_SCHOOL,PL_W705845654
P06609,HOME,PL_W661956766
P06609,WORK,PL_W669602491
P06610,HOME,PL_W35835248
P06610,WORK,PL_N13951193831
P06611,HOME,PL_W33653601
P06611,WORK,PL_W368852940
P06611,CHILD_SCHOOL,PL_N4264646734
P06612,HOME,PL_W660817832
P06612,WORK,PL_N2711767746
P06613,HOME,PL_W661050849
P06613,WORK,PL_W540300990
P06613,CHILD_SCHOOL,PL_W822689780
P06614,HOME,PL_W170051472
P06614,WORK,PL_W160884331
P06615,HOME,PL_W291196700
P06615,WORK,PL_W657926807
P06616,HOME,PL_W659454533
P06616,WORK,PL_W865101515
P06617,HOME,PL_W1275522405
P06617,WORK,PL_W34204226
P06617,CHILD_SCHOOL,PL_W688269003
P06618,HOME,PL_W31619128
P06618,WORK,PL_W236938463
P06618,CHILD_SCHOOL,PL_W36786284
P06619,HOME,PL_W705519678
P06619,WORK,PL_W1441902337
P06620,HOME,PL_W705010182
P06620,UNIVERSITY,PL_W23447393
P06621,HOME,PL_W770873612
P06621,WORK,PL_N575245026
P06621,CHILD_SCHOOL,PL_W688267161
P06622,HOME,PL_W1137681907
P06622,WORK,PL_N6545677393
P06622,CHILD_SCHOOL,PL_W34617360
P06623,HOME,PL_W705011702
P06623,WORK,PL_W409262655
P06624,HOME,PL_W636033816
P06624,WORK,PL_N10765170820
P06625,HOME,PL_W662175626
P06625,WORK,PL_W804639074
P06625,CHILD_SCHOOL,PL_W195969794
P06626,HOME,PL_W704229405
P06626,WORK,PL_W659427555
P06626,CHILD_SCHOOL,PL_W41363541
P06627,HOME,PL_W33542534
P06627,WORK,PL_W231284913
P06628,HOME,PL_W143657050
P06628,WORK,PL_W34586496
P06628,CHILD_SCHOOL,PL_N5444147981
P06629,HOME,PL_W662142538
P06629,WORK,PL_N6561283485
P06630,HOME,PL_W659244018
P06630,WORK,PL_W113530714
P06631,HOME,PL_W704196071
P06631,WORK,PL_N7630652118
P06632,HOME,PL_W31619298
P06632,WORK,PL_W659588026
P06632,CHILD_SCHOOL,PL_W36747398
P06633,HOME,PL_W31754538
P06633,WORK,PL_W997609634
P06633,CHILD_SCHOOL,PL_W503478885
P06634,HOME,PL_W1204945342
P06634,WORK,PL_W506137810
P06635,HOME,PL_W660600631
P06635,WORK,PL_W167925742
P06635,CHILD_SCHOOL,PL_W35836166
P06636,HOME,PL_W659840544
P06636,WORK,PL_W58431317
P06636,CHILD_SCHOOL,PL_N2332638609
P06637,HOME,PL_W660830373
P06637,WORK,PL_N2392212248
P06638,HOME,PL_W660078067
P06638,WORK,PL_W61698931
P06639,HOME,PL_W662784141
P06639,WORK,PL_N9062962751
P06639,CHILD_SCHOOL,PL_W35836135
P06640,HOME,PL_W41405395
P06640,WORK,PL_W273616103
P06641,HOME,PL_W659729249
P06641,WORK,PL_N13890102780
P06642,HOME,PL_W659451642
P06642,WORK,PL_W57385304
P06643,HOME,PL_W659831173
P06643,WORK,PL_W659831173
P06644,HOME,PL_W661076458
P06644,WORK,PL_W661076458
P06645,HOME,PL_W656560380
P06645,WORK,PL_W34690084
P06646,HOME,PL_W705222376
P06646,UNIVERSITY,PL_N11281293717
P06647,HOME,PL_W31619298
P06647,WORK,PL_W309456431
P06648,HOME,PL_W705222378
P06648,WORK,PL_W705222378
P06649,HOME,PL_W705011706
P06649,WORK,PL_N5367861826
P06650,HOME,PL_W1204945530
P06650,WORK,PL_W659587785
P06650,CHILD_SCHOOL,PL_W171477271
P06651,HOME,PL_W704594300
P06651,WORK,PL_W33746340
P06651,CHILD_SCHOOL,PL_W224695919
P06652,HOME,PL_W705170962
P06652,WORK,PL_N6543870356
P06653,HOME,PL_W660177369
P06653,WORK,PL_N13859079055
P06653,CHILD_SCHOOL,PL_W34769549
P06654,HOME,PL_W661822152
P06654,WORK,PL_W115222031
P06654,CHILD_SCHOOL,PL_W41363542
P06655,HOME,PL_W170052633
P06655,WORK,PL_N3698533566
P06656,HOME,PL_W659340788
P06656,WORK,PL_W31963780
P06657,HOME,PL_W662535814
P06657,WORK,PL_W662098204
P06657,CHILD_SCHOOL,PL_W688267162
P06658,HOME,PL_W659829644
P06658,WORK,PL_W231284913
P06658,CHILD_SCHOOL,PL_W41364189
P06659,HOME,PL_W660818226
P06659,WORK,PL_W43810870
P06659,CHILD_SCHOOL,PL_W35836166
P06660,HOME,PL_W660636567
P06660,WORK,PL_W671185105
P06661,HOME,PL_W220396450
P06661,WORK,PL_W220396450
P06661,CHILD_SCHOOL,PL_W704997229
P06662,HOME,PL_W702169782
P06662,WORK,PL_W661251339
P06663,HOME,PL_W36921201
P06663,WORK,PL_N6172072005
P06663,CHILD_SCHOOL,PL_W167534168
P06664,HOME,PL_W1348023078
P06664,WORK,PL_W288106846
P06664,CHILD_SCHOOL,PL_N2613021303
P06665,HOME,PL_W659839864
P06665,UNIVERSITY,PL_N9376637799
P06666,HOME,PL_W659830904
P06666,WORK,PL_N9738590542
P06666,CHILD_SCHOOL,PL_W220920995
P06667,HOME,PL_W32820129
P06667,WORK,PL_W58673671
P06668,HOME,PL_W659831598
P06668,WORK,PL_N3930426863
P06668,CHILD_SCHOOL,PL_W70509585
P06669,HOME,PL_W33036596
P06669,WORK,PL_W59244621
P06669,CHILD_SCHOOL,PL_W184368202
P06670,HOME,PL_W705011704
P06670,WORK,PL_W660624564
P06671,HOME,PL_W705563028
P06671,WORK,PL_W61698931
P06672,HOME,PL_W1420636510
P06672,WORK,PL_W266723784
P06673,HOME,PL_W660831529
P06673,WORK,PL_W660831529
P06674,HOME,PL_W659549278
P06674,WORK,PL_W659549278
P06675,HOME,PL_W659454397
P06675,WORK,PL_W103252322
P06675,CHILD_SCHOOL,PL_W163146271
P06676,HOME,PL_W978051269
P06676,WORK,PL_W205960481
P06677,HOME,PL_W660816729
P06677,WORK,PL_W144942369
P06678,HOME,PL_W659251450
P06678,WORK,PL_N10684576108
P06678,CHILD_SCHOOL,PL_W122301356
P06679,HOME,PL_W660633785
P06679,WORK,PL_N12138140753
P06680,HOME,PL_W705882031
P06680,WORK,PL_N4331562891
P06681,HOME,PL_W662177301
P06681,WORK,PL_N12290484686
P06681,CHILD_SCHOOL,PL_W705563029
P06682,HOME,PL_W659251752
P06682,WORK,PL_N12980689932
P06682,CHILD_SCHOOL,PL_W34228911
P06683,HOME,PL_W43805236
P06683,WORK,PL_W661950788
P06683,CHILD_SCHOOL,PL_W25366282
P06684,HOME,PL_W662762897
P06684,WORK,PL_W34587722
P06685,HOME,PL_W43807126
P06685,WORK,PL_W680629949
P06686,HOME,PL_W43805755
P06686,WORK,PL_W66984084
P06686,CHILD_SCHOOL,PL_W122317772
P06687,HOME,PL_W31617613
P06687,WORK,PL_W659839907
P06688,HOME,PL_W702587015
P06688,WORK,PL_W150909173
P06689,HOME,PL_W659452994
P06689,WORK,PL_W796687004
P06689,CHILD_SCHOOL,PL_W25289564
P06690,HOME,PL_W702142765
P06690,WORK,PL_W27668360
P06691,HOME,PL_W943428729
P06691,UNIVERSITY,PL_N1306212511
P06692,HOME,PL_W705109218
P06692,WORK,PL_W662253482
P06692,CHILD_SCHOOL,PL_W278256871
P06693,HOME,PL_W659448799
P06693,WORK,PL_W659448799
P06693,CHILD_SCHOOL,PL_W34228911
P06694,HOME,PL_W41405386
P06694,WORK,PL_N13010520110
P06695,HOME,PL_W659452111
P06695,WORK,PL_W179297875
P06695,CHILD_SCHOOL,PL_N4015705823
P06696,HOME,PL_W659335117
P06696,WORK,PL_N10647678192
P06696,CHILD_SCHOOL,PL_W239578890
P06697,HOME,PL_W291196701
P06697,WORK,PL_W34550591
P06697,CHILD_SCHOOL,PL_W164599151
P06698,HOME,PL_W1125477355
P06698,WORK,PL_N5476199331
P06698,CHILD_SCHOOL,PL_W36544304
P06699,HOME,PL_W662176901
P06699,WORK,PL_W27767642
P06700,HOME,PL_W662761417
P06700,WORK,PL_N6840676690
P06700,CHILD_SCHOOL,PL_N2332638609
P06701,HOME,PL_W659732396
P06701,WORK,PL_N2077031200
P06702,HOME,PL_W1202442756
P06702,WORK,PL_N6373214280
P06702,CHILD_SCHOOL,PL_W36880102
P06703,HOME,PL_W660637297
P06703,WORK,PL_W32535044
P06703,CHILD_SCHOOL,PL_W36747398
P06704,HOME,PL_W660837253
P06704,WORK,PL_W658487104
P06705,HOME,PL_W659730777
P06705,WORK,PL_W32610047
P06706,HOME,PL_W31756294
P06706,WORK,PL_W661292315
P06707,HOME,PL_W662388356
P06707,WORK,PL_W27767628
P06708,HOME,PL_W291196701
P06708,WORK,PL_W291196701
P06708,CHILD_SCHOOL,PL_W34228913
P06709,HOME,PL_W33036596
P06709,WORK,PL_W662253497
P06710,HOME,PL_W32667518
P06710,WORK,PL_W297194551
P06711,HOME,PL_W661074665
P06711,WORK,PL_W57385297
P06712,HOME,PL_W31756312
P06712,WORK,PL_W34546414
P06712,CHILD_SCHOOL,PL_W25366324
P06713,HOME,PL_W662389941
P06713,WORK,PL_W661270617
P06713,CHILD_SCHOOL,PL_W57052280
P06714,HOME,PL_W660586598
P06714,WORK,PL_W125308707
P06714,CHILD_SCHOOL,PL_W224672049
P06715,HOME,PL_W659732794
P06715,WORK,PL_W70865413
P06716,HOME,PL_W705882031
P06716,WORK,PL_N5342243445
P06717,HOME,PL_W656561051
P06717,WORK,PL_W31620394
P06718,HOME,PL_W660806588
P06718,WORK,PL_W804360805
P06719,HOME,PL_W659253131
P06719,WORK,PL_W659253131
P06720,HOME,PL_W706080734
P06720,WORK,PL_W660836805
P06721,HOME,PL_W31451200
P06721,WORK,PL_W32773278
P06721,CHILD_SCHOOL,PL_W36817966
P06722,HOME,PL_W89185230
P06722,WORK,PL_N13087689843
P06722,CHILD_SCHOOL,PL_W195969125
P06723,HOME,PL_W33036565
P06723,WORK,PL_W58271338
P06724,HOME,PL_W660177432
P06724,WORK,PL_N6383661549
P06724,CHILD_SCHOOL,PL_W224442754
P06725,HOME,PL_W704232378
P06725,WORK,PL_N12708613289
P06726,HOME,PL_W660638852
P06726,WORK,PL_W661951364
P06726,CHILD_SCHOOL,PL_W180044576
P06727,HOME,PL_W660346774
P06727,WORK,PL_N6547925937
P06728,HOME,PL_W662762070
P06728,WORK,PL_W805392730
P06728,CHILD_SCHOOL,PL_W36543496
P06729,HOME,PL_W705010191
P06729,WORK,PL_W663828888
P06730,HOME,PL_W43811014
P06730,WORK,PL_N3545982885
P06731,HOME,PL_W296252448
P06731,WORK,PL_W25650709
P06731,CHILD_SCHOOL,PL_W171477484
P06732,HOME,PL_W659333196
P06732,WORK,PL_W27767648
P06733,HOME,PL_W660602097
P06733,WORK,PL_W663827265
P06733,CHILD_SCHOOL,PL_W220408094
P06734,HOME,PL_W662711373
P06734,WORK,PL_N13028429350
P06735,HOME,PL_W660838485
P06735,WORK,PL_W333192891
P06736,HOME,PL_W33036565
P06736,UNIVERSITY,PL_N9672795308
P06737,HOME,PL_W662176518
P06737,WORK,PL_W34582270
P06738,HOME,PL_W661636028
P06738,WORK,PL_N1143293063
P06738,CHILD_SCHOOL,PL_W225582647
P06739,HOME,PL_W31619121
P06739,WORK,PL_W657936017
P06739,CHILD_SCHOOL,PL_W224813127
P06740,HOME,PL_W114706282
P06740,WORK,PL_W114706282
P06741,HOME,PL_W662786375
P06741,WORK,PL_N6351463701
P06741,CHILD_SCHOOL,PL_W33503105
P06742,HOME,PL_W705011706
P06742,WORK,PL_N14104268002
P06742,CHILD_SCHOOL,PL_W170266806
P06743,HOME,PL_W659335653
P06743,WORK,PL_N3491965229
P06744,HOME,PL_W702160075
P06744,WORK,PL_W239024445
P06744,CHILD_SCHOOL,PL_W33541185
P06745,HOME,PL_W703948822
P06745,WORK,PL_N6363749801
P06746,HOME,PL_W144500774
P06746,UNIVERSITY,PL_W23447393
P06747,HOME,PL_W659731636
P06747,WORK,PL_N3728546038
P06747,CHILD_SCHOOL,PL_N4264646734
P06748,HOME,PL_W661469858
P06748,WORK,PL_N3098491468
P06749,HOME,PL_W1382850393
P06749,WORK,PL_N13227720773
P06749,CHILD_SCHOOL,PL_W24986415
P06750,HOME,PL_W31560365
P06750,WORK,PL_N7553496742
P06750,CHILD_SCHOOL,PL_W189427810
P06751,HOME,PL_W144500767
P06751,WORK,PL_N10838172286
P06752,HOME,PL_W659838281
P06752,WORK,PL_W659094341
P06752,CHILD_SCHOOL,PL_W224815295
P06753,HOME,PL_W704228127
P06753,WORK,PL_W659632921
P06754,HOME,PL_W704729327
P06754,WORK,PL_N390352691
P06754,CHILD_SCHOOL,PL_N712595018
P06755,HOME,PL_W33725066
P06755,UNIVERSITY,PL_N8755303552
P06756,HOME,PL_W659732853
P06756,WORK,PL_W469614541
P06757,HOME,PL_W659444435
P06757,WORK,PL_W659730909
P06757,CHILD_SCHOOL,PL_W705109213
P06758,HOME,PL_W924866605
P06758,WORK,PL_W31620092
P06759,HOME,PL_W660602824
P06759,UNIVERSITY,PL_W15396822
P06760,HOME,PL_W36888103
P06760,WORK,PL_W291464606
P06760,CHILD_SCHOOL,PL_W35797979
P06761,HOME,PL_W659831173
P06761,WORK,PL_N6175614778
P06761,CHILD_SCHOOL,PL_W41364187
P06762,HOME,PL_W702557441
P06762,WORK,PL_W802208019
P06763,HOME,PL_W702160075
P06763,WORK,PL_N6365262320
P06764,HOME,PL_W283005667
P06764,WORK,PL_W55031878
P06765,HOME,PL_W704229385
P06765,WORK,PL_W660835759
P06766,HOME,PL_W659242645
P06766,WORK,PL_N7707378521
P06767,HOME,PL_W558037232
P06767,WORK,PL_W101207707
P06767,CHILD_SCHOOL,PL_W36880101
P06768,HOME,PL_W43811046
P06768,UNIVERSITY,PL_W775640504
P06768,CHILD_SCHOOL,PL_W35836135
P06769,HOME,PL_W661045489
P06769,WORK,PL_W58728441
P06769,CHILD_SCHOOL,PL_W186575106
P06770,HOME,PL_W31757859
P06770,WORK,PL_W34985273
P06770,CHILD_SCHOOL,PL_W36861511
P06771,HOME,PL_W283005667
P06771,WORK,PL_N1421538657
P06771,CHILD_SCHOOL,PL_W25366324
P06772,HOME,PL_W31373427
P06772,WORK,PL_N2835994760
P06773,HOME,PL_W706190952
P06773,WORK,PL_W532956510
P06773,CHILD_SCHOOL,PL_W688268884
P06774,HOME,PL_W31451095
P06774,WORK,PL_N13013621522
P06775,HOME,PL_W662094742
P06775,WORK,PL_N3099864454
P06775,CHILD_SCHOOL,PL_W224817368
P06776,HOME,PL_W35835249
P06776,WORK,PL_W704997235
P06777,HOME,PL_W32667517
P06777,WORK,PL_N7100164417
P06778,HOME,PL_W31757783
P06778,WORK,PL_W677205549
P06779,HOME,PL_W660569085
P06779,WORK,PL_W69341524
P06779,CHILD_SCHOOL,PL_W224136221
P06780,HOME,PL_W1410990461
P06780,WORK,PL_W660836762
P06780,CHILD_SCHOOL,PL_W688267161
P06781,HOME,PL_W31757860
P06781,WORK,PL_N6592055414
P06782,HOME,PL_W34777544
P06782,WORK,PL_N6373239280
P06783,HOME,PL_W1204800297
P06783,WORK,PL_N7557291261
P06784,HOME,PL_W34777562
P06784,WORK,PL_W106976306
P06785,HOME,PL_W1275510420
P06785,WORK,PL_W657722108
P06786,HOME,PL_W58866832
P06786,WORK,PL_W34720501
P06786,CHILD_SCHOOL,PL_W274833682
P06787,HOME,PL_W33564011
P06787,WORK,PL_N10885250292
P06787,CHILD_SCHOOL,PL_W224674925
P06788,HOME,PL_W1250845568
P06788,WORK,PL_W660832630
P06789,HOME,PL_W31757882
P06789,WORK,PL_N13011557678
P06789,CHILD_SCHOOL,PL_W56051910
P06790,HOME,PL_W661821800
P06790,WORK,PL_N1138266251
P06791,HOME,PL_W660831823
P06791,WORK,PL_W660831823
P06791,CHILD_SCHOOL,PL_W33725547
P06792,HOME,PL_W704946500
P06792,WORK,PL_W27767627
P06792,CHILD_SCHOOL,PL_N13625213585
P06793,HOME,PL_W706190951
P06793,WORK,PL_W34582270
P06794,HOME,PL_W31619119
P06794,WORK,PL_W31619119
P06795,HOME,PL_W31373427
P06795,WORK,PL_W1395765940
P06796,HOME,PL_W34229573
P06796,WORK,PL_W33542264
P06796,CHILD_SCHOOL,PL_W688267162
P06797,HOME,PL_W660819580
P06797,WORK,PL_W660819580
P06798,HOME,PL_W661920828
P06798,WORK,PL_W661541291
P06798,CHILD_SCHOOL,PL_W289382175
P06799,HOME,PL_W661919514
P06799,WORK,PL_N3009597791
P06800,HOME,PL_W660078645
P06800,WORK,PL_W62058559
P06800,CHILD_SCHOOL,PL_W36746611
P06801,HOME,PL_W170052744
P06801,WORK,PL_W33849166
P06801,CHILD_SCHOOL,PL_N8024045509
P06802,HOME,PL_W31617612
P06802,WORK,PL_N7580385313
P06803,HOME,PL_W31757289
P06803,WORK,PL_N3426157172
P06804,HOME,PL_W661862717
P06804,WORK,PL_W61955715
P06804,CHILD_SCHOOL,PL_N7108106148
P06805,HOME,PL_W704993422
P06805,WORK,PL_W660832883
P06806,HOME,PL_W662776196
P06806,WORK,PL_N400967545
P06807,HOME,PL_W662710882
P06807,WORK,PL_W203052175
P06808,HOME,PL_W659459870
P06808,WORK,PL_W78252696
P06809,HOME,PL_W31754538
P06809,WORK,PL_W96001394
P06809,CHILD_SCHOOL,PL_W73323696
P06810,HOME,PL_W770873613
P06810,UNIVERSITY,PL_W161110169
P06811,HOME,PL_W661206883
P06811,WORK,PL_W32540779
P06812,HOME,PL_W660837915
P06812,WORK,PL_W1395765938
P06813,HOME,PL_W166540890
P06813,WORK,PL_N6181451964
P06813,CHILD_SCHOOL,PL_W33503129
P06814,HOME,PL_W659732241
P06814,WORK,PL_W34412968
P06815,HOME,PL_W1382850393
P06815,WORK,PL_N5837388917
P06816,HOME,PL_W662776011
P06816,WORK,PL_W60170479
P06816,CHILD_SCHOOL,PL_W36747097
P06817,HOME,PL_W31619298
P06817,WORK,PL_W659633403
P06817,CHILD_SCHOOL,PL_N7108092021
P06818,HOME,PL_W704594300
P06818,UNIVERSITY,PL_N8828490091
P06819,HOME,PL_W31617616
P06819,WORK,PL_N12840913503
P06820,HOME,PL_W661957308
P06820,WORK,PL_W442979488
P06821,HOME,PL_W660177577
P06821,WORK,PL_W659840070
P06822,HOME,PL_W31451021
P06822,WORK,PL_W231983646
P06823,HOME,PL_W31757271
P06823,WORK,PL_W34582270
P06824,HOME,PL_W31451200
P06824,WORK,PL_W661250253
P06824,CHILD_SCHOOL,PL_W35797979
P06825,HOME,PL_W660830501
P06825,WORK,PL_W62202665
P06826,HOME,PL_W659452002
P06826,WORK,PL_W80378497
P06827,HOME,PL_W705218734
P06827,WORK,PL_W61010236
P06828,HOME,PL_W661921034
P06828,WORK,PL_N13115465532
P06828,CHILD_SCHOOL,PL_W224816805
P06829,HOME,PL_W662785942
P06829,WORK,PL_N7920552930
P06830,HOME,PL_W662144782
P06830,WORK,PL_W659533822
P06831,HOME,PL_W706190951
P06831,WORK,PL_W661471703
P06831,CHILD_SCHOOL,PL_W225936203
P06832,HOME,PL_W450697861
P06832,WORK,PL_W416989000
P06833,HOME,PL_W660358249
P06833,WORK,PL_N6548329638
P06834,HOME,PL_W58936359
P06834,WORK,PL_W31963779
P06835,HOME,PL_W1204537237
P06835,WORK,PL_N6341941432
P06835,CHILD_SCHOOL,PL_N7659648005
P06836,HOME,PL_W660806679
P06836,WORK,PL_W93832542
P06837,HOME,PL_W42472531
P06837,WORK,PL_W331945075
P06838,HOME,PL_W702557441
P06838,WORK,PL_W77039541
P06839,HOME,PL_W659731731
P06839,WORK,PL_N14052403172
P06839,CHILD_SCHOOL,PL_W36880101
P06840,HOME,PL_W659248377
P06840,WORK,PL_W659248377
P06840,CHILD_SCHOOL,PL_W688267161
P06841,HOME,PL_W31757271
P06841,WORK,PL_N423042357
P06841,CHILD_SCHOOL,PL_N8082789926
P06842,HOME,PL_W33541220
P06842,WORK,PL_W466139015
P06843,HOME,PL_W662388011
P06843,WORK,PL_W663827573
P06844,HOME,PL_W660867227
P06844,WORK,PL_W33746340
P06844,CHILD_SCHOOL,PL_W35798787
P06845,HOME,PL_W659728768
P06845,WORK,PL_W659728768
P06845,CHILD_SCHOOL,PL_W31956205
P06846,HOME,PL_W770873613
P06846,WORK,PL_N6371048515
P06846,CHILD_SCHOOL,PL_W41363541
P06847,HOME,PL_W349887378
P06847,WORK,PL_W67139113
P06847,CHILD_SCHOOL,PL_W224897072
P06848,HOME,PL_W121967916
P06848,WORK,PL_W28025955
P06849,HOME,PL_W427224028
P06849,WORK,PL_W60428567
P06850,HOME,PL_W702169119
P06850,WORK,PL_W671599468
P06850,CHILD_SCHOOL,PL_W36787819
P06851,HOME,PL_W705512157
P06851,WORK,PL_W705512157
P06851,CHILD_SCHOOL,PL_W760791078
P06852,HOME,PL_W89185226
P06852,WORK,PL_W34749802
P06852,CHILD_SCHOOL,PL_W32819968
P06853,HOME,PL_W662175797
P06853,WORK,PL_W703255160
P06854,HOME,PL_W1202558585
P06854,WORK,PL_W989269219
P06854,CHILD_SCHOOL,PL_W704292292
P06855,HOME,PL_W706080726
P06855,WORK,PL_W32596506
P06855,CHILD_SCHOOL,PL_W36728598
P06856,HOME,PL_W662390657
P06856,WORK,PL_W179297875
P06857,HOME,PL_W978051258
P06857,WORK,PL_W661951719
P06858,HOME,PL_W1204734658
P06858,WORK,PL_W1204734658
P06858,CHILD_SCHOOL,PL_W225936203
P06859,HOME,PL_W31373088
P06859,UNIVERSITY,PL_W77039686
P06860,HOME,PL_W659460314
P06860,WORK,PL_N14049977718
P06861,HOME,PL_W31560364
P06861,WORK,PL_N12863175278
P06862,HOME,PL_W1204794298
P06862,WORK,PL_W93811476
P06862,CHILD_SCHOOL,PL_W186031210
P06863,HOME,PL_W705011706
P06863,WORK,PL_N12250562902
P06863,CHILD_SCHOOL,PL_W37783057
P06864,HOME,PL_W662176345
P06864,WORK,PL_W659633476
P06864,CHILD_SCHOOL,PL_W34617709
P06865,HOME,PL_W31754493
P06865,WORK,PL_N13944300501
P06866,HOME,PL_W33564012
P06866,WORK,PL_W231011596
P06866,CHILD_SCHOOL,PL_W705565522
P06867,HOME,PL_W659453377
P06867,WORK,PL_W659427973
P06867,CHILD_SCHOOL,PL_W705125019
P06868,HOME,PL_W702169121
P06868,WORK,PL_N4347553469
P06869,HOME,PL_W660867583
P06869,WORK,PL_W662253497
P06869,CHILD_SCHOOL,PL_W36544304
P06870,HOME,PL_W659447170
P06870,WORK,PL_W1024883174
P06871,HOME,PL_W704594312
P06871,WORK,PL_W231284913
P06872,HOME,PL_W31617618
P06872,WORK,PL_W31617618
P06873,HOME,PL_W661047794
P06873,UNIVERSITY,PL_W1502657605
P06874,HOME,PL_W659335583
P06874,WORK,PL_W661314349
P06874,CHILD_SCHOOL,PL_W29113970
P06875,HOME,PL_W978051268
P06875,WORK,PL_N12997418433
P06875,CHILD_SCHOOL,PL_W225582647
P06876,HOME,PL_W122356169
P06876,WORK,PL_W62365025
P06877,HOME,PL_W31757254
P06877,WORK,PL_W306339343
P06877,CHILD_SCHOOL,PL_W31756363
P06878,HOME,PL_W31617606
P06878,WORK,PL_W1525237525
P06879,HOME,PL_W31617616
P06879,WORK,PL_W27767628
P06880,HOME,PL_W705170958
P06880,WORK,PL_N12863156081
P06880,CHILD_SCHOOL,PL_W189427810
P06881,HOME,PL_W704634888
P06881,UNIVERSITY,PL_N10085704214
P06882,HOME,PL_W702557441
P06882,UNIVERSITY,PL_W676443514
P06883,HOME,PL_W31617618
P06883,WORK,PL_W31617618
P06884,HOME,PL_W661821889
P06884,WORK,PL_W795967144
P06885,HOME,PL_W659246727
P06885,WORK,PL_W182946160
P06886,HOME,PL_W33723498
P06886,WORK,PL_W60516155
P06886,CHILD_SCHOOL,PL_W25289564
P06887,HOME,PL_W457493164
P06887,WORK,PL_W180313509
P06887,CHILD_SCHOOL,PL_W41364189
P06888,HOME,PL_W863282986
P06888,UNIVERSITY,PL_W15396822
P06889,HOME,PL_W31617621
P06889,WORK,PL_W108536784
P06890,HOME,PL_W31754569
P06890,WORK,PL_W60332314
P06891,HOME,PL_W416769424
P06891,WORK,PL_N10892231389
P06891,CHILD_SCHOOL,PL_W703414557
P06892,HOME,PL_W506136037
P06892,WORK,PL_N7578540533
P06892,CHILD_SCHOOL,PL_N5444147981
P06893,HOME,PL_W704292283
P06893,WORK,PL_W34749721
P06893,CHILD_SCHOOL,PL_N2613021303
P06894,HOME,PL_W867811314
P06894,WORK,PL_N6561539258
P06895,HOME,PL_W661066437
P06895,UNIVERSITY,PL_N13879320058
P06896,HOME,PL_W1382850392
P06896,WORK,PL_W55461564
P06896,CHILD_SCHOOL,PL_W35836168
P06897,HOME,PL_W41405398
P06897,WORK,PL_W297194551
P06897,CHILD_SCHOOL,PL_W224136221
P06898,HOME,PL_W659840392
P06898,WORK,PL_W115222390
P06898,CHILD_SCHOOL,PL_W36747098
P06899,HOME,PL_W33036598
P06899,WORK,PL_W33036598
P06900,HOME,PL_W1346550913
P06900,WORK,PL_W658233516
P06900,CHILD_SCHOOL,PL_W36747398
P06901,HOME,PL_W705624359
P06901,WORK,PL_W34720688
P06901,CHILD_SCHOOL,PL_W163042361
P06902,HOME,PL_W1275524424
P06902,WORK,PL_W121968345
P06902,CHILD_SCHOOL,PL_W688267157
P06903,HOME,PL_W42472531
P06903,WORK,PL_W33191783
P06904,HOME,PL_W706093836
P06904,WORK,PL_W241020327
P06904,CHILD_SCHOOL,PL_W35800152
P06905,HOME,PL_W31451019
P06905,WORK,PL_N9870218181
P06906,HOME,PL_W662448562
P06906,UNIVERSITY,PL_W23334883
P06907,HOME,PL_W89185222
P06907,WORK,PL_W702554513
P06908,HOME,PL_W661075020
P06908,WORK,PL_W58647115
P06908,CHILD_SCHOOL,PL_W35798775
P06909,HOME,PL_W36921199
P06909,WORK,PL_N6712345504
P06909,CHILD_SCHOOL,PL_W36377929
P06910,HOME,PL_W659335602
P06910,WORK,PL_W36543497
P06910,CHILD_SCHOOL,PL_N4015705823
P06911,HOME,PL_W1204654010
P06911,WORK,PL_W194224092
P06912,HOME,PL_W54521645
P06912,WORK,PL_W331879919
P06913,HOME,PL_W661919817
P06913,WORK,PL_N560196733
P06913,CHILD_SCHOOL,PL_W35800152
P06914,HOME,PL_W33036565
P06914,WORK,PL_N13944227404
P06914,CHILD_SCHOOL,PL_W25288139
P06915,HOME,PL_W43804991
P06915,WORK,PL_N12821334703
P06916,HOME,PL_W661636089
P06916,WORK,PL_N13018279815
P06917,HOME,PL_W32455673
P06917,WORK,PL_W34554802
P06918,HOME,PL_W32455658
P06918,WORK,PL_W179222093
P06919,HOME,PL_W31617614
P06919,WORK,PL_W661193603
P06920,HOME,PL_W33036596
P06920,WORK,PL_W31963777
P06920,CHILD_SCHOOL,PL_W56127102
P06921,HOME,PL_W659445731
P06921,WORK,PL_W659445731
P06921,CHILD_SCHOOL,PL_W186986129
P06922,HOME,PL_W62354006
P06922,WORK,PL_N2188781423
P06922,CHILD_SCHOOL,PL_W33394479
P06923,HOME,PL_W31373433
P06923,WORK,PL_W55031045
P06924,HOME,PL_W661777191
P06924,WORK,PL_W662442427
P06924,CHILD_SCHOOL,PL_W36880102
P06925,HOME,PL_W659333724
P06925,WORK,PL_W103621099
P06925,CHILD_SCHOOL,PL_W278256871
P06926,HOME,PL_W704287221
P06926,WORK,PL_N6351463701
P06927,HOME,PL_W705170960
P06927,WORK,PL_W226512038
P06928,HOME,PL_W662711903
P06928,WORK,PL_W56235405
P06928,CHILD_SCHOOL,PL_W36332039
P06929,HOME,PL_W760239221
P06929,WORK,PL_W67579891
P06929,CHILD_SCHOOL,PL_W705125019
P06930,HOME,PL_W662710831
P06930,WORK,PL_W67141305
P06931,HOME,PL_W122356169
P06931,WORK,PL_W79672266
P06932,HOME,PL_W57079616
P06932,WORK,PL_N2650564456
P06933,HOME,PL_W702142774
P06933,WORK,PL_W57385297
P06934,HOME,PL_W660569518
P06934,WORK,PL_W33000007
P06935,HOME,PL_W660569187
P06935,WORK,PL_W660569187
P06936,HOME,PL_W704288158
P06936,WORK,PL_W216336035
P06936,CHILD_SCHOOL,PL_W186575947
P06937,HOME,PL_W659732244
P06937,WORK,PL_W302103495
P06937,CHILD_SCHOOL,PL_W688047029
P06938,HOME,PL_W31756311
P06938,WORK,PL_N4284778490
P06938,CHILD_SCHOOL,PL_W35836041
P06939,HOME,PL_W702587022
P06939,WORK,PL_W370371691
P06940,HOME,PL_W170055111
P06940,WORK,PL_W67139134
P06941,HOME,PL_W41405417
P06941,WORK,PL_W142739261
P06941,CHILD_SCHOOL,PL_W661567710
P06942,HOME,PL_W660633414
P06942,UNIVERSITY,PL_N13374713725
P06943,HOME,PL_W660806778
P06943,WORK,PL_W111661859
P06943,CHILD_SCHOOL,PL_W41841713
P06944,HOME,PL_W661217717
P06944,WORK,PL_N3440216089
P06944,CHILD_SCHOOL,PL_W224818044
P06945,HOME,PL_W229483550
P06945,WORK,PL_N8964348889
P06946,HOME,PL_W659833378
P06946,WORK,PL_W188289814
P06946,CHILD_SCHOOL,PL_N7725077141
P06947,HOME,PL_W170052638
P06947,WORK,PL_W27767640
P06948,HOME,PL_W660839277
P06948,WORK,PL_W661047830
P06948,CHILD_SCHOOL,PL_W704997229
P06949,HOME,PL_W702160075
P06949,WORK,PL_W194716353
P06949,CHILD_SCHOOL,PL_W70509585
P06950,HOME,PL_W660079094
P06950,WORK,PL_W659969619
P06951,HOME,PL_W660867512
P06951,WORK,PL_W660867512
P06951,CHILD_SCHOOL,PL_W503478885
P06952,HOME,PL_W662761103
P06952,WORK,PL_N5268236421
P06953,HOME,PL_W705649186
P06953,WORK,PL_W55029942
P06954,HOME,PL_W33542527
P06954,WORK,PL_N13764112428
P06955,HOME,PL_W656561558
P06955,WORK,PL_N3687539002
P06955,CHILD_SCHOOL,PL_W25775044
P06956,HOME,PL_W863282986
P06956,WORK,PL_W670633521
P06957,HOME,PL_W661074403
P06957,WORK,PL_N3884180863
P06957,CHILD_SCHOOL,PL_W70509378
P06958,HOME,PL_W31617617
P06958,WORK,PL_W31617617
P06959,HOME,PL_W706078535
P06959,WORK,PL_W679142325
P06959,CHILD_SCHOOL,PL_W30966656
P06960,HOME,PL_W31617612
P06960,WORK,PL_W32610188
P06961,HOME,PL_W704229392
P06961,WORK,PL_W32742026
P06962,HOME,PL_W659333862
P06962,WORK,PL_W659333862
P06962,CHILD_SCHOOL,PL_W170267116
P06963,HOME,PL_W943428709
P06963,WORK,PL_N13971407110
P06963,CHILD_SCHOOL,PL_W37409510
P06964,HOME,PL_W661649637
P06964,WORK,PL_W61698598
P06965,HOME,PL_W660347320
P06965,WORK,PL_N13924356011
P06965,CHILD_SCHOOL,PL_W224815940
P06966,HOME,PL_W33559059
P06966,WORK,PL_W659830744
P06967,HOME,PL_W1515894672
P06967,WORK,PL_N2215446641
P06968,HOME,PL_W660831772
P06968,WORK,PL_W674573766
P06968,CHILD_SCHOOL,PL_N7108065615
P06969,HOME,PL_W661330736
P06969,UNIVERSITY,PL_N13885890639
P06970,HOME,PL_W660634502
P06970,WORK,PL_W58647118
P06970,CHILD_SCHOOL,PL_W33541164
P06971,HOME,PL_W1254526392
P06971,WORK,PL_N11220854984
P06972,HOME,PL_W705121017
P06972,WORK,PL_W661810016
P06973,HOME,PL_W170052638
P06973,WORK,PL_W231773826
P06974,HOME,PL_W34229573
P06974,WORK,PL_W243812280
P06974,CHILD_SCHOOL,PL_W31956205
P06975,HOME,PL_W659831357
P06975,WORK,PL_N7099866863
P06976,HOME,PL_W33036598
P06976,WORK,PL_W61698945
P06977,HOME,PL_W31451095
P06977,WORK,PL_W32540279
P06978,HOME,PL_W705649169
P06978,WORK,PL_N14015752968
P06979,HOME,PL_W705218736
P06979,WORK,PL_W59146422
P06980,HOME,PL_W967290533
P06980,UNIVERSITY,PL_W23447393
P06981,HOME,PL_W702557442
P06981,WORK,PL_W67141485
P06981,CHILD_SCHOOL,PL_W822689779
P06982,HOME,PL_W661650186
P06982,WORK,PL_W166540890
P06982,CHILD_SCHOOL,PL_W87327545
P06983,HOME,PL_W702587015
P06983,WORK,PL_W367638701
P06984,HOME,PL_W660569855
P06984,WORK,PL_W142432175
P06984,CHILD_SCHOOL,PL_W195969125
P06985,HOME,PL_W661275285
P06985,WORK,PL_N14085372607
P06986,HOME,PL_W31754518
P06986,WORK,PL_N281361734
P06986,CHILD_SCHOOL,PL_W36543496
P06987,HOME,PL_W704292287
P06987,UNIVERSITY,PL_W1502659706
P06988,HOME,PL_W656560329
P06988,WORK,PL_N12326896495
P06989,HOME,PL_W33541220
P06989,WORK,PL_W61429677
P06990,HOME,PL_W31617620
P06990,WORK,PL_W61955741
P06990,CHILD_SCHOOL,PL_W167534168
P06991,HOME,PL_W662785766
P06991,WORK,PL_W1545155853
P06992,HOME,PL_W702560123
P06992,WORK,PL_N9571939817
P06992,CHILD_SCHOOL,PL_W121872356
P06993,HOME,PL_W660078068
P06993,WORK,PL_N3653499895
P06993,CHILD_SCHOOL,PL_N2332638609
P06994,HOME,PL_W36791704
P06994,WORK,PL_W229483419
P06994,CHILD_SCHOOL,PL_W35835815
P06995,HOME,PL_W705737455
P06995,UNIVERSITY,PL_W702537549
P06996,HOME,PL_W143657050
P06996,WORK,PL_W34749723
P06997,HOME,PL_W706190954
P06997,WORK,PL_W59146421
P06997,CHILD_SCHOOL,PL_W703420515
P06998,HOME,PL_W662095051
P06998,UNIVERSITY,PL_W23447393
P06999,HOME,PL_W661824651
P06999,WORK,PL_W296368461
P07000,HOME,PL_W659246849
P07000,WORK,PL_N5709322930
P07001,HOME,PL_W660602050
P07001,WORK,PL_W659094218
P07001,CHILD_SCHOOL,PL_N3946854994
P07002,HOME,PL_W32667517
P07002,WORK,PL_N13318237528
P07003,HOME,PL_W660819593
P07003,WORK,PL_W1057021509
P07003,CHILD_SCHOOL,PL_W760844017
P07004,HOME,PL_W661920858
P07004,WORK,PL_W27767628
P07005,HOME,PL_W704229406
P07005,WORK,PL_W504775784
P07006,HOME,PL_W42472531
P07006,WORK,PL_W537868893
P07006,CHILD_SCHOOL,PL_W274833682
P07007,HOME,PL_W33725435
P07007,UNIVERSITY,PL_N8755303552
P07008,HOME,PL_W143654372
P07008,WORK,PL_W225518789
P07008,CHILD_SCHOOL,PL_W161236234
P07009,HOME,PL_W706078554
P07009,WORK,PL_W657935867
P07010,HOME,PL_W660584915
P07010,WORK,PL_N383448341
P07011,HOME,PL_W55200610
P07011,WORK,PL_N6415245494
P07012,HOME,PL_W659830904
P07012,WORK,PL_W34749772
P07013,HOME,PL_W661470358
P07013,WORK,PL_W658962778
P07014,HOME,PL_W31451018
P07014,WORK,PL_N6584458762
P07014,CHILD_SCHOOL,PL_N8082789926
P07015,HOME,PL_W659732112
P07015,WORK,PL_W679964143
P07016,HOME,PL_W31617612
P07016,WORK,PL_N13951143178
P07017,HOME,PL_W114706475
P07017,WORK,PL_W31451804
P07018,HOME,PL_W1135018789
P07018,UNIVERSITY,PL_W60304653
P07019,HOME,PL_W659548681
P07019,WORK,PL_W34900123
P07020,HOME,PL_W705740396
P07020,WORK,PL_N4349201055
P07021,HOME,PL_W704945365
P07021,WORK,PL_W704945365
P07021,CHILD_SCHOOL,PL_W195493031
P07022,HOME,PL_W661635182
P07022,WORK,PL_N772366445
P07022,CHILD_SCHOOL,PL_W33541185
P07023,HOME,PL_W660357898
P07023,WORK,PL_W27767635
P07024,HOME,PL_W661824434
P07024,WORK,PL_W159212600
P07024,CHILD_SCHOOL,PL_W25289564
P07025,HOME,PL_W41405396
P07025,WORK,PL_W1391063636
P07026,HOME,PL_W258559003
P07026,WORK,PL_W43804269
P07027,HOME,PL_W703948822
P07027,WORK,PL_W179561735
P07028,HOME,PL_W1275527445
P07028,WORK,PL_W67141283
P07028,CHILD_SCHOOL,PL_W171477271
P07029,HOME,PL_W31451052
P07029,WORK,PL_W657697672
P07030,HOME,PL_W1420636510
P07030,WORK,PL_W33561680
P07031,HOME,PL_W143657050
P07031,WORK,PL_W409261177
P07031,CHILD_SCHOOL,PL_W186031210
P07032,HOME,PL_W662095255
P07032,WORK,PL_N6240360541
P07033,HOME,PL_W661777553
P07033,UNIVERSITY,PL_N4957538454
P07034,HOME,PL_W661822160
P07034,UNIVERSITY,PL_W702100748
P07035,HOME,PL_W659253123
P07035,WORK,PL_N6304072720
P07036,HOME,PL_W661920366
P07036,WORK,PL_W65592644
P07036,CHILD_SCHOOL,PL_W36728598
P07037,HOME,PL_W31373083
P07037,WORK,PL_W58646476
P07038,HOME,PL_W31811118
P07038,WORK,PL_W43417475
P07039,HOME,PL_W705512151
P07039,WORK,PL_W276149332
P07040,HOME,PL_W659449339
P07040,WORK,PL_W659449339
P07041,HOME,PL_W661565949
P07041,WORK,PL_W56063007
P07042,HOME,PL_W170055112
P07042,WORK,PL_W1395765944
P07043,HOME,PL_W663310376
P07043,WORK,PL_W56238472
P07044,HOME,PL_W31617617
P07044,UNIVERSITY,PL_W23447424
P07045,HOME,PL_W170051472
P07045,WORK,PL_N774439355
P07046,HOME,PL_W704634879
P07046,WORK,PL_W103095385
P07047,HOME,PL_W251668007
P07047,WORK,PL_W31878215
P07048,HOME,PL_W42472531
P07048,WORK,PL_W677205531
P07049,HOME,PL_W32122685
P07049,WORK,PL_W60428612
P07049,CHILD_SCHOOL,PL_W122317772
P07050,HOME,PL_W662388650
P07050,WORK,PL_W662388650
P07051,HOME,PL_W660633693
P07051,UNIVERSITY,PL_N547498239
P07052,HOME,PL_W704993429
P07052,WORK,PL_W704993429
P07052,CHILD_SCHOOL,PL_N7725077141
P07053,HOME,PL_W31373086
P07053,WORK,PL_W113530396
P07053,CHILD_SCHOOL,PL_W35800887
P07054,HOME,PL_W238104479
P07054,WORK,PL_N4816957256
P07054,CHILD_SCHOOL,PL_W34617361
P07055,HOME,PL_W659444601
P07055,WORK,PL_W658020401
P07056,HOME,PL_W659245128
P07056,WORK,PL_W661065643
P07057,HOME,PL_W659448079
P07057,WORK,PL_N13295476004
P07058,HOME,PL_W656560916
P07058,WORK,PL_W34320502
P07059,HOME,PL_W660633327
P07059,WORK,PL_N3288802961
P07060,HOME,PL_W661649865
P07060,WORK,PL_W1347145485
P07061,HOME,PL_W457493164
P07061,WORK,PL_W1228130864
P07061,CHILD_SCHOOL,PL_W32121754
P07062,HOME,PL_W31754689
P07062,WORK,PL_N2880876216
P07063,HOME,PL_W31617615
P07063,WORK,PL_N7553599301
P07063,CHILD_SCHOOL,PL_W684083281
P07064,HOME,PL_W705170967
P07064,WORK,PL_W810800505
P07064,CHILD_SCHOOL,PL_W33529943
P07065,HOME,PL_W31757882
P07065,WORK,PL_W705121009
P07066,HOME,PL_W660600675
P07066,WORK,PL_W1473007996
P07067,HOME,PL_W661066466
P07067,WORK,PL_W669725335
P07067,CHILD_SCHOOL,PL_W34228911
P07068,HOME,PL_W1253519339
P07068,WORK,PL_W661951789
P07069,HOME,PL_W661469944
P07069,UNIVERSITY,PL_N13704267913
P07070,HOME,PL_W705529519
P07070,WORK,PL_W34550594
P07071,HOME,PL_W702167759
P07071,WORK,PL_N6551695037
P07071,CHILD_SCHOOL,PL_W34617346
P07072,HOME,PL_W661920994
P07072,WORK,PL_W659732670
P07072,CHILD_SCHOOL,PL_W36544304
P07073,HOME,PL_W33036595
P07073,WORK,PL_W33036595
P07074,HOME,PL_W659244040
P07074,WORK,PL_N421328767
P07074,CHILD_SCHOOL,PL_W170267116
P07075,HOME,PL_W662142858
P07075,WORK,PL_W662142858
P07076,HOME,PL_W659447844
P07076,WORK,PL_W705109204
P07076,CHILD_SCHOOL,PL_W705109213
P07077,HOME,PL_W67091562
P07077,WORK,PL_N709877844
P07077,CHILD_SCHOOL,PL_W56184642
P07078,HOME,PL_W31757882
P07078,WORK,PL_W660624564
P07079,HOME,PL_W659454493
P07079,WORK,PL_W34722493
P07080,HOME,PL_W705010196
P07080,WORK,PL_W61955741
P07080,CHILD_SCHOOL,PL_W35798778
P07081,HOME,PL_W704232357
P07081,WORK,PL_N14116345451
P07082,HOME,PL_W41405380
P07082,WORK,PL_W41405380
P07083,HOME,PL_W556918855
P07083,WORK,PL_W661471744
P07083,CHILD_SCHOOL,PL_W220406701
P07084,HOME,PL_W31450968
P07084,UNIVERSITY,PL_N12322231472
P07084,CHILD_SCHOOL,PL_W37236885
P07085,HOME,PL_W659548899
P07085,UNIVERSITY,PL_W775641405
P07086,HOME,PL_W36333603
P07086,WORK,PL_N560634706
P07087,HOME,PL_W704597780
P07087,WORK,PL_N6415420664
P07088,HOME,PL_W31373084
P07088,WORK,PL_N6342175888
P07089,HOME,PL_W31754575
P07089,WORK,PL_N12941638803
P07090,HOME,PL_W43805236
P07090,WORK,PL_W107138623
P07090,CHILD_SCHOOL,PL_W24725316
P07091,HOME,PL_W31451019
P07091,WORK,PL_W31451019
P07092,HOME,PL_W31756312
P07092,WORK,PL_W61982577
P07093,HOME,PL_W42472532
P07093,WORK,PL_W943701267
P07093,CHILD_SCHOOL,PL_W35545754
P07094,HOME,PL_W659252252
P07094,WORK,PL_W676443509
P07095,HOME,PL_W659838794
P07095,WORK,PL_W516728742
P07096,HOME,PL_W702169121
P07096,WORK,PL_W34582810
P07096,CHILD_SCHOOL,PL_W36747098
P07097,HOME,PL_W943428714
P07097,WORK,PL_N6565345441
P07098,HOME,PL_W31754570
P07098,WORK,PL_W55896876
P07099,HOME,PL_W659447897
P07099,WORK,PL_W34587722
P07099,CHILD_SCHOOL,PL_W34617374
P07100,HOME,PL_W36782211
P07100,WORK,PL_W36782211
P07100,CHILD_SCHOOL,PL_W705563029
P07101,HOME,PL_W659830402
P07101,WORK,PL_W41262704
P07102,HOME,PL_W43806055
P07102,UNIVERSITY,PL_N9139819377
P07103,HOME,PL_W660820366
P07103,WORK,PL_W170053305
P07104,HOME,PL_W703251916
P07104,WORK,PL_W58361241
P07104,CHILD_SCHOOL,PL_W34617709
P07105,HOME,PL_W32455674
P07105,UNIVERSITY,PL_W23447424
P07105,CHILD_SCHOOL,PL_W35798775
P07106,HOME,PL_W659840159
P07106,WORK,PL_W33570228
P07106,CHILD_SCHOOL,PL_W36543325
P07107,HOME,PL_W170052634
P07107,WORK,PL_W106710883
P07108,HOME,PL_W659549241
P07108,WORK,PL_W705845662
P07109,HOME,PL_W661636505
P07109,WORK,PL_W658300634
P07110,HOME,PL_W661206516
P07110,WORK,PL_N7592794912
P07111,HOME,PL_W41405415
P07111,WORK,PL_W122481951
P07111,CHILD_SCHOOL,PL_W36861511
P07112,HOME,PL_W661469655
P07112,WORK,PL_W236136690
P07113,HOME,PL_W660212477
P07113,WORK,PL_W660212477
P07113,CHILD_SCHOOL,PL_W35836166
P07114,HOME,PL_W1163968780
P07114,WORK,PL_W31451793
P07115,HOME,PL_W36921200
P07115,UNIVERSITY,PL_N783499436
P07116,HOME,PL_W31451095
P07116,WORK,PL_N3079147028
P07117,HOME,PL_W767378212
P07117,WORK,PL_W396817470
P07117,CHILD_SCHOOL,PL_W34617361
P07118,HOME,PL_W31754697
P07118,WORK,PL_W52430059
P07118,CHILD_SCHOOL,PL_W57052280
P07119,HOME,PL_W704993424
P07119,WORK,PL_W661035503
P07120,HOME,PL_W661822109
P07120,WORK,PL_W59768687
P07121,HOME,PL_W31756312
P07121,UNIVERSITY,PL_W23447424
P07122,HOME,PL_W43806062
P07122,WORK,PL_N2288606537
P07122,CHILD_SCHOOL,PL_W37236885
P07123,HOME,PL_W370438991
P07123,WORK,PL_W370438991
P07124,HOME,PL_W704993429
P07124,WORK,PL_W704993429
P07125,HOME,PL_W705845664
P07125,WORK,PL_W93811432
P07126,HOME,PL_W1236094720
P07126,WORK,PL_W71187338
P07126,CHILD_SCHOOL,PL_W705011696
P07127,HOME,PL_W705649185
P07127,WORK,PL_N7578997169
P07127,CHILD_SCHOOL,PL_W36747098
P07128,HOME,PL_W662775125
P07128,WORK,PL_W132115340
P07129,HOME,PL_W660348380
P07129,WORK,PL_N6568142490
P07130,HOME,PL_W41405418
P07130,WORK,PL_W67141322
P07131,HOME,PL_W658974021
P07131,WORK,PL_N752192433
P07131,CHILD_SCHOOL,PL_W70509585
P07132,HOME,PL_W133109681
P07132,UNIVERSITY,PL_W61759776
P07133,HOME,PL_W659341331
P07133,WORK,PL_W128093638
P07133,CHILD_SCHOOL,PL_W121871939
P07134,HOME,PL_W143657050
P07134,UNIVERSITY,PL_W220190025
P07135,HOME,PL_W36888102
P07135,WORK,PL_W479950922
P07135,CHILD_SCHOOL,PL_W274163820
P07136,HOME,PL_W659445730
P07136,WORK,PL_N6340918501
P07137,HOME,PL_W31373435
P07137,WORK,PL_N12566554506
P07138,HOME,PL_W31811119
P07138,WORK,PL_N7773082571
P07139,HOME,PL_W662710769
P07139,WORK,PL_W314664870
P07139,CHILD_SCHOOL,PL_W224816805
P07140,HOME,PL_W704228128
P07140,WORK,PL_W170018362
P07140,CHILD_SCHOOL,PL_W29113970
P07141,HOME,PL_W661636022
P07141,WORK,PL_W804360646
P07141,CHILD_SCHOOL,PL_W36543325
P07142,HOME,PL_W659244546
P07142,WORK,PL_W704594301
P07143,HOME,PL_W31373437
P07143,WORK,PL_N6341941431
P07144,HOME,PL_W706190949
P07144,WORK,PL_W367638701
P07145,HOME,PL_W659445767
P07145,WORK,PL_N12496608201
P07146,HOME,PL_W705529530
P07146,WORK,PL_W657979282
P07146,CHILD_SCHOOL,PL_W35798021
P07147,HOME,PL_W229483488
P07147,WORK,PL_W661314215
P07148,HOME,PL_W31754687
P07148,WORK,PL_W32556080
P07149,HOME,PL_W31373431
P07149,WORK,PL_N4894162575
P07150,HOME,PL_W1259342294
P07150,WORK,PL_N4650573942
P07150,CHILD_SCHOOL,PL_W56184642
P07151,HOME,PL_W659334054
P07151,WORK,PL_W658960778
P07151,CHILD_SCHOOL,PL_W34228912
P07152,HOME,PL_W662775519
P07152,WORK,PL_W1424015290
P07152,CHILD_SCHOOL,PL_W216295703
P07153,HOME,PL_W31757829
P07153,WORK,PL_W31757829
P07153,CHILD_SCHOOL,PL_W220408094
P07154,HOME,PL_W659333202
P07154,UNIVERSITY,PL_W15396822
P07155,HOME,PL_W661840699
P07155,WORK,PL_N5171322824
P07156,HOME,PL_W659732659
P07156,WORK,PL_N14007226985
P07156,CHILD_SCHOOL,PL_W41363542
P07157,HOME,PL_W661204079
P07157,UNIVERSITY,PL_W23447393
P07158,HOME,PL_W659252586
P07158,WORK,PL_W76001386
P07158,CHILD_SCHOOL,PL_N10649797327
P07159,HOME,PL_W1202558561
P07159,WORK,PL_W366234297
P07159,CHILD_SCHOOL,PL_W29196647
P07160,HOME,PL_W704229385
P07160,WORK,PL_W704229385
P07161,HOME,PL_W705507615
P07161,WORK,PL_W34720497
P07162,HOME,PL_W659831067
P07162,WORK,PL_W657936379
P07163,HOME,PL_W662786679
P07163,WORK,PL_W662521533
P07163,CHILD_SCHOOL,PL_W35798787
P07164,HOME,PL_W702587009
P07164,WORK,PL_W804362970
P07165,HOME,PL_W705132821
P07165,WORK,PL_W31363802
P07166,HOME,PL_W660633182
P07166,WORK,PL_W129732406
P07166,CHILD_SCHOOL,PL_W35836503
P07167,HOME,PL_W659449304
P07167,WORK,PL_W59244472
P07167,CHILD_SCHOOL,PL_W369392223
P07168,HOME,PL_W704229405
P07168,WORK,PL_N13277479963
P07169,HOME,PL_W1265099238
P07169,WORK,PL_W27767637
P07170,HOME,PL_W34229575
P07170,WORK,PL_N12785242442
P07170,CHILD_SCHOOL,PL_W705109213
P07171,HOME,PL_W43811014
P07171,WORK,PL_W62058559
P07171,CHILD_SCHOOL,PL_W224442754
P07172,HOME,PL_W661777469
P07172,WORK,PL_W55896876
P07173,HOME,PL_W705519668
P07173,WORK,PL_W141284992
P07173,CHILD_SCHOOL,PL_N712595018
P07174,HOME,PL_W31754596
P07174,WORK,PL_W205960481
P07175,HOME,PL_W659732579
P07175,WORK,PL_W58271363
P07175,CHILD_SCHOOL,PL_W369392223
P07176,HOME,PL_W31757257
P07176,WORK,PL_W30982773
P07176,CHILD_SCHOOL,PL_W34777564
P07177,HOME,PL_W703776817
P07177,WORK,PL_W62256155
P07177,CHILD_SCHOOL,PL_W688267158
P07178,HOME,PL_W661076519
P07178,WORK,PL_N1213476942
P07179,HOME,PL_W31616712
P07179,WORK,PL_W122204304
P07180,HOME,PL_W705512157
P07180,WORK,PL_W662453980
P07181,HOME,PL_W33036600
P07181,UNIVERSITY,PL_W1024399954
P07182,HOME,PL_W659333453
P07182,WORK,PL_W34545829
P07182,CHILD_SCHOOL,PL_W226096987
P07183,HOME,PL_W705010197
P07183,WORK,PL_W256116927
P07184,HOME,PL_W705115243
P07184,WORK,PL_W660830763
P07185,HOME,PL_W33036600
P07185,WORK,PL_N1300031485
P07186,HOME,PL_W170052634
P07186,UNIVERSITY,PL_W775640504
P07187,HOME,PL_W661636896
P07187,WORK,PL_N7596808399
P07188,HOME,PL_W59434209
P07188,WORK,PL_W59434209
P07188,CHILD_SCHOOL,PL_W760844017
P07189,HOME,PL_W1341459059
P07189,WORK,PL_W658018645
P07189,CHILD_SCHOOL,PL_W688045884
P07190,HOME,PL_W659341003
P07190,WORK,PL_W557896229
P07190,CHILD_SCHOOL,PL_W688047029
P07191,HOME,PL_W661956888
P07191,WORK,PL_W1306222715
P07192,HOME,PL_W659252646
P07192,WORK,PL_W660832883
P07192,CHILD_SCHOOL,PL_W499546959
P07193,HOME,PL_W656560712
P07193,WORK,PL_W656560712
P07194,HOME,PL_W659444657
P07194,WORK,PL_N9297701808
P07194,CHILD_SCHOOL,PL_W61955065
P07195,HOME,PL_W31757277
P07195,WORK,PL_W61698930
P07196,HOME,PL_W89185230
P07196,UNIVERSITY,PL_W1502657605
P07197,HOME,PL_W659247581
P07197,WORK,PL_W657936300
P07198,HOME,PL_W704288162
P07198,WORK,PL_W97303142
P07199,HOME,PL_W31754689
P07199,WORK,PL_W122205423
P07200,HOME,PL_W659733724
P07200,WORK,PL_W31963777
P07201,HOME,PL_W33542534
P07201,WORK,PL_W797163024
P07202,HOME,PL_W31373084
P07202,WORK,PL_W31373084
P07202,CHILD_SCHOOL,PL_N7108065615
P07203,HOME,PL_W42472531
P07203,WORK,PL_W59146408
P07203,CHILD_SCHOOL,PL_W180044576
P07204,HOME,PL_W33036595
P07204,WORK,PL_W660222956
P07204,CHILD_SCHOOL,PL_W34229259
P07205,HOME,PL_W41405378
P07205,WORK,PL_W55461564
P07206,HOME,PL_W31451053
P07206,WORK,PL_W362792334
P07207,HOME,PL_W706093836
P07207,WORK,PL_N12826037777
P07208,HOME,PL_W427224029
P07208,WORK,PL_W427224029
P07208,CHILD_SCHOOL,PL_W186575881
P07209,HOME,PL_W706236183
P07209,WORK,PL_N14104335269
P07210,HOME,PL_W660837911
P07210,WORK,PL_W1421194207
P07210,CHILD_SCHOOL,PL_N7766322681
P07211,HOME,PL_W660584666
P07211,WORK,PL_N14057070403
P07212,HOME,PL_W99094306
P07212,WORK,PL_W1004706297
P07213,HOME,PL_W31757259
P07213,WORK,PL_W165787889
P07214,HOME,PL_W143654379
P07214,WORK,PL_N6483208747
P07214,CHILD_SCHOOL,PL_W224674925
P07215,HOME,PL_W656560861
P07215,WORK,PL_N12358054404
P07216,HOME,PL_W1307373828
P07216,WORK,PL_W43806216
P07217,HOME,PL_W705563028
P07217,WORK,PL_W981497623
P07218,HOME,PL_W659333695
P07218,WORK,PL_W296368461
P07219,HOME,PL_W660568674
P07219,WORK,PL_N13198723259
P07219,CHILD_SCHOOL,PL_N8082789926
P07220,HOME,PL_W704292287
P07220,WORK,PL_W659460157
P07221,HOME,PL_W659731449
P07221,WORK,PL_W31617642
P07221,CHILD_SCHOOL,PL_W822689779
P07222,HOME,PL_W705222378
P07222,WORK,PL_W55383520
P07222,CHILD_SCHOOL,PL_W34769549
P07223,HOME,PL_W334726020
P07223,UNIVERSITY,PL_N401521720
P07224,HOME,PL_W659548731
P07224,WORK,PL_W616121212
P07224,CHILD_SCHOOL,PL_W121871939
P07225,HOME,PL_W42472528
P07225,WORK,PL_W31443988
P07225,CHILD_SCHOOL,PL_W36785083
P07226,HOME,PL_W661324403
P07226,WORK,PL_W43805377
P07227,HOME,PL_W659446581
P07227,WORK,PL_W661774333
P07227,CHILD_SCHOOL,PL_N7659648005
P07228,HOME,PL_W662784913
P07228,WORK,PL_W662100744
P07228,CHILD_SCHOOL,PL_N8082789926
P07229,HOME,PL_W1275522402
P07229,WORK,PL_W1275522402
P07229,CHILD_SCHOOL,PL_W688047029
P07230,HOME,PL_W659340642
P07230,WORK,PL_N5368912117
P07231,HOME,PL_W702587022
P07231,UNIVERSITY,PL_N11281293717
P07232,HOME,PL_W660569212
P07232,WORK,PL_W660865172
P07233,HOME,PL_W1079646984
P07233,WORK,PL_N6323492986
P07234,HOME,PL_W1410990461
P07234,WORK,PL_N6603447367
P07234,CHILD_SCHOOL,PL_N4264646734
P07235,HOME,PL_W659340282
P07235,WORK,PL_W659340282
P07236,HOME,PL_W31373437
P07236,WORK,PL_W31620395
P07236,CHILD_SCHOOL,PL_W35836502
P07237,HOME,PL_W31373089
P07237,WORK,PL_W369568062
P07237,CHILD_SCHOOL,PL_N2336690053
P07238,HOME,PL_W943428714
P07238,WORK,PL_W66983983
P07239,HOME,PL_W661649652
P07239,WORK,PL_W402923383
P07240,HOME,PL_W662711308
P07240,WORK,PL_N3338988879
P07240,CHILD_SCHOOL,PL_W703423112
P07241,HOME,PL_W661920143
P07241,WORK,PL_N1885527593
P07242,HOME,PL_W661074467
P07242,WORK,PL_W103096656
P07242,CHILD_SCHOOL,PL_W35800153
P07243,HOME,PL_W32742172
P07243,WORK,PL_N13011557666
P07243,CHILD_SCHOOL,PL_W35836502
P07244,HOME,PL_W663309543
P07244,WORK,PL_W1098390370
P07245,HOME,PL_W31451019
P07245,UNIVERSITY,PL_W702537549
P07246,HOME,PL_W705737457
P07246,WORK,PL_W672669532
P07246,CHILD_SCHOOL,PL_W42709352
P07247,HOME,PL_W31754686
P07247,UNIVERSITY,PL_W1502657605
P07248,HOME,PL_W659451496
P07248,WORK,PL_N13525255464
P07249,HOME,PL_W114706475
P07249,WORK,PL_N10931847023
P07250,HOME,PL_W31373094
P07250,WORK,PL_N6175092637
P07250,CHILD_SCHOOL,PL_W36787819
P07251,HOME,PL_W705121018
P07251,WORK,PL_N5334282122
P07252,HOME,PL_W704594312
P07252,WORK,PL_N5508823307
P07252,CHILD_SCHOOL,PL_W35836168
P07253,HOME,PL_W31617621
P07253,WORK,PL_W67091534
P07254,HOME,PL_W659733169
P07254,WORK,PL_W55896876
P07255,HOME,PL_W43807126
P07255,WORK,PL_W662099936
P07256,HOME,PL_W1204791471
P07256,WORK,PL_W702141527
P07256,CHILD_SCHOOL,PL_N8024045509
P07257,HOME,PL_W662784568
P07257,WORK,PL_W662784568
P07257,CHILD_SCHOOL,PL_W41364187
P07258,HOME,PL_W702560110
P07258,WORK,PL_W58431287
P07259,HOME,PL_W31617616
P07259,WORK,PL_N11421905769
P07259,CHILD_SCHOOL,PL_W70509378
P07260,HOME,PL_W662390739
P07260,UNIVERSITY,PL_W23447424
P07261,HOME,PL_W662176083
P07261,WORK,PL_W703932825
P07262,HOME,PL_W659447908
P07262,WORK,PL_N1372205379
P07263,HOME,PL_W31373083
P07263,WORK,PL_W203291417
P07264,HOME,PL_W659729393
P07264,WORK,PL_W285054176
P07265,HOME,PL_W291196700
P07265,WORK,PL_W1226256410
P07265,CHILD_SCHOOL,PL_W705011696
P07266,HOME,PL_W1204795488
P07266,WORK,PL_W33036333
P07266,CHILD_SCHOOL,PL_W50977417
P07267,HOME,PL_W659829644
P07267,WORK,PL_W521117202
P07268,HOME,PL_W661565463
P07268,WORK,PL_N4409956877
P07268,CHILD_SCHOOL,PL_W180044576
P07269,HOME,PL_W35835249
P07269,WORK,PL_N975547483
P07269,CHILD_SCHOOL,PL_N7108092021
P07270,HOME,PL_W659243279
P07270,WORK,PL_W663868530
P07271,HOME,PL_W662774968
P07271,WORK,PL_W659588032
P07271,CHILD_SCHOOL,PL_W36740007
P07272,HOME,PL_W33542527
P07272,WORK,PL_W33542527
P07273,HOME,PL_W457749629
P07273,WORK,PL_W705519672
P07274,HOME,PL_W704292300
P07274,WORK,PL_N6565973709
P07274,CHILD_SCHOOL,PL_W164599151
P07275,HOME,PL_W1518710174
P07275,WORK,PL_W104943886
P07275,CHILD_SCHOOL,PL_W688267161
P07276,HOME,PL_W31373517
P07276,WORK,PL_N569900782
P07277,HOME,PL_W662390581
P07277,WORK,PL_N6568830900
P07277,CHILD_SCHOOL,PL_W36747096
P07278,HOME,PL_W659733288
P07278,WORK,PL_W61011150
P07279,HOME,PL_W705844122
P07279,WORK,PL_W662147922
P07279,CHILD_SCHOOL,PL_W36747096
P07280,HOME,PL_W33541220
P07280,WORK,PL_W702145965
P07281,HOME,PL_W55947364
P07281,WORK,PL_W701171121
P07282,HOME,PL_W659548832
P07282,WORK,PL_N6547808730
P07283,HOME,PL_W659242927
P07283,UNIVERSITY,PL_W61759776
P07284,HOME,PL_W32121735
P07284,WORK,PL_W56057413
P07285,HOME,PL_W1163968779
P07285,WORK,PL_W34414587
P07286,HOME,PL_W661276002
P07286,WORK,PL_W234344711
P07287,HOME,PL_W659453429
P07287,WORK,PL_W29512399
P07288,HOME,PL_W703722939
P07288,WORK,PL_W1370853278
P07288,CHILD_SCHOOL,PL_W75367984
P07289,HOME,PL_W702145957
P07289,WORK,PL_W135470542
P07290,HOME,PL_W1529270088
P07290,WORK,PL_W680620605
P07291,HOME,PL_W705121013
P07291,WORK,PL_W33298345
P07292,HOME,PL_W1348013756
P07292,WORK,PL_W161271286
P07293,HOME,PL_W662775311
P07293,WORK,PL_W29512399
P07294,HOME,PL_W705519674
P07294,WORK,PL_W111082526
P07294,CHILD_SCHOOL,PL_W224815940
P07295,HOME,PL_W770873613
P07295,WORK,PL_W669623919
P07296,HOME,PL_W31617612
P07296,WORK,PL_W669624360
P07296,CHILD_SCHOOL,PL_N7108065615
P07297,HOME,PL_W659829715
P07297,WORK,PL_W991389119
P07297,CHILD_SCHOOL,PL_W703423111
P07298,HOME,PL_W31757276
P07298,WORK,PL_N9140360059
P07299,HOME,PL_W705222391
P07299,WORK,PL_W705222391
P07300,HOME,PL_W36921201
P07300,WORK,PL_W181032381
P07301,HOME,PL_W662761930
P07301,WORK,PL_W661330489
P07302,HOME,PL_W706190954
P07302,WORK,PL_W531735882
P07303,HOME,PL_W660867278
P07303,WORK,PL_W31620421
P07304,HOME,PL_W660602533
P07304,WORK,PL_W34516449
P07305,HOME,PL_W662175307
P07305,WORK,PL_W662175307
P07306,HOME,PL_W659449075
P07306,WORK,PL_N10955169590
P07307,HOME,PL_W660602835
P07307,WORK,PL_W671010922
P07308,HOME,PL_W457749629
P07308,WORK,PL_W30986903
P07309,HOME,PL_W1086999737
P07309,UNIVERSITY,PL_N12312756757
P07310,HOME,PL_W659333785
P07310,WORK,PL_W122198266
P07311,HOME,PL_W391472124
P07311,WORK,PL_N992367889
P07312,HOME,PL_W705170967
P07312,UNIVERSITY,PL_N4507572289
P07313,HOME,PL_W704945378
P07313,WORK,PL_W58271362
P07314,HOME,PL_W656561368
P07314,WORK,PL_N6662840564
P07315,HOME,PL_W660078446
P07315,WORK,PL_W660078446
P07316,HOME,PL_W1275529475
P07316,WORK,PL_W161836042
P07317,HOME,PL_W702587024
P07317,WORK,PL_W663870717
P07318,HOME,PL_W704229404
P07318,WORK,PL_W671607431
P07319,HOME,PL_W659452978
P07319,WORK,PL_W663827276
P07320,HOME,PL_W31373086
P07320,WORK,PL_W659427555
P07321,HOME,PL_W660079610
P07321,WORK,PL_W586404345
P07322,HOME,PL_W170055112
P07322,WORK,PL_W1321434683
P07322,CHILD_SCHOOL,PL_W1500052015
P07323,HOME,PL_W662388355
P07323,WORK,PL_W61956104
P07324,HOME,PL_W33036599
P07324,WORK,PL_N2405832057
P07324,CHILD_SCHOOL,PL_W25288139
P07325,HOME,PL_W659340941
P07325,WORK,PL_W660806638
P07326,HOME,PL_W659448853
P07326,WORK,PL_W705218737
P07326,CHILD_SCHOOL,PL_W87327545
P07327,HOME,PL_W1204800284
P07327,WORK,PL_W183247636
P07328,HOME,PL_W706078542
P07328,WORK,PL_N7553017339
P07328,CHILD_SCHOOL,PL_W36747096
P07329,HOME,PL_W661325153
P07329,WORK,PL_W1098900364
P07330,HOME,PL_W706190951
P07330,WORK,PL_N2281014516
P07331,HOME,PL_W659829947
P07331,UNIVERSITY,PL_W23447514
P07332,HOME,PL_W283005667
P07332,WORK,PL_W60429018
P07333,HOME,PL_W1204791450
P07333,WORK,PL_N6296608714
P07334,HOME,PL_W1245802033
P07334,WORK,PL_W61430202
P07335,HOME,PL_W41405389
P07335,WORK,PL_W34582609
P07336,HOME,PL_W34229572
P07336,WORK,PL_W659588332
P07337,HOME,PL_W58936392
P07337,WORK,PL_W1302155970
P07337,CHILD_SCHOOL,PL_W34228912
P07338,HOME,PL_W31811114
P07338,UNIVERSITY,PL_N1142872979
P07339,HOME,PL_W1204496230
P07339,WORK,PL_W659427555
P07340,HOME,PL_W659335094
P07340,WORK,PL_W705121016
P07341,HOME,PL_W659731296
P07341,WORK,PL_W703752573
P07342,HOME,PL_W36921200
P07342,WORK,PL_N6467113591
P07343,HOME,PL_W660830000
P07343,WORK,PL_W662441670
P07344,HOME,PL_W31757792
P07344,WORK,PL_W34545829
P07345,HOME,PL_W34777541
P07345,WORK,PL_W662539173
P07345,CHILD_SCHOOL,PL_W41364199
P07346,HOME,PL_W706078569
P07346,WORK,PL_W279007798
P07347,HOME,PL_W31373437
P07347,WORK,PL_W663828131
P07348,HOME,PL_W978051270
P07348,WORK,PL_W33764719
P07349,HOME,PL_W705507607
P07349,WORK,PL_W182282890
P07350,HOME,PL_W704594312
P07350,WORK,PL_N8769884249
P07350,CHILD_SCHOOL,PL_W24986415
P07351,HOME,PL_W705737457
P07351,WORK,PL_W132189161
P07351,CHILD_SCHOOL,PL_W36332059
P07352,HOME,PL_W660079234
P07352,WORK,PL_W61014137
P07353,HOME,PL_W660634053
P07353,WORK,PL_W103375040
P07354,HOME,PL_W457749629
P07354,WORK,PL_W58866826
P07354,CHILD_SCHOOL,PL_W224442754
P07355,HOME,PL_W281847065
P07355,WORK,PL_W1446758390
P07355,CHILD_SCHOOL,PL_N7725077141
P07356,HOME,PL_W661957530
P07356,WORK,PL_W122205423
P07356,CHILD_SCHOOL,PL_W195969125
P07357,HOME,PL_W662389557
P07357,WORK,PL_W144600192
P07357,CHILD_SCHOOL,PL_W25366282
P07358,HOME,PL_W661048758
P07358,WORK,PL_W661048758
P07359,HOME,PL_W41405417
P07359,WORK,PL_N8450477819
P07360,HOME,PL_W705109218
P07360,WORK,PL_N1138266326
P07360,CHILD_SCHOOL,PL_W220406701
P07361,HOME,PL_W661050010
P07361,WORK,PL_W659587797
P07362,HOME,PL_W661779123
P07362,UNIVERSITY,PL_W1502659706
P07363,HOME,PL_W662175290
P07363,WORK,PL_N6680642268
P07364,HOME,PL_W705222378
P07364,WORK,PL_W657696699
P07365,HOME,PL_W660600703
P07365,WORK,PL_N8769884249
P07366,HOME,PL_W31373427
P07366,WORK,PL_N11874506359
P07367,HOME,PL_W31451020
P07367,WORK,PL_W705222395
P07367,CHILD_SCHOOL,PL_W224136221
P07368,HOME,PL_W661957513
P07368,WORK,PL_N7325964483
P07369,HOME,PL_W705519674
P07369,WORK,PL_W494886793
P07369,CHILD_SCHOOL,PL_W35798775
P07370,HOME,PL_W704594300
P07370,WORK,PL_W34749848
P07370,CHILD_SCHOOL,PL_W35836041
P07371,HOME,PL_W660178690
P07371,WORK,PL_W662259390
P07371,CHILD_SCHOOL,PL_W180044576
P07372,HOME,PL_W229483552
P07372,WORK,PL_N11298404177
P07372,CHILD_SCHOOL,PL_W705565521
P07373,HOME,PL_W659829440
P07373,WORK,PL_W43806469
P07374,HOME,PL_W702160456
P07374,WORK,PL_W33561679
P07375,HOME,PL_W660839461
P07375,WORK,PL_W662099819
P07375,CHILD_SCHOOL,PL_W36368280
P07376,HOME,PL_W660819946
P07376,WORK,PL_N10820405496
P07377,HOME,PL_W659446229
P07377,WORK,PL_N4697780129
P07377,CHILD_SCHOOL,PL_W61955065
P07378,HOME,PL_W705563034
P07378,WORK,PL_N10695404995
P07378,CHILD_SCHOOL,PL_W688268884
P07379,HOME,PL_W661635403
P07379,WORK,PL_W679142319
P07379,CHILD_SCHOOL,PL_W41364189
P07380,HOME,PL_W31756308
P07380,WORK,PL_W659587774
P07381,HOME,PL_W31754575
P07381,WORK,PL_N8040515388
P07381,CHILD_SCHOOL,PL_W33503151
P07382,HOME,PL_W659340068
P07382,WORK,PL_W62057334
P07383,HOME,PL_W56051936
P07383,WORK,PL_W34545829
P07384,HOME,PL_W659549383
P07384,WORK,PL_N1946343376
P07384,CHILD_SCHOOL,PL_W170266806
P07385,HOME,PL_W704229406
P07385,WORK,PL_W669725333
P07386,HOME,PL_W659446412
P07386,WORK,PL_W153927224
P07387,HOME,PL_W661635893
P07387,WORK,PL_N5441763275
P07388,HOME,PL_W706078563
P07388,WORK,PL_N4630113392
P07389,HOME,PL_W51348275
P07389,WORK,PL_N412348536
P07390,HOME,PL_W1235261477
P07390,WORK,PL_W78592457
P07391,HOME,PL_W558836980
P07391,WORK,PL_W505870974
P07392,HOME,PL_W705563021
P07392,WORK,PL_W662441576
P07393,HOME,PL_W457749630
P07393,WORK,PL_W659549362
P07394,HOME,PL_W705109218
P07394,WORK,PL_N13971311584
P07394,CHILD_SCHOOL,PL_W34228911
P07395,HOME,PL_W114706282
P07395,WORK,PL_W114706282
P07395,CHILD_SCHOOL,PL_W33503129
P07396,HOME,PL_W31617605
P07396,WORK,PL_W231983655
P07396,CHILD_SCHOOL,PL_W33541185
P07397,HOME,PL_W705650228
P07397,WORK,PL_N7576568706
P07397,CHILD_SCHOOL,PL_W35836139
P07398,HOME,PL_W662785766
P07398,WORK,PL_W419912446
P07399,HOME,PL_W43806332
P07399,WORK,PL_W61698598
P07400,HOME,PL_W660867636
P07400,WORK,PL_N7048255488
P07401,HOME,PL_W705529523
P07401,WORK,PL_N13667410969
P07401,CHILD_SCHOOL,PL_W32121754
P07402,HOME,PL_W943421439
P07402,WORK,PL_W66980144
P07402,CHILD_SCHOOL,PL_W34228913
P07403,HOME,PL_W661204281
P07403,WORK,PL_W170053305
P07403,CHILD_SCHOOL,PL_W36785083
P07404,HOME,PL_W228305634
P07404,WORK,PL_W661035849
P07404,CHILD_SCHOOL,PL_W171056869
P07405,HOME,PL_W31616712
P07405,WORK,PL_N13075169832
P07406,HOME,PL_W225767241
P07406,WORK,PL_W174189760
P07407,HOME,PL_W662143331
P07407,WORK,PL_W247681920
P07408,HOME,PL_W32651989
P07408,WORK,PL_W194214022
P07408,CHILD_SCHOOL,PL_W36952003
P07409,HOME,PL_W43805755
P07409,WORK,PL_W661950735
P07410,HOME,PL_W705132823
P07410,WORK,PL_W61982577
P07411,HOME,PL_W662450020
P07411,WORK,PL_W703427644
P07411,CHILD_SCHOOL,PL_W225936202
P07412,HOME,PL_W705109218
P07412,UNIVERSITY,PL_N7797321403
P07413,HOME,PL_W659831358
P07413,WORK,PL_N13676218286
P07413,CHILD_SCHOOL,PL_W36544304
P07414,HOME,PL_W705115243
P07414,WORK,PL_W705115243
P07415,HOME,PL_W704993422
P07415,WORK,PL_N6589641226
P07415,CHILD_SCHOOL,PL_W36543496
P07416,HOME,PL_W767401480
P07416,WORK,PL_N2966297760
P07417,HOME,PL_W661325748
P07417,WORK,PL_W108059031
P07418,HOME,PL_W660633742
P07418,WORK,PL_N3297272223
P07419,HOME,PL_W662710849
P07419,WORK,PL_W1024883174
P07420,HOME,PL_W661048194
P07420,WORK,PL_W1395765939
P07420,CHILD_SCHOOL,PL_W29196647
P07421,HOME,PL_W705132821
P07421,UNIVERSITY,PL_W1289507559
P07422,HOME,PL_W660079567
P07422,WORK,PL_W657722110
P07422,CHILD_SCHOOL,PL_W56201673
P07423,HOME,PL_W704229394
P07423,WORK,PL_W704229394
P07423,CHILD_SCHOOL,PL_W235324578
P07424,HOME,PL_W702557442
P07424,WORK,PL_W97180148
P07424,CHILD_SCHOOL,PL_W170266806
P07425,HOME,PL_W705011699
P07425,WORK,PL_W705011699
P07425,CHILD_SCHOOL,PL_W688269003
P07426,HOME,PL_W31373086
P07426,WORK,PL_W105497054
P07427,HOME,PL_W705010187
P07427,WORK,PL_W661950839
P07428,HOME,PL_W659341439
P07428,WORK,PL_N383238087
P07429,HOME,PL_W611916720
P07429,WORK,PL_N3933103723
P07430,HOME,PL_W55547148
P07430,WORK,PL_N13208956570
P07431,HOME,PL_W43806062
P07431,WORK,PL_W333370248
P07431,CHILD_SCHOOL,PL_W24159328
P07432,HOME,PL_W143657050
P07432,WORK,PL_N7195309578
P07433,HOME,PL_W659731716
P07433,WORK,PL_N2917845101
P07434,HOME,PL_W659732642
P07434,WORK,PL_W34582302
P07435,HOME,PL_W31617606
P07435,UNIVERSITY,PL_W61759776
P07435,CHILD_SCHOOL,PL_W220408094
P07436,HOME,PL_W41405409
P07436,WORK,PL_W56123948
P07437,HOME,PL_W705624359
P07437,WORK,PL_N13971311566
P07437,CHILD_SCHOOL,PL_W34617346
P07438,HOME,PL_W659251117
P07438,WORK,PL_W671607431
P07438,CHILD_SCHOOL,PL_W705565520
P07439,HOME,PL_W661635152
P07439,WORK,PL_W367536575
P07440,HOME,PL_W1334264553
P07440,WORK,PL_W144942369
P07440,CHILD_SCHOOL,PL_N2356774165
P07441,HOME,PL_W369781473
P07441,UNIVERSITY,PL_N13885890639
P07442,HOME,PL_W36791495
P07442,WORK,PL_N3572166952
P07442,CHILD_SCHOOL,PL_N7108092021
P07443,HOME,PL_W231406229
P07443,WORK,PL_W118251594
P07444,HOME,PL_W31754571
P07444,WORK,PL_W31754571
P07444,CHILD_SCHOOL,PL_W36747096
P07445,HOME,PL_W33036595
P07445,WORK,PL_N12978845600
P07446,HOME,PL_W54521645
P07446,WORK,PL_W54521645
P07447,HOME,PL_W703937359
P07447,WORK,PL_W686163960
P07448,HOME,PL_W31373086
P07448,WORK,PL_W670110179
P07449,HOME,PL_W661469925
P07449,WORK,PL_W34749647
P07449,CHILD_SCHOOL,PL_W59584330
P07450,HOME,PL_W170055112
P07450,WORK,PL_W661951721
P07450,CHILD_SCHOOL,PL_W274163820
P07451,HOME,PL_W661821800
P07451,WORK,PL_W127685221
P07452,HOME,PL_W705115252
P07452,WORK,PL_W70510669
P07453,HOME,PL_W659731837
P07453,WORK,PL_W141173316
P07453,CHILD_SCHOOL,PL_W704292292
P07454,HOME,PL_W705132823
P07454,WORK,PL_N13028454904
P07455,HOME,PL_W659731206
P07455,UNIVERSITY,PL_N2375249754
P07456,HOME,PL_W703948829
P07456,WORK,PL_N12076151028
P07457,HOME,PL_W33076971
P07457,WORK,PL_W59244443
P07458,HOME,PL_W31617617
P07458,WORK,PL_W951835028
P07459,HOME,PL_W659447106
P07459,WORK,PL_W107138365
P07460,HOME,PL_W31619296
P07460,WORK,PL_W1004706295
P07461,HOME,PL_W31373084
P07461,WORK,PL_W56433525
P07462,HOME,PL_W704945366
P07462,WORK,PL_W660836759
P07462,CHILD_SCHOOL,PL_W224897072
P07463,HOME,PL_W656562123
P07463,WORK,PL_W122204304
P07464,HOME,PL_W31373094
P07464,WORK,PL_W59768687
P07465,HOME,PL_W662776190
P07465,WORK,PL_N11935116558
P07466,HOME,PL_W660583649
P07466,WORK,PL_W58728296
P07467,HOME,PL_W353021626
P07467,WORK,PL_W657934980
P07468,HOME,PL_W1348013727
P07468,WORK,PL_W61760169
P07469,HOME,PL_W1204654105
P07469,WORK,PL_W659587181
P07469,CHILD_SCHOOL,PL_W34229259
P07470,HOME,PL_W661841824
P07470,WORK,PL_N2557488468
P07470,CHILD_SCHOOL,PL_W499546959
P07471,HOME,PL_W170055112
P07471,WORK,PL_N7009937516
P07471,CHILD_SCHOOL,PL_W33396855
P07472,HOME,PL_W659830904
P07472,WORK,PL_N6589762626
P07473,HOME,PL_W1204654037
P07473,WORK,PL_W338168144
P07473,CHILD_SCHOOL,PL_W705565522
P07474,HOME,PL_W704995236
P07474,WORK,PL_W61698864
P07475,HOME,PL_W659730783
P07475,WORK,PL_N9759821353
P07476,HOME,PL_W1202683494
P07476,WORK,PL_W676422632
P07476,CHILD_SCHOOL,PL_W170267116
P07477,HOME,PL_W31757277
P07477,UNIVERSITY,PL_W1502659706
P07478,HOME,PL_W660569766
P07478,WORK,PL_W660569766
P07478,CHILD_SCHOOL,PL_W160521056
P07479,HOME,PL_W705011706
P07479,WORK,PL_W122198734
P07480,HOME,PL_W43804755
P07480,WORK,PL_W80378604
P07480,CHILD_SCHOOL,PL_W274833682
P07481,HOME,PL_W704288164
P07481,WORK,PL_N5064137025
P07482,HOME,PL_W31373427
P07482,WORK,PL_N6268050078
P07482,CHILD_SCHOOL,PL_N5413474408
P07483,HOME,PL_W89185230
P07483,UNIVERSITY,PL_W61759776
P07484,HOME,PL_W1204906868
P07484,WORK,PL_W661193603
P07485,HOME,PL_W702169119
P07485,WORK,PL_W662099844
P07486,HOME,PL_W662094891
P07486,WORK,PL_N2849238543
P07486,CHILD_SCHOOL,PL_W41841601
P07487,HOME,PL_W924866605
P07487,WORK,PL_W231983646
P07488,HOME,PL_W1204653940
P07488,WORK,PL_N10820389158
P07489,HOME,PL_W89185230
P07489,WORK,PL_W804363094
P07489,CHILD_SCHOOL,PL_W33503151
P07490,HOME,PL_W31757258
P07490,WORK,PL_W27767640
P07491,HOME,PL_W705011701
P07491,WORK,PL_W673493644
P07491,CHILD_SCHOOL,PL_W186031210
P07492,HOME,PL_W660602046
P07492,WORK,PL_N3763291979
P07492,CHILD_SCHOOL,PL_W35545754
P07493,HOME,PL_W170051472
P07493,WORK,PL_W659581408
P07494,HOME,PL_W258559003
P07494,WORK,PL_W671011443
P07495,HOME,PL_W662176135
P07495,UNIVERSITY,PL_N13670266863
P07496,HOME,PL_W705011686
P07496,WORK,PL_N6592055414
P07497,HOME,PL_W706080731
P07497,WORK,PL_N11198708278
P07498,HOME,PL_W41405419
P07498,WORK,PL_W677206969
P07499,HOME,PL_W41405389
P07499,WORK,PL_N6721474787
P07500,HOME,PL_W114706475
P07500,WORK,PL_W1370761550
P07500,CHILD_SCHOOL,PL_W31756363
P07501,HOME,PL_W31756334
P07501,WORK,PL_W1131039492
P07502,HOME,PL_W32820133
P07502,WORK,PL_W122205423
P07502,CHILD_SCHOOL,PL_W68507025
P07503,HOME,PL_W41405394
P07503,WORK,PL_W41405394
P07504,HOME,PL_W660981646
P07504,WORK,PL_N5706107521
P07504,CHILD_SCHOOL,PL_W706093848
P07505,HOME,PL_W659243443
P07505,UNIVERSITY,PL_N11406187968
P07506,HOME,PL_W661779477
P07506,UNIVERSITY,PL_N9139819377
P07507,HOME,PL_W661050388
P07507,WORK,PL_W663518492
P07508,HOME,PL_W705011686
P07508,WORK,PL_N3507805959
P07508,CHILD_SCHOOL,PL_N4213745389
P07509,HOME,PL_W705507593
P07509,WORK,PL_N13635146897
P07510,HOME,PL_W661206487
P07510,WORK,PL_N13890081078
P07510,CHILD_SCHOOL,PL_W35836166
P07511,HOME,PL_W41405378
P07511,WORK,PL_W61429979
P07511,CHILD_SCHOOL,PL_W703414558
P07512,HOME,PL_W705010191
P07512,WORK,PL_W660836271
P07512,CHILD_SCHOOL,PL_W224816805
P07513,HOME,PL_W659340530
P07513,WORK,PL_N1911554891
P07513,CHILD_SCHOOL,PL_W186575106
P07514,HOME,PL_W704232364
P07514,UNIVERSITY,PL_W1024399954
P07515,HOME,PL_W1520600047
P07515,WORK,PL_W62058574
P07516,HOME,PL_W369781473
P07516,WORK,PL_W704997215
P07517,HOME,PL_W661324843
P07517,WORK,PL_W61430317
P07517,CHILD_SCHOOL,PL_W73323696
P07518,HOME,PL_W62354011
P07518,WORK,PL_W62354011
P07519,HOME,PL_W660817250
P07519,WORK,PL_W33561126
P07520,HOME,PL_W705512151
P07520,WORK,PL_W495300892
P07520,CHILD_SCHOOL,PL_W36377929
P07521,HOME,PL_W31451052
P07521,UNIVERSITY,PL_N12322231472
P07522,HOME,PL_W659830402
P07522,WORK,PL_W705121016
P07523,HOME,PL_W31617617
P07523,WORK,PL_W815003250
P07524,HOME,PL_W659728494
P07524,WORK,PL_W657936244
P07525,HOME,PL_W1235968010
P07525,WORK,PL_N13921314638
P07525,CHILD_SCHOOL,PL_W705565520
P07526,HOME,PL_W32455659
P07526,WORK,PL_W194215083
P07527,HOME,PL_W661049945
P07527,WORK,PL_W98409726
P07528,HOME,PL_W704945378
P07528,WORK,PL_W662252310
P07529,HOME,PL_W43811048
P07529,WORK,PL_W43811048
P07530,HOME,PL_W51348275
P07530,WORK,PL_N8641635844
P07530,CHILD_SCHOOL,PL_N3575731091
P07531,HOME,PL_W659341517
P07531,WORK,PL_W1224926612
P07531,CHILD_SCHOOL,PL_W688269003
P07532,HOME,PL_W1137681907
P07532,UNIVERSITY,PL_N12819212196
P07533,HOME,PL_W659445004
P07533,WORK,PL_W55226309
P07534,HOME,PL_W767401494
P07534,WORK,PL_W58745955
P07534,CHILD_SCHOOL,PL_W184368202
P07535,HOME,PL_W659454808
P07535,WORK,PL_W52521720
P07536,HOME,PL_W705881541
P07536,WORK,PL_W661194117
P07537,HOME,PL_W661778475
P07537,WORK,PL_N6558113008
P07538,HOME,PL_W36888102
P07538,WORK,PL_N10822992501
P07538,CHILD_SCHOOL,PL_W220408094
P07539,HOME,PL_W36888109
P07539,WORK,PL_W142993846
P07539,CHILD_SCHOOL,PL_W195969794
P07540,HOME,PL_W660806679
P07540,WORK,PL_W663829682
P07541,HOME,PL_W30966657
P07541,WORK,PL_N1408011788
P07542,HOME,PL_W705649172
P07542,WORK,PL_W678759777
P07542,CHILD_SCHOOL,PL_W57047252
P07543,HOME,PL_W659445732
P07543,WORK,PL_W33191772
P07544,HOME,PL_W31754690
P07544,WORK,PL_N286375638
P07544,CHILD_SCHOOL,PL_W703420514
P07545,HOME,PL_W31451200
P07545,WORK,PL_W663827265
P07545,CHILD_SCHOOL,PL_W224817368
P07546,HOME,PL_W705529515
P07546,WORK,PL_W28025955
P07546,CHILD_SCHOOL,PL_W703400000
P07547,HOME,PL_W195460168
P07547,WORK,PL_W362777999
P07548,HOME,PL_W659547219
P07548,WORK,PL_W659321705
P07548,CHILD_SCHOOL,PL_W36880102
P07549,HOME,PL_W660981587
P07549,WORK,PL_W419912448
P07549,CHILD_SCHOOL,PL_W35798775
P07550,HOME,PL_W661331083
P07550,WORK,PL_W662130602
P07551,HOME,PL_W687185986
P07551,WORK,PL_N4179849766
P07551,CHILD_SCHOOL,PL_W226096987
P07552,HOME,PL_W705845659
P07552,WORK,PL_W662727094
P07553,HOME,PL_W660867559
P07553,WORK,PL_N2152544171
P07554,HOME,PL_W31618600
P07554,WORK,PL_W663827160
P07554,CHILD_SCHOOL,PL_W36746611
P07555,HOME,PL_W659444977
P07555,WORK,PL_W336917018
P07555,CHILD_SCHOOL,PL_N5444147981
P07556,HOME,PL_W703948822
P07556,WORK,PL_N11582769894
P07557,HOME,PL_W122480703
P07557,WORK,PL_W182946160
P07558,HOME,PL_W659452617
P07558,WORK,PL_W1174697425
P07559,HOME,PL_W660838598
P07559,WORK,PL_W660078366
P07559,CHILD_SCHOOL,PL_W195969794
P07560,HOME,PL_W705882028
P07560,WORK,PL_N6838993924
P07560,CHILD_SCHOOL,PL_W29234699
P07561,HOME,PL_W659446917
P07561,WORK,PL_W659446917
P07562,HOME,PL_W457749630
P07562,WORK,PL_W796653482
P07562,CHILD_SCHOOL,PL_W180044576
P07563,HOME,PL_W33036595
P07563,WORK,PL_N6359437466
P07564,HOME,PL_W34777543
P07564,WORK,PL_W704729319
P07565,HOME,PL_W705737451
P07565,WORK,PL_W112390917
P07565,CHILD_SCHOOL,PL_W33541164
P07566,HOME,PL_W54521645
P07566,WORK,PL_N11784011613
P07567,HOME,PL_W661330859
P07567,WORK,PL_W56010232
P07567,CHILD_SCHOOL,PL_W42525283
P07568,HOME,PL_W703752563
P07568,WORK,PL_N5223897945
P07568,CHILD_SCHOOL,PL_W34228913
P07569,HOME,PL_W659446536
P07569,WORK,PL_W43125814
P07570,HOME,PL_W659444912
P07570,WORK,PL_N3473928544
P07570,CHILD_SCHOOL,PL_W41363541
P07571,HOME,PL_W659838670
P07571,WORK,PL_N5440341721
P07571,CHILD_SCHOOL,PL_W224815295
P07572,HOME,PL_W659340042
P07572,WORK,PL_W658018645
P07573,HOME,PL_W31757256
P07573,WORK,PL_W66979779
P07574,HOME,PL_W662177447
P07574,UNIVERSITY,PL_N2884419126
P07574,CHILD_SCHOOL,PL_W36728598
P07575,HOME,PL_W662389182
P07575,WORK,PL_N3388557766
P07576,HOME,PL_W730690117
P07576,WORK,PL_W58361211
P07577,HOME,PL_W32455659
P07577,WORK,PL_W42472535
P07577,CHILD_SCHOOL,PL_W703400000
P07578,HOME,PL_W36921201
P07578,WORK,PL_W129730208
P07578,CHILD_SCHOOL,PL_W32819968
P07579,HOME,PL_W705010189
P07579,WORK,PL_W105516612
P07579,CHILD_SCHOOL,PL_W167534168
P07580,HOME,PL_W659728940
P07580,WORK,PL_N7881335020
P07580,CHILD_SCHOOL,PL_W87327545
P07581,HOME,PL_W30966657
P07581,WORK,PL_N5796612753
P07582,HOME,PL_W31451052
P07582,WORK,PL_W339360513
P07583,HOME,PL_W661823785
P07583,WORK,PL_W31443988
P07584,HOME,PL_W659333355
P07584,WORK,PL_W55029942
P07584,CHILD_SCHOOL,PL_W417888719
P07585,HOME,PL_W661567411
P07585,WORK,PL_W203841802
P07585,CHILD_SCHOOL,PL_W36332039
P07586,HOME,PL_W42472531
P07586,WORK,PL_N1629211380
P07587,HOME,PL_W31617615
P07587,WORK,PL_W248393746
P07587,CHILD_SCHOOL,PL_W56051910
P07588,HOME,PL_W35836410
P07588,WORK,PL_N6685670270
P07589,HOME,PL_W31373084
P07589,WORK,PL_W31373084
P07589,CHILD_SCHOOL,PL_W35836502
P07590,HOME,PL_W226958989
P07590,WORK,PL_W659599068
P07591,HOME,PL_W662144044
P07591,WORK,PL_W659539186
P07591,CHILD_SCHOOL,PL_W35798778
P07592,HOME,PL_W31622242
P07592,WORK,PL_N7726551152
P07593,HOME,PL_W659341431
P07593,WORK,PL_W336917018
P07593,CHILD_SCHOOL,PL_W179214961
P07594,HOME,PL_W662390234
P07594,WORK,PL_N7580979792
P07595,HOME,PL_W662142941
P07595,WORK,PL_W661251417
P07596,HOME,PL_W43804991
P07596,WORK,PL_N13708205138
P07596,CHILD_SCHOOL,PL_W704997229
P07597,HOME,PL_W705011699
P07597,WORK,PL_N5441763275
P07597,CHILD_SCHOOL,PL_W121872356
P07598,HOME,PL_W704229398
P07598,WORK,PL_W306715325
P07599,HOME,PL_W705222385
P07599,WORK,PL_W660832883
P07600,HOME,PL_W703618240
P07600,WORK,PL_W150432577
P07600,CHILD_SCHOOL,PL_W224674925
P07601,HOME,PL_W659461337
P07601,WORK,PL_N7751916019
P07601,CHILD_SCHOOL,PL_W220408094
P07602,HOME,PL_W978051262
P07602,WORK,PL_W34551489
P07603,HOME,PL_W943421439
P07603,WORK,PL_N7759217325
P07604,HOME,PL_W36791495
P07604,WORK,PL_N6342200350
P07604,CHILD_SCHOOL,PL_W703420514
P07605,HOME,PL_W661840699
P07605,WORK,PL_W59252720
P07606,HOME,PL_W32455674
P07606,WORK,PL_N7528906428
P07606,CHILD_SCHOOL,PL_W36785083
P07607,HOME,PL_W61955719
P07607,WORK,PL_W702100741
P07607,CHILD_SCHOOL,PL_W36870739
P07608,HOME,PL_W143657050
P07608,UNIVERSITY,PL_N12312756757
P07609,HOME,PL_W705121017
P07609,WORK,PL_W25491342
P07609,CHILD_SCHOOL,PL_W703752577
P07610,HOME,PL_W1204549382
P07610,WORK,PL_W661649901
P07610,CHILD_SCHOOL,PL_W705011693
P07611,HOME,PL_W660831890
P07611,WORK,PL_W663564963
P07611,CHILD_SCHOOL,PL_W391848543
P07612,HOME,PL_W704729327
P07612,WORK,PL_W31812603
P07613,HOME,PL_W662776094
P07613,WORK,PL_W231773826
P07613,CHILD_SCHOOL,PL_W224695919
P07614,HOME,PL_W1204791479
P07614,WORK,PL_W1194870091
P07615,HOME,PL_W659445387
P07615,WORK,PL_W659445387
P07616,HOME,PL_W662775192
P07616,WORK,PL_W495079991
P07616,CHILD_SCHOOL,PL_W33541185
P07617,HOME,PL_W705121013
P07617,WORK,PL_W58565872
P07617,CHILD_SCHOOL,PL_W171056869
P07618,HOME,PL_W31451020
P07618,WORK,PL_N10671887620
P07619,HOME,PL_W170055112
P07619,WORK,PL_N9573825416
P07620,HOME,PL_W659452564
P07620,WORK,PL_W705218753
P07621,HOME,PL_W662095530
P07621,WORK,PL_N6603471785
P07621,CHILD_SCHOOL,PL_W25366324
P07622,HOME,PL_W661075104
P07622,WORK,PL_W32742028
P07623,HOME,PL_W659830402
P07623,WORK,PL_W796687023
P07623,CHILD_SCHOOL,PL_N712595018
P07624,HOME,PL_W427224029
P07624,WORK,PL_W32024795
P07624,CHILD_SCHOOL,PL_W688267159
P07625,HOME,PL_W36921201
P07625,WORK,PL_W32707399
P07625,CHILD_SCHOOL,PL_W14608518
P07626,HOME,PL_W662535705
P07626,WORK,PL_W34573775
P07626,CHILD_SCHOOL,PL_W61955065
P07627,HOME,PL_W704287221
P07627,WORK,PL_W239827900
P07628,HOME,PL_W33036594
P07628,UNIVERSITY,PL_W1024399954
P07629,HOME,PL_W660601570
P07629,WORK,PL_N11090819628
P07630,HOME,PL_W469779618
P07630,WORK,PL_W34122101
P07631,HOME,PL_W659447608
P07631,WORK,PL_W33361587
P07631,CHILD_SCHOOL,PL_W705565521
P07632,HOME,PL_W31757861
P07632,WORK,PL_W65592644
P07632,CHILD_SCHOOL,PL_W36543496
P07633,HOME,PL_W36791704
P07633,WORK,PL_W36791704
P07633,CHILD_SCHOOL,PL_W36951033
P07634,HOME,PL_W705011702
P07634,UNIVERSITY,PL_W775640504
P07635,HOME,PL_W659546675
P07635,WORK,PL_N5069379323
P07636,HOME,PL_W41405378
P07636,WORK,PL_N5478886799
P07637,HOME,PL_W659548288
P07637,WORK,PL_W58431321
P07637,CHILD_SCHOOL,PL_N3021064167
P07638,HOME,PL_W704288158
P07638,WORK,PL_W704288158
P07638,CHILD_SCHOOL,PL_W34228911
P07639,HOME,PL_W924866606
P07639,WORK,PL_W34582249
P07640,HOME,PL_W659454425
P07640,WORK,PL_W33561117
P07640,CHILD_SCHOOL,PL_W143658010
P07641,HOME,PL_W33725435
P07641,WORK,PL_N12996489265
P07641,CHILD_SCHOOL,PL_N2336690053
P07642,HOME,PL_W659453225
P07642,UNIVERSITY,PL_N12312756757
P07642,CHILD_SCHOOL,PL_N5444147981
P07643,HOME,PL_W659731296
P07643,WORK,PL_W27778689
P07643,CHILD_SCHOOL,PL_W29196647
P07644,HOME,PL_W31373431
P07644,WORK,PL_N11195009100
P07644,CHILD_SCHOOL,PL_W41364189
P07645,HOME,PL_W34229572
P07645,WORK,PL_W148646768
P07646,HOME,PL_W31616721
P07646,WORK,PL_W61982576
P07646,CHILD_SCHOOL,PL_W703420514
P07647,HOME,PL_W706080731
P07647,WORK,PL_W107138623
P07647,CHILD_SCHOOL,PL_N7751979185
P07648,HOME,PL_W31373093
P07648,WORK,PL_N13908369382
P07649,HOME,PL_W660839042
P07649,WORK,PL_W29512399
P07649,CHILD_SCHOOL,PL_W36952003
P07650,HOME,PL_W33036599
P07650,WORK,PL_N5478886799
P07651,HOME,PL_W659729071
P07651,UNIVERSITY,PL_N2681580824
P07652,HOME,PL_W661048374
P07652,UNIVERSITY,PL_W1289507559
P07653,HOME,PL_W704292297
P07653,WORK,PL_N5366324122
P07654,HOME,PL_W170051471
P07654,WORK,PL_W34121938
P07655,HOME,PL_W703929738
P07655,WORK,PL_W659588332
P07656,HOME,PL_W659334145
P07656,UNIVERSITY,PL_W23447393
P07657,HOME,PL_W705507588
P07657,WORK,PL_W34550594
P07658,HOME,PL_W31756311
P07658,WORK,PL_W150494721
P07658,CHILD_SCHOOL,PL_W32819968
P07659,HOME,PL_W705565537
P07659,WORK,PL_W148646768
P07660,HOME,PL_W706078564
P07660,WORK,PL_W203046133
P07660,CHILD_SCHOOL,PL_W70509585
P07661,HOME,PL_W661821101
P07661,WORK,PL_W34749848
P07662,HOME,PL_W661470301
P07662,WORK,PL_W663827183
P07662,CHILD_SCHOOL,PL_W703414557
P07663,HOME,PL_W659335170
P07663,UNIVERSITY,PL_W23447424
P07664,HOME,PL_W33036565
P07664,WORK,PL_N281361239
P07665,HOME,PL_W662775672
P07665,WORK,PL_N6712340477
P07666,HOME,PL_W31617609
P07666,WORK,PL_W122198266
P07667,HOME,PL_W457749629
P07667,WORK,PL_W679142323
P07667,CHILD_SCHOOL,PL_W36952003
P07668,HOME,PL_W31373093
P07668,WORK,PL_W66980130
P07668,CHILD_SCHOOL,PL_W43327805
P07669,HOME,PL_W660584878
P07669,UNIVERSITY,PL_W23447424
P07670,HOME,PL_W31754518
P07670,WORK,PL_N6561364609
P07671,HOME,PL_W704634887
P07671,WORK,PL_W32540130
P07671,CHILD_SCHOOL,PL_W36543326
P07672,HOME,PL_W705115253
P07672,WORK,PL_W659629337
P07673,HOME,PL_W225855524
P07673,WORK,PL_N13932514833
P07673,CHILD_SCHOOL,PL_W34769382
P07674,HOME,PL_W705649183
P07674,WORK,PL_W1130755538
P07674,CHILD_SCHOOL,PL_W32121754
P07675,HOME,PL_W43804992
P07675,WORK,PL_W661770747
P07676,HOME,PL_W31451094
P07676,WORK,PL_W705519670
P07677,HOME,PL_W660818189
P07677,WORK,PL_N6373239278
P07678,HOME,PL_W31757290
P07678,WORK,PL_N6659697163
P07679,HOME,PL_W661921006
P07679,WORK,PL_N9684228297
P07679,CHILD_SCHOOL,PL_W36951033
P07680,HOME,PL_W659830909
P07680,WORK,PL_W277289052
P07680,CHILD_SCHOOL,PL_W35836274
P07681,HOME,PL_W660817294
P07681,WORK,PL_N12198108801
P07682,HOME,PL_W31757868
P07682,WORK,PL_N6548584911
P07683,HOME,PL_W659446153
P07683,WORK,PL_W442980016
P07683,CHILD_SCHOOL,PL_N4264646734
P07684,HOME,PL_W656560383
P07684,WORK,PL_W656560383
P07685,HOME,PL_W31373431
P07685,WORK,PL_W288106846
P07686,HOME,PL_W660633434
P07686,WORK,PL_W660836569
P07686,CHILD_SCHOOL,PL_W35797979
P07687,HOME,PL_W36921200
P07687,WORK,PL_N13917983710
P07688,HOME,PL_W661635667
P07688,WORK,PL_N6325960642
P07689,HOME,PL_W705121024
P07689,WORK,PL_N3796212747
P07689,CHILD_SCHOOL,PL_W499546959
P07690,HOME,PL_W195460168
P07690,UNIVERSITY,PL_N9543551939
P07691,HOME,PL_W660176999
P07691,WORK,PL_W141171734
P07692,HOME,PL_W659334037
P07692,WORK,PL_W111082526
P07692,CHILD_SCHOOL,PL_W34228912
P07693,HOME,PL_W661649273
P07693,WORK,PL_N6495425602
P07694,HOME,PL_W659445038
P07694,WORK,PL_W659321712
P07695,HOME,PL_W661204873
P07695,WORK,PL_W67141590
P07696,HOME,PL_W531101812
P07696,WORK,PL_W34084140
P07696,CHILD_SCHOOL,PL_W148163965
P07697,HOME,PL_W659249098
P07697,WORK,PL_W981497623
P07698,HOME,PL_W32122686
P07698,WORK,PL_W56062961
P07699,HOME,PL_W36791714
P07699,WORK,PL_W36791714
P07699,CHILD_SCHOOL,PL_W242745832
P07700,HOME,PL_W661324259
P07700,WORK,PL_W162607309
P07700,CHILD_SCHOOL,PL_W33541185
P07701,HOME,PL_W661469969
P07701,WORK,PL_W32707399
P07701,CHILD_SCHOOL,PL_W35800887
P07702,HOME,PL_W894580863
P07702,WORK,PL_W35491449
P07703,HOME,PL_W660585889
P07703,WORK,PL_W231773826
P07703,CHILD_SCHOOL,PL_W33541228
P07704,HOME,PL_W31373428
P07704,WORK,PL_W55413451
P07705,HOME,PL_W143657050
P07705,WORK,PL_N6416453274
P07706,HOME,PL_W43806332
P07706,WORK,PL_W43806332
P07706,CHILD_SCHOOL,PL_W36331867
P07707,HOME,PL_W662727446
P07707,WORK,PL_W61430317
P07708,HOME,PL_W659732267
P07708,WORK,PL_W659732267
P07708,CHILD_SCHOOL,PL_W688268884
P07709,HOME,PL_W661821795
P07709,UNIVERSITY,PL_W1504222043
P07710,HOME,PL_W705170970
P07710,WORK,PL_W141693739
P07711,HOME,PL_W229483552
P07711,WORK,PL_N13962631450
P07712,HOME,PL_W661275179
P07712,WORK,PL_W32773286
P07713,HOME,PL_W662144313
P07713,WORK,PL_W115222390
P07713,CHILD_SCHOOL,PL_W216295703
P07714,HOME,PL_W660212280
P07714,WORK,PL_N4368589695
P07714,CHILD_SCHOOL,PL_W289382175
P07715,HOME,PL_W660829880
P07715,WORK,PL_W137923156
P07715,CHILD_SCHOOL,PL_W35836503
P07716,HOME,PL_W31451095
P07716,WORK,PL_N8921496372
P07716,CHILD_SCHOOL,PL_W35836502
P07717,HOME,PL_W31754570
P07717,WORK,PL_W60428594
P07717,CHILD_SCHOOL,PL_N7108106148
P07718,HOME,PL_W705844124
P07718,WORK,PL_W231284913
P07718,CHILD_SCHOOL,PL_W34228911
P07719,HOME,PL_W659248226
P07719,WORK,PL_W1194870091
P07720,HOME,PL_W34777546
P07720,WORK,PL_N6359447137
P07721,HOME,PL_W284327682
P07721,WORK,PL_N14020001312
P07721,CHILD_SCHOOL,PL_W42149102
P07722,HOME,PL_W31622243
P07722,WORK,PL_N11310904116
P07722,CHILD_SCHOOL,PL_W224816805
P07723,HOME,PL_W659549080
P07723,WORK,PL_W1091080136
P07724,HOME,PL_W660586638
P07724,WORK,PL_W659617769
P07724,CHILD_SCHOOL,PL_W503478885
P07725,HOME,PL_W656561683
P07725,WORK,PL_W455610181
P07726,HOME,PL_W661470217
P07726,WORK,PL_W662213143
P07726,CHILD_SCHOOL,PL_W36543325
P07727,HOME,PL_W31757883
P07727,WORK,PL_W306426685
P07728,HOME,PL_W659252751
P07728,WORK,PL_W1545155847
P07728,CHILD_SCHOOL,PL_W54223625
P07729,HOME,PL_W662774600
P07729,WORK,PL_N8518307710
P07729,CHILD_SCHOOL,PL_W14608518
P07730,HOME,PL_W36921201
P07730,WORK,PL_W31926308
P07731,HOME,PL_W659830338
P07731,WORK,PL_N7720347797
P07731,CHILD_SCHOOL,PL_W25366324
P07732,HOME,PL_W31617603
P07732,WORK,PL_N6589662179
P07733,HOME,PL_W1275519234
P07733,WORK,PL_N7745266377
P07734,HOME,PL_W661049496
P07734,WORK,PL_N6354886589
P07734,CHILD_SCHOOL,PL_W34228913
P07735,HOME,PL_W686701453
P07735,WORK,PL_W27767627
P07736,HOME,PL_W659243956
P07736,WORK,PL_W659116685
P07737,HOME,PL_W661325307
P07737,WORK,PL_W661325307
P07738,HOME,PL_W660212813
P07738,WORK,PL_W42890418
P07739,HOME,PL_W122359518
P07739,WORK,PL_N4322241900
P07740,HOME,PL_W61955728
P07740,WORK,PL_W25420435
P07740,CHILD_SCHOOL,PL_W34617346
P07741,HOME,PL_W33036595
P07741,WORK,PL_N6352818284
P07742,HOME,PL_W660837391
P07742,WORK,PL_W797144766
P07742,CHILD_SCHOOL,PL_W274163820
P07743,HOME,PL_W661779462
P07743,UNIVERSITY,PL_W61759776
P07744,HOME,PL_W706192713
P07744,UNIVERSITY,PL_W23447393
P07745,HOME,PL_W41405392
P07745,WORK,PL_N565543441
P07746,HOME,PL_W1204734600
P07746,UNIVERSITY,PL_W23447424
P07747,HOME,PL_W660357546
P07747,WORK,PL_W59036010
P07748,HOME,PL_W170052632
P07748,WORK,PL_W34571353
P07748,CHILD_SCHOOL,PL_W688267159
P07749,HOME,PL_W659247800
P07749,WORK,PL_N2158114886
P07750,HOME,PL_W705010176
P07750,WORK,PL_W62361716
P07750,CHILD_SCHOOL,PL_W56201673
P07751,HOME,PL_W661331122
P07751,WORK,PL_N12897744768
P07752,HOME,PL_W31560363
P07752,WORK,PL_W1226256410
P07753,HOME,PL_W662775885
P07753,WORK,PL_W187814126
P07753,CHILD_SCHOOL,PL_W195493031
P07754,HOME,PL_W1275510440
P07754,WORK,PL_W1275510440
P07754,CHILD_SCHOOL,PL_W184368203
P07755,HOME,PL_W943428729
P07755,WORK,PL_N502704915
P07755,CHILD_SCHOOL,PL_W50977417
P07756,HOME,PL_W662727015
P07756,WORK,PL_N12227886709
P07757,HOME,PL_W702141532
P07757,WORK,PL_W804363060
P07758,HOME,PL_W31373517
P07758,WORK,PL_W60516163
P07759,HOME,PL_W659840272
P07759,WORK,PL_N2159450932
P07760,HOME,PL_W662389582
P07760,WORK,PL_N3590624203
P07761,HOME,PL_W334728863
P07761,WORK,PL_N6448767789
P07762,HOME,PL_W661825248
P07762,WORK,PL_N5832485425
P07762,CHILD_SCHOOL,PL_W29114133
P07763,HOME,PL_W705222379
P07763,UNIVERSITY,PL_N7797321403
P07764,HOME,PL_W661649560
P07764,WORK,PL_W31619934
P07764,CHILD_SCHOOL,PL_W704292292
P07765,HOME,PL_W144500767
P07765,WORK,PL_W144500767
P07766,HOME,PL_W1254749258
P07766,WORK,PL_W361650356
P07767,HOME,PL_W661840440
P07767,WORK,PL_W309151588
P07767,CHILD_SCHOOL,PL_W688269003
P07768,HOME,PL_W31757882
P07768,WORK,PL_N6348250425
P07768,CHILD_SCHOOL,PL_W71410512
P07769,HOME,PL_W702160075
P07769,WORK,PL_W96144516
P07770,HOME,PL_W704196083
P07770,WORK,PL_W217385273
P07770,CHILD_SCHOOL,PL_W33503105
P07771,HOME,PL_W661649728
P07771,WORK,PL_N10290303700
P07772,HOME,PL_W660347682
P07772,WORK,PL_N12898127234
P07772,CHILD_SCHOOL,PL_W73323696
P07773,HOME,PL_W659729719
P07773,WORK,PL_N4207071170
P07773,CHILD_SCHOOL,PL_W255480069
P07774,HOME,PL_W31619128
P07774,WORK,PL_N2832358702
P07775,HOME,PL_W32122686
P07775,WORK,PL_W32122686
P07776,HOME,PL_W34229575
P07776,WORK,PL_W669874248
P07776,CHILD_SCHOOL,PL_W239578890
P07777,HOME,PL_W43807125
P07777,UNIVERSITY,PL_W23447514
P07778,HOME,PL_W661919530
P07778,WORK,PL_W34587440
P07778,CHILD_SCHOOL,PL_W35800153
P07779,HOME,PL_W662390328
P07779,WORK,PL_W703598070
P07780,HOME,PL_W1204945536
P07780,UNIVERSITY,PL_W23447424
P07781,HOME,PL_W924866606
P07781,WORK,PL_W680624938
P07782,HOME,PL_W661331210
P07782,WORK,PL_W661951734
P07783,HOME,PL_W31373085
P07783,WORK,PL_W58869418
P07783,CHILD_SCHOOL,PL_W684083281
P07784,HOME,PL_W31757869
P07784,WORK,PL_W62361726
P07785,HOME,PL_W704993428
P07785,WORK,PL_N13196774888
P07786,HOME,PL_W660830379
P07786,WORK,PL_W34749848
P07786,CHILD_SCHOOL,PL_N7108106148
P07787,HOME,PL_W660981044
P07787,WORK,PL_W137927025
P07788,HOME,PL_W659838283
P07788,UNIVERSITY,PL_W61759776
P07789,HOME,PL_W659247703
P07789,WORK,PL_W657722108
P07790,HOME,PL_W659731423
P07790,WORK,PL_W661345988
P07790,CHILD_SCHOOL,PL_W705565521
P07791,HOME,PL_W36888102
P07791,WORK,PL_N1193708354
P07792,HOME,PL_W659453737
P07792,WORK,PL_N13944300601
P07793,HOME,PL_W659830904
P07793,WORK,PL_W659830904
P07793,CHILD_SCHOOL,PL_W703420516
P07794,HOME,PL_W659831357
P07794,WORK,PL_W106971408
P07795,HOME,PL_W31754471
P07795,WORK,PL_N13764108580
P07796,HOME,PL_W659341586
P07796,WORK,PL_W60118201
P07797,HOME,PL_W31754596
P07797,WORK,PL_N4421255631
P07797,CHILD_SCHOOL,PL_W34769382
P07798,HOME,PL_W33036599
P07798,WORK,PL_W34121938
P07799,HOME,PL_W1382850392
P07799,WORK,PL_N384785143
P07800,HOME,PL_W470091584
P07800,WORK,PL_N13146174589
P07800,CHILD_SCHOOL,PL_W31956205
P07801,HOME,PL_W660818066
P07801,WORK,PL_W657979282
P07802,HOME,PL_W31754688
P07802,WORK,PL_W151793363
P07803,HOME,PL_W660637461
P07803,WORK,PL_W1541291206
P07803,CHILD_SCHOOL,PL_W33396453
P07804,HOME,PL_W705507590
P07804,WORK,PL_N6575089207
P07805,HOME,PL_W334729121
P07805,WORK,PL_W27767636
P07806,HOME,PL_W41405413
P07806,WORK,PL_W703923700
P07807,HOME,PL_W33036597
P07807,WORK,PL_N1138266329
P07807,CHILD_SCHOOL,PL_W37783057
P07808,HOME,PL_W705125028
P07808,WORK,PL_W56010324
P07809,HOME,PL_W659340778
P07809,WORK,PL_W663315377
P07810,HOME,PL_W659246537
P07810,WORK,PL_N4328466044
P07810,CHILD_SCHOOL,PL_W186031210
P07811,HOME,PL_W705649185
P07811,WORK,PL_W32654438
P07812,HOME,PL_W34229573
P07812,WORK,PL_W659239608
P07813,HOME,PL_W656560903
P07813,WORK,PL_W663827276
P07814,HOME,PL_W659459730
P07814,WORK,PL_W7969162
P07814,CHILD_SCHOOL,PL_W35835815
P07815,HOME,PL_W457493164
P07815,WORK,PL_W58938377
P07815,CHILD_SCHOOL,PL_W24986415
P07816,HOME,PL_W702141523
P07816,WORK,PL_N4100291272
P07817,HOME,PL_W660634041
P07817,WORK,PL_N6315140376
P07818,HOME,PL_W31754570
P07818,WORK,PL_W33543299
P07818,CHILD_SCHOOL,PL_W125776367
P07819,HOME,PL_W31756387
P07819,WORK,PL_W1545245082
P07819,CHILD_SCHOOL,PL_W37404404
P07820,HOME,PL_W1382850393
P07820,WORK,PL_W104942318
P07821,HOME,PL_W58936380
P07821,WORK,PL_W1109164580
P07822,HOME,PL_W1204772283
P07822,WORK,PL_N9826047290
P07822,CHILD_SCHOOL,PL_W25289564
P07823,HOME,PL_W660569854
P07823,WORK,PL_W27767640
P07823,CHILD_SCHOOL,PL_W35836166
P07824,HOME,PL_W114706279
P07824,WORK,PL_W61014140
P07824,CHILD_SCHOOL,PL_W56051919
P07825,HOME,PL_W659839250
P07825,WORK,PL_N4016668554
P07825,CHILD_SCHOOL,PL_W36786284
P07826,HOME,PL_W1245919117
P07826,WORK,PL_W34749721
P07827,HOME,PL_W660838437
P07827,WORK,PL_W660620517
P07828,HOME,PL_W659731585
P07828,WORK,PL_W33562386
P07828,CHILD_SCHOOL,PL_W688267159
P07829,HOME,PL_W877660791
P07829,WORK,PL_N6549452003
P07830,HOME,PL_W662762348
P07830,WORK,PL_W797142352
P07831,HOME,PL_W1204537184
P07831,WORK,PL_W1204537184
P07831,CHILD_SCHOOL,PL_N3021064167
P07832,HOME,PL_W31373437
P07832,WORK,PL_N3849949568
P07833,HOME,PL_W659445656
P07833,WORK,PL_W166090379
P07834,HOME,PL_W660816982
P07834,WORK,PL_N7759269231
P07834,CHILD_SCHOOL,PL_W282961787
P07835,HOME,PL_W31754518
P07835,WORK,PL_N7612815481
P07835,CHILD_SCHOOL,PL_W704597788
P07836,HOME,PL_W661565672
P07836,WORK,PL_N8626077911
P07837,HOME,PL_W31757258
P07837,WORK,PL_W660222492
P07838,HOME,PL_W31617603
P07838,WORK,PL_W79577687
P07838,CHILD_SCHOOL,PL_W35836166
P07839,HOME,PL_W663310870
P07839,WORK,PL_W275134102
P07840,HOME,PL_W660212572
P07840,WORK,PL_W236148180
P07840,CHILD_SCHOOL,PL_W57052280
P07841,HOME,PL_W660583826
P07841,WORK,PL_W55413460
P07842,HOME,PL_W89185222
P07842,UNIVERSITY,PL_W23447424
P07842,CHILD_SCHOOL,PL_W33543511
P07843,HOME,PL_W705115249
P07843,WORK,PL_N6546274464
P07844,HOME,PL_W659244751
P07844,WORK,PL_W1173954309
P07845,HOME,PL_W660867636
P07845,WORK,PL_N6493349393
P07846,HOME,PL_W31373435
P07846,WORK,PL_N5802396009
P07846,CHILD_SCHOOL,PL_W705563029
P07847,HOME,PL_W291196700
P07847,WORK,PL_W370371691
P07848,HOME,PL_W704945374
P07848,WORK,PL_N544554088
P07848,CHILD_SCHOOL,PL_W36368280
P07849,HOME,PL_W660838851
P07849,WORK,PL_N13951116891
P07850,HOME,PL_W31617616
P07850,WORK,PL_W661347087
P07851,HOME,PL_W1204945173
P07851,WORK,PL_W704229395
P07851,CHILD_SCHOOL,PL_W31956205
P07852,HOME,PL_W122359518
P07852,WORK,PL_W660806732
P07853,HOME,PL_W43806328
P07853,WORK,PL_W43804348
P07853,CHILD_SCHOOL,PL_W36746611
P07854,HOME,PL_W31619119
P07854,WORK,PL_W56724000
P07854,CHILD_SCHOOL,PL_W36747096
P07855,HOME,PL_W661956514
P07855,WORK,PL_W225518790
P07856,HOME,PL_W659461145
P07856,WORK,PL_N6313899867
P07857,HOME,PL_W296252448
P07857,WORK,PL_W34084532
P07858,HOME,PL_W660837134
P07858,UNIVERSITY,PL_N547498239
P07859,HOME,PL_W31757882
P07859,WORK,PL_W661951668
P07859,CHILD_SCHOOL,PL_W56201673
P07860,HOME,PL_W659245408
P07860,WORK,PL_W659629317
P07861,HOME,PL_W662727265
P07861,WORK,PL_N12893497687
P07862,HOME,PL_W661650056
P07862,WORK,PL_W1258091966
P07863,HOME,PL_W705649186
P07863,WORK,PL_N700645450
P07864,HOME,PL_W705740400
P07864,WORK,PL_N12818166967
P07864,CHILD_SCHOOL,PL_W33394479
P07865,HOME,PL_W943428714
P07865,UNIVERSITY,PL_N4507572289
P07866,HOME,PL_W660600683
P07866,WORK,PL_W61011666
P07867,HOME,PL_W705011704
P07867,WORK,PL_N3507801026
P07867,CHILD_SCHOOL,PL_W42530511
P07868,HOME,PL_W699293503
P07868,WORK,PL_W659445378
P07869,HOME,PL_W705529530
P07869,WORK,PL_W34775093
P07869,CHILD_SCHOOL,PL_W220920995
P07870,HOME,PL_W659454863
P07870,WORK,PL_N7575669938
P07871,HOME,PL_W31756307
P07871,WORK,PL_W32773286
P07872,HOME,PL_W31622236
P07872,WORK,PL_N13958416922
P07872,CHILD_SCHOOL,PL_W220920995
P07873,HOME,PL_W36888103
P07873,WORK,PL_W661774617
P07873,CHILD_SCHOOL,PL_W224813127
P07874,HOME,PL_W705011699
P07874,WORK,PL_W66979817
P07875,HOME,PL_W661050732
P07875,WORK,PL_W659833320
P07875,CHILD_SCHOOL,PL_W29196647
P07876,HOME,PL_W31451008
P07876,WORK,PL_W55029513
P07876,CHILD_SCHOOL,PL_W70509585
P07877,HOME,PL_W144500767
P07877,WORK,PL_W436018569
P07877,CHILD_SCHOOL,PL_W36952003
P07878,HOME,PL_W659830909
P07878,WORK,PL_W1418991792
P07879,HOME,PL_W660348511
P07879,WORK,PL_W61014137
P07879,CHILD_SCHOOL,PL_W195969794
P07880,HOME,PL_W659333281
P07880,WORK,PL_N2547436272
P07880,CHILD_SCHOOL,PL_W186575881
P07881,HOME,PL_W531101812
P07881,WORK,PL_W67140566
P07882,HOME,PL_W659453001
P07882,WORK,PL_W32556080
P07883,HOME,PL_W705507601
P07883,WORK,PL_N8450477882
P07883,CHILD_SCHOOL,PL_W59584330
P07884,HOME,PL_W661822388
P07884,WORK,PL_W661822388
P07884,CHILD_SCHOOL,PL_W235324578
P07885,HOME,PL_W659731967
P07885,WORK,PL_N11774144078
P07886,HOME,PL_W31373084
P07886,WORK,PL_W34545829
P07887,HOME,PL_W31754690
P07887,UNIVERSITY,PL_W23447424
P07887,CHILD_SCHOOL,PL_W41364199
P07888,HOME,PL_W661050856
P07888,WORK,PL_W402553502
P07889,HOME,PL_W978051265
P07889,WORK,PL_W978051265
P07890,HOME,PL_W31617617
P07890,WORK,PL_W659427973
P07890,CHILD_SCHOOL,PL_W661567710
P07891,HOME,PL_W661045769
P07891,WORK,PL_N2558957620
P07892,HOME,PL_W661920661
P07892,UNIVERSITY,PL_N13890109307
P07893,HOME,PL_W706078543
P07893,WORK,PL_W659605645
P07894,HOME,PL_W705529532
P07894,WORK,PL_W676108757
P07894,CHILD_SCHOOL,PL_W36786284
P07895,HOME,PL_W660079383
P07895,WORK,PL_N2482519937
P07896,HOME,PL_W661217717
P07896,WORK,PL_N4046116331
P07897,HOME,PL_W31754521
P07897,WORK,PL_W34209447
P07898,HOME,PL_W31756295
P07898,WORK,PL_N4558083657
P07899,HOME,PL_W31757259
P07899,WORK,PL_N12682724060
P07900,HOME,PL_W661049378
P07900,WORK,PL_W22372252
P07901,HOME,PL_W55200610
P07901,WORK,PL_N1282257500
P07902,HOME,PL_W659335666
P07902,WORK,PL_N3750046598
P07903,HOME,PL_W1204316620
P07903,WORK,PL_N10695426371
P07904,HOME,PL_W661567800
P07904,WORK,PL_N7129252051
P07904,CHILD_SCHOOL,PL_W43613879
P07905,HOME,PL_W660636867
P07905,WORK,PL_W58867180
P07905,CHILD_SCHOOL,PL_W282961787
P07906,HOME,PL_W41405411
P07906,WORK,PL_W44076451
P07907,HOME,PL_W170052632
P07907,UNIVERSITY,PL_N2681580824
P07908,HOME,PL_W704946498
P07908,WORK,PL_W662149704
P07909,HOME,PL_W41405410
P07909,UNIVERSITY,PL_N1142872979
P07910,HOME,PL_W659831198
P07910,WORK,PL_N5709312026
P07911,HOME,PL_W114706282
P07911,UNIVERSITY,PL_N2884419126
P07912,HOME,PL_W704292283
P07912,WORK,PL_W58869658
P07913,HOME,PL_W663310851
P07913,WORK,PL_W34571520
P07913,CHILD_SCHOOL,PL_W35798652
P07914,HOME,PL_W660585675
P07914,WORK,PL_N12190946450
P07914,CHILD_SCHOOL,PL_W25775044
P07915,HOME,PL_W42472527
P07915,WORK,PL_W1125984086
P07915,CHILD_SCHOOL,PL_W41841656
P07916,HOME,PL_W33036595
P07916,WORK,PL_N3811486813
P07916,CHILD_SCHOOL,PL_W688267159
P07917,HOME,PL_W703776820
P07917,WORK,PL_W32120099
P07918,HOME,PL_W31757285
P07918,WORK,PL_W143654375
P07919,HOME,PL_W31754687
P07919,WORK,PL_W79659932
P07919,CHILD_SCHOOL,PL_W35800153
P07920,HOME,PL_W659444719
P07920,WORK,PL_W32539524
P07920,CHILD_SCHOOL,PL_W688268884
P07921,HOME,PL_W31373095
P07921,WORK,PL_W1194900603
P07922,HOME,PL_W661636782
P07922,WORK,PL_W1424015290
P07922,CHILD_SCHOOL,PL_W14608518
P07923,HOME,PL_W706236185
P07923,WORK,PL_N4965021352
P07923,CHILD_SCHOOL,PL_W25288139
P07924,HOME,PL_W660348102
P07924,WORK,PL_W662146575
P07925,HOME,PL_W702587022
P07925,WORK,PL_W58431314
P07925,CHILD_SCHOOL,PL_W703420514
P07926,HOME,PL_W660601423
P07926,WORK,PL_N7553002959
P07926,CHILD_SCHOOL,PL_W56051910
P07927,HOME,PL_W659731529
P07927,WORK,PL_N4529456800
P07928,HOME,PL_W656561648
P07928,WORK,PL_W62058577
P07929,HOME,PL_W659546649
P07929,WORK,PL_N6386854894
P07930,HOME,PL_W660867586
P07930,WORK,PL_N6549810023
P07930,CHILD_SCHOOL,PL_W167534168
P07931,HOME,PL_W31617609
P07931,WORK,PL_W456714331
P07931,CHILD_SCHOOL,PL_W36861511
P07932,HOME,PL_W34777543
P07932,WORK,PL_W180193898
P07933,HOME,PL_W660601236
P07933,WORK,PL_W670272330
P07933,CHILD_SCHOOL,PL_W35836274
P07934,HOME,PL_W31756294
P07934,WORK,PL_W42890417
P07934,CHILD_SCHOOL,PL_W24725316
P07935,HOME,PL_W659728950
P07935,WORK,PL_W56062962
P07936,HOME,PL_W658974750
P07936,WORK,PL_W61429979
P07936,CHILD_SCHOOL,PL_N5413474408
P07937,HOME,PL_W662258141
P07937,WORK,PL_W663827573
P07937,CHILD_SCHOOL,PL_W36791041
P07938,HOME,PL_W531106851
P07938,WORK,PL_W658233529
P07938,CHILD_SCHOOL,PL_W34229259
P07939,HOME,PL_W659831136
P07939,WORK,PL_W658011237
P07940,HOME,PL_W659249493
P07940,WORK,PL_N387456093
P07940,CHILD_SCHOOL,PL_W41363542
P07941,HOME,PL_W31617617
P07941,WORK,PL_W144942369
P07941,CHILD_SCHOOL,PL_W33503105
P07942,HOME,PL_W660837092
P07942,WORK,PL_W660837092
P07943,HOME,PL_W660820104
P07943,WORK,PL_W660820104
P07944,HOME,PL_W32455671
P07944,WORK,PL_W32455671
P07944,CHILD_SCHOOL,PL_W43605743
P07945,HOME,PL_W31757277
P07945,WORK,PL_N7330169662
P07945,CHILD_SCHOOL,PL_W224815295
P07946,HOME,PL_W43804755
P07946,WORK,PL_N5166413224
P07946,CHILD_SCHOOL,PL_N7108106148
P07947,HOME,PL_W661049865
P07947,WORK,PL_W179297875
P07948,HOME,PL_W660820947
P07948,WORK,PL_N13719638635
P07949,HOME,PL_W702145959
P07949,WORK,PL_W663518499
P07950,HOME,PL_W661841996
P07950,WORK,PL_W1173242674
P07950,CHILD_SCHOOL,PL_W36543320
P07951,HOME,PL_W33725066
P07951,WORK,PL_W661314360
P07952,HOME,PL_W661076182
P07952,WORK,PL_W670151105
P07952,CHILD_SCHOOL,PL_W36331867
P07953,HOME,PL_W660636876
P07953,WORK,PL_W659588032
P07954,HOME,PL_W660867424
P07954,WORK,PL_N10892231389
P07954,CHILD_SCHOOL,PL_W36817966
P07955,HOME,PL_W704634888
P07955,WORK,PL_W796653489
P07955,CHILD_SCHOOL,PL_W36817966
P07956,HOME,PL_W660636630
P07956,WORK,PL_W60482846
P07956,CHILD_SCHOOL,PL_W704997229
P07957,HOME,PL_W659833271
P07957,WORK,PL_W673760242
P07958,HOME,PL_W659248494
P07958,UNIVERSITY,PL_N7781377932
P07959,HOME,PL_W661066507
P07959,WORK,PL_W34545829
P07959,CHILD_SCHOOL,PL_W56127102
P07960,HOME,PL_W659831136
P07960,WORK,PL_W659831136
P07961,HOME,PL_W1250660436
P07961,WORK,PL_N2482519941
P07961,CHILD_SCHOOL,PL_W163041200
P07962,HOME,PL_W660636472
P07962,WORK,PL_W117593766
P07962,CHILD_SCHOOL,PL_W35836139
P07963,HOME,PL_W659445842
P07963,WORK,PL_W43805398
P07963,CHILD_SCHOOL,PL_W75367984
P07964,HOME,PL_W31754568
P07964,WORK,PL_N2159618452
P07964,CHILD_SCHOOL,PL_N12968478972
P07965,HOME,PL_W662449290
P07965,WORK,PL_W59244475
P07965,CHILD_SCHOOL,PL_W704292292
P07966,HOME,PL_W706236185
P07966,WORK,PL_W706236185
P07967,HOME,PL_W662388408
P07967,WORK,PL_W802254938
P07967,CHILD_SCHOOL,PL_W42149102
P07968,HOME,PL_W661206875
P07968,WORK,PL_W661206875
P07968,CHILD_SCHOOL,PL_N7797334713
P07969,HOME,PL_W660176989
P07969,WORK,PL_W659629257
P07970,HOME,PL_W41405409
P07970,WORK,PL_W59244475
P07971,HOME,PL_W704288164
P07971,WORK,PL_N8054372748
P07971,CHILD_SCHOOL,PL_W34617374
P07972,HOME,PL_W659831173
P07972,WORK,PL_W276148590
P07973,HOME,PL_W660569811
P07973,WORK,PL_N9905852048
P07973,CHILD_SCHOOL,PL_W41364187
P07974,HOME,PL_W659247261
P07974,WORK,PL_W661250102
P07975,HOME,PL_W661649134
P07975,WORK,PL_N7534138909
P07976,HOME,PL_W662711077
P07976,WORK,PL_W918421631
P07976,CHILD_SCHOOL,PL_W42149102
P07977,HOME,PL_W705011690
P07977,WORK,PL_W179297875
P07977,CHILD_SCHOOL,PL_W225936202
P07978,HOME,PL_W661921013
P07978,WORK,PL_W56238423
P07979,HOME,PL_W704946505
P07979,WORK,PL_N9309942419
P07980,HOME,PL_W659460377
P07980,WORK,PL_W661021552
P07980,CHILD_SCHOOL,PL_W56051910
P07981,HOME,PL_W659333662
P07981,WORK,PL_N7581385500
P07981,CHILD_SCHOOL,PL_W34617360
P07982,HOME,PL_W705222385
P07982,WORK,PL_N9005321677
P07983,HOME,PL_W660634402
P07983,WORK,PL_W661292604
P07983,CHILD_SCHOOL,PL_W195493031
P07984,HOME,PL_W660079302
P07984,WORK,PL_W660079302
P07984,CHILD_SCHOOL,PL_W59584330
P07985,HOME,PL_W705010176
P07985,WORK,PL_N12247061816
P07986,HOME,PL_W659549191
P07986,WORK,PL_N13921346833
P07987,HOME,PL_W31754572
P07987,WORK,PL_W670106659
P07987,CHILD_SCHOOL,PL_W35798021
P07988,HOME,PL_W43805236
P07988,WORK,PL_W180549737
P07988,CHILD_SCHOOL,PL_W224815295
P07989,HOME,PL_W31451201
P07989,WORK,PL_W56062816
P07990,HOME,PL_W170055114
P07990,WORK,PL_W659094218
P07991,HOME,PL_W662175242
P07991,WORK,PL_W179297875
P07992,HOME,PL_W659251540
P07992,WORK,PL_W141170462
P07992,CHILD_SCHOOL,PL_W121969533
P07993,HOME,PL_W31622236
P07993,WORK,PL_N3729410887
P07994,HOME,PL_W190546177
P07994,WORK,PL_W256116927
P07994,CHILD_SCHOOL,PL_W239578890
P07995,HOME,PL_W229483556
P07995,WORK,PL_W759309234
P07995,CHILD_SCHOOL,PL_W705109213
P07996,HOME,PL_W31754572
P07996,WORK,PL_W43804462
P07997,HOME,PL_W32667517
P07997,UNIVERSITY,PL_W23447393
P07998,HOME,PL_W31451200
P07998,WORK,PL_W122204305
P07998,CHILD_SCHOOL,PL_W195969125
P07999,HOME,PL_W659732765
P07999,WORK,PL_W659732765
P07999,CHILD_SCHOOL,PL_W36880098
P08000,HOME,PL_W661204250
P08000,WORK,PL_W659840213
P08001,HOME,PL_W705519684
P08001,WORK,PL_W58559273
P08002,HOME,PL_W663051977
P08002,WORK,PL_W663314806
P08003,HOME,PL_W1075561267
P08003,WORK,PL_W660934412
P08003,CHILD_SCHOOL,PL_W688267158
P08004,HOME,PL_W702145963
P08004,WORK,PL_W174674654
P08004,CHILD_SCHOOL,PL_W73323696
P08005,HOME,PL_W660818402
P08005,WORK,PL_W943701267
P08006,HOME,PL_W31373425
P08006,WORK,PL_W663828867
P08006,CHILD_SCHOOL,PL_W703400000
P08007,HOME,PL_W659733518
P08007,WORK,PL_N8579734718
P08007,CHILD_SCHOOL,PL_W705565521
P08008,HOME,PL_W659454768
P08008,WORK,PL_W56433525
P08008,CHILD_SCHOOL,PL_W36870739
P08009,HOME,PL_W143654373
P08009,UNIVERSITY,PL_N1142872979
P08010,HOME,PL_W1204791501
P08010,WORK,PL_W55029942
P08011,HOME,PL_W122359518
P08011,WORK,PL_N4632397949
P08012,HOME,PL_W659451478
P08012,WORK,PL_N12636092445
P08012,CHILD_SCHOOL,PL_W170267116
P08013,HOME,PL_W704229404
P08013,WORK,PL_N6296608714
P08013,CHILD_SCHOOL,PL_W170266806
P08014,HOME,PL_W660636261
P08014,WORK,PL_W125308705
P08015,HOME,PL_W662145141
P08015,WORK,PL_N11554712952
P08016,HOME,PL_W924866606
P08016,WORK,PL_N6341973943
P08016,CHILD_SCHOOL,PL_W705125019
P08017,HOME,PL_W704995223
P08017,WORK,PL_W115209027
P08018,HOME,PL_W659340158
P08018,UNIVERSITY,PL_N10085704214
P08019,HOME,PL_W1204734756
P08019,WORK,PL_N1172146388
P08020,HOME,PL_W31757288
P08020,WORK,PL_W1545155868
P08021,HOME,PL_W659444860
P08021,WORK,PL_N4809935025
P08022,HOME,PL_W31451200
P08022,WORK,PL_W797149824
P08023,HOME,PL_W36921201
P08023,WORK,PL_W34749848
P08024,HOME,PL_W659446440
P08024,WORK,PL_W332489853
P08025,HOME,PL_W1163968780
P08025,WORK,PL_W30977087
P08026,HOME,PL_W31451095
P08026,WORK,PL_W62364909
P08027,HOME,PL_W660602024
P08027,WORK,PL_W677922595
P08028,HOME,PL_W54521645
P08028,WORK,PL_W137927024
P08029,HOME,PL_W704232371
P08029,WORK,PL_N618122806
P08030,HOME,PL_W661565303
P08030,WORK,PL_W44076451
P08031,HOME,PL_W662143532
P08031,WORK,PL_W659138583
P08031,CHILD_SCHOOL,PL_W224816012
P08032,HOME,PL_W706078554
P08032,WORK,PL_N12454273027
P08032,CHILD_SCHOOL,PL_W36740007
P08033,HOME,PL_W31811118
P08033,WORK,PL_W662100610
P08033,CHILD_SCHOOL,PL_W224815295
P08034,HOME,PL_W661275681
P08034,WORK,PL_N6512005429
P08035,HOME,PL_W57079616
P08035,WORK,PL_W1347145485
P08035,CHILD_SCHOOL,PL_W42149102
P08036,HOME,PL_W89185230
P08036,WORK,PL_W34516164
P08036,CHILD_SCHOOL,PL_W35798021
P08037,HOME,PL_W659452914
P08037,WORK,PL_W32519381
P08038,HOME,PL_W31757256
P08038,WORK,PL_W113438143
P08039,HOME,PL_W661206607
P08039,WORK,PL_W659533830
P08039,CHILD_SCHOOL,PL_W33503105
P08040,HOME,PL_W661047817
P08040,WORK,PL_N13095374585
P08041,HOME,PL_W661276061
P08041,WORK,PL_W60429094
P08042,HOME,PL_W943428733
P08042,WORK,PL_W34483848
P08042,CHILD_SCHOOL,PL_W201704236
P08043,HOME,PL_W1245802035
P08043,WORK,PL_W43805112
P08043,CHILD_SCHOOL,PL_W36543320
P08044,HOME,PL_W659546771
P08044,WORK,PL_W1201445841
P08044,CHILD_SCHOOL,PL_W143658010
P08045,HOME,PL_W705170970
P08045,WORK,PL_W56608482
P08045,CHILD_SCHOOL,PL_N2332638609
P08046,HOME,PL_W704993419
P08046,WORK,PL_W454931836
P08047,HOME,PL_W31373084
P08047,WORK,PL_W97189913
P08048,HOME,PL_W702142774
P08048,WORK,PL_N10838194331
P08049,HOME,PL_W531109678
P08049,WORK,PL_W55036397
P08050,HOME,PL_W43805755
P08050,WORK,PL_N9679844113
P08051,HOME,PL_W978051259
P08051,WORK,PL_N6821379417
P08052,HOME,PL_W770873612
P08052,WORK,PL_N13908369382
P08052,CHILD_SCHOOL,PL_W235324578
P08053,HOME,PL_W43806328
P08053,WORK,PL_W231284913
P08053,CHILD_SCHOOL,PL_N7108065615
P08054,HOME,PL_W57079616
P08054,UNIVERSITY,PL_N10647679866
P08054,CHILD_SCHOOL,PL_W224815940
P08055,HOME,PL_W31619296
P08055,WORK,PL_W659588026
P08056,HOME,PL_W531109678
P08056,WORK,PL_N10780168409
P08056,CHILD_SCHOOL,PL_W121871939
P08057,HOME,PL_W659333701
P08057,WORK,PL_W304713368
P08057,CHILD_SCHOOL,PL_N4264646734
P08058,HOME,PL_W58936396
P08058,WORK,PL_W43806216
P08058,CHILD_SCHOOL,PL_W37409510
P08059,HOME,PL_W659334341
P08059,UNIVERSITY,PL_W60304653
P08060,HOME,PL_W770873613
P08060,WORK,PL_W79582701
P08061,HOME,PL_W661074502
P08061,WORK,PL_W1212175665
P08062,HOME,PL_W662388025
P08062,WORK,PL_W67091539
P08063,HOME,PL_W660585249
P08063,UNIVERSITY,PL_W1504225085
P08064,HOME,PL_W659451505
P08064,WORK,PL_W34587440
P08064,CHILD_SCHOOL,PL_W122301356
P08065,HOME,PL_W31811115
P08065,WORK,PL_W657722110
P08065,CHILD_SCHOOL,PL_W25775106
P08066,HOME,PL_W31373088
P08066,WORK,PL_W661810017
P08067,HOME,PL_W661824452
P08067,WORK,PL_W660367473
P08067,CHILD_SCHOOL,PL_W186575947
P08068,HOME,PL_W656560635
P08068,UNIVERSITY,PL_W686503820
P08069,HOME,PL_W660838474
P08069,WORK,PL_W943701267
P08069,CHILD_SCHOOL,PL_W224816012
P08070,HOME,PL_W705132829
P08070,UNIVERSITY,PL_W61759776
P08070,CHILD_SCHOOL,PL_W36747401
P08071,HOME,PL_W661325276
P08071,WORK,PL_N6363116952
P08072,HOME,PL_W706078548
P08072,WORK,PL_N6336544162
P08072,CHILD_SCHOOL,PL_W35800153
P08073,HOME,PL_W706236187
P08073,WORK,PL_W661951674
P08074,HOME,PL_W659728407
P08074,WORK,PL_W61011150
P08074,CHILD_SCHOOL,PL_W75367984
P08075,HOME,PL_W1207602707
P08075,WORK,PL_W261803518
P08076,HOME,PL_W31757882
P08076,WORK,PL_W661951777
P08076,CHILD_SCHOOL,PL_W224809461
P08077,HOME,PL_W170055112
P08077,WORK,PL_W660807077
P08077,CHILD_SCHOOL,PL_W36786284
P08078,HOME,PL_W659445535
P08078,WORK,PL_N13208956571
P08079,HOME,PL_W659449361
P08079,WORK,PL_W60332347
P08079,CHILD_SCHOOL,PL_N11336587972
P08080,HOME,PL_W143654379
P08080,WORK,PL_W39525592
P08081,HOME,PL_W31754698
P08081,WORK,PL_N7557291258
P08082,HOME,PL_W57046707
P08082,WORK,PL_W61982576
P08082,CHILD_SCHOOL,PL_N705487646
P08083,HOME,PL_W1515968432
P08083,WORK,PL_W41789641
P08084,HOME,PL_W660586050
P08084,WORK,PL_W34582149
P08084,CHILD_SCHOOL,PL_W660585356
P08085,HOME,PL_W705507599
P08085,WORK,PL_N12469089907
P08086,HOME,PL_W705109233
P08086,WORK,PL_W67141522
P08086,CHILD_SCHOOL,PL_W705011693
P08087,HOME,PL_W1204945505
P08087,WORK,PL_N11612201953
P08087,CHILD_SCHOOL,PL_W37783195
P08088,HOME,PL_W31617612
P08088,WORK,PL_W231284913
P08089,HOME,PL_W706078564
P08089,WORK,PL_W663829646
P08089,CHILD_SCHOOL,PL_W33503151
P08090,HOME,PL_W660633117
P08090,WORK,PL_W663871037
P08091,HOME,PL_W660602745
P08091,WORK,PL_N3474264300
P08092,HOME,PL_W31754698
P08092,WORK,PL_W60609247
P08093,HOME,PL_W661636865
P08093,WORK,PL_W56010315
P08093,CHILD_SCHOOL,PL_W36543325
P08094,HOME,PL_W34229572
P08094,WORK,PL_W122204304
P08094,CHILD_SCHOOL,PL_W71281899
P08095,HOME,PL_W705218756
P08095,WORK,PL_W804618150
P08095,CHILD_SCHOOL,PL_W25775044
P08096,HOME,PL_W705222390
P08096,WORK,PL_W33189873
P08097,HOME,PL_W660817616
P08097,WORK,PL_W34414743
P08097,CHILD_SCHOOL,PL_W36952003
P08098,HOME,PL_W36921199
P08098,WORK,PL_W495300892
P08099,HOME,PL_W31451200
P08099,WORK,PL_W301970888
P08099,CHILD_SCHOOL,PL_W703423112
P08100,HOME,PL_W659454643
P08100,WORK,PL_W662105610
P08100,CHILD_SCHOOL,PL_W36880098
P08101,HOME,PL_W660831700
P08101,WORK,PL_W1004706291
P08102,HOME,PL_W1075561267
P08102,WORK,PL_N6375000283
P08102,CHILD_SCHOOL,PL_W171056869
P08103,HOME,PL_W661048121
P08103,WORK,PL_W943602453
P08103,CHILD_SCHOOL,PL_W143657503
P08104,HOME,PL_W661324913
P08104,WORK,PL_W661324913
P08104,CHILD_SCHOOL,PL_W225582647
P08105,HOME,PL_W1420636510
P08105,WORK,PL_N6546010580
P08106,HOME,PL_W659546997
P08106,WORK,PL_N13951116891
P08107,HOME,PL_W67091562
P08107,WORK,PL_N6568160915
P08108,HOME,PL_W31617616
P08108,WORK,PL_N6365495234
P08109,HOME,PL_W661824264
P08109,WORK,PL_W231268036
P08109,CHILD_SCHOOL,PL_W704292292
P08110,HOME,PL_W702169103
P08110,WORK,PL_W801986444
P08110,CHILD_SCHOOL,PL_W35798652
P08111,HOME,PL_W660830475
P08111,UNIVERSITY,PL_W161110169
P08112,HOME,PL_W659243098
P08112,WORK,PL_N11737894264
P08112,CHILD_SCHOOL,PL_W34228913
P08113,HOME,PL_W661777169
P08113,WORK,PL_W661777169
P08113,CHILD_SCHOOL,PL_W87327545
P08114,HOME,PL_W660348264
P08114,UNIVERSITY,PL_N10085704214
P08115,HOME,PL_W661566452
P08115,WORK,PL_W661566452
P08115,CHILD_SCHOOL,PL_W71269572
P08116,HOME,PL_W661862688
P08116,WORK,PL_W67132136
P08116,CHILD_SCHOOL,PL_W41841601
P08117,HOME,PL_W705529525
P08117,UNIVERSITY,PL_N2332330690
P08118,HOME,PL_W659837993
P08118,WORK,PL_W285900900
P08119,HOME,PL_W34777552
P08119,WORK,PL_W659587789
P08120,HOME,PL_W33564022
P08120,WORK,PL_W657934984
P08120,CHILD_SCHOOL,PL_W705011693
P08121,HOME,PL_W706078554
P08121,WORK,PL_W804457479
P08122,HOME,PL_W31619119
P08122,UNIVERSITY,PL_W23447424
P08123,HOME,PL_W702560110
P08123,WORK,PL_W98409726
P08123,CHILD_SCHOOL,PL_W37680872
P08124,HOME,PL_W1348137982
P08124,WORK,PL_N2833168672
P08124,CHILD_SCHOOL,PL_W170266806
P08125,HOME,PL_W572748759
P08125,WORK,PL_N5431559423
P08125,CHILD_SCHOOL,PL_W36952003
P08126,HOME,PL_W457749630
P08126,UNIVERSITY,PL_N12770899929
P08127,HOME,PL_W705881544
P08127,WORK,PL_W60428971
P08127,CHILD_SCHOOL,PL_W705565520
P08128,HOME,PL_W170055112
P08128,WORK,PL_N599896644
P08129,HOME,PL_W770873614
P08129,WORK,PL_W770873614
P08129,CHILD_SCHOOL,PL_W71269572
P08130,HOME,PL_W705132829
P08130,WORK,PL_W1230109200
P08130,CHILD_SCHOOL,PL_W35798775
P08131,HOME,PL_W704946500
P08131,WORK,PL_N6340696118
P08132,HOME,PL_W704232365
P08132,WORK,PL_W793948777
P08133,HOME,PL_W661777274
P08133,WORK,PL_W231284913
P08134,HOME,PL_W1307373828
P08134,UNIVERSITY,PL_W23334883
P08135,HOME,PL_W704229392
P08135,WORK,PL_N2159450928
P08136,HOME,PL_W659453342
P08136,WORK,PL_W562060538
P08136,CHILD_SCHOOL,PL_W122301356
P08137,HOME,PL_W704196071
P08137,WORK,PL_N13971407110
P08137,CHILD_SCHOOL,PL_W160521056
P08138,HOME,PL_W369781473
P08138,WORK,PL_W150432577
P08138,CHILD_SCHOOL,PL_W36786284
P08139,HOME,PL_W704945365
P08139,WORK,PL_W1377658344
P08140,HOME,PL_W702142774
P08140,WORK,PL_N13667122336
P08141,HOME,PL_W704229404
P08141,WORK,PL_W657927636
P08142,HOME,PL_W705010191
P08142,UNIVERSITY,PL_N7797321403
P08142,CHILD_SCHOOL,PL_W25775106
P08143,HOME,PL_W42472532
P08143,WORK,PL_W662252292
P08144,HOME,PL_W296252448
P08144,WORK,PL_W43805112
P08145,HOME,PL_W31451162
P08145,WORK,PL_W660358183
P08145,CHILD_SCHOOL,PL_W24986415
P08146,HOME,PL_W660347576
P08146,WORK,PL_N3900845151
P08146,CHILD_SCHOOL,PL_W34777564
P08147,HOME,PL_W705625079
P08147,WORK,PL_N13932530003
P08148,HOME,PL_W1210593227
P08148,UNIVERSITY,PL_W61759776
P08149,HOME,PL_W31757859
P08149,UNIVERSITY,PL_N7751950341
P08150,HOME,PL_W659453315
P08150,WORK,PL_W61698930
P08150,CHILD_SCHOOL,PL_W239578890
P08151,HOME,PL_W663309620
P08151,WORK,PL_W59036010
P08152,HOME,PL_W41405380
P08152,WORK,PL_N6491618252
P08152,CHILD_SCHOOL,PL_W14608518
P08153,HOME,PL_W661049380
P08153,WORK,PL_N9928431359
P08154,HOME,PL_W31451199
P08154,WORK,PL_N6685521586
P08154,CHILD_SCHOOL,PL_W160521056
P08155,HOME,PL_W659549296
P08155,WORK,PL_W659548844
P08155,CHILD_SCHOOL,PL_W161236234
P08156,HOME,PL_W660569038
P08156,WORK,PL_W137916397
P08156,CHILD_SCHOOL,PL_W35800153
P08157,HOME,PL_W660816918
P08157,WORK,PL_W33849251
P08158,HOME,PL_W656560492
P08158,WORK,PL_W679142318
P08159,HOME,PL_W33542534
P08159,WORK,PL_W323919480
P08159,CHILD_SCHOOL,PL_W24986415
P08160,HOME,PL_W661921370
P08160,WORK,PL_W700221891
P08161,HOME,PL_W144500773
P08161,WORK,PL_W241020327
P08162,HOME,PL_W31616723
P08162,WORK,PL_W27767636
P08162,CHILD_SCHOOL,PL_W35836274
P08163,HOME,PL_W662775197
P08163,WORK,PL_W122198144
P08163,CHILD_SCHOOL,PL_W36747097
P08164,HOME,PL_W143654373
P08164,WORK,PL_W736277151
P08165,HOME,PL_W170055111
P08165,UNIVERSITY,PL_N2884419126
P08166,HOME,PL_W661649022
P08166,WORK,PL_W661649022
P08167,HOME,PL_W659830904
P08167,WORK,PL_W1149717350
P08168,HOME,PL_W661649215
P08168,WORK,PL_W56010252
P08168,CHILD_SCHOOL,PL_W29234699
P08169,HOME,PL_W662389818
P08169,WORK,PL_N3240531882
P08169,CHILD_SCHOOL,PL_W30966656
P08170,HOME,PL_W1204772155
P08170,WORK,PL_W662809507
P08171,HOME,PL_W170052633
P08171,WORK,PL_W493535925
P08171,CHILD_SCHOOL,PL_W170266806
P08172,HOME,PL_W704945365
P08172,WORK,PL_W662098429
P08173,HOME,PL_W662175153
P08173,WORK,PL_W662175153
P08173,CHILD_SCHOOL,PL_W195969794
P08174,HOME,PL_W660584683
P08174,WORK,PL_N5443328122
P08175,HOME,PL_W705512151
P08175,WORK,PL_W191843130
P08175,CHILD_SCHOOL,PL_W35797979
P08176,HOME,PL_W659840495
P08176,WORK,PL_W33189721
P08176,CHILD_SCHOOL,PL_W24501824
P08177,HOME,PL_W661956782
P08177,WORK,PL_W661192652
P08177,CHILD_SCHOOL,PL_W35800887
P08178,HOME,PL_W229483552
P08178,WORK,PL_N6394858428
P08178,CHILD_SCHOOL,PL_N3575731091
P08179,HOME,PL_W1207602712
P08179,WORK,PL_N7079828735
P08179,CHILD_SCHOOL,PL_W216295703
P08180,HOME,PL_W659453200
P08180,WORK,PL_W60428640
P08181,HOME,PL_W226958989
P08181,UNIVERSITY,PL_N783499436
P08182,HOME,PL_W41405379
P08182,WORK,PL_N3362088818
P08182,CHILD_SCHOOL,PL_W503478885
P08183,HOME,PL_W704946505
P08183,WORK,PL_W804363060
P08183,CHILD_SCHOOL,PL_W30966655
P08184,HOME,PL_W1082708163
P08184,WORK,PL_W703613744
P08185,HOME,PL_W943421439
P08185,WORK,PL_W43805331
P08185,CHILD_SCHOOL,PL_W705125019
P08186,HOME,PL_W661048376
P08186,WORK,PL_N11136304053
P08186,CHILD_SCHOOL,PL_W41363541
P08187,HOME,PL_W770873612
P08187,WORK,PL_W27778415
P08188,HOME,PL_W41405392
P08188,WORK,PL_W705115255
P08189,HOME,PL_W31373085
P08189,WORK,PL_N6138154560
P08190,HOME,PL_W661777481
P08190,WORK,PL_W56062712
P08191,HOME,PL_W41405413
P08191,WORK,PL_W810800505
P08192,HOME,PL_W661648935
P08192,WORK,PL_W532956510
P08193,HOME,PL_W31754492
P08193,WORK,PL_W146419070
P08193,CHILD_SCHOOL,PL_W36951033
P08194,HOME,PL_W661049514
P08194,WORK,PL_N13016579151
P08194,CHILD_SCHOOL,PL_W224674925
P08195,HOME,PL_W659335360
P08195,WORK,PL_W241020327
P08195,CHILD_SCHOOL,PL_W121872356
P08196,HOME,PL_W706236177
P08196,WORK,PL_N6370629236
P08197,HOME,PL_W661274662
P08197,WORK,PL_W34749723
P08197,CHILD_SCHOOL,PL_W224813127
P08198,HOME,PL_W662535511
P08198,WORK,PL_W335517840
P08198,CHILD_SCHOOL,PL_W705109213
P08199,HOME,PL_W659448184
P08199,UNIVERSITY,PL_N2375249754
P08200,HOME,PL_W659547862
P08200,WORK,PL_W108059031
P08201,HOME,PL_W33636925
P08201,WORK,PL_W135722459
P08202,HOME,PL_W659452518
P08202,WORK,PL_W657722111
P08202,CHILD_SCHOOL,PL_W822689780
P08203,HOME,PL_W1079646984
P08203,WORK,PL_W804685028
P08203,CHILD_SCHOOL,PL_W224672049
P08204,HOME,PL_W660838528
P08204,WORK,PL_W115222390
P08204,CHILD_SCHOOL,PL_W32121754
P08205,HOME,PL_W43811046
P08205,WORK,PL_N11897627997
P08205,CHILD_SCHOOL,PL_N7725077141
P08206,HOME,PL_W661565733
P08206,WORK,PL_N6228053209
P08207,HOME,PL_W660356998
P08207,WORK,PL_N13013615434
P08208,HOME,PL_W662776111
P08208,WORK,PL_W1173242674
P08209,HOME,PL_W662775278
P08209,WORK,PL_W243812280
P08210,HOME,PL_W705170962
P08210,WORK,PL_N6340696116
P08211,HOME,PL_W659731999
P08211,WORK,PL_W363990360
P08211,CHILD_SCHOOL,PL_W170267116
P08212,HOME,PL_W31619298
P08212,WORK,PL_W31620396
P08213,HOME,PL_W659340185
P08213,WORK,PL_N4285491209
P08214,HOME,PL_W660347789
P08214,WORK,PL_W34546016
P08215,HOME,PL_W705109233
P08215,WORK,PL_N11275718892
P08215,CHILD_SCHOOL,PL_W121969533
P08216,HOME,PL_W662174931
P08216,WORK,PL_W679142324
P08216,CHILD_SCHOOL,PL_W35836041
P08217,HOME,PL_W43934772
P08217,WORK,PL_W659427555
P08218,HOME,PL_W659838084
P08218,WORK,PL_N8153684524
P08218,CHILD_SCHOOL,PL_W32819968
P08219,HOME,PL_W924866606
P08219,WORK,PL_W103095385
P08220,HOME,PL_W924866605
P08220,WORK,PL_W78592356
P08221,HOME,PL_W704946495
P08221,WORK,PL_N2080735765
P08221,CHILD_SCHOOL,PL_W503478885
P08222,HOME,PL_W661074659
P08222,WORK,PL_W417110909
P08223,HOME,PL_W661050466
P08223,WORK,PL_N6491236697
P08224,HOME,PL_W33723497
P08224,UNIVERSITY,PL_N547498239
P08225,HOME,PL_W1082228687
P08225,WORK,PL_W34484467
P08225,CHILD_SCHOOL,PL_W65239313
P08226,HOME,PL_W41405391
P08226,UNIVERSITY,PL_N8755303552
P08227,HOME,PL_W31754686
P08227,WORK,PL_W416989000
P08227,CHILD_SCHOOL,PL_W43613879
P08228,HOME,PL_W31619128
P08228,UNIVERSITY,PL_N9071191071
P08229,HOME,PL_W33036599
P08229,WORK,PL_N411670085
P08230,HOME,PL_W656561761
P08230,WORK,PL_W61011663
P08230,CHILD_SCHOOL,PL_W26949764
P08231,HOME,PL_W31754688
P08231,WORK,PL_W60304156
P08231,CHILD_SCHOOL,PL_W36861511
P08232,HOME,PL_W31619119
P08232,WORK,PL_N10909776060
P08233,HOME,PL_W706078548
P08233,WORK,PL_N3376427733
P08234,HOME,PL_W661275723
P08234,WORK,PL_W661275723
P08235,HOME,PL_W659548442
P08235,UNIVERSITY,PL_W60304653
P08236,HOME,PL_W705222393
P08236,WORK,PL_N7913245202
P08236,CHILD_SCHOOL,PL_W224816805
P08237,HOME,PL_W661921315
P08237,WORK,PL_N5802396007
P08237,CHILD_SCHOOL,PL_W24986415
P08238,HOME,PL_W33564021
P08238,WORK,PL_W107138365
P08238,CHILD_SCHOOL,PL_W369392223
P08239,HOME,PL_W31754521
P08239,WORK,PL_N6565391644
P08240,HOME,PL_W662389748
P08240,WORK,PL_N7137825364
P08240,CHILD_SCHOOL,PL_W35836166
P08241,HOME,PL_W656562295
P08241,WORK,PL_N2534750310
P08242,HOME,PL_W1212645898
P08242,WORK,PL_W70803779
P08243,HOME,PL_W31616721
P08243,WORK,PL_W381672129
P08244,HOME,PL_W661074965
P08244,WORK,PL_W55896876
P08245,HOME,PL_W661050856
P08245,UNIVERSITY,PL_W23447393
P08246,HOME,PL_W31754697
P08246,WORK,PL_N1186840928
P08247,HOME,PL_W661956514
P08247,WORK,PL_N12688672383
P08247,CHILD_SCHOOL,PL_W57047252
P08248,HOME,PL_W662176518
P08248,WORK,PL_N13198723253
P08248,CHILD_SCHOOL,PL_W25366324
P08249,HOME,PL_W830376549
P08249,WORK,PL_W27767642
P08250,HOME,PL_W660980712
P08250,WORK,PL_W334955552
P08251,HOME,PL_W31754698
P08251,WORK,PL_W286526913
P08252,HOME,PL_W702169124
P08252,WORK,PL_W320465000
P08252,CHILD_SCHOOL,PL_W285896860
P08253,HOME,PL_W661075807
P08253,UNIVERSITY,PL_W1268267050
P08254,HOME,PL_W660638979
P08254,WORK,PL_W78592356
P08255,HOME,PL_W114706282
P08255,WORK,PL_N3931317558
P08255,CHILD_SCHOOL,PL_W41841713
P08256,HOME,PL_W661956912
P08256,WORK,PL_W661956912
P08257,HOME,PL_W705132829
P08257,WORK,PL_W661951749
P08257,CHILD_SCHOOL,PL_W41364199
P08258,HOME,PL_W41405412
P08258,WORK,PL_W669794336
P08258,CHILD_SCHOOL,PL_N3946854994
P08259,HOME,PL_W661075683
P08259,WORK,PL_W662441664
P08259,CHILD_SCHOOL,PL_W31756363
P08260,HOME,PL_W1341459065
P08260,WORK,PL_W231268036
P08260,CHILD_SCHOOL,PL_W25288139
P08261,HOME,PL_W662727372
P08261,WORK,PL_W797149874
P08262,HOME,PL_W660633870
P08262,WORK,PL_W27767640
P08263,HOME,PL_W660838214
P08263,WORK,PL_W105789397
P08264,HOME,PL_W32455671
P08264,WORK,PL_N6323402046
P08264,CHILD_SCHOOL,PL_W224897072
P08265,HOME,PL_W659448688
P08265,UNIVERSITY,PL_N9550175417
P08266,HOME,PL_W41405417
P08266,WORK,PL_W234054131
P08267,HOME,PL_W659451770
P08267,WORK,PL_W659833240
P08267,CHILD_SCHOOL,PL_N5444147981
P08268,HOME,PL_W660601042
P08268,WORK,PL_N13903393212
P08269,HOME,PL_W659446835
P08269,WORK,PL_N6586981349
P08270,HOME,PL_W662762575
P08270,WORK,PL_W34121572
P08271,HOME,PL_W659243849
P08271,WORK,PL_W31963780
P08272,HOME,PL_W662388461
P08272,WORK,PL_W677918916
P08273,HOME,PL_W662176350
P08273,WORK,PL_W126301465
P08274,HOME,PL_W661840434
P08274,WORK,PL_W443994557
P08274,CHILD_SCHOOL,PL_W36880101
P08275,HOME,PL_W31373427
P08275,WORK,PL_W943602453
P08275,CHILD_SCHOOL,PL_W224813127
P08276,HOME,PL_W660177773
P08276,WORK,PL_N7835431886
P08276,CHILD_SCHOOL,PL_W33725547
P08277,HOME,PL_W31811115
P08277,WORK,PL_W103095385
P08278,HOME,PL_W1204795489
P08278,WORK,PL_N6845991729
P08278,CHILD_SCHOOL,PL_W29113970
P08279,HOME,PL_W1245802033
P08279,WORK,PL_W34545829
P08279,CHILD_SCHOOL,PL_W186575947
P08280,HOME,PL_W661957370
P08280,WORK,PL_N6592019133
P08281,HOME,PL_W31754569
P08281,WORK,PL_W31754569
P08282,HOME,PL_W31451094
P08282,WORK,PL_W661951770
P08283,HOME,PL_W31757861
P08283,WORK,PL_W160173309
P08284,HOME,PL_W662177460
P08284,WORK,PL_W67141445
P08285,HOME,PL_W661564983
P08285,WORK,PL_W226939072
P08286,HOME,PL_W705563031
P08286,UNIVERSITY,PL_N7781377932
P08287,HOME,PL_W659447513
P08287,WORK,PL_N1231094531
P08287,CHILD_SCHOOL,PL_W170267116
P08288,HOME,PL_W660602653
P08288,WORK,PL_W34413708
P08289,HOME,PL_W660357380
P08289,WORK,PL_W660830190
P08290,HOME,PL_W34229575
P08290,WORK,PL_W129704520
P08290,CHILD_SCHOOL,PL_W704292292
P08291,HOME,PL_W228305634
P08291,WORK,PL_W409265672
P08291,CHILD_SCHOOL,PL_W122301356
P08292,HOME,PL_W1167158872
P08292,WORK,PL_N6558113016
P08293,HOME,PL_W287420868
P08293,WORK,PL_N6348250439
P08294,HOME,PL_W660818433
P08294,WORK,PL_W678750333
P08295,HOME,PL_W659728368
P08295,WORK,PL_N8996051370
P08296,HOME,PL_W31754569
P08296,WORK,PL_W32531198
P08297,HOME,PL_W36791493
P08297,WORK,PL_N2883876001
P08298,HOME,PL_W33541209
P08298,WORK,PL_W31963777
P08298,CHILD_SCHOOL,PL_W704997229
P08299,HOME,PL_W704997226
P08299,UNIVERSITY,PL_N1306212511
P08300,HOME,PL_W31754689
P08300,WORK,PL_W662259386
P08300,CHILD_SCHOOL,PL_W703414557
P08301,HOME,PL_W42472527
P08301,WORK,PL_W61760168
P08302,HOME,PL_W170051471
P08302,WORK,PL_W662980523
P08303,HOME,PL_W661048216
P08303,WORK,PL_W96002159
P08304,HOME,PL_W706190952
P08304,WORK,PL_W675314644
P08304,CHILD_SCHOOL,PL_W688267157
P08305,HOME,PL_W661636563
P08305,WORK,PL_N6373239282
P08306,HOME,PL_W705845659
P08306,UNIVERSITY,PL_N2375249754
P08307,HOME,PL_W31616712
P08307,WORK,PL_W32623228
P08308,HOME,PL_W32455658
P08308,WORK,PL_W226666981
P08309,HOME,PL_W702554512
P08309,WORK,PL_W662097485
P08310,HOME,PL_W1275527444
P08310,WORK,PL_N6551615802
P08311,HOME,PL_W659445131
P08311,WORK,PL_N1368553435
P08311,CHILD_SCHOOL,PL_W75367984
P08312,HOME,PL_W391472124
P08312,WORK,PL_N13013615433
P08312,CHILD_SCHOOL,PL_W36786284
P08313,HOME,PL_W33036598
P08313,WORK,PL_N515621602
P08314,HOME,PL_W31757290
P08314,WORK,PL_W31757290
P08314,CHILD_SCHOOL,PL_N7725077141
P08315,HOME,PL_W706080733
P08315,WORK,PL_W661650364
P08316,HOME,PL_W122356169
P08316,WORK,PL_W58796616
P08316,CHILD_SCHOOL,PL_W224695919
P08317,HOME,PL_W702587024
P08317,WORK,PL_W125308535
P08318,HOME,PL_W705624347
P08318,WORK,PL_W683000955
P08318,CHILD_SCHOOL,PL_W36870739
P08319,HOME,PL_W170052638
P08319,WORK,PL_W288101367
P08320,HOME,PL_W661957581
P08320,WORK,PL_N6175614779
P08320,CHILD_SCHOOL,PL_N2336690053
P08321,HOME,PL_W31754471
P08321,WORK,PL_W31754471
P08321,CHILD_SCHOOL,PL_W35798778
P08322,HOME,PL_W86811945
P08322,WORK,PL_W663829668
P08323,HOME,PL_W943421439
P08323,WORK,PL_W1544282802
P08323,CHILD_SCHOOL,PL_W705011693
P08324,HOME,PL_W33725066
P08324,WORK,PL_W27767640
P08325,HOME,PL_W705845658
P08325,WORK,PL_N7097778938
P08325,CHILD_SCHOOL,PL_W143658010
P08326,HOME,PL_W31624354
P08326,WORK,PL_N13888033554
P08326,CHILD_SCHOOL,PL_W43605743
P08327,HOME,PL_W62354003
P08327,WORK,PL_W66979963
P08328,HOME,PL_W662176177
P08328,WORK,PL_W60332166
P08328,CHILD_SCHOOL,PL_W30966655
P08329,HOME,PL_W660838537
P08329,WORK,PL_W1366234349
P08330,HOME,PL_W659830949
P08330,WORK,PL_N6584647561
P08331,HOME,PL_W660212609
P08331,WORK,PL_W34776453
P08332,HOME,PL_W659448381
P08332,UNIVERSITY,PL_N9672795308
P08333,HOME,PL_W186588115
P08333,WORK,PL_N2328592703
P08333,CHILD_SCHOOL,PL_W703400000
P08334,HOME,PL_W33564022
P08334,WORK,PL_W30986302
P08335,HOME,PL_W659340041
P08335,WORK,PL_W233062812
P08336,HOME,PL_W662449623
P08336,WORK,PL_W705109233
P08336,CHILD_SCHOOL,PL_W705845654
P08337,HOME,PL_W659334559
P08337,UNIVERSITY,PL_W1502658805
P08338,HOME,PL_W662711728
P08338,WORK,PL_W662711728
P08338,CHILD_SCHOOL,PL_W36747096
P08339,HOME,PL_W660078948
P08339,WORK,PL_N519921378
P08340,HOME,PL_W704288158
P08340,WORK,PL_W58560234
P08340,CHILD_SCHOOL,PL_W34617374
P08341,HOME,PL_W661205098
P08341,WORK,PL_W661205098
P08342,HOME,PL_W31754689
P08342,WORK,PL_W34587722
P08342,CHILD_SCHOOL,PL_W167534168
P08343,HOME,PL_W662145056
P08343,WORK,PL_W705132820
P08343,CHILD_SCHOOL,PL_W70509378
P08344,HOME,PL_W705115243
P08344,WORK,PL_W704232362
P08345,HOME,PL_W660817883
P08345,WORK,PL_W34749730
P08346,HOME,PL_W705881541
P08346,WORK,PL_W660934400
P08346,CHILD_SCHOOL,PL_W179214961
P08347,HOME,PL_W170052629
P08347,WORK,PL_W79659935
P08348,HOME,PL_W659241803
P08348,WORK,PL_N13890093471
P08349,HOME,PL_W31363299
P08349,WORK,PL_N380042650
P08350,HOME,PL_W31756307
P08350,WORK,PL_N4435701086
P08351,HOME,PL_W31373427
P08351,WORK,PL_N6561364595
P08351,CHILD_SCHOOL,PL_W57052280
P08352,HOME,PL_W31754502
P08352,WORK,PL_W161271589
P08352,CHILD_SCHOOL,PL_W56051919
P08353,HOME,PL_W702557441
P08353,WORK,PL_N5718021422
P08354,HOME,PL_W659251799
P08354,WORK,PL_N4922951502
P08354,CHILD_SCHOOL,PL_W239578890
P08355,HOME,PL_W32667517
P08355,WORK,PL_W56057405
P08356,HOME,PL_W660867254
P08356,WORK,PL_N3818029665
P08356,CHILD_SCHOOL,PL_W25366282
P08357,HOME,PL_W705529525
P08357,WORK,PL_N6568160929
P08358,HOME,PL_W32455659
P08358,WORK,PL_W758562476
P08358,CHILD_SCHOOL,PL_N12968478972
P08359,HOME,PL_W704993428
P08359,WORK,PL_W659427555
P08360,HOME,PL_W43250787
P08360,WORK,PL_W162147490
P08360,CHILD_SCHOOL,PL_W56201673
P08361,HOME,PL_W30966657
P08361,WORK,PL_W659320439
P08361,CHILD_SCHOOL,PL_W703414556
P08362,HOME,PL_W47870412
P08362,WORK,PL_W1229816877
P08363,HOME,PL_W877660791
P08363,WORK,PL_N1138448894
P08364,HOME,PL_W660603451
P08364,WORK,PL_N5010933312
P08365,HOME,PL_W659448803
P08365,WORK,PL_N6348493748
P08365,CHILD_SCHOOL,PL_W164599151
P08366,HOME,PL_W662174677
P08366,WORK,PL_W79582701
P08366,CHILD_SCHOOL,PL_W36747097
P08367,HOME,PL_W659548617
P08367,WORK,PL_W90055931
P08368,HOME,PL_W661049736
P08368,UNIVERSITY,PL_W775639084
P08369,HOME,PL_W1202683551
P08369,WORK,PL_W680474491
P08370,HOME,PL_W661065665
P08370,WORK,PL_W65592644
P08370,CHILD_SCHOOL,PL_W760840673
P08371,HOME,PL_W661205887
P08371,WORK,PL_W32573258
P08372,HOME,PL_W31451095
P08372,WORK,PL_W953878382
P08372,CHILD_SCHOOL,PL_W224815940
P08373,HOME,PL_W660603470
P08373,WORK,PL_N370196812
P08374,HOME,PL_W702169121
P08374,WORK,PL_W62058576
P08375,HOME,PL_W1245802035
P08375,WORK,PL_W183248448
P08375,CHILD_SCHOOL,PL_W75367984
P08376,HOME,PL_W659249815
P08376,WORK,PL_W659587770
P08376,CHILD_SCHOOL,PL_W36870739
P08377,HOME,PL_W704993431
P08377,WORK,PL_W61982576
P08378,HOME,PL_W704997233
P08378,WORK,PL_N6240358422
P08379,HOME,PL_W659732870
P08379,WORK,PL_W662150145
P08380,HOME,PL_W34777542
P08380,WORK,PL_W953878382
P08381,HOME,PL_W659546656
P08381,WORK,PL_W1418991792
P08381,CHILD_SCHOOL,PL_W34617709
P08382,HOME,PL_W659245015
P08382,WORK,PL_W32971918
P08383,HOME,PL_W662094328
P08383,WORK,PL_W1466545534
P08384,HOME,PL_W661274759
P08384,WORK,PL_W1473007996
P08385,HOME,PL_W1253519326
P08385,WORK,PL_N3044762417
P08386,HOME,PL_W1245996041
P08386,WORK,PL_W27767625
P08387,HOME,PL_W659455005
P08387,WORK,PL_W103096656
P08388,HOME,PL_W36791494
P08388,WORK,PL_W804685028
P08388,CHILD_SCHOOL,PL_N705487646
P08389,HOME,PL_W89185230
P08389,WORK,PL_W673263912
P08390,HOME,PL_W659447438
P08390,WORK,PL_N6404321532
P08390,CHILD_SCHOOL,PL_W688267161
P08391,HOME,PL_W661634983
P08391,WORK,PL_N2296069357
P08392,HOME,PL_W663310146
P08392,WORK,PL_W35676086
P08392,CHILD_SCHOOL,PL_N7751979185
P08393,HOME,PL_W33653601
P08393,WORK,PL_N6551949954
P08394,HOME,PL_W659831357
P08394,WORK,PL_W662454002
P08394,CHILD_SCHOOL,PL_W195493031
P08395,HOME,PL_W32742170
P08395,WORK,PL_W705563026
P08396,HOME,PL_W31757254
P08396,WORK,PL_W659581412
P08397,HOME,PL_W662710635
P08397,WORK,PL_W55946847
P08398,HOME,PL_W661276002
P08398,WORK,PL_W663826506
P08399,HOME,PL_W1208393427
P08399,WORK,PL_W27767640
P08400,HOME,PL_W702169103
P08400,UNIVERSITY,PL_W1502657605
P08401,HOME,PL_W41405393
P08401,WORK,PL_N4737293922
P08401,CHILD_SCHOOL,PL_W34769382
P08402,HOME,PL_W661048681
P08402,WORK,PL_W187814126
P08403,HOME,PL_W660586440
P08403,WORK,PL_N13227720778
P08404,HOME,PL_W967290533
P08404,WORK,PL_N1906215916
P08405,HOME,PL_W660347625
P08405,WORK,PL_N7528937355
P08406,HOME,PL_W31451094
P08406,WORK,PL_W31451094
P08407,HOME,PL_W1204777399
P08407,WORK,PL_W255630384
P08408,HOME,PL_W31811118
P08408,WORK,PL_N2611288831
P08409,HOME,PL_W703923702
P08409,WORK,PL_W706078559
P08410,HOME,PL_W31373089
P08410,WORK,PL_N12796412603
P08411,HOME,PL_W31811208
P08411,WORK,PL_W79671175
P08412,HOME,PL_W166540890
P08412,WORK,PL_W166540890
P08413,HOME,PL_W662145082
P08413,WORK,PL_N6355733671
P08413,CHILD_SCHOOL,PL_W224695919
P08414,HOME,PL_W704945378
P08414,WORK,PL_N6491077949
P08414,CHILD_SCHOOL,PL_W36544304
P08415,HOME,PL_W31619296
P08415,WORK,PL_N13374381379
P08416,HOME,PL_W704232357
P08416,WORK,PL_W28025955
P08417,HOME,PL_W469779615
P08417,WORK,PL_W34614474
P08418,HOME,PL_W705624346
P08418,WORK,PL_N9777691154
P08418,CHILD_SCHOOL,PL_W705125019
P08419,HOME,PL_W704228133
P08419,WORK,PL_W660830788
P08420,HOME,PL_W31757792
P08420,WORK,PL_W31757792
P08421,HOME,PL_W660867050
P08421,WORK,PL_W196768769
P08422,HOME,PL_W31617609
P08422,WORK,PL_W663827267
P08423,HOME,PL_W35836410
P08423,WORK,PL_W804639052
P08423,CHILD_SCHOOL,PL_W33543511
P08424,HOME,PL_W1267010810
P08424,WORK,PL_W1267010810
P08424,CHILD_SCHOOL,PL_W34228912
P08425,HOME,PL_W660981024
P08425,WORK,PL_W62256155
P08425,CHILD_SCHOOL,PL_W148163965
P08426,HOME,PL_W662710999
P08426,WORK,PL_W669624361
P08426,CHILD_SCHOOL,PL_W36785083
P08427,HOME,PL_W702169774
P08427,WORK,PL_W58361358
P08428,HOME,PL_W1341302905
P08428,WORK,PL_W316749838
P08428,CHILD_SCHOOL,PL_N5444147981
P08429,HOME,PL_W170055111
P08429,WORK,PL_W1149717350
P08430,HOME,PL_W31757259
P08430,WORK,PL_W167925742
P08431,HOME,PL_W659838658
P08431,WORK,PL_W943701267
P08432,HOME,PL_W661649778
P08432,WORK,PL_W33543299
P08433,HOME,PL_W31756334
P08433,WORK,PL_N11695968602
P08433,CHILD_SCHOOL,PL_W274833682
P08434,HOME,PL_W659454626
P08434,WORK,PL_W659427555
P08435,HOME,PL_W659730017
P08435,WORK,PL_W161271090
P08436,HOME,PL_W659335043
P08436,WORK,PL_N3900836503
P08437,HOME,PL_W659334205
P08437,UNIVERSITY,PL_W61759776
P08438,HOME,PL_W661956705
P08438,WORK,PL_W34516728
P08438,CHILD_SCHOOL,PL_W220920995
P08439,HOME,PL_W659455378
P08439,WORK,PL_N3905865029
P08440,HOME,PL_W661469852
P08440,WORK,PL_N5476395722
P08441,HOME,PL_W421650404
P08441,WORK,PL_W29443312
P08442,HOME,PL_W704288166
P08442,WORK,PL_W680608303
P08443,HOME,PL_W369781473
P08443,WORK,PL_W27767640
P08444,HOME,PL_W661921397
P08444,WORK,PL_W105516638
P08445,HOME,PL_W661206377
P08445,WORK,PL_W34582238
P08446,HOME,PL_W36791714
P08446,WORK,PL_W58567273
P08447,HOME,PL_W170052636
P08447,WORK,PL_W239024445
P08448,HOME,PL_W659244472
P08448,WORK,PL_W331879916
P08448,CHILD_SCHOOL,PL_W31956205
P08449,HOME,PL_W31373528
P08449,WORK,PL_N3254677986
P08450,HOME,PL_W170055111
P08450,WORK,PL_N11111838084
P08451,HOME,PL_W32455674
P08451,WORK,PL_W661334783
P08452,HOME,PL_W43811046
P08452,WORK,PL_W31620471
P08452,CHILD_SCHOOL,PL_N5413474408
P08453,HOME,PL_W1204772266
P08453,WORK,PL_N267315345
P08454,HOME,PL_W660633411
P08454,WORK,PL_N2072269680
P08455,HOME,PL_W662142807
P08455,WORK,PL_W702169105
P08455,CHILD_SCHOOL,PL_W35836166
P08456,HOME,PL_W702169103
P08456,WORK,PL_W521306685
P08457,HOME,PL_W31373427
P08457,WORK,PL_N5467605746
P08457,CHILD_SCHOOL,PL_W35798787
P08458,HOME,PL_W660602180
P08458,WORK,PL_N387449946
P08458,CHILD_SCHOOL,PL_W34073293
P08459,HOME,PL_W31757258
P08459,WORK,PL_W670272328
P08459,CHILD_SCHOOL,PL_W224816012
P08460,HOME,PL_W31754493
P08460,WORK,PL_W257053580
P08461,HOME,PL_W31373089
P08461,WORK,PL_W127685221
P08461,CHILD_SCHOOL,PL_W35836503
P08462,HOME,PL_W1202558434
P08462,WORK,PL_W44076451
P08462,CHILD_SCHOOL,PL_W688267159
P08463,HOME,PL_W703923701
P08463,WORK,PL_W61698931
P08464,HOME,PL_W1204654008
P08464,WORK,PL_W55896876
P08465,HOME,PL_W660838330
P08465,WORK,PL_W30986916
P08466,HOME,PL_W1276131931
P08466,WORK,PL_W703613747
P08467,HOME,PL_W705624347
P08467,UNIVERSITY,PL_W60304653
P08468,HOME,PL_W656560371
P08468,UNIVERSITY,PL_N12312756757
P08469,HOME,PL_W659731957
P08469,WORK,PL_W33189720
P08470,HOME,PL_W31757862
P08470,WORK,PL_W556114700
P08471,HOME,PL_W706078564
P08471,UNIVERSITY,PL_W23447424
P08472,HOME,PL_W702557442
P08472,UNIVERSITY,PL_W23447424
P08473,HOME,PL_W659335285
P08473,WORK,PL_W660248262
P08473,CHILD_SCHOOL,PL_W179214961
P08474,HOME,PL_W659448456
P08474,WORK,PL_W55031878
P08474,CHILD_SCHOOL,PL_N2613021303
P08475,HOME,PL_W1163968779
P08475,WORK,PL_W25108216
P08475,CHILD_SCHOOL,PL_W688045884
P08476,HOME,PL_W704229398
P08476,WORK,PL_W673760242
P08477,HOME,PL_W1245802033
P08477,WORK,PL_W661193373
P08478,HOME,PL_W226958989
P08478,WORK,PL_W226958989
P08479,HOME,PL_W660600833
P08479,WORK,PL_W469614541
P08479,CHILD_SCHOOL,PL_W282961787
P08480,HOME,PL_W51348275
P08480,WORK,PL_N420549582
P08481,HOME,PL_W59411505
P08481,WORK,PL_N12759827689
P08481,CHILD_SCHOOL,PL_W56184642
P08482,HOME,PL_W704993428
P08482,WORK,PL_W236336973
P08483,HOME,PL_W662536180
P08483,WORK,PL_N8100550665
P08484,HOME,PL_W705529514
P08484,WORK,PL_W797142354
P08484,CHILD_SCHOOL,PL_W68507025
P08485,HOME,PL_W659549441
P08485,WORK,PL_W32556141
P08485,CHILD_SCHOOL,PL_W705565521
P08486,HOME,PL_W31811184
P08486,WORK,PL_N2138426174
P08486,CHILD_SCHOOL,PL_W35836168
P08487,HOME,PL_W705844124
P08487,WORK,PL_W1224926612
P08488,HOME,PL_W31757291
P08488,WORK,PL_N1995434979
P08489,HOME,PL_W704292286
P08489,WORK,PL_W57046689
P08489,CHILD_SCHOOL,PL_W688045884
P08490,HOME,PL_W33542534
P08490,UNIVERSITY,PL_W23447424
P08491,HOME,PL_W705519684
P08491,WORK,PL_W665741582
P08492,HOME,PL_W660601475
P08492,WORK,PL_W165787889
P08493,HOME,PL_W33036595
P08493,WORK,PL_W27767637
P08494,HOME,PL_W659454102
P08494,WORK,PL_W180193898
P08494,CHILD_SCHOOL,PL_W36543320
P08495,HOME,PL_W659839311
P08495,WORK,PL_W34586925
P08495,CHILD_SCHOOL,PL_W36787819
P08496,HOME,PL_W170051472
P08496,WORK,PL_W170165499
P08497,HOME,PL_W659731159
P08497,WORK,PL_W659629321
P08497,CHILD_SCHOOL,PL_W705565522
P08498,HOME,PL_W659453842
P08498,WORK,PL_W1004706291
P08498,CHILD_SCHOOL,PL_W56184642
P08499,HOME,PL_W1204907130
P08499,WORK,PL_W61014140
P08499,CHILD_SCHOOL,PL_W184368203
P08500,HOME,PL_W1462135606
P08500,WORK,PL_N6551711422
P08500,CHILD_SCHOOL,PL_W35835815
P08501,HOME,PL_W702169103
P08501,WORK,PL_W657934748
P08502,HOME,PL_W1382850392
P08502,UNIVERSITY,PL_W15396822
P08503,HOME,PL_W705625074
P08503,WORK,PL_N6181447584
P08503,CHILD_SCHOOL,PL_W201704236
P08504,HOME,PL_W33564022
P08504,WORK,PL_N9214498426
P08505,HOME,PL_W57079597
P08505,WORK,PL_N513610974
P08506,HOME,PL_W661275640
P08506,WORK,PL_W804386831
P08507,HOME,PL_W31754686
P08507,WORK,PL_W661317033
P08508,HOME,PL_W659454220
P08508,WORK,PL_W659454220
P08508,CHILD_SCHOOL,PL_W61955065
P08509,HOME,PL_W33542527
P08509,WORK,PL_W180193897
P08509,CHILD_SCHOOL,PL_W70509585
P08510,HOME,PL_W1258521554
P08510,WORK,PL_W1258521554
P08511,HOME,PL_W43250787
P08511,WORK,PL_N1444979737
P08511,CHILD_SCHOOL,PL_W224815295
P08512,HOME,PL_W661921495
P08512,WORK,PL_N3999424721
P08512,CHILD_SCHOOL,PL_W42149102
P08513,HOME,PL_W702169775
P08513,WORK,PL_W56123713
P08513,CHILD_SCHOOL,PL_W26949764
P08514,HOME,PL_W31617610
P08514,WORK,PL_W300884213
P08514,CHILD_SCHOOL,PL_W35836135
P08515,HOME,PL_W31451008
P08515,WORK,PL_N3414918473
P08515,CHILD_SCHOOL,PL_W36817966
P08516,HOME,PL_W660838915
P08516,UNIVERSITY,PL_W815475387
P08517,HOME,PL_W1420636510
P08517,WORK,PL_N3466933901
P08517,CHILD_SCHOOL,PL_W36331867
P08518,HOME,PL_W34777543
P08518,WORK,PL_W34777543
P08518,CHILD_SCHOOL,PL_W705563025
P08519,HOME,PL_W31373085
P08519,WORK,PL_N3561284957
P08520,HOME,PL_W705845658
P08520,WORK,PL_W60230152
P08521,HOME,PL_W660867559
P08521,WORK,PL_W704634889
P08521,CHILD_SCHOOL,PL_W35800887
P08522,HOME,PL_W659252573
P08522,WORK,PL_W60428970
P08523,HOME,PL_W660346597
P08523,WORK,PL_W1126399841
P08523,CHILD_SCHOOL,PL_W36747398
P08524,HOME,PL_W31754694
P08524,WORK,PL_W31754694
P08525,HOME,PL_W31617617
P08525,UNIVERSITY,PL_W60304653
P08526,HOME,PL_W661325585
P08526,WORK,PL_N10012524299
P08526,CHILD_SCHOOL,PL_N2611249739
P08527,HOME,PL_W1204945370
P08527,WORK,PL_W661774544
P08528,HOME,PL_W170052744
P08528,WORK,PL_W34587723
P08529,HOME,PL_W662774780
P08529,WORK,PL_W661292611
P08530,HOME,PL_W1245776623
P08530,UNIVERSITY,PL_W23447393
P08530,CHILD_SCHOOL,PL_W171477271
P08531,HOME,PL_W1275521512
P08531,WORK,PL_W479950661
P08531,CHILD_SCHOOL,PL_W34617374
P08532,HOME,PL_W877660791
P08532,WORK,PL_W304027495
P08533,HOME,PL_W659452437
P08533,WORK,PL_W60330220
P08534,HOME,PL_W661957439
P08534,WORK,PL_N11433394298
P08535,HOME,PL_W659335205
P08535,WORK,PL_W68310448
P08536,HOME,PL_W31617618
P08536,WORK,PL_W33681464
P08537,HOME,PL_W659445086
P08537,WORK,PL_W680607370
P08538,HOME,PL_W659448635
P08538,WORK,PL_N4869906504
P08538,CHILD_SCHOOL,PL_W56184642
P08539,HOME,PL_W166540890
P08539,WORK,PL_W482124458
P08540,HOME,PL_W43805236
P08540,WORK,PL_N12823415348
P08540,CHILD_SCHOOL,PL_W224442754
P08541,HOME,PL_W661840699
P08541,UNIVERSITY,PL_W161110169
P08542,HOME,PL_W660602106
P08542,WORK,PL_N9097634894
P08543,HOME,PL_W662175784
P08543,WORK,PL_W33408339
P08544,HOME,PL_W660820949
P08544,WORK,PL_W62363963
P08545,HOME,PL_W122480703
P08545,WORK,PL_W220029026
P08545,CHILD_SCHOOL,PL_W224815940
P08546,HOME,PL_W705132823
P08546,WORK,PL_W661330239
P08547,HOME,PL_W661048781
P08547,WORK,PL_N373162711
P08548,HOME,PL_W33036595
P08548,WORK,PL_W43804163
P08549,HOME,PL_W36921201
P08549,WORK,PL_W31620471
P08550,HOME,PL_W170052637
P08550,WORK,PL_N11147287676
P08551,HOME,PL_W705011687
P08551,WORK,PL_W429673971
P08552,HOME,PL_W31560365
P08552,WORK,PL_W383637718
P08553,HOME,PL_W32742170
P08553,UNIVERSITY,PL_W23334883
P08554,HOME,PL_W1101273551
P08554,WORK,PL_W661950696
P08555,HOME,PL_W31373093
P08555,WORK,PL_W436018569
P08556,HOME,PL_W662176518
P08556,WORK,PL_W56062440
P08556,CHILD_SCHOOL,PL_N2332638609
P08557,HOME,PL_W656560849
P08557,WORK,PL_W60482846
P08558,HOME,PL_W863282986
P08558,WORK,PL_N6680687582
P08558,CHILD_SCHOOL,PL_W25288139
P08559,HOME,PL_W659454363
P08559,WORK,PL_W125308707
P08560,HOME,PL_W170051472
P08560,WORK,PL_N5161264403
P08560,CHILD_SCHOOL,PL_W30966656
P08561,HOME,PL_W661066587
P08561,WORK,PL_N12861661728
P08562,HOME,PL_W228305634
P08562,UNIVERSITY,PL_W61759776
P08563,HOME,PL_W659444422
P08563,WORK,PL_W334916363
P08564,HOME,PL_W703752579
P08564,WORK,PL_N5718021422
P08565,HOME,PL_W659448685
P08565,WORK,PL_N14040990114
P08566,HOME,PL_W705519678
P08566,WORK,PL_W661022274
P08567,HOME,PL_W33036598
P08567,WORK,PL_W66980198
P08568,HOME,PL_W36331127
P08568,WORK,PL_W176711928
P08569,HOME,PL_W659453461
P08569,WORK,PL_W678933224
P08570,HOME,PL_W31754518
P08570,WORK,PL_W1395765938
P08570,CHILD_SCHOOL,PL_W760844017
P08571,HOME,PL_W659452417
P08571,WORK,PL_N10822992503
P08572,HOME,PL_W31756393
P08572,WORK,PL_W43810852
P08573,HOME,PL_W31757859
P08573,WORK,PL_W148652969
P08574,HOME,PL_W33725435
P08574,WORK,PL_W445933220
P08574,CHILD_SCHOOL,PL_W33503151
P08575,HOME,PL_W1204907123
P08575,WORK,PL_N6551651370
P08576,HOME,PL_W58936376
P08576,WORK,PL_W419912449
P08577,HOME,PL_W1271809791
P08577,WORK,PL_W1271809791
P08577,CHILD_SCHOOL,PL_W36880102
P08578,HOME,PL_W660820741
P08578,WORK,PL_N1412630538
P08579,HOME,PL_W42472531
P08579,WORK,PL_N5323098537
P08580,HOME,PL_W659334161
P08580,WORK,PL_W61698931
P08581,HOME,PL_W660357232
P08581,WORK,PL_W234054108
P08581,CHILD_SCHOOL,PL_W195493031
P08582,HOME,PL_W1204777321
P08582,WORK,PL_W35155100
P08582,CHILD_SCHOOL,PL_W36880102
P08583,HOME,PL_W187812255
P08583,UNIVERSITY,PL_W161110169
P08584,HOME,PL_W703249914
P08584,WORK,PL_N7551831493
P08585,HOME,PL_W33036599
P08585,WORK,PL_N2533923209
P08586,HOME,PL_W662775538
P08586,WORK,PL_N8119487284
P08586,CHILD_SCHOOL,PL_W36543325
P08587,HOME,PL_W659833282
P08587,WORK,PL_N13948814506
P08588,HOME,PL_W216295013
P08588,WORK,PL_W334916363
P08589,HOME,PL_W705507594
P08589,UNIVERSITY,PL_W23447514
P08590,HOME,PL_W659830402
P08590,WORK,PL_W663871037
P08591,HOME,PL_W659830904
P08591,WORK,PL_N6481876639
P08592,HOME,PL_W143654372
P08592,UNIVERSITY,PL_W23447393
P08593,HOME,PL_W662143048
P08593,WORK,PL_W659599760
P08593,CHILD_SCHOOL,PL_W56051877
P08594,HOME,PL_W31617619
P08594,WORK,PL_N6394858420
P08594,CHILD_SCHOOL,PL_W56051877
P08595,HOME,PL_W661921237
P08595,WORK,PL_N11612201956
P08596,HOME,PL_W170052636
P08596,WORK,PL_W170052636
P08596,CHILD_SCHOOL,PL_N5444147981
P08597,HOME,PL_W36888109
P08597,WORK,PL_W670198874
P08598,HOME,PL_W31373094
P08598,WORK,PL_N380027427
P08599,HOME,PL_W662775458
P08599,WORK,PL_W61982576
P08599,CHILD_SCHOOL,PL_W195969794
P08600,HOME,PL_W659340650
P08600,WORK,PL_N11967814832
P08600,CHILD_SCHOOL,PL_W688045884
P08601,HOME,PL_W122359518
P08601,WORK,PL_W122204658
P08602,HOME,PL_W32455658
P08602,WORK,PL_W61429979
P08603,HOME,PL_W705649173
P08603,WORK,PL_W662766976
P08604,HOME,PL_W705563034
P08604,UNIVERSITY,PL_W61759776
P08605,HOME,PL_W659246784
P08605,WORK,PL_N2138426284
P08605,CHILD_SCHOOL,PL_W171477484
P08606,HOME,PL_W1204945381
P08606,WORK,PL_W58867344
P08607,HOME,PL_W863282986
P08607,WORK,PL_W69966012
P08607,CHILD_SCHOOL,PL_W705109213
P08608,HOME,PL_W33564019
P08608,WORK,PL_N6548329637
P08608,CHILD_SCHOOL,PL_W36746607
P08609,HOME,PL_W706080743
P08609,WORK,PL_W1302635190
P08610,HOME,PL_W1202558497
P08610,WORK,PL_W659629316
P08611,HOME,PL_W1253685238
P08611,WORK,PL_N6554677046
P08611,CHILD_SCHOOL,PL_W170267116
P08612,HOME,PL_W705222379
P08612,WORK,PL_W150494721
P08613,HOME,PL_W41405411
P08613,WORK,PL_N5154126017
P08614,HOME,PL_W705132823
P08614,WORK,PL_N1138448667
P08615,HOME,PL_W659340966
P08615,WORK,PL_W978009786
P08615,CHILD_SCHOOL,PL_W71281899
P08616,HOME,PL_W1255728549
P08616,WORK,PL_W675736665
P08617,HOME,PL_W32122686
P08617,WORK,PL_W27991582
P08617,CHILD_SCHOOL,PL_W703420514
P08618,HOME,PL_W31754575
P08618,WORK,PL_W31754575
P08618,CHILD_SCHOOL,PL_W33529943
P08619,HOME,PL_W31617621
P08619,UNIVERSITY,PL_N401521720
P08620,HOME,PL_W702142774
P08620,UNIVERSITY,PL_W23447393
P08621,HOME,PL_W31617611
P08621,WORK,PL_W659632921
P08621,CHILD_SCHOOL,PL_W33503151
P08622,HOME,PL_W656561963
P08622,WORK,PL_W58586577
P08623,HOME,PL_W660807158
P08623,WORK,PL_W663315322
P08624,HOME,PL_W705109233
P08624,WORK,PL_W151793363
P08625,HOME,PL_W660838177
P08625,WORK,PL_W115430891
P08626,HOME,PL_W659247861
P08626,WORK,PL_W43805112
P08627,HOME,PL_W31619298
P08627,WORK,PL_W59244520
P08628,HOME,PL_W978051266
P08628,WORK,PL_W367536575
P08629,HOME,PL_W705881541
P08629,WORK,PL_W141693739
P08630,HOME,PL_W659241844
P08630,WORK,PL_W1204571898
P08631,HOME,PL_W1346550913
P08631,UNIVERSITY,PL_N13946404588
P08632,HOME,PL_W62353997
P08632,WORK,PL_N11401338583
P08632,CHILD_SCHOOL,PL_N8082789926
P08633,HOME,PL_W32651989
P08633,WORK,PL_N2345716370
P08634,HOME,PL_W1255898908
P08634,WORK,PL_N12753097966
P08635,HOME,PL_W978051267
P08635,WORK,PL_W78252696
P08636,HOME,PL_W978051266
P08636,WORK,PL_W60319362
P08636,CHILD_SCHOOL,PL_W224442754
P08637,HOME,PL_W33036594
P08637,WORK,PL_W202990038
P08638,HOME,PL_W705011692
P08638,WORK,PL_W59036010
P08638,CHILD_SCHOOL,PL_W37783195
P08639,HOME,PL_W659334017
P08639,WORK,PL_W55675297
P08639,CHILD_SCHOOL,PL_W50977417
P08640,HOME,PL_W661330365
P08640,WORK,PL_N1298041085
P08641,HOME,PL_W31757794
P08641,WORK,PL_W1125984086
P08641,CHILD_SCHOOL,PL_W282961787
P08642,HOME,PL_W662775386
P08642,WORK,PL_W1174697425
P08643,HOME,PL_W41405379
P08643,WORK,PL_W662213164
P08644,HOME,PL_W352339434
P08644,WORK,PL_N3467065129
P08645,HOME,PL_W1163968779
P08645,WORK,PL_W130806359
P08646,HOME,PL_W662389109
P08646,WORK,PL_N6721008512
P08647,HOME,PL_W661204410
P08647,WORK,PL_W672220759
P08647,CHILD_SCHOOL,PL_N7725077141
P08648,HOME,PL_W33036596
P08648,WORK,PL_W34614474
P08648,CHILD_SCHOOL,PL_W36880101
P08649,HOME,PL_W661206921
P08649,WORK,PL_N12982559684
P08649,CHILD_SCHOOL,PL_W43605743
P08650,HOME,PL_W31617610
P08650,WORK,PL_N6534527555
P08651,HOME,PL_W659445986
P08651,WORK,PL_W680624941
P08652,HOME,PL_W661919417
P08652,WORK,PL_W31926230
P08653,HOME,PL_W42472531
P08653,WORK,PL_W1162960042
P08654,HOME,PL_W31451018
P08654,WORK,PL_W32610612
P08655,HOME,PL_W659248577
P08655,WORK,PL_W662259411
P08656,HOME,PL_W704232364
P08656,WORK,PL_N12192990057
P08656,CHILD_SCHOOL,PL_W41841656
P08657,HOME,PL_W656562040
P08657,WORK,PL_W385748322
P08658,HOME,PL_W457749629
P08658,WORK,PL_W32534767
P08658,CHILD_SCHOOL,PL_W36543496
P08659,HOME,PL_W704946505
P08659,WORK,PL_W704946505
P08659,CHILD_SCHOOL,PL_W34617709
P08660,HOME,PL_W659333281
P08660,WORK,PL_W828530835
P08661,HOME,PL_W661205896
P08661,WORK,PL_W34176289
P08662,HOME,PL_W659729097
P08662,WORK,PL_N3485479638
P08663,HOME,PL_W31754688
P08663,WORK,PL_W659633476
P08664,HOME,PL_W661862722
P08664,WORK,PL_W122198734
P08664,CHILD_SCHOOL,PL_W706093848
P08665,HOME,PL_W659451568
P08665,WORK,PL_W60185759
P08666,HOME,PL_W659248266
P08666,WORK,PL_W58745922
P08667,HOME,PL_W703776820
P08667,WORK,PL_W31617641
P08668,HOME,PL_W662389336
P08668,WORK,PL_W657978765
P08669,HOME,PL_W662144838
P08669,WORK,PL_W659441082
P08670,HOME,PL_W705170963
P08670,WORK,PL_W226904817
P08671,HOME,PL_W702169782
P08671,WORK,PL_N10159822808
P08672,HOME,PL_W56051936
P08672,WORK,PL_W32326394
P08672,CHILD_SCHOOL,PL_W33396813
P08673,HOME,PL_W1275519234
P08673,WORK,PL_W704196069
P08674,HOME,PL_W705881542
P08674,WORK,PL_N13717357286
P08674,CHILD_SCHOOL,PL_W201704236
P08675,HOME,PL_W660583890
P08675,WORK,PL_N6008096825
P08675,CHILD_SCHOOL,PL_W43605743
P08676,HOME,PL_W662143990
P08676,WORK,PL_N4157579639
P08677,HOME,PL_W705507586
P08677,WORK,PL_W662441662
P08677,CHILD_SCHOOL,PL_W33541185
P08678,HOME,PL_W659248551
P08678,WORK,PL_N12995864438
P08678,CHILD_SCHOOL,PL_W161236234
P08679,HOME,PL_W416778780
P08679,WORK,PL_W661796568
P08680,HOME,PL_W659340412
P08680,WORK,PL_W248103628
P08681,HOME,PL_W662774669
P08681,UNIVERSITY,PL_W60304653
P08681,CHILD_SCHOOL,PL_W122480554
P08682,HOME,PL_W1202548794
P08682,UNIVERSITY,PL_N1518532024
P08683,HOME,PL_W31617613
P08683,WORK,PL_W53697816
P08683,CHILD_SCHOOL,PL_W57047252
P08684,HOME,PL_W31363292
P08684,WORK,PL_W55029942
P08684,CHILD_SCHOOL,PL_W36747097
P08685,HOME,PL_W699293503
P08685,WORK,PL_W699293503
P08686,HOME,PL_W662761848
P08686,WORK,PL_N7630652118
P08686,CHILD_SCHOOL,PL_W14608518
P08687,HOME,PL_W659334352
P08687,WORK,PL_W661951941
P08688,HOME,PL_W702169774
P08688,WORK,PL_W194224131
P08688,CHILD_SCHOOL,PL_W42525283
P08689,HOME,PL_W35836411
P08689,WORK,PL_W61843026
P08690,HOME,PL_W660636918
P08690,WORK,PL_W701997039
P08690,CHILD_SCHOOL,PL_W706093848
P08691,HOME,PL_W43811018
P08691,WORK,PL_W56238443
P08691,CHILD_SCHOOL,PL_W56051877
P08692,HOME,PL_W1204777287
P08692,WORK,PL_N4171613669
P08692,CHILD_SCHOOL,PL_W34229259
P08693,HOME,PL_W33564012
P08693,WORK,PL_N6357163314
P08694,HOME,PL_W659334070
P08694,WORK,PL_W805391913
P08695,HOME,PL_W943428729
P08695,WORK,PL_W703752571
P08695,CHILD_SCHOOL,PL_W705565520
P08696,HOME,PL_W659838802
P08696,WORK,PL_N2864373496
P08697,HOME,PL_W659549167
P08697,WORK,PL_N10977865447
P08697,CHILD_SCHOOL,PL_W171477484
P08698,HOME,PL_W43804991
P08698,WORK,PL_N12997929573
P08699,HOME,PL_W659250379
P08699,WORK,PL_W247681917
P08699,CHILD_SCHOOL,PL_W75367984
P08700,HOME,PL_W33036599
P08700,WORK,PL_W33036599
P08700,CHILD_SCHOOL,PL_W56184642
P08701,HOME,PL_W122480703
P08701,WORK,PL_W1274900959
P08702,HOME,PL_W89185226
P08702,UNIVERSITY,PL_W161110169
P08702,CHILD_SCHOOL,PL_N534020733
P08703,HOME,PL_W705563027
P08703,WORK,PL_W301418957
P08704,HOME,PL_W659340134
P08704,WORK,PL_W89636166
P08705,HOME,PL_W31451199
P08705,WORK,PL_W674557281
P08705,CHILD_SCHOOL,PL_W25775106
P08706,HOME,PL_W31754698
P08706,WORK,PL_W1066266065
P08706,CHILD_SCHOOL,PL_W33529943
P08707,HOME,PL_W704288158
P08707,WORK,PL_N6551695033
P08708,HOME,PL_W660358062
P08708,WORK,PL_N278103210
P08709,HOME,PL_W1462135606
P08709,WORK,PL_N5367861826
P08710,HOME,PL_W143654379
P08710,WORK,PL_W662766980
P08710,CHILD_SCHOOL,PL_N4264646734
P08711,HOME,PL_W34777544
P08711,WORK,PL_W61698828
P08712,HOME,PL_W704993419
P08712,WORK,PL_W33542519
P08713,HOME,PL_W978051266
P08713,WORK,PL_N6535211970
P08714,HOME,PL_W185715206
P08714,WORK,PL_W41949958
P08715,HOME,PL_W32455676
P08715,WORK,PL_N12454318763
P08715,CHILD_SCHOOL,PL_W34617709
P08716,HOME,PL_W659730249
P08716,WORK,PL_N2814031202
P08717,HOME,PL_W31617620
P08717,WORK,PL_W31617620
P08717,CHILD_SCHOOL,PL_W33503129
P08718,HOME,PL_W32455658
P08718,WORK,PL_N506350608
P08718,CHILD_SCHOOL,PL_W35836041
P08719,HOME,PL_W31811072
P08719,WORK,PL_W469734389
P08720,HOME,PL_W31451019
P08720,WORK,PL_W662150040
P08720,CHILD_SCHOOL,PL_W36746611
P08721,HOME,PL_W31756391
P08721,UNIVERSITY,PL_N9672795308
P08722,HOME,PL_W228305634
P08722,WORK,PL_N992379669
P08722,CHILD_SCHOOL,PL_W499546959
P08723,HOME,PL_W31757291
P08723,WORK,PL_N3439310963
P08723,CHILD_SCHOOL,PL_W36791041
P08724,HOME,PL_W660586092
P08724,WORK,PL_W1171853035
P08725,HOME,PL_W705115253
P08725,WORK,PL_W673263912
P08726,HOME,PL_W86811945
P08726,WORK,PL_W660624564
P08727,HOME,PL_W658975072
P08727,WORK,PL_W670367697
P08728,HOME,PL_W660867147
P08728,WORK,PL_W33543646
P08729,HOME,PL_W41405413
P08729,UNIVERSITY,PL_W23447514
P08730,HOME,PL_W36791500
P08730,WORK,PL_W148646768
P08731,HOME,PL_W661276006
P08731,WORK,PL_W34554802
P08731,CHILD_SCHOOL,PL_W224809461
P08732,HOME,PL_W706190951
P08732,WORK,PL_N2807162821
P08733,HOME,PL_W924866605
P08733,WORK,PL_N1272837800
P08733,CHILD_SCHOOL,PL_W163146271
P08734,HOME,PL_W31754574
P08734,WORK,PL_W31754574
P08734,CHILD_SCHOOL,PL_W703420514
P08735,HOME,PL_W31754569
P08735,WORK,PL_N13196851741
P08736,HOME,PL_W660177395
P08736,WORK,PL_N12149324799
P08736,CHILD_SCHOOL,PL_N2332638609
P08737,HOME,PL_W704232365
P08737,WORK,PL_W704232365
P08737,CHILD_SCHOOL,PL_W35836083
P08738,HOME,PL_W661840699
P08738,WORK,PL_W61430317
P08739,HOME,PL_W186588111
P08739,WORK,PL_W105516612
P08740,HOME,PL_W661048812
P08740,WORK,PL_W247147345
P08740,CHILD_SCHOOL,PL_N5444147981
P08741,HOME,PL_W170052636
P08741,UNIVERSITY,PL_W23447424
P08742,HOME,PL_W34229573
P08742,WORK,PL_W34229573
P08742,CHILD_SCHOOL,PL_N4015705823
P08743,HOME,PL_W659830402
P08743,WORK,PL_W141296067
P08744,HOME,PL_W31617618
P08744,WORK,PL_N4036609207
P08745,HOME,PL_W31757256
P08745,WORK,PL_W58271348
P08745,CHILD_SCHOOL,PL_N7108106148
P08746,HOME,PL_W662775147
P08746,WORK,PL_N6852089676
P08746,CHILD_SCHOOL,PL_W36728598
P08747,HOME,PL_W704288162
P08747,WORK,PL_N10920735417
P08748,HOME,PL_W895949334
P08748,WORK,PL_W25420435
P08749,HOME,PL_W33636925
P08749,WORK,PL_W1350480065
P08749,CHILD_SCHOOL,PL_W43327805
P08750,HOME,PL_W33725066
P08750,WORK,PL_W55461753
P08751,HOME,PL_W31811113
P08751,WORK,PL_W659320544
P08751,CHILD_SCHOOL,PL_W33396813
P08752,HOME,PL_W31373085
P08752,WORK,PL_W34582609
P08752,CHILD_SCHOOL,PL_W36728598
P08753,HOME,PL_W32771030
P08753,WORK,PL_W676042522
P08754,HOME,PL_W662761857
P08754,WORK,PL_N12862702029
P08755,HOME,PL_W67141592
P08755,WORK,PL_W537868893
P08755,CHILD_SCHOOL,PL_N7108106148
P08756,HOME,PL_W31757861
P08756,WORK,PL_W662099843
P08756,CHILD_SCHOOL,PL_W41841601
P08757,HOME,PL_W457749629
P08757,WORK,PL_W258236803
P08758,HOME,PL_W1204907121
P08758,WORK,PL_N7183243395
P08759,HOME,PL_W31451005
P08759,WORK,PL_W160143118
P08760,HOME,PL_W706192712
P08760,WORK,PL_W706192712
P08760,CHILD_SCHOOL,PL_N8024045509
P08761,HOME,PL_W662388462
P08761,WORK,PL_W662388462
P08761,CHILD_SCHOOL,PL_W42525283
P08762,HOME,PL_W229483488
P08762,WORK,PL_W229483488
P08762,CHILD_SCHOOL,PL_N4264646734
P08763,HOME,PL_W659246218
P08763,WORK,PL_N579254437
P08764,HOME,PL_W469779620
P08764,WORK,PL_N13010520111
P08764,CHILD_SCHOOL,PL_W180044576
P08765,HOME,PL_W705529513
P08765,WORK,PL_W104945735
P08765,CHILD_SCHOOL,PL_W224818044
P08766,HOME,PL_W659246176
P08766,WORK,PL_W61698828
P08766,CHILD_SCHOOL,PL_W25289564
P08767,HOME,PL_W662257583
P08767,WORK,PL_W661471730
P08767,CHILD_SCHOOL,PL_W35800887
P08768,HOME,PL_W704597780
P08768,WORK,PL_W704597780
P08769,HOME,PL_W705529523
P08769,WORK,PL_N13477347601
P08769,CHILD_SCHOOL,PL_W36747398
P08770,HOME,PL_W662388516
P08770,WORK,PL_W660397102
P08771,HOME,PL_W706192716
P08771,UNIVERSITY,PL_W23334883
P08772,HOME,PL_W661862675
P08772,WORK,PL_W109499580
P08773,HOME,PL_W704229382
P08773,WORK,PL_W58567268
P08773,CHILD_SCHOOL,PL_W705011696
P08774,HOME,PL_W31757288
P08774,WORK,PL_W705121015
P08775,HOME,PL_W659732049
P08775,WORK,PL_W659629321
P08776,HOME,PL_W31757277
P08776,WORK,PL_N5478886799
P08776,CHILD_SCHOOL,PL_W224671171
P08777,HOME,PL_W506136037
P08777,WORK,PL_W231977751
P08777,CHILD_SCHOOL,PL_W186575106
P08778,HOME,PL_W43804991
P08778,WORK,PL_W199291731
P08779,HOME,PL_W702587015
P08779,WORK,PL_N13374612588
P08779,CHILD_SCHOOL,PL_W36332039
P08780,HOME,PL_W58936387
P08780,WORK,PL_W43810870
P08780,CHILD_SCHOOL,PL_W36880098
P08781,HOME,PL_W31617610
P08781,WORK,PL_W13404966
P08782,HOME,PL_W659444422
P08782,WORK,PL_N12997929551
P08782,CHILD_SCHOOL,PL_W705125019
P08783,HOME,PL_W661045752
P08783,WORK,PL_N3740787162
P08783,CHILD_SCHOOL,PL_W705109213
P08784,HOME,PL_W661648741
P08784,WORK,PL_N1854311801
P08785,HOME,PL_W660308156
P08785,WORK,PL_N6304072431
P08785,CHILD_SCHOOL,PL_W503478885
P08786,HOME,PL_W31754697
P08786,WORK,PL_W660624564
P08787,HOME,PL_W706078542
P08787,WORK,PL_W702169106
P08787,CHILD_SCHOOL,PL_W167534168
P08788,HOME,PL_W659452015
P08788,WORK,PL_N6545575961
P08789,HOME,PL_W660831523
P08789,WORK,PL_W443994557
P08789,CHILD_SCHOOL,PL_W224442293
P08790,HOME,PL_W32224948
P08790,WORK,PL_W331879916
P08791,HOME,PL_W1204496377
P08791,UNIVERSITY,PL_W1504220927
P08792,HOME,PL_W659341424
P08792,UNIVERSITY,PL_W60304653
P08793,HOME,PL_W705218759
P08793,WORK,PL_W115626110
P08794,HOME,PL_W661047876
P08794,WORK,PL_N2049981455
P08794,CHILD_SCHOOL,PL_W235324578
P08795,HOME,PL_W656562098
P08795,WORK,PL_W659321743
P08796,HOME,PL_W661470894
P08796,WORK,PL_W680607366
P08796,CHILD_SCHOOL,PL_W70509378
P08797,HOME,PL_W31757862
P08797,WORK,PL_W663828896
P08798,HOME,PL_W186588113
P08798,WORK,PL_N409163937
P08799,HOME,PL_W705845657
P08799,WORK,PL_W795320594
P08799,CHILD_SCHOOL,PL_W29234699
P08800,HOME,PL_W660177964
P08800,WORK,PL_W692017154
P08800,CHILD_SCHOOL,PL_W703420515
P08801,HOME,PL_W661821787
P08801,WORK,PL_W661821787
P08801,CHILD_SCHOOL,PL_W87327545
P08802,HOME,PL_W704993428
P08802,WORK,PL_W43811562
P08802,CHILD_SCHOOL,PL_W36747401
P08803,HOME,PL_W1507553865
P08803,WORK,PL_W66980185
P08804,HOME,PL_W662095034
P08804,WORK,PL_W79672207
P08805,HOME,PL_W705737457
P08805,WORK,PL_W669602490
P08806,HOME,PL_W33542527
P08806,WORK,PL_N6304072430
P08807,HOME,PL_W31619119
P08807,WORK,PL_W663828890
P08808,HOME,PL_W659459885
P08808,UNIVERSITY,PL_N2884419126
P08808,CHILD_SCHOOL,PL_W33541228
P08809,HOME,PL_W704228133
P08809,WORK,PL_N12290566763
P08809,CHILD_SCHOOL,PL_W41364187
P08810,HOME,PL_W31616721
P08810,WORK,PL_W706080732
P08810,CHILD_SCHOOL,PL_W224817368
P08811,HOME,PL_W659732450
P08811,WORK,PL_W333370257
P08812,HOME,PL_W704232379
P08812,WORK,PL_W704232379
P08813,HOME,PL_W659453701
P08813,WORK,PL_W32326396
P08814,HOME,PL_W31373086
P08814,WORK,PL_W1066295953
P08815,HOME,PL_W31754572
P08815,WORK,PL_W661951741
P08815,CHILD_SCHOOL,PL_W703400000
P08816,HOME,PL_W661821720
P08816,WORK,PL_W34614474
P08816,CHILD_SCHOOL,PL_N5444147981
P08817,HOME,PL_W170051472
P08817,WORK,PL_W247560900
P08818,HOME,PL_W55947364
P08818,UNIVERSITY,PL_W23447424
P08819,HOME,PL_W31373094
P08819,WORK,PL_W662100020
P08820,HOME,PL_W662176518
P08820,WORK,PL_W662099403
P08820,CHILD_SCHOOL,PL_W684083281
P08821,HOME,PL_W659333842
P08821,WORK,PL_N4519751637
P08821,CHILD_SCHOOL,PL_W50977417
P08822,HOME,PL_W660177488
P08822,WORK,PL_W400681136
P08822,CHILD_SCHOOL,PL_W167534168
P08823,HOME,PL_W33036565
P08823,WORK,PL_W1057021509
P08824,HOME,PL_W129725313
P08824,WORK,PL_N391169461
P08824,CHILD_SCHOOL,PL_W180044576
P08825,HOME,PL_W36791497
P08825,WORK,PL_W66979816
P08826,HOME,PL_W31754574
P08826,WORK,PL_N6711439753
P08826,CHILD_SCHOOL,PL_W35836503
P08827,HOME,PL_W659340558
P08827,UNIVERSITY,PL_W60304653
P08828,HOME,PL_W661637031
P08828,WORK,PL_W661637031
P08829,HOME,PL_W170051471
P08829,WORK,PL_W624234405
P08829,CHILD_SCHOOL,PL_W36747098
P08830,HOME,PL_W702169121
P08830,WORK,PL_N4876267026
P08831,HOME,PL_W32455676
P08831,WORK,PL_W661291886
P08832,HOME,PL_W31757861
P08832,UNIVERSITY,PL_W23334883
P08832,CHILD_SCHOOL,PL_W33541185
P08833,HOME,PL_W660830225
P08833,WORK,PL_N6565391653
P08833,CHILD_SCHOOL,PL_W34769549
P08834,HOME,PL_W32667517
P08834,WORK,PL_N13704204169
P08835,HOME,PL_W33036600
P08835,WORK,PL_N777804064
P08835,CHILD_SCHOOL,PL_W37783057
P08836,HOME,PL_W659548381
P08836,WORK,PL_W33037492
P08837,HOME,PL_W170055112
P08837,UNIVERSITY,PL_W23447424
P08837,CHILD_SCHOOL,PL_W503478885
P08838,HOME,PL_W660584057
P08838,WORK,PL_W58567287
P08838,CHILD_SCHOOL,PL_W28273222
P08839,HOME,PL_W702169782
P08839,WORK,PL_W34749730
P08840,HOME,PL_W31373088
P08840,WORK,PL_W416172844
P08840,CHILD_SCHOOL,PL_W33541185
P08841,HOME,PL_W978051258
P08841,WORK,PL_N13240844343
P08841,CHILD_SCHOOL,PL_W35798778
P08842,HOME,PL_W661048830
P08842,WORK,PL_W531735882
P08843,HOME,PL_W434297223
P08843,WORK,PL_W661950724
P08843,CHILD_SCHOOL,PL_W36332059
P08844,HOME,PL_W661206811
P08844,WORK,PL_W661206811
P08845,HOME,PL_W42472528
P08845,WORK,PL_W663828857
P08846,HOME,PL_W658974500
P08846,WORK,PL_W943701267
P08847,HOME,PL_W31373517
P08847,WORK,PL_N3632329238
P08848,HOME,PL_W659445956
P08848,WORK,PL_N13050188126
P08848,CHILD_SCHOOL,PL_W371606097
P08849,HOME,PL_W42472531
P08849,WORK,PL_W33561118
P08849,CHILD_SCHOOL,PL_W41364189
P08850,HOME,PL_W661919708
P08850,WORK,PL_N6558113016
P08851,HOME,PL_W704997233
P08851,WORK,PL_W704997233
P08852,HOME,PL_W32819957
P08852,WORK,PL_W129730208
P08852,CHILD_SCHOOL,PL_W36332039
P08853,HOME,PL_W42472531
P08853,WORK,PL_W42472531
P08854,HOME,PL_W661469883
P08854,UNIVERSITY,PL_W702100748
P08855,HOME,PL_W660633472
P08855,UNIVERSITY,PL_N12091108919
P08856,HOME,PL_W55547148
P08856,WORK,PL_W58869401
P08857,HOME,PL_W31617613
P08857,WORK,PL_W1129341556
P08858,HOME,PL_W661075864
P08858,WORK,PL_N6816082167
P08858,CHILD_SCHOOL,PL_W26949764
P08859,HOME,PL_W704292294
P08859,WORK,PL_N3301710267
P08859,CHILD_SCHOOL,PL_W163042361
P08860,HOME,PL_W705519668
P08860,WORK,PL_W32707349
P08861,HOME,PL_W967290533
P08861,UNIVERSITY,PL_N2681580824
P08862,HOME,PL_W1256127155
P08862,WORK,PL_N6433470895
P08862,CHILD_SCHOOL,PL_W34617361
P08863,HOME,PL_W660079231
P08863,WORK,PL_W704230284
P08864,HOME,PL_W660584313
P08864,WORK,PL_W659533822
P08864,CHILD_SCHOOL,PL_W36544304
P08865,HOME,PL_W656560361
P08865,WORK,PL_W194224125
P08866,HOME,PL_W660357210
P08866,WORK,PL_W43808699
P08867,HOME,PL_W659252622
P08867,WORK,PL_W132189179
P08867,CHILD_SCHOOL,PL_W34617374
P08868,HOME,PL_W706078548
P08868,WORK,PL_W103252322
P08869,HOME,PL_W704946495
P08869,WORK,PL_W43804337
P08870,HOME,PL_W661635845
P08870,WORK,PL_W55855120
P08871,HOME,PL_W170052744
P08871,WORK,PL_N2998787138
P08871,CHILD_SCHOOL,PL_W688267158
P08872,HOME,PL_W705218756
P08872,WORK,PL_W334916363
P08873,HOME,PL_W660638767
P08873,WORK,PL_W226960735
P08874,HOME,PL_W702169119
P08874,WORK,PL_N5368912114
P08875,HOME,PL_W660831704
P08875,WORK,PL_N2219998305
P08876,HOME,PL_W659253102
P08876,WORK,PL_W181520094
P08877,HOME,PL_W36921200
P08877,WORK,PL_W1194900603
P08878,HOME,PL_W705512151
P08878,WORK,PL_N1314640368
P08879,HOME,PL_W706192713
P08879,WORK,PL_W706192713
P08880,HOME,PL_W659447278
P08880,WORK,PL_W161271559
P08881,HOME,PL_W662535060
P08881,WORK,PL_N6548219493
P08881,CHILD_SCHOOL,PL_W34617346
P08882,HOME,PL_W661050811
P08882,WORK,PL_N6369142340
P08882,CHILD_SCHOOL,PL_W224674925
P08883,HOME,PL_W660347834
P08883,WORK,PL_W660347834
P08884,HOME,PL_W1204734668
P08884,WORK,PL_W659588026
P08884,CHILD_SCHOOL,PL_W29234699
P08885,HOME,PL_W661957513
P08885,WORK,PL_W55031045
P08886,HOME,PL_W31373089
P08886,WORK,PL_W33728843
P08886,CHILD_SCHOOL,PL_N2332638609
P08887,HOME,PL_W31560364
P08887,WORK,PL_W416172845
P08887,CHILD_SCHOOL,PL_W56201673
P08888,HOME,PL_W705563021
P08888,WORK,PL_W705563021
P08889,HOME,PL_W661650744
P08889,WORK,PL_W661650744
P08890,HOME,PL_W43250787
P08890,WORK,PL_W660934826
P08890,CHILD_SCHOOL,PL_W24501824
P08891,HOME,PL_W659453132
P08891,WORK,PL_W184344340
P08892,HOME,PL_W31451008
P08892,WORK,PL_W226512035
P08893,HOME,PL_W34229572
P08893,WORK,PL_W79659944
P08894,HOME,PL_W41405410
P08894,WORK,PL_W61011663
P08894,CHILD_SCHOOL,PL_W35836083
P08895,HOME,PL_W31754696
P08895,WORK,PL_W233181463
P08896,HOME,PL_W444619168
P08896,WORK,PL_N5987043916
P08896,CHILD_SCHOOL,PL_W224672049
P08897,HOME,PL_W704945366
P08897,UNIVERSITY,PL_W36508437
P08898,HOME,PL_W170052632
P08898,WORK,PL_W101918381
P08898,CHILD_SCHOOL,PL_W688267157
P08899,HOME,PL_W1082708163
P08899,WORK,PL_W1082708163
P08900,HOME,PL_W31373428
P08900,WORK,PL_W55418194
P08900,CHILD_SCHOOL,PL_W224818044
P08901,HOME,PL_W661920245
P08901,WORK,PL_W31617640
P08901,CHILD_SCHOOL,PL_W57052280
P08902,HOME,PL_W36791704
P08902,WORK,PL_W56238543
P08903,HOME,PL_W31624354
P08903,WORK,PL_W27778689
P08904,HOME,PL_W291196701
P08904,WORK,PL_W61011663
P08905,HOME,PL_W336113000
P08905,WORK,PL_N2153230505
P08906,HOME,PL_W1271200565
P08906,WORK,PL_W210313906
P08906,CHILD_SCHOOL,PL_W34617346
P08907,HOME,PL_W36791498
P08907,WORK,PL_W122204658
P08908,HOME,PL_W659446008
P08908,WORK,PL_W662099819
P08908,CHILD_SCHOOL,PL_W369392223
P08909,HOME,PL_W41405388
P08909,WORK,PL_W56238440
P08909,CHILD_SCHOOL,PL_W122317772
P08910,HOME,PL_W705010182
P08910,WORK,PL_N13149664930
P08910,CHILD_SCHOOL,PL_N7108092021
P08911,HOME,PL_W661565469
P08911,WORK,PL_W992457521
P08911,CHILD_SCHOOL,PL_W703400000
P08912,HOME,PL_W703948828
P08912,WORK,PL_N13859048594
P08913,HOME,PL_W660600635
P08913,WORK,PL_W30955952
P08914,HOME,PL_W32771030
P08914,WORK,PL_W27991582
P08914,CHILD_SCHOOL,PL_W33725547
P08915,HOME,PL_W704288166
P08915,WORK,PL_N4379889593
P08916,HOME,PL_W659446810
P08916,UNIVERSITY,PL_N9550175417
P08917,HOME,PL_W42472531
P08917,WORK,PL_W796686993
P08917,CHILD_SCHOOL,PL_W32121754
P08918,HOME,PL_W419912836
P08918,WORK,PL_W663827276
P08919,HOME,PL_W659840455
P08919,UNIVERSITY,PL_N2332330690
P08920,HOME,PL_W457749629
P08920,WORK,PL_N6340696126
P08920,CHILD_SCHOOL,PL_W25775106
P08921,HOME,PL_W34229572
P08921,WORK,PL_W672780979
P08922,HOME,PL_W662144654
P08922,WORK,PL_W241163484
P08922,CHILD_SCHOOL,PL_W33541185
P08923,HOME,PL_W704995234
P08923,UNIVERSITY,PL_W23447514
P08924,HOME,PL_W1204795435
P08924,WORK,PL_W31617642
P08924,CHILD_SCHOOL,PL_W255480069
P08925,HOME,PL_W704232371
P08925,WORK,PL_W31778884
P08926,HOME,PL_W36921200
P08926,WORK,PL_N12996606619
P08926,CHILD_SCHOOL,PL_W36747098
P08927,HOME,PL_W659340054
P08927,WORK,PL_W659322530
P08928,HOME,PL_W659548372
P08928,WORK,PL_W41950525
P08928,CHILD_SCHOOL,PL_W822689779
P08929,HOME,PL_W661649485
P08929,WORK,PL_N305489899
P08930,HOME,PL_W661565352
P08930,UNIVERSITY,PL_N7751950341
P08931,HOME,PL_W660348294
P08931,WORK,PL_N14062529766
P08931,CHILD_SCHOOL,PL_W34769382
P08932,HOME,PL_W114706279
P08932,WORK,PL_W659440530
P08933,HOME,PL_W34777546
P08933,WORK,PL_W1316550311
P08934,HOME,PL_W705507593
P08934,WORK,PL_W185549348
P08935,HOME,PL_W660638735
P08935,WORK,PL_W27767628
P08935,CHILD_SCHOOL,PL_W35836041
P08936,HOME,PL_W660079287
P08936,WORK,PL_W1316550313
P08937,HOME,PL_W1240205484
P08937,WORK,PL_N383448328
P08938,HOME,PL_W705507593
P08938,WORK,PL_N6491357305
P08938,CHILD_SCHOOL,PL_W36786284
P08939,HOME,PL_W661919528
P08939,WORK,PL_W661919528
P08939,CHILD_SCHOOL,PL_W36747398
P08940,HOME,PL_W421650404
P08940,WORK,PL_N2584379642
P08941,HOME,PL_W31373084
P08941,WORK,PL_W1080660035
P08941,CHILD_SCHOOL,PL_W36543326
P08942,HOME,PL_W661275764
P08942,WORK,PL_W659441071
P08943,HOME,PL_W660831603
P08943,WORK,PL_W660831603
P08944,HOME,PL_W1275520640
P08944,WORK,PL_N8054372748
P08945,HOME,PL_W36791711
P08945,WORK,PL_W182090183
P08946,HOME,PL_W659248066
P08946,WORK,PL_W34614513
P08946,CHILD_SCHOOL,PL_W186575947
P08947,HOME,PL_W661324450
P08947,WORK,PL_W58728262
P08947,CHILD_SCHOOL,PL_W71410512
P08948,HOME,PL_W705132823
P08948,WORK,PL_W660836573
P08948,CHILD_SCHOOL,PL_W33396453
P08949,HOME,PL_W31617613
P08949,WORK,PL_N10794699020
P08950,HOME,PL_W31451018
P08950,WORK,PL_W495300892
P08951,HOME,PL_W31757882
P08951,WORK,PL_W659094367
P08952,HOME,PL_W31451094
P08952,WORK,PL_W56062684
P08952,CHILD_SCHOOL,PL_W224695919
P08953,HOME,PL_W662094577
P08953,WORK,PL_W31617642
P08954,HOME,PL_W31754688
P08954,WORK,PL_W662441663
P08955,HOME,PL_W114706279
P08955,WORK,PL_W34516846
P08955,CHILD_SCHOOL,PL_W36332059
P08956,HOME,PL_W43805755
P08956,WORK,PL_W1174697419
P08957,HOME,PL_W705740396
P08957,WORK,PL_W661471718
P08958,HOME,PL_W660077907
P08958,WORK,PL_W32742026
P08959,HOME,PL_W659829327
P08959,WORK,PL_W27767631
P08960,HOME,PL_W512557919
P08960,WORK,PL_N544664035
P08961,HOME,PL_W33036599
P08961,WORK,PL_W31363304
P08962,HOME,PL_W702141531
P08962,WORK,PL_W1395765937
P08963,HOME,PL_W867811314
P08963,WORK,PL_N3206964051
P08963,CHILD_SCHOOL,PL_W170266806
P08964,HOME,PL_W35835252
P08964,WORK,PL_N12358054404
P08965,HOME,PL_W660830269
P08965,WORK,PL_W583994251
P08965,CHILD_SCHOOL,PL_W224671171
P08966,HOME,PL_W31754577
P08966,WORK,PL_W181032381
P08967,HOME,PL_W661635710
P08967,WORK,PL_W661635710
P08968,HOME,PL_W1267010775
P08968,WORK,PL_N2873817304
P08969,HOME,PL_W660079117
P08969,WORK,PL_W233181463
P08969,CHILD_SCHOOL,PL_W33541185
P08970,HOME,PL_W662175922
P08970,WORK,PL_W673171020
P08971,HOME,PL_W660601635
P08971,WORK,PL_W660601635
P08972,HOME,PL_W661648603
P08972,WORK,PL_W32624025
P08973,HOME,PL_W660602371
P08973,WORK,PL_N1907123243
P08974,HOME,PL_W531109678
P08974,UNIVERSITY,PL_W61759776
P08975,HOME,PL_W32455671
P08975,WORK,PL_W396817728
P08976,HOME,PL_W661821854
P08976,WORK,PL_W34545967
P08976,CHILD_SCHOOL,PL_W163146271
P08977,HOME,PL_W659730337
P08977,WORK,PL_W66979777
P08978,HOME,PL_W36791494
P08978,WORK,PL_N2808873203
P08979,HOME,PL_W661919599
P08979,WORK,PL_W66983871
P08980,HOME,PL_W703249914
P08980,WORK,PL_W33806242
P08981,HOME,PL_W31754502
P08981,WORK,PL_W664283339
P08982,HOME,PL_W662774958
P08982,WORK,PL_W975526234
P08982,CHILD_SCHOOL,PL_W33503105
P08983,HOME,PL_W660178915
P08983,UNIVERSITY,PL_W505921693
P08984,HOME,PL_W659547144
P08984,WORK,PL_N6302674397
P08984,CHILD_SCHOOL,PL_W688268884
P08985,HOME,PL_W31754502
P08985,WORK,PL_N13859048594
P08986,HOME,PL_W705740400
P08986,WORK,PL_W62361866
P08987,HOME,PL_W659831340
P08987,UNIVERSITY,PL_W61759776
P08988,HOME,PL_W702142776
P08988,WORK,PL_W58728296
P08989,HOME,PL_W30966658
P08989,WORK,PL_W34414587
P08990,HOME,PL_W34777541
P08990,WORK,PL_W33036894
P08990,CHILD_SCHOOL,PL_W37236885
P08991,HOME,PL_W660078513
P08991,WORK,PL_W34690056
P08992,HOME,PL_W704995223
P08992,WORK,PL_W331945075
P08992,CHILD_SCHOOL,PL_N8082789926
P08993,HOME,PL_W31754570
P08993,WORK,PL_N6545342868
P08994,HOME,PL_W659733056
P08994,WORK,PL_N1975920691
P08994,CHILD_SCHOOL,PL_N2356774165
P08995,HOME,PL_W705845657
P08995,WORK,PL_W705845657
P08996,HOME,PL_W42472527
P08996,WORK,PL_W59244442
P08997,HOME,PL_W662389551
P08997,WORK,PL_N6548307610
P08998,HOME,PL_W661324952
P08998,WORK,PL_W31620125
P08998,CHILD_SCHOOL,PL_W503478885
P08999,HOME,PL_W36791714
P08999,WORK,PL_W702855220
P09000,HOME,PL_W702557441
P09000,WORK,PL_W662147675
P09001,HOME,PL_W662144758
P09001,WORK,PL_W705109205
P09002,HOME,PL_W32742171
P09002,WORK,PL_W659629323
P09003,HOME,PL_W170052631
P09003,WORK,PL_N11062226564
P09004,HOME,PL_W660817306
P09004,UNIVERSITY,PL_W702537549
P09005,HOME,PL_W659333367
P09005,WORK,PL_N1907752621
P09005,CHILD_SCHOOL,PL_N4015705823
P09006,HOME,PL_W467624799
P09006,WORK,PL_W161271583
P09006,CHILD_SCHOOL,PL_W29196647
P09007,HOME,PL_W31616712
P09007,UNIVERSITY,PL_W676443514
P09008,HOME,PL_W57280959
P09008,UNIVERSITY,PL_N12322231472
P09009,HOME,PL_W36921201
P09009,WORK,PL_N2158165786
P09010,HOME,PL_W170052634
P09010,WORK,PL_N6418658781
P09011,HOME,PL_W31811072
P09011,WORK,PL_N12996500893
P09011,CHILD_SCHOOL,PL_W760844017
P09012,HOME,PL_W1204499566
P09012,WORK,PL_W55896876
P09013,HOME,PL_W659732113
P09013,WORK,PL_W1316550313
P09013,CHILD_SCHOOL,PL_W50977417
P09014,HOME,PL_W660637036
P09014,WORK,PL_W700221888
P09015,HOME,PL_W170051472
P09015,WORK,PL_W34585425
P09016,HOME,PL_W33036598
P09016,WORK,PL_N678894444
P09016,CHILD_SCHOOL,PL_W143657503
P09017,HOME,PL_W660586116
P09017,WORK,PL_W409263552
P09018,HOME,PL_W659455074
P09018,WORK,PL_W56010214
P09019,HOME,PL_W660602062
P09019,WORK,PL_W660602062
P09020,HOME,PL_W706236177
P09020,WORK,PL_N10087972912
P09020,CHILD_SCHOOL,PL_W34229259
P09021,HOME,PL_W703776817
P09021,WORK,PL_W670195355
P09021,CHILD_SCHOOL,PL_W220406701
P09022,HOME,PL_W114706475
P09022,WORK,PL_N11711534987
P09022,CHILD_SCHOOL,PL_W224136220
P09023,HOME,PL_W705218730
P09023,WORK,PL_W58673654
P09024,HOME,PL_W659731517
P09024,WORK,PL_W231977751
P09025,HOME,PL_W661566357
P09025,WORK,PL_N6736813207
P09025,CHILD_SCHOOL,PL_W41363541
P09026,HOME,PL_W229483552
P09026,WORK,PL_N2611063039
P09027,HOME,PL_W659335618
P09027,WORK,PL_W659587875
P09028,HOME,PL_W89185226
P09028,WORK,PL_N13384193064
P09029,HOME,PL_W31754698
P09029,WORK,PL_W33806244
P09030,HOME,PL_W369781473
P09030,UNIVERSITY,PL_N7781377932
P09031,HOME,PL_W31754571
P09031,WORK,PL_W661314412
P09031,CHILD_SCHOOL,PL_W32121754
P09032,HOME,PL_W702160075
P09032,WORK,PL_N11275718893
P09032,CHILD_SCHOOL,PL_W285896860
P09033,HOME,PL_W659444855
P09033,WORK,PL_N11114390408
P09033,CHILD_SCHOOL,PL_W34617346
P09034,HOME,PL_W662142526
P09034,WORK,PL_N2699981042
P09035,HOME,PL_W33564012
P09035,UNIVERSITY,PL_W23447393
P09036,HOME,PL_W767401511
P09036,WORK,PL_N2288606541
P09037,HOME,PL_W56051936
P09037,WORK,PL_N1887536050
P09038,HOME,PL_W31756387
P09038,WORK,PL_W34204497
P09038,CHILD_SCHOOL,PL_W34073293
P09039,HOME,PL_W1075558487
P09039,UNIVERSITY,PL_W23447393
P09039,CHILD_SCHOOL,PL_W704597788
P09040,HOME,PL_W659459857
P09040,WORK,PL_W61011663
P09040,CHILD_SCHOOL,PL_W33541185
P09041,HOME,PL_W229483490
P09041,WORK,PL_W152285637
P09041,CHILD_SCHOOL,PL_W122301356
P09042,HOME,PL_W659732201
P09042,WORK,PL_W660806952
P09042,CHILD_SCHOOL,PL_W239578890
P09043,HOME,PL_W114706475
P09043,UNIVERSITY,PL_N13670266863
P09044,HOME,PL_W659453812
P09044,WORK,PL_N12863057950
P09044,CHILD_SCHOOL,PL_N4213745389
P09045,HOME,PL_W41405416
P09045,WORK,PL_W236106304
P09045,CHILD_SCHOOL,PL_W195969794
P09046,HOME,PL_W659831357
P09046,UNIVERSITY,PL_W469583454
P09047,HOME,PL_W705650227
P09047,WORK,PL_W56434740
P09048,HOME,PL_W55947364
P09048,WORK,PL_W658018658
P09049,HOME,PL_W705740396
P09049,WORK,PL_W69966012
P09049,CHILD_SCHOOL,PL_W73323696
P09050,HOME,PL_W41405388
P09050,UNIVERSITY,PL_W23447514
P09051,HOME,PL_W1341448213
P09051,WORK,PL_W1341448213
P09051,CHILD_SCHOOL,PL_W688267159
P09052,HOME,PL_W705222385
P09052,WORK,PL_N6318936253
P09053,HOME,PL_W31757882
P09053,WORK,PL_W111661858
P09053,CHILD_SCHOOL,PL_W35798787
P09054,HOME,PL_W660634645
P09054,WORK,PL_W31443988
P09055,HOME,PL_W705519674
P09055,WORK,PL_N6354886597
P09055,CHILD_SCHOOL,PL_W160521056
P09056,HOME,PL_W659251941
P09056,WORK,PL_W170244790
P09057,HOME,PL_W704597784
P09057,WORK,PL_N6304072720
P09057,CHILD_SCHOOL,PL_W34769549
P09058,HOME,PL_W32455676
P09058,WORK,PL_N495306722
P09058,CHILD_SCHOOL,PL_W703414557
P09059,HOME,PL_W662389243
P09059,WORK,PL_N13276774153
P09059,CHILD_SCHOOL,PL_W122480554
P09060,HOME,PL_W660816786
P09060,WORK,PL_W231268036
P09061,HOME,PL_W228305634
P09061,WORK,PL_N6579126352
P09062,HOME,PL_W660839293
P09062,WORK,PL_W659588037
P09062,CHILD_SCHOOL,PL_W33543511
P09063,HOME,PL_W32224948
P09063,WORK,PL_W968657201
P09064,HOME,PL_W659447858
P09064,WORK,PL_W704634881
P09065,HOME,PL_W33036595
P09065,WORK,PL_W33746344
P09066,HOME,PL_W705010187
P09066,WORK,PL_W705010187
P09067,HOME,PL_W229483556
P09067,WORK,PL_W68019707
P09068,HOME,PL_W661919939
P09068,WORK,PL_W1395034222
P09068,CHILD_SCHOOL,PL_W171056869
P09069,HOME,PL_W41405419
P09069,WORK,PL_N354974891
P09069,CHILD_SCHOOL,PL_W25366324
P09070,HOME,PL_W31754696
P09070,WORK,PL_W797149824
P09071,HOME,PL_W31757274
P09071,WORK,PL_W76001163
P09071,CHILD_SCHOOL,PL_W42709352
P09072,HOME,PL_W660636330
P09072,WORK,PL_W58938377
P09072,CHILD_SCHOOL,PL_W224136221
P09073,HOME,PL_W659341561
P09073,WORK,PL_N2566868009
P09074,HOME,PL_W41405417
P09074,WORK,PL_W32052212
P09075,HOME,PL_W704229387
P09075,WORK,PL_W60516155
P09075,CHILD_SCHOOL,PL_N4264646734
P09076,HOME,PL_W31754698
P09076,WORK,PL_W220415494
P09077,HOME,PL_W702587016
P09077,WORK,PL_N6415245497
P09077,CHILD_SCHOOL,PL_W224818044
P09078,HOME,PL_W660831463
P09078,WORK,PL_N7751993190
P09079,HOME,PL_W31754596
P09079,WORK,PL_N12895845270
P09079,CHILD_SCHOOL,PL_W148163965
P09080,HOME,PL_W36791704
P09080,WORK,PL_W115222031
P09081,HOME,PL_W661649032
P09081,WORK,PL_W679142328
P09081,CHILD_SCHOOL,PL_W163042361
P09082,HOME,PL_W659729277
P09082,WORK,PL_N277040121
P09083,HOME,PL_W41405408
P09083,WORK,PL_N6535236514
P09083,CHILD_SCHOOL,PL_W42525283
P09084,HOME,PL_W31451095
P09084,WORK,PL_W66983983
P09085,HOME,PL_W659451773
P09085,WORK,PL_W34554802
P09085,CHILD_SCHOOL,PL_W688267162
P09086,HOME,PL_W41405376
P09086,WORK,PL_N11433394298
P09087,HOME,PL_W1254749274
P09087,WORK,PL_W953878382
P09088,HOME,PL_W1163968780
P09088,WORK,PL_N4953740623
P09088,CHILD_SCHOOL,PL_W121872356
P09089,HOME,PL_W704993424
P09089,WORK,PL_W659427967
P09090,HOME,PL_W659335317
P09090,WORK,PL_W661049306
P09091,HOME,PL_W31451201
P09091,WORK,PL_W599480360
P09091,CHILD_SCHOOL,PL_W35836166
P09092,HOME,PL_W457749630
P09092,WORK,PL_W661471713
P09093,HOME,PL_W31756348
P09093,WORK,PL_W43805454
P09093,CHILD_SCHOOL,PL_W41841713
P09094,HOME,PL_W659454447
P09094,WORK,PL_W659441071
P09095,HOME,PL_W31757256
P09095,WORK,PL_N4501435640
P09096,HOME,PL_W706093837
P09096,WORK,PL_W416172844
P09097,HOME,PL_W705624354
P09097,WORK,PL_W33036894
P09098,HOME,PL_W31616577
P09098,UNIVERSITY,PL_W61759776
P09099,HOME,PL_W660584518
P09099,WORK,PL_N7528937361
P09099,CHILD_SCHOOL,PL_W225582647
P09100,HOME,PL_W33036595
P09100,WORK,PL_W36772098
P09101,HOME,PL_W656561883
P09101,WORK,PL_W61011150
P09101,CHILD_SCHOOL,PL_W33503151
P09102,HOME,PL_W702169774
P09102,WORK,PL_N2697056044
P09103,HOME,PL_W894580866
P09103,WORK,PL_W894580866
P09104,HOME,PL_W662774813
P09104,WORK,PL_W60331397
P09105,HOME,PL_W703722939
P09105,WORK,PL_W902563132
P09105,CHILD_SCHOOL,PL_W164599151
P09106,HOME,PL_W31757291
P09106,WORK,PL_W306426685
P09106,CHILD_SCHOOL,PL_W224815295
P09107,HOME,PL_W706192704
P09107,WORK,PL_W659321712
P09107,CHILD_SCHOOL,PL_W56996051
P09108,HOME,PL_W770873612
P09108,WORK,PL_W166535103
P09109,HOME,PL_W659839818
P09109,UNIVERSITY,PL_W702537549
P09110,HOME,PL_W662388577
P09110,WORK,PL_W805391915
P09111,HOME,PL_W1208393460
P09111,WORK,PL_W659441054
P09112,HOME,PL_W706192709
P09112,WORK,PL_N13374897386
P09113,HOME,PL_W698803577
P09113,WORK,PL_W34111206
P09113,CHILD_SCHOOL,PL_W186031210
P09114,HOME,PL_W660348570
P09114,WORK,PL_W59036010
P09114,CHILD_SCHOOL,PL_W26949764
P09115,HOME,PL_W704634879
P09115,WORK,PL_W34582320
P09115,CHILD_SCHOOL,PL_W71410512
P09116,HOME,PL_W705649172
P09116,WORK,PL_W34749730
P09117,HOME,PL_W705563028
P09117,WORK,PL_W662441651
P09117,CHILD_SCHOOL,PL_W41364199
P09118,HOME,PL_W33725066
P09118,WORK,PL_W65592644
P09119,HOME,PL_W31616723
P09119,UNIVERSITY,PL_W1504227411
P09120,HOME,PL_W31619122
P09120,WORK,PL_W121968345
P09121,HOME,PL_W705624347
P09121,WORK,PL_W35551388
P09121,CHILD_SCHOOL,PL_N5444147981
P09122,HOME,PL_W220396450
P09122,WORK,PL_W1127926707
P09123,HOME,PL_W36333603
P09123,WORK,PL_W659441083
P09123,CHILD_SCHOOL,PL_W148163965
P09124,HOME,PL_W661470291
P09124,WORK,PL_N1138266091
P09124,CHILD_SCHOOL,PL_W391848543
P09125,HOME,PL_W31373086
P09125,WORK,PL_N14104254506
P09126,HOME,PL_W659449023
P09126,WORK,PL_N387449941
P09127,HOME,PL_W31617615
P09127,WORK,PL_W659831222
P09128,HOME,PL_W33036598
P09128,WORK,PL_W34720688
P09129,HOME,PL_W229483488
P09129,UNIVERSITY,PL_W23334883
P09130,HOME,PL_W31754471
P09130,WORK,PL_W119880454
P09131,HOME,PL_W706080727
P09131,WORK,PL_W33000861
P09131,CHILD_SCHOOL,PL_W125776367
P09132,HOME,PL_W705125025
P09132,WORK,PL_W142739261
P09133,HOME,PL_W705845658
P09133,WORK,PL_W599480360
P09134,HOME,PL_W702169124
P09134,WORK,PL_W658961495
P09135,HOME,PL_W660816727
P09135,WORK,PL_W660624564
P09136,HOME,PL_W287420868
P09136,WORK,PL_N6845091828
P09136,CHILD_SCHOOL,PL_N7108106148
P09137,HOME,PL_W704597789
P09137,WORK,PL_N9007983086
P09138,HOME,PL_W36791498
P09138,WORK,PL_W34551654
P09139,HOME,PL_W659732524
P09139,WORK,PL_W659240368
P09139,CHILD_SCHOOL,PL_W25289564
P09140,HOME,PL_W705507608
P09140,WORK,PL_W1259404076
P09141,HOME,PL_W660837840
P09141,WORK,PL_W662098204
P09142,HOME,PL_W704292297
P09142,WORK,PL_W703598079
P09142,CHILD_SCHOOL,PL_W36880098
P09143,HOME,PL_W661777654
P09143,WORK,PL_W34320500
P09144,HOME,PL_W660357813
P09144,WORK,PL_W1551442415
P09145,HOME,PL_W416778780
P09145,WORK,PL_W34749861
P09146,HOME,PL_W659444837
P09146,WORK,PL_W61698684
P09146,CHILD_SCHOOL,PL_W703752577
P09147,HOME,PL_W661331335
P09147,WORK,PL_W32773278
P09147,CHILD_SCHOOL,PL_W33541228
P09148,HOME,PL_W31373094
P09148,WORK,PL_N1291986457
P09149,HOME,PL_W659839311
P09149,WORK,PL_W661345988
P09150,HOME,PL_W661205585
P09150,WORK,PL_W32507167
P09151,HOME,PL_W978051268
P09151,WORK,PL_W658233525
P09152,HOME,PL_W662761118
P09152,WORK,PL_N13198788812
P09152,CHILD_SCHOOL,PL_N2336690053
P09153,HOME,PL_W659248133
P09153,UNIVERSITY,PL_W23447514
P09154,HOME,PL_W229483552
P09154,WORK,PL_W34546260
P09154,CHILD_SCHOOL,PL_W688267162
P09155,HOME,PL_W659448718
P09155,UNIVERSITY,PL_W505921693
P09156,HOME,PL_W659732884
P09156,WORK,PL_W52321704
P09157,HOME,PL_W34777544
P09157,WORK,PL_W657696926
P09157,CHILD_SCHOOL,PL_W704997229
P09158,HOME,PL_W661076589
P09158,WORK,PL_W61698929
P09159,HOME,PL_W705507593
P09159,WORK,PL_W67139115
P09160,HOME,PL_W1204791496
P09160,WORK,PL_W32326310
P09160,CHILD_SCHOOL,PL_W37409510
P09161,HOME,PL_W41405410
P09161,WORK,PL_N6547252190
P09162,HOME,PL_W704634879
P09162,WORK,PL_W678970363
P09162,CHILD_SCHOOL,PL_N3946854994
P09163,HOME,PL_W705222391
P09163,WORK,PL_W442508631
P09164,HOME,PL_W702169774
P09164,WORK,PL_W702169116
P09165,HOME,PL_W31373435
P09165,WORK,PL_W137927024
P09166,HOME,PL_W281846906
P09166,WORK,PL_N4529456799
P09166,CHILD_SCHOOL,PL_W224159663
P09167,HOME,PL_W659452401
P09167,WORK,PL_N5418969575
P09168,HOME,PL_W531098554
P09168,WORK,PL_W1350297410
P09169,HOME,PL_W662175307
P09169,WORK,PL_W676104927
P09169,CHILD_SCHOOL,PL_W195493031
P09170,HOME,PL_W33036565
P09170,WORK,PL_W1013411852
P09170,CHILD_SCHOOL,PL_W179180309
P09171,HOME,PL_W706236177
P09171,WORK,PL_N9739894697
P09171,CHILD_SCHOOL,PL_W705125019
P09172,HOME,PL_W31450968
P09172,WORK,PL_N3229198861
P09173,HOME,PL_W31451052
P09173,WORK,PL_N4922135764
P09173,CHILD_SCHOOL,PL_W33725547
P09174,HOME,PL_W661957078
P09174,UNIVERSITY,PL_N12091108919
P09175,HOME,PL_W704229404
P09175,WORK,PL_W41949958
P09175,CHILD_SCHOOL,PL_W220406701
P09176,HOME,PL_W663309434
P09176,WORK,PL_N6334482681
P09177,HOME,PL_W662762741
P09177,WORK,PL_W122205423
P09177,CHILD_SCHOOL,PL_W42709352
P09178,HOME,PL_W31757274
P09178,WORK,PL_N12195637649
P09179,HOME,PL_W170055114
P09179,WORK,PL_W659114593
P09180,HOME,PL_W662144551
P09180,UNIVERSITY,PL_W23447424
P09181,HOME,PL_W661217687
P09181,WORK,PL_N1279783256
P09181,CHILD_SCHOOL,PL_W224816012
P09182,HOME,PL_W457749629
P09182,WORK,PL_W33806242
P09182,CHILD_SCHOOL,PL_W33541228
P09183,HOME,PL_W706093829
P09183,WORK,PL_W599480360
P09183,CHILD_SCHOOL,PL_N7108106148
P09184,HOME,PL_W662710968
P09184,WORK,PL_N12198108801
P09185,HOME,PL_W31757862
P09185,WORK,PL_N6584575088
P09186,HOME,PL_W706080726
P09186,WORK,PL_W33403918
P09187,HOME,PL_W702169103
P09187,WORK,PL_W661075519
P09188,HOME,PL_W705010176
P09188,WORK,PL_W670106667
P09189,HOME,PL_W660817210
P09189,WORK,PL_W436018569
P09190,HOME,PL_W251668007
P09190,WORK,PL_N4245235158
P09191,HOME,PL_W660806654
P09191,WORK,PL_N5717888821
P09191,CHILD_SCHOOL,PL_W216295703
P09192,HOME,PL_W32455658
P09192,WORK,PL_N9919447978
P09192,CHILD_SCHOOL,PL_W36740007
P09193,HOME,PL_W705011687
P09193,WORK,PL_N5345553359
P09194,HOME,PL_W705649169
P09194,WORK,PL_W161270645
P09195,HOME,PL_W659452209
P09195,UNIVERSITY,PL_N2375249754
P09196,HOME,PL_W659461354
P09196,WORK,PL_W662099999
P09196,CHILD_SCHOOL,PL_W703423111
P09197,HOME,PL_W660838343
P09197,WORK,PL_N7750493880
P09198,HOME,PL_W1204496249
P09198,WORK,PL_W58323387
P09199,HOME,PL_W41405380
P09199,WORK,PL_W58745955
P09200,HOME,PL_W661276143
P09200,WORK,PL_W333081809
P09201,HOME,PL_W662761515
P09201,WORK,PL_W34720688
P09202,HOME,PL_W31756391
P09202,WORK,PL_W678437142
P09203,HOME,PL_W661821045
P09203,WORK,PL_N7580591512
P09203,CHILD_SCHOOL,PL_W186031210
P09204,HOME,PL_W170052634
P09204,WORK,PL_N11983496463
P09205,HOME,PL_W661075714
P09205,WORK,PL_N5145536134
P09205,CHILD_SCHOOL,PL_W36740007
P09206,HOME,PL_W703752579
P09206,WORK,PL_W68310029
P09207,HOME,PL_W36791545
P09207,WORK,PL_N7879322895
P09207,CHILD_SCHOOL,PL_W36817966
P09208,HOME,PL_W660357231
P09208,WORK,PL_N2143378412
P09209,HOME,PL_W659247292
P09209,WORK,PL_W56057855
P09209,CHILD_SCHOOL,PL_W163042361
P09210,HOME,PL_W661777515
P09210,WORK,PL_N7553017341
P09211,HOME,PL_W31757274
P09211,WORK,PL_W58271367
P09211,CHILD_SCHOOL,PL_W36787819
P09212,HOME,PL_W659454818
P09212,UNIVERSITY,PL_W775640504
P09213,HOME,PL_W659452183
P09213,UNIVERSITY,PL_N13374713725
P09214,HOME,PL_W705507615
P09214,WORK,PL_W663827183
P09215,HOME,PL_W32455671
P09215,WORK,PL_W61698930
P09215,CHILD_SCHOOL,PL_W36377929
P09216,HOME,PL_W31617618
P09216,WORK,PL_W671599481
P09217,HOME,PL_W42472527
P09217,WORK,PL_W1222655401
P09217,CHILD_SCHOOL,PL_N2377305503
P09218,HOME,PL_W704232374
P09218,WORK,PL_W34176333
P09218,CHILD_SCHOOL,PL_W224442754
P09219,HOME,PL_W659830847
P09219,WORK,PL_W55031045
P09219,CHILD_SCHOOL,PL_W36728598
P09220,HOME,PL_W43806332
P09220,WORK,PL_W220415494
P09221,HOME,PL_W663309613
P09221,WORK,PL_W58728262
P09222,HOME,PL_W659549507
P09222,WORK,PL_W658300634
P09223,HOME,PL_W660601716
P09223,UNIVERSITY,PL_N9633703338
P09224,HOME,PL_W31754698
P09224,WORK,PL_W13405060
P09225,HOME,PL_W1525338775
P09225,UNIVERSITY,PL_N1515959209
P09226,HOME,PL_W1245802033
P09226,WORK,PL_W61760382
P09226,CHILD_SCHOOL,PL_W56996051
P09227,HOME,PL_W531106851
P09227,WORK,PL_N6535236526
P09228,HOME,PL_W1245802033
P09228,WORK,PL_W660624564
P09229,HOME,PL_W659448837
P09229,WORK,PL_N13040383440
P09230,HOME,PL_W31754572
P09230,WORK,PL_W122205423
P09230,CHILD_SCHOOL,PL_W36740007
P09231,HOME,PL_W31757882
P09231,WORK,PL_W669719190
P09231,CHILD_SCHOOL,PL_W224159663
P09232,HOME,PL_W32651989
P09232,WORK,PL_N12087471684
P09232,CHILD_SCHOOL,PL_W34777564
P09233,HOME,PL_W170052744
P09233,WORK,PL_W122198157
P09233,CHILD_SCHOOL,PL_W226096987
P09234,HOME,PL_W1204791628
P09234,WORK,PL_W97180148
P09234,CHILD_SCHOOL,PL_W37680872
P09235,HOME,PL_W143657050
P09235,WORK,PL_W661511461
P09235,CHILD_SCHOOL,PL_W225936202
P09236,HOME,PL_W42472527
P09236,WORK,PL_W657936367
P09237,HOME,PL_W661076502
P09237,WORK,PL_W34749850
P09238,HOME,PL_W132148484
P09238,WORK,PL_W662441671
P09238,CHILD_SCHOOL,PL_W34617361
P09239,HOME,PL_W661045406
P09239,UNIVERSITY,PL_W1502658805
P09239,CHILD_SCHOOL,PL_W688267159
P09240,HOME,PL_W659448413
P09240,WORK,PL_W1538248885
P09240,CHILD_SCHOOL,PL_W822689780
P09241,HOME,PL_W661568949
P09241,WORK,PL_W672220752
P09241,CHILD_SCHOOL,PL_W703400000
P09242,HOME,PL_W662448536
P09242,WORK,PL_W231983650
P09243,HOME,PL_W705512157
P09243,WORK,PL_W705512157
P09244,HOME,PL_W1204791629
P09244,WORK,PL_N2158114974
P09245,HOME,PL_W662389264
P09245,WORK,PL_N417232579
P09246,HOME,PL_W31617619
P09246,WORK,PL_N2172196185
P09246,CHILD_SCHOOL,PL_W705563025
P09247,HOME,PL_W31756334
P09247,WORK,PL_W307653859
P09247,CHILD_SCHOOL,PL_W36747401
P09248,HOME,PL_W767378204
P09248,WORK,PL_W1544282801
P09249,HOME,PL_W659334316
P09249,WORK,PL_W32773278
P09250,HOME,PL_W30966660
P09250,WORK,PL_N5184936110
P09251,HOME,PL_W660634517
P09251,WORK,PL_W663828997
P09251,CHILD_SCHOOL,PL_W56051910
P09252,HOME,PL_W662143014
P09252,WORK,PL_W662143014
P09253,HOME,PL_W704229398
P09253,WORK,PL_W672669537
P09253,CHILD_SCHOOL,PL_W143658010
P09254,HOME,PL_W661205211
P09254,WORK,PL_W598637693
P09254,CHILD_SCHOOL,PL_W33543511
P09255,HOME,PL_W660839456
P09255,WORK,PL_W90306466
P09256,HOME,PL_W660839291
P09256,WORK,PL_W436018569
P09256,CHILD_SCHOOL,PL_W148163965
P09257,HOME,PL_W662785800
P09257,WORK,PL_W662785800
P09258,HOME,PL_W31756292
P09258,WORK,PL_W31443988
P09259,HOME,PL_W943428718
P09259,WORK,PL_N13146191204
P09259,CHILD_SCHOOL,PL_W34617360
P09260,HOME,PL_W659729588
P09260,WORK,PL_W34551235
P09260,CHILD_SCHOOL,PL_W705109213
P09261,HOME,PL_W62354010
P09261,WORK,PL_N7528906433
P09261,CHILD_SCHOOL,PL_W703420515
P09262,HOME,PL_W1204791525
P09262,UNIVERSITY,PL_N13946404588
P09263,HOME,PL_W661956590
P09263,UNIVERSITY,PL_W61759776
P09264,HOME,PL_W1167158874
P09264,WORK,PL_W661471612
P09265,HOME,PL_W662449506
P09265,WORK,PL_W33590548
P09266,HOME,PL_W659549173
P09266,WORK,PL_W659549173
P09267,HOME,PL_W659248166
P09267,WORK,PL_W55461564
P09268,HOME,PL_W703722940
P09268,WORK,PL_W659321729
P09268,CHILD_SCHOOL,PL_W25289564
P09269,HOME,PL_W704292300
P09269,WORK,PL_W122205414
P09270,HOME,PL_W32455676
P09270,WORK,PL_W56433525
P09271,HOME,PL_W702560110
P09271,WORK,PL_W659320544
P09272,HOME,PL_W660601502
P09272,WORK,PL_W301562732
P09273,HOME,PL_W706192704
P09273,UNIVERSITY,PL_W61759776
P09274,HOME,PL_W33036597
P09274,WORK,PL_W657696641
P09274,CHILD_SCHOOL,PL_W29196647
P09275,HOME,PL_W51348275
P09275,WORK,PL_W52321704
P09276,HOME,PL_W659245302
P09276,WORK,PL_W661810016
P09277,HOME,PL_W31757256
P09277,WORK,PL_N10969431955
P09278,HOME,PL_W1245802034
P09278,WORK,PL_N6592650714
P09279,HOME,PL_W659732637
P09279,WORK,PL_N372478475
P09279,CHILD_SCHOOL,PL_W36880102
P09280,HOME,PL_W662390574
P09280,UNIVERSITY,PL_N9071191071
P09281,HOME,PL_W34229574
P09281,WORK,PL_W27767631
P09281,CHILD_SCHOOL,PL_W34228912
P09282,HOME,PL_W705507615
P09282,WORK,PL_N13286388056
P09283,HOME,PL_W31619128
P09283,WORK,PL_W470026119
P09284,HOME,PL_W660838430
P09284,WORK,PL_W43805236
P09284,CHILD_SCHOOL,PL_W35836083
P09285,HOME,PL_W659453787
P09285,WORK,PL_W32742071
P09285,CHILD_SCHOOL,PL_W25288139
P09286,HOME,PL_W662786375
P09286,WORK,PL_W33297045
P09286,CHILD_SCHOOL,PL_W189427810
P09287,HOME,PL_W660585336
P09287,WORK,PL_N4337537915
P09288,HOME,PL_W195460223
P09288,WORK,PL_N6711360537
P09288,CHILD_SCHOOL,PL_W274833682
P09289,HOME,PL_W659733657
P09289,WORK,PL_W659733657
P09289,CHILD_SCHOOL,PL_W121871939
P09290,HOME,PL_W31757792
P09290,WORK,PL_W660830763
P09290,CHILD_SCHOOL,PL_W36543325
P09291,HOME,PL_W705170963
P09291,UNIVERSITY,PL_N13704267913
P09292,HOME,PL_W277289884
P09292,WORK,PL_N6371361179
P09293,HOME,PL_W1204326922
P09293,UNIVERSITY,PL_W23447393
P09294,HOME,PL_W659732879
P09294,WORK,PL_W218951091
P09295,HOME,PL_W704594300
P09295,WORK,PL_W136806476
P09296,HOME,PL_W686701453
P09296,WORK,PL_W115222390
P09296,CHILD_SCHOOL,PL_W35836139
P09297,HOME,PL_W705624352
P09297,WORK,PL_W166769242
P09297,CHILD_SCHOOL,PL_W688047029
P09298,HOME,PL_W659731250
P09298,WORK,PL_W659731250
P09298,CHILD_SCHOOL,PL_W184368203
P09299,HOME,PL_W122359518
P09299,WORK,PL_W33561118
P09300,HOME,PL_W659244641
P09300,WORK,PL_W663835169
P09301,HOME,PL_W706190951
P09301,WORK,PL_N5709566322
P09301,CHILD_SCHOOL,PL_W171056869
P09302,HOME,PL_W512557919
P09302,WORK,PL_W366899310
P09303,HOME,PL_W659546924
P09303,WORK,PL_W25491342
P09304,HOME,PL_W659454026
P09304,WORK,PL_N6348433236
P09305,HOME,PL_W659247378
P09305,WORK,PL_W662150097
P09306,HOME,PL_W36803729
P09306,WORK,PL_W659460157
P09306,CHILD_SCHOOL,PL_W760791078
P09307,HOME,PL_W704229406
P09307,WORK,PL_W55029513
P09308,HOME,PL_W31619128
P09308,WORK,PL_N6345010749
P09308,CHILD_SCHOOL,PL_W14608518
P09309,HOME,PL_W43806332
P09309,WORK,PL_N12512419051
P09309,CHILD_SCHOOL,PL_W224815295
P09310,HOME,PL_W35836410
P09310,WORK,PL_W32506907
P09310,CHILD_SCHOOL,PL_W34769382
P09311,HOME,PL_W31754597
P09311,UNIVERSITY,PL_W23447424
P09312,HOME,PL_W41405376
P09312,WORK,PL_N8616809939
P09312,CHILD_SCHOOL,PL_W33503151
P09313,HOME,PL_W659335564
P09313,WORK,PL_W662099940
P09313,CHILD_SCHOOL,PL_W163146271
P09314,HOME,PL_W705109232
P09314,WORK,PL_W34582240
P09314,CHILD_SCHOOL,PL_N7659648005
P09315,HOME,PL_W660601357
P09315,WORK,PL_W672669534
P09316,HOME,PL_W1204537251
P09316,WORK,PL_N6343121987
P09317,HOME,PL_W662761086
P09317,WORK,PL_W670995136
P09318,HOME,PL_W659447532
P09318,WORK,PL_N6616076708
P09318,CHILD_SCHOOL,PL_W143657503
P09319,HOME,PL_W661567730
P09319,WORK,PL_N4630113392
P09320,HOME,PL_W31756294
P09320,WORK,PL_W669794337
P09320,CHILD_SCHOOL,PL_W35800153
P09321,HOME,PL_W662761137
P09321,WORK,PL_N7195302656
P09321,CHILD_SCHOOL,PL_W32819968
P09322,HOME,PL_W170051472
P09322,WORK,PL_W1226625102
P09323,HOME,PL_W767378207
P09323,WORK,PL_W77485421
P09324,HOME,PL_W31756308
P09324,WORK,PL_W34720509
P09325,HOME,PL_W42472532
P09325,WORK,PL_N13830135301
P09325,CHILD_SCHOOL,PL_W42525283
P09326,HOME,PL_W31757288
P09326,WORK,PL_W151519194
P09327,HOME,PL_W660307710
P09327,WORK,PL_W796589932
P09327,CHILD_SCHOOL,PL_W14608518
P09328,HOME,PL_W229483866
P09328,WORK,PL_W229483866
P09328,CHILD_SCHOOL,PL_W56184642
P09329,HOME,PL_W1245802034
P09329,WORK,PL_N13863858425
P09330,HOME,PL_W659732755
P09330,WORK,PL_W659732755
P09330,CHILD_SCHOOL,PL_W122301356
P09331,HOME,PL_W31619296
P09331,WORK,PL_N12830420847
P09332,HOME,PL_W661636492
P09332,WORK,PL_W142993846
P09333,HOME,PL_W705565537
P09333,WORK,PL_W321072041
P09333,CHILD_SCHOOL,PL_N4015705823
P09334,HOME,PL_W661045380
P09334,WORK,PL_W33849166
P09334,CHILD_SCHOOL,PL_W161236234
P09335,HOME,PL_W659446463
P09335,UNIVERSITY,PL_N7236041819
P09336,HOME,PL_W659455047
P09336,WORK,PL_W661812361
P09337,HOME,PL_W706093836
P09337,UNIVERSITY,PL_W23447393
P09338,HOME,PL_W55223061
P09338,WORK,PL_W943701267
P09339,HOME,PL_W34777546
P09339,WORK,PL_N14000002801
P09340,HOME,PL_W33564021
P09340,WORK,PL_N6547194182
P09341,HOME,PL_W661075551
P09341,WORK,PL_W61014137
P09342,HOME,PL_W705010191
P09342,WORK,PL_N4922135758
P09343,HOME,PL_W659341119
P09343,WORK,PL_W704227245
P09343,CHILD_SCHOOL,PL_W34228911
P09344,HOME,PL_W661649027
P09344,WORK,PL_W122205414
P09345,HOME,PL_W31616712
P09345,WORK,PL_W25795149
P09345,CHILD_SCHOOL,PL_W35800887
P09346,HOME,PL_W661568960
P09346,WORK,PL_W953878382
P09347,HOME,PL_W31373083
P09347,WORK,PL_W232951140
P09348,HOME,PL_W852696568
P09348,WORK,PL_W309456431
P09348,CHILD_SCHOOL,PL_W186575881
P09349,HOME,PL_W32819957
P09349,WORK,PL_W32819957
P09350,HOME,PL_W114706279
P09350,WORK,PL_W32326392
P09351,HOME,PL_W457493164
P09351,WORK,PL_W93811566
P09352,HOME,PL_W31757276
P09352,WORK,PL_W32773281
P09352,CHILD_SCHOOL,PL_W660585356
P09353,HOME,PL_W705563034
P09353,WORK,PL_W662149704
P09354,HOME,PL_W705170962
P09354,WORK,PL_W314652547
P09355,HOME,PL_W661921041
P09355,WORK,PL_N4096059700
P09355,CHILD_SCHOOL,PL_W288675892
P09356,HOME,PL_W662762485
P09356,UNIVERSITY,PL_W23447424
P09357,HOME,PL_W444619168
P09357,WORK,PL_W660807044
P09358,HOME,PL_W31754697
P09358,WORK,PL_N3460769256
P09359,HOME,PL_W661824528
P09359,UNIVERSITY,PL_N9139819377
P09360,HOME,PL_W704229382
P09360,WORK,PL_W35491449
P09361,HOME,PL_W31757784
P09361,WORK,PL_W669862621
P09362,HOME,PL_W43805755
P09362,WORK,PL_W34544226
P09362,CHILD_SCHOOL,PL_W56051910
P09363,HOME,PL_W659829947
P09363,WORK,PL_W32572988
P09364,HOME,PL_W659453502
P09364,UNIVERSITY,PL_N11115201179
P09365,HOME,PL_W924866605
P09365,WORK,PL_W32024795
P09365,CHILD_SCHOOL,PL_W170266806
P09366,HOME,PL_W705624352
P09366,WORK,PL_W336433622
P09366,CHILD_SCHOOL,PL_W225936202
P09367,HOME,PL_W31754689
P09367,UNIVERSITY,PL_N11281293717
P09368,HOME,PL_W251872869
P09368,WORK,PL_N6353245394
P09368,CHILD_SCHOOL,PL_W255480069
P09369,HOME,PL_W894580863
P09369,WORK,PL_N5508784624
P09369,CHILD_SCHOOL,PL_W25288139
P09370,HOME,PL_W1204734709
P09370,WORK,PL_W660832883
P09370,CHILD_SCHOOL,PL_W705565521
P09371,HOME,PL_W31757274
P09371,WORK,PL_N14032303202
P09372,HOME,PL_W31617609
P09372,WORK,PL_W658962779
P09373,HOME,PL_W661841424
P09373,WORK,PL_W661841424
P09373,CHILD_SCHOOL,PL_W184368203
P09374,HOME,PL_W659729564
P09374,WORK,PL_N9176691555
P09374,CHILD_SCHOOL,PL_W703752577
P09375,HOME,PL_W660347594
P09375,WORK,PL_W137923156
P09376,HOME,PL_W702160078
P09376,WORK,PL_N11934007782
P09376,CHILD_SCHOOL,PL_W56051877
P09377,HOME,PL_W1377324804
P09377,WORK,PL_W660836273
P09378,HOME,PL_W704634891
P09378,WORK,PL_W142432175
P09379,HOME,PL_W334725258
P09379,WORK,PL_W59250684
P09379,CHILD_SCHOOL,PL_W56127102
P09380,HOME,PL_W659730690
P09380,WORK,PL_N10067799843
P09381,HOME,PL_W661956949
P09381,WORK,PL_N9543549817
P09382,HOME,PL_W170052632
P09382,WORK,PL_N9556210405
P09383,HOME,PL_W659729560
P09383,WORK,PL_N6310887984
P09384,HOME,PL_W659449304
P09384,WORK,PL_N6491077949
P09385,HOME,PL_W41405377
P09385,WORK,PL_W79672213
P09386,HOME,PL_W41405395
P09386,WORK,PL_N13233615663
P09386,CHILD_SCHOOL,PL_W160521056
P09387,HOME,PL_W31617621
P09387,WORK,PL_W43806794
P09387,CHILD_SCHOOL,PL_W220408094
P09388,HOME,PL_W41405408
P09388,WORK,PL_W801933938
P09389,HOME,PL_W661324311
P09389,WORK,PL_N12227869359
P09390,HOME,PL_W659452966
P09390,WORK,PL_W34720556
P09390,CHILD_SCHOOL,PL_W36746607
P09391,HOME,PL_W704292283
P09391,WORK,PL_W60304156
P09392,HOME,PL_W662177593
P09392,WORK,PL_W62058577
P09392,CHILD_SCHOOL,PL_W36331867
P09393,HOME,PL_W660602755
P09393,WORK,PL_N1123710278
P09393,CHILD_SCHOOL,PL_W704997229
P09394,HOME,PL_W1203379827
P09394,WORK,PL_N7857193347
P09395,HOME,PL_W31756348
P09395,WORK,PL_W225518788
P09396,HOME,PL_W705529516
P09396,WORK,PL_W704230283
P09396,CHILD_SCHOOL,PL_W704997229
P09397,HOME,PL_W659448517
P09397,WORK,PL_W659448517
P09398,HOME,PL_W661777799
P09398,WORK,PL_W661777799
P09399,HOME,PL_W660839238
P09399,WORK,PL_W34571542
P09400,HOME,PL_W704229382
P09400,WORK,PL_W1395567663
P09401,HOME,PL_W705010197
P09401,WORK,PL_W677477573
P09402,HOME,PL_W661076480
P09402,WORK,PL_W150506087
P09402,CHILD_SCHOOL,PL_W25366324
P09403,HOME,PL_W170052636
P09403,WORK,PL_W796655119
P09404,HOME,PL_W32455659
P09404,WORK,PL_W678430195
P09405,HOME,PL_W659340176
P09405,WORK,PL_W671011443
P09405,CHILD_SCHOOL,PL_W34769382
P09406,HOME,PL_W705565527
P09406,WORK,PL_N12076151013
P09406,CHILD_SCHOOL,PL_W54223625
P09407,HOME,PL_W705512157
P09407,WORK,PL_W55217850
P09407,CHILD_SCHOOL,PL_W70509378
P09408,HOME,PL_W662774964
P09408,WORK,PL_W613933547
P09409,HOME,PL_W31757883
P09409,WORK,PL_W34614474
P09410,HOME,PL_W661824651
P09410,WORK,PL_W661824651
P09410,CHILD_SCHOOL,PL_W37783195
P09411,HOME,PL_W659454418
P09411,WORK,PL_W659454418
P09411,CHILD_SCHOOL,PL_N5444147981
P09412,HOME,PL_W660568504
P09412,WORK,PL_W55463168
P09413,HOME,PL_W31617603
P09413,WORK,PL_W34121572
P09414,HOME,PL_W662175975
P09414,WORK,PL_N13028429345
P09414,CHILD_SCHOOL,PL_N712595018
P09415,HOME,PL_W661957581
P09415,WORK,PL_W795967111
P09416,HOME,PL_W705170962
P09416,WORK,PL_W44076451
P09417,HOME,PL_W114706475
P09417,WORK,PL_N7596808407
P09418,HOME,PL_W660347643
P09418,WORK,PL_N13198875167
P09418,CHILD_SCHOOL,PL_W14608518
P09419,HOME,PL_W31754576
P09419,WORK,PL_W796686970
P09420,HOME,PL_W662389459
P09420,WORK,PL_W27767636
P09421,HOME,PL_W43804755
P09421,WORK,PL_N6545677408
P09421,CHILD_SCHOOL,PL_W36747098
P09422,HOME,PL_W894580863
P09422,WORK,PL_W943701267
P09423,HOME,PL_W36888103
P09423,WORK,PL_N6545586950
P09424,HOME,PL_W659445395
P09424,WORK,PL_N3718659621
P09424,CHILD_SCHOOL,PL_W34229259
P09425,HOME,PL_W659335734
P09425,WORK,PL_N8908065527
P09426,HOME,PL_W659246277
P09426,WORK,PL_N9543477504
P09427,HOME,PL_W659247606
P09427,WORK,PL_W662763596
P09427,CHILD_SCHOOL,PL_W186575881
P09428,HOME,PL_W1204777378
P09428,WORK,PL_N3362088818
P09428,CHILD_SCHOOL,PL_W688045884
P09429,HOME,PL_W659247061
P09429,WORK,PL_W103621081
P09430,HOME,PL_W661275916
P09430,WORK,PL_W279007798
P09430,CHILD_SCHOOL,PL_N2332638609
P09431,HOME,PL_W705565532
P09431,WORK,PL_W32357826
P09432,HOME,PL_W122359518
P09432,WORK,PL_N3931317558
P09432,CHILD_SCHOOL,PL_W35836083
P09433,HOME,PL_W31754471
P09433,WORK,PL_W32946409
P09434,HOME,PL_W41405393
P09434,WORK,PL_W41949957
P09435,HOME,PL_W1075561267
P09435,WORK,PL_N7559869376
P09435,CHILD_SCHOOL,PL_W688267157
P09436,HOME,PL_W659733592
P09436,WORK,PL_W34670575
P09436,CHILD_SCHOOL,PL_W186986129
P09437,HOME,PL_W705010197
P09437,WORK,PL_W705109226
P09438,HOME,PL_W702587015
P09438,WORK,PL_W33527943
P09438,CHILD_SCHOOL,PL_W224816805
P09439,HOME,PL_W661044973
P09439,WORK,PL_W657978775
P09439,CHILD_SCHOOL,PL_W163042361
P09440,HOME,PL_W706192716
P09440,WORK,PL_W367536575
P09441,HOME,PL_W660633447
P09441,WORK,PL_W236938463
P09442,HOME,PL_W706080734
P09442,WORK,PL_W659321748
P09442,CHILD_SCHOOL,PL_W34777564
P09443,HOME,PL_W660634543
P09443,WORK,PL_W1033381071
P09444,HOME,PL_W662095129
P09444,WORK,PL_W60609247
P09445,HOME,PL_W662175325
P09445,WORK,PL_W662175325
P09446,HOME,PL_W659840615
P09446,WORK,PL_W89636165
P09446,CHILD_SCHOOL,PL_W36746611
P09447,HOME,PL_W659447269
P09447,WORK,PL_W659322533
P09448,HOME,PL_W660075502
P09448,WORK,PL_W705011692
P09448,CHILD_SCHOOL,PL_W224815295
P09449,HOME,PL_W659448375
P09449,WORK,PL_W55896876
P09450,HOME,PL_W36888102
P09450,WORK,PL_W396817758
P09451,HOME,PL_W846167385
P09451,WORK,PL_N1762212797
P09452,HOME,PL_W36921199
P09452,WORK,PL_W184344340
P09453,HOME,PL_W31617609
P09453,WORK,PL_W160173308
P09454,HOME,PL_W31757882
P09454,WORK,PL_W26950551
P09455,HOME,PL_W661634931
P09455,WORK,PL_W1316550314
P09456,HOME,PL_W705109207
P09456,WORK,PL_W31451792
P09457,HOME,PL_W662388381
P09457,WORK,PL_N6373324125
P09457,CHILD_SCHOOL,PL_W36331867
P09458,HOME,PL_W659830402
P09458,WORK,PL_N3783481869
P09459,HOME,PL_W457749629
P09459,WORK,PL_W660806856
P09460,HOME,PL_W661568189
P09460,WORK,PL_N13263120467
P09461,HOME,PL_W661470306
P09461,UNIVERSITY,PL_W220190025
P09462,HOME,PL_W36921200
P09462,WORK,PL_W125308705
P09463,HOME,PL_W662389909
P09463,WORK,PL_W112758549
P09463,CHILD_SCHOOL,PL_W35798775
P09464,HOME,PL_W1204734729
P09464,WORK,PL_W663829646
P09464,CHILD_SCHOOL,PL_W56996051
P09465,HOME,PL_W705845656
P09465,WORK,PL_W59244455
P09465,CHILD_SCHOOL,PL_W34617374
P09466,HOME,PL_W31756311
P09466,WORK,PL_N11914165036
P09467,HOME,PL_W660981696
P09467,WORK,PL_W34880274
P09467,CHILD_SCHOOL,PL_W14608518
P09468,HOME,PL_W659831264
P09468,WORK,PL_W705170964
P09469,HOME,PL_W229483556
P09469,WORK,PL_N6584764661
P09470,HOME,PL_W704995236
P09470,WORK,PL_W663051716
P09471,HOME,PL_W704196083
P09471,WORK,PL_W783619896
P09471,CHILD_SCHOOL,PL_W503478885
P09472,HOME,PL_W662143123
P09472,WORK,PL_W662776015
P09473,HOME,PL_W702141526
P09473,WORK,PL_W141693739
P09474,HOME,PL_W659455290
P09474,WORK,PL_N4643369998
P09475,HOME,PL_W31373093
P09475,WORK,PL_N3524674542
P09475,CHILD_SCHOOL,PL_W704597788
P09476,HOME,PL_W661778069
P09476,WORK,PL_W662213147
P09477,HOME,PL_W170051471
P09477,UNIVERSITY,PL_N12537548075
P09478,HOME,PL_W36921201
P09478,WORK,PL_W36921201
P09478,CHILD_SCHOOL,PL_W41364199
P09479,HOME,PL_W1125477356
P09479,WORK,PL_W676569734
P09480,HOME,PL_W660634137
P09480,WORK,PL_W34582302
P09480,CHILD_SCHOOL,PL_W195969125
P09481,HOME,PL_W705624359
P09481,UNIVERSITY,PL_W61759776
P09482,HOME,PL_W706236177
P09482,WORK,PL_N4529343063
P09482,CHILD_SCHOOL,PL_W61955065
P09483,HOME,PL_W659830904
P09483,WORK,PL_W671011435
P09483,CHILD_SCHOOL,PL_W285896860
P09484,HOME,PL_W662144715
P09484,WORK,PL_W662144715
P09484,CHILD_SCHOOL,PL_W42525407
P09485,HOME,PL_W31754597
P09485,WORK,PL_W31754597
P09485,CHILD_SCHOOL,PL_N2377305503
P09486,HOME,PL_W660586939
P09486,WORK,PL_W389992206
P09487,HOME,PL_W296252448
P09487,WORK,PL_W179297875
P09488,HOME,PL_W659453423
P09488,WORK,PL_N2674076492
P09489,HOME,PL_W705507588
P09489,WORK,PL_W32773278
P09490,HOME,PL_W661649364
P09490,WORK,PL_W180683153
P09491,HOME,PL_W660177592
P09491,WORK,PL_W699149381
P09491,CHILD_SCHOOL,PL_N7108106148
P09492,HOME,PL_W661649897
P09492,WORK,PL_W136796593
P09493,HOME,PL_W31373088
P09493,WORK,PL_W796670791
P09493,CHILD_SCHOOL,PL_W705563029
P09494,HOME,PL_W705507615
P09494,WORK,PL_N13704196555
P09494,CHILD_SCHOOL,PL_W242745832
P09495,HOME,PL_W660079794
P09495,WORK,PL_W660079794
P09495,CHILD_SCHOOL,PL_N7108065615
P09496,HOME,PL_W660212537
P09496,WORK,PL_W678323985
P09497,HOME,PL_W659446863
P09497,WORK,PL_W34517188
P09498,HOME,PL_W31756311
P09498,WORK,PL_W368852939
P09499,HOME,PL_W31754688
P09499,WORK,PL_N7835427950
P09499,CHILD_SCHOOL,PL_W224815295
P09500,HOME,PL_W661824787
P09500,WORK,PL_W1316550309
P09501,HOME,PL_W660602142
P09501,WORK,PL_N13889982893
P09501,CHILD_SCHOOL,PL_W36817966
P09502,HOME,PL_W978051266
P09502,WORK,PL_W659129695
P09502,CHILD_SCHOOL,PL_W56051877
P09503,HOME,PL_W32455676
P09503,WORK,PL_W32742028
P09504,HOME,PL_W41405420
P09504,WORK,PL_W105516604
P09505,HOME,PL_W416769424
P09505,WORK,PL_W180193898
P09505,CHILD_SCHOOL,PL_W224815940
P09506,HOME,PL_W661824830
P09506,WORK,PL_W1377658343
P09506,CHILD_SCHOOL,PL_W369392223
P09507,HOME,PL_W659840650
P09507,WORK,PL_N4288217106
P09507,CHILD_SCHOOL,PL_W704997229
P09508,HOME,PL_W31754521
P09508,WORK,PL_W150215563
P09508,CHILD_SCHOOL,PL_W35836139
P09509,HOME,PL_W659447951
P09509,WORK,PL_N9762968876
P09510,HOME,PL_W659243406
P09510,WORK,PL_W706080728
P09510,CHILD_SCHOOL,PL_W171477484
P09511,HOME,PL_W661204347
P09511,WORK,PL_N14020001312
P09512,HOME,PL_W660568415
P09512,WORK,PL_W180193897
P09513,HOME,PL_W660568532
P09513,WORK,PL_N6358218850
P09513,CHILD_SCHOOL,PL_W242745832
P09514,HOME,PL_W659246803
P09514,WORK,PL_W659239671
P09515,HOME,PL_W41405380
P09515,WORK,PL_N595495868
P09516,HOME,PL_W1163968779
P09516,WORK,PL_W1163968779
P09516,CHILD_SCHOOL,PL_W161236234
P09517,HOME,PL_W1203387590
P09517,WORK,PL_W663315377
P09517,CHILD_SCHOOL,PL_W170267116
P09518,HOME,PL_W1275518419
P09518,WORK,PL_W1363896967
P09519,HOME,PL_W705529518
P09519,WORK,PL_W367037750
P09520,HOME,PL_W660819593
P09520,WORK,PL_N1883210304
P09520,CHILD_SCHOOL,PL_W35836041
P09521,HOME,PL_W663309423
P09521,UNIVERSITY,PL_W15396822
P09522,HOME,PL_W661822654
P09522,WORK,PL_W103619601
P09523,HOME,PL_W33036599
P09523,WORK,PL_W231773826
P09524,HOME,PL_W229483490
P09524,WORK,PL_W1351704058
P09525,HOME,PL_W703948822
P09525,WORK,PL_W417110909
P09526,HOME,PL_W660838355
P09526,WORK,PL_W34121938
P09527,HOME,PL_W31622241
P09527,WORK,PL_W104943886
P09527,CHILD_SCHOOL,PL_W35836165
P09528,HOME,PL_W705109222
P09528,WORK,PL_W122481951
P09528,CHILD_SCHOOL,PL_W143658010
P09529,HOME,PL_W31373083
P09529,WORK,PL_N4420814201
P09530,HOME,PL_W660820168
P09530,WORK,PL_W41950525
P09531,HOME,PL_W659335347
P09531,WORK,PL_W62363963
P09531,CHILD_SCHOOL,PL_W705565520
P09532,HOME,PL_W31754688
P09532,WORK,PL_N5845481854
P09532,CHILD_SCHOOL,PL_W167534168
P09533,HOME,PL_W43806062
P09533,WORK,PL_W225518785
P09534,HOME,PL_W31754493
P09534,WORK,PL_W13405217
P09534,CHILD_SCHOOL,PL_W36791041
P09535,HOME,PL_W31754502
P09535,WORK,PL_W32773278
P09536,HOME,PL_W660829967
P09536,WORK,PL_W660829967
P09537,HOME,PL_W703923702
P09537,WORK,PL_N13446307317
P09538,HOME,PL_W660638748
P09538,WORK,PL_W660865172
P09538,CHILD_SCHOOL,PL_W224813127
P09539,HOME,PL_W702587019
P09539,WORK,PL_W702587019
P09540,HOME,PL_W31617605
P09540,WORK,PL_W31617605
P09540,CHILD_SCHOOL,PL_N7108065615
P09541,HOME,PL_W662390234
P09541,WORK,PL_W402553502
P09542,HOME,PL_W705507593
P09542,WORK,PL_N2132778188
P09543,HOME,PL_W705125020
P09543,WORK,PL_W657936262
P09544,HOME,PL_W662536084
P09544,WORK,PL_W316749838
P09545,HOME,PL_W662095040
P09545,WORK,PL_N4001723544
P09546,HOME,PL_W661823042
P09546,WORK,PL_W437691410
P09547,HOME,PL_W661634977
P09547,WORK,PL_W58361225
P09547,CHILD_SCHOOL,PL_W35797979
P09548,HOME,PL_W61955727
P09548,WORK,PL_W80378604
P09548,CHILD_SCHOOL,PL_W688267159
P09549,HOME,PL_W704229398
P09549,WORK,PL_W300884213
P09549,CHILD_SCHOOL,PL_W34229259
P09550,HOME,PL_W31451019
P09550,WORK,PL_N6294585335
P09551,HOME,PL_W1204496393
P09551,WORK,PL_W503049587
P09551,CHILD_SCHOOL,PL_N2356774165
P09552,HOME,PL_W659341447
P09552,WORK,PL_W32556100
P09552,CHILD_SCHOOL,PL_W56127102
P09553,HOME,PL_W31757277
P09553,WORK,PL_W704597777
P09553,CHILD_SCHOOL,PL_W36543326
P09554,HOME,PL_W703932818
P09554,WORK,PL_N6811531612
P09555,HOME,PL_W660348472
P09555,WORK,PL_W34582434
P09555,CHILD_SCHOOL,PL_W56201673
P09556,HOME,PL_W660980393
P09556,WORK,PL_N13971407110
P09557,HOME,PL_W229483488
P09557,WORK,PL_W26950551
P09557,CHILD_SCHOOL,PL_W688267162
P09558,HOME,PL_W706093829
P09558,WORK,PL_N6545238873
P09558,CHILD_SCHOOL,PL_W760844017
P09559,HOME,PL_W661840572
P09559,WORK,PL_W239332945
P09559,CHILD_SCHOOL,PL_W34617346
P09560,HOME,PL_W706190954
P09560,UNIVERSITY,PL_W61759776
P09561,HOME,PL_W170055111
P09561,WORK,PL_N6548329622
P09561,CHILD_SCHOOL,PL_W24159328
P09562,HOME,PL_W43804991
P09562,WORK,PL_N13527051034
P09563,HOME,PL_W706080731
P09563,WORK,PL_N6561094164
P09563,CHILD_SCHOOL,PL_W71410512
P09564,HOME,PL_W705649186
P09564,WORK,PL_W796670844
P09564,CHILD_SCHOOL,PL_W68507025
P09565,HOME,PL_W659729333
P09565,WORK,PL_W659729333
P09566,HOME,PL_W705218756
P09566,WORK,PL_W657979264
P09566,CHILD_SCHOOL,PL_N7725077141
P09567,HOME,PL_W31617605
P09567,UNIVERSITY,PL_W703666033
P09568,HOME,PL_W31373431
P09568,WORK,PL_W670195332
P09568,CHILD_SCHOOL,PL_W180044576
P09569,HOME,PL_W42472532
P09569,WORK,PL_W367536575
P09570,HOME,PL_W659449031
P09570,UNIVERSITY,PL_W23447514
P09571,HOME,PL_W31363288
P09571,WORK,PL_W298176032
P09571,CHILD_SCHOOL,PL_W33396855
P09572,HOME,PL_W170055114
P09572,WORK,PL_W34690112
P09573,HOME,PL_W31451201
P09573,WORK,PL_N14077049219
P09574,HOME,PL_W661777089
P09574,WORK,PL_W701661719
P09574,CHILD_SCHOOL,PL_W171056869
P09575,HOME,PL_W31811114
P09575,WORK,PL_N6603471786
P09576,HOME,PL_W1204496489
P09576,WORK,PL_W662213146
P09576,CHILD_SCHOOL,PL_W56184642
P09577,HOME,PL_W662449899
P09577,WORK,PL_W43125814
P09578,HOME,PL_W334725674
P09578,WORK,PL_W56123861
P09578,CHILD_SCHOOL,PL_W25288139
P09579,HOME,PL_W659830909
P09579,WORK,PL_W118251594
P09579,CHILD_SCHOOL,PL_W42149102
P09580,HOME,PL_W660637226
P09580,WORK,PL_N6355436279
P09580,CHILD_SCHOOL,PL_N5413474408
P09581,HOME,PL_W33036594
P09581,WORK,PL_N14067219706
P09582,HOME,PL_W31756293
P09582,WORK,PL_W659427555
P09583,HOME,PL_W706093841
P09583,WORK,PL_W301418957
P09584,HOME,PL_W706080726
P09584,WORK,PL_W239607384
P09585,HOME,PL_W55947364
P09585,WORK,PL_N5260039172
P09586,HOME,PL_W660830885
P09586,WORK,PL_W202972322
P09587,HOME,PL_W659446254
P09587,WORK,PL_W796670791
P09587,CHILD_SCHOOL,PL_W184368203
P09588,HOME,PL_W659333360
P09588,WORK,PL_N8502485054
P09588,CHILD_SCHOOL,PL_W29234699
P09589,HOME,PL_W31373435
P09589,WORK,PL_W671599467
P09590,HOME,PL_W61955728
P09590,WORK,PL_N12326900682
P09590,CHILD_SCHOOL,PL_W36870739
P09591,HOME,PL_W662144061
P09591,WORK,PL_N5708791522
P09591,CHILD_SCHOOL,PL_W289382175
P09592,HOME,PL_W705649173
P09592,WORK,PL_W115222390
P09592,CHILD_SCHOOL,PL_W704997229
P09593,HOME,PL_W705010187
P09593,WORK,PL_N14052403172
P09593,CHILD_SCHOOL,PL_W224816805
P09594,HOME,PL_W31560363
P09594,WORK,PL_N13475275819
P09594,CHILD_SCHOOL,PL_W24501824
P09595,HOME,PL_W170052636
P09595,WORK,PL_W34749688
P09596,HOME,PL_W705222389
P09596,WORK,PL_W32326394
P09597,HOME,PL_W122356169
P09597,WORK,PL_W328900136
P09598,HOME,PL_W659445157
P09598,WORK,PL_W660358183
P09598,CHILD_SCHOOL,PL_W179214961
P09599,HOME,PL_W122359518
P09599,WORK,PL_N7835399681
P09599,CHILD_SCHOOL,PL_W122480554
P09600,HOME,PL_W334729121
P09600,WORK,PL_N9543549817
P09600,CHILD_SCHOOL,PL_W37404404
P09601,HOME,PL_W705011699
P09601,WORK,PL_W58727901
P09602,HOME,PL_W660820743
P09602,WORK,PL_N6352773251
P09602,CHILD_SCHOOL,PL_W33503129
P09603,HOME,PL_W659448870
P09603,WORK,PL_W43805884
P09603,CHILD_SCHOOL,PL_W170267116
P09604,HOME,PL_W659454726
P09604,WORK,PL_W521117202
P09605,HOME,PL_W170055112
P09605,WORK,PL_W663827869
P09606,HOME,PL_W659448983
P09606,WORK,PL_W32707332
P09607,HOME,PL_W659446650
P09607,WORK,PL_N13659787501
P09607,CHILD_SCHOOL,PL_W186031210
P09608,HOME,PL_W41405413
P09608,WORK,PL_W302361143
P09608,CHILD_SCHOOL,PL_W684083281
P09609,HOME,PL_W660601159
P09609,WORK,PL_N12852007839
P09610,HOME,PL_W1163968779
P09610,WORK,PL_W56434752
P09610,CHILD_SCHOOL,PL_W163042361
P09611,HOME,PL_W31757784
P09611,UNIVERSITY,PL_N783499436
P09612,HOME,PL_W660078968
P09612,WORK,PL_N6334218978
P09613,HOME,PL_W706236183
P09613,WORK,PL_W220415494
P09614,HOME,PL_W31757867
P09614,WORK,PL_W60609247
P09614,CHILD_SCHOOL,PL_W25366282
P09615,HOME,PL_W978051259
P09615,WORK,PL_W288357240
P09616,HOME,PL_W943421439
P09616,WORK,PL_W437691410
P09617,HOME,PL_W705125021
P09617,WORK,PL_W62057772
P09617,CHILD_SCHOOL,PL_W121872356
P09618,HOME,PL_W661779070
P09618,UNIVERSITY,PL_W1502658805
P09619,HOME,PL_W660817122
P09619,WORK,PL_W61698930
P09620,HOME,PL_W659247304
P09620,WORK,PL_W660222492
P09621,HOME,PL_W660830885
P09621,WORK,PL_W183248448
P09621,CHILD_SCHOOL,PL_W36331867
P09622,HOME,PL_W660830335
P09622,WORK,PL_N2405765141
P09623,HOME,PL_W33036599
P09623,WORK,PL_W56433531
P09623,CHILD_SCHOOL,PL_W36880098
P09624,HOME,PL_W660819541
P09624,WORK,PL_W31619799
P09625,HOME,PL_W659444902
P09625,WORK,PL_W35155100
P09626,HOME,PL_W705011692
P09626,UNIVERSITY,PL_N12912579192
P09627,HOME,PL_W43806062
P09627,WORK,PL_N2439628503
P09628,HOME,PL_W661066451
P09628,UNIVERSITY,PL_N13932534615
P09629,HOME,PL_W41405398
P09629,UNIVERSITY,PL_W676443514
P09630,HOME,PL_W662176518
P09630,WORK,PL_W67132147
P09630,CHILD_SCHOOL,PL_W36331867
P09631,HOME,PL_W662785529
P09631,WORK,PL_W32773281
P09632,HOME,PL_W42472527
P09632,WORK,PL_W34582257
P09633,HOME,PL_W661205273
P09633,WORK,PL_W1289003183
P09634,HOME,PL_W662536034
P09634,WORK,PL_W67138293
P09635,HOME,PL_W99094306
P09635,UNIVERSITY,PL_N9071191071
P09635,CHILD_SCHOOL,PL_W24986415
P09636,HOME,PL_W31451096
P09636,WORK,PL_W659833291
P09637,HOME,PL_W662711797
P09637,WORK,PL_W661778190
P09638,HOME,PL_W659732198
P09638,WORK,PL_W136796593
P09639,HOME,PL_W705649173
P09639,WORK,PL_W71187338
P09639,CHILD_SCHOOL,PL_W36544304
P09640,HOME,PL_W978051266
P09640,WORK,PL_W79573492
P09641,HOME,PL_W659335096
P09641,WORK,PL_W60428282
P09642,HOME,PL_W662389816
P09642,WORK,PL_W34582433
P09642,CHILD_SCHOOL,PL_W35798021
P09643,HOME,PL_W31757783
P09643,WORK,PL_W33806242
P09643,CHILD_SCHOOL,PL_W33396813
P09644,HOME,PL_W661204333
P09644,WORK,PL_N474968771
P09644,CHILD_SCHOOL,PL_W224897072
P09645,HOME,PL_W659833271
P09645,UNIVERSITY,PL_W1502658805
P09646,HOME,PL_W661076597
P09646,WORK,PL_N10032338694
P09646,CHILD_SCHOOL,PL_W195493031
P09647,HOME,PL_W1081162082
P09647,WORK,PL_W35893795
P09648,HOME,PL_W1420636510
P09648,WORK,PL_W1149717350
P09648,CHILD_SCHOOL,PL_W36787819
P09649,HOME,PL_W659549026
P09649,WORK,PL_W79577678
P09650,HOME,PL_W661823207
P09650,WORK,PL_W34517274
P09650,CHILD_SCHOOL,PL_W226096987
P09651,HOME,PL_W33036595
P09651,WORK,PL_W66979945
P09651,CHILD_SCHOOL,PL_W29234699
P09652,HOME,PL_W661635415
P09652,WORK,PL_N5272755618
P09652,CHILD_SCHOOL,PL_W705563025
P09653,HOME,PL_W704228128
P09653,WORK,PL_W658301418
P09654,HOME,PL_W978051264
P09654,WORK,PL_N13095333608
P09655,HOME,PL_W31754569
P09655,WORK,PL_W43809982
P09656,HOME,PL_W659453123
P09656,WORK,PL_N344545236
P09657,HOME,PL_W659341494
P09657,WORK,PL_N12245054117
P09657,CHILD_SCHOOL,PL_W29113970
P09658,HOME,PL_W659460519
P09658,WORK,PL_W660836273
P09659,HOME,PL_W660568726
P09659,WORK,PL_W61429677
P09659,CHILD_SCHOOL,PL_W224159663
P09660,HOME,PL_W706192711
P09660,WORK,PL_W33893041
P09660,CHILD_SCHOOL,PL_W143657503
P09661,HOME,PL_W662726353
P09661,WORK,PL_W204498013
P09662,HOME,PL_W143657050
P09662,UNIVERSITY,PL_W23447424
P09663,HOME,PL_W661274763
P09663,WORK,PL_W58796567
P09663,CHILD_SCHOOL,PL_W35798021
P09664,HOME,PL_W661636403
P09664,WORK,PL_N13278821620
P09665,HOME,PL_W661824818
P09665,WORK,PL_N4529456795
P09665,CHILD_SCHOOL,PL_W36746607
P09666,HOME,PL_W1202558578
P09666,WORK,PL_W685825632
P09667,HOME,PL_W659452877
P09667,WORK,PL_N12863074541
P09668,HOME,PL_W55200586
P09668,UNIVERSITY,PL_W1268267050
P09669,HOME,PL_W660638867
P09669,WORK,PL_W661205610
P09669,CHILD_SCHOOL,PL_W41841656
P09670,HOME,PL_W659839763
P09670,WORK,PL_N13261728803
P09670,CHILD_SCHOOL,PL_W503478885
P09671,HOME,PL_W705563023
P09671,WORK,PL_W32162999
P09672,HOME,PL_W659731199
P09672,WORK,PL_W111082647
P09672,CHILD_SCHOOL,PL_W41363541
P09673,HOME,PL_W702169775
P09673,WORK,PL_N6548078860
P09674,HOME,PL_W31757285
P09674,WORK,PL_N12744672436
P09675,HOME,PL_W31617610
P09675,WORK,PL_W336917018
P09676,HOME,PL_W705881541
P09676,WORK,PL_N13921249810
P09677,HOME,PL_W659340229
P09677,WORK,PL_N5706021522
P09678,HOME,PL_W659732972
P09678,WORK,PL_W56434877
P09679,HOME,PL_W636033816
P09679,WORK,PL_N12188376752
P09679,CHILD_SCHOOL,PL_W688267159
P09680,HOME,PL_W661470329
P09680,WORK,PL_W58849195
P09681,HOME,PL_W170055111
P09681,WORK,PL_W660081823
P09682,HOME,PL_W444619168
P09682,WORK,PL_W334623329
P09683,HOME,PL_W662774655
P09683,WORK,PL_W32624098
P09684,HOME,PL_W31757862
P09684,WORK,PL_N6304072715
P09684,CHILD_SCHOOL,PL_W122480554
P09685,HOME,PL_W1275528983
P09685,WORK,PL_N3905865029
P09686,HOME,PL_W1135018789
P09686,WORK,PL_W704292301
P09686,CHILD_SCHOOL,PL_W35836165
P09687,HOME,PL_W31754502
P09687,WORK,PL_W183247636
P09688,HOME,PL_W1275528992
P09688,WORK,PL_W635487342
P09689,HOME,PL_W658975039
P09689,WORK,PL_W34587722
P09689,CHILD_SCHOOL,PL_W706093848
P09690,HOME,PL_W661568949
P09690,WORK,PL_W417133697
P09691,HOME,PL_W659448311
P09691,WORK,PL_W182282890
P09691,CHILD_SCHOOL,PL_W56127102
P09692,HOME,PL_W31617610
P09692,UNIVERSITY,PL_W220190025
P09693,HOME,PL_W47870412
P09693,WORK,PL_W248393746
P09693,CHILD_SCHOOL,PL_W41364189
P09694,HOME,PL_W661821355
P09694,WORK,PL_W1046417334
P09695,HOME,PL_W32820133
P09695,WORK,PL_W657722110
P09696,HOME,PL_W238104479
P09696,WORK,PL_N11433310567
P09696,CHILD_SCHOOL,PL_N5444147981
P09697,HOME,PL_W660817987
P09697,WORK,PL_W55352233
P09698,HOME,PL_W704995223
P09698,WORK,PL_N1141383055
P09698,CHILD_SCHOOL,PL_W195493031
P09699,HOME,PL_W31451021
P09699,WORK,PL_N10228967985
P09700,HOME,PL_W1341302918
P09700,WORK,PL_W797142450
P09700,CHILD_SCHOOL,PL_W705565519
P09701,HOME,PL_W1204906988
P09701,WORK,PL_W205960481
P09702,HOME,PL_W705010196
P09702,WORK,PL_N13717362830
P09702,CHILD_SCHOOL,PL_W33725547
P09703,HOME,PL_W1235967998
P09703,WORK,PL_W1424015290
P09704,HOME,PL_W705222376
P09704,WORK,PL_N5278931424
P09704,CHILD_SCHOOL,PL_W35798652
P09705,HOME,PL_W41405378
P09705,UNIVERSITY,PL_W60304653
P09706,HOME,PL_W659548438
P09706,WORK,PL_W599480360
P09706,CHILD_SCHOOL,PL_W760840673
P09707,HOME,PL_W702554512
P09707,WORK,PL_N13286388056
P09707,CHILD_SCHOOL,PL_W760840673
P09708,HOME,PL_W1204734611
P09708,WORK,PL_W902835182
P09709,HOME,PL_W31618600
P09709,WORK,PL_W419548457
P09709,CHILD_SCHOOL,PL_W224671171
P09710,HOME,PL_W660568453
P09710,WORK,PL_W202972322
P09710,CHILD_SCHOOL,PL_W36747096
P09711,HOME,PL_W36921199
P09711,UNIVERSITY,PL_N12912579192
P09712,HOME,PL_W531101812
P09712,WORK,PL_W796666546
P09712,CHILD_SCHOOL,PL_W36368280
P09713,HOME,PL_W31451201
P09713,WORK,PL_W31451201
P09713,CHILD_SCHOOL,PL_N8082789926
P09714,HOME,PL_W705218730
P09714,WORK,PL_N1172146388
P09715,HOME,PL_W31757863
P09715,WORK,PL_N3149860684
P09715,CHILD_SCHOOL,PL_W36332039
P09716,HOME,PL_W170051471
P09716,WORK,PL_W657936025
P09717,HOME,PL_W31373435
P09717,UNIVERSITY,PL_W775640504
P09718,HOME,PL_W659447844
P09718,WORK,PL_W69966012
P09718,CHILD_SCHOOL,PL_W417888719
P09719,HOME,PL_W31451094
P09719,WORK,PL_W335055419
P09720,HOME,PL_W1204906782
P09720,WORK,PL_W241020327
P09721,HOME,PL_W531109678
P09721,WORK,PL_W122204304
P09722,HOME,PL_W704229387
P09722,WORK,PL_W704229387
P09723,HOME,PL_W660584246
P09723,WORK,PL_N14052363268
P09723,CHILD_SCHOOL,PL_W122480554
P09724,HOME,PL_W660633500
P09724,WORK,PL_W192359943
P09724,CHILD_SCHOOL,PL_W68507025
P09725,HOME,PL_W36921200
P09725,WORK,PL_W36921200
P09726,HOME,PL_W660637525
P09726,WORK,PL_W31619933
P09726,CHILD_SCHOOL,PL_W35800153
P09727,HOME,PL_W704292305
P09727,WORK,PL_W34414661
P09728,HOME,PL_W166540890
P09728,WORK,PL_W239012937
P09729,HOME,PL_W662094891
P09729,WORK,PL_N6184565140
P09729,CHILD_SCHOOL,PL_W703420516
P09730,HOME,PL_W660837453
P09730,WORK,PL_W122205423
P09731,HOME,PL_W659731222
P09731,WORK,PL_N12913211985
P09732,HOME,PL_W1204729120
P09732,UNIVERSITY,PL_N13704267913
P09733,HOME,PL_W1163968779
P09733,WORK,PL_W143654375
P09733,CHILD_SCHOOL,PL_W29114133
P09734,HOME,PL_W31451021
P09734,WORK,PL_W28256551
P09735,HOME,PL_W659451570
P09735,WORK,PL_W659549418
P09736,HOME,PL_W659833359
P09736,WORK,PL_W704997216
P09737,HOME,PL_W31619119
P09737,WORK,PL_N5154126000
P09738,HOME,PL_W41405416
P09738,WORK,PL_W659605618
P09739,HOME,PL_W170055114
P09739,WORK,PL_W1344472021
P09740,HOME,PL_W894580866
P09740,WORK,PL_W244594968
P09741,HOME,PL_W702169774
P09741,WORK,PL_W146419070
P09742,HOME,PL_W33036594
P09742,WORK,PL_W247147345
P09742,CHILD_SCHOOL,PL_W71281899
P09743,HOME,PL_W659549608
P09743,WORK,PL_W661950826
P09744,HOME,PL_W705624347
P09744,WORK,PL_W55031045
P09744,CHILD_SCHOOL,PL_W239578890
P09745,HOME,PL_W31616572
P09745,WORK,PL_W44076453
P09746,HOME,PL_W457749629
P09746,WORK,PL_W457749629
P09747,HOME,PL_W457493164
P09747,WORK,PL_W43806453
P09747,CHILD_SCHOOL,PL_W703423112
P09748,HOME,PL_W705218740
P09748,WORK,PL_N4559352907
P09748,CHILD_SCHOOL,PL_W195969125
P09749,HOME,PL_W30966660
P09749,WORK,PL_N1387849976
P09749,CHILD_SCHOOL,PL_W32819968
P09750,HOME,PL_W894580866
P09750,WORK,PL_W705132820
P09750,CHILD_SCHOOL,PL_W703414557
P09751,HOME,PL_W661650289
P09751,WORK,PL_W671097334
P09752,HOME,PL_W512557919
P09752,WORK,PL_W661250118
P09753,HOME,PL_W660839189
P09753,WORK,PL_W66969840
P09754,HOME,PL_W56051936
P09754,UNIVERSITY,PL_N3925813284
P09755,HOME,PL_W702141525
P09755,WORK,PL_W333520136
P09756,HOME,PL_W41405411
P09756,WORK,PL_W1004706297
P09756,CHILD_SCHOOL,PL_W36786284
P09757,HOME,PL_W659334187
P09757,UNIVERSITY,PL_N2332330690
P09758,HOME,PL_W662389028
P09758,WORK,PL_W70510674
P09759,HOME,PL_W660358113
P09759,WORK,PL_N13263120467
P09760,HOME,PL_W705624359
P09760,WORK,PL_W31728160
P09760,CHILD_SCHOOL,PL_N7659648005
P09761,HOME,PL_W31754471
P09761,WORK,PL_W318750464
P09762,HOME,PL_W659461359
P09762,WORK,PL_W364134934
P09763,HOME,PL_W659248716
P09763,WORK,PL_W795953762
P09764,HOME,PL_W656561956
P09764,WORK,PL_W59036010
P09764,CHILD_SCHOOL,PL_W33396855
P09765,HOME,PL_W705881546
P09765,WORK,PL_W705881546
P09766,HOME,PL_W659447491
P09766,WORK,PL_W1358353760
P09766,CHILD_SCHOOL,PL_W121969533
P09767,HOME,PL_W863282986
P09767,WORK,PL_W906371942
P09768,HOME,PL_W662095066
P09768,WORK,PL_W56223245
P09769,HOME,PL_W661330929
P09769,WORK,PL_W43804549
P09770,HOME,PL_W662094284
P09770,WORK,PL_W1395765939
P09771,HOME,PL_W1254526338
P09771,WORK,PL_W14899555
P09772,HOME,PL_W706080726
P09772,WORK,PL_W55031876
P09772,CHILD_SCHOOL,PL_W1500052015
P09773,HOME,PL_W660348514
P09773,WORK,PL_W107636650
P09773,CHILD_SCHOOL,PL_W35798778
P09774,HOME,PL_W1367095725
P09774,WORK,PL_W658232868
P09775,HOME,PL_W1245802034
P09775,WORK,PL_W1248709016
P09775,CHILD_SCHOOL,PL_W171477484
P09776,HOME,PL_W416778780
P09776,WORK,PL_W1525237523
P09777,HOME,PL_W41405387
P09777,WORK,PL_N13783178350
P09777,CHILD_SCHOOL,PL_W41841601
P09778,HOME,PL_W1204657430
P09778,WORK,PL_W31728160
P09778,CHILD_SCHOOL,PL_W36880101
P09779,HOME,PL_W31757271
P09779,WORK,PL_W1395765944
P09780,HOME,PL_W1204945452
P09780,WORK,PL_N4526107577
P09781,HOME,PL_W661205750
P09781,WORK,PL_W56058498
P09782,HOME,PL_W36921201
P09782,UNIVERSITY,PL_W23447424
P09783,HOME,PL_W702141522
P09783,WORK,PL_N1685297584
P09784,HOME,PL_W31754597
P09784,WORK,PL_W944064994
P09785,HOME,PL_W659445087
P09785,WORK,PL_W59248713
P09786,HOME,PL_W659340788
P09786,WORK,PL_N6554677037
P09787,HOME,PL_W57079616
P09787,WORK,PL_N4126684605
P09787,CHILD_SCHOOL,PL_W25366324
P09788,HOME,PL_W31754492
P09788,WORK,PL_N6561364594
P09789,HOME,PL_W702167759
P09789,WORK,PL_N1727149580
P09790,HOME,PL_W660584207
P09790,WORK,PL_W660584207
P09791,HOME,PL_W943428733
P09791,WORK,PL_W702554499
P09791,CHILD_SCHOOL,PL_W121872356
P09792,HOME,PL_W43805236
P09792,WORK,PL_W662441642
P09793,HOME,PL_W31754596
P09793,WORK,PL_W60332315
P09793,CHILD_SCHOOL,PL_W703420514
P09794,HOME,PL_W661637267
P09794,WORK,PL_W587012151
P09794,CHILD_SCHOOL,PL_W760791078
P09795,HOME,PL_W705132829
P09795,WORK,PL_W669874245
P09796,HOME,PL_W31363297
P09796,WORK,PL_W69706533
P09796,CHILD_SCHOOL,PL_W35836166
P09797,HOME,PL_W656560440
P09797,WORK,PL_N6547908159
P09798,HOME,PL_W661921389
P09798,WORK,PL_W697161665
P09799,HOME,PL_W705218739
P09799,WORK,PL_N6581103246
P09799,CHILD_SCHOOL,PL_W37404404
P09800,HOME,PL_W659244537
P09800,WORK,PL_W180683141
P09800,CHILD_SCHOOL,PL_W235324578
P09801,HOME,PL_W661825102
P09801,WORK,PL_W150215070
P09802,HOME,PL_W659449081
P09802,WORK,PL_N6659697178
P09803,HOME,PL_W31757794
P09803,WORK,PL_W43677386
P09804,HOME,PL_W661825216
P09804,WORK,PL_N4973448034
P09805,HOME,PL_W659246396
P09805,WORK,PL_W698746838
P09805,CHILD_SCHOOL,PL_W417888719
P09806,HOME,PL_W659451701
P09806,UNIVERSITY,PL_W505921693
P09807,HOME,PL_W31373437
P09807,WORK,PL_W43804358
P09807,CHILD_SCHOOL,PL_W224813127
P09808,HOME,PL_W36331124
P09808,WORK,PL_N9704188848
P09809,HOME,PL_W660818519
P09809,WORK,PL_W677205549
P09809,CHILD_SCHOOL,PL_W391848543
P09810,HOME,PL_W129725313
P09810,WORK,PL_W56608505
P09810,CHILD_SCHOOL,PL_W220408094
P09811,HOME,PL_W31619128
P09811,WORK,PL_W662761778
P09812,HOME,PL_W166540890
P09812,WORK,PL_W31963777
P09813,HOME,PL_W660867512
P09813,WORK,PL_W58646797
P09813,CHILD_SCHOOL,PL_W36543325
P09814,HOME,PL_W661824576
P09814,WORK,PL_W55217847
P09815,HOME,PL_W1245802034
P09815,WORK,PL_N421904486
P09816,HOME,PL_W705519668
P09816,WORK,PL_W671872811
P09817,HOME,PL_W659548325
P09817,WORK,PL_W61759777
P09817,CHILD_SCHOOL,PL_W65239313
P09818,HOME,PL_W705563017
P09818,WORK,PL_W34204175
P09818,CHILD_SCHOOL,PL_W688267159
P09819,HOME,PL_W661206628
P09819,WORK,PL_W661206628
P09820,HOME,PL_W42472532
P09820,WORK,PL_W663828868
P09820,CHILD_SCHOOL,PL_W35798778
P09821,HOME,PL_W226958989
P09821,WORK,PL_W301562732
P09821,CHILD_SCHOOL,PL_W42530511
P09822,HOME,PL_W659334730
P09822,WORK,PL_W662097160
P09822,CHILD_SCHOOL,PL_W170266806
P09823,HOME,PL_W31754697
P09823,WORK,PL_W662453980
P09823,CHILD_SCHOOL,PL_W33725547
P09824,HOME,PL_W122356169
P09824,WORK,PL_W328663398
P09825,HOME,PL_W531109678
P09825,WORK,PL_W659094340
P09826,HOME,PL_W704995236
P09826,WORK,PL_W673263912
P09826,CHILD_SCHOOL,PL_W25366282
P09827,HOME,PL_W659447219
P09827,WORK,PL_W34587440
P09828,HOME,PL_W531101812
P09828,WORK,PL_W810476405
P09828,CHILD_SCHOOL,PL_W36787819
P09829,HOME,PL_W704229389
P09829,WORK,PL_N13708163183
P09829,CHILD_SCHOOL,PL_W705109213
P09830,HOME,PL_W31757256
P09830,WORK,PL_N6535236510
P09831,HOME,PL_W659447618
P09831,WORK,PL_N3653499893
P09831,CHILD_SCHOOL,PL_W29234699
P09832,HOME,PL_W34229573
P09832,WORK,PL_N7578594172
P09833,HOME,PL_W1204496350
P09833,WORK,PL_W256116927
P09834,HOME,PL_W33542534
P09834,WORK,PL_W61014137
P09835,HOME,PL_W705529519
P09835,WORK,PL_W705121009
P09836,HOME,PL_W703752575
P09836,WORK,PL_N6763993703
P09836,CHILD_SCHOOL,PL_W186986129
P09837,HOME,PL_W421650452
P09837,WORK,PL_W671185112
P09838,HOME,PL_W661777249
P09838,WORK,PL_W663315320
P09838,CHILD_SCHOOL,PL_W184368203
P09839,HOME,PL_W702167759
P09839,WORK,PL_W307519620
P09840,HOME,PL_W661650456
P09840,WORK,PL_W55462316
P09841,HOME,PL_W1075561267
P09841,WORK,PL_N7751495279
P09842,HOME,PL_W334725674
P09842,WORK,PL_W55218300
P09842,CHILD_SCHOOL,PL_W37783057
P09843,HOME,PL_W705649173
P09843,UNIVERSITY,PL_W61759776
P09843,CHILD_SCHOOL,PL_N2336690053
P09844,HOME,PL_W660177698
P09844,UNIVERSITY,PL_W1431713652
P09844,CHILD_SCHOOL,PL_W705563029
P09845,HOME,PL_W31757882
P09845,WORK,PL_W237575941
P09846,HOME,PL_W31617616
P09846,WORK,PL_N10572767999
P09847,HOME,PL_W702160456
P09847,WORK,PL_W105516637
P09847,CHILD_SCHOOL,PL_W36543496
P09848,HOME,PL_W659451588
P09848,WORK,PL_N12532469652
P09848,CHILD_SCHOOL,PL_W34617346
P09849,HOME,PL_W659453012
P09849,WORK,PL_W33849166
P09849,CHILD_SCHOOL,PL_W56996051
P09850,HOME,PL_W129725313
P09850,WORK,PL_N7348631706
P09850,CHILD_SCHOOL,PL_W288675892
P09851,HOME,PL_W943428729
P09851,WORK,PL_W678970362
P09852,HOME,PL_W659447267
P09852,WORK,PL_N6341397550
P09853,HOME,PL_W660820282
P09853,WORK,PL_W137916397
P09854,HOME,PL_W704945378
P09854,WORK,PL_N8779770209
P09854,CHILD_SCHOOL,PL_W167534168
P09855,HOME,PL_W1167158871
P09855,WORK,PL_W205960481
P09855,CHILD_SCHOOL,PL_W171477271
P09856,HOME,PL_W31754596
P09856,WORK,PL_W660806856
P09856,CHILD_SCHOOL,PL_W36370852
P09857,HOME,PL_W36791501
P09857,WORK,PL_W705218753
P09857,CHILD_SCHOOL,PL_W274163820
P09858,HOME,PL_W122480703
P09858,WORK,PL_W802181072
P09858,CHILD_SCHOOL,PL_W224442293
P09859,HOME,PL_W42472531
P09859,WORK,PL_W1351724811
P09860,HOME,PL_W705109232
P09860,WORK,PL_W56437582
P09861,HOME,PL_W863282986
P09861,WORK,PL_W136964760
P09862,HOME,PL_W656561164
P09862,WORK,PL_W660934782
P09863,HOME,PL_W659340880
P09863,WORK,PL_N4001010027
P09863,CHILD_SCHOOL,PL_W34617361
P09864,HOME,PL_W943428729
P09864,WORK,PL_W663314028
P09865,HOME,PL_W659840630
P09865,WORK,PL_W34587440
P09865,CHILD_SCHOOL,PL_W36746611
P09866,HOME,PL_W31560364
P09866,WORK,PL_W1531629510
P09867,HOME,PL_W659449049
P09867,WORK,PL_W194224125
P09868,HOME,PL_W33036600
P09868,WORK,PL_N6348434802
P09869,HOME,PL_W31373428
P09869,WORK,PL_W58271367
P09870,HOME,PL_W659461290
P09870,WORK,PL_W31926308
P09871,HOME,PL_W978051262
P09871,WORK,PL_W1424486876
P09871,CHILD_SCHOOL,PL_W41364187
P09872,HOME,PL_W659733702
P09872,WORK,PL_W670281251
P09873,HOME,PL_W143657050
P09873,WORK,PL_N388619750
P09874,HOME,PL_W702167768
P09874,WORK,PL_W702167768
P09875,HOME,PL_W114706282
P09875,WORK,PL_W659581401
P09876,HOME,PL_W31811114
P09876,WORK,PL_W1098900364
P09876,CHILD_SCHOOL,PL_W35545754
P09877,HOME,PL_W660867586
P09877,WORK,PL_N8899560814
P09878,HOME,PL_W31373086
P09878,WORK,PL_W115222390
P09878,CHILD_SCHOOL,PL_W36747401
P09879,HOME,PL_W35835253
P09879,WORK,PL_W62057772
P09879,CHILD_SCHOOL,PL_W35798778
P09880,HOME,PL_W705512157
P09880,WORK,PL_W34977625
P09881,HOME,PL_W704232379
P09881,WORK,PL_N4449930825
P09881,CHILD_SCHOOL,PL_W35836135
P09882,HOME,PL_W660602024
P09882,WORK,PL_N8893460267
P09883,HOME,PL_W659453149
P09883,WORK,PL_W34582433
P09884,HOME,PL_W659547072
P09884,WORK,PL_W43810852
P09885,HOME,PL_W36791500
P09885,WORK,PL_W301418957
P09886,HOME,PL_W704288162
P09886,WORK,PL_W291845495
P09886,CHILD_SCHOOL,PL_W705125019
P09887,HOME,PL_W31757254
P09887,WORK,PL_W273616578
P09887,CHILD_SCHOOL,PL_W224815940
P09888,HOME,PL_W32667520
P09888,WORK,PL_N1948589745
P09888,CHILD_SCHOOL,PL_W57052280
P09889,HOME,PL_W662709897
P09889,WORK,PL_W34582242
P09890,HOME,PL_W170055111
P09890,WORK,PL_W704594308
P09891,HOME,PL_W663310986
P09891,WORK,PL_W657697672
P09892,HOME,PL_W41405412
P09892,WORK,PL_W66969420
P09893,HOME,PL_W661920245
P09893,WORK,PL_W409265867
P09893,CHILD_SCHOOL,PL_W33396855
P09894,HOME,PL_W360220937
P09894,WORK,PL_W161271286
P09894,CHILD_SCHOOL,PL_W36786284
P09895,HOME,PL_W659444594
P09895,WORK,PL_W79577680
P09895,CHILD_SCHOOL,PL_W705845654
P09896,HOME,PL_W706078565
P09896,WORK,PL_W61982577
P09896,CHILD_SCHOOL,PL_W285896860
P09897,HOME,PL_W706093841
P09897,WORK,PL_N5396228022
P09898,HOME,PL_W659547578
P09898,UNIVERSITY,PL_W775641405
P09899,HOME,PL_W659839428
P09899,WORK,PL_N11851000638
P09899,CHILD_SCHOOL,PL_W34769549
P09900,HOME,PL_W704288162
P09900,WORK,PL_W170052628
P09901,HOME,PL_W661204528
P09901,WORK,PL_W659322530
P09901,CHILD_SCHOOL,PL_W36747098
P09902,HOME,PL_W220122773
P09902,WORK,PL_N6545586942
P09903,HOME,PL_W705844123
P09903,WORK,PL_W382778656
P09904,HOME,PL_W31617619
P09904,WORK,PL_N1839394524
P09905,HOME,PL_W659728826
P09905,WORK,PL_W692002309
P09905,CHILD_SCHOOL,PL_W417888719
P09906,HOME,PL_W706080743
P09906,WORK,PL_W67091528
P09907,HOME,PL_W31756337
P09907,WORK,PL_W122198160
P09907,CHILD_SCHOOL,PL_W41364189
P09908,HOME,PL_W705011692
P09908,WORK,PL_N668989553
P09908,CHILD_SCHOOL,PL_W122301356
P09909,HOME,PL_W660357178
P09909,WORK,PL_N9349010682
P09910,HOME,PL_W660177807
P09910,WORK,PL_N3362088817
P09911,HOME,PL_W41405392
P09911,WORK,PL_W271775947
P09911,CHILD_SCHOOL,PL_W706093848
P09912,HOME,PL_W31756295
P09912,WORK,PL_N12075421254
P09912,CHILD_SCHOOL,PL_W180044576
P09913,HOME,PL_W1275519220
P09913,WORK,PL_N13049057186
P09914,HOME,PL_W659252659
P09914,UNIVERSITY,PL_N12770899929
P09915,HOME,PL_W659451694
P09915,WORK,PL_W56473908
P09916,HOME,PL_W31619122
P09916,WORK,PL_N6306357925
P09916,CHILD_SCHOOL,PL_W760791078
P09917,HOME,PL_W662142623
P09917,WORK,PL_W33551024
P09918,HOME,PL_W170055114
P09918,WORK,PL_W236106304
P09919,HOME,PL_W659546694
P09919,WORK,PL_N504689577
P09920,HOME,PL_W924866605
P09920,WORK,PL_N5442938038
P09921,HOME,PL_W31616712
P09921,WORK,PL_N6765756689
P09922,HOME,PL_W170052634
P09922,WORK,PL_N9813407376
P09923,HOME,PL_W663309957
P09923,WORK,PL_W61698864
P09924,HOME,PL_W659446067
P09924,UNIVERSITY,PL_N10085704214
P09925,HOME,PL_W660585643
P09925,WORK,PL_W225955971
P09925,CHILD_SCHOOL,PL_W289382175
P09926,HOME,PL_W32455659
P09926,WORK,PL_W36921532
P09927,HOME,PL_W705170970
P09927,WORK,PL_W34614474
P09928,HOME,PL_W660568828
P09928,WORK,PL_W661250168
P09928,CHILD_SCHOOL,PL_W73323696
P09929,HOME,PL_W41405391
P09929,WORK,PL_W41405391
P09929,CHILD_SCHOOL,PL_N2346655835
P09930,HOME,PL_W705519668
P09930,WORK,PL_W105516626
P09931,HOME,PL_W663310281
P09931,WORK,PL_W34121572
P09931,CHILD_SCHOOL,PL_W42525283
P09932,HOME,PL_W1271809791
P09932,WORK,PL_W703776819
P09933,HOME,PL_W705507599
P09933,WORK,PL_W692002320
P09933,CHILD_SCHOOL,PL_W148163965
P09934,HOME,PL_W702160075
P09934,WORK,PL_W662441670
P09935,HOME,PL_W32455658
P09935,WORK,PL_W662108279
P09935,CHILD_SCHOOL,PL_W36747398
P09936,HOME,PL_W170052635
P09936,WORK,PL_W79659942
P09937,HOME,PL_W662536190
P09937,WORK,PL_N6340988712
P09938,HOME,PL_W662144667
P09938,WORK,PL_N8076065270
P09938,CHILD_SCHOOL,PL_W224817368
P09939,HOME,PL_W705529525
P09939,WORK,PL_N2296069366
P09939,CHILD_SCHOOL,PL_W33503151
P09940,HOME,PL_W659831136
P09940,WORK,PL_N12076151015
P09940,CHILD_SCHOOL,PL_W56051919
P09941,HOME,PL_W705109218
P09941,WORK,PL_W1004706295
P09942,HOME,PL_W661842737
P09942,WORK,PL_W150506087
P09943,HOME,PL_W660831744
P09943,WORK,PL_N13667006503
P09943,CHILD_SCHOOL,PL_W224815295
P09944,HOME,PL_W31757256
P09944,WORK,PL_W671010916
P09945,HOME,PL_W659245279
P09945,WORK,PL_W304027495
P09946,HOME,PL_W702167759
P09946,WORK,PL_W662259409
P09947,HOME,PL_W660348162
P09947,WORK,PL_N12134089371
P09947,CHILD_SCHOOL,PL_W36543325
P09948,HOME,PL_W1202408379
P09948,WORK,PL_W231284913
P09948,CHILD_SCHOOL,PL_W37409510
P09949,HOME,PL_W661206017
P09949,WORK,PL_W661206017
P09950,HOME,PL_W705529530
P09950,UNIVERSITY,PL_W61759776
P09951,HOME,PL_W112440002
P09951,UNIVERSITY,PL_N7751950341
P09952,HOME,PL_W41405397
P09952,WORK,PL_W103617696
P09953,HOME,PL_W32455671
P09953,WORK,PL_W34551654
P09954,HOME,PL_W705625079
P09954,WORK,PL_W1395567663
P09955,HOME,PL_W943428729
P09955,WORK,PL_W60483153
P09956,HOME,PL_W662144343
P09956,WORK,PL_W32024791
P09957,HOME,PL_W705519674
P09957,WORK,PL_W46583188
P09958,HOME,PL_W41405418
P09958,WORK,PL_W141728158
P09958,CHILD_SCHOOL,PL_W224817368
P09959,HOME,PL_W31754471
P09959,WORK,PL_W105516599
P09960,HOME,PL_W659732391
P09960,WORK,PL_W662766748
P09961,HOME,PL_W31617619
P09961,WORK,PL_W31617619
P09962,HOME,PL_W31619296
P09962,WORK,PL_W325120738
P09963,HOME,PL_W226958989
P09963,WORK,PL_W736277146
P09964,HOME,PL_W31757794
P09964,WORK,PL_W661541481
P09964,CHILD_SCHOOL,PL_W36747401
P09965,HOME,PL_W659247492
P09965,WORK,PL_N13075134483
P09966,HOME,PL_W704232378
P09966,WORK,PL_W659427944
P09967,HOME,PL_W659248168
P09967,WORK,PL_W27778689
P09968,HOME,PL_W31451095
P09968,WORK,PL_W170490459
P09968,CHILD_SCHOOL,PL_W703414556
P09969,HOME,PL_W31757274
P09969,WORK,PL_W34975555
P09969,CHILD_SCHOOL,PL_W25775106
P09970,HOME,PL_W660079287
P09970,WORK,PL_W953878382
P09970,CHILD_SCHOOL,PL_W705563025
P09971,HOME,PL_W170052634
P09971,WORK,PL_N5441763276
P09972,HOME,PL_W661821084
P09972,WORK,PL_N502704899
P09972,CHILD_SCHOOL,PL_W704292292
P09973,HOME,PL_W229483866
P09973,WORK,PL_W1211969615
P09974,HOME,PL_W659838066
P09974,WORK,PL_W68019707
P09975,HOME,PL_W31373517
P09975,WORK,PL_W662253560
P09976,HOME,PL_W659248253
P09976,WORK,PL_W142432175
P09976,CHILD_SCHOOL,PL_W220406701
P09977,HOME,PL_W450697861
P09977,WORK,PL_N13198723253
P09978,HOME,PL_W662776326
P09978,WORK,PL_W34582141
P09979,HOME,PL_W703251916
P09979,WORK,PL_W288106846
P09980,HOME,PL_W1075561267
P09980,WORK,PL_W805394931
P09981,HOME,PL_W660837512
P09981,WORK,PL_N2532915769
P09982,HOME,PL_W31451085
P09982,WORK,PL_W661193603
P09983,HOME,PL_W31619298
P09983,WORK,PL_W33561118
P09984,HOME,PL_W659245647
P09984,WORK,PL_W674566387
P09984,CHILD_SCHOOL,PL_W56184642
P09985,HOME,PL_W31622235
P09985,WORK,PL_N13879201819
P09985,CHILD_SCHOOL,PL_W42525407
P09986,HOME,PL_W661274666
P09986,WORK,PL_W215499749
P09986,CHILD_SCHOOL,PL_W704597788
P09987,HOME,PL_W36803732
P09987,WORK,PL_W25033696
P09988,HOME,PL_W705121011
P09988,WORK,PL_W137927025
P09989,HOME,PL_W660357304
P09989,WORK,PL_W802230932
P09990,HOME,PL_W705649183
P09990,WORK,PL_N4368798489
P09991,HOME,PL_W1257723425
P09991,UNIVERSITY,PL_N3925813284
P09992,HOME,PL_W705011695
P09992,WORK,PL_W79157053
P09992,CHILD_SCHOOL,PL_N8024045509
P09993,HOME,PL_W1167158866
P09993,WORK,PL_W1167158866
P09994,HOME,PL_W33036594
P09994,WORK,PL_W659581417
P09994,CHILD_SCHOOL,PL_W56184642
P09995,HOME,PL_W31617621
P09995,WORK,PL_W797151986
P09996,HOME,PL_W662390711
P09996,WORK,PL_W79659931
P09996,CHILD_SCHOOL,PL_W125776367
P09997,HOME,PL_W31451200
P09997,WORK,PL_W660807081
P09997,CHILD_SCHOOL,PL_W148163965
P09998,HOME,PL_W659729339
P09998,WORK,PL_W34690059
P09998,CHILD_SCHOOL,PL_W34228911
P09999,HOME,PL_W706192710
P09999,WORK,PL_W661774417
P10000,HOME,PL_W421650452
P10000,WORK,PL_W659838465
