person_id,organization_id,team_id,member_role,work_place_id,match_distance_m,match_confidence
P00001,ORG_UNRES_W660842583,ORG_UNRES_W660842583_T001,销售经理,PL_W660842583,0.0,unresolved
P00002,ORG_N10537982829,ORG_N10537982829_T001,会计,PL_W31451792,40.9,medium
P00003,ORG_N7797331451,ORG_N7797331451_T001,硕士研究生,PL_N7797331451,0.0,verified
P00004,ORG_N11281663890,ORG_N11281663890_T001,客服,PL_N11281663890,0.0,verified
P00005,ORG_W25656474,ORG_W25656474_T001,收银员,PL_W25656474,0.0,verified
P00006,ORG_W444340651,ORG_W444340651_T001,数据分析师,PL_W444340651,0.0,verified
P00007,ORG_UNRES_W662257868,ORG_UNRES_W662257868_T001,采购经理,PL_W662257868,0.0,unresolved
P00008,ORG_N5462911230,ORG_N5462911230_T001,自由销售,PL_N5462911230,0.0,verified
P00009,ORG_UNRES_W31617621,ORG_UNRES_W31617621_T001,咨询顾问,PL_W31617621,0.0,unresolved
P00010,ORG_N1859441255,ORG_N1859441255_T001,厨师,PL_N1859441255,0.0,verified
P00011,ORG_W61429677,ORG_W61429677_T002,保安,PL_W61429677,0.0,verified
P00012,ORG_N3440216089,ORG_N3440216089_T001,客户专员,PL_W55029513,25.5,medium
P00013,ORG_UNRES_W661065097,ORG_UNRES_W661065097_T001,建筑工人,PL_W661065097,0.0,unresolved
P00014,ORG_N7658272777,ORG_N7658272777_T001,会计,PL_W60185753,41.5,medium
P00015,ORG_N4602942588,ORG_N4602942588_T001,保安,PL_N4602942588,0.0,verified
P00016,ORG_W23447514,ORG_W23447514_T001,本科生,PL_W23447514,0.0,verified
P00017,ORG_N2849241120,ORG_N2849241120_T001,健身教练,PL_N2849241120,0.0,verified
P00018,ORG_N4030019996,ORG_N4030019996_T001,零售店员,PL_N4030019996,0.0,verified
P00019,ORG_N13744124758,ORG_N13744124758_T001,理发师,PL_N13744124758,0.0,verified
P00020,ORG_UNRES_W705529518,ORG_UNRES_W705529518_T001,自媒体从业者,PL_W705529518,0.0,unresolved
P00021,ORG_W233129906,ORG_W233129906_T001,美容师,PL_W233129906,0.0,verified
P00022,ORG_W32556500,ORG_W32556500_T001,焊工,PL_W660836793,77.3,medium
P00023,ORG_UNRES_W34484343,ORG_UNRES_W34484343_T001,设备操作员,PL_W34484343,0.0,unresolved
P00024,ORG_UNRES_W66983994,ORG_UNRES_W66983994_T001,卡车司机,PL_W66983994,0.0,unresolved
P00025,ORG_W58728305,ORG_W58728305_T001,数据分析师,PL_W58728305,0.0,verified
P00026,ORG_W1540356416,ORG_W1540356416_T001,本科生,PL_W1540356416,0.0,verified
P00027,ORG_UNRES_W704731338,ORG_UNRES_W704731338_T001,行政专员,PL_W704731338,0.0,unresolved
P00028,ORG_W93810037,ORG_W93810037_T001,软件工程师,PL_W93810037,0.0,verified
P00029,ORG_UNRES_W660636413,ORG_UNRES_W660636413_T001,咨询顾问,PL_W660636413,0.0,unresolved
P00030,ORG_UNRES_W457493164,ORG_UNRES_W457493164_T001,独立程序员,PL_W457493164,0.0,unresolved
P00031,ORG_N6181447582,ORG_N6181447582_T001,会计,PL_N6181447582,0.0,verified
P00032,ORG_N6309928577,ORG_N6309928577_T001,项目经理,PL_W658018645,43.9,medium
P00033,ORG_N3007175447,ORG_N3007175447_T001,财务经理,PL_W953878382,48.2,medium
P00034,ORG_UNRES_W43806818,ORG_UNRES_W43806818_T001,维修技师,PL_W43806818,0.0,unresolved
P00035,ORG_N13717400049,ORG_N13717400049_T001,美容师,PL_N13717400049,0.0,verified
P00036,ORG_W31754521,ORG_W31754521_T001,翻译,PL_W31754521,0.0,verified
P00037,ORG_W58673690,ORG_W58673690_T001,设备操作员,PL_W58673686,89.3,medium
P00038,ORG_N6175713509,ORG_N6175713509_T001,采购专员,PL_W59244428,8.4,high
P00039,ORG_W58646801,ORG_W58646801_T001,焊工,PL_W58646801,0.0,verified
P00040,ORG_UNRES_W302935292,ORG_UNRES_W302935292_T001,建筑工人,PL_W302935292,0.0,unresolved
P00041,ORG_W662100610,ORG_W662100610_T001,采购经理,PL_W662100744,73.8,medium
P00042,ORG_N6621951597,ORG_N6621951597_T001,健身教练,PL_N6621951597,0.0,verified
P00043,ORG_N11115201179,ORG_N11115201179_T001,本科生,PL_N11115201179,0.0,verified
P00044,ORG_UNRES_W669624360,ORG_UNRES_W669624360_T001,客户经理,PL_W669624360,0.0,unresolved
P00045,ORG_N7751982695,ORG_N7751982695_T001,财务主管,PL_W31926854,45.5,medium
P00046,ORG_UNRES_W34749604,ORG_UNRES_W34749604_T001,软件工程师,PL_W34749604,0.0,unresolved
P00047,ORG_N6549810550,ORG_N6549810550_T001,采购专员,PL_W661897517,29.7,medium
P00048,ORG_UNRES_W659322530,ORG_UNRES_W659322530_T001,高级软件工程师,PL_W659322530,0.0,unresolved
P00049,ORG_N11663588957,ORG_N11663588957_T001,客户专员,PL_W943602453,33.4,medium
P00050,ORG_W229563603,ORG_W229563603_T001,销售代表,PL_W229563603,0.0,verified
P00051,ORG_W58567258,ORG_W58567258_T001,搬运工,PL_W58567258,0.0,verified
P00052,ORG_N13582570978,ORG_N13582570978_T001,客户经理,PL_W302103495,49.9,medium
P00053,ORG_UNRES_W185655076,ORG_UNRES_W185655076_T001,汽车技师,PL_W185655076,0.0,unresolved
P00054,ORG_W27767634,ORG_W27767634_T001,行政专员,PL_W27767634,0.0,verified
P00055,ORG_UNRES_W670272316,ORG_UNRES_W670272316_T001,财务专员,PL_W670272316,0.0,unresolved
P00056,ORG_UNRES_W165787889,ORG_UNRES_W165787889_T001,高级软件工程师,PL_W165787889,0.0,unresolved
P00057,ORG_W115222390,ORG_W115222390_T001,财务专员,PL_W115222390,0.0,verified
P00058,ORG_UNRES_W33296742,ORG_UNRES_W33296742_T001,搬运工,PL_W33296742,0.0,unresolved
P00059,ORG_W34582534,ORG_W34582534_T001,软件工程师,PL_W34582534,0.0,verified
P00060,ORG_W23447424,ORG_W23447424_T001,硕士研究生,PL_W23447424,0.0,verified
P00061,ORG_N5478431221,ORG_N5478431221_T001,咖啡师,PL_N5478431221,0.0,verified
P00062,ORG_N5508838727,ORG_N5508838727_T001,自由销售,PL_N5508838727,0.0,verified
P00063,ORG_UNRES_W33362896,ORG_UNRES_W33362896_T001,汽车技师,PL_W33362896,0.0,unresolved
P00064,ORG_W61010490,ORG_W61010490_T001,自由设计师,PL_W61010490,0.0,verified
P00065,ORG_N6558113016,ORG_N6558113016_T001,产品经理,PL_W659632945,50.9,medium
P00066,ORG_N7578550206,ORG_N7578550206_T001,保安,PL_N7578550206,0.0,verified
P00067,ORG_N6549452007,ORG_N6549452007_T001,保安,PL_N6549452007,0.0,verified
P00068,ORG_UNRES_W66984063,ORG_UNRES_W66984063_T001,运营专员,PL_W66984063,0.0,unresolved
P00069,ORG_N5169424170,ORG_N5169424170_T001,行政专员,PL_N5169424170,0.0,verified
P00070,ORG_N9230904959,ORG_N9230904959_T001,私教,PL_N9230904959,0.0,verified
P00071,ORG_UNRES_W660248239,ORG_UNRES_W660248239_T001,配送员,PL_W660248239,0.0,unresolved
P00072,ORG_UNRES_W34582782,ORG_UNRES_W34582782_T001,建筑工人,PL_W34582782,0.0,unresolved
P00073,ORG_N6736714235,ORG_N6736714235_T001,房产经纪,PL_W34582270,55.3,medium
P00074,ORG_W80378604,ORG_W80378604_T002,销售经理,PL_W80378604,0.0,verified
P00075,ORG_N8822751259,ORG_N8822751259_T001,高级数据分析师,PL_W678508073,91.8,medium
P00076,ORG_N6448767788,ORG_N6448767788_T001,采购经理,PL_W663828131,48.7,medium
P00077,ORG_UNRES_W573332603,ORG_UNRES_W573332603_T001,自由销售,PL_W573332603,0.0,unresolved
P00078,ORG_UNRES_W659829644,ORG_UNRES_W659829644_T001,独立承包商,PL_W659829644,0.0,unresolved
P00079,ORG_W231284913,ORG_W231284913_T001,客服,PL_W231284913,0.0,verified
P00080,ORG_UNRES_W398743849,ORG_UNRES_W398743849_T001,设备操作员,PL_W398743849,0.0,unresolved
P00081,ORG_N2117820215,ORG_N2117820215_T001,零售店员,PL_N2117820215,0.0,verified
P00082,ORG_N3326906383,ORG_N3326906383_T001,财务经理,PL_N3326906383,0.0,verified
P00083,ORG_N6323402035,ORG_N6323402035_T001,美容师,PL_N6323402035,0.0,verified
P00084,ORG_N3206983509,ORG_N3206983509_T001,咖啡师,PL_N3206983509,0.0,verified
P00085,ORG_N803168349,ORG_N803168349_T001,运营经理,PL_W598637693,36.4,medium
P00086,ORG_N13011543841,ORG_N13011543841_T001,零售店员,PL_N13011543841,0.0,verified
P00087,ORG_N13374681271,ORG_N13374681271_T001,高级软件工程师,PL_W661194117,53.0,medium
P00088,ORG_UNRES_W659454661,ORG_UNRES_W659454661_T001,私教,PL_W659454661,0.0,unresolved
P00089,ORG_W27767627,ORG_W27767627_T001,采购专员,PL_W27767627,0.0,verified
P00090,ORG_N12456228544,ORG_N12456228544_T001,网店经营者,PL_N12456228544,0.0,verified
P00091,ORG_N4507572289,ORG_N4507572289_T001,本科生,PL_N4507572289,0.0,verified
P00092,ORG_N9810859614,ORG_N9810859614_T001,房产经纪,PL_N9810859614,0.0,verified
P00093,ORG_N7574259926,ORG_N7574259926_T001,美容师,PL_N7574259926,0.0,verified
P00094,ORG_N9633703338,ORG_N9633703338_T001,硕士研究生,PL_N9633703338,0.0,verified
P00095,ORG_UNRES_W59146421,ORG_UNRES_W59146421_T001,高级运营专员,PL_W59146421,0.0,unresolved
P00096,ORG_W195412354,ORG_W195412354_T001,数据分析师,PL_W796687023,81.0,medium
P00097,ORG_N276474692,ORG_N276474692_T001,咖啡师,PL_N276474692,0.0,verified
P00098,ORG_N4285491274,ORG_N4285491274_T001,健身教练,PL_N4285491274,0.0,verified
P00099,ORG_W505921693,ORG_W505921693_T001,硕士研究生,PL_W505921693,0.0,verified
P00100,ORG_W58362432,ORG_W58362432_T001,HR经理,PL_W670293204,17.0,high
P00101,ORG_UNRES_W659588028,ORG_UNRES_W659588028_T001,配送员,PL_W659588028,0.0,unresolved
P00102,ORG_N1458108002,ORG_N1458108002_T001,理发师,PL_N1458108002,0.0,verified
P00103,ORG_N7797311506,ORG_N7797311506_T001,美容师,PL_N7797311506,0.0,verified
P00104,ORG_N4171613669,ORG_N4171613669_T001,会计,PL_W402197619,4.2,high
P00105,ORG_UNRES_W32596553,ORG_UNRES_W32596553_T001,高级数据分析师,PL_W32596553,0.0,unresolved
P00106,ORG_UNRES_W1037818938,ORG_UNRES_W1037818938_T001,网店经营者,PL_W1037818938,0.0,unresolved
P00107,ORG_N686709932,ORG_N686709932_T001,厨师,PL_N686709932,0.0,verified
P00108,ORG_W23447514,ORG_W23447514_T001,博士研究生,PL_W23447514,0.0,verified
P00109,ORG_N13885908649,ORG_N13885908649_T001,会计,PL_N13885908649,0.0,verified
P00110,ORG_N13141019891,ORG_N13141019891_T001,软件工程师,PL_N13141019891,0.0,verified
P00111,ORG_N11961730316,ORG_N11961730316_T001,运营经理,PL_W661078033,5.3,high
P00112,ORG_N7797305033,ORG_N7797305033_T001,销售经理,PL_N7797305033,0.0,verified
P00113,ORG_W266875413,ORG_W266875413_T001,客户专员,PL_W266875413,0.0,verified
P00114,ORG_N11037727634,ORG_N11037727634_T001,餐厅服务员,PL_N11037727634,0.0,verified
P00115,ORG_W363351235,ORG_W363351235_T001,行政专员,PL_W363351235,0.0,verified
P00116,ORG_UNRES_W677770991,ORG_UNRES_W677770991_T001,快递员,PL_W677770991,0.0,unresolved
P00117,ORG_UNRES_W660636992,ORG_UNRES_W660636992_T001,咨询顾问,PL_W660636992,0.0,unresolved
P00118,ORG_W298176032,ORG_W298176032_T001,电工,PL_W953878382,75.0,medium
P00119,ORG_W61429979,ORG_W61429979_T001,高级软件工程师,PL_W61429979,0.0,verified
P00120,ORG_UNRES_W43809844,ORG_UNRES_W43809844_T001,HR经理,PL_W43809844,0.0,unresolved
P00121,ORG_N6542570343,ORG_N6542570343_T001,餐厅服务员,PL_N6542570343,0.0,verified
P00122,ORG_N6538304663,ORG_N6538304663_T001,美容师,PL_N6538304663,0.0,verified
P00123,ORG_N10977886210,ORG_N10977886210_T001,硕士研究生,PL_N10977886210,0.0,verified
P00124,ORG_UNRES_W58361992,ORG_UNRES_W58361992_T001,快递员,PL_W58361992,0.0,unresolved
P00125,ORG_UNRES_W66983851,ORG_UNRES_W66983851_T001,仓库操作员,PL_W66983851,0.0,unresolved
P00126,ORG_UNRES_W400575633,ORG_UNRES_W400575633_T001,软件工程师,PL_W400575633,0.0,unresolved
P00127,ORG_N3672015342,ORG_N3672015342_T001,理发师,PL_N3672015342,0.0,verified
P00128,ORG_UNRES_W313908676,ORG_UNRES_W313908676_T001,网店经营者,PL_W313908676,0.0,unresolved
P00129,ORG_W43417475,ORG_W43417475_T001,设计师,PL_W43417475,0.0,verified
P00130,ORG_N6551695028,ORG_N6551695028_T001,数据分析师,PL_N6551695028,0.0,verified
P00131,ORG_N13932260738,ORG_N13932260738_T001,零售店员,PL_N13932260738,0.0,verified
P00132,ORG_W33013888,ORG_W33013888_T001,本科生,PL_W33013888,0.0,verified
P00133,ORG_W353252514,ORG_W353252514_T001,房产经纪,PL_W66979920,43.4,medium
P00134,ORG_N9672889271,ORG_N9672889271_T001,高级数据分析师,PL_W421084023,44.6,medium
P00135,ORG_UNRES_W904554236,ORG_UNRES_W904554236_T001,网店经营者,PL_W904554236,0.0,unresolved
P00136,ORG_UNRES_W32507037,ORG_UNRES_W32507037_T001,快递员,PL_W32507037,0.0,unresolved
P00137,ORG_W661951775,ORG_W661951775_T001,卡车司机,PL_W661951775,0.0,verified
P00138,ORG_UNRES_W291464330,ORG_UNRES_W291464330_T001,高级数据分析师,PL_W291464330,0.0,unresolved
P00139,ORG_UNRES_W176968753,ORG_UNRES_W176968753_T001,采购专员,PL_W176968753,0.0,unresolved
P00140,ORG_W32624097,ORG_W32624097_T001,销售代表,PL_W32624097,0.0,verified
P00141,ORG_W23201612,ORG_W23201612_T001,设计师,PL_W23201612,0.0,verified
P00142,ORG_N13609461843,ORG_N13609461843_T001,独立程序员,PL_N13609461843,0.0,verified
P00143,ORG_N11037686277,ORG_N11037686277_T001,财务专员,PL_W661770747,4.3,high
P00144,ORG_UNRES_W678933220,ORG_UNRES_W678933220_T001,项目经理,PL_W678933220,0.0,unresolved
P00145,ORG_W662763557,ORG_W662763557_T001,客户专员,PL_W662763557,0.0,verified
P00146,ORG_W70510674,ORG_W70510674_T001,行政专员,PL_W70510674,0.0,verified
P00147,ORG_UNRES_W804386850,ORG_UNRES_W804386850_T001,项目经理,PL_W804386850,0.0,unresolved
P00148,ORG_UNRES_W661076721,ORG_UNRES_W661076721_T001,自由销售,PL_W661076721,0.0,unresolved
P00149,ORG_W288106846,ORG_W288106846_T001,酒店服务人员,PL_W288106846,0.0,verified
P00150,ORG_N9550175417,ORG_N9550175417_T001,本科生,PL_N9550175417,0.0,verified
P00151,ORG_W103619676,ORG_W103619676_T001,快递员,PL_W103619594,88.9,medium
P00152,ORG_N8639235068,ORG_N8639235068_T001,健身教练,PL_N8639235068,0.0,verified
P00153,ORG_N5440279122,ORG_N5440279122_T001,自由销售,PL_W69706533,51.5,medium
P00154,ORG_W34614474,ORG_W34614474_T002,客户经理,PL_W34614474,0.0,verified
P00155,ORG_N968464560,ORG_N968464560_T001,客服,PL_N968464560,0.0,verified
P00156,ORG_N12995038539,ORG_N12995038539_T001,自由销售,PL_N12995038539,0.0,verified
P00157,ORG_N2294991326,ORG_N2294991326_T001,数据分析师,PL_N2294991326,0.0,verified
P00158,ORG_W662100610,ORG_W662100610_T001,采购经理,PL_W674557300,59.2,medium
P00159,ORG_W25636424,ORG_W25636424_T001,收银员,PL_W25636424,0.0,verified
P00160,ORG_N6334374243,ORG_N6334374243_T001,采购专员,PL_N6334374243,0.0,verified
P00161,ORG_N4966102778,ORG_N4966102778_T001,项目经理,PL_W33561679,9.1,high
P00162,ORG_UNRES_W659422197,ORG_UNRES_W659422197_T001,产品经理,PL_W659422197,0.0,unresolved
P00163,ORG_W58936360,ORG_W58936360_T001,酒店前台,PL_W58936360,0.0,verified
P00164,ORG_N13582570978,ORG_N13582570978_T001,项目经理,PL_W55647680,7.3,high
P00165,ORG_N11800701980,ORG_N11800701980_T001,咖啡师,PL_N11800701980,0.0,verified
P00166,ORG_UNRES_W703776808,ORG_UNRES_W703776808_T001,区域经理,PL_W703776808,0.0,unresolved
P00167,ORG_W663827160,ORG_W663827160_T001,高级数据分析师,PL_W1099743736,5.1,high
P00168,ORG_UNRES_W661292604,ORG_UNRES_W661292604_T001,安装工,PL_W661292604,0.0,unresolved
P00169,ORG_UNRES_W704634881,ORG_UNRES_W704634881_T001,项目经理,PL_W704634881,0.0,unresolved
P00170,ORG_W35491449,ORG_W35491449_T001,电工,PL_W35491449,0.0,verified
P00171,ORG_N3941602078,ORG_N3941602078_T001,客服,PL_N3941602088,23.3,high
P00172,ORG_W34749730,ORG_W34749730_T001,酒店前台,PL_W34749730,0.0,verified
P00173,ORG_UNRES_W67139134,ORG_UNRES_W67139134_T001,数据分析师,PL_W67139134,0.0,unresolved
P00174,ORG_UNRES_W180167448,ORG_UNRES_W180167448_T001,电工,PL_W180167448,0.0,unresolved
P00175,ORG_W25491342,ORG_W25491342_T002,酒店服务人员,PL_W25491342,0.0,verified
P00176,ORG_N13608377256,ORG_N13608377256_T001,运营专员,PL_N13608377256,0.0,verified
P00177,ORG_UNRES_W664732076,ORG_UNRES_W664732076_T001,快递员,PL_W664732076,0.0,unresolved
P00178,ORG_UNRES_W659548975,ORG_UNRES_W659548975_T001,翻译,PL_W659548975,0.0,unresolved
P00179,ORG_W115222390,ORG_W115222390_T001,产品经理,PL_W115222390,0.0,verified
P00180,ORG_UNRES_W661049738,ORG_UNRES_W661049738_T001,运营专员,PL_W661049738,0.0,unresolved
P00181,ORG_N13976324239,ORG_N13976324239_T001,产品经理,PL_N13976324239,0.0,verified
P00182,ORG_N11961730316,ORG_N11961730316_T001,销售代表,PL_W661077890,98.0,medium
P00183,ORG_N13944161395,ORG_N13944161395_T001,美容师,PL_N13944161395,0.0,verified
P00184,ORG_W141284992,ORG_W141284992_T001,HR经理,PL_W141284992,0.0,verified
P00185,ORG_N6341947267,ORG_N6341947267_T001,收银员,PL_N6341947267,0.0,verified
P00186,ORG_N6370888056,ORG_N6370888056_T001,零售店员,PL_N6370888056,0.0,verified
P00187,ORG_N1125532862,ORG_N1125532862_T001,高级软件工程师,PL_W660624564,29.5,medium
P00188,ORG_N804608061,ORG_N804608061_T001,HR经理,PL_W796670679,76.0,medium
P00189,ORG_W180193897,ORG_W180193897_T001,高级运营专员,PL_W180193897,0.0,verified
P00190,ORG_W150506087,ORG_W150506087_T002,酒店服务人员,PL_W150506087,0.0,verified
P00191,ORG_UNRES_W661263197,ORG_UNRES_W661263197_T001,翻译,PL_W661263197,0.0,unresolved
P00192,ORG_UNRES_W671876643,ORG_UNRES_W671876643_T001,销售代表,PL_W671876643,0.0,unresolved
P00193,ORG_UNRES_W60516143,ORG_UNRES_W60516143_T001,安装工,PL_W60516143,0.0,unresolved
P00194,ORG_UNRES_W703251903,ORG_UNRES_W703251903_T001,翻译,PL_W703251903,0.0,unresolved
P00195,ORG_N7797331451,ORG_N7797331451_T001,硕士研究生,PL_N7797331451,0.0,verified
P00196,ORG_N6552111897,ORG_N6552111897_T001,美容师,PL_N6552111897,0.0,verified
P00197,ORG_N9133561186,ORG_N9133561186_T001,自由销售,PL_W56724000,57.2,medium
P00198,ORG_W1504222043,ORG_W1504222043_T001,本科生,PL_W1504222043,0.0,verified
P00199,ORG_N6491618253,ORG_N6491618253_T001,美容师,PL_N6491618253,0.0,verified
P00200,ORG_N12919738554,ORG_N12919738554_T001,美容师,PL_N12919738554,0.0,verified
P00201,ORG_W25650677,ORG_W25650677_T001,HR经理,PL_W25650677,0.0,verified
P00202,ORG_UNRES_W659243961,ORG_UNRES_W659243961_T001,自媒体从业者,PL_W659243961,0.0,unresolved
P00203,ORG_N13157166833,ORG_N13157166833_T001,私教,PL_N13157166833,0.0,verified
P00204,ORG_N3811486813,ORG_N3811486813_T001,高级软件工程师,PL_N3811486813,0.0,verified
P00205,ORG_UNRES_W659138583,ORG_UNRES_W659138583_T001,设计师,PL_W659138583,0.0,unresolved
P00206,ORG_W27767624,ORG_W27767624_T001,运营专员,PL_W27767624,0.0,verified
P00207,ORG_N12821333240,ORG_N12821333240_T001,设计师,PL_N12821333240,0.0,verified
P00208,ORG_UNRES_W676111885,ORG_UNRES_W676111885_T001,安装工,PL_W676111885,0.0,unresolved
P00209,ORG_W170244790,ORG_W170244790_T001,酒店前台,PL_W170244790,0.0,verified
P00210,ORG_N12596689453,ORG_N12596689453_T001,翻译,PL_N12596689453,0.0,verified
P00211,ORG_W662098193,ORG_W662098193_T001,客服,PL_W662098193,0.0,verified
P00212,ORG_N6334228526,ORG_N6334228526_T001,零售店员,PL_N6334228526,0.0,verified
P00213,ORG_N4327300545,ORG_N4327300545_T001,高级产品经理,PL_N4327300545,0.0,verified
P00214,ORG_N3326486318,ORG_N3326486318_T001,客服,PL_N3326486318,0.0,verified
P00215,ORG_N13281966301,ORG_N13281966301_T001,美容师,PL_N13281966301,0.0,verified
P00216,ORG_UNRES_W660807107,ORG_UNRES_W660807107_T001,快递员,PL_W660807107,0.0,unresolved
P00217,ORG_UNRES_W58431314,ORG_UNRES_W58431314_T001,HR经理,PL_W58431314,0.0,unresolved
P00218,ORG_N12326900682,ORG_N12326900682_T001,独立承包商,PL_N12326900682,0.0,verified
P00219,ORG_N2711784528,ORG_N2711784528_T001,零售店员,PL_N2711784528,0.0,verified
P00220,ORG_W659460157,ORG_W659460157_T001,高级运营专员,PL_W659459829,40.5,medium
P00221,ORG_W34582257,ORG_W34582257_T001,数据分析师,PL_W34582257,0.0,verified
P00222,ORG_N6543841089,ORG_N6543841089_T001,零售店员,PL_N6543841089,0.0,verified
P00223,ORG_UNRES_W659581419,ORG_UNRES_W659581419_T001,销售代表,PL_W659581419,0.0,unresolved
P00224,ORG_UNRES_W702169782,ORG_UNRES_W702169782_T001,网店经营者,PL_W702169782,0.0,unresolved
P00225,ORG_N6306326501,ORG_N6306326501_T001,零售店员,PL_N6306326501,0.0,verified
P00226,ORG_W805392730,ORG_W805392730_T001,设计师,PL_W805392730,0.0,verified
P00227,ORG_N10221864570,ORG_N10221864570_T001,厨师,PL_N10221864570,0.0,verified
P00228,ORG_UNRES_W34554802,ORG_UNRES_W34554802_T001,房产经纪,PL_W34554802,0.0,unresolved
P00229,ORG_N6546233079,ORG_N6546233079_T001,咖啡师,PL_N6546233079,0.0,verified
P00230,ORG_N6535127740,ORG_N6535127740_T001,餐厅服务员,PL_N6535127740,0.0,verified
P00231,ORG_N12227880714,ORG_N12227880714_T001,本科生,PL_N12227880714,0.0,verified
P00232,ORG_UNRES_W705170964,ORG_UNRES_W705170964_T001,数据分析师,PL_W705170964,0.0,unresolved
P00233,ORG_W62058576,ORG_W62058576_T001,会计,PL_W62058576,0.0,verified
P00234,ORG_UNRES_W1091080136,ORG_UNRES_W1091080136_T001,仓库操作员,PL_W1091080136,0.0,unresolved
P00235,ORG_UNRES_W34484468,ORG_UNRES_W34484468_T001,卡车司机,PL_W34484468,0.0,unresolved
P00236,ORG_N5706236065,ORG_N5706236065_T002,销售代表,PL_W599480360,41.6,medium
P00237,ORG_W195846567,ORG_W195846567_T001,厨师,PL_W195846567,0.0,verified
P00238,ORG_N13719653017,ORG_N13719653017_T001,餐厅服务员,PL_N13719653017,0.0,verified
P00239,ORG_W231773826,ORG_W231773826_T002,酒店前台,PL_W231773826,0.0,verified
P00240,ORG_N13783178348,ORG_N13783178348_T001,美容师,PL_N13783178348,0.0,verified
P00241,ORG_N8893534012,ORG_N8893534012_T001,采购专员,PL_N8893534012,0.0,verified
P00242,ORG_N2681580824,ORG_N2681580824_T001,博士研究生,PL_N2681580824,0.0,verified
P00243,ORG_N6481876648,ORG_N6481876648_T001,高级数据分析师,PL_N6481876648,0.0,verified
P00244,ORG_W61759776,ORG_W61759776_T001,本科生,PL_W61759776,0.0,verified
P00245,ORG_UNRES_W804394054,ORG_UNRES_W804394054_T001,客户经理,PL_W804394054,0.0,unresolved
P00246,ORG_W200089381,ORG_W200089381_T001,收银员,PL_W200089381,0.0,verified
P00247,ORG_UNRES_W89185218,ORG_UNRES_W89185218_T001,高级软件工程师,PL_W89185218,0.0,unresolved
P00248,ORG_UNRES_W662442429,ORG_UNRES_W662442429_T001,维修技师,PL_W662442429,0.0,unresolved
P00249,ORG_N5861434785,ORG_N5861434785_T001,客户专员,PL_W314664870,3.0,high
P00250,ORG_UNRES_W420792789,ORG_UNRES_W420792789_T001,软件工程师,PL_W420792789,0.0,unresolved
P00251,ORG_N6415420668,ORG_N6415420668_T001,独立承包商,PL_N6415420668,0.0,verified
P00252,ORG_UNRES_W660807044,ORG_UNRES_W660807044_T001,高级数据分析师,PL_W660807044,0.0,unresolved
P00253,ORG_UNRES_W661314422,ORG_UNRES_W661314422_T001,设备操作员,PL_W661314422,0.0,unresolved
P00254,ORG_N5721034443,ORG_N5721034443_T001,保安,PL_N5721034443,0.0,verified
P00255,ORG_UNRES_W1350503254,ORG_UNRES_W1350503254_T001,数据分析师,PL_W1350503254,0.0,unresolved
P00256,ORG_UNRES_W660075325,ORG_UNRES_W660075325_T001,自由设计师,PL_W660075325,0.0,unresolved
P00257,ORG_UNRES_W58325196,ORG_UNRES_W58325196_T001,汽车技师,PL_W58325196,0.0,unresolved
P00258,ORG_N2405832059,ORG_N2405832059_T001,自由设计师,PL_N2405832059,0.0,verified
P00259,ORG_N8550950821,ORG_N8550950821_T001,销售经理,PL_W61759775,70.4,medium
P00260,ORG_UNRES_W659422197,ORG_UNRES_W659422197_T001,汽车技师,PL_W659422197,0.0,unresolved
P00261,ORG_N14100912622,ORG_N14100912622_T001,咖啡师,PL_N14100912622,0.0,verified
P00262,ORG_N8776885249,ORG_N8776885249_T001,高级软件工程师,PL_N8776885249,0.0,verified
P00263,ORG_N6426770908,ORG_N6426770908_T001,产品经理,PL_N6426770908,0.0,verified
P00264,ORG_W35155100,ORG_W35155100_T001,酒店前台,PL_W35155100,0.0,verified
P00265,ORG_N5249129253,ORG_N5249129253_T001,餐厅服务员,PL_N5249129253,0.0,verified
P00266,ORG_UNRES_W66979680,ORG_UNRES_W66979680_T001,高级运营专员,PL_W66979680,0.0,unresolved
P00267,ORG_W33189807,ORG_W33189807_T001,运营经理,PL_W33189807,0.0,verified
P00268,ORG_N6306326488,ORG_N6306326488_T001,零售店员,PL_N9627769801,33.5,medium
P00269,ORG_N4640688023,ORG_N4640688023_T001,理发师,PL_N4640688023,0.0,verified
P00270,ORG_N1172146388,ORG_N1172146388_T001,健身教练,PL_N1172146388,0.0,verified
P00271,ORG_W663871232,ORG_W663871232_T001,销售代表,PL_W663871232,0.0,verified
P00272,ORG_N10969431953,ORG_N10969431953_T001,采购专员,PL_N10969431953,0.0,verified
P00273,ORG_W1268267050,ORG_W1268267050_T001,硕士研究生,PL_W1268267050,0.0,verified
P00274,ORG_UNRES_W205716722,ORG_UNRES_W205716722_T001,卡车司机,PL_W205716722,0.0,unresolved
P00275,ORG_N7559857500,ORG_N7559857500_T001,客服,PL_N7559857500,0.0,verified
P00276,ORG_UNRES_W661919736,ORG_UNRES_W661919736_T001,汽车技师,PL_W661919736,0.0,unresolved
P00277,ORG_UNRES_W658961508,ORG_UNRES_W658961508_T001,销售经理,PL_W658961508,0.0,unresolved
P00278,ORG_W34551490,ORG_W34551490_T001,厨师,PL_W34551490,0.0,verified
P00279,ORG_N3791777257,ORG_N3791777257_T001,厨师,PL_N3791777257,0.0,verified
P00280,ORG_W59244475,ORG_W59244475_T001,客户专员,PL_W59244475,0.0,verified
P00281,ORG_N547498239,ORG_N547498239_T001,本科生,PL_N547498239,0.0,verified
P00282,ORG_UNRES_W662259412,ORG_UNRES_W662259412_T001,销售代表,PL_W662259412,0.0,unresolved
P00283,ORG_UNRES_W801930757,ORG_UNRES_W801930757_T001,产品经理,PL_W801930757,0.0,unresolved
P00284,ORG_N7570784647,ORG_N7570784647_T002,高级数据分析师,PL_W1541291357,59.4,medium
P00285,ORG_UNRES_W662766749,ORG_UNRES_W662766749_T001,采购专员,PL_W662766749,0.0,unresolved
P00286,ORG_N6334487386,ORG_N6334487386_T001,餐厅服务员,PL_N6334487386,0.0,verified
P00287,ORG_W33764719,ORG_W33764719_T001,数据分析师,PL_W33764719,0.0,verified
P00288,ORG_W148646768,ORG_W148646768_T001,酒店服务人员,PL_W148646768,0.0,verified
P00289,ORG_UNRES_W33513200,ORG_UNRES_W33513200_T001,搬运工,PL_W33513200,0.0,unresolved
P00290,ORG_N2625364677,ORG_N2625364677_T001,收银员,PL_N2625364677,0.0,verified
P00291,ORG_UNRES_W662762554,ORG_UNRES_W662762554_T001,独立程序员,PL_W662762554,0.0,unresolved
P00292,ORG_N12895817528,ORG_N12895817528_T001,客服,PL_N12895817528,0.0,verified
P00293,ORG_N7797321403,ORG_N7797321403_T001,博士研究生,PL_N7797321403,0.0,verified
P00294,ORG_N1244922919,ORG_N1244922919_T001,保安,PL_N1244922919,0.0,verified
P00295,ORG_W160182860,ORG_W160182860_T001,软件工程师,PL_W935887012,18.8,high
P00296,ORG_W286262607,ORG_W286262607_T001,高级软件工程师,PL_W286262607,0.0,verified
P00297,ORG_N6545684809,ORG_N6545684809_T001,翻译,PL_W32706591,60.1,medium
P00298,ORG_UNRES_W112757867,ORG_UNRES_W112757867_T001,产品经理,PL_W112757867,0.0,unresolved
P00299,ORG_UNRES_W669604299,ORG_UNRES_W669604299_T001,设计师,PL_W669604299,0.0,unresolved
P00300,ORG_W55029942,ORG_W55029942_T001,区域经理,PL_W55029942,0.0,verified
P00301,ORG_N3729410887,ORG_N3729410887_T001,咖啡师,PL_N3729410887,0.0,verified
P00302,ORG_UNRES_W56238428,ORG_UNRES_W56238428_T001,建筑工人,PL_W56238428,0.0,unresolved
P00303,ORG_N13667122343,ORG_N13667122343_T001,产品经理,PL_N13667122343,0.0,verified
P00304,ORG_N2704939079,ORG_N2704939079_T001,运营专员,PL_N2704939079,0.0,verified
P00305,ORG_W33570228,ORG_W33570228_T001,产品经理,PL_W33570228,0.0,verified
P00306,ORG_W58362432,ORG_W58362432_T001,项目经理,PL_W58362432,0.0,verified
P00307,ORG_UNRES_W661251352,ORG_UNRES_W661251352_T001,汽车技师,PL_W661251352,0.0,unresolved
P00308,ORG_UNRES_W43805669,ORG_UNRES_W43805669_T001,维修技师,PL_W43805669,0.0,unresolved
P00309,ORG_N6546274462,ORG_N6546274462_T001,客服,PL_N6546274462,0.0,verified
P00310,ORG_N2346786893,ORG_N2346786893_T001,零售店员,PL_N2346786893,0.0,verified
P00311,ORG_N6561911453,ORG_N6561911453_T001,理发师,PL_N6561911453,0.0,verified
P00312,ORG_UNRES_W674573763,ORG_UNRES_W674573763_T001,配送员,PL_W674573763,0.0,unresolved
P00313,ORG_W436018569,ORG_W436018569_T001,房产经纪,PL_W436018569,0.0,verified
P00314,ORG_W31249292,ORG_W31249292_T001,设计师,PL_W31249292,0.0,verified
P00315,ORG_N214312005,ORG_N214312005_T001,保安,PL_N214312005,0.0,verified
P00316,ORG_UNRES_W61011663,ORG_UNRES_W61011663_T001,快递员,PL_W61011663,0.0,unresolved
P00317,ORG_N13041844671,ORG_N13041844671_T001,咖啡师,PL_N13041844671,0.0,verified
P00318,ORG_UNRES_W67132136,ORG_UNRES_W67132136_T001,HR经理,PL_W67132136,0.0,unresolved
P00319,ORG_N10537982829,ORG_N10537982829_T001,高级运营专员,PL_W31451804,46.0,medium
P00320,ORG_N6565345448,ORG_N6565345448_T001,客服,PL_N6565345448,0.0,verified
P00321,ORG_N13879320058,ORG_N13879320058_T001,本科生,PL_N13879320058,0.0,verified
P00322,ORG_N6845091828,ORG_N6845091828_T001,私教,PL_N6845091828,0.0,verified
P00323,ORG_W442980016,ORG_W442980016_T001,收银员,PL_W442980016,0.0,verified
P00324,ORG_UNRES_W660624564,ORG_UNRES_W660624564_T001,安装工,PL_W660624564,0.0,unresolved
P00325,ORG_UNRES_W659732221,ORG_UNRES_W659732221_T001,自由设计师,PL_W659732221,0.0,unresolved
P00326,ORG_N1125532862,ORG_N1125532862_T002,财务主管,PL_W660624564,29.5,medium
P00327,ORG_N9842856861,ORG_N9842856861_T001,收银员,PL_N9842856861,0.0,verified
P00328,ORG_UNRES_W333192880,ORG_UNRES_W333192880_T001,搬运工,PL_W333192880,0.0,unresolved
P00329,ORG_UNRES_W660934414,ORG_UNRES_W660934414_T001,高级数据分析师,PL_W660934414,0.0,unresolved
P00330,ORG_UNRES_W659447019,ORG_UNRES_W659447019_T001,独立程序员,PL_W659447019,0.0,unresolved
P00331,ORG_W34614474,ORG_W34614474_T001,汽车技师,PL_W34614474,0.0,verified
P00332,ORG_N13983285347,ORG_N13983285347_T001,项目经理,PL_W951835028,19.2,high
P00333,ORG_UNRES_W659729088,ORG_UNRES_W659729088_T001,自由设计师,PL_W659729088,0.0,unresolved
P00334,ORG_N12898232996,ORG_N12898232996_T001,本科生,PL_N12898232996,0.0,verified
P00335,ORG_N13543888609,ORG_N13543888609_T001,自媒体从业者,PL_N13543888609,0.0,verified
P00336,ORG_W61429979,ORG_W61429979_T001,设计师,PL_W61429979,0.0,verified
P00337,ORG_UNRES_W43806328,ORG_UNRES_W43806328_T001,摄影师,PL_W43806328,0.0,unresolved
P00338,ORG_N13890093482,ORG_N13890093482_T001,运营专员,PL_N13890093482,0.0,verified
P00339,ORG_UNRES_W659587770,ORG_UNRES_W659587770_T001,运营专员,PL_W659587770,0.0,unresolved
P00340,ORG_UNRES_W255630385,ORG_UNRES_W255630385_T001,设计师,PL_W255630385,0.0,unresolved
P00341,ORG_W27767625,ORG_W27767625_T001,房产经纪,PL_W27767625,0.0,verified
P00342,ORG_W294876668,ORG_W294876668_T001,销售代表,PL_W294876668,0.0,verified
P00343,ORG_UNRES_W1460928111,ORG_UNRES_W1460928111_T001,会计,PL_W1460928111,0.0,unresolved
P00344,ORG_N5223897945,ORG_N5223897945_T001,采购专员,PL_N5223897945,0.0,verified
P00345,ORG_N6736714235,ORG_N6736714235_T001,项目经理,PL_W34582270,55.3,medium
P00346,ORG_N3925813284,ORG_N3925813284_T001,本科生,PL_N3925813284,0.0,verified
P00347,ORG_UNRES_W1099726288,ORG_UNRES_W1099726288_T001,安装工,PL_W1099726288,0.0,unresolved
P00348,ORG_UNRES_W34204639,ORG_UNRES_W34204639_T001,安装工,PL_W34204639,0.0,unresolved
P00349,ORG_UNRES_W692005595,ORG_UNRES_W692005595_T001,HR经理,PL_W692005595,0.0,unresolved
P00350,ORG_W232951140,ORG_W232951140_T001,客服,PL_W232951140,0.0,verified
P00351,ORG_N777338608,ORG_N777338608_T001,美容师,PL_N777338608,0.0,verified
P00352,ORG_N6603447371,ORG_N6603447371_T001,美容师,PL_N6603447371,0.0,verified
P00353,ORG_N5223897945,ORG_N5223897945_T001,房产经纪,PL_N5223897945,0.0,verified
P00354,ORG_UNRES_W58030183,ORG_UNRES_W58030183_T001,HR经理,PL_W58030183,0.0,unresolved
P00355,ORG_W162607309,ORG_W162607309_T001,技术经理,PL_W162607309,0.0,verified
P00356,ORG_UNRES_W34546384,ORG_UNRES_W34546384_T001,设备操作员,PL_W34546384,0.0,unresolved
P00357,ORG_UNRES_W661078270,ORG_UNRES_W661078270_T001,卡车司机,PL_W661078270,0.0,unresolved
P00358,ORG_UNRES_W973784995,ORG_UNRES_W973784995_T001,电工,PL_W973784995,0.0,unresolved
P00359,ORG_N1885436866,ORG_N1885436866_T001,保安,PL_N1885436866,0.0,verified
P00360,ORG_N8755303552,ORG_N8755303552_T001,本科生,PL_N8755303552,0.0,verified
P00361,ORG_N8832604496,ORG_N8832604496_T001,本科生,PL_N8832604496,0.0,verified
P00362,ORG_W43810852,ORG_W43810852_T001,财务主管,PL_W676104927,54.0,medium
P00363,ORG_W23447424,ORG_W23447424_T001,硕士研究生,PL_W23447424,0.0,verified
P00364,ORG_N7255845244,ORG_N7255845244_T001,财务主管,PL_W301418957,48.0,medium
P00365,ORG_W60428571,ORG_W60428571_T001,仓库操作员,PL_W60428563,69.0,medium
P00366,ORG_UNRES_W61955719,ORG_UNRES_W61955719_T001,私教,PL_W61955719,0.0,unresolved
P00367,ORG_W56062996,ORG_W56062996_T001,焊工,PL_W504121396,85.1,medium
P00368,ORG_W416989000,ORG_W416989000_T001,酒店服务人员,PL_W416989000,0.0,verified
P00369,ORG_UNRES_W61698864,ORG_UNRES_W61698864_T001,HR经理,PL_W61698864,0.0,unresolved
P00370,ORG_N1125620864,ORG_N1125620864_T001,保安,PL_N1125620864,0.0,verified
P00371,ORG_UNRES_W31620037,ORG_UNRES_W31620037_T001,部门经理,PL_W31620037,0.0,unresolved
P00372,ORG_W1268267050,ORG_W1268267050_T001,硕士研究生,PL_W1268267050,0.0,verified
P00373,ORG_W183248449,ORG_W183248449_T001,行政专员,PL_W183248448,19.5,high
P00374,ORG_W34720688,ORG_W34720688_T001,会计,PL_W34720688,0.0,verified
P00375,ORG_N3618391889,ORG_N3618391889_T001,设计师,PL_N3618391889,0.0,verified
P00376,ORG_W115222390,ORG_W115222390_T001,高级产品经理,PL_W115222390,0.0,verified
P00377,ORG_UNRES_W31754570,ORG_UNRES_W31754570_T001,网店经营者,PL_W31754570,0.0,unresolved
P00378,ORG_W186024410,ORG_W186024410_T001,维修技师,PL_W186024410,0.0,verified
P00379,ORG_W696547796,ORG_W696547796_T001,收银员,PL_N8288458152,48.0,medium
P00380,ORG_N11937920049,ORG_N11937920049_T001,健身教练,PL_N11937920049,0.0,verified
P00381,ORG_W56058495,ORG_W56058495_T001,行政专员,PL_W56058495,0.0,verified
P00382,ORG_W27767631,ORG_W27767631_T001,软件工程师,PL_W27767633,66.7,medium
P00383,ORG_W61759777,ORG_W61759777_T001,自由设计师,PL_W60304156,49.9,medium
P00384,ORG_N6357163296,ORG_N6357163296_T001,客服,PL_N6357163296,0.0,verified
P00385,ORG_W231977751,ORG_W231977751_T001,HR经理,PL_W231977751,0.0,verified
P00386,ORG_W315222503,ORG_W315222503_T001,保安,PL_W315222503,0.0,verified
P00387,ORG_N7879203435,ORG_N7879203435_T001,运营专员,PL_N7879203435,0.0,verified
P00388,ORG_N3442199472,ORG_N3442199472_T001,餐厅服务员,PL_N3442199472,0.0,verified
P00389,ORG_UNRES_W663829669,ORG_UNRES_W663829669_T001,安装工,PL_W663829669,0.0,unresolved
P00390,ORG_UNRES_W41264916,ORG_UNRES_W41264916_T001,建筑工人,PL_W41264916,0.0,unresolved
P00391,ORG_W115222390,ORG_W115222390_T002,维修技师,PL_W115222390,0.0,verified
P00392,ORG_W61759776,ORG_W61759776_T003,本科生,PL_W61759776,0.0,verified
P00393,ORG_W804639074,ORG_W804639074_T001,酒店服务人员,PL_W804639074,0.0,verified
P00394,ORG_N13124257272,ORG_N13124257272_T001,零售店员,PL_N13124257272,0.0,verified
P00395,ORG_N13625545292,ORG_N13625545292_T001,理发师,PL_N13625545292,0.0,verified
P00396,ORG_W245209100,ORG_W245209100_T001,客服,PL_W245209100,0.0,verified
P00397,ORG_N13971311578,ORG_N13971311578_T001,收银员,PL_N13971311578,0.0,verified
P00398,ORG_N2883876001,ORG_N2883876001_T001,软件工程师,PL_N2883876001,0.0,verified
P00399,ORG_UNRES_W248103628,ORG_UNRES_W248103628_T001,客户专员,PL_W248103628,0.0,unresolved
P00400,ORG_N13608377256,ORG_N13608377256_T001,采购经理,PL_W33580855,11.1,high
P00401,ORG_W23447424,ORG_W23447424_T002,硕士研究生,PL_W23447424,0.0,verified
P00402,ORG_UNRES_W662099819,ORG_UNRES_W662099819_T001,维修技师,PL_W662099819,0.0,unresolved
P00403,ORG_N4995440147,ORG_N4995440147_T001,运营专员,PL_W304467254,13.1,high
P00404,ORG_W27778414,ORG_W27778414_T002,酒店前台,PL_W27778414,0.0,verified
P00405,ORG_N6422118762,ORG_N6422118762_T001,客户专员,PL_N6422118762,0.0,verified
P00406,ORG_UNRES_W658011237,ORG_UNRES_W658011237_T001,数据分析师,PL_W658011237,0.0,unresolved
P00407,ORG_W170051001,ORG_W170051001_T001,仓库操作员,PL_W170051001,0.0,verified
P00408,ORG_W1418991792,ORG_W1418991792_T001,销售经理,PL_W1418991792,0.0,verified
P00409,ORG_W56058495,ORG_W56058495_T001,业务负责人,PL_W56058495,0.0,verified
P00410,ORG_W796653482,ORG_W796653482_T001,高级运营专员,PL_W796654969,65.0,medium
P00411,ORG_N3654403517,ORG_N3654403517_T001,客服,PL_N3654403517,0.0,verified
P00412,ORG_UNRES_W662149303,ORG_UNRES_W662149303_T001,配送员,PL_W662149303,0.0,unresolved
P00413,ORG_UNRES_W660222957,ORG_UNRES_W660222957_T001,汽车技师,PL_W660222957,0.0,unresolved
P00414,ORG_N1365110586,ORG_N1365110586_T001,自由销售,PL_N1365110586,0.0,verified
P00415,ORG_N6551615785,ORG_N6551615785_T001,客户经理,PL_W797144957,16.9,high
P00416,ORG_N5106518330,ORG_N5106518330_T001,行政专员,PL_W292084213,4.8,high
P00417,ORG_W161110169,ORG_W161110169_T001,硕士研究生,PL_W161110169,0.0,verified
P00418,ORG_UNRES_W1544282802,ORG_UNRES_W1544282802_T001,配送员,PL_W1544282802,0.0,unresolved
P00419,ORG_N13915723228,ORG_N13915723228_T001,产品经理,PL_N13915723228,0.0,verified
P00420,ORG_UNRES_W659587785,ORG_UNRES_W659587785_T001,高级运营专员,PL_W659587785,0.0,unresolved
P00421,ORG_W59144913,ORG_W59144913_T001,健身教练,PL_W59144913,0.0,verified
P00422,ORG_W1504222290,ORG_W1504222290_T001,本科生,PL_W1504222290,0.0,verified
P00423,ORG_N6424404084,ORG_N6424404084_T001,财务专员,PL_W679550929,56.7,medium
P00424,ORG_N12863156081,ORG_N12863156081_T001,独立承包商,PL_N12863156081,0.0,verified
P00425,ORG_N6845991721,ORG_N6845991721_T001,运营专员,PL_W265703121,31.6,medium
P00426,ORG_UNRES_W122198143,ORG_UNRES_W122198143_T001,销售经理,PL_W122198143,0.0,unresolved
P00427,ORG_UNRES_W804618150,ORG_UNRES_W804618150_T001,高级运营专员,PL_W804618150,0.0,unresolved
P00428,ORG_UNRES_W67141459,ORG_UNRES_W67141459_T001,电工,PL_W67141459,0.0,unresolved
P00429,ORG_UNRES_W662213142,ORG_UNRES_W662213142_T001,房产经纪,PL_W662213142,0.0,unresolved
P00430,ORG_W150506087,ORG_W150506087_T001,酒店前台,PL_W150506087,0.0,verified
P00431,ORG_UNRES_W804360806,ORG_UNRES_W804360806_T001,配送员,PL_W804360806,0.0,unresolved
P00432,ORG_UNRES_W103093413,ORG_UNRES_W103093413_T001,独立程序员,PL_W103093413,0.0,unresolved
P00433,ORG_UNRES_W354395308,ORG_UNRES_W354395308_T001,建筑工人,PL_W354395308,0.0,unresolved
P00434,ORG_UNRES_W660357354,ORG_UNRES_W660357354_T001,部门经理,PL_W660357354,0.0,unresolved
P00435,ORG_W58326721,ORG_W58326721_T001,采购专员,PL_W58326721,0.0,verified
P00436,ORG_N1386854884,ORG_N1386854884_T001,理发师,PL_N1386854884,0.0,verified
P00437,ORG_N9633703338,ORG_N9633703338_T001,本科生,PL_N9633703338,0.0,verified
P00438,ORG_W61429677,ORG_W61429677_T001,酒店服务人员,PL_W61429677,0.0,verified
P00439,ORG_N14036160054,ORG_N14036160054_T001,高级软件工程师,PL_W334916363,35.3,medium
P00440,ORG_N4429343396,ORG_N4429343396_T001,咖啡师,PL_N4429343396,0.0,verified
P00441,ORG_UNRES_W660624564,ORG_UNRES_W660624564_T001,安装工,PL_W660624564,0.0,unresolved
P00442,ORG_W58936524,ORG_W58936524_T001,汽车技师,PL_W58936524,0.0,verified
P00443,ORG_UNRES_W669794330,ORG_UNRES_W669794330_T001,汽车技师,PL_W669794330,0.0,unresolved
P00444,ORG_N7685020700,ORG_N7685020700_T001,咖啡师,PL_N7685020700,0.0,verified
P00445,ORG_UNRES_W220029026,ORG_UNRES_W220029026_T001,设备操作员,PL_W220029026,0.0,unresolved
P00446,ORG_UNRES_W661193375,ORG_UNRES_W661193375_T001,配送员,PL_W661193375,0.0,unresolved
P00447,ORG_UNRES_W705625074,ORG_UNRES_W705625074_T001,摄影师,PL_W705625074,0.0,unresolved
P00448,ORG_N6240358402,ORG_N6240358402_T001,健身教练,PL_N6240358402,0.0,verified
P00449,ORG_W32052212,ORG_W32052212_T001,行政专员,PL_W32052212,0.0,verified
P00450,ORG_N12752276980,ORG_N12752276980_T001,保安,PL_N12752276980,0.0,verified
P00451,ORG_N13890093470,ORG_N13890093470_T001,项目经理,PL_N13890093470,0.0,verified
P00452,ORG_N12861684096,ORG_N12861684096_T001,客户经理,PL_W678970362,34.0,medium
P00453,ORG_UNRES_W659572852,ORG_UNRES_W659572852_T001,卡车司机,PL_W659572852,0.0,unresolved
P00454,ORG_W62058574,ORG_W62058574_T001,财务专员,PL_W62058574,0.0,verified
P00455,ORG_UNRES_W662441560,ORG_UNRES_W662441560_T001,卡车司机,PL_W662441560,0.0,unresolved
P00456,ORG_UNRES_W31812609,ORG_UNRES_W31812609_T001,独立承包商,PL_W31812609,0.0,unresolved
P00457,ORG_W31617640,ORG_W31617640_T001,销售经理,PL_W31617640,0.0,verified
P00458,ORG_N7211739897,ORG_N7211739897_T001,会计,PL_N7211739897,0.0,verified
P00459,ORG_N5456840123,ORG_N5456840123_T001,高级软件工程师,PL_W122198734,10.7,high
P00460,ORG_W161110169,ORG_W161110169_T001,本科生,PL_W161110169,0.0,verified
P00461,ORG_N4341877290,ORG_N4341877290_T001,理发师,PL_N4341877290,0.0,verified
P00462,ORG_N12877228146,ORG_N12877228146_T001,会计,PL_W58335971,15.0,high
P00463,ORG_UNRES_W804360806,ORG_UNRES_W804360806_T001,客户经理,PL_W804360806,0.0,unresolved
P00464,ORG_N5443636923,ORG_N5443636923_T001,数据分析师,PL_W663827167,78.5,medium
P00465,ORG_W96975978,ORG_W96975978_T001,保安,PL_W96975978,0.0,verified
P00466,ORG_W59244402,ORG_W59244402_T001,技术经理,PL_W59244402,0.0,verified
P00467,ORG_N5348818286,ORG_N5348818286_T001,自由设计师,PL_N5348818286,0.0,verified
P00468,ORG_N2146960322,ORG_N2146960322_T001,保安,PL_N2146960322,0.0,verified
P00469,ORG_W1230109207,ORG_W1230109207_T001,美容师,PL_W1230109207,0.0,verified
P00470,ORG_UNRES_W106181672,ORG_UNRES_W106181672_T001,运营经理,PL_W106181672,0.0,unresolved
P00471,ORG_N390360901,ORG_N390360901_T001,自由销售,PL_N390360901,0.0,verified
P00472,ORG_W35155100,ORG_W35155100_T001,酒店服务人员,PL_W35155100,0.0,verified
P00473,ORG_N10572768000,ORG_N10572768000_T001,咖啡师,PL_N10572768000,0.0,verified
P00474,ORG_W461483026,ORG_W461483026_T001,运营经理,PL_W461483026,0.0,verified
P00475,ORG_UNRES_W659333866,ORG_UNRES_W659333866_T001,自由销售,PL_W659333866,0.0,unresolved
P00476,ORG_UNRES_W453440703,ORG_UNRES_W453440703_T001,搬运工,PL_W453440703,0.0,unresolved
P00477,ORG_N7781377932,ORG_N7781377932_T001,本科生,PL_N7781377932,0.0,verified
P00478,ORG_UNRES_W770873612,ORG_UNRES_W770873612_T001,自媒体从业者,PL_W770873612,0.0,unresolved
P00479,ORG_W1504222290,ORG_W1504222290_T001,本科生,PL_W1504222290,0.0,verified
P00480,ORG_UNRES_W1204906983,ORG_UNRES_W1204906983_T001,自媒体从业者,PL_W1204906983,0.0,unresolved
P00481,ORG_UNRES_W659728674,ORG_UNRES_W659728674_T001,自由设计师,PL_W659728674,0.0,unresolved
P00482,ORG_W1502659706,ORG_W1502659706_T001,本科生,PL_W1502659706,0.0,verified
P00483,ORG_N730314298,ORG_N730314298_T001,会计,PL_N730314298,0.0,verified
P00484,ORG_W937324127,ORG_W937324127_T001,餐厅服务员,PL_W937324127,0.0,verified
P00485,ORG_W66967683,ORG_W66967683_T001,高级软件工程师,PL_W66967683,0.0,verified
P00486,ORG_UNRES_W552173331,ORG_UNRES_W552173331_T001,采购经理,PL_W552173331,0.0,unresolved
P00487,ORG_N5706236065,ORG_N5706236065_T001,财务专员,PL_W599480360,41.6,medium
P00488,ORG_N12247061816,ORG_N12247061816_T001,财务专员,PL_N12247061816,0.0,verified
P00489,ORG_UNRES_W662150031,ORG_UNRES_W662150031_T001,高级项目经理,PL_W662150031,0.0,unresolved
P00490,ORG_UNRES_W659605645,ORG_UNRES_W659605645_T001,卡车司机,PL_W659605645,0.0,unresolved
P00491,ORG_N3418249775,ORG_N3418249775_T001,项目经理,PL_N3418249775,0.0,verified
P00492,ORG_N2486924730,ORG_N2486924730_T001,销售代表,PL_W34587722,48.3,medium
P00493,ORG_W805394111,ORG_W805394111_T001,行政专员,PL_W805394111,0.0,verified
P00494,ORG_N6597442230,ORG_N6597442230_T001,客服,PL_N6597442230,0.0,verified
P00495,ORG_N6340988712,ORG_N6340988712_T001,高级数据分析师,PL_W443995276,53.5,medium
P00496,ORG_W77743230,ORG_W77743230_T001,独立承包商,PL_W77743230,0.0,verified
P00497,ORG_N6343511085,ORG_N6343511085_T001,翻译,PL_N6343511085,0.0,verified
P00498,ORG_UNRES_W983838096,ORG_UNRES_W983838096_T001,产品经理,PL_W983838096,0.0,unresolved
P00499,ORG_N6547194178,ORG_N6547194178_T001,收银员,PL_N6547194178,0.0,verified
P00500,ORG_N11114383380,ORG_N11114383380_T001,咖啡师,PL_N11114383380,0.0,verified
P00501,ORG_W416989000,ORG_W416989000_T001,保安,PL_W416989000,0.0,verified
P00502,ORG_UNRES_W89185222,ORG_UNRES_W89185222_T001,私教,PL_W89185222,0.0,unresolved
P00503,ORG_W27767625,ORG_W27767625_T001,会计,PL_W27767625,0.0,verified
P00504,ORG_N6685670028,ORG_N6685670028_T001,财务主管,PL_N6685670028,0.0,verified
P00505,ORG_UNRES_W661250199,ORG_UNRES_W661250199_T001,建筑工人,PL_W661250199,0.0,unresolved
P00506,ORG_W55461754,ORG_W55461754_T001,采购专员,PL_W55461754,0.0,verified
P00507,ORG_N6090819024,ORG_N6090819024_T001,采购经理,PL_W495300892,36.5,medium
P00508,ORG_UNRES_W704997239,ORG_UNRES_W704997239_T001,仓库操作员,PL_W704997239,0.0,unresolved
P00509,ORG_W34615187,ORG_W34615187_T001,高级数据分析师,PL_W34615187,0.0,verified
P00510,ORG_UNRES_W670272329,ORG_UNRES_W670272329_T001,咨询顾问,PL_W670272329,0.0,unresolved
P00511,ORG_N7658272777,ORG_N7658272777_T001,技术经理,PL_W60185759,8.6,high
P00512,ORG_N5372577218,ORG_N5372577218_T001,会计,PL_N5372577218,0.0,verified
P00513,ORG_N13971498235,ORG_N13971498235_T001,HR经理,PL_W61698828,62.0,medium
P00514,ORG_N13298642268,ORG_N13298642268_T001,设计师,PL_N13298642268,0.0,verified
P00515,ORG_W438900671,ORG_W438900671_T001,健身教练,PL_W438900671,0.0,verified
P00516,ORG_N6325961195,ORG_N6325961195_T001,理发师,PL_N6325961195,0.0,verified
P00517,ORG_N1122902994,ORG_N1122902994_T001,健身教练,PL_N1122902994,0.0,verified
P00518,ORG_N6363116932,ORG_N6363116932_T001,餐厅服务员,PL_N6363116932,0.0,verified
P00519,ORG_N7708066748,ORG_N7708066748_T001,高级数据分析师,PL_N7708066748,0.0,verified
P00520,ORG_W61760417,ORG_W61760417_T001,采购经理,PL_W61760417,0.0,verified
P00521,ORG_UNRES_W132894800,ORG_UNRES_W132894800_T001,独立承包商,PL_W132894800,0.0,unresolved
P00522,ORG_N3999139124,ORG_N3999139124_T001,客服,PL_N3999139124,0.0,verified
P00523,ORG_N2153426065,ORG_N2153426065_T001,行政专员,PL_W179653213,9.9,high
P00524,ORG_UNRES_W658468178,ORG_UNRES_W658468178_T001,维修技师,PL_W658468178,0.0,unresolved
P00525,ORG_W1504225085,ORG_W1504225085_T001,硕士研究生,PL_W1504225085,0.0,verified
P00526,ORG_W184344340,ORG_W184344340_T001,酒店服务人员,PL_W184344340,0.0,verified
P00527,ORG_N783499436,ORG_N783499436_T001,硕士研究生,PL_N783499436,0.0,verified
P00528,ORG_UNRES_W696724484,ORG_UNRES_W696724484_T001,财务专员,PL_W696724484,0.0,unresolved
P00529,ORG_N530783844,ORG_N530783844_T001,咖啡师,PL_N530783844,0.0,verified
P00530,ORG_UNRES_W661021443,ORG_UNRES_W661021443_T001,会计,PL_W661021443,0.0,unresolved
P00531,ORG_UNRES_W70510691,ORG_UNRES_W70510691_T001,汽车技师,PL_W70510691,0.0,unresolved
P00532,ORG_W27778414,ORG_W27778414_T002,厨师,PL_W27778414,0.0,verified
P00533,ORG_UNRES_W55946866,ORG_UNRES_W55946866_T001,焊工,PL_W55946866,0.0,unresolved
P00534,ORG_UNRES_W34582435,ORG_UNRES_W34582435_T001,安装工,PL_W34582435,0.0,unresolved
P00535,ORG_N13719638635,ORG_N13719638635_T001,客户经理,PL_W662097486,17.5,high
P00536,ORG_W257053580,ORG_W257053580_T001,财务主管,PL_W257053580,0.0,verified
P00537,ORG_UNRES_W661078287,ORG_UNRES_W661078287_T001,汽车技师,PL_W661078287,0.0,unresolved
P00538,ORG_UNRES_W32610196,ORG_UNRES_W32610196_T001,快递员,PL_W32610196,0.0,unresolved
P00539,ORG_UNRES_W114706282,ORG_UNRES_W114706282_T001,独立程序员,PL_W114706282,0.0,unresolved
P00540,ORG_N10559886561,ORG_N10559886561_T001,美容师,PL_N10559886561,0.0,verified
P00541,ORG_UNRES_W676111876,ORG_UNRES_W676111876_T001,运营专员,PL_W676111876,0.0,unresolved
P00542,ORG_UNRES_W231983649,ORG_UNRES_W231983649_T001,卡车司机,PL_W231983649,0.0,unresolved
P00543,ORG_UNRES_W188119228,ORG_UNRES_W188119228_T001,电工,PL_W188119228,0.0,unresolved
P00544,ORG_UNRES_W659581421,ORG_UNRES_W659581421_T001,销售经理,PL_W659581421,0.0,unresolved
P00545,ORG_N12898232996,ORG_N12898232996_T001,本科生,PL_N12898232996,0.0,verified
P00546,ORG_N12995864441,ORG_N12995864441_T001,采购经理,PL_N12995864441,0.0,verified
P00547,ORG_N13075134483,ORG_N13075134483_T001,软件工程师,PL_N13075134483,0.0,verified
P00548,ORG_N6181451952,ORG_N6181451952_T001,零售店员,PL_N6181451952,0.0,verified
P00549,ORG_N2485279202,ORG_N2485279202_T001,财务专员,PL_W34121733,38.6,medium
P00550,ORG_W367536575,ORG_W367536575_T002,酒店服务人员,PL_W367536575,0.0,verified
P00551,ORG_N6358218178,ORG_N6358218178_T001,健身教练,PL_N6358218178,0.0,verified
P00552,ORG_UNRES_W676445243,ORG_UNRES_W676445243_T001,搬运工,PL_W676445243,0.0,unresolved
P00553,ORG_N7751982695,ORG_N7751982695_T001,数据分析师,PL_W31926854,45.5,medium
P00554,ORG_UNRES_W122198144,ORG_UNRES_W122198144_T001,高级软件工程师,PL_W122198144,0.0,unresolved
P00555,ORG_N7570784647,ORG_N7570784647_T001,行政专员,PL_W288357285,55.3,medium
P00556,ORG_W61698844,ORG_W61698844_T001,高级产品经理,PL_W61698844,0.0,verified
P00557,ORG_UNRES_W663828893,ORG_UNRES_W663828893_T001,产品经理,PL_W663828893,0.0,unresolved
P00558,ORG_N7781377932,ORG_N7781377932_T001,本科生,PL_N7781377932,0.0,verified
P00559,ORG_N4423107508,ORG_N4423107508_T001,独立承包商,PL_N4423107508,0.0,verified
P00560,ORG_N4046617967,ORG_N4046617967_T001,酒店服务人员,PL_N4046617967,0.0,verified
P00561,ORG_N14052434879,ORG_N14052434879_T001,客户专员,PL_W658233176,17.9,high
P00562,ORG_N1244924793,ORG_N1244924793_T001,客服,PL_N1244924793,0.0,verified
P00563,ORG_W170052746,ORG_W170052746_T001,客户专员,PL_W170052746,0.0,verified
P00564,ORG_W1504225085,ORG_W1504225085_T001,本科生,PL_W1504225085,0.0,verified
P00565,ORG_W43805203,ORG_W43805203_T001,客户经理,PL_W43805203,0.0,verified
P00566,ORG_UNRES_W60330205,ORG_UNRES_W60330205_T001,焊工,PL_W60330205,0.0,unresolved
P00567,ORG_N1191695955,ORG_N1191695955_T001,理发师,PL_N1191695955,0.0,verified
P00568,ORG_N11406187968,ORG_N11406187968_T001,硕士研究生,PL_N11406187968,0.0,verified
P00569,ORG_N13951193852,ORG_N13951193852_T001,本科生,PL_N13951193852,0.0,verified
P00570,ORG_UNRES_W1456053276,ORG_UNRES_W1456053276_T001,软件工程师,PL_W1456053276,0.0,unresolved
P00571,ORG_W47655545,ORG_W47655545_T001,采购经理,PL_W47655545,0.0,verified
P00572,ORG_N4368028495,ORG_N4368028495_T001,保安,PL_N4368028495,0.0,verified
P00573,ORG_N7255845244,ORG_N7255845244_T001,行政专员,PL_W301418957,48.0,medium
P00574,ORG_N6386093040,ORG_N6386093040_T001,零售店员,PL_N6386093040,0.0,verified
P00575,ORG_UNRES_W661207111,ORG_UNRES_W661207111_T001,摄影师,PL_W661207111,0.0,unresolved
P00576,ORG_W23447393,ORG_W23447393_T002,本科生,PL_W23447393,0.0,verified
P00577,ORG_UNRES_W41405417,ORG_UNRES_W41405417_T001,独立程序员,PL_W41405417,0.0,unresolved
P00578,ORG_N5658771340,ORG_N5658771340_T001,高级项目经理,PL_N5658771340,0.0,verified
P00579,ORG_UNRES_W662441669,ORG_UNRES_W662441669_T001,客户专员,PL_W662441669,0.0,unresolved
P00580,ORG_W23447514,ORG_W23447514_T001,本科生,PL_W23447514,0.0,verified
P00581,ORG_UNRES_W58431302,ORG_UNRES_W58431302_T001,高级软件工程师,PL_W58431302,0.0,unresolved
P00582,ORG_N6313899872,ORG_N6313899872_T001,高级数据分析师,PL_W657927636,16.0,high
P00583,ORG_UNRES_W211733485,ORG_UNRES_W211733485_T001,设备操作员,PL_W211733485,0.0,unresolved
P00584,ORG_UNRES_W105516635,ORG_UNRES_W105516635_T001,财务主管,PL_W105516635,0.0,unresolved
P00585,ORG_UNRES_W660832883,ORG_UNRES_W660832883_T001,配送员,PL_W660832883,0.0,unresolved
P00586,ORG_N12817979885,ORG_N12817979885_T001,餐厅服务员,PL_N12817979885,0.0,verified
P00587,ORG_N7086847719,ORG_N7086847719_T001,咨询顾问,PL_N7086847719,0.0,verified
P00588,ORG_W23447424,ORG_W23447424_T001,本科生,PL_W23447424,0.0,verified
P00589,ORG_N7048236683,ORG_N7048236683_T001,客服,PL_N7048236683,0.0,verified
P00590,ORG_N13917883670,ORG_N13917883670_T001,采购经理,PL_W34121733,19.4,high
P00591,ORG_UNRES_W55462316,ORG_UNRES_W55462316_T001,客户专员,PL_W55462316,0.0,unresolved
P00592,ORG_UNRES_W804363094,ORG_UNRES_W804363094_T001,客户经理,PL_W804363094,0.0,unresolved
P00593,ORG_N9140140338,ORG_N9140140338_T001,软件工程师,PL_W661193466,93.8,medium
P00594,ORG_N1125532862,ORG_N1125532862_T002,采购专员,PL_W660624564,29.5,medium
P00595,ORG_N13889944378,ORG_N13889944378_T001,软件工程师,PL_W236148180,83.8,medium
P00596,ORG_N11225661829,ORG_N11225661829_T001,健身教练,PL_N11225661829,0.0,verified
P00597,ORG_UNRES_W663313968,ORG_UNRES_W663313968_T001,销售经理,PL_W663313968,0.0,unresolved
P00598,ORG_UNRES_W150432577,ORG_UNRES_W150432577_T001,技术经理,PL_W150432577,0.0,unresolved
P00599,ORG_W23488870,ORG_W23488870_T001,搬运工,PL_W43804626,42.8,medium
P00600,ORG_W33361576,ORG_W33361576_T001,建筑工人,PL_W661079401,92.4,medium
P00601,ORG_W231773826,ORG_W231773826_T001,厨师,PL_W231773826,0.0,verified
P00602,ORG_N7553578778,ORG_N7553578778_T001,厨师,PL_N7553578778,0.0,verified
P00603,ORG_W128573567,ORG_W128573567_T001,运营专员,PL_W128573567,0.0,verified
P00604,ORG_N12770927832,ORG_N12770927832_T001,理发师,PL_N12770927832,0.0,verified
P00605,ORG_N2202202200,ORG_N2202202200_T001,咨询顾问,PL_N2202202200,0.0,verified
P00606,ORG_UNRES_W659587866,ORG_UNRES_W659587866_T001,数据分析师,PL_W659587866,0.0,unresolved
P00607,ORG_W27767624,ORG_W27767624_T001,产品经理,PL_W151519194,32.5,medium
P00608,ORG_UNRES_W332358184,ORG_UNRES_W332358184_T001,财务经理,PL_W332358184,0.0,unresolved
P00609,ORG_UNRES_W659581416,ORG_UNRES_W659581416_T001,高级运营专员,PL_W659581416,0.0,unresolved
P00610,ORG_W444618588,ORG_W444618588_T001,仓库操作员,PL_W444618588,0.0,verified
P00611,ORG_N6415245495,ORG_N6415245495_T001,会计,PL_N6415245495,0.0,verified
P00612,ORG_W504492545,ORG_W504492545_T001,房产经纪,PL_W504492545,0.0,verified
P00613,ORG_N12456228544,ORG_N12456228544_T001,咖啡师,PL_N12456228544,0.0,verified
P00614,ORG_W182282890,ORG_W182282890_T001,酒店服务人员,PL_W182282890,0.0,verified
P00615,ORG_N8149797432,ORG_N8149797432_T001,财务主管,PL_W704196077,48.3,medium
P00616,ORG_N4161816312,ORG_N4161816312_T001,客服,PL_N4161816312,0.0,verified
P00617,ORG_W7969162,ORG_W7969162_T001,行政专员,PL_W7969162,0.0,verified
P00618,ORG_N12091108919,ORG_N12091108919_T001,博士研究生,PL_N12091108919,0.0,verified
P00619,ORG_N13704267913,ORG_N13704267913_T001,本科生,PL_N13704267913,0.0,verified
P00620,ORG_N420542926,ORG_N420542926_T001,自由设计师,PL_N420542926,0.0,verified
P00621,ORG_UNRES_W661813071,ORG_UNRES_W661813071_T001,搬运工,PL_W661813071,0.0,unresolved
P00622,ORG_UNRES_W236336973,ORG_UNRES_W236336973_T001,安装工,PL_W236336973,0.0,unresolved
P00623,ORG_N4477448089,ORG_N4477448089_T001,项目经理,PL_W191317327,66.2,medium
P00624,ORG_UNRES_W1338765141,ORG_UNRES_W1338765141_T001,高级运营专员,PL_W1338765141,0.0,unresolved
P00625,ORG_N12898094586,ORG_N12898094586_T001,客服,PL_N12898094586,0.0,verified
P00626,ORG_UNRES_W659539185,ORG_UNRES_W659539185_T001,建筑工人,PL_W659539185,0.0,unresolved
P00627,ORG_W62058559,ORG_W62058559_T001,厨师,PL_W62058559,0.0,verified
P00628,ORG_W23447514,ORG_W23447514_T001,博士研究生,PL_W23447514,0.0,verified
P00629,ORG_UNRES_W160173308,ORG_UNRES_W160173308_T001,摄影师,PL_W160173308,0.0,unresolved
P00630,ORG_N1392109023,ORG_N1392109023_T001,客服,PL_N1392109023,0.0,verified
P00631,ORG_N14008778196,ORG_N14008778196_T001,高级运营专员,PL_N14008778196,0.0,verified
P00632,ORG_W60304653,ORG_W60304653_T001,本科生,PL_W60304653,0.0,verified
P00633,ORG_N3618391889,ORG_N3618391889_T001,软件工程师,PL_N3618391889,0.0,verified
P00634,ORG_W148646768,ORG_W148646768_T001,酒店前台,PL_W148646768,0.0,verified
P00635,ORG_UNRES_W34749808,ORG_UNRES_W34749808_T001,设备操作员,PL_W34749808,0.0,unresolved
P00636,ORG_W204710538,ORG_W204710538_T001,摄影师,PL_W1446758390,33.0,medium
P00637,ORG_UNRES_W705507586,ORG_UNRES_W705507586_T001,自媒体从业者,PL_W705507586,0.0,unresolved
P00638,ORG_W83232125,ORG_W83232125_T001,美容师,PL_W83232125,0.0,verified
P00639,ORG_W59244467,ORG_W59244467_T001,建筑工人,PL_W59244437,74.9,medium
P00640,ORG_N13719638635,ORG_N13719638635_T001,产品经理,PL_W662097486,17.5,high
P00641,ORG_N410799727,ORG_N410799727_T001,客服,PL_N410799727,0.0,verified
P00642,ORG_N579253709,ORG_N579253709_T001,收银员,PL_N579253709,0.0,verified
P00643,ORG_UNRES_W31451094,ORG_UNRES_W31451094_T001,自由设计师,PL_W31451094,0.0,unresolved
P00644,ORG_W1024399954,ORG_W1024399954_T001,本科生,PL_W1024399954,0.0,verified
P00645,ORG_W657979434,ORG_W657979434_T001,会计,PL_W657979434,0.0,verified
P00646,ORG_N3440216089,ORG_N3440216089_T001,房产经纪,PL_W55029513,25.5,medium
P00647,ORG_N14116345451,ORG_N14116345451_T001,自由设计师,PL_N14116345451,0.0,verified
P00648,ORG_N2711767746,ORG_N2711767746_T001,数据分析师,PL_N7581344013,38.7,medium
P00649,ORG_N9376637799,ORG_N9376637799_T001,硕士研究生,PL_N9376637799,0.0,verified
P00650,ORG_W663314286,ORG_W663314286_T001,高级软件工程师,PL_W677205549,98.5,medium
P00651,ORG_N2801513934,ORG_N2801513934_T001,美容师,PL_N2801513934,0.0,verified
P00652,ORG_W179297875,ORG_W179297875_T001,酒店服务人员,PL_W179297875,0.0,verified
P00653,ORG_W58336258,ORG_W58336258_T001,独立程序员,PL_W58336258,0.0,verified
P00654,ORG_N2883876001,ORG_N2883876001_T001,高级产品经理,PL_W659094341,47.2,medium
P00655,ORG_UNRES_W33405960,ORG_UNRES_W33405960_T001,客户经理,PL_W33405960,0.0,unresolved
P00656,ORG_W61759776,ORG_W61759776_T001,硕士研究生,PL_W61759776,0.0,verified
P00657,ORG_N3559278292,ORG_N3559278292_T001,餐厅服务员,PL_N3559278292,0.0,verified
P00658,ORG_UNRES_W705649174,ORG_UNRES_W705649174_T001,会计,PL_W705649174,0.0,unresolved
P00659,ORG_W198249382,ORG_W198249382_T001,业务负责人,PL_W198249382,0.0,verified
P00660,ORG_N6554893305,ORG_N6554893305_T001,高级运营专员,PL_N6554893305,0.0,verified
P00661,ORG_N6547986937,ORG_N6547986937_T001,行政专员,PL_N6547986937,0.0,verified
P00662,ORG_W1284638392,ORG_W1284638392_T001,高级软件工程师,PL_W1284638392,0.0,verified
P00663,ORG_UNRES_W89185218,ORG_UNRES_W89185218_T001,财务经理,PL_W89185218,0.0,unresolved
P00664,ORG_N618405625,ORG_N618405625_T001,HR经理,PL_W33542526,60.4,medium
P00665,ORG_N728962953,ORG_N728962953_T001,零售店员,PL_N5854778466,35.4,medium
P00666,ORG_W62058576,ORG_W62058576_T001,软件工程师,PL_W137927025,69.6,medium
P00667,ORG_N14052434879,ORG_N14052434879_T001,行政专员,PL_N14052434879,0.0,verified
P00668,ORG_UNRES_W661774635,ORG_UNRES_W661774635_T001,仓库操作员,PL_W661774635,0.0,unresolved
P00669,ORG_UNRES_W796666514,ORG_UNRES_W796666514_T001,会计,PL_W796666514,0.0,unresolved
P00670,ORG_W41949957,ORG_W41949957_T001,翻译,PL_W41949957,0.0,verified
P00671,ORG_UNRES_W671607410,ORG_UNRES_W671607410_T001,汽车技师,PL_W671607410,0.0,unresolved
P00672,ORG_UNRES_W32610191,ORG_UNRES_W32610191_T001,设备操作员,PL_W32610191,0.0,unresolved
P00673,ORG_N6528691704,ORG_N6528691704_T001,理发师,PL_N6528691704,0.0,verified
P00674,ORG_W34615186,ORG_W34615186_T001,自媒体从业者,PL_W34615186,0.0,verified
P00675,ORG_N11955405341,ORG_N11955405341_T001,客户专员,PL_W167925742,5.9,high
P00676,ORG_N12185219808,ORG_N12185219808_T001,高级运营专员,PL_W1316550315,30.0,medium
P00677,ORG_UNRES_W661541403,ORG_UNRES_W661541403_T001,网店经营者,PL_W661541403,0.0,unresolved
P00678,ORG_UNRES_W659340907,ORG_UNRES_W659340907_T001,摄影师,PL_W659340907,0.0,unresolved
P00679,ORG_W27767640,ORG_W27767640_T001,酒店前台,PL_W27767640,0.0,verified
P00680,ORG_N3206964051,ORG_N3206964051_T001,会计,PL_W101919593,82.6,medium
P00681,ORG_N6358218818,ORG_N6358218818_T001,健身教练,PL_N6358218818,0.0,verified
P00682,ORG_N4213944689,ORG_N4213944689_T001,保安,PL_N4213944689,0.0,verified
P00683,ORG_N3698533565,ORG_N3698533565_T001,保安,PL_N3698533565,0.0,verified
P00684,ORG_N6554855491,ORG_N6554855491_T001,运营专员,PL_N6554855491,0.0,verified
P00685,ORG_UNRES_W659252864,ORG_UNRES_W659252864_T001,私教,PL_W659252864,0.0,unresolved
P00686,ORG_W142558168,ORG_W142558168_T001,运营专员,PL_W142558168,0.0,verified
P00687,ORG_N3427191021,ORG_N3427191021_T001,客户专员,PL_W663314029,85.8,medium
P00688,ORG_UNRES_W58673623,ORG_UNRES_W58673623_T001,搬运工,PL_W58673623,0.0,unresolved
P00689,ORG_UNRES_W661324234,ORG_UNRES_W661324234_T001,独立程序员,PL_W661324234,0.0,unresolved
P00690,ORG_N3783481869,ORG_N3783481869_T001,网店经营者,PL_W166535172,11.4,high
P00691,ORG_W23447424,ORG_W23447424_T002,本科生,PL_W23447424,0.0,verified
P00692,ORG_N13746866246,ORG_N13746866246_T001,保安,PL_N13746866246,0.0,verified
P00693,ORG_N6685670365,ORG_N6685670365_T001,理发师,PL_N6685670365,0.0,verified
P00694,ORG_UNRES_W661193469,ORG_UNRES_W661193469_T001,电工,PL_W661193469,0.0,unresolved
P00695,ORG_W367536575,ORG_W367536575_T001,酒店服务人员,PL_W367536575,0.0,verified
P00696,ORG_W61759776,ORG_W61759776_T001,硕士研究生,PL_W61759776,0.0,verified
P00697,ORG_W56223144,ORG_W56223144_T001,HR经理,PL_W705109201,73.9,medium
P00698,ORG_UNRES_W34777543,ORG_UNRES_W34777543_T001,私教,PL_W34777543,0.0,unresolved
P00699,ORG_UNRES_W117594134,ORG_UNRES_W117594134_T001,房产经纪,PL_W117594134,0.0,unresolved
P00700,ORG_W663827867,ORG_W663827867_T001,高级项目经理,PL_W663827867,0.0,verified
P00701,ORG_UNRES_W34229574,ORG_UNRES_W34229574_T001,自媒体从业者,PL_W34229574,0.0,unresolved
P00702,ORG_W298176032,ORG_W298176032_T001,快递员,PL_W122204658,87.9,medium
P00703,ORG_N13010520110,ORG_N13010520110_T001,行政专员,PL_N13010520110,0.0,verified
P00704,ORG_W263302138,ORG_W263302138_T001,酒店前台,PL_W263302138,0.0,verified
P00705,ORG_W122204304,ORG_W122204304_T001,客户经理,PL_W122204304,0.0,verified
P00706,ORG_UNRES_W660584176,ORG_UNRES_W660584176_T001,咨询顾问,PL_W660584176,0.0,unresolved
P00707,ORG_W662538570,ORG_W662538570_T001,理发师,PL_W662538570,0.0,verified
P00708,ORG_W659094218,ORG_W659094218_T001,高级运营专员,PL_W1259404076,46.8,medium
P00709,ORG_W663310947,ORG_W663310947_T001,搬运工,PL_W663310947,0.0,verified
P00710,ORG_W33542528,ORG_W33542528_T001,采购经理,PL_W33542528,0.0,verified
P00711,ORG_N2890089526,ORG_N2890089526_T001,软件工程师,PL_W61011663,5.7,high
P00712,ORG_W31620396,ORG_W31620396_T001,高级软件工程师,PL_W31620396,0.0,verified
P00713,ORG_N13381140953,ORG_N13381140953_T001,健身教练,PL_N13381140953,0.0,verified
P00714,ORG_N12198108801,ORG_N12198108801_T001,咖啡师,PL_N12198108801,0.0,verified
P00715,ORG_UNRES_W229921017,ORG_UNRES_W229921017_T001,搬运工,PL_W229921017,0.0,unresolved
P00716,ORG_W34720372,ORG_W34720372_T001,财务专员,PL_W34720372,0.0,verified
P00717,ORG_UNRES_W659606626,ORG_UNRES_W659606626_T001,设备操作员,PL_W659606626,0.0,unresolved
P00718,ORG_N12821323730,ORG_N12821323730_T001,设备操作员,PL_N12821323730,0.0,verified
P00719,ORG_UNRES_W660934412,ORG_UNRES_W660934412_T001,产品经理,PL_W660934412,0.0,unresolved
P00720,ORG_W24008193,ORG_W24008193_T001,配送员,PL_W24008193,0.0,verified
P00721,ORG_UNRES_W223420766,ORG_UNRES_W223420766_T001,翻译,PL_W223420766,0.0,unresolved
P00722,ORG_UNRES_W360220937,ORG_UNRES_W360220937_T001,网店经营者,PL_W360220937,0.0,unresolved
P00723,ORG_N783499436,ORG_N783499436_T001,本科生,PL_N783499436,0.0,verified
P00724,ORG_UNRES_W34516637,ORG_UNRES_W34516637_T001,卡车司机,PL_W34516637,0.0,unresolved
P00725,ORG_UNRES_W278445275,ORG_UNRES_W278445275_T001,翻译,PL_W278445275,0.0,unresolved
P00726,ORG_N6586988237,ORG_N6586988237_T001,理发师,PL_N6586988237,0.0,verified
P00727,ORG_N11378352767,ORG_N11378352767_T001,收银员,PL_N11378352767,0.0,verified
P00728,ORG_UNRES_W680474480,ORG_UNRES_W680474480_T001,客户专员,PL_W680474480,0.0,unresolved
P00729,ORG_N13141019895,ORG_N13141019895_T001,美容师,PL_N13141019895,0.0,verified
P00730,ORG_N13892826287,ORG_N13892826287_T001,技术经理,PL_W672669530,89.9,medium
P00731,ORG_N3940647368,ORG_N3940647368_T001,餐厅服务员,PL_N3940647368,0.0,verified
P00732,ORG_N12639653537,ORG_N12639653537_T001,咖啡师,PL_N12639653537,0.0,verified
P00733,ORG_N12763180575,ORG_N12763180575_T001,餐厅服务员,PL_N12763180575,0.0,verified
P00734,ORG_UNRES_W671599468,ORG_UNRES_W671599468_T001,汽车技师,PL_W671599468,0.0,unresolved
P00735,ORG_UNRES_W661470161,ORG_UNRES_W661470161_T001,咨询顾问,PL_W661470161,0.0,unresolved
P00736,ORG_N3513770758,ORG_N3513770758_T001,高级软件工程师,PL_W804386835,54.0,medium
P00737,ORG_N13274887502,ORG_N13274887502_T001,行政专员,PL_W1016993256,43.7,medium
P00738,ORG_N7658272777,ORG_N7658272777_T001,会计,PL_W60185753,41.5,medium
P00739,ORG_W1366234349,ORG_W1366234349_T001,区域经理,PL_W105516599,98.6,medium
P00740,ORG_N6710422916,ORG_N6710422916_T001,理发师,PL_N6710422916,0.0,verified
P00741,ORG_W27767636,ORG_W27767636_T001,高级运营专员,PL_W27767636,0.0,verified
P00742,ORG_N5438198821,ORG_N5438198821_T001,零售店员,PL_N5438198821,0.0,verified
P00743,ORG_N5445754336,ORG_N5445754336_T001,房产经纪,PL_W659628958,12.6,high
P00744,ORG_UNRES_W661950742,ORG_UNRES_W661950742_T001,电工,PL_W661950742,0.0,unresolved
P00745,ORG_UNRES_W704229386,ORG_UNRES_W704229386_T001,汽车技师,PL_W704229386,0.0,unresolved
P00746,ORG_UNRES_W661314217,ORG_UNRES_W661314217_T001,安装工,PL_W661314217,0.0,unresolved
P00747,ORG_N10743248730,ORG_N10743248730_T001,数据分析师,PL_N10743248730,0.0,verified
P00748,ORG_W231983646,ORG_W231983646_T001,酒店服务人员,PL_W231983646,0.0,verified
P00749,ORG_N13582570978,ORG_N13582570978_T001,客户经理,PL_W55647680,7.3,high
P00750,ORG_W256116927,ORG_W256116927_T001,软件工程师,PL_W256116927,0.0,verified
P00751,ORG_N1863209218,ORG_N1863209218_T001,厨师,PL_N1863209218,0.0,verified
P00752,ORG_N12780231835,ORG_N12780231835_T001,行政专员,PL_N12780231835,0.0,verified
P00753,ORG_UNRES_W661541480,ORG_UNRES_W661541480_T001,维修技师,PL_W661541480,0.0,unresolved
P00754,ORG_W32742066,ORG_W32742066_T001,高级运营专员,PL_W32742066,0.0,verified
P00755,ORG_N768966147,ORG_N768966147_T001,行政专员,PL_W179222094,49.1,medium
P00756,ORG_W161836042,ORG_W161836042_T001,财务主管,PL_W161836042,0.0,verified
P00757,ORG_W65592644,ORG_W65592644_T001,配送员,PL_W65592644,0.0,verified
P00758,ORG_N6423958627,ORG_N6423958627_T001,软件工程师,PL_W225518785,38.3,medium
P00759,ORG_W34181805,ORG_W34181805_T001,销售经理,PL_W34181805,0.0,verified
P00760,ORG_W70510674,ORG_W70510674_T001,客户专员,PL_W70510674,0.0,verified
P00761,ORG_UNRES_W670110175,ORG_UNRES_W670110175_T001,维修技师,PL_W670110175,0.0,unresolved
P00762,ORG_W150506087,ORG_W150506087_T001,保安,PL_W150506087,0.0,verified
P00763,ORG_UNRES_W396817470,ORG_UNRES_W396817470_T001,数据分析师,PL_W396817470,0.0,unresolved
P00764,ORG_UNRES_W796589700,ORG_UNRES_W796589700_T001,项目经理,PL_W796589700,0.0,unresolved
P00765,ORG_W27991582,ORG_W27991582_T001,销售经理,PL_W27991582,0.0,verified
P00766,ORG_UNRES_W34777539,ORG_UNRES_W34777539_T001,网店经营者,PL_W34777539,0.0,unresolved
P00767,ORG_N9907844592,ORG_N9907844592_T001,产品经理,PL_N9907844592,0.0,verified
P00768,ORG_W56437329,ORG_W56437329_T001,行政专员,PL_W56437329,0.0,verified
P00769,ORG_N5852575397,ORG_N5852575397_T001,零售店员,PL_N5852575397,0.0,verified
P00770,ORG_N11281293717,ORG_N11281293717_T001,硕士研究生,PL_N11281293717,0.0,verified
P00771,ORG_UNRES_W662785556,ORG_UNRES_W662785556_T001,自媒体从业者,PL_W662785556,0.0,unresolved
P00772,ORG_N9723307467,ORG_N9723307467_T001,销售代表,PL_N9723307467,0.0,verified
P00773,ORG_N5489623257,ORG_N5489623257_T001,销售经理,PL_W106710850,83.5,medium
P00774,ORG_N7617960460,ORG_N7617960460_T001,理发师,PL_N7617960460,0.0,verified
P00775,ORG_N9739894697,ORG_N9739894697_T001,采购专员,PL_W944064994,55.9,medium
P00776,ORG_UNRES_W659546764,ORG_UNRES_W659546764_T001,快递员,PL_W659546764,0.0,unresolved
P00777,ORG_N1140223148,ORG_N1140223148_T001,健身教练,PL_N1140223148,0.0,verified
P00778,ORG_W162607309,ORG_W162607309_T001,高级运营专员,PL_W61429976,60.5,medium
P00779,ORG_W43805398,ORG_W43805398_T001,会计,PL_W43805398,0.0,verified
P00780,ORG_UNRES_W34721802,ORG_UNRES_W34721802_T001,卡车司机,PL_W34721802,0.0,unresolved
P00781,ORG_W657936402,ORG_W657936402_T001,采购专员,PL_W657936402,0.0,verified
P00782,ORG_UNRES_W1545155872,ORG_UNRES_W1545155872_T001,快递员,PL_W1545155872,0.0,unresolved
P00783,ORG_UNRES_W62363963,ORG_UNRES_W62363963_T001,采购经理,PL_W62363963,0.0,unresolved
P00784,ORG_N13885890639,ORG_N13885890639_T001,本科生,PL_N13885890639,0.0,verified
P00785,ORG_N803442960,ORG_N803442960_T001,会计,PL_W236106304,27.2,medium
P00786,ORG_N7559765001,ORG_N7559765001_T001,餐厅服务员,PL_N7559765001,0.0,verified
P00787,ORG_N5441763276,ORG_N5441763276_T001,高级软件工程师,PL_W1391063636,74.4,medium
P00788,ORG_N5206463697,ORG_N5206463697_T001,健身教练,PL_N5206463697,0.0,verified
P00789,ORG_N6578943806,ORG_N6578943806_T001,HR经理,PL_N6578943806,0.0,verified
P00790,ORG_N6323908392,ORG_N6323908392_T001,项目经理,PL_W669862638,60.8,medium
P00791,ORG_UNRES_W659242952,ORG_UNRES_W659242952_T001,网店经营者,PL_W659242952,0.0,unresolved
P00792,ORG_W661070409,ORG_W661070409_T001,采购专员,PL_W661070409,0.0,verified
P00793,ORG_N7797331451,ORG_N7797331451_T001,本科生,PL_N7797331451,0.0,verified
P00794,ORG_UNRES_W661334774,ORG_UNRES_W661334774_T001,仓库操作员,PL_W661334774,0.0,unresolved
P00795,ORG_W62256154,ORG_W62256154_T001,酒店前台,PL_W62256154,0.0,verified
P00796,ORG_W58324472,ORG_W58324472_T001,卡车司机,PL_W55217846,65.0,medium
P00797,ORG_W657936289,ORG_W657936289_T001,搬运工,PL_W657936274,69.4,medium
P00798,ORG_N1142872979,ORG_N1142872979_T001,硕士研究生,PL_N1142872979,0.0,verified
P00799,ORG_UNRES_W54623860,ORG_UNRES_W54623860_T001,采购专员,PL_W54623860,0.0,unresolved
P00800,ORG_N3308179663,ORG_N3308179663_T001,零售店员,PL_N3308179663,0.0,verified
P00801,ORG_W55036397,ORG_W55036397_T002,酒店服务人员,PL_W55036397,0.0,verified
P00802,ORG_W43805398,ORG_W43805398_T001,行政专员,PL_W43805398,0.0,verified
P00803,ORG_W43125814,ORG_W43125814_T001,产品经理,PL_W43125814,0.0,verified
P00804,ORG_W32742028,ORG_W32742028_T001,业务负责人,PL_W32742028,0.0,verified
P00805,ORG_N429659329,ORG_N429659329_T001,零售店员,PL_N429659329,0.0,verified
P00806,ORG_UNRES_W661512484,ORG_UNRES_W661512484_T001,运营专员,PL_W661512484,0.0,unresolved
P00807,ORG_N5064137025,ORG_N5064137025_T001,酒店前台,PL_N5064137025,0.0,verified
P00808,ORG_N5321443571,ORG_N5321443571_T001,咨询顾问,PL_N5321443571,0.0,verified
P00809,ORG_N3590056202,ORG_N3590056202_T001,客户经理,PL_W334916363,40.5,medium
P00810,ORG_N2159618518,ORG_N2159618518_T001,软件工程师,PL_N2159618518,0.0,verified
P00811,ORG_N6468845403,ORG_N6468845403_T001,零售店员,PL_N6468845403,0.0,verified
P00812,ORG_UNRES_W660568235,ORG_UNRES_W660568235_T001,自由销售,PL_W660568235,0.0,unresolved
P00813,ORG_N12895028221,ORG_N12895028221_T001,销售代表,PL_W1263843758,2.6,high
P00814,ORG_N5723280225,ORG_N5723280225_T001,零售店员,PL_N5723280225,0.0,verified
P00815,ORG_W60304653,ORG_W60304653_T001,本科生,PL_W60304653,0.0,verified
P00816,ORG_N2856305706,ORG_N2856305706_T001,销售经理,PL_N2856305706,0.0,verified
P00817,ORG_N11310898334,ORG_N11310898334_T001,业务负责人,PL_N11310898334,0.0,verified
P00818,ORG_N6546361972,ORG_N6546361972_T001,采购经理,PL_W657935057,13.3,high
P00819,ORG_UNRES_W662442429,ORG_UNRES_W662442429_T001,运营专员,PL_W662442429,0.0,unresolved
P00820,ORG_W557357364,ORG_W557357364_T001,安装工,PL_W32567249,98.4,medium
P00821,ORG_W285055427,ORG_W285055427_T001,销售代表,PL_W659321730,30.4,medium
P00822,ORG_N412351499,ORG_N412351499_T001,零售店员,PL_N412351499,0.0,verified
P00823,ORG_W31876712,ORG_W31876712_T001,销售代表,PL_W31876712,0.0,verified
P00824,ORG_N12895265439,ORG_N12895265439_T001,高级软件工程师,PL_N12895265439,0.0,verified
P00825,ORG_UNRES_W663828857,ORG_UNRES_W663828857_T001,销售代表,PL_W663828857,0.0,unresolved
P00826,ORG_W34749848,ORG_W34749848_T001,酒店前台,PL_W34749848,0.0,verified
P00827,ORG_UNRES_W662441563,ORG_UNRES_W662441563_T001,搬运工,PL_W662441563,0.0,unresolved
P00828,ORG_UNRES_W795799679,ORG_UNRES_W795799679_T001,自由设计师,PL_W795799679,0.0,unresolved
P00829,ORG_N14067134263,ORG_N14067134263_T001,数据分析师,PL_N14067134263,0.0,verified
P00830,ORG_UNRES_W660806969,ORG_UNRES_W660806969_T001,建筑工人,PL_W660806969,0.0,unresolved
P00831,ORG_N13704267913,ORG_N13704267913_T001,本科生,PL_N13704267913,0.0,verified
P00832,ORG_W34176941,ORG_W34176941_T001,建筑工人,PL_W34176941,0.0,verified
P00833,ORG_W25108216,ORG_W25108216_T001,酒店前台,PL_W25108216,0.0,verified
P00834,ORG_W34550600,ORG_W34550600_T001,仓库操作员,PL_W34550600,0.0,verified
P00835,ORG_W33561680,ORG_W33561680_T001,行政专员,PL_W33561680,0.0,verified
P00836,ORG_W58849210,ORG_W58849210_T001,维修技师,PL_W58849186,46.9,medium
P00837,ORG_N11281663890,ORG_N11281663890_T001,健身教练,PL_N11281663890,0.0,verified
P00838,ORG_N1459314504,ORG_N1459314504_T001,餐厅服务员,PL_N1459314504,0.0,verified
P00839,ORG_UNRES_W659239285,ORG_UNRES_W659239285_T001,建筑工人,PL_W659239285,0.0,unresolved
P00840,ORG_W705010187,ORG_W705010187_T001,摄影师,PL_W705010187,0.0,verified
P00841,ORG_W179297875,ORG_W179297875_T001,酒店前台,PL_W179297875,0.0,verified
P00842,ORG_UNRES_W183247755,ORG_UNRES_W183247755_T001,房产经纪,PL_W183247755,0.0,unresolved
P00843,ORG_W156354904,ORG_W156354904_T001,产品经理,PL_W156354904,0.0,verified
P00844,ORG_UNRES_W678430195,ORG_UNRES_W678430195_T001,高级项目经理,PL_W678430195,0.0,unresolved
P00845,ORG_W34582257,ORG_W34582257_T001,HR经理,PL_W34582257,0.0,verified
P00846,ORG_N5441763277,ORG_N5441763277_T001,高级运营专员,PL_N5441763277,0.0,verified
P00847,ORG_UNRES_W659250634,ORG_UNRES_W659250634_T001,摄影师,PL_W659250634,0.0,unresolved
P00848,ORG_N5448475709,ORG_N5448475709_T001,高级运营专员,PL_N5448475709,0.0,verified
P00849,ORG_W43125814,ORG_W43125814_T001,HR经理,PL_W43125814,0.0,verified
P00850,ORG_W34749723,ORG_W34749723_T001,酒店前台,PL_W34749723,0.0,verified
P00851,ORG_UNRES_W659427609,ORG_UNRES_W659427609_T001,行政专员,PL_W659427609,0.0,unresolved
P00852,ORG_N6565973716,ORG_N6565973716_T001,健身教练,PL_N6565973716,0.0,verified
P00853,ORG_W66967683,ORG_W66967683_T001,财务主管,PL_W66967683,0.0,verified
P00854,ORG_W132646523,ORG_W132646523_T001,销售代表,PL_W132646523,0.0,verified
P00855,ORG_W27268157,ORG_W27268157_T001,项目经理,PL_W679964142,31.7,medium
P00856,ORG_N9821236068,ORG_N9821236068_T001,会计,PL_N9821236068,0.0,verified
P00857,ORG_N3786761688,ORG_N3786761688_T001,客服,PL_N3786761688,0.0,verified
P00858,ORG_N2570624431,ORG_N2570624431_T001,设计师,PL_W1424015290,34.0,medium
P00859,ORG_W79577683,ORG_W79577683_T001,设备操作员,PL_W335514692,110.0,medium
P00860,ORG_N13885890639,ORG_N13885890639_T001,本科生,PL_N13885890639,0.0,verified
P00861,ORG_W58567276,ORG_W58567276_T001,零售店员,PL_W58567276,0.0,verified
P00862,ORG_W25108216,ORG_W25108216_T001,酒店前台,PL_W25108216,0.0,verified
P00863,ORG_UNRES_W1419677300,ORG_UNRES_W1419677300_T001,网店经营者,PL_W1419677300,0.0,unresolved
P00864,ORG_UNRES_W660248226,ORG_UNRES_W660248226_T001,销售代表,PL_W660248226,0.0,unresolved
P00865,ORG_W79672204,ORG_W79672204_T001,汽车技师,PL_W659239301,77.2,medium
P00866,ORG_W61698844,ORG_W61698844_T001,业务负责人,PL_W61698844,0.0,verified
P00867,ORG_UNRES_W659839311,ORG_UNRES_W659839311_T001,网店经营者,PL_W659839311,0.0,unresolved
P00868,ORG_N5127180396,ORG_N5127180396_T001,美容师,PL_N5127180396,0.0,verified
P00869,ORG_N5379390988,ORG_N5379390988_T001,数据分析师,PL_N5379390988,0.0,verified
P00870,ORG_N412346665,ORG_N412346665_T001,美容师,PL_N412346665,0.0,verified
P00871,ORG_N14030389951,ORG_N14030389951_T001,收银员,PL_N14030389951,0.0,verified
P00872,ORG_UNRES_W659441068,ORG_UNRES_W659441068_T001,搬运工,PL_W659441068,0.0,unresolved
P00873,ORG_N13890093469,ORG_N13890093469_T001,高级运营专员,PL_N13890093469,0.0,verified
P00874,ORG_N2681580824,ORG_N2681580824_T001,本科生,PL_N2681580824,0.0,verified
P00875,ORG_UNRES_W661824318,ORG_UNRES_W661824318_T001,咨询顾问,PL_W661824318,0.0,unresolved
P00876,ORG_UNRES_W43806369,ORG_UNRES_W43806369_T001,客户专员,PL_W43806369,0.0,unresolved
P00877,ORG_W67139123,ORG_W67139123_T001,客户专员,PL_W67139113,56.0,medium
P00878,ORG_N8178421163,ORG_N8178421163_T001,销售经理,PL_W43804648,6.5,high
P00879,ORG_W678759778,ORG_W678759778_T001,保安,PL_W678759778,0.0,verified
P00880,ORG_W1366234349,ORG_W1366234349_T001,维修技师,PL_W105516612,62.0,medium
P00881,ORG_N13971498235,ORG_N13971498235_T001,运营专员,PL_W27767641,19.2,high
P00882,ORG_UNRES_W1367959216,ORG_UNRES_W1367959216_T001,仓库操作员,PL_W1367959216,0.0,unresolved
P00883,ORG_N9723307467,ORG_N9723307467_T001,设计师,PL_W33527943,4.8,high
P00884,ORG_W410132644,ORG_W410132644_T001,酒店服务人员,PL_W410132644,0.0,verified
P00885,ORG_UNRES_W54623856,ORG_UNRES_W54623856_T001,高级软件工程师,PL_W54623856,0.0,unresolved
P00886,ORG_N438009210,ORG_N438009210_T001,理发师,PL_N438009210,0.0,verified
P00887,ORG_W702100748,ORG_W702100748_T001,本科生,PL_W702100748,0.0,verified
P00888,ORG_UNRES_W112757867,ORG_UNRES_W112757867_T001,行政专员,PL_W112757867,0.0,unresolved
P00889,ORG_N6172170868,ORG_N6172170868_T001,运营专员,PL_N6172170868,0.0,verified
P00890,ORG_N13946556412,ORG_N13946556412_T001,财务专员,PL_N13946556412,0.0,verified
P00891,ORG_W647465705,ORG_W647465705_T001,餐厅服务员,PL_W647465705,0.0,verified
P00892,ORG_UNRES_W659547096,ORG_UNRES_W659547096_T001,电工,PL_W659547096,0.0,unresolved
P00893,ORG_N7570784647,ORG_N7570784647_T001,会计,PL_W288357242,4.9,high
P00894,ORG_UNRES_W661956561,ORG_UNRES_W661956561_T001,卡车司机,PL_W661956561,0.0,unresolved
P00895,ORG_N5445754336,ORG_N5445754336_T001,会计,PL_N5445754336,0.0,verified
P00896,ORG_UNRES_W292440309,ORG_UNRES_W292440309_T001,私教,PL_W292440309,0.0,unresolved
P00897,ORG_N5443636923,ORG_N5443636923_T001,摄影师,PL_W1222872876,27.5,medium
P00898,ORG_UNRES_W33564022,ORG_UNRES_W33564022_T001,自媒体从业者,PL_W33564022,0.0,unresolved
P00899,ORG_W27778689,ORG_W27778689_T001,酒店服务人员,PL_W27778689,0.0,verified
P00900,ORG_N3468203402,ORG_N3468203402_T001,高级软件工程师,PL_W121968346,50.7,medium
P00901,ORG_W67141396,ORG_W67141396_T001,客户专员,PL_W67141396,0.0,verified
P00902,ORG_N547498239,ORG_N547498239_T001,本科生,PL_N547498239,0.0,verified
P00903,ORG_W31963779,ORG_W31963779_T001,业务负责人,PL_W31963779,0.0,verified
P00904,ORG_N5760409644,ORG_N5760409644_T001,客户经理,PL_N5760409644,0.0,verified
P00905,ORG_N13879320054,ORG_N13879320054_T001,设计师,PL_W33298345,45.7,medium
P00906,ORG_N6589766066,ORG_N6589766066_T001,零售店员,PL_N6589766066,0.0,verified
P00907,ORG_N9704188848,ORG_N9704188848_T001,会计,PL_N9704188848,0.0,verified
P00908,ORG_N11974058317,ORG_N11974058317_T001,保安,PL_N11974058317,0.0,verified
P00909,ORG_N2916217446,ORG_N2916217446_T001,保安,PL_N2916217446,0.0,verified
P00910,ORG_UNRES_W671097365,ORG_UNRES_W671097365_T001,维修技师,PL_W671097365,0.0,unresolved
P00911,ORG_N5709486021,ORG_N5709486021_T001,零售店员,PL_N5709486021,0.0,verified
P00912,ORG_UNRES_W704634881,ORG_UNRES_W704634881_T001,采购专员,PL_W704634881,0.0,unresolved
P00913,ORG_UNRES_W672751578,ORG_UNRES_W672751578_T001,销售代表,PL_W672751578,0.0,unresolved
P00914,ORG_N4327288570,ORG_N4327288570_T001,理发师,PL_N4327288570,0.0,verified
P00915,ORG_N11818755964,ORG_N11818755964_T001,财务专员,PL_W98231203,43.9,medium
P00916,ORG_N60930917,ORG_N60930917_T001,酒店服务人员,PL_N60930917,0.0,verified
P00917,ORG_W226326868,ORG_W226326868_T001,采购专员,PL_W584972653,90.2,medium
P00918,ORG_W43125683,ORG_W43125683_T001,HR经理,PL_W43125683,0.0,verified
P00919,ORG_N6543841088,ORG_N6543841088_T001,理发师,PL_N6543841088,0.0,verified
P00920,ORG_N5464920623,ORG_N5464920623_T001,健身教练,PL_N5464920623,0.0,verified
P00921,ORG_W659094218,ORG_W659094218_T001,房产经纪,PL_W659094237,43.0,medium
P00922,ORG_UNRES_W659129695,ORG_UNRES_W659129695_T001,搬运工,PL_W659129695,0.0,unresolved
P00923,ORG_N6068842913,ORG_N6068842913_T001,餐厅服务员,PL_N6068842913,0.0,verified
P00924,ORG_UNRES_W97850924,ORG_UNRES_W97850924_T001,会计,PL_W97850924,0.0,unresolved
P00925,ORG_UNRES_W657697672,ORG_UNRES_W657697672_T001,设计师,PL_W657697672,0.0,unresolved
P00926,ORG_N12087916032,ORG_N12087916032_T001,客户经理,PL_N12087916032,0.0,verified
P00927,ORG_N10096704342,ORG_N10096704342_T001,高级产品经理,PL_W34582436,9.3,high
P00928,ORG_UNRES_W67141547,ORG_UNRES_W67141547_T001,设备操作员,PL_W67141547,0.0,unresolved
P00929,ORG_N6551583283,ORG_N6551583283_T001,销售代表,PL_W797144766,16.3,high
P00930,ORG_W1366234349,ORG_W1366234349_T002,配送员,PL_W1366234349,0.0,verified
P00931,ORG_UNRES_W1351704061,ORG_UNRES_W1351704061_T001,会计,PL_W1351704061,0.0,unresolved
P00932,ORG_W137923156,ORG_W137923156_T001,采购经理,PL_W137923156,0.0,verified
P00933,ORG_UNRES_W906401671,ORG_UNRES_W906401671_T001,仓库操作员,PL_W906401671,0.0,unresolved
P00934,ORG_UNRES_W705529524,ORG_UNRES_W705529524_T001,安装工,PL_W705529524,0.0,unresolved
P00935,ORG_W42472536,ORG_W42472536_T001,HR经理,PL_W42472536,0.0,verified
P00936,ORG_N13717400808,ORG_N13717400808_T001,美容师,PL_N13717400808,0.0,verified
P00937,ORG_UNRES_W659320526,ORG_UNRES_W659320526_T001,卡车司机,PL_W659320526,0.0,unresolved
P00938,ORG_N5837364275,ORG_N5837364275_T001,保安,PL_N5837364275,0.0,verified
P00939,ORG_UNRES_W663827268,ORG_UNRES_W663827268_T001,产品经理,PL_W663827268,0.0,unresolved
P00940,ORG_UNRES_W31617619,ORG_UNRES_W31617619_T001,私教,PL_W31617619,0.0,unresolved
P00941,ORG_W56433521,ORG_W56433521_T001,安装工,PL_W32533889,104.5,medium
P00942,ORG_N6558113008,ORG_N6558113008_T001,财务经理,PL_N6558113008,0.0,verified
P00943,ORG_UNRES_W659588093,ORG_UNRES_W659588093_T001,高级数据分析师,PL_W659588093,0.0,unresolved
P00944,ORG_N9021051118,ORG_N9021051118_T001,客户经理,PL_N9021051118,0.0,verified
P00945,ORG_UNRES_W704287213,ORG_UNRES_W704287213_T001,配送员,PL_W704287213,0.0,unresolved
P00946,ORG_UNRES_W1545155848,ORG_UNRES_W1545155848_T001,安装工,PL_W1545155848,0.0,unresolved
P00947,ORG_W1504220927,ORG_W1504220927_T001,博士研究生,PL_W1504220927,0.0,verified
P00948,ORG_N5445615837,ORG_N5445615837_T001,零售店员,PL_N5445615837,0.0,verified
P00949,ORG_W32742071,ORG_W32742071_T001,销售经理,PL_W32742071,0.0,verified
P00950,ORG_W59036008,ORG_W59036008_T001,自由销售,PL_W59036008,0.0,verified
P00951,ORG_N2379608058,ORG_N2379608058_T001,销售经理,PL_W647465671,34.0,medium
P00952,ORG_W61760417,ORG_W61760417_T001,采购经理,PL_W61760417,0.0,verified
P00953,ORG_W180683128,ORG_W180683128_T001,收银员,PL_W180683128,0.0,verified
P00954,ORG_N13137063865,ORG_N13137063865_T001,财务专员,PL_W1004706294,13.0,high
P00955,ORG_W444340651,ORG_W444340651_T001,房产经纪,PL_W444340651,0.0,verified
P00956,ORG_N10920689889,ORG_N10920689889_T001,独立程序员,PL_N10920689889,0.0,verified
P00957,ORG_W65592644,ORG_W65592644_T001,运营专员,PL_W65592644,0.0,verified
P00958,ORG_N2178132364,ORG_N2178132364_T001,高级运营专员,PL_N2178132364,0.0,verified
P00959,ORG_UNRES_W32820132,ORG_UNRES_W32820132_T001,咨询顾问,PL_W32820132,0.0,unresolved
P00960,ORG_UNRES_W659427595,ORG_UNRES_W659427595_T001,财务主管,PL_W659427595,0.0,unresolved
P00961,ORG_UNRES_W371248124,ORG_UNRES_W371248124_T001,行政专员,PL_W371248124,0.0,unresolved
P00962,ORG_N13010520113,ORG_N13010520113_T001,销售代表,PL_N13010520113,0.0,verified
P00963,ORG_N5054381523,ORG_N5054381523_T001,客服,PL_N5054381523,0.0,verified
P00964,ORG_N2570624431,ORG_N2570624431_T001,设计师,PL_W1424015290,34.0,medium
P00965,ORG_W97180145,ORG_W97180145_T001,财务专员,PL_W97180145,0.0,verified
P00966,ORG_UNRES_W659588037,ORG_UNRES_W659588037_T001,高级数据分析师,PL_W659588037,0.0,unresolved
P00967,ORG_UNRES_W660836536,ORG_UNRES_W660836536_T001,搬运工,PL_W660836536,0.0,unresolved
P00968,ORG_UNRES_W795826330,ORG_UNRES_W795826330_T001,财务主管,PL_W795826330,0.0,unresolved
P00969,ORG_UNRES_W66979848,ORG_UNRES_W66979848_T001,快递员,PL_W66979848,0.0,unresolved
P00970,ORG_UNRES_W680624943,ORG_UNRES_W680624943_T001,维修技师,PL_W680624943,0.0,unresolved
P00971,ORG_N442711825,ORG_N442711825_T001,健身教练,PL_N442711825,0.0,verified
P00972,ORG_W23447514,ORG_W23447514_T001,硕士研究生,PL_W23447514,0.0,verified
P00973,ORG_W34749721,ORG_W34749721_T001,酒店服务人员,PL_W34749721,0.0,verified
P00974,ORG_W96975978,ORG_W96975978_T001,厨师,PL_W96975978,0.0,verified
P00975,ORG_UNRES_W657722109,ORG_UNRES_W657722109_T001,配送员,PL_W657722109,0.0,unresolved
P00976,ORG_N13670266863,ORG_N13670266863_T001,本科生,PL_N13670266863,0.0,verified
P00977,ORG_N6642057798,ORG_N6642057798_T001,健身教练,PL_N6642057798,0.0,verified
P00978,ORG_N1291264971,ORG_N1291264971_T001,高级运营专员,PL_N1291264971,0.0,verified
P00979,ORG_N13921299572,ORG_N13921299572_T001,零售店员,PL_N13921299572,0.0,verified
P00980,ORG_N11050104382,ORG_N11050104382_T001,客服,PL_N11050104382,0.0,verified
P00981,ORG_UNRES_W1204571902,ORG_UNRES_W1204571902_T001,卡车司机,PL_W1204571902,0.0,unresolved
P00982,ORG_N6090819024,ORG_N6090819024_T001,软件工程师,PL_W495300892,36.5,medium
P00983,ORG_W22914034,ORG_W22914034_T001,项目经理,PL_W61760168,78.9,medium
P00984,ORG_W328900136,ORG_W328900136_T001,高级软件工程师,PL_W328900136,0.0,verified
P00985,ORG_UNRES_W66980197,ORG_UNRES_W66980197_T001,焊工,PL_W66980197,0.0,unresolved
P00986,ORG_UNRES_W32595920,ORG_UNRES_W32595920_T001,区域经理,PL_W32595920,0.0,unresolved
P00987,ORG_N13108064199,ORG_N13108064199_T001,客服,PL_N13108064199,0.0,verified
P00988,ORG_UNRES_W214575490,ORG_UNRES_W214575490_T001,销售代表,PL_W214575490,0.0,unresolved
P00989,ORG_N12895860601,ORG_N12895860601_T001,零售店员,PL_N12895860601,0.0,verified
P00990,ORG_UNRES_W327005531,ORG_UNRES_W327005531_T001,搬运工,PL_W327005531,0.0,unresolved
P00991,ORG_W61759776,ORG_W61759776_T002,本科生,PL_W61759776,0.0,verified
P00992,ORG_N1885436878,ORG_N1885436878_T001,美容师,PL_N1885436878,0.0,verified
P00993,ORG_N12611728529,ORG_N12611728529_T001,房产经纪,PL_N12611728529,0.0,verified
P00994,ORG_UNRES_W661648703,ORG_UNRES_W661648703_T001,自由设计师,PL_W661648703,0.0,unresolved
P00995,ORG_N7658272777,ORG_N7658272777_T001,设计师,PL_N7658272777,0.0,verified
P00996,ORG_UNRES_W661206809,ORG_UNRES_W661206809_T001,自媒体从业者,PL_W661206809,0.0,unresolved
P00997,ORG_N6554893300,ORG_N6554893300_T001,高级数据分析师,PL_N6554893300,0.0,verified
P00998,ORG_N7751982988,ORG_N7751982988_T001,高级运营专员,PL_N7751982988,0.0,verified
P00999,ORG_UNRES_W616121212,ORG_UNRES_W616121212_T001,区域经理,PL_W616121212,0.0,unresolved
P01000,ORG_W1079642402,ORG_W1079642402_T001,自由设计师,PL_W1079642402,0.0,verified
P01001,ORG_UNRES_W371250768,ORG_UNRES_W371250768_T001,卡车司机,PL_W371250768,0.0,unresolved
P01002,ORG_N5889022246,ORG_N5889022246_T001,采购专员,PL_N5889022246,0.0,verified
P01003,ORG_N7212871425,ORG_N7212871425_T001,收银员,PL_N7212871425,0.0,verified
P01004,ORG_N2563167755,ORG_N2563167755_T001,自由销售,PL_N2563167755,0.0,verified
P01005,ORG_UNRES_W662099844,ORG_UNRES_W662099844_T001,高级运营专员,PL_W662099844,0.0,unresolved
P01006,ORG_N754637562,ORG_N754637562_T001,保安,PL_N754637562,0.0,verified
P01007,ORG_N3999424721,ORG_N3999424721_T001,咖啡师,PL_N3999424721,0.0,verified
P01008,ORG_UNRES_W93822088,ORG_UNRES_W93822088_T001,建筑工人,PL_W93822088,0.0,unresolved
P01009,ORG_N1854311801,ORG_N1854311801_T001,咖啡师,PL_N1854311801,0.0,verified
P01010,ORG_N6483209308,ORG_N6483209308_T001,保安,PL_N6483209308,0.0,verified
P01011,ORG_W657935861,ORG_W657935861_T001,焊工,PL_W657934899,60.9,medium
P01012,ORG_W663871436,ORG_W663871436_T001,房产经纪,PL_W663871436,0.0,verified
P01013,ORG_N1142872979,ORG_N1142872979_T001,本科生,PL_N1142872979,0.0,verified
P01014,ORG_UNRES_W669794351,ORG_UNRES_W669794351_T001,维修技师,PL_W669794351,0.0,unresolved
P01015,ORG_W58936459,ORG_W58936459_T001,会计,PL_W703929742,98.8,medium
P01016,ORG_UNRES_W703932832,ORG_UNRES_W703932832_T001,自媒体从业者,PL_W703932832,0.0,unresolved
P01017,ORG_W55031045,ORG_W55031045_T002,客服,PL_W55031045,0.0,verified
P01018,ORG_W32805000,ORG_W32805000_T001,项目经理,PL_W32805000,0.0,verified
P01019,ORG_W797142352,ORG_W797142352_T001,财务专员,PL_W797142352,0.0,verified
P01020,ORG_UNRES_W804360709,ORG_UNRES_W804360709_T001,配送员,PL_W804360709,0.0,unresolved
P01021,ORG_UNRES_W804618150,ORG_UNRES_W804618150_T001,软件工程师,PL_W804618150,0.0,unresolved
P01022,ORG_N6024062305,ORG_N6024062305_T001,区域经理,PL_N6024062305,0.0,verified
P01023,ORG_N6415420668,ORG_N6415420668_T001,采购经理,PL_W150370474,52.6,medium
P01024,ORG_UNRES_W943602453,ORG_UNRES_W943602453_T001,电工,PL_W943602453,0.0,unresolved
P01025,ORG_N12537548073,ORG_N12537548073_T001,零售店员,PL_N12537548073,0.0,verified
P01026,ORG_N12893596917,ORG_N12893596917_T001,餐厅服务员,PL_N12893596917,0.0,verified
P01027,ORG_UNRES_W34551411,ORG_UNRES_W34551411_T001,仓库操作员,PL_W34551411,0.0,unresolved
P01028,ORG_UNRES_W57385304,ORG_UNRES_W57385304_T001,销售经理,PL_W57385304,0.0,unresolved
P01029,ORG_W737886649,ORG_W737886649_T001,酒店前台,PL_W737886649,0.0,verified
P01030,ORG_UNRES_W1525237524,ORG_UNRES_W1525237524_T001,运营经理,PL_W1525237524,0.0,unresolved
P01031,ORG_N6820739759,ORG_N6820739759_T001,零售店员,PL_N6820739759,0.0,verified
P01032,ORG_UNRES_W33361592,ORG_UNRES_W33361592_T001,配送员,PL_W33361592,0.0,unresolved
P01033,ORG_UNRES_W143654379,ORG_UNRES_W143654379_T001,自由设计师,PL_W143654379,0.0,unresolved
P01034,ORG_W27778415,ORG_W27778415_T001,房产经纪,PL_W27778415,0.0,verified
P01035,ORG_N869750978,ORG_N869750978_T001,软件工程师,PL_W61097047,11.5,high
P01036,ORG_N12741073408,ORG_N12741073408_T001,运营专员,PL_W67138271,10.4,high
P01037,ORG_N3404127293,ORG_N3404127293_T001,采购专员,PL_N3404127293,0.0,verified
P01038,ORG_N2917845102,ORG_N2917845102_T001,运营专员,PL_N2917845102,0.0,verified
P01039,ORG_W438026405,ORG_W438026405_T001,HR经理,PL_W438026405,0.0,verified
P01040,ORG_W661334773,ORG_W661334773_T001,项目经理,PL_W661334773,0.0,verified
P01041,ORG_UNRES_W705507587,ORG_UNRES_W705507587_T001,运营专员,PL_W705507587,0.0,unresolved
P01042,ORG_N5706236065,ORG_N5706236065_T001,财务专员,PL_W599480360,41.6,medium
P01043,ORG_W125308706,ORG_W125308706_T001,会计,PL_W125308706,0.0,verified
P01044,ORG_UNRES_W321072041,ORG_UNRES_W321072041_T001,汽车技师,PL_W321072041,0.0,unresolved
P01045,ORG_UNRES_W363990471,ORG_UNRES_W363990471_T001,搬运工,PL_W363990471,0.0,unresolved
P01046,ORG_W62256154,ORG_W62256154_T001,酒店服务人员,PL_W62256154,0.0,verified
P01047,ORG_N12922239586,ORG_N12922239586_T001,独立程序员,PL_N12922239586,0.0,verified
P01048,ORG_N11178365153,ORG_N11178365153_T001,软件工程师,PL_W61698930,42.4,medium
P01049,ORG_W34582437,ORG_W34582437_T001,采购经理,PL_W678970360,45.9,medium
P01050,ORG_N12087934219,ORG_N12087934219_T001,区域经理,PL_W1108418366,9.7,high
P01051,ORG_UNRES_W33300523,ORG_UNRES_W33300523_T001,运营专员,PL_W33300523,0.0,unresolved
P01052,ORG_W256116927,ORG_W256116927_T001,财务主管,PL_W256116927,0.0,verified
P01053,ORG_N2563174395,ORG_N2563174395_T001,咖啡师,PL_N2563174395,0.0,verified
P01054,ORG_UNRES_W702537549,ORG_UNRES_W702537549_T001,本科生,PL_W702537549,0.0,unresolved
P01055,ORG_N7658272777,ORG_N7658272777_T001,数据分析师,PL_W60185753,41.5,medium
P01056,ORG_UNRES_W31620394,ORG_UNRES_W31620394_T001,独立承包商,PL_W31620394,0.0,unresolved
P01057,ORG_W233062812,ORG_W233062812_T001,产品经理,PL_W1531629510,77.0,medium
P01058,ORG_N6419730380,ORG_N6419730380_T001,销售经理,PL_W122204658,38.9,medium
P01059,ORG_N12877228145,ORG_N12877228145_T001,高级运营专员,PL_N12877228145,0.0,verified
P01060,ORG_W27778414,ORG_W27778414_T002,酒店前台,PL_W27778414,0.0,verified
P01061,ORG_N13040383443,ORG_N13040383443_T001,餐厅服务员,PL_N13040383443,0.0,verified
P01062,ORG_UNRES_W58869163,ORG_UNRES_W58869163_T001,焊工,PL_W58869163,0.0,unresolved
P01063,ORG_N4714661801,ORG_N4714661801_T001,采购专员,PL_W60332143,72.1,medium
P01064,ORG_N6548219493,ORG_N6548219493_T001,健身教练,PL_N6548219493,0.0,verified
P01065,ORG_UNRES_W661774618,ORG_UNRES_W661774618_T001,卡车司机,PL_W661774618,0.0,unresolved
P01066,ORG_UNRES_W797163159,ORG_UNRES_W797163159_T001,维修技师,PL_W797163159,0.0,unresolved
P01067,ORG_UNRES_W662782443,ORG_UNRES_W662782443_T001,网店经营者,PL_W662782443,0.0,unresolved
P01068,ORG_N5825570577,ORG_N5825570577_T001,客户经理,PL_W58854900,18.5,high
P01069,ORG_UNRES_W661774769,ORG_UNRES_W661774769_T001,电工,PL_W661774769,0.0,unresolved
P01070,ORG_W699417492,ORG_W699417492_T001,保安,PL_W699417492,0.0,verified
P01071,ORG_N7323173820,ORG_N7323173820_T001,HR经理,PL_W61429976,65.1,medium
P01072,ORG_W804493283,ORG_W804493283_T001,自由销售,PL_W804493283,0.0,verified
P01073,ORG_N7781377932,ORG_N7781377932_T001,本科生,PL_N7781377932,0.0,verified
P01074,ORG_UNRES_W187857986,ORG_UNRES_W187857986_T001,采购经理,PL_W187857986,0.0,unresolved
P01075,ORG_N803168349,ORG_N803168349_T001,设计师,PL_W598637693,36.4,medium
P01076,ORG_N12697813979,ORG_N12697813979_T001,销售代表,PL_W182946160,18.5,high
P01077,ORG_N12941660578,ORG_N12941660578_T001,项目经理,PL_N12941660578,0.0,verified
P01078,ORG_N3648181846,ORG_N3648181846_T001,保安,PL_N3648181846,0.0,verified
P01079,ORG_UNRES_W31620037,ORG_UNRES_W31620037_T001,采购专员,PL_W31620037,0.0,unresolved
P01080,ORG_UNRES_W703923705,ORG_UNRES_W703923705_T001,客户经理,PL_W703923705,0.0,unresolved
P01081,ORG_W25033693,ORG_W25033693_T001,会计,PL_W25033693,0.0,verified
P01082,ORG_W1336697639,ORG_W1336697639_T001,高级数据分析师,PL_W1336697639,0.0,verified
P01083,ORG_N7195380403,ORG_N7195380403_T001,收银员,PL_N7195380403,0.0,verified
P01084,ORG_N6401675740,ORG_N6401675740_T001,零售店员,PL_N6401675740,0.0,verified
P01085,ORG_N6348392717,ORG_N6348392717_T001,客服,PL_N6348392717,0.0,verified
P01086,ORG_N6370629247,ORG_N6370629247_T001,美容师,PL_N6370629247,0.0,verified
P01087,ORG_UNRES_W56436103,ORG_UNRES_W56436103_T001,建筑工人,PL_W56436103,0.0,unresolved
P01088,ORG_UNRES_W229921017,ORG_UNRES_W229921017_T001,设备操作员,PL_W229921017,0.0,unresolved
P01089,ORG_W657936345,ORG_W657936345_T001,搬运工,PL_W657936354,106.3,medium
P01090,ORG_N310957327,ORG_N310957327_T001,咨询顾问,PL_N12995038529,37.1,medium
P01091,ORG_W1067633790,ORG_W1067633790_T001,理发师,PL_W1067633790,0.0,verified
P01092,ORG_W661065753,ORG_W661065753_T001,酒店服务人员,PL_W661065753,0.0,verified
P01093,ORG_N3927992440,ORG_N3927992440_T001,销售经理,PL_W58271338,2.3,high
P01094,ORG_UNRES_W431918175,ORG_UNRES_W431918175_T001,房产经纪,PL_W431918175,0.0,unresolved
P01095,ORG_N12741073408,ORG_N12741073408_T001,采购专员,PL_N12741073408,0.0,verified
P01096,ORG_N4500611889,ORG_N4500611889_T001,美容师,PL_N4500611889,0.0,verified
P01097,ORG_UNRES_W31754697,ORG_UNRES_W31754697_T001,咨询顾问,PL_W31754697,0.0,unresolved
P01098,ORG_W133670940,ORG_W133670940_T001,行政专员,PL_W133670940,0.0,verified
P01099,ORG_W58560213,ORG_W58560213_T001,电工,PL_W58560213,0.0,verified
P01100,ORG_N9573757713,ORG_N9573757713_T001,高级软件工程师,PL_N9573757713,0.0,verified
P01101,ORG_W1289507559,ORG_W1289507559_T001,本科生,PL_W1289507559,0.0,verified
P01102,ORG_N4536926701,ORG_N4536926701_T001,客户经理,PL_W1357905984,14.8,high
P01103,ORG_W32805000,ORG_W32805000_T001,高级数据分析师,PL_W32805000,0.0,verified
P01104,ORG_N4175097161,ORG_N4175097161_T001,房产经纪,PL_N4175097161,0.0,verified
P01105,ORG_UNRES_W661825298,ORG_UNRES_W661825298_T001,独立承包商,PL_W661825298,0.0,unresolved
P01106,ORG_W207633582,ORG_W207633582_T001,理发师,PL_W207633582,0.0,verified
P01107,ORG_UNRES_W660079287,ORG_UNRES_W660079287_T001,自由设计师,PL_W660079287,0.0,unresolved
P01108,ORG_N13018279815,ORG_N13018279815_T001,客户经理,PL_N13018279815,0.0,verified
P01109,ORG_N6811531612,ORG_N6811531612_T001,运营专员,PL_W450841059,78.6,medium
P01110,ORG_W30982884,ORG_W30982884_T001,健身教练,PL_W30982884,0.0,verified
P01111,ORG_N12898232996,ORG_N12898232996_T001,本科生,PL_N12898232996,0.0,verified
P01112,ORG_N2188781411,ORG_N2188781411_T001,运营专员,PL_N2188781411,0.0,verified
P01113,ORG_W58431318,ORG_W58431318_T001,销售经理,PL_W659581417,88.7,medium
P01114,ORG_N8308714417,ORG_N8308714417_T001,高级数据分析师,PL_N8308714417,0.0,verified
P01115,ORG_N13932534615,ORG_N13932534615_T001,硕士研究生,PL_N13932534615,0.0,verified
P01116,ORG_W170018362,ORG_W170018362_T001,项目经理,PL_W170018362,0.0,verified
P01117,ORG_UNRES_W663826531,ORG_UNRES_W663826531_T001,销售经理,PL_W663826531,0.0,unresolved
P01118,ORG_W1502658805,ORG_W1502658805_T001,硕士研究生,PL_W1502658805,0.0,verified
P01119,ORG_W33037452,ORG_W33037452_T001,销售代表,PL_W33037452,0.0,verified
P01120,ORG_UNRES_W660844650,ORG_UNRES_W660844650_T001,翻译,PL_W660844650,0.0,unresolved
P01121,ORG_W97180148,ORG_W97180148_T001,酒店前台,PL_W97180148,0.0,verified
P01122,ORG_N2833168699,ORG_N2833168699_T001,收银员,PL_N2833168699,0.0,verified
P01123,ORG_W33300537,ORG_W33300537_T001,厨师,PL_W33300537,0.0,verified
P01124,ORG_UNRES_W659538688,ORG_UNRES_W659538688_T001,设备操作员,PL_W659538688,0.0,unresolved
P01125,ORG_UNRES_W804360805,ORG_UNRES_W804360805_T001,产品经理,PL_W804360805,0.0,unresolved
P01126,ORG_N12861648672,ORG_N12861648672_T001,会计,PL_N12861648672,0.0,verified
P01127,ORG_N3755181773,ORG_N3755181773_T001,客户专员,PL_N3755181773,0.0,verified
P01128,ORG_N1306212511,ORG_N1306212511_T001,硕士研究生,PL_N1306212511,0.0,verified
P01129,ORG_W43805033,ORG_W43805033_T001,房产经纪,PL_W43805033,0.0,verified
P01130,ORG_W55036397,ORG_W55036397_T001,酒店前台,PL_W55036397,0.0,verified
P01131,ORG_N1286233070,ORG_N1286233070_T001,高级数据分析师,PL_W796687015,45.9,medium
P01132,ORG_N12866398836,ORG_N12866398836_T001,技术经理,PL_N12866398836,0.0,verified
P01133,ORG_N13932235637,ORG_N13932235637_T001,采购专员,PL_N13932235637,0.0,verified
P01134,ORG_UNRES_W660583909,ORG_UNRES_W660583909_T001,自媒体从业者,PL_W660583909,0.0,unresolved
P01135,ORG_UNRES_W676443514,ORG_UNRES_W676443514_T001,硕士研究生,PL_W676443514,0.0,unresolved
P01136,ORG_W23447514,ORG_W23447514_T001,本科生,PL_W23447514,0.0,verified
P01137,ORG_W33361576,ORG_W33361576_T001,快递员,PL_W661079400,110.8,medium
P01138,ORG_W59252748,ORG_W59252748_T001,客户专员,PL_W59252748,0.0,verified
P01139,ORG_W144942369,ORG_W144942369_T001,厨师,PL_W144942369,0.0,verified
P01140,ORG_UNRES_W191858254,ORG_UNRES_W191858254_T001,焊工,PL_W191858254,0.0,unresolved
P01141,ORG_UNRES_W130801772,ORG_UNRES_W130801772_T001,运营经理,PL_W130801772,0.0,unresolved
P01142,ORG_UNRES_W442979488,ORG_UNRES_W442979488_T001,设计师,PL_W442979488,0.0,unresolved
P01143,ORG_N10820389158,ORG_N10820389158_T001,财务经理,PL_N10820389158,0.0,verified
P01144,ORG_W61014137,ORG_W61014137_T001,酒店服务人员,PL_W61014137,0.0,verified
P01145,ORG_N13571029753,ORG_N13571029753_T001,房产经纪,PL_W56188118,42.2,medium
P01146,ORG_UNRES_W659533736,ORG_UNRES_W659533736_T001,翻译,PL_W659533736,0.0,unresolved
P01147,ORG_W804454883,ORG_W804454883_T001,高级数据分析师,PL_W60609247,95.8,medium
P01148,ORG_N2626366235,ORG_N2626366235_T001,咖啡师,PL_N2626366235,0.0,verified
P01149,ORG_N67972496,ORG_N67972496_T001,健身教练,PL_N67972496,0.0,verified
P01150,ORG_UNRES_W34551488,ORG_UNRES_W34551488_T001,快递员,PL_W34551488,0.0,unresolved
P01151,ORG_N2153230504,ORG_N2153230504_T001,财务主管,PL_N2153230504,0.0,verified
P01152,ORG_W33542522,ORG_W33542522_T001,酒店前台,PL_W33542522,0.0,verified
P01153,ORG_N4613240750,ORG_N4613240750_T001,私教,PL_N4613240750,0.0,verified
P01154,ORG_W34516318,ORG_W34516318_T001,厨师,PL_W34516318,0.0,verified
P01155,ORG_W34749688,ORG_W34749688_T001,酒店前台,PL_W34749688,0.0,verified
P01156,ORG_UNRES_W427224028,ORG_UNRES_W427224028_T001,自由设计师,PL_W427224028,0.0,unresolved
P01157,ORG_N2508951424,ORG_N2508951424_T001,采购专员,PL_W115209027,11.4,high
P01158,ORG_UNRES_W660830486,ORG_UNRES_W660830486_T001,会计,PL_W660830486,0.0,unresolved
P01159,ORG_N3947135772,ORG_N3947135772_T001,销售经理,PL_N3947135772,0.0,verified
P01160,ORG_W59244418,ORG_W59244418_T001,财务专员,PL_W59244418,0.0,verified
P01161,ORG_N13897158549,ORG_N13897158549_T001,项目经理,PL_W1080660035,75.5,medium
P01162,ORG_W58560222,ORG_W58560222_T001,酒店服务人员,PL_W58560222,0.0,verified
P01163,ORG_UNRES_W702160080,ORG_UNRES_W702160080_T001,咨询顾问,PL_W702160080,0.0,unresolved
P01164,ORG_N6172170858,ORG_N6172170858_T001,高级产品经理,PL_N6172170858,0.0,verified
P01165,ORG_N8238938098,ORG_N8238938098_T001,咨询顾问,PL_N8238938098,0.0,verified
P01166,ORG_W36508437,ORG_W36508437_T001,硕士研究生,PL_W36508437,0.0,verified
P01167,ORG_W34749730,ORG_W34749730_T001,酒店服务人员,PL_W34749730,0.0,verified
P01168,ORG_UNRES_W701997045,ORG_UNRES_W701997045_T001,业务负责人,PL_W701997045,0.0,unresolved
P01169,ORG_N5658771340,ORG_N5658771340_T001,采购专员,PL_W31620471,5.6,high
P01170,ORG_UNRES_W229483556,ORG_UNRES_W229483556_T001,自由销售,PL_W229483556,0.0,unresolved
P01171,ORG_W59574734,ORG_W59574734_T001,高级软件工程师,PL_W1256755741,69.3,medium
P01172,ORG_N7570784647,ORG_N7570784647_T001,销售经理,PL_W1541291206,9.3,high
P01173,ORG_N6711381747,ORG_N6711381747_T001,美容师,PL_N6711381747,0.0,verified
P01174,ORG_N6328178439,ORG_N6328178439_T001,收银员,PL_N6328178439,0.0,verified
P01175,ORG_W61011666,ORG_W61011666_T001,会计,PL_W61011666,0.0,verified
P01176,ORG_W805392727,ORG_W805392727_T001,会计,PL_W805392727,0.0,verified
P01177,ORG_W161110169,ORG_W161110169_T001,本科生,PL_W161110169,0.0,verified
P01178,ORG_UNRES_W307653859,ORG_UNRES_W307653859_T001,项目经理,PL_W307653859,0.0,unresolved
P01179,ORG_N6363116935,ORG_N6363116935_T001,数据分析师,PL_W679142319,27.4,medium
P01180,ORG_N6355436262,ORG_N6355436262_T001,美容师,PL_N6355436262,0.0,verified
P01181,ORG_N7720347797,ORG_N7720347797_T001,会计,PL_W71187354,11.1,high
P01182,ORG_UNRES_W678508079,ORG_UNRES_W678508079_T001,自由销售,PL_W678508079,0.0,unresolved
P01183,ORG_W35155100,ORG_W35155100_T001,酒店前台,PL_W35155100,0.0,verified
P01184,ORG_N10649931437,ORG_N10649931437_T001,咨询顾问,PL_N10649931437,0.0,verified
P01185,ORG_N13570764588,ORG_N13570764588_T001,零售店员,PL_N13570764588,0.0,verified
P01186,ORG_N768966147,ORG_N768966147_T001,产品经理,PL_W61698932,3.9,high
P01187,ORG_N2840262701,ORG_N2840262701_T001,零售店员,PL_N2840262701,0.0,verified
P01188,ORG_UNRES_W34582721,ORG_UNRES_W34582721_T001,设备操作员,PL_W34582721,0.0,unresolved
P01189,ORG_N1125532862,ORG_N1125532862_T001,高级运营专员,PL_W660624564,29.5,medium
P01190,ORG_N9723307467,ORG_N9723307467_T001,设计师,PL_W33527943,4.8,high
P01191,ORG_N772352280,ORG_N772352280_T001,收银员,PL_N772352280,0.0,verified
P01192,ORG_W32742071,ORG_W32742071_T001,销售经理,PL_W32742071,0.0,verified
P01193,ORG_UNRES_W57046707,ORG_UNRES_W57046707_T001,独立程序员,PL_W57046707,0.0,unresolved
P01194,ORG_UNRES_W705565537,ORG_UNRES_W705565537_T001,翻译,PL_W705565537,0.0,unresolved
P01195,ORG_N10838177365,ORG_N10838177365_T001,运营经理,PL_W57385297,21.2,high
P01196,ORG_UNRES_W659729950,ORG_UNRES_W659729950_T001,独立承包商,PL_W659729950,0.0,unresolved
P01197,ORG_N6394858413,ORG_N6394858413_T001,餐厅服务员,PL_N6394858413,0.0,verified
P01198,ORG_UNRES_W301970888,ORG_UNRES_W301970888_T001,销售代表,PL_W301970888,0.0,unresolved
P01199,ORG_UNRES_W409262654,ORG_UNRES_W409262654_T001,HR经理,PL_W409262654,0.0,unresolved
P01200,ORG_N1240464832,ORG_N1240464832_T001,零售店员,PL_N1240464832,0.0,verified
P01201,ORG_UNRES_W663052831,ORG_UNRES_W663052831_T001,财务主管,PL_W663052831,0.0,unresolved
P01202,ORG_W659114678,ORG_W659114678_T001,设备操作员,PL_W659114677,61.1,medium
P01203,ORG_W34720688,ORG_W34720688_T001,运营专员,PL_W34720688,0.0,verified
P01204,ORG_N3941602078,ORG_N3941602078_T001,保安,PL_N3941602078,0.0,verified
P01205,ORG_N3712318484,ORG_N3712318484_T001,客服,PL_N3712318484,0.0,verified
P01206,ORG_UNRES_W704995233,ORG_UNRES_W704995233_T001,配送员,PL_W704995233,0.0,unresolved
P01207,ORG_N5706236065,ORG_N5706236065_T002,行政专员,PL_W599480360,41.6,medium
P01208,ORG_N7557258030,ORG_N7557258030_T001,餐厅服务员,PL_N7557258030,0.0,verified
P01209,ORG_N3362088818,ORG_N3362088818_T001,HR经理,PL_N3362088818,0.0,verified
P01210,ORG_W27778414,ORG_W27778414_T002,酒店服务人员,PL_W27778414,0.0,verified
P01211,ORG_N12861774206,ORG_N12861774206_T001,本科生,PL_N12861774206,0.0,verified
P01212,ORG_W34614474,ORG_W34614474_T001,客户专员,PL_W34614474,0.0,verified
P01213,ORG_UNRES_W141171535,ORG_UNRES_W141171535_T001,维修技师,PL_W141171535,0.0,unresolved
P01214,ORG_W591907742,ORG_W591907742_T001,私教,PL_W591907742,0.0,verified
P01215,ORG_UNRES_W353028574,ORG_UNRES_W353028574_T001,自媒体从业者,PL_W353028574,0.0,unresolved
P01216,ORG_N3739749451,ORG_N3739749451_T001,销售经理,PL_N3739749451,0.0,verified
P01217,ORG_W33471348,ORG_W33471348_T001,产品经理,PL_W141296067,32.1,medium
P01218,ORG_W661330239,ORG_W661330239_T001,软件工程师,PL_W661330239,0.0,verified
P01219,ORG_UNRES_W661471624,ORG_UNRES_W661471624_T001,客户经理,PL_W661471624,0.0,unresolved
P01220,ORG_N13890109307,ORG_N13890109307_T001,本科生,PL_N13890109307,0.0,verified
P01221,ORG_W300884213,ORG_W300884213_T001,产品经理,PL_W300884213,0.0,verified
P01222,ORG_N13288446237,ORG_N13288446237_T001,美容师,PL_N13288446237,0.0,verified
P01223,ORG_UNRES_W659341024,ORG_UNRES_W659341024_T001,网店经营者,PL_W659341024,0.0,unresolved
P01224,ORG_N12941620210,ORG_N12941620210_T001,财务主管,PL_N12941620210,0.0,verified
P01225,ORG_UNRES_W674557283,ORG_UNRES_W674557283_T001,客户经理,PL_W674557283,0.0,unresolved
P01226,ORG_N13889944378,ORG_N13889944378_T001,HR经理,PL_W236148180,83.8,medium
P01227,ORG_W34516164,ORG_W34516164_T001,独立程序员,PL_W34516164,0.0,verified
P01228,ORG_UNRES_W33189917,ORG_UNRES_W33189917_T001,电工,PL_W33189917,0.0,unresolved
P01229,ORG_W58851618,ORG_W58851618_T001,仓库操作员,PL_W58851676,70.8,medium
P01230,ORG_N2501228122,ORG_N2501228122_T001,收银员,PL_N2501228122,0.0,verified
P01231,ORG_UNRES_W662774421,ORG_UNRES_W662774421_T001,翻译,PL_W662774421,0.0,unresolved
P01232,ORG_UNRES_W546667231,ORG_UNRES_W546667231_T001,仓库操作员,PL_W546667231,0.0,unresolved
P01233,ORG_W55031045,ORG_W55031045_T002,酒店服务人员,PL_W55031045,0.0,verified
P01234,ORG_W32572557,ORG_W32572557_T001,销售代表,PL_W32572555,71.2,medium
P01235,ORG_UNRES_W659839892,ORG_UNRES_W659839892_T001,运营专员,PL_W659839892,0.0,unresolved
P01236,ORG_UNRES_W297468339,ORG_UNRES_W297468339_T001,HR经理,PL_W297468339,0.0,unresolved
P01237,ORG_W702100748,ORG_W702100748_T001,本科生,PL_W702100748,0.0,verified
P01238,ORG_UNRES_W662259384,ORG_UNRES_W662259384_T001,配送员,PL_W662259384,0.0,unresolved
P01239,ORG_UNRES_W1098900364,ORG_UNRES_W1098900364_T001,软件工程师,PL_W1098900364,0.0,unresolved
P01240,ORG_UNRES_W659581403,ORG_UNRES_W659581403_T001,产品经理,PL_W659581403,0.0,unresolved
P01241,ORG_W23334883,ORG_W23334883_T001,硕士研究生,PL_W23334883,0.0,verified
P01242,ORG_N11136267039,ORG_N11136267039_T001,技术经理,PL_W1201445841,33.2,medium
P01243,ORG_W1466545534,ORG_W1466545534_T001,客服,PL_W1466545534,0.0,verified
P01244,ORG_W1109164580,ORG_W1109164580_T001,酒店服务人员,PL_W1109164580,0.0,verified
P01245,ORG_W1504227411,ORG_W1504227411_T001,博士研究生,PL_W1504227411,0.0,verified
P01246,ORG_N3509230103,ORG_N3509230103_T001,会计,PL_N3509230103,0.0,verified
P01247,ORG_UNRES_W194216238,ORG_UNRES_W194216238_T001,仓库操作员,PL_W194216238,0.0,unresolved
P01248,ORG_N9241342724,ORG_N9241342724_T001,零售店员,PL_N577450041,7.7,high
P01249,ORG_W77039686,ORG_W77039686_T001,本科生,PL_W77039686,0.0,verified
P01250,ORG_W1504227412,ORG_W1504227412_T001,本科生,PL_W1504227412,0.0,verified
P01251,ORG_N13951193859,ORG_N13951193859_T001,会计,PL_W1424486876,15.9,high
P01252,ORG_N8100550665,ORG_N8100550665_T001,网店经营者,PL_N8100550665,0.0,verified
P01253,ORG_N3509230105,ORG_N3509230105_T001,采购经理,PL_N3509230105,0.0,verified
P01254,ORG_W160182860,ORG_W160182860_T001,HR经理,PL_W160182860,0.0,verified
P01255,ORG_N12861774206,ORG_N12861774206_T001,本科生,PL_N12861774206,0.0,verified
P01256,ORG_UNRES_W59035957,ORG_UNRES_W59035957_T001,采购经理,PL_W59035957,0.0,unresolved
P01257,ORG_N13932536922,ORG_N13932536922_T001,销售代表,PL_N13932536922,0.0,verified
P01258,ORG_W25108216,ORG_W25108216_T001,酒店服务人员,PL_W25108216,0.0,verified
P01259,ORG_UNRES_W660807077,ORG_UNRES_W660807077_T001,维修技师,PL_W660807077,0.0,unresolved
P01260,ORG_W666748207,ORG_W666748207_T001,保安,PL_W666748207,0.0,verified
P01261,ORG_N6545342858,ORG_N6545342858_T001,理发师,PL_N6545342858,0.0,verified
P01262,ORG_W61759776,ORG_W61759776_T002,博士研究生,PL_W61759776,0.0,verified
P01263,ORG_N7089481079,ORG_N7089481079_T001,保安,PL_N7089481079,0.0,verified
P01264,ORG_N5315765524,ORG_N5315765524_T001,HR经理,PL_N5315765524,0.0,verified
P01265,ORG_UNRES_W41391653,ORG_UNRES_W41391653_T001,独立承包商,PL_W41391653,0.0,unresolved
P01266,ORG_N8550950821,ORG_N8550950821_T001,采购专员,PL_W61759778,10.7,high
P01267,ORG_W1502659706,ORG_W1502659706_T001,本科生,PL_W1502659706,0.0,verified
P01268,ORG_N3405873289,ORG_N3405873289_T001,会计,PL_W671097365,20.1,high
P01269,ORG_N6545307525,ORG_N6545307525_T001,咖啡师,PL_N6545307525,0.0,verified
P01270,ORG_W1491660168,ORG_W1491660168_T001,摄影师,PL_W1491660168,0.0,verified
P01271,ORG_W244752148,ORG_W244752148_T001,产品经理,PL_W244752148,0.0,verified
P01272,ORG_W805394111,ORG_W805394111_T001,销售经理,PL_W805394111,0.0,verified
P01273,ORG_UNRES_W677770980,ORG_UNRES_W677770980_T001,搬运工,PL_W677770980,0.0,unresolved
P01274,ORG_W662150292,ORG_W662150292_T001,客服,PL_W662150292,0.0,verified
P01275,ORG_N12372663747,ORG_N12372663747_T001,销售代表,PL_N12372663747,0.0,verified
P01276,ORG_W34121572,ORG_W34121572_T001,摄影师,PL_W34121572,0.0,verified
P01277,ORG_N6373227307,ORG_N6373227307_T001,销售代表,PL_W676111885,88.1,medium
P01278,ORG_UNRES_W146416648,ORG_UNRES_W146416648_T001,采购经理,PL_W146416648,0.0,unresolved
P01279,ORG_UNRES_W659588032,ORG_UNRES_W659588032_T001,高级产品经理,PL_W659588032,0.0,unresolved
P01280,ORG_N4311475710,ORG_N4311475710_T001,高级运营专员,PL_W662099818,77.7,medium
P01281,ORG_N13892239967,ORG_N13892239967_T001,客服,PL_N13892239967,0.0,verified
P01282,ORG_N6341484679,ORG_N6341484679_T001,房产经纪,PL_N6341484679,0.0,verified
P01283,ORG_N2796393869,ORG_N2796393869_T001,独立承包商,PL_N2796393869,0.0,verified
P01284,ORG_N12996529644,ORG_N12996529644_T001,采购经理,PL_W236136690,94.5,medium
P01285,ORG_N3559278292,ORG_N3559278292_T001,餐厅服务员,PL_N3559278292,0.0,verified
P01286,ORG_N4957538454,ORG_N4957538454_T001,本科生,PL_N4957538454,0.0,verified
P01287,ORG_UNRES_W331945078,ORG_UNRES_W331945078_T001,安装工,PL_W331945078,0.0,unresolved
P01288,ORG_UNRES_W659341022,ORG_UNRES_W659341022_T001,翻译,PL_W659341022,0.0,unresolved
P01289,ORG_UNRES_W291397756,ORG_UNRES_W291397756_T001,焊工,PL_W291397756,0.0,unresolved
P01290,ORG_UNRES_W175643381,ORG_UNRES_W175643381_T001,软件工程师,PL_W175643381,0.0,unresolved
P01291,ORG_W150909173,ORG_W150909173_T001,HR经理,PL_W150909173,0.0,verified
P01292,ORG_W42333323,ORG_W42333323_T001,财务主管,PL_W42333323,0.0,verified
P01293,ORG_N2890089526,ORG_N2890089526_T001,财务主管,PL_W61011663,5.7,high
P01294,ORG_W661193603,ORG_W661193603_T001,财务专员,PL_W661193603,0.0,verified
P01295,ORG_W1458957901,ORG_W1458957901_T001,设备操作员,PL_W1458957901,0.0,verified
P01296,ORG_UNRES_W57046679,ORG_UNRES_W57046679_T001,配送员,PL_W57046679,0.0,unresolved
P01297,ORG_N6547252193,ORG_N6547252193_T001,业务负责人,PL_N6547252193,0.0,verified
P01298,ORG_W96975978,ORG_W96975978_T001,客服,PL_W96975978,0.0,verified
P01299,ORG_N11686573169,ORG_N11686573169_T001,运营专员,PL_W59248694,8.8,high
P01300,ORG_W56473908,ORG_W56473908_T001,高级运营专员,PL_W56473908,0.0,verified
P01301,ORG_UNRES_W211057313,ORG_UNRES_W211057313_T001,高级项目经理,PL_W211057313,0.0,unresolved
P01302,ORG_W80378604,ORG_W80378604_T001,会计,PL_W34121938,63.8,medium
P01303,ORG_UNRES_W59146422,ORG_UNRES_W59146422_T001,HR经理,PL_W59146422,0.0,unresolved
P01304,ORG_UNRES_W671010921,ORG_UNRES_W671010921_T001,房产经纪,PL_W671010921,0.0,unresolved
P01305,ORG_UNRES_W677322972,ORG_UNRES_W677322972_T001,HR经理,PL_W677322972,0.0,unresolved
P01306,ORG_UNRES_W704287224,ORG_UNRES_W704287224_T001,高级项目经理,PL_W704287224,0.0,unresolved
P01307,ORG_UNRES_W660836551,ORG_UNRES_W660836551_T001,安装工,PL_W660836551,0.0,unresolved
P01308,ORG_UNRES_W1354494562,ORG_UNRES_W1354494562_T001,销售经理,PL_W1354494562,0.0,unresolved
P01309,ORG_UNRES_W1204544956,ORG_UNRES_W1204544956_T001,电工,PL_W1204544956,0.0,unresolved
P01310,ORG_N12849640769,ORG_N12849640769_T001,房产经纪,PL_N12849640769,0.0,verified
P01311,ORG_UNRES_W30966658,ORG_UNRES_W30966658_T001,自媒体从业者,PL_W30966658,0.0,unresolved
P01312,ORG_UNRES_W796567702,ORG_UNRES_W796567702_T001,网店经营者,PL_W796567702,0.0,unresolved
P01313,ORG_N13890093470,ORG_N13890093470_T001,采购经理,PL_N13890093470,0.0,verified
P01314,ORG_N13670218671,ORG_N13670218671_T001,餐厅服务员,PL_N13670218671,0.0,verified
P01315,ORG_N411670085,ORG_N411670085_T001,收银员,PL_N411670085,0.0,verified
P01316,ORG_W43805112,ORG_W43805112_T001,人力资源经理,PL_W43805112,0.0,verified
P01317,ORG_UNRES_W34551483,ORG_UNRES_W34551483_T001,建筑工人,PL_W34551483,0.0,unresolved
P01318,ORG_N6491236579,ORG_N6491236579_T001,客户专员,PL_N6491236579,0.0,verified
P01319,ORG_UNRES_W1302155974,ORG_UNRES_W1302155974_T001,销售经理,PL_W1302155974,0.0,unresolved
P01320,ORG_W43808518,ORG_W43808518_T001,销售经理,PL_W676104887,54.7,medium
P01321,ORG_N401521720,ORG_N401521720_T001,本科生,PL_N401521720,0.0,verified
P01322,ORG_W23447514,ORG_W23447514_T002,本科生,PL_W23447514,0.0,verified
P01323,ORG_W797150068,ORG_W797150068_T002,会计,PL_W1395765937,24.5,high
P01324,ORG_N6660792674,ORG_N6660792674_T001,采购专员,PL_N6660792674,0.0,verified
P01325,ORG_N1515959209,ORG_N1515959209_T001,硕士研究生,PL_N1515959209,0.0,verified
P01326,ORG_W232841977,ORG_W232841977_T001,财务专员,PL_W232841977,0.0,verified
P01327,ORG_UNRES_W34546383,ORG_UNRES_W34546383_T001,电工,PL_W34546383,0.0,unresolved
P01328,ORG_N6363116935,ORG_N6363116935_T001,区域经理,PL_W659629256,52.9,medium
P01329,ORG_N6367927563,ORG_N6367927563_T001,美容师,PL_N6367927563,0.0,verified
P01330,ORG_N13670266862,ORG_N13670266862_T001,本科生,PL_N13670266862,0.0,verified
P01331,ORG_W114352630,ORG_W114352630_T001,人力资源经理,PL_W114352638,25.8,medium
P01332,ORG_UNRES_W703948826,ORG_UNRES_W703948826_T001,仓库操作员,PL_W703948826,0.0,unresolved
P01333,ORG_UNRES_W184225995,ORG_UNRES_W184225995_T001,配送员,PL_W184225995,0.0,unresolved
P01334,ORG_N5069406422,ORG_N5069406422_T001,行政专员,PL_W179222094,48.6,medium
P01335,ORG_W34749730,ORG_W34749730_T001,厨师,PL_W34749730,0.0,verified
P01336,ORG_N8177427063,ORG_N8177427063_T001,财务专员,PL_W1125984079,17.8,high
P01337,ORG_W79664987,ORG_W79664987_T001,数据分析师,PL_W79664987,0.0,verified
P01338,ORG_N6341947264,ORG_N6341947264_T001,运营经理,PL_N6341947264,0.0,verified
P01339,ORG_N7195274343,ORG_N7195274343_T001,客服,PL_N7195274343,0.0,verified
P01340,ORG_W56426670,ORG_W56426670_T001,保安,PL_W56426670,0.0,verified
P01341,ORG_UNRES_W662259387,ORG_UNRES_W662259387_T001,软件工程师,PL_W662259387,0.0,unresolved
P01342,ORG_N6323402049,ORG_N6323402049_T001,美容师,PL_N6323402049,0.0,verified
P01343,ORG_W204710538,ORG_W204710538_T001,产品经理,PL_W679046739,54.1,medium
P01344,ORG_UNRES_W658233525,ORG_UNRES_W658233525_T001,高级运营专员,PL_W658233525,0.0,unresolved
P01345,ORG_N11737962470,ORG_N11737962470_T001,高级项目经理,PL_W194224131,19.4,high
P01346,ORG_W126301465,ORG_W126301465_T001,高级软件工程师,PL_W126301465,0.0,verified
P01347,ORG_N5575078726,ORG_N5575078726_T001,设计师,PL_N12783363729,15.4,high
P01348,ORG_N13358601199,ORG_N13358601199_T001,区域经理,PL_N13358601199,0.0,verified
P01349,ORG_UNRES_W703752561,ORG_UNRES_W703752561_T001,卡车司机,PL_W703752561,0.0,unresolved
P01350,ORG_W31757257,ORG_W31757257_T001,自由销售,PL_W31757257,0.0,verified
P01351,ORG_UNRES_W34582302,ORG_UNRES_W34582302_T001,业务负责人,PL_W34582302,0.0,unresolved
P01352,ORG_UNRES_W66984060,ORG_UNRES_W66984060_T001,建筑工人,PL_W66984060,0.0,unresolved
P01353,ORG_W266052591,ORG_W266052591_T001,自媒体从业者,PL_W266052591,0.0,verified
P01354,ORG_N6545677394,ORG_N6545677394_T001,翻译,PL_N6545677394,0.0,verified
P01355,ORG_W204728748,ORG_W204728748_T001,焊工,PL_W661950669,64.1,medium
P01356,ORG_N8550950821,ORG_N8550950821_T001,客户专员,PL_W61759778,10.7,high
P01357,ORG_N6592650714,ORG_N6592650714_T001,销售代表,PL_N6592650714,0.0,verified
P01358,ORG_N8946571608,ORG_N8946571608_T001,项目经理,PL_N8946571608,0.0,verified
P01359,ORG_UNRES_W663870427,ORG_UNRES_W663870427_T001,部门经理,PL_W663870427,0.0,unresolved
P01360,ORG_UNRES_W660633311,ORG_UNRES_W660633311_T001,私教,PL_W660633311,0.0,unresolved
P01361,ORG_UNRES_W56062684,ORG_UNRES_W56062684_T001,仓库操作员,PL_W56062684,0.0,unresolved
P01362,ORG_W43805377,ORG_W43805377_T001,高级数据分析师,PL_W43805669,96.7,medium
P01363,ORG_UNRES_W704594307,ORG_UNRES_W704594307_T001,HR经理,PL_W704594307,0.0,unresolved
P01364,ORG_N9140140338,ORG_N9140140338_T001,高级数据分析师,PL_W661193367,3.8,high
P01365,ORG_N1138266329,ORG_N1138266329_T001,美容师,PL_N1138266329,0.0,verified
P01366,ORG_N2897307106,ORG_N2897307106_T001,餐厅服务员,PL_N2897307106,0.0,verified
P01367,ORG_N9821237426,ORG_N9821237426_T001,采购专员,PL_N9821237426,0.0,verified
P01368,ORG_N6545539572,ORG_N6545539572_T001,客服,PL_N6545539572,0.0,verified
P01369,ORG_N2153426065,ORG_N2153426065_T001,项目经理,PL_W179653213,9.9,high
P01370,ORG_N13021848978,ORG_N13021848978_T001,零售店员,PL_N13021848978,0.0,verified
P01371,ORG_UNRES_W659239201,ORG_UNRES_W659239201_T001,高级项目经理,PL_W659239201,0.0,unresolved
P01372,ORG_N6348638695,ORG_N6348638695_T001,美容师,PL_N6348638695,0.0,verified
P01373,ORG_W1504227412,ORG_W1504227412_T001,本科生,PL_W1504227412,0.0,verified
P01374,ORG_W76559058,ORG_W76559058_T001,配送员,PL_W1321434683,11.0,high
P01375,ORG_UNRES_W663870999,ORG_UNRES_W663870999_T001,财务专员,PL_W663870999,0.0,unresolved
P01376,ORG_N599897438,ORG_N599897438_T001,健身教练,PL_N599897438,0.0,verified
P01377,ORG_UNRES_W657697672,ORG_UNRES_W657697672_T001,客户专员,PL_W657697672,0.0,unresolved
P01378,ORG_N13746851402,ORG_N13746851402_T001,客服,PL_N13746851402,0.0,verified
P01379,ORG_UNRES_W231983639,ORG_UNRES_W231983639_T001,设备操作员,PL_W231983639,0.0,unresolved
P01380,ORG_UNRES_W93811442,ORG_UNRES_W93811442_T001,健身教练,PL_W93811442,0.0,unresolved
P01381,ORG_UNRES_W670001264,ORG_UNRES_W670001264_T001,销售经理,PL_W670001264,0.0,unresolved
P01382,ORG_N5292852321,ORG_N5292852321_T001,人力资源经理,PL_N5292852321,0.0,verified
P01383,ORG_N14077873815,ORG_N14077873815_T001,酒店服务人员,PL_N14077873815,0.0,verified
P01384,ORG_N1142872979,ORG_N1142872979_T001,本科生,PL_N1142872979,0.0,verified
P01385,ORG_N14035526622,ORG_N14035526622_T001,健身教练,PL_N14035526622,0.0,verified
P01386,ORG_W89636166,ORG_W89636166_T001,客户专员,PL_W89636162,41.5,medium
P01387,ORG_W34587440,ORG_W34587440_T001,财务主管,PL_W34587440,0.0,verified
P01388,ORG_UNRES_W31619934,ORG_UNRES_W31619934_T001,销售代表,PL_W31619934,0.0,unresolved
P01389,ORG_UNRES_W661950727,ORG_UNRES_W661950727_T001,安装工,PL_W661950727,0.0,unresolved
P01390,ORG_N6848957015,ORG_N6848957015_T001,本科生,PL_N6848957015,0.0,verified
P01391,ORG_UNRES_W333370251,ORG_UNRES_W333370251_T001,设计师,PL_W333370251,0.0,unresolved
P01392,ORG_UNRES_W659440536,ORG_UNRES_W659440536_T001,焊工,PL_W659440536,0.0,unresolved
P01393,ORG_UNRES_W58271344,ORG_UNRES_W58271344_T001,高级软件工程师,PL_W58271344,0.0,unresolved
P01394,ORG_N13141044925,ORG_N13141044925_T001,财务主管,PL_W796686969,36.8,medium
P01395,ORG_W60304653,ORG_W60304653_T001,博士研究生,PL_W60304653,0.0,verified
P01396,ORG_W41113765,ORG_W41113765_T001,房产经纪,PL_W41113765,0.0,verified
P01397,ORG_UNRES_W32654438,ORG_UNRES_W32654438_T001,高级软件工程师,PL_W32654438,0.0,unresolved
P01398,ORG_UNRES_W661956418,ORG_UNRES_W661956418_T001,翻译,PL_W661956418,0.0,unresolved
P01399,ORG_N5543958814,ORG_N5543958814_T001,私教,PL_N5543958814,0.0,verified
P01400,ORG_W307220840,ORG_W307220840_T001,独立承包商,PL_W307220840,0.0,verified
P01401,ORG_UNRES_W556114700,ORG_UNRES_W556114700_T001,客户经理,PL_W556114700,0.0,unresolved
P01402,ORG_N1157109473,ORG_N1157109473_T001,收银员,PL_N1157109473,0.0,verified
P01403,ORG_UNRES_W525997254,ORG_UNRES_W525997254_T001,自媒体从业者,PL_W525997254,0.0,unresolved
P01404,ORG_N2801533101,ORG_N2801533101_T001,行政专员,PL_W65592643,6.7,high
P01405,ORG_UNRES_W32610613,ORG_UNRES_W32610613_T001,焊工,PL_W32610613,0.0,unresolved
P01406,ORG_UNRES_W33561682,ORG_UNRES_W33561682_T001,客户经理,PL_W33561682,0.0,unresolved
P01407,ORG_W161105818,ORG_W161105818_T001,美容师,PL_W161105818,0.0,verified
P01408,ORG_UNRES_W570798064,ORG_UNRES_W570798064_T001,产品经理,PL_W570798064,0.0,unresolved
P01409,ORG_W35893795,ORG_W35893795_T001,客服,PL_W35893795,0.0,verified
P01410,ORG_W120390390,ORG_W120390390_T001,财务专员,PL_W178160850,40.7,medium
P01411,ORG_UNRES_W516728742,ORG_UNRES_W516728742_T001,配送员,PL_W516728742,0.0,unresolved
P01412,ORG_W387354061,ORG_W387354061_T001,设备操作员,PL_W387354061,0.0,verified
P01413,ORG_UNRES_W122198143,ORG_UNRES_W122198143_T001,客户经理,PL_W122198143,0.0,unresolved
P01414,ORG_UNRES_W34204845,ORG_UNRES_W34204845_T001,卡车司机,PL_W34204845,0.0,unresolved
P01415,ORG_N12912579192,ORG_N12912579192_T001,本科生,PL_N12912579192,0.0,verified
P01416,ORG_W23447424,ORG_W23447424_T002,本科生,PL_W23447424,0.0,verified
P01417,ORG_W61014137,ORG_W61014137_T001,酒店前台,PL_W61014137,0.0,verified
P01418,ORG_UNRES_W662144085,ORG_UNRES_W662144085_T001,独立承包商,PL_W662144085,0.0,unresolved
P01419,ORG_N2604007255,ORG_N2604007255_T001,财务主管,PL_N2604007255,0.0,verified
P01420,ORG_N2858285616,ORG_N2858285616_T001,高级项目经理,PL_W797163024,1.9,high
P01421,ORG_N10728250622,ORG_N10728250622_T001,行政专员,PL_N10728250622,0.0,verified
P01422,ORG_N6419859642,ORG_N6419859642_T001,健身教练,PL_N6419859642,0.0,verified
P01423,ORG_W34749721,ORG_W34749721_T001,酒店前台,PL_W34749721,0.0,verified
P01424,ORG_W58560234,ORG_W58560234_T001,咨询顾问,PL_W58560234,0.0,verified
P01425,ORG_N804608061,ORG_N804608061_T001,房产经纪,PL_W796670836,33.3,medium
P01426,ORG_W27778414,ORG_W27778414_T003,酒店服务人员,PL_W27778414,0.0,verified
P01427,ORG_N2749820503,ORG_N2749820503_T001,理发师,PL_N2749820503,0.0,verified
P01428,ORG_UNRES_W1001821566,ORG_UNRES_W1001821566_T001,独立承包商,PL_W1001821566,0.0,unresolved
P01429,ORG_N6423958629,ORG_N6423958629_T001,区域经理,PL_W659629322,72.7,medium
P01430,ORG_N783499436,ORG_N783499436_T001,本科生,PL_N783499436,0.0,verified
P01431,ORG_N13228738029,ORG_N13228738029_T001,零售店员,PL_N13228738029,0.0,verified
P01432,ORG_W34615187,ORG_W34615187_T001,咨询顾问,PL_W34615187,0.0,verified
P01433,ORG_W62256154,ORG_W62256154_T001,酒店服务人员,PL_W62256154,0.0,verified
P01434,ORG_UNRES_W795826328,ORG_UNRES_W795826328_T001,设计师,PL_W795826328,0.0,unresolved
P01435,ORG_W32462511,ORG_W32462511_T001,焊工,PL_W33362853,97.5,medium
P01436,ORG_W23447424,ORG_W23447424_T003,硕士研究生,PL_W23447424,0.0,verified
P01437,ORG_UNRES_W79582701,ORG_UNRES_W79582701_T001,财务专员,PL_W79582701,0.0,unresolved
P01438,ORG_UNRES_W662098510,ORG_UNRES_W662098510_T001,维修技师,PL_W662098510,0.0,unresolved
P01439,ORG_UNRES_W661076100,ORG_UNRES_W661076100_T001,自媒体从业者,PL_W661076100,0.0,unresolved
P01440,ORG_W59244467,ORG_W59244467_T001,建筑工人,PL_W658233150,56.5,medium
P01441,ORG_UNRES_W185549349,ORG_UNRES_W185549349_T001,焊工,PL_W185549349,0.0,unresolved
P01442,ORG_W180193897,ORG_W180193897_T001,会计,PL_W180193897,0.0,verified
P01443,ORG_W34749730,ORG_W34749730_T001,酒店服务人员,PL_W34749730,0.0,verified
P01444,ORG_N14071231621,ORG_N14071231621_T001,设计师,PL_N14071231621,0.0,verified
P01445,ORG_N12076151011,ORG_N12076151011_T001,行政专员,PL_W248393747,49.9,medium
P01446,ORG_N11115201179,ORG_N11115201179_T001,本科生,PL_N11115201179,0.0,verified
P01447,ORG_W34615187,ORG_W34615187_T001,独立承包商,PL_W34615187,0.0,verified
P01448,ORG_W796670791,ORG_W796670791_T001,高级运营专员,PL_W796670847,17.3,high
P01449,ORG_W7969162,ORG_W7969162_T001,软件工程师,PL_W7969162,0.0,verified
P01450,ORG_UNRES_W684008556,ORG_UNRES_W684008556_T001,销售经理,PL_W684008556,0.0,unresolved
P01451,ORG_W43805377,ORG_W43805377_T001,高级运营专员,PL_W43805377,0.0,verified
P01452,ORG_W58673685,ORG_W58673685_T001,设备操作员,PL_W58673685,0.0,verified
P01453,ORG_UNRES_W663309604,ORG_UNRES_W663309604_T001,焊工,PL_W663309604,0.0,unresolved
P01454,ORG_N3783481869,ORG_N3783481869_T001,产品经理,PL_W166535172,11.4,high
P01455,ORG_UNRES_W661021552,ORG_UNRES_W661021552_T001,高级数据分析师,PL_W661021552,0.0,unresolved
P01456,ORG_W77039686,ORG_W77039686_T001,硕士研究生,PL_W77039686,0.0,verified
P01457,ORG_W1284638392,ORG_W1284638392_T001,软件工程师,PL_W1284638392,0.0,verified
P01458,ORG_UNRES_W32540176,ORG_UNRES_W32540176_T001,设备操作员,PL_W32540176,0.0,unresolved
P01459,ORG_UNRES_W659427555,ORG_UNRES_W659427555_T001,会计,PL_W659427555,0.0,unresolved
P01460,ORG_UNRES_W32946409,ORG_UNRES_W32946409_T001,设备操作员,PL_W32946409,0.0,unresolved
P01461,ORG_W943701267,ORG_W943701267_T001,高级数据分析师,PL_W943701267,0.0,verified
P01462,ORG_W61759776,ORG_W61759776_T002,硕士研究生,PL_W61759776,0.0,verified
P01463,ORG_N11183997701,ORG_N11183997701_T001,网店经营者,PL_N11183997701,0.0,verified
P01464,ORG_UNRES_W659587178,ORG_UNRES_W659587178_T001,设备操作员,PL_W659587178,0.0,unresolved
P01465,ORG_N7747270174,ORG_N7747270174_T001,私教,PL_N7747270174,0.0,verified
P01466,ORG_N12849640769,ORG_N12849640769_T001,数据分析师,PL_N12849640769,0.0,verified
P01467,ORG_N7188526789,ORG_N7188526789_T001,财务主管,PL_N7188526789,0.0,verified
P01468,ORG_UNRES_W677784196,ORG_UNRES_W677784196_T001,汽车技师,PL_W677784196,0.0,unresolved
P01469,ORG_N4507572289,ORG_N4507572289_T001,硕士研究生,PL_N4507572289,0.0,verified
P01470,ORG_N6341002519,ORG_N6341002519_T001,软件工程师,PL_W671097357,78.1,medium
P01471,ORG_UNRES_W130807014,ORG_UNRES_W130807014_T001,采购经理,PL_W130807014,0.0,unresolved
P01472,ORG_N12955167464,ORG_N12955167464_T001,财务专员,PL_W1149717350,31.9,medium
P01473,ORG_W42705254,ORG_W42705254_T001,博士研究生,PL_W42705254,0.0,verified
P01474,ORG_N6423958627,ORG_N6423958627_T001,销售经理,PL_W225518791,63.2,medium
P01475,ORG_UNRES_W661048640,ORG_UNRES_W661048640_T001,自由销售,PL_W661048640,0.0,unresolved
P01476,ORG_N11136267039,ORG_N11136267039_T001,会计,PL_N11136267039,0.0,verified
P01477,ORG_UNRES_W659599068,ORG_UNRES_W659599068_T001,安装工,PL_W659599068,0.0,unresolved
P01478,ORG_N7720347797,ORG_N7720347797_T001,软件工程师,PL_W71187354,11.1,high
P01479,ORG_W150506087,ORG_W150506087_T001,酒店前台,PL_W150506087,0.0,verified
P01480,ORG_UNRES_W796589932,ORG_UNRES_W796589932_T001,高级项目经理,PL_W796589932,0.0,unresolved
P01481,ORG_N2296069358,ORG_N2296069358_T001,咖啡师,PL_N2296069358,0.0,verified
P01482,ORG_N3364856741,ORG_N3364856741_T001,厨师,PL_N3364856741,0.0,verified
P01483,ORG_N12173941632,ORG_N12173941632_T001,零售店员,PL_N12173941632,0.0,verified
P01484,ORG_UNRES_W661251367,ORG_UNRES_W661251367_T001,采购经理,PL_W661251367,0.0,unresolved
P01485,ORG_N7685297776,ORG_N7685297776_T001,美容师,PL_N7685297776,0.0,verified
P01486,ORG_N12563535086,ORG_N12563535086_T001,独立程序员,PL_N12563535086,0.0,verified
P01487,ORG_UNRES_W186012697,ORG_UNRES_W186012697_T001,搬运工,PL_W186012697,0.0,unresolved
P01488,ORG_W285055427,ORG_W285055427_T001,运营专员,PL_W671097336,72.0,medium
P01489,ORG_N8828490091,ORG_N8828490091_T001,本科生,PL_N8828490091,0.0,verified
P01490,ORG_W797142352,ORG_W797142352_T001,高级软件工程师,PL_W797142354,8.3,high
P01491,ORG_W80378604,ORG_W80378604_T001,设计师,PL_W80378604,0.0,verified
P01492,ORG_N2153230527,ORG_N2153230527_T001,理发师,PL_N2153230527,0.0,verified
P01493,ORG_UNRES_W164596256,ORG_UNRES_W164596256_T001,房产经纪,PL_W164596256,0.0,unresolved
P01494,ORG_W23447514,ORG_W23447514_T001,硕士研究生,PL_W23447514,0.0,verified
P01495,ORG_UNRES_W778135365,ORG_UNRES_W778135365_T001,焊工,PL_W778135365,0.0,unresolved
P01496,ORG_N6558113016,ORG_N6558113016_T001,销售经理,PL_W659632945,50.9,medium
P01497,ORG_N6423958629,ORG_N6423958629_T001,房产经纪,PL_W225518786,47.0,medium
P01498,ORG_N5467605638,ORG_N5467605638_T001,咖啡师,PL_N5467605638,0.0,verified
P01499,ORG_N6548329622,ORG_N6548329622_T001,客服,PL_N6548329622,0.0,verified
P01500,ORG_UNRES_W32596553,ORG_UNRES_W32596553_T001,数据分析师,PL_W32596553,0.0,unresolved
P01501,ORG_N12149933050,ORG_N12149933050_T001,财务专员,PL_W1004706298,22.4,high
P01502,ORG_W661077827,ORG_W661077827_T001,客户专员,PL_W661077827,0.0,verified
P01503,ORG_UNRES_W32533791,ORG_UNRES_W32533791_T001,维修技师,PL_W32533791,0.0,unresolved
P01504,ORG_UNRES_W678928079,ORG_UNRES_W678928079_T001,部门经理,PL_W678928079,0.0,unresolved
P01505,ORG_UNRES_W680474477,ORG_UNRES_W680474477_T001,销售经理,PL_W680474477,0.0,unresolved
P01506,ORG_W805394110,ORG_W805394110_T001,财务专员,PL_W805394110,0.0,verified
P01507,ORG_N6359447137,ORG_N6359447137_T001,摄影师,PL_W679142323,13.7,high
P01508,ORG_UNRES_W659588073,ORG_UNRES_W659588073_T001,数据分析师,PL_W659588073,0.0,unresolved
P01509,ORG_W951835034,ORG_W951835034_T001,销售代表,PL_W951835034,0.0,verified
P01510,ORG_N11879523050,ORG_N11879523050_T001,美容师,PL_N11879523050,0.0,verified
P01511,ORG_N1236689040,ORG_N1236689040_T001,项目经理,PL_W107636650,25.2,medium
P01512,ORG_W213917635,ORG_W213917635_T001,安装工,PL_W213917635,0.0,verified
P01513,ORG_N6304072445,ORG_N6304072445_T001,美容师,PL_N6304072445,0.0,verified
P01514,ORG_N2884419126,ORG_N2884419126_T001,硕士研究生,PL_N2884419126,0.0,verified
P01515,ORG_W34413895,ORG_W34413895_T001,网店经营者,PL_W34413895,0.0,verified
P01516,ORG_N5706236065,ORG_N5706236065_T001,客户经理,PL_W599480360,41.6,medium
P01517,ORG_UNRES_W706236187,ORG_UNRES_W706236187_T001,独立程序员,PL_W706236187,0.0,unresolved
P01518,ORG_N3007175447,ORG_N3007175447_T001,采购专员,PL_W953878382,48.2,medium
P01519,ORG_N6549482189,ORG_N6549482189_T001,理发师,PL_N6549482189,0.0,verified
P01520,ORG_UNRES_W93811222,ORG_UNRES_W93811222_T001,配送员,PL_W93811222,0.0,unresolved
P01521,ORG_N7881378607,ORG_N7881378607_T001,运营专员,PL_W663827285,10.3,high
P01522,ORG_N6228053209,ORG_N6228053209_T001,财务主管,PL_W61842991,5.9,high
P01523,ORG_N12091108919,ORG_N12091108919_T001,本科生,PL_N12091108919,0.0,verified
P01524,ORG_UNRES_W702169776,ORG_UNRES_W702169776_T001,摄影师,PL_W702169776,0.0,unresolved
P01525,ORG_UNRES_W58564074,ORG_UNRES_W58564074_T001,配送员,PL_W58564074,0.0,unresolved
P01526,ORG_UNRES_W1174697425,ORG_UNRES_W1174697425_T001,房产经纪,PL_W1174697425,0.0,unresolved
P01527,ORG_N6341484687,ORG_N6341484687_T001,财务经理,PL_N6341484687,0.0,verified
P01528,ORG_UNRES_W659242034,ORG_UNRES_W659242034_T001,独立程序员,PL_W659242034,0.0,unresolved
P01529,ORG_N4353327321,ORG_N4353327321_T001,客服,PL_N4353327321,0.0,verified
P01530,ORG_W229563603,ORG_W229563603_T001,销售代表,PL_W229563603,0.0,verified
P01531,ORG_N6491357305,ORG_N6491357305_T001,收银员,PL_N6491357305,0.0,verified
P01532,ORG_N13374713725,ORG_N13374713725_T001,硕士研究生,PL_N13374713725,0.0,verified
P01533,ORG_N2832358702,ORG_N2832358702_T001,HR经理,PL_W663828131,29.0,medium
P01534,ORG_UNRES_W31373094,ORG_UNRES_W31373094_T001,自由销售,PL_W31373094,0.0,unresolved
P01535,ORG_UNRES_W55464668,ORG_UNRES_W55464668_T001,仓库操作员,PL_W55464668,0.0,unresolved
P01536,ORG_W661192936,ORG_W661192936_T001,电工,PL_W661192938,49.0,medium
P01537,ORG_N1142656727,ORG_N1142656727_T001,美容师,PL_N1142656727,0.0,verified
P01538,ORG_N3980676427,ORG_N3980676427_T001,健身教练,PL_N3980676427,0.0,verified
P01539,ORG_W27767631,ORG_W27767631_T001,软件工程师,PL_W27767631,0.0,verified
P01540,ORG_W27767639,ORG_W27767639_T001,会计,PL_W27767639,0.0,verified
P01541,ORG_W58567284,ORG_W58567284_T001,安装工,PL_W58567284,0.0,verified
P01542,ORG_N6304924229,ORG_N6304924229_T001,高级产品经理,PL_W286526913,3.2,high
P01543,ORG_N13667648459,ORG_N13667648459_T001,理发师,PL_N13667648459,0.0,verified
P01544,ORG_W61759777,ORG_W61759777_T001,会计,PL_W60304156,49.9,medium
P01545,ORG_UNRES_W671879871,ORG_UNRES_W671879871_T001,配送员,PL_W671879871,0.0,unresolved
P01546,ORG_W703666033,ORG_W703666033_T001,硕士研究生,PL_W703666033,0.0,verified
P01547,ORG_N3670530408,ORG_N3670530408_T001,网店经营者,PL_N3670530408,0.0,verified
P01548,ORG_UNRES_W56238421,ORG_UNRES_W56238421_T001,仓库操作员,PL_W56238421,0.0,unresolved
P01549,ORG_N13879355829,ORG_N13879355829_T001,设计师,PL_W77039474,19.1,high
P01550,ORG_N5379390975,ORG_N5379390975_T001,自媒体从业者,PL_W61982572,46.9,medium
P01551,ORG_UNRES_W31757882,ORG_UNRES_W31757882_T001,咨询顾问,PL_W31757882,0.0,unresolved
P01552,ORG_N8895095577,ORG_N8895095577_T001,健身教练,PL_N8895095577,0.0,verified
P01553,ORG_W161110169,ORG_W161110169_T001,本科生,PL_W161110169,0.0,verified
P01554,ORG_N7797321403,ORG_N7797321403_T001,硕士研究生,PL_N7797321403,0.0,verified
P01555,ORG_N4060215198,ORG_N4060215198_T001,财务专员,PL_W676104894,46.9,medium
P01556,ORG_W448830311,ORG_W448830311_T001,翻译,PL_W448830311,0.0,verified
P01557,ORG_N13948804380,ORG_N13948804380_T001,客户经理,PL_N13948804380,0.0,verified
P01558,ORG_N3509230105,ORG_N3509230105_T001,销售经理,PL_N3509230105,0.0,verified
P01559,ORG_W660934770,ORG_W660934770_T001,设备操作员,PL_W660934796,108.5,medium
P01560,ORG_UNRES_W676299450,ORG_UNRES_W676299450_T001,运营专员,PL_W676299450,0.0,unresolved
P01561,ORG_UNRES_W56123861,ORG_UNRES_W56123861_T001,焊工,PL_W56123861,0.0,unresolved
P01562,ORG_UNRES_W180763530,ORG_UNRES_W180763530_T001,销售经理,PL_W180763530,0.0,unresolved
P01563,ORG_N547498239,ORG_N547498239_T001,硕士研究生,PL_N547498239,0.0,verified
P01564,ORG_N13208823601,ORG_N13208823601_T001,自由设计师,PL_N13208823601,0.0,verified
P01565,ORG_N13924323767,ORG_N13924323767_T001,财务经理,PL_N13924323767,0.0,verified
P01566,ORG_N10032354577,ORG_N10032354577_T001,客户经理,PL_W796562693,84.4,medium
P01567,ORG_N3756752525,ORG_N3756752525_T001,零售店员,PL_N3756752525,0.0,verified
P01568,ORG_W25491342,ORG_W25491342_T002,厨师,PL_W25491342,0.0,verified
P01569,ORG_N7581397544,ORG_N7581397544_T001,厨师,PL_N7581397544,0.0,verified
P01570,ORG_W202990038,ORG_W202990038_T001,运营专员,PL_W202990038,0.0,verified
P01571,ORG_N13198723250,ORG_N13198723250_T001,高级运营专员,PL_W260960950,48.4,medium
P01572,ORG_UNRES_W659539091,ORG_UNRES_W659539091_T001,仓库操作员,PL_W659539091,0.0,unresolved
P01573,ORG_W59434192,ORG_W59434192_T001,咨询顾问,PL_W59434192,0.0,verified
P01574,ORG_W23334883,ORG_W23334883_T001,本科生,PL_W23334883,0.0,verified
P01575,ORG_UNRES_W62363963,ORG_UNRES_W62363963_T001,客户专员,PL_W62363963,0.0,unresolved
P01576,ORG_N4093289947,ORG_N4093289947_T001,HR经理,PL_W703776814,48.4,medium
P01577,ORG_UNRES_W67132136,ORG_UNRES_W67132136_T001,采购专员,PL_W67132136,0.0,unresolved
P01578,ORG_W25108216,ORG_W25108216_T001,酒店前台,PL_W25108216,0.0,verified
P01579,ORG_N13890109307,ORG_N13890109307_T001,本科生,PL_N13890109307,0.0,verified
P01580,ORG_N6304868747,ORG_N6304868747_T001,财务主管,PL_W669998771,30.3,medium
P01581,ORG_W174674654,ORG_W174674654_T001,酒店服务人员,PL_W174674654,0.0,verified
P01582,ORG_W758562476,ORG_W758562476_T001,销售代表,PL_W758562476,0.0,verified
P01583,ORG_N6554677033,ORG_N6554677033_T001,理发师,PL_N6554677033,0.0,verified
P01584,ORG_W32742071,ORG_W32742071_T001,项目经理,PL_W32742071,0.0,verified
P01585,ORG_W96975978,ORG_W96975978_T001,厨师,PL_W96975978,0.0,verified
P01586,ORG_UNRES_W277288431,ORG_UNRES_W277288431_T001,焊工,PL_W277288431,0.0,unresolved
P01587,ORG_UNRES_W797162981,ORG_UNRES_W797162981_T001,会计,PL_W797162981,0.0,unresolved
P01588,ORG_W23447424,ORG_W23447424_T001,本科生,PL_W23447424,0.0,verified
P01589,ORG_W61698945,ORG_W61698945_T001,财务专员,PL_W61698945,0.0,verified
P01590,ORG_UNRES_W905590525,ORG_UNRES_W905590525_T001,自由销售,PL_W905590525,0.0,unresolved
P01591,ORG_N10982693405,ORG_N10982693405_T001,财务经理,PL_N10982693405,0.0,verified
P01592,ORG_N12149933051,ORG_N12149933051_T001,房产经纪,PL_W1004706292,10.7,high
P01593,ORG_W62202665,ORG_W62202665_T001,产品经理,PL_W62202665,0.0,verified
P01594,ORG_UNRES_W34749890,ORG_UNRES_W34749890_T001,安装工,PL_W34749890,0.0,unresolved
P01595,ORG_UNRES_W103953728,ORG_UNRES_W103953728_T001,采购经理,PL_W103953728,0.0,unresolved
P01596,ORG_W805392730,ORG_W805392730_T001,运营专员,PL_W805392730,0.0,verified
P01597,ORG_UNRES_W705624352,ORG_UNRES_W705624352_T001,自由设计师,PL_W705624352,0.0,unresolved
P01598,ORG_N534020591,ORG_N534020591_T001,客服,PL_N534020591,0.0,verified
P01599,ORG_UNRES_W661950783,ORG_UNRES_W661950783_T001,高级软件工程师,PL_W661950783,0.0,unresolved
P01600,ORG_N7751982695,ORG_N7751982695_T001,高级运营专员,PL_W31926854,45.5,medium
P01601,ORG_N869750978,ORG_N869750978_T001,采购经理,PL_W679134322,13.6,high
P01602,ORG_W31617640,ORG_W31617640_T001,高级项目经理,PL_W31617640,0.0,verified
P01603,ORG_W43805157,ORG_W43805157_T001,销售代表,PL_W43805383,63.2,medium
P01604,ORG_W40542510,ORG_W40542510_T001,产品经理,PL_W680567507,26.9,medium
P01605,ORG_W60304653,ORG_W60304653_T001,硕士研究生,PL_W60304653,0.0,verified
P01606,ORG_N3925813284,ORG_N3925813284_T001,硕士研究生,PL_N3925813284,0.0,verified
P01607,ORG_UNRES_W676443514,ORG_UNRES_W676443514_T001,本科生,PL_W676443514,0.0,unresolved
P01608,ORG_UNRES_W659587778,ORG_UNRES_W659587778_T001,软件工程师,PL_W659587778,0.0,unresolved
P01609,ORG_W362806151,ORG_W362806151_T001,卡车司机,PL_W362807120,77.3,medium
P01610,ORG_UNRES_W33362888,ORG_UNRES_W33362888_T001,汽车技师,PL_W33362888,0.0,unresolved
P01611,ORG_W23447424,ORG_W23447424_T003,本科生,PL_W23447424,0.0,verified
P01612,ORG_W1502659706,ORG_W1502659706_T001,本科生,PL_W1502659706,0.0,verified
P01613,ORG_N12844014304,ORG_N12844014304_T001,客户经理,PL_N12844014304,0.0,verified
P01614,ORG_N13993866465,ORG_N13993866465_T001,保安,PL_N13993866465,0.0,verified
P01615,ORG_N9543551939,ORG_N9543551939_T001,本科生,PL_N9543551939,0.0,verified
P01616,ORG_W55031045,ORG_W55031045_T001,客服,PL_W55031045,0.0,verified
P01617,ORG_N14052472767,ORG_N14052472767_T001,行政专员,PL_W658233516,78.5,medium
P01618,ORG_N7881335020,ORG_N7881335020_T001,采购专员,PL_W663827267,57.8,medium
P01619,ORG_UNRES_W36772098,ORG_UNRES_W36772098_T001,财务主管,PL_W36772098,0.0,unresolved
P01620,ORG_UNRES_W659581419,ORG_UNRES_W659581419_T001,会计,PL_W659581419,0.0,unresolved
P01621,ORG_UNRES_W702141527,ORG_UNRES_W702141527_T001,高级运营专员,PL_W702141527,0.0,unresolved
P01622,ORG_N12312756757,ORG_N12312756757_T001,本科生,PL_N12312756757,0.0,verified
P01623,ORG_N3886265331,ORG_N3886265331_T001,独立承包商,PL_N3886265331,0.0,verified
P01624,ORG_W231284913,ORG_W231284913_T001,酒店前台,PL_W231284913,0.0,verified
P01625,ORG_UNRES_W34204837,ORG_UNRES_W34204837_T001,配送员,PL_W34204837,0.0,unresolved
P01626,ORG_UNRES_W43804515,ORG_UNRES_W43804515_T001,建筑工人,PL_W43804515,0.0,unresolved
P01627,ORG_UNRES_W659587238,ORG_UNRES_W659587238_T001,建筑工人,PL_W659587238,0.0,unresolved
P01628,ORG_UNRES_W70513721,ORG_UNRES_W70513721_T001,运营经理,PL_W70513721,0.0,unresolved
P01629,ORG_N13983285347,ORG_N13983285347_T001,客户专员,PL_W951835028,19.2,high
P01630,ORG_W90055931,ORG_W90055931_T001,产品经理,PL_W56009253,37.2,medium
P01631,ORG_UNRES_W660867635,ORG_UNRES_W660867635_T001,独立承包商,PL_W660867635,0.0,unresolved
P01632,ORG_UNRES_W34670568,ORG_UNRES_W34670568_T001,设备操作员,PL_W34670568,0.0,unresolved
P01633,ORG_UNRES_W1230138845,ORG_UNRES_W1230138845_T001,客户专员,PL_W1230138845,0.0,unresolved
P01634,ORG_UNRES_W66979977,ORG_UNRES_W66979977_T001,高级数据分析师,PL_W66979977,0.0,unresolved
P01635,ORG_W55036397,ORG_W55036397_T002,酒店前台,PL_W55036397,0.0,verified
P01636,ORG_UNRES_W466642018,ORG_UNRES_W466642018_T001,卡车司机,PL_W466642018,0.0,unresolved
P01637,ORG_W1131039497,ORG_W1131039497_T001,美容师,PL_W1131039497,0.0,verified
P01638,ORG_UNRES_W54623858,ORG_UNRES_W54623858_T001,客户专员,PL_W54623858,0.0,unresolved
P01639,ORG_W24008193,ORG_W24008193_T001,安装工,PL_W674566387,19.4,high
P01640,ORG_N12741073408,ORG_N12741073408_T001,客户经理,PL_W506136893,72.8,medium
P01641,ORG_N12912579192,ORG_N12912579192_T001,硕士研究生,PL_N12912579192,0.0,verified
P01642,ORG_UNRES_W662149216,ORG_UNRES_W662149216_T001,建筑工人,PL_W662149216,0.0,unresolved
P01643,ORG_UNRES_W469294655,ORG_UNRES_W469294655_T001,设计师,PL_W469294655,0.0,unresolved
P01644,ORG_UNRES_W367476130,ORG_UNRES_W367476130_T001,快递员,PL_W367476130,0.0,unresolved
P01645,ORG_W62202665,ORG_W62202665_T001,采购专员,PL_W61429976,60.9,medium
P01646,ORG_N13368576497,ORG_N13368576497_T001,财务专员,PL_W168903890,32.5,medium
P01647,ORG_N9814321191,ORG_N9814321191_T001,财务主管,PL_W58647117,7.2,high
P01648,ORG_UNRES_W659588322,ORG_UNRES_W659588322_T001,卡车司机,PL_W659588322,0.0,unresolved
P01649,ORG_N8755303552,ORG_N8755303552_T001,硕士研究生,PL_N8755303552,0.0,verified
P01650,ORG_N6302674397,ORG_N6302674397_T001,健身教练,PL_N6302674397,0.0,verified
P01651,ORG_UNRES_W34122101,ORG_UNRES_W34122101_T001,销售代表,PL_W34122101,0.0,unresolved
P01652,ORG_N9981769814,ORG_N9981769814_T001,客服,PL_N9981769814,0.0,verified
P01653,ORG_N8955426666,ORG_N8955426666_T001,客户经理,PL_N8955426666,0.0,verified
P01654,ORG_W93832214,ORG_W93832214_T001,保安,PL_W93832214,0.0,verified
P01655,ORG_W660836758,ORG_W660836758_T001,项目经理,PL_W660836758,0.0,verified
P01656,ORG_UNRES_W31757794,ORG_UNRES_W31757794_T001,自由设计师,PL_W31757794,0.0,unresolved
P01657,ORG_N12863156081,ORG_N12863156081_T001,软件工程师,PL_N12863156081,0.0,verified
P01658,ORG_N12149933050,ORG_N12149933050_T001,部门经理,PL_W1004706296,7.5,high
P01659,ORG_UNRES_W66979914,ORG_UNRES_W66979914_T001,数据分析师,PL_W66979914,0.0,unresolved
P01660,ORG_N3486807918,ORG_N3486807918_T001,运营专员,PL_N3486807918,0.0,verified
P01661,ORG_UNRES_W33541220,ORG_UNRES_W33541220_T001,自媒体从业者,PL_W33541220,0.0,unresolved
P01662,ORG_UNRES_W659533823,ORG_UNRES_W659533823_T001,技术经理,PL_W659533823,0.0,unresolved
P01663,ORG_UNRES_W795976974,ORG_UNRES_W795976974_T001,咨询顾问,PL_W795976974,0.0,unresolved
P01664,ORG_W62256154,ORG_W62256154_T001,酒店服务人员,PL_W62256154,0.0,verified
P01665,ORG_W315222503,ORG_W315222503_T001,收银员,PL_W315222503,0.0,verified
P01666,ORG_UNRES_W306426686,ORG_UNRES_W306426686_T001,汽车技师,PL_W306426686,0.0,unresolved
P01667,ORG_N6433351289,ORG_N6433351289_T001,零售店员,PL_N6433351289,0.0,verified
P01668,ORG_N2188735996,ORG_N2188735996_T001,财务专员,PL_W680620605,3.7,high
P01669,ORG_W43808518,ORG_W43808518_T001,电工,PL_W43808518,0.0,verified
P01670,ORG_N6313899872,ORG_N6313899872_T001,财务专员,PL_W657927636,16.0,high
P01671,ORG_N12251119127,ORG_N12251119127_T001,会计,PL_W107138623,16.4,high
P01672,ORG_UNRES_W34546256,ORG_UNRES_W34546256_T001,客户经理,PL_W34546256,0.0,unresolved
P01673,ORG_W689383198,ORG_W689383198_T001,配送员,PL_W689383198,0.0,verified
P01674,ORG_N11091336111,ORG_N11091336111_T001,硕士研究生,PL_N11091336111,0.0,verified
P01675,ORG_N10780162899,ORG_N10780162899_T001,餐厅服务员,PL_N10780162899,0.0,verified
P01676,ORG_W58565872,ORG_W58565872_T001,房产经纪,PL_W304713368,46.0,medium
P01677,ORG_N12714603064,ORG_N12714603064_T001,咖啡师,PL_N12714603064,0.0,verified
P01678,ORG_W231284913,ORG_W231284913_T002,酒店服务人员,PL_W231284913,0.0,verified
P01679,ORG_UNRES_W661314216,ORG_UNRES_W661314216_T001,焊工,PL_W661314216,0.0,unresolved
P01680,ORG_W256116927,ORG_W256116927_T001,安装工,PL_W663871037,25.9,medium
P01681,ORG_UNRES_W660831504,ORG_UNRES_W660831504_T001,咨询顾问,PL_W660831504,0.0,unresolved
P01682,ORG_UNRES_W796670681,ORG_UNRES_W796670681_T001,快递员,PL_W796670681,0.0,unresolved
P01683,ORG_W61430414,ORG_W61430414_T001,采购经理,PL_W61430414,0.0,verified
P01684,ORG_N3414918473,ORG_N3414918473_T001,销售代表,PL_N3414918473,0.0,verified
P01685,ORG_W31728090,ORG_W31728090_T001,区域经理,PL_W1551442415,57.7,medium
P01686,ORG_N13142919472,ORG_N13142919472_T001,厨师,PL_N13142919472,0.0,verified
P01687,ORG_UNRES_W701664628,ORG_UNRES_W701664628_T001,项目经理,PL_W701664628,0.0,unresolved
P01688,ORG_W161110169,ORG_W161110169_T001,本科生,PL_W161110169,0.0,verified
P01689,ORG_W1504225085,ORG_W1504225085_T001,博士研究生,PL_W1504225085,0.0,verified
P01690,ORG_UNRES_W663315400,ORG_UNRES_W663315400_T001,行政专员,PL_W663315400,0.0,unresolved
P01691,ORG_W215499749,ORG_W215499749_T001,数据分析师,PL_W215499749,0.0,verified
P01692,ORG_N6779879375,ORG_N6779879375_T001,翻译,PL_N6779879375,0.0,verified
P01693,ORG_N12572360017,ORG_N12572360017_T001,财务专员,PL_N12572360017,0.0,verified
P01694,ORG_N599897436,ORG_N599897436_T001,零售店员,PL_N599897436,0.0,verified
P01695,ORG_N13921205176,ORG_N13921205176_T001,销售经理,PL_N13921205176,0.0,verified
P01696,ORG_N12290694427,ORG_N12290694427_T001,餐厅服务员,PL_N12290694427,0.0,verified
P01697,ORG_W535658026,ORG_W535658026_T001,酒店前台,PL_W535658026,0.0,verified
P01698,ORG_N9140419076,ORG_N9140419076_T001,美容师,PL_N9140419076,0.0,verified
P01699,ORG_W62058559,ORG_W62058559_T001,客服,PL_W62058559,0.0,verified
P01700,ORG_W13405217,ORG_W13405217_T001,软件工程师,PL_W13405217,0.0,verified
P01701,ORG_N6848957002,ORG_N6848957002_T001,咖啡师,PL_N6848957002,0.0,verified
P01702,ORG_N4691663364,ORG_N4691663364_T001,健身教练,PL_N4691663364,0.0,verified
P01703,ORG_UNRES_W661774210,ORG_UNRES_W661774210_T001,卡车司机,PL_W661774210,0.0,unresolved
P01704,ORG_UNRES_W705218734,ORG_UNRES_W705218734_T001,独立程序员,PL_W705218734,0.0,unresolved
P01705,ORG_W1504222043,ORG_W1504222043_T001,本科生,PL_W1504222043,0.0,verified
P01706,ORG_N13765064554,ORG_N13765064554_T001,自由设计师,PL_N13765064554,0.0,verified
P01707,ORG_UNRES_W113530396,ORG_UNRES_W113530396_T001,电工,PL_W113530396,0.0,unresolved
P01708,ORG_N4622240925,ORG_N4622240925_T001,美容师,PL_N4622240925,0.0,verified
P01709,ORG_N2564794500,ORG_N2564794500_T001,收银员,PL_N2564794500,0.0,verified
P01710,ORG_UNRES_N9565984506,ORG_UNRES_N9565984506_T001,高级运营专员,PL_N9565984506,0.0,unresolved
P01711,ORG_N9633703338,ORG_N9633703338_T001,博士研究生,PL_N9633703338,0.0,verified
P01712,ORG_N7086824926,ORG_N7086824926_T001,高级运营专员,PL_N7086824926,0.0,verified
P01713,ORG_W165787408,ORG_W165787408_T001,厨师,PL_W165787408,0.0,verified
P01714,ORG_N13198723256,ORG_N13198723256_T001,财务专员,PL_W314348286,14.5,high
P01715,ORG_W161836042,ORG_W161836042_T001,客户专员,PL_W161836042,0.0,verified
P01716,ORG_W67141305,ORG_W67141305_T001,酒店服务人员,PL_W67141305,0.0,verified
P01717,ORG_N13879320058,ORG_N13879320058_T001,硕士研究生,PL_N13879320058,0.0,verified
P01718,ORG_UNRES_W60331403,ORG_UNRES_W60331403_T001,卡车司机,PL_W60331403,0.0,unresolved
P01719,ORG_N10608697442,ORG_N10608697442_T001,高级数据分析师,PL_W706192701,93.4,medium
P01720,ORG_UNRES_W659539180,ORG_UNRES_W659539180_T001,卡车司机,PL_W659539180,0.0,unresolved
P01721,ORG_W34615186,ORG_W34615186_T001,采购专员,PL_W34615186,0.0,verified
P01722,ORG_UNRES_W662252289,ORG_UNRES_W662252289_T001,维修技师,PL_W662252289,0.0,unresolved
P01723,ORG_W62058559,ORG_W62058559_T001,酒店服务人员,PL_W62058559,0.0,verified
P01724,ORG_N7570784647,ORG_N7570784647_T001,财务专员,PL_W1541291206,9.3,high
P01725,ORG_N11663583534,ORG_N11663583534_T001,咨询顾问,PL_N11663583534,0.0,verified
P01726,ORG_UNRES_W60118140,ORG_UNRES_W60118140_T001,采购经理,PL_W60118140,0.0,unresolved
P01727,ORG_W33013888,ORG_W33013888_T001,博士研究生,PL_W33013888,0.0,verified
P01728,ORG_N6810272356,ORG_N6810272356_T001,理发师,PL_N6810272356,0.0,verified
P01729,ORG_W663827160,ORG_W663827160_T001,设计师,PL_W556114703,75.5,medium
P01730,ORG_UNRES_W659322530,ORG_UNRES_W659322530_T001,HR经理,PL_W659322530,0.0,unresolved
P01731,ORG_UNRES_W663315380,ORG_UNRES_W663315380_T001,汽车技师,PL_W663315380,0.0,unresolved
P01732,ORG_W43810855,ORG_W43810855_T001,客服,PL_W43810855,0.0,verified
P01733,ORG_N9139819377,ORG_N9139819377_T001,本科生,PL_N9139819377,0.0,verified
P01734,ORG_W180193897,ORG_W180193897_T001,汽车技师,PL_W180193898,13.7,high
P01735,ORG_N10272669587,ORG_N10272669587_T001,设计师,PL_W585487294,59.7,medium
P01736,ORG_N9543551939,ORG_N9543551939_T001,本科生,PL_N9543551939,0.0,verified
P01737,ORG_UNRES_W32567247,ORG_UNRES_W32567247_T001,数据分析师,PL_W32567247,0.0,unresolved
P01738,ORG_N6366251204,ORG_N6366251204_T001,理发师,PL_N6366251204,0.0,verified
P01739,ORG_W126301465,ORG_W126301465_T001,客户经理,PL_W126301465,0.0,verified
P01740,ORG_N11803596900,ORG_N11803596900_T001,零售店员,PL_N11803596900,0.0,verified
P01741,ORG_N1024585333,ORG_N1024585333_T001,客服,PL_N1024585333,0.0,verified
P01742,ORG_N6589930599,ORG_N6589930599_T001,咖啡师,PL_N6589930599,0.0,verified
P01743,ORG_W56062724,ORG_W56062724_T001,高级软件工程师,PL_W56062724,0.0,verified
P01744,ORG_UNRES_W697120621,ORG_UNRES_W697120621_T001,HR经理,PL_W697120621,0.0,unresolved
P01745,ORG_W285055427,ORG_W285055427_T001,行政专员,PL_W285055427,0.0,verified
P01746,ORG_UNRES_W661049712,ORG_UNRES_W661049712_T001,财务主管,PL_W661049712,0.0,unresolved
P01747,ORG_W13404966,ORG_W13404966_T001,行政专员,PL_W13404966,0.0,verified
P01748,ORG_W659321750,ORG_W659321750_T001,运营专员,PL_W659321747,44.0,medium
P01749,ORG_N3763291979,ORG_N3763291979_T001,咖啡师,PL_N3763291979,0.0,verified
P01750,ORG_N10938417221,ORG_N10938417221_T001,健身教练,PL_N10938417221,0.0,verified
P01751,ORG_W455610180,ORG_W455610180_T001,高级数据分析师,PL_W33806244,68.6,medium
P01752,ORG_N12692161032,ORG_N12692161032_T001,设计师,PL_W34749535,7.0,high
P01753,ORG_UNRES_W34894883,ORG_UNRES_W34894883_T001,电工,PL_W34894883,0.0,unresolved
P01754,ORG_N13811519264,ORG_N13811519264_T001,餐厅服务员,PL_N13811519264,0.0,verified
P01755,ORG_N6542536258,ORG_N6542536258_T001,零售店员,PL_N6542536258,0.0,verified
P01756,ORG_N13011543839,ORG_N13011543839_T001,健身教练,PL_N13011543839,0.0,verified
P01757,ORG_UNRES_W661049299,ORG_UNRES_W661049299_T001,咨询顾问,PL_W661049299,0.0,unresolved
P01758,ORG_W184344340,ORG_W184344340_T001,酒店服务人员,PL_W184344340,0.0,verified
P01759,ORG_W27767648,ORG_W27767648_T001,软件工程师,PL_W137927025,78.5,medium
P01760,ORG_W1034677780,ORG_W1034677780_T001,本科生,PL_W1034677780,0.0,verified
P01761,ORG_UNRES_W670293178,ORG_UNRES_W670293178_T001,卡车司机,PL_W670293178,0.0,unresolved
P01762,ORG_N13717424664,ORG_N13717424664_T001,理发师,PL_N13717424661,13.3,high
P01763,ORG_N7567862613,ORG_N7567862613_T001,自媒体从业者,PL_N7567862613,0.0,verified
P01764,ORG_UNRES_W660836829,ORG_UNRES_W660836829_T001,仓库操作员,PL_W660836829,0.0,unresolved
P01765,ORG_N12861849297,ORG_N12861849297_T001,会计,PL_W669862639,33.4,medium
P01766,ORG_UNRES_W661270707,ORG_UNRES_W661270707_T001,采购专员,PL_W661270707,0.0,unresolved
P01767,ORG_UNRES_W1274900984,ORG_UNRES_W1274900984_T001,独立程序员,PL_W1274900984,0.0,unresolved
P01768,ORG_UNRES_W658233514,ORG_UNRES_W658233514_T001,电工,PL_W658233514,0.0,unresolved
P01769,ORG_UNRES_W114706282,ORG_UNRES_W114706282_T001,咨询顾问,PL_W114706282,0.0,unresolved
P01770,ORG_W67141449,ORG_W67141449_T001,配送员,PL_W67141411,105.1,medium
P01771,ORG_N7195304356,ORG_N7195304356_T001,客服,PL_N7195304356,0.0,verified
P01772,ORG_W23447393,ORG_W23447393_T001,硕士研究生,PL_W23447393,0.0,verified
P01773,ORG_UNRES_W327006128,ORG_UNRES_W327006128_T001,行政专员,PL_W327006128,0.0,unresolved
P01774,ORG_W62058574,ORG_W62058574_T001,高级软件工程师,PL_W62058574,0.0,verified
P01775,ORG_N3604081136,ORG_N3604081136_T001,美容师,PL_N3604081136,0.0,verified
P01776,ORG_N13614343757,ORG_N13614343757_T001,高级运营专员,PL_N13614343757,0.0,verified
P01777,ORG_W285055427,ORG_W285055427_T001,行政专员,PL_W659321709,37.2,medium
P01778,ORG_UNRES_W450697861,ORG_UNRES_W450697861_T001,私教,PL_W450697861,0.0,unresolved
P01779,ORG_N6334432784,ORG_N6334432784_T001,零售店员,PL_N6334432784,0.0,verified
P01780,ORG_N2557732279,ORG_N2557732279_T001,客服,PL_N2557732279,0.0,verified
P01781,ORG_UNRES_W417111007,ORG_UNRES_W417111007_T001,安装工,PL_W417111007,0.0,unresolved
P01782,ORG_N1298025333,ORG_N1298025333_T001,理发师,PL_N1298025333,0.0,verified
P01783,ORG_N12914972783,ORG_N12914972783_T001,软件工程师,PL_N12914972783,0.0,verified
P01784,ORG_UNRES_W33005599,ORG_UNRES_W33005599_T001,自由设计师,PL_W33005599,0.0,unresolved
P01785,ORG_W657935821,ORG_W657935821_T001,汽车技师,PL_W657935821,0.0,verified
P01786,ORG_N3594724685,ORG_N3594724685_T001,收银员,PL_N3594724685,0.0,verified
P01787,ORG_N10893291928,ORG_N10893291928_T001,财务专员,PL_N10893291928,0.0,verified
P01788,ORG_UNRES_W770873613,ORG_UNRES_W770873613_T001,咨询顾问,PL_W770873613,0.0,unresolved
P01789,ORG_W27767631,ORG_W27767631_T001,运营专员,PL_W27767633,66.7,medium
P01790,ORG_N12825987650,ORG_N12825987650_T001,运营经理,PL_N12825987650,0.0,verified
P01791,ORG_N14020001312,ORG_N14020001312_T001,行政专员,PL_N14020001312,0.0,verified
P01792,ORG_UNRES_W659427957,ORG_UNRES_W659427957_T001,会计,PL_W659427957,0.0,unresolved
P01793,ORG_W215499749,ORG_W215499749_T001,采购专员,PL_W215499749,0.0,verified
P01794,ORG_N547498239,ORG_N547498239_T001,本科生,PL_N547498239,0.0,verified
P01795,ORG_W417422932,ORG_W417422932_T001,配送员,PL_W33409410,43.5,medium
P01796,ORG_W25491342,ORG_W25491342_T002,酒店服务人员,PL_W25491342,0.0,verified
P01797,ORG_UNRES_W417110910,ORG_UNRES_W417110910_T001,软件工程师,PL_W417110910,0.0,unresolved
P01798,ORG_UNRES_W658949851,ORG_UNRES_W658949851_T001,设备操作员,PL_W658949851,0.0,unresolved
P01799,ORG_W775641405,ORG_W775641405_T001,硕士研究生,PL_W775641405,0.0,verified
P01800,ORG_UNRES_W41259597,ORG_UNRES_W41259597_T001,翻译,PL_W41259597,0.0,unresolved
P01801,ORG_UNRES_W659588274,ORG_UNRES_W659588274_T001,仓库操作员,PL_W659588274,0.0,unresolved
P01802,ORG_N3718659602,ORG_N3718659602_T001,厨师,PL_N3718659602,0.0,verified
P01803,ORG_N1125366104,ORG_N1125366104_T001,咖啡师,PL_N1125366104,0.0,verified
P01804,ORG_N10061823882,ORG_N10061823882_T001,客服,PL_N10061823882,0.0,verified
P01805,ORG_N691142637,ORG_N691142637_T001,健身教练,PL_N691142637,0.0,verified
P01806,ORG_N12792004213,ORG_N12792004213_T001,财务专员,PL_W254448987,13.4,high
P01807,ORG_N9740184036,ORG_N9740184036_T001,硕士研究生,PL_N9740184036,0.0,verified
P01808,ORG_UNRES_W34798042,ORG_UNRES_W34798042_T001,会计,PL_W34798042,0.0,unresolved
P01809,ORG_N401521720,ORG_N401521720_T001,本科生,PL_N401521720,0.0,verified
P01810,ORG_N11961730316,ORG_N11961730316_T001,项目经理,PL_W661077890,98.0,medium
P01811,ORG_N436015841,ORG_N436015841_T001,收银员,PL_N436015841,0.0,verified
P01812,ORG_UNRES_W660867429,ORG_UNRES_W660867429_T001,自由销售,PL_W660867429,0.0,unresolved
P01813,ORG_W1164324731,ORG_W1164324731_T001,高级软件工程师,PL_W1266341139,5.8,high
P01814,ORG_N1409150868,ORG_N1409150868_T001,餐厅服务员,PL_N1409150868,0.0,verified
P01815,ORG_UNRES_W704945381,ORG_UNRES_W704945381_T001,销售代表,PL_W704945381,0.0,unresolved
P01816,ORG_W23447514,ORG_W23447514_T001,本科生,PL_W23447514,0.0,verified
P01817,ORG_N4327345823,ORG_N4327345823_T001,销售代表,PL_N4327345823,0.0,verified
P01818,ORG_N4245245862,ORG_N4245245862_T001,客户专员,PL_N4245245862,0.0,verified
P01819,ORG_N2883876001,ORG_N2883876001_T001,项目经理,PL_W659094365,12.2,high
P01820,ORG_N13996095201,ORG_N13996095201_T001,翻译,PL_N13996095201,0.0,verified
P01821,ORG_W1164324731,ORG_W1164324731_T001,房产经纪,PL_W1266341139,5.8,high
P01822,ORG_N3009597791,ORG_N3009597791_T001,会计,PL_N3009597791,0.0,verified
P01823,ORG_UNRES_W187814126,ORG_UNRES_W187814126_T001,销售经理,PL_W187814126,0.0,unresolved
P01824,ORG_UNRES_W662775113,ORG_UNRES_W662775113_T001,卡车司机,PL_W662775113,0.0,unresolved
P01825,ORG_N11818755964,ORG_N11818755964_T001,财务专员,PL_W80378497,2.1,high
P01826,ORG_N6545342870,ORG_N6545342870_T001,保安,PL_N6545342870,0.0,verified
P01827,ORG_N6356497976,ORG_N6356497976_T001,咨询顾问,PL_N6356497976,0.0,verified
P01828,ORG_W61759776,ORG_W61759776_T001,本科生,PL_W61759776,0.0,verified
P01829,ORG_N7684885171,ORG_N7684885171_T001,私教,PL_N7684885171,0.0,verified
P01830,ORG_W663314286,ORG_W663314286_T001,高级数据分析师,PL_W663314286,0.0,verified
P01831,ORG_N10937916050,ORG_N10937916050_T001,会计,PL_N10937916050,0.0,verified
P01832,ORG_W66967683,ORG_W66967683_T001,软件工程师,PL_W66967683,0.0,verified
P01833,ORG_W662448663,ORG_W662448663_T001,财务主管,PL_W662448663,0.0,verified
P01834,ORG_UNRES_W674557290,ORG_UNRES_W674557290_T001,电工,PL_W674557290,0.0,unresolved
P01835,ORG_W32462505,ORG_W32462505_T001,维修技师,PL_W32462505,0.0,verified
P01836,ORG_W1527638249,ORG_W1527638249_T001,咨询顾问,PL_W1527638249,0.0,verified
P01837,ORG_N10838177365,ORG_N10838177365_T001,产品经理,PL_W57385297,21.2,high
P01838,ORG_W31620421,ORG_W31620421_T001,行政专员,PL_W31620421,0.0,verified
P01839,ORG_W61759776,ORG_W61759776_T001,本科生,PL_W61759776,0.0,verified
P01840,ORG_UNRES_W66969420,ORG_UNRES_W66969420_T001,销售代表,PL_W66969420,0.0,unresolved
P01841,ORG_N12819212196,ORG_N12819212196_T001,本科生,PL_N12819212196,0.0,verified
P01842,ORG_N2681580824,ORG_N2681580824_T001,硕士研究生,PL_N2681580824,0.0,verified
P01843,ORG_UNRES_W336096449,ORG_UNRES_W336096449_T001,独立承包商,PL_W336096449,0.0,unresolved
P01844,ORG_N6680642264,ORG_N6680642264_T001,私教,PL_N6680642264,0.0,verified
P01845,ORG_N7640431530,ORG_N7640431530_T001,健身教练,PL_N7640431530,0.0,verified
P01846,ORG_N12995864475,ORG_N12995864475_T001,数据分析师,PL_N12995864475,0.0,verified
P01847,ORG_N6584764661,ORG_N6584764661_T001,咖啡师,PL_N6584764661,0.0,verified
P01848,ORG_UNRES_W307236254,ORG_UNRES_W307236254_T001,HR经理,PL_W307236254,0.0,unresolved
P01849,ORG_N7195447621,ORG_N7195447621_T001,收银员,PL_N7195447621,0.0,verified
P01850,ORG_N7580608938,ORG_N7580608938_T001,房产经纪,PL_W1226256410,63.6,medium
P01851,ORG_UNRES_W690912364,ORG_UNRES_W690912364_T001,搬运工,PL_W690912364,0.0,unresolved
P01852,ORG_N577454544,ORG_N577454544_T001,高级运营专员,PL_W147496461,77.1,medium
P01853,ORG_N7751950341,ORG_N7751950341_T001,本科生,PL_N7751950341,0.0,verified
P01854,ORG_W659340611,ORG_W659340611_T001,自媒体从业者,PL_W659340611,0.0,verified
P01855,ORG_UNRES_W661951783,ORG_UNRES_W661951783_T001,客户专员,PL_W661951783,0.0,unresolved
P01856,ORG_UNRES_W62361719,ORG_UNRES_W62361719_T001,设计师,PL_W62361719,0.0,unresolved
P01857,ORG_N6321490753,ORG_N6321490753_T001,收银员,PL_N6321490753,0.0,verified
P01858,ORG_UNRES_W659587797,ORG_UNRES_W659587797_T001,客户经理,PL_W659587797,0.0,unresolved
P01859,ORG_UNRES_W658960777,ORG_UNRES_W658960777_T001,设计师,PL_W658960777,0.0,unresolved
P01860,ORG_UNRES_W662500484,ORG_UNRES_W662500484_T001,自媒体从业者,PL_W662500484,0.0,unresolved
P01861,ORG_UNRES_W678437135,ORG_UNRES_W678437135_T001,HR经理,PL_W678437135,0.0,unresolved
P01862,ORG_UNRES_W804365959,ORG_UNRES_W804365959_T001,销售经理,PL_W804365959,0.0,unresolved
P01863,ORG_N12358026498,ORG_N12358026498_T001,销售经理,PL_N12358026498,0.0,verified
P01864,ORG_UNRES_W659587780,ORG_UNRES_W659587780_T001,软件工程师,PL_W659587780,0.0,unresolved
P01865,ORG_W55896876,ORG_W55896876_T001,酒店服务人员,PL_W55896876,0.0,verified
P01866,ORG_UNRES_W1525237523,ORG_UNRES_W1525237523_T001,汽车技师,PL_W1525237523,0.0,unresolved
P01867,ORG_UNRES_W1275510418,ORG_UNRES_W1275510418_T001,摄影师,PL_W1275510418,0.0,unresolved
P01868,ORG_N10905345296,ORG_N10905345296_T001,健身教练,PL_N10905345296,0.0,verified
P01869,ORG_UNRES_W658954875,ORG_UNRES_W658954875_T001,行政专员,PL_W658954875,0.0,unresolved
P01870,ORG_N6763993703,ORG_N6763993703_T001,房产经纪,PL_N6763993703,0.0,verified
P01871,ORG_W416989000,ORG_W416989000_T001,酒店服务人员,PL_W416989000,0.0,verified
P01872,ORG_N6363176124,ORG_N6363176124_T001,项目经理,PL_N6363176124,0.0,verified
P01873,ORG_UNRES_W62358761,ORG_UNRES_W62358761_T001,销售经理,PL_W62358761,0.0,unresolved
P01874,ORG_UNRES_W703255154,ORG_UNRES_W703255154_T001,客户专员,PL_W703255154,0.0,unresolved
P01875,ORG_UNRES_W442979488,ORG_UNRES_W442979488_T001,高级数据分析师,PL_W442979488,0.0,unresolved
P01876,ORG_W43805112,ORG_W43805112_T001,HR经理,PL_W43805112,0.0,verified
P01877,ORG_N6550466753,ORG_N6550466753_T001,项目经理,PL_N6550466753,0.0,verified
P01878,ORG_N6547808727,ORG_N6547808727_T001,理发师,PL_N6547808727,0.0,verified
P01879,ORG_UNRES_W659445592,ORG_UNRES_W659445592_T001,翻译,PL_W659445592,0.0,unresolved
P01880,ORG_W27767625,ORG_W27767625_T001,HR经理,PL_W27767625,0.0,verified
P01881,ORG_N2548856098,ORG_N2548856098_T001,软件工程师,PL_W676108757,49.3,medium
P01882,ORG_N2968817518,ORG_N2968817518_T001,餐厅服务员,PL_N2968817518,0.0,verified
P01883,ORG_UNRES_W333520129,ORG_UNRES_W333520129_T001,仓库操作员,PL_W333520129,0.0,unresolved
P01884,ORG_UNRES_W70513855,ORG_UNRES_W70513855_T001,搬运工,PL_W70513855,0.0,unresolved
P01885,ORG_UNRES_W558037232,ORG_UNRES_W558037232_T001,自媒体从业者,PL_W558037232,0.0,unresolved
P01886,ORG_N6589641228,ORG_N6589641228_T001,零售店员,PL_N6589641228,0.0,verified
P01887,ORG_UNRES_W31622243,ORG_UNRES_W31622243_T001,独立程序员,PL_W31622243,0.0,unresolved
P01888,ORG_W180193897,ORG_W180193897_T001,汽车技师,PL_W180193897,0.0,verified
P01889,ORG_N13717357288,ORG_N13717357288_T001,自由销售,PL_N13717357288,0.0,verified
P01890,ORG_W32556080,ORG_W32556080_T001,销售经理,PL_W32556080,0.0,verified
P01891,ORG_W122205423,ORG_W122205423_T002,高级数据分析师,PL_W122205423,0.0,verified
P01892,ORG_N11854661709,ORG_N11854661709_T001,理发师,PL_N11854661709,0.0,verified
P01893,ORG_N13374713725,ORG_N13374713725_T001,本科生,PL_N13374713725,0.0,verified
P01894,ORG_N4030226425,ORG_N4030226425_T001,运营专员,PL_W161271583,71.8,medium
P01895,ORG_W62058577,ORG_W62058577_T001,软件工程师,PL_W62058577,0.0,verified
P01896,ORG_N6543870360,ORG_N6543870360_T001,采购专员,PL_N6543870360,0.0,verified
P01897,ORG_W27767642,ORG_W27767642_T001,独立程序员,PL_W27767642,0.0,verified
P01898,ORG_N13946558449,ORG_N13946558449_T001,采购经理,PL_N13946558449,0.0,verified
P01899,ORG_UNRES_W525981083,ORG_UNRES_W525981083_T001,自由设计师,PL_W525981083,0.0,unresolved
P01900,ORG_W31373085,ORG_W31373085_T001,自由设计师,PL_W31373085,0.0,verified
P01901,ORG_UNRES_W1302155974,ORG_UNRES_W1302155974_T001,销售代表,PL_W1302155974,0.0,unresolved
P01902,ORG_UNRES_W146416648,ORG_UNRES_W146416648_T001,独立承包商,PL_W146416648,0.0,unresolved
P01903,ORG_W34582257,ORG_W34582257_T001,房产经纪,PL_W34582257,0.0,verified
P01904,ORG_N13667122343,ORG_N13667122343_T001,客户专员,PL_W705529533,47.9,medium
P01905,ORG_UNRES_W659731800,ORG_UNRES_W659731800_T001,建筑工人,PL_W659731800,0.0,unresolved
P01906,ORG_W61511473,ORG_W61511473_T001,酒店前台,PL_W61511473,0.0,verified
P01907,ORG_W943701267,ORG_W943701267_T001,高级数据分析师,PL_W943701267,0.0,verified
P01908,ORG_N11270397153,ORG_N11270397153_T001,健身教练,PL_N11270397153,0.0,verified
P01909,ORG_W27268157,ORG_W27268157_T001,销售经理,PL_W27268157,0.0,verified
P01910,ORG_N12149933051,ORG_N12149933051_T001,行政专员,PL_N12149933051,0.0,verified
P01911,ORG_N8550950821,ORG_N8550950821_T001,产品经理,PL_W61759778,10.7,high
P01912,ORG_UNRES_W56064200,ORG_UNRES_W56064200_T001,焊工,PL_W56064200,0.0,unresolved
P01913,ORG_W79671067,ORG_W79671067_T001,搬运工,PL_W79671067,0.0,verified
P01914,ORG_W55031045,ORG_W55031045_T001,酒店服务人员,PL_W55031045,0.0,verified
P01915,ORG_N6584647563,ORG_N6584647563_T001,理发师,PL_N6584647563,0.0,verified
P01916,ORG_N295326041,ORG_N295326041_T001,零售店员,PL_N295326041,0.0,verified
P01917,ORG_N7578613303,ORG_N7578613303_T001,零售店员,PL_N7578613303,0.0,verified
P01918,ORG_W31963779,ORG_W31963779_T001,财务专员,PL_W31963779,0.0,verified
P01919,ORG_UNRES_W660836778,ORG_UNRES_W660836778_T001,焊工,PL_W660836778,0.0,unresolved
P01920,ORG_UNRES_W97256645,ORG_UNRES_W97256645_T001,建筑工人,PL_W97256645,0.0,unresolved
P01921,ORG_W804454883,ORG_W804454883_T001,采购专员,PL_W60609247,95.8,medium
P01922,ORG_N6402291800,ORG_N6402291800_T001,美容师,PL_N6402291800,0.0,verified
P01923,ORG_N6386975407,ORG_N6386975407_T001,理发师,PL_N6386975407,0.0,verified
P01924,ORG_W306715327,ORG_W306715327_T001,客户专员,PL_W306715327,0.0,verified
P01925,ORG_N13885890639,ORG_N13885890639_T001,硕士研究生,PL_N13885890639,0.0,verified
P01926,ORG_UNRES_W658487090,ORG_UNRES_W658487090_T001,仓库操作员,PL_W658487090,0.0,unresolved
P01927,ORG_W25491342,ORG_W25491342_T002,厨师,PL_W25491342,0.0,verified
P01928,ORG_N1907558541,ORG_N1907558541_T001,高级软件工程师,PL_N1907558541,0.0,verified
P01929,ORG_W58567280,ORG_W58567280_T001,安装工,PL_W58567280,0.0,verified
P01930,ORG_UNRES_W516728742,ORG_UNRES_W516728742_T001,销售代表,PL_W516728742,0.0,unresolved
P01931,ORG_UNRES_W685825631,ORG_UNRES_W685825631_T001,卡车司机,PL_W685825631,0.0,unresolved
P01932,ORG_N12091108917,ORG_N12091108917_T001,咖啡师,PL_N12091108917,0.0,verified
P01933,ORG_W661192936,ORG_W661192936_T001,汽车技师,PL_W661192936,0.0,verified
P01934,ORG_N3467065129,ORG_N3467065129_T001,网店经营者,PL_N3467065129,0.0,verified
P01935,ORG_W34614474,ORG_W34614474_T002,销售经理,PL_W34614474,0.0,verified
P01936,ORG_W27767640,ORG_W27767640_T001,酒店服务人员,PL_W27767640,0.0,verified
P01937,ORG_W61759776,ORG_W61759776_T001,硕士研究生,PL_W61759776,0.0,verified
P01938,ORG_W65592644,ORG_W65592644_T001,设计师,PL_W65592644,0.0,verified
P01939,ORG_UNRES_W705109205,ORG_UNRES_W705109205_T001,客户经理,PL_W705109205,0.0,unresolved
P01940,ORG_N3925813275,ORG_N3925813275_T001,设计师,PL_N3925813275,0.0,verified
P01941,ORG_N7751993192,ORG_N7751993192_T001,餐厅服务员,PL_N7751993192,0.0,verified
P01942,ORG_N783499436,ORG_N783499436_T001,博士研究生,PL_N783499436,0.0,verified
P01943,ORG_W31963779,ORG_W31963779_T001,销售代表,PL_W31963779,0.0,verified
P01944,ORG_N12838400290,ORG_N12838400290_T001,部门经理,PL_N12838400290,0.0,verified
P01945,ORG_N491599552,ORG_N491599552_T001,软件工程师,PL_W56057408,10.8,high
P01946,ORG_W10334999,ORG_W10334999_T001,高级软件工程师,PL_W10334999,0.0,verified
P01947,ORG_N8946608036,ORG_N8946608036_T001,项目经理,PL_N8946608036,0.0,verified
P01948,ORG_UNRES_W674772108,ORG_UNRES_W674772108_T001,采购经理,PL_W674772108,0.0,unresolved
P01949,ORG_N401521720,ORG_N401521720_T001,本科生,PL_N401521720,0.0,verified
P01950,ORG_N9008380207,ORG_N9008380207_T001,餐厅服务员,PL_N9008380207,0.0,verified
P01951,ORG_W89636166,ORG_W89636166_T001,客户专员,PL_W89636166,0.0,verified
P01952,ORG_N6467153247,ORG_N6467153247_T001,房产经纪,PL_N6467153247,0.0,verified
P01953,ORG_UNRES_W706078568,ORG_UNRES_W706078568_T001,房产经纪,PL_W706078568,0.0,unresolved
P01954,ORG_W80378604,ORG_W80378604_T002,运营专员,PL_W80378604,0.0,verified
P01955,ORG_UNRES_W670151105,ORG_UNRES_W670151105_T001,财务专员,PL_W670151105,0.0,unresolved
P01956,ORG_UNRES_W34587723,ORG_UNRES_W34587723_T001,HR经理,PL_W34587723,0.0,unresolved
P01957,ORG_N6304924229,ORG_N6304924229_T001,会计,PL_W286526913,3.2,high
P01958,ORG_W118004701,ORG_W118004701_T001,采购专员,PL_W118004701,0.0,verified
P01959,ORG_N5262447517,ORG_N5262447517_T001,理发师,PL_N8369126004,21.1,high
P01960,ORG_UNRES_W659733275,ORG_UNRES_W659733275_T001,咨询顾问,PL_W659733275,0.0,unresolved
P01961,ORG_N5925332816,ORG_N5925332816_T001,博士研究生,PL_N5925332816,0.0,verified
P01962,ORG_UNRES_W677922600,ORG_UNRES_W677922600_T001,高级软件工程师,PL_W677922600,0.0,unresolved
P01963,ORG_N11275718892,ORG_N11275718892_T001,设计师,PL_W231011596,80.0,medium
P01964,ORG_UNRES_W703613748,ORG_UNRES_W703613748_T001,销售代表,PL_W703613748,0.0,unresolved
P01965,ORG_UNRES_W41285825,ORG_UNRES_W41285825_T001,独立程序员,PL_W41285825,0.0,unresolved
P01966,ORG_UNRES_W180423381,ORG_UNRES_W180423381_T001,焊工,PL_W180423381,0.0,unresolved
P01967,ORG_W1268267050,ORG_W1268267050_T001,硕士研究生,PL_W1268267050,0.0,verified
P01968,ORG_N11115201179,ORG_N11115201179_T001,硕士研究生,PL_N11115201179,0.0,verified
P01969,ORG_W443994557,ORG_W443994557_T001,项目经理,PL_W670995134,21.0,high
P01970,ORG_N6240358430,ORG_N6240358430_T001,保安,PL_N6240358430,0.0,verified
P01971,ORG_W367536575,ORG_W367536575_T001,酒店前台,PL_W367536575,0.0,verified
P01972,ORG_UNRES_W663315403,ORG_UNRES_W663315403_T001,采购专员,PL_W663315403,0.0,unresolved
P01973,ORG_UNRES_W194221681,ORG_UNRES_W194221681_T001,搬运工,PL_W194221681,0.0,unresolved
P01974,ORG_N9125073386,ORG_N9125073386_T001,采购经理,PL_N9125073386,0.0,verified
P01975,ORG_W455610180,ORG_W455610180_T001,行政专员,PL_W33806244,68.6,medium
P01976,ORG_UNRES_W661251276,ORG_UNRES_W661251276_T001,设备操作员,PL_W661251276,0.0,unresolved
P01977,ORG_UNRES_W797150171,ORG_UNRES_W797150171_T001,财务经理,PL_W797150171,0.0,unresolved
P01978,ORG_UNRES_W660807077,ORG_UNRES_W660807077_T001,高级产品经理,PL_W660807077,0.0,unresolved
P01979,ORG_N11195009107,ORG_N11195009107_T001,收银员,PL_N11195009107,0.0,verified
P01980,ORG_N8636979873,ORG_N8636979873_T001,采购专员,PL_N8636979873,0.0,verified
P01981,ORG_UNRES_W288101368,ORG_UNRES_W288101368_T001,配送员,PL_W288101368,0.0,unresolved
P01982,ORG_N6423814886,ORG_N6423814886_T001,销售经理,PL_W367037750,19.0,high
P01983,ORG_W673263912,ORG_W673263912_T001,电工,PL_W669998797,51.3,medium
P01984,ORG_UNRES_W34204497,ORG_UNRES_W34204497_T001,配送员,PL_W34204497,0.0,unresolved
P01985,ORG_W61759776,ORG_W61759776_T002,博士研究生,PL_W61759776,0.0,verified
P01986,ORG_W659533742,ORG_W659533742_T001,汽车技师,PL_W659533742,0.0,verified
P01987,ORG_W34517286,ORG_W34517286_T001,客户专员,PL_W34517286,0.0,verified
P01988,ORG_W34615186,ORG_W34615186_T001,运营专员,PL_W34615186,0.0,verified
P01989,ORG_UNRES_W673493644,ORG_UNRES_W673493644_T001,客户经理,PL_W673493644,0.0,unresolved
P01990,ORG_W400681136,ORG_W400681136_T001,高级项目经理,PL_W400681136,0.0,verified
P01991,ORG_UNRES_W661951742,ORG_UNRES_W661951742_T001,HR经理,PL_W661951742,0.0,unresolved
P01992,ORG_N3413571002,ORG_N3413571002_T001,高级运营专员,PL_W658300734,25.6,medium
P01993,ORG_N2826872560,ORG_N2826872560_T001,咖啡师,PL_N2826872560,0.0,verified
P01994,ORG_W1491660166,ORG_W1491660166_T001,HR经理,PL_W1491660166,0.0,verified
P01995,ORG_UNRES_W661250616,ORG_UNRES_W661250616_T001,设备操作员,PL_W661250616,0.0,unresolved
P01996,ORG_N4494740452,ORG_N4494740452_T001,私教,PL_N4494740452,0.0,verified
P01997,ORG_UNRES_W174677129,ORG_UNRES_W174677129_T001,设备操作员,PL_W174677129,0.0,unresolved
P01998,ORG_UNRES_W461483955,ORG_UNRES_W461483955_T001,设计师,PL_W461483955,0.0,unresolved
P01999,ORG_W27767642,ORG_W27767642_T001,独立程序员,PL_W27767642,0.0,verified
P02000,ORG_UNRES_W226939071,ORG_UNRES_W226939071_T001,汽车技师,PL_W226939071,0.0,unresolved
P02001,ORG_N13951193852,ORG_N13951193852_T001,博士研究生,PL_N13951193852,0.0,verified
P02002,ORG_UNRES_W669794353,ORG_UNRES_W669794353_T001,安装工,PL_W669794353,0.0,unresolved
P02003,ORG_N13273967070,ORG_N13273967070_T001,收银员,PL_N13273967070,0.0,verified
P02004,ORG_N6559189378,ORG_N6559189378_T001,理发师,PL_N6559189378,0.0,verified
P02005,ORG_UNRES_W659448675,ORG_UNRES_W659448675_T001,咨询顾问,PL_W659448675,0.0,unresolved
P02006,ORG_UNRES_W56062695,ORG_UNRES_W56062695_T001,搬运工,PL_W56062695,0.0,unresolved
P02007,ORG_W231284913,ORG_W231284913_T001,保安,PL_W231284913,0.0,verified
P02008,ORG_W172947836,ORG_W172947836_T001,行政专员,PL_W172947836,0.0,verified
P02009,ORG_W256116927,ORG_W256116927_T001,高级软件工程师,PL_W256116927,0.0,verified
P02010,ORG_N13971404737,ORG_N13971404737_T001,客服,PL_N13971404737,0.0,verified
P02011,ORG_UNRES_W1537605220,ORG_UNRES_W1537605220_T001,高级运营专员,PL_W1537605220,0.0,unresolved
P02012,ORG_W184344340,ORG_W184344340_T001,酒店前台,PL_W184344340,0.0,verified
P02013,ORG_UNRES_W662252299,ORG_UNRES_W662252299_T001,安装工,PL_W662252299,0.0,unresolved
P02014,ORG_W61759776,ORG_W61759776_T003,博士研究生,PL_W61759776,0.0,verified
P02015,ORG_W55036397,ORG_W55036397_T002,酒店服务人员,PL_W55036397,0.0,verified
P02016,ORG_UNRES_W943602453,ORG_UNRES_W943602453_T001,维修技师,PL_W943602453,0.0,unresolved
P02017,ORG_UNRES_W135469951,ORG_UNRES_W135469951_T001,自由设计师,PL_W135469951,0.0,unresolved
P02018,ORG_W34516832,ORG_W34516832_T001,安装工,PL_W34516836,73.3,medium
P02019,ORG_N12990284113,ORG_N12990284113_T001,美容师,PL_N12990284113,0.0,verified
P02020,ORG_W30707535,ORG_W30707535_T001,建筑工人,PL_W132782210,99.7,medium
P02021,ORG_N5184936117,ORG_N5184936117_T001,私教,PL_N5184936117,0.0,verified
P02022,ORG_UNRES_W659441055,ORG_UNRES_W659441055_T001,安装工,PL_W659441055,0.0,unresolved
P02023,ORG_UNRES_W659833466,ORG_UNRES_W659833466_T001,电工,PL_W659833466,0.0,unresolved
P02024,ORG_N3562196293,ORG_N3562196293_T001,客户专员,PL_N10069884448,20.3,high
P02025,ORG_N12596693039,ORG_N12596693039_T001,客服,PL_N12596693039,0.0,verified
P02026,ORG_N7323173820,ORG_N7323173820_T001,项目经理,PL_W61430317,1.1,high
P02027,ORG_W32629255,ORG_W32629255_T001,财务专员,PL_W32629255,0.0,verified
P02028,ORG_W229563603,ORG_W229563603_T001,行政专员,PL_W229563603,0.0,verified
P02029,ORG_N13753673174,ORG_N13753673174_T001,采购经理,PL_W31963780,2.4,high
P02030,ORG_UNRES_W657696644,ORG_UNRES_W657696644_T001,自由设计师,PL_W657696644,0.0,unresolved
P02031,ORG_N13605219225,ORG_N13605219225_T001,区域经理,PL_W1302155970,71.0,medium
P02032,ORG_W276149333,ORG_W276149333_T001,项目经理,PL_W276149333,0.0,verified
P02033,ORG_W1024399954,ORG_W1024399954_T001,硕士研究生,PL_W1024399954,0.0,verified
P02034,ORG_N8776885249,ORG_N8776885249_T001,业务负责人,PL_N8776885249,0.0,verified
P02035,ORG_N13753677669,ORG_N13753677669_T001,理发师,PL_N13753677669,0.0,verified
P02036,ORG_W182283005,ORG_W182283005_T001,酒店服务人员,PL_W182283005,0.0,verified
P02037,ORG_W43805033,ORG_W43805033_T001,采购专员,PL_W662098235,14.1,high
P02038,ORG_N9672795308,ORG_N9672795308_T001,博士研究生,PL_N9672795308,0.0,verified
P02039,ORG_UNRES_W661951938,ORG_UNRES_W661951938_T001,仓库操作员,PL_W661951938,0.0,unresolved
P02040,ORG_UNRES_W1009155382,ORG_UNRES_W1009155382_T001,财务主管,PL_W1009155382,0.0,unresolved
P02041,ORG_N6285588952,ORG_N6285588952_T001,HR经理,PL_N6285588952,0.0,verified
P02042,ORG_N512544209,ORG_N512544209_T001,餐厅服务员,PL_N512544209,0.0,verified
P02043,ORG_UNRES_W331900535,ORG_UNRES_W331900535_T001,焊工,PL_W331900535,0.0,unresolved
P02044,ORG_W58558535,ORG_W58558535_T001,房产经纪,PL_W1408833223,15.0,high
P02045,ORG_W32052212,ORG_W32052212_T001,技术经理,PL_W32052212,0.0,verified
P02046,ORG_N12996529644,ORG_N12996529644_T001,采购经理,PL_W662098274,93.8,medium
P02047,ORG_UNRES_W33728781,ORG_UNRES_W33728781_T001,建筑工人,PL_W33728781,0.0,unresolved
P02048,ORG_N12849735277,ORG_N12849735277_T001,理发师,PL_N12849735277,0.0,verified
P02049,ORG_N4720540132,ORG_N4720540132_T001,客服,PL_N4720540132,0.0,verified
P02050,ORG_W55031045,ORG_W55031045_T001,厨师,PL_W55031045,0.0,verified
P02051,ORG_UNRES_W662521526,ORG_UNRES_W662521526_T001,卡车司机,PL_W662521526,0.0,unresolved
P02052,ORG_W436018569,ORG_W436018569_T001,数据分析师,PL_W436018569,0.0,verified
P02053,ORG_N7879144008,ORG_N7879144008_T001,保安,PL_N7879144008,0.0,verified
P02054,ORG_W585487296,ORG_W585487296_T001,保安,PL_W585487296,0.0,verified
P02055,ORG_N3425674164,ORG_N3425674164_T001,客户经理,PL_N3425674164,0.0,verified
P02056,ORG_W27767642,ORG_W27767642_T001,高级运营专员,PL_W27767642,0.0,verified
P02057,ORG_W943701267,ORG_W943701267_T002,设计师,PL_W943701267,0.0,verified
P02058,ORG_N10977886210,ORG_N10977886210_T001,本科生,PL_N10977886210,0.0,verified
P02059,ORG_UNRES_W661822331,ORG_UNRES_W661822331_T001,摄影师,PL_W661822331,0.0,unresolved
P02060,ORG_N7147377483,ORG_N7147377483_T001,收银员,PL_N7147403293,19.9,high
P02061,ORG_N11737894264,ORG_N11737894264_T001,自媒体从业者,PL_N11737894264,0.0,verified
P02062,ORG_W58586565,ORG_W58586565_T001,搬运工,PL_W58586565,0.0,verified
P02063,ORG_N5061254787,ORG_N5061254787_T001,美容师,PL_N5061254787,0.0,verified
P02064,ORG_W61759776,ORG_W61759776_T002,硕士研究生,PL_W61759776,0.0,verified
P02065,ORG_N9672795308,ORG_N9672795308_T001,硕士研究生,PL_N9672795308,0.0,verified
P02066,ORG_UNRES_W661950809,ORG_UNRES_W661950809_T001,卡车司机,PL_W661950809,0.0,unresolved
P02067,ORG_N10537982829,ORG_N10537982829_T001,独立承包商,PL_W31451793,13.5,high
P02068,ORG_N7797305742,ORG_N7797305742_T001,项目经理,PL_W705507596,81.0,medium
P02069,ORG_N4412270989,ORG_N4412270989_T001,理发师,PL_N4412270989,0.0,verified
P02070,ORG_W240835896,ORG_W240835896_T001,高级软件工程师,PL_W240835896,0.0,verified
P02071,ORG_W32773278,ORG_W32773278_T001,设计师,PL_W61760280,63.9,medium
P02072,ORG_N6172970144,ORG_N6172970144_T001,财务专员,PL_N6172970144,0.0,verified
P02073,ORG_UNRES_W58323831,ORG_UNRES_W58323831_T001,维修技师,PL_W58323831,0.0,unresolved
P02074,ORG_UNRES_W366899310,ORG_UNRES_W366899310_T001,仓库操作员,PL_W366899310,0.0,unresolved
P02075,ORG_N4060215198,ORG_N4060215198_T001,高级运营专员,PL_N4060215198,0.0,verified
P02076,ORG_UNRES_W661774211,ORG_UNRES_W661774211_T001,维修技师,PL_W661774211,0.0,unresolved
P02077,ORG_W41949957,ORG_W41949957_T001,产品经理,PL_W41949957,0.0,verified
P02078,ORG_N10085680270,ORG_N10085680270_T001,会计,PL_N10085680270,0.0,verified
P02079,ORG_N11608557109,ORG_N11608557109_T001,项目经理,PL_N11608557109,0.0,verified
P02080,ORG_UNRES_W702169116,ORG_UNRES_W702169116_T001,软件工程师,PL_W702169116,0.0,unresolved
P02081,ORG_UNRES_W150215070,ORG_UNRES_W150215070_T001,搬运工,PL_W150215070,0.0,unresolved
P02082,ORG_N3414918475,ORG_N3414918475_T001,厨师,PL_N3414918475,0.0,verified
P02083,ORG_W416989000,ORG_W416989000_T001,酒店服务人员,PL_W416989000,0.0,verified
P02084,ORG_N5457575924,ORG_N5457575924_T001,高级数据分析师,PL_W796666554,12.9,high
P02085,ORG_W61759776,ORG_W61759776_T002,本科生,PL_W61759776,0.0,verified
P02086,ORG_W104945735,ORG_W104945735_T001,采购经理,PL_W104945735,0.0,verified
P02087,ORG_W702557441,ORG_W702557441_T001,摄影师,PL_W702557441,0.0,verified
P02088,ORG_W27778414,ORG_W27778414_T001,酒店前台,PL_W27778414,0.0,verified
P02089,ORG_UNRES_W114706475,ORG_UNRES_W114706475_T001,自由销售,PL_W114706475,0.0,unresolved
P02090,ORG_W56062952,ORG_W56062952_T001,客户经理,PL_W56062952,0.0,verified
P02091,ORG_N6321380372,ORG_N6321380372_T001,咖啡师,PL_N6321380372,0.0,verified
P02092,ORG_W860823186,ORG_W860823186_T001,咖啡师,PL_W860823186,0.0,verified
P02093,ORG_UNRES_W31368504,ORG_UNRES_W31368504_T001,独立承包商,PL_W31368504,0.0,unresolved
P02094,ORG_W36508437,ORG_W36508437_T001,本科生,PL_W36508437,0.0,verified
P02095,ORG_UNRES_W284475530,ORG_UNRES_W284475530_T001,行政专员,PL_W284475530,0.0,unresolved
P02096,ORG_N2679687310,ORG_N2679687310_T001,美容师,PL_N2679687310,0.0,verified
P02097,ORG_N6603447367,ORG_N6603447367_T001,健身教练,PL_N6603447367,0.0,verified
P02098,ORG_N12770867218,ORG_N12770867218_T001,高级软件工程师,PL_N12770867218,0.0,verified
P02099,ORG_W33570228,ORG_W33570228_T001,采购经理,PL_W33570228,0.0,verified
P02100,ORG_UNRES_W662257868,ORG_UNRES_W662257868_T001,客户经理,PL_W662257868,0.0,unresolved
P02101,ORG_N4980588123,ORG_N4980588123_T001,翻译,PL_N4980588123,0.0,verified
P02102,ORG_N6341941432,ORG_N6341941432_T001,软件工程师,PL_N6341941432,0.0,verified
P02103,ORG_UNRES_W661330373,ORG_UNRES_W661330373_T001,焊工,PL_W661330373,0.0,unresolved
P02104,ORG_N3206964051,ORG_N3206964051_T001,数据分析师,PL_N3206964051,0.0,verified
P02105,ORG_W34582307,ORG_W34582307_T001,会计,PL_W34582307,0.0,verified
P02106,ORG_N12087943806,ORG_N12087943806_T001,HR经理,PL_W106971408,40.8,medium
P02107,ORG_UNRES_W804360805,ORG_UNRES_W804360805_T001,产品经理,PL_W804360805,0.0,unresolved
P02108,ORG_W34749850,ORG_W34749850_T001,酒店前台,PL_W34749850,0.0,verified
P02109,ORG_W335886375,ORG_W335886375_T001,销售经理,PL_W335886375,0.0,verified
P02110,ORG_UNRES_W704993416,ORG_UNRES_W704993416_T001,运营专员,PL_W704993416,0.0,unresolved
P02111,ORG_N12149891226,ORG_N12149891226_T001,销售代表,PL_N12149891226,0.0,verified
P02112,ORG_W61014137,ORG_W61014137_T002,酒店前台,PL_W61014137,0.0,verified
P02113,ORG_N9559247100,ORG_N9559247100_T001,财务经理,PL_W60510549,6.2,high
P02114,ORG_UNRES_W705882031,ORG_UNRES_W705882031_T001,网店经营者,PL_W705882031,0.0,unresolved
P02115,ORG_N1410604576,ORG_N1410604576_T001,理发师,PL_N4595506450,35.8,medium
P02116,ORG_W27767634,ORG_W27767634_T001,高级产品经理,PL_W27767634,0.0,verified
P02117,ORG_N11406187968,ORG_N11406187968_T001,本科生,PL_N11406187968,0.0,verified
P02118,ORG_W34545829,ORG_W34545829_T001,厨师,PL_W34545829,0.0,verified
P02119,ORG_N6323420482,ORG_N6323420482_T001,保安,PL_N6323420482,0.0,verified
P02120,ORG_N5375381862,ORG_N5375381862_T001,客户专员,PL_W43812230,17.4,high
P02121,ORG_W61759777,ORG_W61759777_T001,采购专员,PL_W60304156,49.9,medium
P02122,ORG_UNRES_W975456900,ORG_UNRES_W975456900_T001,客户专员,PL_W975456900,0.0,unresolved
P02123,ORG_W663569979,ORG_W663569979_T001,美容师,PL_W663569979,0.0,verified
P02124,ORG_UNRES_W55217849,ORG_UNRES_W55217849_T001,焊工,PL_W55217849,0.0,unresolved
P02125,ORG_N4500607608,ORG_N4500607608_T001,技术经理,PL_W62363962,64.2,medium
P02126,ORG_UNRES_W659422197,ORG_UNRES_W659422197_T001,快递员,PL_W659422197,0.0,unresolved
P02127,ORG_W23447424,ORG_W23447424_T001,硕士研究生,PL_W23447424,0.0,verified
P02128,ORG_UNRES_W67141552,ORG_UNRES_W67141552_T001,快递员,PL_W67141552,0.0,unresolved
P02129,ORG_W241020327,ORG_W241020327_T001,客服,PL_W241020327,0.0,verified
P02130,ORG_UNRES_W657722110,ORG_UNRES_W657722110_T001,电工,PL_W657722110,0.0,unresolved
P02131,ORG_N1512234067,ORG_N1512234067_T001,自由销售,PL_N1512234067,0.0,verified
P02132,ORG_N6191658178,ORG_N6191658178_T001,采购专员,PL_N6191658178,0.0,verified
P02133,ORG_UNRES_W56436107,ORG_UNRES_W56436107_T001,建筑工人,PL_W56436107,0.0,unresolved
P02134,ORG_W33296572,ORG_W33296572_T001,汽车技师,PL_W33296571,22.4,high
P02135,ORG_N8550950821,ORG_N8550950821_T001,客户经理,PL_W61759778,10.7,high
P02136,ORG_N6491320423,ORG_N6491320423_T001,美容师,PL_N6491320423,0.0,verified
P02137,ORG_W27767627,ORG_W27767627_T001,高级运营专员,PL_W27767627,0.0,verified
P02138,ORG_UNRES_W1101273554,ORG_UNRES_W1101273554_T001,私教,PL_W1101273554,0.0,unresolved
P02139,ORG_W148646768,ORG_W148646768_T001,保安,PL_W148646768,0.0,verified
P02140,ORG_W32946314,ORG_W32946314_T001,焊工,PL_W32946314,0.0,verified
P02141,ORG_N2890089526,ORG_N2890089526_T001,产品经理,PL_W61011663,5.7,high
P02142,ORG_W61982576,ORG_W61982576_T001,销售代表,PL_W61982576,0.0,verified
P02143,ORG_N401521720,ORG_N401521720_T001,硕士研究生,PL_N401521720,0.0,verified
P02144,ORG_UNRES_W705740396,ORG_UNRES_W705740396_T001,网店经营者,PL_W705740396,0.0,unresolved
P02145,ORG_UNRES_W660839003,ORG_UNRES_W660839003_T001,网店经营者,PL_W660839003,0.0,unresolved
P02146,ORG_N9633703338,ORG_N9633703338_T001,本科生,PL_N9633703338,0.0,verified
P02147,ORG_W31778853,ORG_W31778853_T001,高级软件工程师,PL_W31778853,0.0,verified
P02148,ORG_N5706236065,ORG_N5706236065_T002,财务主管,PL_W599480360,41.6,medium
P02149,ORG_N2674096395,ORG_N2674096395_T001,会计,PL_N2674096395,0.0,verified
P02150,ORG_N10722401736,ORG_N10722401736_T001,项目经理,PL_N10722401736,0.0,verified
P02151,ORG_N6565345436,ORG_N6565345436_T001,理发师,PL_N6565345436,0.0,verified
P02152,ORG_UNRES_W31451096,ORG_UNRES_W31451096_T001,网店经营者,PL_W31451096,0.0,unresolved
P02153,ORG_UNRES_W93811553,ORG_UNRES_W93811553_T001,安装工,PL_W93811553,0.0,unresolved
P02154,ORG_N10887639767,ORG_N10887639767_T001,美容师,PL_N10887639767,0.0,verified
P02155,ORG_N7559903994,ORG_N7559903994_T001,美容师,PL_N7559903994,0.0,verified
P02156,ORG_UNRES_W703776819,ORG_UNRES_W703776819_T001,电工,PL_W703776819,0.0,unresolved
P02157,ORG_UNRES_W677918916,ORG_UNRES_W677918916_T001,设计师,PL_W677918916,0.0,unresolved
P02158,ORG_N1995435010,ORG_N1995435010_T001,美容师,PL_N1995435010,0.0,verified
P02159,ORG_N6549482210,ORG_N6549482210_T001,财务专员,PL_N6549482210,0.0,verified
P02160,ORG_N11051841686,ORG_N11051841686_T001,设计师,PL_N11051841686,0.0,verified
P02161,ORG_N11774144080,ORG_N11774144080_T001,运营专员,PL_N11774144080,0.0,verified
P02162,ORG_N5658771340,ORG_N5658771340_T001,人力资源经理,PL_W31620471,5.6,high
P02163,ORG_N6561488003,ORG_N6561488003_T001,美容师,PL_N6561488003,0.0,verified
P02164,ORG_UNRES_W1171853035,ORG_UNRES_W1171853035_T001,电工,PL_W1171853035,0.0,unresolved
P02165,ORG_W176969075,ORG_W176969075_T001,区域经理,PL_W176969075,0.0,verified
P02166,ORG_W43805112,ORG_W43805112_T001,销售代表,PL_W43805112,0.0,verified
P02167,ORG_N495296105,ORG_N495296105_T001,厨师,PL_N495296105,0.0,verified
P02168,ORG_N6551583283,ORG_N6551583283_T001,数据分析师,PL_W797144944,17.7,high
P02169,ORG_W144942277,ORG_W144942277_T001,客户专员,PL_W674772103,27.6,medium
P02170,ORG_UNRES_W705625074,ORG_UNRES_W705625074_T001,咨询顾问,PL_W705625074,0.0,unresolved
P02171,ORG_UNRES_W31451199,ORG_UNRES_W31451199_T001,独立程序员,PL_W31451199,0.0,unresolved
P02172,ORG_N7843579451,ORG_N7843579451_T001,行政专员,PL_N7843579451,0.0,verified
P02173,ORG_N12861688133,ORG_N12861688133_T001,自媒体从业者,PL_W34582323,12.1,high
P02174,ORG_UNRES_W57079616,ORG_UNRES_W57079616_T001,网店经营者,PL_W57079616,0.0,unresolved
P02175,ORG_N13879355833,ORG_N13879355833_T001,客服,PL_N13879355833,0.0,verified
P02176,ORG_W34545829,ORG_W34545829_T001,酒店服务人员,PL_W34545829,0.0,verified
P02177,ORG_UNRES_W661270617,ORG_UNRES_W661270617_T001,运营专员,PL_W661270617,0.0,unresolved
P02178,ORG_N2883876001,ORG_N2883876001_T001,项目经理,PL_W659094350,35.3,medium
P02179,ORG_N6173003700,ORG_N6173003700_T001,采购专员,PL_N6173003700,0.0,verified
P02180,ORG_UNRES_W141176440,ORG_UNRES_W141176440_T001,配送员,PL_W141176440,0.0,unresolved
P02181,ORG_N1112275317,ORG_N1112275317_T001,餐厅服务员,PL_N1112275317,0.0,verified
P02182,ORG_N6282953361,ORG_N6282953361_T001,采购经理,PL_N6282953361,0.0,verified
P02183,ORG_UNRES_W162147490,ORG_UNRES_W162147490_T001,汽车技师,PL_W162147490,0.0,unresolved
P02184,ORG_N7018011530,ORG_N7018011530_T001,健身教练,PL_N7018011530,0.0,verified
P02185,ORG_W27767625,ORG_W27767625_T001,自由设计师,PL_W27767625,0.0,verified
P02186,ORG_UNRES_W57045491,ORG_UNRES_W57045491_T001,高级软件工程师,PL_W57045491,0.0,unresolved
P02187,ORG_W402553502,ORG_W402553502_T001,采购专员,PL_W796670745,18.9,high
P02188,ORG_UNRES_W669794335,ORG_UNRES_W669794335_T001,销售代表,PL_W669794335,0.0,unresolved
P02189,ORG_N2457605965,ORG_N2457605965_T001,产品经理,PL_N2457605965,0.0,verified
P02190,ORG_W55217851,ORG_W55217851_T001,数据分析师,PL_W55217851,0.0,verified
P02191,ORG_W34121572,ORG_W34121572_T001,项目经理,PL_W34121572,0.0,verified
P02192,ORG_N13879320057,ORG_N13879320057_T001,财务主管,PL_N13879320057,0.0,verified
P02193,ORG_W69966012,ORG_W69966012_T001,销售经理,PL_W69966012,0.0,verified
P02194,ORG_N1387989092,ORG_N1387989092_T001,采购专员,PL_N1387989092,0.0,verified
P02195,ORG_N4334763012,ORG_N4334763012_T001,零售店员,PL_N4334763012,0.0,verified
P02196,ORG_UNRES_W30955785,ORG_UNRES_W30955785_T001,网店经营者,PL_W30955785,0.0,unresolved
P02197,ORG_W702100748,ORG_W702100748_T001,本科生,PL_W702100748,0.0,verified
P02198,ORG_UNRES_W662775019,ORG_UNRES_W662775019_T001,卡车司机,PL_W662775019,0.0,unresolved
P02199,ORG_UNRES_W33036597,ORG_UNRES_W33036597_T001,自由设计师,PL_W33036597,0.0,unresolved
P02200,ORG_UNRES_W55462296,ORG_UNRES_W55462296_T001,会计,PL_W55462296,0.0,unresolved
P02201,ORG_N12325787221,ORG_N12325787221_T001,财务专员,PL_W664651899,58.0,medium
P02202,ORG_UNRES_W661774552,ORG_UNRES_W661774552_T001,搬运工,PL_W661774552,0.0,unresolved
P02203,ORG_UNRES_W34554802,ORG_UNRES_W34554802_T001,行政专员,PL_W34554802,0.0,unresolved
P02204,ORG_N10087984338,ORG_N10087984338_T001,会计,PL_W239024445,61.5,medium
P02205,ORG_UNRES_W663826506,ORG_UNRES_W663826506_T001,销售经理,PL_W663826506,0.0,unresolved
P02206,ORG_W58362432,ORG_W58362432_T001,高级运营专员,PL_W58362432,0.0,verified
P02207,ORG_N10722401736,ORG_N10722401736_T001,销售代表,PL_N10722401736,0.0,verified
P02208,ORG_N12941620210,ORG_N12941620210_T001,财务专员,PL_W56437582,5.8,high
P02209,ORG_N6565376654,ORG_N6565376654_T001,理发师,PL_N6565376654,0.0,verified
P02210,ORG_W170165499,ORG_W170165499_T001,房产经纪,PL_W170165499,0.0,verified
P02211,ORG_W1336697639,ORG_W1336697639_T001,安装工,PL_W1336697639,0.0,verified
P02212,ORG_UNRES_W354728349,ORG_UNRES_W354728349_T001,翻译,PL_W354728349,0.0,unresolved
P02213,ORG_W367346433,ORG_W367346433_T001,财务主管,PL_W367346433,0.0,verified
P02214,ORG_N5445754336,ORG_N5445754336_T001,销售经理,PL_W659628959,14.7,high
P02215,ORG_N11350179776,ORG_N11350179776_T001,餐厅服务员,PL_N11350179776,0.0,verified
P02216,ORG_N441031354,ORG_N441031354_T001,咖啡师,PL_N441031354,0.0,verified
P02217,ORG_N437992167,ORG_N437992167_T001,咖啡师,PL_N437992167,0.0,verified
P02218,ORG_UNRES_W61011150,ORG_UNRES_W61011150_T001,运营专员,PL_W61011150,0.0,unresolved
P02219,ORG_N5861434785,ORG_N5861434785_T001,HR经理,PL_W314664870,3.0,high
P02220,ORG_N6547874084,ORG_N6547874084_T001,高级数据分析师,PL_N6547874084,0.0,verified
P02221,ORG_W79659939,ORG_W79659939_T001,房产经纪,PL_W79659939,0.0,verified
P02222,ORG_N11582823289,ORG_N11582823289_T001,私教,PL_N11582823289,0.0,verified
P02223,ORG_UNRES_W30966659,ORG_UNRES_W30966659_T001,翻译,PL_W30966659,0.0,unresolved
P02224,ORG_UNRES_W1083376596,ORG_UNRES_W1083376596_T001,项目经理,PL_W1083376596,0.0,unresolved
P02225,ORG_UNRES_W657936300,ORG_UNRES_W657936300_T001,汽车技师,PL_W657936300,0.0,unresolved
P02226,ORG_N6433351338,ORG_N6433351338_T001,设计师,PL_W237018695,5.5,high
P02227,ORG_UNRES_W34080762,ORG_UNRES_W34080762_T001,行政专员,PL_W34080762,0.0,unresolved
P02228,ORG_W367536575,ORG_W367536575_T001,客服,PL_W367536575,0.0,verified
P02229,ORG_N9738778309,ORG_N9738778309_T001,采购经理,PL_N9738778309,0.0,verified
P02230,ORG_N12915561200,ORG_N12915561200_T001,房产经纪,PL_N12915561200,0.0,verified
P02231,ORG_UNRES_W130807014,ORG_UNRES_W130807014_T001,客户经理,PL_W130807014,0.0,unresolved
P02232,ORG_UNRES_W143657050,ORG_UNRES_W143657050_T001,自由销售,PL_W143657050,0.0,unresolved
P02233,ORG_N7570784647,ORG_N7570784647_T002,数据分析师,PL_N7570784647,0.0,verified
P02234,ORG_N9672889472,ORG_N9672889472_T001,HR经理,PL_W421084023,29.1,medium
P02235,ORG_N13976324248,ORG_N13976324248_T001,零售店员,PL_N13976324248,0.0,verified
P02236,ORG_UNRES_W661314353,ORG_UNRES_W661314353_T001,汽车技师,PL_W661314353,0.0,unresolved
P02237,ORG_W34749645,ORG_W34749645_T001,房产经纪,PL_W34749645,0.0,verified
P02238,ORG_N10977886210,ORG_N10977886210_T001,硕士研究生,PL_N10977886210,0.0,verified
P02239,ORG_W240835896,ORG_W240835896_T001,房产经纪,PL_W240835896,0.0,verified
P02240,ORG_W35020849,ORG_W35020849_T001,仓库操作员,PL_W35020849,0.0,verified
P02241,ORG_W125308706,ORG_W125308706_T001,设计师,PL_W125308707,36.8,medium
P02242,ORG_UNRES_W704993429,ORG_UNRES_W704993429_T001,私教,PL_W704993429,0.0,unresolved
P02243,ORG_N575245055,ORG_N575245055_T001,财务经理,PL_W58558546,13.5,high
P02244,ORG_W220416375,ORG_W220416375_T001,餐厅服务员,PL_W220416375,0.0,verified
P02245,ORG_W56062817,ORG_W56062817_T001,高级数据分析师,PL_W56062817,0.0,verified
P02246,ORG_N13689897483,ORG_N13689897483_T001,会计,PL_N13689897483,0.0,verified
P02247,ORG_N6415420668,ORG_N6415420668_T001,客户经理,PL_W150370474,52.6,medium
P02248,ORG_W1504227413,ORG_W1504227413_T001,本科生,PL_W1504227413,0.0,verified
P02249,ORG_W61698933,ORG_W61698933_T001,设计师,PL_W61698929,50.9,medium
P02250,ORG_W43806332,ORG_W43806332_T001,私教,PL_W43806332,0.0,verified
P02251,ORG_UNRES_W678066372,ORG_UNRES_W678066372_T001,行政专员,PL_W678066372,0.0,unresolved
P02252,ORG_W231016949,ORG_W231016949_T001,零售店员,PL_W231016949,0.0,verified
P02253,ORG_UNRES_W31451094,ORG_UNRES_W31451094_T001,私教,PL_W31451094,0.0,unresolved
P02254,ORG_UNRES_W33849252,ORG_UNRES_W33849252_T001,自媒体从业者,PL_W33849252,0.0,unresolved
P02255,ORG_N11737894264,ORG_N11737894264_T001,技术经理,PL_N11737894264,0.0,verified
P02256,ORG_N281671513,ORG_N281671513_T001,客服,PL_N281671513,0.0,verified
P02257,ORG_N585226276,ORG_N585226276_T001,财务主管,PL_W146416316,23.4,high
P02258,ORG_W23447424,ORG_W23447424_T001,本科生,PL_W23447424,0.0,verified
P02259,ORG_N13948814503,ORG_N13948814503_T001,财务专员,PL_N13948814503,0.0,verified
P02260,ORG_N7764644698,ORG_N7764644698_T001,房产经纪,PL_W61843026,7.0,high
P02261,ORG_UNRES_W32742170,ORG_UNRES_W32742170_T001,摄影师,PL_W32742170,0.0,unresolved
P02262,ORG_N6551615785,ORG_N6551615785_T001,财务经理,PL_W797144944,6.8,high
P02263,ORG_W1024399954,ORG_W1024399954_T001,本科生,PL_W1024399954,0.0,verified
P02264,ORG_UNRES_W663828398,ORG_UNRES_W663828398_T001,房产经纪,PL_W663828398,0.0,unresolved
P02265,ORG_N5448317525,ORG_N5448317525_T001,独立承包商,PL_N5448317525,0.0,verified
P02266,ORG_UNRES_W705109229,ORG_UNRES_W705109229_T001,财务主管,PL_W705109229,0.0,unresolved
P02267,ORG_N6341008989,ORG_N6341008989_T001,销售代表,PL_W288101369,36.5,medium
P02268,ORG_W61698933,ORG_W61698933_T001,销售代表,PL_W61698929,50.9,medium
P02269,ORG_UNRES_W674772093,ORG_UNRES_W674772093_T001,焊工,PL_W674772093,0.0,unresolved
P02270,ORG_W43804165,ORG_W43804165_T001,行政专员,PL_W43804165,0.0,verified
P02271,ORG_N6546361972,ORG_N6546361972_T001,高级数据分析师,PL_N6546361972,0.0,verified
P02272,ORG_W23447514,ORG_W23447514_T001,本科生,PL_W23447514,0.0,verified
P02273,ORG_N4035048589,ORG_N4035048589_T001,餐厅服务员,PL_N4035048589,0.0,verified
P02274,ORG_N3009597791,ORG_N3009597791_T001,高级软件工程师,PL_W122204305,32.3,medium
P02275,ORG_N2883876001,ORG_N2883876001_T001,软件工程师,PL_W659094364,8.3,high
P02276,ORG_N2508951424,ORG_N2508951424_T001,客户专员,PL_W115209027,11.4,high
P02277,ORG_N6386975390,ORG_N6386975390_T001,健身教练,PL_N6386975390,0.0,verified
P02278,ORG_N3739749451,ORG_N3739749451_T001,HR经理,PL_N3739749451,0.0,verified
P02279,ORG_UNRES_W671097359,ORG_UNRES_W671097359_T001,快递员,PL_W671097359,0.0,unresolved
P02280,ORG_N4331459749,ORG_N4331459749_T001,健身教练,PL_N4331459749,0.0,verified
P02281,ORG_W59433836,ORG_W59433836_T001,厨师,PL_W59433836,0.0,verified
P02282,ORG_N7805093891,ORG_N7805093891_T001,咨询顾问,PL_W126860777,5.9,high
P02283,ORG_UNRES_W32540279,ORG_UNRES_W32540279_T001,搬运工,PL_W32540279,0.0,unresolved
P02284,ORG_N400914271,ORG_N400914271_T001,理发师,PL_N400914271,0.0,verified
P02285,ORG_W61759776,ORG_W61759776_T001,本科生,PL_W61759776,0.0,verified
P02286,ORG_N13208078520,ORG_N13208078520_T001,餐厅服务员,PL_N13208078520,0.0,verified
P02287,ORG_W661193603,ORG_W661193603_T001,销售代表,PL_W661193603,0.0,verified
P02288,ORG_UNRES_W31620395,ORG_UNRES_W31620395_T001,客户经理,PL_W31620395,0.0,unresolved
P02289,ORG_N13946404588,ORG_N13946404588_T001,本科生,PL_N13946404588,0.0,verified
P02290,ORG_W23447424,ORG_W23447424_T001,硕士研究生,PL_W23447424,0.0,verified
P02291,ORG_W23447424,ORG_W23447424_T001,本科生,PL_W23447424,0.0,verified
P02292,ORG_W662727263,ORG_W662727263_T001,保安,PL_W662727263,0.0,verified
P02293,ORG_UNRES_W660807166,ORG_UNRES_W660807166_T001,设计师,PL_W660807166,0.0,unresolved
P02294,ORG_UNRES_W701997039,ORG_UNRES_W701997039_T001,房产经纪,PL_W701997039,0.0,unresolved
P02295,ORG_N6404356132,ORG_N6404356132_T001,采购专员,PL_W80798597,54.9,medium
P02296,ORG_N5721283776,ORG_N5721283776_T001,销售经理,PL_N5721283776,0.0,verified
P02297,ORG_N1348494471,ORG_N1348494471_T001,客服,PL_N1348494471,0.0,verified
P02298,ORG_N246694072,ORG_N246694072_T001,理发师,PL_N246694072,0.0,verified
P02299,ORG_W61759776,ORG_W61759776_T003,本科生,PL_W61759776,0.0,verified
P02300,ORG_W62058574,ORG_W62058574_T001,房产经纪,PL_W62058574,0.0,verified
P02301,ORG_N12914972783,ORG_N12914972783_T001,房产经纪,PL_N12914972783,0.0,verified
P02302,ORG_N7103432100,ORG_N7103432100_T001,健身教练,PL_N7103432100,0.0,verified
P02303,ORG_W234507390,ORG_W234507390_T001,维修技师,PL_W43804345,97.2,medium
P02304,ORG_N11357167498,ORG_N11357167498_T001,咖啡师,PL_N11357167498,0.0,verified
P02305,ORG_N3949374257,ORG_N3949374257_T001,销售经理,PL_W703937354,71.1,medium
P02306,ORG_UNRES_W705563021,ORG_UNRES_W705563021_T001,独立承包商,PL_W705563021,0.0,unresolved
P02307,ORG_N7571868241,ORG_N7571868241_T001,行政专员,PL_N7571868241,0.0,verified
P02308,ORG_W143654375,ORG_W143654375_T001,会计,PL_W143654375,0.0,verified
P02309,ORG_N896574893,ORG_N896574893_T001,运营专员,PL_N896574893,0.0,verified
P02310,ORG_N7165415912,ORG_N7165415912_T001,房产经纪,PL_W767435363,16.0,high
P02311,ORG_UNRES_W705507596,ORG_UNRES_W705507596_T001,电工,PL_W705507596,0.0,unresolved
P02312,ORG_N3778077742,ORG_N3778077742_T001,私教,PL_N3778077742,0.0,verified
P02313,ORG_W1418991792,ORG_W1418991792_T001,客户经理,PL_W1418991792,0.0,verified
P02314,ORG_UNRES_W66980238,ORG_UNRES_W66980238_T001,维修技师,PL_W66980238,0.0,unresolved
P02315,ORG_W659833277,ORG_W659833277_T001,维修技师,PL_W659833277,0.0,verified
P02316,ORG_N1854311801,ORG_N1854311801_T001,咨询顾问,PL_N1854311801,0.0,verified
P02317,ORG_UNRES_W387354058,ORG_UNRES_W387354058_T001,仓库操作员,PL_W387354058,0.0,unresolved
P02318,ORG_UNRES_W680474494,ORG_UNRES_W680474494_T001,快递员,PL_W680474494,0.0,unresolved
P02319,ORG_UNRES_W662766749,ORG_UNRES_W662766749_T001,电工,PL_W662766749,0.0,unresolved
P02320,ORG_W112444415,ORG_W112444415_T001,咖啡师,PL_W112444415,0.0,verified
P02321,ORG_UNRES_W661841402,ORG_UNRES_W661841402_T001,网店经营者,PL_W661841402,0.0,unresolved
P02322,ORG_W1193501688,ORG_W1193501688_T001,汽车技师,PL_W1193501687,15.5,high
P02323,ORG_UNRES_W1246201683,ORG_UNRES_W1246201683_T001,高级数据分析师,PL_W1246201683,0.0,unresolved
P02324,ORG_W60319362,ORG_W60319362_T001,客户专员,PL_W60319362,0.0,verified
P02325,ORG_W32805001,ORG_W32805001_T001,运营专员,PL_W32805001,0.0,verified
P02326,ORG_N3924709137,ORG_N3924709137_T001,厨师,PL_N3924709137,0.0,verified
P02327,ORG_UNRES_W199275912,ORG_UNRES_W199275912_T001,运营专员,PL_W199275912,0.0,unresolved
P02328,ORG_N11611487209,ORG_N11611487209_T001,财务主管,PL_W662785310,0.6,high
P02329,ORG_UNRES_W665741582,ORG_UNRES_W665741582_T001,会计,PL_W665741582,0.0,unresolved
P02330,ORG_W27778414,ORG_W27778414_T001,酒店服务人员,PL_W27778414,0.0,verified
P02331,ORG_W58796602,ORG_W58796602_T001,厨师,PL_W58796602,0.0,verified
P02332,ORG_UNRES_W34721558,ORG_UNRES_W34721558_T001,快递员,PL_W34721558,0.0,unresolved
P02333,ORG_W703666033,ORG_W703666033_T001,本科生,PL_W703666033,0.0,verified
P02334,ORG_UNRES_W1173242674,ORG_UNRES_W1173242674_T001,项目经理,PL_W1173242674,0.0,unresolved
P02335,ORG_W160173309,ORG_W160173309_T001,设计师,PL_W160173309,0.0,verified
P02336,ORG_W32462506,ORG_W32462506_T001,汽车技师,PL_W32462518,92.4,medium
P02337,ORG_N1392100147,ORG_N1392100147_T001,餐厅服务员,PL_N1392100147,0.0,verified
P02338,ORG_UNRES_W1351704061,ORG_UNRES_W1351704061_T001,财务主管,PL_W1351704061,0.0,unresolved
P02339,ORG_UNRES_W93832542,ORG_UNRES_W93832542_T001,销售代表,PL_W93832542,0.0,unresolved
P02340,ORG_W220190025,ORG_W220190025_T001,本科生,PL_W220190025,0.0,verified
P02341,ORG_UNRES_W31366012,ORG_UNRES_W31366012_T001,独立承包商,PL_W31366012,0.0,unresolved
P02342,ORG_UNRES_W30986091,ORG_UNRES_W30986091_T001,自媒体从业者,PL_W30986091,0.0,unresolved
P02343,ORG_UNRES_W705507610,ORG_UNRES_W705507610_T001,数据分析师,PL_W705507610,0.0,unresolved
P02344,ORG_W61511473,ORG_W61511473_T001,酒店服务人员,PL_W61511473,0.0,verified
P02345,ORG_W34573775,ORG_W34573775_T001,房产经纪,PL_W34573775,0.0,verified
P02346,ORG_UNRES_W662259441,ORG_UNRES_W662259441_T001,卡车司机,PL_W662259441,0.0,unresolved
P02347,ORG_W270176966,ORG_W270176966_T001,健身教练,PL_W270176966,0.0,verified
P02348,ORG_N12792004213,ORG_N12792004213_T001,客户专员,PL_W279007798,15.8,high
P02349,ORG_N6352705195,ORG_N6352705195_T001,客服,PL_N6352705195,0.0,verified
P02350,ORG_UNRES_W661568417,ORG_UNRES_W661568417_T001,翻译,PL_W661568417,0.0,unresolved
P02351,ORG_UNRES_W93811550,ORG_UNRES_W93811550_T001,安装工,PL_W93811550,0.0,unresolved
P02352,ORG_N13306870001,ORG_N13306870001_T001,理发师,PL_N13306870001,0.0,verified
P02353,ORG_N5069673822,ORG_N5069673822_T001,产品经理,PL_N5069673822,0.0,verified
P02354,ORG_UNRES_W689209041,ORG_UNRES_W689209041_T001,建筑工人,PL_W689209041,0.0,unresolved
P02355,ORG_W438026405,ORG_W438026405_T001,财务主管,PL_W438026405,0.0,verified
P02356,ORG_N6416323947,ORG_N6416323947_T001,餐厅服务员,PL_N6416323947,0.0,verified
P02357,ORG_W32773288,ORG_W32773288_T001,高级软件工程师,PL_W32773288,0.0,verified
P02358,ORG_UNRES_W33542534,ORG_UNRES_W33542534_T001,自由设计师,PL_W33542534,0.0,unresolved
P02359,ORG_W111101751,ORG_W111101751_T001,数据分析师,PL_W111101751,0.0,verified
P02360,ORG_N11298404177,ORG_N11298404177_T001,销售代表,PL_N11298404177,0.0,verified
P02361,ORG_N12692161032,ORG_N12692161032_T001,产品经理,PL_W34749535,7.0,high
P02362,ORG_UNRES_W659452094,ORG_UNRES_W659452094_T001,独立程序员,PL_W659452094,0.0,unresolved
P02363,ORG_N9777614093,ORG_N9777614093_T001,设计师,PL_N9777614093,0.0,verified
P02364,ORG_N12271842265,ORG_N12271842265_T001,高级数据分析师,PL_N12271842265,0.0,verified
P02365,ORG_UNRES_W796666554,ORG_UNRES_W796666554_T001,汽车技师,PL_W796666554,0.0,unresolved
P02366,ORG_UNRES_W659588101,ORG_UNRES_W659588101_T001,汽车技师,PL_W659588101,0.0,unresolved
P02367,ORG_W660836757,ORG_W660836757_T001,行政专员,PL_W660836757,0.0,verified
P02368,ORG_UNRES_W174675012,ORG_UNRES_W174675012_T001,焊工,PL_W174675012,0.0,unresolved
P02369,ORG_N11275718892,ORG_N11275718892_T001,销售代表,PL_W231011596,80.0,medium
P02370,ORG_W657979500,ORG_W657979500_T001,设备操作员,PL_W657979497,72.5,medium
P02371,ORG_UNRES_W61698864,ORG_UNRES_W61698864_T001,高级运营专员,PL_W61698864,0.0,unresolved
P02372,ORG_N9860246116,ORG_N9860246116_T001,高级项目经理,PL_N9860246116,0.0,verified
P02373,ORG_N6603455800,ORG_N6603455800_T001,保安,PL_N6603455801,6.9,high
P02374,ORG_N7165415912,ORG_N7165415912_T001,高级数据分析师,PL_W767435363,16.0,high
P02375,ORG_UNRES_W34690198,ORG_UNRES_W34690198_T001,快递员,PL_W34690198,0.0,unresolved
P02376,ORG_N575248145,ORG_N575248145_T001,财务专员,PL_N575248145,0.0,verified
P02377,ORG_N4331459749,ORG_N4331459749_T001,健身教练,PL_N4331459749,0.0,verified
P02378,ORG_N2457631323,ORG_N2457631323_T001,餐厅服务员,PL_N2457631323,0.0,verified
P02379,ORG_W79156807,ORG_W79156807_T001,理发师,PL_W79156807,0.0,verified
P02380,ORG_UNRES_W659572839,ORG_UNRES_W659572839_T001,建筑工人,PL_W659572839,0.0,unresolved
P02381,ORG_N5925332816,ORG_N5925332816_T001,本科生,PL_N5925332816,0.0,verified
P02382,ORG_N474968771,ORG_N474968771_T001,自由设计师,PL_W33527943,14.6,high
P02383,ORG_W31376101,ORG_W31376101_T001,区域经理,PL_W31376101,0.0,verified
P02384,ORG_N5720831421,ORG_N5720831421_T001,运营专员,PL_N5720831421,0.0,verified
P02385,ORG_N9159058105,ORG_N9159058105_T001,收银员,PL_N9159058105,0.0,verified
P02386,ORG_W505921693,ORG_W505921693_T001,硕士研究生,PL_W505921693,0.0,verified
P02387,ORG_UNRES_W659114588,ORG_UNRES_W659114588_T001,建筑工人,PL_W659114588,0.0,unresolved
P02388,ORG_W34749843,ORG_W34749843_T001,酒店前台,PL_W34749843,0.0,verified
P02389,ORG_UNRES_W804360646,ORG_UNRES_W804360646_T001,采购经理,PL_W804360646,0.0,unresolved
P02390,ORG_N7528939009,ORG_N7528939009_T001,摄影师,PL_W662809507,85.0,medium
P02391,ORG_N13095333615,ORG_N13095333615_T001,保安,PL_N13095333615,0.0,verified
P02392,ORG_W660081578,ORG_W660081578_T001,理发师,PL_W660081578,0.0,verified
P02393,ORG_UNRES_W661323891,ORG_UNRES_W661323891_T001,咨询顾问,PL_W661323891,0.0,unresolved
P02394,ORG_N10253671824,ORG_N10253671824_T001,理发师,PL_N10253671824,0.0,verified
P02395,ORG_N5264935365,ORG_N5264935365_T001,收银员,PL_N5264935365,0.0,verified
P02396,ORG_W150909173,ORG_W150909173_T001,产品经理,PL_W150909173,0.0,verified
P02397,ORG_UNRES_W669719190,ORG_UNRES_W669719190_T001,数据分析师,PL_W669719190,0.0,unresolved
P02398,ORG_UNRES_W34414634,ORG_UNRES_W34414634_T001,卡车司机,PL_W34414634,0.0,unresolved
P02399,ORG_W111661581,ORG_W111661581_T001,产品经理,PL_W111661581,0.0,verified
P02400,ORG_UNRES_W659451959,ORG_UNRES_W659451959_T001,独立承包商,PL_W659451959,0.0,unresolved
P02401,ORG_N4328463231,ORG_N4328463231_T001,财务经理,PL_N4328463231,0.0,verified
P02402,ORG_N387446825,ORG_N387446825_T001,客户专员,PL_N387446825,0.0,verified
P02403,ORG_N3488479618,ORG_N3488479618_T001,数据分析师,PL_N3488479618,0.0,verified
P02404,ORG_N2398841892,ORG_N2398841892_T001,零售店员,PL_N2398841892,0.0,verified
P02405,ORG_N1883294985,ORG_N1883294985_T001,酒店服务人员,PL_N1883294985,0.0,verified
P02406,ORG_N2138426174,ORG_N2138426174_T001,健身教练,PL_N2138426174,0.0,verified
P02407,ORG_N12091108919,ORG_N12091108919_T001,本科生,PL_N12091108919,0.0,verified
P02408,ORG_W220190025,ORG_W220190025_T001,本科生,PL_W220190025,0.0,verified
P02409,ORG_W366547307,ORG_W366547307_T001,理发师,PL_W366547307,0.0,verified
P02410,ORG_N13917983710,ORG_N13917983710_T001,自由设计师,PL_N13917983710,0.0,verified
P02411,ORG_W43805377,ORG_W43805377_T001,高级数据分析师,PL_W43805377,0.0,verified
P02412,ORG_UNRES_W670195332,ORG_UNRES_W670195332_T001,业务负责人,PL_W670195332,0.0,unresolved
P02413,ORG_N6433351338,ORG_N6433351338_T001,设计师,PL_W237018695,5.5,high
P02414,ORG_W33561118,ORG_W33561118_T001,酒店服务人员,PL_W33561118,0.0,verified
P02415,ORG_UNRES_W661650364,ORG_UNRES_W661650364_T001,销售经理,PL_W661650364,0.0,unresolved
P02416,ORG_UNRES_W663051500,ORG_UNRES_W663051500_T001,自由设计师,PL_W663051500,0.0,unresolved
P02417,ORG_N6711381748,ORG_N6711381748_T001,零售店员,PL_N6711381748,0.0,verified
P02418,ORG_N5813870320,ORG_N5813870320_T001,产品经理,PL_W670106663,88.0,medium
P02419,ORG_N6592055413,ORG_N6592055413_T001,美容师,PL_N6592055413,0.0,verified
P02420,ORG_N577453640,ORG_N577453640_T001,财务主管,PL_W55036297,66.3,medium
P02421,ORG_N577454544,ORG_N577454544_T001,高级运营专员,PL_W147496461,77.1,medium
P02422,ORG_W367536575,ORG_W367536575_T001,酒店前台,PL_W367536575,0.0,verified
P02423,ORG_UNRES_W659833237,ORG_UNRES_W659833237_T001,建筑工人,PL_W659833237,0.0,unresolved
P02424,ORG_N11663588957,ORG_N11663588957_T001,人力资源经理,PL_W943602453,33.4,medium
P02425,ORG_N13955798990,ORG_N13955798990_T001,收银员,PL_N13955798990,0.0,verified
P02426,ORG_N6711380523,ORG_N6711380523_T001,美容师,PL_N6711380523,0.0,verified
P02427,ORG_UNRES_W671011435,ORG_UNRES_W671011435_T001,仓库操作员,PL_W671011435,0.0,unresolved
P02428,ORG_W43808486,ORG_W43808486_T001,理发师,PL_W43808486,0.0,verified
P02429,ORG_N7708243589,ORG_N7708243589_T001,客服,PL_N7708243589,0.0,verified
P02430,ORG_N12312756757,ORG_N12312756757_T001,硕士研究生,PL_N12312756757,0.0,verified
P02431,ORG_W62058559,ORG_W62058559_T002,酒店服务人员,PL_W62058559,0.0,verified
P02432,ORG_N6419730380,ORG_N6419730380_T001,产品经理,PL_W953878382,54.4,medium
P02433,ORG_W62057334,ORG_W62057334_T001,客户经理,PL_W62057334,0.0,verified
P02434,ORG_N2485299500,ORG_N2485299500_T001,数据分析师,PL_W34121733,38.3,medium
P02435,ORG_UNRES_W43806171,ORG_UNRES_W43806171_T001,汽车技师,PL_W43806171,0.0,unresolved
P02436,ORG_N13765064554,ORG_N13765064554_T001,网店经营者,PL_N13765064554,0.0,verified
P02437,ORG_W32024839,ORG_W32024839_T001,自由设计师,PL_W32024839,0.0,verified
P02438,ORG_UNRES_W231982024,ORG_UNRES_W231982024_T001,汽车技师,PL_W231982024,0.0,unresolved
P02439,ORG_N13381140953,ORG_N13381140953_T001,保安,PL_N13381140953,0.0,verified
P02440,ORG_W32572548,ORG_W32572548_T001,销售经理,PL_W32572548,0.0,verified
P02441,ORG_UNRES_W34546444,ORG_UNRES_W34546444_T001,设备操作员,PL_W34546444,0.0,unresolved
P02442,ORG_W298176032,ORG_W298176032_T001,电工,PL_W953878382,75.0,medium
P02443,ORG_UNRES_W34546289,ORG_UNRES_W34546289_T001,维修技师,PL_W34546289,0.0,unresolved
P02444,ORG_W137916397,ORG_W137916397_T001,高级数据分析师,PL_W137916397,0.0,verified
P02445,ORG_UNRES_W661648853,ORG_UNRES_W661648853_T001,私教,PL_W661648853,0.0,unresolved
P02446,ORG_UNRES_W103095385,ORG_UNRES_W103095385_T001,快递员,PL_W103095385,0.0,unresolved
P02447,ORG_N2799536962,ORG_N2799536962_T001,采购专员,PL_W662253498,2.8,high
P02448,ORG_UNRES_W657936244,ORG_UNRES_W657936244_T001,快递员,PL_W657936244,0.0,unresolved
P02449,ORG_N992360568,ORG_N992360568_T001,收银员,PL_N992360568,0.0,verified
P02450,ORG_N6545684813,ORG_N6545684813_T001,设计师,PL_W32706591,78.4,medium
P02451,ORG_W34749850,ORG_W34749850_T001,厨师,PL_W34749850,0.0,verified
P02452,ORG_UNRES_W658467409,ORG_UNRES_W658467409_T001,自由销售,PL_W658467409,0.0,unresolved
P02453,ORG_UNRES_W106181672,ORG_UNRES_W106181672_T001,高级数据分析师,PL_W106181672,0.0,unresolved
P02454,ORG_N12128564062,ORG_N12128564062_T001,业务负责人,PL_N12128564062,0.0,verified
P02455,ORG_N1654356008,ORG_N1654356008_T001,销售代表,PL_N1654356008,0.0,verified
P02456,ORG_N12955164258,ORG_N12955164258_T001,客服,PL_N12955164258,0.0,verified
P02457,ORG_W661950823,ORG_W661950823_T001,财务专员,PL_W333192896,19.6,high
P02458,ORG_UNRES_W659588101,ORG_UNRES_W659588101_T001,数据分析师,PL_W659588101,0.0,unresolved
P02459,ORG_UNRES_W979189719,ORG_UNRES_W979189719_T001,高级运营专员,PL_W979189719,0.0,unresolved
P02460,ORG_N7935858885,ORG_N7935858885_T001,运营专员,PL_N7935858885,0.0,verified
P02461,ORG_N3714090730,ORG_N3714090730_T001,餐厅服务员,PL_N3714090730,0.0,verified
P02462,ORG_N13198788810,ORG_N13198788810_T001,数据分析师,PL_N13198788810,0.0,verified
P02463,ORG_N6358489624,ORG_N6358489624_T001,美容师,PL_N6358489624,0.0,verified
P02464,ORG_N7575669938,ORG_N7575669938_T001,行政专员,PL_N7575669938,0.0,verified
P02465,ORG_W537868893,ORG_W537868893_T001,会计,PL_W537868893,0.0,verified
P02466,ORG_UNRES_W420792789,ORG_UNRES_W420792789_T001,采购经理,PL_W420792789,0.0,unresolved
P02467,ORG_W69966012,ORG_W69966012_T001,销售代表,PL_W69966012,0.0,verified
P02468,ORG_UNRES_W275007753,ORG_UNRES_W275007753_T001,搬运工,PL_W275007753,0.0,unresolved
P02469,ORG_N10838177365,ORG_N10838177365_T001,采购专员,PL_W671097359,23.1,high
P02470,ORG_W339360513,ORG_W339360513_T001,收银员,PL_W339360513,0.0,verified
P02471,ORG_W62057772,ORG_W62057772_T001,行政专员,PL_W62057772,0.0,verified
P02472,ORG_N5457436822,ORG_N5457436822_T001,数据分析师,PL_N5457436822,0.0,verified
P02473,ORG_N8009441679,ORG_N8009441679_T001,采购专员,PL_N8009441679,0.0,verified
P02474,ORG_N6811531612,ORG_N6811531612_T001,产品经理,PL_N6811531612,0.0,verified
P02475,ORG_N1518532024,ORG_N1518532024_T001,硕士研究生,PL_N1518532024,0.0,verified
P02476,ORG_N763667715,ORG_N763667715_T001,财务专员,PL_N763667715,0.0,verified
P02477,ORG_W23447514,ORG_W23447514_T002,本科生,PL_W23447514,0.0,verified
P02478,ORG_N12279096288,ORG_N12279096288_T001,采购专员,PL_W951835028,22.1,high
P02479,ORG_W1042084198,ORG_W1042084198_T001,收银员,PL_W1042084198,0.0,verified
P02480,ORG_W336113000,ORG_W336113000_T001,咨询顾问,PL_W336113000,0.0,verified
P02481,ORG_UNRES_W659427555,ORG_UNRES_W659427555_T001,采购专员,PL_W659427555,0.0,unresolved
P02482,ORG_UNRES_W58924880,ORG_UNRES_W58924880_T001,房产经纪,PL_W58924880,0.0,unresolved
P02483,ORG_N12344862008,ORG_N12344862008_T001,收银员,PL_N12344862008,0.0,verified
P02484,ORG_UNRES_W117593766,ORG_UNRES_W117593766_T001,高级运营专员,PL_W117593766,0.0,unresolved
P02485,ORG_UNRES_W703436006,ORG_UNRES_W703436006_T001,采购经理,PL_W703436006,0.0,unresolved
P02486,ORG_N1125532862,ORG_N1125532862_T001,设计师,PL_W660624564,29.5,medium
P02487,ORG_W67139117,ORG_W67139117_T001,高级软件工程师,PL_W67139117,0.0,verified
P02488,ORG_N9928341855,ORG_N9928341855_T001,行政专员,PL_W170053304,80.2,medium
P02489,ORG_W161836042,ORG_W161836042_T001,快递员,PL_W62256155,43.8,medium
P02490,ORG_UNRES_W255630384,ORG_UNRES_W255630384_T001,客户专员,PL_W255630384,0.0,unresolved
P02491,ORG_N13614787408,ORG_N13614787408_T001,高级软件工程师,PL_N13614787408,0.0,verified
P02492,ORG_N8851178360,ORG_N8851178360_T001,产品经理,PL_N8851178360,0.0,verified
P02493,ORG_N5176791494,ORG_N5176791494_T001,采购专员,PL_N5176791494,0.0,verified
P02494,ORG_N12697813980,ORG_N12697813980_T001,产品经理,PL_N12697813980,0.0,verified
P02495,ORG_N11803596926,ORG_N11803596926_T001,咖啡师,PL_N11803596926,0.0,verified
P02496,ORG_UNRES_W663828868,ORG_UNRES_W663828868_T001,设计师,PL_W663828868,0.0,unresolved
P02497,ORG_N12898232996,ORG_N12898232996_T001,本科生,PL_N12898232996,0.0,verified
P02498,ORG_W31560496,ORG_W31560496_T001,运营专员,PL_W31560496,0.0,verified
P02499,ORG_W83232093,ORG_W83232093_T001,高级运营专员,PL_W83232093,0.0,verified
P02500,ORG_N2485299500,ORG_N2485299500_T001,翻译,PL_W34121733,38.3,medium
P02501,ORG_N12861648672,ORG_N12861648672_T001,独立程序员,PL_N12861648672,0.0,verified
P02502,ORG_N13953080605,ORG_N13953080605_T001,客户专员,PL_N13953080605,0.0,verified
P02503,ORG_N12322231472,ORG_N12322231472_T001,硕士研究生,PL_N12322231472,0.0,verified
P02504,ORG_N6310788379,ORG_N6310788379_T001,零售店员,PL_N6310788379,0.0,verified
P02505,ORG_N9094675802,ORG_N9094675802_T001,会计,PL_W657721259,9.4,high
P02506,ORG_N5069406422,ORG_N5069406422_T001,高级软件工程师,PL_W179222094,48.6,medium
P02507,ORG_N6373239279,ORG_N6373239279_T001,高级数据分析师,PL_N6373239279,0.0,verified
P02508,ORG_UNRES_W662100020,ORG_UNRES_W662100020_T001,客户专员,PL_W662100020,0.0,unresolved
P02509,ORG_W27767640,ORG_W27767640_T002,酒店前台,PL_W27767640,0.0,verified
P02510,ORG_W58646436,ORG_W58646436_T001,电工,PL_W58646436,0.0,verified
P02511,ORG_N8378965786,ORG_N8378965786_T001,客服,PL_N8378965786,0.0,verified
P02512,ORG_UNRES_W661251368,ORG_UNRES_W661251368_T001,配送员,PL_W661251368,0.0,unresolved
P02513,ORG_N6543821802,ORG_N6543821802_T001,美容师,PL_N6543821802,0.0,verified
P02514,ORG_W1034600126,ORG_W1034600126_T001,设计师,PL_W1034600126,0.0,verified
P02515,ORG_UNRES_W661896791,ORG_UNRES_W661896791_T001,配送员,PL_W661896791,0.0,unresolved
P02516,ORG_N2849284957,ORG_N2849284957_T001,财务主管,PL_N2849284957,0.0,verified
P02517,ORG_UNRES_W702145957,ORG_UNRES_W702145957_T001,私教,PL_W702145957,0.0,unresolved
P02518,ORG_N13973198333,ORG_N13973198333_T001,美容师,PL_N13973198333,0.0,verified
P02519,ORG_W56062733,ORG_W56062733_T001,HR经理,PL_W56062733,0.0,verified
P02520,ORG_UNRES_W34587723,ORG_UNRES_W34587723_T001,高级数据分析师,PL_W34587723,0.0,unresolved
P02521,ORG_UNRES_W181032381,ORG_UNRES_W181032381_T001,软件工程师,PL_W181032381,0.0,unresolved
P02522,ORG_W657935997,ORG_W657935997_T001,设备操作员,PL_W657935997,0.0,verified
P02523,ORG_W27767631,ORG_W27767631_T001,人力资源经理,PL_W27767631,0.0,verified
P02524,ORG_UNRES_W659605921,ORG_UNRES_W659605921_T001,客户专员,PL_W659605921,0.0,unresolved
P02525,ORG_N2876277281,ORG_N2876277281_T001,美容师,PL_N2876277281,0.0,verified
P02526,ORG_UNRES_W661471724,ORG_UNRES_W661471724_T001,维修技师,PL_W661471724,0.0,unresolved
P02527,ORG_N5906014115,ORG_N5906014115_T001,财务专员,PL_W661511461,28.0,medium
P02528,ORG_N547498239,ORG_N547498239_T001,本科生,PL_N547498239,0.0,verified
P02529,ORG_N5987043916,ORG_N5987043916_T001,咖啡师,PL_N5987043916,0.0,verified
P02530,ORG_UNRES_W170052744,ORG_UNRES_W170052744_T001,自由销售,PL_W170052744,0.0,unresolved
P02531,ORG_W56010221,ORG_W56010221_T001,健身教练,PL_W56010221,0.0,verified
P02532,ORG_UNRES_W660081848,ORG_UNRES_W660081848_T001,HR经理,PL_W660081848,0.0,unresolved
P02533,ORG_W61429677,ORG_W61429677_T002,酒店服务人员,PL_W61429677,0.0,verified
P02534,ORG_N1355709826,ORG_N1355709826_T001,软件工程师,PL_N1355709826,0.0,verified
P02535,ORG_W34121572,ORG_W34121572_T001,软件工程师,PL_W34121572,0.0,verified
P02536,ORG_W804639074,ORG_W804639074_T001,酒店服务人员,PL_W804639074,0.0,verified
P02537,ORG_N9139819377,ORG_N9139819377_T001,本科生,PL_N9139819377,0.0,verified
P02538,ORG_UNRES_W103095385,ORG_UNRES_W103095385_T001,HR经理,PL_W103095385,0.0,unresolved
P02539,ORG_UNRES_W662379977,ORG_UNRES_W662379977_T001,安装工,PL_W662379977,0.0,unresolved
P02540,ORG_UNRES_W703944412,ORG_UNRES_W703944412_T001,配送员,PL_W703944412,0.0,unresolved
P02541,ORG_UNRES_W33729470,ORG_UNRES_W33729470_T001,搬运工,PL_W33729470,0.0,unresolved
P02542,ORG_N6548220172,ORG_N6548220172_T001,房产经纪,PL_N6548220172,0.0,verified
P02543,ORG_N279426852,ORG_N279426852_T001,美容师,PL_N279426852,0.0,verified
P02544,ORG_N6314606865,ORG_N6314606865_T001,零售店员,PL_N6314606865,0.0,verified
P02545,ORG_W797150068,ORG_W797150068_T002,财务主管,PL_W797150068,0.0,verified
P02546,ORG_W1502658805,ORG_W1502658805_T001,硕士研究生,PL_W1502658805,0.0,verified
P02547,ORG_UNRES_W705649177,ORG_UNRES_W705649177_T001,财务主管,PL_W705649177,0.0,unresolved
P02548,ORG_UNRES_W34165788,ORG_UNRES_W34165788_T001,焊工,PL_W34165788,0.0,unresolved
P02549,ORG_UNRES_W556114691,ORG_UNRES_W556114691_T001,软件工程师,PL_W556114691,0.0,unresolved
P02550,ORG_W43808518,ORG_W43808518_T001,财务主管,PL_W43808518,0.0,verified
P02551,ORG_N5675864740,ORG_N5675864740_T001,人力资源经理,PL_N5675864740,0.0,verified
P02552,ORG_N13879355830,ORG_N13879355830_T001,数据分析师,PL_W77039474,7.4,high
P02553,ORG_UNRES_W659427596,ORG_UNRES_W659427596_T001,焊工,PL_W659427596,0.0,unresolved
P02554,ORG_N8550950821,ORG_N8550950821_T001,高级软件工程师,PL_W61759775,70.4,medium
P02555,ORG_W179297875,ORG_W179297875_T001,酒店服务人员,PL_W179297875,0.0,verified
P02556,ORG_N308697096,ORG_N308697096_T001,咖啡师,PL_N308697096,0.0,verified
P02557,ORG_UNRES_W661774418,ORG_UNRES_W661774418_T001,房产经纪,PL_W661774418,0.0,unresolved
P02558,ORG_W32326097,ORG_W32326097_T001,项目经理,PL_W677922579,6.9,high
P02559,ORG_N2844172259,ORG_N2844172259_T001,自媒体从业者,PL_N2844172259,0.0,verified
P02560,ORG_N13106462369,ORG_N13106462369_T001,零售店员,PL_N13106462369,0.0,verified
P02561,ORG_N5706121222,ORG_N5706121222_T001,软件工程师,PL_N5706121222,0.0,verified
P02562,ORG_N12154770140,ORG_N12154770140_T001,产品经理,PL_N12154770140,0.0,verified
P02563,ORG_W61511473,ORG_W61511473_T001,酒店前台,PL_W61511473,0.0,verified
P02564,ORG_W27767640,ORG_W27767640_T002,酒店前台,PL_W27767640,0.0,verified
P02565,ORG_N6175713505,ORG_N6175713505_T001,高级产品经理,PL_W1545155869,15.2,high
P02566,ORG_N12741073408,ORG_N12741073408_T001,项目经理,PL_W67138271,10.4,high
P02567,ORG_N13428836128,ORG_N13428836128_T001,私教,PL_N13428836128,0.0,verified
P02568,ORG_UNRES_W184227161,ORG_UNRES_W184227161_T001,配送员,PL_W184227161,0.0,unresolved
P02569,ORG_UNRES_W704594307,ORG_UNRES_W704594307_T001,HR经理,PL_W704594307,0.0,unresolved
P02570,ORG_N3485479627,ORG_N3485479627_T001,理发师,PL_N3485479627,0.0,verified
P02571,ORG_UNRES_W33582108,ORG_UNRES_W33582108_T001,卡车司机,PL_W33582108,0.0,unresolved
P02572,ORG_N3330175421,ORG_N3330175421_T001,财务专员,PL_W658301630,91.5,medium
P02573,ORG_UNRES_W660829943,ORG_UNRES_W660829943_T001,产品经理,PL_W660829943,0.0,unresolved
P02574,ORG_N2018989007,ORG_N2018989007_T001,客服,PL_N2018989007,0.0,verified
P02575,ORG_N6481876649,ORG_N6481876649_T001,财务主管,PL_N6481876649,0.0,verified
P02576,ORG_N1515959209,ORG_N1515959209_T001,硕士研究生,PL_N1515959209,0.0,verified
P02577,ORG_N2890089526,ORG_N2890089526_T001,财务专员,PL_W61011663,5.7,high
P02578,ORG_W493535925,ORG_W493535925_T001,财务专员,PL_W493535925,0.0,verified
P02579,ORG_W250908600,ORG_W250908600_T001,高级运营专员,PL_W691996415,20.2,high
P02580,ORG_UNRES_W669862621,ORG_UNRES_W669862621_T001,技术经理,PL_W669862621,0.0,unresolved
P02581,ORG_W31620421,ORG_W31620421_T001,设计师,PL_W31620421,0.0,verified
P02582,ORG_UNRES_W31373083,ORG_UNRES_W31373083_T001,网店经营者,PL_W31373083,0.0,unresolved
P02583,ORG_N7557291258,ORG_N7557291258_T001,厨师,PL_N7557291258,0.0,verified
P02584,ORG_UNRES_W56064224,ORG_UNRES_W56064224_T001,设备操作员,PL_W56064224,0.0,unresolved
P02585,ORG_W1504227412,ORG_W1504227412_T001,硕士研究生,PL_W1504227412,0.0,verified
P02586,ORG_N5262447517,ORG_N5262447517_T001,零售店员,PL_N5262447517,0.0,verified
P02587,ORG_W23447424,ORG_W23447424_T003,硕士研究生,PL_W23447424,0.0,verified
P02588,ORG_W35798735,ORG_W35798735_T001,酒店服务人员,PL_W35798735,0.0,verified
P02589,ORG_UNRES_W704229392,ORG_UNRES_W704229392_T001,翻译,PL_W704229392,0.0,unresolved
P02590,ORG_W32540329,ORG_W32540329_T001,HR经理,PL_W32540329,0.0,verified
P02591,ORG_W59244475,ORG_W59244475_T001,设计师,PL_W59244459,49.4,medium
P02592,ORG_UNRES_W705011706,ORG_UNRES_W705011706_T001,网店经营者,PL_W705011706,0.0,unresolved
P02593,ORG_UNRES_W661568879,ORG_UNRES_W661568879_T001,私教,PL_W661568879,0.0,unresolved
P02594,ORG_N13879320058,ORG_N13879320058_T001,本科生,PL_N13879320058,0.0,verified
P02595,ORG_W61014137,ORG_W61014137_T002,酒店前台,PL_W61014137,0.0,verified
P02596,ORG_N6358218806,ORG_N6358218806_T001,咖啡师,PL_N6358218806,0.0,verified
P02597,ORG_UNRES_W60482844,ORG_UNRES_W60482844_T001,高级数据分析师,PL_W60482844,0.0,unresolved
P02598,ORG_W1374875812,ORG_W1374875812_T001,产品经理,PL_W105516615,72.1,medium
P02599,ORG_UNRES_W34176233,ORG_UNRES_W34176233_T001,配送员,PL_W34176233,0.0,unresolved
P02600,ORG_N13374897386,ORG_N13374897386_T001,健身教练,PL_N13374897386,0.0,verified
P02601,ORG_W56433525,ORG_W56433525_T001,酒店服务人员,PL_W56433525,0.0,verified
P02602,ORG_N13670266862,ORG_N13670266862_T001,本科生,PL_N13670266862,0.0,verified
P02603,ORG_N5016401643,ORG_N5016401643_T001,美容师,PL_N5016411587,39.2,medium
P02604,ORG_N13187015990,ORG_N13187015990_T001,保安,PL_N13187015990,0.0,verified
P02605,ORG_N335831142,ORG_N335831142_T001,美容师,PL_N335831142,0.0,verified
P02606,ORG_N14077049219,ORG_N14077049219_T001,厨师,PL_N14077049219,0.0,verified
P02607,ORG_N2883876001,ORG_N2883876001_T001,项目经理,PL_W659094350,35.3,medium
P02608,ORG_W27767635,ORG_W27767635_T001,运营专员,PL_W27767635,0.0,verified
P02609,ORG_UNRES_W31620037,ORG_UNRES_W31620037_T001,采购经理,PL_W31620037,0.0,unresolved
P02610,ORG_UNRES_W32326391,ORG_UNRES_W32326391_T001,独立程序员,PL_W32326391,0.0,unresolved
P02611,ORG_W697173971,ORG_W697173971_T001,收银员,PL_W697173971,0.0,verified
P02612,ORG_N13932534615,ORG_N13932534615_T001,硕士研究生,PL_N13932534615,0.0,verified
P02613,ORG_N11091336111,ORG_N11091336111_T001,硕士研究生,PL_N11091336111,0.0,verified
P02614,ORG_UNRES_W1315961630,ORG_UNRES_W1315961630_T001,焊工,PL_W1315961630,0.0,unresolved
P02615,ORG_W31926889,ORG_W31926889_T001,高级数据分析师,PL_W31926889,0.0,verified
P02616,ORG_N6873273229,ORG_N6873273229_T001,高级数据分析师,PL_N6873273229,0.0,verified
P02617,ORG_N14052472767,ORG_N14052472767_T001,HR经理,PL_W658233514,99.9,medium
P02618,ORG_N12159951206,ORG_N12159951206_T001,餐厅服务员,PL_N12159951206,0.0,verified
P02619,ORG_N13537314229,ORG_N13537314229_T001,保安,PL_N13537314229,0.0,verified
P02620,ORG_N6334218973,ORG_N6334218973_T001,零售店员,PL_N6334218973,0.0,verified
P02621,ORG_UNRES_W93811567,ORG_UNRES_W93811567_T001,焊工,PL_W93811567,0.0,unresolved
P02622,ORG_N6365262300,ORG_N6365262300_T001,美容师,PL_N6365262300,0.0,verified
P02623,ORG_UNRES_W661951760,ORG_UNRES_W661951760_T001,建筑工人,PL_W661951760,0.0,unresolved
P02624,ORG_W27767625,ORG_W27767625_T001,运营专员,PL_W27767625,0.0,verified
P02625,ORG_W122205423,ORG_W122205423_T002,高级运营专员,PL_W122205423,0.0,verified
P02626,ORG_W32805251,ORG_W32805251_T001,销售代表,PL_W32805251,0.0,verified
P02627,ORG_W663827160,ORG_W663827160_T001,采购经理,PL_W663827169,74.4,medium
P02628,ORG_N13691299349,ORG_N13691299349_T001,销售代表,PL_N13691299349,0.0,verified
P02629,ORG_N7751944171,ORG_N7751944171_T001,咖啡师,PL_N7751944171,0.0,verified
P02630,ORG_W1504222043,ORG_W1504222043_T001,本科生,PL_W1504222043,0.0,verified
P02631,ORG_W32742071,ORG_W32742071_T001,数据分析师,PL_W32742071,0.0,verified
P02632,ORG_W43804724,ORG_W43804724_T001,项目经理,PL_W43804724,0.0,verified
P02633,ORG_W34166047,ORG_W34166047_T001,建筑工人,PL_W34166047,0.0,verified
P02634,ORG_UNRES_W661314414,ORG_UNRES_W661314414_T001,仓库操作员,PL_W661314414,0.0,unresolved
P02635,ORG_W69966012,ORG_W69966012_T001,财务专员,PL_W69966012,0.0,verified
P02636,ORG_UNRES_W273616578,ORG_UNRES_W273616578_T001,产品经理,PL_W273616578,0.0,unresolved
P02637,ORG_N11582739982,ORG_N11582739982_T001,美容师,PL_N11582739982,0.0,verified
P02638,ORG_N13951193830,ORG_N13951193830_T001,摄影师,PL_W106201344,5.9,high
P02639,ORG_UNRES_W660584984,ORG_UNRES_W660584984_T001,摄影师,PL_W660584984,0.0,unresolved
P02640,ORG_UNRES_W67132136,ORG_UNRES_W67132136_T001,客户专员,PL_W67132136,0.0,unresolved
P02641,ORG_UNRES_W663828899,ORG_UNRES_W663828899_T001,财务主管,PL_W663828899,0.0,unresolved
P02642,ORG_N12830420847,ORG_N12830420847_T001,咖啡师,PL_N12830420847,0.0,verified
P02643,ORG_N1268641370,ORG_N1268641370_T001,美容师,PL_N1268641370,0.0,verified
P02644,ORG_W312995921,ORG_W312995921_T001,建筑工人,PL_W187859275,57.7,medium
P02645,ORG_UNRES_W461483024,ORG_UNRES_W461483024_T001,客户专员,PL_W461483024,0.0,unresolved
P02646,ORG_N682232893,ORG_N682232893_T001,收银员,PL_N682232893,0.0,verified
P02647,ORG_W663827867,ORG_W663827867_T001,财务专员,PL_W274569751,74.8,medium
P02648,ORG_N2398945285,ORG_N2398945285_T001,客服,PL_N2398945285,0.0,verified
P02649,ORG_W23447514,ORG_W23447514_T001,硕士研究生,PL_W23447514,0.0,verified
P02650,ORG_N5058550322,ORG_N5058550322_T001,厨师,PL_N5058550322,0.0,verified
P02651,ORG_N4015549356,ORG_N4015549356_T001,餐厅服务员,PL_N4015549356,0.0,verified
P02652,ORG_W58567743,ORG_W58567743_T001,安装工,PL_W657979508,67.6,medium
P02653,ORG_UNRES_W692017153,ORG_UNRES_W692017153_T001,快递员,PL_W692017153,0.0,unresolved
P02654,ORG_W1504227413,ORG_W1504227413_T001,本科生,PL_W1504227413,0.0,verified
P02655,ORG_UNRES_W943602453,ORG_UNRES_W943602453_T001,安装工,PL_W943602453,0.0,unresolved
P02656,ORG_UNRES_W703776807,ORG_UNRES_W703776807_T001,行政专员,PL_W703776807,0.0,unresolved
P02657,ORG_N13921355619,ORG_N13921355619_T001,高级软件工程师,PL_N13921355619,0.0,verified
P02658,ORG_UNRES_W43806144,ORG_UNRES_W43806144_T001,搬运工,PL_W43806144,0.0,unresolved
P02659,ORG_N13107676346,ORG_N13107676346_T001,保安,PL_N13107676346,0.0,verified
P02660,ORG_N6433351338,ORG_N6433351338_T001,数据分析师,PL_W237018695,5.5,high
P02661,ORG_N2704939079,ORG_N2704939079_T001,咨询顾问,PL_W33527943,4.3,high
P02662,ORG_N10087958867,ORG_N10087958867_T001,自由设计师,PL_N10087958867,0.0,verified
P02663,ORG_W160173309,ORG_W160173309_T001,采购经理,PL_W160173309,0.0,verified
P02664,ORG_N11005867398,ORG_N11005867398_T001,保安,PL_N11005867398,0.0,verified
P02665,ORG_N3098491468,ORG_N3098491468_T001,客户专员,PL_W305249558,19.6,high
P02666,ORG_W150494721,ORG_W150494721_T001,产品经理,PL_W150494721,0.0,verified
P02667,ORG_N2132778188,ORG_N2132778188_T001,客服,PL_N2132778188,0.0,verified
P02668,ORG_W97180148,ORG_W97180148_T001,酒店前台,PL_W97180148,0.0,verified
P02669,ORG_UNRES_W704945373,ORG_UNRES_W704945373_T001,咨询顾问,PL_W704945373,0.0,unresolved
P02670,ORG_N5037595548,ORG_N5037595548_T001,采购经理,PL_N5037595548,0.0,verified
P02671,ORG_W55896876,ORG_W55896876_T002,酒店服务人员,PL_W55896876,0.0,verified
P02672,ORG_W231773826,ORG_W231773826_T001,酒店服务人员,PL_W231773826,0.0,verified
P02673,ORG_N2511713490,ORG_N2511713490_T001,厨师,PL_N2511713490,0.0,verified
P02674,ORG_W58849210,ORG_W58849210_T001,高级运营专员,PL_W58849210,0.0,verified
P02675,ORG_W61429677,ORG_W61429677_T002,酒店服务人员,PL_W61429677,0.0,verified
P02676,ORG_N11115201179,ORG_N11115201179_T001,本科生,PL_N11115201179,0.0,verified
P02677,ORG_W1374875812,ORG_W1374875812_T001,会计,PL_W105516615,72.1,medium
P02678,ORG_UNRES_W705222396,ORG_UNRES_W705222396_T001,自由销售,PL_W705222396,0.0,unresolved
P02679,ORG_UNRES_W31778884,ORG_UNRES_W31778884_T001,销售代表,PL_W31778884,0.0,unresolved
P02680,ORG_N2158052267,ORG_N2158052267_T001,高级数据分析师,PL_N2158052267,0.0,verified
P02681,ORG_N12623084524,ORG_N12623084524_T001,本科生,PL_N12623084524,0.0,verified
P02682,ORG_UNRES_W661774573,ORG_UNRES_W661774573_T001,卡车司机,PL_W661774573,0.0,unresolved
P02683,ORG_UNRES_W43804755,ORG_UNRES_W43804755_T001,自媒体从业者,PL_W43804755,0.0,unresolved
P02684,ORG_UNRES_W159218218,ORG_UNRES_W159218218_T001,建筑工人,PL_W159218218,0.0,unresolved
P02685,ORG_W1163968779,ORG_W1163968779_T001,私教,PL_W1163968779,0.0,verified
P02686,ORG_N9362272014,ORG_N9362272014_T001,房产经纪,PL_W669623915,4.3,high
P02687,ORG_N618405625,ORG_N618405625_T001,运营专员,PL_W33542526,60.4,medium
P02688,ORG_N6386975405,ORG_N6386975405_T001,理发师,PL_N6386975405,0.0,verified
P02689,ORG_W797150068,ORG_W797150068_T002,采购经理,PL_W797150010,11.1,high
P02690,ORG_UNRES_W32667517,ORG_UNRES_W32667517_T001,翻译,PL_W32667517,0.0,unresolved
P02691,ORG_N618405625,ORG_N618405625_T001,HR经理,PL_W660358183,30.1,medium
P02692,ORG_W31366345,ORG_W31366345_T001,高级软件工程师,PL_W31366345,0.0,verified
P02693,ORG_UNRES_W58560214,ORG_UNRES_W58560214_T001,会计,PL_W58560214,0.0,unresolved
P02694,ORG_N9376637799,ORG_N9376637799_T001,本科生,PL_N9376637799,0.0,verified
P02695,ORG_UNRES_W903220543,ORG_UNRES_W903220543_T001,自由销售,PL_W903220543,0.0,unresolved
P02696,ORG_W77739672,ORG_W77739672_T001,酒店前台,PL_W77739672,0.0,verified
P02697,ORG_UNRES_W659606605,ORG_UNRES_W659606605_T001,快递员,PL_W659606605,0.0,unresolved
P02698,ORG_W163716331,ORG_W163716331_T001,业务负责人,PL_W66969840,57.4,medium
P02699,ORG_W702116989,ORG_W702116989_T001,高级软件工程师,PL_W702116989,0.0,verified
P02700,ORG_UNRES_W659244930,ORG_UNRES_W659244930_T001,独立承包商,PL_W659244930,0.0,unresolved
P02701,ORG_W97180148,ORG_W97180148_T001,酒店前台,PL_W97180148,0.0,verified
P02702,ORG_UNRES_W660603438,ORG_UNRES_W660603438_T001,自媒体从业者,PL_W660603438,0.0,unresolved
P02703,ORG_W660836274,ORG_W660836274_T001,运营专员,PL_W660836274,0.0,verified
P02704,ORG_W44076451,ORG_W44076451_T001,酒店前台,PL_W44076451,0.0,verified
P02705,ORG_N4957538454,ORG_N4957538454_T001,硕士研究生,PL_N4957538454,0.0,verified
P02706,ORG_N7745283680,ORG_N7745283680_T001,产品经理,PL_N7745283680,0.0,verified
P02707,ORG_UNRES_W1098900364,ORG_UNRES_W1098900364_T001,会计,PL_W1098900364,0.0,unresolved
P02708,ORG_N7916591460,ORG_N7916591460_T001,高级软件工程师,PL_W660620516,45.7,medium
P02709,ORG_N13284208468,ORG_N13284208468_T001,高级软件工程师,PL_N13284208468,0.0,verified
P02710,ORG_N6762402711,ORG_N6762402711_T001,保安,PL_N6762402711,0.0,verified
P02711,ORG_UNRES_W461483955,ORG_UNRES_W461483955_T001,高级软件工程师,PL_W461483955,0.0,unresolved
P02712,ORG_W59036010,ORG_W59036010_T001,销售经理,PL_W59036010,0.0,verified
P02713,ORG_UNRES_W702145965,ORG_UNRES_W702145965_T001,客户专员,PL_W702145965,0.0,unresolved
P02714,ORG_W33471348,ORG_W33471348_T001,会计,PL_W33471348,0.0,verified
P02715,ORG_N6309928577,ORG_N6309928577_T001,客户专员,PL_W658018658,22.7,high
P02716,ORG_W113438134,ORG_W113438134_T001,房产经纪,PL_W113438126,24.3,high
P02717,ORG_W702116989,ORG_W702116989_T001,行政专员,PL_W702116989,0.0,verified
P02718,ORG_N7255845244,ORG_N7255845244_T001,产品经理,PL_W301418957,48.0,medium
P02719,ORG_N12037724699,ORG_N12037724699_T001,财务主管,PL_N12037724699,0.0,verified
P02720,ORG_UNRES_W661291872,ORG_UNRES_W661291872_T001,快递员,PL_W661291872,0.0,unresolved
P02721,ORG_N966850310,ORG_N966850310_T001,健身教练,PL_N966850310,0.0,verified
P02722,ORG_UNRES_W660836586,ORG_UNRES_W660836586_T001,房产经纪,PL_W660836586,0.0,unresolved
P02723,ORG_N5443636923,ORG_N5443636923_T001,设计师,PL_W663827189,82.1,medium
P02724,ORG_N7551808700,ORG_N7551808700_T001,理发师,PL_N7551808696,54.7,medium
P02725,ORG_W28025961,ORG_W28025961_T001,采购经理,PL_W28025961,0.0,verified
P02726,ORG_N13879355830,ORG_N13879355830_T001,软件工程师,PL_N13879355830,0.0,verified
P02727,ORG_W27767625,ORG_W27767625_T001,独立程序员,PL_W27767625,0.0,verified
P02728,ORG_N2143160791,ORG_N2143160791_T001,理发师,PL_N2143160791,0.0,verified
P02729,ORG_W61759776,ORG_W61759776_T003,本科生,PL_W61759776,0.0,verified
P02730,ORG_W660836754,ORG_W660836754_T001,项目经理,PL_W660836754,0.0,verified
P02731,ORG_N3159506029,ORG_N3159506029_T001,咖啡师,PL_N3159506029,0.0,verified
P02732,ORG_W34582314,ORG_W34582314_T001,高级运营专员,PL_W34582314,0.0,verified
P02733,ORG_UNRES_W659239700,ORG_UNRES_W659239700_T001,咨询顾问,PL_W659239700,0.0,unresolved
P02734,ORG_N4301059282,ORG_N4301059282_T001,健身教练,PL_N4301059282,0.0,verified
P02735,ORG_N6567866466,ORG_N6567866466_T001,厨师,PL_N6567866466,0.0,verified
P02736,ORG_W335886375,ORG_W335886375_T001,客户经理,PL_W335886375,0.0,verified
P02737,ORG_UNRES_N7581338750,ORG_UNRES_N7581338750_T001,高级软件工程师,PL_N7581338750,0.0,unresolved
P02738,ORG_UNRES_W34587723,ORG_UNRES_W34587723_T001,项目经理,PL_W34587723,0.0,unresolved
P02739,ORG_N9214880503,ORG_N9214880503_T001,财务专员,PL_N9214880503,0.0,verified
P02740,ORG_N13025831401,ORG_N13025831401_T001,美容师,PL_N13025831401,0.0,verified
P02741,ORG_UNRES_W705121022,ORG_UNRES_W705121022_T001,设计师,PL_W705121022,0.0,unresolved
P02742,ORG_UNRES_W659427973,ORG_UNRES_W659427973_T001,客户专员,PL_W659427973,0.0,unresolved
P02743,ORG_N12537548075,ORG_N12537548075_T001,硕士研究生,PL_N12537548075,0.0,verified
P02744,ORG_N13879320058,ORG_N13879320058_T001,本科生,PL_N13879320058,0.0,verified
P02745,ORG_W58646801,ORG_W58646801_T001,电工,PL_W58646805,102.1,medium
P02746,ORG_UNRES_W661898672,ORG_UNRES_W661898672_T001,销售经理,PL_W661898672,0.0,unresolved
P02747,ORG_N13667122343,ORG_N13667122343_T001,销售经理,PL_W57053333,39.8,medium
P02748,ORG_W687869316,ORG_W687869316_T001,高级软件工程师,PL_W206771722,40.2,medium
P02749,ORG_N5120625024,ORG_N5120625024_T001,餐厅服务员,PL_N5120625024,0.0,verified
P02750,ORG_N6363116945,ORG_N6363116945_T001,财务专员,PL_W659629198,16.4,high
P02751,ORG_N12271842265,ORG_N12271842265_T001,软件工程师,PL_N12271842265,0.0,verified
P02752,ORG_UNRES_W34749533,ORG_UNRES_W34749533_T001,销售代表,PL_W34749533,0.0,unresolved
P02753,ORG_W24985307,ORG_W24985307_T001,客服,PL_W24985307,0.0,verified
P02754,ORG_W43805442,ORG_W43805442_T001,零售店员,PL_W43805442,0.0,verified
P02755,ORG_UNRES_W34582249,ORG_UNRES_W34582249_T001,高级软件工程师,PL_W34582249,0.0,unresolved
P02756,ORG_UNRES_W658961495,ORG_UNRES_W658961495_T001,销售代表,PL_W658961495,0.0,unresolved
P02757,ORG_W60330199,ORG_W60330199_T001,设备操作员,PL_W60330204,50.4,medium
P02758,ORG_UNRES_W34484466,ORG_UNRES_W34484466_T001,卡车司机,PL_W34484466,0.0,unresolved
P02759,ORG_W141284992,ORG_W141284992_T001,客户专员,PL_W141284992,0.0,verified
P02760,ORG_W34582267,ORG_W34582267_T001,行政专员,PL_W34582267,0.0,verified
P02761,ORG_W56062712,ORG_W56062712_T001,高级运营专员,PL_W56062712,0.0,verified
P02762,ORG_UNRES_W659448036,ORG_UNRES_W659448036_T001,独立程序员,PL_W659448036,0.0,unresolved
P02763,ORG_N13953218678,ORG_N13953218678_T001,数据分析师,PL_N13953218678,0.0,verified
P02764,ORG_N10977886210,ORG_N10977886210_T001,本科生,PL_N10977886210,0.0,verified
P02765,ORG_UNRES_W34582301,ORG_UNRES_W34582301_T001,销售经理,PL_W34582301,0.0,unresolved
P02766,ORG_UNRES_W661334779,ORG_UNRES_W661334779_T001,安装工,PL_W661334779,0.0,unresolved
P02767,ORG_N768966147,ORG_N768966147_T001,独立承包商,PL_W61698932,3.9,high
P02768,ORG_UNRES_W662098432,ORG_UNRES_W662098432_T001,焊工,PL_W662098432,0.0,unresolved
P02769,ORG_N13889944378,ORG_N13889944378_T001,采购专员,PL_W236148180,83.8,medium
P02770,ORG_UNRES_W676042518,ORG_UNRES_W676042518_T001,安装工,PL_W676042518,0.0,unresolved
P02771,ORG_N3718604188,ORG_N3718604188_T001,餐厅服务员,PL_N3718604188,0.0,verified
P02772,ORG_N12915561200,ORG_N12915561200_T001,数据分析师,PL_N12915561200,0.0,verified
P02773,ORG_N9579423484,ORG_N9579423484_T001,美容师,PL_N9579423484,0.0,verified
P02774,ORG_UNRES_W89185222,ORG_UNRES_W89185222_T001,翻译,PL_W89185222,0.0,unresolved
P02775,ORG_UNRES_W43804173,ORG_UNRES_W43804173_T001,运营专员,PL_W43804173,0.0,unresolved
P02776,ORG_W59574734,ORG_W59574734_T001,HR经理,PL_W1256755741,69.3,medium
P02777,ORG_N10937950338,ORG_N10937950338_T001,美容师,PL_N10937950338,0.0,verified
P02778,ORG_W31758753,ORG_W31758753_T001,网店经营者,PL_W31758753,0.0,verified
P02779,ORG_N391086244,ORG_N391086244_T001,自由销售,PL_N391086244,0.0,verified
P02780,ORG_N13294458791,ORG_N13294458791_T001,HR经理,PL_N13294458791,0.0,verified
P02781,ORG_W663827160,ORG_W663827160_T001,产品经理,PL_W1099743736,5.1,high
P02782,ORG_N6323908392,ORG_N6323908392_T001,行政专员,PL_W129729325,17.2,high
P02783,ORG_N383448328,ORG_N383448328_T001,健身教练,PL_N383448328,0.0,verified
P02784,ORG_N6495425603,ORG_N6495425603_T001,零售店员,PL_N6495425603,0.0,verified
P02785,ORG_N2153426065,ORG_N2153426065_T001,数据分析师,PL_W179653213,9.9,high
P02786,ORG_N6359447137,ORG_N6359447137_T001,高级软件工程师,PL_W659629256,41.2,medium
P02787,ORG_UNRES_W661345981,ORG_UNRES_W661345981_T001,翻译,PL_W661345981,0.0,unresolved
P02788,ORG_N6711360535,ORG_N6711360535_T001,理发师,PL_N6711360535,0.0,verified
P02789,ORG_UNRES_W420799756,ORG_UNRES_W420799756_T001,维修技师,PL_W420799756,0.0,unresolved
P02790,ORG_W659632922,ORG_W659632922_T001,软件工程师,PL_W659632923,18.4,high
P02791,ORG_W659340291,ORG_W659340291_T001,独立承包商,PL_W659340291,0.0,verified
P02792,ORG_W505921693,ORG_W505921693_T001,硕士研究生,PL_W505921693,0.0,verified
P02793,ORG_N5445754336,ORG_N5445754336_T001,数据分析师,PL_W679142315,8.0,high
P02794,ORG_UNRES_W1355990387,ORG_UNRES_W1355990387_T001,区域经理,PL_W1355990387,0.0,unresolved
P02795,ORG_N11737943906,ORG_N11737943906_T001,设计师,PL_N11737943906,0.0,verified
P02796,ORG_UNRES_W659587227,ORG_UNRES_W659587227_T001,焊工,PL_W659587227,0.0,unresolved
P02797,ORG_N14052472767,ORG_N14052472767_T001,客户专员,PL_W658233514,99.9,medium
P02798,ORG_N13879320058,ORG_N13879320058_T001,硕士研究生,PL_N13879320058,0.0,verified
P02799,ORG_N10220344612,ORG_N10220344612_T001,采购专员,PL_N10220344612,0.0,verified
P02800,ORG_N8832604496,ORG_N8832604496_T001,本科生,PL_N8832604496,0.0,verified
P02801,ORG_UNRES_W34204166,ORG_UNRES_W34204166_T001,设备操作员,PL_W34204166,0.0,unresolved
P02802,ORG_UNRES_W936914988,ORG_UNRES_W936914988_T001,汽车技师,PL_W936914988,0.0,unresolved
P02803,ORG_UNRES_W659581422,ORG_UNRES_W659581422_T001,项目经理,PL_W659581422,0.0,unresolved
P02804,ORG_N1518532024,ORG_N1518532024_T001,博士研究生,PL_N1518532024,0.0,verified
P02805,ORG_N6534515475,ORG_N6534515475_T001,客服,PL_N6534515475,0.0,verified
P02806,ORG_W58727901,ORG_W58727901_T001,高级产品经理,PL_W58727901,0.0,verified
P02807,ORG_N9376637799,ORG_N9376637799_T001,本科生,PL_N9376637799,0.0,verified
P02808,ORG_W23447424,ORG_W23447424_T001,本科生,PL_W23447424,0.0,verified
P02809,ORG_N12271842265,ORG_N12271842265_T001,销售经理,PL_W1316550314,51.0,medium
P02810,ORG_W231977751,ORG_W231977751_T001,销售经理,PL_W231977751,0.0,verified
P02811,ORG_N13747103587,ORG_N13747103587_T001,健身教练,PL_N13747103587,0.0,verified
P02812,ORG_W34749848,ORG_W34749848_T001,酒店前台,PL_W34749848,0.0,verified
P02813,ORG_N13472674762,ORG_N13472674762_T001,软件工程师,PL_N13472674762,0.0,verified
P02814,ORG_N13689374961,ORG_N13689374961_T001,独立程序员,PL_N13689374961,0.0,verified
P02815,ORG_UNRES_W661541443,ORG_UNRES_W661541443_T001,行政专员,PL_W661541443,0.0,unresolved
P02816,ORG_N2884419126,ORG_N2884419126_T001,本科生,PL_N2884419126,0.0,verified
P02817,ORG_UNRES_W60330189,ORG_UNRES_W60330189_T001,设备操作员,PL_W60330189,0.0,unresolved
P02818,ORG_UNRES_W461483024,ORG_UNRES_W461483024_T001,房产经纪,PL_W461483024,0.0,unresolved
P02819,ORG_W503049587,ORG_W503049587_T001,软件工程师,PL_W503049587,0.0,verified
P02820,ORG_N3009597791,ORG_N3009597791_T001,财务经理,PL_W122204305,32.3,medium
P02821,ORG_W61759777,ORG_W61759777_T001,客户专员,PL_W60304156,49.9,medium
P02822,ORG_UNRES_W43805884,ORG_UNRES_W43805884_T001,搬运工,PL_W43805884,0.0,unresolved
P02823,ORG_UNRES_W702142777,ORG_UNRES_W702142777_T001,数据分析师,PL_W702142777,0.0,unresolved
P02824,ORG_UNRES_W55946881,ORG_UNRES_W55946881_T001,快递员,PL_W55946881,0.0,unresolved
P02825,ORG_W149982971,ORG_W149982971_T001,独立承包商,PL_W149982971,0.0,verified
P02826,ORG_UNRES_W66979786,ORG_UNRES_W66979786_T001,电工,PL_W66979786,0.0,unresolved
P02827,ORG_UNRES_W34554802,ORG_UNRES_W34554802_T001,数据分析师,PL_W34554802,0.0,unresolved
P02828,ORG_N10820389158,ORG_N10820389158_T001,HR经理,PL_N10820389158,0.0,verified
P02829,ORG_N12691612463,ORG_N12691612463_T001,客服,PL_N12691612463,0.0,verified
P02830,ORG_N10043714525,ORG_N10043714525_T001,运营专员,PL_W531735882,15.9,high
P02831,ORG_W79659370,ORG_W79659370_T001,客户经理,PL_W79659370,0.0,verified
P02832,ORG_UNRES_W129709522,ORG_UNRES_W129709522_T001,搬运工,PL_W129709522,0.0,unresolved
P02833,ORG_UNRES_W705170957,ORG_UNRES_W705170957_T001,配送员,PL_W705170957,0.0,unresolved
P02834,ORG_UNRES_W58559253,ORG_UNRES_W58559253_T001,会计,PL_W58559253,0.0,unresolved
P02835,ORG_N6545586941,ORG_N6545586941_T001,厨师,PL_N6545586941,0.0,verified
P02836,ORG_N6363116942,ORG_N6363116942_T001,理发师,PL_N6363116942,0.0,verified
P02837,ORG_UNRES_W336433622,ORG_UNRES_W336433622_T001,数据分析师,PL_W336433622,0.0,unresolved
P02838,ORG_N8518341424,ORG_N8518341424_T001,餐厅服务员,PL_N8518341424,0.0,verified
P02839,ORG_W804454883,ORG_W804454883_T001,会计,PL_W60609247,95.8,medium
P02840,ORG_N13614787408,ORG_N13614787408_T001,运营经理,PL_N13614787408,0.0,verified
P02841,ORG_W466948368,ORG_W466948368_T001,网店经营者,PL_W466948368,0.0,verified
P02842,ORG_N6548307620,ORG_N6548307620_T001,行政专员,PL_N6548307620,0.0,verified
P02843,ORG_UNRES_W680620615,ORG_UNRES_W680620615_T001,行政专员,PL_W680620615,0.0,unresolved
P02844,ORG_W33561118,ORG_W33561118_T001,保安,PL_W33561118,0.0,verified
P02845,ORG_UNRES_W660934776,ORG_UNRES_W660934776_T001,维修技师,PL_W660934776,0.0,unresolved
P02846,ORG_N12996545664,ORG_N12996545664_T001,收银员,PL_N12996545664,0.0,verified
P02847,ORG_UNRES_W56434740,ORG_UNRES_W56434740_T001,房产经纪,PL_W56434740,0.0,unresolved
P02848,ORG_UNRES_W93811454,ORG_UNRES_W93811454_T001,建筑工人,PL_W93811454,0.0,unresolved
P02849,ORG_UNRES_W59244425,ORG_UNRES_W59244425_T001,卡车司机,PL_W59244425,0.0,unresolved
P02850,ORG_UNRES_W1334905979,ORG_UNRES_W1334905979_T001,独立程序员,PL_W1334905979,0.0,unresolved
P02851,ORG_W32715133,ORG_W32715133_T001,运营专员,PL_W32715133,0.0,verified
P02852,ORG_N13859079055,ORG_N13859079055_T001,健身教练,PL_N13859079055,0.0,verified
P02853,ORG_UNRES_W703598070,ORG_UNRES_W703598070_T001,配送员,PL_W703598070,0.0,unresolved
P02854,ORG_N3949374257,ORG_N3949374257_T001,销售代表,PL_W31620092,5.2,high
P02855,ORG_W7969162,ORG_W7969162_T001,财务专员,PL_W7969162,0.0,verified
P02856,ORG_UNRES_W34414597,ORG_UNRES_W34414597_T001,搬运工,PL_W34414597,0.0,unresolved
P02857,ORG_UNRES_W659340778,ORG_UNRES_W659340778_T001,摄影师,PL_W659340778,0.0,unresolved
P02858,ORG_W58867143,ORG_W58867143_T001,酒店服务人员,PL_W58867143,0.0,verified
P02859,ORG_UNRES_W307652746,ORG_UNRES_W307652746_T001,数据分析师,PL_W307652746,0.0,unresolved
P02860,ORG_UNRES_W59146408,ORG_UNRES_W59146408_T001,行政专员,PL_W59146408,0.0,unresolved
P02861,ORG_N11270397153,ORG_N11270397153_T001,健身教练,PL_N11270397153,0.0,verified
P02862,ORG_UNRES_W43806170,ORG_UNRES_W43806170_T001,设备操作员,PL_W43806170,0.0,unresolved
P02863,ORG_UNRES_W32742172,ORG_UNRES_W32742172_T001,摄影师,PL_W32742172,0.0,unresolved
P02864,ORG_N13071653247,ORG_N13071653247_T001,客服,PL_N13071653247,0.0,verified
P02865,ORG_N4562863066,ORG_N4562863066_T001,理发师,PL_N4562863066,0.0,verified
P02866,ORG_UNRES_W31778884,ORG_UNRES_W31778884_T001,运营专员,PL_W31778884,0.0,unresolved
P02867,ORG_W141693728,ORG_W141693728_T001,网店经营者,PL_W141693728,0.0,verified
P02868,ORG_N3487857303,ORG_N3487857303_T001,客服,PL_N3487857303,0.0,verified
P02869,ORG_UNRES_W674557292,ORG_UNRES_W674557292_T001,客户专员,PL_W674557292,0.0,unresolved
P02870,ORG_N2342899751,ORG_N2342899751_T001,咖啡师,PL_N2342899751,0.0,verified
P02871,ORG_UNRES_W103953728,ORG_UNRES_W103953728_T001,产品经理,PL_W103953728,0.0,unresolved
P02872,ORG_N8680020485,ORG_N8680020485_T001,高级软件工程师,PL_N8680020485,0.0,verified
P02873,ORG_UNRES_W676415515,ORG_UNRES_W676415515_T001,部门经理,PL_W676415515,0.0,unresolved
P02874,ORG_UNRES_W660836773,ORG_UNRES_W660836773_T001,卡车司机,PL_W660836773,0.0,unresolved
P02875,ORG_N6593955525,ORG_N6593955525_T001,零售店员,PL_N6593955525,0.0,verified
P02876,ORG_UNRES_W51187025,ORG_UNRES_W51187025_T001,电工,PL_W51187025,0.0,unresolved
P02877,ORG_N4020625320,ORG_N4020625320_T001,健身教练,PL_N4020625320,0.0,verified
P02878,ORG_W300884213,ORG_W300884213_T001,HR经理,PL_W300884213,0.0,verified
P02879,ORG_W127491088,ORG_W127491088_T001,房产经纪,PL_W127491088,0.0,verified
P02880,ORG_N1444977125,ORG_N1444977125_T001,收银员,PL_N1444977125,0.0,verified
P02881,ORG_UNRES_W804386850,ORG_UNRES_W804386850_T001,运营专员,PL_W804386850,0.0,unresolved
P02882,ORG_W1034589148,ORG_W1034589148_T001,采购专员,PL_W1034589148,0.0,verified
P02883,ORG_N6561482375,ORG_N6561482375_T001,零售店员,PL_N6561482375,0.0,verified
P02884,ORG_W366234299,ORG_W366234299_T001,软件工程师,PL_W366234299,0.0,verified
P02885,ORG_N5441763273,ORG_N5441763273_T001,运营专员,PL_N5441763273,0.0,verified
P02886,ORG_N3059891513,ORG_N3059891513_T001,高级软件工程师,PL_N3059891513,0.0,verified
P02887,ORG_UNRES_W670272335,ORG_UNRES_W670272335_T001,维修技师,PL_W670272335,0.0,unresolved
P02888,ORG_N6363116945,ORG_N6363116945_T001,行政专员,PL_W659629198,16.4,high
P02889,ORG_N13198723259,ORG_N13198723259_T001,自媒体从业者,PL_N13198723259,0.0,verified
P02890,ORG_N401521720,ORG_N401521720_T001,硕士研究生,PL_N401521720,0.0,verified
P02891,ORG_W34320502,ORG_W34320502_T001,会计,PL_W34320502,0.0,verified
P02892,ORG_N13428919222,ORG_N13428919222_T001,理发师,PL_N13428919222,0.0,verified
P02893,ORG_UNRES_W220396450,ORG_UNRES_W220396450_T001,网店经营者,PL_W220396450,0.0,unresolved
P02894,ORG_UNRES_W661049306,ORG_UNRES_W661049306_T001,会计,PL_W661049306,0.0,unresolved
P02895,ORG_UNRES_W662150197,ORG_UNRES_W662150197_T001,维修技师,PL_W662150197,0.0,unresolved
P02896,ORG_UNRES_W704995234,ORG_UNRES_W704995234_T001,自由销售,PL_W704995234,0.0,unresolved
P02897,ORG_UNRES_W657979227,ORG_UNRES_W657979227_T001,设备操作员,PL_W657979227,0.0,unresolved
P02898,ORG_W113438134,ORG_W113438134_T001,采购专员,PL_W113438143,40.1,medium
P02899,ORG_N59566254,ORG_N59566254_T001,咖啡师,PL_N59566254,0.0,verified
P02900,ORG_N7348631702,ORG_N7348631702_T001,保安,PL_N7348631702,0.0,verified
P02901,ORG_UNRES_W427221312,ORG_UNRES_W427221312_T001,电工,PL_W427221312,0.0,unresolved
P02902,ORG_UNRES_W93832543,ORG_UNRES_W93832543_T001,采购经理,PL_W93832543,0.0,unresolved
P02903,ORG_UNRES_W31451201,ORG_UNRES_W31451201_T001,自媒体从业者,PL_W31451201,0.0,unresolved
P02904,ORG_UNRES_W335578151,ORG_UNRES_W335578151_T001,翻译,PL_W335578151,0.0,unresolved
P02905,ORG_N1141446130,ORG_N1141446130_T001,咖啡师,PL_N1141446130,0.0,verified
P02906,ORG_W258236803,ORG_W258236803_T001,会计,PL_W258236803,0.0,verified
P02907,ORG_W31366344,ORG_W31366344_T001,采购经理,PL_W31366344,0.0,verified
P02908,ORG_N7528939009,ORG_N7528939009_T001,高级运营专员,PL_N7528939009,0.0,verified
P02909,ORG_N14049964870,ORG_N14049964870_T001,HR经理,PL_N14049964870,0.0,verified
P02910,ORG_N12319606737,ORG_N12319606737_T001,理发师,PL_N12319606737,0.0,verified
P02911,ORG_N6363116935,ORG_N6363116935_T001,数据分析师,PL_W659629256,52.9,medium
P02912,ORG_W696803995,ORG_W696803995_T001,收银员,PL_W696803995,0.0,verified
P02913,ORG_W56223144,ORG_W56223144_T001,项目经理,PL_W56223144,0.0,verified
P02914,ORG_UNRES_W659833291,ORG_UNRES_W659833291_T001,卡车司机,PL_W659833291,0.0,unresolved
P02915,ORG_UNRES_W677922595,ORG_UNRES_W677922595_T001,销售经理,PL_W677922595,0.0,unresolved
P02916,ORG_UNRES_W1419698577,ORG_UNRES_W1419698577_T001,翻译,PL_W1419698577,0.0,unresolved
P02917,ORG_W805394107,ORG_W805394107_T001,财务主管,PL_W796654942,43.7,medium
P02918,ORG_W43804824,ORG_W43804824_T001,建筑工人,PL_W43804824,0.0,verified
P02919,ORG_N5424638521,ORG_N5424638521_T001,高级项目经理,PL_W41950525,2.2,high
P02920,ORG_W247560900,ORG_W247560900_T001,技术经理,PL_W247560900,0.0,verified
P02921,ORG_N6416453274,ORG_N6416453274_T001,行政专员,PL_W301181895,4.5,high
P02922,ORG_UNRES_W1395777494,ORG_UNRES_W1395777494_T001,高级软件工程师,PL_W1395777494,0.0,unresolved
P02923,ORG_N13295476004,ORG_N13295476004_T001,采购经理,PL_W991358857,7.6,high
P02924,ORG_W804454883,ORG_W804454883_T001,会计,PL_W60609247,95.8,medium
P02925,ORG_W27767637,ORG_W27767637_T001,财务专员,PL_W27767637,0.0,verified
P02926,ORG_W43417475,ORG_W43417475_T001,高级软件工程师,PL_W43417475,0.0,verified
P02927,ORG_W34615186,ORG_W34615186_T001,采购经理,PL_W34615186,0.0,verified
P02928,ORG_UNRES_W804360805,ORG_UNRES_W804360805_T001,电工,PL_W804360805,0.0,unresolved
P02929,ORG_N7707202341,ORG_N7707202341_T001,美容师,PL_N7707202341,0.0,verified
P02930,ORG_UNRES_W34571353,ORG_UNRES_W34571353_T001,财务专员,PL_W34571353,0.0,unresolved
P02931,ORG_N7707284351,ORG_N7707284351_T001,销售代表,PL_W589934422,68.2,medium
P02932,ORG_UNRES_W659581411,ORG_UNRES_W659581411_T001,安装工,PL_W659581411,0.0,unresolved
P02933,ORG_N6554560736,ORG_N6554560736_T001,高级数据分析师,PL_W234058570,45.0,medium
P02934,ORG_N6561487994,ORG_N6561487994_T001,餐厅服务员,PL_N6561487994,0.0,verified
P02935,ORG_W59252690,ORG_W59252690_T001,收银员,PL_W59252690,0.0,verified
P02936,ORG_UNRES_W663313968,ORG_UNRES_W663313968_T001,区域经理,PL_W663313968,0.0,unresolved
P02937,ORG_UNRES_W115218826,ORG_UNRES_W115218826_T001,快递员,PL_W115218826,0.0,unresolved
P02938,ORG_N6340610376,ORG_N6340610376_T001,咖啡师,PL_N6340610376,0.0,verified
P02939,ORG_UNRES_N3507800793,ORG_UNRES_N3507800793_T001,项目经理,PL_N3507800793,0.0,unresolved
P02940,ORG_UNRES_W558836980,ORG_UNRES_W558836980_T001,翻译,PL_W558836980,0.0,unresolved
P02941,ORG_N4004435204,ORG_N4004435204_T001,高级数据分析师,PL_N4004435204,0.0,verified
P02942,ORG_UNRES_W31451005,ORG_UNRES_W31451005_T001,网店经营者,PL_W31451005,0.0,unresolved
P02943,ORG_N14029874771,ORG_N14029874771_T001,高级数据分析师,PL_N14029874771,0.0,verified
P02944,ORG_W183248449,ORG_W183248449_T001,产品经理,PL_W183248448,19.5,high
P02945,ORG_N5166313532,ORG_N5166313532_T001,保安,PL_N5166313532,0.0,verified
P02946,ORG_N11815693684,ORG_N11815693684_T001,会计,PL_N11815693684,0.0,verified
P02947,ORG_W702100748,ORG_W702100748_T001,博士研究生,PL_W702100748,0.0,verified
P02948,ORG_W113438134,ORG_W113438134_T001,安装工,PL_W113438143,40.1,medium
P02949,ORG_N6873273229,ORG_N6873273229_T001,高级数据分析师,PL_N6873273229,0.0,verified
P02950,ORG_UNRES_W364192023,ORG_UNRES_W364192023_T001,维修技师,PL_W364192023,0.0,unresolved
P02951,ORG_N1392078146,ORG_N1392078146_T001,行政专员,PL_N1392078146,0.0,verified
P02952,ORG_N7570784647,ORG_N7570784647_T001,HR经理,PL_W288357286,44.9,medium
P02953,ORG_W659840213,ORG_W659840213_T001,建筑工人,PL_W659840213,0.0,verified
P02954,ORG_UNRES_W409263552,ORG_UNRES_W409263552_T001,销售代表,PL_W409263552,0.0,unresolved
P02955,ORG_N7750329982,ORG_N7750329982_T001,美容师,PL_N7750329984,11.1,high
P02956,ORG_W27767625,ORG_W27767625_T001,会计,PL_W27767625,0.0,verified
P02957,ORG_UNRES_W660624564,ORG_UNRES_W660624564_T001,维修技师,PL_W660624564,0.0,unresolved
P02958,ORG_N12195637649,ORG_N12195637649_T001,高级数据分析师,PL_W61760169,11.8,high
P02959,ORG_W285055427,ORG_W285055427_T001,软件工程师,PL_W659321709,37.2,medium
P02960,ORG_UNRES_W93811509,ORG_UNRES_W93811509_T001,客户专员,PL_W93811509,0.0,unresolved
P02961,ORG_UNRES_W804360806,ORG_UNRES_W804360806_T001,数据分析师,PL_W804360806,0.0,unresolved
P02962,ORG_W55036397,ORG_W55036397_T002,酒店服务人员,PL_W55036397,0.0,verified
P02963,ORG_N4589492969,ORG_N4589492969_T001,美容师,PL_N4589492969,0.0,verified
P02964,ORG_N2806099821,ORG_N2806099821_T001,厨师,PL_N2806099821,0.0,verified
P02965,ORG_N12995864482,ORG_N12995864482_T001,零售店员,PL_N12995864482,0.0,verified
P02966,ORG_N2790415032,ORG_N2790415032_T001,咨询顾问,PL_W32326392,67.0,medium
P02967,ORG_UNRES_W495079992,ORG_UNRES_W495079992_T001,高级软件工程师,PL_W495079992,0.0,unresolved
P02968,ORG_N4288385077,ORG_N4288385077_T001,数据分析师,PL_N4288385077,0.0,verified
P02969,ORG_N7881378606,ORG_N7881378606_T001,会计,PL_N7881378606,0.0,verified
P02970,ORG_W24008085,ORG_W24008085_T001,高级软件工程师,PL_W24008085,0.0,verified
P02971,ORG_W32326189,ORG_W32326189_T001,自由销售,PL_W32326189,0.0,verified
P02972,ORG_N5670812719,ORG_N5670812719_T001,零售店员,PL_N5670812719,0.0,verified
P02973,ORG_N6318936250,ORG_N6318936250_T001,美容师,PL_N6318936250,0.0,verified
P02974,ORG_UNRES_W466642019,ORG_UNRES_W466642019_T001,建筑工人,PL_W466642019,0.0,unresolved
P02975,ORG_N4995440147,ORG_N4995440147_T001,财务专员,PL_W304467254,13.1,high
P02976,ORG_W1067627897,ORG_W1067627897_T001,理发师,PL_W1067627897,0.0,verified
P02977,ORG_W58271371,ORG_W58271371_T001,酒店前台,PL_W58271371,0.0,verified
P02978,ORG_N2478463555,ORG_N2478463555_T001,咖啡师,PL_N2478463555,0.0,verified
P02979,ORG_UNRES_W662213143,ORG_UNRES_W662213143_T001,HR经理,PL_W662213143,0.0,unresolved
P02980,ORG_N560227439,ORG_N560227439_T001,咖啡师,PL_N560227439,0.0,verified
P02981,ORG_N11053297832,ORG_N11053297832_T001,收银员,PL_N11053297832,0.0,verified
P02982,ORG_UNRES_W34414733,ORG_UNRES_W34414733_T001,汽车技师,PL_W34414733,0.0,unresolved
P02983,ORG_UNRES_W679964155,ORG_UNRES_W679964155_T001,自由设计师,PL_W679964155,0.0,unresolved
P02984,ORG_N3637301909,ORG_N3637301909_T001,高级运营专员,PL_W951863525,14.9,high
P02985,ORG_UNRES_W663518487,ORG_UNRES_W663518487_T001,安装工,PL_W663518487,0.0,unresolved
P02986,ORG_UNRES_W31622235,ORG_UNRES_W31622235_T001,独立承包商,PL_W31622235,0.0,unresolved
P02987,ORG_N12091108919,ORG_N12091108919_T001,硕士研究生,PL_N12091108919,0.0,verified
P02988,ORG_N12996234436,ORG_N12996234436_T001,美容师,PL_N12996234436,0.0,verified
P02989,ORG_N1205834888,ORG_N1205834888_T001,美容师,PL_N1205834888,0.0,verified
P02990,ORG_UNRES_W32539286,ORG_UNRES_W32539286_T001,配送员,PL_W32539286,0.0,unresolved
P02991,ORG_N13970706105,ORG_N13970706105_T001,餐厅服务员,PL_N13970706105,0.0,verified
P02992,ORG_W271771495,ORG_W271771495_T001,客户专员,PL_W271771495,0.0,verified
P02993,ORG_N530854359,ORG_N530854359_T001,高级运营专员,PL_W675497569,24.8,high
P02994,ORG_UNRES_W1246765465,ORG_UNRES_W1246765465_T001,财务主管,PL_W1246765465,0.0,unresolved
P02995,ORG_UNRES_W676443514,ORG_UNRES_W676443514_T001,硕士研究生,PL_W676443514,0.0,unresolved
P02996,ORG_W77739672,ORG_W77739672_T001,保安,PL_W77739672,0.0,verified
P02997,ORG_UNRES_W57385304,ORG_UNRES_W57385304_T001,HR经理,PL_W57385304,0.0,unresolved
P02998,ORG_N6711391666,ORG_N6711391666_T001,收银员,PL_N6711391666,0.0,verified
P02999,ORG_N5176791511,ORG_N5176791511_T001,零售店员,PL_N5176791511,0.0,verified
P03000,ORG_N3957196268,ORG_N3957196268_T001,咖啡师,PL_N3957196268,0.0,verified
P03001,ORG_W110166031,ORG_W110166031_T001,财务专员,PL_W141693951,61.9,medium
P03002,ORG_UNRES_W660569644,ORG_UNRES_W660569644_T001,摄影师,PL_W660569644,0.0,unresolved
P03003,ORG_N6419730380,ORG_N6419730380_T001,财务专员,PL_W122204658,38.9,medium
P03004,ORG_UNRES_W531098554,ORG_UNRES_W531098554_T001,咨询顾问,PL_W531098554,0.0,unresolved
P03005,ORG_UNRES_W33849252,ORG_UNRES_W33849252_T001,客户专员,PL_W33849252,0.0,unresolved
P03006,ORG_N6543870360,ORG_N6543870360_T001,行政专员,PL_W676104931,30.8,medium
P03007,ORG_UNRES_W34582830,ORG_UNRES_W34582830_T001,维修技师,PL_W34582830,0.0,unresolved
P03008,ORG_N281664356,ORG_N281664356_T001,咖啡师,PL_N281664356,0.0,verified
P03009,ORG_UNRES_W705563027,ORG_UNRES_W705563027_T001,网店经营者,PL_W705563027,0.0,unresolved
P03010,ORG_N12995864449,ORG_N12995864449_T001,理发师,PL_N12995864449,0.0,verified
P03011,ORG_N5441888147,ORG_N5441888147_T001,软件工程师,PL_N5441888147,0.0,verified
P03012,ORG_N14067313670,ORG_N14067313670_T001,高级软件工程师,PL_N14067313670,0.0,verified
P03013,ORG_N5825570577,ORG_N5825570577_T001,销售经理,PL_W58854900,18.5,high
P03014,ORG_N10977886210,ORG_N10977886210_T001,硕士研究生,PL_N10977886210,0.0,verified
P03015,ORG_UNRES_W662441652,ORG_UNRES_W662441652_T001,搬运工,PL_W662441652,0.0,unresolved
P03016,ORG_N12242462504,ORG_N12242462504_T001,零售店员,PL_N12242462504,0.0,verified
P03017,ORG_N14029887157,ORG_N14029887157_T001,数据分析师,PL_N14029887157,0.0,verified
P03018,ORG_N9821236068,ORG_N9821236068_T001,财务主管,PL_N9821236068,0.0,verified
P03019,ORG_W115222390,ORG_W115222390_T002,部门经理,PL_W115222390,0.0,verified
P03020,ORG_UNRES_W660838262,ORG_UNRES_W660838262_T001,私教,PL_W660838262,0.0,unresolved
P03021,ORG_UNRES_W34551228,ORG_UNRES_W34551228_T001,快递员,PL_W34551228,0.0,unresolved
P03022,ORG_W455610180,ORG_W455610180_T001,高级运营专员,PL_W33806242,38.3,medium
P03023,ORG_N7578613297,ORG_N7578613297_T001,咖啡师,PL_N7578613297,0.0,verified
P03024,ORG_W56062949,ORG_W56062949_T001,房产经纪,PL_W56062949,0.0,verified
P03025,ORG_UNRES_W32610516,ORG_UNRES_W32610516_T001,配送员,PL_W32610516,0.0,unresolved
P03026,ORG_W55036397,ORG_W55036397_T001,酒店服务人员,PL_W55036397,0.0,verified
P03027,ORG_N9133561186,ORG_N9133561186_T001,HR经理,PL_W58335971,27.1,medium
P03028,ORG_UNRES_W181032381,ORG_UNRES_W181032381_T001,项目经理,PL_W181032381,0.0,unresolved
P03029,ORG_UNRES_W804360805,ORG_UNRES_W804360805_T001,HR经理,PL_W804360805,0.0,unresolved
P03030,ORG_W204710538,ORG_W204710538_T001,运营专员,PL_W679046739,54.1,medium
P03031,ORG_N12250879245,ORG_N12250879245_T001,收银员,PL_N12250879245,0.0,verified
P03032,ORG_UNRES_W678433693,ORG_UNRES_W678433693_T001,产品经理,PL_W678433693,0.0,unresolved
P03033,ORG_W44076451,ORG_W44076451_T001,酒店服务人员,PL_W44076451,0.0,verified
P03034,ORG_N768966147,ORG_N768966147_T001,产品经理,PL_W61698932,3.9,high
P03035,ORG_W661957385,ORG_W661957385_T001,美容师,PL_W661957385,0.0,verified
P03036,ORG_W162607309,ORG_W162607309_T001,销售经理,PL_W162607309,0.0,verified
P03037,ORG_W43808518,ORG_W43808518_T001,房产经纪,PL_W32556100,90.2,medium
P03038,ORG_UNRES_W659588095,ORG_UNRES_W659588095_T001,HR经理,PL_W659588095,0.0,unresolved
P03039,ORG_W35491449,ORG_W35491449_T001,行政专员,PL_W35491449,0.0,verified
P03040,ORG_W657935222,ORG_W657935222_T001,安装工,PL_W657935222,0.0,verified
P03041,ORG_N9759821353,ORG_N9759821353_T001,客服,PL_N9759821353,0.0,verified
P03042,ORG_W804454883,ORG_W804454883_T001,客户经理,PL_W60609247,95.8,medium
P03043,ORG_UNRES_W34585677,ORG_UNRES_W34585677_T001,技术经理,PL_W34585677,0.0,unresolved
P03044,ORG_N6340988712,ORG_N6340988712_T001,业务负责人,PL_W443995276,53.5,medium
P03045,ORG_W34587440,ORG_W34587440_T001,产品经理,PL_W34587440,0.0,verified
P03046,ORG_N6448767788,ORG_N6448767788_T001,HR经理,PL_W663828131,48.7,medium
P03047,ORG_W659129634,ORG_W659129634_T001,建筑工人,PL_W659129634,0.0,verified
P03048,ORG_UNRES_W659440585,ORG_UNRES_W659440585_T001,安装工,PL_W659440585,0.0,unresolved
P03049,ORG_W1042084198,ORG_W1042084198_T001,收银员,PL_W1042084198,0.0,verified
P03050,ORG_UNRES_W659547038,ORG_UNRES_W659547038_T001,翻译,PL_W659547038,0.0,unresolved
P03051,ORG_UNRES_W32455659,ORG_UNRES_W32455659_T001,自媒体从业者,PL_W32455659,0.0,unresolved
P03052,ORG_N14067134263,ORG_N14067134263_T001,会计,PL_W680624940,48.7,medium
P03053,ORG_N600252817,ORG_N600252817_T001,行政专员,PL_N600252817,0.0,verified
P03054,ORG_W42890417,ORG_W42890417_T001,安装工,PL_W1391063636,97.8,medium
P03055,ORG_UNRES_W55547148,ORG_UNRES_W55547148_T001,私教,PL_W55547148,0.0,unresolved
P03056,ORG_N5709235622,ORG_N5709235622_T001,美容师,PL_N5709235622,0.0,verified
P03057,ORG_UNRES_W703929744,ORG_UNRES_W703929744_T001,卡车司机,PL_W703929744,0.0,unresolved
P03058,ORG_N9894144433,ORG_N9894144433_T001,设计师,PL_N9894144433,0.0,verified
P03059,ORG_N11663588957,ORG_N11663588957_T001,数据分析师,PL_W943602453,33.4,medium
P03060,ORG_UNRES_W661950696,ORG_UNRES_W661950696_T001,项目经理,PL_W661950696,0.0,unresolved
P03061,ORG_UNRES_W455610181,ORG_UNRES_W455610181_T001,销售经理,PL_W455610181,0.0,unresolved
P03062,ORG_UNRES_W391472124,ORG_UNRES_W391472124_T001,自由设计师,PL_W391472124,0.0,unresolved
P03063,ORG_UNRES_W663315307,ORG_UNRES_W663315307_T001,高级软件工程师,PL_W663315307,0.0,unresolved
P03064,ORG_UNRES_W56238414,ORG_UNRES_W56238414_T001,设备操作员,PL_W56238414,0.0,unresolved
P03065,ORG_W25420435,ORG_W25420435_T001,客户专员,PL_W25420435,0.0,verified
P03066,ORG_W521306678,ORG_W521306678_T001,高级运营专员,PL_W521680607,54.6,medium
P03067,ORG_W25033696,ORG_W25033696_T001,高级数据分析师,PL_W25033696,0.0,verified
P03068,ORG_UNRES_W1174697423,ORG_UNRES_W1174697423_T001,项目经理,PL_W1174697423,0.0,unresolved
P03069,ORG_N12791116598,ORG_N12791116598_T001,零售店员,PL_N12791116598,0.0,verified
P03070,ORG_N1131477105,ORG_N1131477105_T001,厨师,PL_N816429709,16.6,high
P03071,ORG_N2486924730,ORG_N2486924730_T001,销售代表,PL_W34587722,48.3,medium
P03072,ORG_UNRES_W31373098,ORG_UNRES_W31373098_T001,自由设计师,PL_W31373098,0.0,unresolved
P03073,ORG_N11117950315,ORG_N11117950315_T001,健身教练,PL_N11117950315,0.0,verified
P03074,ORG_N13137063865,ORG_N13137063865_T001,行政专员,PL_N13137063865,0.0,verified
P03075,ORG_W256116927,ORG_W256116927_T001,维修技师,PL_W256116927,0.0,verified
P03076,ORG_W27778414,ORG_W27778414_T001,保安,PL_W27778414,0.0,verified
P03077,ORG_W59036049,ORG_W59036049_T001,产品经理,PL_W59036049,0.0,verified
P03078,ORG_UNRES_W616121212,ORG_UNRES_W616121212_T001,行政专员,PL_W616121212,0.0,unresolved
P03079,ORG_N10786415133,ORG_N10786415133_T001,房产经纪,PL_W613933547,20.5,high
P03080,ORG_W65592644,ORG_W65592644_T001,运营专员,PL_W65592644,0.0,verified
P03081,ORG_W23447424,ORG_W23447424_T002,硕士研究生,PL_W23447424,0.0,verified
P03082,ORG_UNRES_W703427644,ORG_UNRES_W703427644_T001,销售经理,PL_W703427644,0.0,unresolved
P03083,ORG_N2884419126,ORG_N2884419126_T001,硕士研究生,PL_N2884419126,0.0,verified
P03084,ORG_N321552029,ORG_N321552029_T001,保安,PL_N321552029,0.0,verified
P03085,ORG_UNRES_W1512354302,ORG_UNRES_W1512354302_T001,自由销售,PL_W1512354302,0.0,unresolved
P03086,ORG_W13404662,ORG_W13404662_T001,会计,PL_W13404662,0.0,verified
P03087,ORG_N5049838321,ORG_N5049838321_T001,行政专员,PL_N5049838321,0.0,verified
P03088,ORG_UNRES_W705555913,ORG_UNRES_W705555913_T001,汽车技师,PL_W705555913,0.0,unresolved
P03089,ORG_UNRES_W58560214,ORG_UNRES_W58560214_T001,安装工,PL_W58560214,0.0,unresolved
P03090,ORG_N6419730380,ORG_N6419730380_T001,高级数据分析师,PL_W122204658,38.9,medium
P03091,ORG_UNRES_W173818583,ORG_UNRES_W173818583_T001,电工,PL_W173818583,0.0,unresolved
P03092,ORG_UNRES_W300140020,ORG_UNRES_W300140020_T001,搬运工,PL_W300140020,0.0,unresolved
P03093,ORG_W34320502,ORG_W34320502_T001,会计,PL_W34320502,0.0,verified
P03094,ORG_N9723307467,ORG_N9723307467_T001,财务专员,PL_N9723307467,0.0,verified
P03095,ORG_UNRES_W661275621,ORG_UNRES_W661275621_T001,摄影师,PL_W661275621,0.0,unresolved
P03096,ORG_N409178525,ORG_N409178525_T001,客服,PL_N409178525,0.0,verified
P03097,ORG_W35491449,ORG_W35491449_T001,会计,PL_W35491449,0.0,verified
P03098,ORG_N6848476768,ORG_N6848476768_T001,软件工程师,PL_W1194870091,39.1,medium
P03099,ORG_N12253332469,ORG_N12253332469_T001,自由销售,PL_N12253332469,0.0,verified
P03100,ORG_W661317031,ORG_W661317031_T001,高级项目经理,PL_W661317031,0.0,verified
P03101,ORG_UNRES_W680641505,ORG_UNRES_W680641505_T001,安装工,PL_W680641505,0.0,unresolved
P03102,ORG_N1365110586,ORG_N1365110586_T001,高级运营专员,PL_W703598082,61.3,medium
P03103,ORG_W105497054,ORG_W105497054_T001,行政专员,PL_W105497054,0.0,verified
P03104,ORG_UNRES_W79672266,ORG_UNRES_W79672266_T001,软件工程师,PL_W79672266,0.0,unresolved
P03105,ORG_N6354886589,ORG_N6354886589_T001,客服,PL_N6354886589,0.0,verified
P03106,ORG_UNRES_W34516395,ORG_UNRES_W34516395_T001,焊工,PL_W34516395,0.0,unresolved
P03107,ORG_W61511473,ORG_W61511473_T001,酒店服务人员,PL_W61511473,0.0,verified
P03108,ORG_N4341717367,ORG_N4341717367_T001,销售代表,PL_N4341717367,0.0,verified
P03109,ORG_UNRES_W670106661,ORG_UNRES_W670106661_T001,运营专员,PL_W670106661,0.0,unresolved
P03110,ORG_W373773725,ORG_W373773725_T001,销售代表,PL_W675314643,33.1,medium
P03111,ORG_N12697813979,ORG_N12697813979_T001,客户经理,PL_W797142347,39.7,medium
P03112,ORG_W61011666,ORG_W61011666_T001,采购专员,PL_W61011666,0.0,verified
P03113,ORG_N5026214522,ORG_N5026214522_T001,咖啡师,PL_N5026214522,0.0,verified
P03114,ORG_W42472535,ORG_W42472535_T001,HR经理,PL_W702169102,66.6,medium
P03115,ORG_N3414918453,ORG_N3414918453_T001,产品经理,PL_W659601455,78.8,medium
P03116,ORG_W61759776,ORG_W61759776_T002,本科生,PL_W61759776,0.0,verified
P03117,ORG_UNRES_W34554802,ORG_UNRES_W34554802_T001,采购经理,PL_W34554802,0.0,unresolved
P03118,ORG_UNRES_W662453980,ORG_UNRES_W662453980_T001,软件工程师,PL_W662453980,0.0,unresolved
P03119,ORG_UNRES_W660806638,ORG_UNRES_W660806638_T001,设计师,PL_W660806638,0.0,unresolved
P03120,ORG_UNRES_W658011237,ORG_UNRES_W658011237_T001,安装工,PL_W658011237,0.0,unresolved
P03121,ORG_W27767640,ORG_W27767640_T002,保安,PL_W27767640,0.0,verified
P03122,ORG_N12596683262,ORG_N12596683262_T001,理发师,PL_N12596683262,0.0,verified
P03123,ORG_N1125532862,ORG_N1125532862_T001,房产经纪,PL_W660624564,29.5,medium
P03124,ORG_W61759776,ORG_W61759776_T001,本科生,PL_W61759776,0.0,verified
P03125,ORG_UNRES_W34122101,ORG_UNRES_W34122101_T001,项目经理,PL_W34122101,0.0,unresolved
P03126,ORG_N3333046455,ORG_N3333046455_T001,咖啡师,PL_N3333046455,0.0,verified
P03127,ORG_N13036382787,ORG_N13036382787_T001,自媒体从业者,PL_N13036382787,0.0,verified
P03128,ORG_UNRES_W662389891,ORG_UNRES_W662389891_T001,独立程序员,PL_W662389891,0.0,unresolved
P03129,ORG_W229234482,ORG_W229234482_T001,客户经理,PL_W229234482,0.0,verified
P03130,ORG_UNRES_W495079991,ORG_UNRES_W495079991_T001,销售经理,PL_W495079991,0.0,unresolved
P03131,ORG_W61760382,ORG_W61760382_T001,高级运营专员,PL_W61760382,0.0,verified
P03132,ORG_N11050394043,ORG_N11050394043_T001,财务经理,PL_N11050394043,0.0,verified
P03133,ORG_W660222492,ORG_W660222492_T001,产品经理,PL_W660222492,0.0,verified
P03134,ORG_W56238537,ORG_W56238537_T001,客服,PL_W56238537,0.0,verified
P03135,ORG_UNRES_W659538663,ORG_UNRES_W659538663_T001,焊工,PL_W659538663,0.0,unresolved
P03136,ORG_N3949374257,ORG_N3949374257_T001,项目经理,PL_W31620092,5.2,high
P03137,ORG_W113804494,ORG_W113804494_T001,房产经纪,PL_W113804494,0.0,verified
P03138,ORG_N11937314147,ORG_N11937314147_T001,软件工程师,PL_W32326394,33.5,medium
P03139,ORG_W229563603,ORG_W229563603_T001,HR经理,PL_W229563603,0.0,verified
P03140,ORG_N7659631027,ORG_N7659631027_T001,硕士研究生,PL_N7659631027,0.0,verified
P03141,ORG_N1112688568,ORG_N1112688568_T001,厨师,PL_N1112688568,0.0,verified
P03142,ORG_UNRES_W56010210,ORG_UNRES_W56010210_T001,焊工,PL_W56010210,0.0,unresolved
P03143,ORG_W805392729,ORG_W805392729_T001,软件工程师,PL_W805392729,0.0,verified
P03144,ORG_W33406542,ORG_W33406542_T001,采购专员,PL_W33406542,0.0,verified
P03145,ORG_W367536575,ORG_W367536575_T001,客服,PL_W367536575,0.0,verified
P03146,ORG_UNRES_W32567247,ORG_UNRES_W32567247_T001,设计师,PL_W32567247,0.0,unresolved
P03147,ORG_W34749721,ORG_W34749721_T001,酒店前台,PL_W34749721,0.0,verified
P03148,ORG_N3930426863,ORG_N3930426863_T001,咖啡师,PL_N3930426863,0.0,verified
P03149,ORG_UNRES_W662099358,ORG_UNRES_W662099358_T001,安装工,PL_W662099358,0.0,unresolved
P03150,ORG_UNRES_W662379977,ORG_UNRES_W662379977_T001,配送员,PL_W662379977,0.0,unresolved
P03151,ORG_UNRES_W660934829,ORG_UNRES_W660934829_T001,设备操作员,PL_W660934829,0.0,unresolved
P03152,ORG_W79582922,ORG_W79582922_T001,产品经理,PL_W79582922,0.0,verified
P03153,ORG_N3413571002,ORG_N3413571002_T001,财务主管,PL_W180683141,18.6,high
P03154,ORG_N1240465816,ORG_N1240465816_T001,软件工程师,PL_W1408818041,59.8,medium
P03155,ORG_N761870888,ORG_N761870888_T001,健身教练,PL_N761870888,0.0,verified
P03156,ORG_N12195637649,ORG_N12195637649_T001,运营经理,PL_W61760168,75.4,medium
P03157,ORG_N4236601895,ORG_N4236601895_T001,财务专员,PL_N4236601895,0.0,verified
P03158,ORG_UNRES_W1395777491,ORG_UNRES_W1395777491_T001,客户专员,PL_W1395777491,0.0,unresolved
P03159,ORG_UNRES_W663826507,ORG_UNRES_W663826507_T001,配送员,PL_W663826507,0.0,unresolved
P03160,ORG_N10838194331,ORG_N10838194331_T001,数据分析师,PL_N10838194331,0.0,verified
P03161,ORG_N6309928577,ORG_N6309928577_T001,销售代表,PL_W658018645,43.9,medium
P03162,ORG_W240071224,ORG_W240071224_T001,项目经理,PL_W240071224,0.0,verified
P03163,ORG_N6551673031,ORG_N6551673031_T001,客户专员,PL_N6551673031,0.0,verified
P03164,ORG_N12149933051,ORG_N12149933051_T001,客户专员,PL_W1004706293,4.5,high
P03165,ORG_W220190025,ORG_W220190025_T001,硕士研究生,PL_W220190025,0.0,verified
P03166,ORG_N11979553561,ORG_N11979553561_T001,采购经理,PL_N11979553561,0.0,verified
P03167,ORG_UNRES_W60332166,ORG_UNRES_W60332166_T001,项目经理,PL_W60332166,0.0,unresolved
P03168,ORG_UNRES_W662149112,ORG_UNRES_W662149112_T001,行政专员,PL_W662149112,0.0,unresolved
P03169,ORG_N6302674401,ORG_N6302674401_T001,采购专员,PL_N6302674401,0.0,verified
P03170,ORG_W23447424,ORG_W23447424_T002,硕士研究生,PL_W23447424,0.0,verified
P03171,ORG_UNRES_W663314818,ORG_UNRES_W663314818_T001,高级运营专员,PL_W663314818,0.0,unresolved
P03172,ORG_N6491294171,ORG_N6491294171_T001,理发师,PL_N6491294171,0.0,verified
P03173,ORG_UNRES_W659581403,ORG_UNRES_W659581403_T001,财务经理,PL_W659581403,0.0,unresolved
P03174,ORG_N12697813979,ORG_N12697813979_T001,房产经纪,PL_W182946160,18.5,high
P03175,ORG_N333553037,ORG_N333553037_T001,咖啡师,PL_N333553037,0.0,verified
P03176,ORG_N5429171209,ORG_N5429171209_T001,销售经理,PL_N5429171209,0.0,verified
P03177,ORG_W32742066,ORG_W32742066_T001,软件工程师,PL_W32742066,0.0,verified
P03178,ORG_N13028454904,ORG_N13028454904_T001,运营专员,PL_N13028454904,0.0,verified
P03179,ORG_N12537548075,ORG_N12537548075_T001,硕士研究生,PL_N12537548075,0.0,verified
P03180,ORG_N11818755964,ORG_N11818755964_T001,设计师,PL_W98231203,43.9,medium
P03181,ORG_W34749843,ORG_W34749843_T001,酒店前台,PL_W34749843,0.0,verified
P03182,ORG_UNRES_W658301270,ORG_UNRES_W658301270_T001,独立承包商,PL_W658301270,0.0,unresolved
P03183,ORG_N2153230510,ORG_N2153230510_T001,咨询顾问,PL_N2153230510,0.0,verified
P03184,ORG_UNRES_W41405387,ORG_UNRES_W41405387_T001,自媒体从业者,PL_W41405387,0.0,unresolved
P03185,ORG_N6310130605,ORG_N6310130605_T001,保安,PL_N6310130605,0.0,verified
P03186,ORG_W61759776,ORG_W61759776_T002,本科生,PL_W61759776,0.0,verified
P03187,ORG_W150507907,ORG_W150507907_T001,客户经理,PL_W150507907,0.0,verified
P03188,ORG_UNRES_W162147490,ORG_UNRES_W162147490_T001,财务主管,PL_W162147490,0.0,unresolved
P03189,ORG_UNRES_W34122101,ORG_UNRES_W34122101_T001,软件工程师,PL_W34122101,0.0,unresolved
P03190,ORG_W59020242,ORG_W59020242_T001,财务主管,PL_W59020242,0.0,verified
P03191,ORG_W58559273,ORG_W58559273_T001,采购经理,PL_W58559273,0.0,verified
P03192,ORG_N10863718695,ORG_N10863718695_T001,餐厅服务员,PL_N10863718695,0.0,verified
P03193,ORG_UNRES_W661950703,ORG_UNRES_W661950703_T001,会计,PL_W661950703,0.0,unresolved
P03194,ORG_N13016551571,ORG_N13016551571_T001,保安,PL_N13016551571,0.0,verified
P03195,ORG_UNRES_W705170957,ORG_UNRES_W705170957_T001,销售经理,PL_W705170957,0.0,unresolved
P03196,ORG_W93602926,ORG_W93602926_T001,设计师,PL_W93602926,0.0,verified
P03197,ORG_N13196774888,ORG_N13196774888_T001,设计师,PL_N13196774888,0.0,verified
P03198,ORG_W266686037,ORG_W266686037_T001,会计,PL_W43806469,51.7,medium
P03199,ORG_UNRES_W34749606,ORG_UNRES_W34749606_T001,运营专员,PL_W34749606,0.0,unresolved
P03200,ORG_N2960235733,ORG_N2960235733_T001,厨师,PL_N2960235733,0.0,verified
P03201,ORG_N11296430812,ORG_N11296430812_T001,零售店员,PL_N11296430812,0.0,verified
P03202,ORG_UNRES_W160172063,ORG_UNRES_W160172063_T001,销售经理,PL_W160172063,0.0,unresolved
P03203,ORG_UNRES_W56433943,ORG_UNRES_W56433943_T001,焊工,PL_W56433943,0.0,unresolved
P03204,ORG_UNRES_W513098558,ORG_UNRES_W513098558_T001,建筑工人,PL_W513098558,0.0,unresolved
P03205,ORG_N1434204141,ORG_N1434204141_T001,酒店服务人员,PL_N1434204141,0.0,verified
P03206,ORG_W661950823,ORG_W661950823_T001,会计,PL_W333192896,19.6,high
P03207,ORG_N9140140338,ORG_N9140140338_T001,销售代表,PL_W661193373,17.2,high
P03208,ORG_N2153426075,ORG_N2153426075_T001,高级数据分析师,PL_N2153426075,0.0,verified
P03209,ORG_N3901969177,ORG_N3901969177_T001,理发师,PL_N3901969177,0.0,verified
P03210,ORG_UNRES_W43805425,ORG_UNRES_W43805425_T001,快递员,PL_W43805425,0.0,unresolved
P03211,ORG_W220122774,ORG_W220122774_T001,咖啡师,PL_W220122774,0.0,verified
P03212,ORG_UNRES_W660830204,ORG_UNRES_W660830204_T001,安装工,PL_W660830204,0.0,unresolved
P03213,ORG_W663314286,ORG_W663314286_T001,项目经理,PL_W677205550,33.0,medium
P03214,ORG_N9339116360,ORG_N9339116360_T001,美容师,PL_N9339116360,0.0,verified
P03215,ORG_N746936362,ORG_N746936362_T001,健身教练,PL_N746936362,0.0,verified
P03216,ORG_N6551615785,ORG_N6551615785_T001,项目经理,PL_N6551615785,0.0,verified
P03217,ORG_N10932241501,ORG_N10932241501_T001,数据分析师,PL_N10932241501,0.0,verified
P03218,ORG_W32556080,ORG_W32556080_T001,高级产品经理,PL_W32556080,0.0,verified
P03219,ORG_UNRES_W701979638,ORG_UNRES_W701979638_T001,安装工,PL_W701979638,0.0,unresolved
P03220,ORG_UNRES_W34749813,ORG_UNRES_W34749813_T001,安装工,PL_W34749813,0.0,unresolved
P03221,ORG_N6547879057,ORG_N6547879057_T001,采购专员,PL_W66980235,4.5,high
P03222,ORG_UNRES_W661035503,ORG_UNRES_W661035503_T001,会计,PL_W661035503,0.0,unresolved
P03223,ORG_UNRES_W670110175,ORG_UNRES_W670110175_T001,会计,PL_W670110175,0.0,unresolved
P03224,ORG_W25491342,ORG_W25491342_T001,酒店前台,PL_W25491342,0.0,verified
P03225,ORG_N3993488174,ORG_N3993488174_T001,自媒体从业者,PL_N3993488174,0.0,verified
P03226,ORG_UNRES_W704634876,ORG_UNRES_W704634876_T001,卡车司机,PL_W704634876,0.0,unresolved
P03227,ORG_W22914034,ORG_W22914034_T001,客户专员,PL_W22914034,0.0,verified
P03228,ORG_N13717405034,ORG_N13717405034_T001,翻译,PL_N13717405034,0.0,verified
P03229,ORG_UNRES_W1004706293,ORG_UNRES_W1004706293_T001,维修技师,PL_W1004706293,0.0,unresolved
P03230,ORG_N12037764869,ORG_N12037764869_T001,私教,PL_N12037764869,0.0,verified
P03231,ORG_N1886065725,ORG_N1886065725_T001,客服,PL_N1886065725,0.0,verified
P03232,ORG_N214312005,ORG_N214312005_T001,客服,PL_N214312005,0.0,verified
P03233,ORG_UNRES_W661050416,ORG_UNRES_W661050416_T001,高级运营专员,PL_W661050416,0.0,unresolved
P03234,ORG_N7236041819,ORG_N7236041819_T001,硕士研究生,PL_N7236041819,0.0,verified
P03235,ORG_N11091336111,ORG_N11091336111_T001,本科生,PL_N11091336111,0.0,verified
P03236,ORG_W67138255,ORG_W67138255_T001,客服,PL_W67138255,0.0,verified
P03237,ORG_W661334777,ORG_W661334777_T001,财务专员,PL_W661334777,0.0,verified
P03238,ORG_N6848957015,ORG_N6848957015_T001,本科生,PL_N6848957015,0.0,verified
P03239,ORG_N9136483882,ORG_N9136483882_T001,收银员,PL_N9136483882,0.0,verified
P03240,ORG_N14052434879,ORG_N14052434879_T001,财务主管,PL_N14052434879,0.0,verified
P03241,ORG_W1431713652,ORG_W1431713652_T001,本科生,PL_W1431713652,0.0,verified
P03242,ORG_N11737962470,ORG_N11737962470_T001,房产经纪,PL_W194224131,19.4,high
P03243,ORG_UNRES_W661650364,ORG_UNRES_W661650364_T001,房产经纪,PL_W661650364,0.0,unresolved
P03244,ORG_N5184936117,ORG_N5184936117_T001,私教,PL_N5184936117,0.0,verified
P03245,ORG_W55036397,ORG_W55036397_T001,酒店前台,PL_W55036397,0.0,verified
P03246,ORG_UNRES_W676443514,ORG_UNRES_W676443514_T001,本科生,PL_W676443514,0.0,unresolved
P03247,ORG_N1566762984,ORG_N1566762984_T001,餐厅服务员,PL_N1566762984,0.0,verified
P03248,ORG_W410132644,ORG_W410132644_T001,酒店服务人员,PL_W410132644,0.0,verified
P03249,ORG_W33806040,ORG_W33806040_T001,客户经理,PL_W33806040,0.0,verified
P03250,ORG_UNRES_W114706279,ORG_UNRES_W114706279_T001,自由设计师,PL_W114706279,0.0,unresolved
P03251,ORG_W943701267,ORG_W943701267_T002,安装工,PL_W943701267,0.0,verified
P03252,ORG_W1431713652,ORG_W1431713652_T001,本科生,PL_W1431713652,0.0,verified
P03253,ORG_N6348675997,ORG_N6348675997_T001,财务主管,PL_N6348675997,0.0,verified
P03254,ORG_UNRES_W702537549,ORG_UNRES_W702537549_T001,本科生,PL_W702537549,0.0,unresolved
P03255,ORG_UNRES_W31368476,ORG_UNRES_W31368476_T001,独立承包商,PL_W31368476,0.0,unresolved
P03256,ORG_W61014137,ORG_W61014137_T002,酒店前台,PL_W61014137,0.0,verified
P03257,ORG_UNRES_W440395240,ORG_UNRES_W440395240_T001,快递员,PL_W440395240,0.0,unresolved
P03258,ORG_UNRES_W25022777,ORG_UNRES_W25022777_T001,设备操作员,PL_W25022777,0.0,unresolved
P03259,ORG_N13717405034,ORG_N13717405034_T001,咨询顾问,PL_N13717405034,0.0,verified
P03260,ORG_N577454544,ORG_N577454544_T001,运营专员,PL_W147496461,77.1,medium
P03261,ORG_N12251120221,ORG_N12251120221_T001,销售经理,PL_W1153874897,19.6,high
P03262,ORG_UNRES_W676104931,ORG_UNRES_W676104931_T001,安装工,PL_W676104931,0.0,unresolved
P03263,ORG_UNRES_W706093836,ORG_UNRES_W706093836_T001,网店经营者,PL_W706093836,0.0,unresolved
P03264,ORG_N5709501522,ORG_N5709501522_T001,项目经理,PL_N5709501522,0.0,verified
P03265,ORG_N13011557660,ORG_N13011557660_T001,健身教练,PL_N13011557660,0.0,verified
P03266,ORG_UNRES_W33189758,ORG_UNRES_W33189758_T001,快递员,PL_W33189758,0.0,unresolved
P03267,ORG_N2021668241,ORG_N2021668241_T001,咖啡师,PL_N2021668241,0.0,verified
P03268,ORG_UNRES_W660934797,ORG_UNRES_W660934797_T001,维修技师,PL_W660934797,0.0,unresolved
P03269,ORG_N6845991721,ORG_N6845991721_T001,客户专员,PL_W692002311,95.2,medium
P03270,ORG_W34690180,ORG_W34690180_T001,焊工,PL_W34690180,0.0,verified
P03271,ORG_UNRES_W659249416,ORG_UNRES_W659249416_T001,独立承包商,PL_W659249416,0.0,unresolved
P03272,ORG_N6328178867,ORG_N6328178867_T001,美容师,PL_N6328178867,0.0,verified
P03273,ORG_N5925522449,ORG_N5925522449_T001,餐厅服务员,PL_N5925522449,0.0,verified
P03274,ORG_UNRES_W34749776,ORG_UNRES_W34749776_T001,汽车技师,PL_W34749776,0.0,unresolved
P03275,ORG_W32534748,ORG_W32534748_T001,健身教练,PL_W32534748,0.0,verified
P03276,ORG_UNRES_W134174510,ORG_UNRES_W134174510_T001,独立程序员,PL_W134174510,0.0,unresolved
P03277,ORG_W25108216,ORG_W25108216_T001,酒店服务人员,PL_W25108216,0.0,verified
P03278,ORG_UNRES_W701979633,ORG_UNRES_W701979633_T001,维修技师,PL_W701979633,0.0,unresolved
P03279,ORG_W23447424,ORG_W23447424_T001,博士研究生,PL_W23447424,0.0,verified
P03280,ORG_N10951487095,ORG_N10951487095_T001,运营经理,PL_N10951487095,0.0,verified
P03281,ORG_W27767648,ORG_W27767648_T001,行政专员,PL_W27767648,0.0,verified
P03282,ORG_N934384592,ORG_N934384592_T001,财务经理,PL_W662441672,98.5,medium
P03283,ORG_UNRES_W31619128,ORG_UNRES_W31619128_T001,咨询顾问,PL_W31619128,0.0,unresolved
P03284,ORG_UNRES_W32610194,ORG_UNRES_W32610194_T001,搬运工,PL_W32610194,0.0,unresolved
P03285,ORG_W33746339,ORG_W33746339_T001,人力资源经理,PL_W33746339,0.0,verified
P03286,ORG_UNRES_W660177154,ORG_UNRES_W660177154_T001,自由设计师,PL_W660177154,0.0,unresolved
P03287,ORG_N436904205,ORG_N436904205_T001,自由销售,PL_N436904205,0.0,verified
P03288,ORG_W213917635,ORG_W213917635_T001,安装工,PL_W213917635,0.0,verified
P03289,ORG_N1140190489,ORG_N1140190489_T001,餐厅服务员,PL_N1140190489,0.0,verified
P03290,ORG_N1372148006,ORG_N1372148006_T001,零售店员,PL_N1372148006,0.0,verified
P03291,ORG_N10838177365,ORG_N10838177365_T001,人力资源经理,PL_W671097359,23.1,high
P03292,ORG_UNRES_W34586715,ORG_UNRES_W34586715_T001,建筑工人,PL_W34586715,0.0,unresolved
P03293,ORG_W66979961,ORG_W66979961_T001,建筑工人,PL_W66979788,29.6,medium
P03294,ORG_N9672795308,ORG_N9672795308_T001,本科生,PL_N9672795308,0.0,verified
P03295,ORG_N774436349,ORG_N774436349_T001,餐厅服务员,PL_N774436349,0.0,verified
P03296,ORG_UNRES_W660637883,ORG_UNRES_W660637883_T001,自媒体从业者,PL_W660637883,0.0,unresolved
P03297,ORG_UNRES_W659588095,ORG_UNRES_W659588095_T001,维修技师,PL_W659588095,0.0,unresolved
P03298,ORG_UNRES_W409261535,ORG_UNRES_W409261535_T001,卡车司机,PL_W409261535,0.0,unresolved
P03299,ORG_N8832604496,ORG_N8832604496_T001,本科生,PL_N8832604496,0.0,verified
P03300,ORG_N1518532024,ORG_N1518532024_T001,本科生,PL_N1518532024,0.0,verified
P03301,ORG_N2784002447,ORG_N2784002447_T001,高级软件工程师,PL_W34585561,58.4,medium
P03302,ORG_UNRES_W663827268,ORG_UNRES_W663827268_T001,快递员,PL_W663827268,0.0,unresolved
P03303,ORG_W23447424,ORG_W23447424_T002,硕士研究生,PL_W23447424,0.0,verified
P03304,ORG_UNRES_W661957665,ORG_UNRES_W661957665_T001,自媒体从业者,PL_W661957665,0.0,unresolved
P03305,ORG_N6549810550,ORG_N6549810550_T001,高级运营专员,PL_W661897517,29.7,medium
P03306,ORG_N12785231968,ORG_N12785231968_T001,咖啡师,PL_N12785231968,0.0,verified
P03307,ORG_W31778853,ORG_W31778853_T001,客户经理,PL_W31778853,0.0,verified
P03308,ORG_N14040757537,ORG_N14040757537_T001,餐厅服务员,PL_N14040757537,0.0,verified
P03309,ORG_UNRES_W32542296,ORG_UNRES_W32542296_T001,搬运工,PL_W32542296,0.0,unresolved
P03310,ORG_N3774328448,ORG_N3774328448_T001,客服,PL_N3774328448,0.0,verified
P03311,ORG_UNRES_W136796723,ORG_UNRES_W136796723_T001,财务主管,PL_W136796723,0.0,unresolved
P03312,ORG_UNRES_W31926276,ORG_UNRES_W31926276_T001,高级软件工程师,PL_W31926276,0.0,unresolved
P03313,ORG_W798863062,ORG_W798863062_T001,HR经理,PL_W60116988,60.6,medium
P03314,ORG_UNRES_W449305112,ORG_UNRES_W449305112_T001,数据分析师,PL_W449305112,0.0,unresolved
P03315,ORG_W170051471,ORG_W170051471_T001,自由销售,PL_W170051471,0.0,verified
P03316,ORG_N13915678374,ORG_N13915678374_T001,保安,PL_N13915678374,0.0,verified
P03317,ORG_W663314286,ORG_W663314286_T001,财务经理,PL_W677205548,56.2,medium
P03318,ORG_N1142872979,ORG_N1142872979_T001,本科生,PL_N1142872979,0.0,verified
P03319,ORG_UNRES_W973784995,ORG_UNRES_W973784995_T001,客户专员,PL_W973784995,0.0,unresolved
P03320,ORG_N2682257989,ORG_N2682257989_T001,行政专员,PL_N2682257989,0.0,verified
P03321,ORG_N8283560837,ORG_N8283560837_T001,高级数据分析师,PL_N8283560837,0.0,verified
P03322,ORG_N6323492986,ORG_N6323492986_T001,餐厅服务员,PL_N6323492986,0.0,verified
P03323,ORG_UNRES_W662554269,ORG_UNRES_W662554269_T001,咨询顾问,PL_W662554269,0.0,unresolved
P03324,ORG_UNRES_W661065943,ORG_UNRES_W661065943_T001,咨询顾问,PL_W661065943,0.0,unresolved
P03325,ORG_UNRES_W674557291,ORG_UNRES_W674557291_T001,客户专员,PL_W674557291,0.0,unresolved
P03326,ORG_N3877424973,ORG_N3877424973_T001,餐厅服务员,PL_N3877424973,0.0,verified
P03327,ORG_N12290597826,ORG_N12290597826_T001,采购经理,PL_W701979634,31.5,medium
P03328,ORG_W27778415,ORG_W27778415_T001,采购专员,PL_W27778415,0.0,verified
P03329,ORG_W31728160,ORG_W31728160_T001,酒店前台,PL_W31728160,0.0,verified
P03330,ORG_UNRES_W477385959,ORG_UNRES_W477385959_T001,建筑工人,PL_W477385959,0.0,unresolved
P03331,ORG_UNRES_W66979786,ORG_UNRES_W66979786_T001,仓库操作员,PL_W66979786,0.0,unresolved
P03332,ORG_UNRES_W659129686,ORG_UNRES_W659129686_T001,仓库操作员,PL_W659129686,0.0,unresolved
P03333,ORG_W61982576,ORG_W61982576_T001,客户经理,PL_W61982577,75.4,medium
P03334,ORG_N13570988380,ORG_N13570988380_T001,餐厅服务员,PL_N13570988380,0.0,verified
P03335,ORG_N1131316564,ORG_N1131316564_T001,客服,PL_N1131316564,0.0,verified
P03336,ORG_UNRES_W662149220,ORG_UNRES_W662149220_T001,卡车司机,PL_W662149220,0.0,unresolved
P03337,ORG_W43125814,ORG_W43125814_T001,客户专员,PL_W43125814,0.0,verified
P03338,ORG_W179297875,ORG_W179297875_T002,酒店服务人员,PL_W179297875,0.0,verified
P03339,ORG_W23447424,ORG_W23447424_T003,本科生,PL_W23447424,0.0,verified
P03340,ORG_W148646768,ORG_W148646768_T001,保安,PL_W148646768,0.0,verified
P03341,ORG_UNRES_W797142947,ORG_UNRES_W797142947_T001,汽车技师,PL_W797142947,0.0,unresolved
P03342,ORG_N13134416539,ORG_N13134416539_T001,理发师,PL_N13134416539,0.0,verified
P03343,ORG_N12941605147,ORG_N12941605147_T001,本科生,PL_N12941605147,0.0,verified
P03344,ORG_UNRES_W677206974,ORG_UNRES_W677206974_T001,数据分析师,PL_W677206974,0.0,unresolved
P03345,ORG_N8832604496,ORG_N8832604496_T001,本科生,PL_N8832604496,0.0,verified
P03346,ORG_N13944227404,ORG_N13944227404_T001,产品经理,PL_N13944227404,0.0,verified
P03347,ORG_UNRES_W660178204,ORG_UNRES_W660178204_T001,自媒体从业者,PL_W660178204,0.0,unresolved
P03348,ORG_W258236803,ORG_W258236803_T001,电工,PL_W258236803,0.0,verified
P03349,ORG_W141693739,ORG_W141693739_T001,行政专员,PL_W141693739,0.0,verified
P03350,ORG_N7528844936,ORG_N7528844936_T001,美容师,PL_N7528844936,0.0,verified
P03351,ORG_W233062811,ORG_W233062811_T001,产品经理,PL_W1531629509,97.9,medium
P03352,ORG_N13158025531,ORG_N13158025531_T001,销售经理,PL_W43812192,77.4,medium
P03353,ORG_N13955553668,ORG_N13955553668_T001,项目经理,PL_W59248694,17.0,high
P03354,ORG_W23334883,ORG_W23334883_T001,本科生,PL_W23334883,0.0,verified
P03355,ORG_W122205423,ORG_W122205423_T002,会计,PL_W122205423,0.0,verified
P03356,ORG_W27767631,ORG_W27767631_T001,会计,PL_W27767631,0.0,verified
P03357,ORG_W34084530,ORG_W34084530_T001,酒店服务人员,PL_W34084530,0.0,verified
P03358,ORG_N13879149767,ORG_N13879149767_T001,零售店员,PL_N13879149767,0.0,verified
P03359,ORG_UNRES_W31363802,ORG_UNRES_W31363802_T001,财务经理,PL_W31363802,0.0,unresolved
P03360,ORG_N14049964869,ORG_N14049964869_T001,零售店员,PL_N14049964869,0.0,verified
P03361,ORG_N6423814886,ORG_N6423814886_T001,销售经理,PL_W367037750,19.0,high
P03362,ORG_UNRES_W659307948,ORG_UNRES_W659307948_T001,设备操作员,PL_W659307948,0.0,unresolved
P03363,ORG_W122205423,ORG_W122205423_T001,行政专员,PL_W122205423,0.0,verified
P03364,ORG_UNRES_W43806369,ORG_UNRES_W43806369_T001,软件工程师,PL_W43806369,0.0,unresolved
P03365,ORG_W27778689,ORG_W27778689_T001,酒店服务人员,PL_W27778689,0.0,verified
P03366,ORG_N5706236065,ORG_N5706236065_T001,采购经理,PL_W599480360,41.6,medium
P03367,ORG_W128573567,ORG_W128573567_T001,客户经理,PL_W1350297410,6.3,high
P03368,ORG_N1733861962,ORG_N1733861962_T001,咨询顾问,PL_N1733861962,0.0,verified
P03369,ORG_N7751944165,ORG_N7751944165_T001,咖啡师,PL_N7751944165,0.0,verified
P03370,ORG_UNRES_W161271397,ORG_UNRES_W161271397_T001,安装工,PL_W161271397,0.0,unresolved
P03371,ORG_W67139112,ORG_W67139112_T001,仓库操作员,PL_W230168443,80.2,medium
P03372,ORG_W13404966,ORG_W13404966_T001,销售代表,PL_W13404966,0.0,verified
P03373,ORG_N6419859642,ORG_N6419859642_T001,私教,PL_N6419859642,0.0,verified
P03374,ORG_N1144124196,ORG_N1144124196_T001,美容师,PL_N1144124196,0.0,verified
P03375,ORG_W27991582,ORG_W27991582_T001,HR经理,PL_W27991582,0.0,verified
P03376,ORG_N400917823,ORG_N400917823_T001,咖啡师,PL_N400917823,0.0,verified
P03377,ORG_N1907034160,ORG_N1907034160_T001,客服,PL_N1907034160,0.0,verified
P03378,ORG_UNRES_W58727921,ORG_UNRES_W58727921_T001,配送员,PL_W58727921,0.0,unresolved
P03379,ORG_W161836042,ORG_W161836042_T001,摄影师,PL_W161836042,0.0,verified
P03380,ORG_N2344844672,ORG_N2344844672_T001,软件工程师,PL_N2344844672,0.0,verified
P03381,ORG_UNRES_W461483024,ORG_UNRES_W461483024_T001,维修技师,PL_W461483024,0.0,unresolved
P03382,ORG_N2029421093,ORG_N2029421093_T001,运营专员,PL_N2029421093,0.0,verified
P03383,ORG_W61014137,ORG_W61014137_T001,酒店前台,PL_W61014137,0.0,verified
P03384,ORG_N13951193828,ORG_N13951193828_T001,采购经理,PL_N13951193828,0.0,verified
P03385,ORG_UNRES_W56238528,ORG_UNRES_W56238528_T001,高级软件工程师,PL_W56238528,0.0,unresolved
P03386,ORG_N1967215124,ORG_N1967215124_T001,区域经理,PL_W660865172,50.3,medium
P03387,ORG_W241020327,ORG_W241020327_T002,酒店服务人员,PL_W241020327,0.0,verified
P03388,ORG_N6419730380,ORG_N6419730380_T001,财务专员,PL_W122204658,38.9,medium
P03389,ORG_N7557124699,ORG_N7557124699_T001,翻译,PL_N7557124699,0.0,verified
P03390,ORG_N6423958629,ORG_N6423958629_T001,HR经理,PL_W659629318,51.3,medium
P03391,ORG_N6545307525,ORG_N6545307525_T001,咖啡师,PL_N6545307525,0.0,verified
P03392,ORG_N5682119644,ORG_N5682119644_T001,厨师,PL_N5682119644,0.0,verified
P03393,ORG_N11406187968,ORG_N11406187968_T001,硕士研究生,PL_N11406187968,0.0,verified
P03394,ORG_W27767640,ORG_W27767640_T001,酒店前台,PL_W27767640,0.0,verified
P03395,ORG_N7881307695,ORG_N7881307695_T001,客服,PL_N7881307695,0.0,verified
P03396,ORG_W146419070,ORG_W146419070_T001,酒店服务人员,PL_W146419070,0.0,verified
P03397,ORG_UNRES_W702554496,ORG_UNRES_W702554496_T001,设备操作员,PL_W702554496,0.0,unresolved
P03398,ORG_N2548856098,ORG_N2548856098_T001,行政专员,PL_N2548856098,0.0,verified
P03399,ORG_UNRES_W285345952,ORG_UNRES_W285345952_T001,产品经理,PL_W285345952,0.0,unresolved
P03400,ORG_N1138266437,ORG_N1138266437_T001,理发师,PL_N1138266437,0.0,verified
P03401,ORG_N14054997612,ORG_N14054997612_T001,行政专员,PL_W59244491,77.0,medium
P03402,ORG_N8100550665,ORG_N8100550665_T001,运营经理,PL_N8100550665,0.0,verified
P03403,ORG_W60304653,ORG_W60304653_T001,硕士研究生,PL_W60304653,0.0,verified
P03404,ORG_UNRES_W659441078,ORG_UNRES_W659441078_T001,电工,PL_W659441078,0.0,unresolved
P03405,ORG_W1502657605,ORG_W1502657605_T001,硕士研究生,PL_W1502657605,0.0,verified
P03406,ORG_N12372663747,ORG_N12372663747_T001,采购经理,PL_N12372663747,0.0,verified
P03407,ORG_N6386975388,ORG_N6386975388_T001,咖啡师,PL_N6386975388,0.0,verified
P03408,ORG_W61759776,ORG_W61759776_T003,本科生,PL_W61759776,0.0,verified
P03409,ORG_UNRES_W41789653,ORG_UNRES_W41789653_T001,网店经营者,PL_W41789653,0.0,unresolved
P03410,ORG_N8033469358,ORG_N8033469358_T001,产品经理,PL_N8033469358,0.0,verified
P03411,ORG_N6545539546,ORG_N6545539546_T001,部门经理,PL_N6545539546,0.0,verified
P03412,ORG_UNRES_W557708469,ORG_UNRES_W557708469_T001,设计师,PL_W557708469,0.0,unresolved
P03413,ORG_N13869720211,ORG_N13869720211_T001,餐厅服务员,PL_N13869720211,0.0,verified
P03414,ORG_UNRES_W796687015,ORG_UNRES_W796687015_T001,维修技师,PL_W796687015,0.0,unresolved
P03415,ORG_N3467042580,ORG_N3467042580_T001,健身教练,PL_N3467042580,0.0,verified
P03416,ORG_N13897158549,ORG_N13897158549_T001,采购经理,PL_W1080660035,75.5,medium
P03417,ORG_W33542522,ORG_W33542522_T001,厨师,PL_W33542522,0.0,verified
P03418,ORG_N59566249,ORG_N59566249_T001,采购经理,PL_W122204305,35.4,medium
P03419,ORG_N2558957630,ORG_N2558957630_T001,美容师,PL_N2558957630,0.0,verified
P03420,ORG_UNRES_W60907891,ORG_UNRES_W60907891_T001,自媒体从业者,PL_W60907891,0.0,unresolved
P03421,ORG_W276149333,ORG_W276149333_T001,财务主管,PL_W276149333,0.0,verified
P03422,ORG_UNRES_W704594307,ORG_UNRES_W704594307_T001,运营专员,PL_W704594307,0.0,unresolved
P03423,ORG_W31366345,ORG_W31366345_T001,项目经理,PL_W31366345,0.0,verified
P03424,ORG_N8033469358,ORG_N8033469358_T001,高级数据分析师,PL_N8033469358,0.0,verified
P03425,ORG_UNRES_W672703072,ORG_UNRES_W672703072_T001,客户经理,PL_W672703072,0.0,unresolved
P03426,ORG_N538717607,ORG_N538717607_T001,保安,PL_N538717607,0.0,verified
P03427,ORG_N13676218287,ORG_N13676218287_T001,理发师,PL_N13676218287,0.0,verified
P03428,ORG_UNRES_W660248237,ORG_UNRES_W660248237_T001,快递员,PL_W660248237,0.0,unresolved
P03429,ORG_UNRES_W218951100,ORG_UNRES_W218951100_T001,设备操作员,PL_W218951100,0.0,unresolved
P03430,ORG_W1021349239,ORG_W1021349239_T001,咨询顾问,PL_W1021349239,0.0,verified
P03431,ORG_W197174564,ORG_W197174564_T001,客服,PL_W197174564,0.0,verified
P03432,ORG_W58673609,ORG_W58673609_T001,酒店服务人员,PL_W58673609,0.0,verified
P03433,ORG_UNRES_W55217863,ORG_UNRES_W55217863_T001,设备操作员,PL_W55217863,0.0,unresolved
P03434,ORG_N5154126832,ORG_N5154126832_T001,健身教练,PL_N5154126832,0.0,verified
P03435,ORG_UNRES_W247681917,ORG_UNRES_W247681917_T001,采购专员,PL_W247681917,0.0,unresolved
P03436,ORG_W1431713652,ORG_W1431713652_T001,硕士研究生,PL_W1431713652,0.0,verified
P03437,ORG_N6384674985,ORG_N6384674985_T001,摄影师,PL_N6384674985,0.0,verified
P03438,ORG_N6528691666,ORG_N6528691666_T001,健身教练,PL_N6528691666,0.0,verified
P03439,ORG_N6341456288,ORG_N6341456288_T001,客户经理,PL_W671599472,18.2,high
P03440,ORG_UNRES_W141171737,ORG_UNRES_W141171737_T001,维修技师,PL_W141171737,0.0,unresolved
P03441,ORG_W58646468,ORG_W58646468_T001,快递员,PL_W58646468,0.0,verified
P03442,ORG_UNRES_W658301418,ORG_UNRES_W658301418_T001,设计师,PL_W658301418,0.0,unresolved
P03443,ORG_UNRES_W658955011,ORG_UNRES_W658955011_T001,网店经营者,PL_W658955011,0.0,unresolved
P03444,ORG_N11784591294,ORG_N11784591294_T001,理发师,PL_N11784591294,0.0,verified
P03445,ORG_W31443988,ORG_W31443988_T001,数据分析师,PL_W31443988,0.0,verified
P03446,ORG_UNRES_W659449069,ORG_UNRES_W659449069_T001,独立程序员,PL_W659449069,0.0,unresolved
P03447,ORG_UNRES_W225948695,ORG_UNRES_W225948695_T001,电工,PL_W225948695,0.0,unresolved
P03448,ORG_W25491342,ORG_W25491342_T001,厨师,PL_W25491342,0.0,verified
P03449,ORG_UNRES_W66979977,ORG_UNRES_W66979977_T001,会计,PL_W66979977,0.0,unresolved
P03450,ORG_W137923159,ORG_W137923159_T001,财务主管,PL_W137923159,0.0,verified
P03451,ORG_W387353918,ORG_W387353918_T001,客户经理,PL_W387353918,0.0,verified
P03452,ORG_UNRES_W677770980,ORG_UNRES_W677770980_T001,建筑工人,PL_W677770980,0.0,unresolved
P03453,ORG_W34587440,ORG_W34587440_T001,软件工程师,PL_W34587440,0.0,verified
P03454,ORG_UNRES_W657697672,ORG_UNRES_W657697672_T001,高级运营专员,PL_W657697672,0.0,unresolved
P03455,ORG_W160151165,ORG_W160151165_T001,安装工,PL_W160151165,0.0,verified
P03456,ORG_UNRES_W334623328,ORG_UNRES_W334623328_T001,安装工,PL_W334623328,0.0,unresolved
P03457,ORG_W366234298,ORG_W366234298_T001,高级数据分析师,PL_W366234298,0.0,verified
P03458,ORG_N1155305439,ORG_N1155305439_T001,零售店员,PL_N13780962297,10.5,high
P03459,ORG_N11803596922,ORG_N11803596922_T001,零售店员,PL_N11803596922,0.0,verified
P03460,ORG_UNRES_W55462938,ORG_UNRES_W55462938_T001,高级数据分析师,PL_W55462938,0.0,unresolved
P03461,ORG_W55036397,ORG_W55036397_T001,酒店服务人员,PL_W55036397,0.0,verified
P03462,ORG_W33471348,ORG_W33471348_T001,自媒体从业者,PL_W33471348,0.0,verified
P03463,ORG_N7529120970,ORG_N7529120970_T001,房产经纪,PL_N7529120970,0.0,verified
P03464,ORG_W659460157,ORG_W659460157_T001,会计,PL_W71417922,99.5,medium
P03465,ORG_UNRES_W676299461,ORG_UNRES_W676299461_T001,焊工,PL_W676299461,0.0,unresolved
P03466,ORG_N845505194,ORG_N845505194_T001,咖啡师,PL_N845505194,0.0,verified
P03467,ORG_N2153426039,ORG_N2153426039_T001,收银员,PL_N2153426039,0.0,verified
P03468,ORG_UNRES_W659239201,ORG_UNRES_W659239201_T001,销售代表,PL_W659239201,0.0,unresolved
P03469,ORG_N8320329661,ORG_N8320329661_T001,厨师,PL_N8320329661,0.0,verified
P03470,ORG_W137923159,ORG_W137923159_T001,高级软件工程师,PL_W262740197,49.8,medium
P03471,ORG_N6584471076,ORG_N6584471076_T001,零售店员,PL_N6584471076,0.0,verified
P03472,ORG_UNRES_W335620130,ORG_UNRES_W335620130_T001,项目经理,PL_W335620130,0.0,unresolved
P03473,ORG_N6306357923,ORG_N6306357923_T001,会计,PL_N6306357923,0.0,verified
P03474,ORG_UNRES_W660397102,ORG_UNRES_W660397102_T001,客户专员,PL_W660397102,0.0,unresolved
P03475,ORG_UNRES_W1033377981,ORG_UNRES_W1033377981_T001,自由销售,PL_W1033377981,0.0,unresolved
P03476,ORG_N12697813979,ORG_N12697813979_T001,高级数据分析师,PL_W182946160,18.5,high
P03477,ORG_UNRES_W678433693,ORG_UNRES_W678433693_T001,销售代表,PL_W678433693,0.0,unresolved
P03478,ORG_N6455957419,ORG_N6455957419_T001,采购专员,PL_N6455957419,0.0,verified
P03479,ORG_N3007175447,ORG_N3007175447_T001,高级数据分析师,PL_W953878382,48.2,medium
P03480,ORG_W27767635,ORG_W27767635_T001,运营专员,PL_W27767635,0.0,verified
P03481,ORG_UNRES_W229483175,ORG_UNRES_W229483175_T001,客户专员,PL_W229483175,0.0,unresolved
P03482,ORG_N5264995539,ORG_N5264995539_T001,网店经营者,PL_N5264995539,0.0,verified
P03483,ORG_N7590564646,ORG_N7590564646_T001,美容师,PL_N7590564646,0.0,verified
P03484,ORG_W33893041,ORG_W33893041_T001,酒店前台,PL_W33893041,0.0,verified
P03485,ORG_W225877280,ORG_W225877280_T001,厨师,PL_W225877280,0.0,verified
P03486,ORG_UNRES_W659605628,ORG_UNRES_W659605628_T001,安装工,PL_W659605628,0.0,unresolved
P03487,ORG_UNRES_W1009155382,ORG_UNRES_W1009155382_T001,房产经纪,PL_W1009155382,0.0,unresolved
P03488,ORG_W105153853,ORG_W105153853_T001,自由销售,PL_W105153853,0.0,verified
P03489,ORG_N5010476461,ORG_N5010476461_T001,客户经理,PL_W61011663,18.7,high
P03490,ORG_N8964342504,ORG_N8964342504_T001,客户经理,PL_N8964342504,0.0,verified
P03491,ORG_N6334219389,ORG_N6334219389_T001,销售经理,PL_N6334219389,0.0,verified
P03492,ORG_UNRES_W659322403,ORG_UNRES_W659322403_T001,采购经理,PL_W659322403,0.0,unresolved
P03493,ORG_UNRES_W103621380,ORG_UNRES_W103621380_T001,维修技师,PL_W103621380,0.0,unresolved
P03494,ORG_W80378604,ORG_W80378604_T001,财务专员,PL_W34121938,63.8,medium
P03495,ORG_N12662416801,ORG_N12662416801_T001,餐厅服务员,PL_N12662416801,0.0,verified
P03496,ORG_N13011557660,ORG_N13011557660_T001,健身教练,PL_N13011557660,0.0,verified
P03497,ORG_N1995567787,ORG_N1995567787_T001,翻译,PL_N1995567787,0.0,verified
P03498,ORG_UNRES_W700221889,ORG_UNRES_W700221889_T001,采购专员,PL_W700221889,0.0,unresolved
P03499,ORG_W43125683,ORG_W43125683_T001,销售代表,PL_W43125683,0.0,verified
P03500,ORG_W543787600,ORG_W543787600_T001,零售店员,PL_W543787600,0.0,verified
P03501,ORG_UNRES_W31620091,ORG_UNRES_W31620091_T001,运营经理,PL_W31620091,0.0,unresolved
P03502,ORG_UNRES_W34582690,ORG_UNRES_W34582690_T001,建筑工人,PL_W34582690,0.0,unresolved
P03503,ORG_W247147345,ORG_W247147345_T001,酒店服务人员,PL_W247147345,0.0,verified
P03504,ORG_N6090819024,ORG_N6090819024_T001,产品经理,PL_W495300892,36.5,medium
P03505,ORG_UNRES_W701664619,ORG_UNRES_W701664619_T001,销售代表,PL_W701664619,0.0,unresolved
P03506,ORG_W163046995,ORG_W163046995_T001,采购经理,PL_W163046995,0.0,verified
P03507,ORG_N8550950821,ORG_N8550950821_T001,行政专员,PL_N8550950821,0.0,verified
P03508,ORG_UNRES_W705624345,ORG_UNRES_W705624345_T001,运营专员,PL_W705624345,0.0,unresolved
P03509,ORG_N12227880714,ORG_N12227880714_T001,硕士研究生,PL_N12227880714,0.0,verified
P03510,ORG_UNRES_W387354963,ORG_UNRES_W387354963_T001,汽车技师,PL_W387354963,0.0,unresolved
P03511,ORG_N6685521586,ORG_N6685521586_T001,咖啡师,PL_N6685521586,0.0,verified
P03512,ORG_UNRES_W76001386,ORG_UNRES_W76001386_T001,财务专员,PL_W76001386,0.0,unresolved
P03513,ORG_N12290570959,ORG_N12290570959_T001,自媒体从业者,PL_N12290570959,0.0,verified
P03514,ORG_N588338842,ORG_N588338842_T001,咖啡师,PL_N588338842,0.0,verified
P03515,ORG_W43805112,ORG_W43805112_T001,人力资源经理,PL_W43805112,0.0,verified
P03516,ORG_N9140143421,ORG_N9140143421_T001,HR经理,PL_W661193506,6.1,high
P03517,ORG_N6386093053,ORG_N6386093053_T001,理发师,PL_N6386093049,29.6,medium
P03518,ORG_UNRES_W674557299,ORG_UNRES_W674557299_T001,自由设计师,PL_W674557299,0.0,unresolved
P03519,ORG_W34587440,ORG_W34587440_T001,会计,PL_W34587440,0.0,verified
P03520,ORG_N12996545662,ORG_N12996545662_T001,财务经理,PL_W662098503,73.9,medium
P03521,ORG_W353252514,ORG_W353252514_T001,采购专员,PL_W353252514,0.0,verified
P03522,ORG_UNRES_W659546812,ORG_UNRES_W659546812_T001,仓库操作员,PL_W659546812,0.0,unresolved
P03523,ORG_UNRES_W556114691,ORG_UNRES_W556114691_T001,高级软件工程师,PL_W556114691,0.0,unresolved
P03524,ORG_UNRES_W1500806454,ORG_UNRES_W1500806454_T001,软件工程师,PL_W1500806454,0.0,unresolved
P03525,ORG_W658300634,ORG_W658300634_T001,高级数据分析师,PL_W658300634,0.0,verified
P03526,ORG_N5790583407,ORG_N5790583407_T001,厨师,PL_N5790583407,0.0,verified
P03527,ORG_W61429677,ORG_W61429677_T002,酒店前台,PL_W61429677,0.0,verified
P03528,ORG_N4013809949,ORG_N4013809949_T001,客服,PL_N4013809949,0.0,verified
P03529,ORG_W56062741,ORG_W56062741_T001,销售经理,PL_W56062741,0.0,verified
P03530,ORG_UNRES_W34176245,ORG_UNRES_W34176245_T001,配送员,PL_W34176245,0.0,unresolved
P03531,ORG_UNRES_W663869641,ORG_UNRES_W663869641_T001,汽车技师,PL_W663869641,0.0,unresolved
P03532,ORG_W367536575,ORG_W367536575_T002,厨师,PL_W367536575,0.0,verified
P03533,ORG_N7638850237,ORG_N7638850237_T001,私教,PL_N7638850237,0.0,verified
P03534,ORG_N8680020429,ORG_N8680020429_T001,高级数据分析师,PL_N8680020429,0.0,verified
P03535,ORG_N4228307289,ORG_N4228307289_T001,健身教练,PL_N4228307289,0.0,verified
P03536,ORG_UNRES_W1204537082,ORG_UNRES_W1204537082_T001,独立程序员,PL_W1204537082,0.0,unresolved
P03537,ORG_N8911556690,ORG_N8911556690_T001,咖啡师,PL_N8911556690,0.0,verified
P03538,ORG_W23447424,ORG_W23447424_T003,本科生,PL_W23447424,0.0,verified
P03539,ORG_N6495425609,ORG_N6495425609_T001,客户专员,PL_W692017154,39.7,medium
P03540,ORG_W663871232,ORG_W663871232_T001,产品经理,PL_W663871232,0.0,verified
P03541,ORG_N6845991721,ORG_N6845991721_T001,财务主管,PL_W265703121,31.6,medium
P03542,ORG_N1736786067,ORG_N1736786067_T001,保安,PL_N1736786067,0.0,verified
P03543,ORG_UNRES_W66980162,ORG_UNRES_W66980162_T001,设备操作员,PL_W66980162,0.0,unresolved
P03544,ORG_W122205423,ORG_W122205423_T001,销售代表,PL_W122205423,0.0,verified
P03545,ORG_W182282890,ORG_W182282890_T001,保安,PL_W182282890,0.0,verified
P03546,ORG_N11803596923,ORG_N11803596923_T001,高级数据分析师,PL_N11803596923,0.0,verified
P03547,ORG_W398583836,ORG_W398583836_T001,收银员,PL_W398583836,0.0,verified
P03548,ORG_UNRES_W1389930381,ORG_UNRES_W1389930381_T001,网店经营者,PL_W1389930381,0.0,unresolved
P03549,ORG_UNRES_W679550928,ORG_UNRES_W679550928_T001,安装工,PL_W679550928,0.0,unresolved
P03550,ORG_UNRES_W706190949,ORG_UNRES_W706190949_T001,网店经营者,PL_W706190949,0.0,unresolved
P03551,ORG_W103619676,ORG_W103619676_T001,设备操作员,PL_W103619594,88.9,medium
P03552,ORG_UNRES_W43808567,ORG_UNRES_W43808567_T001,行政专员,PL_W43808567,0.0,unresolved
P03553,ORG_UNRES_W663381153,ORG_UNRES_W663381153_T001,翻译,PL_W663381153,0.0,unresolved
P03554,ORG_W115222390,ORG_W115222390_T002,产品经理,PL_W115222390,0.0,verified
P03555,ORG_UNRES_W187814126,ORG_UNRES_W187814126_T001,房产经纪,PL_W187814126,0.0,unresolved
P03556,ORG_W148646768,ORG_W148646768_T001,酒店服务人员,PL_W148646768,0.0,verified
P03557,ORG_W122205423,ORG_W122205423_T001,配送员,PL_W122205423,0.0,verified
P03558,ORG_N384785118,ORG_N384785118_T001,美容师,PL_N384785118,0.0,verified
P03559,ORG_UNRES_W661541408,ORG_UNRES_W661541408_T001,财务经理,PL_W661541408,0.0,unresolved
P03560,ORG_UNRES_W179653224,ORG_UNRES_W179653224_T001,会计,PL_W179653224,0.0,unresolved
P03561,ORG_N11050178297,ORG_N11050178297_T001,私教,PL_N11050178297,0.0,verified
P03562,ORG_W61430204,ORG_W61430204_T001,安装工,PL_W61430204,0.0,verified
P03563,ORG_N6548307620,ORG_N6548307620_T001,财务主管,PL_N6548307620,0.0,verified
P03564,ORG_N6565973716,ORG_N6565973716_T001,私教,PL_N6565973716,0.0,verified
P03565,ORG_UNRES_W677206965,ORG_UNRES_W677206965_T001,电工,PL_W677206965,0.0,unresolved
P03566,ORG_N12390409170,ORG_N12390409170_T001,HR经理,PL_N12390409170,0.0,verified
P03567,ORG_N3602419558,ORG_N3602419558_T001,咖啡师,PL_N3602419558,0.0,verified
P03568,ORG_UNRES_W60428858,ORG_UNRES_W60428858_T001,焊工,PL_W60428858,0.0,unresolved
P03569,ORG_N13374713725,ORG_N13374713725_T001,硕士研究生,PL_N13374713725,0.0,verified
P03570,ORG_N6848476768,ORG_N6848476768_T001,产品经理,PL_W1194870091,39.1,medium
P03571,ORG_N10892231389,ORG_N10892231389_T001,独立承包商,PL_N10892231389,0.0,verified
P03572,ORG_N4412252090,ORG_N4412252090_T001,客服,PL_N4412252090,0.0,verified
P03573,ORG_N387772003,ORG_N387772003_T001,收银员,PL_N387772003,0.0,verified
P03574,ORG_W210313906,ORG_W210313906_T001,收银员,PL_W210313906,0.0,verified
P03575,ORG_W55036397,ORG_W55036397_T001,厨师,PL_W55036397,0.0,verified
P03576,ORG_N803168349,ORG_N803168349_T001,会计,PL_W598637692,41.7,medium
P03577,ORG_N6554627497,ORG_N6554627497_T001,咖啡师,PL_N6554627497,0.0,verified
P03578,ORG_N4030189880,ORG_N4030189880_T001,翻译,PL_N4030189880,0.0,verified
P03579,ORG_N2856305706,ORG_N2856305706_T001,财务专员,PL_W677477572,71.7,medium
P03580,ORG_UNRES_W1315961632,ORG_UNRES_W1315961632_T001,设备操作员,PL_W1315961632,0.0,unresolved
P03581,ORG_UNRES_W705010178,ORG_UNRES_W705010178_T001,高级运营专员,PL_W705010178,0.0,unresolved
P03582,ORG_N2856305706,ORG_N2856305706_T001,业务负责人,PL_W677477574,79.2,medium
P03583,ORG_UNRES_W66979977,ORG_UNRES_W66979977_T001,电工,PL_W66979977,0.0,unresolved
P03584,ORG_N9233976762,ORG_N9233976762_T001,人力资源经理,PL_W215607163,55.8,medium
P03585,ORG_N1125532862,ORG_N1125532862_T002,产品经理,PL_W660624564,29.5,medium
P03586,ORG_W663871436,ORG_W663871436_T001,项目经理,PL_W663871436,0.0,verified
P03587,ORG_N2458802112,ORG_N2458802112_T001,餐厅服务员,PL_N2458802112,0.0,verified
P03588,ORG_N2620431714,ORG_N2620431714_T001,零售店员,PL_N2620431714,0.0,verified
P03589,ORG_N8832604496,ORG_N8832604496_T001,硕士研究生,PL_N8832604496,0.0,verified
P03590,ORG_UNRES_W704945364,ORG_UNRES_W704945364_T001,高级运营专员,PL_W704945364,0.0,unresolved
P03591,ORG_W32651959,ORG_W32651959_T001,收银员,PL_W32651959,0.0,verified
P03592,ORG_UNRES_W33300782,ORG_UNRES_W33300782_T001,配送员,PL_W33300782,0.0,unresolved
P03593,ORG_W510615178,ORG_W510615178_T001,收银员,PL_W510615178,0.0,verified
P03594,ORG_W13405217,ORG_W13405217_T001,高级软件工程师,PL_W13405217,0.0,verified
P03595,ORG_N5478886799,ORG_N5478886799_T001,健身教练,PL_N5478886799,0.0,verified
P03596,ORG_N3668828498,ORG_N3668828498_T001,厨师,PL_N3668828498,0.0,verified
P03597,ORG_W56062733,ORG_W56062733_T001,翻译,PL_W56062733,0.0,verified
P03598,ORG_UNRES_W661250268,ORG_UNRES_W661250268_T001,汽车技师,PL_W661250268,0.0,unresolved
P03599,ORG_UNRES_W672780996,ORG_UNRES_W672780996_T001,电工,PL_W672780996,0.0,unresolved
P03600,ORG_W43808518,ORG_W43808518_T001,客户经理,PL_W450839697,77.5,medium
P03601,ORG_N9905840447,ORG_N9905840447_T001,美容师,PL_N9905840447,0.0,verified
P03602,ORG_N7551829348,ORG_N7551829348_T001,保安,PL_N7551829348,0.0,verified
P03603,ORG_N6989742135,ORG_N6989742135_T001,高级软件工程师,PL_N6989742135,0.0,verified
P03604,ORG_W805391917,ORG_W805391917_T001,房产经纪,PL_W805391917,0.0,verified
P03605,ORG_UNRES_W33729470,ORG_UNRES_W33729470_T001,卡车司机,PL_W33729470,0.0,unresolved
P03606,ORG_UNRES_W659246210,ORG_UNRES_W659246210_T001,咨询顾问,PL_W659246210,0.0,unresolved
P03607,ORG_W31560496,ORG_W31560496_T001,数据分析师,PL_W31560496,0.0,verified
P03608,ORG_N8530742899,ORG_N8530742899_T001,数据分析师,PL_W537480656,2.2,high
P03609,ORG_N6589662179,ORG_N6589662179_T001,数据分析师,PL_N6589662183,70.4,medium
P03610,ORG_N3413571002,ORG_N3413571002_T001,HR经理,PL_W180683150,38.8,medium
P03611,ORG_N13879295575,ORG_N13879295575_T001,产品经理,PL_N13879295575,0.0,verified
P03612,ORG_N1906061593,ORG_N1906061593_T001,运营经理,PL_W180175774,91.5,medium
P03613,ORG_N2356774418,ORG_N2356774418_T001,采购专员,PL_N2356774418,0.0,verified
P03614,ORG_UNRES_W1346020975,ORG_UNRES_W1346020975_T001,数据分析师,PL_W1346020975,0.0,unresolved
P03615,ORG_W663827160,ORG_W663827160_T001,安装工,PL_W663827169,74.4,medium
P03616,ORG_W23447424,ORG_W23447424_T001,博士研究生,PL_W23447424,0.0,verified
P03617,ORG_UNRES_W659587877,ORG_UNRES_W659587877_T001,采购经理,PL_W659587877,0.0,unresolved
P03618,ORG_N6348638702,ORG_N6348638702_T001,零售店员,PL_N6348638702,0.0,verified
P03619,ORG_N7113185163,ORG_N7113185163_T001,软件工程师,PL_W661512486,45.0,medium
P03620,ORG_N13915723234,ORG_N13915723234_T001,咖啡师,PL_N13915723234,0.0,verified
P03621,ORG_N10893291925,ORG_N10893291925_T001,销售经理,PL_N10893291925,0.0,verified
P03622,ORG_W659460157,ORG_W659460157_T001,采购经理,PL_W659459829,40.5,medium
P03623,ORG_N1143293063,ORG_N1143293063_T001,自媒体从业者,PL_W90306466,16.4,high
P03624,ORG_N12996560402,ORG_N12996560402_T001,美容师,PL_N12996560402,0.0,verified
P03625,ORG_UNRES_W660981669,ORG_UNRES_W660981669_T001,独立承包商,PL_W660981669,0.0,unresolved
P03626,ORG_W59244642,ORG_W59244642_T001,配送员,PL_W59244642,0.0,verified
P03627,ORG_UNRES_W32531207,ORG_UNRES_W32531207_T001,建筑工人,PL_W32531207,0.0,unresolved
P03628,ORG_UNRES_W66983974,ORG_UNRES_W66983974_T001,销售代表,PL_W66983974,0.0,unresolved
P03629,ORG_W702100748,ORG_W702100748_T001,本科生,PL_W702100748,0.0,verified
P03630,ORG_N13141044925,ORG_N13141044925_T001,高级运营专员,PL_W796686975,15.9,high
P03631,ORG_W182090184,ORG_W182090184_T001,保安,PL_W182090184,0.0,verified
P03632,ORG_W663827867,ORG_W663827867_T001,会计,PL_W663828027,73.7,medium
P03633,ORG_W79664987,ORG_W79664987_T001,设计师,PL_W79664987,0.0,verified
P03634,ORG_UNRES_W33362896,ORG_UNRES_W33362896_T001,电工,PL_W33362896,0.0,unresolved
P03635,ORG_N6532784882,ORG_N6532784882_T001,设计师,PL_N6532784882,0.0,verified
P03636,ORG_UNRES_W57385304,ORG_UNRES_W57385304_T001,客户专员,PL_W57385304,0.0,unresolved
P03637,ORG_N1383803047,ORG_N1383803047_T001,餐厅服务员,PL_N1383803047,0.0,verified
P03638,ORG_W55031045,ORG_W55031045_T002,酒店前台,PL_W55031045,0.0,verified
P03639,ORG_W32326097,ORG_W32326097_T001,产品经理,PL_W32326097,0.0,verified
P03640,ORG_W115222390,ORG_W115222390_T001,采购专员,PL_W115222390,0.0,verified
P03641,ORG_UNRES_W349887190,ORG_UNRES_W349887190_T001,网店经营者,PL_W349887190,0.0,unresolved
P03642,ORG_N6551544265,ORG_N6551544265_T001,会计,PL_N6551544265,0.0,verified
P03643,ORG_N12271842265,ORG_N12271842265_T001,高级软件工程师,PL_W1316550313,48.0,medium
P03644,ORG_W663827160,ORG_W663827160_T001,行政专员,PL_W663827160,0.0,verified
P03645,ORG_UNRES_W662259388,ORG_UNRES_W662259388_T001,设计师,PL_W662259388,0.0,unresolved
P03646,ORG_N6543811674,ORG_N6543811674_T001,收银员,PL_N6543811674,0.0,verified
P03647,ORG_W34582681,ORG_W34582681_T001,安装工,PL_W34582688,109.4,medium
P03648,ORG_W32540571,ORG_W32540571_T001,高级数据分析师,PL_W670106669,40.8,medium
P03649,ORG_W61759776,ORG_W61759776_T002,本科生,PL_W61759776,0.0,verified
P03650,ORG_UNRES_W1525237524,ORG_UNRES_W1525237524_T001,行政专员,PL_W1525237524,0.0,unresolved
P03651,ORG_W23447514,ORG_W23447514_T001,博士研究生,PL_W23447514,0.0,verified
P03652,ORG_N7881378606,ORG_N7881378606_T001,高级软件工程师,PL_W663827285,18.9,high
P03653,ORG_W58647104,ORG_W58647104_T001,数据分析师,PL_W58647104,0.0,verified
P03654,ORG_N12251120221,ORG_N12251120221_T001,采购专员,PL_W56057413,12.2,high
P03655,ORG_W142432175,ORG_W142432175_T001,采购专员,PL_W142432175,0.0,verified
P03656,ORG_UNRES_W662441698,ORG_UNRES_W662441698_T001,产品经理,PL_W662441698,0.0,unresolved
P03657,ORG_UNRES_W31619934,ORG_UNRES_W31619934_T001,会计,PL_W31619934,0.0,unresolved
P03658,ORG_W61759776,ORG_W61759776_T003,本科生,PL_W61759776,0.0,verified
P03659,ORG_UNRES_W703776813,ORG_UNRES_W703776813_T001,区域经理,PL_W703776813,0.0,unresolved
P03660,ORG_W58728305,ORG_W58728305_T001,自媒体从业者,PL_W58728305,0.0,verified
P03661,ORG_UNRES_W66979901,ORG_UNRES_W66979901_T001,快递员,PL_W66979901,0.0,unresolved
P03662,ORG_W62058559,ORG_W62058559_T001,酒店服务人员,PL_W62058559,0.0,verified
P03663,ORG_N6468793361,ORG_N6468793361_T001,设计师,PL_N6468793361,0.0,verified
P03664,ORG_UNRES_W802230932,ORG_UNRES_W802230932_T001,数据分析师,PL_W802230932,0.0,unresolved
P03665,ORG_W284554732,ORG_W284554732_T001,运营专员,PL_W284554732,0.0,verified
P03666,ORG_W160151165,ORG_W160151165_T001,房产经纪,PL_W705109230,87.3,medium
P03667,ORG_W32805001,ORG_W32805001_T001,数据分析师,PL_W669862639,23.6,high
P03668,ORG_UNRES_W660586305,ORG_UNRES_W660586305_T001,自由设计师,PL_W660586305,0.0,unresolved
P03669,ORG_W231284913,ORG_W231284913_T001,酒店服务人员,PL_W231284913,0.0,verified
P03670,ORG_W27767637,ORG_W27767637_T001,运营专员,PL_W366234315,40.0,medium
P03671,ORG_N12290587380,ORG_N12290587380_T001,销售代表,PL_W61982577,76.9,medium
P03672,ORG_N7195309578,ORG_N7195309578_T001,财务经理,PL_N7195309578,0.0,verified
P03673,ORG_UNRES_W663826507,ORG_UNRES_W663826507_T001,房产经纪,PL_W663826507,0.0,unresolved
P03674,ORG_N13087998367,ORG_N13087998367_T001,咖啡师,PL_N13087998367,0.0,verified
P03675,ORG_W661330555,ORG_W661330555_T001,收银员,PL_W661330555,0.0,verified
P03676,ORG_W36364241,ORG_W36364241_T001,收银员,PL_W36364241,0.0,verified
P03677,ORG_UNRES_W659588334,ORG_UNRES_W659588334_T001,配送员,PL_W659588334,0.0,unresolved
P03678,ORG_N5368647056,ORG_N5368647056_T001,收银员,PL_N5368647056,0.0,verified
P03679,ORG_UNRES_W62364925,ORG_UNRES_W62364925_T001,快递员,PL_W62364925,0.0,unresolved
P03680,ORG_N6334482680,ORG_N6334482680_T001,HR经理,PL_N6334482680,0.0,verified
P03681,ORG_UNRES_W660836394,ORG_UNRES_W660836394_T001,自媒体从业者,PL_W660836394,0.0,unresolved
P03682,ORG_W1502659706,ORG_W1502659706_T001,本科生,PL_W1502659706,0.0,verified
P03683,ORG_W120342220,ORG_W120342220_T001,卡车司机,PL_W120342220,0.0,verified
P03684,ORG_UNRES_W705529528,ORG_UNRES_W705529528_T001,网店经营者,PL_W705529528,0.0,unresolved
P03685,ORG_UNRES_W34690211,ORG_UNRES_W34690211_T001,设备操作员,PL_W34690211,0.0,unresolved
P03686,ORG_W56123854,ORG_W56123854_T001,收银员,PL_W56123854,0.0,verified
P03687,ORG_UNRES_W661636027,ORG_UNRES_W661636027_T001,网店经营者,PL_W661636027,0.0,unresolved
P03688,ORG_W184225677,ORG_W184225677_T001,财务专员,PL_W184225677,0.0,verified
P03689,ORG_W170018362,ORG_W170018362_T001,项目经理,PL_W1178504310,84.0,medium
P03690,ORG_W55036397,ORG_W55036397_T001,厨师,PL_W55036397,0.0,verified
P03691,ORG_N2375249754,ORG_N2375249754_T001,本科生,PL_N2375249754,0.0,verified
P03692,ORG_N4933392883,ORG_N4933392883_T001,健身教练,PL_N4933392883,0.0,verified
P03693,ORG_N12042617597,ORG_N12042617597_T001,餐厅服务员,PL_N12042617597,0.0,verified
P03694,ORG_UNRES_W194213916,ORG_UNRES_W194213916_T001,仓库操作员,PL_W194213916,0.0,unresolved
P03695,ORG_W436018569,ORG_W436018569_T001,销售代表,PL_W436018569,0.0,verified
P03696,ORG_N6448767788,ORG_N6448767788_T001,高级项目经理,PL_W663828131,48.7,medium
P03697,ORG_W661314203,ORG_W661314203_T001,美容师,PL_W661314203,0.0,verified
P03698,ORG_UNRES_W97303142,ORG_UNRES_W97303142_T001,会计,PL_W97303142,0.0,unresolved
P03699,ORG_N13872336623,ORG_N13872336623_T001,健身教练,PL_N13872336623,0.0,verified
P03700,ORG_N4529456800,ORG_N4529456800_T001,行政专员,PL_N4529456800,0.0,verified
P03701,ORG_N6358218785,ORG_N6358218785_T001,咖啡师,PL_N6358218785,0.0,verified
P03702,ORG_N6304924278,ORG_N6304924278_T001,销售经理,PL_N6304924278,0.0,verified
P03703,ORG_N4467186976,ORG_N4467186976_T001,采购专员,PL_W115626110,3.9,high
P03704,ORG_UNRES_W1082790234,ORG_UNRES_W1082790234_T001,自媒体从业者,PL_W1082790234,0.0,unresolved
P03705,ORG_N1906274420,ORG_N1906274420_T001,运营专员,PL_W180549731,48.5,medium
P03706,ORG_N7707198946,ORG_N7707198946_T001,健身教练,PL_N7707198946,0.0,verified
P03707,ORG_UNRES_W795967111,ORG_UNRES_W795967111_T001,项目经理,PL_W795967111,0.0,unresolved
P03708,ORG_N3364856738,ORG_N3364856738_T001,行政专员,PL_W662099358,74.4,medium
P03709,ORG_N13990904652,ORG_N13990904652_T001,咖啡师,PL_N13990904652,0.0,verified
P03710,ORG_UNRES_W659839892,ORG_UNRES_W659839892_T001,软件工程师,PL_W659839892,0.0,unresolved
P03711,ORG_N13932530003,ORG_N13932530003_T001,采购专员,PL_N13932530003,0.0,verified
P03712,ORG_W23447514,ORG_W23447514_T001,本科生,PL_W23447514,0.0,verified
P03713,ORG_N12986755358,ORG_N12986755358_T001,收银员,PL_N12986755358,0.0,verified
P03714,ORG_N14039023042,ORG_N14039023042_T001,客户经理,PL_N14039023042,0.0,verified
P03715,ORG_N5441763276,ORG_N5441763276_T001,产品经理,PL_N5441763276,0.0,verified
P03716,ORG_UNRES_W662388480,ORG_UNRES_W662388480_T001,摄影师,PL_W662388480,0.0,unresolved
P03717,ORG_W170018363,ORG_W170018363_T001,财务经理,PL_W170018363,0.0,verified
P03718,ORG_UNRES_W117593766,ORG_UNRES_W117593766_T001,财务主管,PL_W117593766,0.0,unresolved
P03719,ORG_UNRES_W89185231,ORG_UNRES_W89185231_T001,数据分析师,PL_W89185231,0.0,unresolved
P03720,ORG_W211567593,ORG_W211567593_T001,快递员,PL_W659239664,106.0,medium
P03721,ORG_N6491236692,ORG_N6491236692_T001,餐厅服务员,PL_N6491236692,0.0,verified
P03722,ORG_UNRES_W659588032,ORG_UNRES_W659588032_T001,安装工,PL_W659588032,0.0,unresolved
P03723,ORG_UNRES_W797150171,ORG_UNRES_W797150171_T001,配送员,PL_W797150171,0.0,unresolved
P03724,ORG_N13948804374,ORG_N13948804374_T001,销售代表,PL_N12982624154,41.4,medium
P03725,ORG_N766938619,ORG_N766938619_T001,厨师,PL_N766938619,0.0,verified
P03726,ORG_N5459831221,ORG_N5459831221_T001,厨师,PL_N5459831221,0.0,verified
P03727,ORG_W356780579,ORG_W356780579_T001,客户专员,PL_W356780579,0.0,verified
P03728,ORG_UNRES_W1024883174,ORG_UNRES_W1024883174_T001,快递员,PL_W1024883174,0.0,unresolved
P03729,ORG_N1125532862,ORG_N1125532862_T002,高级运营专员,PL_W660624564,29.5,medium
P03730,ORG_N5658771340,ORG_N5658771340_T001,设计师,PL_W31620471,5.6,high
P03731,ORG_W296572834,ORG_W296572834_T001,客服,PL_W296572834,0.0,verified
P03732,ORG_W23447424,ORG_W23447424_T001,本科生,PL_W23447424,0.0,verified
P03733,ORG_W661483679,ORG_W661483679_T001,销售经理,PL_W661483679,0.0,verified
P03734,ORG_N2816061853,ORG_N2816061853_T001,软件工程师,PL_N2816061853,0.0,verified
P03735,ORG_N6348493746,ORG_N6348493746_T001,产品经理,PL_N6348493746,0.0,verified
P03736,ORG_N13384193064,ORG_N13384193064_T001,咖啡师,PL_N13384193064,0.0,verified
P03737,ORG_W796670791,ORG_W796670791_T001,房产经纪,PL_W796670791,0.0,verified
P03738,ORG_UNRES_W662441705,ORG_UNRES_W662441705_T001,客户专员,PL_W662441705,0.0,unresolved
P03739,ORG_N383551103,ORG_N383551103_T001,收银员,PL_N383551103,0.0,verified
P03740,ORG_N12076151013,ORG_N12076151013_T001,健身教练,PL_N12076151013,0.0,verified
P03741,ORG_N12610821648,ORG_N12610821648_T001,会计,PL_N12610821648,0.0,verified
P03742,ORG_N6423958627,ORG_N6423958627_T001,项目经理,PL_N6423958627,0.0,verified
P03743,ORG_W33746340,ORG_W33746340_T001,销售经理,PL_W33746340,0.0,verified
P03744,ORG_W332917447,ORG_W332917447_T001,汽车技师,PL_W661951956,110.7,medium
P03745,ORG_W697106137,ORG_W697106137_T001,酒店前台,PL_W697106137,0.0,verified
P03746,ORG_UNRES_W170052631,ORG_UNRES_W170052631_T001,独立程序员,PL_W170052631,0.0,unresolved
P03747,ORG_W285055427,ORG_W285055427_T001,高级软件工程师,PL_W285055427,0.0,verified
P03748,ORG_W137916397,ORG_W137916397_T001,房产经纪,PL_W137916397,0.0,verified
P03749,ORG_W32773286,ORG_W32773286_T001,运营专员,PL_W32773286,0.0,verified
P03750,ORG_N13276607590,ORG_N13276607590_T001,酒店前台,PL_N13276607590,0.0,verified
P03751,ORG_UNRES_W705555913,ORG_UNRES_W705555913_T001,数据分析师,PL_W705555913,0.0,unresolved
P03752,ORG_W61759777,ORG_W61759777_T001,数据分析师,PL_W60304156,49.9,medium
P03753,ORG_UNRES_W663827978,ORG_UNRES_W663827978_T001,安装工,PL_W663827978,0.0,unresolved
P03754,ORG_W61698408,ORG_W61698408_T001,自媒体从业者,PL_W61698408,0.0,verified
P03755,ORG_UNRES_W658233529,ORG_UNRES_W658233529_T001,数据分析师,PL_W658233529,0.0,unresolved
P03756,ORG_N6352773243,ORG_N6352773243_T001,收银员,PL_N6352773243,0.0,verified
P03757,ORG_UNRES_W662177390,ORG_UNRES_W662177390_T001,网店经营者,PL_W662177390,0.0,unresolved
P03758,ORG_UNRES_N12978892902,ORG_UNRES_N12978892902_T001,会计,PL_N12978892902,0.0,unresolved
P03759,ORG_N3977800030,ORG_N3977800030_T001,HR经理,PL_W61843026,19.2,high
P03760,ORG_N14083647110,ORG_N14083647110_T001,销售经理,PL_N14083647110,0.0,verified
P03761,ORG_N11963528572,ORG_N11963528572_T001,保安,PL_N11963528572,0.0,verified
P03762,ORG_UNRES_W676443514,ORG_UNRES_W676443514_T001,硕士研究生,PL_W676443514,0.0,unresolved
P03763,ORG_N13924345425,ORG_N13924345425_T001,零售店员,PL_N13924345425,0.0,verified
P03764,ORG_W23447514,ORG_W23447514_T002,博士研究生,PL_W23447514,0.0,verified
P03765,ORG_UNRES_W32506905,ORG_UNRES_W32506905_T001,配送员,PL_W32506905,0.0,unresolved
P03766,ORG_N3396315333,ORG_N3396315333_T001,产品经理,PL_N3396315333,0.0,verified
P03767,ORG_UNRES_W56010314,ORG_UNRES_W56010314_T001,焊工,PL_W56010314,0.0,unresolved
P03768,ORG_W32052212,ORG_W32052212_T001,采购经理,PL_W32052212,0.0,verified
P03769,ORG_W23447393,ORG_W23447393_T002,本科生,PL_W23447393,0.0,verified
P03770,ORG_N13783440572,ORG_N13783440572_T001,厨师,PL_N13783440572,0.0,verified
P03771,ORG_UNRES_W58559253,ORG_UNRES_W58559253_T001,财务主管,PL_W58559253,0.0,unresolved
P03772,ORG_N6348657383,ORG_N6348657383_T001,咖啡师,PL_N6348657383,0.0,verified
P03773,ORG_N1389101640,ORG_N1389101640_T001,独立承包商,PL_N1389101640,0.0,verified
P03774,ORG_UNRES_W660829943,ORG_UNRES_W660829943_T001,销售经理,PL_W660829943,0.0,unresolved
P03775,ORG_N11711767958,ORG_N11711767958_T001,翻译,PL_N11711767958,0.0,verified
P03776,ORG_N3391253124,ORG_N3391253124_T001,咖啡师,PL_N3391253124,0.0,verified
P03777,ORG_N370214388,ORG_N370214388_T001,独立承包商,PL_N370214388,0.0,verified
P03778,ORG_UNRES_W678437135,ORG_UNRES_W678437135_T001,技术经理,PL_W678437135,0.0,unresolved
P03779,ORG_W1268267050,ORG_W1268267050_T001,硕士研究生,PL_W1268267050,0.0,verified
P03780,ORG_UNRES_W112761005,ORG_UNRES_W112761005_T001,项目经理,PL_W112761005,0.0,unresolved
P03781,ORG_W34615187,ORG_W34615187_T001,客户专员,PL_W34615187,0.0,verified
P03782,ORG_UNRES_W1412635041,ORG_UNRES_W1412635041_T001,自由设计师,PL_W1412635041,0.0,unresolved
P03783,ORG_N3427212267,ORG_N3427212267_T001,项目经理,PL_W663315259,18.7,high
P03784,ORG_UNRES_W33849252,ORG_UNRES_W33849252_T001,高级软件工程师,PL_W33849252,0.0,unresolved
P03785,ORG_N2521223190,ORG_N2521223190_T001,高级运营专员,PL_W32022573,6.0,high
P03786,ORG_W79659370,ORG_W79659370_T001,财务主管,PL_W79659370,0.0,verified
P03787,ORG_W23447393,ORG_W23447393_T001,本科生,PL_W23447393,0.0,verified
P03788,ORG_UNRES_W32596447,ORG_UNRES_W32596447_T001,销售代表,PL_W32596447,0.0,unresolved
P03789,ORG_N13918007619,ORG_N13918007619_T001,财务专员,PL_N13918007619,0.0,verified
P03790,ORG_UNRES_W32357991,ORG_UNRES_W32357991_T001,自由销售,PL_W32357991,0.0,unresolved
P03791,ORG_N12898232996,ORG_N12898232996_T001,博士研究生,PL_N12898232996,0.0,verified
P03792,ORG_UNRES_W59244474,ORG_UNRES_W59244474_T001,配送员,PL_W59244474,0.0,unresolved
P03793,ORG_N3509230105,ORG_N3509230105_T001,销售经理,PL_W660358183,30.6,medium
P03794,ORG_N6542570335,ORG_N6542570335_T001,自媒体从业者,PL_N6542570335,0.0,verified
P03795,ORG_N5154125996,ORG_N5154125996_T001,餐厅服务员,PL_N5154125996,0.0,verified
P03796,ORG_N1291921282,ORG_N1291921282_T001,客服,PL_N1291921282,0.0,verified
P03797,ORG_W285055427,ORG_W285055427_T001,设计师,PL_W671097336,72.0,medium
P03798,ORG_UNRES_W804618150,ORG_UNRES_W804618150_T001,高级产品经理,PL_W804618150,0.0,unresolved
P03799,ORG_UNRES_W975456898,ORG_UNRES_W975456898_T001,项目经理,PL_W975456898,0.0,unresolved
P03800,ORG_N2340082512,ORG_N2340082512_T001,销售经理,PL_W31727205,4.8,high
P03801,ORG_N6313899865,ORG_N6313899865_T001,客户经理,PL_W657928056,61.9,medium
P03802,ORG_N2934009272,ORG_N2934009272_T001,设计师,PL_N2934009272,0.0,verified
P03803,ORG_N1138265951,ORG_N1138265951_T001,客服,PL_N1138265951,0.0,verified
P03804,ORG_N6004395561,ORG_N6004395561_T001,咨询顾问,PL_N6004395561,0.0,verified
P03805,ORG_W122198735,ORG_W122198735_T001,汽车技师,PL_W122198734,53.8,medium
P03806,ORG_W180313509,ORG_W180313509_T001,销售经理,PL_W180313509,0.0,verified
P03807,ORG_UNRES_W659427944,ORG_UNRES_W659427944_T001,运营经理,PL_W659427944,0.0,unresolved
P03808,ORG_UNRES_W659533829,ORG_UNRES_W659533829_T001,快递员,PL_W659533829,0.0,unresolved
P03809,ORG_UNRES_W1162946761,ORG_UNRES_W1162946761_T001,快递员,PL_W1162946761,0.0,unresolved
P03810,ORG_W663827160,ORG_W663827160_T001,财务主管,PL_W663827160,0.0,verified
P03811,ORG_N10537982829,ORG_N10537982829_T001,销售代表,PL_W31451793,13.5,high
P03812,ORG_N13908369388,ORG_N13908369388_T001,房产经纪,PL_W671599467,19.8,high
P03813,ORG_UNRES_W661774620,ORG_UNRES_W661774620_T001,卡车司机,PL_W661774620,0.0,unresolved
P03814,ORG_W662100610,ORG_W662100610_T001,房产经纪,PL_W674557300,59.2,medium
P03815,ORG_N13915723225,ORG_N13915723225_T001,健身教练,PL_N13915723225,0.0,verified
P03816,ORG_N14104254507,ORG_N14104254507_T001,房产经纪,PL_N14104254507,0.0,verified
P03817,ORG_W61759776,ORG_W61759776_T003,硕士研究生,PL_W61759776,0.0,verified
P03818,ORG_UNRES_W34229574,ORG_UNRES_W34229574_T001,自由销售,PL_W34229574,0.0,unresolved
P03819,ORG_W32707399,ORG_W32707399_T001,摄影师,PL_W32707399,0.0,verified
P03820,ORG_UNRES_W34720517,ORG_UNRES_W34720517_T001,快递员,PL_W34720517,0.0,unresolved
P03821,ORG_W31373095,ORG_W31373095_T001,自由销售,PL_W31373095,0.0,verified
P03822,ORG_UNRES_W705125025,ORG_UNRES_W705125025_T001,翻译,PL_W705125025,0.0,unresolved
P03823,ORG_UNRES_W674573763,ORG_UNRES_W674573763_T001,配送员,PL_W674573763,0.0,unresolved
P03824,ORG_N10969431954,ORG_N10969431954_T001,产品经理,PL_N10969431954,0.0,verified
P03825,ORG_N5443636923,ORG_N5443636923_T001,财务主管,PL_W663827164,88.7,medium
P03826,ORG_W27767625,ORG_W27767625_T001,销售代表,PL_W27767625,0.0,verified
P03827,ORG_W1130371114,ORG_W1130371114_T001,客户专员,PL_W1130371114,0.0,verified
P03828,ORG_W256116927,ORG_W256116927_T001,会计,PL_W256116927,0.0,verified
P03829,ORG_N13652845370,ORG_N13652845370_T001,零售店员,PL_N13652845370,0.0,verified
P03830,ORG_N401521720,ORG_N401521720_T001,本科生,PL_N401521720,0.0,verified
P03831,ORG_W162607309,ORG_W162607309_T001,独立程序员,PL_W162607309,0.0,verified
P03832,ORG_UNRES_W662389080,ORG_UNRES_W662389080_T001,自由销售,PL_W662389080,0.0,unresolved
P03833,ORG_N4126684601,ORG_N4126684601_T001,理发师,PL_N4126684601,0.0,verified
P03834,ORG_UNRES_W58924913,ORG_UNRES_W58924913_T001,安装工,PL_W58924913,0.0,unresolved
P03835,ORG_N400916037,ORG_N400916037_T001,餐厅服务员,PL_N400916037,0.0,verified
P03836,ORG_N6323420458,ORG_N6323420458_T001,理发师,PL_N7235738802,30.3,medium
P03837,ORG_N6549657697,ORG_N6549657697_T001,零售店员,PL_N6549657697,0.0,verified
P03838,ORG_UNRES_W161270887,ORG_UNRES_W161270887_T001,维修技师,PL_W161270887,0.0,unresolved
P03839,ORG_UNRES_W33189913,ORG_UNRES_W33189913_T001,设备操作员,PL_W33189913,0.0,unresolved
P03840,ORG_W76001136,ORG_W76001136_T001,销售经理,PL_W76001136,0.0,verified
P03841,ORG_W36508437,ORG_W36508437_T001,本科生,PL_W36508437,0.0,verified
P03842,ORG_N13625156368,ORG_N13625156368_T001,房产经纪,PL_N13625156368,0.0,verified
P03843,ORG_UNRES_W255630384,ORG_UNRES_W255630384_T001,技术经理,PL_W255630384,0.0,unresolved
P03844,ORG_N13025831414,ORG_N13025831414_T001,私教,PL_N13025831414,0.0,verified
P03845,ORG_W55413460,ORG_W55413460_T001,运营经理,PL_W55413460,0.0,verified
P03846,ORG_W183248449,ORG_W183248449_T001,销售代表,PL_W183248449,0.0,verified
P03847,ORG_UNRES_W34571708,ORG_UNRES_W34571708_T001,建筑工人,PL_W34571708,0.0,unresolved
P03848,ORG_N5802396004,ORG_N5802396004_T001,高级运营专员,PL_N5802396004,0.0,verified
P03849,ORG_UNRES_W89185220,ORG_UNRES_W89185220_T001,房产经纪,PL_W89185220,0.0,unresolved
P03850,ORG_N2681569043,ORG_N2681569043_T001,高级运营专员,PL_N2681569043,0.0,verified
P03851,ORG_W34413708,ORG_W34413708_T001,健身教练,PL_W34413708,0.0,verified
P03852,ORG_UNRES_W677205547,ORG_UNRES_W677205547_T001,采购专员,PL_W677205547,0.0,unresolved
P03853,ORG_W27767628,ORG_W27767628_T001,销售经理,PL_W27767628,0.0,verified
P03854,ORG_UNRES_W797163159,ORG_UNRES_W797163159_T001,运营专员,PL_W797163159,0.0,unresolved
P03855,ORG_W904895003,ORG_W904895003_T001,搬运工,PL_W904895003,0.0,verified
P03856,ORG_N4463342431,ORG_N4463342431_T001,运营经理,PL_N4463342431,0.0,verified
P03857,ORG_N1477385481,ORG_N1477385481_T001,零售店员,PL_N1477385481,0.0,verified
P03858,ORG_N5272755618,ORG_N5272755618_T001,财务主管,PL_N5272755618,0.0,verified
P03859,ORG_UNRES_W59244421,ORG_UNRES_W59244421_T001,设备操作员,PL_W59244421,0.0,unresolved
P03860,ORG_N1375337646,ORG_N1375337646_T001,咖啡师,PL_N1375337646,0.0,verified
P03861,ORG_W661192936,ORG_W661192936_T001,产品经理,PL_W661192936,0.0,verified
P03862,ORG_UNRES_W66979784,ORG_UNRES_W66979784_T001,焊工,PL_W66979784,0.0,unresolved
P03863,ORG_W61759776,ORG_W61759776_T002,本科生,PL_W61759776,0.0,verified
P03864,ORG_N3648186396,ORG_N3648186396_T001,财务主管,PL_W427221312,8.0,high
P03865,ORG_W77739672,ORG_W77739672_T001,酒店服务人员,PL_W77739672,0.0,verified
P03866,ORG_W55031878,ORG_W55031878_T001,财务主管,PL_W55031878,0.0,verified
P03867,ORG_N13046166787,ORG_N13046166787_T001,财务主管,PL_N13046166787,0.0,verified
P03868,ORG_UNRES_W659340686,ORG_UNRES_W659340686_T001,独立程序员,PL_W659340686,0.0,unresolved
P03869,ORG_N6543870360,ORG_N6543870360_T001,客户专员,PL_W676104931,30.8,medium
P03870,ORG_W61014077,ORG_W61014077_T001,独立程序员,PL_W61014077,0.0,verified
P03871,ORG_W113438134,ORG_W113438134_T001,汽车技师,PL_W113438126,24.3,high
P03872,ORG_UNRES_W34690192,ORG_UNRES_W34690192_T001,设备操作员,PL_W34690192,0.0,unresolved
P03873,ORG_W32742026,ORG_W32742026_T001,酒店前台,PL_W32742026,0.0,verified
P03874,ORG_W661957493,ORG_W661957493_T001,美容师,PL_W661957493,0.0,verified
P03875,ORG_N8964359654,ORG_N8964359654_T001,项目经理,PL_N8964359654,0.0,verified
P03876,ORG_UNRES_W706192713,ORG_UNRES_W706192713_T001,独立程序员,PL_W706192713,0.0,unresolved
P03877,ORG_N13921378425,ORG_N13921378425_T001,销售代表,PL_W673006200,58.4,medium
P03878,ORG_N3941602078,ORG_N3941602078_T001,理发师,PL_N3941602078,0.0,verified
P03879,ORG_UNRES_W248103628,ORG_UNRES_W248103628_T001,高级运营专员,PL_W248103628,0.0,unresolved
P03880,ORG_W25491342,ORG_W25491342_T001,酒店服务人员,PL_W25491342,0.0,verified
P03881,ORG_W28025950,ORG_W28025950_T001,会计,PL_W28025950,0.0,verified
P03882,ORG_UNRES_W704229390,ORG_UNRES_W704229390_T001,电工,PL_W704229390,0.0,unresolved
P03883,ORG_N7658272777,ORG_N7658272777_T001,财务专员,PL_W60185759,8.6,high
P03884,ORG_UNRES_W141171531,ORG_UNRES_W141171531_T001,卡车司机,PL_W141171531,0.0,unresolved
P03885,ORG_UNRES_W66979680,ORG_UNRES_W66979680_T001,HR经理,PL_W66979680,0.0,unresolved
P03886,ORG_W657935892,ORG_W657935892_T001,咨询顾问,PL_W657935892,0.0,verified
P03887,ORG_W61759776,ORG_W61759776_T001,硕士研究生,PL_W61759776,0.0,verified
P03888,ORG_UNRES_W397005658,ORG_UNRES_W397005658_T001,仓库操作员,PL_W397005658,0.0,unresolved
P03889,ORG_N2801533101,ORG_N2801533101_T001,运营专员,PL_W65592643,6.7,high
P03890,ORG_W367536575,ORG_W367536575_T002,酒店服务人员,PL_W367536575,0.0,verified
P03891,ORG_UNRES_W1420635670,ORG_UNRES_W1420635670_T001,运营专员,PL_W1420635670,0.0,unresolved
P03892,ORG_W55031045,ORG_W55031045_T002,酒店前台,PL_W55031045,0.0,verified
P03893,ORG_N561037791,ORG_N561037791_T001,餐厅服务员,PL_N561037791,0.0,verified
P03894,ORG_N803215888,ORG_N803215888_T001,客户经理,PL_N803215888,0.0,verified
P03895,ORG_W34545829,ORG_W34545829_T001,酒店前台,PL_W34545829,0.0,verified
P03896,ORG_UNRES_W66980110,ORG_UNRES_W66980110_T001,卡车司机,PL_W66980110,0.0,unresolved
P03897,ORG_N13689374961,ORG_N13689374961_T001,采购专员,PL_W44076452,9.4,high
P03898,ORG_N2485299500,ORG_N2485299500_T001,财务专员,PL_W34121733,38.3,medium
P03899,ORG_UNRES_W661066435,ORG_UNRES_W661066435_T001,设备操作员,PL_W661066435,0.0,unresolved
P03900,ORG_W59244411,ORG_W59244411_T001,独立程序员,PL_W59244411,0.0,verified
P03901,ORG_UNRES_W659587778,ORG_UNRES_W659587778_T001,行政专员,PL_W659587778,0.0,unresolved
P03902,ORG_UNRES_W703923706,ORG_UNRES_W703923706_T001,快递员,PL_W703923706,0.0,unresolved
P03903,ORG_UNRES_W417115361,ORG_UNRES_W417115361_T001,财务主管,PL_W417115361,0.0,unresolved
P03904,ORG_W663826637,ORG_W663826637_T001,行政专员,PL_W663826635,85.2,medium
P03905,ORG_UNRES_W671599467,ORG_UNRES_W671599467_T001,配送员,PL_W671599467,0.0,unresolved
P03906,ORG_UNRES_W248393745,ORG_UNRES_W248393745_T001,配送员,PL_W248393745,0.0,unresolved
P03907,ORG_W23447393,ORG_W23447393_T001,硕士研究生,PL_W23447393,0.0,verified
P03908,ORG_UNRES_W56123707,ORG_UNRES_W56123707_T001,仓库操作员,PL_W56123707,0.0,unresolved
P03909,ORG_N3412799801,ORG_N3412799801_T001,高级软件工程师,PL_N3412799801,0.0,verified
P03910,ORG_W79659935,ORG_W79659935_T001,产品经理,PL_W79659935,0.0,verified
P03911,ORG_UNRES_W662146512,ORG_UNRES_W662146512_T001,采购经理,PL_W662146512,0.0,unresolved
P03912,ORG_W23447393,ORG_W23447393_T001,本科生,PL_W23447393,0.0,verified
P03913,ORG_N12819212196,ORG_N12819212196_T001,本科生,PL_N12819212196,0.0,verified
P03914,ORG_UNRES_W38974844,ORG_UNRES_W38974844_T001,健身教练,PL_W38974844,0.0,unresolved
P03915,ORG_N9133561186,ORG_N9133561186_T001,采购专员,PL_W58335971,27.1,medium
P03916,ORG_N10671887620,ORG_N10671887620_T001,网店经营者,PL_N10671887620,0.0,verified
P03917,ORG_N2884419126,ORG_N2884419126_T001,本科生,PL_N2884419126,0.0,verified
P03918,ORG_UNRES_W660806591,ORG_UNRES_W660806591_T001,采购经理,PL_W660806591,0.0,unresolved
P03919,ORG_N13173940128,ORG_N13173940128_T001,保安,PL_N13173940128,0.0,verified
P03920,ORG_UNRES_W704288156,ORG_UNRES_W704288156_T001,仓库操作员,PL_W704288156,0.0,unresolved
P03921,ORG_N13526712059,ORG_N13526712059_T001,零售店员,PL_N13526712059,0.0,verified
P03922,ORG_W150506087,ORG_W150506087_T001,保安,PL_W150506087,0.0,verified
P03923,ORG_W7969162,ORG_W7969162_T001,客户经理,PL_W7969162,0.0,verified
P03924,ORG_W111101751,ORG_W111101751_T001,高级运营专员,PL_W111101751,0.0,verified
P03925,ORG_UNRES_W660358190,ORG_UNRES_W660358190_T001,自由销售,PL_W660358190,0.0,unresolved
P03926,ORG_UNRES_W671607431,ORG_UNRES_W671607431_T001,采购经理,PL_W671607431,0.0,unresolved
P03927,ORG_N6228053209,ORG_N6228053209_T001,会计,PL_W61842991,5.9,high
P03928,ORG_N6491236583,ORG_N6491236583_T001,收银员,PL_N6491236583,0.0,verified
P03929,ORG_UNRES_W661541482,ORG_UNRES_W661541482_T001,摄影师,PL_W661541482,0.0,unresolved
P03930,ORG_N2884419126,ORG_N2884419126_T001,本科生,PL_N2884419126,0.0,verified
P03931,ORG_UNRES_W705845657,ORG_UNRES_W705845657_T001,独立承包商,PL_W705845657,0.0,unresolved
P03932,ORG_UNRES_W58851585,ORG_UNRES_W58851585_T001,电工,PL_W58851585,0.0,unresolved
P03933,ORG_UNRES_W661776979,ORG_UNRES_W661776979_T001,自由设计师,PL_W661776979,0.0,unresolved
P03934,ORG_UNRES_W31754571,ORG_UNRES_W31754571_T001,咨询顾问,PL_W31754571,0.0,unresolved
P03935,ORG_N6309928579,ORG_N6309928579_T001,美容师,PL_N6309928579,0.0,verified
P03936,ORG_W149982971,ORG_W149982971_T001,高级运营专员,PL_W149982971,0.0,verified
P03937,ORG_N1907123254,ORG_N1907123254_T001,博士研究生,PL_N1907123254,0.0,verified
P03938,ORG_N538159522,ORG_N538159522_T001,保安,PL_N538159522,0.0,verified
P03939,ORG_N13608377255,ORG_N13608377255_T001,财务主管,PL_N13608377255,0.0,verified
P03940,ORG_N6318936241,ORG_N6318936241_T001,网店经营者,PL_N6318936241,0.0,verified
P03941,ORG_N2897210802,ORG_N2897210802_T001,独立承包商,PL_N2897210802,0.0,verified
P03942,ORG_W23334883,ORG_W23334883_T001,硕士研究生,PL_W23334883,0.0,verified
P03943,ORG_N11957160560,ORG_N11957160560_T001,高级运营专员,PL_N11957160560,0.0,verified
P03944,ORG_N13879320058,ORG_N13879320058_T001,本科生,PL_N13879320058,0.0,verified
P03945,ORG_W32508022,ORG_W32508022_T001,软件工程师,PL_W32508022,0.0,verified
P03946,ORG_N8613129781,ORG_N8613129781_T001,财务主管,PL_N8613129781,0.0,verified
P03947,ORG_N12912579192,ORG_N12912579192_T001,硕士研究生,PL_N12912579192,0.0,verified
P03948,ORG_W27778414,ORG_W27778414_T002,客服,PL_W27778414,0.0,verified
P03949,ORG_UNRES_W291504978,ORG_UNRES_W291504978_T001,会计,PL_W291504978,0.0,unresolved
P03950,ORG_UNRES_W60332327,ORG_UNRES_W60332327_T001,高级数据分析师,PL_W60332327,0.0,unresolved
P03951,ORG_W27991582,ORG_W27991582_T001,销售经理,PL_W27991582,0.0,verified
P03952,ORG_UNRES_W659833409,ORG_UNRES_W659833409_T001,仓库操作员,PL_W659833409,0.0,unresolved
P03953,ORG_N6240360523,ORG_N6240360523_T001,收银员,PL_N6240360523,0.0,verified
P03954,ORG_N12290570958,ORG_N12290570958_T001,数据分析师,PL_W61843024,18.9,high
P03955,ORG_UNRES_W659453807,ORG_UNRES_W659453807_T001,咨询顾问,PL_W659453807,0.0,unresolved
P03956,ORG_UNRES_W704230283,ORG_UNRES_W704230283_T001,设计师,PL_W704230283,0.0,unresolved
P03957,ORG_N2159618518,ORG_N2159618518_T001,摄影师,PL_W670198874,49.1,medium
P03958,ORG_UNRES_W31754596,ORG_UNRES_W31754596_T001,网店经营者,PL_W31754596,0.0,unresolved
P03959,ORG_UNRES_W93832542,ORG_UNRES_W93832542_T001,财务专员,PL_W93832542,0.0,unresolved
P03960,ORG_N9672906938,ORG_N9672906938_T001,零售店员,PL_N9672906938,0.0,verified
P03961,ORG_N6685670039,ORG_N6685670039_T001,自媒体从业者,PL_N6685670039,0.0,verified
P03962,ORG_UNRES_W660820706,ORG_UNRES_W660820706_T001,自由设计师,PL_W660820706,0.0,unresolved
P03963,ORG_N409154236,ORG_N409154236_T001,理发师,PL_N409154236,0.0,verified
P03964,ORG_UNRES_W34582301,ORG_UNRES_W34582301_T001,独立承包商,PL_W34582301,0.0,unresolved
P03965,ORG_N9559247100,ORG_N9559247100_T001,高级数据分析师,PL_W60510549,6.2,high
P03966,ORG_N12727136508,ORG_N12727136508_T001,产品经理,PL_N12727136508,0.0,verified
P03967,ORG_N11847572074,ORG_N11847572074_T001,酒店前台,PL_N11847572074,0.0,verified
P03968,ORG_N14052380891,ORG_N14052380891_T001,翻译,PL_N14052380891,0.0,verified
P03969,ORG_W309151588,ORG_W309151588_T001,HR经理,PL_W309151588,0.0,verified
P03970,ORG_N12184132201,ORG_N12184132201_T001,收银员,PL_N12184132201,0.0,verified
P03971,ORG_N13016579151,ORG_N13016579151_T001,高级产品经理,PL_W1194870092,22.3,high
P03972,ORG_W61760592,ORG_W61760592_T001,独立承包商,PL_W61760592,0.0,verified
P03973,ORG_N8262636077,ORG_N8262636077_T001,软件工程师,PL_W84806536,37.3,medium
P03974,ORG_N7856803520,ORG_N7856803520_T001,美容师,PL_N7856803520,0.0,verified
P03975,ORG_N12997929547,ORG_N12997929547_T001,零售店员,PL_N12997929547,0.0,verified
P03976,ORG_W34111206,ORG_W34111206_T001,部门经理,PL_W34111206,0.0,verified
P03977,ORG_N12844014304,ORG_N12844014304_T001,设计师,PL_W233075780,33.8,medium
P03978,ORG_N13198723255,ORG_N13198723255_T001,高级软件工程师,PL_W314348286,19.5,high
P03979,ORG_N11429923751,ORG_N11429923751_T001,美容师,PL_N11429923751,0.0,verified
P03980,ORG_N5272994123,ORG_N5272994123_T001,咖啡师,PL_N5272994123,0.0,verified
P03981,ORG_UNRES_W420792791,ORG_UNRES_W420792791_T001,销售代表,PL_W420792791,0.0,unresolved
P03982,ORG_N2521223190,ORG_N2521223190_T001,销售经理,PL_W32022573,6.0,high
P03983,ORG_UNRES_W1202685542,ORG_UNRES_W1202685542_T001,翻译,PL_W1202685542,0.0,unresolved
P03984,ORG_UNRES_W32623918,ORG_UNRES_W32623918_T001,采购经理,PL_W32623918,0.0,unresolved
P03985,ORG_N9139971190,ORG_N9139971190_T001,软件工程师,PL_W128008137,17.9,high
P03986,ORG_W387355216,ORG_W387355216_T001,卡车司机,PL_W103618078,105.3,medium
P03987,ORG_W23447424,ORG_W23447424_T003,本科生,PL_W23447424,0.0,verified
P03988,ORG_UNRES_W704945364,ORG_UNRES_W704945364_T001,行政专员,PL_W704945364,0.0,unresolved
P03989,ORG_W61759777,ORG_W61759777_T001,项目经理,PL_W60304156,49.9,medium
P03990,ORG_UNRES_W58849196,ORG_UNRES_W58849196_T001,搬运工,PL_W58849196,0.0,unresolved
P03991,ORG_W33406542,ORG_W33406542_T001,销售经理,PL_W33406542,0.0,verified
P03992,ORG_UNRES_W58566782,ORG_UNRES_W58566782_T001,安装工,PL_W58566782,0.0,unresolved
P03993,ORG_N4349201055,ORG_N4349201055_T001,私教,PL_N4349201055,0.0,verified
P03994,ORG_UNRES_W34414743,ORG_UNRES_W34414743_T001,搬运工,PL_W34414743,0.0,unresolved
P03995,ORG_UNRES_W804360646,ORG_UNRES_W804360646_T001,维修技师,PL_W804360646,0.0,unresolved
P03996,ORG_N6491236579,ORG_N6491236579_T001,高级数据分析师,PL_N6491236579,0.0,verified
P03997,ORG_N5706236065,ORG_N5706236065_T001,HR经理,PL_W599480360,41.6,medium
P03998,ORG_W44076453,ORG_W44076453_T001,采购专员,PL_W44076453,0.0,verified
P03999,ORG_N6404356132,ORG_N6404356132_T001,设计师,PL_W80798597,54.9,medium
P04000,ORG_UNRES_W661951791,ORG_UNRES_W661951791_T001,电工,PL_W661951791,0.0,unresolved
P04001,ORG_W162607309,ORG_W162607309_T001,翻译,PL_W162607309,0.0,verified
P04002,ORG_W657935882,ORG_W657935882_T001,健身教练,PL_W657935882,0.0,verified
P04003,ORG_UNRES_W663827265,ORG_UNRES_W663827265_T001,财务专员,PL_W663827265,0.0,unresolved
P04004,ORG_UNRES_W659334185,ORG_UNRES_W659334185_T001,咨询顾问,PL_W659334185,0.0,unresolved
P04005,ORG_W161110169,ORG_W161110169_T001,硕士研究生,PL_W161110169,0.0,verified
P04006,ORG_N9571939817,ORG_N9571939817_T001,高级软件工程师,PL_W662150145,60.0,medium
P04007,ORG_N9140140900,ORG_N9140140900_T001,会计,PL_W661194022,21.8,high
P04008,ORG_UNRES_W124701849,ORG_UNRES_W124701849_T001,HR经理,PL_W124701849,0.0,unresolved
P04009,ORG_UNRES_W103621103,ORG_UNRES_W103621103_T001,电工,PL_W103621103,0.0,unresolved
P04010,ORG_N1138266384,ORG_N1138266384_T001,理发师,PL_N1138266384,0.0,verified
P04011,ORG_N12650268801,ORG_N12650268801_T001,咖啡师,PL_N12650268801,0.0,verified
P04012,ORG_N5441763275,ORG_N5441763275_T001,产品经理,PL_N5441763275,0.0,verified
P04013,ORG_UNRES_W804362970,ORG_UNRES_W804362970_T001,设计师,PL_W804362970,0.0,unresolved
P04014,ORG_W231284913,ORG_W231284913_T002,酒店前台,PL_W231284913,0.0,verified
P04015,ORG_UNRES_W662785474,ORG_UNRES_W662785474_T001,自由销售,PL_W662785474,0.0,unresolved
P04016,ORG_W23447514,ORG_W23447514_T001,博士研究生,PL_W23447514,0.0,verified
P04017,ORG_UNRES_W31363802,ORG_UNRES_W31363802_T001,数据分析师,PL_W31363802,0.0,unresolved
P04018,ORG_UNRES_W33729446,ORG_UNRES_W33729446_T001,安装工,PL_W33729446,0.0,unresolved
P04019,ORG_W59252637,ORG_W59252637_T001,运营专员,PL_W59252637,0.0,verified
P04020,ORG_UNRES_W160123993,ORG_UNRES_W160123993_T001,安装工,PL_W160123993,0.0,unresolved
P04021,ORG_N5917075343,ORG_N5917075343_T001,理发师,PL_N5917075343,0.0,verified
P04022,ORG_W231284913,ORG_W231284913_T002,客服,PL_W231284913,0.0,verified
P04023,ORG_N1125532862,ORG_N1125532862_T002,数据分析师,PL_W660624564,29.5,medium
P04024,ORG_W256116927,ORG_W256116927_T002,摄影师,PL_W256116927,0.0,verified
P04025,ORG_UNRES_W671599481,ORG_UNRES_W671599481_T001,软件工程师,PL_W671599481,0.0,unresolved
P04026,ORG_N6340988718,ORG_N6340988718_T001,房产经纪,PL_W658961513,1.3,high
P04027,ORG_UNRES_W662150258,ORG_UNRES_W662150258_T001,采购经理,PL_W662150258,0.0,unresolved
P04028,ORG_UNRES_W705010198,ORG_UNRES_W705010198_T001,行政专员,PL_W705010198,0.0,unresolved
P04029,ORG_W33406542,ORG_W33406542_T001,HR经理,PL_W33406542,0.0,verified
P04030,ORG_UNRES_W705882029,ORG_UNRES_W705882029_T001,运营专员,PL_W705882029,0.0,unresolved
P04031,ORG_N13370789436,ORG_N13370789436_T001,餐厅服务员,PL_N13370789436,0.0,verified
P04032,ORG_UNRES_W795967111,ORG_UNRES_W795967111_T001,数据分析师,PL_W795967111,0.0,unresolved
P04033,ORG_W387353917,ORG_W387353917_T001,销售经理,PL_W387353917,0.0,verified
P04034,ORG_W34121572,ORG_W34121572_T001,运营专员,PL_W34121572,0.0,verified
P04035,ORG_UNRES_W659448691,ORG_UNRES_W659448691_T001,独立程序员,PL_W659448691,0.0,unresolved
P04036,ORG_N1145429433,ORG_N1145429433_T001,理发师,PL_N1145429433,0.0,verified
P04037,ORG_UNRES_W661250224,ORG_UNRES_W661250224_T001,焊工,PL_W661250224,0.0,unresolved
P04038,ORG_UNRES_W662150030,ORG_UNRES_W662150030_T001,HR经理,PL_W662150030,0.0,unresolved
P04039,ORG_N6848476768,ORG_N6848476768_T001,项目经理,PL_W1194870091,39.1,medium
P04040,ORG_W23447424,ORG_W23447424_T002,本科生,PL_W23447424,0.0,verified
P04041,ORG_N6334254940,ORG_N6334254940_T001,厨师,PL_N6334254940,0.0,verified
P04042,ORG_W33361576,ORG_W33361576_T001,建筑工人,PL_W661079402,57.9,medium
P04043,ORG_W242551746,ORG_W242551746_T001,销售代表,PL_W242551746,0.0,verified
P04044,ORG_UNRES_W60428975,ORG_UNRES_W60428975_T001,安装工,PL_W60428975,0.0,unresolved
P04045,ORG_W231773826,ORG_W231773826_T002,酒店前台,PL_W231773826,0.0,verified
P04046,ORG_W678323985,ORG_W678323985_T001,技术经理,PL_W678323985,0.0,verified
P04047,ORG_N8262636077,ORG_N8262636077_T001,HR经理,PL_W84806537,6.0,high
P04048,ORG_UNRES_W528759345,ORG_UNRES_W528759345_T001,建筑工人,PL_W528759345,0.0,unresolved
P04049,ORG_UNRES_W444988500,ORG_UNRES_W444988500_T001,设备操作员,PL_W444988500,0.0,unresolved
P04050,ORG_N11766236123,ORG_N11766236123_T001,美容师,PL_N11766236123,0.0,verified
P04051,ORG_N6370629256,ORG_N6370629256_T001,美容师,PL_N6370629256,0.0,verified
P04052,ORG_UNRES_W1344472026,ORG_UNRES_W1344472026_T001,配送员,PL_W1344472026,0.0,unresolved
P04053,ORG_UNRES_W1001351348,ORG_UNRES_W1001351348_T001,自由销售,PL_W1001351348,0.0,unresolved
P04054,ORG_UNRES_W55890049,ORG_UNRES_W55890049_T001,快递员,PL_W55890049,0.0,unresolved
P04055,ORG_N12994984291,ORG_N12994984291_T001,销售经理,PL_N12993362483,41.6,medium
P04056,ORG_N8914954422,ORG_N8914954422_T001,销售经理,PL_N8914954422,0.0,verified
P04057,ORG_N7236041819,ORG_N7236041819_T001,本科生,PL_N7236041819,0.0,verified
P04058,ORG_N1314640368,ORG_N1314640368_T001,收银员,PL_N1314640368,0.0,verified
P04059,ORG_W661193603,ORG_W661193603_T001,销售经理,PL_W661193603,0.0,verified
P04060,ORG_W804454883,ORG_W804454883_T001,产品经理,PL_W60609247,95.8,medium
P04061,ORG_W33561117,ORG_W33561117_T001,高级数据分析师,PL_W33561117,0.0,verified
P04062,ORG_W661250142,ORG_W661250142_T001,健身教练,PL_W661250142,0.0,verified
P04063,ORG_N5465041921,ORG_N5465041921_T001,理发师,PL_N5465041921,0.0,verified
P04064,ORG_W231773826,ORG_W231773826_T002,酒店前台,PL_W231773826,0.0,verified
P04065,ORG_W27778689,ORG_W27778689_T001,厨师,PL_W27778689,0.0,verified
P04066,ORG_N12087471684,ORG_N12087471684_T001,行政专员,PL_W106976306,11.4,high
P04067,ORG_N4419982989,ORG_N4419982989_T001,咖啡师,PL_N4419982989,0.0,verified
P04068,ORG_N2029287605,ORG_N2029287605_T001,销售代表,PL_W43805920,80.2,medium
P04069,ORG_UNRES_W170053309,ORG_UNRES_W170053309_T001,维修技师,PL_W170053309,0.0,unresolved
P04070,ORG_UNRES_W676111871,ORG_UNRES_W676111871_T001,高级数据分析师,PL_W676111871,0.0,unresolved
P04071,ORG_UNRES_W672669531,ORG_UNRES_W672669531_T001,卡车司机,PL_W672669531,0.0,unresolved
P04072,ORG_N3416430848,ORG_N3416430848_T001,独立承包商,PL_N3416430848,0.0,verified
P04073,ORG_N10043714525,ORG_N10043714525_T001,采购专员,PL_W531735882,15.9,high
P04074,ORG_W128147315,ORG_W128147315_T001,客户经理,PL_W128147315,0.0,verified
P04075,ORG_W55031045,ORG_W55031045_T001,厨师,PL_W55031045,0.0,verified
P04076,ORG_W35893795,ORG_W35893795_T001,厨师,PL_W35893795,0.0,verified
P04077,ORG_W657936017,ORG_W657936017_T001,电工,PL_W657936017,0.0,verified
P04078,ORG_N6341484679,ORG_N6341484679_T001,客户经理,PL_N6341484679,0.0,verified
P04079,ORG_UNRES_W199275911,ORG_UNRES_W199275911_T001,维修技师,PL_W199275911,0.0,unresolved
P04080,ORG_UNRES_W661471681,ORG_UNRES_W661471681_T001,仓库操作员,PL_W661471681,0.0,unresolved
P04081,ORG_N2674074228,ORG_N2674074228_T001,咖啡师,PL_N2674074228,0.0,verified
P04082,ORG_UNRES_W25775080,ORG_UNRES_W25775080_T001,私教,PL_W25775080,0.0,unresolved
P04083,ORG_UNRES_W34724587,ORG_UNRES_W34724587_T001,搬运工,PL_W34724587,0.0,unresolved
P04084,ORG_UNRES_W795826330,ORG_UNRES_W795826330_T001,快递员,PL_W795826330,0.0,unresolved
P04085,ORG_UNRES_W1174697423,ORG_UNRES_W1174697423_T001,客户经理,PL_W1174697423,0.0,unresolved
P04086,ORG_UNRES_W675346387,ORG_UNRES_W675346387_T001,设备操作员,PL_W675346387,0.0,unresolved
P04087,ORG_W23297007,ORG_W23297007_T001,健身教练,PL_W23297007,0.0,verified
P04088,ORG_W42472527,ORG_W42472527_T001,私教,PL_W42472527,0.0,verified
P04089,ORG_N9928341855,ORG_N9928341855_T001,运营经理,PL_W170053309,55.2,medium
P04090,ORG_N1257455642,ORG_N1257455642_T001,咨询顾问,PL_N1257455642,0.0,verified
P04091,ORG_W115222390,ORG_W115222390_T001,客户专员,PL_W115222390,0.0,verified
P04092,ORG_W79659939,ORG_W79659939_T001,产品经理,PL_W79659939,0.0,verified
P04093,ORG_UNRES_W273526615,ORG_UNRES_W273526615_T001,翻译,PL_W273526615,0.0,unresolved
P04094,ORG_UNRES_W662150031,ORG_UNRES_W662150031_T001,技术经理,PL_W662150031,0.0,unresolved
P04095,ORG_W205717232,ORG_W205717232_T001,收银员,PL_W205717232,0.0,verified
P04096,ORG_UNRES_W661079382,ORG_UNRES_W661079382_T001,独立承包商,PL_W661079382,0.0,unresolved
P04097,ORG_W55896876,ORG_W55896876_T001,酒店前台,PL_W55896876,0.0,verified
P04098,ORG_W174674654,ORG_W174674654_T001,酒店前台,PL_W174674654,0.0,verified
P04099,ORG_UNRES_W43809760,ORG_UNRES_W43809760_T001,卡车司机,PL_W43809760,0.0,unresolved
P04100,ORG_W149982971,ORG_W149982971_T001,客户经理,PL_W76001163,74.1,medium
P04101,ORG_W34587440,ORG_W34587440_T001,技术经理,PL_W34587440,0.0,verified
P04102,ORG_N13010520119,ORG_N13010520119_T001,保安,PL_N13010520119,0.0,verified
P04103,ORG_W111101751,ORG_W111101751_T001,财务主管,PL_W111101751,0.0,verified
P04104,ORG_UNRES_W43804586,ORG_UNRES_W43804586_T001,配送员,PL_W43804586,0.0,unresolved
P04105,ORG_N12692161032,ORG_N12692161032_T001,销售代表,PL_W34749537,56.7,medium
P04106,ORG_W661193603,ORG_W661193603_T001,客户专员,PL_W661193603,0.0,verified
P04107,ORG_UNRES_W659448367,ORG_UNRES_W659448367_T001,自由销售,PL_W659448367,0.0,unresolved
P04108,ORG_W35155100,ORG_W35155100_T001,厨师,PL_W35155100,0.0,verified
P04109,ORG_UNRES_W705529533,ORG_UNRES_W705529533_T001,维修技师,PL_W705529533,0.0,unresolved
P04110,ORG_W61759776,ORG_W61759776_T002,博士研究生,PL_W61759776,0.0,verified
P04111,ORG_W943701267,ORG_W943701267_T001,区域经理,PL_W943701267,0.0,verified
P04112,ORG_W137923156,ORG_W137923156_T001,部门经理,PL_W137923156,0.0,verified
P04113,ORG_N11378352764,ORG_N11378352764_T001,收银员,PL_N11378352764,0.0,verified
P04114,ORG_N12149933051,ORG_N12149933051_T001,客户经理,PL_W1004706292,10.7,high
P04115,ORG_N7234147845,ORG_N7234147845_T001,运营专员,PL_W679964152,35.0,medium
P04116,ORG_UNRES_W1194900323,ORG_UNRES_W1194900323_T001,翻译,PL_W1194900323,0.0,unresolved
P04117,ORG_UNRES_W60332158,ORG_UNRES_W60332158_T001,快递员,PL_W60332158,0.0,unresolved
P04118,ORG_UNRES_W40420170,ORG_UNRES_W40420170_T001,自由设计师,PL_W40420170,0.0,unresolved
P04119,ORG_N12965993451,ORG_N12965993451_T001,销售代表,PL_W234437572,14.6,high
P04120,ORG_UNRES_W331945075,ORG_UNRES_W331945075_T001,搬运工,PL_W331945075,0.0,unresolved
P04121,ORG_W34720372,ORG_W34720372_T001,维修技师,PL_W34720372,0.0,verified
P04122,ORG_UNRES_W802230932,ORG_UNRES_W802230932_T001,设计师,PL_W802230932,0.0,unresolved
P04123,ORG_N13753673174,ORG_N13753673174_T001,项目经理,PL_W31963780,2.4,high
P04124,ORG_W27767648,ORG_W27767648_T001,客户专员,PL_W27767648,0.0,verified
P04125,ORG_N2603959632,ORG_N2603959632_T001,销售经理,PL_N2603959632,0.0,verified
P04126,ORG_UNRES_W662389721,ORG_UNRES_W662389721_T001,快递员,PL_W662389721,0.0,unresolved
P04127,ORG_N5424653321,ORG_N5424653321_T001,客服,PL_N5424653321,0.0,verified
P04128,ORG_N6363116935,ORG_N6363116935_T001,项目经理,PL_W679142318,22.3,high
P04129,ORG_N6820739741,ORG_N6820739741_T001,咖啡师,PL_N6820739741,0.0,verified
P04130,ORG_N11296430821,ORG_N11296430821_T001,客户经理,PL_N11296430821,0.0,verified
P04131,ORG_N5368912112,ORG_N5368912112_T001,咖啡师,PL_N5368912112,0.0,verified
P04132,ORG_W587012151,ORG_W587012151_T001,高级运营专员,PL_W587012151,0.0,verified
P04133,ORG_W56426525,ORG_W56426525_T001,数据分析师,PL_W56426525,0.0,verified
P04134,ORG_N2018986274,ORG_N2018986274_T001,收银员,PL_N2018986274,0.0,verified
P04135,ORG_N7792708272,ORG_N7792708272_T001,厨师,PL_N7792708272,0.0,verified
P04136,ORG_UNRES_W332358184,ORG_UNRES_W332358184_T001,数据分析师,PL_W332358184,0.0,unresolved
P04137,ORG_UNRES_W662257868,ORG_UNRES_W662257868_T001,自媒体从业者,PL_W662257868,0.0,unresolved
P04138,ORG_W300884213,ORG_W300884213_T001,会计,PL_W300884213,0.0,verified
P04139,ORG_UNRES_W67138784,ORG_UNRES_W67138784_T001,安装工,PL_W67138784,0.0,unresolved
P04140,ORG_N13108840002,ORG_N13108840002_T001,运营专员,PL_N13108840002,0.0,verified
P04141,ORG_N1286233070,ORG_N1286233070_T001,客户专员,PL_N1286233070,0.0,verified
P04142,ORG_W1271809791,ORG_W1271809791_T001,摄影师,PL_W1271809791,0.0,verified
P04143,ORG_UNRES_W663827220,ORG_UNRES_W663827220_T001,数据分析师,PL_W663827220,0.0,unresolved
P04144,ORG_UNRES_W660836753,ORG_UNRES_W660836753_T001,高级项目经理,PL_W660836753,0.0,unresolved
P04145,ORG_N7141402019,ORG_N7141402019_T001,采购经理,PL_N7141402019,0.0,verified
P04146,ORG_W328900136,ORG_W328900136_T001,安装工,PL_W328900136,0.0,verified
P04147,ORG_N12861684096,ORG_N12861684096_T001,运营专员,PL_W678970362,34.0,medium
P04148,ORG_N6340918499,ORG_N6340918499_T001,餐厅服务员,PL_N6340918499,0.0,verified
P04149,ORG_N2890089526,ORG_N2890089526_T001,采购专员,PL_W61011663,5.7,high
P04150,ORG_W35021215,ORG_W35021215_T001,配送员,PL_W34985273,111.2,medium
P04151,ORG_N1136370098,ORG_N1136370098_T001,独立程序员,PL_N1136370098,0.0,verified
P04152,ORG_UNRES_W43806794,ORG_UNRES_W43806794_T001,搬运工,PL_W43806794,0.0,unresolved
P04153,ORG_UNRES_W662535370,ORG_UNRES_W662535370_T001,翻译,PL_W662535370,0.0,unresolved
P04154,ORG_N6549482217,ORG_N6549482217_T001,设计师,PL_N6549482217,0.0,verified
P04155,ORG_N7576536077,ORG_N7576536077_T001,咖啡师,PL_N7576536077,0.0,verified
P04156,ORG_N12345043658,ORG_N12345043658_T001,咨询顾问,PL_N12345043658,0.0,verified
P04157,ORG_N3906714200,ORG_N3906714200_T001,私教,PL_N3906714200,0.0,verified
P04158,ORG_N12537548075,ORG_N12537548075_T001,硕士研究生,PL_N12537548075,0.0,verified
P04159,ORG_N281668247,ORG_N281668247_T001,自媒体从业者,PL_N281668247,0.0,verified
P04160,ORG_N6363116945,ORG_N6363116945_T001,行政专员,PL_W659629199,25.2,medium
P04161,ORG_UNRES_W162147490,ORG_UNRES_W162147490_T001,安装工,PL_W162147490,0.0,unresolved
P04162,ORG_UNRES_W1252647293,ORG_UNRES_W1252647293_T001,房产经纪,PL_W1252647293,0.0,unresolved
P04163,ORG_N2365100289,ORG_N2365100289_T001,自由设计师,PL_N2365100289,0.0,verified
P04164,ORG_UNRES_W56758193,ORG_UNRES_W56758193_T001,数据分析师,PL_W56758193,0.0,unresolved
P04165,ORG_N13608388092,ORG_N13608388092_T001,客服,PL_N13608388092,0.0,verified
P04166,ORG_N6525130540,ORG_N6525130540_T001,项目经理,PL_N6525130540,0.0,verified
P04167,ORG_W106972671,ORG_W106972671_T001,财务专员,PL_W105516629,95.7,medium
P04168,ORG_N2375249754,ORG_N2375249754_T001,本科生,PL_N2375249754,0.0,verified
P04169,ORG_N5372568226,ORG_N5372568226_T001,数据分析师,PL_W55226310,64.1,medium
P04170,ORG_UNRES_W55217856,ORG_UNRES_W55217856_T001,客户专员,PL_W55217856,0.0,unresolved
P04171,ORG_N5441763274,ORG_N5441763274_T001,财务专员,PL_N5441763274,0.0,verified
P04172,ORG_UNRES_W79582669,ORG_UNRES_W79582669_T001,数据分析师,PL_W79582669,0.0,unresolved
P04173,ORG_N6491731392,ORG_N6491731392_T001,运营专员,PL_W663313323,46.1,medium
P04174,ORG_W36508437,ORG_W36508437_T001,硕士研究生,PL_W36508437,0.0,verified
P04175,ORG_W7969162,ORG_W7969162_T001,咨询顾问,PL_W7969162,0.0,verified
P04176,ORG_N1613901554,ORG_N1613901554_T001,高级软件工程师,PL_N1613901554,0.0,verified
P04177,ORG_W67141358,ORG_W67141358_T001,快递员,PL_W67141358,0.0,verified
P04178,ORG_UNRES_W43805875,ORG_UNRES_W43805875_T001,软件工程师,PL_W43805875,0.0,unresolved
P04179,ORG_N4572092701,ORG_N4572092701_T001,销售经理,PL_N4572092701,0.0,verified
P04180,ORG_W33561118,ORG_W33561118_T001,厨师,PL_W33561118,0.0,verified
P04181,ORG_UNRES_W705109205,ORG_UNRES_W705109205_T001,设计师,PL_W705109205,0.0,unresolved
P04182,ORG_UNRES_W661774776,ORG_UNRES_W661774776_T001,建筑工人,PL_W661774776,0.0,unresolved
P04183,ORG_N1696929321,ORG_N1696929321_T001,咖啡师,PL_N1696929321,0.0,verified
P04184,ORG_UNRES_W662259399,ORG_UNRES_W662259399_T001,高级数据分析师,PL_W662259399,0.0,unresolved
P04185,ORG_N6548307620,ORG_N6548307620_T001,客户专员,PL_W203046133,36.4,medium
P04186,ORG_N13010520117,ORG_N13010520117_T001,零售店员,PL_N13010520117,0.0,verified
P04187,ORG_UNRES_W31977705,ORG_UNRES_W31977705_T001,网店经营者,PL_W31977705,0.0,unresolved
P04188,ORG_UNRES_W170053305,ORG_UNRES_W170053305_T001,采购专员,PL_W170053305,0.0,unresolved
P04189,ORG_UNRES_W33542263,ORG_UNRES_W33542263_T001,采购专员,PL_W33542263,0.0,unresolved
P04190,ORG_UNRES_W57383017,ORG_UNRES_W57383017_T001,高级数据分析师,PL_W57383017,0.0,unresolved
P04191,ORG_W27778414,ORG_W27778414_T001,酒店服务人员,PL_W27778414,0.0,verified
P04192,ORG_UNRES_W677782183,ORG_UNRES_W677782183_T001,卡车司机,PL_W677782183,0.0,unresolved
P04193,ORG_UNRES_W663826510,ORG_UNRES_W663826510_T001,销售经理,PL_W663826510,0.0,unresolved
P04194,ORG_W69966012,ORG_W69966012_T001,项目经理,PL_W69966012,0.0,verified
P04195,ORG_UNRES_W89185226,ORG_UNRES_W89185226_T001,自媒体从业者,PL_W89185226,0.0,unresolved
P04196,ORG_N7120506404,ORG_N7120506404_T001,会计,PL_W661774426,75.3,medium
P04197,ORG_UNRES_W420657952,ORG_UNRES_W420657952_T001,快递员,PL_W420657952,0.0,unresolved
P04198,ORG_W25491342,ORG_W25491342_T001,酒店服务人员,PL_W25491342,0.0,verified
P04199,ORG_N3624207195,ORG_N3624207195_T001,销售经理,PL_N3624207195,0.0,verified
P04200,ORG_W90055931,ORG_W90055931_T001,客户专员,PL_W56009253,37.2,medium
P04201,ORG_N6545677403,ORG_N6545677403_T001,产品经理,PL_N6545677403,0.0,verified
P04202,ORG_N5410531840,ORG_N5410531840_T001,美容师,PL_N7759269237,14.2,high
P04203,ORG_W41949957,ORG_W41949957_T001,高级数据分析师,PL_W41949957,0.0,verified
P04204,ORG_W1109164580,ORG_W1109164580_T001,酒店前台,PL_W1109164580,0.0,verified
P04205,ORG_N5039209324,ORG_N5039209324_T001,会计,PL_N5039209324,0.0,verified
P04206,ORG_N12667756135,ORG_N12667756135_T001,理发师,PL_N12667756135,0.0,verified
P04207,ORG_W59244470,ORG_W59244470_T001,焊工,PL_W658233498,102.8,medium
P04208,ORG_UNRES_W702167768,ORG_UNRES_W702167768_T001,私教,PL_W702167768,0.0,unresolved
P04209,ORG_UNRES_W233647044,ORG_UNRES_W233647044_T001,自由设计师,PL_W233647044,0.0,unresolved
P04210,ORG_W58673614,ORG_W58673614_T001,软件工程师,PL_W58673614,0.0,verified
P04211,ORG_W89636166,ORG_W89636166_T001,运营专员,PL_W89636165,73.6,medium
P04212,ORG_N1906274420,ORG_N1906274420_T001,会计,PL_W180549731,48.5,medium
P04213,ORG_UNRES_W34517946,ORG_UNRES_W34517946_T001,焊工,PL_W34517946,0.0,unresolved
P04214,ORG_W76001187,ORG_W76001187_T001,酒店服务人员,PL_W76001187,0.0,verified
P04215,ORG_W137923159,ORG_W137923159_T001,项目经理,PL_W262740197,49.8,medium
P04216,ORG_W56433525,ORG_W56433525_T001,厨师,PL_W56433525,0.0,verified
P04217,ORG_N6545677408,ORG_N6545677408_T001,销售经理,PL_W368778308,67.9,medium
P04218,ORG_UNRES_W660934398,ORG_UNRES_W660934398_T001,采购专员,PL_W660934398,0.0,unresolved
P04219,ORG_W570476442,ORG_W570476442_T001,健身教练,PL_W570476442,0.0,verified
P04220,ORG_N2287615912,ORG_N2287615912_T001,摄影师,PL_W1551442415,50.6,medium
P04221,ORG_N6324061450,ORG_N6324061450_T001,客服,PL_N6324061450,0.0,verified
P04222,ORG_N1515959209,ORG_N1515959209_T001,硕士研究生,PL_N1515959209,0.0,verified
P04223,ORG_UNRES_W60332327,ORG_UNRES_W60332327_T001,业务负责人,PL_W60332327,0.0,unresolved
P04224,ORG_N4036639060,ORG_N4036639060_T001,高级数据分析师,PL_N4036639060,0.0,verified
P04225,ORG_N1780461013,ORG_N1780461013_T001,自由销售,PL_N1780461013,0.0,verified
P04226,ORG_N6359314433,ORG_N6359314433_T001,餐厅服务员,PL_N6359314433,0.0,verified
P04227,ORG_W59574734,ORG_W59574734_T001,高级运营专员,PL_W107138624,23.2,high
P04228,ORG_N11897199665,ORG_N11897199665_T001,理发师,PL_N11897199665,0.0,verified
P04229,ORG_W58869396,ORG_W58869396_T001,搬运工,PL_W58869437,35.1,medium
P04230,ORG_N13951193828,ORG_N13951193828_T001,产品经理,PL_W106201344,9.9,high
P04231,ORG_W127685221,ORG_W127685221_T001,HR经理,PL_W127685221,0.0,verified
P04232,ORG_N5706236065,ORG_N5706236065_T002,HR经理,PL_W599480360,41.6,medium
P04233,ORG_W659094218,ORG_W659094218_T001,人力资源经理,PL_W659094218,0.0,verified
P04234,ORG_N4477977104,ORG_N4477977104_T001,美容师,PL_N4477977104,0.0,verified
P04235,ORG_N5220384806,ORG_N5220384806_T001,咖啡师,PL_N5220384806,0.0,verified
P04236,ORG_N6483208706,ORG_N6483208706_T001,HR经理,PL_N6483208706,0.0,verified
P04237,ORG_UNRES_W55890065,ORG_UNRES_W55890065_T001,汽车技师,PL_W55890065,0.0,unresolved
P04238,ORG_UNRES_W659334266,ORG_UNRES_W659334266_T001,网店经营者,PL_W659334266,0.0,unresolved
P04239,ORG_N3506210942,ORG_N3506210942_T001,软件工程师,PL_N3506210942,0.0,verified
P04240,ORG_N7980848836,ORG_N7980848836_T001,项目经理,PL_N7980848836,0.0,verified
P04241,ORG_W30082675,ORG_W30082675_T001,高级软件工程师,PL_W678505480,39.8,medium
P04242,ORG_W231773826,ORG_W231773826_T001,酒店前台,PL_W231773826,0.0,verified
P04243,ORG_UNRES_W663518473,ORG_UNRES_W663518473_T001,快递员,PL_W663518473,0.0,unresolved
P04244,ORG_W1034677780,ORG_W1034677780_T001,本科生,PL_W1034677780,0.0,verified
P04245,ORG_N3620991484,ORG_N3620991484_T001,自媒体从业者,PL_N3620991484,0.0,verified
P04246,ORG_UNRES_W662761778,ORG_UNRES_W662761778_T001,客户专员,PL_W662761778,0.0,unresolved
P04247,ORG_N7528939009,ORG_N7528939009_T001,行政专员,PL_N7528939009,0.0,verified
P04248,ORG_UNRES_W670947967,ORG_UNRES_W670947967_T001,卡车司机,PL_W670947967,0.0,unresolved
P04249,ORG_W25491342,ORG_W25491342_T001,酒店前台,PL_W25491342,0.0,verified
P04250,ORG_N1140206283,ORG_N1140206283_T001,厨师,PL_N1140206283,0.0,verified
P04251,ORG_N12152036905,ORG_N12152036905_T001,销售经理,PL_N12152036905,0.0,verified
P04252,ORG_N5721112421,ORG_N5721112421_T001,摄影师,PL_N5721112421,0.0,verified
P04253,ORG_N6363938618,ORG_N6363938618_T001,高级数据分析师,PL_W283803585,55.3,medium
P04254,ORG_N1515959209,ORG_N1515959209_T001,本科生,PL_N1515959209,0.0,verified
P04255,ORG_UNRES_W32518941,ORG_UNRES_W32518941_T001,设备操作员,PL_W32518941,0.0,unresolved
P04256,ORG_UNRES_W659587768,ORG_UNRES_W659587768_T001,卡车司机,PL_W659587768,0.0,unresolved
P04257,ORG_UNRES_W795967144,ORG_UNRES_W795967144_T001,安装工,PL_W795967144,0.0,unresolved
P04258,ORG_UNRES_W56433523,ORG_UNRES_W56433523_T001,安装工,PL_W56433523,0.0,unresolved
P04259,ORG_N5010933312,ORG_N5010933312_T001,HR经理,PL_W1133859548,56.2,medium
P04260,ORG_UNRES_W744513770,ORG_UNRES_W744513770_T001,设备操作员,PL_W744513770,0.0,unresolved
P04261,ORG_UNRES_W55213068,ORG_UNRES_W55213068_T001,客户经理,PL_W55213068,0.0,unresolved
P04262,ORG_N14104254511,ORG_N14104254511_T001,数据分析师,PL_N14104254511,0.0,verified
P04263,ORG_UNRES_W659249936,ORG_UNRES_W659249936_T001,自媒体从业者,PL_W659249936,0.0,unresolved
P04264,ORG_UNRES_W705512157,ORG_UNRES_W705512157_T001,自由销售,PL_W705512157,0.0,unresolved
P04265,ORG_UNRES_W248705097,ORG_UNRES_W248705097_T001,高级数据分析师,PL_W248705097,0.0,unresolved
P04266,ORG_UNRES_W59244538,ORG_UNRES_W59244538_T001,搬运工,PL_W59244538,0.0,unresolved
P04267,ORG_N14036160054,ORG_N14036160054_T001,HR经理,PL_N14036160054,0.0,verified
P04268,ORG_W142432175,ORG_W142432175_T001,销售经理,PL_W142432175,0.0,verified
P04269,ORG_UNRES_W705842205,ORG_UNRES_W705842205_T001,设备操作员,PL_W705842205,0.0,unresolved
P04270,ORG_W1418991792,ORG_W1418991792_T001,采购经理,PL_W1418991792,0.0,verified
P04271,ORG_W113438134,ORG_W113438134_T001,会计,PL_W1433186813,44.6,medium
P04272,ORG_N4966102778,ORG_N4966102778_T001,数据分析师,PL_W33561679,9.1,high
P04273,ORG_W59244402,ORG_W59244402_T001,项目经理,PL_W59244402,0.0,verified
P04274,ORG_N12912579192,ORG_N12912579192_T001,本科生,PL_N12912579192,0.0,verified
P04275,ORG_N6317447462,ORG_N6317447462_T001,部门经理,PL_N6317447462,0.0,verified
P04276,ORG_UNRES_W60428277,ORG_UNRES_W60428277_T001,卡车司机,PL_W60428277,0.0,unresolved
P04277,ORG_UNRES_W796589700,ORG_UNRES_W796589700_T001,快递员,PL_W796589700,0.0,unresolved
P04278,ORG_UNRES_W170053750,ORG_UNRES_W170053750_T001,翻译,PL_W170053750,0.0,unresolved
P04279,ORG_W122205423,ORG_W122205423_T002,高级软件工程师,PL_W122205423,0.0,verified
P04280,ORG_W1504220927,ORG_W1504220927_T001,硕士研究生,PL_W1504220927,0.0,verified
P04281,ORG_UNRES_W659307261,ORG_UNRES_W659307261_T001,电工,PL_W659307261,0.0,unresolved
P04282,ORG_N12849640769,ORG_N12849640769_T001,销售经理,PL_W58646806,28.5,medium
P04283,ORG_N6535236529,ORG_N6535236529_T001,理发师,PL_N6535236529,0.0,verified
P04284,ORG_W104945735,ORG_W104945735_T001,高级软件工程师,PL_W104945736,39.6,medium
P04285,ORG_W659094218,ORG_W659094218_T001,设计师,PL_W659094239,50.5,medium
P04286,ORG_N1906274420,ORG_N1906274420_T001,高级运营专员,PL_W180193899,7.6,high
P04287,ORG_W32357841,ORG_W32357841_T001,建筑工人,PL_W32357841,0.0,verified
P04288,ORG_UNRES_W662149424,ORG_UNRES_W662149424_T001,汽车技师,PL_W662149424,0.0,unresolved
P04289,ORG_W23447393,ORG_W23447393_T001,本科生,PL_W23447393,0.0,verified
P04290,ORG_W585487299,ORG_W585487299_T001,数据分析师,PL_W585487294,42.4,medium
P04291,ORG_N7009937516,ORG_N7009937516_T001,保安,PL_N7009937516,0.0,verified
P04292,ORG_N13983285347,ORG_N13983285347_T001,行政专员,PL_W951835028,19.2,high
P04293,ORG_N7797331451,ORG_N7797331451_T001,本科生,PL_N7797331451,0.0,verified
P04294,ORG_W701997020,ORG_W701997020_T001,高级数据分析师,PL_W701997020,0.0,verified
P04295,ORG_UNRES_W804639053,ORG_UNRES_W804639053_T001,HR经理,PL_W804639053,0.0,unresolved
P04296,ORG_N8151600398,ORG_N8151600398_T001,收银员,PL_N8151600398,0.0,verified
P04297,ORG_N11310898337,ORG_N11310898337_T001,健身教练,PL_N11310898337,0.0,verified
P04298,ORG_UNRES_W31617603,ORG_UNRES_W31617603_T001,自由销售,PL_W31617603,0.0,unresolved
P04299,ORG_UNRES_W1544282801,ORG_UNRES_W1544282801_T001,客户专员,PL_W1544282801,0.0,unresolved
P04300,ORG_UNRES_W421084022,ORG_UNRES_W421084022_T001,高级软件工程师,PL_W421084022,0.0,unresolved
P04301,ORG_N10695426372,ORG_N10695426372_T001,销售经理,PL_N10695426372,0.0,verified
P04302,ORG_N5705965621,ORG_N5705965621_T001,零售店员,PL_N5705965621,0.0,verified
P04303,ORG_W815475387,ORG_W815475387_T001,硕士研究生,PL_W815475387,0.0,verified
P04304,ORG_N6545684813,ORG_N6545684813_T001,设计师,PL_W32706591,78.4,medium
P04305,ORG_N6313899858,ORG_N6313899858_T001,健身教练,PL_N6313899858,0.0,verified
P04306,ORG_W27778689,ORG_W27778689_T001,酒店服务人员,PL_W27778689,0.0,verified
P04307,ORG_N10043714525,ORG_N10043714525_T001,高级软件工程师,PL_N10043714525,0.0,verified
P04308,ORG_W226326868,ORG_W226326868_T001,高级数据分析师,PL_W705015582,72.7,medium
P04309,ORG_UNRES_W1017454922,ORG_UNRES_W1017454922_T001,财务主管,PL_W1017454922,0.0,unresolved
P04310,ORG_W1268267050,ORG_W1268267050_T001,硕士研究生,PL_W1268267050,0.0,verified
P04311,ORG_N4802812392,ORG_N4802812392_T001,自由设计师,PL_N4802812392,0.0,verified
P04312,ORG_W802227971,ORG_W802227971_T001,财务主管,PL_W802227971,0.0,verified
P04313,ORG_UNRES_W1338469221,ORG_UNRES_W1338469221_T001,财务经理,PL_W1338469221,0.0,unresolved
P04314,ORG_W60319362,ORG_W60319362_T001,行政专员,PL_W60319362,0.0,verified
P04315,ORG_W686982860,ORG_W686982860_T001,快递员,PL_W686982860,0.0,verified
P04316,ORG_N3942122560,ORG_N3942122560_T001,高级软件工程师,PL_N3942122560,0.0,verified
P04317,ORG_UNRES_W60448453,ORG_UNRES_W60448453_T001,设备操作员,PL_W60448453,0.0,unresolved
P04318,ORG_W56106379,ORG_W56106379_T001,房产经纪,PL_W56106379,0.0,verified
P04319,ORG_N4373039275,ORG_N4373039275_T001,咖啡师,PL_N4373039275,0.0,verified
P04320,ORG_N1387972038,ORG_N1387972038_T001,理发师,PL_N1387972038,0.0,verified
P04321,ORG_W407489899,ORG_W407489899_T001,运营经理,PL_W282090479,7.0,high
P04322,ORG_N5061254795,ORG_N5061254795_T001,餐厅服务员,PL_N5061254795,0.0,verified
P04323,ORG_W144942369,ORG_W144942369_T001,客服,PL_W144942369,0.0,verified
P04324,ORG_UNRES_W659239682,ORG_UNRES_W659239682_T001,汽车技师,PL_W659239682,0.0,unresolved
P04325,ORG_N11007364506,ORG_N11007364506_T001,采购经理,PL_N11007364506,0.0,verified
P04326,ORG_UNRES_W659549211,ORG_UNRES_W659549211_T001,独立程序员,PL_W659549211,0.0,unresolved
P04327,ORG_N6419730380,ORG_N6419730380_T001,采购专员,PL_N6419730380,0.0,verified
P04328,ORG_UNRES_W660602719,ORG_UNRES_W660602719_T001,摄影师,PL_W660602719,0.0,unresolved
P04329,ORG_W23447393,ORG_W23447393_T001,本科生,PL_W23447393,0.0,verified
P04330,ORG_N67344518,ORG_N67344518_T001,餐厅服务员,PL_N67344518,0.0,verified
P04331,ORG_UNRES_W699149381,ORG_UNRES_W699149381_T001,财务专员,PL_W699149381,0.0,unresolved
P04332,ORG_N3670530408,ORG_N3670530408_T001,咖啡师,PL_N3670530408,0.0,verified
P04333,ORG_N3816467134,ORG_N3816467134_T001,美容师,PL_N3816467134,0.0,verified
P04334,ORG_UNRES_W662259388,ORG_UNRES_W662259388_T001,客户专员,PL_W662259388,0.0,unresolved
P04335,ORG_UNRES_W31451096,ORG_UNRES_W31451096_T001,咨询顾问,PL_W31451096,0.0,unresolved
P04336,ORG_UNRES_W659445056,ORG_UNRES_W659445056_T001,摄影师,PL_W659445056,0.0,unresolved
P04337,ORG_N12912579192,ORG_N12912579192_T001,本科生,PL_N12912579192,0.0,verified
P04338,ORG_N1911554886,ORG_N1911554886_T001,餐厅服务员,PL_N1911554886,0.0,verified
P04339,ORG_UNRES_W661048102,ORG_UNRES_W661048102_T001,自由设计师,PL_W661048102,0.0,unresolved
P04340,ORG_N4742515394,ORG_N4742515394_T001,厨师,PL_N4742515394,0.0,verified
P04341,ORG_N11178365153,ORG_N11178365153_T001,设计师,PL_W61698929,68.2,medium
P04342,ORG_W43805112,ORG_W43805112_T001,设计师,PL_W43805112,0.0,verified
P04343,ORG_N1869495983,ORG_N1869495983_T001,网店经营者,PL_N1869495983,0.0,verified
P04344,ORG_UNRES_W662149424,ORG_UNRES_W662149424_T001,建筑工人,PL_W662149424,0.0,unresolved
P04345,ORG_UNRES_W56058481,ORG_UNRES_W56058481_T001,卡车司机,PL_W56058481,0.0,unresolved
P04346,ORG_UNRES_W680608305,ORG_UNRES_W680608305_T001,搬运工,PL_W680608305,0.0,unresolved
P04347,ORG_N9740014383,ORG_N9740014383_T001,项目经理,PL_N9740014383,0.0,verified
P04348,ORG_W34749721,ORG_W34749721_T001,厨师,PL_W34749721,0.0,verified
P04349,ORG_N10932252155,ORG_N10932252155_T001,采购经理,PL_N10932252155,0.0,verified
P04350,ORG_N6359447137,ORG_N6359447137_T001,客户专员,PL_W679142328,49.8,medium
P04351,ORG_UNRES_W661774835,ORG_UNRES_W661774835_T001,焊工,PL_W661774835,0.0,unresolved
P04352,ORG_N8626077911,ORG_N8626077911_T001,软件工程师,PL_N8626077911,0.0,verified
P04353,ORG_N2365100290,ORG_N2365100290_T001,餐厅服务员,PL_N2365100290,0.0,verified
P04354,ORG_N11663588957,ORG_N11663588957_T001,高级数据分析师,PL_W943602453,33.4,medium
P04355,ORG_N5110835032,ORG_N5110835032_T001,财务专员,PL_N5110835032,0.0,verified
P04356,ORG_W35491449,ORG_W35491449_T001,业务负责人,PL_W35491449,0.0,verified
P04357,ORG_N4507572289,ORG_N4507572289_T001,博士研究生,PL_N4507572289,0.0,verified
P04358,ORG_N6345455875,ORG_N6345455875_T001,厨师,PL_N6345455875,0.0,verified
P04359,ORG_UNRES_W1171853035,ORG_UNRES_W1171853035_T001,维修技师,PL_W1171853035,0.0,unresolved
P04360,ORG_N9550175417,ORG_N9550175417_T001,博士研究生,PL_N9550175417,0.0,verified
P04361,ORG_UNRES_W33362861,ORG_UNRES_W33362861_T001,配送员,PL_W33362861,0.0,unresolved
P04362,ORG_W364149840,ORG_W364149840_T001,焊工,PL_W97256641,71.4,medium
P04363,ORG_N12091108919,ORG_N12091108919_T001,本科生,PL_N12091108919,0.0,verified
P04364,ORG_N620375514,ORG_N620375514_T001,客服,PL_N620375514,0.0,verified
P04365,ORG_N6558113016,ORG_N6558113016_T001,采购经理,PL_W698309123,15.4,high
P04366,ORG_UNRES_W34749808,ORG_UNRES_W34749808_T001,汽车技师,PL_W34749808,0.0,unresolved
P04367,ORG_N14084028893,ORG_N14084028893_T001,HR经理,PL_N14084028893,0.0,verified
P04368,ORG_N1888709068,ORG_N1888709068_T001,人力资源经理,PL_W783716652,81.6,medium
P04369,ORG_N6373227307,ORG_N6373227307_T001,高级数据分析师,PL_W676111885,88.1,medium
P04370,ORG_UNRES_W34582450,ORG_UNRES_W34582450_T001,房产经纪,PL_W34582450,0.0,unresolved
P04371,ORG_W150506087,ORG_W150506087_T001,厨师,PL_W150506087,0.0,verified
P04372,ORG_W34582609,ORG_W34582609_T001,销售代表,PL_W119980187,77.3,medium
P04373,ORG_N1907123254,ORG_N1907123254_T001,硕士研究生,PL_N1907123254,0.0,verified
P04374,ORG_W663827867,ORG_W663827867_T001,HR经理,PL_W684783109,35.4,medium
P04375,ORG_UNRES_W420287858,ORG_UNRES_W420287858_T001,安装工,PL_W420287858,0.0,unresolved
P04376,ORG_UNRES_W60118201,ORG_UNRES_W60118201_T001,业务负责人,PL_W60118201,0.0,unresolved
P04377,ORG_N4533176130,ORG_N4533176130_T001,零售店员,PL_N4533176130,0.0,verified
P04378,ORG_W43417475,ORG_W43417475_T001,HR经理,PL_W43417475,0.0,verified
P04379,ORG_N10167804063,ORG_N10167804063_T001,酒店前台,PL_N10167804063,0.0,verified
P04380,ORG_UNRES_W660620518,ORG_UNRES_W660620518_T001,采购专员,PL_W660620518,0.0,unresolved
P04381,ORG_UNRES_W662094891,ORG_UNRES_W662094891_T001,私教,PL_W662094891,0.0,unresolved
P04382,ORG_UNRES_W793948777,ORG_UNRES_W793948777_T001,产品经理,PL_W793948777,0.0,unresolved
P04383,ORG_N10284950895,ORG_N10284950895_T001,高级数据分析师,PL_N10284950895,0.0,verified
P04384,ORG_N6348250441,ORG_N6348250441_T001,自由设计师,PL_N6348250441,0.0,verified
P04385,ORG_W33746340,ORG_W33746340_T001,销售代表,PL_W33746340,0.0,verified
P04386,ORG_W663827160,ORG_W663827160_T001,产品经理,PL_W663827179,51.0,medium
P04387,ORG_UNRES_W663315400,ORG_UNRES_W663315400_T001,会计,PL_W663315400,0.0,unresolved
P04388,ORG_W34084532,ORG_W34084532_T001,酒店服务人员,PL_W34084532,0.0,verified
P04389,ORG_W43810852,ORG_W43810852_T001,高级软件工程师,PL_W192381931,59.7,medium
P04390,ORG_N2926797002,ORG_N2926797002_T001,餐厅服务员,PL_N2926797002,0.0,verified
P04391,ORG_N5706236065,ORG_N5706236065_T001,客户经理,PL_W599480360,41.6,medium
P04392,ORG_N13670266862,ORG_N13670266862_T001,本科生,PL_N13670266862,0.0,verified
P04393,ORG_N1755468385,ORG_N1755468385_T001,美容师,PL_N1755468385,0.0,verified
P04394,ORG_UNRES_W1541291331,ORG_UNRES_W1541291331_T001,维修技师,PL_W1541291331,0.0,unresolved
P04395,ORG_W557357364,ORG_W557357364_T001,财务主管,PL_W32567249,98.4,medium
P04396,ORG_UNRES_W56123711,ORG_UNRES_W56123711_T001,快递员,PL_W56123711,0.0,unresolved
P04397,ORG_W67138242,ORG_W67138242_T001,酒店服务人员,PL_W67138242,0.0,verified
P04398,ORG_UNRES_W703427648,ORG_UNRES_W703427648_T001,会计,PL_W703427648,0.0,unresolved
P04399,ORG_W34720372,ORG_W34720372_T001,高级运营专员,PL_W219168620,38.7,medium
P04400,ORG_N6545342849,ORG_N6545342849_T001,咖啡师,PL_N6545342849,0.0,verified
P04401,ORG_UNRES_W663315380,ORG_UNRES_W663315380_T001,汽车技师,PL_W663315380,0.0,unresolved
P04402,ORG_W27767640,ORG_W27767640_T001,厨师,PL_W27767640,0.0,verified
P04403,ORG_W27767636,ORG_W27767636_T001,摄影师,PL_W27767636,0.0,verified
P04404,ORG_W61759776,ORG_W61759776_T002,博士研究生,PL_W61759776,0.0,verified
P04405,ORG_N2340082512,ORG_N2340082512_T001,自由设计师,PL_W31727205,4.8,high
P04406,ORG_W62256154,ORG_W62256154_T001,酒店前台,PL_W62256154,0.0,verified
P04407,ORG_N6546638573,ORG_N6546638573_T001,客服,PL_N6546638573,0.0,verified
P04408,ORG_W659629227,ORG_W659629227_T001,快递员,PL_W659629198,56.8,medium
P04409,ORG_N9079597332,ORG_N9079597332_T001,客户专员,PL_N9079597332,0.0,verified
P04410,ORG_UNRES_W659970395,ORG_UNRES_W659970395_T001,HR经理,PL_W659970395,0.0,unresolved
P04411,ORG_N2799536962,ORG_N2799536962_T001,软件工程师,PL_W662253494,15.9,high
P04412,ORG_W659321750,ORG_W659321750_T001,高级软件工程师,PL_W659321746,61.4,medium
P04413,ORG_N12861688134,ORG_N12861688134_T001,网店经营者,PL_W34582323,10.1,high
P04414,ORG_N6545342841,ORG_N6545342841_T001,美容师,PL_N6545342841,0.0,verified
P04415,ORG_W67139117,ORG_W67139117_T001,数据分析师,PL_W67139117,0.0,verified
P04416,ORG_N2271819307,ORG_N2271819307_T001,保安,PL_N2271819307,0.0,verified
P04417,ORG_UNRES_W34777546,ORG_UNRES_W34777546_T001,咨询顾问,PL_W34777546,0.0,unresolved
P04418,ORG_UNRES_W69341524,ORG_UNRES_W69341524_T001,软件工程师,PL_W69341524,0.0,unresolved
P04419,ORG_W55896876,ORG_W55896876_T001,酒店前台,PL_W55896876,0.0,verified
P04420,ORG_W61429677,ORG_W61429677_T001,厨师,PL_W61429677,0.0,verified
P04421,ORG_N4447738882,ORG_N4447738882_T001,咖啡师,PL_N4447738882,0.0,verified
P04422,ORG_W161110169,ORG_W161110169_T001,本科生,PL_W161110169,0.0,verified
P04423,ORG_W416989000,ORG_W416989000_T001,酒店服务人员,PL_W416989000,0.0,verified
P04424,ORG_W943701267,ORG_W943701267_T001,产品经理,PL_W943701267,0.0,verified
P04425,ORG_N10780162897,ORG_N10780162897_T001,财务主管,PL_N10780162897,0.0,verified
P04426,ORG_UNRES_W661950844,ORG_UNRES_W661950844_T001,快递员,PL_W661950844,0.0,unresolved
P04427,ORG_N244885891,ORG_N244885891_T001,零售店员,PL_N244885891,0.0,verified
P04428,ORG_UNRES_W66979914,ORG_UNRES_W66979914_T001,行政专员,PL_W66979914,0.0,unresolved
P04429,ORG_N13111258832,ORG_N13111258832_T001,销售代表,PL_W113530396,62.9,medium
P04430,ORG_W58567265,ORG_W58567265_T001,配送员,PL_W58567265,0.0,verified
P04431,ORG_UNRES_W31620394,ORG_UNRES_W31620394_T001,自媒体从业者,PL_W31620394,0.0,unresolved
P04432,ORG_UNRES_W31623456,ORG_UNRES_W31623456_T001,销售经理,PL_W31623456,0.0,unresolved
P04433,ORG_UNRES_W661347087,ORG_UNRES_W661347087_T001,会计,PL_W661347087,0.0,unresolved
P04434,ORG_UNRES_W58673660,ORG_UNRES_W58673660_T001,仓库操作员,PL_W58673660,0.0,unresolved
P04435,ORG_UNRES_W672669538,ORG_UNRES_W672669538_T001,配送员,PL_W672669538,0.0,unresolved
P04436,ORG_UNRES_W703600439,ORG_UNRES_W703600439_T001,独立程序员,PL_W703600439,0.0,unresolved
P04437,ORG_W156354904,ORG_W156354904_T001,产品经理,PL_W1228145952,18.6,high
P04438,ORG_W174674654,ORG_W174674654_T001,酒店前台,PL_W174674654,0.0,verified
P04439,ORG_N3507050679,ORG_N3507050679_T001,保安,PL_N3507050679,0.0,verified
P04440,ORG_UNRES_W700221890,ORG_UNRES_W700221890_T001,软件工程师,PL_W700221890,0.0,unresolved
P04441,ORG_UNRES_W104942318,ORG_UNRES_W104942318_T001,数据分析师,PL_W104942318,0.0,unresolved
P04442,ORG_W61014137,ORG_W61014137_T001,酒店服务人员,PL_W61014137,0.0,verified
P04443,ORG_N401521720,ORG_N401521720_T001,硕士研究生,PL_N401521720,0.0,verified
P04444,ORG_W34749723,ORG_W34749723_T001,酒店服务人员,PL_W34749723,0.0,verified
P04445,ORG_N12087916032,ORG_N12087916032_T001,采购专员,PL_N12087916032,0.0,verified
P04446,ORG_W468563993,ORG_W468563993_T001,财务主管,PL_W468563993,0.0,verified
P04447,ORG_UNRES_W662100499,ORG_UNRES_W662100499_T001,采购经理,PL_W662100499,0.0,unresolved
P04448,ORG_N13951193832,ORG_N13951193832_T001,餐厅服务员,PL_N13951193832,0.0,verified
P04449,ORG_N11084666292,ORG_N11084666292_T001,房产经纪,PL_W657696641,90.0,medium
P04450,ORG_UNRES_N13830135301,ORG_UNRES_N13830135301_T001,健身教练,PL_N13830135301,0.0,unresolved
P04451,ORG_N9739894697,ORG_N9739894697_T001,高级产品经理,PL_W944064994,55.9,medium
P04452,ORG_N4001010006,ORG_N4001010006_T001,美容师,PL_N4001010006,0.0,verified
P04453,ORG_UNRES_W661951926,ORG_UNRES_W661951926_T001,安装工,PL_W661951926,0.0,unresolved
P04454,ORG_N6416323952,ORG_N6416323952_T001,高级数据分析师,PL_N6416323952,0.0,verified
P04455,ORG_N9704188848,ORG_N9704188848_T001,财务专员,PL_W951863525,9.6,high
P04456,ORG_W106099920,ORG_W106099920_T001,高级运营专员,PL_W106099920,0.0,verified
P04457,ORG_UNRES_W93811201,ORG_UNRES_W93811201_T001,汽车技师,PL_W93811201,0.0,unresolved
P04458,ORG_N6483208747,ORG_N6483208747_T001,财务主管,PL_N5263930521,43.0,medium
P04459,ORG_N10155708532,ORG_N10155708532_T001,咖啡师,PL_N10155708532,0.0,verified
P04460,ORG_UNRES_W662144287,ORG_UNRES_W662144287_T001,独立程序员,PL_W662144287,0.0,unresolved
P04461,ORG_UNRES_W975456900,ORG_UNRES_W975456900_T001,配送员,PL_W975456900,0.0,unresolved
P04462,ORG_W79659931,ORG_W79659931_T001,财务专员,PL_W79659931,0.0,verified
P04463,ORG_UNRES_W658468161,ORG_UNRES_W658468161_T001,搬运工,PL_W658468161,0.0,unresolved
P04464,ORG_W657936269,ORG_W657936269_T001,理发师,PL_W657936269,0.0,verified
P04465,ORG_N5035466222,ORG_N5035466222_T001,摄影师,PL_N5035466222,0.0,verified
P04466,ORG_UNRES_W58673641,ORG_UNRES_W58673641_T001,焊工,PL_W58673641,0.0,unresolved
P04467,ORG_W13405217,ORG_W13405217_T001,销售经理,PL_W13405217,0.0,verified
P04468,ORG_N6594592563,ORG_N6594592563_T001,产品经理,PL_N6594592563,0.0,verified
P04469,ORG_UNRES_W33300523,ORG_UNRES_W33300523_T001,销售经理,PL_W33300523,0.0,unresolved
P04470,ORG_N1291264971,ORG_N1291264971_T001,高级数据分析师,PL_W703439392,40.3,medium
P04471,ORG_N4649125176,ORG_N4649125176_T001,理发师,PL_N4649125176,0.0,verified
P04472,ORG_UNRES_W130801772,ORG_UNRES_W130801772_T001,数据分析师,PL_W130801772,0.0,unresolved
P04473,ORG_N5706236065,ORG_N5706236065_T001,行政专员,PL_W599480360,41.6,medium
P04474,ORG_UNRES_W33725435,ORG_UNRES_W33725435_T001,自由设计师,PL_W33725435,0.0,unresolved
P04475,ORG_W34550582,ORG_W34550582_T001,财务主管,PL_W34550582,0.0,verified
P04476,ORG_W80378604,ORG_W80378604_T001,数据分析师,PL_W34121938,63.8,medium
P04477,ORG_UNRES_W660842583,ORG_UNRES_W660842583_T001,采购经理,PL_W660842583,0.0,unresolved
P04478,ORG_UNRES_W804618150,ORG_UNRES_W804618150_T001,行政专员,PL_W804618150,0.0,unresolved
P04479,ORG_N9214880503,ORG_N9214880503_T001,客户经理,PL_N9214880503,0.0,verified
P04480,ORG_N13141903736,ORG_N13141903736_T001,独立程序员,PL_N13141903736,0.0,verified
P04481,ORG_UNRES_W56062734,ORG_UNRES_W56062734_T001,建筑工人,PL_W56062734,0.0,unresolved
P04482,ORG_W34395779,ORG_W34395779_T001,产品经理,PL_W34395779,0.0,verified
P04483,ORG_UNRES_W31560365,ORG_UNRES_W31560365_T001,摄影师,PL_W31560365,0.0,unresolved
P04484,ORG_UNRES_W66980134,ORG_UNRES_W66980134_T001,设备操作员,PL_W66980134,0.0,unresolved
P04485,ORG_W56062718,ORG_W56062718_T001,财务专员,PL_W56062718,0.0,verified
P04486,ORG_W58728260,ORG_W58728260_T001,美容师,PL_W58728260,0.0,verified
P04487,ORG_N13890109307,ORG_N13890109307_T001,博士研究生,PL_N13890109307,0.0,verified
P04488,ORG_W58728296,ORG_W58728296_T001,酒店服务人员,PL_W58728296,0.0,verified
P04489,ORG_W443994557,ORG_W443994557_T001,高级软件工程师,PL_W670995136,82.7,medium
P04490,ORG_UNRES_W661919697,ORG_UNRES_W661919697_T001,网店经营者,PL_W661919697,0.0,unresolved
P04491,ORG_W163041199,ORG_W163041199_T001,收银员,PL_W163041199,0.0,verified
P04492,ORG_UNRES_W58361996,ORG_UNRES_W58361996_T001,卡车司机,PL_W58361996,0.0,unresolved
P04493,ORG_UNRES_W704594302,ORG_UNRES_W704594302_T001,人力资源经理,PL_W704594302,0.0,unresolved
P04494,ORG_W362792334,ORG_W362792334_T001,建筑工人,PL_W362792334,0.0,verified
P04495,ORG_W32805001,ORG_W32805001_T001,客户经理,PL_W32805001,0.0,verified
P04496,ORG_N8550950821,ORG_N8550950821_T001,会计,PL_W61759775,70.4,medium
P04497,ORG_N13374879574,ORG_N13374879574_T001,采购经理,PL_N13374879574,0.0,verified
P04498,ORG_UNRES_W186024945,ORG_UNRES_W186024945_T001,搬运工,PL_W186024945,0.0,unresolved
P04499,ORG_W1504227412,ORG_W1504227412_T001,硕士研究生,PL_W1504227412,0.0,verified
P04500,ORG_N6554677026,ORG_N6554677026_T001,客服,PL_N6554677026,0.0,verified
P04501,ORG_W59244467,ORG_W59244467_T001,快递员,PL_W59244437,74.9,medium
P04502,ORG_N392131158,ORG_N392131158_T001,理发师,PL_N392131158,0.0,verified
P04503,ORG_N6551615785,ORG_N6551615785_T001,高级软件工程师,PL_W797144944,6.8,high
P04504,ORG_N934384592,ORG_N934384592_T001,会计,PL_W662441670,99.0,medium
P04505,ORG_W34176158,ORG_W34176158_T001,安装工,PL_W324142882,70.1,medium
P04506,ORG_N11612201947,ORG_N11612201947_T001,收银员,PL_N11612201947,0.0,verified
P04507,ORG_N13667139946,ORG_N13667139946_T001,美容师,PL_N13667139946,0.0,verified
P04508,ORG_W55031045,ORG_W55031045_T002,酒店前台,PL_W55031045,0.0,verified
P04509,ORG_W31754502,ORG_W31754502_T001,自由销售,PL_W31754502,0.0,verified
P04510,ORG_W56608482,ORG_W56608482_T001,销售经理,PL_W56608482,0.0,verified
P04511,ORG_W15396822,ORG_W15396822_T001,本科生,PL_W15396822,0.0,verified
P04512,ORG_N7856803522,ORG_N7856803522_T001,厨师,PL_N7856803522,0.0,verified
P04513,ORG_W141693739,ORG_W141693739_T001,运营专员,PL_W141693739,0.0,verified
P04514,ORG_W135231761,ORG_W135231761_T001,建筑工人,PL_W135231762,64.5,medium
P04515,ORG_N12454273025,ORG_N12454273025_T001,房产经纪,PL_N12454273025,0.0,verified
P04516,ORG_N10695444667,ORG_N10695444667_T001,私教,PL_N10695444667,0.0,verified
P04517,ORG_N6341008989,ORG_N6341008989_T001,高级软件工程师,PL_W671097365,33.3,medium
P04518,ORG_N6568160912,ORG_N6568160912_T001,美容师,PL_N6568160912,0.0,verified
P04519,ORG_UNRES_W112440002,ORG_UNRES_W112440002_T001,网店经营者,PL_W112440002,0.0,unresolved
P04520,ORG_W907954834,ORG_W907954834_T001,餐厅服务员,PL_W907954834,0.0,verified
P04521,ORG_UNRES_W33681477,ORG_UNRES_W33681477_T001,设备操作员,PL_W33681477,0.0,unresolved
P04522,ORG_UNRES_W22952670,ORG_UNRES_W22952670_T001,自媒体从业者,PL_W22952670,0.0,unresolved
P04523,ORG_UNRES_W479950661,ORG_UNRES_W479950661_T001,汽车技师,PL_W479950661,0.0,unresolved
P04524,ORG_UNRES_W333081809,ORG_UNRES_W333081809_T001,安装工,PL_W333081809,0.0,unresolved
P04525,ORG_W30977087,ORG_W30977087_T001,采购专员,PL_W30977087,0.0,verified
P04526,ORG_N3487872729,ORG_N3487872729_T001,美容师,PL_N3487872729,0.0,verified
P04527,ORG_UNRES_W33189796,ORG_UNRES_W33189796_T001,仓库操作员,PL_W33189796,0.0,unresolved
P04528,ORG_W1502659706,ORG_W1502659706_T001,硕士研究生,PL_W1502659706,0.0,verified
P04529,ORG_N7129252051,ORG_N7129252051_T001,项目经理,PL_N7129252051,0.0,verified
P04530,ORG_N3440216089,ORG_N3440216089_T001,高级产品经理,PL_W55029513,25.5,medium
P04531,ORG_UNRES_W663828398,ORG_UNRES_W663828398_T001,房产经纪,PL_W663828398,0.0,unresolved
P04532,ORG_N5396228022,ORG_N5396228022_T001,高级运营专员,PL_N5396228022,0.0,verified
P04533,ORG_UNRES_W97303140,ORG_UNRES_W97303140_T001,卡车司机,PL_W97303140,0.0,unresolved
P04534,ORG_UNRES_W31373431,ORG_UNRES_W31373431_T001,独立程序员,PL_W31373431,0.0,unresolved
P04535,ORG_N6534515462,ORG_N6534515462_T001,收银员,PL_N6534515462,0.0,verified
P04536,ORG_W62058559,ORG_W62058559_T001,酒店服务人员,PL_W62058559,0.0,verified
P04537,ORG_N8893534012,ORG_N8893534012_T001,网店经营者,PL_N8893534012,0.0,verified
P04538,ORG_N12251020939,ORG_N12251020939_T001,零售店员,PL_N12251020939,0.0,verified
P04539,ORG_UNRES_W677918916,ORG_UNRES_W677918916_T001,配送员,PL_W677918916,0.0,unresolved
P04540,ORG_N2159450932,ORG_N2159450932_T001,健身教练,PL_N2159450932,0.0,verified
P04541,ORG_UNRES_W669796687,ORG_UNRES_W669796687_T001,自由销售,PL_W669796687,0.0,unresolved
P04542,ORG_UNRES_W521117202,ORG_UNRES_W521117202_T001,维修技师,PL_W521117202,0.0,unresolved
P04543,ORG_N6558113016,ORG_N6558113016_T001,技术经理,PL_W659632945,50.9,medium
P04544,ORG_N10684576105,ORG_N10684576105_T001,咖啡师,PL_N10684576105,0.0,verified
P04545,ORG_W80378604,ORG_W80378604_T002,软件工程师,PL_W80378604,0.0,verified
P04546,ORG_W254595253,ORG_W254595253_T001,焊工,PL_W93811564,108.4,medium
P04547,ORG_N6383662873,ORG_N6383662873_T001,美容师,PL_N6383662873,0.0,verified
P04548,ORG_N11406187968,ORG_N11406187968_T001,博士研究生,PL_N11406187968,0.0,verified
P04549,ORG_N6310788381,ORG_N6310788381_T001,独立程序员,PL_N6310788381,0.0,verified
P04550,ORG_UNRES_W670293178,ORG_UNRES_W670293178_T001,焊工,PL_W670293178,0.0,unresolved
P04551,ORG_N1141385794,ORG_N1141385794_T001,餐厅服务员,PL_N1141385794,0.0,verified
P04552,ORG_UNRES_W34585677,ORG_UNRES_W34585677_T001,汽车技师,PL_W34585677,0.0,unresolved
P04553,ORG_W1268267050,ORG_W1268267050_T001,硕士研究生,PL_W1268267050,0.0,verified
P04554,ORG_UNRES_W58728253,ORG_UNRES_W58728253_T001,建筑工人,PL_W58728253,0.0,unresolved
P04555,ORG_UNRES_W231983648,ORG_UNRES_W231983648_T001,维修技师,PL_W231983648,0.0,unresolved
P04556,ORG_N3418249775,ORG_N3418249775_T001,高级运营专员,PL_N3418249775,0.0,verified
P04557,ORG_W59244470,ORG_W59244470_T001,仓库操作员,PL_W59244470,0.0,verified
P04558,ORG_UNRES_W97303154,ORG_UNRES_W97303154_T001,维修技师,PL_W97303154,0.0,unresolved
P04559,ORG_W23447393,ORG_W23447393_T002,本科生,PL_W23447393,0.0,verified
P04560,ORG_N6549657696,ORG_N6549657696_T001,美容师,PL_N6549657696,0.0,verified
P04561,ORG_W43804364,ORG_W43804364_T001,客户经理,PL_W43804364,0.0,verified
P04562,ORG_N7113185163,ORG_N7113185163_T001,销售经理,PL_N7113185163,0.0,verified
P04563,ORG_N1128899563,ORG_N1128899563_T001,会计,PL_N2704263721,20.4,high
P04564,ORG_UNRES_W1272117300,ORG_UNRES_W1272117300_T001,网店经营者,PL_W1272117300,0.0,unresolved
P04565,ORG_N9672795308,ORG_N9672795308_T001,博士研究生,PL_N9672795308,0.0,verified
P04566,ORG_UNRES_W297253908,ORG_UNRES_W297253908_T001,电工,PL_W297253908,0.0,unresolved
P04567,ORG_N1125532862,ORG_N1125532862_T001,采购经理,PL_W660624564,29.5,medium
P04568,ORG_N11711796625,ORG_N11711796625_T001,行政专员,PL_N11711796625,0.0,verified
P04569,ORG_N4030288361,ORG_N4030288361_T001,零售店员,PL_N4030288361,0.0,verified
P04570,ORG_UNRES_W659242068,ORG_UNRES_W659242068_T001,咨询顾问,PL_W659242068,0.0,unresolved
P04571,ORG_W161836042,ORG_W161836042_T001,数据分析师,PL_W1302172193,20.4,high
P04572,ORG_N2111296668,ORG_N2111296668_T001,销售代表,PL_N2111296668,0.0,verified
P04573,ORG_W663314286,ORG_W663314286_T001,房产经纪,PL_W677205549,98.5,medium
P04574,ORG_N4264617954,ORG_N4264617954_T001,零售店员,PL_N4264617954,0.0,verified
P04575,ORG_N2540833395,ORG_N2540833395_T001,会计,PL_N2540833395,0.0,verified
P04576,ORG_UNRES_W334725258,ORG_UNRES_W334725258_T001,私教,PL_W334725258,0.0,unresolved
P04577,ORG_N401521720,ORG_N401521720_T001,本科生,PL_N401521720,0.0,verified
P04578,ORG_W42890418,ORG_W42890418_T001,客户专员,PL_W237575941,41.6,medium
P04579,ORG_UNRES_W43805286,ORG_UNRES_W43805286_T001,卡车司机,PL_W43805286,0.0,unresolved
P04580,ORG_N1615869035,ORG_N1615869035_T001,厨师,PL_N1615869035,0.0,verified
P04581,ORG_UNRES_W93811442,ORG_UNRES_W93811442_T001,健身教练,PL_W93811442,0.0,unresolved
P04582,ORG_N6348250425,ORG_N6348250425_T001,健身教练,PL_N6348250425,0.0,verified
P04583,ORG_W62202665,ORG_W62202665_T001,销售经理,PL_W62202665,0.0,verified
P04584,ORG_UNRES_W660980586,ORG_UNRES_W660980586_T001,翻译,PL_W660980586,0.0,unresolved
P04585,ORG_N4015586069,ORG_N4015586069_T001,理发师,PL_N4015586069,0.0,verified
P04586,ORG_W42890418,ORG_W42890418_T001,客户专员,PL_W42890418,0.0,verified
P04587,ORG_N5741810847,ORG_N5741810847_T001,收银员,PL_N5741810847,0.0,verified
P04588,ORG_N2849278924,ORG_N2849278924_T001,零售店员,PL_N2849278924,0.0,verified
P04589,ORG_UNRES_W56064225,ORG_UNRES_W56064225_T001,配送员,PL_W56064225,0.0,unresolved
P04590,ORG_UNRES_W660817182,ORG_UNRES_W660817182_T001,咨询顾问,PL_W660817182,0.0,unresolved
P04591,ORG_N4373039275,ORG_N4373039275_T001,咖啡师,PL_N4373039275,0.0,verified
P04592,ORG_W33893041,ORG_W33893041_T001,酒店前台,PL_W33893041,0.0,verified
P04593,ORG_N2210112303,ORG_N2210112303_T001,财务专员,PL_W804386831,44.7,medium
P04594,ORG_W56426670,ORG_W56426670_T001,酒店服务人员,PL_W56426670,0.0,verified
P04595,ORG_N13821547161,ORG_N13821547161_T001,数据分析师,PL_W43810873,86.9,medium
P04596,ORG_W179297875,ORG_W179297875_T002,酒店服务人员,PL_W179297875,0.0,verified
P04597,ORG_UNRES_W659427973,ORG_UNRES_W659427973_T001,项目经理,PL_W659427973,0.0,unresolved
P04598,ORG_W126301465,ORG_W126301465_T001,快递员,PL_W126301465,0.0,verified
P04599,ORG_W61429677,ORG_W61429677_T001,酒店服务人员,PL_W61429677,0.0,verified
P04600,ORG_W34545829,ORG_W34545829_T001,酒店服务人员,PL_W34545829,0.0,verified
P04601,ORG_N6363938616,ORG_N6363938616_T001,收银员,PL_N6363938616,0.0,verified
P04602,ORG_N3178244065,ORG_N3178244065_T001,自由设计师,PL_N3178244065,0.0,verified
P04603,ORG_W58869413,ORG_W58869413_T001,财务经理,PL_W58869413,0.0,verified
P04604,ORG_UNRES_W804360806,ORG_UNRES_W804360806_T001,采购经理,PL_W804360806,0.0,unresolved
P04605,ORG_N3411753162,ORG_N3411753162_T001,美容师,PL_N3411753162,0.0,verified
P04606,ORG_UNRES_W105516638,ORG_UNRES_W105516638_T001,项目经理,PL_W105516638,0.0,unresolved
P04607,ORG_N6589646947,ORG_N6589646947_T001,零售店员,PL_N6589646947,0.0,verified
P04608,ORG_UNRES_W704729316,ORG_UNRES_W704729316_T001,独立承包商,PL_W704729316,0.0,unresolved
P04609,ORG_N12941605147,ORG_N12941605147_T001,博士研究生,PL_N12941605147,0.0,verified
P04610,ORG_UNRES_W58869428,ORG_UNRES_W58869428_T001,配送员,PL_W58869428,0.0,unresolved
P04611,ORG_N6307475028,ORG_N6307475028_T001,运营专员,PL_N6307475028,0.0,verified
P04612,ORG_UNRES_W706093854,ORG_UNRES_W706093854_T001,建筑工人,PL_W706093854,0.0,unresolved
P04613,ORG_UNRES_W444080174,ORG_UNRES_W444080174_T001,电工,PL_W444080174,0.0,unresolved
P04614,ORG_N2143378412,ORG_N2143378412_T001,酒店前台,PL_N2143378412,0.0,verified
P04615,ORG_N964114082,ORG_N964114082_T001,理发师,PL_N964114082,0.0,verified
P04616,ORG_N12321368571,ORG_N12321368571_T001,理发师,PL_N12321368571,0.0,verified
P04617,ORG_W23447424,ORG_W23447424_T002,硕士研究生,PL_W23447424,0.0,verified
P04618,ORG_UNRES_W705170962,ORG_UNRES_W705170962_T001,独立承包商,PL_W705170962,0.0,unresolved
P04619,ORG_UNRES_W34894880,ORG_UNRES_W34894880_T001,快递员,PL_W34894880,0.0,unresolved
P04620,ORG_N11817815541,ORG_N11817815541_T001,采购专员,PL_W44076452,24.6,high
P04621,ORG_UNRES_W661512489,ORG_UNRES_W661512489_T001,配送员,PL_W661512489,0.0,unresolved
P04622,ORG_W58431318,ORG_W58431318_T001,数据分析师,PL_W659581417,88.7,medium
P04623,ORG_N14067134263,ORG_N14067134263_T001,财务专员,PL_N14067134263,0.0,verified
P04624,ORG_N7089560693,ORG_N7089560693_T001,私教,PL_N7089560693,0.0,verified
P04625,ORG_N6550554148,ORG_N6550554148_T001,咖啡师,PL_N6550554148,0.0,verified
P04626,ORG_N6372905179,ORG_N6372905179_T001,高级数据分析师,PL_N6372905179,0.0,verified
P04627,ORG_UNRES_W705563026,ORG_UNRES_W705563026_T001,区域经理,PL_W705563026,0.0,unresolved
P04628,ORG_W1316550311,ORG_W1316550311_T001,电工,PL_W1316550308,36.4,medium
P04629,ORG_N2375249754,ORG_N2375249754_T001,硕士研究生,PL_N2375249754,0.0,verified
P04630,ORG_N5658771340,ORG_N5658771340_T001,销售代表,PL_W31620471,5.6,high
P04631,ORG_N11114383380,ORG_N11114383380_T001,独立承包商,PL_N11114383380,0.0,verified
P04632,ORG_N1389101640,ORG_N1389101640_T001,技术经理,PL_W1125984104,70.3,medium
P04633,ORG_N6491731392,ORG_N6491731392_T001,会计,PL_W663313323,46.1,medium
P04634,ORG_W58673609,ORG_W58673609_T001,保安,PL_W58673609,0.0,verified
P04635,ORG_N907133890,ORG_N907133890_T001,理发师,PL_N907133890,0.0,verified
P04636,ORG_W15396822,ORG_W15396822_T001,硕士研究生,PL_W15396822,0.0,verified
P04637,ORG_N1306212511,ORG_N1306212511_T001,硕士研究生,PL_N1306212511,0.0,verified
P04638,ORG_N13686766873,ORG_N13686766873_T001,财务主管,PL_W179653207,22.6,high
P04639,ORG_W31926308,ORG_W31926308_T001,客户经理,PL_W31926308,0.0,verified
P04640,ORG_N4175097161,ORG_N4175097161_T001,高级软件工程师,PL_N4175097161,0.0,verified
P04641,ORG_N12955167464,ORG_N12955167464_T001,摄影师,PL_W1149717350,31.9,medium
P04642,ORG_N11582798793,ORG_N11582798793_T001,客服,PL_N11582798793,0.0,verified
P04643,ORG_N2291457224,ORG_N2291457224_T001,健身教练,PL_N2291457224,0.0,verified
P04644,ORG_N12897744771,ORG_N12897744771_T001,零售店员,PL_N12897744771,0.0,verified
P04645,ORG_UNRES_W118511760,ORG_UNRES_W118511760_T001,项目经理,PL_W118511760,0.0,unresolved
P04646,ORG_W58849187,ORG_W58849187_T001,设计师,PL_W58849187,0.0,verified
P04647,ORG_N7323173820,ORG_N7323173820_T001,会计,PL_W61430317,1.1,high
P04648,ORG_N1111982859,ORG_N1111982859_T001,收银员,PL_N1111982859,0.0,verified
P04649,ORG_N6565391652,ORG_N6565391652_T001,行政专员,PL_W660832883,50.8,medium
P04650,ORG_N7570784647,ORG_N7570784647_T001,高级数据分析师,PL_W288357286,44.9,medium
P04651,ORG_N13294458790,ORG_N13294458790_T001,健身教练,PL_N13294458790,0.0,verified
P04652,ORG_W61430414,ORG_W61430414_T001,业务负责人,PL_W61430414,0.0,verified
P04653,ORG_UNRES_W234054131,ORG_UNRES_W234054131_T001,设备操作员,PL_W234054131,0.0,unresolved
P04654,ORG_W686503820,ORG_W686503820_T001,本科生,PL_W686503820,0.0,verified
P04655,ORG_UNRES_W627144202,ORG_UNRES_W627144202_T001,房产经纪,PL_W627144202,0.0,unresolved
P04656,ORG_W33561126,ORG_W33561126_T001,独立承包商,PL_W33561126,0.0,verified
P04657,ORG_N13719601811,ORG_N13719601811_T001,美容师,PL_N13719601811,0.0,verified
P04658,ORG_N3206983509,ORG_N3206983509_T001,自由销售,PL_N3206983509,0.0,verified
P04659,ORG_W657936348,ORG_W657936348_T001,安装工,PL_W657936323,89.1,medium
P04660,ORG_N3418249783,ORG_N3418249783_T001,行政专员,PL_N3418249783,0.0,verified
P04661,ORG_UNRES_W253731097,ORG_UNRES_W253731097_T001,快递员,PL_W253731097,0.0,unresolved
P04662,ORG_W1504227413,ORG_W1504227413_T001,本科生,PL_W1504227413,0.0,verified
P04663,ORG_N8755303552,ORG_N8755303552_T001,硕士研究生,PL_N8755303552,0.0,verified
P04664,ORG_N12968478961,ORG_N12968478961_T001,美容师,PL_N12968478963,9.7,high
P04665,ORG_W61759776,ORG_W61759776_T001,本科生,PL_W61759776,0.0,verified
P04666,ORG_UNRES_W31619933,ORG_UNRES_W31619933_T001,销售代表,PL_W31619933,0.0,unresolved
P04667,ORG_N7570784647,ORG_N7570784647_T002,财务专员,PL_W288357285,55.3,medium
P04668,ORG_N12980689932,ORG_N12980689932_T001,运营专员,PL_N12980689932,0.0,verified
P04669,ORG_W97180148,ORG_W97180148_T001,厨师,PL_W97180148,0.0,verified
P04670,ORG_W231773826,ORG_W231773826_T001,酒店前台,PL_W231773826,0.0,verified
P04671,ORG_UNRES_W661951936,ORG_UNRES_W661951936_T001,快递员,PL_W661951936,0.0,unresolved
P04672,ORG_UNRES_W702169116,ORG_UNRES_W702169116_T001,销售代表,PL_W702169116,0.0,unresolved
P04673,ORG_W43804408,ORG_W43804408_T001,保安,PL_W43804408,0.0,verified
P04674,ORG_N6685670275,ORG_N6685670275_T001,独立程序员,PL_N6685670275,0.0,verified
P04675,ORG_N6565391648,ORG_N6565391648_T001,采购专员,PL_N6565391648,0.0,verified
P04676,ORG_W663827867,ORG_W663827867_T001,销售经理,PL_W663827869,37.8,medium
P04677,ORG_N12322231472,ORG_N12322231472_T001,本科生,PL_N12322231472,0.0,verified
P04678,ORG_N9633703338,ORG_N9633703338_T001,硕士研究生,PL_N9633703338,0.0,verified
P04679,ORG_W58562386,ORG_W58562386_T001,保安,PL_W58562386,0.0,verified
P04680,ORG_N2603959631,ORG_N2603959631_T001,采购专员,PL_N2603959631,0.0,verified
P04681,ORG_N4878577921,ORG_N4878577921_T001,独立承包商,PL_N4878577921,0.0,verified
P04682,ORG_N6323908392,ORG_N6323908392_T001,HR经理,PL_W669862638,60.8,medium
P04683,ORG_N5441763279,ORG_N5441763279_T001,HR经理,PL_N5441763279,0.0,verified
P04684,ORG_N491599552,ORG_N491599552_T001,摄影师,PL_W90306466,59.3,medium
P04685,ORG_N12087916032,ORG_N12087916032_T001,高级数据分析师,PL_W34614513,7.5,high
P04686,ORG_W661077827,ORG_W661077827_T001,财务专员,PL_W661077827,0.0,verified
P04687,ORG_N1906274420,ORG_N1906274420_T001,业务负责人,PL_W180549733,62.7,medium
P04688,ORG_W78592336,ORG_W78592336_T001,健身教练,PL_W78592336,0.0,verified
P04689,ORG_N6341397582,ORG_N6341397582_T001,理发师,PL_N6341397582,0.0,verified
P04690,ORG_N13719638635,ORG_N13719638635_T001,财务专员,PL_W662097485,17.7,high
P04691,ORG_N11704668239,ORG_N11704668239_T001,行政专员,PL_N11704668239,0.0,verified
P04692,ORG_UNRES_W56434725,ORG_UNRES_W56434725_T001,卡车司机,PL_W56434725,0.0,unresolved
P04693,ORG_UNRES_W225518788,ORG_UNRES_W225518788_T001,汽车技师,PL_W225518788,0.0,unresolved
P04694,ORG_N3392704107,ORG_N3392704107_T001,美容师,PL_N3392704107,0.0,verified
P04695,ORG_UNRES_W159219796,ORG_UNRES_W159219796_T001,搬运工,PL_W159219796,0.0,unresolved
P04696,ORG_W436325960,ORG_W436325960_T001,采购经理,PL_W436325960,0.0,verified
P04697,ORG_UNRES_W238848856,ORG_UNRES_W238848856_T001,销售经理,PL_W238848856,0.0,unresolved
P04698,ORG_N12877912223,ORG_N12877912223_T001,保安,PL_N12877912223,0.0,verified
P04699,ORG_UNRES_W659729876,ORG_UNRES_W659729876_T001,自媒体从业者,PL_W659729876,0.0,unresolved
P04700,ORG_UNRES_W663835152,ORG_UNRES_W663835152_T001,搬运工,PL_W663835152,0.0,unresolved
P04701,ORG_UNRES_W659239669,ORG_UNRES_W659239669_T001,设备操作员,PL_W659239669,0.0,unresolved
P04702,ORG_W161110169,ORG_W161110169_T001,本科生,PL_W161110169,0.0,verified
P04703,ORG_W240071224,ORG_W240071224_T001,业务负责人,PL_W240071224,0.0,verified
P04704,ORG_N6550503669,ORG_N6550503669_T001,销售经理,PL_N6550503669,0.0,verified
P04705,ORG_N4236540977,ORG_N4236540977_T001,数据分析师,PL_W663870717,18.5,high
P04706,ORG_N9550175417,ORG_N9550175417_T001,本科生,PL_N9550175417,0.0,verified
P04707,ORG_W25108215,ORG_W25108215_T001,财务主管,PL_W25108215,0.0,verified
P04708,ORG_UNRES_W659581418,ORG_UNRES_W659581418_T001,采购经理,PL_W659581418,0.0,unresolved
P04709,ORG_UNRES_W31757860,ORG_UNRES_W31757860_T001,翻译,PL_W31757860,0.0,unresolved
P04710,ORG_UNRES_W180683153,ORG_UNRES_W180683153_T001,配送员,PL_W180683153,0.0,unresolved
P04711,ORG_UNRES_W662142833,ORG_UNRES_W662142833_T001,自媒体从业者,PL_W662142833,0.0,unresolved
P04712,ORG_N13608326539,ORG_N13608326539_T001,高级项目经理,PL_N13608326539,0.0,verified
P04713,ORG_N3215230649,ORG_N3215230649_T001,数据分析师,PL_N3215230649,0.0,verified
P04714,ORG_W34550590,ORG_W34550590_T001,搬运工,PL_W34550590,0.0,verified
P04715,ORG_UNRES_W906401706,ORG_UNRES_W906401706_T001,客户经理,PL_W906401706,0.0,unresolved
P04716,ORG_UNRES_W661250605,ORG_UNRES_W661250605_T001,高级运营专员,PL_W661250605,0.0,unresolved
P04717,ORG_W657936307,ORG_W657936307_T001,汽车技师,PL_W657936306,47.9,medium
P04718,ORG_W62256154,ORG_W62256154_T001,酒店服务人员,PL_W62256154,0.0,verified
P04719,ORG_N13146174593,ORG_N13146174593_T001,零售店员,PL_N13146174593,0.0,verified
P04720,ORG_UNRES_W35836408,ORG_UNRES_W35836408_T001,自由销售,PL_W35836408,0.0,unresolved
P04721,ORG_N6228053209,ORG_N6228053209_T001,网店经营者,PL_W61842991,5.9,high
P04722,ORG_N6315343241,ORG_N6315343241_T001,高级运营专员,PL_N6315343241,0.0,verified
P04723,ORG_W587012151,ORG_W587012151_T001,数据分析师,PL_W587012151,0.0,verified
P04724,ORG_UNRES_W32654432,ORG_UNRES_W32654432_T001,搬运工,PL_W32654432,0.0,unresolved
P04725,ORG_UNRES_W661950721,ORG_UNRES_W661950721_T001,安装工,PL_W661950721,0.0,unresolved
P04726,ORG_N12819212196,ORG_N12819212196_T001,本科生,PL_N12819212196,0.0,verified
P04727,ORG_UNRES_N5817629053,ORG_UNRES_N5817629053_T001,健身教练,PL_N5817629053,0.0,unresolved
P04728,ORG_W61759776,ORG_W61759776_T002,博士研究生,PL_W61759776,0.0,verified
P04729,ORG_W231773826,ORG_W231773826_T002,酒店前台,PL_W231773826,0.0,verified
P04730,ORG_N2725504900,ORG_N2725504900_T001,财务主管,PL_W239607384,49.8,medium
P04731,ORG_W56426672,ORG_W56426672_T001,酒店服务人员,PL_W56426672,0.0,verified
P04732,ORG_W58567259,ORG_W58567259_T001,电工,PL_W58567287,89.3,medium
P04733,ORG_N6006655292,ORG_N6006655292_T001,人力资源经理,PL_N6006655292,0.0,verified
P04734,ORG_W55896876,ORG_W55896876_T001,酒店服务人员,PL_W55896876,0.0,verified
P04735,ORG_W661193603,ORG_W661193603_T001,项目经理,PL_W661193603,0.0,verified
P04736,ORG_W31620125,ORG_W31620125_T001,酒店服务人员,PL_W31620125,0.0,verified
P04737,ORG_UNRES_W32542300,ORG_UNRES_W32542300_T001,焊工,PL_W32542300,0.0,unresolved
P04738,ORG_N803442960,ORG_N803442960_T001,高级软件工程师,PL_W78288183,17.7,high
P04739,ORG_UNRES_W796686887,ORG_UNRES_W796686887_T001,设计师,PL_W796686887,0.0,unresolved
P04740,ORG_UNRES_W66979856,ORG_UNRES_W66979856_T001,配送员,PL_W66979856,0.0,unresolved
P04741,ORG_UNRES_W41262706,ORG_UNRES_W41262706_T001,销售经理,PL_W41262706,0.0,unresolved
P04742,ORG_N11091336111,ORG_N11091336111_T001,本科生,PL_N11091336111,0.0,verified
P04743,ORG_UNRES_W112758537,ORG_UNRES_W112758537_T001,采购专员,PL_W112758537,0.0,unresolved
P04744,ORG_N1125375183,ORG_N1125375183_T001,零售店员,PL_N1125375183,0.0,verified
P04745,ORG_N11357167498,ORG_N11357167498_T001,咖啡师,PL_N11357167498,0.0,verified
P04746,ORG_UNRES_W662259393,ORG_UNRES_W662259393_T001,高级数据分析师,PL_W662259393,0.0,unresolved
P04747,ORG_UNRES_W1106745320,ORG_UNRES_W1106745320_T001,高级运营专员,PL_W1106745320,0.0,unresolved
P04748,ORG_N8626077911,ORG_N8626077911_T001,销售代表,PL_W1228130862,19.0,high
P04749,ORG_W55461754,ORG_W55461754_T001,项目经理,PL_W55461754,0.0,verified
P04750,ORG_N11181623835,ORG_N11181623835_T001,咖啡师,PL_N11181623835,0.0,verified
P04751,ORG_W32742066,ORG_W32742066_T001,项目经理,PL_W32742066,0.0,verified
P04752,ORG_W32742026,ORG_W32742026_T001,客服,PL_W32742026,0.0,verified
P04753,ORG_N2790415032,ORG_N2790415032_T001,财务专员,PL_W679964143,38.2,medium
P04754,ORG_UNRES_W108536784,ORG_UNRES_W108536784_T001,客户经理,PL_W108536784,0.0,unresolved
P04755,ORG_W79659939,ORG_W79659939_T001,房产经纪,PL_W79659939,0.0,verified
P04756,ORG_W170052746,ORG_W170052746_T001,HR经理,PL_W170052746,0.0,verified
P04757,ORG_N6419730380,ORG_N6419730380_T001,设计师,PL_W953878382,54.4,medium
P04758,ORG_UNRES_W662441703,ORG_UNRES_W662441703_T001,运营专员,PL_W662441703,0.0,unresolved
P04759,ORG_UNRES_W669862621,ORG_UNRES_W669862621_T001,运营专员,PL_W669862621,0.0,unresolved
P04760,ORG_N1861907275,ORG_N1861907275_T001,酒店服务人员,PL_N1861907275,0.0,verified
P04761,ORG_N8332203011,ORG_N8332203011_T001,财务专员,PL_N8332203011,0.0,verified
P04762,ORG_W121777755,ORG_W121777755_T001,HR经理,PL_W121777755,0.0,verified
P04763,ORG_W55218273,ORG_W55218273_T001,软件工程师,PL_W55218273,0.0,verified
P04764,ORG_N2332330690,ORG_N2332330690_T001,本科生,PL_N2332330690,0.0,verified
P04765,ORG_N5379390974,ORG_N5379390974_T001,销售代表,PL_N5379390974,0.0,verified
P04766,ORG_W27778414,ORG_W27778414_T002,酒店服务人员,PL_W27778414,0.0,verified
P04767,ORG_UNRES_W662252089,ORG_UNRES_W662252089_T001,建筑工人,PL_W662252089,0.0,unresolved
P04768,ORG_UNRES_W659581408,ORG_UNRES_W659581408_T001,客户专员,PL_W659581408,0.0,unresolved
P04769,ORG_UNRES_W796670826,ORG_UNRES_W796670826_T001,汽车技师,PL_W796670826,0.0,unresolved
P04770,ORG_UNRES_W59146422,ORG_UNRES_W59146422_T001,业务负责人,PL_W59146422,0.0,unresolved
P04771,ORG_UNRES_W34516714,ORG_UNRES_W34516714_T001,焊工,PL_W34516714,0.0,unresolved
P04772,ORG_W797151986,ORG_W797151986_T001,采购经理,PL_W797151986,0.0,verified
P04773,ORG_W142432175,ORG_W142432175_T001,销售代表,PL_W142432175,0.0,verified
P04774,ORG_N13951193852,ORG_N13951193852_T001,硕士研究生,PL_N13951193852,0.0,verified
P04775,ORG_N13859022673,ORG_N13859022673_T001,零售店员,PL_N13859022673,0.0,verified
P04776,ORG_W25107921,ORG_W25107921_T001,健身教练,PL_W25107921,0.0,verified
P04777,ORG_N2292920557,ORG_N2292920557_T001,销售代表,PL_W61951968,54.7,medium
P04778,ORG_W174712152,ORG_W174712152_T001,收银员,PL_W174712152,0.0,verified
P04779,ORG_N1125689250,ORG_N1125689250_T001,餐厅服务员,PL_N1125689250,0.0,verified
P04780,ORG_N6175713509,ORG_N6175713509_T001,采购经理,PL_W59244442,28.3,medium
P04781,ORG_UNRES_W31623456,ORG_UNRES_W31623456_T001,采购经理,PL_W31623456,0.0,unresolved
P04782,ORG_W58647104,ORG_W58647104_T001,高级项目经理,PL_W58647104,0.0,verified
P04783,ORG_N768966147,ORG_N768966147_T001,自由设计师,PL_W61698932,3.9,high
P04784,ORG_N6444231663,ORG_N6444231663_T001,厨师,PL_N6444231663,0.0,verified
P04785,ORG_W27767637,ORG_W27767637_T001,行政专员,PL_W27767637,0.0,verified
P04786,ORG_N762599225,ORG_N762599225_T001,咖啡师,PL_N762599225,0.0,verified
P04787,ORG_N7750493883,ORG_N7750493883_T001,美容师,PL_N7750493883,0.0,verified
P04788,ORG_W61014137,ORG_W61014137_T001,酒店服务人员,PL_W61014137,0.0,verified
P04789,ORG_W367536575,ORG_W367536575_T001,酒店服务人员,PL_W367536575,0.0,verified
P04790,ORG_UNRES_W33409410,ORG_UNRES_W33409410_T001,数据分析师,PL_W33409410,0.0,unresolved
P04791,ORG_UNRES_W659239223,ORG_UNRES_W659239223_T001,建筑工人,PL_W659239223,0.0,unresolved
P04792,ORG_W34320502,ORG_W34320502_T001,自由销售,PL_W34320502,0.0,verified
P04793,ORG_N3482106449,ORG_N3482106449_T001,客服,PL_N3482106449,0.0,verified
P04794,ORG_W122205423,ORG_W122205423_T001,高级运营专员,PL_W122205423,0.0,verified
P04795,ORG_N13011557678,ORG_N13011557678_T001,厨师,PL_N13011557678,0.0,verified
P04796,ORG_UNRES_W662152031,ORG_UNRES_W662152031_T001,销售经理,PL_W662152031,0.0,unresolved
P04797,ORG_N13990904648,ORG_N13990904648_T001,餐厅服务员,PL_N13990904648,0.0,verified
P04798,ORG_N3405873289,ORG_N3405873289_T001,数据分析师,PL_W288101367,23.4,high
P04799,ORG_N13209000024,ORG_N13209000024_T001,咖啡师,PL_N13209000024,0.0,verified
P04800,ORG_W87889515,ORG_W87889515_T001,销售经理,PL_W87889515,0.0,verified
P04801,ORG_UNRES_W661471759,ORG_UNRES_W661471759_T001,设备操作员,PL_W661471759,0.0,unresolved
P04802,ORG_N401521720,ORG_N401521720_T001,本科生,PL_N401521720,0.0,verified
P04803,ORG_W124105158,ORG_W124105158_T001,私教,PL_W124105158,0.0,verified
P04804,ORG_N2681580824,ORG_N2681580824_T001,本科生,PL_N2681580824,0.0,verified
P04805,ORG_W1374875812,ORG_W1374875812_T001,配送员,PL_W598637695,49.6,medium
P04806,ORG_W31366344,ORG_W31366344_T001,高级软件工程师,PL_W31366344,0.0,verified
P04807,ORG_UNRES_W1544078638,ORG_UNRES_W1544078638_T001,会计,PL_W1544078638,0.0,unresolved
P04808,ORG_N837713122,ORG_N837713122_T001,理发师,PL_N837713122,0.0,verified
P04809,ORG_UNRES_W662150248,ORG_UNRES_W662150248_T001,高级产品经理,PL_W662150248,0.0,unresolved
P04810,ORG_N12534674327,ORG_N12534674327_T001,产品经理,PL_N12534674327,0.0,verified
P04811,ORG_N13298642250,ORG_N13298642250_T001,健身教练,PL_N13298642250,0.0,verified
P04812,ORG_N2138467572,ORG_N2138467572_T001,人力资源经理,PL_W203425966,7.7,high
P04813,ORG_W61759776,ORG_W61759776_T003,本科生,PL_W61759776,0.0,verified
P04814,ORG_N4507572289,ORG_N4507572289_T001,本科生,PL_N4507572289,0.0,verified
P04815,ORG_UNRES_W43806368,ORG_UNRES_W43806368_T001,仓库操作员,PL_W43806368,0.0,unresolved
P04816,ORG_UNRES_W43807937,ORG_UNRES_W43807937_T001,设备操作员,PL_W43807937,0.0,unresolved
P04817,ORG_N599897438,ORG_N599897438_T001,保安,PL_N599897438,0.0,verified
P04818,ORG_N6359375695,ORG_N6359375695_T001,理发师,PL_N6359375695,0.0,verified
P04819,ORG_W1366234349,ORG_W1366234349_T001,汽车技师,PL_W105516626,63.1,medium
P04820,ORG_UNRES_W705170957,ORG_UNRES_W705170957_T001,采购专员,PL_W705170957,0.0,unresolved
P04821,ORG_UNRES_W659728902,ORG_UNRES_W659728902_T001,翻译,PL_W659728902,0.0,unresolved
P04822,ORG_UNRES_W661314355,ORG_UNRES_W661314355_T001,维修技师,PL_W661314355,0.0,unresolved
P04823,ORG_W67138280,ORG_W67138280_T001,房产经纪,PL_W506139150,97.3,medium
P04824,ORG_N13717425782,ORG_N13717425782_T001,独立程序员,PL_N13717425782,0.0,verified
P04825,ORG_W113804339,ORG_W113804339_T001,保安,PL_W113804339,0.0,verified
P04826,ORG_N13946560483,ORG_N13946560483_T001,HR经理,PL_N13946560483,0.0,verified
P04827,ORG_UNRES_W34749533,ORG_UNRES_W34749533_T001,销售代表,PL_W34749533,0.0,unresolved
P04828,ORG_W474924382,ORG_W474924382_T001,咖啡师,PL_W474924382,0.0,verified
P04829,ORG_UNRES_W43804512,ORG_UNRES_W43804512_T001,网店经营者,PL_W43804512,0.0,unresolved
P04830,ORG_W15931594,ORG_W15931594_T001,维修技师,PL_W692002311,67.6,medium
P04831,ORG_N1515959209,ORG_N1515959209_T001,博士研究生,PL_N1515959209,0.0,verified
P04832,ORG_UNRES_W1357930414,ORG_UNRES_W1357930414_T001,咨询顾问,PL_W1357930414,0.0,unresolved
P04833,ORG_N6313899872,ORG_N6313899872_T001,财务专员,PL_N6313899872,0.0,verified
P04834,ORG_UNRES_W660348085,ORG_UNRES_W660348085_T001,自媒体从业者,PL_W660348085,0.0,unresolved
P04835,ORG_N4463448362,ORG_N4463448362_T001,保安,PL_N4463448362,0.0,verified
P04836,ORG_UNRES_W93811550,ORG_UNRES_W93811550_T001,建筑工人,PL_W93811550,0.0,unresolved
P04837,ORG_W915577365,ORG_W915577365_T001,咖啡师,PL_W915577365,0.0,verified
P04838,ORG_UNRES_W31754574,ORG_UNRES_W31754574_T001,自媒体从业者,PL_W31754574,0.0,unresolved
P04839,ORG_N5717888821,ORG_N5717888821_T001,自由销售,PL_N5717888821,0.0,verified
P04840,ORG_N13896815239,ORG_N13896815239_T001,健身教练,PL_N13896815239,0.0,verified
P04841,ORG_W31366345,ORG_W31366345_T001,销售经理,PL_W703946861,28.1,medium
P04842,ORG_W27767636,ORG_W27767636_T001,高级运营专员,PL_W27767636,0.0,verified
P04843,ORG_W31727498,ORG_W31727498_T001,理发师,PL_W31727498,0.0,verified
P04844,ORG_N6547808724,ORG_N6547808724_T001,餐厅服务员,PL_N6547808724,0.0,verified
P04845,ORG_N5440194021,ORG_N5440194021_T001,理发师,PL_N5440194021,0.0,verified
P04846,ORG_W33460946,ORG_W33460946_T001,采购专员,PL_W33460946,0.0,verified
P04847,ORG_W662150292,ORG_W662150292_T001,收银员,PL_N7564687075,27.0,medium
P04848,ORG_W143654375,ORG_W143654375_T001,运营专员,PL_W143654375,0.0,verified
P04849,ORG_UNRES_W62364917,ORG_UNRES_W62364917_T001,快递员,PL_W62364917,0.0,unresolved
P04850,ORG_N7766306295,ORG_N7766306295_T001,餐厅服务员,PL_N7766306295,0.0,verified
P04851,ORG_N6811531612,ORG_N6811531612_T001,会计,PL_W450841059,78.6,medium
P04852,ORG_UNRES_W661022272,ORG_UNRES_W661022272_T001,搬运工,PL_W661022272,0.0,unresolved
P04853,ORG_UNRES_W659581422,ORG_UNRES_W659581422_T001,摄影师,PL_W659581422,0.0,unresolved
P04854,ORG_W241020327,ORG_W241020327_T001,厨师,PL_W241020327,0.0,verified
P04855,ORG_UNRES_W669725334,ORG_UNRES_W669725334_T001,会计,PL_W669725334,0.0,unresolved
P04856,ORG_UNRES_W703255163,ORG_UNRES_W703255163_T001,仓库操作员,PL_W703255163,0.0,unresolved
P04857,ORG_N280889469,ORG_N280889469_T001,咖啡师,PL_N280889469,0.0,verified
P04858,ORG_N2159450932,ORG_N2159450932_T001,客服,PL_N2159450932,0.0,verified
P04859,ORG_N11711812231,ORG_N11711812231_T001,高级运营专员,PL_N11711812231,0.0,verified
P04860,ORG_W55896876,ORG_W55896876_T001,酒店前台,PL_W55896876,0.0,verified
P04861,ORG_W23447424,ORG_W23447424_T003,本科生,PL_W23447424,0.0,verified
P04862,ORG_N2346818597,ORG_N2346818597_T001,自媒体从业者,PL_N2346818597,0.0,verified
P04863,ORG_UNRES_W67140585,ORG_UNRES_W67140585_T001,搬运工,PL_W67140585,0.0,unresolved
P04864,ORG_N12922364985,ORG_N12922364985_T001,客户专员,PL_W239024445,61.2,medium
P04865,ORG_N10043714525,ORG_N10043714525_T001,财务专员,PL_W531735882,15.9,high
P04866,ORG_N10932171756,ORG_N10932171756_T001,采购经理,PL_N10932171756,0.0,verified
P04867,ORG_N768966147,ORG_N768966147_T001,会计,PL_W179222094,49.1,medium
P04868,ORG_W25108216,ORG_W25108216_T001,酒店前台,PL_W25108216,0.0,verified
P04869,ORG_W1366234349,ORG_W1366234349_T001,项目经理,PL_W105516602,60.6,medium
P04870,ORG_UNRES_W796589700,ORG_UNRES_W796589700_T001,高级运营专员,PL_W796589700,0.0,unresolved
P04871,ORG_W121946558,ORG_W121946558_T001,健身教练,PL_W121946558,0.0,verified
P04872,ORG_N5658771340,ORG_N5658771340_T001,高级运营专员,PL_W31620471,5.6,high
P04873,ORG_N4922296511,ORG_N4922296511_T001,财务主管,PL_N4922296511,0.0,verified
P04874,ORG_UNRES_W56426668,ORG_UNRES_W56426668_T001,客户经理,PL_W56426668,0.0,unresolved
P04875,ORG_W122205423,ORG_W122205423_T001,客户专员,PL_W122205423,0.0,verified
P04876,ORG_W35491449,ORG_W35491449_T001,销售经理,PL_W35491449,0.0,verified
P04877,ORG_UNRES_W103094574,ORG_UNRES_W103094574_T001,焊工,PL_W103094574,0.0,unresolved
P04878,ORG_N6317422599,ORG_N6317422599_T001,行政专员,PL_N6317422599,0.0,verified
P04879,ORG_N3648172016,ORG_N3648172016_T001,软件工程师,PL_N3648172016,0.0,verified
P04880,ORG_N11642440277,ORG_N11642440277_T001,摄影师,PL_N11642440277,0.0,verified
P04881,ORG_W101919598,ORG_W101919598_T001,高级运营专员,PL_W101919598,0.0,verified
P04882,ORG_N6481876648,ORG_N6481876648_T001,高级软件工程师,PL_W692017153,47.4,medium
P04883,ORG_W170490459,ORG_W170490459_T001,采购专员,PL_W170490459,0.0,verified
P04884,ORG_N12697813980,ORG_N12697813980_T001,数据分析师,PL_N12697813980,0.0,verified
P04885,ORG_W195846408,ORG_W195846408_T001,酒店前台,PL_W195846408,0.0,verified
P04886,ORG_N3070145657,ORG_N3070145657_T001,零售店员,PL_N3070145657,0.0,verified
P04887,ORG_N1355709826,ORG_N1355709826_T001,软件工程师,PL_N1355709826,0.0,verified
P04888,ORG_UNRES_W34516677,ORG_UNRES_W34516677_T001,设备操作员,PL_W34516677,0.0,unresolved
P04889,ORG_UNRES_W658472057,ORG_UNRES_W658472057_T001,自由设计师,PL_W658472057,0.0,unresolved
P04890,ORG_W660836758,ORG_W660836758_T001,维修技师,PL_W660836758,0.0,verified
P04891,ORG_N13903393212,ORG_N13903393212_T001,客户经理,PL_W61843026,21.7,high
P04892,ORG_W356780579,ORG_W356780579_T001,财务经理,PL_W356780579,0.0,verified
P04893,ORG_N6342200351,ORG_N6342200351_T001,采购专员,PL_W677206956,25.5,medium
P04894,ORG_UNRES_W103618476,ORG_UNRES_W103618476_T001,快递员,PL_W103618476,0.0,unresolved
P04895,ORG_UNRES_W662388891,ORG_UNRES_W662388891_T001,网店经营者,PL_W662388891,0.0,unresolved
P04896,ORG_W241020327,ORG_W241020327_T002,酒店前台,PL_W241020327,0.0,verified
P04897,ORG_N13028429348,ORG_N13028429348_T001,收银员,PL_N13028429348,0.0,verified
P04898,ORG_UNRES_W662177029,ORG_UNRES_W662177029_T001,咨询顾问,PL_W662177029,0.0,unresolved
P04899,ORG_UNRES_W255630384,ORG_UNRES_W255630384_T001,房产经纪,PL_W255630384,0.0,unresolved
P04900,ORG_W89636166,ORG_W89636166_T001,财务专员,PL_W89636166,0.0,verified
P04901,ORG_W23447514,ORG_W23447514_T001,本科生,PL_W23447514,0.0,verified
P04902,ORG_UNRES_W56010249,ORG_UNRES_W56010249_T001,快递员,PL_W56010249,0.0,unresolved
P04903,ORG_N4550029879,ORG_N4550029879_T001,房产经纪,PL_W704230291,46.5,medium
P04904,ORG_UNRES_W661898672,ORG_UNRES_W661898672_T001,配送员,PL_W661898672,0.0,unresolved
P04905,ORG_UNRES_W677205531,ORG_UNRES_W677205531_T001,维修技师,PL_W677205531,0.0,unresolved
P04906,ORG_N6528691664,ORG_N6528691664_T001,采购经理,PL_N6528691664,0.0,verified
P04907,ORG_N10537982829,ORG_N10537982829_T001,运营专员,PL_W31451792,40.9,medium
P04908,ORG_W43804364,ORG_W43804364_T001,采购专员,PL_W285344255,74.7,medium
P04909,ORG_W43417475,ORG_W43417475_T001,项目经理,PL_W43417475,0.0,verified
P04910,ORG_N11979553561,ORG_N11979553561_T001,行政专员,PL_N11979553561,0.0,verified
P04911,ORG_W34320502,ORG_W34320502_T001,翻译,PL_W34320502,0.0,verified
P04912,ORG_N6575116523,ORG_N6575116523_T001,零售店员,PL_N6575116521,12.6,high
P04913,ORG_UNRES_W804360780,ORG_UNRES_W804360780_T001,房产经纪,PL_W804360780,0.0,unresolved
P04914,ORG_N6543870201,ORG_N6543870201_T001,理发师,PL_N6543870201,0.0,verified
P04915,ORG_W404579771,ORG_W404579771_T001,焊工,PL_W143672144,59.5,medium
P04916,ORG_UNRES_W180167447,ORG_UNRES_W180167447_T001,搬运工,PL_W180167447,0.0,unresolved
P04917,ORG_UNRES_W659572853,ORG_UNRES_W659572853_T001,电工,PL_W659572853,0.0,unresolved
P04918,ORG_W43805112,ORG_W43805112_T001,高级数据分析师,PL_W43805112,0.0,verified
P04919,ORG_UNRES_W662257868,ORG_UNRES_W662257868_T001,高级软件工程师,PL_W662257868,0.0,unresolved
P04920,ORG_UNRES_W796687026,ORG_UNRES_W796687026_T001,运营专员,PL_W796687026,0.0,unresolved
P04921,ORG_UNRES_W663829641,ORG_UNRES_W663829641_T001,采购经理,PL_W663829641,0.0,unresolved
P04922,ORG_N5721156024,ORG_N5721156024_T001,零售店员,PL_N5721156024,0.0,verified
P04923,ORG_N3728548511,ORG_N3728548511_T001,软件工程师,PL_N3728548511,0.0,verified
P04924,ORG_UNRES_W661896793,ORG_UNRES_W661896793_T001,财务主管,PL_W661896793,0.0,unresolved
P04925,ORG_N13689374961,ORG_N13689374961_T001,财务专员,PL_W44076452,9.4,high
P04926,ORG_UNRES_W58869394,ORG_UNRES_W58869394_T001,建筑工人,PL_W58869394,0.0,unresolved
P04927,ORG_W61759776,ORG_W61759776_T001,本科生,PL_W61759776,0.0,verified
P04928,ORG_N7751985864,ORG_N7751985864_T001,技术经理,PL_N7751985864,0.0,verified
P04929,ORG_N13670573940,ORG_N13670573940_T001,会计,PL_N13670573940,0.0,verified
P04930,ORG_W61759776,ORG_W61759776_T003,硕士研究生,PL_W61759776,0.0,verified
P04931,ORG_N13667122343,ORG_N13667122343_T001,采购经理,PL_W57053335,20.2,high
P04932,ORG_N7325964479,ORG_N7325964479_T001,高级数据分析师,PL_N7325964479,0.0,verified
P04933,ORG_N10032354577,ORG_N10032354577_T001,财务主管,PL_W796562724,38.2,medium
P04934,ORG_UNRES_W663315274,ORG_UNRES_W663315274_T001,财务主管,PL_W663315274,0.0,unresolved
P04935,ORG_W34749730,ORG_W34749730_T001,客服,PL_W34749730,0.0,verified
P04936,ORG_W31963779,ORG_W31963779_T001,独立程序员,PL_W31963779,0.0,verified
P04937,ORG_W56426670,ORG_W56426670_T001,酒店服务人员,PL_W56426670,0.0,verified
P04938,ORG_N13628577394,ORG_N13628577394_T001,房产经纪,PL_N13628577394,0.0,verified
P04939,ORG_W31373428,ORG_W31373428_T001,自媒体从业者,PL_W31373428,0.0,verified
P04940,ORG_N5735282821,ORG_N5735282821_T001,零售店员,PL_N5735282821,0.0,verified
P04941,ORG_N6542536256,ORG_N6542536256_T001,保安,PL_N6542536256,0.0,verified
P04942,ORG_W32556080,ORG_W32556080_T001,安装工,PL_W32556090,94.5,medium
P04943,ORG_UNRES_W663315400,ORG_UNRES_W663315400_T001,HR经理,PL_W663315400,0.0,unresolved
P04944,ORG_N3403172035,ORG_N3403172035_T001,理发师,PL_N3403172035,0.0,verified
P04945,ORG_N6334392494,ORG_N6334392494_T001,收银员,PL_N6334392494,0.0,verified
P04946,ORG_W161836042,ORG_W161836042_T001,设计师,PL_W161836042,0.0,verified
P04947,ORG_UNRES_W659974224,ORG_UNRES_W659974224_T001,搬运工,PL_W659974224,0.0,unresolved
P04948,ORG_W367536575,ORG_W367536575_T002,酒店服务人员,PL_W367536575,0.0,verified
P04949,ORG_UNRES_W659534401,ORG_UNRES_W659534401_T001,建筑工人,PL_W659534401,0.0,unresolved
P04950,ORG_UNRES_W797142450,ORG_UNRES_W797142450_T001,快递员,PL_W797142450,0.0,unresolved
P04951,ORG_N6175713509,ORG_N6175713509_T001,财务主管,PL_N6175713509,0.0,verified
P04952,ORG_N13136034603,ORG_N13136034603_T001,项目经理,PL_W31363799,9.8,high
P04953,ORG_W1431713652,ORG_W1431713652_T001,硕士研究生,PL_W1431713652,0.0,verified
P04954,ORG_W13405217,ORG_W13405217_T001,高级运营专员,PL_W13405217,0.0,verified
P04955,ORG_N3440216089,ORG_N3440216089_T001,财务专员,PL_W55029513,25.5,medium
P04956,ORG_W27778414,ORG_W27778414_T002,厨师,PL_W27778414,0.0,verified
P04957,ORG_W215499749,ORG_W215499749_T001,快递员,PL_W215499749,0.0,verified
P04958,ORG_N7781377932,ORG_N7781377932_T001,本科生,PL_N7781377932,0.0,verified
P04959,ORG_UNRES_W56238543,ORG_UNRES_W56238543_T001,快递员,PL_W56238543,0.0,unresolved
P04960,ORG_N6584574276,ORG_N6584574276_T001,美容师,PL_N6584574276,0.0,verified
P04961,ORG_UNRES_W659587770,ORG_UNRES_W659587770_T001,电工,PL_W659587770,0.0,unresolved
P04962,ORG_N6228053209,ORG_N6228053209_T001,财务主管,PL_W61842991,5.9,high
P04963,ORG_UNRES_W705010190,ORG_UNRES_W705010190_T001,数据分析师,PL_W705010190,0.0,unresolved
P04964,ORG_W537868893,ORG_W537868893_T001,运营专员,PL_W537868893,0.0,verified
P04965,ORG_N6548329622,ORG_N6548329622_T001,收银员,PL_N6548329622,0.0,verified
P04966,ORG_UNRES_W1098900364,ORG_UNRES_W1098900364_T001,销售代表,PL_W1098900364,0.0,unresolved
P04967,ORG_N7751982695,ORG_N7751982695_T001,项目经理,PL_W31926854,45.5,medium
P04968,ORG_N6138154559,ORG_N6138154559_T001,理发师,PL_N6138154559,0.0,verified
P04969,ORG_N5368912118,ORG_N5368912118_T001,餐厅服务员,PL_N5368912118,0.0,verified
P04970,ORG_N9233976762,ORG_N9233976762_T001,高级软件工程师,PL_W705015582,78.9,medium
P04971,ORG_UNRES_W134179852,ORG_UNRES_W134179852_T001,网店经营者,PL_W134179852,0.0,unresolved
P04972,ORG_W34614474,ORG_W34614474_T002,销售代表,PL_W34614474,0.0,verified
P04973,ORG_N8680020429,ORG_N8680020429_T001,销售经理,PL_W661045013,11.2,high
P04974,ORG_N11818755964,ORG_N11818755964_T001,行政专员,PL_W80378497,2.1,high
P04975,ORG_W34749650,ORG_W34749650_T001,财务主管,PL_W34749650,0.0,verified
P04976,ORG_W943701267,ORG_W943701267_T001,采购专员,PL_W943701267,0.0,verified
P04977,ORG_W79659939,ORG_W79659939_T001,数据分析师,PL_W79659939,0.0,verified
P04978,ORG_W660367473,ORG_W660367473_T001,采购专员,PL_W660367473,0.0,verified
P04979,ORG_UNRES_W659588023,ORG_UNRES_W659588023_T001,采购专员,PL_W659588023,0.0,unresolved
P04980,ORG_N582749841,ORG_N582749841_T001,健身教练,PL_N582749841,0.0,verified
P04981,ORG_UNRES_W659617376,ORG_UNRES_W659617376_T001,焊工,PL_W659617376,0.0,unresolved
P04982,ORG_N1114129259,ORG_N1114129259_T001,理发师,PL_N1114129259,0.0,verified
P04983,ORG_W62058559,ORG_W62058559_T001,厨师,PL_W62058559,0.0,verified
P04984,ORG_N8828553603,ORG_N8828553603_T001,独立程序员,PL_N8828553603,0.0,verified
P04985,ORG_UNRES_W273616578,ORG_UNRES_W273616578_T001,销售代表,PL_W273616578,0.0,unresolved
P04986,ORG_N11007364506,ORG_N11007364506_T001,数据分析师,PL_N11007364506,0.0,verified
P04987,ORG_UNRES_W1173242674,ORG_UNRES_W1173242674_T001,会计,PL_W1173242674,0.0,unresolved
P04988,ORG_N13951193852,ORG_N13951193852_T001,本科生,PL_N13951193852,0.0,verified
P04989,ORG_N11054974009,ORG_N11054974009_T001,理发师,PL_N11054974009,0.0,verified
P04990,ORG_UNRES_W796686995,ORG_UNRES_W796686995_T001,维修技师,PL_W796686995,0.0,unresolved
P04991,ORG_W31363304,ORG_W31363304_T001,区域经理,PL_W31363304,0.0,verified
P04992,ORG_UNRES_W676415515,ORG_UNRES_W676415515_T001,设计师,PL_W676415515,0.0,unresolved
P04993,ORG_N4047007530,ORG_N4047007530_T001,咖啡师,PL_N4047007530,0.0,verified
P04994,ORG_UNRES_W34582301,ORG_UNRES_W34582301_T001,房产经纪,PL_W34582301,0.0,unresolved
P04995,ORG_UNRES_W437691410,ORG_UNRES_W437691410_T001,销售经理,PL_W437691410,0.0,unresolved
P04996,ORG_UNRES_W658233525,ORG_UNRES_W658233525_T001,行政专员,PL_W658233525,0.0,unresolved
P04997,ORG_UNRES_W661957683,ORG_UNRES_W661957683_T001,自由销售,PL_W661957683,0.0,unresolved
P04998,ORG_N10780162890,ORG_N10780162890_T001,餐厅服务员,PL_N10780162890,0.0,verified
P04999,ORG_UNRES_W700221889,ORG_UNRES_W700221889_T001,会计,PL_W700221889,0.0,unresolved
P05000,ORG_N12770899929,ORG_N12770899929_T001,本科生,PL_N12770899929,0.0,verified
P05001,ORG_N11818755964,ORG_N11818755964_T001,高级数据分析师,PL_W80378497,2.1,high
P05002,ORG_UNRES_W672780981,ORG_UNRES_W672780981_T001,会计,PL_W672780981,0.0,unresolved
P05003,ORG_W160173762,ORG_W160173762_T001,销售经理,PL_W505879525,7.0,high
P05004,ORG_UNRES_W659427257,ORG_UNRES_W659427257_T001,会计,PL_W659427257,0.0,unresolved
P05005,ORG_UNRES_W659549074,ORG_UNRES_W659549074_T001,仓库操作员,PL_W659549074,0.0,unresolved
P05006,ORG_UNRES_W67133952,ORG_UNRES_W67133952_T001,销售代表,PL_W67133952,0.0,unresolved
P05007,ORG_N10608697442,ORG_N10608697442_T001,行政专员,PL_N10608697442,0.0,verified
P05008,ORG_N6551656546,ORG_N6551656546_T001,咖啡师,PL_N6551656546,0.0,verified
P05009,ORG_UNRES_W702554499,ORG_UNRES_W702554499_T001,采购经理,PL_W702554499,0.0,unresolved
P05010,ORG_N3494914034,ORG_N3494914034_T001,私教,PL_N3494914034,0.0,verified
P05011,ORG_N2298309446,ORG_N2298309446_T001,健身教练,PL_N2298309446,0.0,verified
P05012,ORG_W33849166,ORG_W33849166_T001,客户专员,PL_W33849166,0.0,verified
P05013,ORG_W805392726,ORG_W805392726_T001,汽车技师,PL_W805392726,0.0,verified
P05014,ORG_N7658272777,ORG_N7658272777_T001,数据分析师,PL_W60185759,8.6,high
P05015,ORG_W657979491,ORG_W657979491_T001,仓库操作员,PL_W657979493,81.0,medium
P05016,ORG_UNRES_W659129672,ORG_UNRES_W659129672_T001,焊工,PL_W659129672,0.0,unresolved
P05017,ORG_N11084666292,ORG_N11084666292_T001,软件工程师,PL_N11084666292,0.0,verified
P05018,ORG_N7559857499,ORG_N7559857499_T001,理发师,PL_N7559857499,0.0,verified
P05019,ORG_W370371691,ORG_W370371691_T001,采购经理,PL_W674573766,17.7,high
P05020,ORG_N382893466,ORG_N382893466_T001,咖啡师,PL_N382893466,0.0,verified
P05021,ORG_N10977886210,ORG_N10977886210_T001,博士研究生,PL_N10977886210,0.0,verified
P05022,ORG_UNRES_W730690168,ORG_UNRES_W730690168_T001,独立承包商,PL_W730690168,0.0,unresolved
P05023,ORG_UNRES_W687674967,ORG_UNRES_W687674967_T001,会计,PL_W687674967,0.0,unresolved
P05024,ORG_UNRES_W675314654,ORG_UNRES_W675314654_T001,项目经理,PL_W675314654,0.0,unresolved
P05025,ORG_N13704267913,ORG_N13704267913_T001,本科生,PL_N13704267913,0.0,verified
P05026,ORG_UNRES_W678437141,ORG_UNRES_W678437141_T001,高级数据分析师,PL_W678437141,0.0,unresolved
P05027,ORG_N14067216775,ORG_N14067216775_T001,美容师,PL_N14067216775,0.0,verified
P05028,ORG_UNRES_W1417411887,ORG_UNRES_W1417411887_T001,焊工,PL_W1417411887,0.0,unresolved
P05029,ORG_N12534456602,ORG_N12534456602_T001,健身教练,PL_N12534456602,0.0,verified
P05030,ORG_N6584471072,ORG_N6584471072_T001,零售店员,PL_N6584471072,0.0,verified
P05031,ORG_N401521720,ORG_N401521720_T001,本科生,PL_N401521720,0.0,verified
P05032,ORG_W258236803,ORG_W258236803_T001,房产经纪,PL_W258236803,0.0,verified
P05033,ORG_W1366234349,ORG_W1366234349_T001,销售代表,PL_W106971408,28.1,medium
P05034,ORG_UNRES_W657979227,ORG_UNRES_W657979227_T001,搬运工,PL_W657979227,0.0,unresolved
P05035,ORG_N12821351987,ORG_N12821351987_T001,收银员,PL_N12821351987,0.0,verified
P05036,ORG_UNRES_W31619933,ORG_UNRES_W31619933_T001,设计师,PL_W31619933,0.0,unresolved
P05037,ORG_UNRES_W661810016,ORG_UNRES_W661810016_T001,人力资源经理,PL_W661810016,0.0,unresolved
P05038,ORG_N7857193347,ORG_N7857193347_T001,HR经理,PL_W361650356,90.9,medium
P05039,ORG_W55213081,ORG_W55213081_T001,自由销售,PL_W55213081,0.0,verified
P05040,ORG_N5441763277,ORG_N5441763277_T001,采购经理,PL_N5441763277,0.0,verified
P05041,ORG_W1418991792,ORG_W1418991792_T001,数据分析师,PL_W1418991792,0.0,verified
P05042,ORG_N6318936252,ORG_N6318936252_T001,客服,PL_N6318936252,0.0,verified
P05043,ORG_N3306925644,ORG_N3306925644_T001,厨师,PL_N3306925644,0.0,verified
P05044,ORG_W43125814,ORG_W43125814_T001,高级数据分析师,PL_W43125814,0.0,verified
P05045,ORG_W32919055,ORG_W32919055_T001,酒店前台,PL_W32919055,0.0,verified
P05046,ORG_UNRES_W56012911,ORG_UNRES_W56012911_T001,建筑工人,PL_W56012911,0.0,unresolved
P05047,ORG_N12980687484,ORG_N12980687484_T001,产品经理,PL_N12980687484,0.0,verified
P05048,ORG_N2887835265,ORG_N2887835265_T001,咖啡师,PL_N2887835265,0.0,verified
P05049,ORG_UNRES_W657697672,ORG_UNRES_W657697672_T001,采购专员,PL_W657697672,0.0,unresolved
P05050,ORG_N579093049,ORG_N579093049_T001,餐厅服务员,PL_N579093049,0.0,verified
P05051,ORG_N6090819024,ORG_N6090819024_T001,销售经理,PL_W495300892,36.5,medium
P05052,ORG_W27767642,ORG_W27767642_T001,会计,PL_W27767642,0.0,verified
P05053,ORG_W33561118,ORG_W33561118_T001,酒店服务人员,PL_W33561118,0.0,verified
P05054,ORG_UNRES_W943602453,ORG_UNRES_W943602453_T001,安装工,PL_W943602453,0.0,unresolved
P05055,ORG_W34614474,ORG_W34614474_T001,高级运营专员,PL_W34614474,0.0,verified
P05056,ORG_W1034600126,ORG_W1034600126_T001,安装工,PL_W1034600126,0.0,verified
P05057,ORG_W661330239,ORG_W661330239_T001,软件工程师,PL_W661330239,0.0,verified
P05058,ORG_W23334883,ORG_W23334883_T001,本科生,PL_W23334883,0.0,verified
P05059,ORG_W703666033,ORG_W703666033_T001,硕士研究生,PL_W703666033,0.0,verified
P05060,ORG_UNRES_W663826544,ORG_UNRES_W663826544_T001,软件工程师,PL_W663826544,0.0,unresolved
P05061,ORG_W15802974,ORG_W15802974_T001,配送员,PL_W805395284,53.1,medium
P05062,ORG_W35674382,ORG_W35674382_T001,运营专员,PL_W35674382,0.0,verified
P05063,ORG_UNRES_W33561682,ORG_UNRES_W33561682_T001,行政专员,PL_W33561682,0.0,unresolved
P05064,ORG_W659427966,ORG_W659427966_T001,高级软件工程师,PL_W659427966,0.0,verified
P05065,ORG_UNRES_W36888109,ORG_UNRES_W36888109_T001,自由销售,PL_W36888109,0.0,unresolved
P05066,ORG_UNRES_W34546354,ORG_UNRES_W34546354_T001,销售代表,PL_W34546354,0.0,unresolved
P05067,ORG_N6456644691,ORG_N6456644691_T001,理发师,PL_N6456644691,0.0,verified
P05068,ORG_W215499749,ORG_W215499749_T001,设计师,PL_W215499749,0.0,verified
P05069,ORG_UNRES_W31617610,ORG_UNRES_W31617610_T001,自媒体从业者,PL_W31617610,0.0,unresolved
P05070,ORG_N10537982829,ORG_N10537982829_T001,会计,PL_W31451793,13.5,high
P05071,ORG_N8832604496,ORG_N8832604496_T001,本科生,PL_N8832604496,0.0,verified
P05072,ORG_UNRES_W656561687,ORG_UNRES_W656561687_T001,咨询顾问,PL_W656561687,0.0,unresolved
P05073,ORG_N14104254508,ORG_N14104254508_T001,人力资源经理,PL_N14104254508,0.0,verified
P05074,ORG_N13932534615,ORG_N13932534615_T001,本科生,PL_N13932534615,0.0,verified
P05075,ORG_UNRES_W31623120,ORG_UNRES_W31623120_T001,销售代表,PL_W31623120,0.0,unresolved
P05076,ORG_UNRES_W662762237,ORG_UNRES_W662762237_T001,翻译,PL_W662762237,0.0,unresolved
P05077,ORG_N13717296582,ORG_N13717296582_T001,销售经理,PL_N13717296582,0.0,verified
P05078,ORG_W23447424,ORG_W23447424_T002,本科生,PL_W23447424,0.0,verified
P05079,ORG_UNRES_W671872810,ORG_UNRES_W671872810_T001,软件工程师,PL_W671872810,0.0,unresolved
P05080,ORG_N4207083774,ORG_N4207083774_T001,财务专员,PL_W140486338,34.6,medium
P05081,ORG_UNRES_W660866850,ORG_UNRES_W660866850_T001,自由销售,PL_W660866850,0.0,unresolved
P05082,ORG_W686503820,ORG_W686503820_T001,本科生,PL_W686503820,0.0,verified
P05083,ORG_N547498239,ORG_N547498239_T001,博士研究生,PL_N547498239,0.0,verified
P05084,ORG_UNRES_W661291871,ORG_UNRES_W661291871_T001,卡车司机,PL_W661291871,0.0,unresolved
P05085,ORG_N13890093467,ORG_N13890093467_T001,美容师,PL_N13890093467,0.0,verified
P05086,ORG_UNRES_W662441651,ORG_UNRES_W662441651_T001,维修技师,PL_W662441651,0.0,unresolved
P05087,ORG_UNRES_W58851585,ORG_UNRES_W58851585_T001,搬运工,PL_W58851585,0.0,unresolved
P05088,ORG_W673263912,ORG_W673263912_T001,项目经理,PL_W673263912,0.0,verified
P05089,ORG_N6365517895,ORG_N6365517895_T001,客服,PL_N6365517895,0.0,verified
P05090,ORG_W61430204,ORG_W61430204_T001,销售经理,PL_W61430204,0.0,verified
P05091,ORG_N2858285616,ORG_N2858285616_T001,设计师,PL_W797163024,1.9,high
P05092,ORG_N6989742135,ORG_N6989742135_T001,设计师,PL_N6989742135,0.0,verified
P05093,ORG_W220190025,ORG_W220190025_T001,硕士研究生,PL_W220190025,0.0,verified
P05094,ORG_W62363961,ORG_W62363961_T001,餐厅服务员,PL_W62363961,0.0,verified
P05095,ORG_W24985307,ORG_W24985307_T001,保安,PL_W24985307,0.0,verified
P05096,ORG_N2457605965,ORG_N2457605965_T001,采购经理,PL_W43806216,19.0,high
P05097,ORG_UNRES_W331900529,ORG_UNRES_W331900529_T001,卡车司机,PL_W331900529,0.0,unresolved
P05098,ORG_N6551695036,ORG_N6551695036_T001,运营专员,PL_N6551695036,0.0,verified
P05099,ORG_UNRES_W1322643298,ORG_UNRES_W1322643298_T001,焊工,PL_W1322643298,0.0,unresolved
P05100,ORG_UNRES_W659588101,ORG_UNRES_W659588101_T001,客户经理,PL_W659588101,0.0,unresolved
P05101,ORG_UNRES_W676042524,ORG_UNRES_W676042524_T001,采购专员,PL_W676042524,0.0,unresolved
P05102,ORG_W300884213,ORG_W300884213_T001,技术经理,PL_W300884213,0.0,verified
P05103,ORG_UNRES_W34571353,ORG_UNRES_W34571353_T001,会计,PL_W34571353,0.0,unresolved
P05104,ORG_N6226609525,ORG_N6226609525_T001,咖啡师,PL_N6226609525,0.0,verified
P05105,ORG_N3949374257,ORG_N3949374257_T001,财务主管,PL_W31620092,5.2,high
P05106,ORG_UNRES_W661950783,ORG_UNRES_W661950783_T001,行政专员,PL_W661950783,0.0,unresolved
P05107,ORG_UNRES_W34582435,ORG_UNRES_W34582435_T001,财务专员,PL_W34582435,0.0,unresolved
P05108,ORG_N7856569581,ORG_N7856569581_T001,理发师,PL_N2135535932,21.5,high
P05109,ORG_N4440600891,ORG_N4440600891_T001,厨师,PL_N4440600891,0.0,verified
P05110,ORG_W150506087,ORG_W150506087_T001,酒店前台,PL_W150506087,0.0,verified
P05111,ORG_UNRES_W93810036,ORG_UNRES_W93810036_T001,建筑工人,PL_W93810036,0.0,unresolved
P05112,ORG_N436015841,ORG_N436015841_T001,收银员,PL_N436015841,0.0,verified
P05113,ORG_UNRES_W658468178,ORG_UNRES_W658468178_T001,电工,PL_W658468178,0.0,unresolved
P05114,ORG_N6006655292,ORG_N6006655292_T001,高级运营专员,PL_W43806498,23.5,high
P05115,ORG_W367536575,ORG_W367536575_T002,酒店服务人员,PL_W367536575,0.0,verified
P05116,ORG_UNRES_W1113530348,ORG_UNRES_W1113530348_T001,维修技师,PL_W1113530348,0.0,unresolved
P05117,ORG_W56063005,ORG_W56063005_T001,卡车司机,PL_W56063005,0.0,verified
P05118,ORG_W659460157,ORG_W659460157_T001,摄影师,PL_W659459829,40.5,medium
P05119,ORG_N12629107750,ORG_N12629107750_T001,美容师,PL_N12629107750,0.0,verified
P05120,ORG_N6423814889,ORG_N6423814889_T001,销售代表,PL_N6423814889,0.0,verified
P05121,ORG_N2948611757,ORG_N2948611757_T001,零售店员,PL_N2948611757,0.0,verified
P05122,ORG_W61760382,ORG_W61760382_T001,采购经理,PL_W61760382,0.0,verified
P05123,ORG_N13230632178,ORG_N13230632178_T001,咖啡师,PL_N13230632178,0.0,verified
P05124,ORG_UNRES_W796681470,ORG_UNRES_W796681470_T001,配送员,PL_W796681470,0.0,unresolved
P05125,ORG_W58936459,ORG_W58936459_T001,高级运营专员,PL_W703929742,98.8,medium
P05126,ORG_N12697813979,ORG_N12697813979_T001,运营专员,PL_W182946160,18.5,high
P05127,ORG_W327351187,ORG_W327351187_T001,数据分析师,PL_W327351187,0.0,verified
P05128,ORG_N11114385732,ORG_N11114385732_T001,自由设计师,PL_N11114385732,0.0,verified
P05129,ORG_UNRES_W659831209,ORG_UNRES_W659831209_T001,自媒体从业者,PL_W659831209,0.0,unresolved
P05130,ORG_UNRES_W663828899,ORG_UNRES_W663828899_T001,会计,PL_W663828899,0.0,unresolved
P05131,ORG_N13025831405,ORG_N13025831405_T001,财务经理,PL_N13025831405,0.0,verified
P05132,ORG_N13704267913,ORG_N13704267913_T001,本科生,PL_N13704267913,0.0,verified
P05133,ORG_N13670266862,ORG_N13670266862_T001,本科生,PL_N13670266862,0.0,verified
P05134,ORG_N5424638521,ORG_N5424638521_T001,会计,PL_W41950525,2.2,high
P05135,ORG_N5717888821,ORG_N5717888821_T001,咨询顾问,PL_N5717888821,0.0,verified
P05136,ORG_UNRES_W58673666,ORG_UNRES_W58673666_T001,设备操作员,PL_W58673666,0.0,unresolved
P05137,ORG_W23447424,ORG_W23447424_T002,本科生,PL_W23447424,0.0,verified
P05138,ORG_N13263120467,ORG_N13263120467_T001,数据分析师,PL_N13263120467,0.0,verified
P05139,ORG_N8141962703,ORG_N8141962703_T001,保安,PL_N8141962703,0.0,verified
P05140,ORG_UNRES_W67133952,ORG_UNRES_W67133952_T001,高级运营专员,PL_W67133952,0.0,unresolved
P05141,ORG_N383486484,ORG_N383486484_T001,客服,PL_N383486484,0.0,verified
P05142,ORG_N3844062149,ORG_N3844062149_T001,收银员,PL_N3844062149,0.0,verified
P05143,ORG_UNRES_W1275522390,ORG_UNRES_W1275522390_T001,私教,PL_W1275522390,0.0,unresolved
P05144,ORG_UNRES_W334725258,ORG_UNRES_W334725258_T001,自媒体从业者,PL_W334725258,0.0,unresolved
P05145,ORG_N6423814900,ORG_N6423814900_T001,行政专员,PL_W662097160,38.9,medium
P05146,ORG_W34545829,ORG_W34545829_T001,酒店前台,PL_W34545829,0.0,verified
P05147,ORG_UNRES_W331879920,ORG_UNRES_W331879920_T001,卡车司机,PL_W331879920,0.0,unresolved
P05148,ORG_UNRES_W702169124,ORG_UNRES_W702169124_T001,摄影师,PL_W702169124,0.0,unresolved
P05149,ORG_W1145124255,ORG_W1145124255_T001,健身教练,PL_W1145124255,0.0,verified
P05150,ORG_W815475387,ORG_W815475387_T001,本科生,PL_W815475387,0.0,verified
P05151,ORG_UNRES_W795967104,ORG_UNRES_W795967104_T001,高级数据分析师,PL_W795967104,0.0,unresolved
P05152,ORG_N2480713505,ORG_N2480713505_T001,咖啡师,PL_N2480713505,0.0,verified
P05153,ORG_N11091336111,ORG_N11091336111_T001,硕士研究生,PL_N11091336111,0.0,verified
P05154,ORG_W367536575,ORG_W367536575_T001,酒店前台,PL_W367536575,0.0,verified
P05155,ORG_W702100748,ORG_W702100748_T001,博士研究生,PL_W702100748,0.0,verified
P05156,ORG_W34587720,ORG_W34587720_T001,客户经理,PL_W34587720,0.0,verified
P05157,ORG_W118004701,ORG_W118004701_T001,维修技师,PL_W107636650,29.3,medium
P05158,ORG_N4467186976,ORG_N4467186976_T001,数据分析师,PL_W115626110,3.9,high
P05159,ORG_N6848957015,ORG_N6848957015_T001,博士研究生,PL_N6848957015,0.0,verified
P05160,ORG_W370371691,ORG_W370371691_T001,行政专员,PL_W370371691,0.0,verified
P05161,ORG_UNRES_W770873613,ORG_UNRES_W770873613_T001,自由销售,PL_W770873613,0.0,unresolved
P05162,ORG_W23447393,ORG_W23447393_T001,本科生,PL_W23447393,0.0,verified
P05163,ORG_W61759776,ORG_W61759776_T001,本科生,PL_W61759776,0.0,verified
P05164,ORG_N9814321191,ORG_N9814321191_T001,房产经纪,PL_W58647117,7.2,high
P05165,ORG_N7759217331,ORG_N7759217331_T001,自由设计师,PL_N7759217331,0.0,verified
P05166,ORG_N10647678192,ORG_N10647678192_T001,餐厅服务员,PL_N10647678192,0.0,verified
P05167,ORG_N5264995539,ORG_N5264995539_T001,独立程序员,PL_N5264995539,0.0,verified
P05168,ORG_N5039209324,ORG_N5039209324_T001,运营专员,PL_N5039209324,0.0,verified
P05169,ORG_W141693739,ORG_W141693739_T001,客户经理,PL_W141693739,0.0,verified
P05170,ORG_N11200692489,ORG_N11200692489_T001,销售代表,PL_W43804623,7.7,high
P05171,ORG_UNRES_W31757276,ORG_UNRES_W31757276_T001,独立承包商,PL_W31757276,0.0,unresolved
P05172,ORG_N1995539438,ORG_N1995539438_T001,咖啡师,PL_N1995539438,0.0,verified
P05173,ORG_UNRES_W56058443,ORG_UNRES_W56058443_T001,电工,PL_W56058443,0.0,unresolved
P05174,ORG_N6341397550,ORG_N6341397550_T001,健身教练,PL_N6341397550,0.0,verified
P05175,ORG_UNRES_W56758193,ORG_UNRES_W56758193_T001,安装工,PL_W56758193,0.0,unresolved
P05176,ORG_UNRES_W671872810,ORG_UNRES_W671872810_T001,高级产品经理,PL_W671872810,0.0,unresolved
P05177,ORG_UNRES_W78252696,ORG_UNRES_W78252696_T001,客户专员,PL_W78252696,0.0,unresolved
P05178,ORG_N368385300,ORG_N368385300_T001,保安,PL_N368385300,0.0,verified
P05179,ORG_N8893474289,ORG_N8893474289_T001,自媒体从业者,PL_N8893474289,0.0,verified
P05180,ORG_N800026682,ORG_N800026682_T001,行政专员,PL_N800026682,0.0,verified
P05181,ORG_UNRES_W669719190,ORG_UNRES_W669719190_T001,运营专员,PL_W669719190,0.0,unresolved
P05182,ORG_N803225024,ORG_N803225024_T001,健身教练,PL_N803225024,0.0,verified
P05183,ORG_N1355687538,ORG_N1355687538_T001,理发师,PL_N1355687538,0.0,verified
P05184,ORG_W55218273,ORG_W55218273_T001,高级数据分析师,PL_W55218273,0.0,verified
P05185,ORG_N5427185921,ORG_N5427185921_T001,业务负责人,PL_N5427185921,0.0,verified
P05186,ORG_N6423814886,ORG_N6423814886_T001,摄影师,PL_W659628139,6.3,high
P05187,ORG_UNRES_W1231738956,ORG_UNRES_W1231738956_T001,配送员,PL_W1231738956,0.0,unresolved
P05188,ORG_W362806151,ORG_W362806151_T001,电工,PL_W362807120,77.3,medium
P05189,ORG_N13525255463,ORG_N13525255463_T001,健身教练,PL_N13525255463,0.0,verified
P05190,ORG_N10087984338,ORG_N10087984338_T001,销售经理,PL_W239024445,61.5,medium
P05191,ORG_W114206168,ORG_W114206168_T001,自媒体从业者,PL_W114206168,0.0,verified
P05192,ORG_UNRES_W31363802,ORG_UNRES_W31363802_T001,数据分析师,PL_W31363802,0.0,unresolved
P05193,ORG_N12091108919,ORG_N12091108919_T001,硕士研究生,PL_N12091108919,0.0,verified
P05194,ORG_UNRES_W661842155,ORG_UNRES_W661842155_T001,网店经营者,PL_W661842155,0.0,unresolved
P05195,ORG_UNRES_W413215488,ORG_UNRES_W413215488_T001,理发师,PL_W413215488,0.0,unresolved
P05196,ORG_UNRES_W662259207,ORG_UNRES_W662259207_T001,焊工,PL_W662259207,0.0,unresolved
P05197,ORG_W661065753,ORG_W661065753_T001,酒店服务人员,PL_W661065753,0.0,verified
P05198,ORG_UNRES_W331879913,ORG_UNRES_W331879913_T001,搬运工,PL_W331879913,0.0,unresolved
P05199,ORG_N6589646933,ORG_N6589646933_T001,收银员,PL_N6589646933,0.0,verified
P05200,ORG_W58853664,ORG_W58853664_T001,安装工,PL_W658949856,93.7,medium
P05201,ORG_UNRES_W333081803,ORG_UNRES_W333081803_T001,客户专员,PL_W333081803,0.0,unresolved
P05202,ORG_W34585572,ORG_W34585572_T001,设备操作员,PL_W34585572,0.0,verified
P05203,ORG_UNRES_W804360622,ORG_UNRES_W804360622_T001,技术经理,PL_W804360622,0.0,unresolved
P05204,ORG_UNRES_W1442920640,ORG_UNRES_W1442920640_T001,数据分析师,PL_W1442920640,0.0,unresolved
P05205,ORG_W23447424,ORG_W23447424_T002,硕士研究生,PL_W23447424,0.0,verified
P05206,ORG_N7553599298,ORG_N7553599298_T001,收银员,PL_N7553599296,30.3,medium
P05207,ORG_N5443636923,ORG_N5443636923_T001,设计师,PL_W663827189,82.1,medium
P05208,ORG_N9821230853,ORG_N9821230853_T001,零售店员,PL_N9821230853,0.0,verified
P05209,ORG_W33746340,ORG_W33746340_T001,软件工程师,PL_W33746340,0.0,verified
P05210,ORG_UNRES_W659130100,ORG_UNRES_W659130100_T001,翻译,PL_W659130100,0.0,unresolved
P05211,ORG_N2486924730,ORG_N2486924730_T001,产品经理,PL_W34587722,48.3,medium
P05212,ORG_W31728090,ORG_W31728090_T001,HR经理,PL_W1551442415,57.7,medium
P05213,ORG_N11711556182,ORG_N11711556182_T001,硕士研究生,PL_N11711556182,0.0,verified
P05214,ORG_N4273771890,ORG_N4273771890_T001,餐厅服务员,PL_N4273771890,0.0,verified
P05215,ORG_N8592949206,ORG_N8592949206_T001,技术经理,PL_N8592949206,0.0,verified
P05216,ORG_UNRES_W660831118,ORG_UNRES_W660831118_T001,高级运营专员,PL_W660831118,0.0,unresolved
P05217,ORG_UNRES_W661270707,ORG_UNRES_W661270707_T001,客户经理,PL_W661270707,0.0,unresolved
P05218,ORG_UNRES_W706190952,ORG_UNRES_W706190952_T001,自媒体从业者,PL_W706190952,0.0,unresolved
P05219,ORG_W250908600,ORG_W250908600_T001,高级软件工程师,PL_W691996415,20.2,high
P05220,ORG_UNRES_W659239683,ORG_UNRES_W659239683_T001,维修技师,PL_W659239683,0.0,unresolved
P05221,ORG_N544651067,ORG_N544651067_T001,美容师,PL_N544651067,0.0,verified
P05222,ORG_N11415784175,ORG_N11415784175_T001,客服,PL_N11415784175,0.0,verified
P05223,ORG_W42472536,ORG_W42472536_T001,HR经理,PL_W42472536,0.0,verified
P05224,ORG_UNRES_W676111885,ORG_UNRES_W676111885_T001,快递员,PL_W676111885,0.0,unresolved
P05225,ORG_W419912448,ORG_W419912448_T001,房产经纪,PL_W419912448,0.0,verified
P05226,ORG_W229563603,ORG_W229563603_T001,房产经纪,PL_W229563603,0.0,verified
P05227,ORG_W150494721,ORG_W150494721_T001,软件工程师,PL_W150494721,0.0,verified
P05228,ORG_N13294458788,ORG_N13294458788_T001,房产经纪,PL_N13294458788,0.0,verified
P05229,ORG_N6363176124,ORG_N6363176124_T001,行政专员,PL_N6363176124,0.0,verified
P05230,ORG_N13753659587,ORG_N13753659587_T001,HR经理,PL_N13753659587,0.0,verified
P05231,ORG_UNRES_W680641502,ORG_UNRES_W680641502_T001,行政专员,PL_W680641502,0.0,unresolved
P05232,ORG_N3427212267,ORG_N3427212267_T001,财务经理,PL_W663315259,18.7,high
P05233,ORG_UNRES_W669719178,ORG_UNRES_W669719178_T001,摄影师,PL_W669719178,0.0,unresolved
P05234,ORG_W34749848,ORG_W34749848_T001,酒店服务人员,PL_W34749848,0.0,verified
P05235,ORG_W1418991792,ORG_W1418991792_T001,销售代表,PL_W1418991792,0.0,verified
P05236,ORG_UNRES_W32610189,ORG_UNRES_W32610189_T001,维修技师,PL_W32610189,0.0,unresolved
P05237,ORG_W133670940,ORG_W133670940_T001,客户经理,PL_W133670940,0.0,verified
P05238,ORG_N1735459985,ORG_N1735459985_T001,餐厅服务员,PL_N1735459985,0.0,verified
P05239,ORG_N6419730380,ORG_N6419730380_T002,高级数据分析师,PL_W122204658,38.9,medium
P05240,ORG_N2369203422,ORG_N2369203422_T001,私教,PL_N2369203422,0.0,verified
P05241,ORG_N12091108919,ORG_N12091108919_T001,本科生,PL_N12091108919,0.0,verified
P05242,ORG_N6663083623,ORG_N6663083623_T001,翻译,PL_N6663083623,0.0,verified
P05243,ORG_W32805001,ORG_W32805001_T001,会计,PL_W32805001,0.0,verified
P05244,ORG_N2810401045,ORG_N2810401045_T001,销售经理,PL_N2810401045,0.0,verified
P05245,ORG_UNRES_W32542296,ORG_UNRES_W32542296_T001,设备操作员,PL_W32542296,0.0,unresolved
P05246,ORG_W288106846,ORG_W288106846_T001,酒店服务人员,PL_W288106846,0.0,verified
P05247,ORG_UNRES_W1334905980,ORG_UNRES_W1334905980_T001,网店经营者,PL_W1334905980,0.0,unresolved
P05248,ORG_UNRES_W662755434,ORG_UNRES_W662755434_T001,独立程序员,PL_W662755434,0.0,unresolved
P05249,ORG_W101919598,ORG_W101919598_T001,销售代表,PL_W101919598,0.0,verified
P05250,ORG_UNRES_W56868353,ORG_UNRES_W56868353_T001,设计师,PL_W56868353,0.0,unresolved
P05251,ORG_W657979440,ORG_W657979440_T001,高级运营专员,PL_W669794328,37.1,medium
P05252,ORG_W44076453,ORG_W44076453_T001,会计,PL_W44076453,0.0,verified
P05253,ORG_W30082675,ORG_W30082675_T001,产品经理,PL_W678505480,39.8,medium
P05254,ORG_UNRES_W450839656,ORG_UNRES_W450839656_T001,行政专员,PL_W450839656,0.0,unresolved
P05255,ORG_W33296651,ORG_W33296651_T001,卡车司机,PL_W33296649,86.1,medium
P05256,ORG_UNRES_W76561872,ORG_UNRES_W76561872_T001,设备操作员,PL_W76561872,0.0,unresolved
P05257,ORG_N6483208747,ORG_N6483208747_T001,高级项目经理,PL_N6483208747,0.0,verified
P05258,ORG_N6383661548,ORG_N6383661548_T001,财务主管,PL_N6383661548,0.0,verified
P05259,ORG_N10977886210,ORG_N10977886210_T001,本科生,PL_N10977886210,0.0,verified
P05260,ORG_N6548329638,ORG_N6548329638_T001,运营专员,PL_N6548329638,0.0,verified
P05261,ORG_W61011666,ORG_W61011666_T001,行政专员,PL_W61011666,0.0,verified
P05262,ORG_W79659931,ORG_W79659931_T001,软件工程师,PL_W79659931,0.0,verified
P05263,ORG_UNRES_W43804551,ORG_UNRES_W43804551_T001,建筑工人,PL_W43804551,0.0,unresolved
P05264,ORG_UNRES_W93811245,ORG_UNRES_W93811245_T001,设备操作员,PL_W93811245,0.0,unresolved
P05265,ORG_W61430204,ORG_W61430204_T001,快递员,PL_W61430204,0.0,verified
P05266,ORG_W35893795,ORG_W35893795_T001,厨师,PL_W35893795,0.0,verified
P05267,ORG_N9620657140,ORG_N9620657140_T001,高级软件工程师,PL_N9620657140,0.0,verified
P05268,ORG_N5986863969,ORG_N5986863969_T001,咖啡师,PL_N5986863969,0.0,verified
P05269,ORG_N13040383430,ORG_N13040383430_T001,厨师,PL_N13040383430,0.0,verified
P05270,ORG_N11275718891,ORG_N11275718891_T001,高级运营专员,PL_N11275718891,0.0,verified
P05271,ORG_W697106137,ORG_W697106137_T001,酒店服务人员,PL_W697106137,0.0,verified
P05272,ORG_W23447514,ORG_W23447514_T001,本科生,PL_W23447514,0.0,verified
P05273,ORG_N13944227404,ORG_N13944227404_T001,采购专员,PL_N13944227404,0.0,verified
P05274,ORG_W23447424,ORG_W23447424_T001,硕士研究生,PL_W23447424,0.0,verified
P05275,ORG_W34749848,ORG_W34749848_T001,酒店服务人员,PL_W34749848,0.0,verified
P05276,ORG_N11642440277,ORG_N11642440277_T001,业务负责人,PL_W659441023,9.1,high
P05277,ORG_W118507236,ORG_W118507236_T001,房产经纪,PL_W118507236,0.0,verified
P05278,ORG_W23447424,ORG_W23447424_T002,本科生,PL_W23447424,0.0,verified
P05279,ORG_W122205423,ORG_W122205423_T001,销售经理,PL_W122205423,0.0,verified
P05280,ORG_UNRES_W662150144,ORG_UNRES_W662150144_T001,电工,PL_W662150144,0.0,unresolved
P05281,ORG_N13751172633,ORG_N13751172633_T001,房产经纪,PL_W232075991,72.3,medium
P05282,ORG_N3948351740,ORG_N3948351740_T001,厨师,PL_N3948351740,0.0,verified
P05283,ORG_UNRES_W659581411,ORG_UNRES_W659581411_T001,会计,PL_W659581411,0.0,unresolved
P05284,ORG_UNRES_W32707347,ORG_UNRES_W32707347_T001,客户经理,PL_W32707347,0.0,unresolved
P05285,ORG_W62057772,ORG_W62057772_T001,客户经理,PL_W62057772,0.0,verified
P05286,ORG_UNRES_W660820017,ORG_UNRES_W660820017_T001,翻译,PL_W660820017,0.0,unresolved
P05287,ORG_N13295476004,ORG_N13295476004_T001,数据分析师,PL_W796666554,8.2,high
P05288,ORG_N3818769645,ORG_N3818769645_T001,会计,PL_W1316550312,18.5,high
P05289,ORG_N547498239,ORG_N547498239_T001,硕士研究生,PL_N547498239,0.0,verified
P05290,ORG_N12537548075,ORG_N12537548075_T001,本科生,PL_N12537548075,0.0,verified
P05291,ORG_N1123647044,ORG_N1123647044_T001,零售店员,PL_N1123647044,0.0,verified
P05292,ORG_N598103300,ORG_N598103300_T001,收银员,PL_N598103300,0.0,verified
P05293,ORG_W1502659706,ORG_W1502659706_T001,本科生,PL_W1502659706,0.0,verified
P05294,ORG_UNRES_W51187023,ORG_UNRES_W51187023_T001,快递员,PL_W51187023,0.0,unresolved
P05295,ORG_N7881306174,ORG_N7881306174_T001,健身教练,PL_N7881306174,0.0,verified
P05296,ORG_N12995038521,ORG_N12995038521_T001,美容师,PL_N12995038521,0.0,verified
P05297,ORG_N11051917214,ORG_N11051917214_T001,HR经理,PL_N11051917214,0.0,verified
P05298,ORG_N7553496735,ORG_N7553496735_T001,咖啡师,PL_N7553496735,0.0,verified
P05299,ORG_N4330043332,ORG_N4330043332_T001,软件工程师,PL_N4330043332,0.0,verified
P05300,ORG_W32024811,ORG_W32024811_T001,网店经营者,PL_W32024811,0.0,verified
P05301,ORG_UNRES_W352582325,ORG_UNRES_W352582325_T001,独立承包商,PL_W352582325,0.0,unresolved
P05302,ORG_W158465154,ORG_W158465154_T001,电工,PL_W158465154,0.0,verified
P05303,ORG_W56473908,ORG_W56473908_T001,高级软件工程师,PL_W56476846,31.0,medium
P05304,ORG_UNRES_W43809844,ORG_UNRES_W43809844_T001,采购经理,PL_W43809844,0.0,unresolved
P05305,ORG_N6586965669,ORG_N6586965669_T001,餐厅服务员,PL_N6586965669,0.0,verified
P05306,ORG_N9633703338,ORG_N9633703338_T001,本科生,PL_N9633703338,0.0,verified
P05307,ORG_UNRES_W60330215,ORG_UNRES_W60330215_T001,配送员,PL_W60330215,0.0,unresolved
P05308,ORG_N10838194331,ORG_N10838194331_T001,软件工程师,PL_W660836572,33.2,medium
P05309,ORG_N13136034603,ORG_N13136034603_T001,人力资源经理,PL_W31363799,9.8,high
P05310,ORG_N6363116935,ORG_N6363116935_T001,财务专员,PL_W679142319,27.4,medium
P05311,ORG_N3262705412,ORG_N3262705412_T001,区域经理,PL_N3262705412,0.0,verified
P05312,ORG_W32707350,ORG_W32707350_T001,客户专员,PL_W32707350,0.0,verified
P05313,ORG_N689652185,ORG_N689652185_T001,餐厅服务员,PL_N689652185,0.0,verified
P05314,ORG_W40542510,ORG_W40542510_T001,项目经理,PL_W680567507,26.9,medium
P05315,ORG_W32773278,ORG_W32773278_T001,财务主管,PL_W32773278,0.0,verified
P05316,ORG_UNRES_W678759777,ORG_UNRES_W678759777_T001,会计,PL_W678759777,0.0,unresolved
P05317,ORG_W700750477,ORG_W700750477_T001,保安,PL_W700750477,0.0,verified
P05318,ORG_UNRES_W705011703,ORG_UNRES_W705011703_T001,维修技师,PL_W705011703,0.0,unresolved
P05319,ORG_W34582299,ORG_W34582299_T001,采购经理,PL_W34582299,0.0,verified
P05320,ORG_UNRES_W661919736,ORG_UNRES_W661919736_T001,高级数据分析师,PL_W661919736,0.0,unresolved
P05321,ORG_W55029942,ORG_W55029942_T001,客户专员,PL_W55029942,0.0,verified
P05322,ORG_W61759776,ORG_W61759776_T001,硕士研究生,PL_W61759776,0.0,verified
P05323,ORG_N6621643593,ORG_N6621643593_T001,客户专员,PL_W226939072,25.5,medium
P05324,ORG_N12250917794,ORG_N12250917794_T001,厨师,PL_N12250917794,0.0,verified
P05325,ORG_UNRES_W57385304,ORG_UNRES_W57385304_T001,客户专员,PL_W57385304,0.0,unresolved
P05326,ORG_N13917883670,ORG_N13917883670_T001,HR经理,PL_N13917883670,0.0,verified
P05327,ORG_W44076451,ORG_W44076451_T001,厨师,PL_W44076451,0.0,verified
P05328,ORG_N6481876649,ORG_N6481876649_T001,客户经理,PL_W692017153,28.5,medium
P05329,ORG_N4562863066,ORG_N4562863066_T001,理发师,PL_N4562863066,0.0,verified
P05330,ORG_N13951193828,ORG_N13951193828_T001,客户专员,PL_W106201344,9.9,high
P05331,ORG_UNRES_W796686975,ORG_UNRES_W796686975_T001,配送员,PL_W796686975,0.0,unresolved
P05332,ORG_UNRES_W39525592,ORG_UNRES_W39525592_T001,设计师,PL_W39525592,0.0,unresolved
P05333,ORG_W398583836,ORG_W398583836_T001,收银员,PL_W398583836,0.0,verified
P05334,ORG_N3079147028,ORG_N3079147028_T001,咖啡师,PL_N3079147028,0.0,verified
P05335,ORG_N12996489259,ORG_N12996489259_T001,采购经理,PL_W674557281,58.2,medium
P05336,ORG_N1409152459,ORG_N1409152459_T001,美容师,PL_N1409152459,0.0,verified
P05337,ORG_UNRES_W336917018,ORG_UNRES_W336917018_T001,电工,PL_W336917018,0.0,unresolved
P05338,ORG_W43805910,ORG_W43805910_T001,搬运工,PL_W199291731,44.4,medium
P05339,ORG_W149982971,ORG_W149982971_T001,运营专员,PL_W76001163,74.1,medium
P05340,ORG_N5064137025,ORG_N5064137025_T001,酒店服务人员,PL_N5064137025,0.0,verified
P05341,ORG_UNRES_W662098295,ORG_UNRES_W662098295_T001,高级软件工程师,PL_W662098295,0.0,unresolved
P05342,ORG_N6434550073,ORG_N6434550073_T001,咖啡师,PL_N6434550073,0.0,verified
P05343,ORG_N7881378606,ORG_N7881378606_T001,高级软件工程师,PL_W663827290,62.4,medium
P05344,ORG_UNRES_W705842204,ORG_UNRES_W705842204_T001,配送员,PL_W705842204,0.0,unresolved
P05345,ORG_W1034589148,ORG_W1034589148_T001,项目经理,PL_W1034589148,0.0,verified
P05346,ORG_UNRES_W82878056,ORG_UNRES_W82878056_T001,配送员,PL_W82878056,0.0,unresolved
P05347,ORG_W28533900,ORG_W28533900_T001,焊工,PL_W28533900,0.0,verified
P05348,ORG_UNRES_W967290533,ORG_UNRES_W967290533_T001,私教,PL_W967290533,0.0,unresolved
P05349,ORG_N9376637799,ORG_N9376637799_T001,硕士研究生,PL_N9376637799,0.0,verified
P05350,ORG_W61759776,ORG_W61759776_T001,硕士研究生,PL_W61759776,0.0,verified
P05351,ORG_N501613178,ORG_N501613178_T001,客服,PL_N501613178,0.0,verified
P05352,ORG_W660585990,ORG_W660585990_T001,收银员,PL_W660585990,0.0,verified
P05353,ORG_N10695444667,ORG_N10695444667_T001,保安,PL_N10695444667,0.0,verified
P05354,ORG_UNRES_W704729324,ORG_UNRES_W704729324_T001,自媒体从业者,PL_W704729324,0.0,unresolved
P05355,ORG_W43804408,ORG_W43804408_T001,收银员,PL_W43804408,0.0,verified
P05356,ORG_W797150068,ORG_W797150068_T001,软件工程师,PL_W1377658345,10.6,high
P05357,ORG_UNRES_W663828997,ORG_UNRES_W663828997_T001,安装工,PL_W663828997,0.0,unresolved
P05358,ORG_UNRES_W704287216,ORG_UNRES_W704287216_T001,汽车技师,PL_W704287216,0.0,unresolved
P05359,ORG_W374195291,ORG_W374195291_T001,仓库操作员,PL_W374195291,0.0,verified
P05360,ORG_N3599545629,ORG_N3599545629_T001,客户经理,PL_N3599545629,0.0,verified
P05361,ORG_UNRES_W93811239,ORG_UNRES_W93811239_T001,维修技师,PL_W93811239,0.0,unresolved
P05362,ORG_W23334883,ORG_W23334883_T001,博士研究生,PL_W23334883,0.0,verified
P05363,ORG_UNRES_W669794353,ORG_UNRES_W669794353_T001,快递员,PL_W669794353,0.0,unresolved
P05364,ORG_N417226497,ORG_N417226497_T001,美容师,PL_N417226497,0.0,verified
P05365,ORG_N4507572289,ORG_N4507572289_T001,硕士研究生,PL_N4507572289,0.0,verified
P05366,ORG_W34573775,ORG_W34573775_T001,数据分析师,PL_W34573775,0.0,verified
P05367,ORG_UNRES_W991343165,ORG_UNRES_W991343165_T001,独立承包商,PL_W991343165,0.0,unresolved
P05368,ORG_UNRES_W661950642,ORG_UNRES_W661950642_T001,销售经理,PL_W661950642,0.0,unresolved
P05369,ORG_N13753656633,ORG_N13753656633_T001,收银员,PL_N13753656633,0.0,verified
P05370,ORG_UNRES_W34516886,ORG_UNRES_W34516886_T001,搬运工,PL_W34516886,0.0,unresolved
P05371,ORG_W106099920,ORG_W106099920_T001,客户专员,PL_W106099920,0.0,verified
P05372,ORG_UNRES_W69341524,ORG_UNRES_W69341524_T001,高级数据分析师,PL_W69341524,0.0,unresolved
P05373,ORG_UNRES_W678928089,ORG_UNRES_W678928089_T001,自由销售,PL_W678928089,0.0,unresolved
P05374,ORG_W34615187,ORG_W34615187_T001,会计,PL_W34615187,0.0,verified
P05375,ORG_UNRES_W238469268,ORG_UNRES_W238469268_T001,房产经纪,PL_W238469268,0.0,unresolved
P05376,ORG_UNRES_W297194551,ORG_UNRES_W297194551_T001,软件工程师,PL_W297194551,0.0,unresolved
P05377,ORG_W657935207,ORG_W657935207_T001,搬运工,PL_W657935207,0.0,verified
P05378,ORG_UNRES_W226512035,ORG_UNRES_W226512035_T001,快递员,PL_W226512035,0.0,unresolved
P05379,ORG_N11891397695,ORG_N11891397695_T001,高级数据分析师,PL_W659599068,75.2,medium
P05380,ORG_W23447424,ORG_W23447424_T001,本科生,PL_W23447424,0.0,verified
P05381,ORG_W32667520,ORG_W32667520_T001,自媒体从业者,PL_W32667520,0.0,verified
P05382,ORG_W148646768,ORG_W148646768_T001,酒店服务人员,PL_W148646768,0.0,verified
P05383,ORG_N2998787138,ORG_N2998787138_T001,健身教练,PL_N2998787138,0.0,verified
P05384,ORG_W32742026,ORG_W32742026_T001,酒店前台,PL_W32742026,0.0,verified
P05385,ORG_N3330175421,ORG_N3330175421_T001,客户专员,PL_W670272332,86.2,medium
P05386,ORG_W661077827,ORG_W661077827_T001,财务主管,PL_W661077827,0.0,verified
P05387,ORG_N6337090043,ORG_N6337090043_T001,厨师,PL_N6337090043,0.0,verified
P05388,ORG_N7570784647,ORG_N7570784647_T001,财务专员,PL_W1541291357,59.4,medium
P05389,ORG_N7751985864,ORG_N7751985864_T001,高级运营专员,PL_W31926230,7.6,high
P05390,ORG_N7551831495,ORG_N7551831495_T001,餐厅服务员,PL_N7551831495,0.0,verified
P05391,ORG_UNRES_W659970395,ORG_UNRES_W659970395_T001,维修技师,PL_W659970395,0.0,unresolved
P05392,ORG_W301310697,ORG_W301310697_T001,高级数据分析师,PL_W301310697,0.0,verified
P05393,ORG_N803168349,ORG_N803168349_T001,房产经纪,PL_W598637694,29.1,medium
P05394,ORG_N6547252195,ORG_N6547252195_T001,房产经纪,PL_N6547252195,0.0,verified
P05395,ORG_W663827867,ORG_W663827867_T001,HR经理,PL_W684783109,35.4,medium
P05396,ORG_W663314286,ORG_W663314286_T001,销售代表,PL_W663314286,0.0,verified
P05397,ORG_UNRES_W659732177,ORG_UNRES_W659732177_T001,建筑工人,PL_W659732177,0.0,unresolved
P05398,ORG_W67138242,ORG_W67138242_T001,酒店前台,PL_W67138242,0.0,verified
P05399,ORG_W60170480,ORG_W60170480_T001,房产经纪,PL_W115222031,50.9,medium
P05400,ORG_N1370527806,ORG_N1370527806_T001,理发师,PL_N1370527806,0.0,verified
P05401,ORG_UNRES_W243113647,ORG_UNRES_W243113647_T001,电工,PL_W243113647,0.0,unresolved
P05402,ORG_UNRES_W706192716,ORG_UNRES_W706192716_T001,独立程序员,PL_W706192716,0.0,unresolved
P05403,ORG_W55461754,ORG_W55461754_T001,销售经理,PL_W55461754,0.0,verified
P05404,ORG_N2375249754,ORG_N2375249754_T001,本科生,PL_N2375249754,0.0,verified
P05405,ORG_UNRES_W532023361,ORG_UNRES_W532023361_T001,房产经纪,PL_W532023361,0.0,unresolved
P05406,ORG_UNRES_W657697672,ORG_UNRES_W657697672_T001,电工,PL_W657697672,0.0,unresolved
P05407,ORG_N3886265327,ORG_N3886265327_T001,零售店员,PL_N3886265327,0.0,verified
P05408,ORG_UNRES_W660079777,ORG_UNRES_W660079777_T001,独立承包商,PL_W660079777,0.0,unresolved
P05409,ORG_W150506087,ORG_W150506087_T002,酒店服务人员,PL_W150506087,0.0,verified
P05410,ORG_N12149933050,ORG_N12149933050_T001,行政专员,PL_N12149933050,0.0,verified
P05411,ORG_N6376145766,ORG_N6376145766_T001,运营专员,PL_N6376145766,0.0,verified
P05412,ORG_N6845091823,ORG_N6845091823_T001,咖啡师,PL_N6845091823,0.0,verified
P05413,ORG_W61759776,ORG_W61759776_T001,博士研究生,PL_W61759776,0.0,verified
P05414,ORG_UNRES_W41285778,ORG_UNRES_W41285778_T001,独立承包商,PL_W41285778,0.0,unresolved
P05415,ORG_W31620396,ORG_W31620396_T001,设计师,PL_W31620396,0.0,verified
P05416,ORG_N6994226891,ORG_N6994226891_T001,客服,PL_N6994226891,0.0,verified
P05417,ORG_UNRES_W661821367,ORG_UNRES_W661821367_T001,自媒体从业者,PL_W661821367,0.0,unresolved
P05418,ORG_W162607309,ORG_W162607309_T001,产品经理,PL_W162607309,0.0,verified
P05419,ORG_N5594977293,ORG_N5594977293_T001,咨询顾问,PL_N5594977293,0.0,verified
P05420,ORG_N572859658,ORG_N572859658_T001,销售代表,PL_W262740197,54.1,medium
P05421,ORG_W62058574,ORG_W62058574_T001,产品经理,PL_W62058574,0.0,verified
P05422,ORG_UNRES_W40544281,ORG_UNRES_W40544281_T001,独立程序员,PL_W40544281,0.0,unresolved
P05423,ORG_UNRES_W32610595,ORG_UNRES_W32610595_T001,配送员,PL_W32610595,0.0,unresolved
P05424,ORG_W231983646,ORG_W231983646_T001,酒店前台,PL_W231983646,0.0,verified
P05425,ORG_N8149797432,ORG_N8149797432_T001,摄影师,PL_W704196077,48.3,medium
P05426,ORG_N4327307014,ORG_N4327307014_T001,零售店员,PL_N4327307014,0.0,verified
P05427,ORG_W27991582,ORG_W27991582_T001,运营专员,PL_W27991582,0.0,verified
P05428,ORG_W231773826,ORG_W231773826_T002,保安,PL_W231773826,0.0,verified
P05429,ORG_N5260039172,ORG_N5260039172_T001,咖啡师,PL_N5260039172,0.0,verified
P05430,ORG_N7764644698,ORG_N7764644698_T001,高级运营专员,PL_N7764644698,0.0,verified
P05431,ORG_UNRES_W659333500,ORG_UNRES_W659333500_T001,摄影师,PL_W659333500,0.0,unresolved
P05432,ORG_W115222390,ORG_W115222390_T002,安装工,PL_W115222390,0.0,verified
P05433,ORG_W31728160,ORG_W31728160_T001,厨师,PL_W31728160,0.0,verified
P05434,ORG_N2299019719,ORG_N2299019719_T001,客户经理,PL_W107138623,21.3,high
P05435,ORG_W34582296,ORG_W34582296_T001,财务主管,PL_W34582296,0.0,verified
P05436,ORG_W31926308,ORG_W31926308_T001,财务经理,PL_W31926308,0.0,verified
P05437,ORG_N13625375181,ORG_N13625375181_T001,运营经理,PL_W704228131,10.6,high
P05438,ORG_N6680665670,ORG_N6680665670_T001,健身教练,PL_N6680665670,0.0,verified
P05439,ORG_UNRES_W103619599,ORG_UNRES_W103619599_T001,电工,PL_W103619599,0.0,unresolved
P05440,ORG_W61759776,ORG_W61759776_T003,硕士研究生,PL_W61759776,0.0,verified
P05441,ORG_W61759776,ORG_W61759776_T002,本科生,PL_W61759776,0.0,verified
P05442,ORG_N13207404914,ORG_N13207404914_T001,收银员,PL_N6382259856,10.1,high
P05443,ORG_W62057334,ORG_W62057334_T001,高级数据分析师,PL_W62057334,0.0,verified
P05444,ORG_UNRES_W31363775,ORG_UNRES_W31363775_T001,翻译,PL_W31363775,0.0,unresolved
P05445,ORG_W438026405,ORG_W438026405_T001,行政专员,PL_W438026405,0.0,verified
P05446,ORG_UNRES_W662786285,ORG_UNRES_W662786285_T001,自由设计师,PL_W662786285,0.0,unresolved
P05447,ORG_N4456480783,ORG_N4456480783_T001,采购专员,PL_N4456480783,0.0,verified
P05448,ORG_UNRES_W58851661,ORG_UNRES_W58851661_T001,建筑工人,PL_W58851661,0.0,unresolved
P05449,ORG_UNRES_W804618150,ORG_UNRES_W804618150_T001,销售代表,PL_W804618150,0.0,unresolved
P05450,ORG_W231284913,ORG_W231284913_T002,酒店服务人员,PL_W231284913,0.0,verified
P05451,ORG_W61429677,ORG_W61429677_T001,酒店服务人员,PL_W61429677,0.0,verified
P05452,ORG_UNRES_W796589932,ORG_UNRES_W796589932_T001,财务主管,PL_W796589932,0.0,unresolved
P05453,ORG_W1230109220,ORG_W1230109220_T001,零售店员,PL_W1230109220,0.0,verified
P05454,ORG_UNRES_W662441716,ORG_UNRES_W662441716_T001,快递员,PL_W662441716,0.0,unresolved
P05455,ORG_UNRES_W704230280,ORG_UNRES_W704230280_T001,汽车技师,PL_W704230280,0.0,unresolved
P05456,ORG_UNRES_W136796593,ORG_UNRES_W136796593_T001,会计,PL_W136796593,0.0,unresolved
P05457,ORG_N5457410121,ORG_N5457410121_T001,餐厅服务员,PL_N5457410121,0.0,verified
P05458,ORG_W61759777,ORG_W61759777_T001,高级软件工程师,PL_W60304156,49.9,medium
P05459,ORG_UNRES_W43806062,ORG_UNRES_W43806062_T001,自由销售,PL_W43806062,0.0,unresolved
P05460,ORG_N9573757713,ORG_N9573757713_T001,运营专员,PL_W943602453,18.8,high
P05461,ORG_N12996489259,ORG_N12996489259_T001,数据分析师,PL_W662100023,75.5,medium
P05462,ORG_N13948626037,ORG_N13948626037_T001,采购经理,PL_W801986443,40.2,medium
P05463,ORG_N2138467572,ORG_N2138467572_T001,项目经理,PL_W203425966,7.7,high
P05464,ORG_W35021080,ORG_W35021080_T001,设备操作员,PL_W35021080,0.0,verified
P05465,ORG_UNRES_W104942318,ORG_UNRES_W104942318_T001,行政专员,PL_W104942318,0.0,unresolved
P05466,ORG_UNRES_W112761027,ORG_UNRES_W112761027_T001,快递员,PL_W112761027,0.0,unresolved
P05467,ORG_N13704267913,ORG_N13704267913_T001,本科生,PL_N13704267913,0.0,verified
P05468,ORG_UNRES_W1354494562,ORG_UNRES_W1354494562_T001,高级运营专员,PL_W1354494562,0.0,unresolved
P05469,ORG_UNRES_W56051936,ORG_UNRES_W56051936_T001,咨询顾问,PL_W56051936,0.0,unresolved
P05470,ORG_W110166031,ORG_W110166031_T001,运营专员,PL_W141693951,61.9,medium
P05471,ORG_UNRES_W659587775,ORG_UNRES_W659587775_T001,房产经纪,PL_W659587775,0.0,unresolved
P05472,ORG_UNRES_W804360780,ORG_UNRES_W804360780_T001,财务专员,PL_W804360780,0.0,unresolved
P05473,ORG_UNRES_W662213164,ORG_UNRES_W662213164_T001,区域经理,PL_W662213164,0.0,unresolved
P05474,ORG_N5054475322,ORG_N5054475322_T001,餐厅服务员,PL_N5054475322,0.0,verified
P05475,ORG_N10300704448,ORG_N10300704448_T001,健身教练,PL_N10300704448,0.0,verified
P05476,ORG_N13032007312,ORG_N13032007312_T001,理发师,PL_N13032007312,0.0,verified
P05477,ORG_N13176774270,ORG_N13176774270_T001,咨询顾问,PL_N13176774270,0.0,verified
P05478,ORG_W62057772,ORG_W62057772_T001,技术经理,PL_W62057772,0.0,verified
P05479,ORG_UNRES_W43804269,ORG_UNRES_W43804269_T001,HR经理,PL_W43804269,0.0,unresolved
P05480,ORG_N9071191071,ORG_N9071191071_T001,本科生,PL_N9071191071,0.0,verified
P05481,ORG_N7195399405,ORG_N7195399405_T001,餐厅服务员,PL_N7195399405,0.0,verified
P05482,ORG_N2356731091,ORG_N2356731091_T001,保安,PL_N2356731091,0.0,verified
P05483,ORG_W243812280,ORG_W243812280_T001,私教,PL_W243812280,0.0,verified
P05484,ORG_N6554677025,ORG_N6554677025_T001,销售经理,PL_N6554677025,0.0,verified
P05485,ORG_W79418485,ORG_W79418485_T001,客户专员,PL_W79418485,0.0,verified
P05486,ORG_N7323173820,ORG_N7323173820_T001,高级项目经理,PL_W61430317,1.1,high
P05487,ORG_N9071191071,ORG_N9071191071_T001,硕士研究生,PL_N9071191071,0.0,verified
P05488,ORG_N9139819377,ORG_N9139819377_T001,硕士研究生,PL_N9139819377,0.0,verified
P05489,ORG_W122204304,ORG_W122204304_T001,采购专员,PL_W122204304,0.0,verified
P05490,ORG_UNRES_W112761028,ORG_UNRES_W112761028_T001,电工,PL_W112761028,0.0,unresolved
P05491,ORG_UNRES_W659830744,ORG_UNRES_W659830744_T001,产品经理,PL_W659830744,0.0,unresolved
P05492,ORG_UNRES_W33541220,ORG_UNRES_W33541220_T001,自由销售,PL_W33541220,0.0,unresolved
P05493,ORG_W241020327,ORG_W241020327_T001,酒店前台,PL_W241020327,0.0,verified
P05494,ORG_W658962780,ORG_W658962780_T001,安装工,PL_W658962780,0.0,verified
P05495,ORG_UNRES_W659587768,ORG_UNRES_W659587768_T001,设备操作员,PL_W659587768,0.0,unresolved
P05496,ORG_N1125532862,ORG_N1125532862_T002,高级软件工程师,PL_W660624564,29.5,medium
P05497,ORG_UNRES_W783619896,ORG_UNRES_W783619896_T001,采购专员,PL_W783619896,0.0,unresolved
P05498,ORG_W132646523,ORG_W132646523_T001,软件工程师,PL_W132646523,0.0,verified
P05499,ORG_UNRES_W61011150,ORG_UNRES_W61011150_T001,运营专员,PL_W61011150,0.0,unresolved
P05500,ORG_W241020327,ORG_W241020327_T001,厨师,PL_W241020327,0.0,verified
P05501,ORG_N7089560693,ORG_N7089560693_T001,私教,PL_N7089560693,0.0,verified
P05502,ORG_UNRES_W659587777,ORG_UNRES_W659587777_T001,行政专员,PL_W659587777,0.0,unresolved
P05503,ORG_UNRES_W67141698,ORG_UNRES_W67141698_T001,维修技师,PL_W67141698,0.0,unresolved
P05504,ORG_N13894068499,ORG_N13894068499_T001,美容师,PL_N13894068499,0.0,verified
P05505,ORG_N2495291180,ORG_N2495291180_T001,设计师,PL_N2495291180,0.0,verified
P05506,ORG_N13971311580,ORG_N13971311580_T001,销售经理,PL_N13971311580,0.0,verified
P05507,ORG_W28025955,ORG_W28025955_T001,咨询顾问,PL_W28025955,0.0,verified
P05508,ORG_N12741073408,ORG_N12741073408_T001,咨询顾问,PL_N12741073408,0.0,verified
P05509,ORG_N488413433,ORG_N488413433_T001,零售店员,PL_N488413433,0.0,verified
P05510,ORG_N12091108919,ORG_N12091108919_T001,本科生,PL_N12091108919,0.0,verified
P05511,ORG_N3427191021,ORG_N3427191021_T001,房产经纪,PL_W663314029,85.8,medium
P05512,ORG_UNRES_W34720564,ORG_UNRES_W34720564_T001,快递员,PL_W34720564,0.0,unresolved
P05513,ORG_UNRES_W431918175,ORG_UNRES_W431918175_T001,客户专员,PL_W431918175,0.0,unresolved
P05514,ORG_W27767628,ORG_W27767628_T001,高级运营专员,PL_W27767628,0.0,verified
P05515,ORG_W170052746,ORG_W170052746_T001,高级软件工程师,PL_W170052746,0.0,verified
P05516,ORG_N1888709068,ORG_N1888709068_T001,销售代表,PL_W783716652,81.6,medium
P05517,ORG_N6586965655,ORG_N6586965655_T001,零售店员,PL_N6586965655,0.0,verified
P05518,ORG_N13924323767,ORG_N13924323767_T001,高级数据分析师,PL_N13924323767,0.0,verified
P05519,ORG_UNRES_W32540133,ORG_UNRES_W32540133_T001,配送员,PL_W32540133,0.0,unresolved
P05520,ORG_UNRES_W661822297,ORG_UNRES_W661822297_T001,自媒体从业者,PL_W661822297,0.0,unresolved
P05521,ORG_N13897158549,ORG_N13897158549_T001,区域经理,PL_W1194900603,14.2,high
P05522,ORG_UNRES_W804394006,ORG_UNRES_W804394006_T001,高级运营专员,PL_W804394006,0.0,unresolved
P05523,ORG_W55036397,ORG_W55036397_T001,厨师,PL_W55036397,0.0,verified
P05524,ORG_UNRES_W704729324,ORG_UNRES_W704729324_T001,自媒体从业者,PL_W704729324,0.0,unresolved
P05525,ORG_N11281293717,ORG_N11281293717_T001,硕士研究生,PL_N11281293717,0.0,verified
P05526,ORG_N6382389302,ORG_N6382389302_T001,美容师,PL_N6382389302,0.0,verified
P05527,ORG_W416989000,ORG_W416989000_T001,酒店服务人员,PL_W416989000,0.0,verified
P05528,ORG_N9842561849,ORG_N9842561849_T001,客服,PL_N9842561849,0.0,verified
P05529,ORG_N3066128978,ORG_N3066128978_T001,销售代表,PL_N3066128978,0.0,verified
P05530,ORG_N1886020808,ORG_N1886020808_T001,理发师,PL_N1886020808,0.0,verified
P05531,ORG_N6848476768,ORG_N6848476768_T001,财务专员,PL_W1194870091,39.1,medium
P05532,ORG_N3977952154,ORG_N3977952154_T001,餐厅服务员,PL_N3977952154,0.0,verified
P05533,ORG_N2603690238,ORG_N2603690238_T001,独立程序员,PL_N2603690238,0.0,verified
P05534,ORG_W56426672,ORG_W56426672_T001,酒店前台,PL_W56426672,0.0,verified
P05535,ORG_N1515959209,ORG_N1515959209_T001,本科生,PL_N1515959209,0.0,verified
P05536,ORG_UNRES_W400575633,ORG_UNRES_W400575633_T001,会计,PL_W400575633,0.0,unresolved
P05537,ORG_N6551651370,ORG_N6551651370_T001,咖啡师,PL_N6551651370,0.0,verified
P05538,ORG_W335886375,ORG_W335886375_T001,房产经纪,PL_W335886375,0.0,verified
P05539,ORG_UNRES_W706080732,ORG_UNRES_W706080732_T001,设计师,PL_W706080732,0.0,unresolved
P05540,ORG_W31963779,ORG_W31963779_T001,财务专员,PL_W31963779,0.0,verified
P05541,ORG_UNRES_W661471698,ORG_UNRES_W661471698_T001,搬运工,PL_W661471698,0.0,unresolved
P05542,ORG_W76001187,ORG_W76001187_T001,酒店服务人员,PL_W76001187,0.0,verified
P05543,ORG_W61429677,ORG_W61429677_T001,厨师,PL_W61429677,0.0,verified
P05544,ORG_W23447514,ORG_W23447514_T001,硕士研究生,PL_W23447514,0.0,verified
P05545,ORG_UNRES_W32610180,ORG_UNRES_W32610180_T001,设备操作员,PL_W32610180,0.0,unresolved
P05546,ORG_UNRES_W32534609,ORG_UNRES_W32534609_T001,搬运工,PL_W32534609,0.0,unresolved
P05547,ORG_N6348659395,ORG_N6348659395_T001,财务主管,PL_W659440530,22.2,high
P05548,ORG_N8392498987,ORG_N8392498987_T001,客户经理,PL_N8392498987,0.0,verified
P05549,ORG_N5987043916,ORG_N5987043916_T001,咖啡师,PL_N5987043916,0.0,verified
P05550,ORG_W55461564,ORG_W55461564_T001,酒店前台,PL_W55461564,0.0,verified
P05551,ORG_UNRES_W705650229,ORG_UNRES_W705650229_T001,设计师,PL_W705650229,0.0,unresolved
P05552,ORG_UNRES_W62361719,ORG_UNRES_W62361719_T001,运营经理,PL_W62361719,0.0,unresolved
P05553,ORG_N387435155,ORG_N387435155_T001,零售店员,PL_N387435155,0.0,verified
P05554,ORG_UNRES_W31617606,ORG_UNRES_W31617606_T001,摄影师,PL_W31617606,0.0,unresolved
P05555,ORG_UNRES_W660568826,ORG_UNRES_W660568826_T001,私教,PL_W660568826,0.0,unresolved
P05556,ORG_UNRES_W660806856,ORG_UNRES_W660806856_T001,客户专员,PL_W660806856,0.0,unresolved
P05557,ORG_W67139121,ORG_W67139121_T001,高级运营专员,PL_W67139121,0.0,verified
P05558,ORG_N13879320056,ORG_N13879320056_T001,行政专员,PL_N13879320056,0.0,verified
P05559,ORG_UNRES_W662259393,ORG_UNRES_W662259393_T001,财务专员,PL_W662259393,0.0,unresolved
P05560,ORG_W59244452,ORG_W59244452_T001,卡车司机,PL_W658233527,68.1,medium
P05561,ORG_N3427212267,ORG_N3427212267_T001,软件工程师,PL_N3427212267,0.0,verified
P05562,ORG_W1395034232,ORG_W1395034232_T001,快递员,PL_W1395344207,31.7,medium
P05563,ORG_W34749843,ORG_W34749843_T001,客服,PL_W34749843,0.0,verified
P05564,ORG_N2858285616,ORG_N2858285616_T001,高级软件工程师,PL_W797163024,1.9,high
P05565,ORG_N3314874485,ORG_N3314874485_T001,咖啡师,PL_N3314874485,0.0,verified
P05566,ORG_UNRES_W660934400,ORG_UNRES_W660934400_T001,客户经理,PL_W660934400,0.0,unresolved
P05567,ORG_N12895800540,ORG_N12895800540_T001,理发师,PL_N12895800540,0.0,verified
P05568,ORG_UNRES_W673006199,ORG_UNRES_W673006199_T001,行政专员,PL_W673006199,0.0,unresolved
P05569,ORG_N5424638521,ORG_N5424638521_T001,会计,PL_N5424638521,0.0,verified
P05570,ORG_N7708243587,ORG_N7708243587_T001,采购专员,PL_N7708243587,0.0,verified
P05571,ORG_UNRES_W170052744,ORG_UNRES_W170052744_T001,自由销售,PL_W170052744,0.0,unresolved
P05572,ORG_N618405625,ORG_N618405625_T001,HR经理,PL_W33542526,60.4,medium
P05573,ORG_N4462061728,ORG_N4462061728_T001,保安,PL_N4462061728,0.0,verified
P05574,ORG_W161110169,ORG_W161110169_T001,本科生,PL_W161110169,0.0,verified
P05575,ORG_UNRES_W31756308,ORG_UNRES_W31756308_T001,自由销售,PL_W31756308,0.0,unresolved
P05576,ORG_UNRES_W31754492,ORG_UNRES_W31754492_T001,独立程序员,PL_W31754492,0.0,unresolved
P05577,ORG_N13971498235,ORG_N13971498235_T001,房产经纪,PL_W61698828,62.0,medium
P05578,ORG_N3925813284,ORG_N3925813284_T001,博士研究生,PL_N3925813284,0.0,verified
P05579,ORG_N13075184617,ORG_N13075184617_T001,行政专员,PL_N13075184617,0.0,verified
P05580,ORG_N5443636923,ORG_N5443636923_T001,销售经理,PL_W663826668,32.7,medium
P05581,ORG_UNRES_W185654457,ORG_UNRES_W185654457_T001,采购经理,PL_W185654457,0.0,unresolved
P05582,ORG_N6551695028,ORG_N6551695028_T001,销售代表,PL_W55855120,33.7,medium
P05583,ORG_N4859176003,ORG_N4859176003_T001,厨师,PL_N4859176003,0.0,verified
P05584,ORG_UNRES_W659829985,ORG_UNRES_W659829985_T001,咨询顾问,PL_W659829985,0.0,unresolved
P05585,ORG_N383448318,ORG_N383448318_T001,美容师,PL_N383448318,0.0,verified
P05586,ORG_UNRES_W1125477356,ORG_UNRES_W1125477356_T001,自媒体从业者,PL_W1125477356,0.0,unresolved
P05587,ORG_W33849251,ORG_W33849251_T001,设计师,PL_W703255161,15.3,high
P05588,ORG_UNRES_W659633473,ORG_UNRES_W659633473_T001,客户经理,PL_W659633473,0.0,unresolved
P05589,ORG_N1125532862,ORG_N1125532862_T001,人力资源经理,PL_W660624564,29.5,medium
P05590,ORG_N6423814886,ORG_N6423814886_T001,行政专员,PL_W367037750,19.0,high
P05591,ORG_N8262636077,ORG_N8262636077_T001,房产经纪,PL_W84806536,37.3,medium
P05592,ORG_N2972858749,ORG_N2972858749_T001,自由销售,PL_N2972858749,0.0,verified
P05593,ORG_UNRES_W660934386,ORG_UNRES_W660934386_T001,销售代表,PL_W660934386,0.0,unresolved
P05594,ORG_N2332330690,ORG_N2332330690_T001,博士研究生,PL_N2332330690,0.0,verified
P05595,ORG_W257053580,ORG_W257053580_T001,房产经纪,PL_W257053580,0.0,verified
P05596,ORG_N9573757713,ORG_N9573757713_T001,高级数据分析师,PL_W943602453,18.8,high
P05597,ORG_N6363177433,ORG_N6363177433_T001,设计师,PL_W657696699,64.5,medium
P05598,ORG_W60330199,ORG_W60330199_T001,卡车司机,PL_W60428629,117.5,medium
P05599,ORG_W62058576,ORG_W62058576_T001,采购专员,PL_W62058576,0.0,verified
P05600,ORG_UNRES_W663311030,ORG_UNRES_W663311030_T001,咨询顾问,PL_W663311030,0.0,unresolved
P05601,ORG_N13670573939,ORG_N13670573939_T001,理发师,PL_N13670573939,0.0,verified
P05602,ORG_UNRES_W66979883,ORG_UNRES_W66979883_T001,搬运工,PL_W66979883,0.0,unresolved
P05603,ORG_N5267141830,ORG_N5267141830_T001,客服,PL_N5267141830,0.0,verified
P05604,ORG_N12501041068,ORG_N12501041068_T001,财务专员,PL_W1544078637,85.7,medium
P05605,ORG_W59244475,ORG_W59244475_T001,配送员,PL_W59244475,0.0,verified
P05606,ORG_W1289507559,ORG_W1289507559_T001,本科生,PL_W1289507559,0.0,verified
P05607,ORG_N5051184221,ORG_N5051184221_T001,厨师,PL_N5051184221,0.0,verified
P05608,ORG_UNRES_W996764948,ORG_UNRES_W996764948_T001,自由设计师,PL_W996764948,0.0,unresolved
P05609,ORG_W56058456,ORG_W56058456_T001,产品经理,PL_W56058456,0.0,verified
P05610,ORG_N6423958629,ORG_N6423958629_T001,行政专员,PL_W659629284,36.8,medium
P05611,ORG_UNRES_W234058577,ORG_UNRES_W234058577_T001,财务主管,PL_W234058577,0.0,unresolved
P05612,ORG_UNRES_W334725258,ORG_UNRES_W334725258_T001,自由销售,PL_W334725258,0.0,unresolved
P05613,ORG_N3482106446,ORG_N3482106446_T001,项目经理,PL_N3482106446,0.0,verified
P05614,ORG_N12861663113,ORG_N12861663113_T001,业务负责人,PL_N12861663113,0.0,verified
P05615,ORG_W58559273,ORG_W58559273_T001,行政专员,PL_W58559273,0.0,verified
P05616,ORG_W1504222290,ORG_W1504222290_T001,本科生,PL_W1504222290,0.0,verified
P05617,ORG_N3317170417,ORG_N3317170417_T001,美容师,PL_N3317170417,0.0,verified
P05618,ORG_N3653499892,ORG_N3653499892_T001,保安,PL_N3653499892,0.0,verified
P05619,ORG_UNRES_W804360806,ORG_UNRES_W804360806_T001,维修技师,PL_W804360806,0.0,unresolved
P05620,ORG_W149982971,ORG_W149982971_T001,数据分析师,PL_W149982971,0.0,verified
P05621,ORG_W33561118,ORG_W33561118_T001,厨师,PL_W33561118,0.0,verified
P05622,ORG_W150506087,ORG_W150506087_T002,厨师,PL_W150506087,0.0,verified
P05623,ORG_W27778414,ORG_W27778414_T001,酒店服务人员,PL_W27778414,0.0,verified
P05624,ORG_N8450477819,ORG_N8450477819_T001,高级产品经理,PL_W910121023,28.8,medium
P05625,ORG_UNRES_W662152108,ORG_UNRES_W662152108_T001,维修技师,PL_W662152108,0.0,unresolved
P05626,ORG_N6565904324,ORG_N6565904324_T001,高级运营专员,PL_N6565904324,0.0,verified
P05627,ORG_N6495425604,ORG_N6495425604_T001,理发师,PL_N6495425604,0.0,verified
P05628,ORG_N491912606,ORG_N491912606_T001,咖啡师,PL_N491912606,0.0,verified
P05629,ORG_UNRES_W660867281,ORG_UNRES_W660867281_T001,独立程序员,PL_W660867281,0.0,unresolved
P05630,ORG_N5379390988,ORG_N5379390988_T001,房产经纪,PL_W61982574,8.0,high
P05631,ORG_W67138280,ORG_W67138280_T001,客户专员,PL_W506139150,97.3,medium
P05632,ORG_W468563993,ORG_W468563993_T001,高级软件工程师,PL_W151519194,30.9,medium
P05633,ORG_UNRES_W60331399,ORG_UNRES_W60331399_T001,焊工,PL_W60331399,0.0,unresolved
P05634,ORG_N13955553668,ORG_N13955553668_T001,财务主管,PL_W59248694,17.0,high
P05635,ORG_UNRES_W659340929,ORG_UNRES_W659340929_T001,摄影师,PL_W659340929,0.0,unresolved
P05636,ORG_N13015033587,ORG_N13015033587_T001,健身教练,PL_N13015033587,0.0,verified
P05637,ORG_W34749730,ORG_W34749730_T001,厨师,PL_W34749730,0.0,verified
P05638,ORG_W55896876,ORG_W55896876_T002,客服,PL_W55896876,0.0,verified
P05639,ORG_W225856275,ORG_W225856275_T001,餐厅服务员,PL_W225856275,0.0,verified
P05640,ORG_W38743637,ORG_W38743637_T001,客户专员,PL_W38743637,0.0,verified
P05641,ORG_W241020327,ORG_W241020327_T001,厨师,PL_W241020327,0.0,verified
P05642,ORG_N1123778868,ORG_N1123778868_T001,美容师,PL_N1123778868,0.0,verified
P05643,ORG_N10906420648,ORG_N10906420648_T001,网店经营者,PL_N10906420648,0.0,verified
P05644,ORG_N1840733247,ORG_N1840733247_T001,高级运营专员,PL_N1840733247,0.0,verified
P05645,ORG_UNRES_W66980191,ORG_UNRES_W66980191_T001,设备操作员,PL_W66980191,0.0,unresolved
P05646,ORG_N13320213988,ORG_N13320213988_T001,零售店员,PL_N13320213988,0.0,verified
P05647,ORG_UNRES_W661920371,ORG_UNRES_W661920371_T001,自媒体从业者,PL_W661920371,0.0,unresolved
P05648,ORG_N4131859617,ORG_N4131859617_T001,厨师,PL_N4131859617,0.0,verified
P05649,ORG_N11818755964,ORG_N11818755964_T001,会计,PL_W80378497,2.1,high
P05650,ORG_W31618769,ORG_W31618769_T001,设计师,PL_W31618769,0.0,verified
P05651,ORG_W27767637,ORG_W27767637_T001,采购专员,PL_W27767637,0.0,verified
P05652,ORG_N14054997612,ORG_N14054997612_T001,销售代表,PL_W59244491,77.0,medium
P05653,ORG_W1504227413,ORG_W1504227413_T001,硕士研究生,PL_W1504227413,0.0,verified
P05654,ORG_UNRES_W272411673,ORG_UNRES_W272411673_T001,配送员,PL_W272411673,0.0,unresolved
P05655,ORG_N6584728941,ORG_N6584728941_T001,美容师,PL_N6584728941,0.0,verified
P05656,ORG_N4236540977,ORG_N4236540977_T001,部门经理,PL_W663870717,18.5,high
P05657,ORG_UNRES_W659548916,ORG_UNRES_W659548916_T001,独立承包商,PL_W659548916,0.0,unresolved
P05658,ORG_W97180148,ORG_W97180148_T001,酒店前台,PL_W97180148,0.0,verified
P05659,ORG_N11817815541,ORG_N11817815541_T001,采购经理,PL_W44076452,24.6,high
P05660,ORG_N1445999202,ORG_N1445999202_T001,餐厅服务员,PL_N1445999202,0.0,verified
P05661,ORG_W24008085,ORG_W24008085_T001,财务主管,PL_W677206975,5.3,high
P05662,ORG_N5184936108,ORG_N5184936108_T001,餐厅服务员,PL_N5184936108,0.0,verified
P05663,ORG_W659321750,ORG_W659321750_T001,快递员,PL_W659321750,0.0,verified
P05664,ORG_N12149933050,ORG_N12149933050_T001,HR经理,PL_W1004706295,5.4,high
P05665,ORG_UNRES_W55675297,ORG_UNRES_W55675297_T001,财务主管,PL_W55675297,0.0,unresolved
P05666,ORG_W34614474,ORG_W34614474_T001,设计师,PL_W34614474,0.0,verified
P05667,ORG_UNRES_W662442428,ORG_UNRES_W662442428_T001,客户经理,PL_W662442428,0.0,unresolved
P05668,ORG_N6558113016,ORG_N6558113016_T001,设计师,PL_W676111872,11.7,high
P05669,ORG_N1355683257,ORG_N1355683257_T001,美容师,PL_N1355683257,0.0,verified
P05670,ORG_UNRES_W33682061,ORG_UNRES_W33682061_T001,搬运工,PL_W33682061,0.0,unresolved
P05671,ORG_N10925027992,ORG_N10925027992_T001,咖啡师,PL_N10925027992,0.0,verified
P05672,ORG_W35155100,ORG_W35155100_T001,客服,PL_W35155100,0.0,verified
P05673,ORG_W122198743,ORG_W122198743_T001,数据分析师,PL_W122198736,8.7,high
P05674,ORG_UNRES_W1302155974,ORG_UNRES_W1302155974_T001,运营专员,PL_W1302155974,0.0,unresolved
P05675,ORG_N11281293717,ORG_N11281293717_T001,博士研究生,PL_N11281293717,0.0,verified
P05676,ORG_N5709288421,ORG_N5709288421_T001,理发师,PL_N5709288421,0.0,verified
P05677,ORG_N2904558721,ORG_N2904558721_T001,客户经理,PL_W662677604,53.5,medium
P05678,ORG_W661065753,ORG_W661065753_T001,酒店服务人员,PL_W661065753,0.0,verified
P05679,ORG_W180193897,ORG_W180193897_T001,采购经理,PL_W180193897,0.0,verified
P05680,ORG_W367638701,ORG_W367638701_T001,设计师,PL_W367638701,0.0,verified
P05681,ORG_W60304653,ORG_W60304653_T001,本科生,PL_W60304653,0.0,verified
P05682,ORG_N1518532024,ORG_N1518532024_T001,硕士研究生,PL_N1518532024,0.0,verified
P05683,ORG_N14020001312,ORG_N14020001312_T001,设计师,PL_W33037493,31.1,medium
P05684,ORG_UNRES_W33191773,ORG_UNRES_W33191773_T001,卡车司机,PL_W33191773,0.0,unresolved
P05685,ORG_UNRES_W56010229,ORG_UNRES_W56010229_T001,汽车技师,PL_W56010229,0.0,unresolved
P05686,ORG_N491599552,ORG_N491599552_T001,高级数据分析师,PL_W56057408,10.8,high
P05687,ORG_N2916190281,ORG_N2916190281_T001,收银员,PL_N2916190281,0.0,verified
P05688,ORG_UNRES_W34483673,ORG_UNRES_W34483673_T001,焊工,PL_W34483673,0.0,unresolved
P05689,ORG_W55218273,ORG_W55218273_T001,软件工程师,PL_W55218273,0.0,verified
P05690,ORG_N5709407522,ORG_N5709407522_T001,高级软件工程师,PL_W61698598,24.8,high
P05691,ORG_UNRES_W371248124,ORG_UNRES_W371248124_T001,会计,PL_W371248124,0.0,unresolved
P05692,ORG_W180193897,ORG_W180193897_T001,设计师,PL_W180193897,0.0,verified
P05693,ORG_W277313633,ORG_W277313633_T001,保安,PL_W277313633,0.0,verified
P05694,ORG_N4918124554,ORG_N4918124554_T001,翻译,PL_N4918124554,0.0,verified
P05695,ORG_UNRES_W703932825,ORG_UNRES_W703932825_T001,HR经理,PL_W703932825,0.0,unresolved
P05696,ORG_UNRES_W31616721,ORG_UNRES_W31616721_T001,自由设计师,PL_W31616721,0.0,unresolved
P05697,ORG_UNRES_W199291638,ORG_UNRES_W199291638_T001,仓库操作员,PL_W199291638,0.0,unresolved
P05698,ORG_N5166314124,ORG_N5166314124_T001,独立承包商,PL_N5166314124,0.0,verified
P05699,ORG_N4311475710,ORG_N4311475710_T001,软件工程师,PL_W662099818,77.7,medium
P05700,ORG_W28615554,ORG_W28615554_T001,运营专员,PL_W703598083,47.8,medium
P05701,ORG_N1142872979,ORG_N1142872979_T001,硕士研究生,PL_N1142872979,0.0,verified
P05702,ORG_UNRES_W32462594,ORG_UNRES_W32462594_T001,焊工,PL_W32462594,0.0,unresolved
P05703,ORG_N5069699921,ORG_N5069699921_T001,客户专员,PL_N5069699921,0.0,verified
P05704,ORG_N4461193464,ORG_N4461193464_T001,客户经理,PL_N4461193464,0.0,verified
P05705,ORG_W334483355,ORG_W334483355_T001,建筑工人,PL_W334483355,0.0,verified
P05706,ORG_W43807932,ORG_W43807932_T001,电工,PL_W1237867647,115.7,medium
P05707,ORG_UNRES_W58559253,ORG_UNRES_W58559253_T001,销售经理,PL_W58559253,0.0,unresolved
P05708,ORG_W797139368,ORG_W797139368_T001,保安,PL_W797139368,0.0,verified
P05709,ORG_W804374102,ORG_W804374102_T001,卡车司机,PL_W804374001,61.5,medium
P05710,ORG_N7195317392,ORG_N7195317392_T001,产品经理,PL_N7195317392,0.0,verified
P05711,ORG_W661193603,ORG_W661193603_T001,采购经理,PL_W661193603,0.0,verified
P05712,ORG_N803168349,ORG_N803168349_T001,销售经理,PL_W598637693,36.4,medium
P05713,ORG_N2926910904,ORG_N2926910904_T001,部门经理,PL_N2926910904,0.0,verified
P05714,ORG_UNRES_W34582302,ORG_UNRES_W34582302_T001,房产经纪,PL_W34582302,0.0,unresolved
P05715,ORG_N12087934219,ORG_N12087934219_T001,财务专员,PL_W1108418366,9.7,high
P05716,ORG_N6418658784,ORG_N6418658784_T001,财务主管,PL_N6418658784,0.0,verified
P05717,ORG_N1749586919,ORG_N1749586919_T001,理发师,PL_N1749586919,0.0,verified
P05718,ORG_UNRES_W165625450,ORG_UNRES_W165625450_T001,建筑工人,PL_W165625450,0.0,unresolved
P05719,ORG_W231773826,ORG_W231773826_T002,酒店前台,PL_W231773826,0.0,verified
P05720,ORG_N11136304053,ORG_N11136304053_T001,美容师,PL_N11136304053,0.0,verified
P05721,ORG_N5723546121,ORG_N5723546121_T001,咖啡师,PL_N5723546121,0.0,verified
P05722,ORG_UNRES_W31620091,ORG_UNRES_W31620091_T001,财务专员,PL_W31620091,0.0,unresolved
P05723,ORG_UNRES_W181032381,ORG_UNRES_W181032381_T001,销售经理,PL_W181032381,0.0,unresolved
P05724,ORG_W31366344,ORG_W31366344_T001,行政专员,PL_W31366344,0.0,verified
P05725,ORG_UNRES_W663826545,ORG_UNRES_W663826545_T001,销售经理,PL_W663826545,0.0,unresolved
P05726,ORG_W797150068,ORG_W797150068_T002,采购经理,PL_W1377658344,14.8,high
P05727,ORG_W61759776,ORG_W61759776_T001,本科生,PL_W61759776,0.0,verified
P05728,ORG_W97180145,ORG_W97180145_T001,高级软件工程师,PL_W97180145,0.0,verified
P05729,ORG_N14112280701,ORG_N14112280701_T001,自由销售,PL_N14112280701,0.0,verified
P05730,ORG_N7596808407,ORG_N7596808407_T001,咨询顾问,PL_N7596808407,0.0,verified
P05731,ORG_N598103108,ORG_N598103108_T001,独立程序员,PL_N598103108,0.0,verified
P05732,ORG_W38743637,ORG_W38743637_T001,HR经理,PL_W38743637,0.0,verified
P05733,ORG_UNRES_W660078366,ORG_UNRES_W660078366_T001,销售经理,PL_W660078366,0.0,unresolved
P05734,ORG_N13971346806,ORG_N13971346806_T001,区域经理,PL_W715194644,47.5,medium
P05735,ORG_W23447424,ORG_W23447424_T003,硕士研究生,PL_W23447424,0.0,verified
P05736,ORG_UNRES_W661314230,ORG_UNRES_W661314230_T001,产品经理,PL_W661314230,0.0,unresolved
P05737,ORG_N6348484106,ORG_N6348484106_T001,客服,PL_N6348484106,0.0,verified
P05738,ORG_N6382389300,ORG_N6382389300_T001,收银员,PL_N6382389300,0.0,verified
P05739,ORG_W1147510134,ORG_W1147510134_T001,收银员,PL_W1147510134,0.0,verified
P05740,ORG_UNRES_W58431316,ORG_UNRES_W58431316_T001,搬运工,PL_W58431316,0.0,unresolved
P05741,ORG_W179297875,ORG_W179297875_T002,酒店服务人员,PL_W179297875,0.0,verified
P05742,ORG_UNRES_W165788419,ORG_UNRES_W165788419_T001,设备操作员,PL_W165788419,0.0,unresolved
P05743,ORG_UNRES_W661314230,ORG_UNRES_W661314230_T001,采购专员,PL_W661314230,0.0,unresolved
P05744,ORG_W42890417,ORG_W42890417_T001,业务负责人,PL_W42890417,0.0,verified
P05745,ORG_UNRES_W661541402,ORG_UNRES_W661541402_T001,行政专员,PL_W661541402,0.0,unresolved
P05746,ORG_UNRES_W662150276,ORG_UNRES_W662150276_T001,高级运营专员,PL_W662150276,0.0,unresolved
P05747,ORG_N3495969098,ORG_N3495969098_T001,健身教练,PL_N3495969098,0.0,verified
P05748,ORG_N5632878215,ORG_N5632878215_T001,咖啡师,PL_N5632878215,0.0,verified
P05749,ORG_W61760382,ORG_W61760382_T001,HR经理,PL_W61760382,0.0,verified
P05750,ORG_N3743415436,ORG_N3743415436_T001,健身教练,PL_N3743415436,0.0,verified
P05751,ORG_W165789096,ORG_W165789096_T001,搬运工,PL_W58745955,103.2,medium
P05752,ORG_UNRES_W661035504,ORG_UNRES_W661035504_T001,设计师,PL_W661035504,0.0,unresolved
P05753,ORG_N11296430822,ORG_N11296430822_T001,收银员,PL_N11296430822,0.0,verified
P05754,ORG_UNRES_W660624564,ORG_UNRES_W660624564_T001,配送员,PL_W660624564,0.0,unresolved
P05755,ORG_UNRES_W663828896,ORG_UNRES_W663828896_T001,业务负责人,PL_W663828896,0.0,unresolved
P05756,ORG_N10271792634,ORG_N10271792634_T001,酒店服务人员,PL_N10271792634,0.0,verified
P05757,ORG_W1366234349,ORG_W1366234349_T001,电工,PL_W105516618,93.6,medium
P05758,ORG_UNRES_W661541443,ORG_UNRES_W661541443_T001,销售代表,PL_W661541443,0.0,unresolved
P05759,ORG_N5448475709,ORG_N5448475709_T001,人力资源经理,PL_N5448475709,0.0,verified
P05760,ORG_N7685208025,ORG_N7685208025_T001,咖啡师,PL_N7685208025,0.0,verified
P05761,ORG_N6419730380,ORG_N6419730380_T001,财务主管,PL_W953878382,54.4,medium
P05762,ORG_UNRES_W662776323,ORG_UNRES_W662776323_T001,安装工,PL_W662776323,0.0,unresolved
P05763,ORG_N6348392705,ORG_N6348392705_T001,技术经理,PL_W661292604,68.4,medium
P05764,ORG_N577454546,ORG_N577454546_T001,健身教练,PL_N577454546,0.0,verified
P05765,ORG_W258236803,ORG_W258236803_T001,配送员,PL_W258236803,0.0,verified
P05766,ORG_W61759777,ORG_W61759777_T002,产品经理,PL_W61759777,0.0,verified
P05767,ORG_N9538690029,ORG_N9538690029_T001,保安,PL_N9538690029,0.0,verified
P05768,ORG_N10995355823,ORG_N10995355823_T001,收银员,PL_N10995355823,0.0,verified
P05769,ORG_W27767642,ORG_W27767642_T001,客户专员,PL_W27767642,0.0,verified
P05770,ORG_N3930426866,ORG_N3930426866_T001,美容师,PL_N3930426876,20.5,high
P05771,ORG_N7570784647,ORG_N7570784647_T001,项目经理,PL_N7570784647,0.0,verified
P05772,ORG_UNRES_W34720497,ORG_UNRES_W34720497_T001,汽车技师,PL_W34720497,0.0,unresolved
P05773,ORG_UNRES_W661021443,ORG_UNRES_W661021443_T001,高级软件工程师,PL_W661021443,0.0,unresolved
P05774,ORG_W32540571,ORG_W32540571_T001,客户专员,PL_W32540571,0.0,verified
P05775,ORG_N6321380485,ORG_N6321380485_T001,理发师,PL_N6321380485,0.0,verified
P05776,ORG_N6328179207,ORG_N6328179207_T001,咖啡师,PL_N6328179207,0.0,verified
P05777,ORG_UNRES_W700221888,ORG_UNRES_W700221888_T001,房产经纪,PL_W700221888,0.0,unresolved
P05778,ORG_UNRES_W146416648,ORG_UNRES_W146416648_T001,高级软件工程师,PL_W146416648,0.0,unresolved
P05779,ORG_UNRES_W27630808,ORG_UNRES_W27630808_T001,独立程序员,PL_W27630808,0.0,unresolved
P05780,ORG_N10838172286,ORG_N10838172286_T001,设计师,PL_N10838172286,0.0,verified
P05781,ORG_W96975978,ORG_W96975978_T001,厨师,PL_W96975978,0.0,verified
P05782,ORG_N2816057538,ORG_N2816057538_T001,咖啡师,PL_N2816057538,0.0,verified
P05783,ORG_UNRES_W241163484,ORG_UNRES_W241163484_T001,软件工程师,PL_W241163484,0.0,unresolved
P05784,ORG_N9573757713,ORG_N9573757713_T001,采购经理,PL_W943602453,18.8,high
P05785,ORG_UNRES_W34516395,ORG_UNRES_W34516395_T001,电工,PL_W34516395,0.0,unresolved
P05786,ORG_UNRES_W243113645,ORG_UNRES_W243113645_T001,行政专员,PL_W243113645,0.0,unresolved
P05787,ORG_W27778414,ORG_W27778414_T002,酒店前台,PL_W27778414,0.0,verified
P05788,ORG_UNRES_W705881546,ORG_UNRES_W705881546_T001,自媒体从业者,PL_W705881546,0.0,unresolved
P05789,ORG_N13670266862,ORG_N13670266862_T001,硕士研究生,PL_N13670266862,0.0,verified
P05790,ORG_W231773826,ORG_W231773826_T001,酒店服务人员,PL_W231773826,0.0,verified
P05791,ORG_UNRES_W663052831,ORG_UNRES_W663052831_T001,客户经理,PL_W663052831,0.0,unresolved
P05792,ORG_UNRES_W657978765,ORG_UNRES_W657978765_T001,建筑工人,PL_W657978765,0.0,unresolved
P05793,ORG_N9140140338,ORG_N9140140338_T001,高级运营专员,PL_W661193374,30.8,medium
P05794,ORG_UNRES_W659588075,ORG_UNRES_W659588075_T001,销售经理,PL_W659588075,0.0,unresolved
P05795,ORG_UNRES_W1097603442,ORG_UNRES_W1097603442_T001,网店经营者,PL_W1097603442,0.0,unresolved
P05796,ORG_N7323173820,ORG_N7323173820_T001,高级数据分析师,PL_W61430317,1.1,high
P05797,ORG_N13142819761,ORG_N13142819761_T001,理发师,PL_N13142819761,0.0,verified
P05798,ORG_UNRES_W661950811,ORG_UNRES_W661950811_T001,设备操作员,PL_W661950811,0.0,unresolved
P05799,ORG_N11429918643,ORG_N11429918643_T001,咖啡师,PL_N11429918643,0.0,verified
P05800,ORG_UNRES_W129029299,ORG_UNRES_W129029299_T001,焊工,PL_W129029299,0.0,unresolved
P05801,ORG_UNRES_W659729479,ORG_UNRES_W659729479_T001,翻译,PL_W659729479,0.0,unresolved
P05802,ORG_W58849209,ORG_W58849209_T001,会计,PL_W670106659,94.6,medium
P05803,ORG_UNRES_W32610598,ORG_UNRES_W32610598_T001,卡车司机,PL_W32610598,0.0,unresolved
P05804,ORG_N13094910965,ORG_N13094910965_T001,咖啡师,PL_N13094910965,0.0,verified
P05805,ORG_N585226276,ORG_N585226276_T001,摄影师,PL_W146416316,23.4,high
P05806,ORG_W104945735,ORG_W104945735_T001,汽车技师,PL_W104945735,0.0,verified
P05807,ORG_UNRES_W659588030,ORG_UNRES_W659588030_T001,高级数据分析师,PL_W659588030,0.0,unresolved
P05808,ORG_W56473908,ORG_W56473908_T001,行政专员,PL_W34228021,70.4,medium
P05809,ORG_N4922145673,ORG_N4922145673_T001,美容师,PL_N4922145673,0.0,verified
P05810,ORG_W61759776,ORG_W61759776_T002,博士研究生,PL_W61759776,0.0,verified
P05811,ORG_UNRES_W316749838,ORG_UNRES_W316749838_T001,行政专员,PL_W316749838,0.0,unresolved
P05812,ORG_W161836042,ORG_W161836042_T001,客户专员,PL_W161836042,0.0,verified
P05813,ORG_W170018363,ORG_W170018363_T001,快递员,PL_W677206969,14.9,high
P05814,ORG_N4475759674,ORG_N4475759674_T001,餐厅服务员,PL_N4475759674,0.0,verified
P05815,ORG_W767414699,ORG_W767414699_T001,自媒体从业者,PL_W767414699,0.0,verified
P05816,ORG_N11136304055,ORG_N11136304055_T001,高级运营专员,PL_W1201445841,27.6,medium
P05817,ORG_UNRES_W66979778,ORG_UNRES_W66979778_T001,快递员,PL_W66979778,0.0,unresolved
P05818,ORG_N3860004442,ORG_N3860004442_T001,会计,PL_N3860004442,0.0,verified
P05819,ORG_W266686037,ORG_W266686037_T001,电工,PL_W266686037,0.0,verified
P05820,ORG_W34614474,ORG_W34614474_T001,HR经理,PL_W34614474,0.0,verified
P05821,ORG_W161110169,ORG_W161110169_T001,博士研究生,PL_W161110169,0.0,verified
P05822,ORG_UNRES_W93811229,ORG_UNRES_W93811229_T001,仓库操作员,PL_W93811229,0.0,unresolved
P05823,ORG_N6528691665,ORG_N6528691665_T001,产品经理,PL_N6528691665,0.0,verified
P05824,ORG_W23447424,ORG_W23447424_T002,博士研究生,PL_W23447424,0.0,verified
P05825,ORG_N7774898184,ORG_N7774898184_T001,保安,PL_N7774898184,0.0,verified
P05826,ORG_UNRES_W659587784,ORG_UNRES_W659587784_T001,财务专员,PL_W659587784,0.0,unresolved
P05827,ORG_UNRES_W659633469,ORG_UNRES_W659633469_T001,运营专员,PL_W659633469,0.0,unresolved
P05828,ORG_UNRES_W56238413,ORG_UNRES_W56238413_T001,维修技师,PL_W56238413,0.0,unresolved
P05829,ORG_W55031045,ORG_W55031045_T001,酒店前台,PL_W55031045,0.0,verified
P05830,ORG_UNRES_W658961714,ORG_UNRES_W658961714_T001,高级产品经理,PL_W658961714,0.0,unresolved
P05831,ORG_N12912579192,ORG_N12912579192_T001,本科生,PL_N12912579192,0.0,verified
P05832,ORG_N12912579192,ORG_N12912579192_T001,本科生,PL_N12912579192,0.0,verified
P05833,ORG_W174511485,ORG_W174511485_T001,健身教练,PL_W174511485,0.0,verified
P05834,ORG_W52430059,ORG_W52430059_T001,采购专员,PL_W52430059,0.0,verified
P05835,ORG_N13011543839,ORG_N13011543839_T001,健身教练,PL_N13011543839,0.0,verified
P05836,ORG_UNRES_W678759777,ORG_UNRES_W678759777_T001,财务专员,PL_W678759777,0.0,unresolved
P05837,ORG_N4720540131,ORG_N4720540131_T001,行政专员,PL_N4720540131,0.0,verified
P05838,ORG_N10087984338,ORG_N10087984338_T001,数据分析师,PL_W239024445,61.5,medium
P05839,ORG_N5069406422,ORG_N5069406422_T001,运营专员,PL_W61698931,39.3,medium
P05840,ORG_W27767637,ORG_W27767637_T001,房产经纪,PL_W27767637,0.0,verified
P05841,ORG_W96773158,ORG_W96773158_T001,酒店服务人员,PL_W96773158,0.0,verified
P05842,ORG_N392095506,ORG_N392095506_T001,咖啡师,PL_N392095506,0.0,verified
P05843,ORG_W24529292,ORG_W24529292_T001,客户经理,PL_W663868811,56.2,medium
P05844,ORG_UNRES_W33681916,ORG_UNRES_W33681916_T001,搬运工,PL_W33681916,0.0,unresolved
P05845,ORG_UNRES_W705844114,ORG_UNRES_W705844114_T001,项目经理,PL_W705844114,0.0,unresolved
P05846,ORG_N6584688078,ORG_N6584688078_T001,客服,PL_N6584688078,0.0,verified
P05847,ORG_N6549779029,ORG_N6549779029_T001,餐厅服务员,PL_N6549779029,0.0,verified
P05848,ORG_W55029942,ORG_W55029942_T001,高级运营专员,PL_W55029942,0.0,verified
P05849,ORG_UNRES_W661512487,ORG_UNRES_W661512487_T001,维修技师,PL_W661512487,0.0,unresolved
P05850,ORG_N12838400290,ORG_N12838400290_T001,高级软件工程师,PL_W286526500,55.1,medium
P05851,ORG_N6348433229,ORG_N6348433229_T001,咖啡师,PL_N6348433229,0.0,verified
P05852,ORG_N7751985864,ORG_N7751985864_T001,销售代表,PL_W31926230,7.6,high
P05853,ORG_N2158526657,ORG_N2158526657_T001,理发师,PL_N2158526657,0.0,verified
P05854,ORG_W657936359,ORG_W657936359_T001,汽车技师,PL_W657936357,61.0,medium
P05855,ORG_W161110169,ORG_W161110169_T001,本科生,PL_W161110169,0.0,verified
P05856,ORG_N12150092290,ORG_N12150092290_T001,理发师,PL_N12150092290,0.0,verified
P05857,ORG_N8613419932,ORG_N8613419932_T001,高级数据分析师,PL_W89636165,77.9,medium
P05858,ORG_N7351237773,ORG_N7351237773_T001,部门经理,PL_W58362433,74.5,medium
P05859,ORG_N2810401045,ORG_N2810401045_T001,独立承包商,PL_W804639102,41.9,medium
P05860,ORG_N1114112631,ORG_N1114112631_T001,销售代表,PL_N1114112631,0.0,verified
P05861,ORG_N12499266453,ORG_N12499266453_T001,翻译,PL_N12499266453,0.0,verified
P05862,ORG_UNRES_W661471840,ORG_UNRES_W661471840_T001,卡车司机,PL_W661471840,0.0,unresolved
P05863,ORG_UNRES_W796589700,ORG_UNRES_W796589700_T001,销售代表,PL_W796589700,0.0,unresolved
P05864,ORG_UNRES_W906371916,ORG_UNRES_W906371916_T001,卡车司机,PL_W906371916,0.0,unresolved
P05865,ORG_W44076451,ORG_W44076451_T001,酒店服务人员,PL_W44076451,0.0,verified
P05866,ORG_N10728242789,ORG_N10728242789_T001,采购专员,PL_N10728242789,0.0,verified
P05867,ORG_UNRES_W66979824,ORG_UNRES_W66979824_T001,快递员,PL_W66979824,0.0,unresolved
P05868,ORG_N6561482348,ORG_N6561482348_T001,自由设计师,PL_N6561482348,0.0,verified
P05869,ORG_W58559273,ORG_W58559273_T001,财务主管,PL_W58559277,64.7,medium
P05870,ORG_N5445754336,ORG_N5445754336_T001,软件工程师,PL_W679142315,8.0,high
P05871,ORG_UNRES_W43807126,ORG_UNRES_W43807126_T001,自媒体从业者,PL_W43807126,0.0,unresolved
P05872,ORG_N6662840573,ORG_N6662840573_T001,零售店员,PL_N6662840573,0.0,verified
P05873,ORG_N7707090345,ORG_N7707090345_T001,设计师,PL_N7707090345,0.0,verified
P05874,ORG_UNRES_W991389119,ORG_UNRES_W991389119_T001,项目经理,PL_W991389119,0.0,unresolved
P05875,ORG_W61430204,ORG_W61430204_T001,HR经理,PL_W61430204,0.0,verified
P05876,ORG_UNRES_W661920843,ORG_UNRES_W661920843_T001,翻译,PL_W661920843,0.0,unresolved
P05877,ORG_N10977886210,ORG_N10977886210_T001,硕士研究生,PL_N10977886210,0.0,verified
P05878,ORG_N10537982829,ORG_N10537982829_T001,项目经理,PL_W31451804,46.0,medium
P05879,ORG_W805394932,ORG_W805394932_T001,设计师,PL_W796653489,23.9,high
P05880,ORG_W625769152,ORG_W625769152_T001,健身教练,PL_W625769152,0.0,verified
P05881,ORG_N9511069391,ORG_N9511069391_T001,项目经理,PL_N9511069391,0.0,verified
P05882,ORG_W659094218,ORG_W659094218_T001,房产经纪,PL_W1259404076,46.8,medium
P05883,ORG_W31620620,ORG_W31620620_T001,高级产品经理,PL_W31620620,0.0,verified
P05884,ORG_N2485279202,ORG_N2485279202_T001,房产经纪,PL_W111661858,11.6,high
P05885,ORG_N6359447137,ORG_N6359447137_T001,高级软件工程师,PL_W659629218,24.0,high
P05886,ORG_N4635759005,ORG_N4635759005_T001,餐厅服务员,PL_N4635759005,0.0,verified
P05887,ORG_UNRES_W60448443,ORG_UNRES_W60448443_T001,搬运工,PL_W60448443,0.0,unresolved
P05888,ORG_UNRES_W34546253,ORG_UNRES_W34546253_T001,搬运工,PL_W34546253,0.0,unresolved
P05889,ORG_N11164128243,ORG_N11164128243_T001,项目经理,PL_N11164128243,0.0,verified
P05890,ORG_N6547917547,ORG_N6547917547_T001,健身教练,PL_N6547917547,0.0,verified
P05891,ORG_W797150068,ORG_W797150068_T002,房产经纪,PL_W1377658343,21.3,high
P05892,ORG_N8639212414,ORG_N8639212414_T001,健身教练,PL_N8639212414,0.0,verified
P05893,ORG_N599896656,ORG_N599896656_T001,客服,PL_N599896656,0.0,verified
P05894,ORG_W241020327,ORG_W241020327_T002,酒店服务人员,PL_W241020327,0.0,verified
P05895,ORG_W28596077,ORG_W28596077_T001,客服,PL_W28596077,0.0,verified
P05896,ORG_UNRES_W55055009,ORG_UNRES_W55055009_T001,搬运工,PL_W55055009,0.0,unresolved
P05897,ORG_W41949958,ORG_W41949958_T001,运营专员,PL_W41949958,0.0,verified
P05898,ORG_N14020001312,ORG_N14020001312_T001,财务专员,PL_N14020001312,0.0,verified
P05899,ORG_W660081324,ORG_W660081324_T001,数据分析师,PL_W971037898,6.0,high
P05900,ORG_N6554841589,ORG_N6554841589_T001,HR经理,PL_N6554841589,0.0,verified
P05901,ORG_N13071856886,ORG_N13071856886_T001,运营专员,PL_N13071856886,0.0,verified
P05902,ORG_N2681580824,ORG_N2681580824_T001,硕士研究生,PL_N2681580824,0.0,verified
P05903,ORG_N11115201179,ORG_N11115201179_T001,本科生,PL_N11115201179,0.0,verified
P05904,ORG_N2790415032,ORG_N2790415032_T001,客户经理,PL_W32326392,67.0,medium
P05905,ORG_UNRES_W703752568,ORG_UNRES_W703752568_T001,电工,PL_W703752568,0.0,unresolved
P05906,ORG_N6201102927,ORG_N6201102927_T001,咖啡师,PL_N6201102927,0.0,verified
P05907,ORG_UNRES_W1253685252,ORG_UNRES_W1253685252_T001,自由设计师,PL_W1253685252,0.0,unresolved
P05908,ORG_UNRES_W31363991,ORG_UNRES_W31363991_T001,设计师,PL_W31363991,0.0,unresolved
P05909,ORG_N4563405042,ORG_N4563405042_T001,运营专员,PL_N4563405042,0.0,verified
P05910,ORG_UNRES_W180683118,ORG_UNRES_W180683118_T001,客户经理,PL_W180683118,0.0,unresolved
P05911,ORG_W1502659706,ORG_W1502659706_T001,本科生,PL_W1502659706,0.0,verified
P05912,ORG_UNRES_W662257868,ORG_UNRES_W662257868_T001,房产经纪,PL_W662257868,0.0,unresolved
P05913,ORG_N6340988718,ORG_N6340988718_T001,会计,PL_W658961513,1.3,high
P05914,ORG_N6355104083,ORG_N6355104083_T001,餐厅服务员,PL_N6355104083,0.0,verified
P05915,ORG_UNRES_W31620091,ORG_UNRES_W31620091_T001,HR经理,PL_W31620091,0.0,unresolved
P05916,ORG_W15396822,ORG_W15396822_T001,硕士研究生,PL_W15396822,0.0,verified
P05917,ORG_UNRES_W660569108,ORG_UNRES_W660569108_T001,翻译,PL_W660569108,0.0,unresolved
P05918,ORG_UNRES_W34122101,ORG_UNRES_W34122101_T001,软件工程师,PL_W34122101,0.0,unresolved
P05919,ORG_UNRES_W705555912,ORG_UNRES_W705555912_T001,采购经理,PL_W705555912,0.0,unresolved
P05920,ORG_N12290694708,ORG_N12290694708_T001,行政专员,PL_N12290694708,0.0,verified
P05921,ORG_W111661581,ORG_W111661581_T001,数据分析师,PL_W111661581,0.0,verified
P05922,ORG_N13302058228,ORG_N13302058228_T001,HR经理,PL_N13302058228,0.0,verified
P05923,ORG_W15396822,ORG_W15396822_T001,博士研究生,PL_W15396822,0.0,verified
P05924,ORG_W659094218,ORG_W659094218_T001,会计,PL_W1259404076,46.8,medium
P05925,ORG_N12996234419,ORG_N12996234419_T001,高级数据分析师,PL_N12996234419,0.0,verified
P05926,ORG_N14047499906,ORG_N14047499906_T001,咖啡师,PL_N14047499906,0.0,verified
P05927,ORG_N6593325671,ORG_N6593325671_T001,保安,PL_N6593325671,0.0,verified
P05928,ORG_UNRES_W34721373,ORG_UNRES_W34721373_T001,建筑工人,PL_W34721373,0.0,unresolved
P05929,ORG_UNRES_W657936302,ORG_UNRES_W657936302_T001,卡车司机,PL_W657936302,0.0,unresolved
P05930,ORG_N13894632666,ORG_N13894632666_T001,运营经理,PL_N13894632666,0.0,verified
P05931,ORG_N11072183535,ORG_N11072183535_T001,咖啡师,PL_N11072183535,0.0,verified
P05932,ORG_W13405060,ORG_W13405060_T001,财务主管,PL_W13405060,0.0,verified
P05933,ORG_N11711526152,ORG_N11711526152_T001,摄影师,PL_N11711526152,0.0,verified
P05934,ORG_N6341503886,ORG_N6341503886_T001,理发师,PL_N6341503886,0.0,verified
P05935,ORG_UNRES_W33564012,ORG_UNRES_W33564012_T001,自媒体从业者,PL_W33564012,0.0,unresolved
P05936,ORG_UNRES_W706192711,ORG_UNRES_W706192711_T001,独立承包商,PL_W706192711,0.0,unresolved
P05937,ORG_UNRES_W662257868,ORG_UNRES_W662257868_T001,高级数据分析师,PL_W662257868,0.0,unresolved
P05938,ORG_UNRES_W660817961,ORG_UNRES_W660817961_T001,独立程序员,PL_W660817961,0.0,unresolved
P05939,ORG_UNRES_W702537549,ORG_UNRES_W702537549_T001,本科生,PL_W702537549,0.0,unresolved
P05940,ORG_N6418684808,ORG_N6418684808_T001,产品经理,PL_N6418684808,0.0,verified
P05941,ORG_N12863386069,ORG_N12863386069_T001,酒店服务人员,PL_N12863386069,0.0,verified
P05942,ORG_W943701267,ORG_W943701267_T002,项目经理,PL_W943701267,0.0,verified
P05943,ORG_W33562386,ORG_W33562386_T001,酒店前台,PL_W33562386,0.0,verified
P05944,ORG_N11433394296,ORG_N11433394296_T001,摄影师,PL_N11433394296,0.0,verified
P05945,ORG_W174674654,ORG_W174674654_T001,酒店前台,PL_W174674654,0.0,verified
P05946,ORG_UNRES_W659588095,ORG_UNRES_W659588095_T001,高级软件工程师,PL_W659588095,0.0,unresolved
P05947,ORG_W27767637,ORG_W27767637_T001,产品经理,PL_W27767637,0.0,verified
P05948,ORG_N13717403119,ORG_N13717403119_T001,数据分析师,PL_N13717403119,0.0,verified
P05949,ORG_W179297875,ORG_W179297875_T001,酒店服务人员,PL_W179297875,0.0,verified
P05950,ORG_W79880294,ORG_W79880294_T001,数据分析师,PL_W79880294,0.0,verified
P05951,ORG_UNRES_W662259383,ORG_UNRES_W662259383_T001,高级数据分析师,PL_W662259383,0.0,unresolved
P05952,ORG_UNRES_W969650893,ORG_UNRES_W969650893_T001,设备操作员,PL_W969650893,0.0,unresolved
P05953,ORG_N7650657932,ORG_N7650657932_T001,项目经理,PL_N7650657932,0.0,verified
P05954,ORG_W80378604,ORG_W80378604_T001,行政专员,PL_W80378604,0.0,verified
P05955,ORG_W170093318,ORG_W170093318_T001,高级数据分析师,PL_W170093318,0.0,verified
P05956,ORG_N5297381764,ORG_N5297381764_T001,设计师,PL_N5297381764,0.0,verified
P05957,ORG_W23447424,ORG_W23447424_T002,硕士研究生,PL_W23447424,0.0,verified
P05958,ORG_N9008123304,ORG_N9008123304_T001,健身教练,PL_N9008123304,0.0,verified
P05959,ORG_UNRES_W33543299,ORG_UNRES_W33543299_T001,房产经纪,PL_W33543299,0.0,unresolved
P05960,ORG_N11933992411,ORG_N11933992411_T001,高级软件工程师,PL_N11933992411,0.0,verified
P05961,ORG_UNRES_W659441216,ORG_UNRES_W659441216_T001,搬运工,PL_W659441216,0.0,unresolved
P05962,ORG_N11306913945,ORG_N11306913945_T001,房产经纪,PL_N11306913945,0.0,verified
P05963,ORG_UNRES_W704594308,ORG_UNRES_W704594308_T001,软件工程师,PL_W704594308,0.0,unresolved
P05964,ORG_W1540356416,ORG_W1540356416_T001,本科生,PL_W1540356416,0.0,verified
P05965,ORG_UNRES_W677770984,ORG_UNRES_W677770984_T001,高级运营专员,PL_W677770984,0.0,unresolved
P05966,ORG_W58869672,ORG_W58869672_T001,采购专员,PL_W669604298,19.9,high
P05967,ORG_N6304072706,ORG_N6304072706_T001,美容师,PL_N6304072706,0.0,verified
P05968,ORG_W62256154,ORG_W62256154_T001,厨师,PL_W62256154,0.0,verified
P05969,ORG_UNRES_W661950844,ORG_UNRES_W661950844_T001,焊工,PL_W661950844,0.0,unresolved
P05970,ORG_N7857193347,ORG_N7857193347_T001,财务专员,PL_W111082647,9.3,high
P05971,ORG_N3764071616,ORG_N3764071616_T001,客户专员,PL_N3764071616,0.0,verified
P05972,ORG_UNRES_W31619976,ORG_UNRES_W31619976_T001,网店经营者,PL_W31619976,0.0,unresolved
P05973,ORG_N1125532862,ORG_N1125532862_T002,设计师,PL_W660624564,29.5,medium
P05974,ORG_N4330043332,ORG_N4330043332_T001,客户经理,PL_N4330043332,0.0,verified
P05975,ORG_UNRES_W34517019,ORG_UNRES_W34517019_T001,安装工,PL_W34517019,0.0,unresolved
P05976,ORG_W58562386,ORG_W58562386_T001,酒店前台,PL_W58562386,0.0,verified
P05977,ORG_UNRES_W32507328,ORG_UNRES_W32507328_T001,自媒体从业者,PL_W32507328,0.0,unresolved
P05978,ORG_W168876332,ORG_W168876332_T001,酒店前台,PL_W168876332,0.0,verified
P05979,ORG_UNRES_W659599770,ORG_UNRES_W659599770_T001,仓库操作员,PL_W659599770,0.0,unresolved
P05980,ORG_N12819212196,ORG_N12819212196_T001,博士研究生,PL_N12819212196,0.0,verified
P05981,ORG_UNRES_W31620395,ORG_UNRES_W31620395_T001,行政专员,PL_W31620395,0.0,unresolved
P05982,ORG_UNRES_W32596506,ORG_UNRES_W32596506_T001,电工,PL_W32596506,0.0,unresolved
P05983,ORG_UNRES_W660346989,ORG_UNRES_W660346989_T001,自由销售,PL_W660346989,0.0,unresolved
P05984,ORG_W205717232,ORG_W205717232_T001,收银员,PL_W205717232,0.0,verified
P05985,ORG_N11774144079,ORG_N11774144079_T001,客服,PL_N11774144079,0.0,verified
P05986,ORG_N3718745054,ORG_N3718745054_T001,独立承包商,PL_N3718745054,0.0,verified
P05987,ORG_W271775947,ORG_W271775947_T001,咨询顾问,PL_W271775947,0.0,verified
P05988,ORG_W60230152,ORG_W60230152_T001,销售代表,PL_W60230152,0.0,verified
P05989,ORG_N401521720,ORG_N401521720_T001,本科生,PL_N401521720,0.0,verified
P05990,ORG_N14084028893,ORG_N14084028893_T001,采购经理,PL_W669794349,86.2,medium
P05991,ORG_N6509946331,ORG_N6509946331_T001,客服,PL_N6509946331,0.0,verified
P05992,ORG_W661812361,ORG_W661812361_T001,客服,PL_W661812361,0.0,verified
P05993,ORG_UNRES_W705507610,ORG_UNRES_W705507610_T001,财务专员,PL_W705507610,0.0,unresolved
P05994,ORG_W67141627,ORG_W67141627_T001,高级软件工程师,PL_W67141627,0.0,verified
P05995,ORG_W142739261,ORG_W142739261_T001,客户专员,PL_W142739261,0.0,verified
P05996,ORG_UNRES_W906401690,ORG_UNRES_W906401690_T001,设备操作员,PL_W906401690,0.0,unresolved
P05997,ORG_UNRES_W1545155846,ORG_UNRES_W1545155846_T001,设计师,PL_W1545155846,0.0,unresolved
P05998,ORG_W1066266065,ORG_W1066266065_T001,HR经理,PL_W1066266065,0.0,verified
P05999,ORG_N12325787221,ORG_N12325787221_T001,运营专员,PL_W664651899,58.0,medium
P06000,ORG_UNRES_W34551374,ORG_UNRES_W34551374_T001,焊工,PL_W34551374,0.0,unresolved
P06001,ORG_UNRES_W334623323,ORG_UNRES_W334623323_T001,搬运工,PL_W334623323,0.0,unresolved
P06002,ORG_UNRES_W31619934,ORG_UNRES_W31619934_T001,运营专员,PL_W31619934,0.0,unresolved
P06003,ORG_W150494721,ORG_W150494721_T001,财务专员,PL_W150494721,0.0,verified
P06004,ORG_W27767640,ORG_W27767640_T001,厨师,PL_W27767640,0.0,verified
P06005,ORG_UNRES_W36791501,ORG_UNRES_W36791501_T001,独立承包商,PL_W36791501,0.0,unresolved
P06006,ORG_UNRES_W704945381,ORG_UNRES_W704945381_T001,汽车技师,PL_W704945381,0.0,unresolved
P06007,ORG_N12825997767,ORG_N12825997767_T001,理发师,PL_N12825997767,0.0,verified
P06008,ORG_UNRES_W663826503,ORG_UNRES_W663826503_T001,行政专员,PL_W663826503,0.0,unresolved
P06009,ORG_N13028454919,ORG_N13028454919_T001,咖啡师,PL_N13028454919,0.0,verified
P06010,ORG_UNRES_W659581421,ORG_UNRES_W659581421_T001,会计,PL_W659581421,0.0,unresolved
P06011,ORG_UNRES_W29512399,ORG_UNRES_W29512399_T001,行政专员,PL_W29512399,0.0,unresolved
P06012,ORG_N2856305706,ORG_N2856305706_T001,行政专员,PL_W677477572,71.7,medium
P06013,ORG_W220416373,ORG_W220416373_T001,网店经营者,PL_W62057338,54.0,medium
P06014,ORG_UNRES_W34414593,ORG_UNRES_W34414593_T001,建筑工人,PL_W34414593,0.0,unresolved
P06015,ORG_UNRES_W662766980,ORG_UNRES_W662766980_T001,软件工程师,PL_W662766980,0.0,unresolved
P06016,ORG_N2679686788,ORG_N2679686788_T001,客服,PL_N2679686788,0.0,verified
P06017,ORG_W58431318,ORG_W58431318_T001,汽车技师,PL_W659581414,91.2,medium
P06018,ORG_W144942369,ORG_W144942369_T001,酒店前台,PL_W144942369,0.0,verified
P06019,ORG_N6294585160,ORG_N6294585160_T001,美容师,PL_N6294585160,0.0,verified
P06020,ORG_N8641635844,ORG_N8641635844_T001,客服,PL_N8641635844,0.0,verified
P06021,ORG_W23447424,ORG_W23447424_T001,本科生,PL_W23447424,0.0,verified
P06022,ORG_UNRES_W704229386,ORG_UNRES_W704229386_T001,财务专员,PL_W704229386,0.0,unresolved
P06023,ORG_N1142872979,ORG_N1142872979_T001,硕士研究生,PL_N1142872979,0.0,verified
P06024,ORG_UNRES_W134818613,ORG_UNRES_W134818613_T001,财务主管,PL_W134818613,0.0,unresolved
P06025,ORG_N10906420648,ORG_N10906420648_T001,翻译,PL_N10906420648,0.0,verified
P06026,ORG_W1502657605,ORG_W1502657605_T001,硕士研究生,PL_W1502657605,0.0,verified
P06027,ORG_UNRES_W877660793,ORG_UNRES_W877660793_T001,采购专员,PL_W877660793,0.0,unresolved
P06028,ORG_N6310065825,ORG_N6310065825_T001,数据分析师,PL_N6310065825,0.0,verified
P06029,ORG_N4632642722,ORG_N4632642722_T001,独立承包商,PL_W32773281,6.2,high
P06030,ORG_UNRES_W676415515,ORG_UNRES_W676415515_T001,销售代表,PL_W676415515,0.0,unresolved
P06031,ORG_N387792400,ORG_N387792400_T001,保安,PL_N387792400,0.0,verified
P06032,ORG_W42333323,ORG_W42333323_T001,高级软件工程师,PL_W42333323,0.0,verified
P06033,ORG_N3993978957,ORG_N3993978957_T001,数据分析师,PL_N3993978957,0.0,verified
P06034,ORG_N6353245389,ORG_N6353245389_T001,摄影师,PL_N6353245389,0.0,verified
P06035,ORG_W1042084198,ORG_W1042084198_T001,客服,PL_W1042084198,0.0,verified
P06036,ORG_W201195209,ORG_W201195209_T001,收银员,PL_W201195209,0.0,verified
P06037,ORG_UNRES_W661951688,ORG_UNRES_W661951688_T001,仓库操作员,PL_W661951688,0.0,unresolved
P06038,ORG_W58567284,ORG_W58567284_T001,安装工,PL_W58567257,22.5,high
P06039,ORG_UNRES_W404584613,ORG_UNRES_W404584613_T001,焊工,PL_W404584613,0.0,unresolved
P06040,ORG_N8550950821,ORG_N8550950821_T001,数据分析师,PL_W61759778,10.7,high
P06041,ORG_N12859338392,ORG_N12859338392_T001,收银员,PL_N12859338392,0.0,verified
P06042,ORG_W55031878,ORG_W55031878_T001,财务主管,PL_W55031878,0.0,verified
P06043,ORG_W33570228,ORG_W33570228_T001,行政专员,PL_W33570228,0.0,verified
P06044,ORG_UNRES_W42472531,ORG_UNRES_W42472531_T001,翻译,PL_W42472531,0.0,unresolved
P06045,ORG_N3427220969,ORG_N3427220969_T001,餐厅服务员,PL_N3427220969,0.0,verified
P06046,ORG_N605209089,ORG_N605209089_T001,独立承包商,PL_N605209089,0.0,verified
P06047,ORG_UNRES_W704634889,ORG_UNRES_W704634889_T001,安装工,PL_W704634889,0.0,unresolved
P06048,ORG_W61511473,ORG_W61511473_T001,保安,PL_W61511473,0.0,verified
P06049,ORG_W61430204,ORG_W61430204_T001,配送员,PL_W61430204,0.0,verified
P06050,ORG_UNRES_W658487099,ORG_UNRES_W658487099_T001,搬运工,PL_W658487099,0.0,unresolved
P06051,ORG_W469583454,ORG_W469583454_T001,本科生,PL_W469583454,0.0,verified
P06052,ORG_N6424404080,ORG_N6424404080_T001,摄影师,PL_W659629200,10.1,high
P06053,ORG_N3329242025,ORG_N3329242025_T001,收银员,PL_N3329242025,0.0,verified
P06054,ORG_N5457575924,ORG_N5457575924_T001,软件工程师,PL_N5457575924,0.0,verified
P06055,ORG_N2904816566,ORG_N2904816566_T001,高级软件工程师,PL_N2904816566,0.0,verified
P06056,ORG_UNRES_W661251278,ORG_UNRES_W661251278_T001,建筑工人,PL_W661251278,0.0,unresolved
P06057,ORG_N12810759206,ORG_N12810759206_T001,客户专员,PL_N12810759206,0.0,verified
P06058,ORG_N7707323696,ORG_N7707323696_T001,厨师,PL_N7707323696,0.0,verified
P06059,ORG_W59036010,ORG_W59036010_T001,房产经纪,PL_W59036010,0.0,verified
P06060,ORG_N11961730316,ORG_N11961730316_T001,产品经理,PL_W661078033,5.3,high
P06061,ORG_N2607408279,ORG_N2607408279_T001,零售店员,PL_N2607408279,0.0,verified
P06062,ORG_W35155100,ORG_W35155100_T001,酒店前台,PL_W35155100,0.0,verified
P06063,ORG_W61759776,ORG_W61759776_T002,硕士研究生,PL_W61759776,0.0,verified
P06064,ORG_W143654375,ORG_W143654375_T001,客户专员,PL_W143654375,0.0,verified
P06065,ORG_N400989641,ORG_N400989641_T001,美容师,PL_N400989641,0.0,verified
P06066,ORG_UNRES_W42472531,ORG_UNRES_W42472531_T001,网店经营者,PL_W42472531,0.0,unresolved
P06067,ORG_UNRES_W704997215,ORG_UNRES_W704997215_T001,项目经理,PL_W704997215,0.0,unresolved
P06068,ORG_W231980574,ORG_W231980574_T001,咖啡师,PL_W231980574,0.0,verified
P06069,ORG_N2159450935,ORG_N2159450935_T001,财务经理,PL_N2159450935,0.0,verified
P06070,ORG_W62202665,ORG_W62202665_T001,项目经理,PL_W62202665,0.0,verified
P06071,ORG_W257053580,ORG_W257053580_T001,高级软件工程师,PL_W257053580,0.0,verified
P06072,ORG_W56123389,ORG_W56123389_T001,自由设计师,PL_W56123389,0.0,verified
P06073,ORG_W112758549,ORG_W112758549_T001,高级运营专员,PL_W669998771,22.1,high
P06074,ORG_N9376637799,ORG_N9376637799_T001,本科生,PL_N9376637799,0.0,verified
P06075,ORG_N3262703856,ORG_N3262703856_T001,健身教练,PL_N3262703856,0.0,verified
P06076,ORG_UNRES_W1013431155,ORG_UNRES_W1013431155_T001,翻译,PL_W1013431155,0.0,unresolved
P06077,ORG_N4995440147,ORG_N4995440147_T001,会计,PL_N4995440147,0.0,verified
P06078,ORG_N12086491083,ORG_N12086491083_T001,独立承包商,PL_N12086491083,0.0,verified
P06079,ORG_N12978886383,ORG_N12978886383_T001,理发师,PL_N12978886384,24.8,high
P06080,ORG_W122205423,ORG_W122205423_T001,设计师,PL_W122205423,0.0,verified
P06081,ORG_N10786415133,ORG_N10786415133_T001,项目经理,PL_N10786415133,0.0,verified
P06082,ORG_W702100748,ORG_W702100748_T001,硕士研究生,PL_W702100748,0.0,verified
P06083,ORG_N10220344612,ORG_N10220344612_T001,财务主管,PL_W43805331,56.7,medium
P06084,ORG_UNRES_W660348533,ORG_UNRES_W660348533_T001,摄影师,PL_W660348533,0.0,unresolved
P06085,ORG_W584972654,ORG_W584972654_T001,理发师,PL_W584972654,0.0,verified
P06086,ORG_N7195309578,ORG_N7195309578_T001,摄影师,PL_N7195309578,0.0,verified
P06087,ORG_W62256154,ORG_W62256154_T001,酒店前台,PL_W62256154,0.0,verified
P06088,ORG_UNRES_W34546205,ORG_UNRES_W34546205_T001,设备操作员,PL_W34546205,0.0,unresolved
P06089,ORG_W61511473,ORG_W61511473_T001,酒店服务人员,PL_W61511473,0.0,verified
P06090,ORG_W43125814,ORG_W43125814_T001,数据分析师,PL_W43125814,0.0,verified
P06091,ORG_N6306326489,ORG_N6306326489_T001,财务专员,PL_N6306326489,0.0,verified
P06092,ORG_N13719638635,ORG_N13719638635_T001,行政专员,PL_W662097486,17.5,high
P06093,ORG_N11704668239,ORG_N11704668239_T001,HR经理,PL_N11704668239,0.0,verified
P06094,ORG_W805391913,ORG_W805391913_T001,运营专员,PL_W805391913,0.0,verified
P06095,ORG_N575245006,ORG_N575245006_T001,零售店员,PL_N575245006,0.0,verified
P06096,ORG_W90055931,ORG_W90055931_T001,项目经理,PL_W56009253,37.2,medium
P06097,ORG_N3007175447,ORG_N3007175447_T001,销售经理,PL_W953878382,48.2,medium
P06098,ORG_UNRES_W662213143,ORG_UNRES_W662213143_T001,行政专员,PL_W662213143,0.0,unresolved
P06099,ORG_UNRES_W59248729,ORG_UNRES_W59248729_T001,配送员,PL_W59248729,0.0,unresolved
P06100,ORG_N383179943,ORG_N383179943_T001,零售店员,PL_N383179943,0.0,verified
P06101,ORG_N6712340468,ORG_N6712340468_T001,餐厅服务员,PL_N6712340468,0.0,verified
P06102,ORG_UNRES_W706192712,ORG_UNRES_W706192712_T001,咨询顾问,PL_W706192712,0.0,unresolved
P06103,ORG_UNRES_W943602453,ORG_UNRES_W943602453_T001,配送员,PL_W943602453,0.0,unresolved
P06104,ORG_N7009937516,ORG_N7009937516_T001,健身教练,PL_N7009937516,0.0,verified
P06105,ORG_N6568182609,ORG_N6568182609_T001,美容师,PL_N6568182609,0.0,verified
P06106,ORG_N6545684813,ORG_N6545684813_T001,客户经理,PL_N6545684813,0.0,verified
P06107,ORG_N13374576838,ORG_N13374576838_T001,客服,PL_N13374576838,0.0,verified
P06108,ORG_UNRES_W795953855,ORG_UNRES_W795953855_T001,快递员,PL_W795953855,0.0,unresolved
P06109,ORG_N7751703062,ORG_N7751703062_T001,厨师,PL_N7751703062,0.0,verified
P06110,ORG_W61014137,ORG_W61014137_T002,酒店前台,PL_W61014137,0.0,verified
P06111,ORG_UNRES_W335899654,ORG_UNRES_W335899654_T001,独立承包商,PL_W335899654,0.0,unresolved
P06112,ORG_UNRES_W706078563,ORG_UNRES_W706078563_T001,网店经营者,PL_W706078563,0.0,unresolved
P06113,ORG_UNRES_W661314230,ORG_UNRES_W661314230_T001,财务经理,PL_W661314230,0.0,unresolved
P06114,ORG_N13962894528,ORG_N13962894528_T001,餐厅服务员,PL_N13962894528,0.0,verified
P06115,ORG_W62058577,ORG_W62058577_T001,运营专员,PL_W62058577,0.0,verified
P06116,ORG_W32742026,ORG_W32742026_T001,厨师,PL_W32742026,0.0,verified
P06117,ORG_UNRES_W35836410,ORG_UNRES_W35836410_T001,自媒体从业者,PL_W35836410,0.0,unresolved
P06118,ORG_W104945732,ORG_W104945732_T001,设计师,PL_W104945732,0.0,verified
P06119,ORG_N7759217331,ORG_N7759217331_T001,房产经纪,PL_N7759217331,0.0,verified
P06120,ORG_UNRES_W706078542,ORG_UNRES_W706078542_T001,独立程序员,PL_W706078542,0.0,unresolved
P06121,ORG_N9132860600,ORG_N9132860600_T001,财务专员,PL_N9132860600,0.0,verified
P06122,ORG_UNRES_W659587796,ORG_UNRES_W659587796_T001,采购专员,PL_W659587796,0.0,unresolved
P06123,ORG_W33013888,ORG_W33013888_T001,硕士研究生,PL_W33013888,0.0,verified
P06124,ORG_N7553853679,ORG_N7553853679_T001,零售店员,PL_N7553853679,0.0,verified
P06125,ORG_N7881335020,ORG_N7881335020_T001,技术经理,PL_W663827277,7.9,high
P06126,ORG_N13648921028,ORG_N13648921028_T001,自媒体从业者,PL_N13648921028,0.0,verified
P06127,ORG_N12941620211,ORG_N12941620211_T001,房产经纪,PL_W56437582,2.8,high
P06128,ORG_W22914034,ORG_W22914034_T001,运营专员,PL_W22914034,0.0,verified
P06129,ORG_W300884213,ORG_W300884213_T001,行政专员,PL_W300884213,0.0,verified
P06130,ORG_W42472536,ORG_W42472536_T001,财务专员,PL_W42472536,0.0,verified
P06131,ORG_UNRES_W67132136,ORG_UNRES_W67132136_T001,数据分析师,PL_W67132136,0.0,unresolved
P06132,ORG_N13628433773,ORG_N13628433773_T001,行政专员,PL_W679142320,48.3,medium
P06133,ORG_W58869396,ORG_W58869396_T001,维修技师,PL_W58869437,35.1,medium
P06134,ORG_W657935898,ORG_W657935898_T001,汽车技师,PL_W657935859,69.1,medium
P06135,ORG_W1504225085,ORG_W1504225085_T001,本科生,PL_W1504225085,0.0,verified
P06136,ORG_W804454883,ORG_W804454883_T001,软件工程师,PL_W60609247,95.8,medium
P06137,ORG_UNRES_W188119228,ORG_UNRES_W188119228_T001,采购专员,PL_W188119228,0.0,unresolved
P06138,ORG_UNRES_W32605072,ORG_UNRES_W32605072_T001,翻译,PL_W32605072,0.0,unresolved
P06139,ORG_N4346737041,ORG_N4346737041_T001,采购经理,PL_W36921533,58.4,medium
P06140,ORG_W61759776,ORG_W61759776_T003,硕士研究生,PL_W61759776,0.0,verified
P06141,ORG_W287416336,ORG_W287416336_T001,财务专员,PL_W287416336,0.0,verified
P06142,ORG_UNRES_W124126825,ORG_UNRES_W124126825_T001,高级软件工程师,PL_W124126825,0.0,unresolved
P06143,ORG_UNRES_W679046739,ORG_UNRES_W679046739_T001,配送员,PL_W679046739,0.0,unresolved
P06144,ORG_UNRES_W31811184,ORG_UNRES_W31811184_T001,独立承包商,PL_W31811184,0.0,unresolved
P06145,ORG_W132115340,ORG_W132115340_T001,客户经理,PL_W132115340,0.0,verified
P06146,ORG_UNRES_W658487113,ORG_UNRES_W658487113_T001,搬运工,PL_W658487113,0.0,unresolved
P06147,ORG_UNRES_W66975040,ORG_UNRES_W66975040_T001,销售经理,PL_W66975040,0.0,unresolved
P06148,ORG_N12322231472,ORG_N12322231472_T001,硕士研究生,PL_N12322231472,0.0,verified
P06149,ORG_N1142872979,ORG_N1142872979_T001,本科生,PL_N1142872979,0.0,verified
P06150,ORG_N5345553359,ORG_N5345553359_T001,咖啡师,PL_N5345553359,0.0,verified
P06151,ORG_UNRES_W661951759,ORG_UNRES_W661951759_T001,焊工,PL_W661951759,0.0,unresolved
P06152,ORG_N3044762416,ORG_N3044762416_T001,餐厅服务员,PL_N3044762416,0.0,verified
P06153,ORG_N6845991721,ORG_N6845991721_T001,设计师,PL_W265703121,31.6,medium
P06154,ORG_W58646436,ORG_W58646436_T001,快递员,PL_W657979451,24.9,high
P06155,ORG_W27778689,ORG_W27778689_T001,酒店服务人员,PL_W27778689,0.0,verified
P06156,ORG_W1341461749,ORG_W1341461749_T001,销售经理,PL_W1341461749,0.0,verified
P06157,ORG_UNRES_W1013234823,ORG_UNRES_W1013234823_T001,汽车技师,PL_W1013234823,0.0,unresolved
P06158,ORG_W58869672,ORG_W58869672_T001,采购经理,PL_W669604298,19.9,high
P06159,ORG_N2065683567,ORG_N2065683567_T001,HR经理,PL_N2065683567,0.0,verified
P06160,ORG_UNRES_W55218348,ORG_UNRES_W55218348_T001,产品经理,PL_W55218348,0.0,unresolved
P06161,ORG_N7570784647,ORG_N7570784647_T001,财务专员,PL_W1541291357,59.4,medium
P06162,ORG_W33300472,ORG_W33300472_T001,保安,PL_W33300472,0.0,verified
P06163,ORG_N712595026,ORG_N712595026_T001,零售店员,PL_N712595026,0.0,verified
P06164,ORG_W34546363,ORG_W34546363_T001,搬运工,PL_W33189763,115.1,medium
P06165,ORG_UNRES_W704288161,ORG_UNRES_W704288161_T001,软件工程师,PL_W704288161,0.0,unresolved
P06166,ORG_W32803287,ORG_W32803287_T001,建筑工人,PL_W32803287,0.0,verified
P06167,ORG_UNRES_W660806638,ORG_UNRES_W660806638_T001,产品经理,PL_W660806638,0.0,unresolved
P06168,ORG_W233062811,ORG_W233062811_T001,客户经理,PL_W1531629510,60.8,medium
P06169,ORG_W204710538,ORG_W204710538_T001,会计,PL_W679046739,54.1,medium
P06170,ORG_UNRES_W918421631,ORG_UNRES_W918421631_T001,设计师,PL_W918421631,0.0,unresolved
P06171,ORG_W585487299,ORG_W585487299_T001,配送员,PL_W585487294,42.4,medium
P06172,ORG_W43810852,ORG_W43810852_T001,财务专员,PL_W676104927,54.0,medium
P06173,ORG_W23447424,ORG_W23447424_T003,本科生,PL_W23447424,0.0,verified
P06174,ORG_W1502659706,ORG_W1502659706_T001,硕士研究生,PL_W1502659706,0.0,verified
P06175,ORG_UNRES_W136796596,ORG_UNRES_W136796596_T001,高级运营专员,PL_W136796596,0.0,unresolved
P06176,ORG_W58755169,ORG_W58755169_T001,自媒体从业者,PL_W58755169,0.0,verified
P06177,ORG_N2288216731,ORG_N2288216731_T001,美容师,PL_N2288216731,0.0,verified
P06178,ORG_W1502659706,ORG_W1502659706_T001,本科生,PL_W1502659706,0.0,verified
P06179,ORG_W232951140,ORG_W232951140_T001,酒店前台,PL_W232951140,0.0,verified
P06180,ORG_N3440216089,ORG_N3440216089_T001,HR经理,PL_W55029513,25.5,medium
P06181,ORG_W119980186,ORG_W119980186_T001,运营经理,PL_W314204592,94.5,medium
P06182,ORG_W694527214,ORG_W694527214_T001,运营专员,PL_W694527214,0.0,verified
P06183,ORG_N2375249754,ORG_N2375249754_T001,本科生,PL_N2375249754,0.0,verified
P06184,ORG_N4159296676,ORG_N4159296676_T001,理发师,PL_N4159296676,0.0,verified
P06185,ORG_W226326868,ORG_W226326868_T001,数据分析师,PL_W226326868,0.0,verified
P06186,ORG_N13175505745,ORG_N13175505745_T001,零售店员,PL_N13175505745,0.0,verified
P06187,ORG_N2711767746,ORG_N2711767746_T001,数据分析师,PL_N7581344013,38.7,medium
P06188,ORG_UNRES_W495079992,ORG_UNRES_W495079992_T001,高级数据分析师,PL_W495079992,0.0,unresolved
P06189,ORG_W61759777,ORG_W61759777_T001,高级产品经理,PL_W61759777,0.0,verified
P06190,ORG_UNRES_W62361726,ORG_UNRES_W62361726_T001,摄影师,PL_W62361726,0.0,unresolved
P06191,ORG_UNRES_W58646797,ORG_UNRES_W58646797_T001,建筑工人,PL_W58646797,0.0,unresolved
P06192,ORG_UNRES_W704729324,ORG_UNRES_W704729324_T001,咨询顾问,PL_W704729324,0.0,unresolved
P06193,ORG_N13951193852,ORG_N13951193852_T001,硕士研究生,PL_N13951193852,0.0,verified
P06194,ORG_N1840733247,ORG_N1840733247_T001,销售代表,PL_W60186218,52.9,medium
P06195,ORG_N6565904335,ORG_N6565904335_T001,自由设计师,PL_N6565904335,0.0,verified
P06196,ORG_N491599552,ORG_N491599552_T001,行政专员,PL_W90306466,59.3,medium
P06197,ORG_UNRES_W344178891,ORG_UNRES_W344178891_T001,维修技师,PL_W344178891,0.0,unresolved
P06198,ORG_N3306483520,ORG_N3306483520_T001,采购经理,PL_N3306483520,0.0,verified
P06199,ORG_N4179849766,ORG_N4179849766_T001,零售店员,PL_N9739835583,34.8,medium
P06200,ORG_N10537982829,ORG_N10537982829_T002,产品经理,PL_W31451804,46.0,medium
P06201,ORG_W241193936,ORG_W241193936_T001,健身教练,PL_W241193936,0.0,verified
P06202,ORG_W62256637,ORG_W62256637_T001,卡车司机,PL_W659307942,64.6,medium
P06203,ORG_N6341941423,ORG_N6341941423_T001,高级数据分析师,PL_N6341941423,0.0,verified
P06204,ORG_N13667092915,ORG_N13667092915_T001,收银员,PL_N13667092915,0.0,verified
P06205,ORG_N547498239,ORG_N547498239_T001,博士研究生,PL_N547498239,0.0,verified
P06206,ORG_N12091108919,ORG_N12091108919_T001,本科生,PL_N12091108919,0.0,verified
P06207,ORG_N4595604775,ORG_N4595604775_T001,美容师,PL_N4595604775,0.0,verified
P06208,ORG_N13889944378,ORG_N13889944378_T001,财务专员,PL_W663315377,13.2,high
P06209,ORG_UNRES_W661541480,ORG_UNRES_W661541480_T001,高级运营专员,PL_W661541480,0.0,unresolved
P06210,ORG_W61759776,ORG_W61759776_T003,本科生,PL_W61759776,0.0,verified
P06211,ORG_UNRES_W680608316,ORG_UNRES_W680608316_T001,快递员,PL_W680608316,0.0,unresolved
P06212,ORG_N11663647221,ORG_N11663647221_T001,软件工程师,PL_N11663647221,0.0,verified
P06213,ORG_W120390390,ORG_W120390390_T001,房产经纪,PL_W178160850,40.7,medium
P06214,ORG_W661314392,ORG_W661314392_T001,仓库操作员,PL_W194214322,84.4,medium
P06215,ORG_N11128269949,ORG_N11128269949_T001,销售经理,PL_N11128269949,0.0,verified
P06216,ORG_W13405060,ORG_W13405060_T001,高级运营专员,PL_W13405060,0.0,verified
P06217,ORG_N6169558995,ORG_N6169558995_T001,美容师,PL_N6169558995,0.0,verified
P06218,ORG_N4001723554,ORG_N4001723554_T001,健身教练,PL_N4001723554,0.0,verified
P06219,ORG_UNRES_W56437582,ORG_UNRES_W56437582_T001,电工,PL_W56437582,0.0,unresolved
P06220,ORG_N6314004672,ORG_N6314004672_T001,理发师,PL_N6314004672,0.0,verified
P06221,ORG_N9511069391,ORG_N9511069391_T001,会计,PL_W137927024,38.7,medium
P06222,ORG_W34550596,ORG_W34550596_T001,设备操作员,PL_W34550596,0.0,verified
P06223,ORG_W43805352,ORG_W43805352_T001,美容师,PL_W43805352,0.0,verified
P06224,ORG_N12898123580,ORG_N12898123580_T001,客服,PL_N12898123580,0.0,verified
P06225,ORG_N13689858678,ORG_N13689858678_T001,咖啡师,PL_N13689858678,0.0,verified
P06226,ORG_W29004211,ORG_W29004211_T001,健身教练,PL_W29004211,0.0,verified
P06227,ORG_N2704255396,ORG_N2704255396_T001,收银员,PL_N2704255396,0.0,verified
P06228,ORG_W33561126,ORG_W33561126_T001,产品经理,PL_W33561126,0.0,verified
P06229,ORG_N1906274420,ORG_N1906274420_T001,房产经纪,PL_W180549731,48.5,medium
P06230,ORG_W103096656,ORG_W103096656_T001,客户专员,PL_W103096656,0.0,verified
P06231,ORG_W174674654,ORG_W174674654_T001,酒店服务人员,PL_W174674654,0.0,verified
P06232,ORG_W34615187,ORG_W34615187_T001,销售经理,PL_W34615187,0.0,verified
P06233,ORG_N3728548581,ORG_N3728548581_T001,客户专员,PL_N3728548581,0.0,verified
P06234,ORG_N12861688318,ORG_N12861688318_T001,销售经理,PL_W441612274,21.6,high
P06235,ORG_UNRES_W657934722,ORG_UNRES_W657934722_T001,仓库操作员,PL_W657934722,0.0,unresolved
P06236,ORG_W23447393,ORG_W23447393_T001,硕士研究生,PL_W23447393,0.0,verified
P06237,ORG_N13357603673,ORG_N13357603673_T001,自媒体从业者,PL_N13357603673,0.0,verified
P06238,ORG_N9543477504,ORG_N9543477504_T001,财务专员,PL_N9543477504,0.0,verified
P06239,ORG_N5372568226,ORG_N5372568226_T001,采购专员,PL_W55223053,2.4,high
P06240,ORG_W797150068,ORG_W797150068_T001,高级软件工程师,PL_W797150010,11.1,high
P06241,ORG_N5558907089,ORG_N5558907089_T001,运营专员,PL_N5558907089,0.0,verified
P06242,ORG_N6593325985,ORG_N6593325985_T001,理发师,PL_N6593325985,0.0,verified
P06243,ORG_N6551711419,ORG_N6551711419_T001,会计,PL_N6551711419,0.0,verified
P06244,ORG_W32707332,ORG_W32707332_T001,项目经理,PL_W32707332,0.0,verified
P06245,ORG_N2138467572,ORG_N2138467572_T001,高级数据分析师,PL_W203425966,7.7,high
P06246,ORG_N13043775029,ORG_N13043775029_T001,理发师,PL_N13043775029,0.0,verified
P06247,ORG_W43808518,ORG_W43808518_T001,安装工,PL_W676104887,54.7,medium
P06248,ORG_UNRES_W33000864,ORG_UNRES_W33000864_T001,电工,PL_W33000864,0.0,unresolved
P06249,ORG_W34181805,ORG_W34181805_T001,销售代表,PL_N2704263721,6.8,high
P06250,ORG_N13879320053,ORG_N13879320053_T001,采购专员,PL_N13879320053,0.0,verified
P06251,ORG_N2884419126,ORG_N2884419126_T001,本科生,PL_N2884419126,0.0,verified
P06252,ORG_UNRES_W506138849,ORG_UNRES_W506138849_T001,仓库操作员,PL_W506138849,0.0,unresolved
P06253,ORG_UNRES_W35600179,ORG_UNRES_W35600179_T001,销售代表,PL_W35600179,0.0,unresolved
P06254,ORG_N6465507585,ORG_N6465507585_T001,美容师,PL_N6465507585,0.0,verified
P06255,ORG_N1515960448,ORG_N1515960448_T001,厨师,PL_N1515960448,0.0,verified
P06256,ORG_UNRES_W661774765,ORG_UNRES_W661774765_T001,焊工,PL_W661774765,0.0,unresolved
P06257,ORG_N6304924235,ORG_N6304924235_T001,私教,PL_N6304924235,0.0,verified
P06258,ORG_UNRES_W143672481,ORG_UNRES_W143672481_T001,数据分析师,PL_W143672481,0.0,unresolved
P06259,ORG_W148646768,ORG_W148646768_T002,酒店前台,PL_W148646768,0.0,verified
P06260,ORG_N8590229305,ORG_N8590229305_T001,软件工程师,PL_N8590229305,0.0,verified
P06261,ORG_UNRES_W661205742,ORG_UNRES_W661205742_T001,网店经营者,PL_W661205742,0.0,unresolved
P06262,ORG_N4093289947,ORG_N4093289947_T001,设计师,PL_W33562383,22.7,high
P06263,ORG_W61698844,ORG_W61698844_T001,采购专员,PL_W314652547,20.8,high
P06264,ORG_N12922364985,ORG_N12922364985_T001,产品经理,PL_W239024445,61.2,medium
P06265,ORG_N6549480726,ORG_N6549480726_T001,运营专员,PL_N6549480726,0.0,verified
P06266,ORG_W60483157,ORG_W60483157_T001,客户专员,PL_W60483157,0.0,verified
P06267,ORG_UNRES_W136796593,ORG_UNRES_W136796593_T001,财务主管,PL_W136796593,0.0,unresolved
P06268,ORG_N12125662455,ORG_N12125662455_T001,业务负责人,PL_N12125662455,0.0,verified
P06269,ORG_N2856305706,ORG_N2856305706_T001,设计师,PL_W677477572,71.7,medium
P06270,ORG_UNRES_W67140617,ORG_UNRES_W67140617_T001,配送员,PL_W67140617,0.0,unresolved
P06271,ORG_N2243470931,ORG_N2243470931_T001,健身教练,PL_N2243470931,0.0,verified
P06272,ORG_UNRES_W660358116,ORG_UNRES_W660358116_T001,自媒体从业者,PL_W660358116,0.0,unresolved
P06273,ORG_N12922364985,ORG_N12922364985_T001,客户经理,PL_W239024445,61.2,medium
P06274,ORG_UNRES_W685825630,ORG_UNRES_W685825630_T001,维修技师,PL_W685825630,0.0,unresolved
P06275,ORG_N244885864,ORG_N244885864_T001,采购专员,PL_W233181463,56.3,medium
P06276,ORG_UNRES_W659588023,ORG_UNRES_W659588023_T001,客户专员,PL_W659588023,0.0,unresolved
P06277,ORG_W23447514,ORG_W23447514_T001,本科生,PL_W23447514,0.0,verified
P06278,ORG_N9543551939,ORG_N9543551939_T001,硕士研究生,PL_N9543551939,0.0,verified
P06279,ORG_UNRES_W705109210,ORG_UNRES_W705109210_T001,建筑工人,PL_W705109210,0.0,unresolved
P06280,ORG_W23447424,ORG_W23447424_T002,博士研究生,PL_W23447424,0.0,verified
P06281,ORG_W34720372,ORG_W34720372_T001,客户经理,PL_W219168620,38.7,medium
P06282,ORG_N2727296301,ORG_N2727296301_T001,高级运营专员,PL_W167925742,9.9,high
P06283,ORG_W27268157,ORG_W27268157_T001,安装工,PL_W679964142,31.7,medium
P06284,ORG_N3413571002,ORG_N3413571002_T001,客户经理,PL_N3413571002,0.0,verified
P06285,ORG_W23447424,ORG_W23447424_T002,本科生,PL_W23447424,0.0,verified
P06286,ORG_UNRES_W660357354,ORG_UNRES_W660357354_T001,产品经理,PL_W660357354,0.0,unresolved
P06287,ORG_UNRES_W33653601,ORG_UNRES_W33653601_T001,私教,PL_W33653601,0.0,unresolved
P06288,ORG_N6341941405,ORG_N6341941405_T001,健身教练,PL_N6341941405,0.0,verified
P06289,ORG_N12517925331,ORG_N12517925331_T001,餐厅服务员,PL_N12517925331,0.0,verified
P06290,ORG_N9633703338,ORG_N9633703338_T001,博士研究生,PL_N9633703338,0.0,verified
P06291,ORG_N13478624672,ORG_N13478624672_T001,咖啡师,PL_N13478624672,0.0,verified
P06292,ORG_UNRES_W61011663,ORG_UNRES_W61011663_T001,安装工,PL_W61011663,0.0,unresolved
P06293,ORG_N9140143421,ORG_N9140143421_T001,高级运营专员,PL_W661193506,6.1,high
P06294,ORG_N9684228297,ORG_N9684228297_T001,HR经理,PL_N9684228297,0.0,verified
P06295,ORG_N9029747499,ORG_N9029747499_T001,健身教练,PL_N9029747499,0.0,verified
P06296,ORG_UNRES_W664161986,ORG_UNRES_W664161986_T001,独立承包商,PL_W664161986,0.0,unresolved
P06297,ORG_N6810272357,ORG_N6810272357_T001,自媒体从业者,PL_N6810272357,0.0,verified
P06298,ORG_UNRES_W33191766,ORG_UNRES_W33191766_T001,仓库操作员,PL_W33191766,0.0,unresolved
P06299,ORG_N7581385501,ORG_N7581385501_T001,餐厅服务员,PL_N7581385501,0.0,verified
P06300,ORG_N6324242329,ORG_N6324242329_T001,房产经纪,PL_W669604318,19.0,high
P06301,ORG_N6348659395,ORG_N6348659395_T001,设计师,PL_N6348659395,0.0,verified
P06302,ORG_N13924323762,ORG_N13924323762_T001,设计师,PL_N13924323762,0.0,verified
P06303,ORG_N13951193852,ORG_N13951193852_T001,硕士研究生,PL_N13951193852,0.0,verified
P06304,ORG_UNRES_W333192882,ORG_UNRES_W333192882_T001,卡车司机,PL_W333192882,0.0,unresolved
P06305,ORG_W32742026,ORG_W32742026_T001,酒店前台,PL_W32742026,0.0,verified
P06306,ORG_N3494914034,ORG_N3494914034_T001,健身教练,PL_N3494914034,0.0,verified
P06307,ORG_N13011543819,ORG_N13011543819_T001,酒店前台,PL_N13011543819,0.0,verified
P06308,ORG_UNRES_W469294655,ORG_UNRES_W469294655_T001,行政专员,PL_W469294655,0.0,unresolved
P06309,ORG_N2748427540,ORG_N2748427540_T001,理发师,PL_N2748427540,0.0,verified
P06310,ORG_W170018362,ORG_W170018362_T001,设计师,PL_W170018362,0.0,verified
P06311,ORG_W1163968779,ORG_W1163968779_T001,咨询顾问,PL_W1163968779,0.0,verified
P06312,ORG_N2884419126,ORG_N2884419126_T001,本科生,PL_N2884419126,0.0,verified
P06313,ORG_W33848018,ORG_W33848018_T001,厨师,PL_W33848018,0.0,verified
P06314,ORG_N12912579192,ORG_N12912579192_T001,硕士研究生,PL_N12912579192,0.0,verified
P06315,ORG_W32742026,ORG_W32742026_T001,酒店服务人员,PL_W32742026,0.0,verified
P06316,ORG_N6848957015,ORG_N6848957015_T001,本科生,PL_N6848957015,0.0,verified
P06317,ORG_UNRES_W661250210,ORG_UNRES_W661250210_T001,建筑工人,PL_W661250210,0.0,unresolved
P06318,ORG_N3009597791,ORG_N3009597791_T001,设计师,PL_W122204305,32.3,medium
P06319,ORG_W1046417334,ORG_W1046417334_T001,HR经理,PL_W1046417334,0.0,verified
P06320,ORG_W468030019,ORG_W468030019_T001,咨询顾问,PL_W468030019,0.0,verified
P06321,ORG_N2153426073,ORG_N2153426073_T001,咖啡师,PL_N2153426073,0.0,verified
P06322,ORG_N12912579192,ORG_N12912579192_T001,硕士研究生,PL_N12912579192,0.0,verified
P06323,ORG_N8023696432,ORG_N8023696432_T001,保安,PL_N8023696432,0.0,verified
P06324,ORG_N491599552,ORG_N491599552_T001,人力资源经理,PL_W90306466,59.3,medium
P06325,ORG_W141284992,ORG_W141284992_T001,房产经纪,PL_W141284992,0.0,verified
P06326,ORG_N2153230504,ORG_N2153230504_T001,客户专员,PL_N2153230504,0.0,verified
P06327,ORG_N1518532024,ORG_N1518532024_T001,本科生,PL_N1518532024,0.0,verified
P06328,ORG_UNRES_W662775254,ORG_UNRES_W662775254_T001,汽车技师,PL_W662775254,0.0,unresolved
P06329,ORG_W170018363,ORG_W170018363_T001,销售代表,PL_W170018363,0.0,verified
P06330,ORG_N12322231472,ORG_N12322231472_T001,博士研究生,PL_N12322231472,0.0,verified
P06331,ORG_UNRES_W661471612,ORG_UNRES_W661471612_T001,汽车技师,PL_W661471612,0.0,unresolved
P06332,ORG_W34749848,ORG_W34749848_T002,酒店前台,PL_W34749848,0.0,verified
P06333,ORG_UNRES_W105516608,ORG_UNRES_W105516608_T001,区域经理,PL_W105516608,0.0,unresolved
P06334,ORG_UNRES_N5581608385,ORG_UNRES_N5581608385_T001,美容师,PL_N5581608385,0.0,unresolved
P06335,ORG_N5838651789,ORG_N5838651789_T001,保安,PL_N5838651789,0.0,verified
P06336,ORG_UNRES_W67141324,ORG_UNRES_W67141324_T001,建筑工人,PL_W67141324,0.0,unresolved
P06337,ORG_UNRES_W663518490,ORG_UNRES_W663518490_T001,快递员,PL_W663518490,0.0,unresolved
P06338,ORG_N1379170630,ORG_N1379170630_T001,美容师,PL_N1379170630,0.0,verified
P06339,ORG_N2620440318,ORG_N2620440318_T001,私教,PL_N2620440318,0.0,verified
P06340,ORG_W61759776,ORG_W61759776_T001,本科生,PL_W61759776,0.0,verified
P06341,ORG_UNRES_W34515539,ORG_UNRES_W34515539_T001,卡车司机,PL_W34515539,0.0,unresolved
P06342,ORG_UNRES_W659581412,ORG_UNRES_W659581412_T001,采购专员,PL_W659581412,0.0,unresolved
P06343,ORG_N9543551939,ORG_N9543551939_T001,本科生,PL_N9543551939,0.0,verified
P06344,ORG_UNRES_W363990471,ORG_UNRES_W363990471_T001,电工,PL_W363990471,0.0,unresolved
P06345,ORG_UNRES_W191843130,ORG_UNRES_W191843130_T001,配送员,PL_W191843130,0.0,unresolved
P06346,ORG_N10220344612,ORG_N10220344612_T001,采购专员,PL_W43805331,56.7,medium
P06347,ORG_W34720688,ORG_W34720688_T001,客户专员,PL_W34720688,0.0,verified
P06348,ORG_W233062811,ORG_W233062811_T001,项目经理,PL_W1531629509,97.9,medium
P06349,ORG_W38743637,ORG_W38743637_T001,采购专员,PL_W38743637,0.0,verified
P06350,ORG_N502720111,ORG_N502720111_T001,零售店员,PL_N502720111,0.0,verified
P06351,ORG_N1885286964,ORG_N1885286964_T001,餐厅服务员,PL_N1885286964,0.0,verified
P06352,ORG_N12849850916,ORG_N12849850916_T001,收银员,PL_N14027227866,6.1,high
P06353,ORG_W300884213,ORG_W300884213_T001,销售代表,PL_W300884213,0.0,verified
P06354,ORG_UNRES_W32707393,ORG_UNRES_W32707393_T001,卡车司机,PL_W32707393,0.0,unresolved
P06355,ORG_W151179146,ORG_W151179146_T001,咨询顾问,PL_W151179146,0.0,verified
P06356,ORG_N10820481470,ORG_N10820481470_T001,保安,PL_N10820481470,0.0,verified
P06357,ORG_UNRES_W255630384,ORG_UNRES_W255630384_T001,采购专员,PL_W255630384,0.0,unresolved
P06358,ORG_N6713669652,ORG_N6713669652_T001,自媒体从业者,PL_N6713669652,0.0,verified
P06359,ORG_N4922343571,ORG_N4922343571_T001,保安,PL_N4922343571,0.0,verified
P06360,ORG_N2966355208,ORG_N2966355208_T001,餐厅服务员,PL_N2966355208,0.0,verified
P06361,ORG_N3687539002,ORG_N3687539002_T001,翻译,PL_N3687539002,0.0,verified
P06362,ORG_UNRES_W67141700,ORG_UNRES_W67141700_T001,维修技师,PL_W67141700,0.0,unresolved
P06363,ORG_N6603455811,ORG_N6603455811_T001,零售店员,PL_N6603455811,0.0,verified
P06364,ORG_UNRES_W702145965,ORG_UNRES_W702145965_T001,高级数据分析师,PL_W702145965,0.0,unresolved
P06365,ORG_N4285491209,ORG_N4285491209_T001,行政专员,PL_W429411804,67.1,medium
P06366,ORG_N390997489,ORG_N390997489_T001,咨询顾问,PL_N390997489,0.0,verified
P06367,ORG_N5181200162,ORG_N5181200162_T001,餐厅服务员,PL_N5181200162,0.0,verified
P06368,ORG_N7323173820,ORG_N7323173820_T001,客户经理,PL_W61430317,1.1,high
P06369,ORG_UNRES_W31620168,ORG_UNRES_W31620168_T001,客户专员,PL_W31620168,0.0,unresolved
P06370,ORG_W1374875812,ORG_W1374875812_T001,高级产品经理,PL_W598637692,57.8,medium
P06371,ORG_UNRES_W56062698,ORG_UNRES_W56062698_T001,安装工,PL_W56062698,0.0,unresolved
P06372,ORG_N10676976487,ORG_N10676976487_T001,销售经理,PL_W436901530,24.6,high
P06373,ORG_W42709356,ORG_W42709356_T001,健身教练,PL_W42709356,0.0,verified
P06374,ORG_UNRES_W33409410,ORG_UNRES_W33409410_T001,软件工程师,PL_W33409410,0.0,unresolved
P06375,ORG_UNRES_W657979484,ORG_UNRES_W657979484_T001,快递员,PL_W657979484,0.0,unresolved
P06376,ORG_N5091609418,ORG_N5091609418_T001,销售经理,PL_N5091609418,0.0,verified
P06377,ORG_W27767640,ORG_W27767640_T002,酒店服务人员,PL_W27767640,0.0,verified
P06378,ORG_N4286043213,ORG_N4286043213_T001,健身教练,PL_N4286043213,0.0,verified
P06379,ORG_N4093289947,ORG_N4093289947_T001,软件工程师,PL_W33562383,22.7,high
P06380,ORG_UNRES_W1395777493,ORG_UNRES_W1395777493_T001,安装工,PL_W1395777493,0.0,unresolved
P06381,ORG_UNRES_W93811221,ORG_UNRES_W93811221_T001,卡车司机,PL_W93811221,0.0,unresolved
P06382,ORG_N12596289530,ORG_N12596289530_T001,HR经理,PL_N12596289530,0.0,verified
P06383,ORG_UNRES_W179653207,ORG_UNRES_W179653207_T001,汽车技师,PL_W179653207,0.0,unresolved
P06384,ORG_N11711556182,ORG_N11711556182_T001,本科生,PL_N11711556182,0.0,verified
P06385,ORG_W61014137,ORG_W61014137_T001,厨师,PL_W61014137,0.0,verified
P06386,ORG_N3405891061,ORG_N3405891061_T001,客户专员,PL_N3405891061,0.0,verified
P06387,ORG_UNRES_W677784207,ORG_UNRES_W677784207_T001,设备操作员,PL_W677784207,0.0,unresolved
P06388,ORG_N13946404588,ORG_N13946404588_T001,硕士研究生,PL_N13946404588,0.0,verified
P06389,ORG_W27778414,ORG_W27778414_T001,酒店前台,PL_W27778414,0.0,verified
P06390,ORG_N11961685654,ORG_N11961685654_T001,销售代表,PL_N11961685654,0.0,verified
P06391,ORG_UNRES_W467605455,ORG_UNRES_W467605455_T001,配送员,PL_W467605455,0.0,unresolved
P06392,ORG_W1366234349,ORG_W1366234349_T002,设计师,PL_W105516599,98.6,medium
P06393,ORG_UNRES_W906401707,ORG_UNRES_W906401707_T001,汽车技师,PL_W906401707,0.0,unresolved
P06394,ORG_N6886875398,ORG_N6886875398_T001,高级运营专员,PL_W62057338,70.9,medium
P06395,ORG_N5069406422,ORG_N5069406422_T001,销售代表,PL_W179222094,48.6,medium
P06396,ORG_N5184936115,ORG_N5184936115_T001,美容师,PL_N5184936115,0.0,verified
P06397,ORG_W31963777,ORG_W31963777_T001,HR经理,PL_W31963777,0.0,verified
P06398,ORG_W122204304,ORG_W122204304_T001,房产经纪,PL_W122204304,0.0,verified
P06399,ORG_N13764113357,ORG_N13764113357_T001,自媒体从业者,PL_N13764113357,0.0,verified
P06400,ORG_W24529292,ORG_W24529292_T001,客户经理,PL_W663868812,44.4,medium
P06401,ORG_UNRES_W661471621,ORG_UNRES_W661471621_T001,数据分析师,PL_W661471621,0.0,unresolved
P06402,ORG_W77039686,ORG_W77039686_T001,硕士研究生,PL_W77039686,0.0,verified
P06403,ORG_N5443636923,ORG_N5443636923_T001,销售经理,PL_W663827189,82.1,medium
P06404,ORG_UNRES_W659581422,ORG_UNRES_W659581422_T001,数据分析师,PL_W659581422,0.0,unresolved
P06405,ORG_W15396822,ORG_W15396822_T001,本科生,PL_W15396822,0.0,verified
P06406,ORG_N11673937617,ORG_N11673937617_T001,自由设计师,PL_N11673937617,0.0,verified
P06407,ORG_W33653597,ORG_W33653597_T001,独立程序员,PL_W33653597,0.0,verified
P06408,ORG_W142739261,ORG_W142739261_T001,高级运营专员,PL_W142739261,0.0,verified
P06409,ORG_N6341503776,ORG_N6341503776_T001,餐厅服务员,PL_N6341503776,0.0,verified
P06410,ORG_UNRES_W25775080,ORG_UNRES_W25775080_T001,健身教练,PL_W25775080,0.0,unresolved
P06411,ORG_W27767631,ORG_W27767631_T001,HR经理,PL_W27767631,0.0,verified
P06412,ORG_UNRES_W660584509,ORG_UNRES_W660584509_T001,私教,PL_W660584509,0.0,unresolved
P06413,ORG_N13332965095,ORG_N13332965095_T001,软件工程师,PL_N13332965095,0.0,verified
P06414,ORG_N1396611494,ORG_N1396611494_T001,客服,PL_N1396611494,0.0,verified
P06415,ORG_W89636166,ORG_W89636166_T001,采购专员,PL_W89636162,41.5,medium
P06416,ORG_N5678642917,ORG_N5678642917_T001,咨询顾问,PL_N5678642917,0.0,verified
P06417,ORG_W66967683,ORG_W66967683_T001,区域经理,PL_W66967683,0.0,verified
P06418,ORG_UNRES_W273616578,ORG_UNRES_W273616578_T001,区域经理,PL_W273616578,0.0,unresolved
P06419,ORG_W30265255,ORG_W30265255_T001,运营专员,PL_W30265255,0.0,verified
P06420,ORG_W38743637,ORG_W38743637_T001,运营专员,PL_W38743637,0.0,verified
P06421,ORG_UNRES_W151795265,ORG_UNRES_W151795265_T001,翻译,PL_W151795265,0.0,unresolved
P06422,ORG_W775641405,ORG_W775641405_T001,硕士研究生,PL_W775641405,0.0,verified
P06423,ORG_N2840298201,ORG_N2840298201_T001,餐厅服务员,PL_N2840298201,0.0,verified
P06424,ORG_W25491342,ORG_W25491342_T001,酒店服务人员,PL_W25491342,0.0,verified
P06425,ORG_UNRES_W397124714,ORG_UNRES_W397124714_T001,产品经理,PL_W397124714,0.0,unresolved
P06426,ORG_W60304653,ORG_W60304653_T001,博士研究生,PL_W60304653,0.0,verified
P06427,ORG_UNRES_W55946873,ORG_UNRES_W55946873_T001,安装工,PL_W55946873,0.0,unresolved
P06428,ORG_UNRES_W700221888,ORG_UNRES_W700221888_T001,客户专员,PL_W700221888,0.0,unresolved
P06429,ORG_N6551695037,ORG_N6551695037_T001,财务主管,PL_N6551695037,0.0,verified
P06430,ORG_W28533900,ORG_W28533900_T001,设备操作员,PL_W28533900,0.0,verified
P06431,ORG_N11609761768,ORG_N11609761768_T001,美容师,PL_N11609761768,0.0,verified
P06432,ORG_UNRES_W704634892,ORG_UNRES_W704634892_T001,产品经理,PL_W704634892,0.0,unresolved
P06433,ORG_W256116927,ORG_W256116927_T002,产品经理,PL_W256116927,0.0,verified
P06434,ORG_N13890081077,ORG_N13890081077_T001,房产经纪,PL_N13890081077,0.0,verified
P06435,ORG_W660832650,ORG_W660832650_T001,保安,PL_W660832650,0.0,verified
P06436,ORG_N3199463353,ORG_N3199463353_T001,客服,PL_N3199463353,0.0,verified
P06437,ORG_UNRES_W704995235,ORG_UNRES_W704995235_T001,运营专员,PL_W704995235,0.0,unresolved
P06438,ORG_UNRES_W31618600,ORG_UNRES_W31618600_T001,独立程序员,PL_W31618600,0.0,unresolved
P06439,ORG_W243812280,ORG_W243812280_T001,健身教练,PL_W243812280,0.0,verified
P06440,ORG_N13704292878,ORG_N13704292878_T001,咨询顾问,PL_N13704292878,0.0,verified
P06441,ORG_W150494721,ORG_W150494721_T001,项目经理,PL_W150494721,0.0,verified
P06442,ORG_N2405823219,ORG_N2405823219_T001,零售店员,PL_N2405823219,0.0,verified
P06443,ORG_UNRES_W34749571,ORG_UNRES_W34749571_T001,产品经理,PL_W34749571,0.0,unresolved
P06444,ORG_UNRES_W160135295,ORG_UNRES_W160135295_T001,行政专员,PL_W160135295,0.0,unresolved
P06445,ORG_W27778414,ORG_W27778414_T001,酒店前台,PL_W27778414,0.0,verified
P06446,ORG_W43805337,ORG_W43805337_T001,翻译,PL_W43805337,0.0,verified
P06447,ORG_N8755303552,ORG_N8755303552_T001,本科生,PL_N8755303552,0.0,verified
P06448,ORG_W61014137,ORG_W61014137_T002,酒店前台,PL_W61014137,0.0,verified
P06449,ORG_W31620396,ORG_W31620396_T001,高级数据分析师,PL_W31620396,0.0,verified
P06450,ORG_W775640504,ORG_W775640504_T001,本科生,PL_W775640504,0.0,verified
P06451,ORG_N4131866041,ORG_N4131866041_T001,咖啡师,PL_N4131866041,0.0,verified
P06452,ORG_N6318936247,ORG_N6318936247_T001,独立承包商,PL_N6318936247,0.0,verified
P06453,ORG_N7836174711,ORG_N7836174711_T001,咨询顾问,PL_W61951968,49.4,medium
P06454,ORG_N6547925937,ORG_N6547925937_T001,HR经理,PL_N6547925937,0.0,verified
P06455,ORG_UNRES_W660585504,ORG_UNRES_W660585504_T001,独立承包商,PL_W660585504,0.0,unresolved
P06456,ORG_UNRES_W43806369,ORG_UNRES_W43806369_T001,项目经理,PL_W43806369,0.0,unresolved
P06457,ORG_N13025831405,ORG_N13025831405_T001,客户专员,PL_N13025831405,0.0,verified
P06458,ORG_N6373194144,ORG_N6373194144_T001,餐厅服务员,PL_N6373194144,0.0,verified
P06459,ORG_UNRES_W31811118,ORG_UNRES_W31811118_T001,网店经营者,PL_W31811118,0.0,unresolved
P06460,ORG_UNRES_W660078366,ORG_UNRES_W660078366_T001,安装工,PL_W660078366,0.0,unresolved
P06461,ORG_UNRES_W703613748,ORG_UNRES_W703613748_T001,房产经纪,PL_W703613748,0.0,unresolved
P06462,ORG_N13295491901,ORG_N13295491901_T001,健身教练,PL_N13295491901,0.0,verified
P06463,ORG_W815475387,ORG_W815475387_T001,本科生,PL_W815475387,0.0,verified
P06464,ORG_W61759776,ORG_W61759776_T002,本科生,PL_W61759776,0.0,verified
P06465,ORG_UNRES_W78592457,ORG_UNRES_W78592457_T001,客户专员,PL_W78592457,0.0,unresolved
P06466,ORG_N579253714,ORG_N579253714_T001,零售店员,PL_N579253714,0.0,verified
P06467,ORG_UNRES_W409262655,ORG_UNRES_W409262655_T001,高级数据分析师,PL_W409262655,0.0,unresolved
P06468,ORG_N577454544,ORG_N577454544_T001,高级数据分析师,PL_W147496461,77.1,medium
P06469,ORG_W179297875,ORG_W179297875_T002,厨师,PL_W179297875,0.0,verified
P06470,ORG_N12618982330,ORG_N12618982330_T001,餐厅服务员,PL_N12618982330,0.0,verified
P06471,ORG_W184344340,ORG_W184344340_T001,厨师,PL_W184344340,0.0,verified
P06472,ORG_UNRES_W660806810,ORG_UNRES_W660806810_T001,安装工,PL_W660806810,0.0,unresolved
P06473,ORG_N869750978,ORG_N869750978_T001,销售代表,PL_W679134321,67.6,medium
P06474,ORG_N9573757713,ORG_N9573757713_T001,采购经理,PL_W943602453,18.8,high
P06475,ORG_N8772996699,ORG_N8772996699_T001,厨师,PL_N8772996699,0.0,verified
P06476,ORG_N4697780119,ORG_N4697780119_T001,美容师,PL_N4697780119,0.0,verified
P06477,ORG_W179297875,ORG_W179297875_T001,厨师,PL_W179297875,0.0,verified
P06478,ORG_W103094562,ORG_W103094562_T001,汽车技师,PL_W103094562,0.0,verified
P06479,ORG_W161110169,ORG_W161110169_T001,本科生,PL_W161110169,0.0,verified
P06480,ORG_W1206414602,ORG_W1206414602_T001,健身教练,PL_W1206414602,0.0,verified
P06481,ORG_N383405967,ORG_N383405967_T001,厨师,PL_N383405967,0.0,verified
P06482,ORG_N209247596,ORG_N209247596_T001,餐厅服务员,PL_N209247596,0.0,verified
P06483,ORG_N7581344018,ORG_N7581344018_T001,HR经理,PL_N7581344018,0.0,verified
P06484,ORG_N8550950821,ORG_N8550950821_T001,独立承包商,PL_W61759778,10.7,high
P06485,ORG_N4572092700,ORG_N4572092700_T001,软件工程师,PL_N4572092700,0.0,verified
P06486,ORG_N4137896886,ORG_N4137896886_T001,软件工程师,PL_N4137896886,0.0,verified
P06487,ORG_N6532307631,ORG_N6532307631_T001,翻译,PL_N6532307631,0.0,verified
P06488,ORG_W300884213,ORG_W300884213_T001,数据分析师,PL_W300884213,0.0,verified
P06489,ORG_W61759776,ORG_W61759776_T003,本科生,PL_W61759776,0.0,verified
P06490,ORG_N432775841,ORG_N432775841_T001,HR经理,PL_N432775841,0.0,verified
P06491,ORG_W34551490,ORG_W34551490_T001,酒店服务人员,PL_W34551490,0.0,verified
P06492,ORG_W30977087,ORG_W30977087_T001,高级数据分析师,PL_W30977087,0.0,verified
P06493,ORG_UNRES_W89185220,ORG_UNRES_W89185220_T001,行政专员,PL_W89185220,0.0,unresolved
P06494,ORG_W76001187,ORG_W76001187_T001,酒店前台,PL_W76001187,0.0,verified
P06495,ORG_N6594563435,ORG_N6594563435_T001,客服,PL_N6594563435,0.0,verified
P06496,ORG_N6538304679,ORG_N6538304679_T001,收银员,PL_N6538304679,0.0,verified
P06497,ORG_N7708066748,ORG_N7708066748_T001,行政专员,PL_N7708066748,0.0,verified
P06498,ORG_N1131532988,ORG_N1131532988_T001,保安,PL_N1131532988,0.0,verified
P06499,ORG_N6845091823,ORG_N6845091823_T001,网店经营者,PL_N6845091823,0.0,verified
P06500,ORG_W142432175,ORG_W142432175_T001,产品经理,PL_W142432175,0.0,verified
P06501,ORG_W146419070,ORG_W146419070_T001,酒店服务人员,PL_W146419070,0.0,verified
P06502,ORG_W23334883,ORG_W23334883_T001,硕士研究生,PL_W23334883,0.0,verified
P06503,ORG_UNRES_W119973190,ORG_UNRES_W119973190_T001,销售经理,PL_W119973190,0.0,unresolved
P06504,ORG_UNRES_W662150267,ORG_UNRES_W662150267_T001,销售经理,PL_W662150267,0.0,unresolved
P06505,ORG_N13374538650,ORG_N13374538650_T001,咖啡师,PL_N13374538650,0.0,verified
P06506,ORG_N13021796634,ORG_N13021796634_T001,运营专员,PL_N13021796634,0.0,verified
P06507,ORG_W170244790,ORG_W170244790_T001,厨师,PL_W170244790,0.0,verified
P06508,ORG_W424199086,ORG_W424199086_T001,高级软件工程师,PL_W424199086,0.0,verified
P06509,ORG_UNRES_W1491355203,ORG_UNRES_W1491355203_T001,配送员,PL_W1491355203,0.0,unresolved
P06510,ORG_N6181451958,ORG_N6181451958_T001,厨师,PL_N6181451958,0.0,verified
P06511,ORG_W32805001,ORG_W32805001_T001,数据分析师,PL_W32805001,0.0,verified
P06512,ORG_UNRES_W34722373,ORG_UNRES_W34722373_T001,项目经理,PL_W34722373,0.0,unresolved
P06513,ORG_W43812280,ORG_W43812280_T001,卡车司机,PL_W421644929,19.1,high
P06514,ORG_N2366714885,ORG_N2366714885_T001,收银员,PL_N2366714885,0.0,verified
P06515,ORG_N3687539002,ORG_N3687539002_T001,设计师,PL_N3687539002,0.0,verified
P06516,ORG_W659129651,ORG_W659129651_T001,安装工,PL_W670106649,48.7,medium
P06517,ORG_UNRES_W34516616,ORG_UNRES_W34516616_T001,安装工,PL_W34516616,0.0,unresolved
P06518,ORG_W61759776,ORG_W61759776_T003,本科生,PL_W61759776,0.0,verified
P06519,ORG_N12610485697,ORG_N12610485697_T001,厨师,PL_N12610485697,0.0,verified
P06520,ORG_UNRES_W99375036,ORG_UNRES_W99375036_T001,客服,PL_W99375036,0.0,unresolved
P06521,ORG_UNRES_W918421631,ORG_UNRES_W918421631_T001,部门经理,PL_W918421631,0.0,unresolved
P06522,ORG_W58271339,ORG_W58271339_T001,房产经纪,PL_W225948695,11.9,high
P06523,ORG_UNRES_W33542264,ORG_UNRES_W33542264_T001,采购专员,PL_W33542264,0.0,unresolved
P06524,ORG_W231773826,ORG_W231773826_T002,厨师,PL_W231773826,0.0,verified
P06525,ORG_W33406542,ORG_W33406542_T001,销售经理,PL_W33406542,0.0,verified
P06526,ORG_UNRES_W661929125,ORG_UNRES_W661929125_T001,自媒体从业者,PL_W661929125,0.0,unresolved
P06527,ORG_N5706236065,ORG_N5706236065_T002,客户专员,PL_W599480360,41.6,medium
P06528,ORG_W61429677,ORG_W61429677_T001,酒店服务人员,PL_W61429677,0.0,verified
P06529,ORG_N13274887526,ORG_N13274887526_T001,理发师,PL_N13274887526,0.0,verified
P06530,ORG_N10032196436,ORG_N10032196436_T001,厨师,PL_N10032196436,0.0,verified
P06531,ORG_UNRES_W978051261,ORG_UNRES_W978051261_T001,自媒体从业者,PL_W978051261,0.0,unresolved
P06532,ORG_N12773124067,ORG_N12773124067_T001,独立程序员,PL_N12773124067,0.0,verified
P06533,ORG_UNRES_W43809758,ORG_UNRES_W43809758_T001,仓库操作员,PL_W43809758,0.0,unresolved
P06534,ORG_W129730208,ORG_W129730208_T001,财务主管,PL_W129730208,0.0,verified
P06535,ORG_N5161264621,ORG_N5161264621_T001,会计,PL_W657722108,16.0,high
P06536,ORG_UNRES_W55465033,ORG_UNRES_W55465033_T001,焊工,PL_W55465033,0.0,unresolved
P06537,ORG_N6685670040,ORG_N6685670040_T001,高级项目经理,PL_N6685670040,0.0,verified
P06538,ORG_N738174079,ORG_N738174079_T001,咖啡师,PL_N738174079,0.0,verified
P06539,ORG_W58745947,ORG_W58745947_T001,仓库操作员,PL_W58745947,0.0,verified
P06540,ORG_N3604081135,ORG_N3604081135_T001,运营专员,PL_N3604081135,0.0,verified
P06541,ORG_UNRES_W61698864,ORG_UNRES_W61698864_T001,销售代表,PL_W61698864,0.0,unresolved
P06542,ORG_W32462507,ORG_W32462507_T001,电工,PL_W43805591,60.4,medium
P06543,ORG_UNRES_W170055112,ORG_UNRES_W170055112_T001,独立程序员,PL_W170055112,0.0,unresolved
P06544,ORG_N2342895437,ORG_N2342895437_T001,产品经理,PL_N2342895437,0.0,verified
P06545,ORG_N7708243587,ORG_N7708243587_T001,客户经理,PL_W701979632,30.0,medium
P06546,ORG_W34320500,ORG_W34320500_T001,客户专员,PL_W34320500,0.0,verified
P06547,ORG_UNRES_W702169103,ORG_UNRES_W702169103_T001,翻译,PL_W702169103,0.0,unresolved
P06548,ORG_N9008136763,ORG_N9008136763_T001,高级数据分析师,PL_N9008136763,0.0,verified
P06549,ORG_W40542510,ORG_W40542510_T001,摄影师,PL_W680567507,26.9,medium
P06550,ORG_W796653490,ORG_W796653490_T001,财务主管,PL_W796654941,50.9,medium
P06551,ORG_N11571486848,ORG_N11571486848_T001,餐厅服务员,PL_N11571486848,0.0,verified
P06552,ORG_UNRES_W43806034,ORG_UNRES_W43806034_T001,仓库操作员,PL_W43806034,0.0,unresolved
P06553,ORG_UNRES_W117593766,ORG_UNRES_W117593766_T001,采购专员,PL_W117593766,0.0,unresolved
P06554,ORG_UNRES_W659574437,ORG_UNRES_W659574437_T001,仓库操作员,PL_W659574437,0.0,unresolved
P06555,ORG_UNRES_W697166895,ORG_UNRES_W697166895_T001,安装工,PL_W697166895,0.0,unresolved
P06556,ORG_UNRES_W1108418384,ORG_UNRES_W1108418384_T001,网店经营者,PL_W1108418384,0.0,unresolved
P06557,ORG_UNRES_W659588103,ORG_UNRES_W659588103_T001,产品经理,PL_W659588103,0.0,unresolved
P06558,ORG_W23447424,ORG_W23447424_T002,本科生,PL_W23447424,0.0,verified
P06559,ORG_W732182933,ORG_W732182933_T001,设备操作员,PL_W732182933,0.0,verified
P06560,ORG_W61014137,ORG_W61014137_T002,酒店前台,PL_W61014137,0.0,verified
P06561,ORG_UNRES_W661649578,ORG_UNRES_W661649578_T001,咨询顾问,PL_W661649578,0.0,unresolved
P06562,ORG_UNRES_W58030183,ORG_UNRES_W58030183_T001,财务专员,PL_W58030183,0.0,unresolved
P06563,ORG_UNRES_W659606610,ORG_UNRES_W659606610_T001,卡车司机,PL_W659606610,0.0,unresolved
P06564,ORG_W61759776,ORG_W61759776_T003,本科生,PL_W61759776,0.0,verified
P06565,ORG_N6584575099,ORG_N6584575099_T001,理发师,PL_N6584575099,0.0,verified
P06566,ORG_UNRES_W34517224,ORG_UNRES_W34517224_T001,快递员,PL_W34517224,0.0,unresolved
P06567,ORG_W1246221241,ORG_W1246221241_T001,网店经营者,PL_W1246221241,0.0,verified
P06568,ORG_N12904007162,ORG_N12904007162_T001,咖啡师,PL_N12904007162,0.0,verified
P06569,ORG_N11961730316,ORG_N11961730316_T001,财务主管,PL_W661077889,85.9,medium
P06570,ORG_W44076451,ORG_W44076451_T002,厨师,PL_W44076451,0.0,verified
P06571,ORG_N13798478917,ORG_N13798478917_T001,采购经理,PL_N13798478917,0.0,verified
P06572,ORG_N12838445438,ORG_N12838445438_T001,销售经理,PL_N12838445438,0.0,verified
P06573,ORG_UNRES_W41263827,ORG_UNRES_W41263827_T001,焊工,PL_W41263827,0.0,unresolved
P06574,ORG_W27778414,ORG_W27778414_T001,酒店服务人员,PL_W27778414,0.0,verified
P06575,ORG_N13670266862,ORG_N13670266862_T001,本科生,PL_N13670266862,0.0,verified
P06576,ORG_W125308706,ORG_W125308706_T001,房产经纪,PL_W125308706,0.0,verified
P06577,ORG_N6547837591,ORG_N6547837591_T001,餐厅服务员,PL_N6547837591,0.0,verified
P06578,ORG_UNRES_W416172845,ORG_UNRES_W416172845_T001,维修技师,PL_W416172845,0.0,unresolved
P06579,ORG_W328900136,ORG_W328900136_T001,采购经理,PL_W328900136,0.0,verified
P06580,ORG_N10537982829,ORG_N10537982829_T001,产品经理,PL_W31451792,40.9,medium
P06581,ORG_UNRES_W35021082,ORG_UNRES_W35021082_T001,建筑工人,PL_W35021082,0.0,unresolved
P06582,ORG_N13915723230,ORG_N13915723230_T001,客服,PL_N13915723230,0.0,verified
P06583,ORG_W115222390,ORG_W115222390_T001,采购专员,PL_W115222390,0.0,verified
P06584,ORG_UNRES_W34148442,ORG_UNRES_W34148442_T001,建筑工人,PL_W34148442,0.0,unresolved
P06585,ORG_UNRES_W56184894,ORG_UNRES_W56184894_T001,电工,PL_W56184894,0.0,unresolved
P06586,ORG_UNRES_W291464330,ORG_UNRES_W291464330_T001,快递员,PL_W291464330,0.0,unresolved
P06587,ORG_W436018569,ORG_W436018569_T001,采购经理,PL_W436018569,0.0,verified
P06588,ORG_N6584458762,ORG_N6584458762_T001,HR经理,PL_N6584458762,0.0,verified
P06589,ORG_UNRES_W58796619,ORG_UNRES_W58796619_T001,仓库操作员,PL_W58796619,0.0,unresolved
P06590,ORG_UNRES_W677322972,ORG_UNRES_W677322972_T001,房产经纪,PL_W677322972,0.0,unresolved
P06591,ORG_N13667111695,ORG_N13667111695_T001,HR经理,PL_W57053335,22.6,high
P06592,ORG_UNRES_W33681415,ORG_UNRES_W33681415_T001,建筑工人,PL_W33681415,0.0,unresolved
P06593,ORG_N2681580824,ORG_N2681580824_T001,本科生,PL_N2681580824,0.0,verified
P06594,ORG_W663871232,ORG_W663871232_T001,财务经理,PL_W139635113,18.1,high
P06595,ORG_W25108215,ORG_W25108215_T001,高级数据分析师,PL_W25108215,0.0,verified
P06596,ORG_W257053580,ORG_W257053580_T001,采购专员,PL_W257053580,0.0,verified
P06597,ORG_N10085704214,ORG_N10085704214_T001,硕士研究生,PL_N10085704214,0.0,verified
P06598,ORG_N6559074163,ORG_N6559074163_T001,高级数据分析师,PL_W659632904,2.6,high
P06599,ORG_N2779416781,ORG_N2779416781_T001,厨师,PL_N2779416781,0.0,verified
P06600,ORG_UNRES_W36331125,ORG_UNRES_W36331125_T001,独立承包商,PL_W36331125,0.0,unresolved
P06601,ORG_W62058576,ORG_W62058576_T001,客户专员,PL_W62058576,0.0,verified
P06602,ORG_UNRES_W659307962,ORG_UNRES_W659307962_T001,建筑工人,PL_W659307962,0.0,unresolved
P06603,ORG_N10844950436,ORG_N10844950436_T001,收银员,PL_N10844950436,0.0,verified
P06604,ORG_UNRES_W657949135,ORG_UNRES_W657949135_T001,独立程序员,PL_W657949135,0.0,unresolved
P06605,ORG_N9777691522,ORG_N9777691522_T001,独立承包商,PL_N9777691522,0.0,verified
P06606,ORG_N13332965095,ORG_N13332965095_T001,运营专员,PL_W34777559,4.1,high
P06607,ORG_W98409726,ORG_W98409726_T001,高级软件工程师,PL_W98409726,0.0,verified
P06608,ORG_N869749740,ORG_N869749740_T001,健身教练,PL_N869749740,0.0,verified
P06609,ORG_UNRES_W669602491,ORG_UNRES_W669602491_T001,电工,PL_W669602491,0.0,unresolved
P06610,ORG_N13951193831,ORG_N13951193831_T001,健身教练,PL_N13951193831,0.0,verified
P06611,ORG_UNRES_W368852940,ORG_UNRES_W368852940_T001,建筑工人,PL_W368852940,0.0,unresolved
P06612,ORG_N2711767746,ORG_N2711767746_T001,HR经理,PL_N2711767746,0.0,verified
P06613,ORG_N10272575777,ORG_N10272575777_T001,销售代表,PL_W540300990,47.7,medium
P06614,ORG_N8613406070,ORG_N8613406070_T001,高级项目经理,PL_W160884331,47.4,medium
P06615,ORG_W657926807,ORG_W657926807_T001,行政专员,PL_W657926807,0.0,verified
P06616,ORG_W865101515,ORG_W865101515_T001,保安,PL_W865101515,0.0,verified
P06617,ORG_W34204222,ORG_W34204222_T001,仓库操作员,PL_W34204226,74.9,medium
P06618,ORG_UNRES_W236938463,ORG_UNRES_W236938463_T001,设计师,PL_W236938463,0.0,unresolved
P06619,ORG_W1441902337,ORG_W1441902337_T001,财务主管,PL_W1441902337,0.0,verified
P06620,ORG_W23447393,ORG_W23447393_T001,本科生,PL_W23447393,0.0,verified
P06621,ORG_N575245026,ORG_N575245026_T001,自由销售,PL_N575245026,0.0,verified
P06622,ORG_N6545677393,ORG_N6545677393_T001,软件工程师,PL_N6545677393,0.0,verified
P06623,ORG_UNRES_W409262655,ORG_UNRES_W409262655_T001,会计,PL_W409262655,0.0,unresolved
P06624,ORG_N10765170820,ORG_N10765170820_T001,采购经理,PL_N10765170820,0.0,verified
P06625,ORG_W804639074,ORG_W804639074_T001,酒店服务人员,PL_W804639074,0.0,verified
P06626,ORG_UNRES_W659427555,ORG_UNRES_W659427555_T001,行政专员,PL_W659427555,0.0,unresolved
P06627,ORG_W231284913,ORG_W231284913_T002,酒店前台,PL_W231284913,0.0,verified
P06628,ORG_UNRES_W34586496,ORG_UNRES_W34586496_T001,仓库操作员,PL_W34586496,0.0,unresolved
P06629,ORG_N6561283485,ORG_N6561283485_T001,零售店员,PL_N6561283485,0.0,verified
P06630,ORG_W113530714,ORG_W113530714_T001,厨师,PL_W113530714,0.0,verified
P06631,ORG_N7630652118,ORG_N7630652118_T001,健身教练,PL_N7630652118,0.0,verified
P06632,ORG_UNRES_W659588026,ORG_UNRES_W659588026_T001,业务负责人,PL_W659588026,0.0,unresolved
P06633,ORG_UNRES_W997609634,ORG_UNRES_W997609634_T001,自由销售,PL_W997609634,0.0,unresolved
P06634,ORG_UNRES_W506137810,ORG_UNRES_W506137810_T001,财务专员,PL_W506137810,0.0,unresolved
P06635,ORG_N11955405341,ORG_N11955405341_T001,高级运营专员,PL_W167925742,5.9,high
P06636,ORG_UNRES_W58431317,ORG_UNRES_W58431317_T001,运营经理,PL_W58431317,0.0,unresolved
P06637,ORG_N2392212248,ORG_N2392212248_T001,自由销售,PL_N2392212248,0.0,verified
P06638,ORG_N5069406422,ORG_N5069406422_T001,采购经理,PL_W61698931,39.3,medium
P06639,ORG_UNRES_N9062962751,ORG_UNRES_N9062962751_T001,美容师,PL_N9062962751,0.0,unresolved
P06640,ORG_UNRES_W273616103,ORG_UNRES_W273616103_T001,产品经理,PL_W273616103,0.0,unresolved
P06641,ORG_N13890102780,ORG_N13890102780_T001,自由销售,PL_N13890102780,0.0,verified
P06642,ORG_UNRES_W57385304,ORG_UNRES_W57385304_T001,采购专员,PL_W57385304,0.0,unresolved
P06643,ORG_UNRES_W659831173,ORG_UNRES_W659831173_T001,翻译,PL_W659831173,0.0,unresolved
P06644,ORG_UNRES_W661076458,ORG_UNRES_W661076458_T001,独立承包商,PL_W661076458,0.0,unresolved
P06645,ORG_UNRES_W34690084,ORG_UNRES_W34690084_T001,焊工,PL_W34690084,0.0,unresolved
P06646,ORG_N11281293717,ORG_N11281293717_T001,本科生,PL_N11281293717,0.0,verified
P06647,ORG_N4347553469,ORG_N4347553469_T001,HR经理,PL_W309456431,7.6,high
P06648,ORG_UNRES_W705222378,ORG_UNRES_W705222378_T001,自由销售,PL_W705222378,0.0,unresolved
P06649,ORG_UNRES_N5367861826,ORG_UNRES_N5367861826_T001,健身教练,PL_N5367861826,0.0,unresolved
P06650,ORG_UNRES_W659587785,ORG_UNRES_W659587785_T001,安装工,PL_W659587785,0.0,unresolved
P06651,ORG_W33746340,ORG_W33746340_T001,财务主管,PL_W33746340,0.0,verified
P06652,ORG_N6543870356,ORG_N6543870356_T001,厨师,PL_N6543870356,0.0,verified
P06653,ORG_N13859079055,ORG_N13859079055_T001,健身教练,PL_N13859079055,0.0,verified
P06654,ORG_W60170480,ORG_W60170480_T001,客户专员,PL_W115222031,50.9,medium
P06655,ORG_N3698533566,ORG_N3698533566_T001,自媒体从业者,PL_N3698533566,0.0,verified
P06656,ORG_N13753673174,ORG_N13753673174_T001,采购经理,PL_W31963780,2.4,high
P06657,ORG_N12996529644,ORG_N12996529644_T001,高级运营专员,PL_W662098204,67.8,medium
P06658,ORG_W231284913,ORG_W231284913_T001,酒店前台,PL_W231284913,0.0,verified
P06659,ORG_UNRES_W43810870,ORG_UNRES_W43810870_T001,客户经理,PL_W43810870,0.0,unresolved
P06660,ORG_UNRES_W671185105,ORG_UNRES_W671185105_T001,产品经理,PL_W671185105,0.0,unresolved
P06661,ORG_UNRES_W220396450,ORG_UNRES_W220396450_T001,咨询顾问,PL_W220396450,0.0,unresolved
P06662,ORG_UNRES_W661251339,ORG_UNRES_W661251339_T001,搬运工,PL_W661251339,0.0,unresolved
P06663,ORG_N6172072005,ORG_N6172072005_T001,采购经理,PL_N6172072005,0.0,verified
P06664,ORG_W288106846,ORG_W288106846_T001,厨师,PL_W288106846,0.0,verified
P06665,ORG_N9376637799,ORG_N9376637799_T001,本科生,PL_N9376637799,0.0,verified
P06666,ORG_N9738590542,ORG_N9738590542_T001,零售店员,PL_N9738590542,0.0,verified
P06667,ORG_UNRES_W58673671,ORG_UNRES_W58673671_T001,设备操作员,PL_W58673671,0.0,unresolved
P06668,ORG_N3930426863,ORG_N3930426863_T001,咖啡师,PL_N3930426863,0.0,verified
P06669,ORG_W59244621,ORG_W59244621_T001,搬运工,PL_W59244621,0.0,verified
P06670,ORG_N1125532862,ORG_N1125532862_T001,区域经理,PL_W660624564,29.5,medium
P06671,ORG_N768966147,ORG_N768966147_T001,会计,PL_W61698931,40.9,medium
P06672,ORG_UNRES_W266723784,ORG_UNRES_W266723784_T001,汽车技师,PL_W266723784,0.0,unresolved
P06673,ORG_UNRES_W660831529,ORG_UNRES_W660831529_T001,独立承包商,PL_W660831529,0.0,unresolved
P06674,ORG_UNRES_W659549278,ORG_UNRES_W659549278_T001,摄影师,PL_W659549278,0.0,unresolved
P06675,ORG_UNRES_W103252322,ORG_UNRES_W103252322_T001,设备操作员,PL_W103252322,0.0,unresolved
P06676,ORG_N2159618518,ORG_N2159618518_T001,数据分析师,PL_W205960481,59.4,medium
P06677,ORG_W144942369,ORG_W144942369_T001,酒店服务人员,PL_W144942369,0.0,verified
P06678,ORG_N10684576108,ORG_N10684576108_T001,保安,PL_N10684576108,0.0,verified
P06679,ORG_N12138140753,ORG_N12138140753_T001,收银员,PL_N12138140753,0.0,verified
P06680,ORG_N4331562891,ORG_N4331562891_T001,自由销售,PL_N4331562891,0.0,verified
P06681,ORG_N12290484686,ORG_N12290484686_T001,客户专员,PL_N12290484686,0.0,verified
P06682,ORG_N12980689932,ORG_N12980689932_T001,HR经理,PL_N12980689932,0.0,verified
P06683,ORG_UNRES_W661950788,ORG_UNRES_W661950788_T001,维修技师,PL_W661950788,0.0,unresolved
P06684,ORG_N2486924730,ORG_N2486924730_T001,区域经理,PL_W34587722,48.3,medium
P06685,ORG_UNRES_W680629949,ORG_UNRES_W680629949_T001,设计师,PL_W680629949,0.0,unresolved
P06686,ORG_UNRES_W66984084,ORG_UNRES_W66984084_T001,焊工,PL_W66984084,0.0,unresolved
P06687,ORG_UNRES_W659839907,ORG_UNRES_W659839907_T001,汽车技师,PL_W659839907,0.0,unresolved
P06688,ORG_W150909173,ORG_W150909173_T001,财务主管,PL_W150909173,0.0,verified
P06689,ORG_N13141044925,ORG_N13141044925_T001,销售经理,PL_W796687004,43.7,medium
P06690,ORG_W27668360,ORG_W27668360_T001,高级运营专员,PL_W27668360,0.0,verified
P06691,ORG_N1306212511,ORG_N1306212511_T001,本科生,PL_N1306212511,0.0,verified
P06692,ORG_UNRES_W662253482,ORG_UNRES_W662253482_T001,HR经理,PL_W662253482,0.0,unresolved
P06693,ORG_UNRES_W659448799,ORG_UNRES_W659448799_T001,自由销售,PL_W659448799,0.0,unresolved
P06694,ORG_N13010520110,ORG_N13010520110_T001,采购经理,PL_N13010520110,0.0,verified
P06695,ORG_W179297875,ORG_W179297875_T002,酒店服务人员,PL_W179297875,0.0,verified
P06696,ORG_N10647678192,ORG_N10647678192_T001,厨师,PL_N10647678192,0.0,verified
P06697,ORG_W34550591,ORG_W34550591_T001,卡车司机,PL_W34550591,0.0,verified
P06698,ORG_N5476199331,ORG_N5476199331_T001,咖啡师,PL_N5476199331,0.0,verified
P06699,ORG_W27767642,ORG_W27767642_T001,项目经理,PL_W27767642,0.0,verified
P06700,ORG_N6840676690,ORG_N6840676690_T001,自由销售,PL_N6840676690,0.0,verified
P06701,ORG_N2077031200,ORG_N2077031200_T001,美容师,PL_N2077031200,0.0,verified
P06702,ORG_N6373214280,ORG_N6373214280_T001,理发师,PL_N6373214280,0.0,verified
P06703,ORG_UNRES_W32535044,ORG_UNRES_W32535044_T001,卡车司机,PL_W32535044,0.0,unresolved
P06704,ORG_UNRES_W658487104,ORG_UNRES_W658487104_T001,配送员,PL_W658487104,0.0,unresolved
P06705,ORG_UNRES_W32610047,ORG_UNRES_W32610047_T001,卡车司机,PL_W32610047,0.0,unresolved
P06706,ORG_UNRES_W661292315,ORG_UNRES_W661292315_T001,配送员,PL_W661292315,0.0,unresolved
P06707,ORG_W27767628,ORG_W27767628_T001,房产经纪,PL_W27767628,0.0,verified
P06708,ORG_UNRES_W291196701,ORG_UNRES_W291196701_T001,独立承包商,PL_W291196701,0.0,unresolved
P06709,ORG_N4544261635,ORG_N4544261635_T001,财务专员,PL_W662253497,14.3,high
P06710,ORG_UNRES_W297194551,ORG_UNRES_W297194551_T001,产品经理,PL_W297194551,0.0,unresolved
P06711,ORG_N10838177365,ORG_N10838177365_T001,软件工程师,PL_W57385297,21.2,high
P06712,ORG_UNRES_W34546414,ORG_UNRES_W34546414_T001,建筑工人,PL_W34546414,0.0,unresolved
P06713,ORG_UNRES_W661270617,ORG_UNRES_W661270617_T001,项目经理,PL_W661270617,0.0,unresolved
P06714,ORG_N11961685654,ORG_N11961685654_T001,财务主管,PL_W125308707,22.2,high
P06715,ORG_UNRES_W70865413,ORG_UNRES_W70865413_T001,咨询顾问,PL_W70865413,0.0,unresolved
P06716,ORG_N5342243445,ORG_N5342243445_T001,销售代表,PL_N5342243445,0.0,verified
P06717,ORG_UNRES_W31620394,ORG_UNRES_W31620394_T001,软件工程师,PL_W31620394,0.0,unresolved
P06718,ORG_UNRES_W804360805,ORG_UNRES_W804360805_T001,数据分析师,PL_W804360805,0.0,unresolved
P06719,ORG_UNRES_W659253131,ORG_UNRES_W659253131_T001,自媒体从业者,PL_W659253131,0.0,unresolved
P06720,ORG_UNRES_W660836805,ORG_UNRES_W660836805_T001,搬运工,PL_W660836805,0.0,unresolved
P06721,ORG_W32773278,ORG_W32773278_T001,产品经理,PL_W32773278,0.0,verified
P06722,ORG_N13087689843,ORG_N13087689843_T001,美容师,PL_N13087689843,0.0,verified
P06723,ORG_N3927992440,ORG_N3927992440_T001,财务专员,PL_W58271338,2.3,high
P06724,ORG_N6383661549,ORG_N6383661549_T001,高级运营专员,PL_N6383661549,0.0,verified
P06725,ORG_N12708613289,ORG_N12708613289_T001,软件工程师,PL_N12708613289,0.0,verified
P06726,ORG_UNRES_W661951364,ORG_UNRES_W661951364_T001,电工,PL_W661951364,0.0,unresolved
P06727,ORG_N6547925937,ORG_N6547925937_T001,客户专员,PL_N6547925937,0.0,verified
P06728,ORG_W805392730,ORG_W805392730_T001,产品经理,PL_W805392730,0.0,verified
P06729,ORG_UNRES_W663828888,ORG_UNRES_W663828888_T001,房产经纪,PL_W663828888,0.0,unresolved
P06730,ORG_N3545982885,ORG_N3545982885_T001,高级数据分析师,PL_N3545982885,0.0,verified
P06731,ORG_N13189418630,ORG_N13189418630_T001,销售经理,PL_W25650709,8.4,high
P06732,ORG_W27767648,ORG_W27767648_T001,软件工程师,PL_W27767648,0.0,verified
P06733,ORG_UNRES_W663827265,ORG_UNRES_W663827265_T001,高级产品经理,PL_W663827265,0.0,unresolved
P06734,ORG_N13028429350,ORG_N13028429350_T001,咖啡师,PL_N13028429350,0.0,verified
P06735,ORG_UNRES_W333192891,ORG_UNRES_W333192891_T001,建筑工人,PL_W333192891,0.0,unresolved
P06736,ORG_N9672795308,ORG_N9672795308_T001,硕士研究生,PL_N9672795308,0.0,verified
P06737,ORG_N6736714235,ORG_N6736714235_T001,软件工程师,PL_W34582270,55.3,medium
P06738,ORG_N1143293063,ORG_N1143293063_T001,自由销售,PL_N1143293063,0.0,verified
P06739,ORG_W657936017,ORG_W657936017_T001,仓库操作员,PL_W657936017,0.0,verified
P06740,ORG_UNRES_W114706282,ORG_UNRES_W114706282_T001,独立承包商,PL_W114706282,0.0,unresolved
P06741,ORG_N6351463701,ORG_N6351463701_T001,销售经理,PL_N6351463701,0.0,verified
P06742,ORG_N14104268002,ORG_N14104268002_T001,客户经理,PL_N14104268002,0.0,verified
P06743,ORG_N3491965229,ORG_N3491965229_T001,运营经理,PL_N3491965229,0.0,verified
P06744,ORG_N12922364985,ORG_N12922364985_T001,设计师,PL_W239024445,61.2,medium
P06745,ORG_N6363749801,ORG_N6363749801_T001,收银员,PL_N6363749801,0.0,verified
P06746,ORG_W23447393,ORG_W23447393_T001,本科生,PL_W23447393,0.0,verified
P06747,ORG_N3728546038,ORG_N3728546038_T001,运营专员,PL_N3728546038,0.0,verified
P06748,ORG_N3098491468,ORG_N3098491468_T001,客户专员,PL_N3098491468,0.0,verified
P06749,ORG_N13227720773,ORG_N13227720773_T001,自由设计师,PL_N13227720773,0.0,verified
P06750,ORG_N7553496742,ORG_N7553496742_T001,客服,PL_N7553496742,0.0,verified
P06751,ORG_N10838172286,ORG_N10838172286_T001,财务专员,PL_N10838172286,0.0,verified
P06752,ORG_N2883876001,ORG_N2883876001_T001,高级数据分析师,PL_W659094341,47.2,medium
P06753,ORG_N6558113008,ORG_N6558113008_T001,财务专员,PL_W659632921,21.1,high
P06754,ORG_N390352691,ORG_N390352691_T001,高级运营专员,PL_N390352691,0.0,verified
P06755,ORG_N8755303552,ORG_N8755303552_T001,硕士研究生,PL_N8755303552,0.0,verified
P06756,ORG_UNRES_W469614541,ORG_UNRES_W469614541_T001,客户经理,PL_W469614541,0.0,unresolved
P06757,ORG_UNRES_W659730909,ORG_UNRES_W659730909_T001,维修技师,PL_W659730909,0.0,unresolved
P06758,ORG_N3949374257,ORG_N3949374257_T001,采购经理,PL_W31620092,5.2,high
P06759,ORG_W15396822,ORG_W15396822_T001,博士研究生,PL_W15396822,0.0,verified
P06760,ORG_W291464606,ORG_W291464606_T001,酒店服务人员,PL_W291464606,0.0,verified
P06761,ORG_N6175614778,ORG_N6175614778_T001,理发师,PL_N6175614778,0.0,verified
P06762,ORG_W802208019,ORG_W802208019_T001,酒店前台,PL_W802208019,0.0,verified
P06763,ORG_N6365262320,ORG_N6365262320_T001,理发师,PL_N6365262320,0.0,verified
P06764,ORG_W55031878,ORG_W55031878_T001,高级软件工程师,PL_W55031878,0.0,verified
P06765,ORG_UNRES_W660835759,ORG_UNRES_W660835759_T001,客户专员,PL_W660835759,0.0,unresolved
P06766,ORG_N7707378521,ORG_N7707378521_T001,产品经理,PL_N7707378521,0.0,verified
P06767,ORG_W322563009,ORG_W322563009_T001,客户经理,PL_W101207707,61.3,medium
P06768,ORG_W775640504,ORG_W775640504_T001,硕士研究生,PL_W775640504,0.0,verified
P06769,ORG_UNRES_W58728441,ORG_UNRES_W58728441_T001,建筑工人,PL_W58728441,0.0,unresolved
P06770,ORG_W35021215,ORG_W35021215_T001,安装工,PL_W34985273,111.2,medium
P06771,ORG_N1421538657,ORG_N1421538657_T001,客服,PL_N1421538657,0.0,verified
P06772,ORG_N2835994760,ORG_N2835994760_T001,私教,PL_N2835994760,0.0,verified
P06773,ORG_W532956510,ORG_W532956510_T001,会计,PL_W532956510,0.0,verified
P06774,ORG_N13013621522,ORG_N13013621522_T001,零售店员,PL_N13013621522,0.0,verified
P06775,ORG_N3099864454,ORG_N3099864454_T001,美容师,PL_N3099864454,0.0,verified
P06776,ORG_UNRES_W704997235,ORG_UNRES_W704997235_T001,客户专员,PL_W704997235,0.0,unresolved
P06777,ORG_N7100164417,ORG_N7100164417_T001,零售店员,PL_N7100164417,0.0,verified
P06778,ORG_W663314286,ORG_W663314286_T001,高级数据分析师,PL_W677205549,98.5,medium
P06779,ORG_UNRES_W69341524,ORG_UNRES_W69341524_T001,采购经理,PL_W69341524,0.0,unresolved
P06780,ORG_UNRES_W660836762,ORG_UNRES_W660836762_T001,建筑工人,PL_W660836762,0.0,unresolved
P06781,ORG_N6592055414,ORG_N6592055414_T001,理发师,PL_N6592055414,0.0,verified
P06782,ORG_N6373239280,ORG_N6373239280_T001,数据分析师,PL_N6373239280,0.0,verified
P06783,ORG_N7557291261,ORG_N7557291261_T001,厨师,PL_N7557291261,0.0,verified
P06784,ORG_N2549505950,ORG_N2549505950_T001,产品经理,PL_W106976306,12.1,high
P06785,ORG_N5161264621,ORG_N5161264621_T001,设计师,PL_W657722108,16.0,high
P06786,ORG_UNRES_W34720501,ORG_UNRES_W34720501_T001,仓库操作员,PL_W34720501,0.0,unresolved
P06787,ORG_N10885250292,ORG_N10885250292_T001,自由销售,PL_N10885250292,0.0,verified
P06788,ORG_UNRES_W660832630,ORG_UNRES_W660832630_T001,客户经理,PL_W660832630,0.0,unresolved
P06789,ORG_N13011557678,ORG_N13011557678_T001,厨师,PL_N13011557678,0.0,verified
P06790,ORG_N1138266251,ORG_N1138266251_T001,客服,PL_N1138266251,0.0,verified
P06791,ORG_UNRES_W660831823,ORG_UNRES_W660831823_T001,自由设计师,PL_W660831823,0.0,unresolved
P06792,ORG_W27767627,ORG_W27767627_T001,销售代表,PL_W27767627,0.0,verified
P06793,ORG_UNRES_W34582270,ORG_UNRES_W34582270_T001,维修技师,PL_W34582270,0.0,unresolved
P06794,ORG_UNRES_W31619119,ORG_UNRES_W31619119_T001,摄影师,PL_W31619119,0.0,unresolved
P06795,ORG_W797150068,ORG_W797150068_T001,财务专员,PL_W1395765940,22.4,high
P06796,ORG_UNRES_W33542264,ORG_UNRES_W33542264_T001,运营经理,PL_W33542264,0.0,unresolved
P06797,ORG_UNRES_W660819580,ORG_UNRES_W660819580_T001,自由设计师,PL_W660819580,0.0,unresolved
P06798,ORG_UNRES_W661541291,ORG_UNRES_W661541291_T001,自由设计师,PL_W661541291,0.0,unresolved
P06799,ORG_N3009597791,ORG_N3009597791_T001,财务专员,PL_N3009597791,0.0,verified
P06800,ORG_W62058559,ORG_W62058559_T001,酒店服务人员,PL_W62058559,0.0,verified
P06801,ORG_W33849166,ORG_W33849166_T001,行政专员,PL_W33849166,0.0,verified
P06802,ORG_N7580385313,ORG_N7580385313_T001,美容师,PL_N7580385313,0.0,verified
P06803,ORG_N3426157172,ORG_N3426157172_T001,咖啡师,PL_N3426157172,0.0,verified
P06804,ORG_N6191658178,ORG_N6191658178_T001,项目经理,PL_W61955715,4.1,high
P06805,ORG_N6565391652,ORG_N6565391652_T001,会计,PL_W660832883,50.8,medium
P06806,ORG_N400967545,ORG_N400967545_T001,保安,PL_N400967545,0.0,verified
P06807,ORG_W203052175,ORG_W203052175_T001,财务主管,PL_W203052175,0.0,verified
P06808,ORG_UNRES_W78252696,ORG_UNRES_W78252696_T001,销售代表,PL_W78252696,0.0,unresolved
P06809,ORG_W96001394,ORG_W96001394_T001,配送员,PL_W96001394,0.0,verified
P06810,ORG_W161110169,ORG_W161110169_T001,本科生,PL_W161110169,0.0,verified
P06811,ORG_W32540779,ORG_W32540779_T001,高级运营专员,PL_W32540779,0.0,verified
P06812,ORG_W797150068,ORG_W797150068_T001,HR经理,PL_W1395765938,7.3,high
P06813,ORG_N6181451964,ORG_N6181451964_T001,咖啡师,PL_N6181451964,0.0,verified
P06814,ORG_UNRES_W34412968,ORG_UNRES_W34412968_T001,运营专员,PL_W34412968,0.0,unresolved
P06815,ORG_N5837388917,ORG_N5837388917_T001,厨师,PL_N5837388917,0.0,verified
P06816,ORG_UNRES_W60170479,ORG_UNRES_W60170479_T001,自由设计师,PL_W60170479,0.0,unresolved
P06817,ORG_W659633403,ORG_W659633403_T001,设计师,PL_W659633403,0.0,verified
P06818,ORG_N8828490091,ORG_N8828490091_T001,本科生,PL_N8828490091,0.0,verified
P06819,ORG_N12840913503,ORG_N12840913503_T001,客户专员,PL_N12840913503,0.0,verified
P06820,ORG_UNRES_W442979488,ORG_UNRES_W442979488_T001,电工,PL_W442979488,0.0,unresolved
P06821,ORG_W659840070,ORG_W659840070_T001,卡车司机,PL_W659840070,0.0,verified
P06822,ORG_W231983646,ORG_W231983646_T001,酒店前台,PL_W231983646,0.0,verified
P06823,ORG_N6736714235,ORG_N6736714235_T001,设计师,PL_W34582270,55.3,medium
P06824,ORG_UNRES_W661250253,ORG_UNRES_W661250253_T001,安装工,PL_W661250253,0.0,unresolved
P06825,ORG_W62202665,ORG_W62202665_T001,部门经理,PL_W62202665,0.0,verified
P06826,ORG_N11818755964,ORG_N11818755964_T001,项目经理,PL_W80378497,2.1,high
P06827,ORG_UNRES_W61010236,ORG_UNRES_W61010236_T001,自由销售,PL_W61010236,0.0,unresolved
P06828,ORG_N13115465532,ORG_N13115465532_T001,高级数据分析师,PL_N13115465532,0.0,verified
P06829,ORG_N7920552930,ORG_N7920552930_T001,软件工程师,PL_N7920552930,0.0,verified
P06830,ORG_UNRES_W659533822,ORG_UNRES_W659533822_T001,销售代表,PL_W659533822,0.0,unresolved
P06831,ORG_UNRES_W661471703,ORG_UNRES_W661471703_T001,仓库操作员,PL_W661471703,0.0,unresolved
P06832,ORG_W416989000,ORG_W416989000_T001,酒店前台,PL_W416989000,0.0,verified
P06833,ORG_N6548329638,ORG_N6548329638_T001,运营专员,PL_N6548329638,0.0,verified
P06834,ORG_W31963779,ORG_W31963779_T001,高级数据分析师,PL_W31963779,0.0,verified
P06835,ORG_N6341941432,ORG_N6341941432_T001,产品经理,PL_N6341941432,0.0,verified
P06836,ORG_UNRES_W93832542,ORG_UNRES_W93832542_T001,设计师,PL_W93832542,0.0,unresolved
P06837,ORG_UNRES_W331945075,ORG_UNRES_W331945075_T001,卡车司机,PL_W331945075,0.0,unresolved
P06838,ORG_W77039541,ORG_W77039541_T001,保安,PL_W77039541,0.0,verified
P06839,ORG_N14052403172,ORG_N14052403172_T001,运营专员,PL_N14052403172,0.0,verified
P06840,ORG_UNRES_W659248377,ORG_UNRES_W659248377_T001,自由销售,PL_W659248377,0.0,unresolved
P06841,ORG_N423042357,ORG_N423042357_T001,零售店员,PL_N423042357,0.0,verified
P06842,ORG_UNRES_W466139015,ORG_UNRES_W466139015_T001,快递员,PL_W466139015,0.0,unresolved
P06843,ORG_UNRES_W663827573,ORG_UNRES_W663827573_T001,采购经理,PL_W663827573,0.0,unresolved
P06844,ORG_W33746340,ORG_W33746340_T001,财务主管,PL_W33746340,0.0,verified
P06845,ORG_UNRES_W659728768,ORG_UNRES_W659728768_T001,咨询顾问,PL_W659728768,0.0,unresolved
P06846,ORG_N6371048515,ORG_N6371048515_T001,美容师,PL_N6371048515,0.0,verified
P06847,ORG_W67139123,ORG_W67139123_T001,行政专员,PL_W67139113,56.0,medium
P06848,ORG_W28025955,ORG_W28025955_T001,销售经理,PL_W28025955,0.0,verified
P06849,ORG_UNRES_W60428567,ORG_UNRES_W60428567_T001,汽车技师,PL_W60428567,0.0,unresolved
P06850,ORG_N13908369388,ORG_N13908369388_T001,设计师,PL_W671599468,27.7,medium
P06851,ORG_UNRES_W705512157,ORG_UNRES_W705512157_T001,摄影师,PL_W705512157,0.0,unresolved
P06852,ORG_UNRES_W34749802,ORG_UNRES_W34749802_T001,焊工,PL_W34749802,0.0,unresolved
P06853,ORG_UNRES_W703255160,ORG_UNRES_W703255160_T001,软件工程师,PL_W703255160,0.0,unresolved
P06854,ORG_W989269219,ORG_W989269219_T001,财务主管,PL_W989269219,0.0,verified
P06855,ORG_UNRES_W32596506,ORG_UNRES_W32596506_T001,安装工,PL_W32596506,0.0,unresolved
P06856,ORG_W179297875,ORG_W179297875_T002,酒店前台,PL_W179297875,0.0,verified
P06857,ORG_UNRES_W661951719,ORG_UNRES_W661951719_T001,仓库操作员,PL_W661951719,0.0,unresolved
P06858,ORG_UNRES_W1204734658,ORG_UNRES_W1204734658_T001,摄影师,PL_W1204734658,0.0,unresolved
P06859,ORG_W77039686,ORG_W77039686_T001,硕士研究生,PL_W77039686,0.0,verified
P06860,ORG_N14049977718,ORG_N14049977718_T001,理发师,PL_N14049977718,0.0,verified
P06861,ORG_N12863175278,ORG_N12863175278_T001,项目经理,PL_N12863175278,0.0,verified
P06862,ORG_UNRES_W93811476,ORG_UNRES_W93811476_T001,安装工,PL_W93811476,0.0,unresolved
P06863,ORG_N12250562902,ORG_N12250562902_T001,私教,PL_N12250562902,0.0,verified
P06864,ORG_UNRES_W659633476,ORG_UNRES_W659633476_T001,业务负责人,PL_W659633476,0.0,unresolved
P06865,ORG_N13944300501,ORG_N13944300501_T001,餐厅服务员,PL_N13944300501,0.0,verified
P06866,ORG_N11120023521,ORG_N11120023521_T001,自由销售,PL_W231011596,64.2,medium
P06867,ORG_UNRES_W659427973,ORG_UNRES_W659427973_T001,业务负责人,PL_W659427973,0.0,unresolved
P06868,ORG_N4347553469,ORG_N4347553469_T001,客户专员,PL_N4347553469,0.0,verified
P06869,ORG_N2799536962,ORG_N2799536962_T001,财务专员,PL_W662253497,31.7,medium
P06870,ORG_N12319325932,ORG_N12319325932_T001,会计,PL_W1024883174,78.5,medium
P06871,ORG_W231284913,ORG_W231284913_T002,酒店服务人员,PL_W231284913,0.0,verified
P06872,ORG_UNRES_W31617618,ORG_UNRES_W31617618_T001,摄影师,PL_W31617618,0.0,unresolved
P06873,ORG_W1502657605,ORG_W1502657605_T001,本科生,PL_W1502657605,0.0,verified
P06874,ORG_UNRES_W661314349,ORG_UNRES_W661314349_T001,建筑工人,PL_W661314349,0.0,unresolved
P06875,ORG_N12997418433,ORG_N12997418433_T001,零售店员,PL_N12997418433,0.0,verified
P06876,ORG_UNRES_W62365025,ORG_UNRES_W62365025_T001,汽车技师,PL_W62365025,0.0,unresolved
P06877,ORG_UNRES_W306339343,ORG_UNRES_W306339343_T001,财务主管,PL_W306339343,0.0,unresolved
P06878,ORG_UNRES_W1525237525,ORG_UNRES_W1525237525_T001,房产经纪,PL_W1525237525,0.0,unresolved
P06879,ORG_W27767628,ORG_W27767628_T001,客户专员,PL_W27767628,0.0,verified
P06880,ORG_N12863156081,ORG_N12863156081_T001,软件工程师,PL_N12863156081,0.0,verified
P06881,ORG_N10085704214,ORG_N10085704214_T001,本科生,PL_N10085704214,0.0,verified
P06882,ORG_UNRES_W676443514,ORG_UNRES_W676443514_T001,本科生,PL_W676443514,0.0,unresolved
P06883,ORG_UNRES_W31617618,ORG_UNRES_W31617618_T001,独立程序员,PL_W31617618,0.0,unresolved
P06884,ORG_UNRES_W795967144,ORG_UNRES_W795967144_T001,高级软件工程师,PL_W795967144,0.0,unresolved
P06885,ORG_N12697813979,ORG_N12697813979_T001,设计师,PL_W182946160,18.5,high
P06886,ORG_UNRES_W60516155,ORG_UNRES_W60516155_T001,设计师,PL_W60516155,0.0,unresolved
P06887,ORG_W180313509,ORG_W180313509_T001,销售代表,PL_W180313509,0.0,verified
P06888,ORG_W15396822,ORG_W15396822_T001,本科生,PL_W15396822,0.0,verified
P06889,ORG_UNRES_W108536784,ORG_UNRES_W108536784_T001,房产经纪,PL_W108536784,0.0,unresolved
P06890,ORG_UNRES_W60332314,ORG_UNRES_W60332314_T001,焊工,PL_W60332314,0.0,unresolved
P06891,ORG_N10892231389,ORG_N10892231389_T001,数据分析师,PL_N10892231389,0.0,verified
P06892,ORG_N7578540533,ORG_N7578540533_T001,咖啡师,PL_N7578540533,0.0,verified
P06893,ORG_W34749721,ORG_W34749721_T001,保安,PL_W34749721,0.0,verified
P06894,ORG_N6561539258,ORG_N6561539258_T001,零售店员,PL_N6561539258,0.0,verified
P06895,ORG_N13879320058,ORG_N13879320058_T001,本科生,PL_N13879320058,0.0,verified
P06896,ORG_W55461564,ORG_W55461564_T001,酒店服务人员,PL_W55461564,0.0,verified
P06897,ORG_UNRES_W297194551,ORG_UNRES_W297194551_T001,行政专员,PL_W297194551,0.0,unresolved
P06898,ORG_W115222390,ORG_W115222390_T001,客户经理,PL_W115222390,0.0,verified
P06899,ORG_UNRES_W33036598,ORG_UNRES_W33036598_T001,自媒体从业者,PL_W33036598,0.0,unresolved
P06900,ORG_N14052472767,ORG_N14052472767_T001,项目经理,PL_W658233516,78.5,medium
P06901,ORG_W34720688,ORG_W34720688_T001,高级软件工程师,PL_W34720688,0.0,verified
P06902,ORG_N3468203402,ORG_N3468203402_T001,房产经纪,PL_W121968345,10.7,high
P06903,ORG_UNRES_W33191783,ORG_UNRES_W33191783_T001,维修技师,PL_W33191783,0.0,unresolved
P06904,ORG_W241020327,ORG_W241020327_T001,保安,PL_W241020327,0.0,verified
P06905,ORG_N7751916048,ORG_N7751916048_T001,自由销售,PL_N9870218181,22.5,high
P06906,ORG_W23334883,ORG_W23334883_T001,本科生,PL_W23334883,0.0,verified
P06907,ORG_UNRES_W702554513,ORG_UNRES_W702554513_T001,维修技师,PL_W702554513,0.0,unresolved
P06908,ORG_W58647115,ORG_W58647115_T001,美容师,PL_W58647115,0.0,verified
P06909,ORG_N6712345504,ORG_N6712345504_T001,美容师,PL_N6712345504,0.0,verified
P06910,ORG_UNRES_W36543497,ORG_UNRES_W36543497_T001,采购经理,PL_W36543497,0.0,unresolved
P06911,ORG_UNRES_W194224092,ORG_UNRES_W194224092_T001,配送员,PL_W194224092,0.0,unresolved
P06912,ORG_UNRES_W331879919,ORG_UNRES_W331879919_T001,配送员,PL_W331879919,0.0,unresolved
P06913,ORG_N560196733,ORG_N560196733_T001,收银员,PL_N560196733,0.0,verified
P06914,ORG_N13944227404,ORG_N13944227404_T001,高级数据分析师,PL_N13944227404,0.0,verified
P06915,ORG_N12821334703,ORG_N12821334703_T001,财务专员,PL_N12821334703,0.0,verified
P06916,ORG_N13018279815,ORG_N13018279815_T001,高级运营专员,PL_N13018279815,0.0,verified
P06917,ORG_UNRES_W34554802,ORG_UNRES_W34554802_T001,财务专员,PL_W34554802,0.0,unresolved
P06918,ORG_W179222093,ORG_W179222093_T001,网店经营者,PL_W179222093,0.0,verified
P06919,ORG_W661193603,ORG_W661193603_T001,财务主管,PL_W661193603,0.0,verified
P06920,ORG_W31963777,ORG_W31963777_T001,采购专员,PL_W31963777,0.0,verified
P06921,ORG_UNRES_W659445731,ORG_UNRES_W659445731_T001,私教,PL_W659445731,0.0,unresolved
P06922,ORG_N2188781423,ORG_N2188781423_T001,高级数据分析师,PL_N2188781423,0.0,verified
P06923,ORG_W55031045,ORG_W55031045_T001,酒店服务人员,PL_W55031045,0.0,verified
P06924,ORG_UNRES_W662442427,ORG_UNRES_W662442427_T001,销售代表,PL_W662442427,0.0,unresolved
P06925,ORG_UNRES_W103621099,ORG_UNRES_W103621099_T001,搬运工,PL_W103621099,0.0,unresolved
P06926,ORG_N6351463701,ORG_N6351463701_T001,高级数据分析师,PL_N6351463701,0.0,verified
P06927,ORG_N6621643593,ORG_N6621643593_T001,采购专员,PL_W226512038,53.1,medium
P06928,ORG_UNRES_W56235405,ORG_UNRES_W56235405_T001,维修技师,PL_W56235405,0.0,unresolved
P06929,ORG_W67579891,ORG_W67579891_T001,客服,PL_W67579891,0.0,verified
P06930,ORG_W67141305,ORG_W67141305_T001,保安,PL_W67141305,0.0,verified
P06931,ORG_UNRES_W79672266,ORG_UNRES_W79672266_T001,HR经理,PL_W79672266,0.0,unresolved
P06932,ORG_N2650564456,ORG_N2650564456_T001,翻译,PL_N2650564456,0.0,verified
P06933,ORG_N10838177365,ORG_N10838177365_T001,房产经纪,PL_W57385297,21.2,high
P06934,ORG_UNRES_W33000007,ORG_UNRES_W33000007_T001,安装工,PL_W33000007,0.0,unresolved
P06935,ORG_UNRES_W660569187,ORG_UNRES_W660569187_T001,摄影师,PL_W660569187,0.0,unresolved
P06936,ORG_UNRES_W216336035,ORG_UNRES_W216336035_T001,建筑工人,PL_W216336035,0.0,unresolved
P06937,ORG_N13582570978,ORG_N13582570978_T001,产品经理,PL_W302103495,49.9,medium
P06938,ORG_N4284778490,ORG_N4284778490_T001,健身教练,PL_N4284778490,0.0,verified
P06939,ORG_W370371691,ORG_W370371691_T001,快递员,PL_W370371691,0.0,verified
P06940,ORG_UNRES_W67139134,ORG_UNRES_W67139134_T001,财务专员,PL_W67139134,0.0,unresolved
P06941,ORG_W142739261,ORG_W142739261_T001,财务专员,PL_W142739261,0.0,verified
P06942,ORG_N13374713725,ORG_N13374713725_T001,硕士研究生,PL_N13374713725,0.0,verified
P06943,ORG_N13917883670,ORG_N13917883670_T001,运营经理,PL_W111661859,30.6,medium
P06944,ORG_N3440216089,ORG_N3440216089_T001,人力资源经理,PL_N3440216089,0.0,verified
P06945,ORG_N8964348889,ORG_N8964348889_T001,自由设计师,PL_N8964348889,0.0,verified
P06946,ORG_UNRES_W188289814,ORG_UNRES_W188289814_T001,财务专员,PL_W188289814,0.0,unresolved
P06947,ORG_W27767640,ORG_W27767640_T002,酒店前台,PL_W27767640,0.0,verified
P06948,ORG_UNRES_W661047830,ORG_UNRES_W661047830_T001,高级数据分析师,PL_W661047830,0.0,unresolved
P06949,ORG_UNRES_W194716353,ORG_UNRES_W194716353_T001,卡车司机,PL_W194716353,0.0,unresolved
P06950,ORG_N383486480,ORG_N383486480_T001,财务专员,PL_W659969619,74.5,medium
P06951,ORG_UNRES_W660867512,ORG_UNRES_W660867512_T001,摄影师,PL_W660867512,0.0,unresolved
P06952,ORG_N5268236421,ORG_N5268236421_T001,客服,PL_N5268236421,0.0,verified
P06953,ORG_W55029942,ORG_W55029942_T001,会计,PL_W55029942,0.0,verified
P06954,ORG_N13764112428,ORG_N13764112428_T001,客服,PL_N13764112428,0.0,verified
P06955,ORG_N3687539002,ORG_N3687539002_T001,采购专员,PL_N3687539002,0.0,verified
P06956,ORG_UNRES_W670633521,ORG_UNRES_W670633521_T001,客户专员,PL_W670633521,0.0,unresolved
P06957,ORG_N13172281171,ORG_N13172281171_T001,理发师,PL_N3884180863,9.9,high
P06958,ORG_UNRES_W31617617,ORG_UNRES_W31617617_T001,独立程序员,PL_W31617617,0.0,unresolved
P06959,ORG_N6359447137,ORG_N6359447137_T001,摄影师,PL_W679142325,17.3,high
P06960,ORG_UNRES_W32610188,ORG_UNRES_W32610188_T001,维修技师,PL_W32610188,0.0,unresolved
P06961,ORG_W32742026,ORG_W32742026_T001,客服,PL_W32742026,0.0,verified
P06962,ORG_UNRES_W659333862,ORG_UNRES_W659333862_T001,自由设计师,PL_W659333862,0.0,unresolved
P06963,ORG_N13971407110,ORG_N13971407110_T001,高级数据分析师,PL_N13971407110,0.0,verified
P06964,ORG_W178090074,ORG_W178090074_T001,财务专员,PL_W61698598,36.2,medium
P06965,ORG_N13924356011,ORG_N13924356011_T001,零售店员,PL_N13924356011,0.0,verified
P06966,ORG_UNRES_W659830744,ORG_UNRES_W659830744_T001,运营专员,PL_W659830744,0.0,unresolved
P06967,ORG_N2215446641,ORG_N2215446641_T001,理发师,PL_N2215446641,0.0,verified
P06968,ORG_W370371691,ORG_W370371691_T001,高级数据分析师,PL_W674573766,17.7,high
P06969,ORG_N13885890639,ORG_N13885890639_T001,本科生,PL_N13885890639,0.0,verified
P06970,ORG_W58647114,ORG_W58647114_T001,配送员,PL_W58647118,85.7,medium
P06971,ORG_N11220854984,ORG_N11220854984_T001,美容师,PL_N11220854984,0.0,verified
P06972,ORG_UNRES_W661810016,ORG_UNRES_W661810016_T001,行政专员,PL_W661810016,0.0,unresolved
P06973,ORG_W231773826,ORG_W231773826_T001,酒店服务人员,PL_W231773826,0.0,verified
P06974,ORG_W243812280,ORG_W243812280_T001,健身教练,PL_W243812280,0.0,verified
P06975,ORG_N7099866863,ORG_N7099866863_T001,运营专员,PL_N7099866863,0.0,verified
P06976,ORG_W61698945,ORG_W61698945_T001,数据分析师,PL_W61698945,0.0,verified
P06977,ORG_UNRES_W32540279,ORG_UNRES_W32540279_T001,设备操作员,PL_W32540279,0.0,unresolved
P06978,ORG_N14015752968,ORG_N14015752968_T001,保安,PL_N14015752968,0.0,verified
P06979,ORG_UNRES_W59146422,ORG_UNRES_W59146422_T001,高级软件工程师,PL_W59146422,0.0,unresolved
P06980,ORG_W23447393,ORG_W23447393_T001,硕士研究生,PL_W23447393,0.0,verified
P06981,ORG_UNRES_W67141485,ORG_UNRES_W67141485_T001,数据分析师,PL_W67141485,0.0,unresolved
P06982,ORG_W166540890,ORG_W166540890_T001,翻译,PL_W166540890,0.0,verified
P06983,ORG_W367638701,ORG_W367638701_T001,行政专员,PL_W367638701,0.0,verified
P06984,ORG_W142432175,ORG_W142432175_T001,自媒体从业者,PL_W142432175,0.0,verified
P06985,ORG_N14085372607,ORG_N14085372607_T001,项目经理,PL_N14085372607,0.0,verified
P06986,ORG_N281361734,ORG_N281361734_T001,收银员,PL_N281361734,0.0,verified
P06987,ORG_W1502659706,ORG_W1502659706_T001,博士研究生,PL_W1502659706,0.0,verified
P06988,ORG_N12326896495,ORG_N12326896495_T001,健身教练,PL_N12326896495,0.0,verified
P06989,ORG_W61429677,ORG_W61429677_T001,酒店服务人员,PL_W61429677,0.0,verified
P06990,ORG_UNRES_W61955741,ORG_UNRES_W61955741_T001,高级数据分析师,PL_W61955741,0.0,unresolved
P06991,ORG_N13686766873,ORG_N13686766873_T001,数据分析师,PL_W1545155853,65.3,medium
P06992,ORG_N9571939817,ORG_N9571939817_T001,采购专员,PL_N9571939817,0.0,verified
P06993,ORG_N3653499895,ORG_N3653499895_T001,美容师,PL_N3653499895,0.0,verified
P06994,ORG_UNRES_W229483419,ORG_UNRES_W229483419_T001,汽车技师,PL_W229483419,0.0,unresolved
P06995,ORG_UNRES_W702537549,ORG_UNRES_W702537549_T001,本科生,PL_W702537549,0.0,unresolved
P06996,ORG_W34749723,ORG_W34749723_T001,酒店前台,PL_W34749723,0.0,verified
P06997,ORG_UNRES_W59146421,ORG_UNRES_W59146421_T001,销售经理,PL_W59146421,0.0,unresolved
P06998,ORG_W23447393,ORG_W23447393_T001,硕士研究生,PL_W23447393,0.0,verified
P06999,ORG_UNRES_W296368461,ORG_UNRES_W296368461_T001,行政专员,PL_W296368461,0.0,unresolved
P07000,ORG_N5709322930,ORG_N5709322930_T001,零售店员,PL_N5709322930,0.0,verified
P07001,ORG_W659094218,ORG_W659094218_T001,安装工,PL_W659094218,0.0,verified
P07002,ORG_N13318237528,ORG_N13318237528_T001,餐厅服务员,PL_N13318237528,0.0,verified
P07003,ORG_UNRES_W1057021509,ORG_UNRES_W1057021509_T001,电工,PL_W1057021509,0.0,unresolved
P07004,ORG_W27767628,ORG_W27767628_T001,高级项目经理,PL_W27767628,0.0,verified
P07005,ORG_W504775784,ORG_W504775784_T001,收银员,PL_W504775784,0.0,verified
P07006,ORG_W537868893,ORG_W537868893_T001,运营专员,PL_W537868893,0.0,verified
P07007,ORG_N8755303552,ORG_N8755303552_T001,硕士研究生,PL_N8755303552,0.0,verified
P07008,ORG_N6423958627,ORG_N6423958627_T001,软件工程师,PL_W225518789,54.6,medium
P07009,ORG_W657935867,ORG_W657935867_T001,建筑工人,PL_W657935867,0.0,verified
P07010,ORG_N383448341,ORG_N383448341_T001,餐厅服务员,PL_N383448341,0.0,verified
P07011,ORG_N6415245494,ORG_N6415245494_T001,HR经理,PL_N6415245494,0.0,verified
P07012,ORG_UNRES_W34749772,ORG_UNRES_W34749772_T001,维修技师,PL_W34749772,0.0,unresolved
P07013,ORG_W658962780,ORG_W658962780_T001,采购经理,PL_W658962778,19.8,high
P07014,ORG_N6584458762,ORG_N6584458762_T001,数据分析师,PL_N6584458762,0.0,verified
P07015,ORG_N2790415032,ORG_N2790415032_T001,财务专员,PL_W679964143,38.2,medium
P07016,ORG_N13951143178,ORG_N13951143178_T001,设计师,PL_N13951143178,0.0,verified
P07017,ORG_N10537982829,ORG_N10537982829_T001,运营专员,PL_W31451804,46.0,medium
P07018,ORG_W60304653,ORG_W60304653_T001,本科生,PL_W60304653,0.0,verified
P07019,ORG_W34900123,ORG_W34900123_T001,安装工,PL_W34900123,0.0,verified
P07020,ORG_N4349201055,ORG_N4349201055_T001,客服,PL_N4349201055,0.0,verified
P07021,ORG_UNRES_W704945365,ORG_UNRES_W704945365_T001,自媒体从业者,PL_W704945365,0.0,unresolved
P07022,ORG_N772366445,ORG_N772366445_T001,咖啡师,PL_N772366445,0.0,verified
P07023,ORG_W27767635,ORG_W27767635_T001,财务专员,PL_W27767635,0.0,verified
P07024,ORG_UNRES_W159212600,ORG_UNRES_W159212600_T001,建筑工人,PL_W159212600,0.0,unresolved
P07025,ORG_N9559247100,ORG_N9559247100_T001,高级运营专员,PL_W1391063636,55.1,medium
P07026,ORG_UNRES_W43804269,ORG_UNRES_W43804269_T001,高级运营专员,PL_W43804269,0.0,unresolved
P07027,ORG_W179561735,ORG_W179561735_T001,理发师,PL_W179561735,0.0,verified
P07028,ORG_W67141283,ORG_W67141283_T001,财务专员,PL_W67141283,0.0,verified
P07029,ORG_UNRES_W657697672,ORG_UNRES_W657697672_T001,电工,PL_W657697672,0.0,unresolved
P07030,ORG_W33561680,ORG_W33561680_T001,销售代表,PL_W33561680,0.0,verified
P07031,ORG_W409261177,ORG_W409261177_T001,健身教练,PL_W409261177,0.0,verified
P07032,ORG_N6240360541,ORG_N6240360541_T001,餐厅服务员,PL_N6240360541,0.0,verified
P07033,ORG_N4957538454,ORG_N4957538454_T001,本科生,PL_N4957538454,0.0,verified
P07034,ORG_W702100748,ORG_W702100748_T001,博士研究生,PL_W702100748,0.0,verified
P07035,ORG_N6304072720,ORG_N6304072720_T001,咖啡师,PL_N6304072720,0.0,verified
P07036,ORG_W65592644,ORG_W65592644_T001,安装工,PL_W65592644,0.0,verified
P07037,ORG_UNRES_W58646476,ORG_UNRES_W58646476_T001,快递员,PL_W58646476,0.0,unresolved
P07038,ORG_W43417475,ORG_W43417475_T001,采购专员,PL_W43417475,0.0,verified
P07039,ORG_W276149332,ORG_W276149332_T001,零售店员,PL_W276149332,0.0,verified
P07040,ORG_UNRES_W659449339,ORG_UNRES_W659449339_T001,自由设计师,PL_W659449339,0.0,unresolved
P07041,ORG_UNRES_W56063007,ORG_UNRES_W56063007_T001,电工,PL_W56063007,0.0,unresolved
P07042,ORG_W797150068,ORG_W797150068_T001,会计,PL_W1395765944,70.9,medium
P07043,ORG_UNRES_W56238472,ORG_UNRES_W56238472_T001,维修技师,PL_W56238472,0.0,unresolved
P07044,ORG_W23447424,ORG_W23447424_T001,本科生,PL_W23447424,0.0,verified
P07045,ORG_N774439355,ORG_N774439355_T001,零售店员,PL_N774439355,0.0,verified
P07046,ORG_UNRES_W103095385,ORG_UNRES_W103095385_T001,财务主管,PL_W103095385,0.0,unresolved
P07047,ORG_N9871763514,ORG_N9871763514_T001,销售经理,PL_W31878215,1.6,high
P07048,ORG_UNRES_W677205531,ORG_UNRES_W677205531_T001,电工,PL_W677205531,0.0,unresolved
P07049,ORG_UNRES_W60428612,ORG_UNRES_W60428612_T001,电工,PL_W60428612,0.0,unresolved
P07050,ORG_UNRES_W662388650,ORG_UNRES_W662388650_T001,自由销售,PL_W662388650,0.0,unresolved
P07051,ORG_N547498239,ORG_N547498239_T001,本科生,PL_N547498239,0.0,verified
P07052,ORG_UNRES_W704993429,ORG_UNRES_W704993429_T001,独立承包商,PL_W704993429,0.0,unresolved
P07053,ORG_N13111258832,ORG_N13111258832_T001,设计师,PL_W113530396,62.9,medium
P07054,ORG_N4816957256,ORG_N4816957256_T001,咖啡师,PL_N4816957256,0.0,verified
P07055,ORG_UNRES_W658020401,ORG_UNRES_W658020401_T001,独立程序员,PL_W658020401,0.0,unresolved
P07056,ORG_UNRES_W661065643,ORG_UNRES_W661065643_T001,搬运工,PL_W661065643,0.0,unresolved
P07057,ORG_N13295476004,ORG_N13295476004_T001,数据分析师,PL_N13295476004,0.0,verified
P07058,ORG_W34320502,ORG_W34320502_T001,数据分析师,PL_W34320502,0.0,verified
P07059,ORG_N3288802961,ORG_N3288802961_T001,收银员,PL_N3288802961,0.0,verified
P07060,ORG_W1347145485,ORG_W1347145485_T001,高级数据分析师,PL_W1347145485,0.0,verified
P07061,ORG_W106344319,ORG_W106344319_T001,高级运营专员,PL_W1228130864,10.2,high
P07062,ORG_N2880876216,ORG_N2880876216_T001,理发师,PL_N2880876216,0.0,verified
P07063,ORG_N7553599301,ORG_N7553599301_T001,客服,PL_N7553599301,0.0,verified
P07064,ORG_W810800505,ORG_W810800505_T001,保安,PL_W810800505,0.0,verified
P07065,ORG_UNRES_W705121009,ORG_UNRES_W705121009_T001,销售经理,PL_W705121009,0.0,unresolved
P07066,ORG_N13889944378,ORG_N13889944378_T001,设计师,PL_W1473007996,74.6,medium
P07067,ORG_UNRES_W669725335,ORG_UNRES_W669725335_T001,高级数据分析师,PL_W669725335,0.0,unresolved
P07068,ORG_UNRES_W661951789,ORG_UNRES_W661951789_T001,快递员,PL_W661951789,0.0,unresolved
P07069,ORG_N13704267913,ORG_N13704267913_T001,本科生,PL_N13704267913,0.0,verified
P07070,ORG_W34550594,ORG_W34550594_T001,财务主管,PL_W34550594,0.0,verified
P07071,ORG_N6551695037,ORG_N6551695037_T001,高级软件工程师,PL_N6551695037,0.0,verified
P07072,ORG_UNRES_W659732670,ORG_UNRES_W659732670_T001,建筑工人,PL_W659732670,0.0,unresolved
P07073,ORG_W33036595,ORG_W33036595_T001,独立承包商,PL_W33036595,0.0,verified
P07074,ORG_N421328767,ORG_N421328767_T001,房产经纪,PL_N421328767,0.0,verified
P07075,ORG_UNRES_W662142858,ORG_UNRES_W662142858_T001,摄影师,PL_W662142858,0.0,unresolved
P07076,ORG_W251668008,ORG_W251668008_T001,高级项目经理,PL_W705109204,17.7,high
P07077,ORG_N709877844,ORG_N709877844_T001,美容师,PL_N709877844,0.0,verified
P07078,ORG_N1125532862,ORG_N1125532862_T001,财务经理,PL_W660624564,29.5,medium
P07079,ORG_UNRES_W34722493,ORG_UNRES_W34722493_T001,建筑工人,PL_W34722493,0.0,unresolved
P07080,ORG_UNRES_W61955741,ORG_UNRES_W61955741_T001,HR经理,PL_W61955741,0.0,unresolved
P07081,ORG_N14116345451,ORG_N14116345451_T001,咖啡师,PL_N14116345451,0.0,verified
P07082,ORG_UNRES_W41405380,ORG_UNRES_W41405380_T001,自由销售,PL_W41405380,0.0,unresolved
P07083,ORG_UNRES_W661471744,ORG_UNRES_W661471744_T001,焊工,PL_W661471744,0.0,unresolved
P07084,ORG_N12322231472,ORG_N12322231472_T001,博士研究生,PL_N12322231472,0.0,verified
P07085,ORG_W775641405,ORG_W775641405_T001,本科生,PL_W775641405,0.0,verified
P07086,ORG_N560634706,ORG_N560634706_T001,咖啡师,PL_N560634706,0.0,verified
P07087,ORG_N6415420664,ORG_N6415420664_T001,厨师,PL_N6415420664,0.0,verified
P07088,ORG_N6342175888,ORG_N6342175888_T001,网店经营者,PL_N6342175888,0.0,verified
P07089,ORG_N12941638803,ORG_N12941638803_T001,客户经理,PL_N12941638803,0.0,verified
P07090,ORG_N2299019719,ORG_N2299019719_T001,财务经理,PL_W107138623,21.3,high
P07091,ORG_UNRES_W31451019,ORG_UNRES_W31451019_T001,自由销售,PL_W31451019,0.0,unresolved
P07092,ORG_N12290587380,ORG_N12290587380_T001,采购专员,PL_W61982577,76.9,medium
P07093,ORG_W943701267,ORG_W943701267_T001,采购专员,PL_W943701267,0.0,verified
P07094,ORG_UNRES_W676443509,ORG_UNRES_W676443509_T001,设备操作员,PL_W676443509,0.0,unresolved
P07095,ORG_UNRES_W516728742,ORG_UNRES_W516728742_T001,会计,PL_W516728742,0.0,unresolved
P07096,ORG_UNRES_W34582810,ORG_UNRES_W34582810_T001,配送员,PL_W34582810,0.0,unresolved
P07097,ORG_N6565345441,ORG_N6565345441_T001,零售店员,PL_N6565345441,0.0,verified
P07098,ORG_W55896876,ORG_W55896876_T002,酒店服务人员,PL_W55896876,0.0,verified
P07099,ORG_N2486924730,ORG_N2486924730_T001,数据分析师,PL_W34587722,48.3,medium
P07100,ORG_UNRES_W36782211,ORG_UNRES_W36782211_T001,咨询顾问,PL_W36782211,0.0,unresolved
P07101,ORG_UNRES_W41262704,ORG_UNRES_W41262704_T001,建筑工人,PL_W41262704,0.0,unresolved
P07102,ORG_N9139819377,ORG_N9139819377_T001,本科生,PL_N9139819377,0.0,verified
P07103,ORG_UNRES_W170053305,ORG_UNRES_W170053305_T001,房产经纪,PL_W170053305,0.0,unresolved
P07104,ORG_UNRES_W58361241,ORG_UNRES_W58361241_T001,卡车司机,PL_W58361241,0.0,unresolved
P07105,ORG_W23447424,ORG_W23447424_T003,博士研究生,PL_W23447424,0.0,verified
P07106,ORG_W33570228,ORG_W33570228_T001,业务负责人,PL_W33570228,0.0,verified
P07107,ORG_W106710883,ORG_W106710883_T001,保安,PL_W106710883,0.0,verified
P07108,ORG_UNRES_W705845662,ORG_UNRES_W705845662_T001,采购专员,PL_W705845662,0.0,unresolved
P07109,ORG_W658300634,ORG_W658300634_T001,采购专员,PL_W658300634,0.0,verified
P07110,ORG_N7592794912,ORG_N7592794912_T001,采购经理,PL_N7592794912,0.0,verified
P07111,ORG_UNRES_W122481951,ORG_UNRES_W122481951_T001,汽车技师,PL_W122481951,0.0,unresolved
P07112,ORG_N12996529644,ORG_N12996529644_T001,采购专员,PL_W236136690,94.5,medium
P07113,ORG_UNRES_W660212477,ORG_UNRES_W660212477_T001,摄影师,PL_W660212477,0.0,unresolved
P07114,ORG_N10537982829,ORG_N10537982829_T001,数据分析师,PL_W31451793,13.5,high
P07115,ORG_N783499436,ORG_N783499436_T001,硕士研究生,PL_N783499436,0.0,verified
P07116,ORG_N3079147028,ORG_N3079147028_T001,咖啡师,PL_N3079147028,0.0,verified
P07117,ORG_UNRES_W396817470,ORG_UNRES_W396817470_T001,高级项目经理,PL_W396817470,0.0,unresolved
P07118,ORG_W52430059,ORG_W52430059_T001,HR经理,PL_W52430059,0.0,verified
P07119,ORG_UNRES_W661035503,ORG_UNRES_W661035503_T001,高级软件工程师,PL_W661035503,0.0,unresolved
P07120,ORG_W59768687,ORG_W59768687_T001,健身教练,PL_W59768687,0.0,verified
P07121,ORG_W23447424,ORG_W23447424_T003,硕士研究生,PL_W23447424,0.0,verified
P07122,ORG_N2288606537,ORG_N2288606537_T001,零售店员,PL_N2288606537,0.0,verified
P07123,ORG_UNRES_W370438991,ORG_UNRES_W370438991_T001,自媒体从业者,PL_W370438991,0.0,unresolved
P07124,ORG_UNRES_W704993429,ORG_UNRES_W704993429_T001,独立承包商,PL_W704993429,0.0,unresolved
P07125,ORG_UNRES_W93811432,ORG_UNRES_W93811432_T001,建筑工人,PL_W93811432,0.0,unresolved
P07126,ORG_N5035466222,ORG_N5035466222_T001,高级软件工程师,PL_W71187338,10.9,high
P07127,ORG_N7578997169,ORG_N7578997169_T001,网店经营者,PL_N7578997169,0.0,verified
P07128,ORG_W132115340,ORG_W132115340_T001,项目经理,PL_W132115340,0.0,verified
P07129,ORG_N6568142490,ORG_N6568142490_T001,收银员,PL_N6568142490,0.0,verified
P07130,ORG_UNRES_W67141322,ORG_UNRES_W67141322_T001,焊工,PL_W67141322,0.0,unresolved
P07131,ORG_N752192433,ORG_N752192433_T001,咖啡师,PL_N752192433,0.0,verified
P07132,ORG_W61759776,ORG_W61759776_T002,硕士研究生,PL_W61759776,0.0,verified
P07133,ORG_W128093638,ORG_W128093638_T001,配送员,PL_W128093638,0.0,verified
P07134,ORG_W220190025,ORG_W220190025_T001,本科生,PL_W220190025,0.0,verified
P07135,ORG_UNRES_W479950922,ORG_UNRES_W479950922_T001,维修技师,PL_W479950922,0.0,unresolved
P07136,ORG_N6340918501,ORG_N6340918501_T001,美容师,PL_N6340918501,0.0,verified
P07137,ORG_N12566554506,ORG_N12566554506_T001,保安,PL_N12566554506,0.0,verified
P07138,ORG_N7773082571,ORG_N7773082571_T001,零售店员,PL_N7773082571,0.0,verified
P07139,ORG_N5861434785,ORG_N5861434785_T001,采购经理,PL_W314664870,3.0,high
P07140,ORG_W170018362,ORG_W170018362_T001,财务主管,PL_W170018362,0.0,verified
P07141,ORG_UNRES_W804360646,ORG_UNRES_W804360646_T001,项目经理,PL_W804360646,0.0,unresolved
P07142,ORG_W259855919,ORG_W259855919_T001,卡车司机,PL_W704594301,94.0,medium
P07143,ORG_N6341941431,ORG_N6341941431_T001,软件工程师,PL_N6341941431,0.0,verified
P07144,ORG_W367638701,ORG_W367638701_T001,财务主管,PL_W367638701,0.0,verified
P07145,ORG_N12496608201,ORG_N12496608201_T001,健身教练,PL_N12496608201,0.0,verified
P07146,ORG_W657979282,ORG_W657979282_T001,安装工,PL_W657979282,0.0,verified
P07147,ORG_UNRES_W661314215,ORG_UNRES_W661314215_T001,设备操作员,PL_W661314215,0.0,unresolved
P07148,ORG_W32556080,ORG_W32556080_T001,运营专员,PL_W32556080,0.0,verified
P07149,ORG_N4894162575,ORG_N4894162575_T001,餐厅服务员,PL_N4894162575,0.0,verified
P07150,ORG_N4650573942,ORG_N4650573942_T001,客服,PL_N4650573942,0.0,verified
P07151,ORG_UNRES_W658960778,ORG_UNRES_W658960778_T001,客户专员,PL_W658960778,0.0,unresolved
P07152,ORG_N2570624431,ORG_N2570624431_T001,技术经理,PL_W1424015290,34.0,medium
P07153,ORG_W31757829,ORG_W31757829_T001,私教,PL_W31757829,0.0,verified
P07154,ORG_W15396822,ORG_W15396822_T001,博士研究生,PL_W15396822,0.0,verified
P07155,ORG_N5171322824,ORG_N5171322824_T001,项目经理,PL_N5171322824,0.0,verified
P07156,ORG_N14007226985,ORG_N14007226985_T001,咨询顾问,PL_N14007226985,0.0,verified
P07157,ORG_W23447393,ORG_W23447393_T001,本科生,PL_W23447393,0.0,verified
P07158,ORG_UNRES_W76001386,ORG_UNRES_W76001386_T001,财务经理,PL_W76001386,0.0,unresolved
P07159,ORG_W366234297,ORG_W366234297_T001,高级数据分析师,PL_W366234297,0.0,verified
P07160,ORG_UNRES_W704229385,ORG_UNRES_W704229385_T001,咨询顾问,PL_W704229385,0.0,unresolved
P07161,ORG_UNRES_W34720497,ORG_UNRES_W34720497_T001,搬运工,PL_W34720497,0.0,unresolved
P07162,ORG_W657936379,ORG_W657936379_T001,HR经理,PL_W657936379,0.0,verified
P07163,ORG_UNRES_W662521533,ORG_UNRES_W662521533_T001,汽车技师,PL_W662521533,0.0,unresolved
P07164,ORG_UNRES_W804362970,ORG_UNRES_W804362970_T001,房产经纪,PL_W804362970,0.0,unresolved
P07165,ORG_UNRES_W31363802,ORG_UNRES_W31363802_T001,房产经纪,PL_W31363802,0.0,unresolved
P07166,ORG_UNRES_W129732406,ORG_UNRES_W129732406_T001,配送员,PL_W129732406,0.0,unresolved
P07167,ORG_W59244467,ORG_W59244467_T001,安装工,PL_W59244472,82.0,medium
P07168,ORG_N13277479963,ORG_N13277479963_T001,零售店员,PL_N13277479963,0.0,verified
P07169,ORG_W27767637,ORG_W27767637_T001,设计师,PL_W27767637,0.0,verified
P07170,ORG_N12785242442,ORG_N12785242442_T001,独立承包商,PL_N12785242442,0.0,verified
P07171,ORG_W62058559,ORG_W62058559_T001,酒店服务人员,PL_W62058559,0.0,verified
P07172,ORG_W55896876,ORG_W55896876_T002,酒店前台,PL_W55896876,0.0,verified
P07173,ORG_W141284992,ORG_W141284992_T001,财务专员,PL_W141284992,0.0,verified
P07174,ORG_N2159618518,ORG_N2159618518_T001,财务专员,PL_W205960481,59.4,medium
P07175,ORG_W58271363,ORG_W58271363_T001,财务主管,PL_W58271363,0.0,verified
P07176,ORG_W30982773,ORG_W30982773_T001,健身教练,PL_W30982773,0.0,verified
P07177,ORG_N13605219225,ORG_N13605219225_T001,产品经理,PL_W62256155,3.2,high
P07178,ORG_N1213476942,ORG_N1213476942_T001,餐厅服务员,PL_N1213476942,0.0,verified
P07179,ORG_W122204304,ORG_W122204304_T001,HR经理,PL_W122204304,0.0,verified
P07180,ORG_UNRES_W662453980,ORG_UNRES_W662453980_T001,高级运营专员,PL_W662453980,0.0,unresolved
P07181,ORG_W1024399954,ORG_W1024399954_T001,本科生,PL_W1024399954,0.0,verified
P07182,ORG_W34545829,ORG_W34545829_T002,厨师,PL_W34545829,0.0,verified
P07183,ORG_W256116927,ORG_W256116927_T002,财务专员,PL_W256116927,0.0,verified
P07184,ORG_UNRES_W660830763,ORG_UNRES_W660830763_T001,会计,PL_W660830763,0.0,unresolved
P07185,ORG_N1300031485,ORG_N1300031485_T001,美容师,PL_N1300031485,0.0,verified
P07186,ORG_W775640504,ORG_W775640504_T001,硕士研究生,PL_W775640504,0.0,verified
P07187,ORG_N7596808399,ORG_N7596808399_T001,咖啡师,PL_N7596808399,0.0,verified
P07188,ORG_UNRES_W59434209,ORG_UNRES_W59434209_T001,自由销售,PL_W59434209,0.0,unresolved
P07189,ORG_UNRES_W658018645,ORG_UNRES_W658018645_T001,汽车技师,PL_W658018645,0.0,unresolved
P07190,ORG_UNRES_W557896229,ORG_UNRES_W557896229_T001,独立程序员,PL_W557896229,0.0,unresolved
P07191,ORG_W1306222715,ORG_W1306222715_T001,摄影师,PL_W1306222715,0.0,verified
P07192,ORG_N6565391652,ORG_N6565391652_T001,销售经理,PL_W660832883,50.8,medium
P07193,ORG_UNRES_W656560712,ORG_UNRES_W656560712_T001,自媒体从业者,PL_W656560712,0.0,unresolved
P07194,ORG_N9297701808,ORG_N9297701808_T001,数据分析师,PL_N9297701808,0.0,verified
P07195,ORG_N11178365153,ORG_N11178365153_T001,采购经理,PL_W61698930,42.4,medium
P07196,ORG_W1502657605,ORG_W1502657605_T001,本科生,PL_W1502657605,0.0,verified
P07197,ORG_UNRES_W657936300,ORG_UNRES_W657936300_T001,安装工,PL_W657936300,0.0,unresolved
P07198,ORG_UNRES_W97303142,ORG_UNRES_W97303142_T001,高级运营专员,PL_W97303142,0.0,unresolved
P07199,ORG_W122205423,ORG_W122205423_T001,高级数据分析师,PL_W122205423,0.0,verified
P07200,ORG_W31963777,ORG_W31963777_T001,财务专员,PL_W31963777,0.0,verified
P07201,ORG_N2858285616,ORG_N2858285616_T001,摄影师,PL_W797163024,1.9,high
P07202,ORG_W31373084,ORG_W31373084_T001,自由设计师,PL_W31373084,0.0,verified
P07203,ORG_UNRES_W59146408,ORG_UNRES_W59146408_T001,部门经理,PL_W59146408,0.0,unresolved
P07204,ORG_UNRES_W660222956,ORG_UNRES_W660222956_T001,焊工,PL_W660222956,0.0,unresolved
P07205,ORG_W55461564,ORG_W55461564_T001,酒店服务人员,PL_W55461564,0.0,verified
P07206,ORG_W362792334,ORG_W362792334_T001,焊工,PL_W362792334,0.0,verified
P07207,ORG_N12826037777,ORG_N12826037777_T001,餐厅服务员,PL_N12826037777,0.0,verified
P07208,ORG_UNRES_W427224029,ORG_UNRES_W427224029_T001,独立承包商,PL_W427224029,0.0,unresolved
P07209,ORG_N14104335269,ORG_N14104335269_T001,咖啡师,PL_N14104335269,0.0,verified
P07210,ORG_W38743637,ORG_W38743637_T001,项目经理,PL_W1421194207,30.2,medium
P07211,ORG_N14057070403,ORG_N14057070403_T001,理发师,PL_N14057070403,0.0,verified
P07212,ORG_N12149933050,ORG_N12149933050_T001,高级运营专员,PL_W1004706297,14.5,high
P07213,ORG_UNRES_W165787889,ORG_UNRES_W165787889_T001,客户经理,PL_W165787889,0.0,unresolved
P07214,ORG_N6483208747,ORG_N6483208747_T001,高级运营专员,PL_N6483208747,0.0,verified
P07215,ORG_N12358054404,ORG_N12358054404_T001,健身教练,PL_N12358054404,0.0,verified
P07216,ORG_N2457605965,ORG_N2457605965_T001,高级数据分析师,PL_W43806216,19.0,high
P07217,ORG_UNRES_W981497623,ORG_UNRES_W981497623_T001,保安,PL_W981497623,0.0,unresolved
P07218,ORG_UNRES_W296368461,ORG_UNRES_W296368461_T001,数据分析师,PL_W296368461,0.0,unresolved
P07219,ORG_N13198723259,ORG_N13198723259_T001,行政专员,PL_N13198723259,0.0,verified
P07220,ORG_W659460157,ORG_W659460157_T001,销售代表,PL_W659460157,0.0,verified
P07221,ORG_W31617642,ORG_W31617642_T001,高级运营专员,PL_W31617642,0.0,verified
P07222,ORG_N4214643716,ORG_N4214643716_T001,高级软件工程师,PL_W55383520,42.7,medium
P07223,ORG_N401521720,ORG_N401521720_T001,硕士研究生,PL_N401521720,0.0,verified
P07224,ORG_UNRES_W616121212,ORG_UNRES_W616121212_T001,高级产品经理,PL_W616121212,0.0,unresolved
P07225,ORG_W31443988,ORG_W31443988_T001,项目经理,PL_W31443988,0.0,verified
P07226,ORG_W43805377,ORG_W43805377_T001,行政专员,PL_W43805377,0.0,verified
P07227,ORG_N7120506471,ORG_N7120506471_T001,销售经理,PL_W661774333,15.1,high
P07228,ORG_W662100610,ORG_W662100610_T001,销售代表,PL_W662100744,73.8,medium
P07229,ORG_UNRES_W1275522402,ORG_UNRES_W1275522402_T001,自由设计师,PL_W1275522402,0.0,unresolved
P07230,ORG_N5368912117,ORG_N5368912117_T001,保安,PL_N5368912117,0.0,verified
P07231,ORG_N11281293717,ORG_N11281293717_T001,本科生,PL_N11281293717,0.0,verified
P07232,ORG_N1967215124,ORG_N1967215124_T001,销售代表,PL_W660865172,50.3,medium
P07233,ORG_N6323492986,ORG_N6323492986_T001,餐厅服务员,PL_N6323492986,0.0,verified
P07234,ORG_N6603447367,ORG_N6603447367_T001,健身教练,PL_N6603447367,0.0,verified
P07235,ORG_UNRES_W659340282,ORG_UNRES_W659340282_T001,私教,PL_W659340282,0.0,unresolved
P07236,ORG_UNRES_W31620395,ORG_UNRES_W31620395_T001,产品经理,PL_W31620395,0.0,unresolved
P07237,ORG_W369568062,ORG_W369568062_T001,高级数据分析师,PL_W369568062,0.0,verified
P07238,ORG_UNRES_W66983983,ORG_UNRES_W66983983_T001,销售代表,PL_W66983983,0.0,unresolved
P07239,ORG_UNRES_W402923383,ORG_UNRES_W402923383_T001,安装工,PL_W402923383,0.0,unresolved
P07240,ORG_N3338988879,ORG_N3338988879_T001,餐厅服务员,PL_N3338988879,0.0,verified
P07241,ORG_N1885527593,ORG_N1885527593_T001,美容师,PL_N1885527593,0.0,verified
P07242,ORG_W103096656,ORG_W103096656_T001,行政专员,PL_W103096656,0.0,verified
P07243,ORG_N13011557666,ORG_N13011557666_T001,财务主管,PL_N13011557666,0.0,verified
P07244,ORG_W1098390370,ORG_W1098390370_T001,会计,PL_W1098390370,0.0,verified
P07245,ORG_UNRES_W702537549,ORG_UNRES_W702537549_T001,硕士研究生,PL_W702537549,0.0,unresolved
P07246,ORG_N2883876001,ORG_N2883876001_T001,高级软件工程师,PL_W672669532,15.2,high
P07247,ORG_W1502657605,ORG_W1502657605_T001,本科生,PL_W1502657605,0.0,verified
P07248,ORG_N13525255464,ORG_N13525255464_T001,健身教练,PL_N13525255464,0.0,verified
P07249,ORG_N10931847023,ORG_N10931847023_T001,会计,PL_N10931847023,0.0,verified
P07250,ORG_N6175092637,ORG_N6175092637_T001,高级运营专员,PL_N6175092637,0.0,verified
P07251,ORG_N5334282122,ORG_N5334282122_T001,销售经理,PL_N5334282122,0.0,verified
P07252,ORG_N5508823307,ORG_N5508823307_T001,项目经理,PL_N5508823307,0.0,verified
P07253,ORG_W67091534,ORG_W67091534_T001,电工,PL_W67091534,0.0,verified
P07254,ORG_W55896876,ORG_W55896876_T001,酒店服务人员,PL_W55896876,0.0,verified
P07255,ORG_UNRES_W662099936,ORG_UNRES_W662099936_T001,客户专员,PL_W662099936,0.0,unresolved
P07256,ORG_UNRES_W702141527,ORG_UNRES_W702141527_T001,高级数据分析师,PL_W702141527,0.0,unresolved
P07257,ORG_UNRES_W662784568,ORG_UNRES_W662784568_T001,自由设计师,PL_W662784568,0.0,unresolved
P07258,ORG_N6554833779,ORG_N6554833779_T001,软件工程师,PL_W58431287,82.7,medium
P07259,ORG_N11421905769,ORG_N11421905769_T001,咖啡师,PL_N11421905769,0.0,verified
P07260,ORG_W23447424,ORG_W23447424_T002,硕士研究生,PL_W23447424,0.0,verified
P07261,ORG_UNRES_W703932825,ORG_UNRES_W703932825_T001,数据分析师,PL_W703932825,0.0,unresolved
P07262,ORG_N1372205379,ORG_N1372205379_T001,餐厅服务员,PL_N1372205379,0.0,verified
P07263,ORG_W203291417,ORG_W203291417_T001,私教,PL_W203291417,0.0,verified
P07264,ORG_W285054176,ORG_W285054176_T001,美容师,PL_W285054176,0.0,verified
P07265,ORG_N7580608938,ORG_N7580608938_T001,行政专员,PL_W1226256410,63.6,medium
P07266,ORG_W32462526,ORG_W32462526_T001,设备操作员,PL_W33036333,62.6,medium
P07267,ORG_UNRES_W521117202,ORG_UNRES_W521117202_T001,采购专员,PL_W521117202,0.0,unresolved
P07268,ORG_N4409956877,ORG_N4409956877_T001,客服,PL_N4409956877,0.0,verified
P07269,ORG_N975547483,ORG_N975547483_T001,健身教练,PL_N975547483,0.0,verified
P07270,ORG_UNRES_W663868530,ORG_UNRES_W663868530_T001,项目经理,PL_W663868530,0.0,unresolved
P07271,ORG_UNRES_W659588032,ORG_UNRES_W659588032_T001,客户经理,PL_W659588032,0.0,unresolved
P07272,ORG_UNRES_W33542527,ORG_UNRES_W33542527_T001,咨询顾问,PL_W33542527,0.0,unresolved
P07273,ORG_UNRES_W705519672,ORG_UNRES_W705519672_T001,会计,PL_W705519672,0.0,unresolved
P07274,ORG_N6565973709,ORG_N6565973709_T001,健身教练,PL_N6565973709,0.0,verified
P07275,ORG_W104943886,ORG_W104943886_T001,设计师,PL_W104943886,0.0,verified
P07276,ORG_N569900782,ORG_N569900782_T001,厨师,PL_N569900782,0.0,verified
P07277,ORG_N6568830900,ORG_N6568830900_T001,零售店员,PL_N6568830900,0.0,verified
P07278,ORG_UNRES_W61011150,ORG_UNRES_W61011150_T001,财务专员,PL_W61011150,0.0,unresolved
P07279,ORG_UNRES_W662147922,ORG_UNRES_W662147922_T001,维修技师,PL_W662147922,0.0,unresolved
P07280,ORG_UNRES_W702145965,ORG_UNRES_W702145965_T001,销售代表,PL_W702145965,0.0,unresolved
P07281,ORG_UNRES_W701171121,ORG_UNRES_W701171121_T001,数据分析师,PL_W701171121,0.0,unresolved
P07282,ORG_N6547808730,ORG_N6547808730_T001,客户经理,PL_N6547808730,0.0,verified
P07283,ORG_W61759776,ORG_W61759776_T003,硕士研究生,PL_W61759776,0.0,verified
P07284,ORG_N3206964051,ORG_N3206964051_T001,独立承包商,PL_W56057413,13.9,high
P07285,ORG_UNRES_W34414587,ORG_UNRES_W34414587_T001,维修技师,PL_W34414587,0.0,unresolved
P07286,ORG_W234344711,ORG_W234344711_T001,高级运营专员,PL_W234344711,0.0,verified
P07287,ORG_UNRES_W29512399,ORG_UNRES_W29512399_T001,配送员,PL_W29512399,0.0,unresolved
P07288,ORG_W1370853278,ORG_W1370853278_T001,卡车司机,PL_W1370853278,0.0,verified
P07289,ORG_UNRES_W135470542,ORG_UNRES_W135470542_T001,翻译,PL_W135470542,0.0,unresolved
P07290,ORG_N2188735996,ORG_N2188735996_T001,采购专员,PL_W680620605,3.7,high
P07291,ORG_UNRES_W33298345,ORG_UNRES_W33298345_T001,汽车技师,PL_W33298345,0.0,unresolved
P07292,ORG_UNRES_W161271286,ORG_UNRES_W161271286_T001,数据分析师,PL_W161271286,0.0,unresolved
P07293,ORG_UNRES_W29512399,ORG_UNRES_W29512399_T001,软件工程师,PL_W29512399,0.0,unresolved
P07294,ORG_UNRES_W111082526,ORG_UNRES_W111082526_T001,高级软件工程师,PL_W111082526,0.0,unresolved
P07295,ORG_UNRES_W669623919,ORG_UNRES_W669623919_T001,配送员,PL_W669623919,0.0,unresolved
P07296,ORG_UNRES_W669624360,ORG_UNRES_W669624360_T001,采购专员,PL_W669624360,0.0,unresolved
P07297,ORG_UNRES_W991389119,ORG_UNRES_W991389119_T001,会计,PL_W991389119,0.0,unresolved
P07298,ORG_N9140360059,ORG_N9140360059_T001,健身教练,PL_N9140360059,0.0,verified
P07299,ORG_UNRES_W705222391,ORG_UNRES_W705222391_T001,翻译,PL_W705222391,0.0,unresolved
P07300,ORG_UNRES_W181032381,ORG_UNRES_W181032381_T001,客户专员,PL_W181032381,0.0,unresolved
P07301,ORG_UNRES_W661330489,ORG_UNRES_W661330489_T001,独立程序员,PL_W661330489,0.0,unresolved
P07302,ORG_N10043714525,ORG_N10043714525_T001,房产经纪,PL_W531735882,15.9,high
P07303,ORG_W31620421,ORG_W31620421_T001,销售代表,PL_W31620421,0.0,verified
P07304,ORG_UNRES_W34516449,ORG_UNRES_W34516449_T001,仓库操作员,PL_W34516449,0.0,unresolved
P07305,ORG_UNRES_W662175307,ORG_UNRES_W662175307_T001,自由设计师,PL_W662175307,0.0,unresolved
P07306,ORG_N10955169590,ORG_N10955169590_T001,产品经理,PL_N10955169590,0.0,verified
P07307,ORG_UNRES_W671010922,ORG_UNRES_W671010922_T001,运营专员,PL_W671010922,0.0,unresolved
P07308,ORG_UNRES_W30986903,ORG_UNRES_W30986903_T001,网店经营者,PL_W30986903,0.0,unresolved
P07309,ORG_N12312756757,ORG_N12312756757_T001,本科生,PL_N12312756757,0.0,verified
P07310,ORG_W122198266,ORG_W122198266_T001,项目经理,PL_W122198266,0.0,verified
P07311,ORG_N992367889,ORG_N992367889_T001,零售店员,PL_N992367889,0.0,verified
P07312,ORG_N4507572289,ORG_N4507572289_T001,本科生,PL_N4507572289,0.0,verified
P07313,ORG_UNRES_W58271362,ORG_UNRES_W58271362_T001,项目经理,PL_W58271362,0.0,unresolved
P07314,ORG_N6662840564,ORG_N6662840564_T001,美容师,PL_N6662840564,0.0,verified
P07315,ORG_UNRES_W660078446,ORG_UNRES_W660078446_T001,自由销售,PL_W660078446,0.0,unresolved
P07316,ORG_W161836042,ORG_W161836042_T001,客户经理,PL_W161836042,0.0,verified
P07317,ORG_N4236540977,ORG_N4236540977_T001,部门经理,PL_W663870717,18.5,high
P07318,ORG_UNRES_W671607431,ORG_UNRES_W671607431_T001,采购经理,PL_W671607431,0.0,unresolved
P07319,ORG_N13343101342,ORG_N13343101342_T001,采购专员,PL_W663827276,45.2,medium
P07320,ORG_UNRES_W659427555,ORG_UNRES_W659427555_T001,安装工,PL_W659427555,0.0,unresolved
P07321,ORG_W586404345,ORG_W586404345_T001,客服,PL_W586404345,0.0,verified
P07322,ORG_W76559058,ORG_W76559058_T001,设计师,PL_W1321434683,11.0,high
P07323,ORG_W61956104,ORG_W61956104_T001,餐厅服务员,PL_W61956104,0.0,verified
P07324,ORG_N2405832057,ORG_N2405832057_T001,客服,PL_N2405832057,0.0,verified
P07325,ORG_UNRES_W660806638,ORG_UNRES_W660806638_T001,数据分析师,PL_W660806638,0.0,unresolved
P07326,ORG_UNRES_W705218737,ORG_UNRES_W705218737_T001,配送员,PL_W705218737,0.0,unresolved
P07327,ORG_W183247635,ORG_W183247635_T001,独立承包商,PL_W183247636,43.7,medium
P07328,ORG_N7553017339,ORG_N7553017339_T001,客服,PL_N7553017339,0.0,verified
P07329,ORG_UNRES_W1098900364,ORG_UNRES_W1098900364_T001,设计师,PL_W1098900364,0.0,unresolved
P07330,ORG_N2281014516,ORG_N2281014516_T001,HR经理,PL_N2281014516,0.0,verified
P07331,ORG_W23447514,ORG_W23447514_T002,硕士研究生,PL_W23447514,0.0,verified
P07332,ORG_UNRES_W60429018,ORG_UNRES_W60429018_T001,安装工,PL_W60429018,0.0,unresolved
P07333,ORG_N6296608714,ORG_N6296608714_T001,采购专员,PL_N6296608714,0.0,verified
P07334,ORG_W61698844,ORG_W61698844_T001,销售代表,PL_W61430202,38.1,medium
P07335,ORG_W34582609,ORG_W34582609_T001,维修技师,PL_W34582609,0.0,verified
P07336,ORG_N14050307048,ORG_N14050307048_T001,财务主管,PL_W659588332,57.0,medium
P07337,ORG_UNRES_W1302155970,ORG_UNRES_W1302155970_T001,配送员,PL_W1302155970,0.0,unresolved
P07338,ORG_N1142872979,ORG_N1142872979_T001,博士研究生,PL_N1142872979,0.0,verified
P07339,ORG_UNRES_W659427555,ORG_UNRES_W659427555_T001,汽车技师,PL_W659427555,0.0,unresolved
P07340,ORG_UNRES_W705121016,ORG_UNRES_W705121016_T001,房产经纪,PL_W705121016,0.0,unresolved
P07341,ORG_UNRES_W703752573,ORG_UNRES_W703752573_T001,快递员,PL_W703752573,0.0,unresolved
P07342,ORG_N6467113591,ORG_N6467113591_T001,美容师,PL_N6467113591,0.0,verified
P07343,ORG_N934384592,ORG_N934384592_T001,运营专员,PL_W662441670,99.0,medium
P07344,ORG_W34545829,ORG_W34545829_T001,酒店前台,PL_W34545829,0.0,verified
P07345,ORG_UNRES_W662539173,ORG_UNRES_W662539173_T001,网店经营者,PL_W662539173,0.0,unresolved
P07346,ORG_N12792004213,ORG_N12792004213_T001,独立承包商,PL_W279007798,15.8,high
P07347,ORG_N2832358702,ORG_N2832358702_T001,高级数据分析师,PL_W663828131,29.0,medium
P07348,ORG_W33764719,ORG_W33764719_T001,客户专员,PL_W33764719,0.0,verified
P07349,ORG_W182282890,ORG_W182282890_T001,酒店服务人员,PL_W182282890,0.0,verified
P07350,ORG_N8769884249,ORG_N8769884249_T001,独立程序员,PL_N8769884249,0.0,verified
P07351,ORG_N7707349072,ORG_N7707349072_T001,项目经理,PL_W132189161,10.0,high
P07352,ORG_W61014137,ORG_W61014137_T001,酒店服务人员,PL_W61014137,0.0,verified
P07353,ORG_N1193708354,ORG_N1193708354_T001,HR经理,PL_W103375040,13.5,high
P07354,ORG_UNRES_W58866826,ORG_UNRES_W58866826_T001,设备操作员,PL_W58866826,0.0,unresolved
P07355,ORG_W204710538,ORG_W204710538_T001,财务主管,PL_W1446758390,33.0,medium
P07356,ORG_W122205423,ORG_W122205423_T002,财务主管,PL_W122205423,0.0,verified
P07357,ORG_W144600192,ORG_W144600192_T001,独立程序员,PL_W144600192,0.0,verified
P07358,ORG_UNRES_W661048758,ORG_UNRES_W661048758_T001,独立承包商,PL_W661048758,0.0,unresolved
P07359,ORG_N8450477819,ORG_N8450477819_T001,销售代表,PL_N8450477819,0.0,verified
P07360,ORG_N1138266326,ORG_N1138266326_T001,收银员,PL_N1138266326,0.0,verified
P07361,ORG_UNRES_W659587797,ORG_UNRES_W659587797_T001,汽车技师,PL_W659587797,0.0,unresolved
P07362,ORG_W1502659706,ORG_W1502659706_T001,本科生,PL_W1502659706,0.0,verified
P07363,ORG_N6680642268,ORG_N6680642268_T001,零售店员,PL_N6680642268,0.0,verified
P07364,ORG_N6363177433,ORG_N6363177433_T001,采购专员,PL_W657696699,64.5,medium
P07365,ORG_N8769884249,ORG_N8769884249_T001,独立承包商,PL_N8769884249,0.0,verified
P07366,ORG_N11874506359,ORG_N11874506359_T001,保安,PL_N11874506359,0.0,verified
P07367,ORG_UNRES_W705222395,ORG_UNRES_W705222395_T001,HR经理,PL_W705222395,0.0,unresolved
P07368,ORG_N7325964483,ORG_N7325964483_T001,零售店员,PL_N7325964483,0.0,verified
P07369,ORG_W494886793,ORG_W494886793_T001,电工,PL_W494886793,0.0,verified
P07370,ORG_W34749848,ORG_W34749848_T001,客服,PL_W34749848,0.0,verified
P07371,ORG_UNRES_W662259390,ORG_UNRES_W662259390_T001,快递员,PL_W662259390,0.0,unresolved
P07372,ORG_N11298404177,ORG_N11298404177_T001,运营专员,PL_N11298404177,0.0,verified
P07373,ORG_W266686037,ORG_W266686037_T001,采购经理,PL_W43806469,51.7,medium
P07374,ORG_N4324732167,ORG_N4324732167_T001,高级软件工程师,PL_W33561679,9.1,high
P07375,ORG_UNRES_W662099819,ORG_UNRES_W662099819_T001,项目经理,PL_W662099819,0.0,unresolved
P07376,ORG_N10820405496,ORG_N10820405496_T001,设计师,PL_N10820405496,0.0,verified
P07377,ORG_N4697780129,ORG_N4697780129_T001,保安,PL_N4697780129,0.0,verified
P07378,ORG_N10695404995,ORG_N10695404995_T001,数据分析师,PL_N10695404995,0.0,verified
P07379,ORG_N6359447137,ORG_N6359447137_T001,产品经理,PL_W679142319,38.8,medium
P07380,ORG_UNRES_W659587774,ORG_UNRES_W659587774_T001,高级软件工程师,PL_W659587774,0.0,unresolved
P07381,ORG_N8040515388,ORG_N8040515388_T001,保安,PL_N8040515388,0.0,verified
P07382,ORG_W62057334,ORG_W62057334_T001,销售代表,PL_W62057334,0.0,verified
P07383,ORG_W34545829,ORG_W34545829_T002,酒店服务人员,PL_W34545829,0.0,verified
P07384,ORG_N1946343376,ORG_N1946343376_T001,零售店员,PL_N1946343376,0.0,verified
P07385,ORG_UNRES_W669725333,ORG_UNRES_W669725333_T001,仓库操作员,PL_W669725333,0.0,unresolved
P07386,ORG_W34582153,ORG_W34582153_T001,采购专员,PL_W153927224,63.9,medium
P07387,ORG_N5441763275,ORG_N5441763275_T001,财务主管,PL_N5441763275,0.0,verified
P07388,ORG_N4630113392,ORG_N4630113392_T001,数据分析师,PL_N4630113392,0.0,verified
P07389,ORG_N412348536,ORG_N412348536_T001,酒店前台,PL_N412348536,0.0,verified
P07390,ORG_UNRES_W78592457,ORG_UNRES_W78592457_T001,高级运营专员,PL_W78592457,0.0,unresolved
P07391,ORG_UNRES_W505870974,ORG_UNRES_W505870974_T001,房产经纪,PL_W505870974,0.0,unresolved
P07392,ORG_N12810733290,ORG_N12810733290_T001,行政专员,PL_W662441576,87.5,medium
P07393,ORG_UNRES_W659549362,ORG_UNRES_W659549362_T001,仓库操作员,PL_W659549362,0.0,unresolved
P07394,ORG_N13971311584,ORG_N13971311584_T001,摄影师,PL_N13971311584,0.0,verified
P07395,ORG_UNRES_W114706282,ORG_UNRES_W114706282_T001,私教,PL_W114706282,0.0,unresolved
P07396,ORG_W231983655,ORG_W231983655_T001,酒店服务人员,PL_W231983655,0.0,verified
P07397,ORG_N7576568706,ORG_N7576568706_T001,收银员,PL_N7576568706,0.0,verified
P07398,ORG_W419912446,ORG_W419912446_T001,自由设计师,PL_W419912446,0.0,verified
P07399,ORG_W178090074,ORG_W178090074_T001,数据分析师,PL_W61698598,36.2,medium
P07400,ORG_N7048255488,ORG_N7048255488_T001,零售店员,PL_N7048255488,0.0,verified
P07401,ORG_N13667410969,ORG_N13667410969_T001,客户专员,PL_N13667410969,0.0,verified
P07402,ORG_UNRES_W66980144,ORG_UNRES_W66980144_T001,配送员,PL_W66980144,0.0,unresolved
P07403,ORG_UNRES_W170053305,ORG_UNRES_W170053305_T001,快递员,PL_W170053305,0.0,unresolved
P07404,ORG_W34571427,ORG_W34571427_T001,快递员,PL_W661035849,5.6,high
P07405,ORG_N13075169832,ORG_N13075169832_T001,设计师,PL_N13075169832,0.0,verified
P07406,ORG_W174189760,ORG_W174189760_T001,网店经营者,PL_W174189760,0.0,verified
P07407,ORG_UNRES_W247681920,ORG_UNRES_W247681920_T001,技术经理,PL_W247681920,0.0,unresolved
P07408,ORG_UNRES_W194214022,ORG_UNRES_W194214022_T001,配送员,PL_W194214022,0.0,unresolved
P07409,ORG_UNRES_W661950735,ORG_UNRES_W661950735_T001,建筑工人,PL_W661950735,0.0,unresolved
P07410,ORG_W61982576,ORG_W61982576_T001,采购专员,PL_W61982577,75.4,medium
P07411,ORG_UNRES_W703427644,ORG_UNRES_W703427644_T001,行政专员,PL_W703427644,0.0,unresolved
P07412,ORG_N7797321403,ORG_N7797321403_T001,本科生,PL_N7797321403,0.0,verified
P07413,ORG_N13676218286,ORG_N13676218286_T001,保安,PL_N13676218286,0.0,verified
P07414,ORG_UNRES_W705115243,ORG_UNRES_W705115243_T001,自由设计师,PL_W705115243,0.0,unresolved
P07415,ORG_N6589641226,ORG_N6589641226_T001,厨师,PL_N6589641226,0.0,verified
P07416,ORG_N2966297760,ORG_N2966297760_T001,收银员,PL_N2966297760,0.0,verified
P07417,ORG_N9573825416,ORG_N9573825416_T001,客户经理,PL_W108059031,76.4,medium
P07418,ORG_N3297272223,ORG_N3297272223_T001,独立程序员,PL_N3297272223,0.0,verified
P07419,ORG_N12319325932,ORG_N12319325932_T001,软件工程师,PL_W1024883174,78.5,medium
P07420,ORG_W797150068,ORG_W797150068_T001,高级数据分析师,PL_W1395765939,7.3,high
P07421,ORG_W1289507559,ORG_W1289507559_T001,本科生,PL_W1289507559,0.0,verified
P07422,ORG_N5161264621,ORG_N5161264621_T001,HR经理,PL_W657722110,46.3,medium
P07423,ORG_W704229394,ORG_W704229394_T001,自媒体从业者,PL_W704229394,0.0,verified
P07424,ORG_W97180148,ORG_W97180148_T001,酒店服务人员,PL_W97180148,0.0,verified
P07425,ORG_UNRES_W705011699,ORG_UNRES_W705011699_T001,摄影师,PL_W705011699,0.0,unresolved
P07426,ORG_W105497054,ORG_W105497054_T001,设计师,PL_W105497054,0.0,verified
P07427,ORG_UNRES_W661950839,ORG_UNRES_W661950839_T001,卡车司机,PL_W661950839,0.0,unresolved
P07428,ORG_N383238087,ORG_N383238087_T001,咖啡师,PL_N383238087,0.0,verified
P07429,ORG_N3933103723,ORG_N3933103723_T001,收银员,PL_N3933103723,0.0,verified
P07430,ORG_N13208956570,ORG_N13208956570_T001,独立承包商,PL_N13208956570,0.0,verified
P07431,ORG_UNRES_W333370248,ORG_UNRES_W333370248_T001,产品经理,PL_W333370248,0.0,unresolved
P07432,ORG_N7195309578,ORG_N7195309578_T001,客户专员,PL_N7195309578,0.0,verified
P07433,ORG_N2917845101,ORG_N2917845101_T001,高级运营专员,PL_N2917845101,0.0,verified
P07434,ORG_UNRES_W34582302,ORG_UNRES_W34582302_T001,销售代表,PL_W34582302,0.0,unresolved
P07435,ORG_W61759776,ORG_W61759776_T001,硕士研究生,PL_W61759776,0.0,verified
P07436,ORG_UNRES_W56123948,ORG_UNRES_W56123948_T001,焊工,PL_W56123948,0.0,unresolved
P07437,ORG_N13971311566,ORG_N13971311566_T001,客服,PL_N13971311566,0.0,verified
P07438,ORG_UNRES_W671607431,ORG_UNRES_W671607431_T001,房产经纪,PL_W671607431,0.0,unresolved
P07439,ORG_W367536575,ORG_W367536575_T002,保安,PL_W367536575,0.0,verified
P07440,ORG_W144942369,ORG_W144942369_T001,酒店服务人员,PL_W144942369,0.0,verified
P07441,ORG_N13885890639,ORG_N13885890639_T001,本科生,PL_N13885890639,0.0,verified
P07442,ORG_N3572166952,ORG_N3572166952_T001,自由销售,PL_N3572166952,0.0,verified
P07443,ORG_W118251594,ORG_W118251594_T001,产品经理,PL_W118251594,0.0,verified
P07444,ORG_UNRES_W31754571,ORG_UNRES_W31754571_T001,自媒体从业者,PL_W31754571,0.0,unresolved
P07445,ORG_N12978845600,ORG_N12978845600_T001,保安,PL_N12978845600,0.0,verified
P07446,ORG_W54521645,ORG_W54521645_T001,摄影师,PL_W54521645,0.0,verified
P07447,ORG_W686163960,ORG_W686163960_T001,采购经理,PL_W686163960,0.0,verified
P07448,ORG_UNRES_W670110179,ORG_UNRES_W670110179_T001,销售经理,PL_W670110179,0.0,unresolved
P07449,ORG_W34749647,ORG_W34749647_T001,行政专员,PL_W34749647,0.0,verified
P07450,ORG_UNRES_W661951721,ORG_UNRES_W661951721_T001,仓库操作员,PL_W661951721,0.0,unresolved
P07451,ORG_W127685221,ORG_W127685221_T001,配送员,PL_W127685221,0.0,verified
P07452,ORG_W70510704,ORG_W70510704_T001,设备操作员,PL_W70510669,101.8,medium
P07453,ORG_W141173316,ORG_W141173316_T001,会计,PL_W141173316,0.0,verified
P07454,ORG_N13028454904,ORG_N13028454904_T001,财务专员,PL_N13028454904,0.0,verified
P07455,ORG_N2375249754,ORG_N2375249754_T001,博士研究生,PL_N2375249754,0.0,verified
P07456,ORG_N12076151028,ORG_N12076151028_T001,零售店员,PL_N12076151028,0.0,verified
P07457,ORG_W59244402,ORG_W59244402_T001,行政专员,PL_W59244443,59.9,medium
P07458,ORG_N12279096288,ORG_N12279096288_T001,自媒体从业者,PL_W951835028,22.1,high
P07459,ORG_N2299019719,ORG_N2299019719_T001,财务专员,PL_W107138365,41.6,medium
P07460,ORG_N12149933050,ORG_N12149933050_T001,运营专员,PL_W1004706295,5.4,high
P07461,ORG_W56433525,ORG_W56433525_T001,酒店前台,PL_W56433525,0.0,verified
P07462,ORG_W660836759,ORG_W660836759_T001,高级软件工程师,PL_W660836759,0.0,verified
P07463,ORG_W122204304,ORG_W122204304_T001,快递员,PL_W122204304,0.0,verified
P07464,ORG_W59768687,ORG_W59768687_T001,健身教练,PL_W59768687,0.0,verified
P07465,ORG_N11935116558,ORG_N11935116558_T001,客服,PL_N11935116558,0.0,verified
P07466,ORG_W58728296,ORG_W58728296_T001,酒店前台,PL_W58728296,0.0,verified
P07467,ORG_W657934991,ORG_W657934991_T001,安装工,PL_W657934980,71.3,medium
P07468,ORG_N12195637649,ORG_N12195637649_T001,部门经理,PL_W61760169,11.8,high
P07469,ORG_UNRES_W659587181,ORG_UNRES_W659587181_T001,搬运工,PL_W659587181,0.0,unresolved
P07470,ORG_N2557488468,ORG_N2557488468_T001,厨师,PL_N2557488468,0.0,verified
P07471,ORG_N7009937516,ORG_N7009937516_T001,保安,PL_N7009937516,0.0,verified
P07472,ORG_N6589762626,ORG_N6589762626_T001,理发师,PL_N6589762626,0.0,verified
P07473,ORG_UNRES_W338168144,ORG_UNRES_W338168144_T001,自媒体从业者,PL_W338168144,0.0,unresolved
P07474,ORG_UNRES_W61698864,ORG_UNRES_W61698864_T001,会计,PL_W61698864,0.0,unresolved
P07475,ORG_N9759821353,ORG_N9759821353_T001,零售店员,PL_N9759821353,0.0,verified
P07476,ORG_N6342369291,ORG_N6342369291_T001,数据分析师,PL_W676422632,47.3,medium
P07477,ORG_W1502659706,ORG_W1502659706_T001,博士研究生,PL_W1502659706,0.0,verified
P07478,ORG_W660569766,ORG_W660569766_T001,自媒体从业者,PL_W660569766,0.0,verified
P07479,ORG_N5456840123,ORG_N5456840123_T001,财务专员,PL_W122198734,10.7,high
P07480,ORG_W80378604,ORG_W80378604_T001,数据分析师,PL_W80378604,0.0,verified
P07481,ORG_N5064137025,ORG_N5064137025_T001,酒店前台,PL_N5064137025,0.0,verified
P07482,ORG_N6268050078,ORG_N6268050078_T001,健身教练,PL_N6268050078,0.0,verified
P07483,ORG_W61759776,ORG_W61759776_T001,博士研究生,PL_W61759776,0.0,verified
P07484,ORG_W661193603,ORG_W661193603_T001,汽车技师,PL_W661193603,0.0,verified
P07485,ORG_UNRES_W662099844,ORG_UNRES_W662099844_T001,HR经理,PL_W662099844,0.0,unresolved
P07486,ORG_N2849238543,ORG_N2849238543_T001,理发师,PL_N2849238543,0.0,verified
P07487,ORG_W231983646,ORG_W231983646_T001,保安,PL_W231983646,0.0,verified
P07488,ORG_N10820389158,ORG_N10820389158_T001,HR经理,PL_N10820389158,0.0,verified
P07489,ORG_UNRES_W804363094,ORG_UNRES_W804363094_T001,项目经理,PL_W804363094,0.0,unresolved
P07490,ORG_W27767640,ORG_W27767640_T001,酒店服务人员,PL_W27767640,0.0,verified
P07491,ORG_UNRES_W673493644,ORG_UNRES_W673493644_T001,维修技师,PL_W673493644,0.0,unresolved
P07492,ORG_N3763291979,ORG_N3763291979_T001,咖啡师,PL_N3763291979,0.0,verified
P07493,ORG_UNRES_W659581408,ORG_UNRES_W659581408_T001,销售经理,PL_W659581408,0.0,unresolved
P07494,ORG_UNRES_W671011443,ORG_UNRES_W671011443_T001,销售经理,PL_W671011443,0.0,unresolved
P07495,ORG_N13670266863,ORG_N13670266863_T001,硕士研究生,PL_N13670266863,0.0,verified
P07496,ORG_N6592055414,ORG_N6592055414_T001,美容师,PL_N6592055414,0.0,verified
P07497,ORG_N11198708278,ORG_N11198708278_T001,咖啡师,PL_N11198708278,0.0,verified
P07498,ORG_N13717552627,ORG_N13717552627_T001,客户专员,PL_W677206969,21.8,high
P07499,ORG_N6721474787,ORG_N6721474787_T001,咖啡师,PL_N6721474787,0.0,verified
P07500,ORG_W67741496,ORG_W67741496_T001,仓库操作员,PL_W1370761550,40.3,medium
P07501,ORG_W1131039492,ORG_W1131039492_T001,咖啡师,PL_W1131039492,0.0,verified
P07502,ORG_W122205423,ORG_W122205423_T002,高级软件工程师,PL_W122205423,0.0,verified
P07503,ORG_UNRES_W41405394,ORG_UNRES_W41405394_T001,自由销售,PL_W41405394,0.0,unresolved
P07504,ORG_N5706107521,ORG_N5706107521_T001,私教,PL_N5706107521,0.0,verified
P07505,ORG_N11406187968,ORG_N11406187968_T001,本科生,PL_N11406187968,0.0,verified
P07506,ORG_N9139819377,ORG_N9139819377_T001,博士研究生,PL_N9139819377,0.0,verified
P07507,ORG_UNRES_W663518492,ORG_UNRES_W663518492_T001,电工,PL_W663518492,0.0,unresolved
P07508,ORG_N3507805959,ORG_N3507805959_T001,高级数据分析师,PL_N3507805959,0.0,verified
P07509,ORG_N13635146897,ORG_N13635146897_T001,客服,PL_N13635146897,0.0,verified
P07510,ORG_N13890081078,ORG_N13890081078_T001,客户经理,PL_N13890081078,0.0,verified
P07511,ORG_W61429979,ORG_W61429979_T001,软件工程师,PL_W61429979,0.0,verified
P07512,ORG_W660836271,ORG_W660836271_T001,高级软件工程师,PL_W660836271,0.0,verified
P07513,ORG_N1911554891,ORG_N1911554891_T001,厨师,PL_N1911554891,0.0,verified
P07514,ORG_W1024399954,ORG_W1024399954_T001,博士研究生,PL_W1024399954,0.0,verified
P07515,ORG_W62058574,ORG_W62058574_T001,高级软件工程师,PL_W62058574,0.0,verified
P07516,ORG_UNRES_W704997215,ORG_UNRES_W704997215_T001,房产经纪,PL_W704997215,0.0,unresolved
P07517,ORG_N7323173820,ORG_N7323173820_T001,人力资源经理,PL_W61430317,1.1,high
P07518,ORG_UNRES_W62354011,ORG_UNRES_W62354011_T001,私教,PL_W62354011,0.0,unresolved
P07519,ORG_W33561126,ORG_W33561126_T001,设计师,PL_W33561126,0.0,verified
P07520,ORG_N6090819024,ORG_N6090819024_T001,采购专员,PL_W495300892,36.5,medium
P07521,ORG_N12322231472,ORG_N12322231472_T001,硕士研究生,PL_N12322231472,0.0,verified
P07522,ORG_UNRES_W705121016,ORG_UNRES_W705121016_T001,财务专员,PL_W705121016,0.0,unresolved
P07523,ORG_W815003250,ORG_W815003250_T001,汽车技师,PL_W815003250,0.0,verified
P07524,ORG_UNRES_W657936244,ORG_UNRES_W657936244_T001,焊工,PL_W657936244,0.0,unresolved
P07525,ORG_N13921314638,ORG_N13921314638_T001,零售店员,PL_N13921314638,0.0,verified
P07526,ORG_W34546255,ORG_W34546255_T001,卡车司机,PL_W194215083,109.6,medium
P07527,ORG_W98409726,ORG_W98409726_T001,设计师,PL_W98409726,0.0,verified
P07528,ORG_UNRES_W662252310,ORG_UNRES_W662252310_T001,电工,PL_W662252310,0.0,unresolved
P07529,ORG_UNRES_W43811048,ORG_UNRES_W43811048_T001,翻译,PL_W43811048,0.0,unresolved
P07530,ORG_N8641635844,ORG_N8641635844_T001,健身教练,PL_N8641635844,0.0,verified
P07531,ORG_UNRES_W1224926612,ORG_UNRES_W1224926612_T001,客户经理,PL_W1224926612,0.0,unresolved
P07532,ORG_N12819212196,ORG_N12819212196_T001,本科生,PL_N12819212196,0.0,verified
P07533,ORG_UNRES_W55226309,ORG_UNRES_W55226309_T001,区域经理,PL_W55226309,0.0,unresolved
P07534,ORG_W165789096,ORG_W165789096_T001,建筑工人,PL_W58745955,103.2,medium
P07535,ORG_UNRES_W52521720,ORG_UNRES_W52521720_T001,自由销售,PL_W52521720,0.0,unresolved
P07536,ORG_N13374681271,ORG_N13374681271_T001,软件工程师,PL_W661194117,53.0,medium
P07537,ORG_N6558113008,ORG_N6558113008_T001,财务主管,PL_N6558113008,0.0,verified
P07538,ORG_N10822992501,ORG_N10822992501_T001,餐厅服务员,PL_N10822992501,0.0,verified
P07539,ORG_W34204544,ORG_W34204544_T001,仓库操作员,PL_W142993846,66.2,medium
P07540,ORG_UNRES_W663829682,ORG_UNRES_W663829682_T001,项目经理,PL_W663829682,0.0,unresolved
P07541,ORG_N1408011788,ORG_N1408011788_T001,零售店员,PL_N1408011788,0.0,verified
P07542,ORG_UNRES_W678759777,ORG_UNRES_W678759777_T001,业务负责人,PL_W678759777,0.0,unresolved
P07543,ORG_UNRES_W33191772,ORG_UNRES_W33191772_T001,卡车司机,PL_W33191772,0.0,unresolved
P07544,ORG_N286375638,ORG_N286375638_T001,餐厅服务员,PL_N286375638,0.0,verified
P07545,ORG_UNRES_W663827265,ORG_UNRES_W663827265_T001,采购经理,PL_W663827265,0.0,unresolved
P07546,ORG_W28025955,ORG_W28025955_T001,高级产品经理,PL_W28025955,0.0,verified
P07547,ORG_UNRES_W362777999,ORG_UNRES_W362777999_T001,销售经理,PL_W362777999,0.0,unresolved
P07548,ORG_W285055427,ORG_W285055427_T002,HR经理,PL_W659321705,48.1,medium
P07549,ORG_W419912448,ORG_W419912448_T001,安装工,PL_W419912448,0.0,verified
P07550,ORG_UNRES_W662130602,ORG_UNRES_W662130602_T001,项目经理,PL_W662130602,0.0,unresolved
P07551,ORG_N4179849766,ORG_N4179849766_T001,收银员,PL_N4179849766,0.0,verified
P07552,ORG_N13667426681,ORG_N13667426681_T001,软件工程师,PL_W662727094,7.5,high
P07553,ORG_N2152544171,ORG_N2152544171_T001,收银员,PL_N2152544171,0.0,verified
P07554,ORG_W663827160,ORG_W663827160_T001,设计师,PL_W663827160,0.0,verified
P07555,ORG_UNRES_W336917018,ORG_UNRES_W336917018_T001,电工,PL_W336917018,0.0,unresolved
P07556,ORG_N11582769894,ORG_N11582769894_T001,HR经理,PL_N11582769894,0.0,verified
P07557,ORG_N12697813979,ORG_N12697813979_T001,客户专员,PL_W182946160,18.5,high
P07558,ORG_UNRES_W1174697425,ORG_UNRES_W1174697425_T001,数据分析师,PL_W1174697425,0.0,unresolved
P07559,ORG_UNRES_W660078366,ORG_UNRES_W660078366_T001,财务经理,PL_W660078366,0.0,unresolved
P07560,ORG_N6838993924,ORG_N6838993924_T001,理发师,PL_N6838993924,0.0,verified
P07561,ORG_UNRES_W659446917,ORG_UNRES_W659446917_T001,自媒体从业者,PL_W659446917,0.0,unresolved
P07562,ORG_W796653482,ORG_W796653482_T001,采购专员,PL_W796653482,0.0,verified
P07563,ORG_N6359437466,ORG_N6359437466_T001,软件工程师,PL_N6359437466,0.0,verified
P07564,ORG_UNRES_W704729319,ORG_UNRES_W704729319_T001,客户专员,PL_W704729319,0.0,unresolved
P07565,ORG_W112390917,ORG_W112390917_T001,采购经理,PL_W112390917,0.0,verified
P07566,ORG_N11784011613,ORG_N11784011613_T001,零售店员,PL_N11784011613,0.0,verified
P07567,ORG_UNRES_W56010232,ORG_UNRES_W56010232_T001,客户经理,PL_W56010232,0.0,unresolved
P07568,ORG_N5223897945,ORG_N5223897945_T001,项目经理,PL_N5223897945,0.0,verified
P07569,ORG_W43125814,ORG_W43125814_T001,客户专员,PL_W43125814,0.0,verified
P07570,ORG_N3473928544,ORG_N3473928544_T001,会计,PL_N3473928544,0.0,verified
P07571,ORG_N5440341721,ORG_N5440341721_T001,客户经理,PL_N5440341721,0.0,verified
P07572,ORG_UNRES_W658018645,ORG_UNRES_W658018645_T001,汽车技师,PL_W658018645,0.0,unresolved
P07573,ORG_W66979779,ORG_W66979779_T001,维修技师,PL_W66979779,0.0,verified
P07574,ORG_N2884419126,ORG_N2884419126_T001,硕士研究生,PL_N2884419126,0.0,verified
P07575,ORG_N3388557766,ORG_N3388557766_T001,餐厅服务员,PL_N3388557766,0.0,verified
P07576,ORG_W58361211,ORG_W58361211_T001,健身教练,PL_W58361211,0.0,verified
P07577,ORG_W42472535,ORG_W42472535_T001,销售经理,PL_W42472535,0.0,verified
P07578,ORG_W129730208,ORG_W129730208_T001,运营专员,PL_W129730208,0.0,verified
P07579,ORG_N12087943806,ORG_N12087943806_T001,销售代表,PL_W105516612,60.4,medium
P07580,ORG_N7881335020,ORG_N7881335020_T001,客户经理,PL_N7881335020,0.0,verified
P07581,ORG_N5796612753,ORG_N5796612753_T001,高级软件工程师,PL_N5796612753,0.0,verified
P07582,ORG_W339360513,ORG_W339360513_T001,收银员,PL_W339360513,0.0,verified
P07583,ORG_W31443988,ORG_W31443988_T001,房产经纪,PL_W31443988,0.0,verified
P07584,ORG_W55029942,ORG_W55029942_T001,项目经理,PL_W55029942,0.0,verified
P07585,ORG_N6483208747,ORG_N6483208747_T001,数据分析师,PL_W203841802,8.1,high
P07586,ORG_N1629211380,ORG_N1629211380_T001,翻译,PL_N1629211380,0.0,verified
P07587,ORG_N12076151011,ORG_N12076151011_T001,HR经理,PL_W248393746,93.7,medium
P07588,ORG_N6685670270,ORG_N6685670270_T001,客服,PL_N6685670270,0.0,verified
P07589,ORG_W31373084,ORG_W31373084_T001,私教,PL_W31373084,0.0,verified
P07590,ORG_N11891397695,ORG_N11891397695_T001,软件工程师,PL_W659599068,75.2,medium
P07591,ORG_UNRES_W659539186,ORG_UNRES_W659539186_T001,焊工,PL_W659539186,0.0,unresolved
P07592,ORG_N7726551152,ORG_N7726551152_T001,客服,PL_N7726551152,0.0,verified
P07593,ORG_N6491254390,ORG_N6491254390_T001,销售代表,PL_W336917018,78.7,medium
P07594,ORG_UNRES_N7580979792,ORG_UNRES_N7580979792_T001,收银员,PL_N7580979792,0.0,unresolved
P07595,ORG_UNRES_W661251417,ORG_UNRES_W661251417_T001,仓库操作员,PL_W661251417,0.0,unresolved
P07596,ORG_N13708205138,ORG_N13708205138_T001,财务专员,PL_N13708205138,0.0,verified
P07597,ORG_N5441763275,ORG_N5441763275_T001,产品经理,PL_N5441763275,0.0,verified
P07598,ORG_W306715327,ORG_W306715327_T001,软件工程师,PL_W306715325,38.9,medium
P07599,ORG_N6565391652,ORG_N6565391652_T001,软件工程师,PL_W660832883,50.8,medium
P07600,ORG_UNRES_W150432577,ORG_UNRES_W150432577_T001,运营专员,PL_W150432577,0.0,unresolved
P07601,ORG_N7751916017,ORG_N7751916017_T001,美容师,PL_N7751916019,23.1,high
P07602,ORG_UNRES_W34551489,ORG_UNRES_W34551489_T001,卡车司机,PL_W34551489,0.0,unresolved
P07603,ORG_N7759217325,ORG_N7759217325_T001,收银员,PL_N7759217325,0.0,verified
P07604,ORG_N6342200350,ORG_N6342200350_T001,高级软件工程师,PL_N6342200350,0.0,verified
P07605,ORG_W33296645,ORG_W33296645_T001,建筑工人,PL_W59252720,101.4,medium
P07606,ORG_N7528906428,ORG_N7528906428_T001,健身教练,PL_N7528906428,0.0,verified
P07607,ORG_W27668360,ORG_W27668360_T001,高级产品经理,PL_W702100741,17.2,high
P07608,ORG_N12312756757,ORG_N12312756757_T001,本科生,PL_N12312756757,0.0,verified
P07609,ORG_W25491342,ORG_W25491342_T001,酒店前台,PL_W25491342,0.0,verified
P07610,ORG_UNRES_W661649901,ORG_UNRES_W661649901_T001,自由设计师,PL_W661649901,0.0,unresolved
P07611,ORG_UNRES_W663564963,ORG_UNRES_W663564963_T001,翻译,PL_W663564963,0.0,unresolved
P07612,ORG_UNRES_W31812603,ORG_UNRES_W31812603_T001,自媒体从业者,PL_W31812603,0.0,unresolved
P07613,ORG_W231773826,ORG_W231773826_T001,酒店服务人员,PL_W231773826,0.0,verified
P07614,ORG_N6848476768,ORG_N6848476768_T001,高级运营专员,PL_W1194870091,39.1,medium
P07615,ORG_UNRES_W659445387,ORG_UNRES_W659445387_T001,自由设计师,PL_W659445387,0.0,unresolved
P07616,ORG_UNRES_W495079991,ORG_UNRES_W495079991_T001,采购经理,PL_W495079991,0.0,unresolved
P07617,ORG_W58565872,ORG_W58565872_T001,销售经理,PL_W58565872,0.0,verified
P07618,ORG_N10671887620,ORG_N10671887620_T001,自由设计师,PL_N10671887620,0.0,verified
P07619,ORG_N9573825416,ORG_N9573825416_T001,HR经理,PL_N9573825416,0.0,verified
P07620,ORG_UNRES_W705218753,ORG_UNRES_W705218753_T001,汽车技师,PL_W705218753,0.0,unresolved
P07621,ORG_N6603471785,ORG_N6603471785_T001,理发师,PL_N6603471785,0.0,verified
P07622,ORG_W32742028,ORG_W32742028_T001,销售代表,PL_W32742028,0.0,verified
P07623,ORG_W195412354,ORG_W195412354_T001,销售经理,PL_W796687023,81.0,medium
P07624,ORG_W32024795,ORG_W32024795_T001,软件工程师,PL_W32024795,0.0,verified
P07625,ORG_W32707399,ORG_W32707399_T001,高级软件工程师,PL_W32707399,0.0,verified
P07626,ORG_W34573775,ORG_W34573775_T001,高级运营专员,PL_W34573775,0.0,verified
P07627,ORG_UNRES_W239827900,ORG_UNRES_W239827900_T001,销售代表,PL_W239827900,0.0,unresolved
P07628,ORG_W1024399954,ORG_W1024399954_T001,硕士研究生,PL_W1024399954,0.0,verified
P07629,ORG_N11090819628,ORG_N11090819628_T001,独立承包商,PL_N11090819628,0.0,verified
P07630,ORG_UNRES_W34122101,ORG_UNRES_W34122101_T001,高级软件工程师,PL_W34122101,0.0,unresolved
P07631,ORG_UNRES_W33361587,ORG_UNRES_W33361587_T001,焊工,PL_W33361587,0.0,unresolved
P07632,ORG_W65592644,ORG_W65592644_T001,行政专员,PL_W65592644,0.0,verified
P07633,ORG_UNRES_W36791704,ORG_UNRES_W36791704_T001,私教,PL_W36791704,0.0,unresolved
P07634,ORG_W775640504,ORG_W775640504_T001,硕士研究生,PL_W775640504,0.0,verified
P07635,ORG_N5069379323,ORG_N5069379323_T001,保安,PL_N5069379323,0.0,verified
P07636,ORG_N5478886799,ORG_N5478886799_T001,健身教练,PL_N5478886799,0.0,verified
P07637,ORG_N6554833778,ORG_N6554833778_T001,HR经理,PL_W58431321,42.7,medium
P07638,ORG_UNRES_W704288158,ORG_UNRES_W704288158_T001,自由销售,PL_W704288158,0.0,unresolved
P07639,ORG_UNRES_W34582249,ORG_UNRES_W34582249_T001,会计,PL_W34582249,0.0,unresolved
P07640,ORG_W33561117,ORG_W33561117_T001,高级产品经理,PL_W33561117,0.0,verified
P07641,ORG_N12996489265,ORG_N12996489265_T001,健身教练,PL_N12996489265,0.0,verified
P07642,ORG_N12312756757,ORG_N12312756757_T001,本科生,PL_N12312756757,0.0,verified
P07643,ORG_W27778689,ORG_W27778689_T001,酒店前台,PL_W27778689,0.0,verified
P07644,ORG_N11195009100,ORG_N11195009100_T001,收银员,PL_N11195009100,0.0,verified
P07645,ORG_W148646768,ORG_W148646768_T001,客服,PL_W148646768,0.0,verified
P07646,ORG_W61982576,ORG_W61982576_T001,销售代表,PL_W61982576,0.0,verified
P07647,ORG_N2299019719,ORG_N2299019719_T001,采购经理,PL_W107138623,21.3,high
P07648,ORG_N13908369382,ORG_N13908369382_T001,收银员,PL_N13908369382,0.0,verified
P07649,ORG_UNRES_W29512399,ORG_UNRES_W29512399_T001,会计,PL_W29512399,0.0,unresolved
P07650,ORG_N5478886799,ORG_N5478886799_T001,健身教练,PL_N5478886799,0.0,verified
P07651,ORG_N2681580824,ORG_N2681580824_T001,硕士研究生,PL_N2681580824,0.0,verified
P07652,ORG_W1289507559,ORG_W1289507559_T001,硕士研究生,PL_W1289507559,0.0,verified
P07653,ORG_N5366324122,ORG_N5366324122_T001,咖啡师,PL_N5366324122,0.0,verified
P07654,ORG_W80378604,ORG_W80378604_T001,数据分析师,PL_W34121938,63.8,medium
P07655,ORG_N6348675997,ORG_N6348675997_T001,软件工程师,PL_W659588332,65.0,medium
P07656,ORG_W23447393,ORG_W23447393_T001,本科生,PL_W23447393,0.0,verified
P07657,ORG_W34550594,ORG_W34550594_T001,软件工程师,PL_W34550594,0.0,verified
P07658,ORG_W150494721,ORG_W150494721_T001,区域经理,PL_W150494721,0.0,verified
P07659,ORG_W148646768,ORG_W148646768_T001,酒店前台,PL_W148646768,0.0,verified
P07660,ORG_N6548307620,ORG_N6548307620_T001,摄影师,PL_W203046133,36.4,medium
P07661,ORG_W34749848,ORG_W34749848_T001,客服,PL_W34749848,0.0,verified
P07662,ORG_N5443636923,ORG_N5443636923_T001,行政专员,PL_W663827183,63.8,medium
P07663,ORG_W23447424,ORG_W23447424_T002,硕士研究生,PL_W23447424,0.0,verified
P07664,ORG_N281361239,ORG_N281361239_T001,收银员,PL_N281361239,0.0,verified
P07665,ORG_N6712340477,ORG_N6712340477_T001,保安,PL_N6712340477,0.0,verified
P07666,ORG_W122198266,ORG_W122198266_T001,项目经理,PL_W122198266,0.0,verified
P07667,ORG_UNRES_W679142323,ORG_UNRES_W679142323_T001,快递员,PL_W679142323,0.0,unresolved
P07668,ORG_UNRES_W66980130,ORG_UNRES_W66980130_T001,仓库操作员,PL_W66980130,0.0,unresolved
P07669,ORG_W23447424,ORG_W23447424_T002,本科生,PL_W23447424,0.0,verified
P07670,ORG_N6561364609,ORG_N6561364609_T001,高级运营专员,PL_N6561364609,0.0,verified
P07671,ORG_UNRES_W32540130,ORG_UNRES_W32540130_T001,焊工,PL_W32540130,0.0,unresolved
P07672,ORG_N6423958627,ORG_N6423958627_T001,高级软件工程师,PL_W659629337,68.3,medium
P07673,ORG_N13932514833,ORG_N13932514833_T001,理发师,PL_N13932514833,0.0,verified
P07674,ORG_UNRES_W1130755538,ORG_UNRES_W1130755538_T001,自由销售,PL_W1130755538,0.0,unresolved
P07675,ORG_N11037686277,ORG_N11037686277_T001,客户专员,PL_W661770747,4.3,high
P07676,ORG_UNRES_W705519670,ORG_UNRES_W705519670_T001,维修技师,PL_W705519670,0.0,unresolved
P07677,ORG_N6373239278,ORG_N6373239278_T001,美容师,PL_N6373239278,0.0,verified
P07678,ORG_N6659697163,ORG_N6659697163_T001,理发师,PL_N6659697163,0.0,verified
P07679,ORG_N9684228297,ORG_N9684228297_T001,高级数据分析师,PL_N9684228297,0.0,verified
P07680,ORG_UNRES_W277289052,ORG_UNRES_W277289052_T001,配送员,PL_W277289052,0.0,unresolved
P07681,ORG_N12198108801,ORG_N12198108801_T001,网店经营者,PL_N12198108801,0.0,verified
P07682,ORG_N6548584911,ORG_N6548584911_T001,软件工程师,PL_N6548584911,0.0,verified
P07683,ORG_W442980016,ORG_W442980016_T001,收银员,PL_W442980016,0.0,verified
P07684,ORG_UNRES_W656560383,ORG_UNRES_W656560383_T001,私教,PL_W656560383,0.0,unresolved
P07685,ORG_W288106846,ORG_W288106846_T001,酒店服务人员,PL_W288106846,0.0,verified
P07686,ORG_N10838194331,ORG_N10838194331_T001,财务专员,PL_W660836569,45.3,medium
P07687,ORG_N13917983710,ORG_N13917983710_T001,客户经理,PL_N13917983710,0.0,verified
P07688,ORG_N6325960642,ORG_N6325960642_T001,健身教练,PL_N6325960642,0.0,verified
P07689,ORG_N3796212747,ORG_N3796212747_T001,收银员,PL_N3796212747,0.0,verified
P07690,ORG_N9543551939,ORG_N9543551939_T001,本科生,PL_N9543551939,0.0,verified
P07691,ORG_UNRES_W141171734,ORG_UNRES_W141171734_T001,仓库操作员,PL_W141171734,0.0,unresolved
P07692,ORG_UNRES_W111082526,ORG_UNRES_W111082526_T001,高级产品经理,PL_W111082526,0.0,unresolved
P07693,ORG_N6495425602,ORG_N6495425602_T001,咖啡师,PL_N6495425602,0.0,verified
P07694,ORG_UNRES_W659321712,ORG_UNRES_W659321712_T001,软件工程师,PL_W659321712,0.0,unresolved
P07695,ORG_W67141590,ORG_W67141590_T001,财务专员,PL_W67141590,0.0,verified
P07696,ORG_W34084140,ORG_W34084140_T001,酒店服务人员,PL_W34084140,0.0,verified
P07697,ORG_UNRES_W981497623,ORG_UNRES_W981497623_T001,保安,PL_W981497623,0.0,unresolved
P07698,ORG_UNRES_W56062961,ORG_UNRES_W56062961_T001,建筑工人,PL_W56062961,0.0,unresolved
P07699,ORG_UNRES_W36791714,ORG_UNRES_W36791714_T001,自媒体从业者,PL_W36791714,0.0,unresolved
P07700,ORG_W162607309,ORG_W162607309_T001,高级数据分析师,PL_W162607309,0.0,verified
P07701,ORG_W32707399,ORG_W32707399_T001,高级数据分析师,PL_W32707399,0.0,verified
P07702,ORG_W35491449,ORG_W35491449_T001,销售经理,PL_W35491449,0.0,verified
P07703,ORG_W231773826,ORG_W231773826_T002,保安,PL_W231773826,0.0,verified
P07704,ORG_UNRES_W55413451,ORG_UNRES_W55413451_T001,运营专员,PL_W55413451,0.0,unresolved
P07705,ORG_N6416453274,ORG_N6416453274_T001,项目经理,PL_N6416453274,0.0,verified
P07706,ORG_W43806332,ORG_W43806332_T001,私教,PL_W43806332,0.0,verified
P07707,ORG_N7323173820,ORG_N7323173820_T001,人力资源经理,PL_W61430317,1.1,high
P07708,ORG_UNRES_W659732267,ORG_UNRES_W659732267_T001,咨询顾问,PL_W659732267,0.0,unresolved
P07709,ORG_W1504222043,ORG_W1504222043_T001,硕士研究生,PL_W1504222043,0.0,verified
P07710,ORG_W141693739,ORG_W141693739_T001,行政专员,PL_W141693739,0.0,verified
P07711,ORG_N13962631450,ORG_N13962631450_T001,采购专员,PL_N13962631450,0.0,verified
P07712,ORG_W32773286,ORG_W32773286_T001,采购专员,PL_W32773286,0.0,verified
P07713,ORG_W115222390,ORG_W115222390_T002,HR经理,PL_W115222390,0.0,verified
P07714,ORG_N4368589695,ORG_N4368589695_T001,自由销售,PL_N4368589695,0.0,verified
P07715,ORG_W137923156,ORG_W137923156_T001,高级运营专员,PL_W137923156,0.0,verified
P07716,ORG_N8921496372,ORG_N8921496372_T001,咨询顾问,PL_N8921496372,0.0,verified
P07717,ORG_W60428571,ORG_W60428571_T001,维修技师,PL_W60428594,39.8,medium
P07718,ORG_W231284913,ORG_W231284913_T002,酒店前台,PL_W231284913,0.0,verified
P07719,ORG_N6848476768,ORG_N6848476768_T001,高级运营专员,PL_W1194870091,39.1,medium
P07720,ORG_N6359447137,ORG_N6359447137_T001,客户专员,PL_N6359447137,0.0,verified
P07721,ORG_N14020001312,ORG_N14020001312_T001,软件工程师,PL_N14020001312,0.0,verified
P07722,ORG_N11310904116,ORG_N11310904116_T001,健身教练,PL_N11310904116,0.0,verified
P07723,ORG_UNRES_W1091080136,ORG_UNRES_W1091080136_T001,建筑工人,PL_W1091080136,0.0,unresolved
P07724,ORG_W659617769,ORG_W659617769_T001,安装工,PL_W659617769,0.0,verified
P07725,ORG_UNRES_W455610181,ORG_UNRES_W455610181_T001,行政专员,PL_W455610181,0.0,unresolved
P07726,ORG_UNRES_W662213143,ORG_UNRES_W662213143_T001,高级软件工程师,PL_W662213143,0.0,unresolved
P07727,ORG_UNRES_W306426685,ORG_UNRES_W306426685_T001,数据分析师,PL_W306426685,0.0,unresolved
P07728,ORG_UNRES_W1545155847,ORG_UNRES_W1545155847_T001,项目经理,PL_W1545155847,0.0,unresolved
P07729,ORG_N8518307710,ORG_N8518307710_T001,零售店员,PL_N8518307710,0.0,verified
P07730,ORG_W31926308,ORG_W31926308_T001,产品经理,PL_W31926308,0.0,verified
P07731,ORG_N7720347797,ORG_N7720347797_T001,财务专员,PL_N7720347797,0.0,verified
P07732,ORG_N6589662179,ORG_N6589662179_T001,高级运营专员,PL_N6589662179,0.0,verified
P07733,ORG_N7745266377,ORG_N7745266377_T001,收银员,PL_N7745266377,0.0,verified
P07734,ORG_N6354886589,ORG_N6354886589_T001,私教,PL_N6354886589,0.0,verified
P07735,ORG_W27767627,ORG_W27767627_T001,销售代表,PL_W27767627,0.0,verified
P07736,ORG_UNRES_W659116685,ORG_UNRES_W659116685_T001,汽车技师,PL_W659116685,0.0,unresolved
P07737,ORG_UNRES_W661325307,ORG_UNRES_W661325307_T001,摄影师,PL_W661325307,0.0,unresolved
P07738,ORG_W42890418,ORG_W42890418_T001,高级产品经理,PL_W42890418,0.0,verified
P07739,ORG_N4322241900,ORG_N4322241900_T001,咖啡师,PL_N4322241900,0.0,verified
P07740,ORG_W25420435,ORG_W25420435_T001,项目经理,PL_W25420435,0.0,verified
P07741,ORG_N6352818284,ORG_N6352818284_T001,软件工程师,PL_N6352818284,0.0,verified
P07742,ORG_N6551615785,ORG_N6551615785_T001,高级项目经理,PL_W797144766,17.8,high
P07743,ORG_W61759776,ORG_W61759776_T003,本科生,PL_W61759776,0.0,verified
P07744,ORG_W23447393,ORG_W23447393_T001,本科生,PL_W23447393,0.0,verified
P07745,ORG_N565543441,ORG_N565543441_T001,零售店员,PL_N565543441,0.0,verified
P07746,ORG_W23447424,ORG_W23447424_T001,本科生,PL_W23447424,0.0,verified
P07747,ORG_W59036010,ORG_W59036010_T001,财务专员,PL_W59036010,0.0,verified
P07748,ORG_UNRES_W34571353,ORG_UNRES_W34571353_T001,客户专员,PL_W34571353,0.0,unresolved
P07749,ORG_N2158114886,ORG_N2158114886_T001,咖啡师,PL_N2158114886,0.0,verified
P07750,ORG_UNRES_W62361716,ORG_UNRES_W62361716_T001,客户专员,PL_W62361716,0.0,unresolved
P07751,ORG_N12897744768,ORG_N12897744768_T001,收银员,PL_N12897744768,0.0,verified
P07752,ORG_UNRES_W1226256410,ORG_UNRES_W1226256410_T001,安装工,PL_W1226256410,0.0,unresolved
P07753,ORG_UNRES_W187814126,ORG_UNRES_W187814126_T001,客户专员,PL_W187814126,0.0,unresolved
P07754,ORG_UNRES_W1275510440,ORG_UNRES_W1275510440_T001,摄影师,PL_W1275510440,0.0,unresolved
P07755,ORG_N7578507796,ORG_N7578507796_T001,美容师,PL_N502704915,10.8,high
P07756,ORG_N12227886709,ORG_N12227886709_T001,美容师,PL_N12227886709,0.0,verified
P07757,ORG_UNRES_W804363060,ORG_UNRES_W804363060_T001,会计,PL_W804363060,0.0,unresolved
P07758,ORG_N11608557109,ORG_N11608557109_T001,高级软件工程师,PL_W60516163,90.2,medium
P07759,ORG_N2159450932,ORG_N2159450932_T001,私教,PL_N2159450932,0.0,verified
P07760,ORG_N3590624203,ORG_N3590624203_T001,高级运营专员,PL_N3590624203,0.0,verified
P07761,ORG_N6448767789,ORG_N6448767789_T001,房产经纪,PL_N6448767789,0.0,verified
P07762,ORG_N5832485425,ORG_N5832485425_T001,销售经理,PL_N5832485425,0.0,verified
P07763,ORG_N7797321403,ORG_N7797321403_T001,硕士研究生,PL_N7797321403,0.0,verified
P07764,ORG_UNRES_W31619934,ORG_UNRES_W31619934_T001,高级数据分析师,PL_W31619934,0.0,unresolved
P07765,ORG_UNRES_W144500767,ORG_UNRES_W144500767_T001,自由设计师,PL_W144500767,0.0,unresolved
P07766,ORG_N7857193347,ORG_N7857193347_T001,设计师,PL_W361650356,90.9,medium
P07767,ORG_W309151588,ORG_W309151588_T001,设计师,PL_W309151588,0.0,verified
P07768,ORG_N6348250425,ORG_N6348250425_T001,健身教练,PL_N6348250425,0.0,verified
P07769,ORG_W96144517,ORG_W96144517_T001,财务专员,PL_W96144516,61.8,medium
P07770,ORG_UNRES_W217385273,ORG_UNRES_W217385273_T001,建筑工人,PL_W217385273,0.0,unresolved
P07771,ORG_N10290303700,ORG_N10290303700_T001,HR经理,PL_N10290303700,0.0,verified
P07772,ORG_N12898127234,ORG_N12898127234_T001,餐厅服务员,PL_N12898127234,0.0,verified
P07773,ORG_N4207071170,ORG_N4207071170_T001,美容师,PL_N4207071170,0.0,verified
P07774,ORG_N2832358702,ORG_N2832358702_T001,项目经理,PL_N2832358702,0.0,verified
P07775,ORG_UNRES_W32122686,ORG_UNRES_W32122686_T001,自由设计师,PL_W32122686,0.0,unresolved
P07776,ORG_N7351237773,ORG_N7351237773_T001,财务主管,PL_W669874248,35.9,medium
P07777,ORG_W23447514,ORG_W23447514_T001,本科生,PL_W23447514,0.0,verified
P07778,ORG_W34587440,ORG_W34587440_T001,财务主管,PL_W34587440,0.0,verified
P07779,ORG_UNRES_W703598070,ORG_UNRES_W703598070_T001,维修技师,PL_W703598070,0.0,unresolved
P07780,ORG_W23447424,ORG_W23447424_T002,硕士研究生,PL_W23447424,0.0,verified
P07781,ORG_UNRES_W680624938,ORG_UNRES_W680624938_T001,销售代表,PL_W680624938,0.0,unresolved
P07782,ORG_UNRES_W661951734,ORG_UNRES_W661951734_T001,快递员,PL_W661951734,0.0,unresolved
P07783,ORG_UNRES_W58869418,ORG_UNRES_W58869418_T001,安装工,PL_W58869418,0.0,unresolved
P07784,ORG_UNRES_W62361726,ORG_UNRES_W62361726_T001,运营专员,PL_W62361726,0.0,unresolved
P07785,ORG_N13196774888,ORG_N13196774888_T001,摄影师,PL_N13196774888,0.0,verified
P07786,ORG_W34749848,ORG_W34749848_T001,保安,PL_W34749848,0.0,verified
P07787,ORG_W62058576,ORG_W62058576_T001,销售经理,PL_W137927025,69.6,medium
P07788,ORG_W61759776,ORG_W61759776_T002,硕士研究生,PL_W61759776,0.0,verified
P07789,ORG_N5161264621,ORG_N5161264621_T001,采购专员,PL_W657722108,16.0,high
P07790,ORG_N9233976762,ORG_N9233976762_T001,高级软件工程师,PL_W661345988,79.6,medium
P07791,ORG_N1193708354,ORG_N1193708354_T001,销售代表,PL_N1193708354,0.0,verified
P07792,ORG_N13944300601,ORG_N13944300601_T001,理发师,PL_N13944300601,0.0,verified
P07793,ORG_UNRES_W659830904,ORG_UNRES_W659830904_T001,咨询顾问,PL_W659830904,0.0,unresolved
P07794,ORG_W1366234349,ORG_W1366234349_T002,采购专员,PL_W106971408,28.1,medium
P07795,ORG_N13764108580,ORG_N13764108580_T001,私教,PL_N13764108580,0.0,verified
P07796,ORG_UNRES_W60118201,ORG_UNRES_W60118201_T001,会计,PL_W60118201,0.0,unresolved
P07797,ORG_N4421255631,ORG_N4421255631_T001,零售店员,PL_N4421255631,0.0,verified
P07798,ORG_W80378604,ORG_W80378604_T001,会计,PL_W34121938,63.8,medium
P07799,ORG_N384785143,ORG_N384785143_T001,零售店员,PL_N384785143,0.0,verified
P07800,ORG_N13146174589,ORG_N13146174589_T001,厨师,PL_N13146174589,0.0,verified
P07801,ORG_W657979282,ORG_W657979282_T001,会计,PL_W657979282,0.0,verified
P07802,ORG_N1291264971,ORG_N1291264971_T001,客户专员,PL_W151793363,7.7,high
P07803,ORG_N7570784647,ORG_N7570784647_T001,高级软件工程师,PL_W1541291206,9.3,high
P07804,ORG_N6575089207,ORG_N6575089207_T001,零售店员,PL_N6575089207,0.0,verified
P07805,ORG_W27767636,ORG_W27767636_T001,运营专员,PL_W27767636,0.0,verified
P07806,ORG_UNRES_W703923700,ORG_UNRES_W703923700_T001,电工,PL_W703923700,0.0,unresolved
P07807,ORG_N1138266329,ORG_N1138266329_T001,保安,PL_N1138266329,0.0,verified
P07808,ORG_UNRES_W56010324,ORG_UNRES_W56010324_T001,汽车技师,PL_W56010324,0.0,unresolved
P07809,ORG_N13889944378,ORG_N13889944378_T001,HR经理,PL_W663315377,13.2,high
P07810,ORG_N4328466044,ORG_N4328466044_T001,采购经理,PL_N4328466044,0.0,verified
P07811,ORG_UNRES_W32654438,ORG_UNRES_W32654438_T001,高级运营专员,PL_W32654438,0.0,unresolved
P07812,ORG_UNRES_W659239608,ORG_UNRES_W659239608_T001,运营经理,PL_W659239608,0.0,unresolved
P07813,ORG_N13343101342,ORG_N13343101342_T001,采购专员,PL_W663827276,45.2,medium
P07814,ORG_W7969162,ORG_W7969162_T001,客户专员,PL_W7969162,0.0,verified
P07815,ORG_N6371193273,ORG_N6371193273_T001,设计师,PL_W58938377,24.1,high
P07816,ORG_N4100291272,ORG_N4100291272_T001,餐厅服务员,PL_N4100291272,0.0,verified
P07817,ORG_N6315140376,ORG_N6315140376_T001,会计,PL_N6315140376,0.0,verified
P07818,ORG_UNRES_W33543299,ORG_UNRES_W33543299_T001,运营专员,PL_W33543299,0.0,unresolved
P07819,ORG_N9738778309,ORG_N9738778309_T001,采购专员,PL_W1545245082,26.8,medium
P07820,ORG_UNRES_W104942318,ORG_UNRES_W104942318_T001,房产经纪,PL_W104942318,0.0,unresolved
P07821,ORG_W1109164580,ORG_W1109164580_T001,酒店前台,PL_W1109164580,0.0,verified
P07822,ORG_N9826047290,ORG_N9826047290_T001,高级运营专员,PL_N9826047290,0.0,verified
P07823,ORG_W27767640,ORG_W27767640_T002,酒店前台,PL_W27767640,0.0,verified
P07824,ORG_N763667715,ORG_N763667715_T001,数据分析师,PL_W61014140,20.5,high
P07825,ORG_N4016668554,ORG_N4016668554_T001,客服,PL_N4016668554,0.0,verified
P07826,ORG_W34749721,ORG_W34749721_T001,酒店前台,PL_W34749721,0.0,verified
P07827,ORG_N7916591460,ORG_N7916591460_T001,数据分析师,PL_W660620517,56.5,medium
P07828,ORG_W33562386,ORG_W33562386_T001,客服,PL_W33562386,0.0,verified
P07829,ORG_N6549452003,ORG_N6549452003_T001,客服,PL_N6549452003,0.0,verified
P07830,ORG_W797142352,ORG_W797142352_T001,项目经理,PL_W797142352,0.0,verified
P07831,ORG_UNRES_W1204537184,ORG_UNRES_W1204537184_T001,独立程序员,PL_W1204537184,0.0,unresolved
P07832,ORG_N3849949568,ORG_N3849949568_T001,收银员,PL_N3849949568,0.0,verified
P07833,ORG_W166090379,ORG_W166090379_T001,HR经理,PL_W166090379,0.0,verified
P07834,ORG_N7759269231,ORG_N7759269231_T001,美容师,PL_N7759269231,0.0,verified
P07835,ORG_N7612815481,ORG_N7612815481_T001,房产经纪,PL_N7612815481,0.0,verified
P07836,ORG_N8626077911,ORG_N8626077911_T001,高级运营专员,PL_N8626077911,0.0,verified
P07837,ORG_W660222492,ORG_W660222492_T001,销售经理,PL_W660222492,0.0,verified
P07838,ORG_UNRES_W79577687,ORG_UNRES_W79577687_T001,设备操作员,PL_W79577687,0.0,unresolved
P07839,ORG_W275134102,ORG_W275134102_T001,保安,PL_W275134102,0.0,verified
P07840,ORG_N13889944378,ORG_N13889944378_T001,房产经纪,PL_W236148180,83.8,medium
P07841,ORG_W55413460,ORG_W55413460_T001,高级软件工程师,PL_W55413460,0.0,verified
P07842,ORG_W23447424,ORG_W23447424_T001,博士研究生,PL_W23447424,0.0,verified
P07843,ORG_N6546274464,ORG_N6546274464_T001,厨师,PL_N6546274464,0.0,verified
P07844,ORG_UNRES_W1173954309,ORG_UNRES_W1173954309_T001,HR经理,PL_W1173954309,0.0,unresolved
P07845,ORG_N6493349393,ORG_N6493349393_T001,客服,PL_N6493349393,0.0,verified
P07846,ORG_N5802396009,ORG_N5802396009_T001,采购经理,PL_N5802396009,0.0,verified
P07847,ORG_W370371691,ORG_W370371691_T001,销售代表,PL_W370371691,0.0,verified
P07848,ORG_UNRES_N544554088,ORG_UNRES_N544554088_T001,咖啡师,PL_N544554088,0.0,unresolved
P07849,ORG_N13951116891,ORG_N13951116891_T001,保安,PL_N13951116891,0.0,verified
P07850,ORG_UNRES_W661347087,ORG_UNRES_W661347087_T001,高级软件工程师,PL_W661347087,0.0,unresolved
P07851,ORG_W186015896,ORG_W186015896_T001,维修技师,PL_W704229395,47.6,medium
P07852,ORG_UNRES_W660806732,ORG_UNRES_W660806732_T001,摄影师,PL_W660806732,0.0,unresolved
P07853,ORG_UNRES_W43804348,ORG_UNRES_W43804348_T001,维修技师,PL_W43804348,0.0,unresolved
P07854,ORG_N9133561186,ORG_N9133561186_T001,客户专员,PL_W56724000,57.2,medium
P07855,ORG_N6423958629,ORG_N6423958629_T001,部门经理,PL_W225518790,75.7,medium
P07856,ORG_N6313899867,ORG_N6313899867_T001,客服,PL_N6313899867,0.0,verified
P07857,ORG_W34084532,ORG_W34084532_T001,保安,PL_W34084532,0.0,verified
P07858,ORG_N547498239,ORG_N547498239_T001,硕士研究生,PL_N547498239,0.0,verified
P07859,ORG_UNRES_W661951668,ORG_UNRES_W661951668_T001,焊工,PL_W661951668,0.0,unresolved
P07860,ORG_N6423958627,ORG_N6423958627_T001,采购经理,PL_W659629317,21.7,high
P07861,ORG_N12893497687,ORG_N12893497687_T001,保安,PL_N12893497687,0.0,verified
P07862,ORG_N12402836388,ORG_N12402836388_T001,销售代表,PL_W1258091966,7.9,high
P07863,ORG_N700645450,ORG_N700645450_T001,零售店员,PL_N700645450,0.0,verified
P07864,ORG_N12818166967,ORG_N12818166967_T001,行政专员,PL_N12818166967,0.0,verified
P07865,ORG_N4507572289,ORG_N4507572289_T001,硕士研究生,PL_N4507572289,0.0,verified
P07866,ORG_W61011666,ORG_W61011666_T001,数据分析师,PL_W61011666,0.0,verified
P07867,ORG_UNRES_N3507801026,ORG_UNRES_N3507801026_T001,收银员,PL_N3507801026,0.0,unresolved
P07868,ORG_UNRES_W659445378,ORG_UNRES_W659445378_T001,网店经营者,PL_W659445378,0.0,unresolved
P07869,ORG_N6323908392,ORG_N6323908392_T001,高级软件工程师,PL_W34775093,84.4,medium
P07870,ORG_N7575669938,ORG_N7575669938_T001,高级软件工程师,PL_N7575669938,0.0,verified
P07871,ORG_W32773286,ORG_W32773286_T001,财务专员,PL_W32773286,0.0,verified
P07872,ORG_N13958416922,ORG_N13958416922_T001,理发师,PL_N13958416922,0.0,verified
P07873,ORG_UNRES_W661774617,ORG_UNRES_W661774617_T001,搬运工,PL_W661774617,0.0,unresolved
P07874,ORG_UNRES_W66979817,ORG_UNRES_W66979817_T001,仓库操作员,PL_W66979817,0.0,unresolved
P07875,ORG_UNRES_W659833320,ORG_UNRES_W659833320_T001,电工,PL_W659833320,0.0,unresolved
P07876,ORG_N3440216089,ORG_N3440216089_T001,房产经纪,PL_W55029513,25.5,medium
P07877,ORG_W436018569,ORG_W436018569_T001,销售代表,PL_W436018569,0.0,verified
P07878,ORG_W1418991792,ORG_W1418991792_T001,客户经理,PL_W1418991792,0.0,verified
P07879,ORG_W61014137,ORG_W61014137_T001,酒店服务人员,PL_W61014137,0.0,verified
P07880,ORG_N2547436272,ORG_N2547436272_T001,零售店员,PL_N2547436272,0.0,verified
P07881,ORG_UNRES_W67140566,ORG_UNRES_W67140566_T001,焊工,PL_W67140566,0.0,unresolved
P07882,ORG_W32556080,ORG_W32556080_T001,高级数据分析师,PL_W32556080,0.0,verified
P07883,ORG_N8450477882,ORG_N8450477882_T001,零售店员,PL_N8450477882,0.0,verified
P07884,ORG_UNRES_W661822388,ORG_UNRES_W661822388_T001,自由设计师,PL_W661822388,0.0,unresolved
P07885,ORG_N11774144078,ORG_N11774144078_T001,美容师,PL_N11774144078,0.0,verified
P07886,ORG_W34545829,ORG_W34545829_T001,酒店服务人员,PL_W34545829,0.0,verified
P07887,ORG_W23447424,ORG_W23447424_T002,博士研究生,PL_W23447424,0.0,verified
P07888,ORG_W402553502,ORG_W402553502_T001,项目经理,PL_W402553502,0.0,verified
P07889,ORG_UNRES_W978051265,ORG_UNRES_W978051265_T001,私教,PL_W978051265,0.0,unresolved
P07890,ORG_UNRES_W659427973,ORG_UNRES_W659427973_T001,高级运营专员,PL_W659427973,0.0,unresolved
P07891,ORG_N2558957620,ORG_N2558957620_T001,餐厅服务员,PL_N2558957620,0.0,verified
P07892,ORG_N13890109307,ORG_N13890109307_T001,本科生,PL_N13890109307,0.0,verified
P07893,ORG_UNRES_W659605645,ORG_UNRES_W659605645_T001,快递员,PL_W659605645,0.0,unresolved
P07894,ORG_N2548856098,ORG_N2548856098_T001,行政专员,PL_W676108757,49.3,medium
P07895,ORG_N2482519937,ORG_N2482519937_T001,行政专员,PL_N2482519937,0.0,verified
P07896,ORG_N4046116331,ORG_N4046116331_T001,项目经理,PL_N4046116331,0.0,verified
P07897,ORG_UNRES_W34209447,ORG_UNRES_W34209447_T001,仓库操作员,PL_W34209447,0.0,unresolved
P07898,ORG_N4558083657,ORG_N4558083657_T001,厨师,PL_N4558083657,0.0,verified
P07899,ORG_N12682724060,ORG_N12682724060_T001,网店经营者,PL_N12682724060,0.0,verified
P07900,ORG_W22372252,ORG_W22372252_T001,健身教练,PL_W22372252,0.0,verified
P07901,ORG_N1282257500,ORG_N1282257500_T001,餐厅服务员,PL_N1282257500,0.0,verified
P07902,ORG_N3750046598,ORG_N3750046598_T001,HR经理,PL_N3750046598,0.0,verified
P07903,ORG_N10695426371,ORG_N10695426371_T001,软件工程师,PL_N10695426371,0.0,verified
P07904,ORG_N7129252051,ORG_N7129252051_T001,运营专员,PL_N7129252051,0.0,verified
P07905,ORG_W58867180,ORG_W58867180_T001,销售代表,PL_W58867180,0.0,verified
P07906,ORG_W44076451,ORG_W44076451_T001,厨师,PL_W44076451,0.0,verified
P07907,ORG_N2681580824,ORG_N2681580824_T001,本科生,PL_N2681580824,0.0,verified
P07908,ORG_UNRES_W662149704,ORG_UNRES_W662149704_T001,高级软件工程师,PL_W662149704,0.0,unresolved
P07909,ORG_N1142872979,ORG_N1142872979_T001,本科生,PL_N1142872979,0.0,verified
P07910,ORG_N5709312026,ORG_N5709312026_T001,客户专员,PL_N5709312026,0.0,verified
P07911,ORG_N2884419126,ORG_N2884419126_T001,本科生,PL_N2884419126,0.0,verified
P07912,ORG_W58869658,ORG_W58869658_T001,财务专员,PL_W58869658,0.0,verified
P07913,ORG_UNRES_W34571520,ORG_UNRES_W34571520_T001,行政专员,PL_W34571520,0.0,unresolved
P07914,ORG_N12190946450,ORG_N12190946450_T001,厨师,PL_N12190946450,0.0,verified
P07915,ORG_UNRES_W1125984086,ORG_UNRES_W1125984086_T001,财务专员,PL_W1125984086,0.0,unresolved
P07916,ORG_N3811486813,ORG_N3811486813_T001,客户专员,PL_N3811486813,0.0,verified
P07917,ORG_UNRES_W32120099,ORG_UNRES_W32120099_T001,焊工,PL_W32120099,0.0,unresolved
P07918,ORG_W143654375,ORG_W143654375_T001,咨询顾问,PL_W143654375,0.0,verified
P07919,ORG_W286262607,ORG_W286262607_T001,高级运营专员,PL_W79659932,42.9,medium
P07920,ORG_W32539524,ORG_W32539524_T001,HR经理,PL_W32539524,0.0,verified
P07921,ORG_N13897158549,ORG_N13897158549_T001,HR经理,PL_W1194900603,14.2,high
P07922,ORG_N2570624431,ORG_N2570624431_T001,客户经理,PL_W1424015290,34.0,medium
P07923,ORG_N4965021352,ORG_N4965021352_T001,收银员,PL_N4965021352,0.0,verified
P07924,ORG_UNRES_W662146575,ORG_UNRES_W662146575_T001,维修技师,PL_W662146575,0.0,unresolved
P07925,ORG_UNRES_W58431314,ORG_UNRES_W58431314_T001,区域经理,PL_W58431314,0.0,unresolved
P07926,ORG_N7553002959,ORG_N7553002959_T001,零售店员,PL_N7553002959,0.0,verified
P07927,ORG_N4529456800,ORG_N4529456800_T001,高级运营专员,PL_N4529456800,0.0,verified
P07928,ORG_W62058577,ORG_W62058577_T001,运营专员,PL_W62058577,0.0,verified
P07929,ORG_N6386854894,ORG_N6386854894_T001,保安,PL_N6386854894,0.0,verified
P07930,ORG_N6549810023,ORG_N6549810023_T001,客服,PL_N6549810023,0.0,verified
P07931,ORG_UNRES_W456714331,ORG_UNRES_W456714331_T001,焊工,PL_W456714331,0.0,unresolved
P07932,ORG_W180193897,ORG_W180193897_T001,高级软件工程师,PL_W180193898,13.7,high
P07933,ORG_N3330175421,ORG_N3330175421_T001,项目经理,PL_W670272330,78.8,medium
P07934,ORG_W42890417,ORG_W42890417_T001,财务主管,PL_W42890417,0.0,verified
P07935,ORG_W56062962,ORG_W56062962_T001,HR经理,PL_W56062962,0.0,verified
P07936,ORG_W61429979,ORG_W61429979_T001,会计,PL_W61429979,0.0,verified
P07937,ORG_UNRES_W663827573,ORG_UNRES_W663827573_T001,配送员,PL_W663827573,0.0,unresolved
P07938,ORG_UNRES_W658233529,ORG_UNRES_W658233529_T001,软件工程师,PL_W658233529,0.0,unresolved
P07939,ORG_UNRES_W658011237,ORG_UNRES_W658011237_T001,销售代表,PL_W658011237,0.0,unresolved
P07940,ORG_N387456093,ORG_N387456093_T001,理发师,PL_N387456093,0.0,verified
P07941,ORG_W144942369,ORG_W144942369_T001,酒店服务人员,PL_W144942369,0.0,verified
P07942,ORG_UNRES_W660837092,ORG_UNRES_W660837092_T001,翻译,PL_W660837092,0.0,unresolved
P07943,ORG_UNRES_W660820104,ORG_UNRES_W660820104_T001,私教,PL_W660820104,0.0,unresolved
P07944,ORG_UNRES_W32455671,ORG_UNRES_W32455671_T001,独立程序员,PL_W32455671,0.0,unresolved
P07945,ORG_N7330169662,ORG_N7330169662_T001,客服,PL_N7330169662,0.0,verified
P07946,ORG_N5166413224,ORG_N5166413224_T001,餐厅服务员,PL_N5166413224,0.0,verified
P07947,ORG_W179297875,ORG_W179297875_T002,酒店前台,PL_W179297875,0.0,verified
P07948,ORG_N13719638635,ORG_N13719638635_T001,财务主管,PL_N13719638635,0.0,verified
P07949,ORG_UNRES_W663518499,ORG_UNRES_W663518499_T001,快递员,PL_W663518499,0.0,unresolved
P07950,ORG_UNRES_W1173242674,ORG_UNRES_W1173242674_T001,软件工程师,PL_W1173242674,0.0,unresolved
P07951,ORG_W661314360,ORG_W661314360_T001,仓库操作员,PL_W661314360,0.0,verified
P07952,ORG_UNRES_W670151105,ORG_UNRES_W670151105_T001,高级运营专员,PL_W670151105,0.0,unresolved
P07953,ORG_UNRES_W659588032,ORG_UNRES_W659588032_T001,财务专员,PL_W659588032,0.0,unresolved
P07954,ORG_N10892231389,ORG_N10892231389_T001,翻译,PL_N10892231389,0.0,verified
P07955,ORG_W796653490,ORG_W796653490_T001,HR经理,PL_W796653489,7.5,high
P07956,ORG_UNRES_W60482846,ORG_UNRES_W60482846_T001,安装工,PL_W60482846,0.0,unresolved
P07957,ORG_UNRES_W673760242,ORG_UNRES_W673760242_T001,采购专员,PL_W673760242,0.0,unresolved
P07958,ORG_N7781377932,ORG_N7781377932_T001,硕士研究生,PL_N7781377932,0.0,verified
P07959,ORG_W34545829,ORG_W34545829_T002,保安,PL_W34545829,0.0,verified
P07960,ORG_UNRES_W659831136,ORG_UNRES_W659831136_T001,自媒体从业者,PL_W659831136,0.0,unresolved
P07961,ORG_N2482519941,ORG_N2482519941_T001,翻译,PL_N2482519941,0.0,verified
P07962,ORG_UNRES_W117593766,ORG_UNRES_W117593766_T001,高级运营专员,PL_W117593766,0.0,unresolved
P07963,ORG_W43805398,ORG_W43805398_T001,采购经理,PL_W43805398,0.0,verified
P07964,ORG_N2159618452,ORG_N2159618452_T001,设计师,PL_N2159618452,0.0,verified
P07965,ORG_W59244475,ORG_W59244475_T001,高级运营专员,PL_W59244475,0.0,verified
P07966,ORG_UNRES_W706236185,ORG_UNRES_W706236185_T001,自由销售,PL_W706236185,0.0,unresolved
P07967,ORG_UNRES_W802254938,ORG_UNRES_W802254938_T001,软件工程师,PL_W802254938,0.0,unresolved
P07968,ORG_UNRES_W661206875,ORG_UNRES_W661206875_T001,私教,PL_W661206875,0.0,unresolved
P07969,ORG_UNRES_W659629257,ORG_UNRES_W659629257_T001,汽车技师,PL_W659629257,0.0,unresolved
P07970,ORG_W59244475,ORG_W59244475_T001,维修技师,PL_W59244475,0.0,verified
P07971,ORG_N8054372748,ORG_N8054372748_T001,独立承包商,PL_N8054372748,0.0,verified
P07972,ORG_W276148590,ORG_W276148590_T001,零售店员,PL_W276148590,0.0,verified
P07973,ORG_N9905852048,ORG_N9905852048_T001,零售店员,PL_N9905852048,0.0,verified
P07974,ORG_UNRES_W661250102,ORG_UNRES_W661250102_T001,运营专员,PL_W661250102,0.0,unresolved
P07975,ORG_N7534138909,ORG_N7534138909_T001,客户经理,PL_N7534138909,0.0,verified
P07976,ORG_UNRES_W918421631,ORG_UNRES_W918421631_T001,客户经理,PL_W918421631,0.0,unresolved
P07977,ORG_W179297875,ORG_W179297875_T001,酒店服务人员,PL_W179297875,0.0,verified
P07978,ORG_UNRES_W56238423,ORG_UNRES_W56238423_T001,卡车司机,PL_W56238423,0.0,unresolved
P07979,ORG_N9309942419,ORG_N9309942419_T001,财务经理,PL_N9309942419,0.0,verified
P07980,ORG_UNRES_W661021552,ORG_UNRES_W661021552_T001,项目经理,PL_W661021552,0.0,unresolved
P07981,ORG_N7581385500,ORG_N7581385500_T001,保安,PL_N7581385500,0.0,verified
P07982,ORG_N9005321677,ORG_N9005321677_T001,设计师,PL_N9005321677,0.0,verified
P07983,ORG_N6348392705,ORG_N6348392705_T001,产品经理,PL_W661292604,68.4,medium
P07984,ORG_UNRES_W660079302,ORG_UNRES_W660079302_T001,私教,PL_W660079302,0.0,unresolved
P07985,ORG_N12247061816,ORG_N12247061816_T001,区域经理,PL_N12247061816,0.0,verified
P07986,ORG_N13921346833,ORG_N13921346833_T001,客服,PL_N13921346833,0.0,verified
P07987,ORG_W58849209,ORG_W58849209_T001,高级软件工程师,PL_W670106659,94.6,medium
P07988,ORG_N1906274420,ORG_N1906274420_T001,行政专员,PL_W180549737,31.9,medium
P07989,ORG_UNRES_W56062816,ORG_UNRES_W56062816_T001,配送员,PL_W56062816,0.0,unresolved
P07990,ORG_W659094218,ORG_W659094218_T001,高级软件工程师,PL_W659094218,0.0,verified
P07991,ORG_W179297875,ORG_W179297875_T001,酒店服务人员,PL_W179297875,0.0,verified
P07992,ORG_UNRES_W141170462,ORG_UNRES_W141170462_T001,设备操作员,PL_W141170462,0.0,unresolved
P07993,ORG_N3729410887,ORG_N3729410887_T001,咖啡师,PL_N3729410887,0.0,verified
P07994,ORG_W256116927,ORG_W256116927_T001,高级软件工程师,PL_W256116927,0.0,verified
P07995,ORG_W759309224,ORG_W759309224_T001,产品经理,PL_W759309234,68.4,medium
P07996,ORG_N751991856,ORG_N751991856_T001,采购专员,PL_W43804462,25.0,medium
P07997,ORG_W23447393,ORG_W23447393_T001,本科生,PL_W23447393,0.0,verified
P07998,ORG_N59566249,ORG_N59566249_T001,HR经理,PL_W122204305,35.4,medium
P07999,ORG_UNRES_W659732765,ORG_UNRES_W659732765_T001,独立承包商,PL_W659732765,0.0,unresolved
P08000,ORG_W659840213,ORG_W659840213_T001,配送员,PL_W659840213,0.0,verified
P08001,ORG_W58559273,ORG_W58559273_T001,项目经理,PL_W58559273,0.0,verified
P08002,ORG_UNRES_W663314806,ORG_UNRES_W663314806_T001,数据分析师,PL_W663314806,0.0,unresolved
P08003,ORG_UNRES_W660934412,ORG_UNRES_W660934412_T001,财务专员,PL_W660934412,0.0,unresolved
P08004,ORG_W174674654,ORG_W174674654_T001,酒店前台,PL_W174674654,0.0,verified
P08005,ORG_W943701267,ORG_W943701267_T001,高级软件工程师,PL_W943701267,0.0,verified
P08006,ORG_UNRES_W663828867,ORG_UNRES_W663828867_T001,客户经理,PL_W663828867,0.0,unresolved
P08007,ORG_N8579734718,ORG_N8579734718_T001,产品经理,PL_N8579734718,0.0,verified
P08008,ORG_W56433525,ORG_W56433525_T001,酒店前台,PL_W56433525,0.0,verified
P08009,ORG_N1142872979,ORG_N1142872979_T001,本科生,PL_N1142872979,0.0,verified
P08010,ORG_W55029942,ORG_W55029942_T001,会计,PL_W55029942,0.0,verified
P08011,ORG_N4632397949,ORG_N4632397949_T001,美容师,PL_N4632397949,0.0,verified
P08012,ORG_N12636092445,ORG_N12636092445_T001,健身教练,PL_N12636092445,0.0,verified
P08013,ORG_N6296608714,ORG_N6296608714_T001,高级数据分析师,PL_N6296608714,0.0,verified
P08014,ORG_N11961685654,ORG_N11961685654_T001,软件工程师,PL_W125308705,24.2,high
P08015,ORG_N11554712952,ORG_N11554712952_T001,厨师,PL_N11554712952,0.0,verified
P08016,ORG_N6341973943,ORG_N6341973943_T001,零售店员,PL_N6341973943,0.0,verified
P08017,ORG_N2508951424,ORG_N2508951424_T001,部门经理,PL_W115209027,11.4,high
P08018,ORG_N10085704214,ORG_N10085704214_T001,本科生,PL_N10085704214,0.0,verified
P08019,ORG_N1172146388,ORG_N1172146388_T001,健身教练,PL_N1172146388,0.0,verified
P08020,ORG_N6175713505,ORG_N6175713505_T001,高级运营专员,PL_W1545155868,38.4,medium
P08021,ORG_N4809935025,ORG_N4809935025_T001,设计师,PL_N4809935025,0.0,verified
P08022,ORG_UNRES_W797149824,ORG_UNRES_W797149824_T001,业务负责人,PL_W797149824,0.0,unresolved
P08023,ORG_W34749848,ORG_W34749848_T001,酒店服务人员,PL_W34749848,0.0,verified
P08024,ORG_W332489853,ORG_W332489853_T001,酒店服务人员,PL_W332489853,0.0,verified
P08025,ORG_W30977087,ORG_W30977087_T001,设计师,PL_W30977087,0.0,verified
P08026,ORG_UNRES_W62364909,ORG_UNRES_W62364909_T001,卡车司机,PL_W62364909,0.0,unresolved
P08027,ORG_UNRES_W677922595,ORG_UNRES_W677922595_T001,设计师,PL_W677922595,0.0,unresolved
P08028,ORG_N9511069391,ORG_N9511069391_T001,软件工程师,PL_W137927024,38.7,medium
P08029,ORG_N618122806,ORG_N618122806_T001,自由设计师,PL_N618122806,0.0,verified
P08030,ORG_W44076451,ORG_W44076451_T001,酒店前台,PL_W44076451,0.0,verified
P08031,ORG_UNRES_W659138583,ORG_UNRES_W659138583_T001,汽车技师,PL_W659138583,0.0,unresolved
P08032,ORG_N12454273027,ORG_N12454273027_T001,高级产品经理,PL_N12454273027,0.0,verified
P08033,ORG_W662100610,ORG_W662100610_T001,快递员,PL_W662100610,0.0,verified
P08034,ORG_N6512005429,ORG_N6512005429_T001,收银员,PL_N6512005429,0.0,verified
P08035,ORG_W1347145485,ORG_W1347145485_T001,高级数据分析师,PL_W1347145485,0.0,verified
P08036,ORG_W34516164,ORG_W34516164_T001,房产经纪,PL_W34516164,0.0,verified
P08037,ORG_UNRES_W32519381,ORG_UNRES_W32519381_T001,配送员,PL_W32519381,0.0,unresolved
P08038,ORG_W113438134,ORG_W113438134_T001,房产经纪,PL_W113438143,40.1,medium
P08039,ORG_W659533830,ORG_W659533830_T001,会计,PL_W659533830,0.0,verified
P08040,ORG_N13095374585,ORG_N13095374585_T001,客服,PL_N13095374585,0.0,verified
P08041,ORG_UNRES_W60429094,ORG_UNRES_W60429094_T001,电工,PL_W60429094,0.0,unresolved
P08042,ORG_UNRES_W34483848,ORG_UNRES_W34483848_T001,配送员,PL_W34483848,0.0,unresolved
P08043,ORG_W43805112,ORG_W43805112_T001,运营专员,PL_W43805112,0.0,verified
P08044,ORG_W33564044,ORG_W33564044_T001,项目经理,PL_W1201445841,46.2,medium
P08045,ORG_W56608482,ORG_W56608482_T001,客户经理,PL_W56608482,0.0,verified
P08046,ORG_UNRES_W454931836,ORG_UNRES_W454931836_T001,建筑工人,PL_W454931836,0.0,unresolved
P08047,ORG_UNRES_W97189913,ORG_UNRES_W97189913_T001,卡车司机,PL_W97189913,0.0,unresolved
P08048,ORG_N10838194331,ORG_N10838194331_T001,网店经营者,PL_N10838194331,0.0,verified
P08049,ORG_W55036397,ORG_W55036397_T001,客服,PL_W55036397,0.0,verified
P08050,ORG_N9679844113,ORG_N9679844113_T001,采购专员,PL_N9679844113,0.0,verified
P08051,ORG_N6821379417,ORG_N6821379417_T001,客服,PL_N6821379417,0.0,verified
P08052,ORG_N13908369382,ORG_N13908369382_T001,美容师,PL_N13908369382,0.0,verified
P08053,ORG_W231284913,ORG_W231284913_T001,酒店服务人员,PL_W231284913,0.0,verified
P08054,ORG_N10647679866,ORG_N10647679866_T001,硕士研究生,PL_N10647679866,0.0,verified
P08055,ORG_UNRES_W659588026,ORG_UNRES_W659588026_T001,房产经纪,PL_W659588026,0.0,unresolved
P08056,ORG_N10780168409,ORG_N10780168409_T001,厨师,PL_N10780168409,0.0,verified
P08057,ORG_UNRES_W304713368,ORG_UNRES_W304713368_T001,快递员,PL_W304713368,0.0,unresolved
P08058,ORG_N2457605965,ORG_N2457605965_T001,销售经理,PL_W43806216,19.0,high
P08059,ORG_W60304653,ORG_W60304653_T001,本科生,PL_W60304653,0.0,verified
P08060,ORG_UNRES_W79582701,ORG_UNRES_W79582701_T001,房产经纪,PL_W79582701,0.0,unresolved
P08061,ORG_N2747153874,ORG_N2747153874_T001,房产经纪,PL_W1212175665,97.3,medium
P08062,ORG_W67091539,ORG_W67091539_T001,美容师,PL_W67091539,0.0,verified
P08063,ORG_W1504225085,ORG_W1504225085_T001,硕士研究生,PL_W1504225085,0.0,verified
P08064,ORG_W34587440,ORG_W34587440_T001,房产经纪,PL_W34587440,0.0,verified
P08065,ORG_N5161264621,ORG_N5161264621_T001,销售代表,PL_W657722110,46.3,medium
P08066,ORG_UNRES_W661810017,ORG_UNRES_W661810017_T001,软件工程师,PL_W661810017,0.0,unresolved
P08067,ORG_W660367473,ORG_W660367473_T001,高级数据分析师,PL_W660367473,0.0,verified
P08068,ORG_W686503820,ORG_W686503820_T001,本科生,PL_W686503820,0.0,verified
P08069,ORG_W943701267,ORG_W943701267_T002,运营经理,PL_W943701267,0.0,verified
P08070,ORG_W61759776,ORG_W61759776_T002,本科生,PL_W61759776,0.0,verified
P08071,ORG_N6363116952,ORG_N6363116952_T001,私教,PL_N6363116952,0.0,verified
P08072,ORG_N6336544162,ORG_N6336544162_T001,客服,PL_N6336544162,0.0,verified
P08073,ORG_UNRES_W661951674,ORG_UNRES_W661951674_T001,卡车司机,PL_W661951674,0.0,unresolved
P08074,ORG_UNRES_W61011150,ORG_UNRES_W61011150_T001,采购专员,PL_W61011150,0.0,unresolved
P08075,ORG_N2626681419,ORG_N2626681419_T001,销售代表,PL_W261803518,44.4,medium
P08076,ORG_UNRES_W661951777,ORG_UNRES_W661951777_T001,搬运工,PL_W661951777,0.0,unresolved
P08077,ORG_UNRES_W660807077,ORG_UNRES_W660807077_T001,销售代表,PL_W660807077,0.0,unresolved
P08078,ORG_N13208956571,ORG_N13208956571_T001,零售店员,PL_N13208956571,0.0,verified
P08079,ORG_N4288385077,ORG_N4288385077_T001,行政专员,PL_W60332347,29.9,medium
P08080,ORG_UNRES_W39525592,ORG_UNRES_W39525592_T001,客户经理,PL_W39525592,0.0,unresolved
P08081,ORG_N7557291258,ORG_N7557291258_T001,餐厅服务员,PL_N7557291258,0.0,verified
P08082,ORG_W61982576,ORG_W61982576_T001,采购专员,PL_W61982576,0.0,verified
P08083,ORG_UNRES_W41789641,ORG_UNRES_W41789641_T001,自媒体从业者,PL_W41789641,0.0,unresolved
P08084,ORG_W34582149,ORG_W34582149_T001,财务专员,PL_W34582149,0.0,verified
P08085,ORG_N12469089907,ORG_N12469089907_T001,收银员,PL_N12469089907,0.0,verified
P08086,ORG_UNRES_W67141522,ORG_UNRES_W67141522_T001,安装工,PL_W67141522,0.0,unresolved
P08087,ORG_N11612201949,ORG_N11612201949_T001,零售店员,PL_N11612201953,2.3,high
P08088,ORG_W231284913,ORG_W231284913_T002,酒店服务人员,PL_W231284913,0.0,verified
P08089,ORG_UNRES_W663829646,ORG_UNRES_W663829646_T001,客户经理,PL_W663829646,0.0,unresolved
P08090,ORG_W256116927,ORG_W256116927_T001,高级运营专员,PL_W663871037,25.9,medium
P08091,ORG_N3474264300,ORG_N3474264300_T001,餐厅服务员,PL_N3474264300,0.0,verified
P08092,ORG_W804454883,ORG_W804454883_T001,销售经理,PL_W60609247,95.8,medium
P08093,ORG_N7471852133,ORG_N7471852133_T001,财务经理,PL_W56010315,12.6,high
P08094,ORG_W122204304,ORG_W122204304_T001,部门经理,PL_W122204304,0.0,verified
P08095,ORG_UNRES_W804618150,ORG_UNRES_W804618150_T001,产品经理,PL_W804618150,0.0,unresolved
P08096,ORG_UNRES_W33189873,ORG_UNRES_W33189873_T001,搬运工,PL_W33189873,0.0,unresolved
P08097,ORG_UNRES_W34414743,ORG_UNRES_W34414743_T001,汽车技师,PL_W34414743,0.0,unresolved
P08098,ORG_N6090819024,ORG_N6090819024_T001,采购专员,PL_W495300892,36.5,medium
P08099,ORG_UNRES_W301970888,ORG_UNRES_W301970888_T001,软件工程师,PL_W301970888,0.0,unresolved
P08100,ORG_UNRES_W662105610,ORG_UNRES_W662105610_T001,自由设计师,PL_W662105610,0.0,unresolved
P08101,ORG_N13137063865,ORG_N13137063865_T001,数据分析师,PL_W1004706291,10.1,high
P08102,ORG_N6375000283,ORG_N6375000283_T001,高级运营专员,PL_N6375000283,0.0,verified
P08103,ORG_N9573757713,ORG_N9573757713_T001,高级数据分析师,PL_W943602453,18.8,high
P08104,ORG_UNRES_W661324913,ORG_UNRES_W661324913_T001,自由销售,PL_W661324913,0.0,unresolved
P08105,ORG_N6546010580,ORG_N6546010580_T001,零售店员,PL_N6546010580,0.0,verified
P08106,ORG_N13951116891,ORG_N13951116891_T001,健身教练,PL_N13951116891,0.0,verified
P08107,ORG_N6568160915,ORG_N6568160915_T001,美容师,PL_N6568160915,0.0,verified
P08108,ORG_N6365495234,ORG_N6365495234_T001,会计,PL_N6365495234,0.0,verified
P08109,ORG_W231268036,ORG_W231268036_T001,高级数据分析师,PL_W231268036,0.0,verified
P08110,ORG_N13010520113,ORG_N13010520113_T001,运营专员,PL_W801986444,17.8,high
P08111,ORG_W161110169,ORG_W161110169_T001,本科生,PL_W161110169,0.0,verified
P08112,ORG_N11737894264,ORG_N11737894264_T001,会计,PL_N11737894264,0.0,verified
P08113,ORG_UNRES_W661777169,ORG_UNRES_W661777169_T001,自媒体从业者,PL_W661777169,0.0,unresolved
P08114,ORG_N10085704214,ORG_N10085704214_T001,本科生,PL_N10085704214,0.0,verified
P08115,ORG_UNRES_W661566452,ORG_UNRES_W661566452_T001,独立程序员,PL_W661566452,0.0,unresolved
P08116,ORG_UNRES_W67132136,ORG_UNRES_W67132136_T001,设计师,PL_W67132136,0.0,unresolved
P08117,ORG_N2332330690,ORG_N2332330690_T001,本科生,PL_N2332330690,0.0,verified
P08118,ORG_W285900900,ORG_W285900900_T001,酒店前台,PL_W285900900,0.0,verified
P08119,ORG_UNRES_W659587789,ORG_UNRES_W659587789_T001,汽车技师,PL_W659587789,0.0,unresolved
P08120,ORG_W657934991,ORG_W657934991_T001,卡车司机,PL_W657934984,87.1,medium
P08121,ORG_W126301465,ORG_W126301465_T001,产品经理,PL_W804457479,15.4,high
P08122,ORG_W23447424,ORG_W23447424_T003,本科生,PL_W23447424,0.0,verified
P08123,ORG_W98409726,ORG_W98409726_T001,采购经理,PL_W98409726,0.0,verified
P08124,ORG_N2833168672,ORG_N2833168672_T001,收银员,PL_N2833168672,0.0,verified
P08125,ORG_N5431559423,ORG_N5431559423_T001,客服,PL_N5431559423,0.0,verified
P08126,ORG_N12770899929,ORG_N12770899929_T001,本科生,PL_N12770899929,0.0,verified
P08127,ORG_UNRES_W60428971,ORG_UNRES_W60428971_T001,汽车技师,PL_W60428971,0.0,unresolved
P08128,ORG_N599896644,ORG_N599896644_T001,收银员,PL_N599896644,0.0,verified
P08129,ORG_UNRES_W770873614,ORG_UNRES_W770873614_T001,独立程序员,PL_W770873614,0.0,unresolved
P08130,ORG_W1230109200,ORG_W1230109200_T001,零售店员,PL_W1230109200,0.0,verified
P08131,ORG_N6340696118,ORG_N6340696118_T001,网店经营者,PL_N6340696118,0.0,verified
P08132,ORG_UNRES_W793948777,ORG_UNRES_W793948777_T001,维修技师,PL_W793948777,0.0,unresolved
P08133,ORG_W231284913,ORG_W231284913_T001,酒店服务人员,PL_W231284913,0.0,verified
P08134,ORG_W23334883,ORG_W23334883_T001,本科生,PL_W23334883,0.0,verified
P08135,ORG_N2159450928,ORG_N2159450928_T001,产品经理,PL_N2159450928,0.0,verified
P08136,ORG_W562060538,ORG_W562060538_T001,理发师,PL_W562060538,0.0,verified
P08137,ORG_N13971407110,ORG_N13971407110_T001,高级运营专员,PL_N13971407110,0.0,verified
P08138,ORG_UNRES_W150432577,ORG_UNRES_W150432577_T001,高级数据分析师,PL_W150432577,0.0,unresolved
P08139,ORG_W797150068,ORG_W797150068_T002,项目经理,PL_W1377658344,14.8,high
P08140,ORG_N13667122336,ORG_N13667122336_T001,自媒体从业者,PL_N13667122336,0.0,verified
P08141,ORG_N6313899872,ORG_N6313899872_T001,运营专员,PL_W657927636,16.0,high
P08142,ORG_N7797321403,ORG_N7797321403_T001,本科生,PL_N7797321403,0.0,verified
P08143,ORG_UNRES_W662252292,ORG_UNRES_W662252292_T001,卡车司机,PL_W662252292,0.0,unresolved
P08144,ORG_W43805112,ORG_W43805112_T001,HR经理,PL_W43805112,0.0,verified
P08145,ORG_N3509230105,ORG_N3509230105_T001,房产经纪,PL_W660358183,30.6,medium
P08146,ORG_N3900845151,ORG_N3900845151_T001,美容师,PL_N3900845151,0.0,verified
P08147,ORG_N13932530003,ORG_N13932530003_T001,采购经理,PL_N13932530003,0.0,verified
P08148,ORG_W61759776,ORG_W61759776_T001,硕士研究生,PL_W61759776,0.0,verified
P08149,ORG_N7751950341,ORG_N7751950341_T001,硕士研究生,PL_N7751950341,0.0,verified
P08150,ORG_N11178365153,ORG_N11178365153_T001,客户经理,PL_W61698930,42.4,medium
P08151,ORG_W59036010,ORG_W59036010_T001,高级数据分析师,PL_W59036010,0.0,verified
P08152,ORG_N6491618252,ORG_N6491618252_T001,收银员,PL_N6491618252,0.0,verified
P08153,ORG_N9928431359,ORG_N9928431359_T001,采购专员,PL_N9928431359,0.0,verified
P08154,ORG_N6685521586,ORG_N6685521586_T001,咖啡师,PL_N6685521586,0.0,verified
P08155,ORG_UNRES_W659548844,ORG_UNRES_W659548844_T001,安装工,PL_W659548844,0.0,unresolved
P08156,ORG_W137916397,ORG_W137916397_T001,房产经纪,PL_W137916397,0.0,verified
P08157,ORG_W33849251,ORG_W33849251_T001,运营专员,PL_W33849251,0.0,verified
P08158,ORG_N6359447137,ORG_N6359447137_T001,高级运营专员,PL_W679142318,33.2,medium
P08159,ORG_UNRES_W323919480,ORG_UNRES_W323919480_T001,行政专员,PL_W323919480,0.0,unresolved
P08160,ORG_UNRES_W700221891,ORG_UNRES_W700221891_T001,自媒体从业者,PL_W700221891,0.0,unresolved
P08161,ORG_W241020327,ORG_W241020327_T001,酒店前台,PL_W241020327,0.0,verified
P08162,ORG_W27767636,ORG_W27767636_T001,财务专员,PL_W27767636,0.0,verified
P08163,ORG_UNRES_W122198144,ORG_UNRES_W122198144_T001,区域经理,PL_W122198144,0.0,unresolved
P08164,ORG_UNRES_W736277151,ORG_UNRES_W736277151_T001,搬运工,PL_W736277151,0.0,unresolved
P08165,ORG_N2884419126,ORG_N2884419126_T001,本科生,PL_N2884419126,0.0,verified
P08166,ORG_UNRES_W661649022,ORG_UNRES_W661649022_T001,自由销售,PL_W661649022,0.0,unresolved
P08167,ORG_N12955167464,ORG_N12955167464_T001,行政专员,PL_W1149717350,31.9,medium
P08168,ORG_UNRES_W56010252,ORG_UNRES_W56010252_T001,搬运工,PL_W56010252,0.0,unresolved
P08169,ORG_N3240531882,ORG_N3240531882_T001,产品经理,PL_N3240531882,0.0,verified
P08170,ORG_N7528939009,ORG_N7528939009_T001,摄影师,PL_W662809507,85.0,medium
P08171,ORG_W493535925,ORG_W493535925_T001,房产经纪,PL_W493535925,0.0,verified
P08172,ORG_UNRES_W662098429,ORG_UNRES_W662098429_T001,搬运工,PL_W662098429,0.0,unresolved
P08173,ORG_UNRES_W662175153,ORG_UNRES_W662175153_T001,私教,PL_W662175153,0.0,unresolved
P08174,ORG_N5443328122,ORG_N5443328122_T001,咖啡师,PL_N5443328122,0.0,verified
P08175,ORG_W33406542,ORG_W33406542_T001,产品经理,PL_W191843130,3.3,high
P08176,ORG_W33189721,ORG_W33189721_T001,建筑工人,PL_W33189721,0.0,verified
P08177,ORG_UNRES_W661192652,ORG_UNRES_W661192652_T001,数据分析师,PL_W661192652,0.0,unresolved
P08178,ORG_N6394858428,ORG_N6394858428_T001,收银员,PL_N6394858428,0.0,verified
P08179,ORG_N7079828735,ORG_N7079828735_T001,自由设计师,PL_N7079828735,0.0,verified
P08180,ORG_UNRES_W60428640,ORG_UNRES_W60428640_T001,仓库操作员,PL_W60428640,0.0,unresolved
P08181,ORG_N783499436,ORG_N783499436_T001,硕士研究生,PL_N783499436,0.0,verified
P08182,ORG_N3362088818,ORG_N3362088818_T001,独立程序员,PL_N3362088818,0.0,verified
P08183,ORG_UNRES_W804363060,ORG_UNRES_W804363060_T001,快递员,PL_W804363060,0.0,unresolved
P08184,ORG_UNRES_W703613744,ORG_UNRES_W703613744_T001,会计,PL_W703613744,0.0,unresolved
P08185,ORG_N10220344612,ORG_N10220344612_T001,高级项目经理,PL_W43805331,56.7,medium
P08186,ORG_N11136304053,ORG_N11136304053_T001,美容师,PL_N11136304053,0.0,verified
P08187,ORG_W27778415,ORG_W27778415_T001,客户专员,PL_W27778415,0.0,verified
P08188,ORG_W87889515,ORG_W87889515_T001,数据分析师,PL_W705115255,83.9,medium
P08189,ORG_N6138154560,ORG_N6138154560_T001,美容师,PL_N6138154560,0.0,verified
P08190,ORG_W56062712,ORG_W56062712_T001,行政专员,PL_W56062712,0.0,verified
P08191,ORG_W810800505,ORG_W810800505_T001,酒店前台,PL_W810800505,0.0,verified
P08192,ORG_W532956510,ORG_W532956510_T001,财务主管,PL_W532956510,0.0,verified
P08193,ORG_W146419070,ORG_W146419070_T001,酒店前台,PL_W146419070,0.0,verified
P08194,ORG_N13016579151,ORG_N13016579151_T001,咨询顾问,PL_N13016579151,0.0,verified
P08195,ORG_W241020327,ORG_W241020327_T001,酒店服务人员,PL_W241020327,0.0,verified
P08196,ORG_N6370629236,ORG_N6370629236_T001,美容师,PL_N6370629236,0.0,verified
P08197,ORG_W34749723,ORG_W34749723_T001,酒店前台,PL_W34749723,0.0,verified
P08198,ORG_UNRES_W335517840,ORG_UNRES_W335517840_T001,网店经营者,PL_W335517840,0.0,unresolved
P08199,ORG_N2375249754,ORG_N2375249754_T001,硕士研究生,PL_N2375249754,0.0,verified
P08200,ORG_N11443824433,ORG_N11443824433_T001,财务主管,PL_W108059031,59.1,medium
P08201,ORG_UNRES_W135722459,ORG_UNRES_W135722459_T001,自媒体从业者,PL_W135722459,0.0,unresolved
P08202,ORG_N14104268002,ORG_N14104268002_T001,销售经理,PL_W657722111,77.7,medium
P08203,ORG_UNRES_W804685028,ORG_UNRES_W804685028_T001,维修技师,PL_W804685028,0.0,unresolved
P08204,ORG_W115222390,ORG_W115222390_T002,人力资源经理,PL_W115222390,0.0,verified
P08205,ORG_N11897627997,ORG_N11897627997_T001,美容师,PL_N11897627997,0.0,verified
P08206,ORG_N6228053209,ORG_N6228053209_T001,会计,PL_N6228053209,0.0,verified
P08207,ORG_N13013615434,ORG_N13013615434_T001,美容师,PL_N13013615434,0.0,verified
P08208,ORG_UNRES_W1173242674,ORG_UNRES_W1173242674_T001,运营专员,PL_W1173242674,0.0,unresolved
P08209,ORG_W243812280,ORG_W243812280_T001,健身教练,PL_W243812280,0.0,verified
P08210,ORG_N6340696116,ORG_N6340696116_T001,咖啡师,PL_N6340696116,0.0,verified
P08211,ORG_UNRES_W363990360,ORG_UNRES_W363990360_T001,设备操作员,PL_W363990360,0.0,unresolved
P08212,ORG_W31620396,ORG_W31620396_T001,销售经理,PL_W31620396,0.0,verified
P08213,ORG_N4285491209,ORG_N4285491209_T001,房产经纪,PL_N4285491209,0.0,verified
P08214,ORG_UNRES_W34546016,ORG_UNRES_W34546016_T001,销售经理,PL_W34546016,0.0,unresolved
P08215,ORG_N11275718892,ORG_N11275718892_T001,会计,PL_N11275718892,0.0,verified
P08216,ORG_N6363116935,ORG_N6363116935_T001,软件工程师,PL_W679142324,22.4,high
P08217,ORG_UNRES_W659427555,ORG_UNRES_W659427555_T001,销售代表,PL_W659427555,0.0,unresolved
P08218,ORG_N8153684524,ORG_N8153684524_T001,销售代表,PL_N8153684524,0.0,verified
P08219,ORG_UNRES_W103095385,ORG_UNRES_W103095385_T001,数据分析师,PL_W103095385,0.0,unresolved
P08220,ORG_UNRES_W78592356,ORG_UNRES_W78592356_T001,财务主管,PL_W78592356,0.0,unresolved
P08221,ORG_N2080735765,ORG_N2080735765_T001,保安,PL_N2080735765,0.0,verified
P08222,ORG_UNRES_W417110909,ORG_UNRES_W417110909_T001,技术经理,PL_W417110909,0.0,unresolved
P08223,ORG_N6491236697,ORG_N6491236697_T001,高级软件工程师,PL_N6491236697,0.0,verified
P08224,ORG_N547498239,ORG_N547498239_T001,本科生,PL_N547498239,0.0,verified
P08225,ORG_UNRES_W34484467,ORG_UNRES_W34484467_T001,电工,PL_W34484467,0.0,unresolved
P08226,ORG_N8755303552,ORG_N8755303552_T001,本科生,PL_N8755303552,0.0,verified
P08227,ORG_W416989000,ORG_W416989000_T001,酒店服务人员,PL_W416989000,0.0,verified
P08228,ORG_N9071191071,ORG_N9071191071_T001,博士研究生,PL_N9071191071,0.0,verified
P08229,ORG_N411670085,ORG_N411670085_T001,收银员,PL_N411670085,0.0,verified
P08230,ORG_UNRES_W61011663,ORG_UNRES_W61011663_T001,安装工,PL_W61011663,0.0,unresolved
P08231,ORG_W61759777,ORG_W61759777_T002,房产经纪,PL_W60304156,49.9,medium
P08232,ORG_N10909776060,ORG_N10909776060_T001,理发师,PL_N10909776060,0.0,verified
P08233,ORG_N3376427733,ORG_N3376427733_T001,餐厅服务员,PL_N3376427733,0.0,verified
P08234,ORG_UNRES_W661275723,ORG_UNRES_W661275723_T001,翻译,PL_W661275723,0.0,unresolved
P08235,ORG_W60304653,ORG_W60304653_T001,本科生,PL_W60304653,0.0,verified
P08236,ORG_N7913245202,ORG_N7913245202_T001,咖啡师,PL_N7913245202,0.0,verified
P08237,ORG_N5802396007,ORG_N5802396007_T001,HR经理,PL_N5802396007,0.0,verified
P08238,ORG_N12251119127,ORG_N12251119127_T001,销售代表,PL_W107138365,37.0,medium
P08239,ORG_N6565391644,ORG_N6565391644_T001,项目经理,PL_N6565391644,0.0,verified
P08240,ORG_N7137825364,ORG_N7137825364_T001,咖啡师,PL_N7137825364,0.0,verified
P08241,ORG_N2534750310,ORG_N2534750310_T001,健身教练,PL_N2534750310,0.0,verified
P08242,ORG_UNRES_W70803779,ORG_UNRES_W70803779_T001,自由设计师,PL_W70803779,0.0,unresolved
P08243,ORG_W381672129,ORG_W381672129_T001,卡车司机,PL_W381672129,0.0,verified
P08244,ORG_W55896876,ORG_W55896876_T002,客服,PL_W55896876,0.0,verified
P08245,ORG_W23447393,ORG_W23447393_T001,本科生,PL_W23447393,0.0,verified
P08246,ORG_N1186840928,ORG_N1186840928_T001,收银员,PL_N1186840928,0.0,verified
P08247,ORG_N12688672383,ORG_N12688672383_T001,咖啡师,PL_N12688672383,0.0,verified
P08248,ORG_N13198723253,ORG_N13198723253_T001,采购专员,PL_N13198723253,0.0,verified
P08249,ORG_W27767642,ORG_W27767642_T001,独立程序员,PL_W27767642,0.0,verified
P08250,ORG_UNRES_W334955552,ORG_UNRES_W334955552_T001,设备操作员,PL_W334955552,0.0,unresolved
P08251,ORG_UNRES_W286526913,ORG_UNRES_W286526913_T001,安装工,PL_W286526913,0.0,unresolved
P08252,ORG_W320465000,ORG_W320465000_T001,独立承包商,PL_W320465000,0.0,verified
P08253,ORG_W1268267050,ORG_W1268267050_T001,本科生,PL_W1268267050,0.0,verified
P08254,ORG_UNRES_W78592356,ORG_UNRES_W78592356_T001,采购经理,PL_W78592356,0.0,unresolved
P08255,ORG_N3931317558,ORG_N3931317558_T001,客户专员,PL_N3931317558,0.0,verified
P08256,ORG_UNRES_W661956912,ORG_UNRES_W661956912_T001,自由设计师,PL_W661956912,0.0,unresolved
P08257,ORG_UNRES_W661951749,ORG_UNRES_W661951749_T001,销售代表,PL_W661951749,0.0,unresolved
P08258,ORG_UNRES_W669794336,ORG_UNRES_W669794336_T001,行政专员,PL_W669794336,0.0,unresolved
P08259,ORG_UNRES_W662441664,ORG_UNRES_W662441664_T001,安装工,PL_W662441664,0.0,unresolved
P08260,ORG_W231268036,ORG_W231268036_T001,客户专员,PL_W231268036,0.0,verified
P08261,ORG_UNRES_W797149874,ORG_UNRES_W797149874_T001,财务主管,PL_W797149874,0.0,unresolved
P08262,ORG_W27767640,ORG_W27767640_T001,酒店服务人员,PL_W27767640,0.0,verified
P08263,ORG_W105789397,ORG_W105789397_T001,收银员,PL_W105789397,0.0,verified
P08264,ORG_N6323402046,ORG_N6323402046_T001,美容师,PL_N6323402046,0.0,verified
P08265,ORG_N9550175417,ORG_N9550175417_T001,硕士研究生,PL_N9550175417,0.0,verified
P08266,ORG_UNRES_W234054131,ORG_UNRES_W234054131_T001,电工,PL_W234054131,0.0,unresolved
P08267,ORG_UNRES_W659833240,ORG_UNRES_W659833240_T001,焊工,PL_W659833240,0.0,unresolved
P08268,ORG_N13903393212,ORG_N13903393212_T001,会计,PL_N13903393212,0.0,verified
P08269,ORG_N6586981349,ORG_N6586981349_T001,美容师,PL_N6586981349,0.0,verified
P08270,ORG_W34121572,ORG_W34121572_T001,区域经理,PL_W34121572,0.0,verified
P08271,ORG_N13753673174,ORG_N13753673174_T001,设计师,PL_W31963780,2.4,high
P08272,ORG_UNRES_W677918916,ORG_UNRES_W677918916_T001,行政专员,PL_W677918916,0.0,unresolved
P08273,ORG_W126301465,ORG_W126301465_T001,客户经理,PL_W126301465,0.0,verified
P08274,ORG_W443994557,ORG_W443994557_T001,财务主管,PL_W443994557,0.0,verified
P08275,ORG_UNRES_W943602453,ORG_UNRES_W943602453_T001,维修技师,PL_W943602453,0.0,unresolved
P08276,ORG_N7835431886,ORG_N7835431886_T001,独立程序员,PL_N7835431886,0.0,verified
P08277,ORG_UNRES_W103095385,ORG_UNRES_W103095385_T001,采购专员,PL_W103095385,0.0,unresolved
P08278,ORG_N6845991729,ORG_N6845991729_T001,私教,PL_N6845991729,0.0,verified
P08279,ORG_W34545829,ORG_W34545829_T001,酒店前台,PL_W34545829,0.0,verified
P08280,ORG_N6592019133,ORG_N6592019133_T001,零售店员,PL_N6592019133,0.0,verified
P08281,ORG_UNRES_W31754569,ORG_UNRES_W31754569_T001,私教,PL_W31754569,0.0,unresolved
P08282,ORG_UNRES_W661951770,ORG_UNRES_W661951770_T001,仓库操作员,PL_W661951770,0.0,unresolved
P08283,ORG_W160173309,ORG_W160173309_T001,房产经纪,PL_W160173309,0.0,verified
P08284,ORG_UNRES_W67141445,ORG_UNRES_W67141445_T001,设备操作员,PL_W67141445,0.0,unresolved
P08285,ORG_N6621643593,ORG_N6621643593_T001,会计,PL_W226939072,25.5,medium
P08286,ORG_N7781377932,ORG_N7781377932_T001,本科生,PL_N7781377932,0.0,verified
P08287,ORG_N1231094531,ORG_N1231094531_T001,美容师,PL_N1231094531,0.0,verified
P08288,ORG_W34413708,ORG_W34413708_T001,健身教练,PL_W34413708,0.0,verified
P08289,ORG_UNRES_W660830190,ORG_UNRES_W660830190_T001,房产经纪,PL_W660830190,0.0,unresolved
P08290,ORG_UNRES_W129704520,ORG_UNRES_W129704520_T001,销售代表,PL_W129704520,0.0,unresolved
P08291,ORG_UNRES_W409265672,ORG_UNRES_W409265672_T001,财务专员,PL_W409265672,0.0,unresolved
P08292,ORG_N6558113016,ORG_N6558113016_T001,数据分析师,PL_N6558113016,0.0,verified
P08293,ORG_N6348250439,ORG_N6348250439_T001,餐厅服务员,PL_N6348250439,0.0,verified
P08294,ORG_W678750333,ORG_W678750333_T001,高级软件工程师,PL_W678750333,0.0,verified
P08295,ORG_N8996051370,ORG_N8996051370_T001,美容师,PL_N8996051370,0.0,verified
P08296,ORG_UNRES_W32531198,ORG_UNRES_W32531198_T001,建筑工人,PL_W32531198,0.0,unresolved
P08297,ORG_N2883876001,ORG_N2883876001_T001,运营专员,PL_N2883876001,0.0,verified
P08298,ORG_W31963777,ORG_W31963777_T001,会计,PL_W31963777,0.0,verified
P08299,ORG_N1306212511,ORG_N1306212511_T001,本科生,PL_N1306212511,0.0,verified
P08300,ORG_UNRES_W662259386,ORG_UNRES_W662259386_T001,项目经理,PL_W662259386,0.0,unresolved
P08301,ORG_W22914034,ORG_W22914034_T001,房产经纪,PL_W61760168,78.9,medium
P08302,ORG_UNRES_W662980523,ORG_UNRES_W662980523_T001,财务主管,PL_W662980523,0.0,unresolved
P08303,ORG_UNRES_W96002159,ORG_UNRES_W96002159_T001,搬运工,PL_W96002159,0.0,unresolved
P08304,ORG_UNRES_W675314644,ORG_UNRES_W675314644_T001,卡车司机,PL_W675314644,0.0,unresolved
P08305,ORG_N6373239282,ORG_N6373239282_T001,零售店员,PL_N6373239282,0.0,verified
P08306,ORG_N2375249754,ORG_N2375249754_T001,本科生,PL_N2375249754,0.0,verified
P08307,ORG_W32623228,ORG_W32623228_T001,收银员,PL_W32623228,0.0,verified
P08308,ORG_W226666981,ORG_W226666981_T001,咨询顾问,PL_W226666981,0.0,verified
P08309,ORG_N13719638635,ORG_N13719638635_T001,运营专员,PL_W662097485,17.7,high
P08310,ORG_N6551615802,ORG_N6551615802_T001,理发师,PL_N6551615802,0.0,verified
P08311,ORG_N1368553435,ORG_N1368553435_T001,零售店员,PL_N1368553435,0.0,verified
P08312,ORG_N13013615433,ORG_N13013615433_T001,零售店员,PL_N13013615433,0.0,verified
P08313,ORG_N515621602,ORG_N515621602_T001,健身教练,PL_N515621602,0.0,verified
P08314,ORG_UNRES_W31757290,ORG_UNRES_W31757290_T001,自媒体从业者,PL_W31757290,0.0,unresolved
P08315,ORG_UNRES_W661650364,ORG_UNRES_W661650364_T001,财务经理,PL_W661650364,0.0,unresolved
P08316,ORG_UNRES_W58796616,ORG_UNRES_W58796616_T001,汽车技师,PL_W58796616,0.0,unresolved
P08317,ORG_N1840733247,ORG_N1840733247_T001,运营专员,PL_W125308535,9.7,high
P08318,ORG_UNRES_W683000955,ORG_UNRES_W683000955_T001,维修技师,PL_W683000955,0.0,unresolved
P08319,ORG_UNRES_W288101367,ORG_UNRES_W288101367_T001,汽车技师,PL_W288101367,0.0,unresolved
P08320,ORG_N6175614779,ORG_N6175614779_T001,高级数据分析师,PL_N6175614779,0.0,verified
P08321,ORG_UNRES_W31754471,ORG_UNRES_W31754471_T001,独立程序员,PL_W31754471,0.0,unresolved
P08322,ORG_UNRES_W663829668,ORG_UNRES_W663829668_T001,行政专员,PL_W663829668,0.0,unresolved
P08323,ORG_UNRES_W1544282802,ORG_UNRES_W1544282802_T001,客户专员,PL_W1544282802,0.0,unresolved
P08324,ORG_W27767640,ORG_W27767640_T002,酒店前台,PL_W27767640,0.0,verified
P08325,ORG_N7097778938,ORG_N7097778938_T001,高级运营专员,PL_N7097778938,0.0,verified
P08326,ORG_N13888033554,ORG_N13888033554_T001,财务主管,PL_N13888033554,0.0,verified
P08327,ORG_UNRES_W66979963,ORG_UNRES_W66979963_T001,焊工,PL_W66979963,0.0,unresolved
P08328,ORG_UNRES_W60332166,ORG_UNRES_W60332166_T001,HR经理,PL_W60332166,0.0,unresolved
P08329,ORG_W1366234349,ORG_W1366234349_T001,安装工,PL_W1366234349,0.0,verified
P08330,ORG_N6584647561,ORG_N6584647561_T001,保安,PL_N6584647561,0.0,verified
P08331,ORG_W34776453,ORG_W34776453_T001,自媒体从业者,PL_W34776453,0.0,verified
P08332,ORG_N9672795308,ORG_N9672795308_T001,硕士研究生,PL_N9672795308,0.0,verified
P08333,ORG_N2328592703,ORG_N2328592703_T001,理发师,PL_N2328592703,0.0,verified
P08334,ORG_UNRES_W30986302,ORG_UNRES_W30986302_T001,独立程序员,PL_W30986302,0.0,unresolved
P08335,ORG_W233062812,ORG_W233062812_T001,软件工程师,PL_W233062812,0.0,verified
P08336,ORG_UNRES_W705109233,ORG_UNRES_W705109233_T001,自媒体从业者,PL_W705109233,0.0,unresolved
P08337,ORG_W1502658805,ORG_W1502658805_T001,本科生,PL_W1502658805,0.0,verified
P08338,ORG_UNRES_W662711728,ORG_UNRES_W662711728_T001,自由设计师,PL_W662711728,0.0,unresolved
P08339,ORG_N519921378,ORG_N519921378_T001,收银员,PL_N519921378,0.0,verified
P08340,ORG_W58560234,ORG_W58560234_T001,客户经理,PL_W58560234,0.0,verified
P08341,ORG_UNRES_W661205098,ORG_UNRES_W661205098_T001,摄影师,PL_W661205098,0.0,unresolved
P08342,ORG_N2486924730,ORG_N2486924730_T001,房产经纪,PL_W34587722,48.3,medium
P08343,ORG_UNRES_W705132820,ORG_UNRES_W705132820_T001,高级软件工程师,PL_W705132820,0.0,unresolved
P08344,ORG_UNRES_W704232362,ORG_UNRES_W704232362_T001,房产经纪,PL_W704232362,0.0,unresolved
P08345,ORG_W34749730,ORG_W34749730_T002,酒店服务人员,PL_W34749730,0.0,verified
P08346,ORG_UNRES_W660934400,ORG_UNRES_W660934400_T001,财务主管,PL_W660934400,0.0,unresolved
P08347,ORG_W79659935,ORG_W79659935_T001,会计,PL_W79659935,0.0,verified
P08348,ORG_N13890093471,ORG_N13890093471_T001,销售代表,PL_N13890093471,0.0,verified
P08349,ORG_N380042650,ORG_N380042650_T001,独立程序员,PL_N380042650,0.0,verified
P08350,ORG_N4435701086,ORG_N4435701086_T001,收银员,PL_N4435701086,0.0,verified
P08351,ORG_N6561364595,ORG_N6561364595_T001,会计,PL_N6561364595,0.0,verified
P08352,ORG_W161271589,ORG_W161271589_T001,零售店员,PL_W161271589,0.0,verified
P08353,ORG_N5718021422,ORG_N5718021422_T001,财务专员,PL_N5718021422,0.0,verified
P08354,ORG_N4922951502,ORG_N4922951502_T001,美容师,PL_N4922951502,0.0,verified
P08355,ORG_W101919598,ORG_W101919598_T001,设计师,PL_W56057405,21.3,high
P08356,ORG_N3818029665,ORG_N3818029665_T001,收银员,PL_N3818029665,0.0,verified
P08357,ORG_N6568160929,ORG_N6568160929_T001,数据分析师,PL_N6568160929,0.0,verified
P08358,ORG_W758562476,ORG_W758562476_T001,客户经理,PL_W758562476,0.0,verified
P08359,ORG_UNRES_W659427555,ORG_UNRES_W659427555_T001,高级运营专员,PL_W659427555,0.0,unresolved
P08360,ORG_UNRES_W162147490,ORG_UNRES_W162147490_T001,高级软件工程师,PL_W162147490,0.0,unresolved
P08361,ORG_N6341456288,ORG_N6341456288_T001,财务主管,PL_W659320439,56.5,medium
P08362,ORG_W1229816877,ORG_W1229816877_T001,产品经理,PL_W1229816877,0.0,verified
P08363,ORG_N1138448894,ORG_N1138448894_T001,咖啡师,PL_N1138448894,0.0,verified
P08364,ORG_N5010933312,ORG_N5010933312_T001,客户专员,PL_N5010933312,0.0,verified
P08365,ORG_N6348493748,ORG_N6348493748_T001,收银员,PL_N6348493748,0.0,verified
P08366,ORG_UNRES_W79582701,ORG_UNRES_W79582701_T001,产品经理,PL_W79582701,0.0,unresolved
P08367,ORG_W90055931,ORG_W90055931_T001,采购经理,PL_W90055931,0.0,verified
P08368,ORG_W775639084,ORG_W775639084_T001,硕士研究生,PL_W775639084,0.0,verified
P08369,ORG_N8914954422,ORG_N8914954422_T001,行政专员,PL_W680474491,24.8,high
P08370,ORG_W65592644,ORG_W65592644_T001,高级运营专员,PL_W65592644,0.0,verified
P08371,ORG_W32572557,ORG_W32572557_T001,房产经纪,PL_W32573258,44.0,medium
P08372,ORG_W298176032,ORG_W298176032_T001,汽车技师,PL_W953878382,75.0,medium
P08373,ORG_N370196812,ORG_N370196812_T001,美容师,PL_N370196812,0.0,verified
P08374,ORG_W62058576,ORG_W62058576_T001,项目经理,PL_W62058576,0.0,verified
P08375,ORG_W183248449,ORG_W183248449_T001,房产经纪,PL_W183248448,19.5,high
P08376,ORG_UNRES_W659587770,ORG_UNRES_W659587770_T001,客户经理,PL_W659587770,0.0,unresolved
P08377,ORG_W61982576,ORG_W61982576_T001,销售经理,PL_W61982576,0.0,verified
P08378,ORG_N6240358422,ORG_N6240358422_T001,客户经理,PL_N6240358422,0.0,verified
P08379,ORG_N9571939817,ORG_N9571939817_T001,行政专员,PL_W662150145,60.0,medium
P08380,ORG_W298176032,ORG_W298176032_T001,安装工,PL_W953878382,75.0,medium
P08381,ORG_W1418991792,ORG_W1418991792_T001,财务专员,PL_W1418991792,0.0,verified
P08382,ORG_W32971918,ORG_W32971918_T001,搬运工,PL_W32971918,0.0,verified
P08383,ORG_W1466545534,ORG_W1466545534_T001,酒店服务人员,PL_W1466545534,0.0,verified
P08384,ORG_N13889944378,ORG_N13889944378_T001,财务专员,PL_W1473007996,74.6,medium
P08385,ORG_N3044762417,ORG_N3044762417_T001,厨师,PL_N3044762417,0.0,verified
P08386,ORG_W27767625,ORG_W27767625_T001,技术经理,PL_W27767625,0.0,verified
P08387,ORG_W103096656,ORG_W103096656_T001,行政专员,PL_W103096656,0.0,verified
P08388,ORG_UNRES_W804685028,ORG_UNRES_W804685028_T001,软件工程师,PL_W804685028,0.0,unresolved
P08389,ORG_W673263912,ORG_W673263912_T001,采购专员,PL_W673263912,0.0,verified
P08390,ORG_N6404321532,ORG_N6404321532_T001,健身教练,PL_N6404321532,0.0,verified
P08391,ORG_N2296069357,ORG_N2296069357_T001,客服,PL_N2296069357,0.0,verified
P08392,ORG_UNRES_W35676086,ORG_UNRES_W35676086_T001,仓库操作员,PL_W35676086,0.0,unresolved
P08393,ORG_N6551949954,ORG_N6551949954_T001,零售店员,PL_N6551949954,0.0,verified
P08394,ORG_W662454002,ORG_W662454002_T001,收银员,PL_W662454002,0.0,verified
P08395,ORG_UNRES_W705563026,ORG_UNRES_W705563026_T001,高级产品经理,PL_W705563026,0.0,unresolved
P08396,ORG_UNRES_W659581412,ORG_UNRES_W659581412_T001,人力资源经理,PL_W659581412,0.0,unresolved
P08397,ORG_UNRES_W55946847,ORG_UNRES_W55946847_T001,焊工,PL_W55946847,0.0,unresolved
P08398,ORG_UNRES_W663826506,ORG_UNRES_W663826506_T001,行政专员,PL_W663826506,0.0,unresolved
P08399,ORG_W27767640,ORG_W27767640_T001,保安,PL_W27767640,0.0,verified
P08400,ORG_W1502657605,ORG_W1502657605_T001,本科生,PL_W1502657605,0.0,verified
P08401,ORG_N4737293922,ORG_N4737293922_T001,咖啡师,PL_N4737293922,0.0,verified
P08402,ORG_W61956107,ORG_W61956107_T001,快递员,PL_W187814126,8.7,high
P08403,ORG_N13227720778,ORG_N13227720778_T001,项目经理,PL_N13227720778,0.0,verified
P08404,ORG_N1906215916,ORG_N1906215916_T001,零售店员,PL_N1906215916,0.0,verified
P08405,ORG_N7528937355,ORG_N7528937355_T001,咖啡师,PL_N7528937355,0.0,verified
P08406,ORG_UNRES_W31451094,ORG_UNRES_W31451094_T001,私教,PL_W31451094,0.0,unresolved
P08407,ORG_UNRES_W255630384,ORG_UNRES_W255630384_T001,财务专员,PL_W255630384,0.0,unresolved
P08408,ORG_N2611288831,ORG_N2611288831_T001,保安,PL_N2611288831,0.0,verified
P08409,ORG_W660347844,ORG_W660347844_T001,运营专员,PL_W706078559,75.0,medium
P08410,ORG_N12796412603,ORG_N12796412603_T001,餐厅服务员,PL_N12796412603,0.0,verified
P08411,ORG_N10875587021,ORG_N10875587021_T001,设计师,PL_W79671175,90.6,medium
P08412,ORG_W166540890,ORG_W166540890_T001,摄影师,PL_W166540890,0.0,verified
P08413,ORG_N6355733671,ORG_N6355733671_T001,零售店员,PL_N6355733671,0.0,verified
P08414,ORG_N6491077949,ORG_N6491077949_T001,会计,PL_N6491077949,0.0,verified
P08415,ORG_N13374381379,ORG_N13374381379_T001,健身教练,PL_N13374381379,0.0,verified
P08416,ORG_W28025955,ORG_W28025955_T001,高级运营专员,PL_W28025955,0.0,verified
P08417,ORG_W34614474,ORG_W34614474_T001,财务专员,PL_W34614474,0.0,verified
P08418,ORG_N9777691154,ORG_N9777691154_T001,行政专员,PL_N9777691154,0.0,verified
P08419,ORG_UNRES_W660830788,ORG_UNRES_W660830788_T001,房产经纪,PL_W660830788,0.0,unresolved
P08420,ORG_UNRES_W31757792,ORG_UNRES_W31757792_T001,翻译,PL_W31757792,0.0,unresolved
P08421,ORG_UNRES_W196768769,ORG_UNRES_W196768769_T001,电工,PL_W196768769,0.0,unresolved
P08422,ORG_N7881335020,ORG_N7881335020_T001,财务专员,PL_W663827267,57.8,medium
P08423,ORG_UNRES_W804639052,ORG_UNRES_W804639052_T001,运营专员,PL_W804639052,0.0,unresolved
P08424,ORG_UNRES_W1267010810,ORG_UNRES_W1267010810_T001,自由设计师,PL_W1267010810,0.0,unresolved
P08425,ORG_N13605219225,ORG_N13605219225_T001,运营经理,PL_W62256155,3.2,high
P08426,ORG_UNRES_W669624361,ORG_UNRES_W669624361_T001,销售经理,PL_W669624361,0.0,unresolved
P08427,ORG_UNRES_W58361358,ORG_UNRES_W58361358_T001,配送员,PL_W58361358,0.0,unresolved
P08428,ORG_N12804954343,ORG_N12804954343_T001,独立程序员,PL_W316749838,67.3,medium
P08429,ORG_N12955167464,ORG_N12955167464_T001,财务专员,PL_W1149717350,31.9,medium
P08430,ORG_N13955322776,ORG_N13955322776_T001,客户经理,PL_W167925742,5.4,high
P08431,ORG_W943701267,ORG_W943701267_T002,行政专员,PL_W943701267,0.0,verified
P08432,ORG_UNRES_W33543299,ORG_UNRES_W33543299_T001,软件工程师,PL_W33543299,0.0,unresolved
P08433,ORG_N11695968602,ORG_N11695968602_T001,理发师,PL_N11695968602,0.0,verified
P08434,ORG_UNRES_W659427555,ORG_UNRES_W659427555_T001,高级软件工程师,PL_W659427555,0.0,unresolved
P08435,ORG_UNRES_W161271090,ORG_UNRES_W161271090_T001,设备操作员,PL_W161271090,0.0,unresolved
P08436,ORG_N3900836503,ORG_N3900836503_T001,零售店员,PL_N3900836503,0.0,verified
P08437,ORG_W61759776,ORG_W61759776_T003,本科生,PL_W61759776,0.0,verified
P08438,ORG_UNRES_W34516728,ORG_UNRES_W34516728_T001,配送员,PL_W34516728,0.0,unresolved
P08439,ORG_N3905865029,ORG_N3905865029_T001,咖啡师,PL_N3905865029,0.0,verified
P08440,ORG_N5476395722,ORG_N5476395722_T001,收银员,PL_N5476395722,0.0,verified
P08441,ORG_W29443312,ORG_W29443312_T001,保安,PL_W29443312,0.0,verified
P08442,ORG_UNRES_W680608303,ORG_UNRES_W680608303_T001,配送员,PL_W680608303,0.0,unresolved
P08443,ORG_W27767640,ORG_W27767640_T002,保安,PL_W27767640,0.0,verified
P08444,ORG_UNRES_W105516638,ORG_UNRES_W105516638_T001,客户专员,PL_W105516638,0.0,unresolved
P08445,ORG_UNRES_W34582238,ORG_UNRES_W34582238_T001,会计,PL_W34582238,0.0,unresolved
P08446,ORG_UNRES_W58567273,ORG_UNRES_W58567273_T001,电工,PL_W58567273,0.0,unresolved
P08447,ORG_N10087984338,ORG_N10087984338_T001,客户专员,PL_W239024445,61.5,medium
P08448,ORG_UNRES_W331879916,ORG_UNRES_W331879916_T001,客户经理,PL_W331879916,0.0,unresolved
P08449,ORG_N3254677986,ORG_N3254677986_T001,会计,PL_N3254677986,0.0,verified
P08450,ORG_N3930426865,ORG_N3930426865_T001,财务主管,PL_N11111838084,24.6,high
P08451,ORG_UNRES_W661334783,ORG_UNRES_W661334783_T001,焊工,PL_W661334783,0.0,unresolved
P08452,ORG_N5658771340,ORG_N5658771340_T001,高级软件工程师,PL_W31620471,5.6,high
P08453,ORG_N267315345,ORG_N267315345_T001,收银员,PL_N267315345,0.0,verified
P08454,ORG_N2072269680,ORG_N2072269680_T001,餐厅服务员,PL_N2072269680,0.0,verified
P08455,ORG_UNRES_W702169105,ORG_UNRES_W702169105_T001,配送员,PL_W702169105,0.0,unresolved
P08456,ORG_W521306685,ORG_W521306685_T001,设计师,PL_W521306685,0.0,verified
P08457,ORG_N5467605746,ORG_N5467605746_T001,客户经理,PL_N5467605746,0.0,verified
P08458,ORG_N387449946,ORG_N387449946_T001,理发师,PL_N387449946,0.0,verified
P08459,ORG_UNRES_W670272328,ORG_UNRES_W670272328_T001,项目经理,PL_W670272328,0.0,unresolved
P08460,ORG_W257053580,ORG_W257053580_T001,财务主管,PL_W257053580,0.0,verified
P08461,ORG_W127685221,ORG_W127685221_T001,项目经理,PL_W127685221,0.0,verified
P08462,ORG_W44076451,ORG_W44076451_T001,厨师,PL_W44076451,0.0,verified
P08463,ORG_N768966147,ORG_N768966147_T001,软件工程师,PL_W61698931,40.9,medium
P08464,ORG_W55896876,ORG_W55896876_T001,客服,PL_W55896876,0.0,verified
P08465,ORG_W30986916,ORG_W30986916_T001,翻译,PL_W30986916,0.0,verified
P08466,ORG_W31778853,ORG_W31778853_T001,客户经理,PL_W703613747,51.5,medium
P08467,ORG_W60304653,ORG_W60304653_T001,本科生,PL_W60304653,0.0,verified
P08468,ORG_N12312756757,ORG_N12312756757_T001,本科生,PL_N12312756757,0.0,verified
P08469,ORG_UNRES_W33189720,ORG_UNRES_W33189720_T001,安装工,PL_W33189720,0.0,unresolved
P08470,ORG_UNRES_W556114700,ORG_UNRES_W556114700_T001,房产经纪,PL_W556114700,0.0,unresolved
P08471,ORG_W23447424,ORG_W23447424_T001,本科生,PL_W23447424,0.0,verified
P08472,ORG_W23447424,ORG_W23447424_T002,硕士研究生,PL_W23447424,0.0,verified
P08473,ORG_UNRES_W660248262,ORG_UNRES_W660248262_T001,自由销售,PL_W660248262,0.0,unresolved
P08474,ORG_W55031878,ORG_W55031878_T001,独立程序员,PL_W55031878,0.0,verified
P08475,ORG_W25108216,ORG_W25108216_T001,厨师,PL_W25108216,0.0,verified
P08476,ORG_UNRES_W673760242,ORG_UNRES_W673760242_T001,采购专员,PL_W673760242,0.0,unresolved
P08477,ORG_N9140140338,ORG_N9140140338_T001,高级产品经理,PL_W661193373,17.2,high
P08478,ORG_UNRES_W226958989,ORG_UNRES_W226958989_T001,独立承包商,PL_W226958989,0.0,unresolved
P08479,ORG_UNRES_W469614541,ORG_UNRES_W469614541_T001,高级运营专员,PL_W469614541,0.0,unresolved
P08480,ORG_N420549582,ORG_N420549582_T001,客服,PL_N420549582,0.0,verified
P08481,ORG_N12759827689,ORG_N12759827689_T001,运营专员,PL_N12759827689,0.0,verified
P08482,ORG_N1444976343,ORG_N1444976343_T001,会计,PL_W236336973,77.4,medium
P08483,ORG_N8100550665,ORG_N8100550665_T001,房产经纪,PL_N8100550665,0.0,verified
P08484,ORG_W797142352,ORG_W797142352_T001,运营专员,PL_W797142354,8.3,high
P08485,ORG_UNRES_W32556141,ORG_UNRES_W32556141_T001,搬运工,PL_W32556141,0.0,unresolved
P08486,ORG_N2138426174,ORG_N2138426174_T001,健身教练,PL_N2138426174,0.0,verified
P08487,ORG_UNRES_W1224926612,ORG_UNRES_W1224926612_T001,运营专员,PL_W1224926612,0.0,unresolved
P08488,ORG_N1995434979,ORG_N1995434979_T001,销售代表,PL_N1995434979,0.0,verified
P08489,ORG_W57046689,ORG_W57046689_T001,客服,PL_W57046689,0.0,verified
P08490,ORG_W23447424,ORG_W23447424_T003,硕士研究生,PL_W23447424,0.0,verified
P08491,ORG_UNRES_W665741582,ORG_UNRES_W665741582_T001,数据分析师,PL_W665741582,0.0,unresolved
P08492,ORG_UNRES_W165787889,ORG_UNRES_W165787889_T001,部门经理,PL_W165787889,0.0,unresolved
P08493,ORG_W27767637,ORG_W27767637_T001,自媒体从业者,PL_W27767637,0.0,verified
P08494,ORG_W180193897,ORG_W180193897_T001,销售经理,PL_W180193898,13.7,high
P08495,ORG_UNRES_W34586925,ORG_UNRES_W34586925_T001,配送员,PL_W34586925,0.0,unresolved
P08496,ORG_W170165499,ORG_W170165499_T001,房产经纪,PL_W170165499,0.0,verified
P08497,ORG_UNRES_W659629321,ORG_UNRES_W659629321_T001,配送员,PL_W659629321,0.0,unresolved
P08498,ORG_N13137063865,ORG_N13137063865_T001,会计,PL_W1004706291,10.1,high
P08499,ORG_N763667715,ORG_N763667715_T001,高级运营专员,PL_W61014140,20.5,high
P08500,ORG_N6551711422,ORG_N6551711422_T001,销售经理,PL_N6551711422,0.0,verified
P08501,ORG_W657934748,ORG_W657934748_T001,美容师,PL_W657934748,0.0,verified
P08502,ORG_W15396822,ORG_W15396822_T001,本科生,PL_W15396822,0.0,verified
P08503,ORG_N6181447584,ORG_N6181447584_T001,保安,PL_N6181447584,0.0,verified
P08504,ORG_N9214498426,ORG_N9214498426_T001,客服,PL_N9214498426,0.0,verified
P08505,ORG_N513610974,ORG_N513610974_T001,理发师,PL_N513610974,0.0,verified
P08506,ORG_N2210112303,ORG_N2210112303_T001,软件工程师,PL_W804386831,44.7,medium
P08507,ORG_W661317033,ORG_W661317033_T001,健身教练,PL_W661317033,0.0,verified
P08508,ORG_UNRES_W659454220,ORG_UNRES_W659454220_T001,私教,PL_W659454220,0.0,unresolved
P08509,ORG_W180193897,ORG_W180193897_T001,销售代表,PL_W180193897,0.0,verified
P08510,ORG_UNRES_W1258521554,ORG_UNRES_W1258521554_T001,私教,PL_W1258521554,0.0,unresolved
P08511,ORG_N1444979737,ORG_N1444979737_T001,收银员,PL_N1444979737,0.0,verified
P08512,ORG_N3999424721,ORG_N3999424721_T001,咖啡师,PL_N3999424721,0.0,verified
P08513,ORG_UNRES_W56123713,ORG_UNRES_W56123713_T001,汽车技师,PL_W56123713,0.0,unresolved
P08514,ORG_W300884213,ORG_W300884213_T001,销售经理,PL_W300884213,0.0,verified
P08515,ORG_N3414918473,ORG_N3414918473_T001,高级运营专员,PL_N3414918473,0.0,verified
P08516,ORG_W815475387,ORG_W815475387_T001,博士研究生,PL_W815475387,0.0,verified
P08517,ORG_N3466933901,ORG_N3466933901_T001,咖啡师,PL_N3466933901,0.0,verified
P08518,ORG_UNRES_W34777543,ORG_UNRES_W34777543_T001,自媒体从业者,PL_W34777543,0.0,unresolved
P08519,ORG_N3561284957,ORG_N3561284957_T001,零售店员,PL_N3561284957,0.0,verified
P08520,ORG_W60230152,ORG_W60230152_T001,独立承包商,PL_W60230152,0.0,verified
P08521,ORG_UNRES_W704634889,ORG_UNRES_W704634889_T001,配送员,PL_W704634889,0.0,unresolved
P08522,ORG_UNRES_W60428970,ORG_UNRES_W60428970_T001,设备操作员,PL_W60428970,0.0,unresolved
P08523,ORG_W1126399841,ORG_W1126399841_T001,美容师,PL_W1126399841,0.0,verified
P08524,ORG_UNRES_W31754694,ORG_UNRES_W31754694_T001,私教,PL_W31754694,0.0,unresolved
P08525,ORG_W60304653,ORG_W60304653_T001,本科生,PL_W60304653,0.0,verified
P08526,ORG_N10012524299,ORG_N10012524299_T001,私教,PL_N10012524299,0.0,verified
P08527,ORG_UNRES_W661774544,ORG_UNRES_W661774544_T001,卡车司机,PL_W661774544,0.0,unresolved
P08528,ORG_UNRES_W34587723,ORG_UNRES_W34587723_T001,财务专员,PL_W34587723,0.0,unresolved
P08529,ORG_N6348392705,ORG_N6348392705_T001,销售经理,PL_W661292611,46.5,medium
P08530,ORG_W23447393,ORG_W23447393_T001,博士研究生,PL_W23447393,0.0,verified
P08531,ORG_UNRES_W479950661,ORG_UNRES_W479950661_T001,高级数据分析师,PL_W479950661,0.0,unresolved
P08532,ORG_W304027495,ORG_W304027495_T001,酒店服务人员,PL_W304027495,0.0,verified
P08533,ORG_UNRES_W60330220,ORG_UNRES_W60330220_T001,焊工,PL_W60330220,0.0,unresolved
P08534,ORG_N11433394298,ORG_N11433394298_T001,客户专员,PL_N11433394298,0.0,verified
P08535,ORG_UNRES_W68310448,ORG_UNRES_W68310448_T001,建筑工人,PL_W68310448,0.0,unresolved
P08536,ORG_UNRES_W33681464,ORG_UNRES_W33681464_T001,搬运工,PL_W33681464,0.0,unresolved
P08537,ORG_UNRES_W680607370,ORG_UNRES_W680607370_T001,高级运营专员,PL_W680607370,0.0,unresolved
P08538,ORG_N4869906504,ORG_N4869906504_T001,保安,PL_N4869906504,0.0,verified
P08539,ORG_N10765170820,ORG_N10765170820_T001,运营专员,PL_W482124458,23.3,high
P08540,ORG_N12823415348,ORG_N12823415348_T001,翻译,PL_N12823415348,0.0,verified
P08541,ORG_W161110169,ORG_W161110169_T001,本科生,PL_W161110169,0.0,verified
P08542,ORG_N9097634894,ORG_N9097634894_T001,销售代表,PL_N9097634894,0.0,verified
P08543,ORG_W33408339,ORG_W33408339_T001,保安,PL_W33408339,0.0,verified
P08544,ORG_UNRES_W62363963,ORG_UNRES_W62363963_T001,运营经理,PL_W62363963,0.0,unresolved
P08545,ORG_UNRES_W220029026,ORG_UNRES_W220029026_T001,设备操作员,PL_W220029026,0.0,unresolved
P08546,ORG_W661330239,ORG_W661330239_T001,销售经理,PL_W661330239,0.0,verified
P08547,ORG_N373162711,ORG_N373162711_T001,理发师,PL_N373162711,0.0,verified
P08548,ORG_W43804163,ORG_W43804163_T001,健身教练,PL_W43804163,0.0,verified
P08549,ORG_N3811486813,ORG_N3811486813_T001,数据分析师,PL_W31620471,4.2,high
P08550,ORG_N11147287676,ORG_N11147287676_T001,私教,PL_N11147287676,0.0,verified
P08551,ORG_W429673971,ORG_W429673971_T001,独立程序员,PL_W429673971,0.0,verified
P08552,ORG_W383637718,ORG_W383637718_T001,销售经理,PL_W383637718,0.0,verified
P08553,ORG_W23334883,ORG_W23334883_T001,硕士研究生,PL_W23334883,0.0,verified
P08554,ORG_UNRES_W661950696,ORG_UNRES_W661950696_T001,部门经理,PL_W661950696,0.0,unresolved
P08555,ORG_W436018569,ORG_W436018569_T001,自媒体从业者,PL_W436018569,0.0,verified
P08556,ORG_UNRES_W56062440,ORG_UNRES_W56062440_T001,焊工,PL_W56062440,0.0,unresolved
P08557,ORG_UNRES_W60482846,ORG_UNRES_W60482846_T001,财务主管,PL_W60482846,0.0,unresolved
P08558,ORG_N6680687582,ORG_N6680687582_T001,咖啡师,PL_N6680687582,0.0,verified
P08559,ORG_N11961685654,ORG_N11961685654_T001,项目经理,PL_W125308707,22.2,high
P08560,ORG_N5161264403,ORG_N5161264403_T001,房产经纪,PL_N5161264403,0.0,verified
P08561,ORG_N12861661728,ORG_N12861661728_T001,财务主管,PL_N12861661728,0.0,verified
P08562,ORG_W61759776,ORG_W61759776_T003,本科生,PL_W61759776,0.0,verified
P08563,ORG_N3590056202,ORG_N3590056202_T001,行政专员,PL_W334916363,40.5,medium
P08564,ORG_N5718021422,ORG_N5718021422_T001,产品经理,PL_N5718021422,0.0,verified
P08565,ORG_N14040990114,ORG_N14040990114_T001,收银员,PL_N14040990114,0.0,verified
P08566,ORG_UNRES_W661022274,ORG_UNRES_W661022274_T001,卡车司机,PL_W661022274,0.0,unresolved
P08567,ORG_UNRES_W66980198,ORG_UNRES_W66980198_T001,安装工,PL_W66980198,0.0,unresolved
P08568,ORG_W176711928,ORG_W176711928_T001,设备操作员,PL_W176711928,0.0,verified
P08569,ORG_UNRES_W678933224,ORG_UNRES_W678933224_T001,高级软件工程师,PL_W678933224,0.0,unresolved
P08570,ORG_W797150068,ORG_W797150068_T001,销售代表,PL_W1395765938,7.3,high
P08571,ORG_N10822992503,ORG_N10822992503_T001,客服,PL_N10822992503,0.0,verified
P08572,ORG_W43810852,ORG_W43810852_T001,财务专员,PL_W43810852,0.0,verified
P08573,ORG_UNRES_W148652969,ORG_UNRES_W148652969_T001,焊工,PL_W148652969,0.0,unresolved
P08574,ORG_UNRES_W445933220,ORG_UNRES_W445933220_T001,采购专员,PL_W445933220,0.0,unresolved
P08575,ORG_N6551651370,ORG_N6551651370_T001,咖啡师,PL_N6551651370,0.0,verified
P08576,ORG_UNRES_W419912449,ORG_UNRES_W419912449_T001,销售代表,PL_W419912449,0.0,unresolved
P08577,ORG_W1271809791,ORG_W1271809791_T001,独立承包商,PL_W1271809791,0.0,verified
P08578,ORG_N1412630538,ORG_N1412630538_T001,零售店员,PL_N1412630538,0.0,verified
P08579,ORG_N5323098537,ORG_N5323098537_T001,美容师,PL_N5323098537,0.0,verified
P08580,ORG_N768966147,ORG_N768966147_T001,会计,PL_W61698931,40.9,medium
P08581,ORG_W55218273,ORG_W55218273_T001,客户专员,PL_W234054108,38.1,medium
P08582,ORG_W35155100,ORG_W35155100_T001,酒店前台,PL_W35155100,0.0,verified
P08583,ORG_W161110169,ORG_W161110169_T001,硕士研究生,PL_W161110169,0.0,verified
P08584,ORG_N7551831492,ORG_N7551831492_T001,美容师,PL_N7551831493,24.5,high
P08585,ORG_N2533923209,ORG_N2533923209_T001,餐厅服务员,PL_N2533923209,0.0,verified
P08586,ORG_N8119487284,ORG_N8119487284_T001,零售店员,PL_N8119487284,0.0,verified
P08587,ORG_N13948814506,ORG_N13948814506_T001,采购专员,PL_N13948814506,0.0,verified
P08588,ORG_N3590056202,ORG_N3590056202_T001,HR经理,PL_W334916363,40.5,medium
P08589,ORG_W23447514,ORG_W23447514_T001,本科生,PL_W23447514,0.0,verified
P08590,ORG_W256116927,ORG_W256116927_T001,采购经理,PL_W663871037,25.9,medium
P08591,ORG_N6481876639,ORG_N6481876639_T001,厨师,PL_N6481876639,0.0,verified
P08592,ORG_W23447393,ORG_W23447393_T001,本科生,PL_W23447393,0.0,verified
P08593,ORG_UNRES_W659599760,ORG_UNRES_W659599760_T001,卡车司机,PL_W659599760,0.0,unresolved
P08594,ORG_N6394858420,ORG_N6394858420_T001,零售店员,PL_N6394858420,0.0,verified
P08595,ORG_N11612201956,ORG_N11612201956_T001,项目经理,PL_N11612201956,0.0,verified
P08596,ORG_UNRES_W170052636,ORG_UNRES_W170052636_T001,独立程序员,PL_W170052636,0.0,unresolved
P08597,ORG_N2159618518,ORG_N2159618518_T001,采购经理,PL_W670198874,49.1,medium
P08598,ORG_N380027427,ORG_N380027427_T001,客服,PL_N380027427,0.0,verified
P08599,ORG_W61982576,ORG_W61982576_T001,技术经理,PL_W61982576,0.0,verified
P08600,ORG_N11967814832,ORG_N11967814832_T001,项目经理,PL_N11967814832,0.0,verified
P08601,ORG_N6419730380,ORG_N6419730380_T001,HR经理,PL_W122204658,38.9,medium
P08602,ORG_W61429979,ORG_W61429979_T001,采购经理,PL_W61429979,0.0,verified
P08603,ORG_UNRES_W662766976,ORG_UNRES_W662766976_T001,电工,PL_W662766976,0.0,unresolved
P08604,ORG_W61759776,ORG_W61759776_T002,本科生,PL_W61759776,0.0,verified
P08605,ORG_N2138426284,ORG_N2138426284_T001,健身教练,PL_N2138426284,0.0,verified
P08606,ORG_W58867344,ORG_W58867344_T001,客户经理,PL_W58867344,0.0,verified
P08607,ORG_W69966012,ORG_W69966012_T001,销售经理,PL_W69966012,0.0,verified
P08608,ORG_N6548329637,ORG_N6548329637_T001,设计师,PL_N6548329637,0.0,verified
P08609,ORG_UNRES_W1302635190,ORG_UNRES_W1302635190_T001,自由设计师,PL_W1302635190,0.0,unresolved
P08610,ORG_N6423958629,ORG_N6423958629_T001,业务负责人,PL_W659629316,20.5,high
P08611,ORG_N6554677046,ORG_N6554677046_T001,收银员,PL_N6554677046,0.0,verified
P08612,ORG_W150494721,ORG_W150494721_T001,运营专员,PL_W150494721,0.0,verified
P08613,ORG_N5154126017,ORG_N5154126017_T001,零售店员,PL_N5154126017,0.0,verified
P08614,ORG_N1138448667,ORG_N1138448667_T001,咨询顾问,PL_N1138448667,0.0,verified
P08615,ORG_UNRES_W978009786,ORG_UNRES_W978009786_T001,独立承包商,PL_W978009786,0.0,unresolved
P08616,ORG_W675736665,ORG_W675736665_T001,餐厅服务员,PL_W675736665,0.0,verified
P08617,ORG_W27991582,ORG_W27991582_T001,数据分析师,PL_W27991582,0.0,verified
P08618,ORG_UNRES_W31754575,ORG_UNRES_W31754575_T001,网店经营者,PL_W31754575,0.0,unresolved
P08619,ORG_N401521720,ORG_N401521720_T001,本科生,PL_N401521720,0.0,verified
P08620,ORG_W23447393,ORG_W23447393_T001,硕士研究生,PL_W23447393,0.0,verified
P08621,ORG_N6558113008,ORG_N6558113008_T001,客户经理,PL_W659632921,21.1,high
P08622,ORG_W58586577,ORG_W58586577_T001,搬运工,PL_W58586577,0.0,verified
P08623,ORG_UNRES_W663315322,ORG_UNRES_W663315322_T001,销售代表,PL_W663315322,0.0,unresolved
P08624,ORG_N1291264971,ORG_N1291264971_T001,财务专员,PL_W151793363,7.7,high
P08625,ORG_W115430891,ORG_W115430891_T001,理发师,PL_W115430891,0.0,verified
P08626,ORG_W43805112,ORG_W43805112_T001,会计,PL_W43805112,0.0,verified
P08627,ORG_W59244520,ORG_W59244520_T001,设备操作员,PL_W59244520,0.0,verified
P08628,ORG_W367536575,ORG_W367536575_T002,酒店服务人员,PL_W367536575,0.0,verified
P08629,ORG_W141693739,ORG_W141693739_T001,高级软件工程师,PL_W141693739,0.0,verified
P08630,ORG_UNRES_W1204571898,ORG_UNRES_W1204571898_T001,搬运工,PL_W1204571898,0.0,unresolved
P08631,ORG_N13946404588,ORG_N13946404588_T001,本科生,PL_N13946404588,0.0,verified
P08632,ORG_N11401338583,ORG_N11401338583_T001,设计师,PL_N11401338583,0.0,verified
P08633,ORG_N2345716370,ORG_N2345716370_T001,HR经理,PL_N2345716370,0.0,verified
P08634,ORG_N12753097966,ORG_N12753097966_T001,咖啡师,PL_N12753097966,0.0,verified
P08635,ORG_UNRES_W78252696,ORG_UNRES_W78252696_T001,采购经理,PL_W78252696,0.0,unresolved
P08636,ORG_W60319362,ORG_W60319362_T001,高级软件工程师,PL_W60319362,0.0,verified
P08637,ORG_W202990038,ORG_W202990038_T001,运营经理,PL_W202990038,0.0,verified
P08638,ORG_W59036010,ORG_W59036010_T001,高级运营专员,PL_W59036010,0.0,verified
P08639,ORG_UNRES_W55675297,ORG_UNRES_W55675297_T001,项目经理,PL_W55675297,0.0,unresolved
P08640,ORG_N1298041085,ORG_N1298041085_T001,美容师,PL_N1298041085,0.0,verified
P08641,ORG_UNRES_W1125984086,ORG_UNRES_W1125984086_T001,汽车技师,PL_W1125984086,0.0,unresolved
P08642,ORG_UNRES_W1174697425,ORG_UNRES_W1174697425_T001,数据分析师,PL_W1174697425,0.0,unresolved
P08643,ORG_UNRES_W662213164,ORG_UNRES_W662213164_T001,设计师,PL_W662213164,0.0,unresolved
P08644,ORG_N3467065129,ORG_N3467065129_T001,咖啡师,PL_N3467065129,0.0,verified
P08645,ORG_N6313899872,ORG_N6313899872_T001,技术经理,PL_W130806359,52.4,medium
P08646,ORG_N6721008512,ORG_N6721008512_T001,设计师,PL_N6721008512,0.0,verified
P08647,ORG_UNRES_W672220759,ORG_UNRES_W672220759_T001,高级运营专员,PL_W672220759,0.0,unresolved
P08648,ORG_W34614474,ORG_W34614474_T001,财务主管,PL_W34614474,0.0,verified
P08649,ORG_N12982559684,ORG_N12982559684_T001,客户专员,PL_N12982559684,0.0,verified
P08650,ORG_N6534527555,ORG_N6534527555_T001,美容师,PL_N6534527555,0.0,verified
P08651,ORG_UNRES_W680624941,ORG_UNRES_W680624941_T001,高级数据分析师,PL_W680624941,0.0,unresolved
P08652,ORG_N7751985864,ORG_N7751985864_T001,运营专员,PL_W31926230,7.6,high
P08653,ORG_UNRES_W1162960042,ORG_UNRES_W1162960042_T001,安装工,PL_W1162960042,0.0,unresolved
P08654,ORG_UNRES_W32610612,ORG_UNRES_W32610612_T001,维修技师,PL_W32610612,0.0,unresolved
P08655,ORG_UNRES_W662259411,ORG_UNRES_W662259411_T001,运营专员,PL_W662259411,0.0,unresolved
P08656,ORG_N12192990057,ORG_N12192990057_T001,客户专员,PL_N12192990057,0.0,verified
P08657,ORG_UNRES_W385748322,ORG_UNRES_W385748322_T001,电工,PL_W385748322,0.0,unresolved
P08658,ORG_UNRES_W32534767,ORG_UNRES_W32534767_T001,卡车司机,PL_W32534767,0.0,unresolved
P08659,ORG_UNRES_W704946505,ORG_UNRES_W704946505_T001,独立承包商,PL_W704946505,0.0,unresolved
P08660,ORG_UNRES_W828530835,ORG_UNRES_W828530835_T001,设计师,PL_W828530835,0.0,unresolved
P08661,ORG_UNRES_W34176289,ORG_UNRES_W34176289_T001,搬运工,PL_W34176289,0.0,unresolved
P08662,ORG_N3485479638,ORG_N3485479638_T001,餐厅服务员,PL_N3485479638,0.0,verified
P08663,ORG_UNRES_W659633476,ORG_UNRES_W659633476_T001,软件工程师,PL_W659633476,0.0,unresolved
P08664,ORG_N5456840123,ORG_N5456840123_T001,客户专员,PL_W122198734,10.7,high
P08665,ORG_N7658272777,ORG_N7658272777_T001,运营专员,PL_W60185759,8.6,high
P08666,ORG_UNRES_W58745922,ORG_UNRES_W58745922_T001,设备操作员,PL_W58745922,0.0,unresolved
P08667,ORG_W31617641,ORG_W31617641_T001,软件工程师,PL_W31617641,0.0,verified
P08668,ORG_UNRES_W657978765,ORG_UNRES_W657978765_T001,卡车司机,PL_W657978765,0.0,unresolved
P08669,ORG_UNRES_W659441082,ORG_UNRES_W659441082_T001,仓库操作员,PL_W659441082,0.0,unresolved
P08670,ORG_UNRES_W226904817,ORG_UNRES_W226904817_T001,采购经理,PL_W226904817,0.0,unresolved
P08671,ORG_N10159822808,ORG_N10159822808_T001,自由销售,PL_N10159822808,0.0,verified
P08672,ORG_N11937314147,ORG_N11937314147_T001,会计,PL_W32326394,33.5,medium
P08673,ORG_UNRES_W704196069,ORG_UNRES_W704196069_T001,采购经理,PL_W704196069,0.0,unresolved
P08674,ORG_N13717357286,ORG_N13717357286_T001,客服,PL_N13717357286,0.0,verified
P08675,ORG_N6008096825,ORG_N6008096825_T001,独立承包商,PL_N6008096825,0.0,verified
P08676,ORG_N4157579639,ORG_N4157579639_T001,网店经营者,PL_N4157579639,0.0,verified
P08677,ORG_UNRES_W662441662,ORG_UNRES_W662441662_T001,财务主管,PL_W662441662,0.0,unresolved
P08678,ORG_N12995864438,ORG_N12995864438_T001,产品经理,PL_N12995864438,0.0,verified
P08679,ORG_N7857193347,ORG_N7857193347_T001,财务主管,PL_W661796568,48.6,medium
P08680,ORG_UNRES_W248103628,ORG_UNRES_W248103628_T001,销售代表,PL_W248103628,0.0,unresolved
P08681,ORG_W60304653,ORG_W60304653_T001,硕士研究生,PL_W60304653,0.0,verified
P08682,ORG_N1518532024,ORG_N1518532024_T001,本科生,PL_N1518532024,0.0,verified
P08683,ORG_UNRES_W53697816,ORG_UNRES_W53697816_T001,自由设计师,PL_W53697816,0.0,unresolved
P08684,ORG_W55029942,ORG_W55029942_T001,独立程序员,PL_W55029942,0.0,verified
P08685,ORG_UNRES_W699293503,ORG_UNRES_W699293503_T001,独立承包商,PL_W699293503,0.0,unresolved
P08686,ORG_N7630652118,ORG_N7630652118_T001,私教,PL_N7630652118,0.0,verified
P08687,ORG_UNRES_W661951941,ORG_UNRES_W661951941_T001,仓库操作员,PL_W661951941,0.0,unresolved
P08688,ORG_N11737962470,ORG_N11737962470_T001,采购经理,PL_W194224131,19.4,high
P08689,ORG_N4097459231,ORG_N4097459231_T001,软件工程师,PL_W61843026,21.5,high
P08690,ORG_UNRES_W701997039,ORG_UNRES_W701997039_T001,财务专员,PL_W701997039,0.0,unresolved
P08691,ORG_UNRES_W56238443,ORG_UNRES_W56238443_T001,焊工,PL_W56238443,0.0,unresolved
P08692,ORG_N4171613669,ORG_N4171613669_T001,软件工程师,PL_N4171613669,0.0,verified
P08693,ORG_N6357163314,ORG_N6357163314_T001,零售店员,PL_N6357163314,0.0,verified
P08694,ORG_W805391913,ORG_W805391913_T001,高级数据分析师,PL_W805391913,0.0,verified
P08695,ORG_N5145536133,ORG_N5145536133_T001,运营专员,PL_W703752571,48.3,medium
P08696,ORG_N2864373496,ORG_N2864373496_T001,客服,PL_N2864373496,0.0,verified
P08697,ORG_N10977865447,ORG_N10977865447_T001,厨师,PL_N10977865447,0.0,verified
P08698,ORG_N12997929573,ORG_N12997929573_T001,数据分析师,PL_N12997929573,0.0,verified
P08699,ORG_UNRES_W247681917,ORG_UNRES_W247681917_T001,汽车技师,PL_W247681917,0.0,unresolved
P08700,ORG_W33036599,ORG_W33036599_T001,独立承包商,PL_W33036599,0.0,verified
P08701,ORG_UNRES_W1274900959,ORG_UNRES_W1274900959_T001,独立程序员,PL_W1274900959,0.0,unresolved
P08702,ORG_W161110169,ORG_W161110169_T001,硕士研究生,PL_W161110169,0.0,verified
P08703,ORG_N7255845244,ORG_N7255845244_T001,行政专员,PL_W301418957,48.0,medium
P08704,ORG_W89636166,ORG_W89636166_T001,采购经理,PL_W89636166,0.0,verified
P08705,ORG_N12996489259,ORG_N12996489259_T001,运营专员,PL_W674557281,58.2,medium
P08706,ORG_W1066266065,ORG_W1066266065_T001,运营经理,PL_W1066266065,0.0,verified
P08707,ORG_N6551695033,ORG_N6551695033_T001,高级数据分析师,PL_N6551695033,0.0,verified
P08708,ORG_N278103210,ORG_N278103210_T001,厨师,PL_N278103210,0.0,verified
P08709,ORG_UNRES_N5367861826,ORG_UNRES_N5367861826_T001,健身教练,PL_N5367861826,0.0,unresolved
P08710,ORG_UNRES_W662766980,ORG_UNRES_W662766980_T001,高级数据分析师,PL_W662766980,0.0,unresolved
P08711,ORG_W367346433,ORG_W367346433_T001,高级运营专员,PL_W61698828,79.6,medium
P08712,ORG_UNRES_W33542519,ORG_UNRES_W33542519_T001,高级软件工程师,PL_W33542519,0.0,unresolved
P08713,ORG_N6535211970,ORG_N6535211970_T001,收银员,PL_N6535211970,0.0,verified
P08714,ORG_W41949958,ORG_W41949958_T001,房产经纪,PL_W41949958,0.0,verified
P08715,ORG_N12454318763,ORG_N12454318763_T001,零售店员,PL_N12454318763,0.0,verified
P08716,ORG_N2814031202,ORG_N2814031202_T001,保安,PL_N2814031202,0.0,verified
P08717,ORG_UNRES_W31617620,ORG_UNRES_W31617620_T001,自由销售,PL_W31617620,0.0,unresolved
P08718,ORG_N506350608,ORG_N506350608_T001,餐厅服务员,PL_N506350608,0.0,verified
P08719,ORG_W60170480,ORG_W60170480_T001,房产经纪,PL_W469734389,27.0,medium
P08720,ORG_UNRES_W662150040,ORG_UNRES_W662150040_T001,快递员,PL_W662150040,0.0,unresolved
P08721,ORG_N9672795308,ORG_N9672795308_T001,本科生,PL_N9672795308,0.0,verified
P08722,ORG_N992379669,ORG_N992379669_T001,美容师,PL_N992379669,0.0,verified
P08723,ORG_N3439310963,ORG_N3439310963_T001,咖啡师,PL_N3439310963,0.0,verified
P08724,ORG_UNRES_W1171853035,ORG_UNRES_W1171853035_T001,设计师,PL_W1171853035,0.0,unresolved
P08725,ORG_W673263912,ORG_W673263912_T001,会计,PL_W673263912,0.0,verified
P08726,ORG_UNRES_W660624564,ORG_UNRES_W660624564_T001,安装工,PL_W660624564,0.0,unresolved
P08727,ORG_UNRES_W670367697,ORG_UNRES_W670367697_T001,财务专员,PL_W670367697,0.0,unresolved
P08728,ORG_W33543646,ORG_W33543646_T001,客服,PL_W33543646,0.0,verified
P08729,ORG_W23447514,ORG_W23447514_T001,本科生,PL_W23447514,0.0,verified
P08730,ORG_W148646768,ORG_W148646768_T002,酒店服务人员,PL_W148646768,0.0,verified
P08731,ORG_UNRES_W34554802,ORG_UNRES_W34554802_T001,自由销售,PL_W34554802,0.0,unresolved
P08732,ORG_N2807162821,ORG_N2807162821_T001,客服,PL_N2807162821,0.0,verified
P08733,ORG_N1272837800,ORG_N1272837800_T001,收银员,PL_N1272837800,0.0,verified
P08734,ORG_UNRES_W31754574,ORG_UNRES_W31754574_T001,私教,PL_W31754574,0.0,unresolved
P08735,ORG_N13230661906,ORG_N13230661906_T001,行政专员,PL_N13196851741,61.3,medium
P08736,ORG_N12149324799,ORG_N12149324799_T001,客户经理,PL_N12149324799,0.0,verified
P08737,ORG_UNRES_W704232365,ORG_UNRES_W704232365_T001,私教,PL_W704232365,0.0,unresolved
P08738,ORG_N11877525932,ORG_N11877525932_T001,独立承包商,PL_W61430317,15.7,high
P08739,ORG_W1366234349,ORG_W1366234349_T001,高级软件工程师,PL_W105516612,62.0,medium
P08740,ORG_W247147345,ORG_W247147345_T001,酒店服务人员,PL_W247147345,0.0,verified
P08741,ORG_W23447424,ORG_W23447424_T003,硕士研究生,PL_W23447424,0.0,verified
P08742,ORG_UNRES_W34229573,ORG_UNRES_W34229573_T001,私教,PL_W34229573,0.0,unresolved
P08743,ORG_W33471348,ORG_W33471348_T001,行政专员,PL_W141296067,32.1,medium
P08744,ORG_N4036609207,ORG_N4036609207_T001,酒店前台,PL_N4036609207,0.0,verified
P08745,ORG_UNRES_W58271348,ORG_UNRES_W58271348_T001,HR经理,PL_W58271348,0.0,unresolved
P08746,ORG_N6852089676,ORG_N6852089676_T001,业务负责人,PL_N6852089676,0.0,verified
P08747,ORG_N10920735417,ORG_N10920735417_T001,自由销售,PL_N10920735417,0.0,verified
P08748,ORG_W25420435,ORG_W25420435_T001,财务主管,PL_W25420435,0.0,verified
P08749,ORG_UNRES_W1350480065,ORG_UNRES_W1350480065_T001,网店经营者,PL_W1350480065,0.0,unresolved
P08750,ORG_N5145536133,ORG_N5145536133_T001,高级数据分析师,PL_W55461753,21.2,high
P08751,ORG_N6341456288,ORG_N6341456288_T001,高级软件工程师,PL_W659320544,25.4,medium
P08752,ORG_W34582609,ORG_W34582609_T001,安装工,PL_W34582609,0.0,verified
P08753,ORG_UNRES_W676042522,ORG_UNRES_W676042522_T001,焊工,PL_W676042522,0.0,unresolved
P08754,ORG_N12862702029,ORG_N12862702029_T001,行政专员,PL_N12862702029,0.0,verified
P08755,ORG_W537868893,ORG_W537868893_T001,采购经理,PL_W537868893,0.0,verified
P08756,ORG_UNRES_W662099843,ORG_UNRES_W662099843_T001,HR经理,PL_W662099843,0.0,unresolved
P08757,ORG_W258236803,ORG_W258236803_T001,项目经理,PL_W258236803,0.0,verified
P08758,ORG_N7183243395,ORG_N7183243395_T001,餐厅服务员,PL_N7183243395,0.0,verified
P08759,ORG_W160143118,ORG_W160143118_T001,采购经理,PL_W160143118,0.0,verified
P08760,ORG_UNRES_W706192712,ORG_UNRES_W706192712_T001,独立程序员,PL_W706192712,0.0,unresolved
P08761,ORG_UNRES_W662388462,ORG_UNRES_W662388462_T001,私教,PL_W662388462,0.0,unresolved
P08762,ORG_W229483488,ORG_W229483488_T001,私教,PL_W229483488,0.0,verified
P08763,ORG_N579254437,ORG_N579254437_T001,客服,PL_N579254437,0.0,verified
P08764,ORG_N13010520111,ORG_N13010520111_T001,高级数据分析师,PL_N13010520111,0.0,verified
P08765,ORG_W104945735,ORG_W104945735_T001,HR经理,PL_W104945735,0.0,verified
P08766,ORG_W367346433,ORG_W367346433_T001,财务专员,PL_W61698828,79.6,medium
P08767,ORG_UNRES_W661471730,ORG_UNRES_W661471730_T001,焊工,PL_W661471730,0.0,unresolved
P08768,ORG_UNRES_W704597780,ORG_UNRES_W704597780_T001,网店经营者,PL_W704597780,0.0,unresolved
P08769,ORG_N13477347601,ORG_N13477347601_T001,自由设计师,PL_N13477347601,0.0,verified
P08770,ORG_UNRES_W660397102,ORG_UNRES_W660397102_T001,客户专员,PL_W660397102,0.0,unresolved
P08771,ORG_W23334883,ORG_W23334883_T001,硕士研究生,PL_W23334883,0.0,verified
P08772,ORG_W109499580,ORG_W109499580_T001,财务主管,PL_W109499580,0.0,verified
P08773,ORG_W58567288,ORG_W58567288_T001,电工,PL_W58567268,63.5,medium
P08774,ORG_UNRES_W705121015,ORG_UNRES_W705121015_T001,维修技师,PL_W705121015,0.0,unresolved
P08775,ORG_N6423958629,ORG_N6423958629_T001,设计师,PL_W659629321,71.8,medium
P08776,ORG_N5478886799,ORG_N5478886799_T001,保安,PL_N5478886799,0.0,verified
P08777,ORG_W231977751,ORG_W231977751_T001,高级产品经理,PL_W231977751,0.0,verified
P08778,ORG_W43805910,ORG_W43805910_T001,维修技师,PL_W199291731,44.4,medium
P08779,ORG_N13374612588,ORG_N13374612588_T001,保安,PL_N13374612588,0.0,verified
P08780,ORG_UNRES_W43810870,ORG_UNRES_W43810870_T001,财务主管,PL_W43810870,0.0,unresolved
P08781,ORG_W13404966,ORG_W13404966_T001,高级数据分析师,PL_W13404966,0.0,verified
P08782,ORG_N12997929551,ORG_N12997929551_T001,财务主管,PL_N12997929551,0.0,verified
P08783,ORG_N3740787162,ORG_N3740787162_T001,收银员,PL_N3740787162,0.0,verified
P08784,ORG_N1854311801,ORG_N1854311801_T001,咖啡师,PL_N1854311801,0.0,verified
P08785,ORG_N6304072431,ORG_N6304072431_T001,财务专员,PL_N6304072431,0.0,verified
P08786,ORG_N1125532862,ORG_N1125532862_T001,项目经理,PL_W660624564,29.5,medium
P08787,ORG_N2735377670,ORG_N2735377670_T001,财务经理,PL_W702169106,11.0,high
P08788,ORG_N6545575961,ORG_N6545575961_T001,行政专员,PL_N6545575961,0.0,verified
P08789,ORG_W443994557,ORG_W443994557_T001,项目经理,PL_W443994557,0.0,verified
P08790,ORG_UNRES_W331879916,ORG_UNRES_W331879916_T001,项目经理,PL_W331879916,0.0,unresolved
P08791,ORG_W1504220927,ORG_W1504220927_T001,本科生,PL_W1504220927,0.0,verified
P08792,ORG_W60304653,ORG_W60304653_T001,博士研究生,PL_W60304653,0.0,verified
P08793,ORG_N4467186976,ORG_N4467186976_T001,高级运营专员,PL_W115626110,3.9,high
P08794,ORG_N2049981455,ORG_N2049981455_T001,销售经理,PL_N2049981455,0.0,verified
P08795,ORG_W285055427,ORG_W285055427_T001,数据分析师,PL_W659321743,42.5,medium
P08796,ORG_N12247061816,ORG_N12247061816_T001,采购专员,PL_W680607366,54.9,medium
P08797,ORG_UNRES_W663828896,ORG_UNRES_W663828896_T001,采购经理,PL_W663828896,0.0,unresolved
P08798,ORG_N409163937,ORG_N409163937_T001,理发师,PL_N409163937,0.0,verified
P08799,ORG_UNRES_W795320594,ORG_UNRES_W795320594_T001,高级数据分析师,PL_W795320594,0.0,unresolved
P08800,ORG_N6495425609,ORG_N6495425609_T001,销售经理,PL_W692017154,39.7,medium
P08801,ORG_UNRES_W661821787,ORG_UNRES_W661821787_T001,网店经营者,PL_W661821787,0.0,unresolved
P08802,ORG_UNRES_W43811562,ORG_UNRES_W43811562_T001,焊工,PL_W43811562,0.0,unresolved
P08803,ORG_UNRES_W66980185,ORG_UNRES_W66980185_T001,卡车司机,PL_W66980185,0.0,unresolved
P08804,ORG_UNRES_W79672207,ORG_UNRES_W79672207_T001,仓库操作员,PL_W79672207,0.0,unresolved
P08805,ORG_W669602490,ORG_W669602490_T001,房产经纪,PL_W669602490,0.0,verified
P08806,ORG_N6304072430,ORG_N6304072430_T001,零售店员,PL_N6304072430,0.0,verified
P08807,ORG_UNRES_W663828890,ORG_UNRES_W663828890_T001,高级数据分析师,PL_W663828890,0.0,unresolved
P08808,ORG_N2884419126,ORG_N2884419126_T001,硕士研究生,PL_N2884419126,0.0,verified
P08809,ORG_N12290566763,ORG_N12290566763_T001,理发师,PL_N12290566763,0.0,verified
P08810,ORG_UNRES_W706080732,ORG_UNRES_W706080732_T001,销售经理,PL_W706080732,0.0,unresolved
P08811,ORG_UNRES_W333370257,ORG_UNRES_W333370257_T001,电工,PL_W333370257,0.0,unresolved
P08812,ORG_UNRES_W704232379,ORG_UNRES_W704232379_T001,网店经营者,PL_W704232379,0.0,unresolved
P08813,ORG_UNRES_W32326396,ORG_UNRES_W32326396_T001,行政专员,PL_W32326396,0.0,unresolved
P08814,ORG_W1066295953,ORG_W1066295953_T001,财务专员,PL_W1066295953,0.0,verified
P08815,ORG_UNRES_W661951741,ORG_UNRES_W661951741_T001,维修技师,PL_W661951741,0.0,unresolved
P08816,ORG_W34614474,ORG_W34614474_T001,设计师,PL_W34614474,0.0,verified
P08817,ORG_W247560900,ORG_W247560900_T001,采购专员,PL_W247560900,0.0,verified
P08818,ORG_W23447424,ORG_W23447424_T002,博士研究生,PL_W23447424,0.0,verified
P08819,ORG_UNRES_W662100020,ORG_UNRES_W662100020_T001,电工,PL_W662100020,0.0,unresolved
P08820,ORG_N12996489259,ORG_N12996489259_T001,客户专员,PL_W662099403,8.3,high
P08821,ORG_N4519751637,ORG_N4519751637_T001,私教,PL_N4519751637,0.0,verified
P08822,ORG_W400681136,ORG_W400681136_T001,软件工程师,PL_W400681136,0.0,verified
P08823,ORG_UNRES_W1057021509,ORG_UNRES_W1057021509_T001,销售代表,PL_W1057021509,0.0,unresolved
P08824,ORG_N391169461,ORG_N391169461_T001,理发师,PL_N391169461,0.0,verified
P08825,ORG_UNRES_W66979816,ORG_UNRES_W66979816_T001,焊工,PL_W66979816,0.0,unresolved
P08826,ORG_N6711439753,ORG_N6711439753_T001,零售店员,PL_N6711439753,0.0,verified
P08827,ORG_W60304653,ORG_W60304653_T001,本科生,PL_W60304653,0.0,verified
P08828,ORG_UNRES_W661637031,ORG_UNRES_W661637031_T001,网店经营者,PL_W661637031,0.0,unresolved
P08829,ORG_W624234405,ORG_W624234405_T001,人力资源经理,PL_W624234405,0.0,verified
P08830,ORG_N4876267026,ORG_N4876267026_T001,客服,PL_N4876267026,0.0,verified
P08831,ORG_UNRES_W661291886,ORG_UNRES_W661291886_T001,建筑工人,PL_W661291886,0.0,unresolved
P08832,ORG_W23334883,ORG_W23334883_T001,硕士研究生,PL_W23334883,0.0,verified
P08833,ORG_N6565391653,ORG_N6565391653_T001,销售代表,PL_N6565391653,0.0,verified
P08834,ORG_N13704204169,ORG_N13704204169_T001,美容师,PL_N13704204169,0.0,verified
P08835,ORG_N777804064,ORG_N777804064_T001,咖啡师,PL_N777804064,0.0,verified
P08836,ORG_N14020001313,ORG_N14020001313_T001,销售代表,PL_W33037492,43.7,medium
P08837,ORG_W23447424,ORG_W23447424_T001,博士研究生,PL_W23447424,0.0,verified
P08838,ORG_W58567259,ORG_W58567259_T001,建筑工人,PL_W58567287,89.3,medium
P08839,ORG_W34749730,ORG_W34749730_T001,酒店前台,PL_W34749730,0.0,verified
P08840,ORG_N4500615120,ORG_N4500615120_T001,财务主管,PL_W416172844,15.2,high
P08841,ORG_N13240844343,ORG_N13240844343_T001,客户经理,PL_N13240844343,0.0,verified
P08842,ORG_N10043714525,ORG_N10043714525_T001,高级数据分析师,PL_W531735882,15.9,high
P08843,ORG_UNRES_W661950724,ORG_UNRES_W661950724_T001,卡车司机,PL_W661950724,0.0,unresolved
P08844,ORG_UNRES_W661206811,ORG_UNRES_W661206811_T001,摄影师,PL_W661206811,0.0,unresolved
P08845,ORG_UNRES_W663828857,ORG_UNRES_W663828857_T001,高级数据分析师,PL_W663828857,0.0,unresolved
P08846,ORG_W943701267,ORG_W943701267_T001,客户专员,PL_W943701267,0.0,verified
P08847,ORG_N3632329238,ORG_N3632329238_T001,健身教练,PL_N3632329238,0.0,verified
P08848,ORG_N13050188126,ORG_N13050188126_T001,客服,PL_N13050188126,0.0,verified
P08849,ORG_W33561118,ORG_W33561118_T001,酒店前台,PL_W33561118,0.0,verified
P08850,ORG_N6558113016,ORG_N6558113016_T001,产品经理,PL_N6558113016,0.0,verified
P08851,ORG_UNRES_W704997233,ORG_UNRES_W704997233_T001,私教,PL_W704997233,0.0,unresolved
P08852,ORG_W129730208,ORG_W129730208_T001,财务专员,PL_W129730208,0.0,verified
P08853,ORG_UNRES_W42472531,ORG_UNRES_W42472531_T001,自由设计师,PL_W42472531,0.0,unresolved
P08854,ORG_W702100748,ORG_W702100748_T001,本科生,PL_W702100748,0.0,verified
P08855,ORG_N12091108919,ORG_N12091108919_T001,本科生,PL_N12091108919,0.0,verified
P08856,ORG_UNRES_W58869401,ORG_UNRES_W58869401_T001,高级运营专员,PL_W58869401,0.0,unresolved
P08857,ORG_N8613419932,ORG_N8613419932_T001,项目经理,PL_W1129341556,22.8,high
P08858,ORG_N6816082167,ORG_N6816082167_T001,高级产品经理,PL_N6816082167,0.0,verified
P08859,ORG_N3301710267,ORG_N3301710267_T001,自媒体从业者,PL_N3301710267,0.0,verified
P08860,ORG_W32707350,ORG_W32707350_T001,软件工程师,PL_W32707349,82.7,medium
P08861,ORG_N2681580824,ORG_N2681580824_T001,本科生,PL_N2681580824,0.0,verified
P08862,ORG_N6433470895,ORG_N6433470895_T001,客户经理,PL_N6433470895,0.0,verified
P08863,ORG_UNRES_W704230284,ORG_UNRES_W704230284_T001,房产经纪,PL_W704230284,0.0,unresolved
P08864,ORG_UNRES_W659533822,ORG_UNRES_W659533822_T001,产品经理,PL_W659533822,0.0,unresolved
P08865,ORG_N11737962470,ORG_N11737962470_T001,运营专员,PL_W194224125,69.8,medium
P08866,ORG_UNRES_W43808699,ORG_UNRES_W43808699_T001,搬运工,PL_W43808699,0.0,unresolved
P08867,ORG_W132189179,ORG_W132189179_T001,行政专员,PL_W132189179,0.0,verified
P08868,ORG_UNRES_W103252322,ORG_UNRES_W103252322_T001,仓库操作员,PL_W103252322,0.0,unresolved
P08869,ORG_UNRES_W43804337,ORG_UNRES_W43804337_T001,卡车司机,PL_W43804337,0.0,unresolved
P08870,ORG_N6551695028,ORG_N6551695028_T001,数据分析师,PL_W55855120,33.7,medium
P08871,ORG_N2998787138,ORG_N2998787138_T001,健身教练,PL_N2998787138,0.0,verified
P08872,ORG_N14036160054,ORG_N14036160054_T001,数据分析师,PL_W334916363,35.3,medium
P08873,ORG_UNRES_W226960735,ORG_UNRES_W226960735_T001,汽车技师,PL_W226960735,0.0,unresolved
P08874,ORG_N5368912114,ORG_N5368912114_T001,美容师,PL_N5368912114,0.0,verified
P08875,ORG_N2219998305,ORG_N2219998305_T001,餐厅服务员,PL_N2219998305,0.0,verified
P08876,ORG_W181520094,ORG_W181520094_T001,高级数据分析师,PL_W181520094,0.0,verified
P08877,ORG_N13897158549,ORG_N13897158549_T001,高级数据分析师,PL_W1194900603,14.2,high
P08878,ORG_N1314640368,ORG_N1314640368_T001,美容师,PL_N1314640368,0.0,verified
P08879,ORG_UNRES_W706192713,ORG_UNRES_W706192713_T001,私教,PL_W706192713,0.0,unresolved
P08880,ORG_UNRES_W161271559,ORG_UNRES_W161271559_T001,快递员,PL_W161271559,0.0,unresolved
P08881,ORG_N6548219493,ORG_N6548219493_T001,保安,PL_N6548219493,0.0,verified
P08882,ORG_N6369142340,ORG_N6369142340_T001,独立承包商,PL_N6369142340,0.0,verified
P08883,ORG_UNRES_W660347834,ORG_UNRES_W660347834_T001,自由销售,PL_W660347834,0.0,unresolved
P08884,ORG_UNRES_W659588026,ORG_UNRES_W659588026_T001,产品经理,PL_W659588026,0.0,unresolved
P08885,ORG_W55031045,ORG_W55031045_T001,酒店服务人员,PL_W55031045,0.0,verified
P08886,ORG_UNRES_W33728843,ORG_UNRES_W33728843_T001,焊工,PL_W33728843,0.0,unresolved
P08887,ORG_N4500615120,ORG_N4500615120_T001,高级数据分析师,PL_W416172845,81.1,medium
P08888,ORG_UNRES_W705563021,ORG_UNRES_W705563021_T001,咨询顾问,PL_W705563021,0.0,unresolved
P08889,ORG_UNRES_W661650744,ORG_UNRES_W661650744_T001,独立承包商,PL_W661650744,0.0,unresolved
P08890,ORG_UNRES_W660934826,ORG_UNRES_W660934826_T001,维修技师,PL_W660934826,0.0,unresolved
P08891,ORG_W184344340,ORG_W184344340_T001,厨师,PL_W184344340,0.0,verified
P08892,ORG_N6621643593,ORG_N6621643593_T001,客户专员,PL_W226512035,21.8,high
P08893,ORG_W79659931,ORG_W79659931_T001,数据分析师,PL_W79659944,51.6,medium
P08894,ORG_N5010476461,ORG_N5010476461_T001,人力资源经理,PL_W61011663,18.7,high
P08895,ORG_N54965507,ORG_N54965507_T001,翻译,PL_W233181463,26.3,medium
P08896,ORG_N5987043916,ORG_N5987043916_T001,网店经营者,PL_N5987043916,0.0,verified
P08897,ORG_W36508437,ORG_W36508437_T001,博士研究生,PL_W36508437,0.0,verified
P08898,ORG_W101918381,ORG_W101918381_T001,配送员,PL_W101918381,0.0,verified
P08899,ORG_UNRES_W1082708163,ORG_UNRES_W1082708163_T001,咨询顾问,PL_W1082708163,0.0,unresolved
P08900,ORG_UNRES_W55418194,ORG_UNRES_W55418194_T001,汽车技师,PL_W55418194,0.0,unresolved
P08901,ORG_W31617640,ORG_W31617640_T001,销售经理,PL_W31617640,0.0,verified
P08902,ORG_UNRES_W56238543,ORG_UNRES_W56238543_T001,建筑工人,PL_W56238543,0.0,unresolved
P08903,ORG_W27778689,ORG_W27778689_T001,酒店服务人员,PL_W27778689,0.0,verified
P08904,ORG_N2890089526,ORG_N2890089526_T001,采购专员,PL_W61011663,5.7,high
P08905,ORG_N2153230505,ORG_N2153230505_T001,零售店员,PL_N2153230505,0.0,verified
P08906,ORG_W210313906,ORG_W210313906_T001,收银员,PL_W210313906,0.0,verified
P08907,ORG_N3007175447,ORG_N3007175447_T001,项目经理,PL_W122204658,33.6,medium
P08908,ORG_UNRES_W662099819,ORG_UNRES_W662099819_T001,采购经理,PL_W662099819,0.0,unresolved
P08909,ORG_UNRES_W56238440,ORG_UNRES_W56238440_T001,仓库操作员,PL_W56238440,0.0,unresolved
P08910,ORG_N13149664930,ORG_N13149664930_T001,美容师,PL_N13149664930,0.0,verified
P08911,ORG_W992457521,ORG_W992457521_T001,咨询顾问,PL_W992457521,0.0,verified
P08912,ORG_N13859048594,ORG_N13859048594_T001,咖啡师,PL_N13859048594,0.0,verified
P08913,ORG_W30955952,ORG_W30955952_T001,翻译,PL_W30955952,0.0,verified
P08914,ORG_W27991582,ORG_W27991582_T001,数据分析师,PL_W27991582,0.0,verified
P08915,ORG_N4379889593,ORG_N4379889593_T001,咖啡师,PL_N4379889593,0.0,verified
P08916,ORG_N9550175417,ORG_N9550175417_T001,硕士研究生,PL_N9550175417,0.0,verified
P08917,ORG_N538153308,ORG_N538153308_T001,财务主管,PL_W796686993,86.2,medium
P08918,ORG_N7881378607,ORG_N7881378607_T001,销售经理,PL_W663827276,60.0,medium
P08919,ORG_N2332330690,ORG_N2332330690_T001,硕士研究生,PL_N2332330690,0.0,verified
P08920,ORG_N6340696126,ORG_N6340696126_T001,零售店员,PL_N6340696126,0.0,verified
P08921,ORG_UNRES_W672780979,ORG_UNRES_W672780979_T001,仓库操作员,PL_W672780979,0.0,unresolved
P08922,ORG_UNRES_W241163484,ORG_UNRES_W241163484_T001,HR经理,PL_W241163484,0.0,unresolved
P08923,ORG_W23447514,ORG_W23447514_T001,博士研究生,PL_W23447514,0.0,verified
P08924,ORG_W31617642,ORG_W31617642_T001,采购经理,PL_W31617642,0.0,verified
P08925,ORG_UNRES_W31778884,ORG_UNRES_W31778884_T001,采购专员,PL_W31778884,0.0,unresolved
P08926,ORG_N12996606619,ORG_N12996606619_T001,业务负责人,PL_N12996606619,0.0,verified
P08927,ORG_UNRES_W659322530,ORG_UNRES_W659322530_T001,软件工程师,PL_W659322530,0.0,unresolved
P08928,ORG_N5424638521,ORG_N5424638521_T001,软件工程师,PL_W41950525,2.2,high
P08929,ORG_N305489899,ORG_N305489899_T001,网店经营者,PL_N305489899,0.0,verified
P08930,ORG_N7751950341,ORG_N7751950341_T001,硕士研究生,PL_N7751950341,0.0,verified
P08931,ORG_N14062529766,ORG_N14062529766_T001,部门经理,PL_N14062529766,0.0,verified
P08932,ORG_N6348659395,ORG_N6348659395_T001,区域经理,PL_W659440530,22.2,high
P08933,ORG_W1316550311,ORG_W1316550311_T001,数据分析师,PL_W1316550311,0.0,verified
P08934,ORG_UNRES_W185549348,ORG_UNRES_W185549348_T001,快递员,PL_W185549348,0.0,unresolved
P08935,ORG_W27767628,ORG_W27767628_T001,运营专员,PL_W27767628,0.0,verified
P08936,ORG_N3818769645,ORG_N3818769645_T001,会计,PL_W1316550313,29.9,medium
P08937,ORG_N383448328,ORG_N383448328_T001,健身教练,PL_N383448328,0.0,verified
P08938,ORG_N6491357305,ORG_N6491357305_T001,理发师,PL_N6491357305,0.0,verified
P08939,ORG_UNRES_W661919528,ORG_UNRES_W661919528_T001,网店经营者,PL_W661919528,0.0,unresolved
P08940,ORG_N2584379642,ORG_N2584379642_T001,采购专员,PL_N2584379642,0.0,verified
P08941,ORG_N13897158549,ORG_N13897158549_T001,财务专员,PL_W1080660035,75.5,medium
P08942,ORG_UNRES_W659441071,ORG_UNRES_W659441071_T001,卡车司机,PL_W659441071,0.0,unresolved
P08943,ORG_UNRES_W660831603,ORG_UNRES_W660831603_T001,咨询顾问,PL_W660831603,0.0,unresolved
P08944,ORG_N8054372748,ORG_N8054372748_T001,自媒体从业者,PL_N8054372748,0.0,verified
P08945,ORG_UNRES_W182090183,ORG_UNRES_W182090183_T001,会计,PL_W182090183,0.0,unresolved
P08946,ORG_N12087916032,ORG_N12087916032_T001,数据分析师,PL_W34614513,7.5,high
P08947,ORG_UNRES_W58728262,ORG_UNRES_W58728262_T001,快递员,PL_W58728262,0.0,unresolved
P08948,ORG_N10838194331,ORG_N10838194331_T001,项目经理,PL_W660836573,82.5,medium
P08949,ORG_N10794699020,ORG_N10794699020_T001,采购专员,PL_N10794699020,0.0,verified
P08950,ORG_N6090819024,ORG_N6090819024_T001,部门经理,PL_W495300892,36.5,medium
P08951,ORG_UNRES_W659094367,ORG_UNRES_W659094367_T001,电工,PL_W659094367,0.0,unresolved
P08952,ORG_UNRES_W56062684,ORG_UNRES_W56062684_T001,设备操作员,PL_W56062684,0.0,unresolved
P08953,ORG_W31617642,ORG_W31617642_T001,独立承包商,PL_W31617642,0.0,verified
P08954,ORG_UNRES_W662441663,ORG_UNRES_W662441663_T001,软件工程师,PL_W662441663,0.0,unresolved
P08955,ORG_UNRES_W34516846,ORG_UNRES_W34516846_T001,建筑工人,PL_W34516846,0.0,unresolved
P08956,ORG_N2858285616,ORG_N2858285616_T001,客户专员,PL_W1174697419,83.1,medium
P08957,ORG_UNRES_W661471718,ORG_UNRES_W661471718_T001,仓库操作员,PL_W661471718,0.0,unresolved
P08958,ORG_W32742026,ORG_W32742026_T001,酒店前台,PL_W32742026,0.0,verified
P08959,ORG_W27767631,ORG_W27767631_T001,设计师,PL_W27767631,0.0,verified
P08960,ORG_N544664035,ORG_N544664035_T001,咖啡师,PL_N544664035,0.0,verified
P08961,ORG_W31363304,ORG_W31363304_T001,销售代表,PL_W31363304,0.0,verified
P08962,ORG_W797150068,ORG_W797150068_T001,销售经理,PL_W1395765937,24.5,high
P08963,ORG_N3206964051,ORG_N3206964051_T001,房产经纪,PL_N3206964051,0.0,verified
P08964,ORG_N12358054404,ORG_N12358054404_T001,保安,PL_N12358054404,0.0,verified
P08965,ORG_W583994251,ORG_W583994251_T001,美容师,PL_W583994251,0.0,verified
P08966,ORG_UNRES_W181032381,ORG_UNRES_W181032381_T001,财务专员,PL_W181032381,0.0,unresolved
P08967,ORG_UNRES_W661635710,ORG_UNRES_W661635710_T001,独立承包商,PL_W661635710,0.0,unresolved
P08968,ORG_N2873817304,ORG_N2873817304_T001,会计,PL_N2873817304,0.0,verified
P08969,ORG_N244885864,ORG_N244885864_T001,区域经理,PL_W233181463,56.3,medium
P08970,ORG_W242551746,ORG_W242551746_T001,财务专员,PL_W673171020,25.2,medium
P08971,ORG_UNRES_W660601635,ORG_UNRES_W660601635_T001,摄影师,PL_W660601635,0.0,unresolved
P08972,ORG_W32624023,ORG_W32624023_T001,项目经理,PL_W32624025,56.0,medium
P08973,ORG_N1907123243,ORG_N1907123243_T001,美容师,PL_N1907123243,0.0,verified
P08974,ORG_W61759776,ORG_W61759776_T001,本科生,PL_W61759776,0.0,verified
P08975,ORG_UNRES_W396817728,ORG_UNRES_W396817728_T001,HR经理,PL_W396817728,0.0,unresolved
P08976,ORG_W33300525,ORG_W33300525_T001,客户经理,PL_W34545967,72.8,medium
P08977,ORG_UNRES_W66979777,ORG_UNRES_W66979777_T001,设备操作员,PL_W66979777,0.0,unresolved
P08978,ORG_N2808873203,ORG_N2808873203_T001,咖啡师,PL_N2808873203,0.0,verified
P08979,ORG_UNRES_W66983871,ORG_UNRES_W66983871_T001,搬运工,PL_W66983871,0.0,unresolved
P08980,ORG_W455610180,ORG_W455610180_T001,客户专员,PL_W33806242,38.3,medium
P08981,ORG_N6491357331,ORG_N6491357331_T001,行政专员,PL_W664283339,14.8,high
P08982,ORG_UNRES_W975526234,ORG_UNRES_W975526234_T001,翻译,PL_W975526234,0.0,unresolved
P08983,ORG_W505921693,ORG_W505921693_T001,本科生,PL_W505921693,0.0,verified
P08984,ORG_N6302674397,ORG_N6302674397_T001,私教,PL_N6302674397,0.0,verified
P08985,ORG_N13859048594,ORG_N13859048594_T001,咖啡师,PL_N13859048594,0.0,verified
P08986,ORG_UNRES_W62361866,ORG_UNRES_W62361866_T001,安装工,PL_W62361866,0.0,unresolved
P08987,ORG_W61759776,ORG_W61759776_T003,本科生,PL_W61759776,0.0,verified
P08988,ORG_W58728296,ORG_W58728296_T001,酒店前台,PL_W58728296,0.0,verified
P08989,ORG_UNRES_W34414587,ORG_UNRES_W34414587_T001,采购专员,PL_W34414587,0.0,unresolved
P08990,ORG_W33036894,ORG_W33036894_T001,高级运营专员,PL_W33036894,0.0,verified
P08991,ORG_UNRES_W34690056,ORG_UNRES_W34690056_T001,卡车司机,PL_W34690056,0.0,unresolved
P08992,ORG_UNRES_W331945075,ORG_UNRES_W331945075_T001,卡车司机,PL_W331945075,0.0,unresolved
P08993,ORG_N6545342868,ORG_N6545342868_T001,理发师,PL_N6545342868,0.0,verified
P08994,ORG_N1975920691,ORG_N1975920691_T001,网店经营者,PL_N1975920691,0.0,verified
P08995,ORG_UNRES_W705845657,ORG_UNRES_W705845657_T001,自由销售,PL_W705845657,0.0,unresolved
P08996,ORG_N6175713509,ORG_N6175713509_T001,设计师,PL_W59244442,28.3,medium
P08997,ORG_N6548307610,ORG_N6548307610_T001,零售店员,PL_N6548307610,0.0,verified
P08998,ORG_W31620125,ORG_W31620125_T001,酒店前台,PL_W31620125,0.0,verified
P08999,ORG_UNRES_W702855220,ORG_UNRES_W702855220_T001,快递员,PL_W702855220,0.0,unresolved
P09000,ORG_UNRES_W662147675,ORG_UNRES_W662147675_T001,项目经理,PL_W662147675,0.0,unresolved
P09001,ORG_UNRES_W705109205,ORG_UNRES_W705109205_T001,安装工,PL_W705109205,0.0,unresolved
P09002,ORG_N6423958627,ORG_N6423958627_T001,高级运营专员,PL_W659629323,64.7,medium
P09003,ORG_N11062226564,ORG_N11062226564_T001,餐厅服务员,PL_N11062226564,0.0,verified
P09004,ORG_UNRES_W702537549,ORG_UNRES_W702537549_T001,本科生,PL_W702537549,0.0,unresolved
P09005,ORG_N1907752621,ORG_N1907752621_T001,自由销售,PL_N1907752621,0.0,verified
P09006,ORG_N4030226425,ORG_N4030226425_T001,设计师,PL_W161271583,71.8,medium
P09007,ORG_UNRES_W676443514,ORG_UNRES_W676443514_T001,本科生,PL_W676443514,0.0,unresolved
P09008,ORG_N12322231472,ORG_N12322231472_T001,硕士研究生,PL_N12322231472,0.0,verified
P09009,ORG_N2158165786,ORG_N2158165786_T001,美容师,PL_N2158165786,0.0,verified
P09010,ORG_N6418658781,ORG_N6418658781_T001,零售店员,PL_N6418658781,0.0,verified
P09011,ORG_N12996500893,ORG_N12996500893_T001,理发师,PL_N12996500893,0.0,verified
P09012,ORG_W55896876,ORG_W55896876_T001,酒店服务人员,PL_W55896876,0.0,verified
P09013,ORG_N12271842265,ORG_N12271842265_T001,运营专员,PL_W1316550313,48.0,medium
P09014,ORG_UNRES_W700221888,ORG_UNRES_W700221888_T001,销售经理,PL_W700221888,0.0,unresolved
P09015,ORG_UNRES_W34585425,ORG_UNRES_W34585425_T001,卡车司机,PL_W34585425,0.0,unresolved
P09016,ORG_N678894444,ORG_N678894444_T001,保安,PL_N678894444,0.0,verified
P09017,ORG_UNRES_W409263552,ORG_UNRES_W409263552_T001,高级软件工程师,PL_W409263552,0.0,unresolved
P09018,ORG_UNRES_W56010214,ORG_UNRES_W56010214_T001,汽车技师,PL_W56010214,0.0,unresolved
P09019,ORG_UNRES_W660602062,ORG_UNRES_W660602062_T001,独立承包商,PL_W660602062,0.0,unresolved
P09020,ORG_N10087972912,ORG_N10087972912_T001,美容师,PL_N10087972912,0.0,verified
P09021,ORG_UNRES_W670195355,ORG_UNRES_W670195355_T001,仓库操作员,PL_W670195355,0.0,unresolved
P09022,ORG_N11711534987,ORG_N11711534987_T001,软件工程师,PL_N11711534987,0.0,verified
P09023,ORG_UNRES_W58673654,ORG_UNRES_W58673654_T001,仓库操作员,PL_W58673654,0.0,unresolved
P09024,ORG_W231977751,ORG_W231977751_T001,会计,PL_W231977751,0.0,verified
P09025,ORG_N6736813207,ORG_N6736813207_T001,产品经理,PL_N6736813207,0.0,verified
P09026,ORG_N2611063039,ORG_N2611063039_T001,餐厅服务员,PL_N2611063039,0.0,verified
P09027,ORG_UNRES_W659587875,ORG_UNRES_W659587875_T001,高级项目经理,PL_W659587875,0.0,unresolved
P09028,ORG_N13384193064,ORG_N13384193064_T001,咖啡师,PL_N13384193064,0.0,verified
P09029,ORG_W455610180,ORG_W455610180_T001,高级运营专员,PL_W33806244,68.6,medium
P09030,ORG_N7781377932,ORG_N7781377932_T001,本科生,PL_N7781377932,0.0,verified
P09031,ORG_UNRES_W661314412,ORG_UNRES_W661314412_T001,建筑工人,PL_W661314412,0.0,unresolved
P09032,ORG_N11275718893,ORG_N11275718893_T001,财务专员,PL_N11275718893,0.0,verified
P09033,ORG_N11114390408,ORG_N11114390408_T001,咖啡师,PL_N11114390408,0.0,verified
P09034,ORG_N2699981042,ORG_N2699981042_T001,行政专员,PL_N2699981042,0.0,verified
P09035,ORG_W23447393,ORG_W23447393_T001,博士研究生,PL_W23447393,0.0,verified
P09036,ORG_N2288606541,ORG_N2288606541_T001,收银员,PL_N2288606541,0.0,verified
P09037,ORG_N1887536050,ORG_N1887536050_T001,零售店员,PL_N1887536050,0.0,verified
P09038,ORG_UNRES_W34204497,ORG_UNRES_W34204497_T001,设备操作员,PL_W34204497,0.0,unresolved
P09039,ORG_W23447393,ORG_W23447393_T001,硕士研究生,PL_W23447393,0.0,verified
P09040,ORG_N2890089526,ORG_N2890089526_T001,数据分析师,PL_W61011663,5.7,high
P09041,ORG_UNRES_W152285637,ORG_UNRES_W152285637_T001,安装工,PL_W152285637,0.0,unresolved
P09042,ORG_UNRES_W660806952,ORG_UNRES_W660806952_T001,财务主管,PL_W660806952,0.0,unresolved
P09043,ORG_N13670266863,ORG_N13670266863_T001,本科生,PL_N13670266863,0.0,verified
P09044,ORG_N12863057950,ORG_N12863057950_T001,行政专员,PL_N12863057950,0.0,verified
P09045,ORG_N803442960,ORG_N803442960_T001,采购专员,PL_W236106304,27.2,medium
P09046,ORG_W469583454,ORG_W469583454_T001,本科生,PL_W469583454,0.0,verified
P09047,ORG_UNRES_W56434740,ORG_UNRES_W56434740_T001,数据分析师,PL_W56434740,0.0,unresolved
P09048,ORG_N6309928577,ORG_N6309928577_T001,客户专员,PL_W658018658,22.7,high
P09049,ORG_W69966012,ORG_W69966012_T001,客户经理,PL_W69966012,0.0,verified
P09050,ORG_W23447514,ORG_W23447514_T001,博士研究生,PL_W23447514,0.0,verified
P09051,ORG_UNRES_W1341448213,ORG_UNRES_W1341448213_T001,独立程序员,PL_W1341448213,0.0,unresolved
P09052,ORG_N6318936253,ORG_N6318936253_T001,销售经理,PL_N6318936253,0.0,verified
P09053,ORG_N13917883670,ORG_N13917883670_T001,运营经理,PL_W111661858,17.4,high
P09054,ORG_W31443988,ORG_W31443988_T001,安装工,PL_W31443988,0.0,verified
P09055,ORG_N6354886597,ORG_N6354886597_T001,零售店员,PL_N6354886597,0.0,verified
P09056,ORG_W170244790,ORG_W170244790_T001,酒店服务人员,PL_W170244790,0.0,verified
P09057,ORG_N6304072720,ORG_N6304072720_T001,咖啡师,PL_N6304072720,0.0,verified
P09058,ORG_N495306722,ORG_N495306722_T001,咖啡师,PL_N495306722,0.0,verified
P09059,ORG_N13276774153,ORG_N13276774153_T001,软件工程师,PL_N13276774153,0.0,verified
P09060,ORG_W231268036,ORG_W231268036_T001,HR经理,PL_W231268036,0.0,verified
P09061,ORG_N6579126352,ORG_N6579126352_T001,会计,PL_N6579126352,0.0,verified
P09062,ORG_UNRES_W659588037,ORG_UNRES_W659588037_T001,房产经纪,PL_W659588037,0.0,unresolved
P09063,ORG_W968657201,ORG_W968657201_T001,行政专员,PL_W968657201,0.0,verified
P09064,ORG_UNRES_W704634881,ORG_UNRES_W704634881_T001,高级软件工程师,PL_W704634881,0.0,unresolved
P09065,ORG_W33746344,ORG_W33746344_T001,收银员,PL_W33746344,0.0,verified
P09066,ORG_W705010187,ORG_W705010187_T001,独立承包商,PL_W705010187,0.0,verified
P09067,ORG_W68019707,ORG_W68019707_T001,高级数据分析师,PL_W68019707,0.0,verified
P09068,ORG_N7211739897,ORG_N7211739897_T001,数据分析师,PL_W1395034222,85.4,medium
P09069,ORG_N354974891,ORG_N354974891_T001,咖啡师,PL_N354974891,0.0,verified
P09070,ORG_UNRES_W797149824,ORG_UNRES_W797149824_T001,财务主管,PL_W797149824,0.0,unresolved
P09071,ORG_W149982971,ORG_W149982971_T001,HR经理,PL_W76001163,74.1,medium
P09072,ORG_N6371193273,ORG_N6371193273_T001,房产经纪,PL_W58938377,24.1,high
P09073,ORG_N2566868009,ORG_N2566868009_T001,理发师,PL_N2566868009,0.0,verified
P09074,ORG_W32052212,ORG_W32052212_T001,运营专员,PL_W32052212,0.0,verified
P09075,ORG_UNRES_W60516155,ORG_UNRES_W60516155_T001,财务主管,PL_W60516155,0.0,unresolved
P09076,ORG_N6886875398,ORG_N6886875398_T001,项目经理,PL_W220415494,38.4,medium
P09077,ORG_N6415245497,ORG_N6415245497_T001,财务经理,PL_N6415245497,0.0,verified
P09078,ORG_N7751993190,ORG_N7751993190_T001,咖啡师,PL_N7751993190,0.0,verified
P09079,ORG_N12895845270,ORG_N12895845270_T001,设计师,PL_N12895845270,0.0,verified
P09080,ORG_W60170480,ORG_W60170480_T001,软件工程师,PL_W115222031,50.9,medium
P09081,ORG_N6359447137,ORG_N6359447137_T001,摄影师,PL_W679142328,49.8,medium
P09082,ORG_N277040121,ORG_N277040121_T001,美容师,PL_N277040121,0.0,verified
P09083,ORG_N6535236514,ORG_N6535236514_T001,零售店员,PL_N6535236514,0.0,verified
P09084,ORG_UNRES_W66983983,ORG_UNRES_W66983983_T001,财务专员,PL_W66983983,0.0,unresolved
P09085,ORG_UNRES_W34554802,ORG_UNRES_W34554802_T001,高级运营专员,PL_W34554802,0.0,unresolved
P09086,ORG_N11433394298,ORG_N11433394298_T001,产品经理,PL_N11433394298,0.0,verified
P09087,ORG_N3007175447,ORG_N3007175447_T001,行政专员,PL_W953878382,48.2,medium
P09088,ORG_N4953740623,ORG_N4953740623_T001,网店经营者,PL_N4953740623,0.0,verified
P09089,ORG_UNRES_W659427967,ORG_UNRES_W659427967_T001,客户经理,PL_W659427967,0.0,unresolved
P09090,ORG_UNRES_W661049306,ORG_UNRES_W661049306_T001,设计师,PL_W661049306,0.0,unresolved
P09091,ORG_N5706236065,ORG_N5706236065_T001,运营专员,PL_W599480360,41.6,medium
P09092,ORG_UNRES_W661471713,ORG_UNRES_W661471713_T001,快递员,PL_W661471713,0.0,unresolved
P09093,ORG_W43805454,ORG_W43805454_T001,健身教练,PL_W43805454,0.0,verified
P09094,ORG_UNRES_W659441071,ORG_UNRES_W659441071_T001,快递员,PL_W659441071,0.0,unresolved
P09095,ORG_N4501435640,ORG_N4501435640_T001,数据分析师,PL_N4501435640,0.0,verified
P09096,ORG_N4500615120,ORG_N4500615120_T001,产品经理,PL_W416172844,15.2,high
P09097,ORG_W33036894,ORG_W33036894_T001,运营专员,PL_W33036894,0.0,verified
P09098,ORG_W61759776,ORG_W61759776_T001,本科生,PL_W61759776,0.0,verified
P09099,ORG_N7528937361,ORG_N7528937361_T001,理发师,PL_N7528937361,0.0,verified
P09100,ORG_UNRES_W36772098,ORG_UNRES_W36772098_T001,高级软件工程师,PL_W36772098,0.0,unresolved
P09101,ORG_UNRES_W61011150,ORG_UNRES_W61011150_T001,房产经纪,PL_W61011150,0.0,unresolved
P09102,ORG_N2697056044,ORG_N2697056044_T001,咨询顾问,PL_N2697056044,0.0,verified
P09103,ORG_UNRES_W894580866,ORG_UNRES_W894580866_T001,自由设计师,PL_W894580866,0.0,unresolved
P09104,ORG_UNRES_W60331397,ORG_UNRES_W60331397_T001,建筑工人,PL_W60331397,0.0,unresolved
P09105,ORG_W902563132,ORG_W902563132_T001,厨师,PL_W902563132,0.0,verified
P09106,ORG_UNRES_W306426685,ORG_UNRES_W306426685_T001,高级数据分析师,PL_W306426685,0.0,unresolved
P09107,ORG_UNRES_W659321712,ORG_UNRES_W659321712_T001,产品经理,PL_W659321712,0.0,unresolved
P09108,ORG_W166535103,ORG_W166535103_T001,财务主管,PL_W166535103,0.0,verified
P09109,ORG_UNRES_W702537549,ORG_UNRES_W702537549_T001,本科生,PL_W702537549,0.0,unresolved
P09110,ORG_W805391915,ORG_W805391915_T001,客户专员,PL_W805391915,0.0,verified
P09111,ORG_UNRES_W659441054,ORG_UNRES_W659441054_T001,配送员,PL_W659441054,0.0,unresolved
P09112,ORG_N13374897386,ORG_N13374897386_T001,健身教练,PL_N13374897386,0.0,verified
P09113,ORG_W34111206,ORG_W34111206_T001,财务专员,PL_W34111206,0.0,verified
P09114,ORG_W59036010,ORG_W59036010_T001,翻译,PL_W59036010,0.0,verified
P09115,ORG_UNRES_W34582320,ORG_UNRES_W34582320_T001,高级数据分析师,PL_W34582320,0.0,unresolved
P09116,ORG_W34749730,ORG_W34749730_T001,厨师,PL_W34749730,0.0,verified
P09117,ORG_UNRES_W662441651,ORG_UNRES_W662441651_T001,快递员,PL_W662441651,0.0,unresolved
P09118,ORG_W65592644,ORG_W65592644_T001,行政专员,PL_W65592644,0.0,verified
P09119,ORG_W1504227411,ORG_W1504227411_T001,本科生,PL_W1504227411,0.0,verified
P09120,ORG_UNRES_W121968345,ORG_UNRES_W121968345_T001,维修技师,PL_W121968345,0.0,unresolved
P09121,ORG_UNRES_W35551388,ORG_UNRES_W35551388_T001,自由设计师,PL_W35551388,0.0,unresolved
P09122,ORG_W1127926707,ORG_W1127926707_T001,产品经理,PL_W1127926707,0.0,verified
P09123,ORG_UNRES_W659441083,ORG_UNRES_W659441083_T001,设备操作员,PL_W659441083,0.0,unresolved
P09124,ORG_N1138266091,ORG_N1138266091_T001,收银员,PL_N1138266091,0.0,verified
P09125,ORG_N14104254506,ORG_N14104254506_T001,采购经理,PL_N14104254506,0.0,verified
P09126,ORG_N387449941,ORG_N387449941_T001,收银员,PL_N387449941,0.0,verified
P09127,ORG_W659831222,ORG_W659831222_T001,收银员,PL_W659831222,0.0,verified
P09128,ORG_W34720688,ORG_W34720688_T001,高级运营专员,PL_W34720688,0.0,verified
P09129,ORG_W23334883,ORG_W23334883_T001,本科生,PL_W23334883,0.0,verified
P09130,ORG_W119880454,ORG_W119880454_T001,酒店服务人员,PL_W119880454,0.0,verified
P09131,ORG_UNRES_W33000861,ORG_UNRES_W33000861_T001,卡车司机,PL_W33000861,0.0,unresolved
P09132,ORG_W142739261,ORG_W142739261_T001,数据分析师,PL_W142739261,0.0,verified
P09133,ORG_UNRES_W599480360,ORG_UNRES_W599480360_T001,快递员,PL_W599480360,0.0,unresolved
P09134,ORG_UNRES_W658961495,ORG_UNRES_W658961495_T001,房产经纪,PL_W658961495,0.0,unresolved
P09135,ORG_N1125532862,ORG_N1125532862_T001,设计师,PL_W660624564,29.5,medium
P09136,ORG_N6845091828,ORG_N6845091828_T001,客服,PL_N6845091828,0.0,verified
P09137,ORG_N9007983086,ORG_N9007983086_T001,项目经理,PL_N9007983086,0.0,verified
P09138,ORG_W34551654,ORG_W34551654_T001,自由销售,PL_W34551654,0.0,verified
P09139,ORG_UNRES_W659240368,ORG_UNRES_W659240368_T001,采购专员,PL_W659240368,0.0,unresolved
P09140,ORG_W659094218,ORG_W659094218_T001,采购专员,PL_W1259404076,46.8,medium
P09141,ORG_N12996529644,ORG_N12996529644_T001,数据分析师,PL_W662098204,67.8,medium
P09142,ORG_UNRES_W703598079,ORG_UNRES_W703598079_T001,快递员,PL_W703598079,0.0,unresolved
P09143,ORG_W34320500,ORG_W34320500_T001,高级软件工程师,PL_W34320500,0.0,verified
P09144,ORG_W31728090,ORG_W31728090_T001,房产经纪,PL_W1551442415,57.7,medium
P09145,ORG_UNRES_W34749861,ORG_UNRES_W34749861_T001,仓库操作员,PL_W34749861,0.0,unresolved
P09146,ORG_W61698684,ORG_W61698684_T001,高级项目经理,PL_W61698684,0.0,verified
P09147,ORG_W32773278,ORG_W32773278_T001,财务专员,PL_W32773278,0.0,verified
P09148,ORG_N1291986457,ORG_N1291986457_T001,自由设计师,PL_N1291986457,0.0,verified
P09149,ORG_N9233976762,ORG_N9233976762_T001,高级数据分析师,PL_W661345988,79.6,medium
P09150,ORG_UNRES_W32507167,ORG_UNRES_W32507167_T001,仓库操作员,PL_W32507167,0.0,unresolved
P09151,ORG_UNRES_W658233525,ORG_UNRES_W658233525_T001,销售经理,PL_W658233525,0.0,unresolved
P09152,ORG_N13198788812,ORG_N13198788812_T001,设计师,PL_N13198788812,0.0,verified
P09153,ORG_W23447514,ORG_W23447514_T001,本科生,PL_W23447514,0.0,verified
P09154,ORG_W33189721,ORG_W33189721_T001,建筑工人,PL_W34546260,117.1,medium
P09155,ORG_W505921693,ORG_W505921693_T001,本科生,PL_W505921693,0.0,verified
P09156,ORG_W52321704,ORG_W52321704_T001,保安,PL_W52321704,0.0,verified
P09157,ORG_UNRES_W657696926,ORG_UNRES_W657696926_T001,仓库操作员,PL_W657696926,0.0,unresolved
P09158,ORG_N11178365153,ORG_N11178365153_T001,高级项目经理,PL_W61698929,68.2,medium
P09159,ORG_N4328466044,ORG_N4328466044_T001,客户经理,PL_W67139115,4.1,high
P09160,ORG_UNRES_W32326310,ORG_UNRES_W32326310_T001,咨询顾问,PL_W32326310,0.0,unresolved
P09161,ORG_N6547252190,ORG_N6547252190_T001,美容师,PL_N6547252190,0.0,verified
P09162,ORG_UNRES_W678970363,ORG_UNRES_W678970363_T001,销售经理,PL_W678970363,0.0,unresolved
P09163,ORG_W442508631,ORG_W442508631_T001,建筑工人,PL_W442508631,0.0,verified
P09164,ORG_UNRES_W702169116,ORG_UNRES_W702169116_T001,房产经纪,PL_W702169116,0.0,unresolved
P09165,ORG_N9511069391,ORG_N9511069391_T001,财务专员,PL_W137927024,38.7,medium
P09166,ORG_N4529456799,ORG_N4529456799_T001,收银员,PL_N4529456799,0.0,verified
P09167,ORG_N5418969575,ORG_N5418969575_T001,网店经营者,PL_N5418969575,0.0,verified
P09168,ORG_UNRES_W1350297410,ORG_UNRES_W1350297410_T001,电工,PL_W1350297410,0.0,unresolved
P09169,ORG_W43810852,ORG_W43810852_T001,配送员,PL_W676104927,54.0,medium
P09170,ORG_W1013411852,ORG_W1013411852_T001,健身教练,PL_W1013411852,0.0,verified
P09171,ORG_N9739894697,ORG_N9739894697_T001,独立程序员,PL_N9739894697,0.0,verified
P09172,ORG_N3229198861,ORG_N3229198861_T001,咖啡师,PL_N3229198861,0.0,verified
P09173,ORG_N4922135764,ORG_N4922135764_T001,项目经理,PL_N4922135764,0.0,verified
P09174,ORG_N12091108919,ORG_N12091108919_T001,博士研究生,PL_N12091108919,0.0,verified
P09175,ORG_W41949958,ORG_W41949958_T001,财务专员,PL_W41949958,0.0,verified
P09176,ORG_N6334482681,ORG_N6334482681_T001,财务专员,PL_N6334482681,0.0,verified
P09177,ORG_W122205423,ORG_W122205423_T001,财务主管,PL_W122205423,0.0,verified
P09178,ORG_N12195637649,ORG_N12195637649_T001,行政专员,PL_N12195637649,0.0,verified
P09179,ORG_UNRES_W659114593,ORG_UNRES_W659114593_T001,焊工,PL_W659114593,0.0,unresolved
P09180,ORG_W23447424,ORG_W23447424_T003,本科生,PL_W23447424,0.0,verified
P09181,ORG_N1279783256,ORG_N1279783256_T001,销售代表,PL_N1279783256,0.0,verified
P09182,ORG_W455610180,ORG_W455610180_T001,部门经理,PL_W33806242,38.3,medium
P09183,ORG_N5706236065,ORG_N5706236065_T001,采购专员,PL_W599480360,41.6,medium
P09184,ORG_N12198108801,ORG_N12198108801_T001,咖啡师,PL_N12198108801,0.0,verified
P09185,ORG_N6584575088,ORG_N6584575088_T001,客服,PL_N6584575088,0.0,verified
P09186,ORG_UNRES_W33403918,ORG_UNRES_W33403918_T001,搬运工,PL_W33403918,0.0,unresolved
P09187,ORG_UNRES_W661075519,ORG_UNRES_W661075519_T001,网店经营者,PL_W661075519,0.0,unresolved
P09188,ORG_W32707399,ORG_W32707399_T001,客户专员,PL_W670106667,34.6,medium
P09189,ORG_W436018569,ORG_W436018569_T001,采购经理,PL_W436018569,0.0,verified
P09190,ORG_N4245235158,ORG_N4245235158_T001,理发师,PL_N4245235158,0.0,verified
P09191,ORG_N5717888821,ORG_N5717888821_T001,咨询顾问,PL_N5717888821,0.0,verified
P09192,ORG_N9919447978,ORG_N9919447978_T001,厨师,PL_N9919447978,0.0,verified
P09193,ORG_N5345553359,ORG_N5345553359_T001,咨询顾问,PL_N5345553359,0.0,verified
P09194,ORG_W161270645,ORG_W161270645_T001,配送员,PL_W161270645,0.0,verified
P09195,ORG_N2375249754,ORG_N2375249754_T001,本科生,PL_N2375249754,0.0,verified
P09196,ORG_UNRES_W662099999,ORG_UNRES_W662099999_T001,高级运营专员,PL_W662099999,0.0,unresolved
P09197,ORG_N7750493880,ORG_N7750493880_T001,客服,PL_N7750493880,0.0,verified
P09198,ORG_UNRES_W58323387,ORG_UNRES_W58323387_T001,卡车司机,PL_W58323387,0.0,unresolved
P09199,ORG_W165789096,ORG_W165789096_T001,设备操作员,PL_W58745955,103.2,medium
P09200,ORG_UNRES_W333081809,ORG_UNRES_W333081809_T001,客户经理,PL_W333081809,0.0,unresolved
P09201,ORG_W34720688,ORG_W34720688_T001,高级运营专员,PL_W34720688,0.0,verified
P09202,ORG_UNRES_W678437142,ORG_UNRES_W678437142_T001,人力资源经理,PL_W678437142,0.0,unresolved
P09203,ORG_N7580591512,ORG_N7580591512_T001,理发师,PL_N7580591512,0.0,verified
P09204,ORG_N11983496463,ORG_N11983496463_T001,行政专员,PL_N11983496463,0.0,verified
P09205,ORG_N5145536134,ORG_N5145536134_T001,高级软件工程师,PL_N5145536134,0.0,verified
P09206,ORG_UNRES_W68310029,ORG_UNRES_W68310029_T001,建筑工人,PL_W68310029,0.0,unresolved
P09207,ORG_N7879322895,ORG_N7879322895_T001,美容师,PL_N7879322895,0.0,verified
P09208,ORG_N2143378412,ORG_N2143378412_T001,厨师,PL_N2143378412,0.0,verified
P09209,ORG_W56057855,ORG_W56057855_T001,采购专员,PL_W56057855,0.0,verified
P09210,ORG_N7553017341,ORG_N7553017341_T001,餐厅服务员,PL_N7553017341,0.0,verified
P09211,ORG_N11051841686,ORG_N11051841686_T001,高级产品经理,PL_W58271367,5.4,high
P09212,ORG_W775640504,ORG_W775640504_T001,硕士研究生,PL_W775640504,0.0,verified
P09213,ORG_N13374713725,ORG_N13374713725_T001,本科生,PL_N13374713725,0.0,verified
P09214,ORG_N5443636923,ORG_N5443636923_T001,项目经理,PL_W663827183,63.8,medium
P09215,ORG_N11178365153,ORG_N11178365153_T001,客户专员,PL_W61698930,42.4,medium
P09216,ORG_UNRES_W671599481,ORG_UNRES_W671599481_T001,高级运营专员,PL_W671599481,0.0,unresolved
P09217,ORG_UNRES_W1222655401,ORG_UNRES_W1222655401_T001,翻译,PL_W1222655401,0.0,unresolved
P09218,ORG_W34176354,ORG_W34176354_T001,维修技师,PL_W34176333,108.7,medium
P09219,ORG_W55031045,ORG_W55031045_T002,酒店服务人员,PL_W55031045,0.0,verified
P09220,ORG_W367346433,ORG_W367346433_T001,财务专员,PL_W220415494,42.9,medium
P09221,ORG_UNRES_W58728262,ORG_UNRES_W58728262_T001,设计师,PL_W58728262,0.0,unresolved
P09222,ORG_W658300634,ORG_W658300634_T001,数据分析师,PL_W658300634,0.0,verified
P09223,ORG_N9633703338,ORG_N9633703338_T001,硕士研究生,PL_N9633703338,0.0,verified
P09224,ORG_W13405060,ORG_W13405060_T001,采购经理,PL_W13405060,0.0,verified
P09225,ORG_N1515959209,ORG_N1515959209_T001,硕士研究生,PL_N1515959209,0.0,verified
P09226,ORG_W61760382,ORG_W61760382_T001,房产经纪,PL_W61760382,0.0,verified
P09227,ORG_N6535236526,ORG_N6535236526_T001,收银员,PL_N6535236526,0.0,verified
P09228,ORG_N1125532862,ORG_N1125532862_T002,设计师,PL_W660624564,29.5,medium
P09229,ORG_N13040383440,ORG_N13040383440_T001,美容师,PL_N13040383440,0.0,verified
P09230,ORG_W122205423,ORG_W122205423_T001,电工,PL_W122205423,0.0,verified
P09231,ORG_UNRES_W669719190,ORG_UNRES_W669719190_T001,采购专员,PL_W669719190,0.0,unresolved
P09232,ORG_N12087471684,ORG_N12087471684_T001,销售代表,PL_N12087471684,0.0,verified
P09233,ORG_UNRES_W122198157,ORG_UNRES_W122198157_T001,区域经理,PL_W122198157,0.0,unresolved
P09234,ORG_W97180148,ORG_W97180148_T001,酒店服务人员,PL_W97180148,0.0,verified
P09235,ORG_UNRES_W661511461,ORG_UNRES_W661511461_T001,安装工,PL_W661511461,0.0,unresolved
P09236,ORG_W657936346,ORG_W657936346_T001,仓库操作员,PL_W657936367,30.8,medium
P09237,ORG_W34749850,ORG_W34749850_T001,酒店前台,PL_W34749850,0.0,verified
P09238,ORG_N934384592,ORG_N934384592_T001,HR经理,PL_W662441671,44.2,medium
P09239,ORG_W1502658805,ORG_W1502658805_T001,硕士研究生,PL_W1502658805,0.0,verified
P09240,ORG_W1538248885,ORG_W1538248885_T001,会计,PL_W1538248885,0.0,verified
P09241,ORG_W672220752,ORG_W672220752_T001,采购经理,PL_W672220752,0.0,verified
P09242,ORG_UNRES_W231983650,ORG_UNRES_W231983650_T001,仓库操作员,PL_W231983650,0.0,unresolved
P09243,ORG_UNRES_W705512157,ORG_UNRES_W705512157_T001,网店经营者,PL_W705512157,0.0,unresolved
P09244,ORG_N2158114974,ORG_N2158114974_T001,HR经理,PL_N2158114974,0.0,verified
P09245,ORG_N417232579,ORG_N417232579_T001,咖啡师,PL_N417232579,0.0,verified
P09246,ORG_N2172196185,ORG_N2172196185_T001,零售店员,PL_N2172196185,0.0,verified
P09247,ORG_UNRES_W307653859,ORG_UNRES_W307653859_T001,高级数据分析师,PL_W307653859,0.0,unresolved
P09248,ORG_UNRES_W1544282801,ORG_UNRES_W1544282801_T001,销售代表,PL_W1544282801,0.0,unresolved
P09249,ORG_W32773278,ORG_W32773278_T001,采购经理,PL_W32773278,0.0,verified
P09250,ORG_N5184936110,ORG_N5184936110_T001,咖啡师,PL_N5184936110,0.0,verified
P09251,ORG_UNRES_W663828997,ORG_UNRES_W663828997_T001,高级运营专员,PL_W663828997,0.0,unresolved
P09252,ORG_UNRES_W662143014,ORG_UNRES_W662143014_T001,翻译,PL_W662143014,0.0,unresolved
P09253,ORG_UNRES_W672669537,ORG_UNRES_W672669537_T001,财务专员,PL_W672669537,0.0,unresolved
P09254,ORG_N803168349,ORG_N803168349_T001,HR经理,PL_W598637693,36.4,medium
P09255,ORG_N491599552,ORG_N491599552_T001,高级数据分析师,PL_W90306466,59.3,medium
P09256,ORG_W436018569,ORG_W436018569_T001,HR经理,PL_W436018569,0.0,verified
P09257,ORG_UNRES_W662785800,ORG_UNRES_W662785800_T001,私教,PL_W662785800,0.0,unresolved
P09258,ORG_W31443988,ORG_W31443988_T001,高级数据分析师,PL_W31443988,0.0,verified
P09259,ORG_N13146191204,ORG_N13146191204_T001,自媒体从业者,PL_N13146191204,0.0,verified
P09260,ORG_UNRES_W34551235,ORG_UNRES_W34551235_T001,建筑工人,PL_W34551235,0.0,unresolved
P09261,ORG_N7528906433,ORG_N7528906433_T001,零售店员,PL_N7528906433,0.0,verified
P09262,ORG_N13946404588,ORG_N13946404588_T001,硕士研究生,PL_N13946404588,0.0,verified
P09263,ORG_W61759776,ORG_W61759776_T003,本科生,PL_W61759776,0.0,verified
P09264,ORG_UNRES_W661471612,ORG_UNRES_W661471612_T001,汽车技师,PL_W661471612,0.0,unresolved
P09265,ORG_W33590548,ORG_W33590548_T001,收银员,PL_W33590548,0.0,verified
P09266,ORG_UNRES_W659549173,ORG_UNRES_W659549173_T001,自由设计师,PL_W659549173,0.0,unresolved
P09267,ORG_W55461564,ORG_W55461564_T001,厨师,PL_W55461564,0.0,verified
P09268,ORG_W285055427,ORG_W285055427_T001,高级项目经理,PL_W659321729,40.4,medium
P09269,ORG_W122205423,ORG_W122205423_T002,行政专员,PL_W122205414,60.6,medium
P09270,ORG_W56433525,ORG_W56433525_T001,酒店前台,PL_W56433525,0.0,verified
P09271,ORG_N6341456288,ORG_N6341456288_T001,数据分析师,PL_W659320544,25.4,medium
P09272,ORG_UNRES_W301562732,ORG_UNRES_W301562732_T001,会计,PL_W301562732,0.0,unresolved
P09273,ORG_W61759776,ORG_W61759776_T001,硕士研究生,PL_W61759776,0.0,verified
P09274,ORG_N11084666292,ORG_N11084666292_T001,高级数据分析师,PL_W657696641,90.0,medium
P09275,ORG_W52321704,ORG_W52321704_T001,收银员,PL_W52321704,0.0,verified
P09276,ORG_UNRES_W661810016,ORG_UNRES_W661810016_T001,电工,PL_W661810016,0.0,unresolved
P09277,ORG_N10969431955,ORG_N10969431955_T001,采购专员,PL_N10969431955,0.0,verified
P09278,ORG_N6592650714,ORG_N6592650714_T001,财务专员,PL_N6592650714,0.0,verified
P09279,ORG_N372478475,ORG_N372478475_T001,客服,PL_N372478475,0.0,verified
P09280,ORG_N9071191071,ORG_N9071191071_T001,本科生,PL_N9071191071,0.0,verified
P09281,ORG_W27767631,ORG_W27767631_T001,项目经理,PL_W27767631,0.0,verified
P09282,ORG_N13286388056,ORG_N13286388056_T001,客服,PL_N13286388056,0.0,verified
P09283,ORG_UNRES_W470026119,ORG_UNRES_W470026119_T001,采购专员,PL_W470026119,0.0,unresolved
P09284,ORG_UNRES_W43805236,ORG_UNRES_W43805236_T001,独立承包商,PL_W43805236,0.0,unresolved
P09285,ORG_W32742071,ORG_W32742071_T001,客户经理,PL_W32742071,0.0,verified
P09286,ORG_W33297045,ORG_W33297045_T001,零售店员,PL_W33297045,0.0,verified
P09287,ORG_N4337537915,ORG_N4337537915_T001,健身教练,PL_N4337537915,0.0,verified
P09288,ORG_N6711360537,ORG_N6711360537_T001,保安,PL_N6711360537,0.0,verified
P09289,ORG_UNRES_W659733657,ORG_UNRES_W659733657_T001,私教,PL_W659733657,0.0,unresolved
P09290,ORG_UNRES_W660830763,ORG_UNRES_W660830763_T001,HR经理,PL_W660830763,0.0,unresolved
P09291,ORG_N13704267913,ORG_N13704267913_T001,本科生,PL_N13704267913,0.0,verified
P09292,ORG_N6371361179,ORG_N6371361179_T001,咖啡师,PL_N6371361179,0.0,verified
P09293,ORG_W23447393,ORG_W23447393_T001,本科生,PL_W23447393,0.0,verified
P09294,ORG_UNRES_W218951091,ORG_UNRES_W218951091_T001,运营专员,PL_W218951091,0.0,unresolved
P09295,ORG_UNRES_W136806476,ORG_UNRES_W136806476_T001,焊工,PL_W136806476,0.0,unresolved
P09296,ORG_W115222390,ORG_W115222390_T001,项目经理,PL_W115222390,0.0,verified
P09297,ORG_W166769242,ORG_W166769242_T001,收银员,PL_W166769242,0.0,verified
P09298,ORG_UNRES_W659731250,ORG_UNRES_W659731250_T001,自媒体从业者,PL_W659731250,0.0,unresolved
P09299,ORG_W33561118,ORG_W33561118_T001,酒店前台,PL_W33561118,0.0,verified
P09300,ORG_W663835169,ORG_W663835169_T001,焊工,PL_W663835169,0.0,verified
P09301,ORG_N5709566322,ORG_N5709566322_T001,客服,PL_N5709566322,0.0,verified
P09302,ORG_UNRES_W366899310,ORG_UNRES_W366899310_T001,电工,PL_W366899310,0.0,unresolved
P09303,ORG_W25491342,ORG_W25491342_T001,厨师,PL_W25491342,0.0,verified
P09304,ORG_N6348433236,ORG_N6348433236_T001,保安,PL_N6348433236,0.0,verified
P09305,ORG_N7534138909,ORG_N7534138909_T001,销售代表,PL_W662150097,25.7,medium
P09306,ORG_W659460157,ORG_W659460157_T001,产品经理,PL_W659460157,0.0,verified
P09307,ORG_N3440216089,ORG_N3440216089_T001,项目经理,PL_W55029513,25.5,medium
P09308,ORG_N6345010749,ORG_N6345010749_T001,独立程序员,PL_N6345010749,0.0,verified
P09309,ORG_N12512419051,ORG_N12512419051_T001,客户经理,PL_N12512419051,0.0,verified
P09310,ORG_UNRES_W32506907,ORG_UNRES_W32506907_T001,搬运工,PL_W32506907,0.0,unresolved
P09311,ORG_W23447424,ORG_W23447424_T001,本科生,PL_W23447424,0.0,verified
P09312,ORG_N8616809939,ORG_N8616809939_T001,财务主管,PL_N8616809939,0.0,verified
P09313,ORG_UNRES_W662099940,ORG_UNRES_W662099940_T001,高级产品经理,PL_W662099940,0.0,unresolved
P09314,ORG_W34582240,ORG_W34582240_T001,技术经理,PL_W34582240,0.0,verified
P09315,ORG_W659094218,ORG_W659094218_T001,高级运营专员,PL_W672669534,71.8,medium
P09316,ORG_N6343121987,ORG_N6343121987_T001,高级数据分析师,PL_N6343121987,0.0,verified
P09317,ORG_W443994557,ORG_W443994557_T001,客户经理,PL_W670995136,82.7,medium
P09318,ORG_N6616076708,ORG_N6616076708_T001,房产经纪,PL_N6616076708,0.0,verified
P09319,ORG_N4630113392,ORG_N4630113392_T001,房产经纪,PL_N4630113392,0.0,verified
P09320,ORG_W459682943,ORG_W459682943_T001,设备操作员,PL_W669794337,92.4,medium
P09321,ORG_N7195302656,ORG_N7195302656_T001,客服,PL_N7195302656,0.0,verified
P09322,ORG_N9559247100,ORG_N9559247100_T001,客户专员,PL_W1226625102,6.6,high
P09323,ORG_W77485421,ORG_W77485421_T001,高级数据分析师,PL_W77485421,0.0,verified
P09324,ORG_UNRES_W34720509,ORG_UNRES_W34720509_T001,配送员,PL_W34720509,0.0,unresolved
P09325,ORG_UNRES_N13830135301,ORG_UNRES_N13830135301_T001,私教,PL_N13830135301,0.0,unresolved
P09326,ORG_W27767625,ORG_W27767625_T001,HR经理,PL_W151519194,35.7,medium
P09327,ORG_UNRES_W796589932,ORG_UNRES_W796589932_T001,高级产品经理,PL_W796589932,0.0,unresolved
P09328,ORG_UNRES_W229483866,ORG_UNRES_W229483866_T001,自由销售,PL_W229483866,0.0,unresolved
P09329,ORG_N13863858425,ORG_N13863858425_T001,收银员,PL_N13863858425,0.0,verified
P09330,ORG_UNRES_W659732755,ORG_UNRES_W659732755_T001,自由设计师,PL_W659732755,0.0,unresolved
P09331,ORG_N12830420847,ORG_N12830420847_T001,咖啡师,PL_N12830420847,0.0,verified
P09332,ORG_W34204544,ORG_W34204544_T001,建筑工人,PL_W142993846,66.2,medium
P09333,ORG_UNRES_W321072041,ORG_UNRES_W321072041_T001,采购专员,PL_W321072041,0.0,unresolved
P09334,ORG_W33849166,ORG_W33849166_T001,自媒体从业者,PL_W33849166,0.0,verified
P09335,ORG_N7236041819,ORG_N7236041819_T001,博士研究生,PL_N7236041819,0.0,verified
P09336,ORG_W661812361,ORG_W661812361_T001,私教,PL_W661812361,0.0,verified
P09337,ORG_W23447393,ORG_W23447393_T001,硕士研究生,PL_W23447393,0.0,verified
P09338,ORG_W943701267,ORG_W943701267_T001,运营专员,PL_W943701267,0.0,verified
P09339,ORG_N14000002801,ORG_N14000002801_T001,厨师,PL_N14000002801,0.0,verified
P09340,ORG_N6547194182,ORG_N6547194182_T001,美容师,PL_N6547194182,0.0,verified
P09341,ORG_W61014137,ORG_W61014137_T002,厨师,PL_W61014137,0.0,verified
P09342,ORG_N4922135758,ORG_N4922135758_T001,保安,PL_N4922135758,0.0,verified
P09343,ORG_UNRES_W704227245,ORG_UNRES_W704227245_T001,配送员,PL_W704227245,0.0,unresolved
P09344,ORG_W122205423,ORG_W122205423_T002,数据分析师,PL_W122205414,60.6,medium
P09345,ORG_N8590229305,ORG_N8590229305_T001,采购经理,PL_W25795149,25.9,medium
P09346,ORG_N3007175447,ORG_N3007175447_T001,高级软件工程师,PL_W953878382,48.2,medium
P09347,ORG_W232951140,ORG_W232951140_T001,厨师,PL_W232951140,0.0,verified
P09348,ORG_N4347553469,ORG_N4347553469_T001,HR经理,PL_W309456431,7.6,high
P09349,ORG_UNRES_W32819957,ORG_UNRES_W32819957_T001,自媒体从业者,PL_W32819957,0.0,unresolved
P09350,ORG_N2790415032,ORG_N2790415032_T001,数据分析师,PL_W32326392,67.0,medium
P09351,ORG_UNRES_W93811566,ORG_UNRES_W93811566_T001,安装工,PL_W93811566,0.0,unresolved
P09352,ORG_N4632642722,ORG_N4632642722_T001,会计,PL_W32773281,6.2,high
P09353,ORG_UNRES_W662149704,ORG_UNRES_W662149704_T001,销售经理,PL_W662149704,0.0,unresolved
P09354,ORG_W61698844,ORG_W61698844_T001,财务专员,PL_W314652547,20.8,high
P09355,ORG_N4096059700,ORG_N4096059700_T001,销售代表,PL_N4096059700,0.0,verified
P09356,ORG_W23447424,ORG_W23447424_T001,本科生,PL_W23447424,0.0,verified
P09357,ORG_UNRES_W660807044,ORG_UNRES_W660807044_T001,高级数据分析师,PL_W660807044,0.0,unresolved
P09358,ORG_N3460769256,ORG_N3460769256_T001,销售经理,PL_N3460769256,0.0,verified
P09359,ORG_N9139819377,ORG_N9139819377_T001,博士研究生,PL_N9139819377,0.0,verified
P09360,ORG_W35491449,ORG_W35491449_T001,高级运营专员,PL_W35491449,0.0,verified
P09361,ORG_UNRES_W669862621,ORG_UNRES_W669862621_T001,销售代表,PL_W669862621,0.0,unresolved
P09362,ORG_W34544226,ORG_W34544226_T001,酒店服务人员,PL_W34544226,0.0,verified
P09363,ORG_N9910597520,ORG_N9910597520_T001,HR经理,PL_W32572988,14.8,high
P09364,ORG_N11115201179,ORG_N11115201179_T001,本科生,PL_N11115201179,0.0,verified
P09365,ORG_W32024795,ORG_W32024795_T001,高级数据分析师,PL_W32024795,0.0,verified
P09366,ORG_UNRES_W336433622,ORG_UNRES_W336433622_T001,采购专员,PL_W336433622,0.0,unresolved
P09367,ORG_N11281293717,ORG_N11281293717_T001,硕士研究生,PL_N11281293717,0.0,verified
P09368,ORG_N6353245394,ORG_N6353245394_T001,餐厅服务员,PL_N6353245394,0.0,verified
P09369,ORG_N5508784624,ORG_N5508784624_T001,理发师,PL_N5508784624,0.0,verified
P09370,ORG_N6565391652,ORG_N6565391652_T001,HR经理,PL_W660832883,50.8,medium
P09371,ORG_N14032303202,ORG_N14032303202_T001,餐厅服务员,PL_N14032303202,0.0,verified
P09372,ORG_W658962780,ORG_W658962780_T001,客户专员,PL_W658962779,9.8,high
P09373,ORG_UNRES_W661841424,ORG_UNRES_W661841424_T001,自媒体从业者,PL_W661841424,0.0,unresolved
P09374,ORG_N9176691555,ORG_N9176691555_T001,咖啡师,PL_N9176691555,0.0,verified
P09375,ORG_W137923156,ORG_W137923156_T001,数据分析师,PL_W137923156,0.0,verified
P09376,ORG_N11934007782,ORG_N11934007782_T001,销售经理,PL_N11934007782,0.0,verified
P09377,ORG_W660836273,ORG_W660836273_T001,安装工,PL_W660836273,0.0,verified
P09378,ORG_W142432175,ORG_W142432175_T001,会计,PL_W142432175,0.0,verified
P09379,ORG_W59250684,ORG_W59250684_T001,咖啡师,PL_W59250684,0.0,verified
P09380,ORG_N10067799843,ORG_N10067799843_T001,健身教练,PL_N10067799843,0.0,verified
P09381,ORG_N9543549817,ORG_N9543549817_T001,房产经纪,PL_N9543549817,0.0,verified
P09382,ORG_N9556210405,ORG_N9556210405_T001,健身教练,PL_N9556210405,0.0,verified
P09383,ORG_N6310887984,ORG_N6310887984_T001,咖啡师,PL_N6310887984,0.0,verified
P09384,ORG_N6491077949,ORG_N6491077949_T001,高级软件工程师,PL_N6491077949,0.0,verified
P09385,ORG_UNRES_W79672213,ORG_UNRES_W79672213_T001,卡车司机,PL_W79672213,0.0,unresolved
P09386,ORG_N13233615663,ORG_N13233615663_T001,财务专员,PL_N13233615663,0.0,verified
P09387,ORG_UNRES_W43806794,ORG_UNRES_W43806794_T001,仓库操作员,PL_W43806794,0.0,unresolved
P09388,ORG_UNRES_W801933938,ORG_UNRES_W801933938_T001,仓库操作员,PL_W801933938,0.0,unresolved
P09389,ORG_N12227869359,ORG_N12227869359_T001,销售经理,PL_N12227869359,0.0,verified
P09390,ORG_UNRES_W34720556,ORG_UNRES_W34720556_T001,搬运工,PL_W34720556,0.0,unresolved
P09391,ORG_W61759777,ORG_W61759777_T001,采购专员,PL_W60304156,49.9,medium
P09392,ORG_W62058577,ORG_W62058577_T001,采购经理,PL_W62058577,0.0,verified
P09393,ORG_N1123710278,ORG_N1123710278_T001,私教,PL_N1123710278,0.0,verified
P09394,ORG_N7857193347,ORG_N7857193347_T001,高级数据分析师,PL_N7857193347,0.0,verified
P09395,ORG_N6423958627,ORG_N6423958627_T001,财务专员,PL_W225518788,35.0,medium
P09396,ORG_UNRES_W704230283,ORG_UNRES_W704230283_T001,运营专员,PL_W704230283,0.0,unresolved
P09397,ORG_UNRES_W659448517,ORG_UNRES_W659448517_T001,咨询顾问,PL_W659448517,0.0,unresolved
P09398,ORG_UNRES_W661777799,ORG_UNRES_W661777799_T001,自由销售,PL_W661777799,0.0,unresolved
P09399,ORG_UNRES_W34571542,ORG_UNRES_W34571542_T001,建筑工人,PL_W34571542,0.0,unresolved
P09400,ORG_UNRES_W1395567663,ORG_UNRES_W1395567663_T001,翻译,PL_W1395567663,0.0,unresolved
P09401,ORG_N2856305706,ORG_N2856305706_T001,行政专员,PL_W677477573,52.5,medium
P09402,ORG_W150506087,ORG_W150506087_T001,酒店服务人员,PL_W150506087,0.0,verified
P09403,ORG_W805394932,ORG_W805394932_T001,采购专员,PL_W796655119,71.9,medium
P09404,ORG_UNRES_W678430195,ORG_UNRES_W678430195_T001,快递员,PL_W678430195,0.0,unresolved
P09405,ORG_UNRES_W671011443,ORG_UNRES_W671011443_T001,客户经理,PL_W671011443,0.0,unresolved
P09406,ORG_N12076151013,ORG_N12076151013_T001,保安,PL_N12076151013,0.0,verified
P09407,ORG_W55217850,ORG_W55217850_T001,高级产品经理,PL_W55217850,0.0,verified
P09408,ORG_N8399076159,ORG_N8399076159_T001,HR经理,PL_W613933547,21.7,high
P09409,ORG_W34614474,ORG_W34614474_T001,设计师,PL_W34614474,0.0,verified
P09410,ORG_UNRES_W661824651,ORG_UNRES_W661824651_T001,自由销售,PL_W661824651,0.0,unresolved
P09411,ORG_UNRES_W659454418,ORG_UNRES_W659454418_T001,翻译,PL_W659454418,0.0,unresolved
P09412,ORG_UNRES_W55463168,ORG_UNRES_W55463168_T001,设备操作员,PL_W55463168,0.0,unresolved
P09413,ORG_W34121572,ORG_W34121572_T001,采购经理,PL_W34121572,0.0,verified
P09414,ORG_N13028429345,ORG_N13028429345_T001,收银员,PL_N13028429345,0.0,verified
P09415,ORG_UNRES_W795967111,ORG_UNRES_W795967111_T001,快递员,PL_W795967111,0.0,unresolved
P09416,ORG_W44076451,ORG_W44076451_T001,酒店前台,PL_W44076451,0.0,verified
P09417,ORG_N7596808407,ORG_N7596808407_T001,咖啡师,PL_N7596808407,0.0,verified
P09418,ORG_N13198875167,ORG_N13198875167_T001,保安,PL_N13198875167,0.0,verified
P09419,ORG_N13255170095,ORG_N13255170095_T001,设计师,PL_W796686970,37.5,medium
P09420,ORG_W27767636,ORG_W27767636_T001,数据分析师,PL_W27767636,0.0,verified
P09421,ORG_N6545677408,ORG_N6545677408_T001,高级数据分析师,PL_N6545677408,0.0,verified
P09422,ORG_W943701267,ORG_W943701267_T001,高级数据分析师,PL_W943701267,0.0,verified
P09423,ORG_N6545586950,ORG_N6545586950_T001,餐厅服务员,PL_N6545586950,0.0,verified
P09424,ORG_N3718659621,ORG_N3718659621_T001,客服,PL_N3718659621,0.0,verified
P09425,ORG_N8908065527,ORG_N8908065527_T001,零售店员,PL_N8908065527,0.0,verified
P09426,ORG_N9543477504,ORG_N9543477504_T001,项目经理,PL_N9543477504,0.0,verified
P09427,ORG_W662763596,ORG_W662763596_T001,理发师,PL_W662763596,0.0,verified
P09428,ORG_N3362088818,ORG_N3362088818_T001,财务主管,PL_N3362088818,0.0,verified
P09429,ORG_UNRES_W103621081,ORG_UNRES_W103621081_T001,维修技师,PL_W103621081,0.0,unresolved
P09430,ORG_N12792004213,ORG_N12792004213_T001,销售经理,PL_W279007798,15.8,high
P09431,ORG_W32357841,ORG_W32357841_T001,搬运工,PL_W32357826,79.1,medium
P09432,ORG_N3931317558,ORG_N3931317558_T001,高级项目经理,PL_N3931317558,0.0,verified
P09433,ORG_UNRES_W32946409,ORG_UNRES_W32946409_T001,配送员,PL_W32946409,0.0,unresolved
P09434,ORG_W41949957,ORG_W41949957_T001,行政专员,PL_W41949957,0.0,verified
P09435,ORG_N7559869376,ORG_N7559869376_T001,餐厅服务员,PL_N7559869376,0.0,verified
P09436,ORG_UNRES_W34670575,ORG_UNRES_W34670575_T001,仓库操作员,PL_W34670575,0.0,unresolved
P09437,ORG_UNRES_W705109226,ORG_UNRES_W705109226_T001,客户经理,PL_W705109226,0.0,unresolved
P09438,ORG_N2704939079,ORG_N2704939079_T001,销售经理,PL_W33527943,4.3,high
P09439,ORG_UNRES_W657978775,ORG_UNRES_W657978775_T001,建筑工人,PL_W657978775,0.0,unresolved
P09440,ORG_W367536575,ORG_W367536575_T002,酒店服务人员,PL_W367536575,0.0,verified
P09441,ORG_UNRES_W236938463,ORG_UNRES_W236938463_T001,客户经理,PL_W236938463,0.0,unresolved
P09442,ORG_W659321750,ORG_W659321750_T001,高级数据分析师,PL_W659321748,30.2,medium
P09443,ORG_UNRES_W1033381071,ORG_UNRES_W1033381071_T001,自由设计师,PL_W1033381071,0.0,unresolved
P09444,ORG_W804454883,ORG_W804454883_T001,行政专员,PL_W60609247,95.8,medium
P09445,ORG_UNRES_W662175325,ORG_UNRES_W662175325_T001,自媒体从业者,PL_W662175325,0.0,unresolved
P09446,ORG_N2525734643,ORG_N2525734643_T001,财务主管,PL_W89636165,77.2,medium
P09447,ORG_N4414956897,ORG_N4414956897_T001,行政专员,PL_W659322533,99.5,medium
P09448,ORG_UNRES_W705011692,ORG_UNRES_W705011692_T001,网店经营者,PL_W705011692,0.0,unresolved
P09449,ORG_W55896876,ORG_W55896876_T002,酒店前台,PL_W55896876,0.0,verified
P09450,ORG_UNRES_W396817758,ORG_UNRES_W396817758_T001,卡车司机,PL_W396817758,0.0,unresolved
P09451,ORG_N1762212797,ORG_N1762212797_T001,客户经理,PL_N1762212797,0.0,verified
P09452,ORG_W184344340,ORG_W184344340_T001,酒店服务人员,PL_W184344340,0.0,verified
P09453,ORG_UNRES_W160173308,ORG_UNRES_W160173308_T001,销售代表,PL_W160173308,0.0,unresolved
P09454,ORG_W26950551,ORG_W26950551_T001,房产经纪,PL_W26950551,0.0,verified
P09455,ORG_W113804494,ORG_W113804494_T001,维修技师,PL_W1316550314,57.3,medium
P09456,ORG_N10537982829,ORG_N10537982829_T002,自媒体从业者,PL_W31451792,40.9,medium
P09457,ORG_N6373324125,ORG_N6373324125_T001,采购专员,PL_N6373324125,0.0,verified
P09458,ORG_N3783481869,ORG_N3783481869_T001,采购专员,PL_N3783481869,0.0,verified
P09459,ORG_UNRES_W660806856,ORG_UNRES_W660806856_T001,销售经理,PL_W660806856,0.0,unresolved
P09460,ORG_N13263120467,ORG_N13263120467_T001,客户经理,PL_N13263120467,0.0,verified
P09461,ORG_W220190025,ORG_W220190025_T001,硕士研究生,PL_W220190025,0.0,verified
P09462,ORG_W125308706,ORG_W125308706_T001,高级运营专员,PL_W125308705,16.8,high
P09463,ORG_W112758549,ORG_W112758549_T001,维修技师,PL_W112758549,0.0,verified
P09464,ORG_N11411061715,ORG_N11411061715_T001,自媒体从业者,PL_W663829646,40.8,medium
P09465,ORG_UNRES_W59244455,ORG_UNRES_W59244455_T001,仓库操作员,PL_W59244455,0.0,unresolved
P09466,ORG_N11914165036,ORG_N11914165036_T001,客服,PL_N11914165036,0.0,verified
P09467,ORG_W34880274,ORG_W34880274_T001,保安,PL_W34880274,0.0,verified
P09468,ORG_UNRES_W705170964,ORG_UNRES_W705170964_T001,HR经理,PL_W705170964,0.0,unresolved
P09469,ORG_N6584764661,ORG_N6584764661_T001,咖啡师,PL_N6584764661,0.0,verified
P09470,ORG_UNRES_W663051716,ORG_UNRES_W663051716_T001,独立程序员,PL_W663051716,0.0,unresolved
P09471,ORG_UNRES_W783619896,ORG_UNRES_W783619896_T001,安装工,PL_W783619896,0.0,unresolved
P09472,ORG_UNRES_W662776015,ORG_UNRES_W662776015_T001,自媒体从业者,PL_W662776015,0.0,unresolved
P09473,ORG_W141693739,ORG_W141693739_T001,运营经理,PL_W141693739,0.0,verified
P09474,ORG_N4643369998,ORG_N4643369998_T001,客服,PL_N4643369998,0.0,verified
P09475,ORG_N3524674542,ORG_N3524674542_T001,销售代表,PL_N3524674542,0.0,verified
P09476,ORG_UNRES_W662213147,ORG_UNRES_W662213147_T001,销售代表,PL_W662213147,0.0,unresolved
P09477,ORG_N12537548075,ORG_N12537548075_T001,硕士研究生,PL_N12537548075,0.0,verified
P09478,ORG_W36921201,ORG_W36921201_T001,独立程序员,PL_W36921201,0.0,verified
P09479,ORG_UNRES_W676569734,ORG_UNRES_W676569734_T001,部门经理,PL_W676569734,0.0,unresolved
P09480,ORG_UNRES_W34582302,ORG_UNRES_W34582302_T001,高级产品经理,PL_W34582302,0.0,unresolved
P09481,ORG_W61759776,ORG_W61759776_T002,硕士研究生,PL_W61759776,0.0,verified
P09482,ORG_N4529343063,ORG_N4529343063_T001,HR经理,PL_N4529343063,0.0,verified
P09483,ORG_UNRES_W671011435,ORG_UNRES_W671011435_T001,搬运工,PL_W671011435,0.0,unresolved
P09484,ORG_UNRES_W662144715,ORG_UNRES_W662144715_T001,自由设计师,PL_W662144715,0.0,unresolved
P09485,ORG_UNRES_W31754597,ORG_UNRES_W31754597_T001,咨询顾问,PL_W31754597,0.0,unresolved
P09486,ORG_W389992206,ORG_W389992206_T001,电工,PL_W389992206,0.0,verified
P09487,ORG_W179297875,ORG_W179297875_T001,客服,PL_W179297875,0.0,verified
P09488,ORG_N1561892696,ORG_N1561892696_T001,保安,PL_N2674076492,13.2,high
P09489,ORG_W32773278,ORG_W32773278_T001,高级软件工程师,PL_W32773278,0.0,verified
P09490,ORG_N6396669977,ORG_N6396669977_T001,客户专员,PL_W180683153,70.1,medium
P09491,ORG_UNRES_W699149381,ORG_UNRES_W699149381_T001,行政专员,PL_W699149381,0.0,unresolved
P09492,ORG_UNRES_W136796593,ORG_UNRES_W136796593_T001,维修技师,PL_W136796593,0.0,unresolved
P09493,ORG_W796670791,ORG_W796670791_T001,客户专员,PL_W796670791,0.0,verified
P09494,ORG_N13704196555,ORG_N13704196555_T001,美容师,PL_N13704196555,0.0,verified
P09495,ORG_UNRES_W660079794,ORG_UNRES_W660079794_T001,翻译,PL_W660079794,0.0,unresolved
P09496,ORG_W678323985,ORG_W678323985_T001,财务主管,PL_W678323985,0.0,verified
P09497,ORG_UNRES_W34517188,ORG_UNRES_W34517188_T001,建筑工人,PL_W34517188,0.0,unresolved
P09498,ORG_UNRES_W368852939,ORG_UNRES_W368852939_T001,搬运工,PL_W368852939,0.0,unresolved
P09499,ORG_N7835427950,ORG_N7835427950_T001,独立程序员,PL_N7835427950,0.0,verified
P09500,ORG_W1316550311,ORG_W1316550311_T001,销售经理,PL_W1316550309,17.4,high
P09501,ORG_N13889982893,ORG_N13889982893_T001,收银员,PL_N13889982893,0.0,verified
P09502,ORG_UNRES_W659129695,ORG_UNRES_W659129695_T001,配送员,PL_W659129695,0.0,unresolved
P09503,ORG_W32742028,ORG_W32742028_T001,HR经理,PL_W32742028,0.0,verified
P09504,ORG_W1366234349,ORG_W1366234349_T001,运营专员,PL_W105516604,70.8,medium
P09505,ORG_W180193897,ORG_W180193897_T002,区域经理,PL_W180193898,13.7,high
P09506,ORG_W797150068,ORG_W797150068_T002,产品经理,PL_W1377658343,21.3,high
P09507,ORG_N4288217106,ORG_N4288217106_T001,高级运营专员,PL_N4288217106,0.0,verified
P09508,ORG_UNRES_W150215563,ORG_UNRES_W150215563_T001,仓库操作员,PL_W150215563,0.0,unresolved
P09509,ORG_N9762968876,ORG_N9762968876_T001,理发师,PL_N9762968876,0.0,verified
P09510,ORG_UNRES_W706080728,ORG_UNRES_W706080728_T001,快递员,PL_W706080728,0.0,unresolved
P09511,ORG_N14020001312,ORG_N14020001312_T001,高级运营专员,PL_N14020001312,0.0,verified
P09512,ORG_W180193897,ORG_W180193897_T001,客户经理,PL_W180193897,0.0,verified
P09513,ORG_N6358218850,ORG_N6358218850_T001,咖啡师,PL_N6358218850,0.0,verified
P09514,ORG_UNRES_W659239671,ORG_UNRES_W659239671_T001,快递员,PL_W659239671,0.0,unresolved
P09515,ORG_N595495868,ORG_N595495868_T001,咖啡师,PL_N595495868,0.0,verified
P09516,ORG_W1163968779,ORG_W1163968779_T001,自由销售,PL_W1163968779,0.0,verified
P09517,ORG_N13889944378,ORG_N13889944378_T001,高级软件工程师,PL_W663315377,13.2,high
P09518,ORG_W28237433,ORG_W28237433_T001,卡车司机,PL_W1363896967,118.3,medium
P09519,ORG_UNRES_W367037750,ORG_UNRES_W367037750_T001,配送员,PL_W367037750,0.0,unresolved
P09520,ORG_N1883210304,ORG_N1883210304_T001,餐厅服务员,PL_N1883210304,0.0,verified
P09521,ORG_W15396822,ORG_W15396822_T001,本科生,PL_W15396822,0.0,verified
P09522,ORG_W103619601,ORG_W103619601_T001,项目经理,PL_W103619601,0.0,verified
P09523,ORG_W231773826,ORG_W231773826_T001,酒店前台,PL_W231773826,0.0,verified
P09524,ORG_UNRES_W1351704058,ORG_UNRES_W1351704058_T001,项目经理,PL_W1351704058,0.0,unresolved
P09525,ORG_UNRES_W417110909,ORG_UNRES_W417110909_T001,数据分析师,PL_W417110909,0.0,unresolved
P09526,ORG_W80378604,ORG_W80378604_T002,设计师,PL_W34121938,63.8,medium
P09527,ORG_W104943886,ORG_W104943886_T001,行政专员,PL_W104943886,0.0,verified
P09528,ORG_N1367408012,ORG_N1367408012_T001,客户专员,PL_W122481951,5.5,high
P09529,ORG_N4420814201,ORG_N4420814201_T001,收银员,PL_N4420814201,0.0,verified
P09530,ORG_N5424638521,ORG_N5424638521_T001,采购经理,PL_W41950525,2.2,high
P09531,ORG_UNRES_W62363963,ORG_UNRES_W62363963_T001,摄影师,PL_W62363963,0.0,unresolved
P09532,ORG_N5845481854,ORG_N5845481854_T001,运营专员,PL_N5845481854,0.0,verified
P09533,ORG_N6423958627,ORG_N6423958627_T001,运营专员,PL_W225518785,38.3,medium
P09534,ORG_W13405217,ORG_W13405217_T001,项目经理,PL_W13405217,0.0,verified
P09535,ORG_W32773278,ORG_W32773278_T001,产品经理,PL_W32773278,0.0,verified
P09536,ORG_UNRES_W660829967,ORG_UNRES_W660829967_T001,摄影师,PL_W660829967,0.0,unresolved
P09537,ORG_N13446307317,ORG_N13446307317_T001,咨询顾问,PL_N13446307317,0.0,verified
P09538,ORG_N1967215124,ORG_N1967215124_T001,运营经理,PL_W660865172,50.3,medium
P09539,ORG_UNRES_W702587019,ORG_UNRES_W702587019_T001,自由设计师,PL_W702587019,0.0,unresolved
P09540,ORG_W31617605,ORG_W31617605_T001,摄影师,PL_W31617605,0.0,verified
P09541,ORG_W402553502,ORG_W402553502_T001,会计,PL_W402553502,0.0,verified
P09542,ORG_N2132778188,ORG_N2132778188_T001,收银员,PL_N2132778188,0.0,verified
P09543,ORG_W657936270,ORG_W657936270_T001,搬运工,PL_W657936262,24.8,high
P09544,ORG_UNRES_W316749838,ORG_UNRES_W316749838_T001,销售代表,PL_W316749838,0.0,unresolved
P09545,ORG_N4001723544,ORG_N4001723544_T001,数据分析师,PL_N4001723544,0.0,verified
P09546,ORG_UNRES_W437691410,ORG_UNRES_W437691410_T001,采购经理,PL_W437691410,0.0,unresolved
P09547,ORG_UNRES_W58361225,ORG_UNRES_W58361225_T001,卡车司机,PL_W58361225,0.0,unresolved
P09548,ORG_W80378604,ORG_W80378604_T001,采购专员,PL_W80378604,0.0,verified
P09549,ORG_W300884213,ORG_W300884213_T001,HR经理,PL_W300884213,0.0,verified
P09550,ORG_N6294585335,ORG_N6294585335_T001,餐厅服务员,PL_N6294585335,0.0,verified
P09551,ORG_W503049587,ORG_W503049587_T001,高级运营专员,PL_W503049587,0.0,verified
P09552,ORG_W43808518,ORG_W43808518_T001,销售经理,PL_W32556100,90.2,medium
P09553,ORG_UNRES_W704597777,ORG_UNRES_W704597777_T001,维修技师,PL_W704597777,0.0,unresolved
P09554,ORG_N6811531612,ORG_N6811531612_T001,销售经理,PL_N6811531612,0.0,verified
P09555,ORG_UNRES_W34582434,ORG_UNRES_W34582434_T001,数据分析师,PL_W34582434,0.0,unresolved
P09556,ORG_N13971407110,ORG_N13971407110_T001,财务经理,PL_N13971407110,0.0,verified
P09557,ORG_W26950551,ORG_W26950551_T001,采购经理,PL_W26950551,0.0,verified
P09558,ORG_N6545238873,ORG_N6545238873_T001,咖啡师,PL_N6545238873,0.0,verified
P09559,ORG_W239332945,ORG_W239332945_T001,行政专员,PL_W239332945,0.0,verified
P09560,ORG_W61759776,ORG_W61759776_T001,本科生,PL_W61759776,0.0,verified
P09561,ORG_N6548329622,ORG_N6548329622_T001,收银员,PL_N6548329622,0.0,verified
P09562,ORG_N13527051034,ORG_N13527051034_T001,咖啡师,PL_N13527051034,0.0,verified
P09563,ORG_N6561094164,ORG_N6561094164_T001,理发师,PL_N6561094164,0.0,verified
P09564,ORG_N13175505714,ORG_N13175505714_T001,销售代表,PL_W796670844,29.0,medium
P09565,ORG_UNRES_W659729333,ORG_UNRES_W659729333_T001,独立程序员,PL_W659729333,0.0,unresolved
P09566,ORG_W657979264,ORG_W657979264_T001,搬运工,PL_W657979264,0.0,verified
P09567,ORG_W703666033,ORG_W703666033_T001,博士研究生,PL_W703666033,0.0,verified
P09568,ORG_UNRES_W670195332,ORG_UNRES_W670195332_T001,软件工程师,PL_W670195332,0.0,unresolved
P09569,ORG_W367536575,ORG_W367536575_T001,酒店服务人员,PL_W367536575,0.0,verified
P09570,ORG_W23447514,ORG_W23447514_T001,本科生,PL_W23447514,0.0,verified
P09571,ORG_W298176032,ORG_W298176032_T001,项目经理,PL_W298176032,0.0,verified
P09572,ORG_UNRES_W34690112,ORG_UNRES_W34690112_T001,汽车技师,PL_W34690112,0.0,unresolved
P09573,ORG_N14077049219,ORG_N14077049219_T001,酒店服务人员,PL_N14077049219,0.0,verified
P09574,ORG_W121777755,ORG_W121777755_T001,采购专员,PL_W701661719,57.7,medium
P09575,ORG_N6603471786,ORG_N6603471786_T001,收银员,PL_N6603471786,0.0,verified
P09576,ORG_UNRES_W662213146,ORG_UNRES_W662213146_T001,人力资源经理,PL_W662213146,0.0,unresolved
P09577,ORG_W43125814,ORG_W43125814_T001,客户专员,PL_W43125814,0.0,verified
P09578,ORG_UNRES_W56123861,ORG_UNRES_W56123861_T001,搬运工,PL_W56123861,0.0,unresolved
P09579,ORG_W118251594,ORG_W118251594_T001,房产经纪,PL_W118251594,0.0,verified
P09580,ORG_N6355436279,ORG_N6355436279_T001,零售店员,PL_N6355436279,0.0,verified
P09581,ORG_N14067219706,ORG_N14067219706_T001,美容师,PL_N14067219706,0.0,verified
P09582,ORG_UNRES_W659427555,ORG_UNRES_W659427555_T001,会计,PL_W659427555,0.0,unresolved
P09583,ORG_N7255845244,ORG_N7255845244_T001,数据分析师,PL_W301418957,48.0,medium
P09584,ORG_N2725504900,ORG_N2725504900_T001,产品经理,PL_W239607384,49.8,medium
P09585,ORG_N5260039172,ORG_N5260039172_T001,咖啡师,PL_N5260039172,0.0,verified
P09586,ORG_W202972322,ORG_W202972322_T001,高级运营专员,PL_W202972322,0.0,verified
P09587,ORG_W796670791,ORG_W796670791_T001,销售代表,PL_W796670791,0.0,verified
P09588,ORG_N8502485054,ORG_N8502485054_T001,网店经营者,PL_N8502485054,0.0,verified
P09589,ORG_N13908369388,ORG_N13908369388_T001,客户专员,PL_W671599467,19.8,high
P09590,ORG_N12326900682,ORG_N12326900682_T001,咖啡师,PL_N12326900682,0.0,verified
P09591,ORG_N5708791522,ORG_N5708791522_T001,私教,PL_N5708791522,0.0,verified
P09592,ORG_W115222390,ORG_W115222390_T001,客户专员,PL_W115222390,0.0,verified
P09593,ORG_N14052403172,ORG_N14052403172_T001,房产经纪,PL_N14052403172,0.0,verified
P09594,ORG_N13475275819,ORG_N13475275819_T001,保安,PL_N13475275819,0.0,verified
P09595,ORG_W34749688,ORG_W34749688_T001,厨师,PL_W34749688,0.0,verified
P09596,ORG_N11937314147,ORG_N11937314147_T001,人力资源经理,PL_W32326394,33.5,medium
P09597,ORG_W328900136,ORG_W328900136_T001,房产经纪,PL_W328900136,0.0,verified
P09598,ORG_N3509230103,ORG_N3509230103_T001,产品经理,PL_W660358183,38.5,medium
P09599,ORG_N7835399681,ORG_N7835399681_T001,客服,PL_N7835399681,0.0,verified
P09600,ORG_N9543549817,ORG_N9543549817_T001,高级数据分析师,PL_N9543549817,0.0,verified
P09601,ORG_W58727901,ORG_W58727901_T001,自媒体从业者,PL_W58727901,0.0,verified
P09602,ORG_N6352773251,ORG_N6352773251_T001,理发师,PL_N6352773251,0.0,verified
P09603,ORG_UNRES_W43805884,ORG_UNRES_W43805884_T001,卡车司机,PL_W43805884,0.0,unresolved
P09604,ORG_UNRES_W521117202,ORG_UNRES_W521117202_T001,房产经纪,PL_W521117202,0.0,unresolved
P09605,ORG_W663827867,ORG_W663827867_T001,高级软件工程师,PL_W663827869,37.8,medium
P09606,ORG_W32707332,ORG_W32707332_T001,设计师,PL_W32707332,0.0,verified
P09607,ORG_N13659787501,ORG_N13659787501_T001,健身教练,PL_N13659787501,0.0,verified
P09608,ORG_W302361143,ORG_W302361143_T001,高级软件工程师,PL_W302361143,0.0,verified
P09609,ORG_N6521478043,ORG_N6521478043_T001,软件工程师,PL_N12852007839,7.4,high
P09610,ORG_UNRES_W56434752,ORG_UNRES_W56434752_T001,安装工,PL_W56434752,0.0,unresolved
P09611,ORG_N783499436,ORG_N783499436_T001,本科生,PL_N783499436,0.0,verified
P09612,ORG_N6334218978,ORG_N6334218978_T001,销售代表,PL_N6334218978,0.0,verified
P09613,ORG_W62057487,ORG_W62057487_T001,客户专员,PL_W220415494,30.6,medium
P09614,ORG_W804454883,ORG_W804454883_T001,HR经理,PL_W60609247,95.8,medium
P09615,ORG_UNRES_W288357240,ORG_UNRES_W288357240_T001,配送员,PL_W288357240,0.0,unresolved
P09616,ORG_UNRES_W437691410,ORG_UNRES_W437691410_T001,产品经理,PL_W437691410,0.0,unresolved
P09617,ORG_W62057772,ORG_W62057772_T001,产品经理,PL_W62057772,0.0,verified
P09618,ORG_W1502658805,ORG_W1502658805_T001,硕士研究生,PL_W1502658805,0.0,verified
P09619,ORG_N11178365153,ORG_N11178365153_T001,房产经纪,PL_W61698930,42.4,medium
P09620,ORG_W660222492,ORG_W660222492_T001,运营专员,PL_W660222492,0.0,verified
P09621,ORG_W183248449,ORG_W183248449_T001,采购专员,PL_W183248448,19.5,high
P09622,ORG_N2405765141,ORG_N2405765141_T001,收银员,PL_N2405765141,0.0,verified
P09623,ORG_UNRES_W56433531,ORG_UNRES_W56433531_T001,仓库操作员,PL_W56433531,0.0,unresolved
P09624,ORG_UNRES_W31619799,ORG_UNRES_W31619799_T001,独立程序员,PL_W31619799,0.0,unresolved
P09625,ORG_W35155100,ORG_W35155100_T001,酒店前台,PL_W35155100,0.0,verified
P09626,ORG_N12912579192,ORG_N12912579192_T001,本科生,PL_N12912579192,0.0,verified
P09627,ORG_N2439628503,ORG_N2439628503_T001,采购专员,PL_N2439628503,0.0,verified
P09628,ORG_N13932534615,ORG_N13932534615_T001,本科生,PL_N13932534615,0.0,verified
P09629,ORG_UNRES_W676443514,ORG_UNRES_W676443514_T001,本科生,PL_W676443514,0.0,unresolved
P09630,ORG_N6621643593,ORG_N6621643593_T001,高级软件工程师,PL_W67132147,45.3,medium
P09631,ORG_N12149324799,ORG_N12149324799_T001,财务主管,PL_W32773281,20.5,high
P09632,ORG_W34582257,ORG_W34582257_T001,客户专员,PL_W34582257,0.0,verified
P09633,ORG_UNRES_W1289003183,ORG_UNRES_W1289003183_T001,软件工程师,PL_W1289003183,0.0,unresolved
P09634,ORG_W67138293,ORG_W67138293_T001,数据分析师,PL_W67138293,0.0,verified
P09635,ORG_N9071191071,ORG_N9071191071_T001,硕士研究生,PL_N9071191071,0.0,verified
P09636,ORG_UNRES_W659833291,ORG_UNRES_W659833291_T001,焊工,PL_W659833291,0.0,unresolved
P09637,ORG_W186015896,ORG_W186015896_T001,采购经理,PL_W661778190,38.3,medium
P09638,ORG_UNRES_W136796593,ORG_UNRES_W136796593_T001,设计师,PL_W136796593,0.0,unresolved
P09639,ORG_W80378604,ORG_W80378604_T001,采购专员,PL_W71187338,23.2,high
P09640,ORG_UNRES_W79573492,ORG_UNRES_W79573492_T001,建筑工人,PL_W79573492,0.0,unresolved
P09641,ORG_UNRES_W60428282,ORG_UNRES_W60428282_T001,仓库操作员,PL_W60428282,0.0,unresolved
P09642,ORG_W34582433,ORG_W34582433_T001,房产经纪,PL_W34582433,0.0,verified
P09643,ORG_W455610180,ORG_W455610180_T001,客户经理,PL_W33806242,38.3,medium
P09644,ORG_N474968771,ORG_N474968771_T001,采购经理,PL_N474968771,0.0,verified
P09645,ORG_W1502658805,ORG_W1502658805_T001,硕士研究生,PL_W1502658805,0.0,verified
P09646,ORG_N10032338694,ORG_N10032338694_T001,餐厅服务员,PL_N10032338694,0.0,verified
P09647,ORG_W35893795,ORG_W35893795_T001,酒店服务人员,PL_W35893795,0.0,verified
P09648,ORG_N12955167464,ORG_N12955167464_T001,高级软件工程师,PL_W1149717350,31.9,medium
P09649,ORG_W335514691,ORG_W335514691_T001,汽车技师,PL_W79577678,38.3,medium
P09650,ORG_UNRES_W34517274,ORG_UNRES_W34517274_T001,设备操作员,PL_W34517274,0.0,unresolved
P09651,ORG_UNRES_W66979945,ORG_UNRES_W66979945_T001,卡车司机,PL_W66979945,0.0,unresolved
P09652,ORG_N5272755618,ORG_N5272755618_T001,财务经理,PL_N5272755618,0.0,verified
P09653,ORG_UNRES_W658301418,ORG_UNRES_W658301418_T001,项目经理,PL_W658301418,0.0,unresolved
P09654,ORG_N13095333608,ORG_N13095333608_T001,网店经营者,PL_N13095333608,0.0,verified
P09655,ORG_W43809982,ORG_W43809982_T001,HR经理,PL_W43809982,0.0,verified
P09656,ORG_N344545236,ORG_N344545236_T001,理发师,PL_N344545236,0.0,verified
P09657,ORG_N12245054117,ORG_N12245054117_T001,保安,PL_N12245054117,0.0,verified
P09658,ORG_W660836273,ORG_W660836273_T001,HR经理,PL_W660836273,0.0,verified
P09659,ORG_W61429677,ORG_W61429677_T001,酒店前台,PL_W61429677,0.0,verified
P09660,ORG_W33893041,ORG_W33893041_T001,客服,PL_W33893041,0.0,verified
P09661,ORG_W108058907,ORG_W108058907_T001,客户专员,PL_W204498013,42.8,medium
P09662,ORG_W23447424,ORG_W23447424_T001,硕士研究生,PL_W23447424,0.0,verified
P09663,ORG_UNRES_W58796567,ORG_UNRES_W58796567_T001,电工,PL_W58796567,0.0,unresolved
P09664,ORG_N13278821620,ORG_N13278821620_T001,自由销售,PL_N13278821620,0.0,verified
P09665,ORG_N4529456795,ORG_N4529456795_T001,数据分析师,PL_N4529456795,0.0,verified
P09666,ORG_UNRES_W685825632,ORG_UNRES_W685825632_T001,卡车司机,PL_W685825632,0.0,unresolved
P09667,ORG_N12863074541,ORG_N12863074541_T001,人力资源经理,PL_N12863074541,0.0,verified
P09668,ORG_W1268267050,ORG_W1268267050_T001,博士研究生,PL_W1268267050,0.0,verified
P09669,ORG_UNRES_W661205610,ORG_UNRES_W661205610_T001,焊工,PL_W661205610,0.0,unresolved
P09670,ORG_N13261728803,ORG_N13261728803_T001,客服,PL_N13261728803,0.0,verified
P09671,ORG_W389992206,ORG_W389992206_T001,电工,PL_W32162999,82.8,medium
P09672,ORG_N7857193347,ORG_N7857193347_T001,独立程序员,PL_W111082647,9.3,high
P09673,ORG_N6548078860,ORG_N6548078860_T001,客户经理,PL_N6548078860,0.0,verified
P09674,ORG_N12744672436,ORG_N12744672436_T001,餐厅服务员,PL_N12744672436,0.0,verified
P09675,ORG_N6491294177,ORG_N6491294177_T001,产品经理,PL_W336917018,80.1,medium
P09676,ORG_N13921249810,ORG_N13921249810_T001,采购专员,PL_N13921249810,0.0,verified
P09677,ORG_N5706021522,ORG_N5706021522_T001,销售代表,PL_N5706021522,0.0,verified
P09678,ORG_UNRES_W56434877,ORG_UNRES_W56434877_T001,快递员,PL_W56434877,0.0,unresolved
P09679,ORG_N12188376752,ORG_N12188376752_T001,高级数据分析师,PL_N12188376752,0.0,verified
P09680,ORG_W58849187,ORG_W58849187_T001,行政专员,PL_W58849195,58.7,medium
P09681,ORG_UNRES_W660081823,ORG_UNRES_W660081823_T001,客户专员,PL_W660081823,0.0,unresolved
P09682,ORG_W334623329,ORG_W334623329_T001,焊工,PL_W334623329,0.0,verified
P09683,ORG_W32624098,ORG_W32624098_T001,软件工程师,PL_W32624098,0.0,verified
P09684,ORG_N6304072715,ORG_N6304072715_T001,理发师,PL_N6304072715,0.0,verified
P09685,ORG_N3905865029,ORG_N3905865029_T001,独立程序员,PL_N3905865029,0.0,verified
P09686,ORG_UNRES_W704292301,ORG_UNRES_W704292301_T001,仓库操作员,PL_W704292301,0.0,unresolved
P09687,ORG_UNRES_W183247636,ORG_UNRES_W183247636_T001,高级数据分析师,PL_W183247636,0.0,unresolved
P09688,ORG_W635487342,ORG_W635487342_T001,电工,PL_W635487342,0.0,verified
P09689,ORG_N2486924730,ORG_N2486924730_T001,产品经理,PL_W34587722,48.3,medium
P09690,ORG_UNRES_W417133697,ORG_UNRES_W417133697_T001,搬运工,PL_W417133697,0.0,unresolved
P09691,ORG_W182282890,ORG_W182282890_T001,酒店服务人员,PL_W182282890,0.0,verified
P09692,ORG_W220190025,ORG_W220190025_T001,本科生,PL_W220190025,0.0,verified
P09693,ORG_N12076151011,ORG_N12076151011_T001,人力资源经理,PL_W248393746,93.7,medium
P09694,ORG_W1046417334,ORG_W1046417334_T001,配送员,PL_W1046417334,0.0,verified
P09695,ORG_UNRES_W657722110,ORG_UNRES_W657722110_T001,配送员,PL_W657722110,0.0,unresolved
P09696,ORG_N11433310567,ORG_N11433310567_T001,采购专员,PL_N11433310567,0.0,verified
P09697,ORG_W55352233,ORG_W55352233_T001,独立程序员,PL_W55352233,0.0,verified
P09698,ORG_N1141383055,ORG_N1141383055_T001,客服,PL_N1141383055,0.0,verified
P09699,ORG_N10228967985,ORG_N10228967985_T001,房产经纪,PL_N10228967985,0.0,verified
P09700,ORG_UNRES_W797142450,ORG_UNRES_W797142450_T001,房产经纪,PL_W797142450,0.0,unresolved
P09701,ORG_N2159618518,ORG_N2159618518_T001,设计师,PL_W205960481,59.4,medium
P09702,ORG_N13717362830,ORG_N13717362830_T001,独立承包商,PL_N13717362830,0.0,verified
P09703,ORG_N2570624431,ORG_N2570624431_T001,财务专员,PL_W1424015290,34.0,medium
P09704,ORG_N5278931424,ORG_N5278931424_T001,餐厅服务员,PL_N5278931424,0.0,verified
P09705,ORG_W60304653,ORG_W60304653_T001,本科生,PL_W60304653,0.0,verified
P09706,ORG_N5706236065,ORG_N5706236065_T001,采购经理,PL_W599480360,41.6,medium
P09707,ORG_N13286388056,ORG_N13286388056_T001,收银员,PL_N13286388056,0.0,verified
P09708,ORG_W902835182,ORG_W902835182_T001,餐厅服务员,PL_W902835182,0.0,verified
P09709,ORG_N417231086,ORG_N417231086_T001,设计师,PL_W419548457,17.3,high
P09710,ORG_W202972322,ORG_W202972322_T001,高级软件工程师,PL_W202972322,0.0,verified
P09711,ORG_N12912579192,ORG_N12912579192_T001,硕士研究生,PL_N12912579192,0.0,verified
P09712,ORG_UNRES_W796666546,ORG_UNRES_W796666546_T001,高级运营专员,PL_W796666546,0.0,unresolved
P09713,ORG_UNRES_W31451201,ORG_UNRES_W31451201_T001,自由销售,PL_W31451201,0.0,unresolved
P09714,ORG_N1172146388,ORG_N1172146388_T001,健身教练,PL_N1172146388,0.0,verified
P09715,ORG_N3149860684,ORG_N3149860684_T001,产品经理,PL_N3149860684,0.0,verified
P09716,ORG_UNRES_W657936025,ORG_UNRES_W657936025_T001,电工,PL_W657936025,0.0,unresolved
P09717,ORG_W775640504,ORG_W775640504_T001,硕士研究生,PL_W775640504,0.0,verified
P09718,ORG_W69966012,ORG_W69966012_T001,高级数据分析师,PL_W69966012,0.0,verified
P09719,ORG_W335055419,ORG_W335055419_T001,高级项目经理,PL_W335055419,0.0,verified
P09720,ORG_W241020327,ORG_W241020327_T002,酒店服务人员,PL_W241020327,0.0,verified
P09721,ORG_W122204304,ORG_W122204304_T001,销售经理,PL_W122204304,0.0,verified
P09722,ORG_UNRES_W704229387,ORG_UNRES_W704229387_T001,私教,PL_W704229387,0.0,unresolved
P09723,ORG_N14052363268,ORG_N14052363268_T001,HR经理,PL_N14052363268,0.0,verified
P09724,ORG_W192359943,ORG_W192359943_T001,电工,PL_W192359943,0.0,verified
P09725,ORG_UNRES_W36921200,ORG_UNRES_W36921200_T001,翻译,PL_W36921200,0.0,unresolved
P09726,ORG_UNRES_W31619933,ORG_UNRES_W31619933_T001,客户经理,PL_W31619933,0.0,unresolved
P09727,ORG_UNRES_W34414661,ORG_UNRES_W34414661_T001,设备操作员,PL_W34414661,0.0,unresolved
P09728,ORG_W239012937,ORG_W239012937_T001,独立程序员,PL_W239012937,0.0,verified
P09729,ORG_N6184565140,ORG_N6184565140_T001,咖啡师,PL_N6184565140,0.0,verified
P09730,ORG_W122205423,ORG_W122205423_T002,高级运营专员,PL_W122205423,0.0,verified
P09731,ORG_N12913211985,ORG_N12913211985_T001,销售代表,PL_N12913211985,0.0,verified
P09732,ORG_N13704267913,ORG_N13704267913_T001,硕士研究生,PL_N13704267913,0.0,verified
P09733,ORG_W143654375,ORG_W143654375_T001,翻译,PL_W143654375,0.0,verified
P09734,ORG_W28256551,ORG_W28256551_T001,私教,PL_W28256551,0.0,verified
P09735,ORG_W659549418,ORG_W659549418_T001,收银员,PL_W659549418,0.0,verified
P09736,ORG_UNRES_W704997216,ORG_UNRES_W704997216_T001,设计师,PL_W704997216,0.0,unresolved
P09737,ORG_N5154126000,ORG_N5154126000_T001,理发师,PL_N5154126000,0.0,verified
P09738,ORG_UNRES_W659605618,ORG_UNRES_W659605618_T001,汽车技师,PL_W659605618,0.0,unresolved
P09739,ORG_UNRES_W1344472021,ORG_UNRES_W1344472021_T001,房产经纪,PL_W1344472021,0.0,unresolved
P09740,ORG_W174674523,ORG_W174674523_T001,数据分析师,PL_W244594968,30.9,medium
P09741,ORG_W146419070,ORG_W146419070_T001,客服,PL_W146419070,0.0,verified
P09742,ORG_W247147345,ORG_W247147345_T001,酒店服务人员,PL_W247147345,0.0,verified
P09743,ORG_W661950823,ORG_W661950823_T001,客户经理,PL_W661950826,38.6,medium
P09744,ORG_W55031045,ORG_W55031045_T001,保安,PL_W55031045,0.0,verified
P09745,ORG_W44076453,ORG_W44076453_T001,客户经理,PL_W44076453,0.0,verified
P09746,ORG_UNRES_W457749629,ORG_UNRES_W457749629_T001,私教,PL_W457749629,0.0,unresolved
P09747,ORG_W43806453,ORG_W43806453_T001,收银员,PL_W43806453,0.0,verified
P09748,ORG_N4559352907,ORG_N4559352907_T001,餐厅服务员,PL_N4559352907,0.0,verified
P09749,ORG_N1387849976,ORG_N1387849976_T001,餐厅服务员,PL_N1387849976,0.0,verified
P09750,ORG_UNRES_W705132820,ORG_UNRES_W705132820_T001,财务主管,PL_W705132820,0.0,unresolved
P09751,ORG_W285055427,ORG_W285055427_T001,高级运营专员,PL_W671097334,41.3,medium
P09752,ORG_UNRES_W661250118,ORG_UNRES_W661250118_T001,设备操作员,PL_W661250118,0.0,unresolved
P09753,ORG_W163716331,ORG_W163716331_T001,产品经理,PL_W66969840,57.4,medium
P09754,ORG_N3925813284,ORG_N3925813284_T001,本科生,PL_N3925813284,0.0,verified
P09755,ORG_UNRES_W333520136,ORG_UNRES_W333520136_T001,销售代表,PL_W333520136,0.0,unresolved
P09756,ORG_N12149933050,ORG_N12149933050_T001,高级项目经理,PL_W1004706297,14.5,high
P09757,ORG_N2332330690,ORG_N2332330690_T001,本科生,PL_N2332330690,0.0,verified
P09758,ORG_W70510674,ORG_W70510674_T001,设计师,PL_W70510674,0.0,verified
P09759,ORG_N13263120467,ORG_N13263120467_T001,客户专员,PL_N13263120467,0.0,verified
P09760,ORG_W31728160,ORG_W31728160_T001,酒店服务人员,PL_W31728160,0.0,verified
P09761,ORG_W318750464,ORG_W318750464_T001,厨师,PL_W318750464,0.0,verified
P09762,ORG_UNRES_W364134934,ORG_UNRES_W364134934_T001,高级软件工程师,PL_W364134934,0.0,unresolved
P09763,ORG_W795953762,ORG_W795953762_T001,理发师,PL_W795953762,0.0,verified
P09764,ORG_W59036010,ORG_W59036010_T001,项目经理,PL_W59036010,0.0,verified
P09765,ORG_UNRES_W705881546,ORG_UNRES_W705881546_T001,咨询顾问,PL_W705881546,0.0,unresolved
P09766,ORG_UNRES_W1358353760,ORG_UNRES_W1358353760_T001,设备操作员,PL_W1358353760,0.0,unresolved
P09767,ORG_UNRES_W906371942,ORG_UNRES_W906371942_T001,焊工,PL_W906371942,0.0,unresolved
P09768,ORG_UNRES_W56223245,ORG_UNRES_W56223245_T001,配送员,PL_W56223245,0.0,unresolved
P09769,ORG_UNRES_W43804549,ORG_UNRES_W43804549_T001,汽车技师,PL_W43804549,0.0,unresolved
P09770,ORG_W797150068,ORG_W797150068_T001,会计,PL_W1395765939,7.3,high
P09771,ORG_W14899555,ORG_W14899555_T001,保安,PL_W14899555,0.0,verified
P09772,ORG_W55031876,ORG_W55031876_T001,客户专员,PL_W55031876,0.0,verified
P09773,ORG_W118004701,ORG_W118004701_T001,电工,PL_W107636650,29.3,medium
P09774,ORG_UNRES_W658232868,ORG_UNRES_W658232868_T001,设备操作员,PL_W658232868,0.0,unresolved
P09775,ORG_UNRES_W1248709016,ORG_UNRES_W1248709016_T001,安装工,PL_W1248709016,0.0,unresolved
P09776,ORG_UNRES_W1525237523,ORG_UNRES_W1525237523_T001,采购专员,PL_W1525237523,0.0,unresolved
P09777,ORG_N13783178350,ORG_N13783178350_T001,零售店员,PL_N13783178350,0.0,verified
P09778,ORG_W31728160,ORG_W31728160_T001,厨师,PL_W31728160,0.0,verified
P09779,ORG_W797150068,ORG_W797150068_T001,客户经理,PL_W1395765944,70.9,medium
P09780,ORG_N4526107577,ORG_N4526107577_T001,高级数据分析师,PL_N4526107577,0.0,verified
P09781,ORG_UNRES_W56058498,ORG_UNRES_W56058498_T001,安装工,PL_W56058498,0.0,unresolved
P09782,ORG_W23447424,ORG_W23447424_T001,本科生,PL_W23447424,0.0,verified
P09783,ORG_N1685297584,ORG_N1685297584_T001,客服,PL_N1685297584,0.0,verified
P09784,ORG_N12877185109,ORG_N12877185109_T001,客户经理,PL_W944064994,70.0,medium
P09785,ORG_UNRES_W59248713,ORG_UNRES_W59248713_T001,搬运工,PL_W59248713,0.0,unresolved
P09786,ORG_N6554677037,ORG_N6554677037_T001,零售店员,PL_N6554677037,0.0,verified
P09787,ORG_N4126684605,ORG_N4126684605_T001,理发师,PL_N4126684605,0.0,verified
P09788,ORG_N6561364594,ORG_N6561364594_T001,高级运营专员,PL_N6561364594,0.0,verified
P09789,ORG_N1727149580,ORG_N1727149580_T001,客服,PL_N1727149580,0.0,verified
P09790,ORG_UNRES_W660584207,ORG_UNRES_W660584207_T001,自由设计师,PL_W660584207,0.0,unresolved
P09791,ORG_UNRES_W702554499,ORG_UNRES_W702554499_T001,客户经理,PL_W702554499,0.0,unresolved
P09792,ORG_UNRES_W662441642,ORG_UNRES_W662441642_T001,客户专员,PL_W662441642,0.0,unresolved
P09793,ORG_N4288385077,ORG_N4288385077_T001,高级软件工程师,PL_W60332315,81.3,medium
P09794,ORG_W587012151,ORG_W587012151_T001,销售经理,PL_W587012151,0.0,verified
P09795,ORG_UNRES_W669874245,ORG_UNRES_W669874245_T001,自由销售,PL_W669874245,0.0,unresolved
P09796,ORG_N5440279122,ORG_N5440279122_T001,项目经理,PL_W69706533,51.5,medium
P09797,ORG_N6547908159,ORG_N6547908159_T001,客服,PL_N6547908159,0.0,verified
P09798,ORG_UNRES_W697161665,ORG_UNRES_W697161665_T001,采购经理,PL_W697161665,0.0,unresolved
P09799,ORG_N6581103246,ORG_N6581103246_T001,零售店员,PL_N6581103246,0.0,verified
P09800,ORG_N3413571002,ORG_N3413571002_T001,人力资源经理,PL_W180683141,18.6,high
P09801,ORG_UNRES_W150215070,ORG_UNRES_W150215070_T001,汽车技师,PL_W150215070,0.0,unresolved
P09802,ORG_N6659697178,ORG_N6659697178_T001,收银员,PL_N6659697178,0.0,verified
P09803,ORG_W43677386,ORG_W43677386_T001,健身教练,PL_W43677386,0.0,verified
P09804,ORG_N4973448034,ORG_N4973448034_T001,区域经理,PL_N4973448034,0.0,verified
P09805,ORG_W698746838,ORG_W698746838_T001,保安,PL_W698746838,0.0,verified
P09806,ORG_W505921693,ORG_W505921693_T001,硕士研究生,PL_W505921693,0.0,verified
P09807,ORG_UNRES_W43804358,ORG_UNRES_W43804358_T001,仓库操作员,PL_W43804358,0.0,unresolved
P09808,ORG_N9704188848,ORG_N9704188848_T001,销售代表,PL_N9704188848,0.0,verified
P09809,ORG_W663314286,ORG_W663314286_T001,运营经理,PL_W677205549,98.5,medium
P09810,ORG_UNRES_W56608505,ORG_UNRES_W56608505_T001,自由销售,PL_W56608505,0.0,unresolved
P09811,ORG_UNRES_W662761778,ORG_UNRES_W662761778_T001,数据分析师,PL_W662761778,0.0,unresolved
P09812,ORG_W31963777,ORG_W31963777_T001,HR经理,PL_W31963777,0.0,verified
P09813,ORG_UNRES_W58646797,ORG_UNRES_W58646797_T001,卡车司机,PL_W58646797,0.0,unresolved
P09814,ORG_UNRES_W55217847,ORG_UNRES_W55217847_T001,高级数据分析师,PL_W55217847,0.0,unresolved
P09815,ORG_N421904486,ORG_N421904486_T001,咖啡师,PL_N421904486,0.0,verified
P09816,ORG_UNRES_W671872811,ORG_UNRES_W671872811_T001,采购经理,PL_W671872811,0.0,unresolved
P09817,ORG_W61759777,ORG_W61759777_T001,高级产品经理,PL_W61759777,0.0,verified
P09818,ORG_W34204222,ORG_W34204222_T001,设备操作员,PL_W34204175,89.0,medium
P09819,ORG_UNRES_W661206628,ORG_UNRES_W661206628_T001,网店经营者,PL_W661206628,0.0,unresolved
P09820,ORG_UNRES_W663828868,ORG_UNRES_W663828868_T001,HR经理,PL_W663828868,0.0,unresolved
P09821,ORG_UNRES_W301562732,ORG_UNRES_W301562732_T001,产品经理,PL_W301562732,0.0,unresolved
P09822,ORG_N2291775926,ORG_N2291775926_T001,软件工程师,PL_W662097160,35.6,medium
P09823,ORG_UNRES_W662453980,ORG_UNRES_W662453980_T001,配送员,PL_W662453980,0.0,unresolved
P09824,ORG_W328663398,ORG_W328663398_T001,独立承包商,PL_W328663398,0.0,verified
P09825,ORG_N2883876001,ORG_N2883876001_T001,高级产品经理,PL_W659094340,59.8,medium
P09826,ORG_W673263912,ORG_W673263912_T001,高级数据分析师,PL_W673263912,0.0,verified
P09827,ORG_W34587440,ORG_W34587440_T001,财务专员,PL_W34587440,0.0,verified
P09828,ORG_W810476405,ORG_W810476405_T001,客户专员,PL_W810476405,0.0,verified
P09829,ORG_N13708163183,ORG_N13708163183_T001,软件工程师,PL_N13708163183,0.0,verified
P09830,ORG_N6535236510,ORG_N6535236510_T001,零售店员,PL_N6535236510,0.0,verified
P09831,ORG_N3653499893,ORG_N3653499893_T001,理发师,PL_N3653499893,0.0,verified
P09832,ORG_N7578594172,ORG_N7578594172_T001,独立程序员,PL_N7578594172,0.0,verified
P09833,ORG_W256116927,ORG_W256116927_T001,高级软件工程师,PL_W256116927,0.0,verified
P09834,ORG_W61014137,ORG_W61014137_T002,酒店服务人员,PL_W61014137,0.0,verified
P09835,ORG_UNRES_W705121009,ORG_UNRES_W705121009_T001,项目经理,PL_W705121009,0.0,unresolved
P09836,ORG_N6763993703,ORG_N6763993703_T001,HR经理,PL_N6763993703,0.0,verified
P09837,ORG_W671185112,ORG_W671185112_T001,自由设计师,PL_W671185112,0.0,verified
P09838,ORG_UNRES_W663315320,ORG_UNRES_W663315320_T001,汽车技师,PL_W663315320,0.0,unresolved
P09839,ORG_N10969405430,ORG_N10969405430_T001,销售经理,PL_W307519620,7.5,high
P09840,ORG_UNRES_W55462316,ORG_UNRES_W55462316_T001,软件工程师,PL_W55462316,0.0,unresolved
P09841,ORG_UNRES_N7751495279,ORG_UNRES_N7751495279_T001,采购专员,PL_N7751495279,0.0,unresolved
P09842,ORG_UNRES_W55218300,ORG_UNRES_W55218300_T001,建筑工人,PL_W55218300,0.0,unresolved
P09843,ORG_W61759776,ORG_W61759776_T002,本科生,PL_W61759776,0.0,verified
P09844,ORG_W1431713652,ORG_W1431713652_T001,本科生,PL_W1431713652,0.0,verified
P09845,ORG_N538159930,ORG_N538159930_T001,采购专员,PL_W237575941,29.7,medium
P09846,ORG_N10572767999,ORG_N10572767999_T001,自由设计师,PL_N10572767999,0.0,verified
P09847,ORG_N12087943806,ORG_N12087943806_T001,运营专员,PL_W105516637,82.7,medium
P09848,ORG_N12532469652,ORG_N12532469652_T001,零售店员,PL_N12532469652,0.0,verified
P09849,ORG_W33849166,ORG_W33849166_T001,采购专员,PL_W33849166,0.0,verified
P09850,ORG_N7348631706,ORG_N7348631706_T001,咖啡师,PL_N7348631706,0.0,verified
P09851,ORG_N12861684096,ORG_N12861684096_T001,摄影师,PL_W678970362,34.0,medium
P09852,ORG_N6341397550,ORG_N6341397550_T001,健身教练,PL_N6341397550,0.0,verified
P09853,ORG_W137916397,ORG_W137916397_T001,行政专员,PL_W137916397,0.0,verified
P09854,ORG_N8779770209,ORG_N8779770209_T001,酒店服务人员,PL_N8779770209,0.0,verified
P09855,ORG_N2159618518,ORG_N2159618518_T001,运营专员,PL_W205960481,59.4,medium
P09856,ORG_UNRES_W660806856,ORG_UNRES_W660806856_T001,高级软件工程师,PL_W660806856,0.0,unresolved
P09857,ORG_UNRES_W705218753,ORG_UNRES_W705218753_T001,数据分析师,PL_W705218753,0.0,unresolved
P09858,ORG_UNRES_W802181072,ORG_UNRES_W802181072_T001,财务主管,PL_W802181072,0.0,unresolved
P09859,ORG_UNRES_W1351724811,ORG_UNRES_W1351724811_T001,维修技师,PL_W1351724811,0.0,unresolved
P09860,ORG_UNRES_W56437582,ORG_UNRES_W56437582_T001,快递员,PL_W56437582,0.0,unresolved
P09861,ORG_W136964760,ORG_W136964760_T001,理发师,PL_W136964760,0.0,verified
P09862,ORG_UNRES_W660934782,ORG_UNRES_W660934782_T001,安装工,PL_W660934782,0.0,unresolved
P09863,ORG_N4001010027,ORG_N4001010027_T001,零售店员,PL_N4001010027,0.0,verified
P09864,ORG_N3427191021,ORG_N3427191021_T001,会计,PL_W663314028,14.5,high
P09865,ORG_W34587440,ORG_W34587440_T001,高级软件工程师,PL_W34587440,0.0,verified
P09866,ORG_W233062811,ORG_W233062811_T001,采购经理,PL_W1531629510,60.8,medium
P09867,ORG_N11737962470,ORG_N11737962470_T001,房产经纪,PL_W194224125,69.8,medium
P09868,ORG_N6348434802,ORG_N6348434802_T001,健身教练,PL_N6348434802,0.0,verified
P09869,ORG_N11051841686,ORG_N11051841686_T001,数据分析师,PL_W58271367,5.4,high
P09870,ORG_W31926308,ORG_W31926308_T001,项目经理,PL_W31926308,0.0,verified
P09871,ORG_UNRES_W1424486876,ORG_UNRES_W1424486876_T001,汽车技师,PL_W1424486876,0.0,unresolved
P09872,ORG_W35021084,ORG_W35021084_T001,焊工,PL_W670281251,31.9,medium
P09873,ORG_N388619750,ORG_N388619750_T001,美容师,PL_N388619750,0.0,verified
P09874,ORG_UNRES_W702167768,ORG_UNRES_W702167768_T001,独立承包商,PL_W702167768,0.0,unresolved
P09875,ORG_UNRES_W659581401,ORG_UNRES_W659581401_T001,焊工,PL_W659581401,0.0,unresolved
P09876,ORG_UNRES_W1098900364,ORG_UNRES_W1098900364_T001,项目经理,PL_W1098900364,0.0,unresolved
P09877,ORG_N8899560814,ORG_N8899560814_T001,理发师,PL_N8899560814,0.0,verified
P09878,ORG_W115222390,ORG_W115222390_T001,项目经理,PL_W115222390,0.0,verified
P09879,ORG_W62057772,ORG_W62057772_T001,高级数据分析师,PL_W62057772,0.0,verified
P09880,ORG_W34977625,ORG_W34977625_T001,自媒体从业者,PL_W34977625,0.0,verified
P09881,ORG_N4449930825,ORG_N4449930825_T001,客服,PL_N4449930825,0.0,verified
P09882,ORG_N8893460267,ORG_N8893460267_T001,理发师,PL_N8893460267,0.0,verified
P09883,ORG_W34582433,ORG_W34582433_T001,项目经理,PL_W34582433,0.0,verified
P09884,ORG_W43810852,ORG_W43810852_T001,高级数据分析师,PL_W43810852,0.0,verified
P09885,ORG_N7255845244,ORG_N7255845244_T001,产品经理,PL_W301418957,48.0,medium
P09886,ORG_UNRES_W291845495,ORG_UNRES_W291845495_T001,配送员,PL_W291845495,0.0,unresolved
P09887,ORG_UNRES_W273616578,ORG_UNRES_W273616578_T001,销售经理,PL_W273616578,0.0,unresolved
P09888,ORG_N1948589745,ORG_N1948589745_T001,客服,PL_N1948589745,0.0,verified
P09889,ORG_W34582242,ORG_W34582242_T001,销售经理,PL_W34582242,0.0,verified
P09890,ORG_UNRES_W704594308,ORG_UNRES_W704594308_T001,设计师,PL_W704594308,0.0,unresolved
P09891,ORG_UNRES_W657697672,ORG_UNRES_W657697672_T001,安装工,PL_W657697672,0.0,unresolved
P09892,ORG_UNRES_W66969420,ORG_UNRES_W66969420_T001,客户经理,PL_W66969420,0.0,unresolved
P09893,ORG_UNRES_W409265867,ORG_UNRES_W409265867_T001,高级运营专员,PL_W409265867,0.0,unresolved
P09894,ORG_UNRES_W161271286,ORG_UNRES_W161271286_T001,项目经理,PL_W161271286,0.0,unresolved
P09895,ORG_W79577670,ORG_W79577670_T001,建筑工人,PL_W79577680,96.3,medium
P09896,ORG_N12290587380,ORG_N12290587380_T001,销售经理,PL_W61982577,76.9,medium
P09897,ORG_N5396228022,ORG_N5396228022_T001,高级软件工程师,PL_N5396228022,0.0,verified
P09898,ORG_W775641405,ORG_W775641405_T001,硕士研究生,PL_W775641405,0.0,verified
P09899,ORG_N11851000638,ORG_N11851000638_T001,餐厅服务员,PL_N11851000638,0.0,verified
P09900,ORG_UNRES_W170052628,ORG_UNRES_W170052628_T001,产品经理,PL_W170052628,0.0,unresolved
P09901,ORG_UNRES_W659322530,ORG_UNRES_W659322530_T001,数据分析师,PL_W659322530,0.0,unresolved
P09902,ORG_N6545586942,ORG_N6545586942_T001,客服,PL_N6545586942,0.0,verified
P09903,ORG_W382778656,ORG_W382778656_T001,客服,PL_W382778656,0.0,verified
P09904,ORG_N1839394524,ORG_N1839394524_T001,健身教练,PL_N1839394524,0.0,verified
P09905,ORG_N530854359,ORG_N530854359_T001,销售代表,PL_W692002309,32.7,medium
P09906,ORG_W67091528,ORG_W67091528_T001,美容师,PL_W67091528,0.0,verified
P09907,ORG_UNRES_W122198160,ORG_UNRES_W122198160_T001,客户经理,PL_W122198160,0.0,unresolved
P09908,ORG_N668989553,ORG_N668989553_T001,收银员,PL_N668989553,0.0,verified
P09909,ORG_N9349010682,ORG_N9349010682_T001,美容师,PL_N9349010682,0.0,verified
P09910,ORG_N3362088817,ORG_N3362088817_T001,零售店员,PL_N3362088817,0.0,verified
P09911,ORG_W271775947,ORG_W271775947_T001,咖啡师,PL_W271775947,0.0,verified
P09912,ORG_UNRES_N12075421254,ORG_UNRES_N12075421254_T001,理发师,PL_N12075421254,0.0,unresolved
P09913,ORG_N13049057186,ORG_N13049057186_T001,餐厅服务员,PL_N13049057186,0.0,verified
P09914,ORG_N12770899929,ORG_N12770899929_T001,硕士研究生,PL_N12770899929,0.0,verified
P09915,ORG_W56473908,ORG_W56473908_T001,数据分析师,PL_W56473908,0.0,verified
P09916,ORG_N6306357925,ORG_N6306357925_T001,软件工程师,PL_N6306357925,0.0,verified
P09917,ORG_UNRES_W33551024,ORG_UNRES_W33551024_T001,翻译,PL_W33551024,0.0,unresolved
P09918,ORG_N803442960,ORG_N803442960_T001,财务专员,PL_W236106304,27.2,medium
P09919,ORG_N504689577,ORG_N504689577_T001,收银员,PL_N504689577,0.0,verified
P09920,ORG_N5442938038,ORG_N5442938038_T001,美容师,PL_N5442938038,0.0,verified
P09921,ORG_N6765756689,ORG_N6765756689_T001,餐厅服务员,PL_N6765756689,0.0,verified
P09922,ORG_N9813407376,ORG_N9813407376_T001,收银员,PL_N9813407376,0.0,verified
P09923,ORG_UNRES_W61698864,ORG_UNRES_W61698864_T001,销售经理,PL_W61698864,0.0,unresolved
P09924,ORG_N10085704214,ORG_N10085704214_T001,本科生,PL_N10085704214,0.0,verified
P09925,ORG_W225955971,ORG_W225955971_T001,保安,PL_W225955971,0.0,verified
P09926,ORG_N4346737040,ORG_N4346737040_T001,行政专员,PL_W36921532,9.7,high
P09927,ORG_W34614474,ORG_W34614474_T001,财务专员,PL_W34614474,0.0,verified
P09928,ORG_W661250171,ORG_W661250171_T001,建筑工人,PL_W661250168,58.2,medium
P09929,ORG_UNRES_W41405391,ORG_UNRES_W41405391_T001,私教,PL_W41405391,0.0,unresolved
P09930,ORG_W1366234349,ORG_W1366234349_T001,电工,PL_W105516626,63.1,medium
P09931,ORG_W34121572,ORG_W34121572_T001,HR经理,PL_W34121572,0.0,verified
P09932,ORG_UNRES_W703776819,ORG_UNRES_W703776819_T001,销售经理,PL_W703776819,0.0,unresolved
P09933,ORG_UNRES_W692002320,ORG_UNRES_W692002320_T001,配送员,PL_W692002320,0.0,unresolved
P09934,ORG_N934384592,ORG_N934384592_T001,行政专员,PL_W662441670,99.0,medium
P09935,ORG_UNRES_W662108279,ORG_UNRES_W662108279_T001,独立程序员,PL_W662108279,0.0,unresolved
P09936,ORG_UNRES_W79659942,ORG_UNRES_W79659942_T001,采购经理,PL_W79659942,0.0,unresolved
P09937,ORG_N6340988712,ORG_N6340988712_T001,HR经理,PL_N6340988712,0.0,verified
P09938,ORG_N8076065270,ORG_N8076065270_T001,咖啡师,PL_N8076065270,0.0,verified
P09939,ORG_N2296069366,ORG_N2296069366_T001,餐厅服务员,PL_N2296069366,0.0,verified
P09940,ORG_N12076151015,ORG_N12076151015_T001,厨师,PL_N12076151015,0.0,verified
P09941,ORG_N12149933050,ORG_N12149933050_T001,HR经理,PL_W1004706295,5.4,high
P09942,ORG_W150506087,ORG_W150506087_T001,酒店前台,PL_W150506087,0.0,verified
P09943,ORG_N1327020323,ORG_N1327020323_T001,零售店员,PL_N13667006503,19.5,high
P09944,ORG_UNRES_W671010916,ORG_UNRES_W671010916_T001,高级数据分析师,PL_W671010916,0.0,unresolved
P09945,ORG_W304027495,ORG_W304027495_T001,厨师,PL_W304027495,0.0,verified
P09946,ORG_UNRES_W662259409,ORG_UNRES_W662259409_T001,销售代表,PL_W662259409,0.0,unresolved
P09947,ORG_N12134089371,ORG_N12134089371_T001,高级运营专员,PL_N12134089371,0.0,verified
P09948,ORG_W231284913,ORG_W231284913_T001,酒店前台,PL_W231284913,0.0,verified
P09949,ORG_UNRES_W661206017,ORG_UNRES_W661206017_T001,自媒体从业者,PL_W661206017,0.0,unresolved
P09950,ORG_W61759776,ORG_W61759776_T002,本科生,PL_W61759776,0.0,verified
P09951,ORG_N7751950341,ORG_N7751950341_T001,博士研究生,PL_N7751950341,0.0,verified
P09952,ORG_UNRES_W103617696,ORG_UNRES_W103617696_T001,搬运工,PL_W103617696,0.0,unresolved
P09953,ORG_W34551654,ORG_W34551654_T001,设计师,PL_W34551654,0.0,verified
P09954,ORG_UNRES_W1395567663,ORG_UNRES_W1395567663_T001,咨询顾问,PL_W1395567663,0.0,unresolved
P09955,ORG_W60483153,ORG_W60483153_T001,汽车技师,PL_W60483153,0.0,verified
P09956,ORG_UNRES_W32024791,ORG_UNRES_W32024791_T001,配送员,PL_W32024791,0.0,unresolved
P09957,ORG_W46583188,ORG_W46583188_T001,美容师,PL_W46583188,0.0,verified
P09958,ORG_N1434184204,ORG_N1434184204_T001,客户专员,PL_W141728158,7.4,high
P09959,ORG_W1366234349,ORG_W1366234349_T002,设计师,PL_W105516599,98.6,medium
P09960,ORG_UNRES_W662766748,ORG_UNRES_W662766748_T001,产品经理,PL_W662766748,0.0,unresolved
P09961,ORG_UNRES_W31617619,ORG_UNRES_W31617619_T001,自媒体从业者,PL_W31617619,0.0,unresolved
P09962,ORG_N7650657932,ORG_N7650657932_T001,高级数据分析师,PL_W325120738,99.6,medium
P09963,ORG_UNRES_W736277146,ORG_UNRES_W736277146_T001,设备操作员,PL_W736277146,0.0,unresolved
P09964,ORG_UNRES_W661541481,ORG_UNRES_W661541481_T001,销售代表,PL_W661541481,0.0,unresolved
P09965,ORG_N13075134483,ORG_N13075134483_T001,项目经理,PL_N13075134483,0.0,verified
P09966,ORG_UNRES_W659427944,ORG_UNRES_W659427944_T001,高级数据分析师,PL_W659427944,0.0,unresolved
P09967,ORG_W27778689,ORG_W27778689_T001,酒店前台,PL_W27778689,0.0,verified
P09968,ORG_W170490459,ORG_W170490459_T001,摄影师,PL_W170490459,0.0,verified
P09969,ORG_W34975555,ORG_W34975555_T001,网店经营者,PL_W34975555,0.0,verified
P09970,ORG_N6419730380,ORG_N6419730380_T001,财务专员,PL_W953878382,54.4,medium
P09971,ORG_N5441763276,ORG_N5441763276_T001,运营经理,PL_N5441763276,0.0,verified
P09972,ORG_N502704899,ORG_N502704899_T001,健身教练,PL_N502704899,0.0,verified
P09973,ORG_N5445984521,ORG_N5445984521_T001,采购专员,PL_W1211969615,45.8,medium
P09974,ORG_W68019707,ORG_W68019707_T001,高级运营专员,PL_W68019707,0.0,verified
P09975,ORG_W121777755,ORG_W121777755_T001,快递员,PL_W662253560,73.7,medium
P09976,ORG_W142432175,ORG_W142432175_T001,高级运营专员,PL_W142432175,0.0,verified
P09977,ORG_N13198723253,ORG_N13198723253_T001,客户专员,PL_N13198723253,0.0,verified
P09978,ORG_UNRES_W34582141,ORG_UNRES_W34582141_T001,咨询顾问,PL_W34582141,0.0,unresolved
P09979,ORG_W288106846,ORG_W288106846_T001,酒店服务人员,PL_W288106846,0.0,verified
P09980,ORG_W805394931,ORG_W805394931_T001,行政专员,PL_W805394931,0.0,verified
P09981,ORG_N2532915769,ORG_N2532915769_T001,理发师,PL_N2532915769,0.0,verified
P09982,ORG_W661193603,ORG_W661193603_T001,采购专员,PL_W661193603,0.0,verified
P09983,ORG_W33561118,ORG_W33561118_T001,酒店前台,PL_W33561118,0.0,verified
P09984,ORG_W24008188,ORG_W24008188_T001,销售经理,PL_W674566387,39.3,medium
P09985,ORG_N13879201819,ORG_N13879201819_T001,设计师,PL_N13879201819,0.0,verified
P09986,ORG_W215499749,ORG_W215499749_T001,运营经理,PL_W215499749,0.0,verified
P09987,ORG_W25033696,ORG_W25033696_T001,高级产品经理,PL_W25033696,0.0,verified
P09988,ORG_W62058576,ORG_W62058576_T001,会计,PL_W137927025,69.6,medium
P09989,ORG_UNRES_W802230932,ORG_UNRES_W802230932_T001,业务负责人,PL_W802230932,0.0,unresolved
P09990,ORG_N4368798489,ORG_N4368798489_T001,咖啡师,PL_N4368798489,0.0,verified
P09991,ORG_N3925813284,ORG_N3925813284_T001,硕士研究生,PL_N3925813284,0.0,verified
P09992,ORG_W79157053,ORG_W79157053_T001,技术经理,PL_W79157053,0.0,verified
P09993,ORG_UNRES_W1167158866,ORG_UNRES_W1167158866_T001,翻译,PL_W1167158866,0.0,unresolved
P09994,ORG_W58431318,ORG_W58431318_T001,财务专员,PL_W659581417,88.7,medium
P09995,ORG_W797151986,ORG_W797151986_T001,高级产品经理,PL_W797151986,0.0,verified
P09996,ORG_W79659931,ORG_W79659931_T001,高级产品经理,PL_W79659931,0.0,verified
P09997,ORG_UNRES_W660807081,ORG_UNRES_W660807081_T001,运营专员,PL_W660807081,0.0,unresolved
P09998,ORG_UNRES_W34690059,ORG_UNRES_W34690059_T001,设备操作员,PL_W34690059,0.0,unresolved
P09999,ORG_W762117011,ORG_W762117011_T001,产品经理,PL_W661774417,43.0,medium
P10000,ORG_UNRES_W659838465,ORG_UNRES_W659838465_T001,快递员,PL_W659838465,0.0,unresolved
