person_id,姓名,性别,年龄,年龄段,家庭状态,职业大类,occupation_code,具体职位,户口类型,户口省份,home_place_id,work_place_id,school_place_id
P00001,董诚,男,20,18-24,无需要照顾的孩子,服务业者,service_worker,厨师,上海户籍,上海,,,
P00002,刘梓,男,39,35-39,有未成年孩子,上班族,office_worker,会计,上海户籍,上海,,,
P00003,杨文,男,49,45-49,有未成年孩子,服务业者,service_worker,美容师,上海户籍,上海,,,
P00004,杨星星,女,30,30-34,有未成年孩子,服务业者,service_worker,酒店服务人员,外省市户籍,河南,,,
P00005,李怡,女,28,25-29,有未成年孩子,上班族,office_worker,数据分析师,外省市户籍,湖北,,,
P00006,李浩,男,35,35-39,无需要照顾的孩子,上班族,office_worker,软件工程师,上海户籍,上海,,,
P00007,朱志安,男,46,45-49,有未成年孩子,上班族,office_worker,财务经理,外省市户籍,陕西,,,
P00008,赵安诺,男,44,40-44,无需要照顾的孩子,服务业者,service_worker,餐厅服务员,上海户籍,上海,,,
P00009,罗心宁,女,46,45-49,有未成年孩子,上班族,office_worker,高级产品经理,上海户籍,上海,,,
P00010,周哲嘉,男,40,40-44,有成年孩子,服务业者,service_worker,客服,外省市户籍,河南,,,
P00011,朱思婉,女,37,35-39,有未成年孩子,上班族,office_worker,采购经理,外省市户籍,其他,,,
P00012,吴明晨,男,18,18-24,无需要照顾的孩子,大学生,university_student,本科生,外省市户籍,浙江,,,
P00013,袁清泽,男,28,25-29,有未成年孩子,上班族,office_worker,采购专员,外省市户籍,其他,,,
P00014,胡瑶嘉,女,36,35-39,有未成年孩子,自由业者,freelancer,咨询顾问,上海户籍,上海,,,
P00015,王轩知,男,23,18-24,无需要照顾的孩子,大学生,university_student,本科生,上海户籍,上海,,,
P00016,孙杰远,男,31,30-34,无需要照顾的孩子,自由业者,freelancer,网店经营者,外省市户籍,江苏,,,
P00017,高雨星,女,28,25-29,无需要照顾的孩子,大学生,university_student,硕士研究生,外省市户籍,河南,,,
P00018,袁可诗,女,46,45-49,有未成年孩子,自由业者,freelancer,翻译,外省市户籍,山东,,,
P00019,罗雨晴,女,43,40-44,有成年孩子,体力劳动者,manual_worker,安装工,外省市户籍,安徽,,,
P00020,朱宇嘉,男,29,25-29,有未成年孩子,上班族,office_worker,会计,外省市户籍,河南,,,
P00021,高涵,女,25,25-29,无需要照顾的孩子,大学生,university_student,硕士研究生,外省市户籍,山东,,,
P00022,杨哲涵,男,20,18-24,无需要照顾的孩子,服务业者,service_worker,理发师,上海户籍,上海,,,
P00023,郑嘉清,男,35,35-39,有成年孩子,服务业者,service_worker,保安,外省市户籍,湖南,,,
P00024,张嘉,女,30,30-34,无需要照顾的孩子,体力劳动者,manual_worker,仓库操作员,外省市户籍,河南,,,
P00025,赵天辰,男,35,35-39,无需要照顾的孩子,服务业者,service_worker,健身教练,上海户籍,上海,,,
P00026,陈俊辰,男,20,18-24,无需要照顾的孩子,上班族,office_worker,软件工程师,上海户籍,上海,,,
P00027,张一彤,女,25,25-29,无需要照顾的孩子,服务业者,service_worker,理发师,外省市户籍,其他,,,
P00028,罗心文,男,28,25-29,有未成年孩子,自由业者,freelancer,自由销售,外省市户籍,其他,,,
P00029,吴博诺,男,28,25-29,无需要照顾的孩子,服务业者,service_worker,酒店前台,外省市户籍,其他,,,
P00030,吴晨怡,女,44,40-44,有成年孩子,服务业者,service_worker,收银员,上海户籍,上海,,,
P00031,张俊梓,男,38,35-39,有未成年孩子,上班族,office_worker,HR经理,上海户籍,上海,,,
P00032,赵晓远,女,18,18-24,无需要照顾的孩子,上班族,office_worker,客户专员,上海户籍,上海,,,
P00033,郭晨雅,女,26,25-29,无需要照顾的孩子,上班族,office_worker,会计,外省市户籍,安徽,,,
P00034,高诗,女,19,18-24,无需要照顾的孩子,服务业者,service_worker,店员,上海户籍,上海,,,
P00035,黄欣婷,女,30,30-34,无需要照顾的孩子,上班族,office_worker,采购专员,外省市户籍,河南,,,
P00036,冯嘉言,男,44,40-44,无需要照顾的孩子,体力劳动者,manual_worker,建筑工人,上海户籍,上海,,,
P00037,王辰晨,女,19,18-24,无需要照顾的孩子,服务业者,service_worker,酒店前台,外省市户籍,河南,,,
P00038,杨清源,女,40,40-44,无需要照顾的孩子,上班族,office_worker,财务主管,外省市户籍,安徽,,,
P00039,陈安,女,19,18-24,无需要照顾的孩子,服务业者,service_worker,美容师,上海户籍,上海,,,
P00040,郭豪,男,30,30-34,无需要照顾的孩子,上班族,office_worker,产品经理,外省市户籍,浙江,,,
P00041,赵辰星,女,41,40-44,无需要照顾的孩子,自由业者,freelancer,网店经营者,上海户籍,上海,,,
P00042,王宁婷,女,22,18-24,无需要照顾的孩子,上班族,office_worker,运营专员,上海户籍,上海,,,
P00043,董远心,男,46,45-49,有未成年孩子,自由业者,freelancer,自由设计师,上海户籍,上海,,,
P00044,刘星一,女,43,40-44,有未成年孩子,上班族,office_worker,业务负责人,上海户籍,上海,,,
P00045,董曦,女,34,30-34,无需要照顾的孩子,上班族,office_worker,高级软件工程师,外省市户籍,四川,,,
P00046,杨豪,男,32,30-34,无需要照顾的孩子,体力劳动者,manual_worker,电工,外省市户籍,江苏,,,
P00047,陈宁哲,男,33,30-34,有未成年孩子,上班族,office_worker,HR经理,外省市户籍,江苏,,,
P00048,张宁远,男,29,25-29,无需要照顾的孩子,大学生,university_student,硕士研究生,外省市户籍,湖南,,,
P00049,徐可,女,33,30-34,有未成年孩子,体力劳动者,manual_worker,快递员,外省市户籍,陕西,,,
P00050,李诗,女,39,35-39,有未成年孩子,自由业者,freelancer,自由设计师,上海户籍,上海,,,
P00051,王晴晴,女,20,18-24,无需要照顾的孩子,上班族,office_worker,软件工程师,外省市户籍,安徽,,,
P00052,陈婉,女,47,45-49,有未成年孩子,服务业者,service_worker,店员,上海户籍,上海,,,
P00053,李可,女,48,45-49,有成年孩子,上班族,office_worker,高级产品经理,上海户籍,上海,,,
P00054,郭诗欣,女,40,40-44,无需要照顾的孩子,自由业者,freelancer,私教,外省市户籍,江西,,,
P00055,于嘉,男,24,18-24,无需要照顾的孩子,自由业者,freelancer,网店经营者,外省市户籍,山东,,,
P00056,邓曦,女,31,30-34,无需要照顾的孩子,服务业者,service_worker,餐厅服务员,外省市户籍,四川,,,
P00057,黄言可,女,47,45-49,无需要照顾的孩子,上班族,office_worker,采购专员,外省市户籍,江西,,,
P00058,王诺欣,女,28,25-29,无需要照顾的孩子,上班族,office_worker,客户专员,外省市户籍,安徽,,,
P00059,陈晨辰,女,32,30-34,有未成年孩子,上班族,office_worker,采购专员,上海户籍,上海,,,
P00060,李俊梓,男,39,35-39,有未成年孩子,上班族,office_worker,设计师,上海户籍,上海,,,
P00061,罗乐,男,25,25-29,有未成年孩子,服务业者,service_worker,厨师,外省市户籍,四川,,,
P00062,黄涵,女,46,45-49,有未成年孩子,服务业者,service_worker,房产经纪,上海户籍,上海,,,
P00063,郭曦怡,女,33,30-34,无需要照顾的孩子,上班族,office_worker,产品经理,外省市户籍,四川,,,
P00064,张心,男,39,35-39,有未成年孩子,服务业者,service_worker,理发师,外省市户籍,山东,,,
P00065,张远杰,男,46,45-49,有未成年孩子,上班族,office_worker,采购经理,外省市户籍,山东,,,
P00066,袁言,女,38,35-39,有未成年孩子,上班族,office_worker,项目经理,上海户籍,上海,,,
P00067,张婉乐,女,23,18-24,无需要照顾的孩子,体力劳动者,manual_worker,搬运工,上海户籍,上海,,,
P00068,周豪宁,男,28,25-29,无需要照顾的孩子,上班族,office_worker,高级软件工程师,上海户籍,上海,,,
P00069,宋静雨,女,47,45-49,有未成年孩子,体力劳动者,manual_worker,电工,外省市户籍,福建,,,
P00070,林可晴,女,34,30-34,有未成年孩子,自由业者,freelancer,网店经营者,上海户籍,上海,,,
P00071,李羽涵,女,20,18-24,无需要照顾的孩子,大学生,university_student,本科生,外省市户籍,浙江,,,
P00072,马若曦,女,36,35-39,无需要照顾的孩子,上班族,office_worker,运营经理,上海户籍,上海,,,
P00073,张宁辰,女,33,30-34,有未成年孩子,上班族,office_worker,销售代表,外省市户籍,河南,,,
P00074,陈欣安,女,24,18-24,无需要照顾的孩子,服务业者,service_worker,理发师,外省市户籍,福建,,,
P00075,刘若欣,女,46,45-49,有成年孩子,上班族,office_worker,高级运营专员,外省市户籍,湖北,,,
P00076,张轩羽,男,25,25-29,有未成年孩子,服务业者,service_worker,厨师,上海户籍,上海,,,
P00077,陈怡,女,29,25-29,无需要照顾的孩子,上班族,office_worker,高级运营专员,上海户籍,上海,,,
P00078,于辰杰,男,35,35-39,有未成年孩子,上班族,office_worker,数据分析师,上海户籍,上海,,,
P00079,张阳一,男,33,30-34,有未成年孩子,上班族,office_worker,设计师,外省市户籍,江西,,,
P00080,刘清思,女,31,30-34,有未成年孩子,体力劳动者,manual_worker,快递员,外省市户籍,浙江,,,
P00081,李辰清,男,30,30-34,无需要照顾的孩子,上班族,office_worker,设计师,外省市户籍,江西,,,
P00082,陈俊,男,25,25-29,有未成年孩子,上班族,office_worker,客户经理,外省市户籍,江西,,,
P00083,杨涵彤,女,35,35-39,有未成年孩子,服务业者,service_worker,店员,外省市户籍,江西,,,
P00084,董言乐,女,22,18-24,无需要照顾的孩子,上班族,office_worker,软件工程师,上海户籍,上海,,,
P00085,唐晓嫣,女,31,30-34,有未成年孩子,体力劳动者,manual_worker,配送员,外省市户籍,浙江,,,
P00086,郑怡怡,女,39,35-39,无需要照顾的孩子,上班族,office_worker,HR经理,外省市户籍,湖南,,,
P00087,刘思清,女,28,25-29,无需要照顾的孩子,服务业者,service_worker,健身教练,上海户籍,上海,,,
P00088,何阳浩,男,28,25-29,无需要照顾的孩子,体力劳动者,manual_worker,司机,外省市户籍,湖北,,,
P00089,张辰轩,男,44,40-44,有未成年孩子,上班族,office_worker,客户专员,上海户籍,上海,,,
P00090,胡可宁,男,31,30-34,有未成年孩子,上班族,office_worker,产品经理,外省市户籍,山东,,,
P00091,胡琪,女,29,25-29,无需要照顾的孩子,上班族,office_worker,会计,外省市户籍,安徽,,,
P00092,罗哲嘉,男,34,30-34,有未成年孩子,服务业者,service_worker,酒店前台,外省市户籍,山东,,,
P00093,胡嘉楷,男,20,18-24,无需要照顾的孩子,服务业者,service_worker,理发师,外省市户籍,江苏,,,
P00094,张轩远,男,35,35-39,有未成年孩子,上班族,office_worker,产品经理,外省市户籍,江西,,,
P00095,赵嘉明,男,30,30-34,无需要照顾的孩子,自由业者,freelancer,摄影师,外省市户籍,河南,,,
P00096,陈文景,男,31,30-34,有未成年孩子,上班族,office_worker,客户经理,上海户籍,上海,,,
P00097,张睿阳,男,26,25-29,无需要照顾的孩子,上班族,office_worker,销售代表,上海户籍,上海,,,
P00098,胡然然,男,30,30-34,无需要照顾的孩子,服务业者,service_worker,保安,外省市户籍,山东,,,
P00099,刘一浩,男,23,18-24,无需要照顾的孩子,服务业者,service_worker,理发师,外省市户籍,安徽,,,
P00100,董晨,男,45,45-49,有成年孩子,体力劳动者,manual_worker,配送员,外省市户籍,江苏,,,
P00101,胡雅桐,女,26,25-29,无需要照顾的孩子,服务业者,service_worker,餐厅服务员,上海户籍,上海,,,
P00102,张思子,女,18,18-24,无需要照顾的孩子,上班族,office_worker,设计师,外省市户籍,山东,,,
P00103,李宇睿,男,18,18-24,无需要照顾的孩子,上班族,office_worker,行政专员,外省市户籍,江苏,,,
P00104,张星,女,35,35-39,有未成年孩子,服务业者,service_worker,美容师,上海户籍,上海,,,
P00105,孙涵子,男,37,35-39,有未成年孩子,上班族,office_worker,项目经理,上海户籍,上海,,,
P00106,赵轩,男,34,30-34,无需要照顾的孩子,上班族,office_worker,数据分析师,上海户籍,上海,,,
P00107,程涵晓,女,29,25-29,有未成年孩子,服务业者,service_worker,保安,外省市户籍,江苏,,,
P00108,王若可,女,48,45-49,有成年孩子,自由业者,freelancer,自由设计师,上海户籍,上海,,,
P00109,宋阳知,男,31,30-34,无需要照顾的孩子,上班族,office_worker,客户专员,外省市户籍,四川,,,
P00110,马欣可,女,39,35-39,无需要照顾的孩子,体力劳动者,manual_worker,维修技师,外省市户籍,河南,,,
P00111,刘安,女,29,25-29,有未成年孩子,上班族,office_worker,数据分析师,外省市户籍,江西,,,
P00112,王昊浩,男,28,25-29,无需要照顾的孩子,上班族,office_worker,设计师,外省市户籍,四川,,,
P00113,李宇晨,男,36,35-39,有未成年孩子,服务业者,service_worker,保安,外省市户籍,四川,,,
P00114,周宁婷,女,36,35-39,有未成年孩子,上班族,office_worker,客户经理,外省市户籍,江西,,,
P00115,吴佑,男,28,25-29,无需要照顾的孩子,上班族,office_worker,数据分析师,外省市户籍,福建,,,
P00116,刘怡欣,女,22,18-24,无需要照顾的孩子,大学生,university_student,本科生,外省市户籍,浙江,,,
P00117,陈安曦,女,45,45-49,有成年孩子,体力劳动者,manual_worker,司机,上海户籍,上海,,,
P00118,刘杰豪,男,37,35-39,有未成年孩子,上班族,office_worker,财务主管,外省市户籍,江苏,,,
P00119,王源欣,女,48,45-49,无需要照顾的孩子,上班族,office_worker,数据分析师,外省市户籍,安徽,,,
P00120,李天,男,19,18-24,无需要照顾的孩子,体力劳动者,manual_worker,焊工,外省市户籍,浙江,,,
P00121,朱阳羽,男,36,35-39,无需要照顾的孩子,服务业者,service_worker,收银员,外省市户籍,江苏,,,
P00122,徐晨豪,男,38,35-39,有未成年孩子,服务业者,service_worker,理发师,上海户籍,上海,,,
P00123,邓子晴,女,48,45-49,有成年孩子,体力劳动者,manual_worker,快递员,上海户籍,上海,,,
P00124,陈子,男,25,25-29,无需要照顾的孩子,上班族,office_worker,软件工程师,外省市户籍,江苏,,,
P00125,周博诺,男,28,25-29,无需要照顾的孩子,体力劳动者,manual_worker,搬运工,外省市户籍,湖北,,,
P00126,林星,男,18,18-24,有未成年孩子,大学生,university_student,本科生,外省市户籍,河南,,,
P00127,刘晨嘉,男,25,25-29,无需要照顾的孩子,上班族,office_worker,客户专员,外省市户籍,浙江,,,
P00128,吴诚,男,32,30-34,无需要照顾的孩子,服务业者,service_worker,厨师,外省市户籍,江苏,,,
P00129,王一,女,29,25-29,有未成年孩子,服务业者,service_worker,厨师,外省市户籍,河南,,,
P00130,张星轩,男,37,35-39,有未成年孩子,上班族,office_worker,财务经理,外省市户籍,安徽,,,
P00131,李乐诺,男,37,35-39,有未成年孩子,体力劳动者,manual_worker,设备操作员,外省市户籍,江苏,,,
P00132,马言涵,女,38,35-39,有成年孩子,服务业者,service_worker,客服,上海户籍,上海,,,
P00133,赵昊阳,男,43,40-44,有未成年孩子,自由业者,freelancer,独立程序员,外省市户籍,浙江,,,
P00134,梁曦子,女,23,18-24,无需要照顾的孩子,上班族,office_worker,运营专员,外省市户籍,浙江,,,
P00135,李可宁,女,27,25-29,无需要照顾的孩子,自由业者,freelancer,咨询顾问,上海户籍,上海,,,
P00136,何远豪,男,42,40-44,有未成年孩子,上班族,office_worker,业务负责人,外省市户籍,湖北,,,
P00137,刘思乐,男,28,25-29,无需要照顾的孩子,服务业者,service_worker,客服,外省市户籍,江西,,,
P00138,刘文乐,男,27,25-29,无需要照顾的孩子,上班族,office_worker,设计师,上海户籍,上海,,,
P00139,吴静彤,女,40,40-44,有未成年孩子,上班族,office_worker,客户专员,上海户籍,上海,,,
P00140,赵婷梦,女,26,25-29,有未成年孩子,上班族,office_worker,设计师,上海户籍,上海,,,
P00141,陈子诚,男,26,25-29,有未成年孩子,上班族,office_worker,设计师,外省市户籍,陕西,,,
P00142,张源思,女,35,35-39,无需要照顾的孩子,上班族,office_worker,客户经理,上海户籍,上海,,,
P00143,张杰,男,36,35-39,有未成年孩子,上班族,office_worker,HR经理,外省市户籍,安徽,,,
P00144,刘阳,男,31,30-34,无需要照顾的孩子,上班族,office_worker,客户经理,外省市户籍,江西,,,
P00145,郑晨可,女,29,25-29,无需要照顾的孩子,大学生,university_student,硕士研究生,上海户籍,上海,,,
P00146,刘彤晨,女,19,18-24,无需要照顾的孩子,服务业者,service_worker,美容师,外省市户籍,江苏,,,
P00147,许一安,男,39,35-39,有未成年孩子,上班族,office_worker,客户专员,外省市户籍,安徽,,,
P00148,罗曦宁,女,25,25-29,有未成年孩子,上班族,office_worker,会计,外省市户籍,浙江,,,
P00149,陈宁,男,31,30-34,有未成年孩子,服务业者,service_worker,美容师,上海户籍,上海,,,
P00150,王轩浩,男,27,25-29,无需要照顾的孩子,大学生,university_student,博士研究生,外省市户籍,浙江,,,
P00151,宋源轩,男,32,30-34,有未成年孩子,上班族,office_worker,项目经理,上海户籍,上海,,,
P00152,李豪景,男,42,40-44,有成年孩子,自由业者,freelancer,网店经营者,上海户籍,上海,,,
P00153,刘俊知,男,48,45-49,有成年孩子,服务业者,service_worker,客服,外省市户籍,安徽,,,
P00154,罗辰羽,男,46,45-49,无需要照顾的孩子,上班族,office_worker,数据分析师,外省市户籍,河南,,,
P00155,朱婷,女,36,35-39,有未成年孩子,服务业者,service_worker,厨师,外省市户籍,安徽,,,
P00156,李然浩,男,48,45-49,有成年孩子,体力劳动者,manual_worker,焊工,上海户籍,上海,,,
P00157,高思婉,女,24,18-24,无需要照顾的孩子,大学生,university_student,博士研究生,外省市户籍,江苏,,,
P00158,李远然,男,35,35-39,有未成年孩子,体力劳动者,manual_worker,安装工,外省市户籍,浙江,,,
P00159,唐乐晓,女,32,30-34,无需要照顾的孩子,服务业者,service_worker,健身教练,外省市户籍,福建,,,
P00160,刘可源,女,33,30-34,无需要照顾的孩子,服务业者,service_worker,餐厅服务员,外省市户籍,安徽,,,
P00161,程乐,女,38,35-39,有未成年孩子,自由业者,freelancer,咨询顾问,外省市户籍,湖南,,,
P00162,吴知文,男,26,25-29,无需要照顾的孩子,自由业者,freelancer,私教,上海户籍,上海,,,
P00163,李怡,女,26,25-29,有未成年孩子,服务业者,service_worker,客服,外省市户籍,浙江,,,
P00164,王然嘉,男,47,45-49,有未成年孩子,上班族,office_worker,行政专员,外省市户籍,安徽,,,
P00165,杨诚嘉,男,34,30-34,有未成年孩子,服务业者,service_worker,理发师,上海户籍,上海,,,
P00166,李辰嫣,女,36,35-39,有未成年孩子,服务业者,service_worker,房产经纪,外省市户籍,江苏,,,
P00167,黄浩楷,男,26,25-29,无需要照顾的孩子,上班族,office_worker,采购专员,外省市户籍,浙江,,,
P00168,杨楷杰,男,41,40-44,有未成年孩子,上班族,office_worker,客户专员,外省市户籍,江苏,,,
P00169,刘桐婷,女,34,30-34,有未成年孩子,上班族,office_worker,采购专员,外省市户籍,山东,,,
P00170,刘阳星,男,36,35-39,无需要照顾的孩子,上班族,office_worker,数据分析师,上海户籍,上海,,,
P00171,陈欣,女,29,25-29,无需要照顾的孩子,上班族,office_worker,采购专员,外省市户籍,其他,,,
P00172,程嘉远,男,43,40-44,有未成年孩子,服务业者,service_worker,餐厅服务员,上海户籍,上海,,,
P00173,郭俊睿,男,49,45-49,有成年孩子,服务业者,service_worker,厨师,外省市户籍,浙江,,,
P00174,陈诚哲,男,26,25-29,无需要照顾的孩子,服务业者,service_worker,厨师,外省市户籍,安徽,,,
P00175,王羽哲,男,18,18-24,无需要照顾的孩子,自由业者,freelancer,私教,上海户籍,上海,,,
P00176,李可,男,43,40-44,有成年孩子,服务业者,service_worker,健身教练,上海户籍,上海,,,
P00177,黄宁晨,女,46,45-49,有未成年孩子,体力劳动者,manual_worker,电工,上海户籍,上海,,,
P00178,林然辰,男,44,40-44,有未成年孩子,上班族,office_worker,项目经理,上海户籍,上海,,,
P00179,冯涵心,女,42,40-44,有成年孩子,自由业者,freelancer,咨询顾问,外省市户籍,四川,,,
P00180,张知,男,27,25-29,无需要照顾的孩子,上班族,office_worker,采购专员,外省市户籍,山东,,,
P00181,张文,男,28,25-29,无需要照顾的孩子,自由业者,freelancer,咨询顾问,外省市户籍,安徽,,,
P00182,徐景轩,男,31,30-34,有未成年孩子,自由业者,freelancer,网店经营者,上海户籍,上海,,,
P00183,陈彤梦,女,28,25-29,无需要照顾的孩子,服务业者,service_worker,酒店前台,上海户籍,上海,,,
P00184,李梦雅,女,26,25-29,无需要照顾的孩子,自由业者,freelancer,独立程序员,外省市户籍,江西,,,
P00185,朱宇,男,28,25-29,有未成年孩子,自由业者,freelancer,咨询顾问,外省市户籍,湖南,,,
P00186,张远,男,41,40-44,有未成年孩子,上班族,office_worker,高级运营专员,外省市户籍,河南,,,
P00187,刘嘉嘉,男,35,35-39,无需要照顾的孩子,上班族,office_worker,销售经理,上海户籍,上海,,,
P00188,高婉,女,45,45-49,无需要照顾的孩子,服务业者,service_worker,健身教练,上海户籍,上海,,,
P00189,王诺,女,21,18-24,无需要照顾的孩子,上班族,office_worker,销售代表,外省市户籍,河南,,,
P00190,杨晨楷,男,43,40-44,有未成年孩子,服务业者,service_worker,餐厅服务员,外省市户籍,江苏,,,
P00191,王宁雅,女,26,25-29,无需要照顾的孩子,服务业者,service_worker,厨师,外省市户籍,安徽,,,
P00192,王怡,女,49,45-49,有成年孩子,上班族,office_worker,销售经理,外省市户籍,河南,,,
P00193,杨诗曦,女,39,35-39,无需要照顾的孩子,上班族,office_worker,运营经理,上海户籍,上海,,,
P00194,郭源桐,女,38,35-39,有未成年孩子,上班族,office_worker,软件工程师,上海户籍,上海,,,
P00195,王思诺,女,36,35-39,有未成年孩子,服务业者,service_worker,厨师,上海户籍,上海,,,
P00196,王文轩,男,49,45-49,有成年孩子,体力劳动者,manual_worker,电工,外省市户籍,河南,,,
P00197,李心晴,女,28,25-29,有未成年孩子,服务业者,service_worker,收银员,外省市户籍,山东,,,
P00198,孙志嘉,男,46,45-49,有未成年孩子,服务业者,service_worker,保安,上海户籍,上海,,,
P00199,胡羽佳,女,42,40-44,有成年孩子,上班族,office_worker,采购经理,外省市户籍,江苏,,,
P00200,林涵佳,女,28,25-29,无需要照顾的孩子,上班族,office_worker,采购经理,上海户籍,上海,,,
P00201,陈琪思,女,37,35-39,无需要照顾的孩子,服务业者,service_worker,客服,上海户籍,上海,,,
P00202,胡怡,女,18,18-24,无需要照顾的孩子,体力劳动者,manual_worker,焊工,外省市户籍,安徽,,,
P00203,徐浩梓,男,22,18-24,无需要照顾的孩子,上班族,office_worker,采购经理,上海户籍,上海,,,
P00204,周知一,女,27,25-29,有未成年孩子,上班族,office_worker,销售代表,上海户籍,上海,,,
P00205,吴晓桐,女,25,25-29,有未成年孩子,上班族,office_worker,会计,上海户籍,上海,,,
P00206,王晨,女,32,30-34,无需要照顾的孩子,上班族,office_worker,会计,上海户籍,上海,,,
P00207,周可欣,女,33,30-34,无需要照顾的孩子,上班族,office_worker,行政专员,外省市户籍,安徽,,,
P00208,张晓言,女,36,35-39,有未成年孩子,服务业者,service_worker,厨师,外省市户籍,安徽,,,
P00209,赵瑶可,女,23,18-24,无需要照顾的孩子,自由业者,freelancer,翻译,外省市户籍,安徽,,,
P00210,何哲,男,30,30-34,有未成年孩子,上班族,office_worker,业务负责人,外省市户籍,安徽,,,
P00211,韩梦怡,女,46,45-49,有成年孩子,体力劳动者,manual_worker,建筑工人,外省市户籍,浙江,,,
P00212,周诺心,男,33,30-34,有未成年孩子,上班族,office_worker,会计,外省市户籍,湖南,,,
P00213,杨羽彤,女,27,25-29,无需要照顾的孩子,自由业者,freelancer,咨询顾问,外省市户籍,河南,,,
P00214,李文星,男,38,35-39,无需要照顾的孩子,上班族,office_worker,HR经理,上海户籍,上海,,,
P00215,胡雅雨,女,44,40-44,有未成年孩子,自由业者,freelancer,自由设计师,外省市户籍,陕西,,,
P00216,刘哲思,男,39,35-39,有未成年孩子,服务业者,service_worker,房产经纪,外省市户籍,安徽,,,
P00217,冯阳哲,男,30,30-34,无需要照顾的孩子,自由业者,freelancer,网店经营者,外省市户籍,江苏,,,
P00218,张豪言,男,34,30-34,有未成年孩子,服务业者,service_worker,酒店前台,上海户籍,上海,,,
P00219,韩诚,男,25,25-29,无需要照顾的孩子,上班族,office_worker,行政专员,上海户籍,上海,,,
P00220,郭哲浩,男,34,30-34,无需要照顾的孩子,上班族,office_worker,项目经理,外省市户籍,陕西,,,
P00221,宋一瑶,女,33,30-34,无需要照顾的孩子,体力劳动者,manual_worker,搬运工,外省市户籍,江苏,,,
P00222,高思若,女,23,18-24,无需要照顾的孩子,上班族,office_worker,会计,外省市户籍,河南,,,
P00223,张嘉嘉,女,34,30-34,无需要照顾的孩子,上班族,office_worker,产品经理,外省市户籍,江苏,,,
P00224,胡辰泽,男,22,18-24,无需要照顾的孩子,服务业者,service_worker,美容师,上海户籍,上海,,,
P00225,王诺言,女,39,35-39,无需要照顾的孩子,服务业者,service_worker,酒店前台,外省市户籍,四川,,,
P00226,于嘉晨,女,24,18-24,无需要照顾的孩子,上班族,office_worker,运营专员,外省市户籍,江苏,,,
P00227,孙思泽,男,41,40-44,无需要照顾的孩子,服务业者,service_worker,健身教练,上海户籍,上海,,,
P00228,张子嘉,男,47,45-49,无需要照顾的孩子,服务业者,service_worker,客服,上海户籍,上海,,,
P00229,袁杰,男,30,30-34,无需要照顾的孩子,上班族,office_worker,运营专员,上海户籍,上海,,,
P00230,高昊哲,男,22,18-24,无需要照顾的孩子,大学生,university_student,硕士研究生,上海户籍,上海,,,
P00231,郑轩辰,男,35,35-39,有成年孩子,体力劳动者,manual_worker,安装工,上海户籍,上海,,,
P00232,许轩,男,38,35-39,有未成年孩子,上班族,office_worker,数据分析师,上海户籍,上海,,,
P00233,张知思,男,30,30-34,有未成年孩子,体力劳动者,manual_worker,配送员,外省市户籍,江苏,,,
P00234,张婉晴,女,31,30-34,有未成年孩子,服务业者,service_worker,厨师,外省市户籍,四川,,,
P00235,陈怡语,女,34,30-34,无需要照顾的孩子,体力劳动者,manual_worker,司机,外省市户籍,浙江,,,
P00236,赵梦佳,女,28,25-29,无需要照顾的孩子,上班族,office_worker,客户经理,外省市户籍,陕西,,,
P00237,谢文然,男,34,30-34,有未成年孩子,服务业者,service_worker,厨师,外省市户籍,安徽,,,
P00238,王思乐,女,28,25-29,有未成年孩子,上班族,office_worker,运营专员,上海户籍,上海,,,
P00239,马欣琪,女,34,30-34,无需要照顾的孩子,服务业者,service_worker,餐厅服务员,外省市户籍,江苏,,,
P00240,冯博文,男,43,40-44,无需要照顾的孩子,体力劳动者,manual_worker,快递员,上海户籍,上海,,,
P00241,梁俊,男,29,25-29,无需要照顾的孩子,服务业者,service_worker,美容师,外省市户籍,湖南,,,
P00242,王文天,男,26,25-29,有未成年孩子,上班族,office_worker,会计,外省市户籍,安徽,,,
P00243,罗诚一,男,25,25-29,无需要照顾的孩子,上班族,office_worker,运营专员,上海户籍,上海,,,
P00244,高嫣婉,女,20,18-24,无需要照顾的孩子,上班族,office_worker,财务专员,上海户籍,上海,,,
P00245,冯乐心,女,44,40-44,有未成年孩子,体力劳动者,manual_worker,电工,上海户籍,上海,,,
P00246,谢雨彤,女,42,40-44,有成年孩子,体力劳动者,manual_worker,设备操作员,外省市户籍,福建,,,
P00247,朱安天,男,37,35-39,无需要照顾的孩子,自由业者,freelancer,自媒体从业者,上海户籍,上海,,,
P00248,梁嘉,男,45,45-49,有成年孩子,服务业者,service_worker,厨师,外省市户籍,其他,,,
P00249,高梦子,女,38,35-39,有未成年孩子,上班族,office_worker,销售代表,外省市户籍,江苏,,,
P00250,张一乐,男,21,18-24,无需要照顾的孩子,上班族,office_worker,采购专员,外省市户籍,湖北,,,
P00251,刘一安,女,38,35-39,有未成年孩子,服务业者,service_worker,餐厅服务员,上海户籍,上海,,,
P00252,王雨宁,女,46,45-49,有成年孩子,上班族,office_worker,高级项目经理,外省市户籍,河南,,,
P00253,谢辰佑,男,38,35-39,有未成年孩子,服务业者,service_worker,房产经纪,上海户籍,上海,,,
P00254,郭思,男,33,30-34,无需要照顾的孩子,上班族,office_worker,数据分析师,上海户籍,上海,,,
P00255,郭欣婉,女,30,30-34,有未成年孩子,服务业者,service_worker,餐厅服务员,上海户籍,上海,,,
P00256,王言,男,36,35-39,有成年孩子,体力劳动者,manual_worker,维修技师,上海户籍,上海,,,
P00257,杨梓,男,29,25-29,无需要照顾的孩子,大学生,university_student,硕士研究生,外省市户籍,湖南,,,
P00258,李一佳,女,36,35-39,无需要照顾的孩子,自由业者,freelancer,摄影师,上海户籍,上海,,,
P00259,赵天诚,男,43,40-44,无需要照顾的孩子,服务业者,service_worker,厨师,外省市户籍,河南,,,
P00260,周宇晨,男,18,18-24,无需要照顾的孩子,大学生,university_student,本科生,外省市户籍,浙江,,,
P00261,刘欣思,女,39,35-39,无需要照顾的孩子,服务业者,service_worker,客服,外省市户籍,陕西,,,
P00262,黄可,女,34,30-34,无需要照顾的孩子,上班族,office_worker,高级运营专员,外省市户籍,江苏,,,
P00263,赵诺清,男,30,30-34,有未成年孩子,服务业者,service_worker,收银员,外省市户籍,河南,,,
P00264,周佳雅,女,30,30-34,有未成年孩子,服务业者,service_worker,餐厅服务员,上海户籍,上海,,,
P00265,程轩豪,男,35,35-39,有未成年孩子,服务业者,service_worker,理发师,外省市户籍,河南,,,
P00266,王子可,女,25,25-29,无需要照顾的孩子,上班族,office_worker,软件工程师,外省市户籍,河北,,,
P00267,陈言嘉,男,32,30-34,有未成年孩子,上班族,office_worker,项目经理,上海户籍,上海,,,
P00268,黄星乐,男,39,35-39,有未成年孩子,服务业者,service_worker,店员,上海户籍,上海,,,
P00269,李瑶彤,女,32,30-34,有未成年孩子,上班族,office_worker,采购经理,上海户籍,上海,,,
P00270,杨琪,女,26,25-29,有未成年孩子,上班族,office_worker,数据分析师,外省市户籍,四川,,,
P00271,王羽涵,男,45,45-49,有未成年孩子,上班族,office_worker,财务主管,上海户籍,上海,,,
P00272,王豪哲,男,26,25-29,无需要照顾的孩子,上班族,office_worker,销售代表,上海户籍,上海,,,
P00273,杨宁文,男,30,30-34,无需要照顾的孩子,上班族,office_worker,运营专员,上海户籍,上海,,,
P00274,李乐哲,男,40,40-44,有未成年孩子,上班族,office_worker,产品经理,上海户籍,上海,,,
P00275,李乐星,男,29,25-29,无需要照顾的孩子,上班族,office_worker,财务专员,外省市户籍,其他,,,
P00276,李佳乐,女,40,40-44,有未成年孩子,自由业者,freelancer,翻译,外省市户籍,湖北,,,
P00277,林雨,女,41,40-44,有未成年孩子,服务业者,service_worker,收银员,上海户籍,上海,,,
P00278,孙辰心,女,29,25-29,有未成年孩子,上班族,office_worker,运营专员,外省市户籍,江苏,,,
P00279,杨晓婷,女,30,30-34,有未成年孩子,上班族,office_worker,销售经理,外省市户籍,河南,,,
P00280,何轩,男,25,25-29,无需要照顾的孩子,上班族,office_worker,数据分析师,上海户籍,上海,,,
P00281,胡晓嫣,女,44,40-44,无需要照顾的孩子,服务业者,service_worker,健身教练,外省市户籍,浙江,,,
P00282,李泽,男,21,18-24,有未成年孩子,大学生,university_student,本科生,外省市户籍,江西,,,
P00283,王乐,男,26,25-29,无需要照顾的孩子,大学生,university_student,硕士研究生,外省市户籍,江苏,,,
P00284,林轩安,男,21,18-24,无需要照顾的孩子,大学生,university_student,本科生,外省市户籍,江苏,,,
P00285,胡琪言,女,47,45-49,有成年孩子,服务业者,service_worker,美容师,外省市户籍,山东,,,
P00286,杨嘉杰,男,21,18-24,无需要照顾的孩子,体力劳动者,manual_worker,司机,外省市户籍,安徽,,,
P00287,王豪昊,男,28,25-29,无需要照顾的孩子,大学生,university_student,本科生,外省市户籍,安徽,,,
P00288,李乐,女,31,30-34,无需要照顾的孩子,大学生,university_student,博士研究生,上海户籍,上海,,,
P00289,朱知佳,女,46,45-49,有成年孩子,体力劳动者,manual_worker,配送员,上海户籍,上海,,,
P00290,刘佳诺,女,28,25-29,有未成年孩子,上班族,office_worker,高级运营专员,上海户籍,上海,,,
P00291,陈诚,男,20,18-24,无需要照顾的孩子,大学生,university_student,本科生,上海户籍,上海,,,
P00292,王阳,男,47,45-49,有未成年孩子,服务业者,service_worker,美容师,上海户籍,上海,,,
P00293,王宁心,女,32,30-34,无需要照顾的孩子,服务业者,service_worker,厨师,外省市户籍,陕西,,,
P00294,林宁琪,女,37,35-39,有未成年孩子,服务业者,service_worker,酒店前台,上海户籍,上海,,,
P00295,郭文远,男,27,25-29,无需要照顾的孩子,上班族,office_worker,运营专员,外省市户籍,江苏,,,
P00296,王知可,男,27,25-29,有未成年孩子,服务业者,service_worker,客服,上海户籍,上海,,,
P00297,徐泽豪,男,35,35-39,有未成年孩子,自由业者,freelancer,摄影师,外省市户籍,河南,,,
P00298,刘晨,男,23,18-24,无需要照顾的孩子,服务业者,service_worker,保安,上海户籍,上海,,,
P00299,罗琪源,女,31,30-34,无需要照顾的孩子,体力劳动者,manual_worker,快递员,外省市户籍,安徽,,,
P00300,宋宁可,女,29,25-29,无需要照顾的孩子,上班族,office_worker,销售代表,外省市户籍,安徽,,,
P00301,胡哲,男,33,30-34,有未成年孩子,上班族,office_worker,部门经理,上海户籍,上海,,,
P00302,冯欣,女,34,30-34,无需要照顾的孩子,服务业者,service_worker,酒店服务人员,上海户籍,上海,,,
P00303,林俊,男,39,35-39,有未成年孩子,上班族,office_worker,财务专员,外省市户籍,安徽,,,
P00304,张然诚,男,44,40-44,有未成年孩子,上班族,office_worker,高级运营专员,外省市户籍,安徽,,,
P00305,赵泽,男,29,25-29,无需要照顾的孩子,体力劳动者,manual_worker,搬运工,上海户籍,上海,,,
P00306,曹佑,男,37,35-39,有未成年孩子,服务业者,service_worker,健身教练,上海户籍,上海,,,
P00307,张安嫣,女,34,30-34,有未成年孩子,体力劳动者,manual_worker,焊工,上海户籍,上海,,,
P00308,何楷阳,男,40,40-44,有未成年孩子,服务业者,service_worker,房产经纪,外省市户籍,江苏,,,
P00309,马语一,女,41,40-44,有未成年孩子,体力劳动者,manual_worker,设备操作员,上海户籍,上海,,,
P00310,陈博嘉,男,35,35-39,无需要照顾的孩子,自由业者,freelancer,翻译,上海户籍,上海,,,
P00311,袁晴婷,女,30,30-34,无需要照顾的孩子,服务业者,service_worker,酒店服务人员,外省市户籍,安徽,,,
P00312,郭远安,男,29,25-29,无需要照顾的孩子,自由业者,freelancer,私教,上海户籍,上海,,,
P00313,陈羽桐,女,37,35-39,有未成年孩子,服务业者,service_worker,客服,外省市户籍,江西,,,
P00314,吴诚,男,35,35-39,无需要照顾的孩子,上班族,office_worker,采购经理,上海户籍,上海,,,
P00315,徐言,男,38,35-39,无需要照顾的孩子,服务业者,service_worker,客服,外省市户籍,河南,,,
P00316,李曦宁,女,29,25-29,无需要照顾的孩子,自由业者,freelancer,自由设计师,上海户籍,上海,,,
P00317,张涵辰,女,48,45-49,无需要照顾的孩子,上班族,office_worker,区域经理,上海户籍,上海,,,
P00318,赵浩知,男,48,45-49,有成年孩子,服务业者,service_worker,收银员,上海户籍,上海,,,
P00319,王星怡,女,28,25-29,无需要照顾的孩子,上班族,office_worker,运营专员,外省市户籍,河南,,,
P00320,刘涵,女,36,35-39,有成年孩子,自由业者,freelancer,网店经营者,上海户籍,上海,,,
P00321,赵浩一,男,40,40-44,有未成年孩子,上班族,office_worker,行政专员,外省市户籍,浙江,,,
P00322,王涵安,女,38,35-39,无需要照顾的孩子,上班族,office_worker,销售代表,外省市户籍,安徽,,,
P00323,何晓雅,女,22,18-24,无需要照顾的孩子,自由业者,freelancer,网店经营者,外省市户籍,湖南,,,
P00324,杨清彤,女,31,30-34,有未成年孩子,上班族,office_worker,项目经理,外省市户籍,安徽,,,
P00325,袁梓,男,18,18-24,无需要照顾的孩子,服务业者,service_worker,厨师,上海户籍,上海,,,
P00326,陈诺可,男,38,35-39,有未成年孩子,上班族,office_worker,行政专员,上海户籍,上海,,,
P00327,曹佳子,女,49,45-49,有未成年孩子,上班族,office_worker,软件工程师,上海户籍,上海,,,
P00328,张景,男,25,25-29,无需要照顾的孩子,上班族,office_worker,财务专员,外省市户籍,山东,,,
P00329,徐梦可,女,20,18-24,无需要照顾的孩子,自由业者,freelancer,自媒体从业者,外省市户籍,河北,,,
P00330,李文知,男,45,45-49,有未成年孩子,自由业者,freelancer,咨询顾问,外省市户籍,江西,,,
P00331,王可涵,男,45,45-49,无需要照顾的孩子,体力劳动者,manual_worker,建筑工人,上海户籍,上海,,,
P00332,李嘉远,男,18,18-24,无需要照顾的孩子,上班族,office_worker,客户专员,外省市户籍,河南,,,
P00333,周可可,女,37,35-39,有未成年孩子,上班族,office_worker,产品经理,外省市户籍,河南,,,
P00334,王可瑶,女,23,18-24,无需要照顾的孩子,大学生,university_student,本科生,外省市户籍,江苏,,,
P00335,程可若,女,26,25-29,无需要照顾的孩子,大学生,university_student,博士研究生,外省市户籍,湖南,,,
P00336,吴嫣可,女,26,25-29,无需要照顾的孩子,自由业者,freelancer,咨询顾问,外省市户籍,山东,,,
P00337,周豪豪,男,34,30-34,有未成年孩子,上班族,office_worker,采购经理,上海户籍,上海,,,
P00338,王轩轩,男,32,30-34,有未成年孩子,上班族,office_worker,高级项目经理,上海户籍,上海,,,
P00339,王雅宁,女,44,40-44,有未成年孩子,服务业者,service_worker,美容师,外省市户籍,江苏,,,
P00340,黄可,男,34,30-34,无需要照顾的孩子,上班族,office_worker,HR经理,外省市户籍,浙江,,,
P00341,徐诗,女,30,30-34,有未成年孩子,服务业者,service_worker,酒店前台,外省市户籍,江苏,,,
P00342,罗嘉轩,男,41,40-44,有未成年孩子,服务业者,service_worker,餐厅服务员,外省市户籍,陕西,,,
P00343,陈梓心,男,42,40-44,有未成年孩子,上班族,office_worker,数据分析师,上海户籍,上海,,,
P00344,唐哲,男,37,35-39,有未成年孩子,自由业者,freelancer,摄影师,外省市户籍,湖南,,,
P00345,周志思,男,29,25-29,有未成年孩子,服务业者,service_worker,收银员,上海户籍,上海,,,
P00346,王知,男,32,30-34,无需要照顾的孩子,上班族,office_worker,部门经理,上海户籍,上海,,,
P00347,李一清,女,32,30-34,有未成年孩子,服务业者,service_worker,健身教练,上海户籍,上海,,,
P00348,李宁桐,女,46,45-49,无需要照顾的孩子,上班族,office_worker,高级软件工程师,外省市户籍,河南,,,
P00349,何宇远,男,23,18-24,无需要照顾的孩子,上班族,office_worker,数据分析师,外省市户籍,江苏,,,
P00350,张楷然,男,31,30-34,有未成年孩子,体力劳动者,manual_worker,搬运工,上海户籍,上海,,,
P00351,张思一,女,34,30-34,有未成年孩子,上班族,office_worker,财务专员,上海户籍,上海,,,
P00352,杨源婷,女,33,30-34,有未成年孩子,服务业者,service_worker,酒店服务人员,外省市户籍,湖北,,,
P00353,王梦,女,29,25-29,无需要照顾的孩子,上班族,office_worker,运营专员,上海户籍,上海,,,
P00354,徐晓桐,女,23,18-24,无需要照顾的孩子,大学生,university_student,硕士研究生,外省市户籍,山东,,,
P00355,李佑,男,46,45-49,有成年孩子,自由业者,freelancer,私教,上海户籍,上海,,,
P00356,胡子佳,女,31,30-34,有未成年孩子,上班族,office_worker,HR经理,上海户籍,上海,,,
P00357,谢杰,男,40,40-44,有未成年孩子,上班族,office_worker,数据分析师,外省市户籍,湖北,,,
P00358,周清,男,30,30-34,无需要照顾的孩子,服务业者,service_worker,收银员,外省市户籍,福建,,,
P00359,郭安,女,31,30-34,无需要照顾的孩子,上班族,office_worker,采购专员,外省市户籍,江西,,,
P00360,程诗静,女,34,30-34,有未成年孩子,上班族,office_worker,高级软件工程师,外省市户籍,湖南,,,
P00361,刘远佳,女,36,35-39,有未成年孩子,上班族,office_worker,软件工程师,上海户籍,上海,,,
P00362,李诺,女,26,25-29,无需要照顾的孩子,上班族,office_worker,销售经理,上海户籍,上海,,,
P00363,吴乐,女,43,40-44,有未成年孩子,上班族,office_worker,财务经理,外省市户籍,其他,,,
P00364,马明杰,男,22,18-24,无需要照顾的孩子,服务业者,service_worker,美容师,外省市户籍,河南,,,
P00365,梁心辰,女,38,35-39,有未成年孩子,体力劳动者,manual_worker,配送员,上海户籍,上海,,,
P00366,李哲羽,男,47,45-49,有未成年孩子,服务业者,service_worker,酒店前台,外省市户籍,河南,,,
P00367,王文博,男,49,45-49,有成年孩子,服务业者,service_worker,厨师,外省市户籍,江西,,,
P00368,吴乐晨,女,38,35-39,有未成年孩子,上班族,office_worker,客户经理,上海户籍,上海,,,
P00369,何一,女,29,25-29,有未成年孩子,自由业者,freelancer,摄影师,外省市户籍,山东,,,
P00370,赵远,女,38,35-39,有未成年孩子,上班族,office_worker,高级软件工程师,外省市户籍,江西,,,
P00371,王怡晓,女,44,40-44,有未成年孩子,服务业者,service_worker,收银员,外省市户籍,安徽,,,
P00372,刘清一,男,31,30-34,无需要照顾的孩子,大学生,university_student,硕士研究生,外省市户籍,安徽,,,
P00373,吴辰梦,女,26,25-29,无需要照顾的孩子,上班族,office_worker,财务专员,上海户籍,上海,,,
P00374,陈豪一,男,47,45-49,有成年孩子,服务业者,service_worker,酒店服务人员,上海户籍,上海,,,
P00375,高文,男,31,30-34,无需要照顾的孩子,服务业者,service_worker,酒店服务人员,外省市户籍,安徽,,,
P00376,徐远源,男,23,18-24,无需要照顾的孩子,大学生,university_student,本科生,上海户籍,上海,,,
P00377,胡宁可,女,24,18-24,无需要照顾的孩子,服务业者,service_worker,餐厅服务员,上海户籍,上海,,,
P00378,朱远轩,男,20,18-24,无需要照顾的孩子,上班族,office_worker,设计师,外省市户籍,浙江,,,
P00379,徐乐可,男,24,18-24,无需要照顾的孩子,上班族,office_worker,销售代表,外省市户籍,江苏,,,
P00380,张天涵,男,34,30-34,有未成年孩子,上班族,office_worker,产品经理,外省市户籍,四川,,,
P00381,郑子,男,41,40-44,有未成年孩子,上班族,office_worker,区域经理,外省市户籍,福建,,,
P00382,张星乐,女,43,40-44,有未成年孩子,自由业者,freelancer,摄影师,上海户籍,上海,,,
P00383,李桐,女,23,18-24,无需要照顾的孩子,大学生,university_student,硕士研究生,外省市户籍,江苏,,,
P00384,陈子晴,女,42,40-44,有未成年孩子,自由业者,freelancer,咨询顾问,上海户籍,上海,,,
P00385,刘思婷,女,31,30-34,无需要照顾的孩子,自由业者,freelancer,网店经营者,外省市户籍,安徽,,,
P00386,许嘉,男,31,30-34,有未成年孩子,上班族,office_worker,采购专员,外省市户籍,福建,,,
P00387,陈诗瑶,女,26,25-29,无需要照顾的孩子,自由业者,freelancer,私教,上海户籍,上海,,,
P00388,陈昊,男,30,30-34,无需要照顾的孩子,自由业者,freelancer,自由设计师,外省市户籍,安徽,,,
P00389,梁心俊,男,27,25-29,有未成年孩子,服务业者,service_worker,客服,上海户籍,上海,,,
P00390,曹诺知,女,34,30-34,有未成年孩子,上班族,office_worker,高级软件工程师,上海户籍,上海,,,
P00391,胡心晨,男,46,45-49,有成年孩子,上班族,office_worker,运营经理,外省市户籍,湖北,,,
P00392,王远轩,男,25,25-29,有未成年孩子,上班族,office_worker,客户专员,外省市户籍,江苏,,,
P00393,陈可晴,女,21,18-24,无需要照顾的孩子,服务业者,service_worker,保安,上海户籍,上海,,,
P00394,王怡思,女,45,45-49,有成年孩子,服务业者,service_worker,餐厅服务员,上海户籍,上海,,,
P00395,王远,男,33,30-34,有未成年孩子,上班族,office_worker,客户经理,上海户籍,上海,,,
P00396,陈瑶曦,女,31,30-34,有未成年孩子,上班族,office_worker,会计,外省市户籍,河南,,,
P00397,陈欣嘉,女,38,35-39,有未成年孩子,上班族,office_worker,高级项目经理,上海户籍,上海,,,
P00398,赵一诚,男,39,35-39,有未成年孩子,上班族,office_worker,财务经理,外省市户籍,其他,,,
P00399,刘思羽,女,44,40-44,有未成年孩子,上班族,office_worker,运营专员,上海户籍,上海,,,
P00400,吴宇,男,20,18-24,无需要照顾的孩子,服务业者,service_worker,理发师,外省市户籍,浙江,,,
P00401,王涵,男,25,25-29,无需要照顾的孩子,体力劳动者,manual_worker,司机,上海户籍,上海,,,
P00402,王欣雅,女,39,35-39,有未成年孩子,上班族,office_worker,会计,外省市户籍,安徽,,,
P00403,赵文晨,男,23,18-24,无需要照顾的孩子,上班族,office_worker,会计,上海户籍,上海,,,
P00404,王远,男,26,25-29,有未成年孩子,上班族,office_worker,会计,外省市户籍,河南,,,
P00405,张心思,男,38,35-39,有未成年孩子,上班族,office_worker,项目经理,上海户籍,上海,,,
P00406,李楷梓,男,28,25-29,无需要照顾的孩子,上班族,office_worker,高级运营专员,上海户籍,上海,,,
P00407,程辰嫣,女,38,35-39,无需要照顾的孩子,自由业者,freelancer,自媒体从业者,外省市户籍,江苏,,,
P00408,张一佳,女,42,40-44,有未成年孩子,服务业者,service_worker,健身教练,外省市户籍,四川,,,
P00409,陈怡涵,女,29,25-29,无需要照顾的孩子,体力劳动者,manual_worker,仓库操作员,外省市户籍,安徽,,,
P00410,周羽涵,女,24,18-24,无需要照顾的孩子,自由业者,freelancer,摄影师,上海户籍,上海,,,
P00411,朱文嘉,男,22,18-24,无需要照顾的孩子,上班族,office_worker,设计师,上海户籍,上海,,,
P00412,梁泽,男,29,25-29,有未成年孩子,体力劳动者,manual_worker,司机,外省市户籍,湖南,,,
P00413,王嘉言,男,23,18-24,无需要照顾的孩子,大学生,university_student,硕士研究生,上海户籍,上海,,,
P00414,徐言安,女,34,30-34,有未成年孩子,自由业者,freelancer,咨询顾问,上海户籍,上海,,,
P00415,陈哲哲,男,30,30-34,有未成年孩子,上班族,office_worker,客户经理,外省市户籍,山东,,,
P00416,徐楷,男,49,45-49,有未成年孩子,体力劳动者,manual_worker,安装工,上海户籍,上海,,,
P00417,杨清清,男,30,30-34,有未成年孩子,体力劳动者,manual_worker,维修技师,外省市户籍,河南,,,
P00418,张子,男,26,25-29,有未成年孩子,上班族,office_worker,项目经理,外省市户籍,山东,,,
P00419,郭豪轩,男,42,40-44,有成年孩子,体力劳动者,manual_worker,配送员,外省市户籍,安徽,,,
P00420,林泽清,男,49,45-49,无需要照顾的孩子,体力劳动者,manual_worker,配送员,外省市户籍,江苏,,,
P00421,李心乐,女,30,30-34,有未成年孩子,上班族,office_worker,软件工程师,上海户籍,上海,,,
P00422,吴志晨,男,24,18-24,无需要照顾的孩子,上班族,office_worker,行政专员,外省市户籍,四川,,,
P00423,孙晨,男,49,45-49,有未成年孩子,上班族,office_worker,高级项目经理,上海户籍,上海,,,
P00424,唐安然,男,31,30-34,有未成年孩子,服务业者,service_worker,酒店前台,上海户籍,上海,,,
P00425,徐嘉明,男,30,30-34,有未成年孩子,服务业者,service_worker,美容师,上海户籍,上海,,,
P00426,刘可文,男,18,18-24,无需要照顾的孩子,上班族,office_worker,客户专员,上海户籍,上海,,,
P00427,王睿哲,男,28,25-29,有未成年孩子,服务业者,service_worker,健身教练,外省市户籍,安徽,,,
P00428,林清,男,42,40-44,有未成年孩子,自由业者,freelancer,翻译,外省市户籍,河南,,,
P00429,王晨一,男,21,18-24,无需要照顾的孩子,服务业者,service_worker,厨师,上海户籍,上海,,,
P00430,李诗源,女,42,40-44,有未成年孩子,上班族,office_worker,业务负责人,上海户籍,上海,,,
P00431,徐可阳,男,44,40-44,有未成年孩子,服务业者,service_worker,餐厅服务员,上海户籍,上海,,,
P00432,李文豪,男,23,18-24,无需要照顾的孩子,服务业者,service_worker,厨师,上海户籍,上海,,,
P00433,马豪思,男,25,25-29,有未成年孩子,服务业者,service_worker,店员,上海户籍,上海,,,
P00434,李俊然,男,22,18-24,无需要照顾的孩子,大学生,university_student,本科生,上海户籍,上海,,,
P00435,陈可瑶,女,33,30-34,无需要照顾的孩子,上班族,office_worker,客户经理,上海户籍,上海,,,
P00436,张楷思,男,26,25-29,无需要照顾的孩子,服务业者,service_worker,房产经纪,上海户籍,上海,,,
P00437,赵诺,男,35,35-39,有未成年孩子,上班族,office_worker,采购经理,外省市户籍,广东,,,
P00438,张知诗,女,48,45-49,有未成年孩子,体力劳动者,manual_worker,建筑工人,外省市户籍,江苏,,,
P00439,韩曦星,女,46,45-49,有成年孩子,自由业者,freelancer,翻译,外省市户籍,福建,,,
P00440,宋雨安,女,19,18-24,无需要照顾的孩子,上班族,office_worker,数据分析师,上海户籍,上海,,,
P00441,梁子嫣,女,31,30-34,有未成年孩子,自由业者,freelancer,自由销售,上海户籍,上海,,,
P00442,刘梓,男,32,30-34,有未成年孩子,上班族,office_worker,采购专员,上海户籍,上海,,,
P00443,黄思瑶,女,40,40-44,有未成年孩子,上班族,office_worker,采购经理,外省市户籍,江苏,,,
P00444,曹琪羽,女,37,35-39,有未成年孩子,服务业者,service_worker,美容师,上海户籍,上海,,,
P00445,李思杰,男,35,35-39,有未成年孩子,上班族,office_worker,采购专员,外省市户籍,江苏,,,
P00446,王清可,女,31,30-34,有未成年孩子,上班族,office_worker,运营经理,外省市户籍,安徽,,,
P00447,王可,女,20,18-24,无需要照顾的孩子,服务业者,service_worker,美容师,上海户籍,上海,,,
P00448,杨欣,女,29,25-29,无需要照顾的孩子,服务业者,service_worker,客服,上海户籍,上海,,,
P00449,吴浩嘉,男,45,45-49,有成年孩子,体力劳动者,manual_worker,电工,外省市户籍,江苏,,,
P00450,王知可,男,27,25-29,有未成年孩子,自由业者,freelancer,自由设计师,上海户籍,上海,,,
P00451,王博博,男,27,25-29,无需要照顾的孩子,体力劳动者,manual_worker,维修技师,外省市户籍,安徽,,,
P00452,张佳诺,女,27,25-29,有未成年孩子,上班族,office_worker,HR经理,上海户籍,上海,,,
P00453,李安子,女,20,18-24,无需要照顾的孩子,大学生,university_student,硕士研究生,外省市户籍,四川,,,
P00454,高轩宁,男,26,25-29,无需要照顾的孩子,服务业者,service_worker,保安,上海户籍,上海,,,
P00455,马可语,女,46,45-49,有未成年孩子,体力劳动者,manual_worker,快递员,外省市户籍,湖北,,,
P00456,韩知晨,女,34,30-34,有未成年孩子,自由业者,freelancer,翻译,外省市户籍,江苏,,,
P00457,郭晨,女,28,25-29,无需要照顾的孩子,上班族,office_worker,区域经理,外省市户籍,山东,,,
P00458,张心怡,女,45,45-49,有未成年孩子,自由业者,freelancer,自由设计师,上海户籍,上海,,,
P00459,许宁思,女,30,30-34,有未成年孩子,服务业者,service_worker,健身教练,外省市户籍,江苏,,,
P00460,陈楷豪,男,25,25-29,有未成年孩子,体力劳动者,manual_worker,建筑工人,上海户籍,上海,,,
P00461,曹安,男,40,40-44,有未成年孩子,体力劳动者,manual_worker,设备操作员,外省市户籍,湖北,,,
P00462,赵宁心,男,47,45-49,有未成年孩子,体力劳动者,manual_worker,维修技师,外省市户籍,安徽,,,
P00463,赵乐,男,38,35-39,无需要照顾的孩子,上班族,office_worker,财务主管,上海户籍,上海,,,
P00464,李宇,男,45,45-49,有未成年孩子,自由业者,freelancer,自由设计师,上海户籍,上海,,,
P00465,陈思安,男,32,30-34,无需要照顾的孩子,上班族,office_worker,会计,外省市户籍,浙江,,,
P00466,张诚,男,31,30-34,有未成年孩子,服务业者,service_worker,房产经纪,上海户籍,上海,,,
P00467,高语宁,女,32,30-34,无需要照顾的孩子,上班族,office_worker,运营专员,上海户籍,上海,,,
P00468,王诺曦,女,31,30-34,无需要照顾的孩子,上班族,office_worker,销售经理,上海户籍,上海,,,
P00469,黄晓辰,女,22,18-24,无需要照顾的孩子,大学生,university_student,本科生,上海户籍,上海,,,
P00470,郭哲远,男,30,30-34,无需要照顾的孩子,上班族,office_worker,采购经理,外省市户籍,河南,,,
P00471,李诚文,男,18,18-24,无需要照顾的孩子,上班族,office_worker,会计,上海户籍,上海,,,
P00472,黄昊一,男,31,30-34,无需要照顾的孩子,上班族,office_worker,设计师,上海户籍,上海,,,
P00473,黄宁,女,22,18-24,无需要照顾的孩子,服务业者,service_worker,餐厅服务员,外省市户籍,河南,,,
P00474,陈婷桐,女,34,30-34,无需要照顾的孩子,上班族,office_worker,销售经理,外省市户籍,广东,,,
P00475,刘欣嫣,女,45,45-49,有未成年孩子,上班族,office_worker,销售经理,上海户籍,上海,,,
P00476,李睿嘉,男,37,35-39,有未成年孩子,服务业者,service_worker,厨师,上海户籍,上海,,,
P00477,马哲知,男,44,40-44,有未成年孩子,自由业者,freelancer,私教,上海户籍,上海,,,
P00478,李语,女,29,25-29,有未成年孩子,上班族,office_worker,运营专员,外省市户籍,浙江,,,
P00479,黄楷乐,男,35,35-39,有未成年孩子,上班族,office_worker,客户专员,外省市户籍,江西,,,
P00480,张可清,女,28,25-29,无需要照顾的孩子,上班族,office_worker,设计师,外省市户籍,湖南,,,
P00481,周诺雅,女,31,30-34,有未成年孩子,上班族,office_worker,软件工程师,外省市户籍,山东,,,
P00482,陈远清,女,30,30-34,有未成年孩子,上班族,office_worker,运营专员,上海户籍,上海,,,
P00483,张泽可,男,46,45-49,有未成年孩子,服务业者,service_worker,收银员,外省市户籍,广东,,,
P00484,周杰言,男,32,30-34,有未成年孩子,自由业者,freelancer,咨询顾问,上海户籍,上海,,,
P00485,陈远欣,女,24,18-24,无需要照顾的孩子,服务业者,service_worker,酒店服务人员,外省市户籍,江苏,,,
P00486,李子羽,女,39,35-39,有未成年孩子,体力劳动者,manual_worker,建筑工人,外省市户籍,陕西,,,
P00487,黄佑文,男,33,30-34,有未成年孩子,上班族,office_worker,运营专员,外省市户籍,山东,,,
P00488,赵静可,女,22,18-24,无需要照顾的孩子,上班族,office_worker,客户专员,上海户籍,上海,,,
P00489,唐可,女,37,35-39,有未成年孩子,上班族,office_worker,技术经理,上海户籍,上海,,,
P00490,李琪婷,女,34,30-34,无需要照顾的孩子,体力劳动者,manual_worker,配送员,上海户籍,上海,,,
P00491,刘轩宁,男,45,45-49,有成年孩子,服务业者,service_worker,美容师,外省市户籍,江苏,,,
P00492,陈欣,女,26,25-29,无需要照顾的孩子,上班族,office_worker,运营专员,外省市户籍,湖北,,,
P00493,林轩楷,男,35,35-39,有成年孩子,上班族,office_worker,销售经理,外省市户籍,湖南,,,
P00494,赵可晴,女,22,18-24,无需要照顾的孩子,上班族,office_worker,财务专员,外省市户籍,浙江,,,
P00495,孙嘉嘉,男,44,40-44,有成年孩子,上班族,office_worker,HR经理,外省市户籍,山东,,,
P00496,许曦一,女,26,25-29,无需要照顾的孩子,服务业者,service_worker,收银员,上海户籍,上海,,,
P00497,赵静嘉,女,19,18-24,无需要照顾的孩子,服务业者,service_worker,保安,外省市户籍,湖南,,,
P00498,吴昊安,男,38,35-39,无需要照顾的孩子,服务业者,service_worker,酒店前台,外省市户籍,四川,,,
P00499,邓诗曦,女,44,40-44,有未成年孩子,服务业者,service_worker,房产经纪,上海户籍,上海,,,
P00500,黄涵哲,男,46,45-49,有成年孩子,服务业者,service_worker,收银员,外省市户籍,其他,,,
P00501,林轩明,男,38,35-39,无需要照顾的孩子,上班族,office_worker,数据分析师,上海户籍,上海,,,
P00502,杨心,男,28,25-29,无需要照顾的孩子,上班族,office_worker,销售代表,上海户籍,上海,,,
P00503,高子浩,男,33,30-34,有未成年孩子,上班族,office_worker,采购专员,外省市户籍,四川,,,
P00504,王言嫣,女,28,25-29,无需要照顾的孩子,上班族,office_worker,销售代表,外省市户籍,江西,,,
P00505,高若安,女,30,30-34,有未成年孩子,上班族,office_worker,销售代表,外省市户籍,江苏,,,
P00506,唐心可,女,27,25-29,无需要照顾的孩子,上班族,office_worker,项目经理,上海户籍,上海,,,
P00507,刘文轩,男,25,25-29,无需要照顾的孩子,服务业者,service_worker,理发师,外省市户籍,江苏,,,
P00508,张宁安,女,36,35-39,有未成年孩子,服务业者,service_worker,理发师,外省市户籍,江苏,,,
P00509,周宇豪,男,36,35-39,有未成年孩子,体力劳动者,manual_worker,设备操作员,上海户籍,上海,,,
P00510,张泽楷,男,49,45-49,无需要照顾的孩子,体力劳动者,manual_worker,维修技师,上海户籍,上海,,,
P00511,王清梓,男,36,35-39,无需要照顾的孩子,上班族,office_worker,会计,外省市户籍,四川,,,
P00512,吴泽轩,男,42,40-44,有未成年孩子,上班族,office_worker,销售经理,外省市户籍,四川,,,
P00513,吴知,女,23,18-24,无需要照顾的孩子,大学生,university_student,博士研究生,外省市户籍,福建,,,
P00514,王嫣辰,女,39,35-39,有未成年孩子,上班族,office_worker,采购经理,外省市户籍,江苏,,,
P00515,张雅彤,女,33,30-34,有未成年孩子,上班族,office_worker,采购经理,外省市户籍,安徽,,,
P00516,林嘉婷,女,43,40-44,有未成年孩子,上班族,office_worker,HR经理,外省市户籍,福建,,,
P00517,胡瑶安,女,34,30-34,无需要照顾的孩子,上班族,office_worker,财务专员,上海户籍,上海,,,
P00518,黄嘉浩,男,49,45-49,有未成年孩子,服务业者,service_worker,房产经纪,上海户籍,上海,,,
P00519,刘晨晓,女,31,30-34,无需要照顾的孩子,上班族,office_worker,数据分析师,上海户籍,上海,,,
P00520,陈俊远,男,41,40-44,有未成年孩子,上班族,office_worker,客户专员,外省市户籍,四川,,,
P00521,张晨天,男,46,45-49,无需要照顾的孩子,服务业者,service_worker,餐厅服务员,上海户籍,上海,,,
P00522,梁语雅,女,22,18-24,有未成年孩子,大学生,university_student,本科生,外省市户籍,浙江,,,
P00523,王星晨,女,36,35-39,无需要照顾的孩子,体力劳动者,manual_worker,搬运工,外省市户籍,其他,,,
P00524,黄欣远,女,47,45-49,有成年孩子,自由业者,freelancer,自由销售,外省市户籍,江西,,,
P00525,陈曦星,女,33,30-34,有未成年孩子,大学生,university_student,硕士研究生,外省市户籍,山东,,,
P00526,杨文清,男,34,30-34,无需要照顾的孩子,上班族,office_worker,财务主管,上海户籍,上海,,,
P00527,陈诚,男,49,45-49,有成年孩子,上班族,office_worker,财务主管,外省市户籍,安徽,,,
P00528,罗晨晨,男,38,35-39,有未成年孩子,上班族,office_worker,客户专员,上海户籍,上海,,,
P00529,胡可辰,女,47,45-49,有成年孩子,服务业者,service_worker,客服,外省市户籍,浙江,,,
P00530,王安,女,29,25-29,有未成年孩子,上班族,office_worker,销售代表,外省市户籍,山东,,,
P00531,徐曦安,女,19,18-24,无需要照顾的孩子,服务业者,service_worker,房产经纪,上海户籍,上海,,,
P00532,宋婉瑶,女,18,18-24,无需要照顾的孩子,上班族,office_worker,HR经理,外省市户籍,浙江,,,
P00533,唐诚羽,男,19,18-24,无需要照顾的孩子,服务业者,service_worker,店员,外省市户籍,江苏,,,
P00534,胡豪辰,男,41,40-44,有未成年孩子,上班族,office_worker,业务负责人,外省市户籍,山东,,,
P00535,张欣若,女,39,35-39,有未成年孩子,上班族,office_worker,财务主管,外省市户籍,江西,,,
P00536,梁瑶嘉,女,20,18-24,无需要照顾的孩子,大学生,university_student,本科生,上海户籍,上海,,,
P00537,曹婷桐,女,30,30-34,无需要照顾的孩子,上班族,office_worker,项目经理,外省市户籍,河南,,,
P00538,刘可乐,男,31,30-34,有未成年孩子,体力劳动者,manual_worker,安装工,上海户籍,上海,,,
P00539,郑雅欣,女,35,35-39,有未成年孩子,体力劳动者,manual_worker,仓库操作员,外省市户籍,江苏,,,
P00540,吴哲,男,18,18-24,无需要照顾的孩子,大学生,university_student,本科生,外省市户籍,湖北,,,
P00541,孙俊杰,男,34,30-34,无需要照顾的孩子,体力劳动者,manual_worker,司机,外省市户籍,其他,,,
P00542,张若婉,女,24,18-24,无需要照顾的孩子,自由业者,freelancer,网店经营者,上海户籍,上海,,,
P00543,杨文天,男,36,35-39,有未成年孩子,服务业者,service_worker,房产经纪,上海户籍,上海,,,
P00544,李诺,女,31,30-34,无需要照顾的孩子,上班族,office_worker,采购专员,外省市户籍,江西,,,
P00545,陈安,男,21,18-24,无需要照顾的孩子,上班族,office_worker,会计,外省市户籍,山东,,,
P00546,张嫣远,女,46,45-49,有未成年孩子,体力劳动者,manual_worker,仓库操作员,上海户籍,上海,,,
P00547,王婷静,女,41,40-44,无需要照顾的孩子,上班族,office_worker,产品经理,上海户籍,上海,,,
P00548,邓博泽,男,47,45-49,有成年孩子,体力劳动者,manual_worker,司机,外省市户籍,湖南,,,
P00549,郭乐安,女,43,40-44,无需要照顾的孩子,上班族,office_worker,产品经理,上海户籍,上海,,,
P00550,杨语,女,31,30-34,有未成年孩子,服务业者,service_worker,健身教练,外省市户籍,安徽,,,
P00551,郭涵,男,41,40-44,无需要照顾的孩子,服务业者,service_worker,酒店服务人员,上海户籍,上海,,,
P00552,王一晨,男,28,25-29,无需要照顾的孩子,服务业者,service_worker,房产经纪,外省市户籍,安徽,,,
P00553,张文俊,男,28,25-29,无需要照顾的孩子,大学生,university_student,硕士研究生,上海户籍,上海,,,
P00554,何言轩,男,18,18-24,有未成年孩子,体力劳动者,manual_worker,电工,外省市户籍,湖北,,,
P00555,周可,男,28,25-29,有未成年孩子,服务业者,service_worker,客服,外省市户籍,山东,,,
P00556,梁俊志,男,44,40-44,无需要照顾的孩子,上班族,office_worker,财务主管,上海户籍,上海,,,
P00557,孙心,女,24,18-24,无需要照顾的孩子,上班族,office_worker,设计师,外省市户籍,湖北,,,
P00558,陈子思,女,25,25-29,无需要照顾的孩子,上班族,office_worker,项目经理,上海户籍,上海,,,
P00559,陈子一,男,29,25-29,有未成年孩子,体力劳动者,manual_worker,维修技师,外省市户籍,其他,,,
P00560,邓远嘉,男,35,35-39,有未成年孩子,自由业者,freelancer,自由销售,外省市户籍,江苏,,,
P00561,黄辰乐,男,42,40-44,有未成年孩子,上班族,office_worker,设计师,外省市户籍,江苏,,,
P00562,韩嘉,男,48,45-49,有未成年孩子,上班族,office_worker,销售经理,上海户籍,上海,,,
P00563,梁文晨,男,28,25-29,无需要照顾的孩子,服务业者,service_worker,店员,上海户籍,上海,,,
P00564,王志梓,男,39,35-39,有未成年孩子,上班族,office_worker,财务主管,外省市户籍,浙江,,,
P00565,吴涵佑,男,36,35-39,有未成年孩子,上班族,office_worker,数据分析师,外省市户籍,江苏,,,
P00566,张羽可,女,36,35-39,有成年孩子,体力劳动者,manual_worker,维修技师,上海户籍,上海,,,
P00567,王远,男,18,18-24,无需要照顾的孩子,自由业者,freelancer,咨询顾问,上海户籍,上海,,,
P00568,吴杰梓,男,40,40-44,有未成年孩子,服务业者,service_worker,客服,上海户籍,上海,,,
P00569,杨明嘉,男,40,40-44,有成年孩子,服务业者,service_worker,收银员,上海户籍,上海,,,
P00570,李心嘉,男,20,18-24,无需要照顾的孩子,服务业者,service_worker,理发师,上海户籍,上海,,,
P00571,郑晨乐,男,36,35-39,有未成年孩子,服务业者,service_worker,收银员,外省市户籍,江西,,,
P00572,孙一宁,男,41,40-44,有未成年孩子,上班族,office_worker,高级项目经理,外省市户籍,湖北,,,
P00573,郑睿泽,男,28,25-29,有未成年孩子,上班族,office_worker,数据分析师,上海户籍,上海,,,
P00574,王怡涵,女,28,25-29,无需要照顾的孩子,服务业者,service_worker,厨师,上海户籍,上海,,,
P00575,韩诗晓,女,32,30-34,有未成年孩子,服务业者,service_worker,理发师,外省市户籍,湖南,,,
P00576,周宁,女,49,45-49,无需要照顾的孩子,上班族,office_worker,销售经理,外省市户籍,四川,,,
P00577,陈昊,男,21,18-24,无需要照顾的孩子,上班族,office_worker,会计,外省市户籍,浙江,,,
P00578,唐安,女,38,35-39,有未成年孩子,上班族,office_worker,项目经理,外省市户籍,湖北,,,
P00579,徐辰嘉,男,30,30-34,有未成年孩子,体力劳动者,manual_worker,快递员,上海户籍,上海,,,
P00580,宋佳晓,女,40,40-44,有未成年孩子,服务业者,service_worker,酒店前台,上海户籍,上海,,,
P00581,梁子乐,女,42,40-44,有未成年孩子,上班族,office_worker,会计,外省市户籍,河南,,,
P00582,张泽楷,男,25,25-29,无需要照顾的孩子,上班族,office_worker,采购经理,外省市户籍,江苏,,,
P00583,张言,男,30,30-34,无需要照顾的孩子,服务业者,service_worker,美容师,外省市户籍,江苏,,,
P00584,李宁涵,男,43,40-44,有未成年孩子,上班族,office_worker,财务主管,上海户籍,上海,,,
P00585,邓怡怡,女,31,30-34,无需要照顾的孩子,自由业者,freelancer,自由销售,外省市户籍,福建,,,
P00586,董羽,男,43,40-44,有未成年孩子,上班族,office_worker,财务主管,外省市户籍,广东,,,
P00587,林言然,男,43,40-44,有未成年孩子,服务业者,service_worker,酒店服务人员,外省市户籍,河南,,,
P00588,程子豪,男,35,35-39,无需要照顾的孩子,服务业者,service_worker,客服,上海户籍,上海,,,
P00589,马星,女,27,25-29,有未成年孩子,服务业者,service_worker,理发师,外省市户籍,河南,,,
P00590,于一晴,女,31,30-34,有未成年孩子,服务业者,service_worker,厨师,外省市户籍,浙江,,,
P00591,刘言子,女,32,30-34,有未成年孩子,自由业者,freelancer,自由设计师,上海户籍,上海,,,
P00592,张宁心,女,49,45-49,有成年孩子,服务业者,service_worker,房产经纪,上海户籍,上海,,,
P00593,梁瑶言,女,44,40-44,有未成年孩子,服务业者,service_worker,厨师,上海户籍,上海,,,
P00594,刘安,女,32,30-34,无需要照顾的孩子,上班族,office_worker,会计,上海户籍,上海,,,
P00595,宋乐星,女,32,30-34,无需要照顾的孩子,上班族,office_worker,财务主管,上海户籍,上海,,,
P00596,周辰言,女,21,18-24,无需要照顾的孩子,自由业者,freelancer,摄影师,上海户籍,上海,,,
P00597,刘心远,女,39,35-39,有未成年孩子,自由业者,freelancer,自由销售,上海户籍,上海,,,
P00598,李博豪,男,37,35-39,有未成年孩子,上班族,office_worker,数据分析师,上海户籍,上海,,,
P00599,张梓晨,男,24,18-24,无需要照顾的孩子,大学生,university_student,硕士研究生,上海户籍,上海,,,
P00600,黄可晓,女,42,40-44,有未成年孩子,自由业者,freelancer,摄影师,外省市户籍,湖北,,,
P00601,赵思,女,42,40-44,无需要照顾的孩子,服务业者,service_worker,厨师,外省市户籍,河南,,,
P00602,李琪,女,25,25-29,无需要照顾的孩子,上班族,office_worker,采购专员,外省市户籍,广东,,,
P00603,吴嫣心,女,40,40-44,无需要照顾的孩子,自由业者,freelancer,自由设计师,上海户籍,上海,,,
P00604,吴星楷,男,36,35-39,有未成年孩子,上班族,office_worker,业务负责人,上海户籍,上海,,,
P00605,黄然佑,男,43,40-44,有未成年孩子,自由业者,freelancer,自由销售,外省市户籍,安徽,,,
P00606,何羽思,男,45,45-49,有成年孩子,上班族,office_worker,数据分析师,外省市户籍,湖南,,,
P00607,刘晨雅,女,29,25-29,无需要照顾的孩子,上班族,office_worker,销售经理,上海户籍,上海,,,
P00608,许羽涵,女,22,18-24,无需要照顾的孩子,上班族,office_worker,设计师,上海户籍,上海,,,
P00609,黄天远,男,25,25-29,无需要照顾的孩子,上班族,office_worker,财务专员,外省市户籍,安徽,,,
P00610,孙欣思,女,43,40-44,有成年孩子,体力劳动者,manual_worker,设备操作员,外省市户籍,浙江,,,
P00611,陈心阳,男,47,45-49,有未成年孩子,体力劳动者,manual_worker,焊工,上海户籍,上海,,,
P00612,王阳羽,男,29,25-29,有未成年孩子,服务业者,service_worker,店员,外省市户籍,浙江,,,
P00613,张嘉楷,男,49,45-49,有未成年孩子,上班族,office_worker,高级软件工程师,外省市户籍,江苏,,,
P00614,朱怡,女,47,45-49,有未成年孩子,上班族,office_worker,HR经理,外省市户籍,四川,,,
P00615,陈乐可,女,23,18-24,无需要照顾的孩子,大学生,university_student,硕士研究生,外省市户籍,河南,,,
P00616,刘远梦,女,31,30-34,有未成年孩子,服务业者,service_worker,收银员,外省市户籍,安徽,,,
P00617,程欣涵,女,38,35-39,有未成年孩子,自由业者,freelancer,自由销售,外省市户籍,湖北,,,
P00618,王雨诗,女,44,40-44,有未成年孩子,上班族,office_worker,财务主管,外省市户籍,山东,,,
P00619,李博,男,48,45-49,有成年孩子,服务业者,service_worker,理发师,外省市户籍,安徽,,,
P00620,赵若,女,41,40-44,有成年孩子,上班族,office_worker,产品经理,上海户籍,上海,,,
P00621,孙宁,男,38,35-39,有未成年孩子,上班族,office_worker,业务负责人,上海户籍,上海,,,
P00622,陈琪,女,20,18-24,无需要照顾的孩子,体力劳动者,manual_worker,建筑工人,上海户籍,上海,,,
P00623,王思,男,28,25-29,无需要照顾的孩子,上班族,office_worker,采购经理,上海户籍,上海,,,
P00624,李安可,女,41,40-44,无需要照顾的孩子,上班族,office_worker,采购经理,外省市户籍,安徽,,,
P00625,郭嘉,男,33,30-34,有未成年孩子,上班族,office_worker,数据分析师,上海户籍,上海,,,
P00626,冯源,男,36,35-39,无需要照顾的孩子,上班族,office_worker,高级运营专员,上海户籍,上海,,,
P00627,胡思欣,女,24,18-24,无需要照顾的孩子,大学生,university_student,硕士研究生,外省市户籍,安徽,,,
P00628,李博子,男,33,30-34,无需要照顾的孩子,上班族,office_worker,财务主管,上海户籍,上海,,,
P00629,罗博宁,男,31,30-34,无需要照顾的孩子,上班族,office_worker,财务专员,上海户籍,上海,,,
P00630,周豪,男,34,30-34,无需要照顾的孩子,服务业者,service_worker,健身教练,外省市户籍,浙江,,,
P00631,陈宁,女,21,18-24,无需要照顾的孩子,大学生,university_student,本科生,外省市户籍,其他,,,
P00632,李源,男,30,30-34,有未成年孩子,上班族,office_worker,销售代表,上海户籍,上海,,,
P00633,李哲然,男,26,25-29,有未成年孩子,自由业者,freelancer,自由销售,上海户籍,上海,,,
P00634,陈婉婉,女,28,25-29,无需要照顾的孩子,上班族,office_worker,行政专员,外省市户籍,湖南,,,
P00635,郭梓,男,40,40-44,有未成年孩子,上班族,office_worker,运营经理,上海户籍,上海,,,
P00636,郭子诺,男,37,35-39,无需要照顾的孩子,上班族,office_worker,行政专员,上海户籍,上海,,,
P00637,王文子,男,31,30-34,有未成年孩子,体力劳动者,manual_worker,安装工,外省市户籍,山东,,,
P00638,朱彤欣,女,30,30-34,有未成年孩子,上班族,office_worker,客户专员,上海户籍,上海,,,
P00639,吴心晴,女,34,30-34,有未成年孩子,上班族,office_worker,会计,外省市户籍,安徽,,,
P00640,马一,男,28,25-29,无需要照顾的孩子,服务业者,service_worker,客服,上海户籍,上海,,,
P00641,曹子然,男,46,45-49,有成年孩子,体力劳动者,manual_worker,焊工,上海户籍,上海,,,
P00642,杨嘉欣,女,47,45-49,有未成年孩子,服务业者,service_worker,健身教练,上海户籍,上海,,,
P00643,吴嘉文,男,29,25-29,无需要照顾的孩子,上班族,office_worker,财务专员,上海户籍,上海,,,
P00644,黄天羽,男,33,30-34,无需要照顾的孩子,自由业者,freelancer,独立程序员,外省市户籍,浙江,,,
P00645,刘晴,女,27,25-29,有未成年孩子,上班族,office_worker,设计师,上海户籍,上海,,,
P00646,朱清诚,男,36,35-39,有未成年孩子,自由业者,freelancer,独立程序员,上海户籍,上海,,,
P00647,张远博,男,34,30-34,无需要照顾的孩子,上班族,office_worker,行政专员,上海户籍,上海,,,
P00648,周文佑,男,27,25-29,无需要照顾的孩子,自由业者,freelancer,翻译,外省市户籍,江苏,,,
P00649,胡远远,男,49,45-49,有未成年孩子,上班族,office_worker,HR经理,上海户籍,上海,,,
P00650,张羽涵,女,44,40-44,有未成年孩子,上班族,office_worker,销售经理,外省市户籍,湖南,,,
P00651,王远言,男,21,18-24,无需要照顾的孩子,服务业者,service_worker,酒店前台,外省市户籍,安徽,,,
P00652,杨文楷,男,44,40-44,有未成年孩子,上班族,office_worker,销售经理,上海户籍,上海,,,
P00653,杨一瑶,女,41,40-44,有未成年孩子,服务业者,service_worker,美容师,上海户籍,上海,,,
P00654,何诺涵,男,44,40-44,有未成年孩子,上班族,office_worker,财务主管,上海户籍,上海,,,
P00655,于心子,男,36,35-39,有未成年孩子,体力劳动者,manual_worker,配送员,上海户籍,上海,,,
P00656,梁远曦,女,25,25-29,无需要照顾的孩子,服务业者,service_worker,收银员,上海户籍,上海,,,
P00657,李雅清,女,37,35-39,有未成年孩子,上班族,office_worker,高级产品经理,上海户籍,上海,,,
P00658,刘思,女,47,45-49,有未成年孩子,服务业者,service_worker,健身教练,外省市户籍,河北,,,
P00659,林言怡,女,43,40-44,无需要照顾的孩子,自由业者,freelancer,翻译,外省市户籍,安徽,,,
P00660,孙诚哲,男,29,25-29,无需要照顾的孩子,大学生,university_student,硕士研究生,外省市户籍,河北,,,
P00661,陈梓,男,35,35-39,有未成年孩子,上班族,office_worker,财务经理,上海户籍,上海,,,
P00662,陈豪远,男,34,30-34,无需要照顾的孩子,上班族,office_worker,采购经理,上海户籍,上海,,,
P00663,邓可,女,43,40-44,无需要照顾的孩子,上班族,office_worker,产品经理,外省市户籍,江苏,,,
P00664,李杰,男,40,40-44,有成年孩子,体力劳动者,manual_worker,安装工,上海户籍,上海,,,
P00665,梁远昊,男,27,25-29,有未成年孩子,服务业者,service_worker,理发师,上海户籍,上海,,,
P00666,郭泽心,男,33,30-34,有未成年孩子,上班族,office_worker,会计,外省市户籍,江西,,,
P00667,刘佳羽,女,29,25-29,无需要照顾的孩子,服务业者,service_worker,房产经纪,外省市户籍,安徽,,,
P00668,张涵乐,女,25,25-29,无需要照顾的孩子,上班族,office_worker,设计师,上海户籍,上海,,,
P00669,陈俊,男,20,18-24,无需要照顾的孩子,上班族,office_worker,财务专员,上海户籍,上海,,,
P00670,周景睿,男,49,45-49,有成年孩子,自由业者,freelancer,自媒体从业者,外省市户籍,湖南,,,
P00671,李宁睿,男,34,30-34,无需要照顾的孩子,自由业者,freelancer,私教,上海户籍,上海,,,
P00672,韩景子,男,39,35-39,有未成年孩子,服务业者,service_worker,美容师,上海户籍,上海,,,
P00673,张晨清,女,33,30-34,有未成年孩子,上班族,office_worker,采购经理,外省市户籍,江苏,,,
P00674,陈星,男,28,25-29,无需要照顾的孩子,上班族,office_worker,设计师,外省市户籍,四川,,,
P00675,高琪可,女,43,40-44,无需要照顾的孩子,上班族,office_worker,HR经理,上海户籍,上海,,,
P00676,孙豪知,男,31,30-34,无需要照顾的孩子,上班族,office_worker,高级运营专员,上海户籍,上海,,,
P00677,张思可,女,34,30-34,无需要照顾的孩子,服务业者,service_worker,酒店前台,上海户籍,上海,,,
P00678,李宇嘉,男,25,25-29,无需要照顾的孩子,上班族,office_worker,数据分析师,上海户籍,上海,,,
P00679,杨昊楷,男,27,25-29,无需要照顾的孩子,上班族,office_worker,财务专员,外省市户籍,湖南,,,
P00680,陈星文,男,33,30-34,无需要照顾的孩子,上班族,office_worker,销售代表,上海户籍,上海,,,
P00681,刘欣,女,29,25-29,无需要照顾的孩子,上班族,office_worker,设计师,外省市户籍,福建,,,
P00682,王可豪,男,40,40-44,有未成年孩子,上班族,office_worker,业务负责人,外省市户籍,江苏,,,
P00683,王雨婷,女,36,35-39,有未成年孩子,自由业者,freelancer,自媒体从业者,上海户籍,上海,,,
P00684,孙睿源,男,28,25-29,无需要照顾的孩子,自由业者,freelancer,独立程序员,上海户籍,上海,,,
P00685,袁思,女,29,25-29,无需要照顾的孩子,服务业者,service_worker,美容师,上海户籍,上海,,,
P00686,邓瑶晨,女,26,25-29,无需要照顾的孩子,上班族,office_worker,客户专员,上海户籍,上海,,,
P00687,王睿嘉,男,31,30-34,有未成年孩子,上班族,office_worker,业务负责人,外省市户籍,浙江,,,
P00688,刘可,男,30,30-34,有未成年孩子,自由业者,freelancer,私教,上海户籍,上海,,,
P00689,王泽羽,男,21,18-24,无需要照顾的孩子,上班族,office_worker,软件工程师,上海户籍,上海,,,
P00690,唐佑,男,31,30-34,无需要照顾的孩子,上班族,office_worker,销售经理,上海户籍,上海,,,
P00691,张轩杰,男,36,35-39,有未成年孩子,体力劳动者,manual_worker,建筑工人,外省市户籍,四川,,,
P00692,马文宁,男,36,35-39,无需要照顾的孩子,服务业者,service_worker,保安,上海户籍,上海,,,
P00693,罗诺,男,34,30-34,有未成年孩子,体力劳动者,manual_worker,安装工,外省市户籍,河南,,,
P00694,张天,男,44,40-44,有未成年孩子,服务业者,service_worker,酒店服务人员,外省市户籍,浙江,,,
P00695,吴若诺,女,43,40-44,有未成年孩子,上班族,office_worker,运营经理,上海户籍,上海,,,
P00696,何欣思,女,24,18-24,无需要照顾的孩子,上班族,office_worker,销售代表,上海户籍,上海,,,
P00697,陈佳婉,女,25,25-29,有未成年孩子,大学生,university_student,硕士研究生,外省市户籍,江西,,,
P00698,唐安宁,男,36,35-39,有未成年孩子,服务业者,service_worker,客服,上海户籍,上海,,,
P00699,程嘉浩,男,40,40-44,有未成年孩子,上班族,office_worker,设计师,上海户籍,上海,,,
P00700,胡哲浩,男,46,45-49,无需要照顾的孩子,服务业者,service_worker,店员,上海户籍,上海,,,
P00701,郭嘉,男,22,18-24,无需要照顾的孩子,服务业者,service_worker,理发师,上海户籍,上海,,,
P00702,郭明文,男,25,25-29,有未成年孩子,上班族,office_worker,行政专员,外省市户籍,山东,,,
P00703,刘睿泽,男,40,40-44,有未成年孩子,服务业者,service_worker,客服,上海户籍,上海,,,
P00704,胡杰轩,男,29,25-29,有未成年孩子,上班族,office_worker,运营专员,上海户籍,上海,,,
P00705,李婷子,女,27,25-29,有未成年孩子,上班族,office_worker,软件工程师,外省市户籍,浙江,,,
P00706,梁思,女,25,25-29,无需要照顾的孩子,上班族,office_worker,财务专员,上海户籍,上海,,,
P00707,李安泽,男,39,35-39,有未成年孩子,自由业者,freelancer,摄影师,外省市户籍,其他,,,
P00708,陈哲安,男,28,25-29,有未成年孩子,自由业者,freelancer,私教,外省市户籍,江苏,,,
P00709,马嘉然,男,29,25-29,有未成年孩子,上班族,office_worker,运营专员,外省市户籍,安徽,,,
P00710,王诗语,女,36,35-39,有未成年孩子,服务业者,service_worker,酒店服务人员,外省市户籍,浙江,,,
P00711,徐辰雅,女,44,40-44,有未成年孩子,体力劳动者,manual_worker,安装工,上海户籍,上海,,,
P00712,李彤晓,女,47,45-49,有成年孩子,体力劳动者,manual_worker,仓库操作员,上海户籍,上海,,,
P00713,马嘉浩,男,39,35-39,有未成年孩子,自由业者,freelancer,独立程序员,上海户籍,上海,,,
P00714,李涵瑶,女,29,25-29,无需要照顾的孩子,大学生,university_student,博士研究生,外省市户籍,江苏,,,
P00715,张豪天,男,26,25-29,无需要照顾的孩子,服务业者,service_worker,店员,外省市户籍,四川,,,
P00716,杨嘉乐,男,44,40-44,有未成年孩子,上班族,office_worker,财务专员,外省市户籍,江西,,,
P00717,张梓,男,26,25-29,无需要照顾的孩子,上班族,office_worker,产品经理,上海户籍,上海,,,
P00718,胡宁轩,男,29,25-29,无需要照顾的孩子,上班族,office_worker,运营专员,外省市户籍,湖南,,,
P00719,徐曦怡,女,29,25-29,无需要照顾的孩子,上班族,office_worker,运营专员,外省市户籍,浙江,,,
P00720,王琪晴,女,39,35-39,有未成年孩子,上班族,office_worker,采购专员,外省市户籍,江苏,,,
P00721,吴豪景,男,25,25-29,有未成年孩子,体力劳动者,manual_worker,配送员,外省市户籍,河南,,,
P00722,曹晨轩,男,31,30-34,有未成年孩子,上班族,office_worker,行政专员,外省市户籍,河南,,,
P00723,王乐一,女,22,18-24,无需要照顾的孩子,上班族,office_worker,采购专员,外省市户籍,其他,,,
P00724,王乐琪,女,32,30-34,无需要照顾的孩子,服务业者,service_worker,店员,外省市户籍,浙江,,,
P00725,张羽思,女,43,40-44,无需要照顾的孩子,服务业者,service_worker,餐厅服务员,外省市户籍,江西,,,
P00726,徐宇楷,男,19,18-24,无需要照顾的孩子,服务业者,service_worker,客服,上海户籍,上海,,,
P00727,王涵静,女,42,40-44,无需要照顾的孩子,上班族,office_worker,高级项目经理,外省市户籍,江苏,,,
P00728,朱瑶曦,女,30,30-34,无需要照顾的孩子,自由业者,freelancer,自由设计师,上海户籍,上海,,,
P00729,杨言轩,男,39,35-39,有未成年孩子,体力劳动者,manual_worker,设备操作员,外省市户籍,湖南,,,
P00730,谢可,女,47,45-49,有未成年孩子,上班族,office_worker,数据分析师,上海户籍,上海,,,
P00731,陈子诺,女,32,30-34,无需要照顾的孩子,服务业者,service_worker,理发师,外省市户籍,江苏,,,
P00732,李文豪,男,24,18-24,无需要照顾的孩子,自由业者,freelancer,咨询顾问,外省市户籍,江西,,,
P00733,周哲昊,男,28,25-29,无需要照顾的孩子,上班族,office_worker,行政专员,外省市户籍,安徽,,,
P00734,许辰轩,男,47,45-49,无需要照顾的孩子,服务业者,service_worker,收银员,上海户籍,上海,,,
P00735,黄晴彤,女,19,18-24,无需要照顾的孩子,上班族,office_worker,销售代表,上海户籍,上海,,,
P00736,胡佳,女,38,35-39,无需要照顾的孩子,体力劳动者,manual_worker,配送员,上海户籍,上海,,,
P00737,李思,女,25,25-29,无需要照顾的孩子,自由业者,freelancer,摄影师,上海户籍,上海,,,
P00738,李远星,男,34,30-34,无需要照顾的孩子,上班族,office_worker,会计,上海户籍,上海,,,
P00739,陈涵,女,31,30-34,有未成年孩子,服务业者,service_worker,保安,外省市户籍,江西,,,
P00740,郭嘉文,男,43,40-44,有未成年孩子,上班族,office_worker,数据分析师,上海户籍,上海,,,
P00741,程晨,男,37,35-39,有未成年孩子,上班族,office_worker,产品经理,上海户籍,上海,,,
P00742,李婷思,女,39,35-39,无需要照顾的孩子,上班族,office_worker,运营经理,上海户籍,上海,,,
P00743,李乐可,男,46,45-49,有成年孩子,上班族,office_worker,销售代表,上海户籍,上海,,,
P00744,王轩心,男,45,45-49,有成年孩子,服务业者,service_worker,酒店服务人员,外省市户籍,安徽,,,
P00745,朱欣,女,26,25-29,有未成年孩子,服务业者,service_worker,美容师,上海户籍,上海,,,
P00746,林晓怡,女,38,35-39,无需要照顾的孩子,上班族,office_worker,HR经理,外省市户籍,江苏,,,
P00747,朱博,男,27,25-29,无需要照顾的孩子,自由业者,freelancer,独立程序员,上海户籍,上海,,,
P00748,吴思羽,男,22,18-24,无需要照顾的孩子,上班族,office_worker,项目经理,上海户籍,上海,,,
P00749,王轩楷,男,30,30-34,无需要照顾的孩子,上班族,office_worker,会计,外省市户籍,湖北,,,
P00750,马泽安,男,23,18-24,无需要照顾的孩子,服务业者,service_worker,酒店服务人员,外省市户籍,四川,,,
P00751,朱志,男,41,40-44,有未成年孩子,体力劳动者,manual_worker,司机,外省市户籍,江西,,,
P00752,何宁思,女,26,25-29,有未成年孩子,服务业者,service_worker,酒店前台,外省市户籍,河南,,,
P00753,朱晨子,女,37,35-39,有未成年孩子,上班族,office_worker,数据分析师,外省市户籍,福建,,,
P00754,黄言,男,39,35-39,无需要照顾的孩子,上班族,office_worker,采购专员,外省市户籍,江苏,,,
P00755,王轩文,男,31,30-34,无需要照顾的孩子,自由业者,freelancer,独立程序员,外省市户籍,江苏,,,
P00756,李一梓,男,44,40-44,有未成年孩子,体力劳动者,manual_worker,仓库操作员,上海户籍,上海,,,
P00757,陈羽雨,女,28,25-29,有未成年孩子,体力劳动者,manual_worker,建筑工人,外省市户籍,河南,,,
P00758,吴辰一,男,32,30-34,无需要照顾的孩子,服务业者,service_worker,店员,上海户籍,上海,,,
P00759,张梓,男,47,45-49,有成年孩子,服务业者,service_worker,健身教练,上海户籍,上海,,,
P00760,朱子诺,男,46,45-49,有成年孩子,服务业者,service_worker,收银员,外省市户籍,安徽,,,
P00761,徐晨,男,38,35-39,有未成年孩子,服务业者,service_worker,收银员,上海户籍,上海,,,
P00762,刘嫣语,女,32,30-34,有未成年孩子,上班族,office_worker,财务专员,上海户籍,上海,,,
P00763,邓羽琪,女,39,35-39,有未成年孩子,上班族,office_worker,设计师,上海户籍,上海,,,
P00764,张安嫣,女,34,30-34,有未成年孩子,上班族,office_worker,技术经理,上海户籍,上海,,,
P00765,林昊,男,22,18-24,无需要照顾的孩子,上班族,office_worker,行政专员,外省市户籍,四川,,,
P00766,李佑文,男,38,35-39,有未成年孩子,体力劳动者,manual_worker,搬运工,上海户籍,上海,,,
P00767,黄远,女,36,35-39,有未成年孩子,自由业者,freelancer,自媒体从业者,上海户籍,上海,,,
P00768,韩彤心,女,48,45-49,有成年孩子,上班族,office_worker,数据分析师,上海户籍,上海,,,
P00769,李知思,男,40,40-44,有成年孩子,体力劳动者,manual_worker,电工,上海户籍,上海,,,
P00770,王文,男,24,18-24,无需要照顾的孩子,自由业者,freelancer,摄影师,外省市户籍,江苏,,,
P00771,陈辰雨,女,24,18-24,无需要照顾的孩子,上班族,office_worker,会计,上海户籍,上海,,,
P00772,马星,女,41,40-44,有成年孩子,服务业者,service_worker,收银员,上海户籍,上海,,,
P00773,陈一,女,39,35-39,有未成年孩子,服务业者,service_worker,美容师,外省市户籍,江苏,,,
P00774,刘清,女,29,25-29,无需要照顾的孩子,大学生,university_student,硕士研究生,外省市户籍,湖北,,,
P00775,董子欣,女,24,18-24,无需要照顾的孩子,服务业者,service_worker,客服,上海户籍,上海,,,
P00776,陈楷,男,30,30-34,无需要照顾的孩子,服务业者,service_worker,保安,外省市户籍,湖北,,,
P00777,马诚一,男,46,45-49,有未成年孩子,上班族,office_worker,运营专员,上海户籍,上海,,,
P00778,赵嘉远,男,30,30-34,无需要照顾的孩子,自由业者,freelancer,独立程序员,外省市户籍,河南,,,
P00779,李嘉心,女,30,30-34,无需要照顾的孩子,服务业者,service_worker,美容师,外省市户籍,河北,,,
P00780,周哲泽,男,48,45-49,无需要照顾的孩子,自由业者,freelancer,翻译,外省市户籍,浙江,,,
P00781,李涵俊,男,20,18-24,无需要照顾的孩子,上班族,office_worker,销售代表,外省市户籍,江苏,,,
P00782,罗清杰,男,28,25-29,无需要照顾的孩子,体力劳动者,manual_worker,配送员,上海户籍,上海,,,
P00783,徐俊,男,42,40-44,无需要照顾的孩子,服务业者,service_worker,理发师,外省市户籍,山东,,,
P00784,朱若思,女,33,30-34,无需要照顾的孩子,上班族,office_worker,采购专员,上海户籍,上海,,,
P00785,王羽雅,女,31,30-34,无需要照顾的孩子,上班族,office_worker,设计师,上海户籍,上海,,,
P00786,吴泽,男,41,40-44,有未成年孩子,体力劳动者,manual_worker,安装工,上海户籍,上海,,,
P00787,李远,女,41,40-44,有未成年孩子,自由业者,freelancer,翻译,外省市户籍,河南,,,
P00788,陈哲晨,男,47,45-49,有成年孩子,服务业者,service_worker,酒店服务人员,上海户籍,上海,,,
P00789,吴静诗,女,25,25-29,无需要照顾的孩子,上班族,office_worker,会计,外省市户籍,河南,,,
P00790,王嘉诚,男,38,35-39,有未成年孩子,上班族,office_worker,部门经理,上海户籍,上海,,,
P00791,王言若,女,30,30-34,无需要照顾的孩子,上班族,office_worker,行政专员,外省市户籍,湖南,,,
P00792,徐可诚,男,31,30-34,有未成年孩子,上班族,office_worker,财务专员,外省市户籍,安徽,,,
P00793,唐清怡,女,47,45-49,有成年孩子,上班族,office_worker,财务主管,外省市户籍,福建,,,
P00794,张琪羽,女,26,25-29,无需要照顾的孩子,自由业者,freelancer,网店经营者,上海户籍,上海,,,
P00795,杨星泽,男,36,35-39,有未成年孩子,上班族,office_worker,HR经理,上海户籍,上海,,,
P00796,李星,男,46,45-49,有未成年孩子,体力劳动者,manual_worker,建筑工人,外省市户籍,江苏,,,
P00797,韩雅雅,女,29,25-29,有未成年孩子,自由业者,freelancer,自由设计师,外省市户籍,河南,,,
P00798,罗涵瑶,女,37,35-39,无需要照顾的孩子,自由业者,freelancer,私教,外省市户籍,山东,,,
P00799,徐豪,男,44,40-44,有未成年孩子,上班族,office_worker,客户经理,上海户籍,上海,,,
P00800,刘言,男,40,40-44,有未成年孩子,自由业者,freelancer,网店经营者,上海户籍,上海,,,
P00801,谢源安,男,25,25-29,无需要照顾的孩子,上班族,office_worker,财务专员,上海户籍,上海,,,
P00802,陈思,男,49,45-49,有成年孩子,服务业者,service_worker,酒店前台,上海户籍,上海,,,
P00803,袁可羽,男,29,25-29,无需要照顾的孩子,体力劳动者,manual_worker,电工,上海户籍,上海,,,
P00804,冯言博,男,20,18-24,无需要照顾的孩子,服务业者,service_worker,店员,上海户籍,上海,,,
P00805,刘博,男,18,18-24,无需要照顾的孩子,上班族,office_worker,高级软件工程师,上海户籍,上海,,,
P00806,黄诗若,女,33,30-34,有未成年孩子,自由业者,freelancer,网店经营者,外省市户籍,河南,,,
P00807,杨楷哲,男,30,30-34,无需要照顾的孩子,上班族,office_worker,采购专员,上海户籍,上海,,,
P00808,高泽言,男,35,35-39,无需要照顾的孩子,体力劳动者,manual_worker,仓库操作员,上海户籍,上海,,,
P00809,郑远婷,女,33,30-34,无需要照顾的孩子,上班族,office_worker,采购专员,上海户籍,上海,,,
P00810,王嘉婷,女,42,40-44,有未成年孩子,上班族,office_worker,区域经理,外省市户籍,江西,,,
P00811,李星俊,男,29,25-29,无需要照顾的孩子,上班族,office_worker,设计师,外省市户籍,江苏,,,
P00812,朱欣诺,女,38,35-39,无需要照顾的孩子,上班族,office_worker,软件工程师,外省市户籍,湖北,,,
P00813,陈怡羽,女,31,30-34,有未成年孩子,自由业者,freelancer,网店经营者,外省市户籍,安徽,,,
P00814,高晨婷,女,28,25-29,无需要照顾的孩子,自由业者,freelancer,翻译,外省市户籍,河北,,,
P00815,孙彤桐,女,37,35-39,无需要照顾的孩子,体力劳动者,manual_worker,安装工,上海户籍,上海,,,
P00816,郑泽嘉,男,36,35-39,无需要照顾的孩子,上班族,office_worker,销售经理,外省市户籍,安徽,,,
P00817,谢远,女,23,18-24,无需要照顾的孩子,体力劳动者,manual_worker,焊工,上海户籍,上海,,,
P00818,陈知楷,男,29,25-29,有未成年孩子,上班族,office_worker,设计师,上海户籍,上海,,,
P00819,李子可,男,28,25-29,无需要照顾的孩子,大学生,university_student,博士研究生,外省市户籍,安徽,,,
P00820,黄楷一,男,28,25-29,无需要照顾的孩子,上班族,office_worker,会计,上海户籍,上海,,,
P00821,陈宁晴,女,39,35-39,无需要照顾的孩子,上班族,office_worker,销售经理,外省市户籍,其他,,,
P00822,陈婷宁,女,26,25-29,无需要照顾的孩子,大学生,university_student,博士研究生,外省市户籍,山东,,,
P00823,冯楷俊,男,25,25-29,有未成年孩子,上班族,office_worker,运营专员,外省市户籍,湖北,,,
P00824,张晨轩,男,34,30-34,有未成年孩子,上班族,office_worker,HR经理,上海户籍,上海,,,
P00825,郑可源,男,38,35-39,有未成年孩子,上班族,office_worker,财务专员,上海户籍,上海,,,
P00826,林辰心,女,19,18-24,无需要照顾的孩子,上班族,office_worker,财务专员,外省市户籍,安徽,,,
P00827,梁怡星,女,36,35-39,无需要照顾的孩子,自由业者,freelancer,私教,外省市户籍,安徽,,,
P00828,郑子梦,女,39,35-39,无需要照顾的孩子,上班族,office_worker,销售经理,上海户籍,上海,,,
P00829,周子彤,女,29,25-29,无需要照顾的孩子,服务业者,service_worker,厨师,外省市户籍,河南,,,
P00830,李文豪,男,30,30-34,有未成年孩子,上班族,office_worker,会计,外省市户籍,湖南,,,
P00831,刘涵文,男,34,30-34,有未成年孩子,体力劳动者,manual_worker,安装工,外省市户籍,浙江,,,
P00832,谢嫣怡,女,31,30-34,无需要照顾的孩子,大学生,university_student,硕士研究生,上海户籍,上海,,,
P00833,李佳琪,女,43,40-44,无需要照顾的孩子,上班族,office_worker,产品经理,外省市户籍,山东,,,
P00834,王文嘉,男,41,40-44,有成年孩子,服务业者,service_worker,保安,上海户籍,上海,,,
P00835,王豪昊,男,39,35-39,无需要照顾的孩子,上班族,office_worker,运营专员,外省市户籍,湖北,,,
P00836,张晓婷,女,32,30-34,有未成年孩子,自由业者,freelancer,翻译,上海户籍,上海,,,
P00837,罗文,男,47,45-49,无需要照顾的孩子,体力劳动者,manual_worker,设备操作员,外省市户籍,湖南,,,
P00838,陈婉若,女,25,25-29,无需要照顾的孩子,自由业者,freelancer,网店经营者,外省市户籍,山东,,,
P00839,罗心,女,25,25-29,无需要照顾的孩子,上班族,office_worker,会计,外省市户籍,江苏,,,
P00840,赵一,男,28,25-29,无需要照顾的孩子,服务业者,service_worker,保安,外省市户籍,江苏,,,
P00841,朱子哲,男,38,35-39,有未成年孩子,上班族,office_worker,项目经理,外省市户籍,安徽,,,
P00842,李哲,男,32,30-34,无需要照顾的孩子,上班族,office_worker,销售经理,外省市户籍,江苏,,,
P00843,周文,男,43,40-44,无需要照顾的孩子,服务业者,service_worker,理发师,上海户籍,上海,,,
P00844,李涵星,女,22,18-24,无需要照顾的孩子,大学生,university_student,本科生,上海户籍,上海,,,
P00845,吴豪,男,40,40-44,无需要照顾的孩子,上班族,office_worker,高级软件工程师,外省市户籍,江苏,,,
P00846,陈昊杰,男,23,18-24,无需要照顾的孩子,上班族,office_worker,采购专员,外省市户籍,安徽,,,
P00847,杨怡宁,女,30,30-34,有未成年孩子,上班族,office_worker,高级运营专员,上海户籍,上海,,,
P00848,黄轩,男,37,35-39,有未成年孩子,自由业者,freelancer,独立程序员,外省市户籍,江苏,,,
P00849,林怡可,女,27,25-29,无需要照顾的孩子,体力劳动者,manual_worker,搬运工,外省市户籍,河北,,,
P00850,孙景,男,23,18-24,无需要照顾的孩子,上班族,office_worker,采购专员,上海户籍,上海,,,
P00851,马浩阳,男,26,25-29,有未成年孩子,上班族,office_worker,软件工程师,外省市户籍,湖北,,,
P00852,杨晴可,女,38,35-39,有未成年孩子,自由业者,freelancer,私教,外省市户籍,其他,,,
P00853,宋文诚,男,26,25-29,无需要照顾的孩子,服务业者,service_worker,客服,上海户籍,上海,,,
P00854,李辰博,男,28,25-29,有未成年孩子,上班族,office_worker,数据分析师,上海户籍,上海,,,
P00855,黄景文,男,19,18-24,无需要照顾的孩子,服务业者,service_worker,保安,上海户籍,上海,,,
P00856,王安然,男,32,30-34,无需要照顾的孩子,体力劳动者,manual_worker,设备操作员,外省市户籍,湖南,,,
P00857,王欣安,女,35,35-39,有未成年孩子,上班族,office_worker,高级软件工程师,外省市户籍,河南,,,
P00858,马梓,男,35,35-39,有成年孩子,服务业者,service_worker,收银员,上海户籍,上海,,,
P00859,高晴涵,女,38,35-39,有未成年孩子,自由业者,freelancer,自由销售,外省市户籍,其他,,,
P00860,李婷,女,34,30-34,无需要照顾的孩子,服务业者,service_worker,理发师,外省市户籍,山东,,,
P00861,陈思彤,女,34,30-34,有未成年孩子,上班族,office_worker,采购经理,上海户籍,上海,,,
P00862,周羽泽,男,26,25-29,无需要照顾的孩子,服务业者,service_worker,餐厅服务员,外省市户籍,其他,,,
P00863,杨心安,男,49,45-49,有未成年孩子,上班族,office_worker,产品经理,外省市户籍,浙江,,,
P00864,王文泽,男,31,30-34,无需要照顾的孩子,上班族,office_worker,数据分析师,上海户籍,上海,,,
P00865,王辰子,女,36,35-39,有成年孩子,服务业者,service_worker,房产经纪,上海户籍,上海,,,
P00866,李婷琪,女,48,45-49,有未成年孩子,自由业者,freelancer,翻译,上海户籍,上海,,,
P00867,杨文宁,男,21,18-24,无需要照顾的孩子,上班族,office_worker,采购经理,外省市户籍,湖北,,,
P00868,张言晨,男,38,35-39,有未成年孩子,服务业者,service_worker,房产经纪,上海户籍,上海,,,
P00869,杨轩志,男,36,35-39,有未成年孩子,体力劳动者,manual_worker,安装工,上海户籍,上海,,,
P00870,曹晨晨,男,38,35-39,无需要照顾的孩子,上班族,office_worker,HR经理,外省市户籍,江西,,,
P00871,王乐欣,女,22,18-24,无需要照顾的孩子,上班族,office_worker,软件工程师,上海户籍,上海,,,
P00872,陈子可,女,33,30-34,有未成年孩子,上班族,office_worker,财务主管,外省市户籍,河南,,,
P00873,徐远轩,男,28,25-29,有未成年孩子,上班族,office_worker,高级产品经理,外省市户籍,浙江,,,
P00874,刘思雨,女,25,25-29,无需要照顾的孩子,自由业者,freelancer,咨询顾问,外省市户籍,浙江,,,
P00875,徐泽,男,38,35-39,有未成年孩子,体力劳动者,manual_worker,维修技师,上海户籍,上海,,,
P00876,黄辰,男,23,18-24,无需要照顾的孩子,服务业者,service_worker,厨师,外省市户籍,江苏,,,
P00877,王诺梓,男,28,25-29,无需要照顾的孩子,服务业者,service_worker,美容师,外省市户籍,福建,,,
P00878,杨轩,男,26,25-29,有未成年孩子,上班族,office_worker,客户专员,上海户籍,上海,,,
P00879,胡欣远,女,49,45-49,无需要照顾的孩子,上班族,office_worker,数据分析师,外省市户籍,浙江,,,
P00880,刘桐宁,女,36,35-39,无需要照顾的孩子,体力劳动者,manual_worker,快递员,外省市户籍,江西,,,
P00881,宋思然,男,29,25-29,有未成年孩子,上班族,office_worker,会计,上海户籍,上海,,,
P00882,马梓然,男,27,25-29,无需要照顾的孩子,服务业者,service_worker,理发师,外省市户籍,河北,,,
P00883,李安,女,48,45-49,有未成年孩子,上班族,office_worker,设计师,上海户籍,上海,,,
P00884,王轩哲,男,23,18-24,无需要照顾的孩子,大学生,university_student,博士研究生,外省市户籍,安徽,,,
P00885,刘晨静,女,26,25-29,无需要照顾的孩子,服务业者,service_worker,保安,上海户籍,上海,,,
P00886,王晨浩,男,37,35-39,有未成年孩子,服务业者,service_worker,客服,上海户籍,上海,,,
P00887,陈佑星,男,48,45-49,无需要照顾的孩子,上班族,office_worker,采购经理,上海户籍,上海,,,
P00888,王可晨,女,34,30-34,有未成年孩子,体力劳动者,manual_worker,设备操作员,上海户籍,上海,,,
P00889,黄心宁,男,34,30-34,无需要照顾的孩子,上班族,office_worker,采购经理,外省市户籍,安徽,,,
P00890,林婉乐,女,43,40-44,有未成年孩子,服务业者,service_worker,理发师,上海户籍,上海,,,
P00891,郑轩,男,26,25-29,无需要照顾的孩子,上班族,office_worker,HR经理,外省市户籍,江苏,,,
P00892,李宁,女,29,25-29,无需要照顾的孩子,体力劳动者,manual_worker,设备操作员,外省市户籍,山东,,,
P00893,高安怡,女,28,25-29,无需要照顾的孩子,服务业者,service_worker,店员,上海户籍,上海,,,
P00894,李嘉,女,48,45-49,有未成年孩子,体力劳动者,manual_worker,司机,上海户籍,上海,,,
P00895,冯轩,男,30,30-34,无需要照顾的孩子,体力劳动者,manual_worker,司机,上海户籍,上海,,,
P00896,罗安星,男,47,45-49,无需要照顾的孩子,上班族,office_worker,项目经理,外省市户籍,山东,,,
P00897,杨涵源,女,44,40-44,无需要照顾的孩子,上班族,office_worker,运营经理,外省市户籍,江苏,,,
P00898,黄清清,男,27,25-29,有未成年孩子,上班族,office_worker,销售代表,外省市户籍,广东,,,
P00899,王诺嘉,男,18,18-24,无需要照顾的孩子,上班族,office_worker,客户专员,上海户籍,上海,,,
P00900,刘哲,男,34,30-34,有未成年孩子,上班族,office_worker,销售代表,上海户籍,上海,,,
P00901,胡嘉志,男,33,30-34,无需要照顾的孩子,体力劳动者,manual_worker,安装工,上海户籍,上海,,,
P00902,王涵远,女,25,25-29,有未成年孩子,自由业者,freelancer,私教,上海户籍,上海,,,
P00903,杨豪辰,男,38,35-39,有未成年孩子,上班族,office_worker,财务经理,外省市户籍,河南,,,
P00904,张浩清,男,48,45-49,有成年孩子,上班族,office_worker,部门经理,上海户籍,上海,,,
P00905,孙哲嘉,男,31,30-34,无需要照顾的孩子,大学生,university_student,硕士研究生,外省市户籍,河南,,,
P00906,胡知,男,28,25-29,无需要照顾的孩子,上班族,office_worker,财务主管,上海户籍,上海,,,
P00907,梁若宁,女,35,35-39,有未成年孩子,上班族,office_worker,设计师,上海户籍,上海,,,
P00908,黄晨梓,男,34,30-34,无需要照顾的孩子,服务业者,service_worker,店员,上海户籍,上海,,,
P00909,李哲豪,男,46,45-49,有成年孩子,自由业者,freelancer,网店经营者,外省市户籍,陕西,,,
P00910,罗文楷,男,36,35-39,无需要照顾的孩子,体力劳动者,manual_worker,设备操作员,外省市户籍,浙江,,,
P00911,张宁,女,25,25-29,无需要照顾的孩子,上班族,office_worker,财务专员,外省市户籍,江苏,,,
P00912,徐心源,男,38,35-39,有成年孩子,上班族,office_worker,数据分析师,外省市户籍,河北,,,
P00913,韩博志,男,45,45-49,有未成年孩子,服务业者,service_worker,房产经纪,外省市户籍,安徽,,,
P00914,杨思浩,男,20,18-24,无需要照顾的孩子,大学生,university_student,本科生,上海户籍,上海,,,
P00915,赵宁羽,女,33,30-34,有成年孩子,上班族,office_worker,财务专员,外省市户籍,江西,,,
P00916,林佳婉,女,35,35-39,有成年孩子,体力劳动者,manual_worker,搬运工,上海户籍,上海,,,
P00917,刘浩,男,48,45-49,无需要照顾的孩子,上班族,office_worker,销售经理,外省市户籍,河南,,,
P00918,陈怡,女,25,25-29,有未成年孩子,自由业者,freelancer,自媒体从业者,上海户籍,上海,,,
P00919,高然远,男,26,25-29,有未成年孩子,上班族,office_worker,设计师,外省市户籍,福建,,,
P00920,李曦心,女,39,35-39,有未成年孩子,服务业者,service_worker,店员,外省市户籍,其他,,,
P00921,张辰楷,男,23,18-24,无需要照顾的孩子,服务业者,service_worker,酒店服务人员,上海户籍,上海,,,
P00922,张辰瑶,女,29,25-29,无需要照顾的孩子,上班族,office_worker,财务主管,上海户籍,上海,,,
P00923,王佳晨,女,38,35-39,有未成年孩子,上班族,office_worker,运营经理,上海户籍,上海,,,
P00924,张佑可,男,30,30-34,无需要照顾的孩子,上班族,office_worker,会计,上海户籍,上海,,,
P00925,张羽睿,男,26,25-29,无需要照顾的孩子,自由业者,freelancer,摄影师,外省市户籍,其他,,,
P00926,朱诺晴,女,23,18-24,无需要照顾的孩子,服务业者,service_worker,厨师,外省市户籍,湖北,,,
P00927,罗知可,女,28,25-29,无需要照顾的孩子,上班族,office_worker,设计师,上海户籍,上海,,,
P00928,王俊羽,男,29,25-29,无需要照顾的孩子,自由业者,freelancer,自媒体从业者,外省市户籍,江苏,,,
P00929,宋乐一,女,19,18-24,无需要照顾的孩子,体力劳动者,manual_worker,设备操作员,外省市户籍,浙江,,,
P00930,董泽乐,男,28,25-29,无需要照顾的孩子,大学生,university_student,博士研究生,外省市户籍,江苏,,,
P00931,李可晴,女,29,25-29,有未成年孩子,体力劳动者,manual_worker,搬运工,外省市户籍,浙江,,,
P00932,周杰心,男,22,18-24,无需要照顾的孩子,体力劳动者,manual_worker,搬运工,上海户籍,上海,,,
P00933,冯嘉言,女,33,30-34,有未成年孩子,上班族,office_worker,客户专员,上海户籍,上海,,,
P00934,王安一,男,30,30-34,有未成年孩子,服务业者,service_worker,保安,上海户籍,上海,,,
P00935,周欣婷,女,25,25-29,无需要照顾的孩子,服务业者,service_worker,房产经纪,外省市户籍,陕西,,,
P00936,高思,女,25,25-29,无需要照顾的孩子,体力劳动者,manual_worker,维修技师,上海户籍,上海,,,
P00937,吴思睿,男,32,30-34,无需要照顾的孩子,服务业者,service_worker,店员,外省市户籍,安徽,,,
P00938,吴宁一,女,34,30-34,无需要照顾的孩子,服务业者,service_worker,餐厅服务员,上海户籍,上海,,,
P00939,罗星晨,女,35,35-39,有未成年孩子,自由业者,freelancer,咨询顾问,外省市户籍,山东,,,
P00940,赵静欣,女,35,35-39,有成年孩子,体力劳动者,manual_worker,安装工,上海户籍,上海,,,
P00941,何星,男,37,35-39,无需要照顾的孩子,自由业者,freelancer,自由设计师,上海户籍,上海,,,
P00942,陈心豪,男,28,25-29,无需要照顾的孩子,自由业者,freelancer,自媒体从业者,外省市户籍,湖北,,,
P00943,赵哲思,男,21,18-24,无需要照顾的孩子,上班族,office_worker,数据分析师,上海户籍,上海,,,
P00944,王羽,女,23,18-24,无需要照顾的孩子,上班族,office_worker,采购专员,上海户籍,上海,,,
P00945,陈可涵,女,44,40-44,有未成年孩子,上班族,office_worker,HR经理,上海户籍,上海,,,
P00946,吴梓知,男,34,30-34,有未成年孩子,上班族,office_worker,采购经理,上海户籍,上海,,,
P00947,李可思,女,38,35-39,无需要照顾的孩子,服务业者,service_worker,客服,外省市户籍,浙江,,,
P00948,王宁欣,女,23,18-24,无需要照顾的孩子,服务业者,service_worker,店员,外省市户籍,浙江,,,
P00949,黄阳,男,35,35-39,无需要照顾的孩子,服务业者,service_worker,店员,上海户籍,上海,,,
P00950,李言知,男,46,45-49,有未成年孩子,上班族,office_worker,部门经理,上海户籍,上海,,,
P00951,刘豪杰,男,35,35-39,有未成年孩子,自由业者,freelancer,翻译,外省市户籍,湖南,,,
P00952,徐诺思,女,22,18-24,无需要照顾的孩子,大学生,university_student,本科生,外省市户籍,河南,,,
P00953,李清,男,30,30-34,无需要照顾的孩子,上班族,office_worker,行政专员,外省市户籍,安徽,,,
P00954,郑桐欣,女,39,35-39,有未成年孩子,服务业者,service_worker,理发师,外省市户籍,其他,,,
P00955,李涵,女,35,35-39,有未成年孩子,服务业者,service_worker,健身教练,外省市户籍,河南,,,
P00956,董婷诺,女,47,45-49,有成年孩子,服务业者,service_worker,厨师,外省市户籍,浙江,,,
P00957,张昊安,男,26,25-29,无需要照顾的孩子,服务业者,service_worker,保安,外省市户籍,江西,,,
P00958,王清彤,女,35,35-39,有未成年孩子,体力劳动者,manual_worker,司机,外省市户籍,其他,,,
P00959,王婷欣,女,42,40-44,无需要照顾的孩子,服务业者,service_worker,健身教练,外省市户籍,河南,,,
P00960,张彤远,女,31,30-34,有未成年孩子,上班族,office_worker,行政专员,上海户籍,上海,,,
P00961,林阳泽,男,49,45-49,有未成年孩子,上班族,office_worker,数据分析师,外省市户籍,安徽,,,
P00962,刘宇辰,男,34,30-34,有成年孩子,上班族,office_worker,数据分析师,外省市户籍,江苏,,,
P00963,杨星,男,33,30-34,无需要照顾的孩子,服务业者,service_worker,健身教练,上海户籍,上海,,,
P00964,邓景思,男,22,18-24,无需要照顾的孩子,服务业者,service_worker,理发师,上海户籍,上海,,,
P00965,李诗怡,女,49,45-49,有成年孩子,上班族,office_worker,项目经理,外省市户籍,湖南,,,
P00966,梁昊文,男,18,18-24,无需要照顾的孩子,上班族,office_worker,数据分析师,上海户籍,上海,,,
P00967,陈可静,女,22,18-24,无需要照顾的孩子,服务业者,service_worker,理发师,外省市户籍,河南,,,
P00968,郭言晓,女,47,45-49,有成年孩子,上班族,office_worker,项目经理,外省市户籍,河北,,,
P00969,吴瑶乐,女,31,30-34,无需要照顾的孩子,上班族,office_worker,数据分析师,上海户籍,上海,,,
P00970,赵知,女,46,45-49,无需要照顾的孩子,上班族,office_worker,部门经理,外省市户籍,江苏,,,
P00971,林文,男,20,18-24,无需要照顾的孩子,服务业者,service_worker,客服,上海户籍,上海,,,
P00972,胡思诺,女,33,30-34,有未成年孩子,上班族,office_worker,高级软件工程师,上海户籍,上海,,,
P00973,陈婷,女,39,35-39,有未成年孩子,上班族,office_worker,数据分析师,外省市户籍,湖南,,,
P00974,高诺,女,37,35-39,有未成年孩子,上班族,office_worker,项目经理,上海户籍,上海,,,
P00975,刘嫣怡,女,31,30-34,有未成年孩子,上班族,office_worker,HR经理,外省市户籍,浙江,,,
P00976,陈晨博,男,36,35-39,有未成年孩子,服务业者,service_worker,客服,外省市户籍,四川,,,
P00977,吴静晨,女,41,40-44,有未成年孩子,体力劳动者,manual_worker,司机,上海户籍,上海,,,
P00978,胡涵清,女,32,30-34,有未成年孩子,服务业者,service_worker,客服,上海户籍,上海,,,
P00979,陈曦,女,25,25-29,无需要照顾的孩子,上班族,office_worker,设计师,上海户籍,上海,,,
P00980,马涵远,男,23,18-24,无需要照顾的孩子,上班族,office_worker,客户专员,外省市户籍,四川,,,
P00981,杨语婷,女,41,40-44,有未成年孩子,服务业者,service_worker,收银员,外省市户籍,四川,,,
P00982,王一嘉,男,18,18-24,无需要照顾的孩子,服务业者,service_worker,餐厅服务员,上海户籍,上海,,,
P00983,唐嘉,男,37,35-39,有未成年孩子,上班族,office_worker,区域经理,外省市户籍,四川,,,
P00984,张思远,男,45,45-49,有未成年孩子,服务业者,service_worker,收银员,外省市户籍,四川,,,
P00985,杨诗雨,女,42,40-44,有未成年孩子,上班族,office_worker,数据分析师,外省市户籍,江苏,,,
P00986,李晨,女,32,30-34,有未成年孩子,自由业者,freelancer,网店经营者,外省市户籍,湖北,,,
P00987,王言诗,女,41,40-44,有未成年孩子,上班族,office_worker,高级运营专员,外省市户籍,江西,,,
P00988,黄星源,女,46,45-49,有未成年孩子,体力劳动者,manual_worker,建筑工人,外省市户籍,江西,,,
P00989,王明志,男,42,40-44,无需要照顾的孩子,自由业者,freelancer,自由设计师,外省市户籍,江苏,,,
P00990,周梦言,女,22,18-24,无需要照顾的孩子,上班族,office_worker,数据分析师,上海户籍,上海,,,
P00991,李一宇,男,39,35-39,无需要照顾的孩子,上班族,office_worker,会计,外省市户籍,江西,,,
P00992,刘瑶,女,46,45-49,有成年孩子,上班族,office_worker,财务专员,上海户籍,上海,,,
P00993,黄阳,男,32,30-34,有未成年孩子,上班族,office_worker,销售经理,上海户籍,上海,,,
P00994,杨言,女,33,30-34,无需要照顾的孩子,上班族,office_worker,HR经理,外省市户籍,河南,,,
P00995,李嘉,男,32,30-34,有未成年孩子,服务业者,service_worker,餐厅服务员,外省市户籍,四川,,,
P00996,王源,男,44,40-44,有未成年孩子,服务业者,service_worker,酒店服务人员,外省市户籍,湖北,,,
P00997,杨言宁,男,25,25-29,无需要照顾的孩子,上班族,office_worker,客户经理,上海户籍,上海,,,
P00998,吴佳怡,女,43,40-44,有成年孩子,体力劳动者,manual_worker,仓库操作员,外省市户籍,安徽,,,
P00999,许思嫣,女,33,30-34,无需要照顾的孩子,上班族,office_worker,行政专员,外省市户籍,江苏,,,
P01000,陈涵怡,女,45,45-49,有成年孩子,上班族,office_worker,采购专员,外省市户籍,安徽,,,
P01001,王诺,女,35,35-39,有未成年孩子,上班族,office_worker,运营专员,上海户籍,上海,,,
P01002,王宁乐,男,29,25-29,无需要照顾的孩子,上班族,office_worker,项目经理,外省市户籍,江西,,,
P01003,李欣涵,女,34,30-34,无需要照顾的孩子,上班族,office_worker,财务专员,上海户籍,上海,,,
P01004,邓欣曦,女,44,40-44,有未成年孩子,自由业者,freelancer,独立程序员,上海户籍,上海,,,
P01005,朱安一,男,33,30-34,有未成年孩子,服务业者,service_worker,保安,外省市户籍,河南,,,
P01006,张清佑,男,31,30-34,有未成年孩子,体力劳动者,manual_worker,焊工,上海户籍,上海,,,
P01007,李诗一,女,49,45-49,有成年孩子,上班族,office_worker,运营经理,上海户籍,上海,,,
P01008,马一远,男,41,40-44,有未成年孩子,自由业者,freelancer,翻译,上海户籍,上海,,,
P01009,郭泽诺,男,36,35-39,有未成年孩子,服务业者,service_worker,收银员,上海户籍,上海,,,
P01010,王俊哲,男,48,45-49,有成年孩子,服务业者,service_worker,酒店前台,外省市户籍,江西,,,
P01011,王晨源,男,35,35-39,无需要照顾的孩子,上班族,office_worker,数据分析师,上海户籍,上海,,,
P01012,李羽,女,33,30-34,无需要照顾的孩子,上班族,office_worker,采购专员,外省市户籍,四川,,,
P01013,刘博天,男,46,45-49,有成年孩子,上班族,office_worker,销售经理,上海户籍,上海,,,
P01014,谢佑,男,25,25-29,无需要照顾的孩子,上班族,office_worker,HR经理,上海户籍,上海,,,
P01015,马俊豪,男,48,45-49,有成年孩子,服务业者,service_worker,理发师,外省市户籍,四川,,,
P01016,周诚宇,男,32,30-34,无需要照顾的孩子,上班族,office_worker,数据分析师,上海户籍,上海,,,
P01017,黄宁,女,26,25-29,有未成年孩子,上班族,office_worker,财务主管,外省市户籍,广东,,,
P01018,陈源,男,32,30-34,有未成年孩子,上班族,office_worker,HR经理,上海户籍,上海,,,
P01019,王可,女,29,25-29,无需要照顾的孩子,上班族,office_worker,设计师,外省市户籍,湖南,,,
P01020,孙乐晨,男,47,45-49,有未成年孩子,自由业者,freelancer,摄影师,外省市户籍,湖北,,,
P01021,李宁远,女,40,40-44,有未成年孩子,上班族,office_worker,HR经理,上海户籍,上海,,,
P01022,李昊佑,男,21,18-24,无需要照顾的孩子,上班族,office_worker,财务专员,上海户籍,上海,,,
P01023,李嘉辰,女,26,25-29,无需要照顾的孩子,自由业者,freelancer,咨询顾问,上海户籍,上海,,,
P01024,杨梦怡,女,32,30-34,有未成年孩子,体力劳动者,manual_worker,安装工,上海户籍,上海,,,
P01025,刘佳瑶,女,30,30-34,无需要照顾的孩子,自由业者,freelancer,自媒体从业者,上海户籍,上海,,,
P01026,董嘉,男,33,30-34,无需要照顾的孩子,上班族,office_worker,客户专员,上海户籍,上海,,,
P01027,朱嘉言,男,27,25-29,无需要照顾的孩子,上班族,office_worker,销售代表,上海户籍,上海,,,
P01028,朱可佑,男,25,25-29,无需要照顾的孩子,服务业者,service_worker,厨师,上海户籍,上海,,,
P01029,李诺可,女,33,30-34,有未成年孩子,服务业者,service_worker,店员,上海户籍,上海,,,
P01030,罗佳言,女,25,25-29,无需要照顾的孩子,自由业者,freelancer,摄影师,外省市户籍,江苏,,,
P01031,林语乐,女,36,35-39,有未成年孩子,服务业者,service_worker,保安,上海户籍,上海,,,
P01032,周若,女,24,18-24,无需要照顾的孩子,服务业者,service_worker,厨师,上海户籍,上海,,,
P01033,孙涵宁,女,31,30-34,无需要照顾的孩子,上班族,office_worker,财务专员,上海户籍,上海,,,
P01034,徐乐,男,32,30-34,有未成年孩子,上班族,office_worker,设计师,上海户籍,上海,,,
P01035,郭哲佑,男,35,35-39,有成年孩子,上班族,office_worker,人力资源经理,外省市户籍,浙江,,,
P01036,李瑶涵,女,32,30-34,有未成年孩子,上班族,office_worker,客户专员,上海户籍,上海,,,
P01037,王梓,男,30,30-34,无需要照顾的孩子,服务业者,service_worker,店员,上海户籍,上海,,,
P01038,张嫣语,女,24,18-24,无需要照顾的孩子,大学生,university_student,博士研究生,上海户籍,上海,,,
P01039,王源睿,男,19,18-24,无需要照顾的孩子,体力劳动者,manual_worker,焊工,外省市户籍,河北,,,
P01040,刘琪,女,43,40-44,无需要照顾的孩子,上班族,office_worker,销售经理,外省市户籍,山东,,,
P01041,李嘉安,男,41,40-44,无需要照顾的孩子,上班族,office_worker,运营专员,外省市户籍,福建,,,
P01042,王可,女,19,18-24,无需要照顾的孩子,上班族,office_worker,财务专员,外省市户籍,河南,,,
P01043,王辰轩,男,37,35-39,有未成年孩子,体力劳动者,manual_worker,安装工,外省市户籍,福建,,,
P01044,周轩俊,男,24,18-24,有未成年孩子,大学生,university_student,硕士研究生,上海户籍,上海,,,
P01045,王辰知,男,26,25-29,有未成年孩子,上班族,office_worker,数据分析师,上海户籍,上海,,,
P01046,于言楷,男,34,30-34,无需要照顾的孩子,服务业者,service_worker,餐厅服务员,上海户籍,上海,,,
P01047,黄佳怡,女,28,25-29,无需要照顾的孩子,上班族,office_worker,产品经理,外省市户籍,江苏,,,
P01048,李梓轩,男,32,30-34,有未成年孩子,上班族,office_worker,数据分析师,外省市户籍,浙江,,,
P01049,王源,男,25,25-29,无需要照顾的孩子,上班族,office_worker,项目经理,上海户籍,上海,,,
P01050,张思羽,女,32,30-34,有未成年孩子,上班族,office_worker,数据分析师,外省市户籍,四川,,,
P01051,赵怡婷,女,29,25-29,有未成年孩子,上班族,office_worker,采购专员,外省市户籍,安徽,,,
P01052,陈一,女,26,25-29,有未成年孩子,上班族,office_worker,销售代表,上海户籍,上海,,,
P01053,谢宁怡,女,38,35-39,有未成年孩子,体力劳动者,manual_worker,搬运工,上海户籍,上海,,,
P01054,徐涵晨,男,44,40-44,有未成年孩子,上班族,office_worker,HR经理,上海户籍,上海,,,
P01055,张宁佳,女,33,30-34,无需要照顾的孩子,上班族,office_worker,财务专员,上海户籍,上海,,,
P01056,杨欣,女,39,35-39,无需要照顾的孩子,自由业者,freelancer,咨询顾问,外省市户籍,湖北,,,
P01057,陈乐子,男,41,40-44,有未成年孩子,自由业者,freelancer,摄影师,上海户籍,上海,,,
P01058,李宁婷,女,40,40-44,有未成年孩子,自由业者,freelancer,自由设计师,上海户籍,上海,,,
P01059,袁志言,男,19,18-24,无需要照顾的孩子,大学生,university_student,本科生,外省市户籍,安徽,,,
P01060,张清梓,男,35,35-39,有未成年孩子,自由业者,freelancer,咨询顾问,外省市户籍,浙江,,,
P01061,杨源,男,30,30-34,无需要照顾的孩子,体力劳动者,manual_worker,仓库操作员,外省市户籍,浙江,,,
P01062,林子,女,29,25-29,无需要照顾的孩子,上班族,office_worker,会计,上海户籍,上海,,,
P01063,李阳佑,男,19,18-24,无需要照顾的孩子,上班族,office_worker,销售代表,外省市户籍,河北,,,
P01064,李辰嘉,女,25,25-29,无需要照顾的孩子,上班族,office_worker,软件工程师,上海户籍,上海,,,
P01065,刘豪,男,19,18-24,无需要照顾的孩子,服务业者,service_worker,酒店服务人员,上海户籍,上海,,,
P01066,陈源,女,34,30-34,有未成年孩子,上班族,office_worker,产品经理,外省市户籍,浙江,,,
P01067,宋涵辰,女,26,25-29,无需要照顾的孩子,服务业者,service_worker,酒店服务人员,上海户籍,上海,,,
P01068,王羽乐,男,28,25-29,无需要照顾的孩子,上班族,office_worker,数据分析师,外省市户籍,山东,,,
P01069,刘轩志,男,29,25-29,无需要照顾的孩子,服务业者,service_worker,客服,外省市户籍,安徽,,,
P01070,王若清,女,34,30-34,无需要照顾的孩子,服务业者,service_worker,理发师,外省市户籍,浙江,,,
P01071,陈晨佳,女,39,35-39,有未成年孩子,上班族,office_worker,高级项目经理,上海户籍,上海,,,
P01072,宋桐怡,女,44,40-44,有未成年孩子,体力劳动者,manual_worker,设备操作员,上海户籍,上海,,,
P01073,谢辰子,女,27,25-29,无需要照顾的孩子,上班族,office_worker,财务专员,上海户籍,上海,,,
P01074,王若辰,女,20,18-24,无需要照顾的孩子,上班族,office_worker,设计师,外省市户籍,安徽,,,
P01075,曹婷,女,24,18-24,无需要照顾的孩子,服务业者,service_worker,店员,上海户籍,上海,,,
P01076,徐一清,女,25,25-29,无需要照顾的孩子,服务业者,service_worker,房产经纪,外省市户籍,安徽,,,
P01077,孙源婷,女,33,30-34,无需要照顾的孩子,上班族,office_worker,高级产品经理,外省市户籍,江苏,,,
P01078,王晴婉,女,31,30-34,无需要照顾的孩子,上班族,office_worker,财务经理,外省市户籍,四川,,,
P01079,刘言彤,女,32,30-34,有成年孩子,上班族,office_worker,数据分析师,外省市户籍,河南,,,
P01080,张嫣婉,女,29,25-29,无需要照顾的孩子,体力劳动者,manual_worker,建筑工人,外省市户籍,河北,,,
P01081,赵晨杰,男,23,18-24,无需要照顾的孩子,体力劳动者,manual_worker,焊工,外省市户籍,安徽,,,
P01082,张涵,女,38,35-39,有未成年孩子,上班族,office_worker,采购经理,外省市户籍,浙江,,,
P01083,胡哲乐,男,19,18-24,无需要照顾的孩子,服务业者,service_worker,保安,外省市户籍,湖北,,,
P01084,吴宇文,男,30,30-34,有未成年孩子,服务业者,service_worker,收银员,外省市户籍,江苏,,,
P01085,刘言思,男,47,45-49,有成年孩子,服务业者,service_worker,餐厅服务员,上海户籍,上海,,,
P01086,黄子,男,36,35-39,有未成年孩子,服务业者,service_worker,保安,外省市户籍,山东,,,
P01087,陈文哲,男,25,25-29,无需要照顾的孩子,上班族,office_worker,采购专员,外省市户籍,江苏,,,
P01088,孙源文,男,30,30-34,有未成年孩子,上班族,office_worker,销售代表,外省市户籍,河南,,,
P01089,杨嫣乐,女,26,25-29,有未成年孩子,上班族,office_worker,设计师,外省市户籍,江西,,,
P01090,刘乐思,女,34,30-34,无需要照顾的孩子,体力劳动者,manual_worker,仓库操作员,外省市户籍,湖北,,,
P01091,黄哲可,男,41,40-44,有未成年孩子,上班族,office_worker,项目经理,上海户籍,上海,,,
P01092,杨欣,女,41,40-44,有成年孩子,体力劳动者,manual_worker,司机,上海户籍,上海,,,
P01093,张轩乐,男,27,25-29,无需要照顾的孩子,大学生,university_student,硕士研究生,上海户籍,上海,,,
P01094,李轩远,男,21,18-24,无需要照顾的孩子,上班族,office_worker,运营专员,外省市户籍,江西,,,
P01095,何心嫣,女,30,30-34,无需要照顾的孩子,服务业者,service_worker,客服,外省市户籍,湖北,,,
P01096,孙楷子,男,22,18-24,无需要照顾的孩子,服务业者,service_worker,酒店前台,外省市户籍,江苏,,,
P01097,唐博杰,男,29,25-29,无需要照顾的孩子,上班族,office_worker,数据分析师,外省市户籍,浙江,,,
P01098,王瑶,女,42,40-44,有成年孩子,服务业者,service_worker,美容师,外省市户籍,陕西,,,
P01099,周知杰,男,34,30-34,无需要照顾的孩子,上班族,office_worker,设计师,外省市户籍,湖南,,,
P01100,李曦乐,女,18,18-24,无需要照顾的孩子,上班族,office_worker,行政专员,外省市户籍,江苏,,,
P01101,何羽琪,女,31,30-34,有未成年孩子,服务业者,service_worker,厨师,外省市户籍,浙江,,,
P01102,王远雅,女,20,18-24,无需要照顾的孩子,大学生,university_student,本科生,上海户籍,上海,,,
P01103,王思源,男,39,35-39,有未成年孩子,自由业者,freelancer,摄影师,外省市户籍,安徽,,,
P01104,赵浩心,男,46,45-49,有未成年孩子,体力劳动者,manual_worker,建筑工人,上海户籍,上海,,,
P01105,许哲佑,男,31,30-34,无需要照顾的孩子,体力劳动者,manual_worker,电工,上海户籍,上海,,,
P01106,马羽思,男,26,25-29,有未成年孩子,大学生,university_student,硕士研究生,上海户籍,上海,,,
P01107,杨诺源,女,29,25-29,无需要照顾的孩子,上班族,office_worker,采购经理,上海户籍,上海,,,
P01108,陈安晨,男,49,45-49,有成年孩子,服务业者,service_worker,健身教练,外省市户籍,其他,,,
P01109,张嘉,女,24,18-24,无需要照顾的孩子,上班族,office_worker,软件工程师,上海户籍,上海,,,
P01110,王雨若,女,33,30-34,无需要照顾的孩子,上班族,office_worker,项目经理,上海户籍,上海,,,
P01111,冯雅,女,38,35-39,有未成年孩子,上班族,office_worker,项目经理,上海户籍,上海,,,
P01112,朱晨怡,女,39,35-39,有未成年孩子,上班族,office_worker,产品经理,上海户籍,上海,,,
P01113,曹博涵,男,29,25-29,无需要照顾的孩子,自由业者,freelancer,私教,外省市户籍,安徽,,,
P01114,周言可,女,37,35-39,有未成年孩子,自由业者,freelancer,自媒体从业者,上海户籍,上海,,,
P01115,马诗,女,41,40-44,无需要照顾的孩子,自由业者,freelancer,自由设计师,外省市户籍,江苏,,,
P01116,王语安,女,45,45-49,有未成年孩子,上班族,office_worker,区域经理,外省市户籍,河南,,,
P01117,张婷,女,29,25-29,无需要照顾的孩子,上班族,office_worker,高级运营专员,上海户籍,上海,,,
P01118,李天豪,男,25,25-29,有未成年孩子,上班族,office_worker,行政专员,外省市户籍,广东,,,
P01119,周阳景,男,31,30-34,有未成年孩子,服务业者,service_worker,店员,上海户籍,上海,,,
P01120,李豪辰,男,43,40-44,有未成年孩子,服务业者,service_worker,美容师,外省市户籍,江苏,,,
P01121,杨轩,男,36,35-39,无需要照顾的孩子,上班族,office_worker,销售经理,外省市户籍,河南,,,
P01122,孙博乐,男,34,30-34,有未成年孩子,上班族,office_worker,数据分析师,上海户籍,上海,,,
P01123,周豪泽,男,35,35-39,有未成年孩子,上班族,office_worker,高级项目经理,上海户籍,上海,,,
P01124,张哲羽,男,35,35-39,有成年孩子,上班族,office_worker,运营专员,上海户籍,上海,,,
P01125,周源雨,女,18,18-24,无需要照顾的孩子,体力劳动者,manual_worker,搬运工,外省市户籍,河南,,,
P01126,林琪心,女,39,35-39,有未成年孩子,服务业者,service_worker,健身教练,上海户籍,上海,,,
P01127,张佑言,男,29,25-29,无需要照顾的孩子,上班族,office_worker,产品经理,外省市户籍,福建,,,
P01128,梁欣梦,女,27,25-29,无需要照顾的孩子,体力劳动者,manual_worker,建筑工人,上海户籍,上海,,,
P01129,张然嘉,男,23,18-24,无需要照顾的孩子,大学生,university_student,博士研究生,外省市户籍,河南,,,
P01130,陈睿羽,男,36,35-39,有未成年孩子,服务业者,service_worker,理发师,外省市户籍,江苏,,,
P01131,王源宁,女,39,35-39,有未成年孩子,体力劳动者,manual_worker,快递员,外省市户籍,其他,,,
P01132,冯一,女,38,35-39,有未成年孩子,上班族,office_worker,产品经理,外省市户籍,安徽,,,
P01133,黄阳,男,20,18-24,无需要照顾的孩子,服务业者,service_worker,美容师,上海户籍,上海,,,
P01134,刘星佑,男,35,35-39,无需要照顾的孩子,上班族,office_worker,项目经理,上海户籍,上海,,,
P01135,张昊嘉,男,29,25-29,无需要照顾的孩子,服务业者,service_worker,收银员,上海户籍,上海,,,
P01136,张清宁,男,29,25-29,无需要照顾的孩子,上班族,office_worker,采购专员,外省市户籍,河南,,,
P01137,陈彤星,女,45,45-49,有成年孩子,服务业者,service_worker,厨师,外省市户籍,湖南,,,
P01138,陈博嘉,男,39,35-39,无需要照顾的孩子,上班族,office_worker,财务主管,外省市户籍,湖北,,,
P01139,宋曦安,女,21,18-24,无需要照顾的孩子,服务业者,service_worker,美容师,上海户籍,上海,,,
P01140,王语,女,39,35-39,有未成年孩子,自由业者,freelancer,独立程序员,外省市户籍,江西,,,
P01141,陈辰,男,19,18-24,无需要照顾的孩子,大学生,university_student,硕士研究生,上海户籍,上海,,,
P01142,罗豪安,男,33,30-34,有未成年孩子,上班族,office_worker,产品经理,外省市户籍,江西,,,
P01143,宋宇远,男,30,30-34,有未成年孩子,自由业者,freelancer,网店经营者,外省市户籍,江苏,,,
P01144,李静,女,49,45-49,无需要照顾的孩子,自由业者,freelancer,摄影师,上海户籍,上海,,,
P01145,程思远,女,31,30-34,无需要照顾的孩子,上班族,office_worker,项目经理,外省市户籍,安徽,,,
P01146,吴诚梓,男,23,18-24,无需要照顾的孩子,大学生,university_student,硕士研究生,上海户籍,上海,,,
P01147,王怡,女,27,25-29,无需要照顾的孩子,服务业者,service_worker,餐厅服务员,上海户籍,上海,,,
P01148,王婉梦,女,25,25-29,无需要照顾的孩子,大学生,university_student,硕士研究生,上海户籍,上海,,,
P01149,李心佑,男,35,35-39,有未成年孩子,体力劳动者,manual_worker,搬运工,外省市户籍,安徽,,,
P01150,梁涵可,女,39,35-39,有未成年孩子,上班族,office_worker,高级产品经理,外省市户籍,福建,,,
P01151,黄远,男,32,30-34,无需要照顾的孩子,服务业者,service_worker,酒店服务人员,上海户籍,上海,,,
P01152,高心一,女,31,30-34,有未成年孩子,体力劳动者,manual_worker,焊工,外省市户籍,四川,,,
P01153,马彤,女,36,35-39,无需要照顾的孩子,上班族,office_worker,数据分析师,外省市户籍,江苏,,,
P01154,赵杰嘉,男,32,30-34,有成年孩子,服务业者,service_worker,店员,外省市户籍,山东,,,
P01155,王涵雅,女,31,30-34,有未成年孩子,体力劳动者,manual_worker,电工,上海户籍,上海,,,
P01156,杨思,女,30,30-34,无需要照顾的孩子,自由业者,freelancer,自由设计师,外省市户籍,江苏,,,
P01157,刘嫣辰,女,30,30-34,有未成年孩子,上班族,office_worker,数据分析师,外省市户籍,安徽,,,
P01158,朱佑子,男,43,40-44,有未成年孩子,上班族,office_worker,高级运营专员,上海户籍,上海,,,
P01159,王诺杰,男,39,35-39,有未成年孩子,体力劳动者,manual_worker,仓库操作员,外省市户籍,浙江,,,
P01160,郭安嫣,女,29,25-29,有未成年孩子,上班族,office_worker,采购专员,上海户籍,上海,,,
P01161,梁佑文,男,20,18-24,无需要照顾的孩子,上班族,office_worker,客户经理,上海户籍,上海,,,
P01162,王清远,男,43,40-44,无需要照顾的孩子,上班族,office_worker,销售经理,上海户籍,上海,,,
P01163,李嘉,男,40,40-44,有未成年孩子,上班族,office_worker,高级软件工程师,外省市户籍,浙江,,,
P01164,杨楷嘉,男,37,35-39,有未成年孩子,上班族,office_worker,销售经理,外省市户籍,河南,,,
P01165,唐晨远,男,48,45-49,有未成年孩子,上班族,office_worker,产品经理,上海户籍,上海,,,
P01166,胡楷可,男,33,30-34,无需要照顾的孩子,大学生,university_student,硕士研究生,上海户籍,上海,,,
P01167,黄安婷,女,46,45-49,有成年孩子,上班族,office_worker,产品经理,上海户籍,上海,,,
P01168,罗豪文,男,22,18-24,无需要照顾的孩子,大学生,university_student,本科生,外省市户籍,河南,,,
P01169,袁杰文,男,40,40-44,有成年孩子,上班族,office_worker,产品经理,外省市户籍,江苏,,,
P01170,刘可静,女,40,40-44,无需要照顾的孩子,体力劳动者,manual_worker,焊工,上海户籍,上海,,,
P01171,许诚清,男,28,25-29,无需要照顾的孩子,上班族,office_worker,数据分析师,外省市户籍,江苏,,,
P01172,杨辰,男,33,30-34,有成年孩子,上班族,office_worker,客户经理,外省市户籍,浙江,,,
P01173,李辰轩,男,44,40-44,有未成年孩子,上班族,office_worker,采购经理,外省市户籍,江西,,,
P01174,胡星晨,男,33,30-34,无需要照顾的孩子,上班族,office_worker,销售代表,上海户籍,上海,,,
P01175,王睿安,男,21,18-24,无需要照顾的孩子,体力劳动者,manual_worker,电工,外省市户籍,河南,,,
P01176,朱安佳,女,25,25-29,无需要照顾的孩子,服务业者,service_worker,收银员,上海户籍,上海,,,
P01177,韩知,男,27,25-29,无需要照顾的孩子,上班族,office_worker,运营专员,上海户籍,上海,,,
P01178,周清桐,女,32,30-34,无需要照顾的孩子,服务业者,service_worker,厨师,外省市户籍,四川,,,
P01179,刘楷,男,22,18-24,无需要照顾的孩子,大学生,university_student,本科生,外省市户籍,湖北,,,
P01180,孙诗婷,女,27,25-29,无需要照顾的孩子,上班族,office_worker,采购专员,上海户籍,上海,,,
P01181,李源,女,36,35-39,有成年孩子,服务业者,service_worker,店员,外省市户籍,浙江,,,
P01182,郭可宁,女,28,25-29,无需要照顾的孩子,服务业者,service_worker,餐厅服务员,外省市户籍,其他,,,
P01183,罗诺文,男,20,18-24,无需要照顾的孩子,上班族,office_worker,数据分析师,上海户籍,上海,,,
P01184,周宇睿,男,41,40-44,有成年孩子,服务业者,service_worker,收银员,外省市户籍,河北,,,
P01185,罗安清,男,19,18-24,有未成年孩子,服务业者,service_worker,酒店服务人员,上海户籍,上海,,,
P01186,宋思婉,女,43,40-44,有未成年孩子,体力劳动者,manual_worker,快递员,外省市户籍,江苏,,,
P01187,周思晓,女,48,45-49,有未成年孩子,体力劳动者,manual_worker,焊工,外省市户籍,安徽,,,
P01188,张乐,女,33,30-34,无需要照顾的孩子,上班族,office_worker,软件工程师,外省市户籍,江西,,,
P01189,杨诗,女,29,25-29,无需要照顾的孩子,服务业者,service_worker,厨师,上海户籍,上海,,,
P01190,刘星景,男,18,18-24,无需要照顾的孩子,大学生,university_student,本科生,外省市户籍,福建,,,
P01191,徐昊然,男,20,18-24,无需要照顾的孩子,大学生,university_student,本科生,外省市户籍,浙江,,,
P01192,郑嘉晨,男,29,25-29,无需要照顾的孩子,上班族,office_worker,财务主管,外省市户籍,安徽,,,
P01193,曹嫣,女,24,18-24,无需要照顾的孩子,大学生,university_student,本科生,外省市户籍,江西,,,
P01194,吴浩远,男,24,18-24,无需要照顾的孩子,上班族,office_worker,销售代表,外省市户籍,河南,,,
P01195,李晴佳,女,31,30-34,有未成年孩子,上班族,office_worker,销售代表,外省市户籍,安徽,,,
P01196,刘怡源,女,36,35-39,有未成年孩子,服务业者,service_worker,健身教练,外省市户籍,湖南,,,
P01197,许轩睿,男,49,45-49,有未成年孩子,上班族,office_worker,客户经理,外省市户籍,河南,,,
P01198,孙豪俊,男,27,25-29,无需要照顾的孩子,体力劳动者,manual_worker,焊工,上海户籍,上海,,,
P01199,唐源豪,男,39,35-39,有成年孩子,上班族,office_worker,销售经理,上海户籍,上海,,,
P01200,周诚睿,男,47,45-49,有未成年孩子,上班族,office_worker,客户经理,上海户籍,上海,,,
P01201,朱源乐,女,45,45-49,有未成年孩子,服务业者,service_worker,理发师,上海户籍,上海,,,
P01202,林彤嫣,女,18,18-24,有未成年孩子,大学生,university_student,本科生,上海户籍,上海,,,
P01203,周晨诺,男,44,40-44,有未成年孩子,自由业者,freelancer,私教,外省市户籍,福建,,,
P01204,王羽,男,27,25-29,无需要照顾的孩子,上班族,office_worker,销售代表,上海户籍,上海,,,
P01205,王怡,女,39,35-39,有未成年孩子,上班族,office_worker,采购专员,外省市户籍,河南,,,
P01206,胡梦,女,42,40-44,无需要照顾的孩子,上班族,office_worker,高级产品经理,外省市户籍,江苏,,,
P01207,林知言,女,45,45-49,无需要照顾的孩子,体力劳动者,manual_worker,仓库操作员,上海户籍,上海,,,
P01208,孙思彤,女,30,30-34,有未成年孩子,体力劳动者,manual_worker,搬运工,外省市户籍,江苏,,,
P01209,杨晨,男,31,30-34,有未成年孩子,体力劳动者,manual_worker,建筑工人,外省市户籍,河南,,,
P01210,马清,男,42,40-44,有未成年孩子,上班族,office_worker,HR经理,外省市户籍,浙江,,,
P01211,何晨博,男,49,45-49,无需要照顾的孩子,上班族,office_worker,销售经理,上海户籍,上海,,,
P01212,董怡星,女,35,35-39,有未成年孩子,上班族,office_worker,数据分析师,外省市户籍,其他,,,
P01213,宋轩睿,男,44,40-44,无需要照顾的孩子,上班族,office_worker,销售经理,上海户籍,上海,,,
P01214,罗语嘉,女,35,35-39,有未成年孩子,上班族,office_worker,财务经理,外省市户籍,河南,,,
P01215,高清,女,30,30-34,无需要照顾的孩子,体力劳动者,manual_worker,电工,上海户籍,上海,,,
P01216,吴清文,男,26,25-29,无需要照顾的孩子,体力劳动者,manual_worker,快递员,上海户籍,上海,,,
P01217,杨涵雅,女,29,25-29,无需要照顾的孩子,体力劳动者,manual_worker,焊工,外省市户籍,江西,,,
P01218,吴清一,女,37,35-39,有未成年孩子,服务业者,service_worker,健身教练,外省市户籍,安徽,,,
P01219,刘志哲,男,22,18-24,无需要照顾的孩子,大学生,university_student,本科生,外省市户籍,安徽,,,
P01220,黄桐晴,女,36,35-39,无需要照顾的孩子,体力劳动者,manual_worker,司机,外省市户籍,江苏,,,
P01221,王楷,男,32,30-34,有未成年孩子,自由业者,freelancer,摄影师,外省市户籍,浙江,,,
P01222,吴羽哲,男,44,40-44,无需要照顾的孩子,服务业者,service_worker,健身教练,外省市户籍,四川,,,
P01223,李星乐,男,44,40-44,有未成年孩子,上班族,office_worker,技术经理,外省市户籍,江西,,,
P01224,周豪浩,男,30,30-34,有未成年孩子,上班族,office_worker,运营专员,外省市户籍,安徽,,,
P01225,程睿宇,男,27,25-29,无需要照顾的孩子,上班族,office_worker,HR经理,外省市户籍,河南,,,
P01226,周婷曦,女,23,18-24,无需要照顾的孩子,服务业者,service_worker,健身教练,外省市户籍,安徽,,,
P01227,王远安,男,24,18-24,无需要照顾的孩子,大学生,university_student,博士研究生,上海户籍,上海,,,
P01228,杨佑,男,21,18-24,无需要照顾的孩子,大学生,university_student,硕士研究生,上海户籍,上海,,,
P01229,程琪彤,女,37,35-39,有未成年孩子,上班族,office_worker,采购经理,上海户籍,上海,,,
P01230,王辰宁,男,30,30-34,有未成年孩子,上班族,office_worker,行政专员,外省市户籍,陕西,,,
P01231,杨婉,女,33,30-34,无需要照顾的孩子,服务业者,service_worker,酒店服务人员,上海户籍,上海,,,
P01232,王佑明,男,27,25-29,无需要照顾的孩子,服务业者,service_worker,收银员,上海户籍,上海,,,
P01233,周源文,男,48,45-49,无需要照顾的孩子,上班族,office_worker,高级运营专员,上海户籍,上海,,,
P01234,程宇知,男,41,40-44,有未成年孩子,上班族,office_worker,销售经理,外省市户籍,浙江,,,
P01235,王欣,女,26,25-29,有未成年孩子,上班族,office_worker,软件工程师,上海户籍,上海,,,
P01236,陈清,男,26,25-29,无需要照顾的孩子,服务业者,service_worker,客服,外省市户籍,江苏,,,
P01237,张星然,男,41,40-44,有未成年孩子,体力劳动者,manual_worker,快递员,外省市户籍,浙江,,,
P01238,韩远,男,20,18-24,无需要照顾的孩子,上班族,office_worker,采购专员,外省市户籍,安徽,,,
P01239,董景天,男,34,30-34,有成年孩子,上班族,office_worker,会计,外省市户籍,安徽,,,
P01240,周诚晨,男,42,40-44,有未成年孩子,上班族,office_worker,项目经理,上海户籍,上海,,,
P01241,王羽志,男,29,25-29,有未成年孩子,服务业者,service_worker,收银员,外省市户籍,河南,,,
P01242,刘怡,女,31,30-34,有未成年孩子,服务业者,service_worker,房产经纪,上海户籍,上海,,,
P01243,谢源,男,27,25-29,有未成年孩子,上班族,office_worker,数据分析师,上海户籍,上海,,,
P01244,李文远,男,30,30-34,无需要照顾的孩子,大学生,university_student,博士研究生,上海户籍,上海,,,
P01245,唐源楷,男,43,40-44,无需要照顾的孩子,服务业者,service_worker,保安,上海户籍,上海,,,
P01246,陈宁怡,女,25,25-29,无需要照顾的孩子,大学生,university_student,硕士研究生,外省市户籍,湖南,,,
P01247,朱然,男,39,35-39,有成年孩子,自由业者,freelancer,咨询顾问,外省市户籍,湖北,,,
P01248,李俊昊,男,18,18-24,无需要照顾的孩子,体力劳动者,manual_worker,司机,上海户籍,上海,,,
P01249,黄一明,男,26,25-29,无需要照顾的孩子,体力劳动者,manual_worker,设备操作员,外省市户籍,福建,,,
P01250,杨景宁,男,30,30-34,有未成年孩子,上班族,office_worker,采购专员,外省市户籍,安徽,,,
P01251,黄佑昊,男,33,30-34,无需要照顾的孩子,体力劳动者,manual_worker,电工,上海户籍,上海,,,
P01252,李博,男,31,30-34,有未成年孩子,自由业者,freelancer,摄影师,上海户籍,上海,,,
P01253,张辰一,女,29,25-29,无需要照顾的孩子,上班族,office_worker,设计师,外省市户籍,福建,,,
P01254,唐怡曦,女,29,25-29,无需要照顾的孩子,服务业者,service_worker,店员,上海户籍,上海,,,
P01255,陈思星,男,37,35-39,有未成年孩子,上班族,office_worker,财务主管,上海户籍,上海,,,
P01256,梁睿心,男,38,35-39,无需要照顾的孩子,服务业者,service_worker,收银员,外省市户籍,四川,,,
P01257,李怡,女,36,35-39,有未成年孩子,体力劳动者,manual_worker,配送员,上海户籍,上海,,,
P01258,宋心文,男,41,40-44,有未成年孩子,体力劳动者,manual_worker,仓库操作员,上海户籍,上海,,,
P01259,王佳羽,女,33,30-34,无需要照顾的孩子,上班族,office_worker,设计师,外省市户籍,湖南,,,
P01260,吴欣,女,18,18-24,无需要照顾的孩子,上班族,office_worker,设计师,上海户籍,上海,,,
P01261,刘豪楷,男,41,40-44,有未成年孩子,服务业者,service_worker,健身教练,外省市户籍,江苏,,,
P01262,黄阳清,男,23,18-24,无需要照顾的孩子,上班族,office_worker,数据分析师,外省市户籍,河南,,,
P01263,孙远楷,男,28,25-29,无需要照顾的孩子,体力劳动者,manual_worker,焊工,上海户籍,上海,,,
P01264,王景,男,42,40-44,有成年孩子,自由业者,freelancer,私教,外省市户籍,山东,,,
P01265,宋远俊,男,46,45-49,有成年孩子,服务业者,service_worker,保安,上海户籍,上海,,,
P01266,于思昊,男,19,18-24,无需要照顾的孩子,大学生,university_student,本科生,外省市户籍,江苏,,,
P01267,高怡,女,35,35-39,有未成年孩子,上班族,office_worker,采购专员,外省市户籍,湖北,,,
P01268,刘轩天,男,28,25-29,无需要照顾的孩子,大学生,university_student,硕士研究生,上海户籍,上海,,,
P01269,李晓,女,19,18-24,无需要照顾的孩子,上班族,office_worker,会计,上海户籍,上海,,,
P01270,王宁雅,女,19,18-24,无需要照顾的孩子,服务业者,service_worker,房产经纪,外省市户籍,浙江,,,
P01271,黄可思,女,33,30-34,无需要照顾的孩子,自由业者,freelancer,自媒体从业者,外省市户籍,河南,,,
P01272,黄源可,女,22,18-24,无需要照顾的孩子,服务业者,service_worker,酒店前台,外省市户籍,江西,,,
P01273,王乐雅,女,31,30-34,有未成年孩子,自由业者,freelancer,摄影师,外省市户籍,河南,,,
P01274,韩语心,女,39,35-39,无需要照顾的孩子,自由业者,freelancer,私教,外省市户籍,江西,,,
P01275,李浩嘉,男,35,35-39,有未成年孩子,上班族,office_worker,会计,外省市户籍,湖南,,,
P01276,李豪,男,23,18-24,无需要照顾的孩子,体力劳动者,manual_worker,快递员,上海户籍,上海,,,
P01277,郑婉佳,女,25,25-29,有未成年孩子,自由业者,freelancer,私教,上海户籍,上海,,,
P01278,张清,男,30,30-34,无需要照顾的孩子,上班族,office_worker,财务主管,上海户籍,上海,,,
P01279,李静,女,34,30-34,有未成年孩子,自由业者,freelancer,自由销售,外省市户籍,其他,,,
P01280,吴思佳,女,37,35-39,有未成年孩子,上班族,office_worker,采购专员,上海户籍,上海,,,
P01281,曹梦,女,47,45-49,有成年孩子,上班族,office_worker,技术经理,上海户籍,上海,,,
P01282,王羽梓,男,41,40-44,有未成年孩子,自由业者,freelancer,自由销售,上海户籍,上海,,,
P01283,郑心晨,女,19,18-24,无需要照顾的孩子,上班族,office_worker,行政专员,上海户籍,上海,,,
P01284,王哲佑,男,45,45-49,有成年孩子,服务业者,service_worker,收银员,上海户籍,上海,,,
P01285,王豪然,男,29,25-29,有未成年孩子,上班族,office_worker,财务主管,外省市户籍,湖北,,,
P01286,袁远,男,30,30-34,有未成年孩子,上班族,office_worker,运营专员,上海户籍,上海,,,
P01287,黄乐言,女,33,30-34,有未成年孩子,自由业者,freelancer,独立程序员,外省市户籍,湖北,,,
P01288,李静佳,女,24,18-24,有未成年孩子,上班族,office_worker,软件工程师,上海户籍,上海,,,
P01289,王诗源,女,21,18-24,无需要照顾的孩子,上班族,office_worker,销售代表,外省市户籍,山东,,,
P01290,张晴婉,女,44,40-44,有未成年孩子,自由业者,freelancer,独立程序员,外省市户籍,江西,,,
P01291,韩源琪,女,25,25-29,无需要照顾的孩子,上班族,office_worker,会计,外省市户籍,安徽,,,
P01292,高源乐,女,35,35-39,有未成年孩子,体力劳动者,manual_worker,仓库操作员,外省市户籍,其他,,,
P01293,赵言曦,女,41,40-44,有未成年孩子,服务业者,service_worker,保安,外省市户籍,四川,,,
P01294,邓嘉杰,男,33,30-34,无需要照顾的孩子,上班族,office_worker,产品经理,上海户籍,上海,,,
P01295,陈梓,男,31,30-34,无需要照顾的孩子,上班族,office_worker,高级软件工程师,外省市户籍,安徽,,,
P01296,韩宁瑶,女,27,25-29,无需要照顾的孩子,上班族,office_worker,财务专员,外省市户籍,江苏,,,
P01297,胡诗佳,女,41,40-44,有成年孩子,体力劳动者,manual_worker,搬运工,上海户籍,上海,,,
P01298,陈若羽,女,45,45-49,无需要照顾的孩子,上班族,office_worker,设计师,上海户籍,上海,,,
P01299,陈涵语,女,26,25-29,有未成年孩子,体力劳动者,manual_worker,司机,外省市户籍,湖南,,,
P01300,张嘉文,男,23,18-24,无需要照顾的孩子,上班族,office_worker,数据分析师,上海户籍,上海,,,
P01301,马可宁,女,29,25-29,无需要照顾的孩子,服务业者,service_worker,厨师,外省市户籍,其他,,,
P01302,李羽嫣,女,29,25-29,有未成年孩子,上班族,office_worker,财务专员,外省市户籍,安徽,,,
P01303,唐涵雅,女,42,40-44,无需要照顾的孩子,上班族,office_worker,软件工程师,上海户籍,上海,,,
P01304,王梦婷,女,34,30-34,有未成年孩子,上班族,office_worker,采购经理,外省市户籍,山东,,,
P01305,赵怡诗,女,32,30-34,有未成年孩子,上班族,office_worker,数据分析师,外省市户籍,浙江,,,
P01306,高乐梦,女,43,40-44,有成年孩子,上班族,office_worker,人力资源经理,上海户籍,上海,,,
P01307,黄心明,男,41,40-44,无需要照顾的孩子,服务业者,service_worker,酒店前台,上海户籍,上海,,,
P01308,赵宇涵,男,37,35-39,有未成年孩子,体力劳动者,manual_worker,电工,上海户籍,上海,,,
P01309,高彤晴,女,44,40-44,有未成年孩子,上班族,office_worker,销售代表,外省市户籍,江西,,,
P01310,孙佳,女,43,40-44,有未成年孩子,体力劳动者,manual_worker,维修技师,外省市户籍,江西,,,
P01311,刘知乐,男,33,30-34,有未成年孩子,上班族,office_worker,高级运营专员,外省市户籍,安徽,,,
P01312,王宁睿,男,29,25-29,无需要照顾的孩子,自由业者,freelancer,咨询顾问,外省市户籍,湖北,,,
P01313,黄羽涵,女,31,30-34,无需要照顾的孩子,上班族,office_worker,项目经理,外省市户籍,江西,,,
P01314,韩涵怡,女,38,35-39,有未成年孩子,自由业者,freelancer,自由设计师,上海户籍,上海,,,
P01315,王言欣,女,26,25-29,无需要照顾的孩子,体力劳动者,manual_worker,安装工,外省市户籍,浙江,,,
P01316,宋轩杰,男,18,18-24,无需要照顾的孩子,大学生,university_student,本科生,外省市户籍,浙江,,,
P01317,马言文,男,29,25-29,无需要照顾的孩子,自由业者,freelancer,自媒体从业者,上海户籍,上海,,,
P01318,刘桐可,女,30,30-34,有未成年孩子,体力劳动者,manual_worker,仓库操作员,外省市户籍,湖北,,,
P01319,林源安,男,34,30-34,无需要照顾的孩子,上班族,office_worker,销售代表,外省市户籍,江苏,,,
P01320,赵晴,女,27,25-29,有未成年孩子,服务业者,service_worker,客服,外省市户籍,安徽,,,
P01321,陈远清,女,43,40-44,有成年孩子,服务业者,service_worker,保安,上海户籍,上海,,,
P01322,赵星雅,女,40,40-44,有未成年孩子,服务业者,service_worker,理发师,上海户籍,上海,,,
P01323,梁言诗,女,24,18-24,无需要照顾的孩子,上班族,office_worker,会计,外省市户籍,浙江,,,
P01324,张晨,男,22,18-24,无需要照顾的孩子,服务业者,service_worker,酒店前台,外省市户籍,广东,,,
P01325,王语知,女,31,30-34,有未成年孩子,服务业者,service_worker,客服,外省市户籍,江苏,,,
P01326,刘心,男,29,25-29,无需要照顾的孩子,上班族,office_worker,客户专员,上海户籍,上海,,,
P01327,韩知泽,男,30,30-34,有未成年孩子,上班族,office_worker,财务主管,外省市户籍,其他,,,
P01328,董源,男,23,18-24,无需要照顾的孩子,大学生,university_student,本科生,上海户籍,上海,,,
P01329,李星,男,28,25-29,无需要照顾的孩子,自由业者,freelancer,翻译,上海户籍,上海,,,
P01330,李宁婷,女,23,18-24,无需要照顾的孩子,服务业者,service_worker,健身教练,外省市户籍,江苏,,,
P01331,唐宁雅,女,45,45-49,无需要照顾的孩子,自由业者,freelancer,摄影师,外省市户籍,陕西,,,
P01332,刘思佳,女,49,45-49,有未成年孩子,上班族,office_worker,数据分析师,外省市户籍,其他,,,
P01333,王知乐,男,29,25-29,有未成年孩子,上班族,office_worker,客户经理,外省市户籍,江西,,,
P01334,李涵一,男,43,40-44,无需要照顾的孩子,上班族,office_worker,财务经理,外省市户籍,浙江,,,
P01335,杨明然,男,38,35-39,有未成年孩子,自由业者,freelancer,自由设计师,上海户籍,上海,,,
P01336,王浩乐,男,40,40-44,无需要照顾的孩子,服务业者,service_worker,酒店前台,外省市户籍,山东,,,
P01337,李宁泽,男,26,25-29,无需要照顾的孩子,上班族,office_worker,财务主管,上海户籍,上海,,,
P01338,李佳嫣,女,38,35-39,无需要照顾的孩子,上班族,office_worker,数据分析师,外省市户籍,江西,,,
P01339,高思嘉,男,34,30-34,无需要照顾的孩子,上班族,office_worker,运营专员,上海户籍,上海,,,
P01340,王豪文,男,39,35-39,有未成年孩子,自由业者,freelancer,咨询顾问,上海户籍,上海,,,
P01341,郭宁欣,女,43,40-44,有未成年孩子,上班族,office_worker,采购经理,外省市户籍,四川,,,
P01342,陈轩轩,男,44,40-44,有未成年孩子,自由业者,freelancer,自由销售,上海户籍,上海,,,
P01343,林诚,男,24,18-24,无需要照顾的孩子,上班族,office_worker,采购专员,外省市户籍,江西,,,
P01344,李博楷,男,39,35-39,有未成年孩子,上班族,office_worker,设计师,上海户籍,上海,,,
P01345,罗诺辰,女,26,25-29,无需要照顾的孩子,上班族,office_worker,财务主管,上海户籍,上海,,,
P01346,林瑶,女,26,25-29,无需要照顾的孩子,上班族,office_worker,数据分析师,外省市户籍,江苏,,,
P01347,王昊知,男,26,25-29,无需要照顾的孩子,上班族,office_worker,项目经理,外省市户籍,四川,,,
P01348,曹源诗,女,22,18-24,无需要照顾的孩子,服务业者,service_worker,保安,外省市户籍,江西,,,
P01349,王彤可,女,32,30-34,有未成年孩子,上班族,office_worker,会计,外省市户籍,山东,,,
P01350,梁若婷,女,23,18-24,无需要照顾的孩子,大学生,university_student,硕士研究生,外省市户籍,河北,,,
P01351,刘嘉,男,30,30-34,有未成年孩子,上班族,office_worker,产品经理,外省市户籍,河南,,,
P01352,李桐曦,女,19,18-24,无需要照顾的孩子,自由业者,freelancer,私教,上海户籍,上海,,,
P01353,徐诺心,男,43,40-44,有未成年孩子,上班族,office_worker,客户专员,上海户籍,上海,,,
P01354,郑豪子,男,26,25-29,无需要照顾的孩子,上班族,office_worker,销售经理,外省市户籍,河南,,,
P01355,胡晓晨,女,27,25-29,无需要照顾的孩子,上班族,office_worker,数据分析师,外省市户籍,浙江,,,
P01356,孙诺欣,女,35,35-39,有未成年孩子,服务业者,service_worker,厨师,上海户籍,上海,,,
P01357,陈源睿,男,42,40-44,有未成年孩子,上班族,office_worker,项目经理,外省市户籍,安徽,,,
P01358,李佑晨,男,31,30-34,无需要照顾的孩子,服务业者,service_worker,酒店服务人员,外省市户籍,安徽,,,
P01359,胡俊星,男,35,35-39,有未成年孩子,上班族,office_worker,客户经理,上海户籍,上海,,,
P01360,孙安,男,41,40-44,有未成年孩子,服务业者,service_worker,理发师,外省市户籍,江苏,,,
P01361,李可若,女,22,18-24,无需要照顾的孩子,上班族,office_worker,设计师,上海户籍,上海,,,
P01362,林乐远,男,26,25-29,无需要照顾的孩子,上班族,office_worker,HR经理,外省市户籍,江苏,,,
P01363,高泽轩,男,44,40-44,无需要照顾的孩子,上班族,office_worker,客户经理,外省市户籍,安徽,,,
P01364,张嘉梓,男,34,30-34,无需要照顾的孩子,服务业者,service_worker,客服,外省市户籍,山东,,,
P01365,徐源,男,33,30-34,有未成年孩子,上班族,office_worker,销售经理,上海户籍,上海,,,
P01366,杨宁,男,45,45-49,有未成年孩子,上班族,office_worker,行政专员,外省市户籍,江西,,,
P01367,罗嘉志,男,36,35-39,有未成年孩子,体力劳动者,manual_worker,电工,外省市户籍,江苏,,,
P01368,许文俊,男,43,40-44,有未成年孩子,自由业者,freelancer,独立程序员,外省市户籍,河北,,,
P01369,宋哲轩,男,21,18-24,无需要照顾的孩子,大学生,university_student,本科生,外省市户籍,江苏,,,
P01370,李晓瑶,女,31,30-34,有未成年孩子,上班族,office_worker,运营专员,外省市户籍,江苏,,,
P01371,罗杰豪,男,33,30-34,有未成年孩子,上班族,office_worker,采购经理,外省市户籍,河南,,,
P01372,赵佳欣,女,44,40-44,无需要照顾的孩子,上班族,office_worker,产品经理,上海户籍,上海,,,
P01373,何远桐,女,47,45-49,有成年孩子,上班族,office_worker,区域经理,外省市户籍,其他,,,
P01374,刘阳浩,男,39,35-39,无需要照顾的孩子,上班族,office_worker,项目经理,外省市户籍,河南,,,
P01375,马可雅,女,31,30-34,有未成年孩子,上班族,office_worker,设计师,外省市户籍,安徽,,,
P01376,王琪晓,女,26,25-29,无需要照顾的孩子,服务业者,service_worker,酒店前台,外省市户籍,陕西,,,
P01377,张彤嫣,女,27,25-29,无需要照顾的孩子,上班族,office_worker,项目经理,外省市户籍,江苏,,,
P01378,黄然宇,男,22,18-24,无需要照顾的孩子,大学生,university_student,本科生,外省市户籍,四川,,,
P01379,杨佳清,女,26,25-29,无需要照顾的孩子,上班族,office_worker,采购经理,外省市户籍,安徽,,,
P01380,张瑶晓,女,19,18-24,无需要照顾的孩子,大学生,university_student,本科生,上海户籍,上海,,,
P01381,王嘉晨,男,32,30-34,无需要照顾的孩子,上班族,office_worker,软件工程师,外省市户籍,河南,,,
P01382,周源远,男,32,30-34,有未成年孩子,上班族,office_worker,高级运营专员,上海户籍,上海,,,
P01383,赵景,男,22,18-24,无需要照顾的孩子,大学生,university_student,硕士研究生,外省市户籍,河南,,,
P01384,黄佑诚,男,30,30-34,无需要照顾的孩子,上班族,office_worker,产品经理,上海户籍,上海,,,
P01385,张羽,男,46,45-49,有未成年孩子,上班族,office_worker,数据分析师,外省市户籍,安徽,,,
P01386,孙思语,女,22,18-24,无需要照顾的孩子,上班族,office_worker,采购专员,上海户籍,上海,,,
P01387,张欣,女,32,30-34,有未成年孩子,体力劳动者,manual_worker,司机,上海户籍,上海,,,
P01388,张轩,男,36,35-39,有未成年孩子,体力劳动者,manual_worker,焊工,上海户籍,上海,,,
P01389,高宁轩,男,31,30-34,有未成年孩子,服务业者,service_worker,客服,上海户籍,上海,,,
P01390,刘佑子,男,31,30-34,无需要照顾的孩子,服务业者,service_worker,酒店前台,外省市户籍,其他,,,
P01391,周晨诚,男,27,25-29,无需要照顾的孩子,上班族,office_worker,行政专员,外省市户籍,浙江,,,
P01392,邓静晴,女,38,35-39,有未成年孩子,服务业者,service_worker,店员,外省市户籍,湖北,,,
P01393,何思诗,女,22,18-24,无需要照顾的孩子,上班族,office_worker,行政专员,外省市户籍,河南,,,
P01394,董心昊,男,19,18-24,无需要照顾的孩子,大学生,university_student,本科生,上海户籍,上海,,,
P01395,王思桐,女,39,35-39,有未成年孩子,上班族,office_worker,高级软件工程师,上海户籍,上海,,,
P01396,陈一佑,男,39,35-39,有未成年孩子,上班族,office_worker,产品经理,外省市户籍,江西,,,
P01397,张楷景,男,41,40-44,有成年孩子,自由业者,freelancer,咨询顾问,外省市户籍,山东,,,
P01398,周晨豪,男,35,35-39,有未成年孩子,服务业者,service_worker,保安,上海户籍,上海,,,
P01399,赵轩星,男,41,40-44,有未成年孩子,上班族,office_worker,采购专员,外省市户籍,安徽,,,
P01400,王子昊,男,20,18-24,无需要照顾的孩子,服务业者,service_worker,店员,外省市户籍,浙江,,,
P01401,冯彤一,女,33,30-34,有成年孩子,自由业者,freelancer,咨询顾问,外省市户籍,江苏,,,
P01402,许羽晓,女,36,35-39,有未成年孩子,自由业者,freelancer,咨询顾问,外省市户籍,安徽,,,
P01403,王曦,女,48,45-49,有成年孩子,服务业者,service_worker,保安,上海户籍,上海,,,
P01404,陈杰星,男,25,25-29,无需要照顾的孩子,上班族,office_worker,软件工程师,上海户籍,上海,,,
P01405,袁睿,男,47,45-49,无需要照顾的孩子,上班族,office_worker,高级产品经理,上海户籍,上海,,,
P01406,王哲诺,男,30,30-34,有未成年孩子,上班族,office_worker,行政专员,上海户籍,上海,,,
P01407,李静可,女,32,30-34,有未成年孩子,体力劳动者,manual_worker,安装工,上海户籍,上海,,,
P01408,李可哲,男,31,30-34,有未成年孩子,上班族,office_worker,运营专员,上海户籍,上海,,,
P01409,张思,女,29,25-29,无需要照顾的孩子,体力劳动者,manual_worker,安装工,外省市户籍,山东,,,
P01410,刘欣一,女,31,30-34,有未成年孩子,上班族,office_worker,财务主管,上海户籍,上海,,,
P01411,王子,男,31,30-34,有未成年孩子,上班族,office_worker,设计师,上海户籍,上海,,,
P01412,陈佳曦,女,29,25-29,无需要照顾的孩子,体力劳动者,manual_worker,仓库操作员,外省市户籍,湖南,,,
P01413,刘知涵,女,44,40-44,有未成年孩子,体力劳动者,manual_worker,维修技师,上海户籍,上海,,,
P01414,张阳浩,男,35,35-39,有未成年孩子,体力劳动者,manual_worker,电工,外省市户籍,江苏,,,
P01415,黄辰言,女,39,35-39,无需要照顾的孩子,自由业者,freelancer,自媒体从业者,外省市户籍,江苏,,,
P01416,冯清杰,男,23,18-24,无需要照顾的孩子,服务业者,service_worker,房产经纪,上海户籍,上海,,,
P01417,李浩梓,男,39,35-39,无需要照顾的孩子,上班族,office_worker,行政专员,上海户籍,上海,,,
P01418,李哲,男,23,18-24,无需要照顾的孩子,服务业者,service_worker,理发师,上海户籍,上海,,,
P01419,黄远怡,女,28,25-29,有未成年孩子,上班族,office_worker,会计,上海户籍,上海,,,
P01420,刘轩清,男,33,30-34,有未成年孩子,服务业者,service_worker,健身教练,外省市户籍,河南,,,
P01421,赵诺子,女,27,25-29,无需要照顾的孩子,上班族,office_worker,数据分析师,外省市户籍,山东,,,
P01422,张思,女,43,40-44,有未成年孩子,上班族,office_worker,财务经理,外省市户籍,其他,,,
P01423,于佑言,男,29,25-29,无需要照顾的孩子,上班族,office_worker,会计,上海户籍,上海,,,
P01424,赵知,女,27,25-29,有未成年孩子,服务业者,service_worker,美容师,外省市户籍,江西,,,
P01425,郑羽,男,25,25-29,无需要照顾的孩子,上班族,office_worker,客户专员,上海户籍,上海,,,
P01426,徐彤,女,27,25-29,有未成年孩子,体力劳动者,manual_worker,建筑工人,外省市户籍,江西,,,
P01427,高清静,女,33,30-34,有未成年孩子,上班族,office_worker,采购专员,外省市户籍,安徽,,,
P01428,黄知诺,男,29,25-29,有未成年孩子,上班族,office_worker,数据分析师,上海户籍,上海,,,
P01429,邓婉琪,女,39,35-39,有未成年孩子,自由业者,freelancer,独立程序员,外省市户籍,河南,,,
P01430,许诗,女,31,30-34,有未成年孩子,自由业者,freelancer,独立程序员,外省市户籍,福建,,,
P01431,谢言子,女,21,18-24,无需要照顾的孩子,大学生,university_student,本科生,外省市户籍,福建,,,
P01432,张子辰,女,30,30-34,无需要照顾的孩子,体力劳动者,manual_worker,仓库操作员,外省市户籍,浙江,,,
P01433,邓远,男,30,30-34,有未成年孩子,服务业者,service_worker,酒店服务人员,上海户籍,上海,,,
P01434,王婷晓,女,46,45-49,有未成年孩子,上班族,office_worker,人力资源经理,外省市户籍,浙江,,,
P01435,李彤欣,女,32,30-34,有未成年孩子,上班族,office_worker,采购经理,上海户籍,上海,,,
P01436,刘涵心,女,35,35-39,无需要照顾的孩子,上班族,office_worker,客户经理,外省市户籍,河北,,,
P01437,张俊俊,男,34,30-34,有未成年孩子,服务业者,service_worker,酒店前台,外省市户籍,安徽,,,
P01438,袁远思,男,28,25-29,无需要照顾的孩子,服务业者,service_worker,收银员,上海户籍,上海,,,
P01439,梁辰,男,47,45-49,有未成年孩子,体力劳动者,manual_worker,配送员,外省市户籍,安徽,,,
P01440,冯琪欣,女,25,25-29,无需要照顾的孩子,上班族,office_worker,数据分析师,上海户籍,上海,,,
P01441,许明辰,男,40,40-44,有成年孩子,上班族,office_worker,高级软件工程师,外省市户籍,江苏,,,
P01442,陈杰可,男,27,25-29,无需要照顾的孩子,服务业者,service_worker,房产经纪,外省市户籍,山东,,,
P01443,刘嘉,女,27,25-29,无需要照顾的孩子,上班族,office_worker,高级软件工程师,外省市户籍,湖南,,,
P01444,郑嘉心,男,33,30-34,无需要照顾的孩子,自由业者,freelancer,独立程序员,外省市户籍,陕西,,,
P01445,李桐琪,女,33,30-34,有未成年孩子,上班族,office_worker,软件工程师,外省市户籍,安徽,,,
P01446,张博明,男,40,40-44,有未成年孩子,上班族,office_worker,销售经理,上海户籍,上海,,,
P01447,黄诺,男,22,18-24,无需要照顾的孩子,体力劳动者,manual_worker,快递员,上海户籍,上海,,,
P01448,刘知宁,女,28,25-29,无需要照顾的孩子,上班族,office_worker,产品经理,外省市户籍,江西,,,
P01449,周子哲,男,29,25-29,无需要照顾的孩子,上班族,office_worker,财务专员,上海户籍,上海,,,
P01450,何宁清,女,29,25-29,无需要照顾的孩子,体力劳动者,manual_worker,仓库操作员,上海户籍,上海,,,
P01451,吴曦静,女,31,30-34,有未成年孩子,自由业者,freelancer,私教,上海户籍,上海,,,
P01452,徐辰婷,女,46,45-49,有未成年孩子,上班族,office_worker,业务负责人,上海户籍,上海,,,
P01453,孙可,女,46,45-49,有成年孩子,服务业者,service_worker,收银员,外省市户籍,安徽,,,
P01454,刘婷,女,36,35-39,有未成年孩子,上班族,office_worker,行政专员,上海户籍,上海,,,
P01455,罗婷宁,女,18,18-24,无需要照顾的孩子,大学生,university_student,本科生,外省市户籍,安徽,,,
P01456,梁景一,男,34,30-34,无需要照顾的孩子,自由业者,freelancer,独立程序员,上海户籍,上海,,,
P01457,李嘉言,男,29,25-29,无需要照顾的孩子,上班族,office_worker,设计师,外省市户籍,安徽,,,
P01458,陈思阳,男,20,18-24,无需要照顾的孩子,大学生,university_student,本科生,上海户籍,上海,,,
P01459,周彤,女,38,35-39,有未成年孩子,上班族,office_worker,项目经理,上海户籍,上海,,,
P01460,刘涵远,男,33,30-34,无需要照顾的孩子,服务业者,service_worker,酒店前台,上海户籍,上海,,,
P01461,陈梦思,女,46,45-49,有未成年孩子,服务业者,service_worker,厨师,外省市户籍,其他,,,
P01462,孙轩远,男,39,35-39,无需要照顾的孩子,上班族,office_worker,HR经理,外省市户籍,湖南,,,
P01463,马羽,男,26,25-29,无需要照顾的孩子,体力劳动者,manual_worker,快递员,上海户籍,上海,,,
P01464,刘羽泽,男,31,30-34,无需要照顾的孩子,服务业者,service_worker,酒店前台,上海户籍,上海,,,
P01465,黄诗晓,女,28,25-29,无需要照顾的孩子,服务业者,service_worker,收银员,外省市户籍,广东,,,
P01466,何梦婷,女,36,35-39,无需要照顾的孩子,上班族,office_worker,数据分析师,上海户籍,上海,,,
P01467,刘梦星,女,22,18-24,无需要照顾的孩子,大学生,university_student,本科生,上海户籍,上海,,,
P01468,孙婉瑶,女,33,30-34,有未成年孩子,服务业者,service_worker,理发师,上海户籍,上海,,,
P01469,张哲心,男,28,25-29,无需要照顾的孩子,大学生,university_student,硕士研究生,外省市户籍,浙江,,,
P01470,周睿浩,男,33,30-34,有未成年孩子,体力劳动者,manual_worker,电工,外省市户籍,江苏,,,
P01471,王哲佑,男,37,35-39,无需要照顾的孩子,自由业者,freelancer,私教,上海户籍,上海,,,
P01472,李子明,男,25,25-29,无需要照顾的孩子,上班族,office_worker,高级运营专员,上海户籍,上海,,,
P01473,马文安,男,40,40-44,有成年孩子,上班族,office_worker,高级运营专员,上海户籍,上海,,,
P01474,陈轩,男,33,30-34,无需要照顾的孩子,服务业者,service_worker,保安,上海户籍,上海,,,
P01475,王宁,女,37,35-39,有未成年孩子,上班族,office_worker,项目经理,外省市户籍,福建,,,
P01476,刘浩晨,男,18,18-24,无需要照顾的孩子,体力劳动者,manual_worker,设备操作员,上海户籍,上海,,,
P01477,杨彤清,女,30,30-34,有未成年孩子,上班族,office_worker,会计,外省市户籍,安徽,,,
P01478,张安安,男,39,35-39,无需要照顾的孩子,上班族,office_worker,产品经理,外省市户籍,其他,,,
P01479,徐心一,女,39,35-39,有未成年孩子,体力劳动者,manual_worker,搬运工,上海户籍,上海,,,
P01480,徐嘉,男,30,30-34,无需要照顾的孩子,服务业者,service_worker,店员,外省市户籍,江苏,,,
P01481,胡诺睿,男,43,40-44,有未成年孩子,服务业者,service_worker,酒店前台,上海户籍,上海,,,
P01482,马可轩,男,26,25-29,无需要照顾的孩子,上班族,office_worker,财务专员,外省市户籍,安徽,,,
P01483,徐佳若,女,19,18-24,无需要照顾的孩子,服务业者,service_worker,客服,上海户籍,上海,,,
P01484,王婷,女,38,35-39,无需要照顾的孩子,上班族,office_worker,高级软件工程师,上海户籍,上海,,,
P01485,王佳清,女,41,40-44,有成年孩子,服务业者,service_worker,理发师,外省市户籍,江西,,,
P01486,王瑶心,女,43,40-44,无需要照顾的孩子,服务业者,service_worker,客服,上海户籍,上海,,,
P01487,唐若佳,女,25,25-29,无需要照顾的孩子,自由业者,freelancer,翻译,外省市户籍,安徽,,,
P01488,朱文远,男,18,18-24,无需要照顾的孩子,服务业者,service_worker,店员,外省市户籍,湖南,,,
P01489,徐晓宁,女,41,40-44,有未成年孩子,服务业者,service_worker,健身教练,上海户籍,上海,,,
P01490,许宁,女,31,30-34,无需要照顾的孩子,上班族,office_worker,财务主管,上海户籍,上海,,,
P01491,王远嘉,男,34,30-34,无需要照顾的孩子,体力劳动者,manual_worker,配送员,上海户籍,上海,,,
P01492,张晨诺,男,18,18-24,无需要照顾的孩子,上班族,office_worker,会计,外省市户籍,浙江,,,
P01493,张欣婉,女,29,25-29,无需要照顾的孩子,上班族,office_worker,财务专员,上海户籍,上海,,,
P01494,杨哲文,男,33,30-34,无需要照顾的孩子,上班族,office_worker,项目经理,外省市户籍,湖北,,,
P01495,孙欣嘉,女,30,30-34,无需要照顾的孩子,体力劳动者,manual_worker,建筑工人,上海户籍,上海,,,
P01496,吴可若,女,49,45-49,有成年孩子,体力劳动者,manual_worker,焊工,上海户籍,上海,,,
P01497,徐曦,女,48,45-49,有成年孩子,上班族,office_worker,高级运营专员,外省市户籍,河南,,,
P01498,刘源远,女,37,35-39,有未成年孩子,服务业者,service_worker,酒店前台,外省市户籍,江西,,,
P01499,黄嘉子,男,35,35-39,无需要照顾的孩子,体力劳动者,manual_worker,建筑工人,上海户籍,上海,,,
P01500,徐然源,男,22,18-24,无需要照顾的孩子,自由业者,freelancer,私教,上海户籍,上海,,,
P01501,罗涵晨,女,33,30-34,有未成年孩子,体力劳动者,manual_worker,电工,上海户籍,上海,,,
P01502,王轩,男,43,40-44,无需要照顾的孩子,上班族,office_worker,销售经理,外省市户籍,河南,,,
P01503,何清诺,男,19,18-24,无需要照顾的孩子,大学生,university_student,硕士研究生,外省市户籍,江苏,,,
P01504,吴一彤,女,25,25-29,无需要照顾的孩子,上班族,office_worker,软件工程师,上海户籍,上海,,,
P01505,刘轩浩,男,39,35-39,有未成年孩子,自由业者,freelancer,自由销售,外省市户籍,四川,,,
P01506,林浩一,男,21,18-24,有未成年孩子,服务业者,service_worker,酒店服务人员,上海户籍,上海,,,
P01507,杨欣知,女,29,25-29,无需要照顾的孩子,体力劳动者,manual_worker,维修技师,外省市户籍,江西,,,
P01508,李辰安,女,26,25-29,无需要照顾的孩子,自由业者,freelancer,私教,上海户籍,上海,,,
P01509,张子诗,女,30,30-34,有未成年孩子,体力劳动者,manual_worker,维修技师,外省市户籍,浙江,,,
P01510,黄星远,男,45,45-49,有未成年孩子,服务业者,service_worker,酒店服务人员,外省市户籍,浙江,,,
P01511,刘辰辰,男,42,40-44,有成年孩子,上班族,office_worker,高级运营专员,外省市户籍,江苏,,,
P01512,周清怡,女,22,18-24,无需要照顾的孩子,上班族,office_worker,运营专员,上海户籍,上海,,,
P01513,王哲,男,19,18-24,无需要照顾的孩子,大学生,university_student,本科生,外省市户籍,河北,,,
P01514,马嫣怡,女,30,30-34,有未成年孩子,体力劳动者,manual_worker,设备操作员,外省市户籍,江苏,,,
P01515,韩一楷,男,42,40-44,无需要照顾的孩子,体力劳动者,manual_worker,建筑工人,上海户籍,上海,,,
P01516,周怡瑶,女,30,30-34,有未成年孩子,体力劳动者,manual_worker,建筑工人,上海户籍,上海,,,
P01517,王怡晓,女,32,30-34,无需要照顾的孩子,体力劳动者,manual_worker,电工,上海户籍,上海,,,
P01518,杨晴思,女,47,45-49,无需要照顾的孩子,体力劳动者,manual_worker,建筑工人,上海户籍,上海,,,
P01519,王乐涵,女,20,18-24,无需要照顾的孩子,大学生,university_student,本科生,外省市户籍,河北,,,
P01520,张宁婷,女,41,40-44,有成年孩子,体力劳动者,manual_worker,建筑工人,外省市户籍,山东,,,
P01521,马思轩,男,42,40-44,有成年孩子,体力劳动者,manual_worker,建筑工人,上海户籍,上海,,,
P01522,李思可,女,29,25-29,无需要照顾的孩子,上班族,office_worker,软件工程师,上海户籍,上海,,,
P01523,陈志,男,43,40-44,有未成年孩子,服务业者,service_worker,房产经纪,上海户籍,上海,,,
P01524,王乐,女,41,40-44,有成年孩子,上班族,office_worker,人力资源经理,外省市户籍,陕西,,,
P01525,王佳,女,26,25-29,无需要照顾的孩子,上班族,office_worker,软件工程师,外省市户籍,山东,,,
P01526,徐雅瑶,女,18,18-24,无需要照顾的孩子,上班族,office_worker,财务专员,上海户籍,上海,,,
P01527,李辰静,女,31,30-34,无需要照顾的孩子,自由业者,freelancer,摄影师,外省市户籍,湖北,,,
P01528,袁曦,女,37,35-39,有未成年孩子,上班族,office_worker,高级软件工程师,上海户籍,上海,,,
P01529,梁星梦,女,34,30-34,无需要照顾的孩子,上班族,office_worker,数据分析师,上海户籍,上海,,,
P01530,何一佑,男,45,45-49,有未成年孩子,自由业者,freelancer,私教,上海户籍,上海,,,
P01531,刘一,男,48,45-49,有成年孩子,体力劳动者,manual_worker,仓库操作员,上海户籍,上海,,,
P01532,高浩,男,29,25-29,无需要照顾的孩子,体力劳动者,manual_worker,配送员,上海户籍,上海,,,
P01533,马梓梓,男,27,25-29,无需要照顾的孩子,上班族,office_worker,财务专员,上海户籍,上海,,,
P01534,罗晨豪,男,21,18-24,无需要照顾的孩子,服务业者,service_worker,房产经纪,上海户籍,上海,,,
P01535,张星星,女,48,45-49,有未成年孩子,服务业者,service_worker,美容师,上海户籍,上海,,,
P01536,邓思泽,男,38,35-39,有未成年孩子,上班族,office_worker,HR经理,外省市户籍,湖北,,,
P01537,杨婷,女,39,35-39,有未成年孩子,自由业者,freelancer,自由设计师,上海户籍,上海,,,
P01538,陈轩诚,男,46,45-49,有未成年孩子,自由业者,freelancer,自由销售,外省市户籍,江苏,,,
P01539,赵婷若,女,30,30-34,无需要照顾的孩子,服务业者,service_worker,厨师,外省市户籍,河南,,,
P01540,黄星知,女,23,18-24,无需要照顾的孩子,自由业者,freelancer,咨询顾问,上海户籍,上海,,,
P01541,袁远晨,男,32,30-34,无需要照顾的孩子,上班族,office_worker,销售经理,上海户籍,上海,,,
P01542,王哲阳,男,22,18-24,无需要照顾的孩子,上班族,office_worker,采购专员,外省市户籍,湖南,,,
P01543,朱嘉晨,男,28,25-29,无需要照顾的孩子,服务业者,service_worker,保安,外省市户籍,浙江,,,
P01544,刘雨,女,32,30-34,有未成年孩子,自由业者,freelancer,自由设计师,外省市户籍,安徽,,,
P01545,李楷景,男,30,30-34,无需要照顾的孩子,大学生,university_student,硕士研究生,上海户籍,上海,,,
P01546,何昊涵,男,44,40-44,无需要照顾的孩子,服务业者,service_worker,美容师,上海户籍,上海,,,
P01547,马清嫣,女,44,40-44,有成年孩子,服务业者,service_worker,房产经纪,外省市户籍,浙江,,,
P01548,张彤怡,女,41,40-44,有未成年孩子,上班族,office_worker,技术经理,外省市户籍,江苏,,,
P01549,杨天,男,33,30-34,无需要照顾的孩子,服务业者,service_worker,餐厅服务员,上海户籍,上海,,,
P01550,张宇羽,男,26,25-29,有未成年孩子,服务业者,service_worker,酒店前台,上海户籍,上海,,,
P01551,张嘉语,女,32,30-34,无需要照顾的孩子,上班族,office_worker,软件工程师,外省市户籍,江苏,,,
P01552,唐诚宁,男,28,25-29,无需要照顾的孩子,上班族,office_worker,项目经理,上海户籍,上海,,,
P01553,李羽静,女,20,18-24,无需要照顾的孩子,上班族,office_worker,行政专员,外省市户籍,江苏,,,
P01554,黄星,男,32,30-34,无需要照顾的孩子,服务业者,service_worker,餐厅服务员,外省市户籍,四川,,,
P01555,刘宁,男,28,25-29,有未成年孩子,服务业者,service_worker,房产经纪,外省市户籍,浙江,,,
P01556,董宁语,女,42,40-44,有未成年孩子,服务业者,service_worker,客服,上海户籍,上海,,,
P01557,李若婉,女,23,18-24,有未成年孩子,大学生,university_student,本科生,上海户籍,上海,,,
P01558,王佳宁,女,28,25-29,无需要照顾的孩子,大学生,university_student,博士研究生,上海户籍,上海,,,
P01559,于楷远,男,28,25-29,无需要照顾的孩子,上班族,office_worker,数据分析师,外省市户籍,湖南,,,
P01560,于星嘉,男,34,30-34,无需要照顾的孩子,体力劳动者,manual_worker,仓库操作员,外省市户籍,江苏,,,
P01561,赵景明,男,44,40-44,有未成年孩子,上班族,office_worker,部门经理,外省市户籍,浙江,,,
P01562,何雅心,女,35,35-39,无需要照顾的孩子,上班族,office_worker,高级软件工程师,上海户籍,上海,,,
P01563,赵睿,男,38,35-39,无需要照顾的孩子,自由业者,freelancer,独立程序员,上海户籍,上海,,,
P01564,赵欣佳,女,34,30-34,有未成年孩子,服务业者,service_worker,健身教练,上海户籍,上海,,,
P01565,宋泽哲,男,36,35-39,有未成年孩子,服务业者,service_worker,酒店前台,上海户籍,上海,,,
P01566,何晨景,男,19,18-24,无需要照顾的孩子,上班族,office_worker,会计,外省市户籍,江苏,,,
P01567,徐景远,男,37,35-39,有未成年孩子,上班族,office_worker,HR经理,外省市户籍,安徽,,,
P01568,杨楷嘉,男,31,30-34,有未成年孩子,大学生,university_student,硕士研究生,上海户籍,上海,,,
P01569,黄阳,男,23,18-24,无需要照顾的孩子,上班族,office_worker,行政专员,外省市户籍,广东,,,
P01570,张佳,女,25,25-29,有未成年孩子,上班族,office_worker,会计,外省市户籍,安徽,,,
P01571,刘言乐,男,22,18-24,无需要照顾的孩子,体力劳动者,manual_worker,设备操作员,上海户籍,上海,,,
P01572,刘远诺,男,20,18-24,无需要照顾的孩子,大学生,university_student,本科生,上海户籍,上海,,,
P01573,冯一远,男,30,30-34,无需要照顾的孩子,上班族,office_worker,软件工程师,外省市户籍,江苏,,,
P01574,韩知曦,女,33,30-34,无需要照顾的孩子,上班族,office_worker,运营专员,上海户籍,上海,,,
P01575,罗静一,女,32,30-34,有未成年孩子,上班族,office_worker,高级产品经理,上海户籍,上海,,,
P01576,周宁宁,男,49,45-49,有未成年孩子,服务业者,service_worker,保安,外省市户籍,江西,,,
P01577,吴羽佳,女,18,18-24,无需要照顾的孩子,大学生,university_student,本科生,外省市户籍,河南,,,
P01578,梁源宁,男,22,18-24,无需要照顾的孩子,大学生,university_student,本科生,外省市户籍,四川,,,
P01579,刘辰,女,33,30-34,有未成年孩子,上班族,office_worker,财务专员,上海户籍,上海,,,
P01580,李嫣瑶,女,31,30-34,无需要照顾的孩子,服务业者,service_worker,保安,上海户籍,上海,,,
P01581,邓曦辰,女,29,25-29,有未成年孩子,服务业者,service_worker,客服,外省市户籍,广东,,,
P01582,周嘉言,男,29,25-29,无需要照顾的孩子,服务业者,service_worker,房产经纪,外省市户籍,其他,,,
P01583,吴睿诚,男,32,30-34,无需要照顾的孩子,体力劳动者,manual_worker,安装工,上海户籍,上海,,,
P01584,王杰诺,男,31,30-34,有未成年孩子,体力劳动者,manual_worker,焊工,外省市户籍,江苏,,,
P01585,梁明天,男,20,18-24,无需要照顾的孩子,服务业者,service_worker,餐厅服务员,上海户籍,上海,,,
P01586,王远清,女,36,35-39,无需要照顾的孩子,自由业者,freelancer,私教,上海户籍,上海,,,
P01587,王子瑶,女,47,45-49,有成年孩子,上班族,office_worker,高级运营专员,上海户籍,上海,,,
P01588,张可,女,41,40-44,无需要照顾的孩子,上班族,office_worker,高级软件工程师,上海户籍,上海,,,
P01589,曹佳,女,40,40-44,无需要照顾的孩子,上班族,office_worker,数据分析师,上海户籍,上海,,,
P01590,李景明,男,29,25-29,无需要照顾的孩子,自由业者,freelancer,自由设计师,外省市户籍,广东,,,
P01591,吴辰,男,44,40-44,无需要照顾的孩子,服务业者,service_worker,房产经纪,上海户籍,上海,,,
P01592,李羽若,女,24,18-24,无需要照顾的孩子,服务业者,service_worker,房产经纪,上海户籍,上海,,,
P01593,朱然言,男,29,25-29,有未成年孩子,上班族,office_worker,会计,上海户籍,上海,,,
P01594,张楷嘉,男,31,30-34,有未成年孩子,服务业者,service_worker,酒店前台,上海户籍,上海,,,
P01595,周源远,男,33,30-34,有未成年孩子,上班族,office_worker,采购经理,上海户籍,上海,,,
P01596,王晓欣,女,43,40-44,有未成年孩子,服务业者,service_worker,客服,外省市户籍,安徽,,,
P01597,李一安,女,39,35-39,有未成年孩子,体力劳动者,manual_worker,配送员,上海户籍,上海,,,
P01598,董佳雨,女,26,25-29,有未成年孩子,大学生,university_student,博士研究生,外省市户籍,江苏,,,
P01599,高源涵,女,37,35-39,有未成年孩子,上班族,office_worker,客户经理,上海户籍,上海,,,
P01600,王言安,男,21,18-24,无需要照顾的孩子,上班族,office_worker,数据分析师,上海户籍,上海,,,
P01601,赵阳浩,男,29,25-29,无需要照顾的孩子,上班族,office_worker,会计,外省市户籍,湖北,,,
P01602,李安诗,女,36,35-39,无需要照顾的孩子,体力劳动者,manual_worker,电工,外省市户籍,山东,,,
P01603,吴欣一,女,43,40-44,有未成年孩子,服务业者,service_worker,酒店前台,上海户籍,上海,,,
P01604,高宇杰,男,37,35-39,有未成年孩子,服务业者,service_worker,厨师,外省市户籍,山东,,,
P01605,王涵晨,女,36,35-39,有未成年孩子,服务业者,service_worker,房产经纪,上海户籍,上海,,,
P01606,王嘉安,男,31,30-34,无需要照顾的孩子,上班族,office_worker,客户专员,外省市户籍,浙江,,,
P01607,林雅琪,女,24,18-24,无需要照顾的孩子,服务业者,service_worker,健身教练,外省市户籍,江苏,,,
P01608,程泽羽,男,30,30-34,无需要照顾的孩子,服务业者,service_worker,美容师,外省市户籍,山东,,,
P01609,陈博志,男,43,40-44,有未成年孩子,上班族,office_worker,HR经理,上海户籍,上海,,,
P01610,高豪诺,男,33,30-34,有未成年孩子,自由业者,freelancer,独立程序员,上海户籍,上海,,,
P01611,朱婷可,女,33,30-34,无需要照顾的孩子,服务业者,service_worker,理发师,外省市户籍,浙江,,,
P01612,罗彤子,女,37,35-39,有未成年孩子,服务业者,service_worker,房产经纪,上海户籍,上海,,,
P01613,孙佑杰,男,25,25-29,无需要照顾的孩子,体力劳动者,manual_worker,电工,上海户籍,上海,,,
P01614,李晴,女,19,18-24,无需要照顾的孩子,上班族,office_worker,设计师,外省市户籍,安徽,,,
P01615,陈晨博,男,31,30-34,有成年孩子,服务业者,service_worker,收银员,上海户籍,上海,,,
P01616,何宁,女,24,18-24,无需要照顾的孩子,服务业者,service_worker,酒店前台,外省市户籍,江苏,,,
P01617,王涵,男,18,18-24,无需要照顾的孩子,服务业者,service_worker,保安,上海户籍,上海,,,
P01618,李景,男,40,40-44,有未成年孩子,自由业者,freelancer,私教,上海户籍,上海,,,
P01619,周轩乐,男,30,30-34,有未成年孩子,服务业者,service_worker,理发师,上海户籍,上海,,,
P01620,刘乐,女,31,30-34,无需要照顾的孩子,上班族,office_worker,客户专员,上海户籍,上海,,,
P01621,张可羽,男,25,25-29,有未成年孩子,上班族,office_worker,采购专员,上海户籍,上海,,,
P01622,梁言曦,女,37,35-39,有未成年孩子,自由业者,freelancer,自由设计师,上海户籍,上海,,,
P01623,陈诗源,女,19,18-24,无需要照顾的孩子,大学生,university_student,本科生,外省市户籍,陕西,,,
P01624,李子豪,男,27,25-29,无需要照顾的孩子,上班族,office_worker,高级软件工程师,上海户籍,上海,,,
P01625,徐志嘉,男,21,18-24,无需要照顾的孩子,服务业者,service_worker,店员,上海户籍,上海,,,
P01626,胡知清,男,35,35-39,有未成年孩子,上班族,office_worker,高级软件工程师,上海户籍,上海,,,
P01627,郭睿嘉,男,38,35-39,有未成年孩子,服务业者,service_worker,房产经纪,外省市户籍,湖北,,,
P01628,刘嘉,女,30,30-34,无需要照顾的孩子,体力劳动者,manual_worker,搬运工,上海户籍,上海,,,
P01629,孙怡源,女,37,35-39,有未成年孩子,上班族,office_worker,客户经理,外省市户籍,山东,,,
P01630,唐宁诗,女,44,40-44,有未成年孩子,体力劳动者,manual_worker,设备操作员,上海户籍,上海,,,
P01631,马可,女,33,30-34,有未成年孩子,上班族,office_worker,高级运营专员,外省市户籍,江苏,,,
P01632,刘怡涵,女,34,30-34,有未成年孩子,上班族,office_worker,HR经理,外省市户籍,江苏,,,
P01633,赵婷怡,女,41,40-44,有未成年孩子,自由业者,freelancer,咨询顾问,上海户籍,上海,,,
P01634,吴可,女,39,35-39,有未成年孩子,服务业者,service_worker,厨师,外省市户籍,安徽,,,
P01635,徐嘉睿,男,32,30-34,无需要照顾的孩子,服务业者,service_worker,美容师,外省市户籍,安徽,,,
P01636,唐静可,女,29,25-29,有未成年孩子,服务业者,service_worker,美容师,上海户籍,上海,,,
P01637,陈杰文,男,49,45-49,有成年孩子,上班族,office_worker,运营经理,外省市户籍,浙江,,,
P01638,刘阳星,男,42,40-44,无需要照顾的孩子,自由业者,freelancer,翻译,上海户籍,上海,,,
P01639,赵嘉宁,男,26,25-29,有未成年孩子,上班族,office_worker,软件工程师,上海户籍,上海,,,
P01640,刘可曦,女,28,25-29,无需要照顾的孩子,上班族,office_worker,客户专员,上海户籍,上海,,,
P01641,李欣可,女,28,25-29,无需要照顾的孩子,大学生,university_student,硕士研究生,外省市户籍,江西,,,
P01642,邓心一,男,39,35-39,有未成年孩子,服务业者,service_worker,健身教练,外省市户籍,四川,,,
P01643,梁晴,女,25,25-29,无需要照顾的孩子,服务业者,service_worker,店员,上海户籍,上海,,,
P01644,罗睿文,男,45,45-49,有成年孩子,服务业者,service_worker,理发师,外省市户籍,江苏,,,
P01645,徐嘉子,男,20,18-24,无需要照顾的孩子,体力劳动者,manual_worker,安装工,上海户籍,上海,,,
P01646,李志,男,31,30-34,无需要照顾的孩子,上班族,office_worker,客户专员,上海户籍,上海,,,
P01647,孙子一,男,36,35-39,有未成年孩子,自由业者,freelancer,独立程序员,外省市户籍,湖北,,,
P01648,马欣婉,女,37,35-39,有未成年孩子,上班族,office_worker,项目经理,外省市户籍,河北,,,
P01649,周可,男,37,35-39,无需要照顾的孩子,服务业者,service_worker,客服,外省市户籍,湖北,,,
P01650,杨曦辰,女,44,40-44,有成年孩子,自由业者,freelancer,自由设计师,外省市户籍,江西,,,
P01651,郑言俊,男,32,30-34,无需要照顾的孩子,上班族,office_worker,客户经理,上海户籍,上海,,,
P01652,王晨,男,25,25-29,无需要照顾的孩子,服务业者,service_worker,酒店服务人员,外省市户籍,浙江,,,
P01653,刘一怡,女,42,40-44,有未成年孩子,体力劳动者,manual_worker,维修技师,外省市户籍,江苏,,,
P01654,张辰轩,男,47,45-49,有未成年孩子,自由业者,freelancer,自由设计师,上海户籍,上海,,,
P01655,邓乐轩,男,26,25-29,无需要照顾的孩子,大学生,university_student,硕士研究生,外省市户籍,江苏,,,
P01656,马豪子,男,37,35-39,无需要照顾的孩子,上班族,office_worker,产品经理,上海户籍,上海,,,
P01657,许睿羽,男,23,18-24,无需要照顾的孩子,上班族,office_worker,软件工程师,外省市户籍,安徽,,,
P01658,李豪心,男,44,40-44,有未成年孩子,体力劳动者,manual_worker,安装工,上海户籍,上海,,,
P01659,韩怡知,女,38,35-39,有成年孩子,服务业者,service_worker,酒店前台,上海户籍,上海,,,
P01660,王博昊,男,34,30-34,有未成年孩子,服务业者,service_worker,美容师,外省市户籍,安徽,,,
P01661,刘安,女,42,40-44,有未成年孩子,自由业者,freelancer,自媒体从业者,上海户籍,上海,,,
P01662,张哲安,男,22,18-24,无需要照顾的孩子,服务业者,service_worker,酒店前台,外省市户籍,浙江,,,
P01663,许博宁,男,34,30-34,有未成年孩子,服务业者,service_worker,酒店服务人员,外省市户籍,山东,,,
P01664,徐一心,女,45,45-49,有未成年孩子,自由业者,freelancer,摄影师,上海户籍,上海,,,
P01665,刘心嘉,男,28,25-29,无需要照顾的孩子,大学生,university_student,硕士研究生,上海户籍,上海,,,
P01666,朱子乐,男,34,30-34,有未成年孩子,上班族,office_worker,运营专员,外省市户籍,河南,,,
P01667,梁宁诺,女,31,30-34,无需要照顾的孩子,服务业者,service_worker,收银员,上海户籍,上海,,,
P01668,高心梦,女,22,18-24,无需要照顾的孩子,服务业者,service_worker,理发师,外省市户籍,福建,,,
P01669,李涵雅,女,45,45-49,有成年孩子,体力劳动者,manual_worker,快递员,外省市户籍,山东,,,
P01670,黄乐雅,女,31,30-34,无需要照顾的孩子,体力劳动者,manual_worker,配送员,外省市户籍,江苏,,,
P01671,王一桐,女,39,35-39,有未成年孩子,上班族,office_worker,采购经理,外省市户籍,江苏,,,
P01672,张嘉远,男,28,25-29,无需要照顾的孩子,上班族,office_worker,销售代表,上海户籍,上海,,,
P01673,刘子宁,女,20,18-24,无需要照顾的孩子,服务业者,service_worker,房产经纪,上海户籍,上海,,,
P01674,冯楷俊,男,24,18-24,无需要照顾的孩子,上班族,office_worker,客户专员,外省市户籍,浙江,,,
P01675,郭婷子,女,38,35-39,无需要照顾的孩子,上班族,office_worker,客户经理,外省市户籍,安徽,,,
P01676,何晨睿,男,48,45-49,有成年孩子,上班族,office_worker,设计师,上海户籍,上海,,,
P01677,周辰晨,男,34,30-34,有未成年孩子,上班族,office_worker,销售代表,外省市户籍,河南,,,
P01678,张博,男,23,18-24,无需要照顾的孩子,大学生,university_student,本科生,上海户籍,上海,,,
P01679,黄欣怡,女,29,25-29,有未成年孩子,上班族,office_worker,客户专员,上海户籍,上海,,,
P01680,徐文安,男,24,18-24,无需要照顾的孩子,上班族,office_worker,销售代表,外省市户籍,湖南,,,
P01681,吴雅琪,女,29,25-29,无需要照顾的孩子,上班族,office_worker,高级运营专员,上海户籍,上海,,,
P01682,李言睿,男,42,40-44,有未成年孩子,上班族,office_worker,软件工程师,外省市户籍,江西,,,
P01683,孙一宇,男,32,30-34,有未成年孩子,大学生,university_student,硕士研究生,上海户籍,上海,,,
P01684,董彤源,女,35,35-39,有未成年孩子,上班族,office_worker,行政专员,外省市户籍,山东,,,
P01685,王文文,男,31,30-34,有未成年孩子,上班族,office_worker,数据分析师,上海户籍,上海,,,
P01686,杨思可,男,34,30-34,有未成年孩子,体力劳动者,manual_worker,设备操作员,外省市户籍,浙江,,,
P01687,周宁佳,女,42,40-44,有未成年孩子,上班族,office_worker,行政专员,上海户籍,上海,,,
P01688,冯宁辰,女,18,18-24,无需要照顾的孩子,大学生,university_student,本科生,外省市户籍,山东,,,
P01689,张安宁,男,29,25-29,无需要照顾的孩子,体力劳动者,manual_worker,仓库操作员,外省市户籍,安徽,,,
P01690,徐佳曦,女,29,25-29,有未成年孩子,自由业者,freelancer,网店经营者,外省市户籍,山东,,,
P01691,孙诺,男,42,40-44,有未成年孩子,上班族,office_worker,区域经理,上海户籍,上海,,,
P01692,李嘉晨,女,32,30-34,有未成年孩子,上班族,office_worker,财务专员,上海户籍,上海,,,
P01693,陈文天,男,25,25-29,有未成年孩子,自由业者,freelancer,自媒体从业者,外省市户籍,安徽,,,
P01694,何静思,女,22,18-24,无需要照顾的孩子,上班族,office_worker,软件工程师,外省市户籍,湖北,,,
P01695,何文豪,男,22,18-24,无需要照顾的孩子,服务业者,service_worker,店员,上海户籍,上海,,,
P01696,宋琪雅,女,20,18-24,无需要照顾的孩子,体力劳动者,manual_worker,设备操作员,上海户籍,上海,,,
P01697,李志轩,男,30,30-34,有未成年孩子,上班族,office_worker,行政专员,上海户籍,上海,,,
P01698,冯豪哲,男,23,18-24,无需要照顾的孩子,服务业者,service_worker,保安,外省市户籍,广东,,,
P01699,张曦语,女,47,45-49,有未成年孩子,体力劳动者,manual_worker,焊工,外省市户籍,江苏,,,
P01700,胡杰明,男,39,35-39,无需要照顾的孩子,体力劳动者,manual_worker,电工,上海户籍,上海,,,
P01701,王可昊,男,18,18-24,无需要照顾的孩子,服务业者,service_worker,店员,外省市户籍,江苏,,,
P01702,刘诚,男,28,25-29,无需要照顾的孩子,上班族,office_worker,高级软件工程师,上海户籍,上海,,,
P01703,胡可,女,43,40-44,有未成年孩子,上班族,office_worker,采购经理,上海户籍,上海,,,
P01704,黄雅言,女,40,40-44,有未成年孩子,自由业者,freelancer,摄影师,外省市户籍,山东,,,
P01705,张羽,女,39,35-39,有未成年孩子,自由业者,freelancer,翻译,外省市户籍,安徽,,,
P01706,徐诺瑶,女,32,30-34,无需要照顾的孩子,体力劳动者,manual_worker,电工,外省市户籍,河北,,,
P01707,陈轩思,男,36,35-39,无需要照顾的孩子,服务业者,service_worker,理发师,上海户籍,上海,,,
P01708,罗涵言,男,26,25-29,无需要照顾的孩子,上班族,office_worker,销售代表,上海户籍,上海,,,
P01709,王泽安,男,38,35-39,有未成年孩子,服务业者,service_worker,房产经纪,外省市户籍,浙江,,,
P01710,王梓嘉,男,38,35-39,有未成年孩子,上班族,office_worker,高级运营专员,上海户籍,上海,,,
P01711,陈佳涵,女,31,30-34,有未成年孩子,上班族,office_worker,HR经理,外省市户籍,四川,,,
P01712,王一晨,女,38,35-39,有未成年孩子,上班族,office_worker,人力资源经理,上海户籍,上海,,,
P01713,刘可涵,女,38,35-39,有未成年孩子,体力劳动者,manual_worker,配送员,上海户籍,上海,,,
P01714,何思乐,男,29,25-29,有未成年孩子,服务业者,service_worker,酒店服务人员,外省市户籍,江苏,,,
P01715,刘轩文,男,22,18-24,无需要照顾的孩子,上班族,office_worker,财务专员,外省市户籍,河北,,,
P01716,赵可瑶,女,36,35-39,有未成年孩子,自由业者,freelancer,自媒体从业者,外省市户籍,福建,,,
P01717,曹宁知,女,35,35-39,无需要照顾的孩子,服务业者,service_worker,餐厅服务员,外省市户籍,河南,,,
P01718,郭泽豪,男,35,35-39,无需要照顾的孩子,服务业者,service_worker,酒店前台,外省市户籍,江苏,,,
P01719,陈博然,男,21,18-24,无需要照顾的孩子,上班族,office_worker,财务专员,外省市户籍,其他,,,
P01720,刘诺诗,女,29,25-29,无需要照顾的孩子,服务业者,service_worker,酒店服务人员,上海户籍,上海,,,
P01721,何轩昊,男,18,18-24,无需要照顾的孩子,上班族,office_worker,行政专员,外省市户籍,江苏,,,
P01722,陈嘉,男,41,40-44,有成年孩子,上班族,office_worker,采购专员,外省市户籍,浙江,,,
P01723,王俊文,男,44,40-44,有未成年孩子,自由业者,freelancer,独立程序员,外省市户籍,四川,,,
P01724,陈睿晨,男,27,25-29,无需要照顾的孩子,服务业者,service_worker,健身教练,上海户籍,上海,,,
P01725,胡乐宇,男,25,25-29,无需要照顾的孩子,上班族,office_worker,销售代表,上海户籍,上海,,,
P01726,马佳源,女,49,45-49,有成年孩子,上班族,office_worker,产品经理,上海户籍,上海,,,
P01727,杨昊心,男,35,35-39,有未成年孩子,体力劳动者,manual_worker,设备操作员,上海户籍,上海,,,
P01728,刘源远,男,42,40-44,有未成年孩子,上班族,office_worker,客户经理,外省市户籍,江西,,,
P01729,刘嘉安,男,29,25-29,有未成年孩子,上班族,office_worker,运营专员,上海户籍,上海,,,
P01730,张言博,男,21,18-24,无需要照顾的孩子,上班族,office_worker,采购专员,外省市户籍,河北,,,
P01731,周曦,女,29,25-29,无需要照顾的孩子,大学生,university_student,硕士研究生,外省市户籍,浙江,,,
P01732,李知,男,48,45-49,有未成年孩子,自由业者,freelancer,摄影师,上海户籍,上海,,,
P01733,李佑志,男,29,25-29,无需要照顾的孩子,上班族,office_worker,销售经理,上海户籍,上海,,,
P01734,袁豪,男,24,18-24,无需要照顾的孩子,上班族,office_worker,财务专员,外省市户籍,江苏,,,
P01735,张怡安,女,22,18-24,有未成年孩子,大学生,university_student,本科生,外省市户籍,山东,,,
P01736,李梓清,男,45,45-49,有成年孩子,体力劳动者,manual_worker,司机,外省市户籍,河北,,,
P01737,刘一婷,女,28,25-29,无需要照顾的孩子,上班族,office_worker,财务主管,上海户籍,上海,,,
P01738,杨博佑,男,44,40-44,有未成年孩子,自由业者,freelancer,摄影师,外省市户籍,浙江,,,
P01739,王涵天,男,27,25-29,有未成年孩子,上班族,office_worker,采购专员,外省市户籍,四川,,,
P01740,李志文,男,29,25-29,无需要照顾的孩子,上班族,office_worker,客户专员,外省市户籍,江西,,,
P01741,梁志,男,33,30-34,无需要照顾的孩子,上班族,office_worker,数据分析师,外省市户籍,江苏,,,
P01742,王泽思,男,34,30-34,有未成年孩子,体力劳动者,manual_worker,安装工,外省市户籍,安徽,,,
P01743,邓轩辰,男,40,40-44,无需要照顾的孩子,体力劳动者,manual_worker,仓库操作员,上海户籍,上海,,,
P01744,王涵婉,女,37,35-39,无需要照顾的孩子,体力劳动者,manual_worker,焊工,外省市户籍,其他,,,
P01745,徐静,女,39,35-39,有未成年孩子,服务业者,service_worker,收银员,上海户籍,上海,,,
P01746,李景可,男,19,18-24,无需要照顾的孩子,大学生,university_student,硕士研究生,外省市户籍,河南,,,
P01747,王宇,男,47,45-49,有未成年孩子,上班族,office_worker,行政专员,上海户籍,上海,,,
P01748,高言嘉,男,27,25-29,无需要照顾的孩子,上班族,office_worker,数据分析师,上海户籍,上海,,,
P01749,周思哲,男,30,30-34,有未成年孩子,服务业者,service_worker,餐厅服务员,外省市户籍,湖北,,,
P01750,张怡,女,36,35-39,有未成年孩子,服务业者,service_worker,店员,外省市户籍,山东,,,
P01751,邓琪思,女,29,25-29,无需要照顾的孩子,上班族,office_worker,设计师,上海户籍,上海,,,
P01752,刘安怡,女,35,35-39,无需要照顾的孩子,服务业者,service_worker,客服,外省市户籍,四川,,,
P01753,朱哲可,男,23,18-24,无需要照顾的孩子,服务业者,service_worker,美容师,外省市户籍,湖北,,,
P01754,孙志可,男,38,35-39,有未成年孩子,上班族,office_worker,采购经理,上海户籍,上海,,,
P01755,周瑶若,女,33,30-34,无需要照顾的孩子,体力劳动者,manual_worker,设备操作员,外省市户籍,湖北,,,
P01756,陈心,女,27,25-29,无需要照顾的孩子,上班族,office_worker,运营专员,外省市户籍,河北,,,
P01757,杨轩,男,49,45-49,有未成年孩子,上班族,office_worker,人力资源经理,外省市户籍,江苏,,,
P01758,王天远,男,48,45-49,有未成年孩子,服务业者,service_worker,厨师,外省市户籍,山东,,,
P01759,徐豪辰,男,41,40-44,有未成年孩子,服务业者,service_worker,店员,外省市户籍,湖北,,,
P01760,罗嘉俊,男,28,25-29,无需要照顾的孩子,上班族,office_worker,采购专员,外省市户籍,浙江,,,
P01761,赵梦怡,女,30,30-34,有未成年孩子,上班族,office_worker,会计,外省市户籍,广东,,,
P01762,李晴怡,女,29,25-29,无需要照顾的孩子,上班族,office_worker,销售经理,上海户籍,上海,,,
P01763,朱佳涵,女,45,45-49,有成年孩子,服务业者,service_worker,美容师,上海户籍,上海,,,
P01764,徐雅,女,39,35-39,无需要照顾的孩子,体力劳动者,manual_worker,设备操作员,上海户籍,上海,,,
P01765,李明,男,31,30-34,无需要照顾的孩子,上班族,office_worker,高级软件工程师,上海户籍,上海,,,
P01766,吴景知,男,43,40-44,无需要照顾的孩子,上班族,office_worker,项目经理,上海户籍,上海,,,
P01767,周知思,男,42,40-44,有成年孩子,自由业者,freelancer,摄影师,外省市户籍,山东,,,
P01768,刘天哲,男,35,35-39,有未成年孩子,上班族,office_worker,财务经理,外省市户籍,其他,,,
P01769,陈宁,女,43,40-44,有成年孩子,上班族,office_worker,产品经理,上海户籍,上海,,,
P01770,张楷一,男,37,35-39,无需要照顾的孩子,上班族,office_worker,财务专员,外省市户籍,河北,,,
P01771,李晨婷,女,37,35-39,有未成年孩子,上班族,office_worker,HR经理,外省市户籍,福建,,,
P01772,马欣静,女,34,30-34,无需要照顾的孩子,上班族,office_worker,销售经理,上海户籍,上海,,,
P01773,吴宁可,男,35,35-39,有未成年孩子,上班族,office_worker,高级运营专员,上海户籍,上海,,,
P01774,张清,男,34,30-34,有未成年孩子,自由业者,freelancer,翻译,上海户籍,上海,,,
P01775,何可清,男,36,35-39,有未成年孩子,服务业者,service_worker,酒店服务人员,外省市户籍,江苏,,,
P01776,马晴可,女,46,45-49,有成年孩子,体力劳动者,manual_worker,电工,上海户籍,上海,,,
P01777,林楷文,男,36,35-39,有未成年孩子,服务业者,service_worker,收银员,上海户籍,上海,,,
P01778,赵嘉俊,男,31,30-34,无需要照顾的孩子,上班族,office_worker,采购经理,外省市户籍,其他,,,
P01779,马嘉心,男,48,45-49,有未成年孩子,自由业者,freelancer,咨询顾问,外省市户籍,湖南,,,
P01780,黄彤雅,女,42,40-44,无需要照顾的孩子,上班族,office_worker,数据分析师,外省市户籍,安徽,,,
P01781,赵哲楷,男,42,40-44,有成年孩子,上班族,office_worker,运营经理,外省市户籍,河南,,,
P01782,孙晓,女,21,18-24,无需要照顾的孩子,上班族,office_worker,财务专员,外省市户籍,安徽,,,
P01783,黄子言,女,43,40-44,有未成年孩子,上班族,office_worker,数据分析师,上海户籍,上海,,,
P01784,朱诚浩,男,43,40-44,有成年孩子,体力劳动者,manual_worker,维修技师,上海户籍,上海,,,
P01785,李远,男,40,40-44,有未成年孩子,体力劳动者,manual_worker,安装工,上海户籍,上海,,,
P01786,王文安,男,43,40-44,有成年孩子,上班族,office_worker,客户经理,外省市户籍,安徽,,,
P01787,张明,男,30,30-34,无需要照顾的孩子,服务业者,service_worker,客服,上海户籍,上海,,,
P01788,黄晴梦,女,24,18-24,无需要照顾的孩子,上班族,office_worker,财务主管,外省市户籍,广东,,,
P01789,曹雨涵,女,27,25-29,无需要照顾的孩子,服务业者,service_worker,餐厅服务员,上海户籍,上海,,,
P01790,刘阳远,男,21,18-24,无需要照顾的孩子,上班族,office_worker,运营专员,上海户籍,上海,,,
P01791,王豪嘉,男,32,30-34,有未成年孩子,上班族,office_worker,软件工程师,外省市户籍,湖南,,,
P01792,林怡,女,34,30-34,有未成年孩子,体力劳动者,manual_worker,建筑工人,上海户籍,上海,,,
P01793,董语,女,31,30-34,有未成年孩子,上班族,office_worker,高级软件工程师,外省市户籍,其他,,,
P01794,刘景,男,25,25-29,有未成年孩子,上班族,office_worker,客户经理,上海户籍,上海,,,
P01795,邓文,男,33,30-34,有未成年孩子,上班族,office_worker,会计,上海户籍,上海,,,
P01796,罗桐远,女,48,45-49,有未成年孩子,体力劳动者,manual_worker,搬运工,上海户籍,上海,,,
P01797,刘心,女,25,25-29,有未成年孩子,上班族,office_worker,数据分析师,上海户籍,上海,,,
P01798,李羽诺,男,46,45-49,有成年孩子,上班族,office_worker,高级运营专员,外省市户籍,江西,,,
P01799,李可楷,男,19,18-24,无需要照顾的孩子,大学生,university_student,硕士研究生,外省市户籍,江苏,,,
P01800,刘源,男,24,18-24,无需要照顾的孩子,服务业者,service_worker,酒店服务人员,外省市户籍,安徽,,,
P01801,张心,男,21,18-24,无需要照顾的孩子,上班族,office_worker,采购专员,外省市户籍,福建,,,
P01802,刘雅语,女,33,30-34,有未成年孩子,上班族,office_worker,设计师,上海户籍,上海,,,
P01803,吴昊安,男,34,30-34,有未成年孩子,服务业者,service_worker,酒店服务人员,上海户籍,上海,,,
P01804,黄豪涵,男,40,40-44,有成年孩子,体力劳动者,manual_worker,焊工,上海户籍,上海,,,
P01805,赵杰睿,男,27,25-29,无需要照顾的孩子,上班族,office_worker,数据分析师,外省市户籍,安徽,,,
P01806,张言宁,男,26,25-29,有未成年孩子,上班族,office_worker,设计师,外省市户籍,山东,,,
P01807,王远轩,男,40,40-44,有未成年孩子,上班族,office_worker,客户经理,上海户籍,上海,,,
P01808,陈浩远,男,35,35-39,有未成年孩子,服务业者,service_worker,保安,外省市户籍,江西,,,
P01809,李安羽,女,20,18-24,无需要照顾的孩子,上班族,office_worker,高级软件工程师,外省市户籍,山东,,,
P01810,许天,男,22,18-24,有未成年孩子,大学生,university_student,本科生,上海户籍,上海,,,
P01811,梁羽嫣,女,39,35-39,有未成年孩子,上班族,office_worker,客户专员,外省市户籍,江苏,,,
P01812,曹言琪,女,41,40-44,有未成年孩子,体力劳动者,manual_worker,安装工,外省市户籍,山东,,,
P01813,郭诗雨,女,47,45-49,有未成年孩子,体力劳动者,manual_worker,电工,外省市户籍,其他,,,
P01814,李豪,男,41,40-44,有成年孩子,服务业者,service_worker,理发师,外省市户籍,浙江,,,
P01815,刘景,男,21,18-24,无需要照顾的孩子,上班族,office_worker,运营专员,上海户籍,上海,,,
P01816,王怡涵,女,35,35-39,无需要照顾的孩子,上班族,office_worker,数据分析师,上海户籍,上海,,,
P01817,袁嘉,男,30,30-34,无需要照顾的孩子,上班族,office_worker,运营专员,外省市户籍,广东,,,
P01818,张涵,男,38,35-39,有未成年孩子,服务业者,service_worker,酒店服务人员,外省市户籍,江苏,,,
P01819,王文嘉,男,31,30-34,无需要照顾的孩子,上班族,office_worker,设计师,上海户籍,上海,,,
P01820,李清,男,19,18-24,无需要照顾的孩子,上班族,office_worker,行政专员,外省市户籍,其他,,,
P01821,王星晨,男,25,25-29,无需要照顾的孩子,上班族,office_worker,财务专员,上海户籍,上海,,,
P01822,韩宇,男,27,25-29,无需要照顾的孩子,服务业者,service_worker,房产经纪,外省市户籍,江西,,,
P01823,刘宁欣,女,43,40-44,有成年孩子,上班族,office_worker,区域经理,上海户籍,上海,,,
P01824,李言涵,女,30,30-34,有未成年孩子,上班族,office_worker,设计师,外省市户籍,河南,,,
P01825,李远梓,男,22,18-24,无需要照顾的孩子,服务业者,service_worker,收银员,外省市户籍,安徽,,,
P01826,王佳思,女,20,18-24,无需要照顾的孩子,大学生,university_student,本科生,外省市户籍,安徽,,,
P01827,谢安,男,34,30-34,无需要照顾的孩子,体力劳动者,manual_worker,维修技师,外省市户籍,安徽,,,
P01828,黄然知,男,35,35-39,有未成年孩子,服务业者,service_worker,酒店服务人员,外省市户籍,浙江,,,
P01829,李嘉远,男,25,25-29,无需要照顾的孩子,上班族,office_worker,软件工程师,上海户籍,上海,,,
P01830,李子宁,女,45,45-49,有成年孩子,体力劳动者,manual_worker,搬运工,上海户籍,上海,,,
P01831,张雅诺,女,25,25-29,无需要照顾的孩子,自由业者,freelancer,自由销售,外省市户籍,江苏,,,
P01832,刘文,男,25,25-29,有未成年孩子,上班族,office_worker,客户专员,上海户籍,上海,,,
P01833,林清安,男,19,18-24,无需要照顾的孩子,服务业者,service_worker,健身教练,外省市户籍,浙江,,,
P01834,郭豪可,男,34,30-34,无需要照顾的孩子,上班族,office_worker,采购专员,上海户籍,上海,,,
P01835,袁浩嘉,男,25,25-29,无需要照顾的孩子,上班族,office_worker,客户专员,上海户籍,上海,,,
P01836,谢晨阳,男,34,30-34,无需要照顾的孩子,上班族,office_worker,财务专员,上海户籍,上海,,,
P01837,林远嘉,女,22,18-24,无需要照顾的孩子,上班族,office_worker,财务主管,上海户籍,上海,,,
P01838,朱星婷,女,26,25-29,无需要照顾的孩子,上班族,office_worker,项目经理,上海户籍,上海,,,
P01839,陈欣知,女,33,30-34,有未成年孩子,上班族,office_worker,客户经理,上海户籍,上海,,,
P01840,黄辰静,女,29,25-29,无需要照顾的孩子,上班族,office_worker,销售代表,上海户籍,上海,,,
P01841,孙佳一,女,19,18-24,无需要照顾的孩子,大学生,university_student,本科生,外省市户籍,湖北,,,
P01842,黄清泽,男,43,40-44,有成年孩子,服务业者,service_worker,健身教练,上海户籍,上海,,,
P01843,李怡一,女,37,35-39,有未成年孩子,服务业者,service_worker,客服,上海户籍,上海,,,
P01844,刘可,女,36,35-39,无需要照顾的孩子,上班族,office_worker,软件工程师,上海户籍,上海,,,
P01845,郭梦,女,42,40-44,有成年孩子,自由业者,freelancer,咨询顾问,外省市户籍,浙江,,,
P01846,杨辰嘉,男,38,35-39,无需要照顾的孩子,服务业者,service_worker,理发师,上海户籍,上海,,,
P01847,张婷,女,30,30-34,无需要照顾的孩子,上班族,office_worker,销售经理,外省市户籍,安徽,,,
P01848,孙远,女,24,18-24,无需要照顾的孩子,大学生,university_student,硕士研究生,外省市户籍,山东,,,
P01849,王语静,女,34,30-34,无需要照顾的孩子,上班族,office_worker,行政专员,外省市户籍,安徽,,,
P01850,刘一琪,女,27,25-29,有未成年孩子,上班族,office_worker,采购经理,外省市户籍,安徽,,,
P01851,于豪远,男,36,35-39,有未成年孩子,体力劳动者,manual_worker,焊工,外省市户籍,河南,,,
P01852,张诗乐,女,18,18-24,无需要照顾的孩子,大学生,university_student,本科生,上海户籍,上海,,,
P01853,张然诺,男,28,25-29,无需要照顾的孩子,上班族,office_worker,数据分析师,外省市户籍,湖南,,,
P01854,刘可,女,33,30-34,无需要照顾的孩子,上班族,office_worker,设计师,外省市户籍,其他,,,
P01855,张安晴,女,30,30-34,无需要照顾的孩子,上班族,office_worker,高级软件工程师,上海户籍,上海,,,
P01856,刘梓嘉,男,39,35-39,无需要照顾的孩子,上班族,office_worker,项目经理,上海户籍,上海,,,
P01857,王然志,男,25,25-29,有未成年孩子,上班族,office_worker,设计师,外省市户籍,山东,,,
P01858,王欣可,女,31,30-34,有未成年孩子,大学生,university_student,本科生,上海户籍,上海,,,
P01859,李星可,男,44,40-44,有未成年孩子,服务业者,service_worker,厨师,外省市户籍,福建,,,
P01860,陈若若,女,44,40-44,有成年孩子,体力劳动者,manual_worker,配送员,上海户籍,上海,,,
P01861,王思婷,女,21,18-24,无需要照顾的孩子,上班族,office_worker,客户专员,上海户籍,上海,,,
P01862,吴佑清,男,39,35-39,无需要照顾的孩子,上班族,office_worker,财务主管,上海户籍,上海,,,
P01863,罗诺诗,女,31,30-34,无需要照顾的孩子,服务业者,service_worker,餐厅服务员,上海户籍,上海,,,
P01864,李嘉思,男,30,30-34,无需要照顾的孩子,上班族,office_worker,销售代表,上海户籍,上海,,,
P01865,马涵知,女,44,40-44,有未成年孩子,上班族,office_worker,采购经理,外省市户籍,湖南,,,
P01866,陈桐婷,女,33,30-34,有未成年孩子,大学生,university_student,博士研究生,上海户籍,上海,,,
P01867,马晓言,女,31,30-34,有未成年孩子,服务业者,service_worker,房产经纪,上海户籍,上海,,,
P01868,宋知婷,女,30,30-34,有未成年孩子,服务业者,service_worker,餐厅服务员,上海户籍,上海,,,
P01869,梁可言,女,42,40-44,无需要照顾的孩子,服务业者,service_worker,客服,外省市户籍,江苏,,,
P01870,李语子,女,24,18-24,有未成年孩子,自由业者,freelancer,独立程序员,上海户籍,上海,,,
P01871,孙言婷,女,34,30-34,无需要照顾的孩子,上班族,office_worker,部门经理,上海户籍,上海,,,
P01872,黄嫣远,女,43,40-44,有成年孩子,上班族,office_worker,项目经理,上海户籍,上海,,,
P01873,张睿,男,26,25-29,无需要照顾的孩子,大学生,university_student,博士研究生,外省市户籍,安徽,,,
P01874,李心桐,女,36,35-39,有未成年孩子,上班族,office_worker,项目经理,外省市户籍,其他,,,
P01875,林晨志,男,20,18-24,无需要照顾的孩子,大学生,university_student,硕士研究生,上海户籍,上海,,,
P01876,赵昊志,男,36,35-39,无需要照顾的孩子,上班族,office_worker,HR经理,上海户籍,上海,,,
P01877,王涵诗,女,39,35-39,无需要照顾的孩子,服务业者,service_worker,酒店前台,上海户籍,上海,,,
P01878,陈源语,女,38,35-39,有未成年孩子,体力劳动者,manual_worker,仓库操作员,上海户籍,上海,,,
P01879,朱思思,女,39,35-39,有未成年孩子,上班族,office_worker,高级软件工程师,外省市户籍,安徽,,,
P01880,高可,女,27,25-29,无需要照顾的孩子,上班族,office_worker,高级软件工程师,上海户籍,上海,,,
P01881,陈乐言,男,35,35-39,无需要照顾的孩子,上班族,office_worker,会计,外省市户籍,山东,,,
P01882,王诺宁,女,43,40-44,有成年孩子,上班族,office_worker,采购经理,上海户籍,上海,,,
P01883,黄知晨,男,27,25-29,无需要照顾的孩子,上班族,office_worker,会计,上海户籍,上海,,,
P01884,陈睿远,男,29,25-29,无需要照顾的孩子,体力劳动者,manual_worker,仓库操作员,外省市户籍,山东,,,
P01885,胡羽,男,28,25-29,无需要照顾的孩子,大学生,university_student,硕士研究生,上海户籍,上海,,,
P01886,王睿志,男,33,30-34,有未成年孩子,上班族,office_worker,客户经理,上海户籍,上海,,,
P01887,李子,男,44,40-44,有未成年孩子,上班族,office_worker,销售经理,上海户籍,上海,,,
P01888,陈嘉思,男,30,30-34,有未成年孩子,上班族,office_worker,运营专员,上海户籍,上海,,,
P01889,李宁晨,女,45,45-49,有未成年孩子,上班族,office_worker,销售经理,外省市户籍,江苏,,,
P01890,孙羽,女,48,45-49,有未成年孩子,服务业者,service_worker,厨师,上海户籍,上海,,,
P01891,张佑然,男,42,40-44,无需要照顾的孩子,上班族,office_worker,行政专员,外省市户籍,浙江,,,
P01892,李佑晨,男,27,25-29,无需要照顾的孩子,上班族,office_worker,高级软件工程师,外省市户籍,安徽,,,
P01893,李文思,男,37,35-39,有未成年孩子,自由业者,freelancer,摄影师,外省市户籍,江西,,,
P01894,周婷可,女,23,18-24,无需要照顾的孩子,服务业者,service_worker,房产经纪,上海户籍,上海,,,
P01895,刘思星,男,39,35-39,无需要照顾的孩子,自由业者,freelancer,咨询顾问,外省市户籍,江苏,,,
P01896,胡天志,男,34,30-34,无需要照顾的孩子,上班族,office_worker,项目经理,外省市户籍,湖北,,,
P01897,郑子,男,23,18-24,无需要照顾的孩子,服务业者,service_worker,美容师,外省市户籍,四川,,,
P01898,赵宁清,男,32,30-34,无需要照顾的孩子,上班族,office_worker,项目经理,外省市户籍,安徽,,,
P01899,陈文安,男,34,30-34,无需要照顾的孩子,上班族,office_worker,高级项目经理,外省市户籍,广东,,,
P01900,马心,女,18,18-24,无需要照顾的孩子,服务业者,service_worker,房产经纪,外省市户籍,安徽,,,
P01901,谢静晓,女,28,25-29,无需要照顾的孩子,上班族,office_worker,行政专员,上海户籍,上海,,,
P01902,李佑宇,男,32,30-34,无需要照顾的孩子,自由业者,freelancer,摄影师,外省市户籍,其他,,,
P01903,张豪然,男,30,30-34,有未成年孩子,自由业者,freelancer,自媒体从业者,外省市户籍,四川,,,
P01904,王彤言,女,40,40-44,有未成年孩子,体力劳动者,manual_worker,设备操作员,上海户籍,上海,,,
P01905,陈雅思,女,30,30-34,有未成年孩子,上班族,office_worker,销售经理,外省市户籍,其他,,,
P01906,张晴,女,30,30-34,无需要照顾的孩子,上班族,office_worker,软件工程师,上海户籍,上海,,,
P01907,陈睿梓,男,23,18-24,有未成年孩子,上班族,office_worker,软件工程师,外省市户籍,安徽,,,
P01908,周子源,女,20,18-24,无需要照顾的孩子,服务业者,service_worker,健身教练,上海户籍,上海,,,
P01909,杨辰晓,女,47,45-49,有未成年孩子,体力劳动者,manual_worker,配送员,外省市户籍,安徽,,,
P01910,王诚昊,男,38,35-39,有未成年孩子,上班族,office_worker,财务专员,外省市户籍,江苏,,,
P01911,张嘉,男,20,18-24,无需要照顾的孩子,大学生,university_student,本科生,外省市户籍,其他,,,
P01912,李哲清,男,31,30-34,无需要照顾的孩子,上班族,office_worker,销售经理,外省市户籍,福建,,,
P01913,高宁佳,女,27,25-29,无需要照顾的孩子,大学生,university_student,博士研究生,上海户籍,上海,,,
P01914,赵博,男,32,30-34,无需要照顾的孩子,上班族,office_worker,HR经理,外省市户籍,江苏,,,
P01915,董嘉远,男,30,30-34,有未成年孩子,上班族,office_worker,客户经理,上海户籍,上海,,,
P01916,孙怡言,女,42,40-44,有未成年孩子,上班族,office_worker,HR经理,上海户籍,上海,,,
P01917,吴清梓,男,42,40-44,无需要照顾的孩子,服务业者,service_worker,客服,外省市户籍,江西,,,
P01918,陈阳星,男,30,30-34,无需要照顾的孩子,服务业者,service_worker,健身教练,外省市户籍,四川,,,
P01919,李可思,女,31,30-34,有未成年孩子,服务业者,service_worker,保安,外省市户籍,河南,,,
P01920,吴诺晓,女,46,45-49,有成年孩子,服务业者,service_worker,酒店服务人员,上海户籍,上海,,,
P01921,于景泽,男,42,40-44,有未成年孩子,体力劳动者,manual_worker,司机,上海户籍,上海,,,
P01922,陈哲佑,男,20,18-24,无需要照顾的孩子,大学生,university_student,硕士研究生,上海户籍,上海,,,
P01923,孙远知,女,34,30-34,无需要照顾的孩子,体力劳动者,manual_worker,安装工,上海户籍,上海,,,
P01924,黄豪博,男,37,35-39,有成年孩子,服务业者,service_worker,酒店前台,上海户籍,上海,,,
P01925,郭雨晨,女,33,30-34,无需要照顾的孩子,上班族,office_worker,销售经理,外省市户籍,福建,,,
P01926,刘安,男,49,45-49,有成年孩子,自由业者,freelancer,独立程序员,外省市户籍,安徽,,,
P01927,刘博,男,33,30-34,无需要照顾的孩子,上班族,office_worker,项目经理,外省市户籍,浙江,,,
P01928,高子,男,19,18-24,无需要照顾的孩子,体力劳动者,manual_worker,仓库操作员,外省市户籍,其他,,,
P01929,王晴,女,41,40-44,无需要照顾的孩子,自由业者,freelancer,摄影师,外省市户籍,山东,,,
P01930,杨哲泽,男,43,40-44,有未成年孩子,上班族,office_worker,高级产品经理,外省市户籍,安徽,,,
P01931,王涵,女,41,40-44,有未成年孩子,上班族,office_worker,销售经理,外省市户籍,江西,,,
P01932,程可,女,32,30-34,有未成年孩子,上班族,office_worker,产品经理,外省市户籍,江西,,,
P01933,刘琪婷,女,25,25-29,无需要照顾的孩子,体力劳动者,manual_worker,仓库操作员,上海户籍,上海,,,
P01934,朱安辰,男,39,35-39,有未成年孩子,上班族,office_worker,数据分析师,外省市户籍,河南,,,
P01935,马志思,男,26,25-29,无需要照顾的孩子,大学生,university_student,硕士研究生,上海户籍,上海,,,
P01936,张清哲,男,29,25-29,有未成年孩子,体力劳动者,manual_worker,维修技师,上海户籍,上海,,,
P01937,袁梦嘉,女,25,25-29,无需要照顾的孩子,服务业者,service_worker,房产经纪,上海户籍,上海,,,
P01938,朱涵,女,25,25-29,无需要照顾的孩子,自由业者,freelancer,咨询顾问,外省市户籍,江苏,,,
P01939,李婷婉,女,49,45-49,无需要照顾的孩子,体力劳动者,manual_worker,焊工,外省市户籍,安徽,,,
P01940,董泽,男,26,25-29,有未成年孩子,上班族,office_worker,软件工程师,上海户籍,上海,,,
P01941,罗辰婷,女,34,30-34,无需要照顾的孩子,体力劳动者,manual_worker,焊工,外省市户籍,浙江,,,
P01942,陈诗,女,20,18-24,有未成年孩子,服务业者,service_worker,理发师,上海户籍,上海,,,
P01943,郑心知,女,27,25-29,无需要照顾的孩子,上班族,office_worker,数据分析师,上海户籍,上海,,,
P01944,张清远,男,18,18-24,无需要照顾的孩子,服务业者,service_worker,健身教练,外省市户籍,浙江,,,
P01945,赵彤雨,女,26,25-29,无需要照顾的孩子,体力劳动者,manual_worker,设备操作员,上海户籍,上海,,,
P01946,张诺安,男,49,45-49,有未成年孩子,服务业者,service_worker,店员,外省市户籍,湖北,,,
P01947,黄清欣,女,20,18-24,无需要照顾的孩子,服务业者,service_worker,餐厅服务员,外省市户籍,河南,,,
P01948,张睿阳,男,31,30-34,有未成年孩子,上班族,office_worker,采购经理,外省市户籍,河南,,,
P01949,张文文,男,25,25-29,有未成年孩子,上班族,office_worker,项目经理,上海户籍,上海,,,
P01950,王婷宁,女,18,18-24,无需要照顾的孩子,大学生,university_student,硕士研究生,外省市户籍,山东,,,
P01951,王可思,女,43,40-44,无需要照顾的孩子,上班族,office_worker,客户专员,外省市户籍,河南,,,
P01952,周思可,男,18,18-24,无需要照顾的孩子,自由业者,freelancer,网店经营者,外省市户籍,湖北,,,
P01953,徐宁宁,女,43,40-44,有未成年孩子,体力劳动者,manual_worker,配送员,上海户籍,上海,,,
P01954,黄子,女,49,45-49,有未成年孩子,自由业者,freelancer,自由设计师,上海户籍,上海,,,
P01955,赵源安,男,37,35-39,无需要照顾的孩子,上班族,office_worker,项目经理,外省市户籍,四川,,,
P01956,王辰,男,34,30-34,有未成年孩子,服务业者,service_worker,店员,外省市户籍,山东,,,
P01957,刘子,男,43,40-44,有未成年孩子,服务业者,service_worker,酒店服务人员,外省市户籍,山东,,,
P01958,王晨瑶,女,19,18-24,无需要照顾的孩子,服务业者,service_worker,美容师,上海户籍,上海,,,
P01959,张景,男,42,40-44,有未成年孩子,上班族,office_worker,产品经理,上海户籍,上海,,,
P01960,周志乐,男,23,18-24,无需要照顾的孩子,大学生,university_student,硕士研究生,外省市户籍,山东,,,
P01961,王思佳,女,28,25-29,无需要照顾的孩子,大学生,university_student,硕士研究生,外省市户籍,安徽,,,
P01962,谢曦,女,39,35-39,有未成年孩子,自由业者,freelancer,网店经营者,上海户籍,上海,,,
P01963,王一明,男,45,45-49,有成年孩子,服务业者,service_worker,美容师,外省市户籍,江苏,,,
P01964,王明源,男,29,25-29,无需要照顾的孩子,服务业者,service_worker,房产经纪,外省市户籍,河南,,,
P01965,王若语,女,29,25-29,无需要照顾的孩子,上班族,office_worker,运营专员,外省市户籍,河北,,,
P01966,李远星,女,19,18-24,无需要照顾的孩子,大学生,university_student,硕士研究生,上海户籍,上海,,,
P01967,宋辰羽,女,39,35-39,无需要照顾的孩子,上班族,office_worker,高级产品经理,外省市户籍,四川,,,
P01968,王乐辰,女,39,35-39,有未成年孩子,体力劳动者,manual_worker,搬运工,外省市户籍,其他,,,
P01969,周涵天,男,20,18-24,无需要照顾的孩子,上班族,office_worker,客户专员,外省市户籍,河南,,,
P01970,刘彤,女,32,30-34,无需要照顾的孩子,上班族,office_worker,客户专员,外省市户籍,江苏,,,
P01971,高可佳,女,29,25-29,无需要照顾的孩子,自由业者,freelancer,摄影师,上海户籍,上海,,,
P01972,胡子言,男,31,30-34,无需要照顾的孩子,服务业者,service_worker,厨师,外省市户籍,江苏,,,
P01973,李源静,女,31,30-34,无需要照顾的孩子,上班族,office_worker,财务主管,外省市户籍,陕西,,,
P01974,高文嘉,男,32,30-34,有未成年孩子,服务业者,service_worker,酒店服务人员,上海户籍,上海,,,
P01975,董源清,女,36,35-39,无需要照顾的孩子,自由业者,freelancer,自媒体从业者,外省市户籍,广东,,,
P01976,梁星桐,女,25,25-29,无需要照顾的孩子,上班族,office_worker,行政专员,上海户籍,上海,,,
P01977,张辰,女,27,25-29,无需要照顾的孩子,自由业者,freelancer,网店经营者,外省市户籍,安徽,,,
P01978,徐睿,男,35,35-39,有未成年孩子,体力劳动者,manual_worker,配送员,外省市户籍,四川,,,
P01979,刘轩羽,男,38,35-39,有未成年孩子,上班族,office_worker,销售代表,外省市户籍,江苏,,,
P01980,郑睿宇,男,47,45-49,有未成年孩子,上班族,office_worker,数据分析师,上海户籍,上海,,,
P01981,黄安远,女,40,40-44,有成年孩子,自由业者,freelancer,私教,上海户籍,上海,,,
P01982,孙昊思,男,22,18-24,无需要照顾的孩子,大学生,university_student,本科生,外省市户籍,湖北,,,
P01983,陈嘉昊,男,19,18-24,无需要照顾的孩子,大学生,university_student,本科生,外省市户籍,四川,,,
P01984,吴安婉,女,39,35-39,有未成年孩子,体力劳动者,manual_worker,配送员,上海户籍,上海,,,
P01985,王若一,女,40,40-44,有未成年孩子,上班族,office_worker,会计,上海户籍,上海,,,
P01986,张然俊,男,28,25-29,无需要照顾的孩子,服务业者,service_worker,收银员,上海户籍,上海,,,
P01987,黄子文,男,41,40-44,有未成年孩子,上班族,office_worker,高级运营专员,外省市户籍,四川,,,
P01988,张彤,女,29,25-29,有未成年孩子,上班族,office_worker,数据分析师,上海户籍,上海,,,
P01989,王天,男,37,35-39,无需要照顾的孩子,自由业者,freelancer,自媒体从业者,上海户籍,上海,,,
P01990,徐可,男,28,25-29,无需要照顾的孩子,上班族,office_worker,高级软件工程师,外省市户籍,江苏,,,
P01991,王子若,女,34,30-34,有未成年孩子,上班族,office_worker,HR经理,上海户籍,上海,,,
P01992,李轩天,男,39,35-39,有未成年孩子,自由业者,freelancer,摄影师,外省市户籍,安徽,,,
P01993,朱梓轩,男,33,30-34,有未成年孩子,大学生,university_student,硕士研究生,上海户籍,上海,,,
P01994,王晨怡,女,32,30-34,无需要照顾的孩子,上班族,office_worker,行政专员,外省市户籍,江西,,,
P01995,徐晨景,男,20,18-24,无需要照顾的孩子,上班族,office_worker,销售代表,上海户籍,上海,,,
P01996,袁知辰,男,37,35-39,无需要照顾的孩子,体力劳动者,manual_worker,焊工,上海户籍,上海,,,
P01997,郭子豪,男,34,30-34,无需要照顾的孩子,服务业者,service_worker,美容师,上海户籍,上海,,,
P01998,王泽心,男,26,25-29,无需要照顾的孩子,体力劳动者,manual_worker,设备操作员,上海户籍,上海,,,
P01999,张然诚,男,45,45-49,无需要照顾的孩子,自由业者,freelancer,独立程序员,外省市户籍,河南,,,
P02000,郭景,男,31,30-34,无需要照顾的孩子,上班族,office_worker,销售代表,外省市户籍,江苏,,,
P02001,朱子景,男,32,30-34,无需要照顾的孩子,体力劳动者,manual_worker,快递员,上海户籍,上海,,,
P02002,张宇俊,男,37,35-39,有未成年孩子,上班族,office_worker,业务负责人,上海户籍,上海,,,
P02003,赵思宁,女,40,40-44,有成年孩子,体力劳动者,manual_worker,焊工,上海户籍,上海,,,
P02004,郭思,男,42,40-44,有成年孩子,体力劳动者,manual_worker,搬运工,外省市户籍,湖南,,,
P02005,唐晓清,女,39,35-39,有未成年孩子,服务业者,service_worker,客服,外省市户籍,河南,,,
P02006,王知诗,女,42,40-44,有成年孩子,服务业者,service_worker,美容师,上海户籍,上海,,,
P02007,杨梦婷,女,33,30-34,无需要照顾的孩子,自由业者,freelancer,摄影师,上海户籍,上海,,,
P02008,郑梦语,女,36,35-39,有未成年孩子,上班族,office_worker,高级软件工程师,外省市户籍,湖北,,,
P02009,董思,女,26,25-29,无需要照顾的孩子,自由业者,freelancer,私教,上海户籍,上海,,,
P02010,张怡语,女,34,30-34,无需要照顾的孩子,服务业者,service_worker,美容师,外省市户籍,陕西,,,
P02011,梁晨宇,男,34,30-34,有未成年孩子,服务业者,service_worker,厨师,上海户籍,上海,,,
P02012,杨乐思,女,49,45-49,有成年孩子,服务业者,service_worker,房产经纪,上海户籍,上海,,,
P02013,周睿可,男,26,25-29,无需要照顾的孩子,上班族,office_worker,销售代表,外省市户籍,其他,,,
P02014,程诗,女,26,25-29,无需要照顾的孩子,服务业者,service_worker,酒店前台,外省市户籍,浙江,,,
P02015,于羽昊,男,46,45-49,有成年孩子,上班族,office_worker,高级运营专员,上海户籍,上海,,,
P02016,谢志清,男,43,40-44,有未成年孩子,体力劳动者,manual_worker,快递员,外省市户籍,福建,,,
P02017,黄文星,男,26,25-29,无需要照顾的孩子,上班族,office_worker,数据分析师,外省市户籍,浙江,,,
P02018,赵文言,男,39,35-39,有未成年孩子,服务业者,service_worker,保安,上海户籍,上海,,,
P02019,张诺豪,男,21,18-24,无需要照顾的孩子,上班族,office_worker,设计师,外省市户籍,其他,,,
P02020,吴梦涵,女,31,30-34,有未成年孩子,自由业者,freelancer,自由销售,上海户籍,上海,,,
P02021,张婷晴,女,38,35-39,无需要照顾的孩子,体力劳动者,manual_worker,设备操作员,外省市户籍,安徽,,,
P02022,李梦言,女,35,35-39,有成年孩子,上班族,office_worker,设计师,外省市户籍,湖北,,,
P02023,陈嘉心,男,25,25-29,无需要照顾的孩子,上班族,office_worker,采购专员,上海户籍,上海,,,
P02024,刘阳明,男,36,35-39,无需要照顾的孩子,上班族,office_worker,高级软件工程师,上海户籍,上海,,,
P02025,王怡远,女,48,45-49,无需要照顾的孩子,体力劳动者,manual_worker,仓库操作员,上海户籍,上海,,,
P02026,宋欣若,女,39,35-39,有未成年孩子,服务业者,service_worker,保安,外省市户籍,山东,,,
P02027,韩一浩,男,21,18-24,无需要照顾的孩子,上班族,office_worker,数据分析师,外省市户籍,浙江,,,
P02028,王言晨,男,37,35-39,有未成年孩子,上班族,office_worker,人力资源经理,上海户籍,上海,,,
P02029,于晨可,男,36,35-39,无需要照顾的孩子,上班族,office_worker,数据分析师,上海户籍,上海,,,
P02030,陈梓一,男,31,30-34,有未成年孩子,上班族,office_worker,产品经理,外省市户籍,安徽,,,
P02031,王知嘉,女,41,40-44,有未成年孩子,自由业者,freelancer,自由设计师,上海户籍,上海,,,
P02032,韩嘉可,男,45,45-49,无需要照顾的孩子,体力劳动者,manual_worker,搬运工,上海户籍,上海,,,
P02033,刘诺婷,女,24,18-24,无需要照顾的孩子,上班族,office_worker,采购专员,上海户籍,上海,,,
P02034,罗羽源,男,22,18-24,无需要照顾的孩子,大学生,university_student,本科生,上海户籍,上海,,,
P02035,王琪乐,女,25,25-29,无需要照顾的孩子,体力劳动者,manual_worker,配送员,上海户籍,上海,,,
P02036,程晨一,男,27,25-29,无需要照顾的孩子,体力劳动者,manual_worker,电工,外省市户籍,浙江,,,
P02037,李远辰,男,34,30-34,无需要照顾的孩子,上班族,office_worker,销售代表,上海户籍,上海,,,
P02038,陈文,男,33,30-34,无需要照顾的孩子,自由业者,freelancer,私教,上海户籍,上海,,,
P02039,高佳,女,31,30-34,有未成年孩子,上班族,office_worker,会计,外省市户籍,河南,,,
P02040,李豪浩,男,25,25-29,无需要照顾的孩子,体力劳动者,manual_worker,设备操作员,上海户籍,上海,,,
P02041,高嫣子,女,29,25-29,无需要照顾的孩子,上班族,office_worker,运营专员,上海户籍,上海,,,
P02042,张豪远,男,33,30-34,无需要照顾的孩子,服务业者,service_worker,客服,外省市户籍,福建,,,
P02043,张晨可,男,23,18-24,无需要照顾的孩子,大学生,university_student,硕士研究生,上海户籍,上海,,,
P02044,朱安俊,男,21,18-24,无需要照顾的孩子,上班族,office_worker,采购专员,上海户籍,上海,,,
P02045,周子琪,女,28,25-29,无需要照顾的孩子,上班族,office_worker,设计师,上海户籍,上海,,,
P02046,刘博言,男,34,30-34,有未成年孩子,自由业者,freelancer,摄影师,上海户籍,上海,,,
P02047,张楷一,男,21,18-24,无需要照顾的孩子,体力劳动者,manual_worker,快递员,外省市户籍,江苏,,,
P02048,许诗嘉,女,18,18-24,无需要照顾的孩子,大学生,university_student,本科生,外省市户籍,湖北,,,
P02049,董俊远,男,27,25-29,无需要照顾的孩子,上班族,office_worker,销售代表,外省市户籍,湖北,,,
P02050,吴梓嘉,男,24,18-24,无需要照顾的孩子,上班族,office_worker,行政专员,上海户籍,上海,,,
P02051,杨源星,女,22,18-24,无需要照顾的孩子,大学生,university_student,本科生,上海户籍,上海,,,
P02052,王知诺,男,18,18-24,无需要照顾的孩子,大学生,university_student,本科生,外省市户籍,浙江,,,
P02053,李涵嫣,女,42,40-44,有未成年孩子,上班族,office_worker,产品经理,上海户籍,上海,,,
P02054,徐言桐,女,40,40-44,有未成年孩子,服务业者,service_worker,保安,外省市户籍,湖北,,,
P02055,王一明,男,27,25-29,无需要照顾的孩子,上班族,office_worker,设计师,外省市户籍,浙江,,,
P02056,李远可,女,45,45-49,有成年孩子,自由业者,freelancer,独立程序员,上海户籍,上海,,,
P02057,徐欣瑶,女,43,40-44,有未成年孩子,上班族,office_worker,销售经理,外省市户籍,河南,,,
P02058,张豪言,男,27,25-29,有未成年孩子,服务业者,service_worker,美容师,上海户籍,上海,,,
P02059,冯思,男,29,25-29,无需要照顾的孩子,服务业者,service_worker,酒店前台,外省市户籍,安徽,,,
P02060,张远可,男,39,35-39,有未成年孩子,上班族,office_worker,采购经理,上海户籍,上海,,,
P02061,程言,女,32,30-34,有未成年孩子,上班族,office_worker,数据分析师,外省市户籍,安徽,,,
P02062,张曦,女,27,25-29,无需要照顾的孩子,上班族,office_worker,数据分析师,外省市户籍,安徽,,,
P02063,徐言文,男,45,45-49,有未成年孩子,服务业者,service_worker,收银员,外省市户籍,江西,,,
P02064,于浩轩,男,41,40-44,有成年孩子,上班族,office_worker,销售经理,外省市户籍,山东,,,
P02065,王一若,女,32,30-34,有未成年孩子,体力劳动者,manual_worker,配送员,外省市户籍,江苏,,,
P02066,李乐宁,男,31,30-34,无需要照顾的孩子,体力劳动者,manual_worker,司机,上海户籍,上海,,,
P02067,李一佳,女,24,18-24,无需要照顾的孩子,体力劳动者,manual_worker,司机,外省市户籍,湖北,,,
P02068,于思思,女,36,35-39,有未成年孩子,上班族,office_worker,财务主管,上海户籍,上海,,,
P02069,何安子,女,33,30-34,有未成年孩子,体力劳动者,manual_worker,司机,上海户籍,上海,,,
P02070,陈梦曦,女,20,18-24,无需要照顾的孩子,服务业者,service_worker,酒店前台,上海户籍,上海,,,
P02071,马晨明,男,40,40-44,有未成年孩子,上班族,office_worker,技术经理,上海户籍,上海,,,
P02072,王安思,女,33,30-34,无需要照顾的孩子,上班族,office_worker,软件工程师,外省市户籍,江苏,,,
P02073,张睿睿,男,25,25-29,无需要照顾的孩子,上班族,office_worker,客户专员,上海户籍,上海,,,
P02074,袁哲,男,28,25-29,无需要照顾的孩子,上班族,office_worker,数据分析师,外省市户籍,广东,,,
P02075,杨佳婷,女,25,25-29,有未成年孩子,上班族,office_worker,软件工程师,上海户籍,上海,,,
P02076,李嘉志,男,49,45-49,有成年孩子,服务业者,service_worker,厨师,上海户籍,上海,,,
P02077,许晨浩,男,32,30-34,有未成年孩子,服务业者,service_worker,酒店服务人员,上海户籍,上海,,,
P02078,刘佳静,女,30,30-34,无需要照顾的孩子,自由业者,freelancer,自由销售,外省市户籍,安徽,,,
P02079,郑睿嘉,男,28,25-29,有未成年孩子,服务业者,service_worker,房产经纪,外省市户籍,江西,,,
P02080,朱辰乐,女,29,25-29,有未成年孩子,上班族,office_worker,数据分析师,外省市户籍,江西,,,
P02081,赵佑嘉,男,26,25-29,无需要照顾的孩子,自由业者,freelancer,自由销售,上海户籍,上海,,,
P02082,孙乐俊,男,39,35-39,有未成年孩子,服务业者,service_worker,理发师,上海户籍,上海,,,
P02083,罗源远,男,24,18-24,无需要照顾的孩子,大学生,university_student,博士研究生,上海户籍,上海,,,
P02084,郭知清,女,30,30-34,无需要照顾的孩子,服务业者,service_worker,理发师,上海户籍,上海,,,
P02085,杨言清,男,31,30-34,无需要照顾的孩子,上班族,office_worker,运营专员,外省市户籍,江西,,,
P02086,王明嘉,男,43,40-44,有成年孩子,上班族,office_worker,数据分析师,外省市户籍,江苏,,,
P02087,许心俊,男,42,40-44,有成年孩子,体力劳动者,manual_worker,快递员,外省市户籍,四川,,,
P02088,郑怡曦,女,33,30-34,无需要照顾的孩子,体力劳动者,manual_worker,焊工,外省市户籍,湖南,,,
P02089,梁诗,女,27,25-29,有未成年孩子,上班族,office_worker,高级软件工程师,上海户籍,上海,,,
P02090,曹知诺,女,29,25-29,无需要照顾的孩子,上班族,office_worker,数据分析师,外省市户籍,浙江,,,
P02091,马宁羽,男,19,18-24,无需要照顾的孩子,体力劳动者,manual_worker,搬运工,外省市户籍,四川,,,
P02092,李涵佳,女,31,30-34,有未成年孩子,上班族,office_worker,HR经理,外省市户籍,浙江,,,
P02093,马远知,男,46,45-49,无需要照顾的孩子,服务业者,service_worker,保安,外省市户籍,安徽,,,
P02094,袁怡安,女,33,30-34,有未成年孩子,服务业者,service_worker,美容师,外省市户籍,四川,,,
P02095,张曦若,女,24,18-24,无需要照顾的孩子,服务业者,service_worker,客服,外省市户籍,浙江,,,
P02096,陈嫣知,女,30,30-34,无需要照顾的孩子,自由业者,freelancer,翻译,上海户籍,上海,,,
P02097,冯诺,女,18,18-24,无需要照顾的孩子,上班族,office_worker,会计,外省市户籍,陕西,,,
P02098,何心佳,女,40,40-44,有未成年孩子,上班族,office_worker,数据分析师,上海户籍,上海,,,
P02099,刘一,男,37,35-39,有未成年孩子,自由业者,freelancer,私教,上海户籍,上海,,,
P02100,刘欣,女,36,35-39,有未成年孩子,服务业者,service_worker,美容师,上海户籍,上海,,,
P02101,张宁,女,21,18-24,无需要照顾的孩子,大学生,university_student,本科生,外省市户籍,河南,,,
P02102,赵安雨,女,45,45-49,有未成年孩子,服务业者,service_worker,店员,外省市户籍,安徽,,,
P02103,高涵景,男,33,30-34,无需要照顾的孩子,上班族,office_worker,高级运营专员,外省市户籍,湖北,,,
P02104,孙诺,男,33,30-34,无需要照顾的孩子,服务业者,service_worker,保安,上海户籍,上海,,,
P02105,郑辰可,女,34,30-34,有未成年孩子,上班族,office_worker,高级运营专员,上海户籍,上海,,,
P02106,张安,女,30,30-34,有未成年孩子,上班族,office_worker,HR经理,外省市户籍,安徽,,,
P02107,李可晨,女,39,35-39,有未成年孩子,上班族,office_worker,高级软件工程师,外省市户籍,其他,,,
P02108,周辰晴,女,35,35-39,有未成年孩子,服务业者,service_worker,健身教练,外省市户籍,安徽,,,
P02109,刘豪,男,48,45-49,有成年孩子,服务业者,service_worker,厨师,外省市户籍,安徽,,,
P02110,王嘉楷,男,43,40-44,无需要照顾的孩子,服务业者,service_worker,酒店服务人员,外省市户籍,浙江,,,
P02111,张涵昊,男,46,45-49,有未成年孩子,服务业者,service_worker,保安,上海户籍,上海,,,
P02112,孙怡,女,21,18-24,无需要照顾的孩子,服务业者,service_worker,厨师,外省市户籍,安徽,,,
P02113,李俊梓,男,44,40-44,无需要照顾的孩子,服务业者,service_worker,餐厅服务员,上海户籍,上海,,,
P02114,罗文阳,男,31,30-34,无需要照顾的孩子,上班族,office_worker,高级运营专员,上海户籍,上海,,,
P02115,张思婷,女,23,18-24,无需要照顾的孩子,上班族,office_worker,采购专员,上海户籍,上海,,,
P02116,王安,女,27,25-29,有未成年孩子,体力劳动者,manual_worker,安装工,外省市户籍,江苏,,,
P02117,李安,女,39,35-39,有未成年孩子,上班族,office_worker,财务主管,外省市户籍,河北,,,
P02118,张清文,男,20,18-24,无需要照顾的孩子,体力劳动者,manual_worker,维修技师,上海户籍,上海,,,
P02119,李文,男,20,18-24,无需要照顾的孩子,服务业者,service_worker,理发师,外省市户籍,湖南,,,
P02120,王心婷,女,20,18-24,无需要照顾的孩子,体力劳动者,manual_worker,焊工,外省市户籍,湖南,,,
P02121,程曦欣,女,30,30-34,无需要照顾的孩子,上班族,office_worker,行政专员,外省市户籍,安徽,,,
P02122,徐语雨,女,38,35-39,有未成年孩子,服务业者,service_worker,美容师,外省市户籍,河南,,,
P02123,周琪梦,女,20,18-24,无需要照顾的孩子,大学生,university_student,本科生,外省市户籍,河南,,,
P02124,林清星,女,47,45-49,有未成年孩子,体力劳动者,manual_worker,搬运工,上海户籍,上海,,,
P02125,程静源,女,46,45-49,有成年孩子,上班族,office_worker,采购经理,上海户籍,上海,,,
P02126,郑志豪,男,40,40-44,有未成年孩子,上班族,office_worker,客户经理,外省市户籍,湖南,,,
P02127,郑婉,女,38,35-39,有未成年孩子,服务业者,service_worker,厨师,外省市户籍,四川,,,
P02128,朱瑶,女,26,25-29,无需要照顾的孩子,上班族,office_worker,客户经理,上海户籍,上海,,,
P02129,李婷,女,32,30-34,有未成年孩子,上班族,office_worker,高级软件工程师,上海户籍,上海,,,
P02130,曹怡,女,43,40-44,有成年孩子,自由业者,freelancer,自媒体从业者,上海户籍,上海,,,
P02131,赵然轩,男,38,35-39,无需要照顾的孩子,上班族,office_worker,软件工程师,上海户籍,上海,,,
P02132,刘宁一,女,26,25-29,有未成年孩子,上班族,office_worker,高级运营专员,上海户籍,上海,,,
P02133,王知,女,27,25-29,无需要照顾的孩子,服务业者,service_worker,收银员,外省市户籍,浙江,,,
P02134,杨宁桐,女,34,30-34,有未成年孩子,自由业者,freelancer,自由设计师,外省市户籍,江西,,,
P02135,赵婷语,女,36,35-39,无需要照顾的孩子,上班族,office_worker,部门经理,上海户籍,上海,,,
P02136,赵乐佳,女,21,18-24,有未成年孩子,上班族,office_worker,运营专员,外省市户籍,福建,,,
P02137,谢远安,男,28,25-29,有未成年孩子,上班族,office_worker,采购经理,上海户籍,上海,,,
P02138,刘楷嘉,男,22,18-24,有未成年孩子,大学生,university_student,本科生,外省市户籍,江苏,,,
P02139,高轩嘉,男,27,25-29,无需要照顾的孩子,服务业者,service_worker,美容师,外省市户籍,湖南,,,
P02140,李安辰,男,48,45-49,有未成年孩子,上班族,office_worker,财务主管,上海户籍,上海,,,
P02141,朱佳言,女,49,45-49,有未成年孩子,上班族,office_worker,销售经理,外省市户籍,河南,,,
P02142,林婷晓,女,39,35-39,有未成年孩子,体力劳动者,manual_worker,维修技师,外省市户籍,河南,,,
P02143,王羽诚,男,28,25-29,有未成年孩子,上班族,office_worker,数据分析师,外省市户籍,四川,,,
P02144,陈婉一,女,19,18-24,有未成年孩子,服务业者,service_worker,餐厅服务员,外省市户籍,浙江,,,
P02145,陈佑博,男,35,35-39,有未成年孩子,自由业者,freelancer,翻译,外省市户籍,湖北,,,
P02146,韩曦,女,32,30-34,有未成年孩子,自由业者,freelancer,摄影师,外省市户籍,江苏,,,
P02147,孙乐,女,43,40-44,有成年孩子,上班族,office_worker,财务主管,外省市户籍,湖南,,,
P02148,徐嘉,男,33,30-34,无需要照顾的孩子,服务业者,service_worker,美容师,外省市户籍,四川,,,
P02149,吴琪静,女,18,18-24,无需要照顾的孩子,服务业者,service_worker,健身教练,外省市户籍,广东,,,
P02150,李明嘉,男,31,30-34,有未成年孩子,上班族,office_worker,HR经理,外省市户籍,四川,,,
P02151,刘宁婷,女,32,30-34,有未成年孩子,上班族,office_worker,客户专员,外省市户籍,江苏,,,
P02152,张桐晨,女,37,35-39,无需要照顾的孩子,上班族,office_worker,财务专员,外省市户籍,浙江,,,
P02153,周诗,女,41,40-44,有未成年孩子,服务业者,service_worker,理发师,外省市户籍,山东,,,
P02154,张诗,女,27,25-29,无需要照顾的孩子,大学生,university_student,硕士研究生,上海户籍,上海,,,
P02155,张晨远,男,23,18-24,无需要照顾的孩子,服务业者,service_worker,酒店前台,上海户籍,上海,,,
P02156,王琪晓,女,43,40-44,有未成年孩子,上班族,office_worker,客户经理,上海户籍,上海,,,
P02157,张睿,男,34,30-34,无需要照顾的孩子,服务业者,service_worker,酒店前台,上海户籍,上海,,,
P02158,周豪心,男,34,30-34,有未成年孩子,上班族,office_worker,会计,上海户籍,上海,,,
P02159,张轩泽,男,31,30-34,有未成年孩子,服务业者,service_worker,理发师,上海户籍,上海,,,
P02160,何婷怡,女,35,35-39,有未成年孩子,上班族,office_worker,产品经理,上海户籍,上海,,,
P02161,王宇嘉,男,32,30-34,有未成年孩子,上班族,office_worker,数据分析师,上海户籍,上海,,,
P02162,刘睿嘉,男,21,18-24,无需要照顾的孩子,上班族,office_worker,会计,外省市户籍,江苏,,,
P02163,梁知嘉,男,26,25-29,有未成年孩子,自由业者,freelancer,自媒体从业者,外省市户籍,四川,,,
P02164,徐远安,男,20,18-24,无需要照顾的孩子,上班族,office_worker,财务专员,外省市户籍,浙江,,,
P02165,周辰文,男,43,40-44,有未成年孩子,自由业者,freelancer,咨询顾问,外省市户籍,湖北,,,
P02166,张远,男,38,35-39,无需要照顾的孩子,上班族,office_worker,产品经理,外省市户籍,湖南,,,
P02167,胡思彤,女,35,35-39,有成年孩子,服务业者,service_worker,健身教练,外省市户籍,江苏,,,
P02168,赵涵明,男,21,18-24,无需要照顾的孩子,体力劳动者,manual_worker,配送员,上海户籍,上海,,,
P02169,胡嫣怡,女,18,18-24,无需要照顾的孩子,自由业者,freelancer,自由销售,外省市户籍,江西,,,
P02170,杨子哲,男,42,40-44,有未成年孩子,上班族,office_worker,销售代表,外省市户籍,湖北,,,
P02171,杨明景,男,37,35-39,有未成年孩子,自由业者,freelancer,翻译,上海户籍,上海,,,
P02172,李文心,男,27,25-29,无需要照顾的孩子,体力劳动者,manual_worker,司机,外省市户籍,安徽,,,
P02173,陈嘉思,女,32,30-34,无需要照顾的孩子,服务业者,service_worker,美容师,外省市户籍,山东,,,
P02174,赵宁杰,男,34,30-34,有未成年孩子,自由业者,freelancer,私教,外省市户籍,安徽,,,
P02175,刘婉思,女,37,35-39,有未成年孩子,体力劳动者,manual_worker,建筑工人,上海户籍,上海,,,
P02176,刘睿楷,男,33,30-34,有未成年孩子,服务业者,service_worker,店员,上海户籍,上海,,,
P02177,林昊宇,男,27,25-29,无需要照顾的孩子,上班族,office_worker,销售代表,上海户籍,上海,,,
P02178,杨乐诺,男,32,30-34,有未成年孩子,体力劳动者,manual_worker,焊工,上海户籍,上海,,,
P02179,赵嫣可,女,29,25-29,有未成年孩子,服务业者,service_worker,健身教练,上海户籍,上海,,,
P02180,杨琪可,女,42,40-44,无需要照顾的孩子,上班族,office_worker,行政专员,外省市户籍,山东,,,
P02181,黄怡涵,女,32,30-34,无需要照顾的孩子,上班族,office_worker,产品经理,外省市户籍,安徽,,,
P02182,王思,女,39,35-39,无需要照顾的孩子,体力劳动者,manual_worker,安装工,外省市户籍,河南,,,
P02183,李思宁,女,40,40-44,有未成年孩子,体力劳动者,manual_worker,安装工,上海户籍,上海,,,
P02184,何佑宇,男,33,30-34,有未成年孩子,上班族,office_worker,数据分析师,外省市户籍,浙江,,,
P02185,吴嘉梦,女,22,18-24,无需要照顾的孩子,上班族,office_worker,财务专员,上海户籍,上海,,,
P02186,高嘉,女,41,40-44,有未成年孩子,服务业者,service_worker,保安,外省市户籍,江西,,,
P02187,冯晨涵,男,33,30-34,有未成年孩子,自由业者,freelancer,咨询顾问,外省市户籍,安徽,,,
P02188,郭梓思,男,22,18-24,无需要照顾的孩子,大学生,university_student,本科生,上海户籍,上海,,,
P02189,梁可晨,女,41,40-44,有成年孩子,上班族,office_worker,技术经理,外省市户籍,湖南,,,
P02190,李泽,男,48,45-49,有未成年孩子,体力劳动者,manual_worker,安装工,外省市户籍,湖南,,,
P02191,刘彤,女,33,30-34,有未成年孩子,上班族,office_worker,运营专员,上海户籍,上海,,,
P02192,赵安景,男,39,35-39,有成年孩子,上班族,office_worker,行政专员,外省市户籍,安徽,,,
P02193,马阳远,男,40,40-44,无需要照顾的孩子,服务业者,service_worker,收银员,上海户籍,上海,,,
P02194,黄远,男,37,35-39,有未成年孩子,上班族,office_worker,部门经理,外省市户籍,河北,,,
P02195,张豪,男,18,18-24,无需要照顾的孩子,服务业者,service_worker,理发师,外省市户籍,湖北,,,
P02196,宋哲乐,男,35,35-39,有成年孩子,上班族,office_worker,产品经理,上海户籍,上海,,,
P02197,黄豪明,男,31,30-34,无需要照顾的孩子,上班族,office_worker,设计师,上海户籍,上海,,,
P02198,胡景可,男,25,25-29,无需要照顾的孩子,服务业者,service_worker,酒店服务人员,上海户籍,上海,,,
P02199,郭晨婷,女,32,30-34,有未成年孩子,上班族,office_worker,高级软件工程师,外省市户籍,河南,,,
P02200,吴浩佑,男,29,25-29,无需要照顾的孩子,上班族,office_worker,数据分析师,上海户籍,上海,,,
P02201,李安静,女,36,35-39,有未成年孩子,上班族,office_worker,高级软件工程师,外省市户籍,山东,,,
P02202,郑思欣,女,28,25-29,无需要照顾的孩子,上班族,office_worker,销售经理,外省市户籍,河北,,,
P02203,张涵可,女,42,40-44,有未成年孩子,服务业者,service_worker,保安,外省市户籍,浙江,,,
P02204,赵诗,女,45,45-49,有成年孩子,上班族,office_worker,客户专员,外省市户籍,浙江,,,
P02205,马子思,男,21,18-24,无需要照顾的孩子,服务业者,service_worker,理发师,外省市户籍,安徽,,,
P02206,邓晴,女,27,25-29,无需要照顾的孩子,自由业者,freelancer,独立程序员,上海户籍,上海,,,
P02207,张思诗,女,39,35-39,有未成年孩子,服务业者,service_worker,酒店服务人员,外省市户籍,江苏,,,
P02208,王俊阳,男,27,25-29,无需要照顾的孩子,上班族,office_worker,销售代表,外省市户籍,其他,,,
P02209,陈婷诺,女,38,35-39,有未成年孩子,上班族,office_worker,HR经理,上海户籍,上海,,,
P02210,朱俊杰,男,29,25-29,无需要照顾的孩子,体力劳动者,manual_worker,电工,上海户籍,上海,,,
P02211,韩桐怡,女,25,25-29,无需要照顾的孩子,自由业者,freelancer,私教,上海户籍,上海,,,
P02212,王桐瑶,女,45,45-49,有未成年孩子,上班族,office_worker,财务经理,外省市户籍,安徽,,,
P02213,王清言,男,25,25-29,无需要照顾的孩子,服务业者,service_worker,酒店服务人员,外省市户籍,湖北,,,
P02214,许宇睿,男,39,35-39,无需要照顾的孩子,服务业者,service_worker,店员,外省市户籍,浙江,,,
P02215,徐诺博,男,24,18-24,无需要照顾的孩子,自由业者,freelancer,网店经营者,外省市户籍,江苏,,,
P02216,董嘉天,男,48,45-49,无需要照顾的孩子,体力劳动者,manual_worker,焊工,外省市户籍,安徽,,,
P02217,宋心晨,男,40,40-44,有未成年孩子,上班族,office_worker,客户经理,上海户籍,上海,,,
P02218,黄昊清,男,27,25-29,无需要照顾的孩子,上班族,office_worker,会计,上海户籍,上海,,,
P02219,张思,男,25,25-29,无需要照顾的孩子,上班族,office_worker,数据分析师,外省市户籍,广东,,,
P02220,冯羽嘉,男,35,35-39,有未成年孩子,服务业者,service_worker,保安,外省市户籍,江西,,,
P02221,徐子,男,41,40-44,无需要照顾的孩子,上班族,office_worker,运营经理,上海户籍,上海,,,
P02222,唐怡,女,26,25-29,无需要照顾的孩子,上班族,office_worker,项目经理,外省市户籍,安徽,,,
P02223,李梦桐,女,30,30-34,无需要照顾的孩子,自由业者,freelancer,私教,外省市户籍,安徽,,,
P02224,林星佑,男,31,30-34,有未成年孩子,自由业者,freelancer,自由设计师,上海户籍,上海,,,
P02225,赵婷思,女,39,35-39,无需要照顾的孩子,服务业者,service_worker,美容师,外省市户籍,江西,,,
P02226,宋源瑶,女,41,40-44,有成年孩子,上班族,office_worker,项目经理,上海户籍,上海,,,
P02227,张嘉,女,32,30-34,有未成年孩子,上班族,office_worker,设计师,上海户籍,上海,,,
P02228,刘哲星,男,33,30-34,有未成年孩子,上班族,office_worker,财务专员,上海户籍,上海,,,
P02229,杨嘉诺,男,28,25-29,无需要照顾的孩子,上班族,office_worker,财务专员,外省市户籍,江苏,,,
P02230,朱欣,女,30,30-34,无需要照顾的孩子,上班族,office_worker,项目经理,外省市户籍,河南,,,
P02231,张一梓,男,32,30-34,有未成年孩子,上班族,office_worker,财务专员,外省市户籍,四川,,,
P02232,王楷一,男,36,35-39,无需要照顾的孩子,自由业者,freelancer,摄影师,上海户籍,上海,,,
P02233,刘语晨,女,22,18-24,无需要照顾的孩子,大学生,university_student,本科生,外省市户籍,湖北,,,
P02234,赵晓嫣,女,21,18-24,无需要照顾的孩子,大学生,university_student,硕士研究生,外省市户籍,河南,,,
P02235,张宇宇,男,38,35-39,有未成年孩子,上班族,office_worker,数据分析师,外省市户籍,浙江,,,
P02236,张景嘉,男,36,35-39,有未成年孩子,自由业者,freelancer,网店经营者,上海户籍,上海,,,
P02237,杨言,女,37,35-39,有未成年孩子,上班族,office_worker,运营专员,外省市户籍,江苏,,,
P02238,孙知俊,男,44,40-44,有未成年孩子,上班族,office_worker,高级运营专员,上海户籍,上海,,,
P02239,张嫣雅,女,19,18-24,无需要照顾的孩子,服务业者,service_worker,健身教练,外省市户籍,安徽,,,
P02240,刘彤桐,女,26,25-29,无需要照顾的孩子,上班族,office_worker,销售代表,外省市户籍,江苏,,,
P02241,吴安,女,18,18-24,无需要照顾的孩子,上班族,office_worker,会计,外省市户籍,浙江,,,
P02242,陈子,女,29,25-29,无需要照顾的孩子,上班族,office_worker,客户专员,外省市户籍,山东,,,
P02243,马知辰,女,27,25-29,无需要照顾的孩子,上班族,office_worker,销售经理,上海户籍,上海,,,
P02244,张远阳,男,37,35-39,有未成年孩子,上班族,office_worker,HR经理,外省市户籍,广东,,,
P02245,刘景睿,男,36,35-39,有未成年孩子,上班族,office_worker,HR经理,外省市户籍,湖北,,,
P02246,郑晨清,男,24,18-24,无需要照顾的孩子,上班族,office_worker,行政专员,上海户籍,上海,,,
P02247,陈心雅,女,32,30-34,无需要照顾的孩子,服务业者,service_worker,收银员,上海户籍,上海,,,
P02248,刘心晨,女,35,35-39,有未成年孩子,上班族,office_worker,高级软件工程师,上海户籍,上海,,,
P02249,赵思心,男,38,35-39,有未成年孩子,自由业者,freelancer,自媒体从业者,外省市户籍,江苏,,,
P02250,陈心昊,男,39,35-39,无需要照顾的孩子,上班族,office_worker,行政专员,外省市户籍,河南,,,
P02251,谢嘉,男,38,35-39,无需要照顾的孩子,上班族,office_worker,财务主管,上海户籍,上海,,,
P02252,袁言星,男,23,18-24,无需要照顾的孩子,上班族,office_worker,客户专员,上海户籍,上海,,,
P02253,孙雨涵,女,46,45-49,无需要照顾的孩子,服务业者,service_worker,收银员,上海户籍,上海,,,
P02254,黄嘉子,男,39,35-39,有未成年孩子,服务业者,service_worker,酒店前台,外省市户籍,福建,,,
P02255,陈楷涵,男,39,35-39,有未成年孩子,上班族,office_worker,高级运营专员,外省市户籍,江苏,,,
P02256,孙思若,女,41,40-44,有未成年孩子,上班族,office_worker,高级产品经理,外省市户籍,湖北,,,
P02257,何豪,男,26,25-29,无需要照顾的孩子,上班族,office_worker,采购专员,外省市户籍,安徽,,,
P02258,陈一星,男,20,18-24,无需要照顾的孩子,服务业者,service_worker,餐厅服务员,上海户籍,上海,,,
P02259,程若言,女,29,25-29,无需要照顾的孩子,自由业者,freelancer,网店经营者,上海户籍,上海,,,
P02260,张然嘉,男,39,35-39,有未成年孩子,体力劳动者,manual_worker,建筑工人,外省市户籍,江西,,,
P02261,孙婉心,女,25,25-29,无需要照顾的孩子,自由业者,freelancer,翻译,外省市户籍,安徽,,,
P02262,李涵心,女,34,30-34,有未成年孩子,体力劳动者,manual_worker,电工,上海户籍,上海,,,
P02263,何佳,女,47,45-49,有成年孩子,自由业者,freelancer,自由销售,外省市户籍,安徽,,,
P02264,梁婉思,女,25,25-29,无需要照顾的孩子,上班族,office_worker,项目经理,上海户籍,上海,,,
P02265,杨婷,女,40,40-44,有未成年孩子,上班族,office_worker,销售经理,上海户籍,上海,,,
P02266,周清然,男,37,35-39,无需要照顾的孩子,上班族,office_worker,销售经理,外省市户籍,江苏,,,
P02267,郭嫣桐,女,18,18-24,无需要照顾的孩子,体力劳动者,manual_worker,安装工,上海户籍,上海,,,
P02268,王清嘉,男,30,30-34,有未成年孩子,自由业者,freelancer,翻译,外省市户籍,江苏,,,
P02269,刘星羽,男,30,30-34,有未成年孩子,自由业者,freelancer,翻译,上海户籍,上海,,,
P02270,刘晨羽,男,31,30-34,无需要照顾的孩子,服务业者,service_worker,客服,外省市户籍,安徽,,,
P02271,王子语,女,42,40-44,有未成年孩子,上班族,office_worker,销售经理,上海户籍,上海,,,
P02272,陈欣宁,女,27,25-29,有未成年孩子,上班族,office_worker,客户专员,上海户籍,上海,,,
P02273,梁博哲,男,32,30-34,无需要照顾的孩子,上班族,office_worker,销售经理,上海户籍,上海,,,
P02274,朱诗诺,女,45,45-49,无需要照顾的孩子,体力劳动者,manual_worker,仓库操作员,外省市户籍,安徽,,,
P02275,王羽桐,女,25,25-29,有未成年孩子,上班族,office_worker,数据分析师,上海户籍,上海,,,
P02276,冯一晨,男,36,35-39,有未成年孩子,上班族,office_worker,销售经理,上海户籍,上海,,,
P02277,徐晴,女,40,40-44,有成年孩子,服务业者,service_worker,收银员,外省市户籍,其他,,,
P02278,赵一,男,28,25-29,无需要照顾的孩子,上班族,office_worker,采购经理,外省市户籍,湖北,,,
P02279,王晨子,女,25,25-29,有未成年孩子,上班族,office_worker,财务专员,外省市户籍,江苏,,,
P02280,王佳思,女,40,40-44,有未成年孩子,上班族,office_worker,销售经理,上海户籍,上海,,,
P02281,朱星杰,男,26,25-29,有未成年孩子,上班族,office_worker,采购专员,外省市户籍,江苏,,,
P02282,李睿,男,20,18-24,无需要照顾的孩子,服务业者,service_worker,客服,上海户籍,上海,,,
P02283,胡晨乐,男,22,18-24,无需要照顾的孩子,服务业者,service_worker,店员,外省市户籍,四川,,,
P02284,冯豪晨,男,30,30-34,有未成年孩子,体力劳动者,manual_worker,搬运工,外省市户籍,江苏,,,
P02285,徐天,男,45,45-49,有未成年孩子,上班族,office_worker,财务专员,外省市户籍,江苏,,,
P02286,王子静,女,48,45-49,有未成年孩子,上班族,office_worker,销售经理,外省市户籍,陕西,,,
P02287,宋博俊,男,38,35-39,无需要照顾的孩子,上班族,office_worker,产品经理,外省市户籍,其他,,,
P02288,张怡诗,女,25,25-29,无需要照顾的孩子,上班族,office_worker,客户专员,外省市户籍,江西,,,
P02289,周怡安,女,22,18-24,无需要照顾的孩子,服务业者,service_worker,餐厅服务员,外省市户籍,其他,,,
P02290,李晨,男,19,18-24,无需要照顾的孩子,大学生,university_student,本科生,上海户籍,上海,,,
P02291,程晨辰,女,35,35-39,有未成年孩子,自由业者,freelancer,咨询顾问,上海户籍,上海,,,
P02292,唐知婉,女,44,40-44,有未成年孩子,服务业者,service_worker,酒店前台,上海户籍,上海,,,
P02293,李嘉,男,21,18-24,无需要照顾的孩子,体力劳动者,manual_worker,配送员,外省市户籍,山东,,,
P02294,李瑶梦,女,28,25-29,有未成年孩子,上班族,office_worker,采购专员,上海户籍,上海,,,
P02295,李浩,男,34,30-34,无需要照顾的孩子,体力劳动者,manual_worker,焊工,上海户籍,上海,,,
P02296,李昊天,男,40,40-44,有未成年孩子,上班族,office_worker,数据分析师,外省市户籍,福建,,,
P02297,李豪豪,男,33,30-34,无需要照顾的孩子,自由业者,freelancer,摄影师,上海户籍,上海,,,
P02298,孙婷梦,女,41,40-44,有未成年孩子,服务业者,service_worker,客服,外省市户籍,河南,,,
P02299,谢哲轩,男,25,25-29,有未成年孩子,上班族,office_worker,数据分析师,外省市户籍,湖北,,,
P02300,李子,男,35,35-39,无需要照顾的孩子,体力劳动者,manual_worker,仓库操作员,外省市户籍,浙江,,,
P02301,曹晨天,男,34,30-34,有未成年孩子,上班族,office_worker,客户专员,外省市户籍,江苏,,,
P02302,于嘉,男,37,35-39,有未成年孩子,上班族,office_worker,财务主管,外省市户籍,福建,,,
P02303,罗子阳,男,33,30-34,有未成年孩子,上班族,office_worker,客户经理,外省市户籍,安徽,,,
P02304,李天晨,男,39,35-39,无需要照顾的孩子,体力劳动者,manual_worker,安装工,上海户籍,上海,,,
P02305,赵俊睿,男,30,30-34,有未成年孩子,服务业者,service_worker,保安,外省市户籍,湖南,,,
P02306,宋楷子,男,43,40-44,有未成年孩子,服务业者,service_worker,厨师,外省市户籍,浙江,,,
P02307,陈曦若,女,25,25-29,无需要照顾的孩子,上班族,office_worker,高级软件工程师,外省市户籍,浙江,,,
P02308,黄天羽,男,37,35-39,无需要照顾的孩子,服务业者,service_worker,酒店前台,上海户籍,上海,,,
P02309,陈杰,男,32,30-34,无需要照顾的孩子,上班族,office_worker,高级运营专员,上海户籍,上海,,,
P02310,王晓辰,女,33,30-34,有未成年孩子,上班族,office_worker,技术经理,外省市户籍,山东,,,
P02311,许安轩,男,24,18-24,无需要照顾的孩子,大学生,university_student,本科生,上海户籍,上海,,,
P02312,陈心星,女,37,35-39,无需要照顾的孩子,上班族,office_worker,HR经理,外省市户籍,安徽,,,
P02313,宋涵嘉,男,44,40-44,有成年孩子,上班族,office_worker,项目经理,外省市户籍,江苏,,,
P02314,高静辰,女,33,30-34,无需要照顾的孩子,上班族,office_worker,数据分析师,外省市户籍,江苏,,,
P02315,李佑宇,男,22,18-24,有未成年孩子,服务业者,service_worker,健身教练,外省市户籍,安徽,,,
P02316,张琪欣,女,41,40-44,无需要照顾的孩子,上班族,office_worker,产品经理,外省市户籍,福建,,,
P02317,于清源,男,25,25-29,无需要照顾的孩子,上班族,office_worker,运营专员,上海户籍,上海,,,
P02318,赵涵子,女,33,30-34,无需要照顾的孩子,体力劳动者,manual_worker,设备操作员,外省市户籍,湖北,,,
P02319,刘思佳,女,30,30-34,有未成年孩子,上班族,office_worker,行政专员,上海户籍,上海,,,
P02320,韩俊晨,男,31,30-34,有未成年孩子,上班族,office_worker,采购专员,外省市户籍,安徽,,,
P02321,吴思怡,女,31,30-34,无需要照顾的孩子,上班族,office_worker,客户经理,上海户籍,上海,,,
P02322,吴宁星,女,32,30-34,无需要照顾的孩子,体力劳动者,manual_worker,快递员,上海户籍,上海,,,
P02323,周婉,女,38,35-39,无需要照顾的孩子,服务业者,service_worker,健身教练,外省市户籍,安徽,,,
P02324,许诚心,男,41,40-44,有成年孩子,服务业者,service_worker,厨师,上海户籍,上海,,,
P02325,胡心安,男,27,25-29,无需要照顾的孩子,体力劳动者,manual_worker,安装工,上海户籍,上海,,,
P02326,胡豪言,男,25,25-29,无需要照顾的孩子,大学生,university_student,硕士研究生,外省市户籍,江苏,,,
P02327,陈阳文,男,32,30-34,有未成年孩子,上班族,office_worker,HR经理,外省市户籍,河南,,,
P02328,张桐嘉,女,33,30-34,有未成年孩子,服务业者,service_worker,餐厅服务员,上海户籍,上海,,,
P02329,赵嘉心,男,21,18-24,无需要照顾的孩子,体力劳动者,manual_worker,司机,外省市户籍,安徽,,,
P02330,董思,男,44,40-44,有未成年孩子,上班族,office_worker,高级运营专员,上海户籍,上海,,,
P02331,陈一晓,女,39,35-39,有未成年孩子,服务业者,service_worker,房产经纪,上海户籍,上海,,,
P02332,郭涵晓,女,20,18-24,无需要照顾的孩子,上班族,office_worker,会计,外省市户籍,安徽,,,
P02333,刘宇俊,男,28,25-29,有未成年孩子,服务业者,service_worker,酒店前台,上海户籍,上海,,,
P02334,刘思星,女,43,40-44,有未成年孩子,体力劳动者,manual_worker,维修技师,外省市户籍,安徽,,,
P02335,黄泽乐,男,28,25-29,无需要照顾的孩子,上班族,office_worker,采购专员,外省市户籍,江苏,,,
P02336,何一,女,18,18-24,无需要照顾的孩子,大学生,university_student,本科生,外省市户籍,湖北,,,
P02337,张梓心,男,26,25-29,无需要照顾的孩子,上班族,office_worker,采购经理,外省市户籍,江西,,,
P02338,王诺涵,女,26,25-29,无需要照顾的孩子,上班族,office_worker,客户经理,上海户籍,上海,,,
P02339,刘婷欣,女,28,25-29,无需要照顾的孩子,自由业者,freelancer,独立程序员,外省市户籍,山东,,,
P02340,胡明羽,男,28,25-29,无需要照顾的孩子,服务业者,service_worker,美容师,外省市户籍,四川,,,
P02341,刘可怡,女,34,30-34,无需要照顾的孩子,上班族,office_worker,设计师,外省市户籍,浙江,,,
P02342,董豪天,男,49,45-49,有未成年孩子,自由业者,freelancer,自由销售,外省市户籍,江苏,,,
P02343,李宁诺,女,39,35-39,有未成年孩子,服务业者,service_worker,酒店前台,外省市户籍,河南,,,
P02344,黄涵,女,19,18-24,无需要照顾的孩子,上班族,office_worker,财务专员,上海户籍,上海,,,
P02345,刘杰昊,男,23,18-24,无需要照顾的孩子,服务业者,service_worker,餐厅服务员,上海户籍,上海,,,
P02346,张涵思,女,36,35-39,有未成年孩子,自由业者,freelancer,独立程序员,外省市户籍,湖南,,,
P02347,周一,男,18,18-24,无需要照顾的孩子,体力劳动者,manual_worker,焊工,上海户籍,上海,,,
P02348,唐嘉哲,男,44,40-44,有成年孩子,体力劳动者,manual_worker,配送员,外省市户籍,福建,,,
P02349,杨辰羽,男,19,18-24,无需要照顾的孩子,服务业者,service_worker,酒店前台,上海户籍,上海,,,
P02350,林子曦,女,32,30-34,有未成年孩子,体力劳动者,manual_worker,焊工,上海户籍,上海,,,
P02351,赵豪晨,男,28,25-29,无需要照顾的孩子,体力劳动者,manual_worker,建筑工人,外省市户籍,福建,,,
P02352,周怡涵,女,45,45-49,有未成年孩子,服务业者,service_worker,餐厅服务员,上海户籍,上海,,,
P02353,刘桐语,女,20,18-24,无需要照顾的孩子,上班族,office_worker,会计,外省市户籍,安徽,,,
P02354,杨然宇,男,27,25-29,有未成年孩子,上班族,office_worker,行政专员,上海户籍,上海,,,
P02355,马文文,男,23,18-24,无需要照顾的孩子,服务业者,service_worker,理发师,外省市户籍,江苏,,,
P02356,杨诗彤,女,40,40-44,有未成年孩子,体力劳动者,manual_worker,快递员,外省市户籍,浙江,,,
P02357,冯然泽,男,46,45-49,无需要照顾的孩子,服务业者,service_worker,餐厅服务员,外省市户籍,江苏,,,
P02358,周桐彤,女,41,40-44,有未成年孩子,服务业者,service_worker,理发师,上海户籍,上海,,,
P02359,曹睿,男,29,25-29,无需要照顾的孩子,上班族,office_worker,运营专员,外省市户籍,湖南,,,
P02360,吴思婷,女,32,30-34,有未成年孩子,上班族,office_worker,高级运营专员,外省市户籍,陕西,,,
P02361,王彤源,女,43,40-44,有成年孩子,上班族,office_worker,运营专员,外省市户籍,四川,,,
P02362,宋安文,男,38,35-39,有未成年孩子,上班族,office_worker,数据分析师,外省市户籍,江苏,,,
P02363,孙文轩,男,21,18-24,无需要照顾的孩子,大学生,university_student,硕士研究生,上海户籍,上海,,,
P02364,黄心静,女,20,18-24,无需要照顾的孩子,上班族,office_worker,数据分析师,外省市户籍,安徽,,,
P02365,陈浩志,男,18,18-24,无需要照顾的孩子,服务业者,service_worker,餐厅服务员,外省市户籍,其他,,,
P02366,周心,女,30,30-34,无需要照顾的孩子,体力劳动者,manual_worker,快递员,外省市户籍,江苏,,,
P02367,杨明乐,男,19,18-24,无需要照顾的孩子,大学生,university_student,硕士研究生,上海户籍,上海,,,
P02368,李源知,女,43,40-44,有成年孩子,体力劳动者,manual_worker,仓库操作员,外省市户籍,福建,,,
P02369,林昊,男,36,35-39,有未成年孩子,自由业者,freelancer,咨询顾问,外省市户籍,浙江,,,
P02370,何泽,男,23,18-24,无需要照顾的孩子,大学生,university_student,硕士研究生,上海户籍,上海,,,
P02371,徐涵志,男,25,25-29,有未成年孩子,服务业者,service_worker,理发师,外省市户籍,山东,,,
P02372,梁阳文,男,33,30-34,无需要照顾的孩子,服务业者,service_worker,酒店前台,上海户籍,上海,,,
P02373,吴景杰,男,25,25-29,无需要照顾的孩子,上班族,office_worker,采购专员,上海户籍,上海,,,
P02374,冯涵思,女,48,45-49,有未成年孩子,服务业者,service_worker,酒店服务人员,外省市户籍,安徽,,,
P02375,唐诗,女,34,30-34,无需要照顾的孩子,服务业者,service_worker,酒店服务人员,外省市户籍,河南,,,
P02376,李一欣,女,32,30-34,有未成年孩子,上班族,office_worker,产品经理,外省市户籍,山东,,,
P02377,陈诺,男,37,35-39,有未成年孩子,体力劳动者,manual_worker,焊工,外省市户籍,江苏,,,
P02378,孙涵,女,35,35-39,有未成年孩子,自由业者,freelancer,网店经营者,外省市户籍,河南,,,
P02379,陈梦清,女,19,18-24,无需要照顾的孩子,上班族,office_worker,财务专员,外省市户籍,河南,,,
P02380,杨婷婷,女,40,40-44,有未成年孩子,服务业者,service_worker,酒店服务人员,外省市户籍,广东,,,
P02381,张天子,男,37,35-39,有未成年孩子,上班族,office_worker,运营专员,外省市户籍,江苏,,,
P02382,刘子,男,43,40-44,有未成年孩子,上班族,office_worker,财务主管,外省市户籍,江苏,,,
P02383,李昊心,男,25,25-29,无需要照顾的孩子,上班族,office_worker,行政专员,外省市户籍,四川,,,
P02384,董志景,男,35,35-39,有成年孩子,体力劳动者,manual_worker,建筑工人,外省市户籍,江西,,,
P02385,张晨涵,女,18,18-24,无需要照顾的孩子,大学生,university_student,本科生,外省市户籍,浙江,,,
P02386,赵思羽,女,39,35-39,无需要照顾的孩子,上班族,office_worker,产品经理,上海户籍,上海,,,
P02387,王欣佳,女,41,40-44,无需要照顾的孩子,自由业者,freelancer,网店经营者,上海户籍,上海,,,
P02388,刘文诺,男,39,35-39,有未成年孩子,上班族,office_worker,销售经理,上海户籍,上海,,,
P02389,张清远,男,36,35-39,无需要照顾的孩子,自由业者,freelancer,咨询顾问,外省市户籍,江苏,,,
P02390,谢安阳,男,28,25-29,无需要照顾的孩子,自由业者,freelancer,自由销售,外省市户籍,四川,,,
P02391,陈佑哲,男,48,45-49,有未成年孩子,自由业者,freelancer,翻译,上海户籍,上海,,,
P02392,林语,女,41,40-44,有未成年孩子,上班族,office_worker,销售经理,上海户籍,上海,,,
P02393,王乐佳,女,35,35-39,无需要照顾的孩子,自由业者,freelancer,私教,外省市户籍,湖南,,,
P02394,刘安雅,女,38,35-39,有未成年孩子,上班族,office_worker,客户专员,外省市户籍,江苏,,,
P02395,高言曦,女,22,18-24,无需要照顾的孩子,上班族,office_worker,行政专员,外省市户籍,江西,,,
P02396,刘言远,女,34,30-34,有未成年孩子,体力劳动者,manual_worker,搬运工,外省市户籍,江西,,,
P02397,邓佳晨,女,47,45-49,有成年孩子,上班族,office_worker,行政专员,上海户籍,上海,,,
P02398,吴晓宁,女,30,30-34,无需要照顾的孩子,服务业者,service_worker,客服,上海户籍,上海,,,
P02399,吴佳晓,女,38,35-39,有未成年孩子,上班族,office_worker,HR经理,上海户籍,上海,,,
P02400,刘怡安,女,21,18-24,有未成年孩子,大学生,university_student,本科生,上海户籍,上海,,,
P02401,黄涵婷,女,29,25-29,无需要照顾的孩子,服务业者,service_worker,房产经纪,外省市户籍,浙江,,,
P02402,罗知安,女,43,40-44,无需要照顾的孩子,体力劳动者,manual_worker,焊工,上海户籍,上海,,,
P02403,陈思星,男,35,35-39,有未成年孩子,自由业者,freelancer,自由设计师,外省市户籍,湖北,,,
P02404,赵嘉嘉,男,37,35-39,有未成年孩子,服务业者,service_worker,客服,外省市户籍,安徽,,,
P02405,李安,男,36,35-39,有未成年孩子,上班族,office_worker,财务主管,外省市户籍,浙江,,,
P02406,陈言,男,20,18-24,有未成年孩子,体力劳动者,manual_worker,建筑工人,外省市户籍,山东,,,
P02407,陈远诚,男,31,30-34,有未成年孩子,服务业者,service_worker,理发师,外省市户籍,浙江,,,
P02408,李怡,女,43,40-44,有未成年孩子,上班族,office_worker,业务负责人,上海户籍,上海,,,
P02409,刘星,女,44,40-44,有成年孩子,上班族,office_worker,行政专员,上海户籍,上海,,,
P02410,黄嘉阳,男,44,40-44,有未成年孩子,自由业者,freelancer,私教,上海户籍,上海,,,
P02411,张志晨,男,20,18-24,无需要照顾的孩子,上班族,office_worker,运营专员,外省市户籍,浙江,,,
P02412,朱一嫣,女,32,30-34,有未成年孩子,上班族,office_worker,产品经理,上海户籍,上海,,,
P02413,韩明涵,男,27,25-29,无需要照顾的孩子,自由业者,freelancer,自由销售,上海户籍,上海,,,
P02414,吴天嘉,男,23,18-24,无需要照顾的孩子,上班族,office_worker,行政专员,外省市户籍,山东,,,
P02415,周佳雅,女,41,40-44,有成年孩子,自由业者,freelancer,翻译,外省市户籍,山东,,,
P02416,何婷涵,女,39,35-39,无需要照顾的孩子,服务业者,service_worker,店员,外省市户籍,四川,,,
P02417,林欣知,女,26,25-29,无需要照顾的孩子,上班族,office_worker,客户经理,外省市户籍,其他,,,
P02418,郭可轩,男,20,18-24,无需要照顾的孩子,大学生,university_student,硕士研究生,外省市户籍,江西,,,
P02419,王昊,男,29,25-29,有未成年孩子,体力劳动者,manual_worker,电工,上海户籍,上海,,,
P02420,梁天豪,男,39,35-39,有未成年孩子,上班族,office_worker,财务主管,外省市户籍,福建,,,
P02421,高诺,女,44,40-44,有未成年孩子,上班族,office_worker,财务专员,上海户籍,上海,,,
P02422,王豪,男,19,18-24,无需要照顾的孩子,服务业者,service_worker,酒店前台,上海户籍,上海,,,
P02423,刘杰阳,男,31,30-34,无需要照顾的孩子,自由业者,freelancer,自媒体从业者,上海户籍,上海,,,
P02424,谢景知,男,31,30-34,无需要照顾的孩子,服务业者,service_worker,理发师,外省市户籍,浙江,,,
P02425,周然,男,29,25-29,无需要照顾的孩子,体力劳动者,manual_worker,搬运工,外省市户籍,湖北,,,
P02426,张佳语,女,33,30-34,无需要照顾的孩子,服务业者,service_worker,酒店前台,外省市户籍,安徽,,,
P02427,刘羽佳,女,27,25-29,有未成年孩子,自由业者,freelancer,网店经营者,外省市户籍,其他,,,
P02428,杨思欣,女,49,45-49,有未成年孩子,服务业者,service_worker,店员,上海户籍,上海,,,
P02429,刘佳梦,女,39,35-39,无需要照顾的孩子,自由业者,freelancer,私教,上海户籍,上海,,,
P02430,王阳博,男,26,25-29,无需要照顾的孩子,服务业者,service_worker,健身教练,上海户籍,上海,,,
P02431,张安若,女,30,30-34,无需要照顾的孩子,上班族,office_worker,客户经理,上海户籍,上海,,,
P02432,曹晨远,女,43,40-44,有未成年孩子,自由业者,freelancer,自由销售,外省市户籍,江苏,,,
P02433,刘晴思,女,18,18-24,无需要照顾的孩子,体力劳动者,manual_worker,维修技师,上海户籍,上海,,,
P02434,吴一远,女,32,30-34,无需要照顾的孩子,服务业者,service_worker,酒店服务人员,外省市户籍,四川,,,
P02435,周羽嘉,女,30,30-34,有未成年孩子,自由业者,freelancer,自媒体从业者,上海户籍,上海,,,
P02436,郭诺浩,男,46,45-49,无需要照顾的孩子,体力劳动者,manual_worker,司机,上海户籍,上海,,,
P02437,李诚,男,24,18-24,无需要照顾的孩子,自由业者,freelancer,私教,上海户籍,上海,,,
P02438,张晓嫣,女,37,35-39,有未成年孩子,体力劳动者,manual_worker,配送员,外省市户籍,湖北,,,
P02439,罗羽言,男,36,35-39,有未成年孩子,上班族,office_worker,采购经理,外省市户籍,江西,,,
P02440,李晨远,男,43,40-44,有成年孩子,上班族,office_worker,财务专员,外省市户籍,其他,,,
P02441,张心子,男,20,18-24,无需要照顾的孩子,服务业者,service_worker,收银员,上海户籍,上海,,,
P02442,张诚宁,男,30,30-34,无需要照顾的孩子,体力劳动者,manual_worker,安装工,外省市户籍,安徽,,,
P02443,赵琪,女,33,30-34,有未成年孩子,上班族,office_worker,会计,上海户籍,上海,,,
P02444,朱晴,女,22,18-24,无需要照顾的孩子,上班族,office_worker,设计师,外省市户籍,江西,,,
P02445,韩清明,男,32,30-34,无需要照顾的孩子,自由业者,freelancer,摄影师,上海户籍,上海,,,
P02446,李安语,女,32,30-34,有未成年孩子,上班族,office_worker,项目经理,外省市户籍,四川,,,
P02447,冯明杰,男,36,35-39,无需要照顾的孩子,上班族,office_worker,项目经理,外省市户籍,河南,,,
P02448,冯泽天,男,48,45-49,有成年孩子,体力劳动者,manual_worker,设备操作员,外省市户籍,湖北,,,
P02449,王晨知,男,48,45-49,有未成年孩子,服务业者,service_worker,酒店服务人员,上海户籍,上海,,,
P02450,陈远,男,38,35-39,有未成年孩子,体力劳动者,manual_worker,司机,外省市户籍,安徽,,,
P02451,李怡安,女,27,25-29,无需要照顾的孩子,服务业者,service_worker,理发师,上海户籍,上海,,,
P02452,黄轩子,男,18,18-24,有未成年孩子,服务业者,service_worker,餐厅服务员,外省市户籍,江苏,,,
P02453,李昊,男,36,35-39,有未成年孩子,体力劳动者,manual_worker,安装工,外省市户籍,江苏,,,
P02454,李怡心,女,26,25-29,有未成年孩子,上班族,office_worker,数据分析师,外省市户籍,河北,,,
P02455,刘心,女,31,30-34,无需要照顾的孩子,体力劳动者,manual_worker,维修技师,上海户籍,上海,,,
P02456,李天远,男,43,40-44,有未成年孩子,上班族,office_worker,高级产品经理,上海户籍,上海,,,
P02457,何婷嘉,女,30,30-34,无需要照顾的孩子,上班族,office_worker,高级运营专员,上海户籍,上海,,,
P02458,张哲浩,男,49,45-49,有未成年孩子,服务业者,service_worker,餐厅服务员,上海户籍,上海,,,
P02459,李可一,女,36,35-39,有未成年孩子,服务业者,service_worker,店员,上海户籍,上海,,,
P02460,李涵言,男,46,45-49,有未成年孩子,上班族,office_worker,产品经理,外省市户籍,湖南,,,
P02461,宋欣梦,女,36,35-39,有未成年孩子,体力劳动者,manual_worker,仓库操作员,上海户籍,上海,,,
P02462,李哲,男,34,30-34,有成年孩子,上班族,office_worker,采购经理,外省市户籍,江苏,,,
P02463,徐佑心,男,33,30-34,有未成年孩子,服务业者,service_worker,餐厅服务员,外省市户籍,江苏,,,
P02464,张嘉言,女,49,45-49,有未成年孩子,服务业者,service_worker,收银员,外省市户籍,江苏,,,
P02465,胡佳雨,女,37,35-39,有未成年孩子,自由业者,freelancer,网店经营者,外省市户籍,四川,,,
P02466,李泽宁,男,44,40-44,有未成年孩子,体力劳动者,manual_worker,建筑工人,外省市户籍,安徽,,,
P02467,袁辰景,男,32,30-34,有未成年孩子,自由业者,freelancer,独立程序员,外省市户籍,江苏,,,
P02468,韩安天,男,38,35-39,无需要照顾的孩子,体力劳动者,manual_worker,建筑工人,上海户籍,上海,,,
P02469,周远安,女,24,18-24,无需要照顾的孩子,大学生,university_student,硕士研究生,上海户籍,上海,,,
P02470,周博嘉,男,38,35-39,有未成年孩子,上班族,office_worker,运营专员,上海户籍,上海,,,
P02471,王辰,女,45,45-49,有成年孩子,体力劳动者,manual_worker,仓库操作员,外省市户籍,河北,,,
P02472,徐怡欣,女,18,18-24,无需要照顾的孩子,大学生,university_student,硕士研究生,上海户籍,上海,,,
P02473,赵辰,男,37,35-39,有未成年孩子,上班族,office_worker,设计师,外省市户籍,陕西,,,
P02474,韩浩乐,男,23,18-24,无需要照顾的孩子,服务业者,service_worker,厨师,上海户籍,上海,,,
P02475,孙乐嘉,女,40,40-44,无需要照顾的孩子,服务业者,service_worker,酒店服务人员,外省市户籍,江苏,,,
P02476,陈辰远,男,26,25-29,无需要照顾的孩子,上班族,office_worker,产品经理,外省市户籍,浙江,,,
P02477,吴源,女,27,25-29,有未成年孩子,上班族,office_worker,设计师,外省市户籍,浙江,,,
P02478,周知辰,女,26,25-29,有未成年孩子,上班族,office_worker,设计师,外省市户籍,湖南,,,
P02479,王哲,男,20,18-24,无需要照顾的孩子,大学生,university_student,本科生,外省市户籍,江西,,,
P02480,王豪杰,男,46,45-49,有成年孩子,自由业者,freelancer,独立程序员,上海户籍,上海,,,
P02481,赵心涵,女,37,35-39,有未成年孩子,服务业者,service_worker,健身教练,上海户籍,上海,,,
P02482,邓嘉涵,男,36,35-39,无需要照顾的孩子,服务业者,service_worker,厨师,上海户籍,上海,,,
P02483,吴嘉,男,43,40-44,有成年孩子,上班族,office_worker,高级软件工程师,外省市户籍,湖南,,,
P02484,梁知源,女,27,25-29,无需要照顾的孩子,大学生,university_student,硕士研究生,外省市户籍,河南,,,
P02485,张嘉博,男,31,30-34,无需要照顾的孩子,体力劳动者,manual_worker,电工,上海户籍,上海,,,
P02486,李佑楷,男,34,30-34,无需要照顾的孩子,上班族,office_worker,行政专员,外省市户籍,四川,,,
P02487,李嘉远,男,45,45-49,有成年孩子,上班族,office_worker,销售代表,外省市户籍,安徽,,,
P02488,李辰远,男,45,45-49,无需要照顾的孩子,体力劳动者,manual_worker,维修技师,上海户籍,上海,,,
P02489,李明明,男,44,40-44,有未成年孩子,服务业者,service_worker,收银员,外省市户籍,河南,,,
P02490,谢梦涵,女,47,45-49,有未成年孩子,服务业者,service_worker,美容师,上海户籍,上海,,,
P02491,何婷欣,女,23,18-24,无需要照顾的孩子,大学生,university_student,博士研究生,外省市户籍,安徽,,,
P02492,赵嘉远,女,27,25-29,无需要照顾的孩子,上班族,office_worker,数据分析师,外省市户籍,江苏,,,
P02493,谢诚然,男,39,35-39,有未成年孩子,自由业者,freelancer,自由设计师,外省市户籍,浙江,,,
P02494,张宇辰,男,29,25-29,无需要照顾的孩子,上班族,office_worker,会计,上海户籍,上海,,,
P02495,程乐佑,男,26,25-29,有未成年孩子,自由业者,freelancer,摄影师,外省市户籍,浙江,,,
P02496,王安,男,20,18-24,无需要照顾的孩子,大学生,university_student,本科生,外省市户籍,安徽,,,
P02497,高嘉,男,26,25-29,无需要照顾的孩子,服务业者,service_worker,酒店前台,外省市户籍,陕西,,,
P02498,赵佳言,女,47,45-49,无需要照顾的孩子,上班族,office_worker,项目经理,上海户籍,上海,,,
P02499,梁诚知,男,32,30-34,无需要照顾的孩子,服务业者,service_worker,酒店前台,上海户籍,上海,,,
P02500,何杰轩,男,44,40-44,有成年孩子,自由业者,freelancer,摄影师,外省市户籍,河南,,,
P02501,徐瑶怡,女,31,30-34,有未成年孩子,服务业者,service_worker,美容师,上海户籍,上海,,,
P02502,李明晨,男,27,25-29,无需要照顾的孩子,服务业者,service_worker,收银员,上海户籍,上海,,,
P02503,许欣,女,28,25-29,有未成年孩子,大学生,university_student,博士研究生,外省市户籍,浙江,,,
P02504,王语怡,女,28,25-29,无需要照顾的孩子,上班族,office_worker,设计师,外省市户籍,河北,,,
P02505,李桐欣,女,31,30-34,无需要照顾的孩子,上班族,office_worker,客户经理,上海户籍,上海,,,
P02506,王涵心,女,38,35-39,有未成年孩子,服务业者,service_worker,保安,外省市户籍,河北,,,
P02507,李晨,男,32,30-34,有未成年孩子,自由业者,freelancer,私教,上海户籍,上海,,,
P02508,陈佳曦,女,43,40-44,无需要照顾的孩子,服务业者,service_worker,餐厅服务员,外省市户籍,江西,,,
P02509,胡羽辰,男,27,25-29,有未成年孩子,服务业者,service_worker,餐厅服务员,外省市户籍,河南,,,
P02510,冯言曦,女,27,25-29,有未成年孩子,服务业者,service_worker,酒店前台,外省市户籍,其他,,,
P02511,李心嘉,女,40,40-44,有成年孩子,上班族,office_worker,客户经理,外省市户籍,山东,,,
P02512,李言俊,男,18,18-24,无需要照顾的孩子,服务业者,service_worker,收银员,外省市户籍,江苏,,,
P02513,王佑,男,40,40-44,无需要照顾的孩子,上班族,office_worker,财务主管,上海户籍,上海,,,
P02514,李佑星,男,33,30-34,无需要照顾的孩子,上班族,office_worker,HR经理,外省市户籍,浙江,,,
P02515,王博星,男,37,35-39,有未成年孩子,体力劳动者,manual_worker,配送员,上海户籍,上海,,,
P02516,谢轩,男,32,30-34,有未成年孩子,上班族,office_worker,客户专员,上海户籍,上海,,,
P02517,马欣,女,31,30-34,无需要照顾的孩子,服务业者,service_worker,酒店服务人员,外省市户籍,湖南,,,
P02518,郑嘉知,男,21,18-24,无需要照顾的孩子,体力劳动者,manual_worker,快递员,外省市户籍,河南,,,
P02519,周晨子,男,31,30-34,无需要照顾的孩子,自由业者,freelancer,自由设计师,上海户籍,上海,,,
P02520,张晴涵,女,31,30-34,有未成年孩子,上班族,office_worker,设计师,上海户籍,上海,,,
P02521,王怡一,女,21,18-24,无需要照顾的孩子,自由业者,freelancer,独立程序员,上海户籍,上海,,,
P02522,周可轩,男,36,35-39,有未成年孩子,服务业者,service_worker,理发师,外省市户籍,河南,,,
P02523,黄诺怡,女,40,40-44,无需要照顾的孩子,自由业者,freelancer,独立程序员,外省市户籍,河南,,,
P02524,孙轩星,男,36,35-39,有成年孩子,上班族,office_worker,客户经理,外省市户籍,其他,,,
P02525,杨涵一,女,31,30-34,有未成年孩子,体力劳动者,manual_worker,焊工,外省市户籍,湖北,,,
P02526,张曦琪,女,45,45-49,无需要照顾的孩子,自由业者,freelancer,独立程序员,外省市户籍,浙江,,,
P02527,李可,男,44,40-44,有成年孩子,上班族,office_worker,采购经理,上海户籍,上海,,,
P02528,于安昊,男,27,25-29,无需要照顾的孩子,自由业者,freelancer,独立程序员,外省市户籍,山东,,,
P02529,唐雨婷,女,26,25-29,无需要照顾的孩子,上班族,office_worker,财务主管,外省市户籍,河南,,,
P02530,李雨涵,女,25,25-29,无需要照顾的孩子,体力劳动者,manual_worker,建筑工人,外省市户籍,福建,,,
P02531,吴远羽,男,31,30-34,无需要照顾的孩子,服务业者,service_worker,理发师,外省市户籍,四川,,,
P02532,王诺瑶,女,22,18-24,无需要照顾的孩子,体力劳动者,manual_worker,快递员,上海户籍,上海,,,
P02533,郭欣可,女,24,18-24,无需要照顾的孩子,自由业者,freelancer,摄影师,外省市户籍,河南,,,
P02534,李辰梓,男,34,30-34,有未成年孩子,上班族,office_worker,高级软件工程师,外省市户籍,江苏,,,
P02535,徐文梓,男,25,25-29,无需要照顾的孩子,上班族,office_worker,财务专员,外省市户籍,湖北,,,
P02536,李晨俊,男,28,25-29,无需要照顾的孩子,上班族,office_worker,采购专员,上海户籍,上海,,,
P02537,袁乐,女,41,40-44,有未成年孩子,体力劳动者,manual_worker,司机,外省市户籍,江苏,,,
P02538,张楷,男,46,45-49,无需要照顾的孩子,体力劳动者,manual_worker,配送员,上海户籍,上海,,,
P02539,王桐,女,31,30-34,有未成年孩子,上班族,office_worker,财务主管,外省市户籍,湖北,,,
P02540,胡梦知,女,45,45-49,有成年孩子,服务业者,service_worker,客服,上海户籍,上海,,,
P02541,孙一清,男,30,30-34,有未成年孩子,上班族,office_worker,客户专员,外省市户籍,江苏,,,
P02542,宋浩志,男,39,35-39,有未成年孩子,上班族,office_worker,采购经理,外省市户籍,湖南,,,
P02543,李文,男,33,30-34,无需要照顾的孩子,上班族,office_worker,设计师,外省市户籍,湖北,,,
P02544,王哲佑,男,27,25-29,无需要照顾的孩子,上班族,office_worker,采购经理,外省市户籍,浙江,,,
P02545,程嘉嘉,男,29,25-29,无需要照顾的孩子,自由业者,freelancer,咨询顾问,外省市户籍,安徽,,,
P02546,李羽静,女,31,30-34,有未成年孩子,上班族,office_worker,客户专员,上海户籍,上海,,,
P02547,陈嫣晨,女,35,35-39,有未成年孩子,自由业者,freelancer,翻译,外省市户籍,湖北,,,
P02548,李晨雅,女,22,18-24,无需要照顾的孩子,服务业者,service_worker,厨师,上海户籍,上海,,,
P02549,韩婷清,女,44,40-44,无需要照顾的孩子,上班族,office_worker,项目经理,外省市户籍,江苏,,,
P02550,刘梓然,男,34,30-34,有未成年孩子,服务业者,service_worker,厨师,上海户籍,上海,,,
P02551,张心清,女,34,30-34,有未成年孩子,体力劳动者,manual_worker,设备操作员,外省市户籍,安徽,,,
P02552,马涵欣,女,44,40-44,无需要照顾的孩子,服务业者,service_worker,酒店服务人员,外省市户籍,浙江,,,
P02553,赵可婷,女,39,35-39,有未成年孩子,自由业者,freelancer,自由设计师,上海户籍,上海,,,
P02554,徐安杰,男,23,18-24,无需要照顾的孩子,上班族,office_worker,采购专员,外省市户籍,湖南,,,
P02555,杨嫣欣,女,44,40-44,有未成年孩子,上班族,office_worker,数据分析师,上海户籍,上海,,,
P02556,韩思志,男,39,35-39,无需要照顾的孩子,体力劳动者,manual_worker,搬运工,外省市户籍,江西,,,
P02557,于彤,女,18,18-24,无需要照顾的孩子,服务业者,service_worker,美容师,上海户籍,上海,,,
P02558,刘语诺,女,22,18-24,无需要照顾的孩子,服务业者,service_worker,收银员,外省市户籍,江西,,,
P02559,朱子昊,男,40,40-44,有未成年孩子,上班族,office_worker,数据分析师,外省市户籍,江苏,,,
P02560,张哲诚,男,44,40-44,有未成年孩子,上班族,office_worker,高级软件工程师,外省市户籍,安徽,,,
P02561,马怡,女,32,30-34,有未成年孩子,上班族,office_worker,行政专员,上海户籍,上海,,,
P02562,李佳清,女,19,18-24,无需要照顾的孩子,大学生,university_student,硕士研究生,外省市户籍,山东,,,
P02563,黄源心,女,27,25-29,无需要照顾的孩子,上班族,office_worker,高级软件工程师,外省市户籍,四川,,,
P02564,王子清,男,30,30-34,有未成年孩子,体力劳动者,manual_worker,仓库操作员,外省市户籍,安徽,,,
P02565,徐佑,男,20,18-24,无需要照顾的孩子,自由业者,freelancer,自由销售,上海户籍,上海,,,
P02566,王宇杰,男,28,25-29,无需要照顾的孩子,服务业者,service_worker,客服,外省市户籍,安徽,,,
P02567,刘哲,男,32,30-34,无需要照顾的孩子,体力劳动者,manual_worker,仓库操作员,外省市户籍,安徽,,,
P02568,何文远,男,44,40-44,有未成年孩子,上班族,office_worker,财务主管,外省市户籍,其他,,,
P02569,高涵静,女,37,35-39,无需要照顾的孩子,上班族,office_worker,设计师,上海户籍,上海,,,
P02570,杨嘉,男,43,40-44,有未成年孩子,服务业者,service_worker,客服,外省市户籍,江苏,,,
P02571,张俊然,男,34,30-34,有未成年孩子,上班族,office_worker,销售代表,外省市户籍,其他,,,
P02572,朱博,男,35,35-39,有成年孩子,体力劳动者,manual_worker,建筑工人,外省市户籍,安徽,,,
P02573,李嘉,男,18,18-24,无需要照顾的孩子,上班族,office_worker,客户专员,外省市户籍,浙江,,,
P02574,孙明,男,44,40-44,有未成年孩子,上班族,office_worker,财务主管,外省市户籍,江苏,,,
P02575,徐楷一,男,35,35-39,有未成年孩子,体力劳动者,manual_worker,电工,上海户籍,上海,,,
P02576,黄豪文,男,33,30-34,无需要照顾的孩子,上班族,office_worker,数据分析师,上海户籍,上海,,,
P02577,曹晨哲,男,26,25-29,有未成年孩子,服务业者,service_worker,理发师,上海户籍,上海,,,
P02578,宋辰婉,女,25,25-29,无需要照顾的孩子,大学生,university_student,硕士研究生,上海户籍,上海,,,
P02579,刘曦语,女,18,18-24,无需要照顾的孩子,上班族,office_worker,运营专员,上海户籍,上海,,,
P02580,周涵,男,47,45-49,有未成年孩子,体力劳动者,manual_worker,维修技师,上海户籍,上海,,,
P02581,刘睿阳,男,28,25-29,有未成年孩子,上班族,office_worker,销售代表,上海户籍,上海,,,
P02582,于怡晴,女,32,30-34,有未成年孩子,上班族,office_worker,会计,外省市户籍,河南,,,
P02583,王琪可,女,28,25-29,无需要照顾的孩子,服务业者,service_worker,美容师,上海户籍,上海,,,
P02584,王睿,男,32,30-34,有未成年孩子,服务业者,service_worker,餐厅服务员,上海户籍,上海,,,
P02585,李宁子,女,32,30-34,有未成年孩子,大学生,university_student,硕士研究生,外省市户籍,安徽,,,
P02586,宋语瑶,女,22,18-24,无需要照顾的孩子,上班族,office_worker,HR经理,上海户籍,上海,,,
P02587,马辰,女,24,18-24,无需要照顾的孩子,服务业者,service_worker,理发师,上海户籍,上海,,,
P02588,徐雅婷,女,37,35-39,有未成年孩子,上班族,office_worker,HR经理,外省市户籍,江苏,,,
P02589,黄泽晨,男,31,30-34,有未成年孩子,上班族,office_worker,客户经理,外省市户籍,江西,,,
P02590,黄文梓,男,31,30-34,有未成年孩子,上班族,office_worker,HR经理,上海户籍,上海,,,
P02591,周佳乐,女,25,25-29,无需要照顾的孩子,服务业者,service_worker,店员,外省市户籍,江西,,,
P02592,胡知言,女,30,30-34,无需要照顾的孩子,服务业者,service_worker,房产经纪,外省市户籍,江苏,,,
P02593,罗可辰,女,27,25-29,无需要照顾的孩子,上班族,office_worker,运营专员,上海户籍,上海,,,
P02594,刘晨可,男,36,35-39,有未成年孩子,上班族,office_worker,高级软件工程师,外省市户籍,其他,,,
P02595,胡志,男,43,40-44,无需要照顾的孩子,上班族,office_worker,数据分析师,外省市户籍,河南,,,
P02596,曹桐清,女,48,45-49,有成年孩子,服务业者,service_worker,酒店前台,上海户籍,上海,,,
P02597,郭浩乐,男,24,18-24,无需要照顾的孩子,上班族,office_worker,设计师,外省市户籍,浙江,,,
P02598,杨思,男,28,25-29,无需要照顾的孩子,上班族,office_worker,财务专员,外省市户籍,安徽,,,
P02599,刘景,男,26,25-29,有未成年孩子,上班族,office_worker,会计,外省市户籍,安徽,,,
P02600,罗雨语,女,41,40-44,无需要照顾的孩子,服务业者,service_worker,客服,上海户籍,上海,,,
P02601,赵源言,女,47,45-49,有未成年孩子,服务业者,service_worker,客服,外省市户籍,江西,,,
P02602,刘宇远,男,30,30-34,有未成年孩子,上班族,office_worker,销售代表,上海户籍,上海,,,
P02603,王晨涵,女,39,35-39,无需要照顾的孩子,上班族,office_worker,技术经理,上海户籍,上海,,,
P02604,陈知,男,19,18-24,无需要照顾的孩子,大学生,university_student,硕士研究生,外省市户籍,浙江,,,
P02605,张景诺,男,34,30-34,有成年孩子,服务业者,service_worker,餐厅服务员,外省市户籍,安徽,,,
P02606,王雅,女,20,18-24,无需要照顾的孩子,上班族,office_worker,财务专员,上海户籍,上海,,,
P02607,李可远,女,42,40-44,有未成年孩子,上班族,office_worker,数据分析师,上海户籍,上海,,,
P02608,邓子语,女,28,25-29,无需要照顾的孩子,服务业者,service_worker,健身教练,外省市户籍,江西,,,
P02609,陈可梦,女,38,35-39,有未成年孩子,体力劳动者,manual_worker,司机,外省市户籍,山东,,,
P02610,陈梦梦,女,28,25-29,无需要照顾的孩子,上班族,office_worker,运营专员,上海户籍,上海,,,
P02611,王哲,男,30,30-34,无需要照顾的孩子,体力劳动者,manual_worker,司机,外省市户籍,四川,,,
P02612,何星雨,女,37,35-39,无需要照顾的孩子,服务业者,service_worker,客服,外省市户籍,江苏,,,
P02613,李一远,男,26,25-29,有未成年孩子,上班族,office_worker,高级运营专员,外省市户籍,河南,,,
P02614,张宁可,女,30,30-34,无需要照顾的孩子,上班族,office_worker,设计师,上海户籍,上海,,,
P02615,梁杰佑,男,41,40-44,有未成年孩子,上班族,office_worker,HR经理,外省市户籍,安徽,,,
P02616,杨子,女,39,35-39,有未成年孩子,上班族,office_worker,数据分析师,上海户籍,上海,,,
P02617,韩清浩,男,25,25-29,无需要照顾的孩子,上班族,office_worker,高级软件工程师,上海户籍,上海,,,
P02618,赵浩晨,男,44,40-44,有未成年孩子,自由业者,freelancer,自媒体从业者,外省市户籍,福建,,,
P02619,赵清源,男,37,35-39,有未成年孩子,上班族,office_worker,项目经理,上海户籍,上海,,,
P02620,赵诗,女,30,30-34,无需要照顾的孩子,上班族,office_worker,产品经理,外省市户籍,江西,,,
P02621,周语,女,39,35-39,有未成年孩子,上班族,office_worker,数据分析师,外省市户籍,四川,,,
P02622,赵源文,男,33,30-34,有未成年孩子,上班族,office_worker,会计,外省市户籍,福建,,,
P02623,刘明安,男,28,25-29,有未成年孩子,上班族,office_worker,运营专员,上海户籍,上海,,,
P02624,李婷,女,32,30-34,有未成年孩子,服务业者,service_worker,理发师,上海户籍,上海,,,
P02625,孙知,男,30,30-34,无需要照顾的孩子,上班族,office_worker,采购经理,上海户籍,上海,,,
P02626,黄阳轩,男,28,25-29,无需要照顾的孩子,上班族,office_worker,采购专员,外省市户籍,安徽,,,
P02627,王言乐,男,44,40-44,有未成年孩子,服务业者,service_worker,酒店前台,上海户籍,上海,,,
P02628,李心,女,29,25-29,无需要照顾的孩子,体力劳动者,manual_worker,快递员,外省市户籍,湖南,,,
P02629,王语晨,女,32,30-34,有未成年孩子,上班族,office_worker,财务专员,外省市户籍,山东,,,
P02630,李可昊,男,39,35-39,无需要照顾的孩子,上班族,office_worker,客户经理,上海户籍,上海,,,
P02631,李睿然,男,49,45-49,有未成年孩子,服务业者,service_worker,美容师,外省市户籍,广东,,,
P02632,邓可晴,女,41,40-44,有未成年孩子,自由业者,freelancer,自由销售,外省市户籍,其他,,,
P02633,李可文,男,36,35-39,有未成年孩子,上班族,office_worker,客户专员,上海户籍,上海,,,
P02634,宋远诺,男,29,25-29,无需要照顾的孩子,上班族,office_worker,财务专员,外省市户籍,江苏,,,
P02635,林清彤,女,34,30-34,无需要照顾的孩子,服务业者,service_worker,酒店服务人员,外省市户籍,浙江,,,
P02636,杨嘉哲,男,30,30-34,有未成年孩子,上班族,office_worker,财务专员,外省市户籍,湖南,,,
P02637,王晴,女,23,18-24,无需要照顾的孩子,大学生,university_student,本科生,上海户籍,上海,,,
P02638,朱宁静,女,22,18-24,无需要照顾的孩子,大学生,university_student,本科生,上海户籍,上海,,,
P02639,王昊然,男,43,40-44,有未成年孩子,服务业者,service_worker,收银员,上海户籍,上海,,,
P02640,吴怡,女,32,30-34,有未成年孩子,体力劳动者,manual_worker,安装工,外省市户籍,江苏,,,
P02641,孙梓哲,男,38,35-39,有未成年孩子,服务业者,service_worker,收银员,上海户籍,上海,,,
P02642,张志嘉,男,34,30-34,无需要照顾的孩子,服务业者,service_worker,理发师,上海户籍,上海,,,
P02643,周知静,女,40,40-44,有未成年孩子,服务业者,service_worker,店员,外省市户籍,湖南,,,
P02644,宋然宇,男,32,30-34,无需要照顾的孩子,上班族,office_worker,销售经理,外省市户籍,河南,,,
P02645,王知,男,36,35-39,无需要照顾的孩子,服务业者,service_worker,理发师,上海户籍,上海,,,
P02646,王然,男,44,40-44,无需要照顾的孩子,上班族,office_worker,运营专员,上海户籍,上海,,,
P02647,李睿轩,男,45,45-49,无需要照顾的孩子,体力劳动者,manual_worker,设备操作员,外省市户籍,其他,,,
P02648,谢佳晨,女,33,30-34,无需要照顾的孩子,服务业者,service_worker,健身教练,外省市户籍,湖北,,,
P02649,罗思清,女,40,40-44,有未成年孩子,服务业者,service_worker,健身教练,外省市户籍,湖北,,,
P02650,李轩俊,男,39,35-39,有未成年孩子,上班族,office_worker,财务主管,上海户籍,上海,,,
P02651,王晨,女,49,45-49,有成年孩子,体力劳动者,manual_worker,建筑工人,上海户籍,上海,,,
P02652,陈源诺,男,26,25-29,无需要照顾的孩子,自由业者,freelancer,私教,上海户籍,上海,,,
P02653,周楷星,男,47,45-49,无需要照顾的孩子,服务业者,service_worker,健身教练,外省市户籍,山东,,,
P02654,朱天清,男,33,30-34,无需要照顾的孩子,服务业者,service_worker,餐厅服务员,上海户籍,上海,,,
P02655,黄诺,女,39,35-39,有未成年孩子,服务业者,service_worker,餐厅服务员,外省市户籍,浙江,,,
P02656,王宁诗,女,33,30-34,有未成年孩子,服务业者,service_worker,理发师,上海户籍,上海,,,
P02657,李婷瑶,女,34,30-34,无需要照顾的孩子,上班族,office_worker,高级软件工程师,上海户籍,上海,,,
P02658,王源彤,女,47,45-49,有未成年孩子,上班族,office_worker,设计师,上海户籍,上海,,,
P02659,董晨子,男,31,30-34,有未成年孩子,自由业者,freelancer,自媒体从业者,外省市户籍,湖南,,,
P02660,周然,男,41,40-44,有成年孩子,上班族,office_worker,数据分析师,上海户籍,上海,,,
P02661,于晨,女,37,35-39,无需要照顾的孩子,上班族,office_worker,高级运营专员,上海户籍,上海,,,
P02662,李宇子,男,27,25-29,无需要照顾的孩子,上班族,office_worker,采购专员,上海户籍,上海,,,
P02663,马远杰,男,39,35-39,有未成年孩子,服务业者,service_worker,酒店前台,外省市户籍,安徽,,,
P02664,陈言梦,女,45,45-49,有成年孩子,上班族,office_worker,技术经理,上海户籍,上海,,,
P02665,李安博,男,48,45-49,无需要照顾的孩子,上班族,office_worker,技术经理,外省市户籍,其他,,,
P02666,周源豪,男,32,30-34,有未成年孩子,体力劳动者,manual_worker,维修技师,外省市户籍,河南,,,
P02667,张言乐,女,33,30-34,有未成年孩子,上班族,office_worker,设计师,外省市户籍,安徽,,,
P02668,冯知诺,男,47,45-49,有未成年孩子,自由业者,freelancer,私教,外省市户籍,江苏,,,
P02669,李嘉心,男,27,25-29,无需要照顾的孩子,服务业者,service_worker,美容师,外省市户籍,浙江,,,
P02670,何可思,女,35,35-39,有未成年孩子,上班族,office_worker,行政专员,外省市户籍,浙江,,,
P02671,赵一嘉,男,30,30-34,无需要照顾的孩子,上班族,office_worker,HR经理,外省市户籍,山东,,,
P02672,刘宁远,男,34,30-34,有未成年孩子,上班族,office_worker,客户经理,外省市户籍,陕西,,,
P02673,朱知志,男,38,35-39,无需要照顾的孩子,上班族,office_worker,销售经理,外省市户籍,江苏,,,
P02674,徐羽,女,46,45-49,有未成年孩子,体力劳动者,manual_worker,仓库操作员,外省市户籍,广东,,,
P02675,于雨安,女,38,35-39,无需要照顾的孩子,上班族,office_worker,产品经理,上海户籍,上海,,,
P02676,陈乐,女,26,25-29,无需要照顾的孩子,上班族,office_worker,销售代表,外省市户籍,江苏,,,
P02677,王乐,女,39,35-39,有未成年孩子,上班族,office_worker,产品经理,上海户籍,上海,,,
P02678,周星楷,男,24,18-24,无需要照顾的孩子,服务业者,service_worker,保安,外省市户籍,福建,,,
P02679,王远远,女,23,18-24,无需要照顾的孩子,自由业者,freelancer,自由销售,上海户籍,上海,,,
P02680,吴可阳,男,49,45-49,有未成年孩子,服务业者,service_worker,厨师,外省市户籍,山东,,,
P02681,罗知昊,男,28,25-29,无需要照顾的孩子,上班族,office_worker,运营专员,上海户籍,上海,,,
P02682,周心涵,女,34,30-34,有未成年孩子,上班族,office_worker,高级软件工程师,外省市户籍,江苏,,,
P02683,谢诚,男,35,35-39,有未成年孩子,上班族,office_worker,高级运营专员,上海户籍,上海,,,
P02684,周安俊,男,20,18-24,无需要照顾的孩子,大学生,university_student,本科生,外省市户籍,湖北,,,
P02685,陈源怡,女,41,40-44,无需要照顾的孩子,体力劳动者,manual_worker,维修技师,上海户籍,上海,,,
P02686,陈可乐,女,21,18-24,无需要照顾的孩子,服务业者,service_worker,美容师,上海户籍,上海,,,
P02687,吴远星,男,28,25-29,有未成年孩子,自由业者,freelancer,独立程序员,外省市户籍,江苏,,,
P02688,杨佑,男,27,25-29,无需要照顾的孩子,自由业者,freelancer,咨询顾问,外省市户籍,四川,,,
P02689,张博宇,男,33,30-34,无需要照顾的孩子,上班族,office_worker,财务专员,上海户籍,上海,,,
P02690,董辰琪,女,31,30-34,无需要照顾的孩子,体力劳动者,manual_worker,电工,外省市户籍,江苏,,,
P02691,罗安杰,男,34,30-34,无需要照顾的孩子,上班族,office_worker,销售代表,外省市户籍,福建,,,
P02692,刘若欣,女,26,25-29,无需要照顾的孩子,上班族,office_worker,采购经理,上海户籍,上海,,,
P02693,李乐诗,女,25,25-29,无需要照顾的孩子,自由业者,freelancer,自媒体从业者,外省市户籍,湖南,,,
P02694,刘嘉,女,42,40-44,有未成年孩子,服务业者,service_worker,客服,外省市户籍,浙江,,,
P02695,罗远志,男,43,40-44,有成年孩子,服务业者,service_worker,酒店前台,上海户籍,上海,,,
P02696,徐欣瑶,女,32,30-34,无需要照顾的孩子,自由业者,freelancer,咨询顾问,上海户籍,上海,,,
P02697,黄晨心,男,25,25-29,有未成年孩子,上班族,office_worker,高级运营专员,外省市户籍,陕西,,,
P02698,张明俊,男,35,35-39,有未成年孩子,体力劳动者,manual_worker,焊工,外省市户籍,江苏,,,
P02699,赵佳,女,25,25-29,有未成年孩子,体力劳动者,manual_worker,仓库操作员,上海户籍,上海,,,
P02700,程星知,男,49,45-49,有未成年孩子,体力劳动者,manual_worker,快递员,外省市户籍,湖北,,,
P02701,吴思杰,男,35,35-39,有未成年孩子,上班族,office_worker,销售经理,外省市户籍,河南,,,
P02702,唐志心,男,32,30-34,有未成年孩子,服务业者,service_worker,酒店服务人员,外省市户籍,安徽,,,
P02703,徐嘉晨,男,30,30-34,有未成年孩子,上班族,office_worker,HR经理,外省市户籍,湖北,,,
P02704,胡雅言,女,39,35-39,有未成年孩子,上班族,office_worker,财务主管,外省市户籍,浙江,,,
P02705,王婉一,女,36,35-39,有未成年孩子,上班族,office_worker,高级软件工程师,外省市户籍,湖南,,,
P02706,吴昊,男,18,18-24,无需要照顾的孩子,上班族,office_worker,行政专员,外省市户籍,湖北,,,
P02707,陈思文,男,24,18-24,无需要照顾的孩子,服务业者,service_worker,酒店前台,上海户籍,上海,,,
P02708,马涵源,女,29,25-29,无需要照顾的孩子,上班族,office_worker,高级软件工程师,外省市户籍,河南,,,
P02709,刘明梓,男,45,45-49,有未成年孩子,体力劳动者,manual_worker,仓库操作员,外省市户籍,江苏,,,
P02710,马佳源,女,32,30-34,有未成年孩子,服务业者,service_worker,保安,外省市户籍,江苏,,,
P02711,陈佳子,女,32,30-34,无需要照顾的孩子,自由业者,freelancer,自媒体从业者,上海户籍,上海,,,
P02712,徐婷,女,37,35-39,无需要照顾的孩子,服务业者,service_worker,保安,外省市户籍,浙江,,,
P02713,谢诺一,女,23,18-24,有未成年孩子,上班族,office_worker,采购专员,外省市户籍,江苏,,,
P02714,周诺宁,男,28,25-29,有未成年孩子,上班族,office_worker,客户专员,外省市户籍,湖北,,,
P02715,吴涵怡,女,25,25-29,无需要照顾的孩子,上班族,office_worker,客户专员,外省市户籍,陕西,,,
P02716,孙佑然,男,36,35-39,有成年孩子,上班族,office_worker,财务主管,上海户籍,上海,,,
P02717,杨文俊,男,22,18-24,无需要照顾的孩子,大学生,university_student,本科生,外省市户籍,陕西,,,
P02718,张可浩,男,37,35-39,有未成年孩子,上班族,office_worker,软件工程师,上海户籍,上海,,,
P02719,孙远泽,男,34,30-34,无需要照顾的孩子,上班族,office_worker,财务专员,外省市户籍,安徽,,,
P02720,马涵哲,男,42,40-44,有未成年孩子,体力劳动者,manual_worker,电工,上海户籍,上海,,,
P02721,林心晨,女,43,40-44,有未成年孩子,上班族,office_worker,客户经理,外省市户籍,江苏,,,
P02722,陈嘉安,男,44,40-44,有未成年孩子,体力劳动者,manual_worker,安装工,外省市户籍,陕西,,,
P02723,黄浩知,男,21,18-24,无需要照顾的孩子,大学生,university_student,本科生,外省市户籍,江西,,,
P02724,董诺,男,42,40-44,有未成年孩子,服务业者,service_worker,酒店前台,上海户籍,上海,,,
P02725,谢嘉楷,男,38,35-39,有未成年孩子,服务业者,service_worker,理发师,外省市户籍,四川,,,
P02726,胡心诗,女,25,25-29,无需要照顾的孩子,上班族,office_worker,数据分析师,外省市户籍,江苏,,,
P02727,胡可思,女,19,18-24,无需要照顾的孩子,大学生,university_student,本科生,上海户籍,上海,,,
P02728,刘文星,男,26,25-29,无需要照顾的孩子,上班族,office_worker,财务专员,上海户籍,上海,,,
P02729,张然诚,男,20,18-24,无需要照顾的孩子,上班族,office_worker,设计师,上海户籍,上海,,,
P02730,杨然俊,男,32,30-34,有未成年孩子,服务业者,service_worker,客服,上海户籍,上海,,,
P02731,陈然然,男,39,35-39,有未成年孩子,上班族,office_worker,行政专员,外省市户籍,其他,,,
P02732,刘源晨,男,36,35-39,有未成年孩子,体力劳动者,manual_worker,建筑工人,外省市户籍,四川,,,
P02733,赵宁,女,19,18-24,无需要照顾的孩子,服务业者,service_worker,保安,外省市户籍,安徽,,,
P02734,王梓知,男,20,18-24,无需要照顾的孩子,服务业者,service_worker,健身教练,上海户籍,上海,,,
P02735,赵涵豪,男,42,40-44,有未成年孩子,服务业者,service_worker,店员,上海户籍,上海,,,
P02736,吴婷婉,女,22,18-24,无需要照顾的孩子,上班族,office_worker,软件工程师,上海户籍,上海,,,
P02737,高涵嘉,男,31,30-34,有未成年孩子,上班族,office_worker,高级运营专员,外省市户籍,山东,,,
P02738,黄嘉宁,男,25,25-29,无需要照顾的孩子,服务业者,service_worker,美容师,外省市户籍,其他,,,
P02739,陈诗瑶,女,19,18-24,无需要照顾的孩子,上班族,office_worker,软件工程师,上海户籍,上海,,,
P02740,邓杰浩,男,43,40-44,无需要照顾的孩子,自由业者,freelancer,私教,外省市户籍,江苏,,,
P02741,陈乐嘉,男,43,40-44,有未成年孩子,体力劳动者,manual_worker,快递员,外省市户籍,浙江,,,
P02742,吴晓琪,女,34,30-34,无需要照顾的孩子,上班族,office_worker,HR经理,外省市户籍,山东,,,
P02743,黄志阳,男,44,40-44,有未成年孩子,上班族,office_worker,销售代表,上海户籍,上海,,,
P02744,朱晓嫣,女,32,30-34,有未成年孩子,上班族,office_worker,采购专员,上海户籍,上海,,,
P02745,周诺桐,女,29,25-29,无需要照顾的孩子,大学生,university_student,博士研究生,上海户籍,上海,,,
P02746,张轩安,男,28,25-29,无需要照顾的孩子,上班族,office_worker,会计,上海户籍,上海,,,
P02747,黄安,男,36,35-39,无需要照顾的孩子,上班族,office_worker,客户专员,上海户籍,上海,,,
P02748,李景,男,40,40-44,有成年孩子,服务业者,service_worker,房产经纪,上海户籍,上海,,,
P02749,王星瑶,女,21,18-24,无需要照顾的孩子,大学生,university_student,本科生,上海户籍,上海,,,
P02750,郭杰辰,男,37,35-39,有未成年孩子,体力劳动者,manual_worker,安装工,上海户籍,上海,,,
P02751,黄瑶欣,女,29,25-29,有未成年孩子,上班族,office_worker,销售代表,外省市户籍,湖北,,,
P02752,陈瑶清,女,41,40-44,有未成年孩子,自由业者,freelancer,网店经营者,上海户籍,上海,,,
P02753,徐子哲,男,34,30-34,无需要照顾的孩子,上班族,office_worker,软件工程师,外省市户籍,湖南,,,
P02754,陈宁宁,女,34,30-34,有未成年孩子,上班族,office_worker,项目经理,外省市户籍,四川,,,
P02755,徐宁豪,男,27,25-29,无需要照顾的孩子,服务业者,service_worker,美容师,外省市户籍,福建,,,
P02756,赵可豪,男,39,35-39,有成年孩子,上班族,office_worker,高级运营专员,外省市户籍,江苏,,,
P02757,徐安佑,男,32,30-34,有未成年孩子,服务业者,service_worker,客服,上海户籍,上海,,,
P02758,黄知,男,25,25-29,无需要照顾的孩子,服务业者,service_worker,酒店前台,外省市户籍,山东,,,
P02759,李雅雨,女,34,30-34,无需要照顾的孩子,上班族,office_worker,采购专员,上海户籍,上海,,,
P02760,罗雅宁,女,31,30-34,无需要照顾的孩子,上班族,office_worker,高级运营专员,外省市户籍,河南,,,
P02761,韩梦雨,女,45,45-49,有成年孩子,服务业者,service_worker,酒店服务人员,上海户籍,上海,,,
P02762,邓佳乐,女,26,25-29,无需要照顾的孩子,体力劳动者,manual_worker,建筑工人,上海户籍,上海,,,
P02763,黄子乐,男,40,40-44,有未成年孩子,上班族,office_worker,财务专员,上海户籍,上海,,,
P02764,黄晨,女,37,35-39,有未成年孩子,上班族,office_worker,高级软件工程师,上海户籍,上海,,,
P02765,郭子嘉,男,32,30-34,有未成年孩子,上班族,office_worker,运营专员,外省市户籍,江西,,,
P02766,徐然星,男,38,35-39,有未成年孩子,上班族,office_worker,客户专员,上海户籍,上海,,,
P02767,王婉晓,女,27,25-29,有未成年孩子,上班族,office_worker,HR经理,上海户籍,上海,,,
P02768,孙欣清,女,44,40-44,无需要照顾的孩子,自由业者,freelancer,自由设计师,外省市户籍,山东,,,
P02769,吴诗梦,女,20,18-24,无需要照顾的孩子,大学生,university_student,硕士研究生,外省市户籍,浙江,,,
P02770,李诚,男,46,45-49,有成年孩子,上班族,office_worker,产品经理,上海户籍,上海,,,
P02771,吴宁天,男,48,45-49,无需要照顾的孩子,体力劳动者,manual_worker,搬运工,上海户籍,上海,,,
P02772,吴远嫣,女,32,30-34,无需要照顾的孩子,服务业者,service_worker,理发师,上海户籍,上海,,,
P02773,曹嘉,女,31,30-34,有未成年孩子,上班族,office_worker,采购专员,外省市户籍,安徽,,,
P02774,李知婷,女,33,30-34,无需要照顾的孩子,自由业者,freelancer,私教,上海户籍,上海,,,
P02775,梁博晨,男,30,30-34,有未成年孩子,上班族,office_worker,运营专员,上海户籍,上海,,,
P02776,胡浩嘉,男,37,35-39,有未成年孩子,上班族,office_worker,人力资源经理,上海户籍,上海,,,
P02777,梁明言,男,30,30-34,无需要照顾的孩子,服务业者,service_worker,保安,外省市户籍,四川,,,
P02778,董安言,男,35,35-39,有成年孩子,上班族,office_worker,数据分析师,外省市户籍,江苏,,,
P02779,程语瑶,女,36,35-39,有未成年孩子,上班族,office_worker,数据分析师,外省市户籍,湖南,,,
P02780,郭静欣,女,25,25-29,有未成年孩子,自由业者,freelancer,咨询顾问,上海户籍,上海,,,
P02781,刘彤怡,女,26,25-29,无需要照顾的孩子,自由业者,freelancer,网店经营者,外省市户籍,安徽,,,
P02782,周远羽,男,38,35-39,有未成年孩子,自由业者,freelancer,翻译,上海户籍,上海,,,
P02783,于星可,女,33,30-34,无需要照顾的孩子,体力劳动者,manual_worker,仓库操作员,外省市户籍,河南,,,
P02784,王杰嘉,男,34,30-34,有未成年孩子,大学生,university_student,硕士研究生,外省市户籍,浙江,,,
P02785,赵然文,男,30,30-34,有未成年孩子,服务业者,service_worker,店员,外省市户籍,安徽,,,
P02786,陈涵嘉,男,28,25-29,有未成年孩子,上班族,office_worker,产品经理,外省市户籍,安徽,,,
P02787,李乐豪,男,41,40-44,无需要照顾的孩子,上班族,office_worker,高级产品经理,外省市户籍,安徽,,,
P02788,刘静语,女,21,18-24,无需要照顾的孩子,服务业者,service_worker,理发师,外省市户籍,江苏,,,
P02789,赵星,男,22,18-24,无需要照顾的孩子,服务业者,service_worker,店员,外省市户籍,河南,,,
P02790,梁昊轩,男,25,25-29,无需要照顾的孩子,上班族,office_worker,采购经理,上海户籍,上海,,,
P02791,胡文晨,男,32,30-34,有未成年孩子,上班族,office_worker,HR经理,外省市户籍,其他,,,
P02792,冯然,男,49,45-49,有成年孩子,上班族,office_worker,高级运营专员,外省市户籍,河南,,,
P02793,杨源文,男,43,40-44,有成年孩子,体力劳动者,manual_worker,建筑工人,外省市户籍,湖南,,,
P02794,杨远一,男,36,35-39,有未成年孩子,体力劳动者,manual_worker,建筑工人,上海户籍,上海,,,
P02795,陈欣若,女,27,25-29,有未成年孩子,服务业者,service_worker,美容师,外省市户籍,江西,,,
P02796,王星,女,24,18-24,无需要照顾的孩子,上班族,office_worker,数据分析师,上海户籍,上海,,,
P02797,吴辰涵,女,18,18-24,无需要照顾的孩子,大学生,university_student,本科生,外省市户籍,江西,,,
P02798,李俊晨,男,26,25-29,有未成年孩子,上班族,office_worker,人力资源经理,外省市户籍,浙江,,,
P02799,刘泽知,男,37,35-39,有未成年孩子,上班族,office_worker,财务专员,上海户籍,上海,,,
P02800,宋佳源,女,35,35-39,有未成年孩子,上班族,office_worker,销售经理,上海户籍,上海,,,
P02801,张佑乐,男,31,30-34,无需要照顾的孩子,服务业者,service_worker,美容师,外省市户籍,江苏,,,
P02802,刘宇豪,男,28,25-29,无需要照顾的孩子,上班族,office_worker,运营专员,上海户籍,上海,,,
P02803,孙天宁,男,25,25-29,有未成年孩子,大学生,university_student,硕士研究生,外省市户籍,江苏,,,
P02804,张诺子,女,33,30-34,有未成年孩子,上班族,office_worker,采购经理,外省市户籍,江苏,,,
P02805,陈辰诺,女,32,30-34,无需要照顾的孩子,上班族,office_worker,客户经理,外省市户籍,浙江,,,
P02806,杨豪诺,男,35,35-39,有未成年孩子,服务业者,service_worker,酒店前台,外省市户籍,浙江,,,
P02807,吴晨涵,女,35,35-39,有未成年孩子,体力劳动者,manual_worker,焊工,外省市户籍,湖北,,,
P02808,许羽泽,男,49,45-49,有未成年孩子,服务业者,service_worker,健身教练,外省市户籍,浙江,,,
P02809,陈雅清,女,33,30-34,有未成年孩子,体力劳动者,manual_worker,搬运工,上海户籍,上海,,,
P02810,陈嘉,男,26,25-29,无需要照顾的孩子,上班族,office_worker,高级软件工程师,上海户籍,上海,,,
P02811,杨辰宁,女,21,18-24,无需要照顾的孩子,自由业者,freelancer,网店经营者,外省市户籍,江苏,,,
P02812,李志诺,男,45,45-49,有成年孩子,服务业者,service_worker,客服,外省市户籍,江苏,,,
P02813,梁可,女,35,35-39,有未成年孩子,服务业者,service_worker,健身教练,外省市户籍,其他,,,
P02814,李志安,男,27,25-29,无需要照顾的孩子,大学生,university_student,博士研究生,上海户籍,上海,,,
P02815,张雨,女,37,35-39,有未成年孩子,体力劳动者,manual_worker,搬运工,上海户籍,上海,,,
P02816,周浩晨,男,29,25-29,有未成年孩子,服务业者,service_worker,店员,外省市户籍,江苏,,,
P02817,郑远思,男,31,30-34,有未成年孩子,体力劳动者,manual_worker,仓库操作员,上海户籍,上海,,,
P02818,赵乐,女,39,35-39,有未成年孩子,上班族,office_worker,产品经理,外省市户籍,江苏,,,
P02819,冯文博,男,35,35-39,无需要照顾的孩子,上班族,office_worker,销售经理,上海户籍,上海,,,
P02820,张子怡,女,35,35-39,有未成年孩子,上班族,office_worker,项目经理,上海户籍,上海,,,
P02821,陈佑远,男,47,45-49,有成年孩子,自由业者,freelancer,自由设计师,上海户籍,上海,,,
P02822,胡嫣晓,女,39,35-39,无需要照顾的孩子,上班族,office_worker,采购经理,上海户籍,上海,,,
P02823,王乐阳,男,43,40-44,有未成年孩子,服务业者,service_worker,酒店前台,外省市户籍,湖南,,,
P02824,黄晨思,男,19,18-24,无需要照顾的孩子,大学生,university_student,本科生,外省市户籍,湖北,,,
P02825,董嫣,女,43,40-44,有未成年孩子,体力劳动者,manual_worker,安装工,外省市户籍,江苏,,,
P02826,徐昊宇,男,22,18-24,无需要照顾的孩子,大学生,university_student,本科生,上海户籍,上海,,,
P02827,李昊博,男,43,40-44,无需要照顾的孩子,服务业者,service_worker,餐厅服务员,上海户籍,上海,,,
P02828,吴知,男,39,35-39,无需要照顾的孩子,上班族,office_worker,销售代表,上海户籍,上海,,,
P02829,郑可涵,女,37,35-39,有未成年孩子,上班族,office_worker,销售经理,外省市户籍,安徽,,,
P02830,陈婷琪,女,31,30-34,无需要照顾的孩子,服务业者,service_worker,健身教练,外省市户籍,安徽,,,
P02831,刘知晨,男,24,18-24,无需要照顾的孩子,大学生,university_student,硕士研究生,外省市户籍,安徽,,,
P02832,黄晓,女,25,25-29,无需要照顾的孩子,上班族,office_worker,产品经理,外省市户籍,浙江,,,
P02833,刘景,男,22,18-24,无需要照顾的孩子,体力劳动者,manual_worker,建筑工人,上海户籍,上海,,,
P02834,王心,女,30,30-34,有未成年孩子,自由业者,freelancer,摄影师,外省市户籍,浙江,,,
P02835,郑宁,女,30,30-34,有未成年孩子,体力劳动者,manual_worker,快递员,外省市户籍,浙江,,,
P02836,郑远佑,男,25,25-29,无需要照顾的孩子,自由业者,freelancer,摄影师,外省市户籍,安徽,,,
P02837,赵琪涵,女,33,30-34,有未成年孩子,上班族,office_worker,会计,上海户籍,上海,,,
P02838,胡嫣佳,女,31,30-34,有成年孩子,上班族,office_worker,客户经理,外省市户籍,江苏,,,
P02839,谢诗安,女,26,25-29,无需要照顾的孩子,服务业者,service_worker,酒店服务人员,外省市户籍,河南,,,
P02840,李羽诺,女,26,25-29,无需要照顾的孩子,体力劳动者,manual_worker,配送员,上海户籍,上海,,,
P02841,冯嘉辰,男,39,35-39,有成年孩子,上班族,office_worker,运营经理,外省市户籍,安徽,,,
P02842,陈怡一,女,43,40-44,有未成年孩子,上班族,office_worker,数据分析师,外省市户籍,河南,,,
P02843,张羽乐,女,44,40-44,有未成年孩子,服务业者,service_worker,保安,外省市户籍,四川,,,
P02844,刘诺,女,43,40-44,有未成年孩子,体力劳动者,manual_worker,焊工,外省市户籍,湖南,,,
P02845,林楷远,男,38,35-39,无需要照顾的孩子,上班族,office_worker,行政专员,外省市户籍,安徽,,,
P02846,刘志诚,男,25,25-29,无需要照顾的孩子,上班族,office_worker,客户经理,外省市户籍,安徽,,,
P02847,何辰安,女,31,30-34,无需要照顾的孩子,体力劳动者,manual_worker,快递员,外省市户籍,四川,,,
P02848,梁婉知,女,22,18-24,有未成年孩子,服务业者,service_worker,美容师,外省市户籍,浙江,,,
P02849,赵怡雨,女,35,35-39,有未成年孩子,服务业者,service_worker,客服,上海户籍,上海,,,
P02850,王然文,男,45,45-49,有未成年孩子,上班族,office_worker,HR经理,上海户籍,上海,,,
P02851,林知一,女,31,30-34,有未成年孩子,上班族,office_worker,软件工程师,外省市户籍,山东,,,
P02852,胡怡晴,女,36,35-39,有未成年孩子,上班族,office_worker,运营专员,上海户籍,上海,,,
P02853,张阳诚,男,21,18-24,无需要照顾的孩子,体力劳动者,manual_worker,焊工,外省市户籍,广东,,,
P02854,李轩,男,33,30-34,有未成年孩子,上班族,office_worker,客户专员,外省市户籍,安徽,,,
P02855,刘可欣,女,39,35-39,有未成年孩子,服务业者,service_worker,客服,外省市户籍,江苏,,,
P02856,王源涵,男,39,35-39,有未成年孩子,服务业者,service_worker,店员,外省市户籍,浙江,,,
P02857,曹诺哲,男,43,40-44,无需要照顾的孩子,上班族,office_worker,HR经理,上海户籍,上海,,,
P02858,李佳,女,41,40-44,有成年孩子,体力劳动者,manual_worker,设备操作员,外省市户籍,山东,,,
P02859,邓曦瑶,女,44,40-44,有未成年孩子,上班族,office_worker,高级运营专员,上海户籍,上海,,,
P02860,罗佳涵,女,33,30-34,无需要照顾的孩子,自由业者,freelancer,咨询顾问,外省市户籍,河南,,,
P02861,张嫣涵,女,18,18-24,无需要照顾的孩子,大学生,university_student,硕士研究生,上海户籍,上海,,,
P02862,宋晴辰,女,20,18-24,无需要照顾的孩子,自由业者,freelancer,独立程序员,外省市户籍,江苏,,,
P02863,于心涵,女,28,25-29,有未成年孩子,服务业者,service_worker,客服,外省市户籍,湖北,,,
P02864,何雅,女,30,30-34,无需要照顾的孩子,体力劳动者,manual_worker,设备操作员,外省市户籍,江苏,,,
P02865,梁梦宁,女,40,40-44,有未成年孩子,自由业者,freelancer,自由设计师,外省市户籍,其他,,,
P02866,赵杰诺,男,27,25-29,无需要照顾的孩子,上班族,office_worker,采购专员,外省市户籍,江苏,,,
P02867,陈婉,女,42,40-44,有未成年孩子,服务业者,service_worker,健身教练,上海户籍,上海,,,
P02868,张欣婉,女,32,30-34,有未成年孩子,大学生,university_student,硕士研究生,上海户籍,上海,,,
P02869,张婷彤,女,49,45-49,有未成年孩子,上班族,office_worker,财务经理,上海户籍,上海,,,
P02870,谢梦雅,女,34,30-34,无需要照顾的孩子,上班族,office_worker,销售经理,上海户籍,上海,,,
P02871,张晨,女,25,25-29,无需要照顾的孩子,服务业者,service_worker,收银员,上海户籍,上海,,,
P02872,陈源瑶,女,34,30-34,无需要照顾的孩子,上班族,office_worker,HR经理,外省市户籍,江苏,,,
P02873,杨诗宁,女,33,30-34,无需要照顾的孩子,上班族,office_worker,数据分析师,外省市户籍,湖北,,,
P02874,陈静一,女,35,35-39,有未成年孩子,体力劳动者,manual_worker,维修技师,上海户籍,上海,,,
P02875,赵哲,男,25,25-29,无需要照顾的孩子,上班族,office_worker,会计,上海户籍,上海,,,
P02876,朱子哲,男,28,25-29,无需要照顾的孩子,服务业者,service_worker,美容师,上海户籍,上海,,,
P02877,周清,男,45,45-49,无需要照顾的孩子,服务业者,service_worker,客服,外省市户籍,安徽,,,
P02878,李语,女,33,30-34,无需要照顾的孩子,体力劳动者,manual_worker,设备操作员,上海户籍,上海,,,
P02879,邓明远,男,33,30-34,无需要照顾的孩子,服务业者,service_worker,房产经纪,上海户籍,上海,,,
P02880,林明远,男,23,18-24,无需要照顾的孩子,上班族,office_worker,运营专员,上海户籍,上海,,,
P02881,吴清雅,女,37,35-39,有成年孩子,上班族,office_worker,运营专员,外省市户籍,安徽,,,
P02882,王宁知,女,44,40-44,有未成年孩子,服务业者,service_worker,收银员,上海户籍,上海,,,
P02883,张心豪,男,30,30-34,无需要照顾的孩子,上班族,office_worker,高级运营专员,外省市户籍,广东,,,
P02884,许一志,男,34,30-34,有未成年孩子,自由业者,freelancer,翻译,上海户籍,上海,,,
P02885,张昊安,男,44,40-44,有未成年孩子,体力劳动者,manual_worker,电工,上海户籍,上海,,,
P02886,唐轩杰,男,36,35-39,无需要照顾的孩子,体力劳动者,manual_worker,快递员,外省市户籍,浙江,,,
P02887,周浩,男,28,25-29,有未成年孩子,服务业者,service_worker,收银员,上海户籍,上海,,,
P02888,曹怡,女,41,40-44,有未成年孩子,上班族,office_worker,客户专员,外省市户籍,安徽,,,
P02889,杨哲嘉,男,30,30-34,无需要照顾的孩子,上班族,office_worker,销售代表,外省市户籍,四川,,,
P02890,冯星嘉,男,44,40-44,有未成年孩子,体力劳动者,manual_worker,仓库操作员,上海户籍,上海,,,
P02891,吴子琪,女,44,40-44,有未成年孩子,体力劳动者,manual_worker,司机,外省市户籍,江苏,,,
P02892,张心嫣,女,41,40-44,有未成年孩子,上班族,office_worker,HR经理,外省市户籍,河南,,,
P02893,王昊,男,47,45-49,无需要照顾的孩子,上班族,office_worker,采购经理,上海户籍,上海,,,
P02894,郭诚,男,30,30-34,有未成年孩子,上班族,office_worker,客户专员,外省市户籍,其他,,,
P02895,杨子雨,女,36,35-39,有未成年孩子,上班族,office_worker,运营经理,外省市户籍,江西,,,
P02896,王辰远,男,41,40-44,有未成年孩子,上班族,office_worker,高级运营专员,外省市户籍,河南,,,
P02897,郭晨,女,37,35-39,有未成年孩子,自由业者,freelancer,自媒体从业者,外省市户籍,山东,,,
P02898,张一,女,31,30-34,有未成年孩子,服务业者,service_worker,房产经纪,外省市户籍,浙江,,,
P02899,王嘉乐,男,36,35-39,有未成年孩子,体力劳动者,manual_worker,快递员,上海户籍,上海,,,
P02900,孙晴瑶,女,23,18-24,无需要照顾的孩子,大学生,university_student,博士研究生,上海户籍,上海,,,
P02901,刘景嘉,男,25,25-29,无需要照顾的孩子,上班族,office_worker,财务专员,外省市户籍,浙江,,,
P02902,冯一,女,35,35-39,无需要照顾的孩子,自由业者,freelancer,翻译,上海户籍,上海,,,
P02903,唐言星,女,27,25-29,无需要照顾的孩子,服务业者,service_worker,客服,外省市户籍,浙江,,,
P02904,李知远,男,41,40-44,有未成年孩子,体力劳动者,manual_worker,快递员,外省市户籍,浙江,,,
P02905,郭涵佑,男,34,30-34,有未成年孩子,上班族,office_worker,财务主管,上海户籍,上海,,,
P02906,林婷,女,39,35-39,有未成年孩子,上班族,office_worker,产品经理,外省市户籍,江苏,,,
P02907,黄言博,男,48,45-49,无需要照顾的孩子,服务业者,service_worker,美容师,上海户籍,上海,,,
P02908,李杰知,男,34,30-34,有未成年孩子,服务业者,service_worker,收银员,上海户籍,上海,,,
P02909,张远源,女,36,35-39,无需要照顾的孩子,体力劳动者,manual_worker,仓库操作员,外省市户籍,浙江,,,
P02910,孙哲,男,48,45-49,有成年孩子,上班族,office_worker,技术经理,上海户籍,上海,,,
P02911,王远文,男,41,40-44,有未成年孩子,上班族,office_worker,采购经理,上海户籍,上海,,,
P02912,张婷琪,女,31,30-34,无需要照顾的孩子,上班族,office_worker,产品经理,上海户籍,上海,,,
P02913,陈宁,女,32,30-34,无需要照顾的孩子,服务业者,service_worker,餐厅服务员,上海户籍,上海,,,
P02914,张轩哲,男,47,45-49,无需要照顾的孩子,上班族,office_worker,高级运营专员,外省市户籍,安徽,,,
P02915,黄桐清,女,47,45-49,有成年孩子,服务业者,service_worker,客服,上海户籍,上海,,,
P02916,孙一婷,女,28,25-29,无需要照顾的孩子,上班族,office_worker,HR经理,上海户籍,上海,,,
P02917,林哲嘉,男,48,45-49,有成年孩子,服务业者,service_worker,收银员,外省市户籍,湖南,,,
P02918,刘宁怡,女,45,45-49,无需要照顾的孩子,上班族,office_worker,软件工程师,上海户籍,上海,,,
P02919,梁源,男,22,18-24,无需要照顾的孩子,体力劳动者,manual_worker,搬运工,上海户籍,上海,,,
P02920,刘一嘉,女,22,18-24,无需要照顾的孩子,大学生,university_student,本科生,上海户籍,上海,,,
P02921,李婷,女,33,30-34,有未成年孩子,上班族,office_worker,行政专员,上海户籍,上海,,,
P02922,孙浩可,男,38,35-39,有未成年孩子,自由业者,freelancer,私教,上海户籍,上海,,,
P02923,林雨雨,女,29,25-29,无需要照顾的孩子,上班族,office_worker,采购专员,上海户籍,上海,,,
P02924,张知,女,46,45-49,有未成年孩子,上班族,office_worker,HR经理,外省市户籍,四川,,,
P02925,陈知轩,男,37,35-39,有未成年孩子,上班族,office_worker,产品经理,上海户籍,上海,,,
P02926,李佳思,女,40,40-44,有成年孩子,上班族,office_worker,设计师,上海户籍,上海,,,
P02927,李诗桐,女,27,25-29,有未成年孩子,上班族,office_worker,软件工程师,上海户籍,上海,,,
P02928,刘梓羽,男,43,40-44,有未成年孩子,服务业者,service_worker,美容师,上海户籍,上海,,,
P02929,黄乐一,男,20,18-24,无需要照顾的孩子,大学生,university_student,本科生,上海户籍,上海,,,
P02930,李知诺,女,43,40-44,有未成年孩子,上班族,office_worker,高级软件工程师,上海户籍,上海,,,
P02931,陈子可,女,31,30-34,无需要照顾的孩子,上班族,office_worker,设计师,上海户籍,上海,,,
P02932,唐雨雨,女,26,25-29,无需要照顾的孩子,服务业者,service_worker,理发师,上海户籍,上海,,,
P02933,刘远天,男,49,45-49,有成年孩子,服务业者,service_worker,保安,外省市户籍,湖北,,,
P02934,张志豪,男,27,25-29,有未成年孩子,体力劳动者,manual_worker,安装工,外省市户籍,安徽,,,
P02935,宋乐佳,女,45,45-49,有成年孩子,自由业者,freelancer,自媒体从业者,外省市户籍,陕西,,,
P02936,吴涵景,男,31,30-34,无需要照顾的孩子,上班族,office_worker,项目经理,外省市户籍,其他,,,
P02937,冯彤婉,女,37,35-39,有未成年孩子,服务业者,service_worker,厨师,外省市户籍,其他,,,
P02938,刘知,男,33,30-34,无需要照顾的孩子,上班族,office_worker,行政专员,外省市户籍,安徽,,,
P02939,罗景乐,男,33,30-34,有未成年孩子,上班族,office_worker,产品经理,外省市户籍,河北,,,
P02940,李星琪,女,34,30-34,无需要照顾的孩子,上班族,office_worker,HR经理,上海户籍,上海,,,
P02941,宋辰阳,男,35,35-39,有未成年孩子,服务业者,service_worker,酒店服务人员,上海户籍,上海,,,
P02942,朱语涵,女,25,25-29,无需要照顾的孩子,体力劳动者,manual_worker,维修技师,外省市户籍,四川,,,
P02943,马婉源,女,26,25-29,无需要照顾的孩子,上班族,office_worker,采购专员,上海户籍,上海,,,
P02944,谢远佳,女,19,18-24,无需要照顾的孩子,服务业者,service_worker,房产经纪,外省市户籍,江苏,,,
P02945,罗晨浩,男,25,25-29,无需要照顾的孩子,上班族,office_worker,销售经理,外省市户籍,四川,,,
P02946,王诚昊,男,36,35-39,有未成年孩子,服务业者,service_worker,酒店服务人员,上海户籍,上海,,,
P02947,何宁诗,女,26,25-29,无需要照顾的孩子,大学生,university_student,硕士研究生,上海户籍,上海,,,
P02948,孙轩,男,28,25-29,无需要照顾的孩子,服务业者,service_worker,店员,上海户籍,上海,,,
P02949,张嘉嘉,男,27,25-29,无需要照顾的孩子,服务业者,service_worker,房产经纪,上海户籍,上海,,,
P02950,周昊楷,男,32,30-34,有未成年孩子,服务业者,service_worker,酒店前台,外省市户籍,福建,,,
P02951,郭瑶,女,19,18-24,无需要照顾的孩子,上班族,office_worker,运营专员,上海户籍,上海,,,
P02952,陈怡辰,女,33,30-34,无需要照顾的孩子,上班族,office_worker,客户经理,外省市户籍,江苏,,,
P02953,李晓宁,女,39,35-39,有未成年孩子,上班族,office_worker,行政专员,上海户籍,上海,,,
P02954,何安宇,男,40,40-44,有未成年孩子,服务业者,service_worker,酒店前台,上海户籍,上海,,,
P02955,王宁嘉,男,18,18-24,无需要照顾的孩子,自由业者,freelancer,自由设计师,外省市户籍,江苏,,,
P02956,张晨乐,女,22,18-24,无需要照顾的孩子,自由业者,freelancer,自由销售,外省市户籍,江西,,,
P02957,黄清杰,男,20,18-24,无需要照顾的孩子,自由业者,freelancer,独立程序员,外省市户籍,山东,,,
P02958,赵若瑶,女,33,30-34,有未成年孩子,服务业者,service_worker,健身教练,外省市户籍,江苏,,,
P02959,张雅,女,20,18-24,无需要照顾的孩子,大学生,university_student,本科生,外省市户籍,江苏,,,
P02960,曹雅诗,女,35,35-39,有未成年孩子,上班族,office_worker,销售经理,外省市户籍,江苏,,,
P02961,陈清阳,男,32,30-34,无需要照顾的孩子,上班族,office_worker,数据分析师,上海户籍,上海,,,
P02962,张涵,男,28,25-29,无需要照顾的孩子,上班族,office_worker,高级项目经理,上海户籍,上海,,,
P02963,赵婉若,女,31,30-34,无需要照顾的孩子,上班族,office_worker,数据分析师,外省市户籍,山东,,,
P02964,王婉心,女,36,35-39,有未成年孩子,上班族,office_worker,行政专员,外省市户籍,四川,,,
P02965,林若,女,44,40-44,有未成年孩子,体力劳动者,manual_worker,设备操作员,上海户籍,上海,,,
P02966,杨婷,女,43,40-44,无需要照顾的孩子,服务业者,service_worker,店员,外省市户籍,安徽,,,
P02967,刘桐晴,女,36,35-39,无需要照顾的孩子,上班族,office_worker,数据分析师,外省市户籍,安徽,,,
P02968,高轩可,男,18,18-24,无需要照顾的孩子,大学生,university_student,本科生,外省市户籍,河南,,,
P02969,张言欣,女,41,40-44,有未成年孩子,服务业者,service_worker,美容师,上海户籍,上海,,,
P02970,杨知源,女,38,35-39,无需要照顾的孩子,上班族,office_worker,销售经理,外省市户籍,其他,,,
P02971,胡瑶诺,女,25,25-29,有未成年孩子,上班族,office_worker,财务主管,上海户籍,上海,,,
P02972,刘可,女,38,35-39,无需要照顾的孩子,上班族,office_worker,采购专员,外省市户籍,安徽,,,
P02973,周俊轩,男,26,25-29,有未成年孩子,上班族,office_worker,销售代表,上海户籍,上海,,,
P02974,张豪哲,男,49,45-49,有未成年孩子,体力劳动者,manual_worker,焊工,外省市户籍,江苏,,,
P02975,罗宇一,男,33,30-34,有未成年孩子,自由业者,freelancer,独立程序员,上海户籍,上海,,,
P02976,张文晨,男,42,40-44,有成年孩子,自由业者,freelancer,私教,外省市户籍,山东,,,
P02977,徐佳,女,29,25-29,无需要照顾的孩子,服务业者,service_worker,理发师,外省市户籍,四川,,,
P02978,唐心雨,女,37,35-39,有未成年孩子,自由业者,freelancer,独立程序员,上海户籍,上海,,,
P02979,王辰诺,男,33,30-34,无需要照顾的孩子,上班族,office_worker,高级软件工程师,上海户籍,上海,,,
P02980,徐可桐,女,21,18-24,无需要照顾的孩子,上班族,office_worker,设计师,外省市户籍,江苏,,,
P02981,王桐思,女,30,30-34,有未成年孩子,服务业者,service_worker,理发师,上海户籍,上海,,,
P02982,刘欣,女,30,30-34,无需要照顾的孩子,上班族,office_worker,部门经理,外省市户籍,湖北,,,
P02983,郑一,女,39,35-39,无需要照顾的孩子,上班族,office_worker,高级软件工程师,上海户籍,上海,,,
P02984,王嘉哲,男,35,35-39,有未成年孩子,上班族,office_worker,运营专员,外省市户籍,湖北,,,
P02985,梁轩,男,40,40-44,有未成年孩子,体力劳动者,manual_worker,仓库操作员,外省市户籍,浙江,,,
P02986,袁然思,男,31,30-34,无需要照顾的孩子,上班族,office_worker,销售代表,外省市户籍,浙江,,,
P02987,杨心欣,女,38,35-39,有未成年孩子,体力劳动者,manual_worker,仓库操作员,上海户籍,上海,,,
P02988,刘雅曦,女,44,40-44,有成年孩子,自由业者,freelancer,自由销售,上海户籍,上海,,,
P02989,吴豪然,男,44,40-44,有未成年孩子,服务业者,service_worker,厨师,外省市户籍,河北,,,
P02990,董远哲,男,41,40-44,有未成年孩子,服务业者,service_worker,店员,外省市户籍,湖北,,,
P02991,李语静,女,26,25-29,有未成年孩子,上班族,office_worker,采购专员,上海户籍,上海,,,
P02992,张一浩,男,42,40-44,有未成年孩子,自由业者,freelancer,自由设计师,上海户籍,上海,,,
P02993,于星明,男,44,40-44,无需要照顾的孩子,上班族,office_worker,高级产品经理,外省市户籍,四川,,,
P02994,张星乐,女,28,25-29,无需要照顾的孩子,上班族,office_worker,采购经理,上海户籍,上海,,,
P02995,郭远文,男,44,40-44,有未成年孩子,服务业者,service_worker,酒店服务人员,外省市户籍,河南,,,
P02996,黄琪嘉,女,36,35-39,有未成年孩子,服务业者,service_worker,餐厅服务员,上海户籍,上海,,,
P02997,冯嘉,男,27,25-29,无需要照顾的孩子,上班族,office_worker,软件工程师,外省市户籍,浙江,,,
P02998,刘欣思,女,23,18-24,无需要照顾的孩子,大学生,university_student,博士研究生,上海户籍,上海,,,
P02999,黄曦雅,女,34,30-34,无需要照顾的孩子,上班族,office_worker,行政专员,上海户籍,上海,,,
P03000,王晨,男,45,45-49,无需要照顾的孩子,上班族,office_worker,项目经理,上海户籍,上海,,,
P03001,张雅桐,女,40,40-44,有未成年孩子,上班族,office_worker,客户经理,上海户籍,上海,,,
P03002,高晨远,男,31,30-34,有未成年孩子,上班族,office_worker,高级运营专员,外省市户籍,浙江,,,
P03003,李然,男,28,25-29,有未成年孩子,上班族,office_worker,会计,外省市户籍,陕西,,,
P03004,李泽远,男,25,25-29,无需要照顾的孩子,大学生,university_student,本科生,外省市户籍,湖南,,,
P03005,高轩阳,男,46,45-49,有未成年孩子,体力劳动者,manual_worker,电工,外省市户籍,江苏,,,
P03006,吴文思,男,44,40-44,有未成年孩子,体力劳动者,manual_worker,快递员,上海户籍,上海,,,
P03007,郭心,男,22,18-24,有未成年孩子,上班族,office_worker,采购专员,外省市户籍,四川,,,
P03008,郑子知,男,37,35-39,有未成年孩子,上班族,office_worker,客户经理,外省市户籍,江苏,,,
P03009,孙阳睿,男,25,25-29,无需要照顾的孩子,服务业者,service_worker,房产经纪,上海户籍,上海,,,
P03010,杨晓,女,42,40-44,有未成年孩子,上班族,office_worker,高级软件工程师,上海户籍,上海,,,
P03011,黄晴婷,女,19,18-24,无需要照顾的孩子,体力劳动者,manual_worker,司机,上海户籍,上海,,,
P03012,杨宁羽,男,32,30-34,无需要照顾的孩子,上班族,office_worker,销售经理,外省市户籍,湖北,,,
P03013,李欣诺,女,31,30-34,无需要照顾的孩子,上班族,office_worker,数据分析师,外省市户籍,山东,,,
P03014,李博昊,男,31,30-34,无需要照顾的孩子,上班族,office_worker,软件工程师,外省市户籍,江苏,,,
P03015,于哲俊,男,36,35-39,无需要照顾的孩子,上班族,office_worker,高级软件工程师,上海户籍,上海,,,
P03016,李然志,男,44,40-44,无需要照顾的孩子,上班族,office_worker,高级软件工程师,上海户籍,上海,,,
P03017,宋子思,女,31,30-34,无需要照顾的孩子,服务业者,service_worker,店员,外省市户籍,江苏,,,
P03018,王瑶言,女,40,40-44,有成年孩子,体力劳动者,manual_worker,建筑工人,上海户籍,上海,,,
P03019,朱晨彤,女,29,25-29,无需要照顾的孩子,上班族,office_worker,运营专员,外省市户籍,浙江,,,
P03020,张哲,男,28,25-29,无需要照顾的孩子,上班族,office_worker,运营专员,外省市户籍,安徽,,,
P03021,张静,女,44,40-44,有未成年孩子,服务业者,service_worker,健身教练,上海户籍,上海,,,
P03022,张可文,男,39,35-39,有未成年孩子,体力劳动者,manual_worker,快递员,上海户籍,上海,,,
P03023,王怡若,女,35,35-39,有未成年孩子,自由业者,freelancer,自媒体从业者,上海户籍,上海,,,
P03024,王星曦,女,42,40-44,有未成年孩子,服务业者,service_worker,保安,上海户籍,上海,,,
P03025,张文,男,43,40-44,有未成年孩子,自由业者,freelancer,翻译,外省市户籍,其他,,,
P03026,周文晨,男,34,30-34,有未成年孩子,体力劳动者,manual_worker,焊工,上海户籍,上海,,,
P03027,陈怡宁,女,25,25-29,无需要照顾的孩子,上班族,office_worker,项目经理,上海户籍,上海,,,
P03028,赵诗若,女,44,40-44,无需要照顾的孩子,上班族,office_worker,高级软件工程师,外省市户籍,河南,,,
P03029,程怡远,女,32,30-34,无需要照顾的孩子,上班族,office_worker,高级软件工程师,外省市户籍,江苏,,,
P03030,唐羽远,男,25,25-29,无需要照顾的孩子,上班族,office_worker,设计师,外省市户籍,浙江,,,
P03031,罗宁嘉,男,18,18-24,无需要照顾的孩子,体力劳动者,manual_worker,配送员,上海户籍,上海,,,
P03032,于星俊,男,18,18-24,无需要照顾的孩子,上班族,office_worker,财务专员,上海户籍,上海,,,
P03033,李然远,男,35,35-39,有未成年孩子,上班族,office_worker,HR经理,外省市户籍,湖北,,,
P03034,李子涵,男,24,18-24,无需要照顾的孩子,大学生,university_student,硕士研究生,外省市户籍,山东,,,
P03035,张一清,女,49,45-49,有未成年孩子,体力劳动者,manual_worker,仓库操作员,外省市户籍,江西,,,
P03036,刘思可,女,25,25-29,无需要照顾的孩子,体力劳动者,manual_worker,建筑工人,外省市户籍,四川,,,
P03037,李婉知,女,27,25-29,无需要照顾的孩子,上班族,office_worker,运营专员,上海户籍,上海,,,
P03038,吴晓宁,女,41,40-44,无需要照顾的孩子,服务业者,service_worker,客服,外省市户籍,江苏,,,
P03039,李乐,男,29,25-29,有未成年孩子,上班族,office_worker,行政专员,外省市户籍,四川,,,
P03040,周轩杰,男,28,25-29,无需要照顾的孩子,上班族,office_worker,设计师,外省市户籍,河南,,,
P03041,陈涵,女,30,30-34,有未成年孩子,上班族,office_worker,高级软件工程师,上海户籍,上海,,,
P03042,马清曦,女,37,35-39,有未成年孩子,服务业者,service_worker,理发师,上海户籍,上海,,,
P03043,赵雅,女,36,35-39,有未成年孩子,服务业者,service_worker,酒店服务人员,外省市户籍,安徽,,,
P03044,黄佑源,男,30,30-34,无需要照顾的孩子,上班族,office_worker,财务专员,外省市户籍,安徽,,,
P03045,曹嘉可,女,19,18-24,有未成年孩子,大学生,university_student,本科生,外省市户籍,四川,,,
P03046,张阳乐,男,32,30-34,无需要照顾的孩子,上班族,office_worker,财务专员,外省市户籍,其他,,,
P03047,黄乐宁,女,33,30-34,有未成年孩子,体力劳动者,manual_worker,快递员,上海户籍,上海,,,
P03048,赵清子,男,47,45-49,有成年孩子,服务业者,service_worker,餐厅服务员,上海户籍,上海,,,
P03049,王宁婉,女,28,25-29,无需要照顾的孩子,服务业者,service_worker,餐厅服务员,外省市户籍,浙江,,,
P03050,李明,男,28,25-29,无需要照顾的孩子,服务业者,service_worker,保安,外省市户籍,湖南,,,
P03051,朱昊星,男,24,18-24,无需要照顾的孩子,上班族,office_worker,客户专员,上海户籍,上海,,,
P03052,吴文天,男,19,18-24,无需要照顾的孩子,服务业者,service_worker,厨师,外省市户籍,安徽,,,
P03053,吴星,女,35,35-39,无需要照顾的孩子,上班族,office_worker,数据分析师,上海户籍,上海,,,
P03054,王远羽,男,34,30-34,无需要照顾的孩子,上班族,office_worker,产品经理,上海户籍,上海,,,
P03055,吴婷远,女,44,40-44,有未成年孩子,服务业者,service_worker,店员,外省市户籍,陕西,,,
P03056,陈晨,男,38,35-39,有未成年孩子,体力劳动者,manual_worker,电工,上海户籍,上海,,,
P03057,梁言一,男,39,35-39,无需要照顾的孩子,上班族,office_worker,财务主管,上海户籍,上海,,,
P03058,王婷,女,29,25-29,无需要照顾的孩子,服务业者,service_worker,房产经纪,上海户籍,上海,,,
P03059,徐嘉文,男,36,35-39,无需要照顾的孩子,上班族,office_worker,产品经理,上海户籍,上海,,,
P03060,孙睿阳,男,46,45-49,有未成年孩子,上班族,office_worker,数据分析师,外省市户籍,河南,,,
P03061,李佑博,男,48,45-49,有未成年孩子,服务业者,service_worker,餐厅服务员,上海户籍,上海,,,
P03062,林诗曦,女,32,30-34,有未成年孩子,自由业者,freelancer,自由设计师,上海户籍,上海,,,
P03063,胡文昊,男,40,40-44,无需要照顾的孩子,体力劳动者,manual_worker,仓库操作员,外省市户籍,山东,,,
P03064,黄杰文,男,34,30-34,有未成年孩子,上班族,office_worker,数据分析师,外省市户籍,江苏,,,
P03065,李天,男,19,18-24,无需要照顾的孩子,服务业者,service_worker,餐厅服务员,外省市户籍,陕西,,,
P03066,胡怡嘉,女,18,18-24,无需要照顾的孩子,大学生,university_student,本科生,外省市户籍,浙江,,,
P03067,王言心,男,30,30-34,无需要照顾的孩子,自由业者,freelancer,私教,外省市户籍,四川,,,
P03068,郑俊轩,男,33,30-34,有未成年孩子,上班族,office_worker,行政专员,外省市户籍,其他,,,
P03069,黄思,女,46,45-49,有成年孩子,上班族,office_worker,销售经理,外省市户籍,河南,,,
P03070,王清晨,男,25,25-29,有未成年孩子,大学生,university_student,硕士研究生,外省市户籍,江苏,,,
P03071,吴轩文,男,42,40-44,有成年孩子,体力劳动者,manual_worker,电工,外省市户籍,河南,,,
P03072,谢宁浩,男,23,18-24,无需要照顾的孩子,服务业者,service_worker,酒店前台,外省市户籍,河北,,,
P03073,郭星怡,女,33,30-34,无需要照顾的孩子,上班族,office_worker,客户专员,外省市户籍,安徽,,,
P03074,张言,男,29,25-29,有未成年孩子,上班族,office_worker,客户专员,外省市户籍,河南,,,
P03075,王子思,女,41,40-44,有成年孩子,上班族,office_worker,销售代表,外省市户籍,广东,,,
P03076,赵言静,女,27,25-29,有未成年孩子,上班族,office_worker,会计,外省市户籍,安徽,,,
P03077,王源浩,男,39,35-39,无需要照顾的孩子,上班族,office_worker,HR经理,外省市户籍,湖南,,,
P03078,郑若怡,女,23,18-24,无需要照顾的孩子,上班族,office_worker,财务专员,上海户籍,上海,,,
P03079,赵晨乐,男,42,40-44,有未成年孩子,上班族,office_worker,HR经理,上海户籍,上海,,,
P03080,王宇嘉,男,34,30-34,有未成年孩子,上班族,office_worker,高级运营专员,外省市户籍,湖北,,,
P03081,赵心景,男,41,40-44,无需要照顾的孩子,服务业者,service_worker,酒店服务人员,外省市户籍,江苏,,,
P03082,罗婷晴,女,40,40-44,有成年孩子,上班族,office_worker,高级运营专员,上海户籍,上海,,,
P03083,宋然嘉,男,40,40-44,有成年孩子,上班族,office_worker,区域经理,上海户籍,上海,,,
P03084,李思阳,男,39,35-39,有未成年孩子,服务业者,service_worker,健身教练,上海户籍,上海,,,
P03085,刘博远,男,35,35-39,有未成年孩子,上班族,office_worker,采购经理,外省市户籍,江苏,,,
P03086,王若诗,女,33,30-34,无需要照顾的孩子,上班族,office_worker,项目经理,上海户籍,上海,,,
P03087,李琪嫣,女,26,25-29,有未成年孩子,上班族,office_worker,行政专员,上海户籍,上海,,,
P03088,陈可,男,23,18-24,无需要照顾的孩子,大学生,university_student,硕士研究生,外省市户籍,福建,,,
P03089,徐可阳,男,30,30-34,有未成年孩子,体力劳动者,manual_worker,安装工,上海户籍,上海,,,
P03090,赵乐宁,男,41,40-44,有未成年孩子,上班族,office_worker,客户经理,上海户籍,上海,,,
P03091,胡婷彤,女,30,30-34,有未成年孩子,上班族,office_worker,采购经理,外省市户籍,浙江,,,
P03092,王杰,男,26,25-29,无需要照顾的孩子,服务业者,service_worker,客服,上海户籍,上海,,,
P03093,王远哲,男,30,30-34,无需要照顾的孩子,上班族,office_worker,销售代表,外省市户籍,江西,,,
P03094,杨婷诗,女,32,30-34,有未成年孩子,体力劳动者,manual_worker,配送员,上海户籍,上海,,,
P03095,杨嘉,女,22,18-24,无需要照顾的孩子,大学生,university_student,本科生,外省市户籍,湖北,,,
P03096,杨一,女,43,40-44,有未成年孩子,服务业者,service_worker,保安,上海户籍,上海,,,
P03097,朱怡若,女,36,35-39,无需要照顾的孩子,自由业者,freelancer,摄影师,外省市户籍,河南,,,
P03098,唐乐,女,39,35-39,无需要照顾的孩子,自由业者,freelancer,自由销售,上海户籍,上海,,,
P03099,徐曦可,女,30,30-34,有未成年孩子,服务业者,service_worker,厨师,外省市户籍,河南,,,
P03100,王哲子,男,41,40-44,无需要照顾的孩子,上班族,office_worker,高级软件工程师,上海户籍,上海,,,
P03101,于彤嘉,女,26,25-29,无需要照顾的孩子,上班族,office_worker,客户专员,上海户籍,上海,,,
P03102,徐源安,男,45,45-49,有未成年孩子,上班族,office_worker,财务主管,上海户籍,上海,,,
P03103,刘然思,男,46,45-49,有未成年孩子,服务业者,service_worker,房产经纪,上海户籍,上海,,,
P03104,陈嘉,女,30,30-34,无需要照顾的孩子,服务业者,service_worker,理发师,上海户籍,上海,,,
P03105,孙涵,女,25,25-29,无需要照顾的孩子,上班族,office_worker,销售代表,上海户籍,上海,,,
P03106,李曦乐,女,34,30-34,有未成年孩子,上班族,office_worker,采购经理,上海户籍,上海,,,
P03107,张瑶晨,女,38,35-39,有未成年孩子,体力劳动者,manual_worker,安装工,上海户籍,上海,,,
P03108,杨乐涵,女,30,30-34,有未成年孩子,服务业者,service_worker,房产经纪,外省市户籍,安徽,,,
P03109,梁轩文,男,36,35-39,有成年孩子,服务业者,service_worker,酒店服务人员,外省市户籍,安徽,,,
P03110,高梦嘉,女,40,40-44,有未成年孩子,服务业者,service_worker,厨师,外省市户籍,安徽,,,
P03111,董晴,女,32,30-34,有未成年孩子,上班族,office_worker,销售经理,上海户籍,上海,,,
P03112,高阳志,男,37,35-39,无需要照顾的孩子,上班族,office_worker,产品经理,上海户籍,上海,,,
P03113,于知琪,女,31,30-34,无需要照顾的孩子,上班族,office_worker,客户经理,上海户籍,上海,,,
P03114,王婉知,女,38,35-39,有未成年孩子,体力劳动者,manual_worker,仓库操作员,外省市户籍,安徽,,,
P03115,程诺,女,44,40-44,有未成年孩子,体力劳动者,manual_worker,焊工,上海户籍,上海,,,
P03116,郑琪源,女,35,35-39,有未成年孩子,服务业者,service_worker,酒店前台,上海户籍,上海,,,
P03117,何嫣,女,32,30-34,有未成年孩子,上班族,office_worker,高级软件工程师,外省市户籍,安徽,,,
P03118,梁佳欣,女,28,25-29,无需要照顾的孩子,上班族,office_worker,软件工程师,外省市户籍,山东,,,
P03119,李梓嘉,男,25,25-29,无需要照顾的孩子,服务业者,service_worker,厨师,外省市户籍,江苏,,,
P03120,唐曦星,女,42,40-44,有成年孩子,服务业者,service_worker,厨师,上海户籍,上海,,,
P03121,周豪,男,38,35-39,无需要照顾的孩子,上班族,office_worker,运营专员,上海户籍,上海,,,
P03122,王源清,女,42,40-44,有未成年孩子,自由业者,freelancer,咨询顾问,外省市户籍,安徽,,,
P03123,林诗,女,30,30-34,有未成年孩子,上班族,office_worker,客户经理,上海户籍,上海,,,
P03124,董婷,女,48,45-49,有成年孩子,体力劳动者,manual_worker,维修技师,上海户籍,上海,,,
P03125,周静曦,女,33,30-34,有未成年孩子,服务业者,service_worker,房产经纪,外省市户籍,河南,,,
P03126,陈宁知,女,39,35-39,有未成年孩子,服务业者,service_worker,厨师,上海户籍,上海,,,
P03127,陈佳一,女,43,40-44,有未成年孩子,服务业者,service_worker,保安,上海户籍,上海,,,
P03128,黄怡晨,女,20,18-24,无需要照顾的孩子,服务业者,service_worker,厨师,上海户籍,上海,,,
P03129,杨晨琪,女,25,25-29,无需要照顾的孩子,上班族,office_worker,会计,外省市户籍,安徽,,,
P03130,邓梓文,男,30,30-34,有未成年孩子,上班族,office_worker,产品经理,外省市户籍,浙江,,,
P03131,梁静怡,女,26,25-29,有未成年孩子,上班族,office_worker,采购专员,外省市户籍,浙江,,,
P03132,杨雨知,女,43,40-44,有未成年孩子,上班族,office_worker,财务主管,外省市户籍,浙江,,,
P03133,张天羽,男,21,18-24,无需要照顾的孩子,体力劳动者,manual_worker,焊工,上海户籍,上海,,,
P03134,梁浩楷,男,37,35-39,无需要照顾的孩子,上班族,office_worker,财务专员,外省市户籍,安徽,,,
P03135,陈清杰,男,37,35-39,无需要照顾的孩子,体力劳动者,manual_worker,快递员,外省市户籍,湖南,,,
P03136,宋欣思,女,36,35-39,有未成年孩子,自由业者,freelancer,翻译,外省市户籍,江苏,,,
P03137,陈晴静,女,26,25-29,无需要照顾的孩子,服务业者,service_worker,酒店前台,外省市户籍,四川,,,
P03138,李晨,女,35,35-39,无需要照顾的孩子,服务业者,service_worker,店员,上海户籍,上海,,,
P03139,刘辰乐,女,33,30-34,有未成年孩子,上班族,office_worker,软件工程师,上海户籍,上海,,,
P03140,朱哲哲,男,44,40-44,有未成年孩子,服务业者,service_worker,酒店服务人员,外省市户籍,河南,,,
P03141,刘佳,女,24,18-24,有未成年孩子,服务业者,service_worker,店员,上海户籍,上海,,,
P03142,李言星,男,18,18-24,无需要照顾的孩子,大学生,university_student,本科生,外省市户籍,安徽,,,
P03143,张婷诺,女,39,35-39,有未成年孩子,上班族,office_worker,运营经理,外省市户籍,山东,,,
P03144,李桐欣,女,34,30-34,有未成年孩子,上班族,office_worker,数据分析师,外省市户籍,河南,,,
P03145,高嘉,男,27,25-29,无需要照顾的孩子,服务业者,service_worker,酒店服务人员,外省市户籍,河南,,,
P03146,刘天阳,男,38,35-39,无需要照顾的孩子,服务业者,service_worker,客服,上海户籍,上海,,,
P03147,刘思远,女,25,25-29,无需要照顾的孩子,体力劳动者,manual_worker,设备操作员,上海户籍,上海,,,
P03148,王一心,男,48,45-49,无需要照顾的孩子,服务业者,service_worker,保安,上海户籍,上海,,,
P03149,唐雨晓,女,43,40-44,无需要照顾的孩子,自由业者,freelancer,网店经营者,外省市户籍,其他,,,
P03150,陈豪文,男,47,45-49,有成年孩子,自由业者,freelancer,自由销售,上海户籍,上海,,,
P03151,孙诗远,女,46,45-49,有成年孩子,上班族,office_worker,技术经理,上海户籍,上海,,,
P03152,王乐言,男,42,40-44,无需要照顾的孩子,上班族,office_worker,人力资源经理,上海户籍,上海,,,
P03153,张星远,男,18,18-24,无需要照顾的孩子,大学生,university_student,本科生,上海户籍,上海,,,
P03154,陈心嘉,男,22,18-24,无需要照顾的孩子,服务业者,service_worker,理发师,外省市户籍,湖北,,,
P03155,陈泽,男,43,40-44,有成年孩子,上班族,office_worker,财务主管,外省市户籍,其他,,,
P03156,朱彤瑶,女,34,30-34,有未成年孩子,上班族,office_worker,项目经理,上海户籍,上海,,,
P03157,林景,男,38,35-39,有未成年孩子,体力劳动者,manual_worker,建筑工人,外省市户籍,安徽,,,
P03158,周涵睿,男,20,18-24,无需要照顾的孩子,大学生,university_student,本科生,外省市户籍,江苏,,,
P03159,林涵欣,女,31,30-34,有未成年孩子,体力劳动者,manual_worker,设备操作员,外省市户籍,江西,,,
P03160,徐佳可,女,42,40-44,有未成年孩子,上班族,office_worker,销售经理,上海户籍,上海,,,
P03161,李轩羽,男,43,40-44,有未成年孩子,服务业者,service_worker,理发师,外省市户籍,江苏,,,
P03162,刘曦怡,女,47,45-49,有未成年孩子,服务业者,service_worker,酒店服务人员,外省市户籍,浙江,,,
P03163,李知,女,44,40-44,有成年孩子,服务业者,service_worker,健身教练,上海户籍,上海,,,
P03164,王婷羽,女,33,30-34,有未成年孩子,上班族,office_worker,行政专员,外省市户籍,山东,,,
P03165,刘安,男,37,35-39,有未成年孩子,上班族,office_worker,项目经理,上海户籍,上海,,,
P03166,胡俊嘉,男,20,18-24,无需要照顾的孩子,服务业者,service_worker,健身教练,外省市户籍,安徽,,,
P03167,唐清轩,男,48,45-49,有未成年孩子,体力劳动者,manual_worker,仓库操作员,外省市户籍,安徽,,,
P03168,赵俊,男,25,25-29,无需要照顾的孩子,服务业者,service_worker,理发师,外省市户籍,江苏,,,
P03169,陈远轩,男,31,30-34,有未成年孩子,服务业者,service_worker,客服,外省市户籍,江苏,,,
P03170,周豪,男,42,40-44,有未成年孩子,上班族,office_worker,业务负责人,外省市户籍,江西,,,
P03171,邓婷源,女,31,30-34,无需要照顾的孩子,上班族,office_worker,销售经理,外省市户籍,浙江,,,
P03172,张嘉睿,男,24,18-24,无需要照顾的孩子,服务业者,service_worker,理发师,上海户籍,上海,,,
P03173,赵欣静,女,38,35-39,有未成年孩子,服务业者,service_worker,理发师,上海户籍,上海,,,
P03174,陈言辰,男,39,35-39,无需要照顾的孩子,上班族,office_worker,区域经理,上海户籍,上海,,,
P03175,张源若,女,38,35-39,有未成年孩子,体力劳动者,manual_worker,电工,外省市户籍,浙江,,,
P03176,胡晓晨,女,28,25-29,有未成年孩子,体力劳动者,manual_worker,配送员,外省市户籍,山东,,,
P03177,王宁,女,18,18-24,无需要照顾的孩子,上班族,office_worker,会计,上海户籍,上海,,,
P03178,张杰嘉,男,23,18-24,无需要照顾的孩子,服务业者,service_worker,客服,上海户籍,上海,,,
P03179,梁桐可,女,33,30-34,无需要照顾的孩子,上班族,office_worker,软件工程师,外省市户籍,河南,,,
P03180,杨轩诺,男,40,40-44,有未成年孩子,自由业者,freelancer,自由销售,上海户籍,上海,,,
P03181,何晨诺,男,32,30-34,有未成年孩子,上班族,office_worker,高级软件工程师,上海户籍,上海,,,
P03182,刘哲远,男,38,35-39,有未成年孩子,上班族,office_worker,项目经理,上海户籍,上海,,,
P03183,张然源,男,28,25-29,无需要照顾的孩子,服务业者,service_worker,餐厅服务员,外省市户籍,河南,,,
P03184,张乐思,女,40,40-44,有成年孩子,上班族,office_worker,行政专员,外省市户籍,安徽,,,
P03185,孙晨思,男,36,35-39,无需要照顾的孩子,自由业者,freelancer,摄影师,外省市户籍,浙江,,,
P03186,朱辰可,男,37,35-39,有未成年孩子,服务业者,service_worker,客服,外省市户籍,江苏,,,
P03187,谢佑晨,男,27,25-29,无需要照顾的孩子,服务业者,service_worker,保安,外省市户籍,安徽,,,
P03188,李思志,男,24,18-24,无需要照顾的孩子,上班族,office_worker,设计师,外省市户籍,江苏,,,
P03189,张诺,女,33,30-34,有未成年孩子,上班族,office_worker,数据分析师,外省市户籍,河南,,,
P03190,胡文乐,男,38,35-39,无需要照顾的孩子,上班族,office_worker,客户经理,外省市户籍,湖北,,,
P03191,梁清子,男,21,18-24,无需要照顾的孩子,服务业者,service_worker,客服,外省市户籍,河南,,,
P03192,黄嘉,男,37,35-39,有未成年孩子,体力劳动者,manual_worker,电工,外省市户籍,江西,,,
P03193,周宁雅,女,43,40-44,无需要照顾的孩子,上班族,office_worker,财务主管,外省市户籍,福建,,,
P03194,吴明子,男,38,35-39,无需要照顾的孩子,上班族,office_worker,客户经理,上海户籍,上海,,,
P03195,刘琪,女,36,35-39,有未成年孩子,上班族,office_worker,销售经理,上海户籍,上海,,,
P03196,徐婉,女,26,25-29,无需要照顾的孩子,上班族,office_worker,数据分析师,外省市户籍,河北,,,
P03197,王思嘉,男,27,25-29,无需要照顾的孩子,服务业者,service_worker,保安,上海户籍,上海,,,
P03198,何乐嘉,男,26,25-29,有未成年孩子,上班族,office_worker,软件工程师,外省市户籍,其他,,,
P03199,黄诺曦,女,39,35-39,有未成年孩子,服务业者,service_worker,美容师,外省市户籍,浙江,,,
P03200,王晨明,男,30,30-34,无需要照顾的孩子,上班族,office_worker,数据分析师,上海户籍,上海,,,
P03201,林文安,男,21,18-24,无需要照顾的孩子,自由业者,freelancer,翻译,上海户籍,上海,,,
P03202,张晴雅,女,24,18-24,无需要照顾的孩子,体力劳动者,manual_worker,安装工,上海户籍,上海,,,
P03203,刘辰,女,25,25-29,有未成年孩子,体力劳动者,manual_worker,建筑工人,上海户籍,上海,,,
P03204,周昊,男,26,25-29,有未成年孩子,上班族,office_worker,数据分析师,外省市户籍,浙江,,,
P03205,周嫣若,女,42,40-44,有未成年孩子,上班族,office_worker,高级运营专员,外省市户籍,安徽,,,
P03206,朱佑源,男,30,30-34,无需要照顾的孩子,服务业者,service_worker,美容师,外省市户籍,广东,,,
P03207,陈宁,女,23,18-24,无需要照顾的孩子,大学生,university_student,硕士研究生,外省市户籍,福建,,,
P03208,王嘉彤,女,49,45-49,有成年孩子,服务业者,service_worker,房产经纪,上海户籍,上海,,,
P03209,刘诺,女,39,35-39,有未成年孩子,上班族,office_worker,财务主管,上海户籍,上海,,,
P03210,王嘉知,男,21,18-24,无需要照顾的孩子,大学生,university_student,硕士研究生,上海户籍,上海,,,
P03211,梁欣宁,女,39,35-39,有未成年孩子,体力劳动者,manual_worker,设备操作员,上海户籍,上海,,,
P03212,林辰,女,33,30-34,无需要照顾的孩子,体力劳动者,manual_worker,搬运工,上海户籍,上海,,,
P03213,刘泽,男,27,25-29,无需要照顾的孩子,上班族,office_worker,设计师,上海户籍,上海,,,
P03214,于嘉诚,男,32,30-34,无需要照顾的孩子,上班族,office_worker,客户专员,外省市户籍,湖南,,,
P03215,张天浩,男,25,25-29,有未成年孩子,服务业者,service_worker,店员,上海户籍,上海,,,
P03216,黄宇可,男,23,18-24,无需要照顾的孩子,大学生,university_student,本科生,外省市户籍,江苏,,,
P03217,陈涵婷,女,29,25-29,无需要照顾的孩子,上班族,office_worker,采购专员,外省市户籍,湖北,,,
P03218,许然俊,男,28,25-29,无需要照顾的孩子,上班族,office_worker,客户经理,上海户籍,上海,,,
P03219,张阳思,男,19,18-24,无需要照顾的孩子,服务业者,service_worker,健身教练,外省市户籍,湖北,,,
P03220,刘豪源,男,31,30-34,无需要照顾的孩子,体力劳动者,manual_worker,配送员,外省市户籍,江西,,,
P03221,马浩言,男,32,30-34,无需要照顾的孩子,上班族,office_worker,产品经理,外省市户籍,浙江,,,
P03222,孙杰,男,37,35-39,有未成年孩子,上班族,office_worker,高级项目经理,外省市户籍,安徽,,,
P03223,刘辰梓,男,37,35-39,有未成年孩子,上班族,office_worker,产品经理,外省市户籍,湖北,,,
P03224,李豪豪,男,18,18-24,有未成年孩子,上班族,office_worker,会计,上海户籍,上海,,,
P03225,王晓雨,女,19,18-24,无需要照顾的孩子,服务业者,service_worker,店员,外省市户籍,浙江,,,
P03226,吴可知,女,25,25-29,无需要照顾的孩子,上班族,office_worker,运营专员,上海户籍,上海,,,
P03227,何宁思,女,32,30-34,有未成年孩子,大学生,university_student,博士研究生,外省市户籍,安徽,,,
P03228,黄琪乐,女,39,35-39,有未成年孩子,自由业者,freelancer,独立程序员,外省市户籍,安徽,,,
P03229,郑欣涵,女,27,25-29,无需要照顾的孩子,上班族,office_worker,销售代表,上海户籍,上海,,,
P03230,王泽轩,男,30,30-34,无需要照顾的孩子,上班族,office_worker,销售经理,上海户籍,上海,,,
P03231,王佑,男,33,30-34,无需要照顾的孩子,体力劳动者,manual_worker,维修技师,外省市户籍,山东,,,
P03232,梁嘉言,男,43,40-44,无需要照顾的孩子,上班族,office_worker,财务主管,上海户籍,上海,,,
P03233,张阳,男,47,45-49,无需要照顾的孩子,上班族,office_worker,产品经理,上海户籍,上海,,,
P03234,王可欣,女,48,45-49,有未成年孩子,自由业者,freelancer,自由设计师,外省市户籍,河北,,,
P03235,冯泽诚,男,43,40-44,有未成年孩子,自由业者,freelancer,摄影师,上海户籍,上海,,,
P03236,张明思,男,49,45-49,有未成年孩子,上班族,office_worker,部门经理,上海户籍,上海,,,
P03237,陈诚文,男,35,35-39,无需要照顾的孩子,体力劳动者,manual_worker,安装工,外省市户籍,福建,,,
P03238,王宁,男,21,18-24,无需要照顾的孩子,上班族,office_worker,设计师,上海户籍,上海,,,
P03239,马彤佳,女,32,30-34,有未成年孩子,自由业者,freelancer,自媒体从业者,外省市户籍,浙江,,,
P03240,陈辰哲,男,31,30-34,有未成年孩子,上班族,office_worker,运营专员,外省市户籍,河北,,,
P03241,林怡宁,女,36,35-39,有未成年孩子,体力劳动者,manual_worker,配送员,外省市户籍,江苏,,,
P03242,张子文,男,20,18-24,无需要照顾的孩子,大学生,university_student,本科生,外省市户籍,湖北,,,
P03243,郭星豪,男,25,25-29,无需要照顾的孩子,大学生,university_student,硕士研究生,外省市户籍,江苏,,,
P03244,吴诗晓,女,27,25-29,无需要照顾的孩子,上班族,office_worker,采购经理,外省市户籍,安徽,,,
P03245,黄晓,女,46,45-49,有成年孩子,上班族,office_worker,区域经理,外省市户籍,江苏,,,
P03246,刘宁语,女,36,35-39,有未成年孩子,服务业者,service_worker,健身教练,外省市户籍,安徽,,,
P03247,罗辰清,男,32,30-34,有未成年孩子,自由业者,freelancer,摄影师,外省市户籍,山东,,,
P03248,刘辰,男,45,45-49,有未成年孩子,自由业者,freelancer,自媒体从业者,外省市户籍,四川,,,
P03249,马昊,男,28,25-29,无需要照顾的孩子,体力劳动者,manual_worker,焊工,外省市户籍,安徽,,,
P03250,胡豪远,男,30,30-34,无需要照顾的孩子,服务业者,service_worker,酒店服务人员,外省市户籍,江苏,,,
P03251,陈安怡,女,44,40-44,无需要照顾的孩子,上班族,office_worker,部门经理,外省市户籍,江苏,,,
P03252,孙清天,男,43,40-44,有未成年孩子,服务业者,service_worker,房产经纪,外省市户籍,江苏,,,
P03253,董羽思,女,23,18-24,无需要照顾的孩子,大学生,university_student,硕士研究生,外省市户籍,山东,,,
P03254,刘佑,男,28,25-29,无需要照顾的孩子,上班族,office_worker,产品经理,外省市户籍,河南,,,
P03255,许静,女,30,30-34,有未成年孩子,上班族,office_worker,项目经理,上海户籍,上海,,,
P03256,赵哲,男,34,30-34,无需要照顾的孩子,体力劳动者,manual_worker,维修技师,外省市户籍,江苏,,,
P03257,杨清浩,男,34,30-34,无需要照顾的孩子,体力劳动者,manual_worker,司机,上海户籍,上海,,,
P03258,王可,男,48,45-49,有未成年孩子,自由业者,freelancer,自由销售,外省市户籍,江苏,,,
P03259,张昊,男,23,18-24,无需要照顾的孩子,大学生,university_student,硕士研究生,外省市户籍,其他,,,
P03260,赵文知,男,47,45-49,有成年孩子,上班族,office_worker,高级软件工程师,上海户籍,上海,,,
P03261,孙曦源,女,36,35-39,有未成年孩子,体力劳动者,manual_worker,仓库操作员,上海户籍,上海,,,
P03262,董宁佳,女,38,35-39,有未成年孩子,服务业者,service_worker,餐厅服务员,上海户籍,上海,,,
P03263,刘诺心,女,29,25-29,有未成年孩子,上班族,office_worker,会计,上海户籍,上海,,,
P03264,于阳,男,31,30-34,有未成年孩子,体力劳动者,manual_worker,维修技师,上海户籍,上海,,,
P03265,郑雅心,女,42,40-44,有未成年孩子,服务业者,service_worker,美容师,上海户籍,上海,,,
P03266,朱诗清,女,46,45-49,有成年孩子,上班族,office_worker,业务负责人,上海户籍,上海,,,
P03267,张子,女,28,25-29,无需要照顾的孩子,服务业者,service_worker,美容师,外省市户籍,河南,,,
P03268,吴可天,男,37,35-39,有未成年孩子,上班族,office_worker,采购经理,上海户籍,上海,,,
P03269,周羽,女,26,25-29,无需要照顾的孩子,上班族,office_worker,会计,外省市户籍,河北,,,
P03270,何嘉,男,31,30-34,有未成年孩子,自由业者,freelancer,自由设计师,外省市户籍,四川,,,
P03271,张语思,女,27,25-29,无需要照顾的孩子,体力劳动者,manual_worker,维修技师,外省市户籍,湖南,,,
P03272,梁轩昊,男,42,40-44,有未成年孩子,上班族,office_worker,高级项目经理,外省市户籍,四川,,,
P03273,杨清一,男,42,40-44,有未成年孩子,上班族,office_worker,数据分析师,上海户籍,上海,,,
P03274,曹佳,女,19,18-24,无需要照顾的孩子,服务业者,service_worker,保安,外省市户籍,河南,,,
P03275,陈宁浩,男,29,25-29,无需要照顾的孩子,上班族,office_worker,运营专员,上海户籍,上海,,,
P03276,赵诺婷,女,19,18-24,无需要照顾的孩子,上班族,office_worker,客户专员,外省市户籍,江苏,,,
P03277,王明,男,28,25-29,无需要照顾的孩子,自由业者,freelancer,自由销售,外省市户籍,浙江,,,
P03278,刘楷,男,49,45-49,有成年孩子,体力劳动者,manual_worker,司机,上海户籍,上海,,,
P03279,袁星清,女,40,40-44,有未成年孩子,服务业者,service_worker,餐厅服务员,外省市户籍,福建,,,
P03280,陈辰心,女,23,18-24,无需要照顾的孩子,大学生,university_student,硕士研究生,外省市户籍,江苏,,,
P03281,王雅源,女,42,40-44,有未成年孩子,上班族,office_worker,技术经理,外省市户籍,山东,,,
P03282,胡天子,男,22,18-24,无需要照顾的孩子,上班族,office_worker,客户专员,外省市户籍,江西,,,
P03283,刘嘉乐,男,45,45-49,有成年孩子,服务业者,service_worker,理发师,外省市户籍,安徽,,,
P03284,冯涵言,女,41,40-44,有成年孩子,服务业者,service_worker,店员,外省市户籍,河南,,,
P03285,刘知辰,女,39,35-39,有未成年孩子,服务业者,service_worker,酒店服务人员,上海户籍,上海,,,
P03286,陈可,女,43,40-44,无需要照顾的孩子,上班族,office_worker,客户经理,上海户籍,上海,,,
P03287,吴一宁,女,49,45-49,有成年孩子,上班族,office_worker,项目经理,上海户籍,上海,,,
P03288,张思,男,42,40-44,有未成年孩子,服务业者,service_worker,店员,上海户籍,上海,,,
P03289,李思知,女,31,30-34,有未成年孩子,上班族,office_worker,项目经理,外省市户籍,湖北,,,
P03290,王言知,女,44,40-44,有成年孩子,服务业者,service_worker,厨师,外省市户籍,江苏,,,
P03291,李思,男,48,45-49,有未成年孩子,上班族,office_worker,财务经理,上海户籍,上海,,,
P03292,周若晨,女,25,25-29,无需要照顾的孩子,上班族,office_worker,高级软件工程师,外省市户籍,其他,,,
P03293,孙睿轩,男,29,25-29,无需要照顾的孩子,上班族,office_worker,会计,上海户籍,上海,,,
P03294,朱乐诺,男,26,25-29,无需要照顾的孩子,上班族,office_worker,运营专员,上海户籍,上海,,,
P03295,陈诺宁,男,49,45-49,有未成年孩子,体力劳动者,manual_worker,安装工,外省市户籍,安徽,,,
P03296,刘远嘉,男,46,45-49,有未成年孩子,体力劳动者,manual_worker,司机,上海户籍,上海,,,
P03297,赵思辰,女,31,30-34,无需要照顾的孩子,上班族,office_worker,高级产品经理,外省市户籍,河南,,,
P03298,陈梓昊,男,28,25-29,无需要照顾的孩子,体力劳动者,manual_worker,建筑工人,外省市户籍,四川,,,
P03299,马涵静,女,22,18-24,无需要照顾的孩子,服务业者,service_worker,房产经纪,上海户籍,上海,,,
P03300,黄俊,男,18,18-24,无需要照顾的孩子,大学生,university_student,本科生,外省市户籍,江苏,,,
P03301,郑诺,女,39,35-39,无需要照顾的孩子,上班族,office_worker,客户专员,上海户籍,上海,,,
P03302,张静涵,女,22,18-24,有未成年孩子,大学生,university_student,本科生,外省市户籍,江苏,,,
P03303,黄晨阳,男,26,25-29,有未成年孩子,上班族,office_worker,销售代表,外省市户籍,河南,,,
P03304,周辰诗,女,43,40-44,有成年孩子,上班族,office_worker,客户专员,外省市户籍,江苏,,,
P03305,吴志辰,男,30,30-34,无需要照顾的孩子,自由业者,freelancer,自媒体从业者,外省市户籍,山东,,,
P03306,张星,女,45,45-49,有未成年孩子,服务业者,service_worker,收银员,上海户籍,上海,,,
P03307,杨景,男,48,45-49,有成年孩子,体力劳动者,manual_worker,焊工,上海户籍,上海,,,
P03308,刘诺晴,女,47,45-49,有成年孩子,服务业者,service_worker,厨师,上海户籍,上海,,,
P03309,韩思景,男,49,45-49,有未成年孩子,上班族,office_worker,设计师,外省市户籍,河南,,,
P03310,胡然梓,男,36,35-39,有未成年孩子,上班族,office_worker,财务主管,上海户籍,上海,,,
P03311,孙宇俊,男,28,25-29,无需要照顾的孩子,自由业者,freelancer,独立程序员,外省市户籍,安徽,,,
P03312,陈可,女,40,40-44,有未成年孩子,上班族,office_worker,销售代表,外省市户籍,浙江,,,
P03313,赵星嘉,女,25,25-29,有未成年孩子,上班族,office_worker,运营专员,外省市户籍,安徽,,,
P03314,杨瑶曦,女,38,35-39,有未成年孩子,上班族,office_worker,客户经理,上海户籍,上海,,,
P03315,陈子,男,34,30-34,无需要照顾的孩子,服务业者,service_worker,理发师,上海户籍,上海,,,
P03316,杨安,男,36,35-39,无需要照顾的孩子,上班族,office_worker,采购经理,上海户籍,上海,,,
P03317,李心源,男,25,25-29,无需要照顾的孩子,服务业者,service_worker,理发师,外省市户籍,河南,,,
P03318,杨诗佳,女,38,35-39,有未成年孩子,上班族,office_worker,高级运营专员,外省市户籍,安徽,,,
P03319,高乐,女,36,35-39,有未成年孩子,上班族,office_worker,财务专员,外省市户籍,江西,,,
P03320,黄嫣,女,38,35-39,有未成年孩子,服务业者,service_worker,美容师,外省市户籍,福建,,,
P03321,陈杰轩,男,41,40-44,有成年孩子,体力劳动者,manual_worker,焊工,外省市户籍,山东,,,
P03322,宋晴晓,女,26,25-29,有未成年孩子,自由业者,freelancer,独立程序员,外省市户籍,浙江,,,
P03323,黄宁景,男,31,30-34,有未成年孩子,服务业者,service_worker,房产经纪,上海户籍,上海,,,
P03324,刘哲楷,男,32,30-34,无需要照顾的孩子,上班族,office_worker,高级软件工程师,外省市户籍,江苏,,,
P03325,李佳瑶,女,39,35-39,有成年孩子,服务业者,service_worker,美容师,外省市户籍,安徽,,,
P03326,陈怡辰,女,32,30-34,无需要照顾的孩子,大学生,university_student,硕士研究生,上海户籍,上海,,,
P03327,张昊俊,男,31,30-34,无需要照顾的孩子,上班族,office_worker,运营专员,上海户籍,上海,,,
P03328,王晴语,女,25,25-29,有未成年孩子,服务业者,service_worker,餐厅服务员,上海户籍,上海,,,
P03329,陈怡心,女,36,35-39,有未成年孩子,服务业者,service_worker,保安,外省市户籍,四川,,,
P03330,刘景,男,22,18-24,无需要照顾的孩子,上班族,office_worker,采购专员,外省市户籍,四川,,,
P03331,刘晓,女,21,18-24,无需要照顾的孩子,体力劳动者,manual_worker,维修技师,外省市户籍,河南,,,
P03332,赵心然,男,49,45-49,有未成年孩子,体力劳动者,manual_worker,配送员,上海户籍,上海,,,
P03333,王清,女,32,30-34,无需要照顾的孩子,体力劳动者,manual_worker,安装工,外省市户籍,江西,,,
P03334,张明子,男,39,35-39,无需要照顾的孩子,服务业者,service_worker,房产经纪,上海户籍,上海,,,
P03335,张羽思,女,30,30-34,无需要照顾的孩子,上班族,office_worker,采购经理,外省市户籍,安徽,,,
P03336,林嘉睿,男,41,40-44,无需要照顾的孩子,上班族,office_worker,产品经理,外省市户籍,江西,,,
P03337,杨欣,女,25,25-29,无需要照顾的孩子,大学生,university_student,本科生,上海户籍,上海,,,
P03338,陈宁远,女,34,30-34,无需要照顾的孩子,上班族,office_worker,采购经理,上海户籍,上海,,,
P03339,周嘉阳,男,31,30-34,有未成年孩子,上班族,office_worker,运营专员,外省市户籍,河南,,,
P03340,刘晨心,男,37,35-39,有未成年孩子,服务业者,service_worker,保安,上海户籍,上海,,,
P03341,谢晨言,男,30,30-34,无需要照顾的孩子,上班族,office_worker,客户经理,上海户籍,上海,,,
P03342,黄辰婉,女,27,25-29,无需要照顾的孩子,服务业者,service_worker,酒店服务人员,外省市户籍,四川,,,
P03343,谢杰辰,男,36,35-39,有未成年孩子,上班族,office_worker,项目经理,外省市户籍,湖北,,,
P03344,张宁嘉,女,23,18-24,无需要照顾的孩子,大学生,university_student,硕士研究生,外省市户籍,湖北,,,
P03345,张远嘉,男,31,30-34,有未成年孩子,体力劳动者,manual_worker,建筑工人,上海户籍,上海,,,
P03346,杨彤,女,41,40-44,无需要照顾的孩子,服务业者,service_worker,理发师,外省市户籍,河南,,,
P03347,王言,男,33,30-34,有未成年孩子,上班族,office_worker,数据分析师,上海户籍,上海,,,
P03348,周晴,女,26,25-29,无需要照顾的孩子,服务业者,service_worker,健身教练,上海户籍,上海,,,
P03349,黄怡,女,38,35-39,有未成年孩子,服务业者,service_worker,美容师,上海户籍,上海,,,
P03350,梁晓琪,女,39,35-39,有未成年孩子,上班族,office_worker,高级软件工程师,外省市户籍,福建,,,
P03351,何羽,男,34,30-34,无需要照顾的孩子,上班族,office_worker,运营专员,外省市户籍,江西,,,
P03352,程静子,女,31,30-34,有未成年孩子,上班族,office_worker,设计师,外省市户籍,江苏,,,
P03353,唐佑俊,男,22,18-24,无需要照顾的孩子,上班族,office_worker,设计师,上海户籍,上海,,,
P03354,高涵,女,18,18-24,无需要照顾的孩子,体力劳动者,manual_worker,仓库操作员,外省市户籍,浙江,,,
P03355,陈哲杰,男,47,45-49,无需要照顾的孩子,上班族,office_worker,销售经理,上海户籍,上海,,,
P03356,黄可昊,男,20,18-24,无需要照顾的孩子,自由业者,freelancer,私教,外省市户籍,江苏,,,
P03357,王晓,女,29,25-29,无需要照顾的孩子,自由业者,freelancer,自媒体从业者,外省市户籍,湖北,,,
P03358,林哲佑,男,25,25-29,无需要照顾的孩子,自由业者,freelancer,私教,外省市户籍,浙江,,,
P03359,刘瑶心,女,31,30-34,无需要照顾的孩子,上班族,office_worker,高级软件工程师,外省市户籍,浙江,,,
P03360,张楷,男,21,18-24,无需要照顾的孩子,服务业者,service_worker,厨师,外省市户籍,山东,,,
P03361,杨瑶,女,18,18-24,无需要照顾的孩子,服务业者,service_worker,理发师,外省市户籍,其他,,,
P03362,陈雨,女,35,35-39,有未成年孩子,体力劳动者,manual_worker,电工,外省市户籍,其他,,,
P03363,谢晨羽,男,46,45-49,有未成年孩子,自由业者,freelancer,翻译,上海户籍,上海,,,
P03364,唐梦宁,女,34,30-34,有未成年孩子,上班族,office_worker,项目经理,外省市户籍,其他,,,
P03365,陈若晴,女,36,35-39,有未成年孩子,服务业者,service_worker,健身教练,上海户籍,上海,,,
P03366,刘远琪,女,40,40-44,有未成年孩子,自由业者,freelancer,摄影师,上海户籍,上海,,,
P03367,黄诺瑶,女,32,30-34,无需要照顾的孩子,体力劳动者,manual_worker,司机,上海户籍,上海,,,
P03368,王安曦,女,32,30-34,无需要照顾的孩子,上班族,office_worker,销售经理,上海户籍,上海,,,
P03369,高可思,女,34,30-34,有未成年孩子,自由业者,freelancer,咨询顾问,上海户籍,上海,,,
P03370,陈嘉子,男,35,35-39,有未成年孩子,体力劳动者,manual_worker,建筑工人,外省市户籍,河南,,,
P03371,吴彤嫣,女,37,35-39,有未成年孩子,服务业者,service_worker,厨师,上海户籍,上海,,,
P03372,朱宇豪,男,38,35-39,有未成年孩子,上班族,office_worker,财务主管,上海户籍,上海,,,
P03373,郑琪梦,女,18,18-24,无需要照顾的孩子,服务业者,service_worker,客服,上海户籍,上海,,,
P03374,罗杰,男,39,35-39,有成年孩子,上班族,office_worker,数据分析师,上海户籍,上海,,,
P03375,刘乐,女,38,35-39,有未成年孩子,上班族,office_worker,软件工程师,外省市户籍,江苏,,,
P03376,王乐彤,女,39,35-39,有未成年孩子,上班族,office_worker,采购经理,外省市户籍,河南,,,
P03377,陈安言,女,30,30-34,有未成年孩子,体力劳动者,manual_worker,电工,外省市户籍,江西,,,
P03378,高远雨,女,40,40-44,有未成年孩子,自由业者,freelancer,咨询顾问,外省市户籍,安徽,,,
P03379,吴佳乐,女,26,25-29,无需要照顾的孩子,上班族,office_worker,行政专员,外省市户籍,浙江,,,
P03380,郑可语,女,38,35-39,有未成年孩子,服务业者,service_worker,理发师,外省市户籍,浙江,,,
P03381,王豪辰,男,28,25-29,无需要照顾的孩子,自由业者,freelancer,自媒体从业者,外省市户籍,河南,,,
P03382,张知诗,女,42,40-44,有成年孩子,体力劳动者,manual_worker,司机,上海户籍,上海,,,
P03383,刘源星,男,37,35-39,有未成年孩子,体力劳动者,manual_worker,仓库操作员,外省市户籍,安徽,,,
P03384,刘辰子,男,43,40-44,无需要照顾的孩子,体力劳动者,manual_worker,仓库操作员,外省市户籍,安徽,,,
P03385,王子晴,女,28,25-29,无需要照顾的孩子,上班族,office_worker,数据分析师,上海户籍,上海,,,
P03386,王宁轩,男,47,45-49,有未成年孩子,服务业者,service_worker,酒店服务人员,上海户籍,上海,,,
P03387,刘阳天,男,33,30-34,有未成年孩子,上班族,office_worker,客户经理,外省市户籍,浙江,,,
P03388,于桐思,女,39,35-39,有未成年孩子,上班族,office_worker,销售代表,上海户籍,上海,,,
P03389,李杰豪,男,24,18-24,无需要照顾的孩子,服务业者,service_worker,酒店服务人员,上海户籍,上海,,,
P03390,张文楷,男,28,25-29,无需要照顾的孩子,服务业者,service_worker,酒店服务人员,外省市户籍,江苏,,,
P03391,刘轩辰,男,33,30-34,有成年孩子,上班族,office_worker,采购专员,上海户籍,上海,,,
P03392,李婷欣,女,45,45-49,有未成年孩子,自由业者,freelancer,翻译,外省市户籍,河北,,,
P03393,徐羽浩,男,22,18-24,无需要照顾的孩子,大学生,university_student,本科生,外省市户籍,河南,,,
P03394,李晓,女,43,40-44,有未成年孩子,服务业者,service_worker,美容师,外省市户籍,湖南,,,
P03395,李一睿,男,46,45-49,有未成年孩子,上班族,office_worker,采购专员,外省市户籍,四川,,,
P03396,张杰阳,男,26,25-29,无需要照顾的孩子,上班族,office_worker,设计师,外省市户籍,山东,,,
P03397,王婷彤,女,47,45-49,有未成年孩子,自由业者,freelancer,摄影师,上海户籍,上海,,,
P03398,李婷,女,47,45-49,有未成年孩子,上班族,office_worker,客户专员,上海户籍,上海,,,
P03399,王怡,女,39,35-39,有未成年孩子,上班族,office_worker,销售经理,上海户籍,上海,,,
P03400,杨羽,女,39,35-39,有未成年孩子,服务业者,service_worker,理发师,外省市户籍,浙江,,,
P03401,周楷文,男,43,40-44,无需要照顾的孩子,体力劳动者,manual_worker,司机,上海户籍,上海,,,
P03402,胡楷睿,男,41,40-44,有未成年孩子,上班族,office_worker,运营经理,上海户籍,上海,,,
P03403,周子怡,女,21,18-24,无需要照顾的孩子,服务业者,service_worker,保安,外省市户籍,江苏,,,
P03404,张涵欣,女,44,40-44,有未成年孩子,上班族,office_worker,高级软件工程师,上海户籍,上海,,,
P03405,周轩,男,32,30-34,有未成年孩子,大学生,university_student,硕士研究生,外省市户籍,湖北,,,
P03406,胡瑶宁,女,32,30-34,有未成年孩子,体力劳动者,manual_worker,司机,上海户籍,上海,,,
P03407,林涵子,女,34,30-34,无需要照顾的孩子,体力劳动者,manual_worker,设备操作员,外省市户籍,河南,,,
P03408,陈俊,男,24,18-24,无需要照顾的孩子,服务业者,service_worker,健身教练,外省市户籍,浙江,,,
P03409,李一佳,女,44,40-44,无需要照顾的孩子,服务业者,service_worker,健身教练,外省市户籍,浙江,,,
P03410,黄桐远,女,33,30-34,有未成年孩子,服务业者,service_worker,客服,上海户籍,上海,,,
P03411,何辰,女,30,30-34,有未成年孩子,体力劳动者,manual_worker,快递员,外省市户籍,安徽,,,
P03412,周嘉远,男,35,35-39,有未成年孩子,上班族,office_worker,销售经理,外省市户籍,浙江,,,
P03413,何辰嘉,女,44,40-44,有未成年孩子,上班族,office_worker,人力资源经理,外省市户籍,江苏,,,
P03414,李远哲,男,29,25-29,无需要照顾的孩子,上班族,office_worker,客户专员,外省市户籍,江苏,,,
P03415,吴文心,男,39,35-39,有未成年孩子,上班族,office_worker,销售代表,上海户籍,上海,,,
P03416,王佑,男,41,40-44,有未成年孩子,体力劳动者,manual_worker,搬运工,外省市户籍,江苏,,,
P03417,李远安,女,31,30-34,有未成年孩子,服务业者,service_worker,房产经纪,上海户籍,上海,,,
P03418,陈子哲,男,41,40-44,有未成年孩子,上班族,office_worker,采购经理,上海户籍,上海,,,
P03419,张景俊,男,44,40-44,有成年孩子,上班族,office_worker,财务专员,上海户籍,上海,,,
P03420,陈诚泽,男,32,30-34,有未成年孩子,上班族,office_worker,软件工程师,外省市户籍,江苏,,,
P03421,李心桐,女,31,30-34,有未成年孩子,服务业者,service_worker,房产经纪,外省市户籍,安徽,,,
P03422,胡浩诚,男,35,35-39,有未成年孩子,上班族,office_worker,销售代表,上海户籍,上海,,,
P03423,李楷清,男,21,18-24,有未成年孩子,大学生,university_student,本科生,外省市户籍,浙江,,,
P03424,孙知,女,30,30-34,有未成年孩子,上班族,office_worker,财务经理,上海户籍,上海,,,
P03425,孙诺思,女,29,25-29,无需要照顾的孩子,服务业者,service_worker,客服,外省市户籍,福建,,,
P03426,刘乐明,男,47,45-49,有成年孩子,服务业者,service_worker,店员,外省市户籍,浙江,,,
P03427,周浩远,男,32,30-34,无需要照顾的孩子,上班族,office_worker,软件工程师,外省市户籍,安徽,,,
P03428,罗源子,男,33,30-34,无需要照顾的孩子,上班族,office_worker,数据分析师,上海户籍,上海,,,
P03429,陈远婷,女,47,45-49,有未成年孩子,上班族,office_worker,设计师,外省市户籍,江苏,,,
P03430,徐言诺,女,38,35-39,有未成年孩子,服务业者,service_worker,健身教练,上海户籍,上海,,,
P03431,张怡欣,女,30,30-34,有未成年孩子,服务业者,service_worker,酒店服务人员,上海户籍,上海,,,
P03432,赵可言,男,30,30-34,有未成年孩子,上班族,office_worker,数据分析师,外省市户籍,四川,,,
P03433,徐子,女,20,18-24,有未成年孩子,大学生,university_student,本科生,上海户籍,上海,,,
P03434,张哲嘉,男,30,30-34,有未成年孩子,体力劳动者,manual_worker,搬运工,外省市户籍,江西,,,
P03435,杨静梦,女,21,18-24,无需要照顾的孩子,服务业者,service_worker,保安,外省市户籍,浙江,,,
P03436,刘晨嘉,男,32,30-34,有未成年孩子,上班族,office_worker,项目经理,上海户籍,上海,,,
P03437,赵哲远,男,44,40-44,无需要照顾的孩子,服务业者,service_worker,店员,外省市户籍,江苏,,,
P03438,陈嘉俊,男,41,40-44,无需要照顾的孩子,体力劳动者,manual_worker,搬运工,外省市户籍,浙江,,,
P03439,孙诺嘉,女,27,25-29,无需要照顾的孩子,上班族,office_worker,运营专员,上海户籍,上海,,,
P03440,王涵,女,35,35-39,无需要照顾的孩子,体力劳动者,manual_worker,快递员,外省市户籍,江苏,,,
P03441,李羽,男,29,25-29,无需要照顾的孩子,上班族,office_worker,销售代表,外省市户籍,江西,,,
P03442,王宇晨,男,28,25-29,无需要照顾的孩子,大学生,university_student,硕士研究生,外省市户籍,福建,,,
P03443,刘豪豪,男,29,25-29,有未成年孩子,大学生,university_student,硕士研究生,外省市户籍,安徽,,,
P03444,孙宁思,男,25,25-29,无需要照顾的孩子,服务业者,service_worker,房产经纪,外省市户籍,浙江,,,
P03445,梁晓,女,34,30-34,无需要照顾的孩子,上班族,office_worker,客户经理,外省市户籍,其他,,,
P03446,王一可,女,28,25-29,有未成年孩子,自由业者,freelancer,网店经营者,外省市户籍,江苏,,,
P03447,陈诺远,女,25,25-29,无需要照顾的孩子,上班族,office_worker,数据分析师,外省市户籍,江西,,,
P03448,张辰佳,女,34,30-34,有未成年孩子,上班族,office_worker,财务专员,外省市户籍,江苏,,,
P03449,王言豪,男,28,25-29,无需要照顾的孩子,自由业者,freelancer,自由设计师,外省市户籍,其他,,,
P03450,李源宁,女,24,18-24,无需要照顾的孩子,服务业者,service_worker,房产经纪,外省市户籍,河南,,,
P03451,李嘉子,女,37,35-39,有未成年孩子,服务业者,service_worker,酒店前台,外省市户籍,安徽,,,
P03452,韩欣嫣,女,28,25-29,有未成年孩子,自由业者,freelancer,独立程序员,上海户籍,上海,,,
P03453,杨志梓,男,33,30-34,无需要照顾的孩子,体力劳动者,manual_worker,搬运工,外省市户籍,安徽,,,
P03454,张婷羽,女,32,30-34,有未成年孩子,上班族,office_worker,产品经理,外省市户籍,湖南,,,
P03455,李曦晓,女,32,30-34,无需要照顾的孩子,上班族,office_worker,销售代表,上海户籍,上海,,,
P03456,李远欣,女,34,30-34,有未成年孩子,自由业者,freelancer,咨询顾问,外省市户籍,安徽,,,
P03457,吴心心,男,33,30-34,有未成年孩子,上班族,office_worker,采购经理,外省市户籍,江苏,,,
P03458,黄晨阳,男,41,40-44,有未成年孩子,自由业者,freelancer,自由设计师,上海户籍,上海,,,
P03459,韩昊阳,男,29,25-29,无需要照顾的孩子,服务业者,service_worker,客服,外省市户籍,湖南,,,
P03460,刘晨明,男,38,35-39,无需要照顾的孩子,上班族,office_worker,采购经理,外省市户籍,江苏,,,
P03461,刘婉,女,41,40-44,有未成年孩子,服务业者,service_worker,客服,外省市户籍,安徽,,,
P03462,黄婷可,女,21,18-24,无需要照顾的孩子,服务业者,service_worker,保安,上海户籍,上海,,,
P03463,孙言豪,男,27,25-29,有未成年孩子,体力劳动者,manual_worker,电工,外省市户籍,湖南,,,
P03464,杨梦羽,女,30,30-34,有未成年孩子,上班族,office_worker,产品经理,上海户籍,上海,,,
P03465,胡可语,女,44,40-44,有未成年孩子,体力劳动者,manual_worker,设备操作员,上海户籍,上海,,,
P03466,孙辰志,男,30,30-34,有未成年孩子,服务业者,service_worker,酒店服务人员,上海户籍,上海,,,
P03467,冯心轩,男,40,40-44,有未成年孩子,上班族,office_worker,高级产品经理,外省市户籍,江西,,,
P03468,林知安,男,29,25-29,有未成年孩子,体力劳动者,manual_worker,搬运工,上海户籍,上海,,,
P03469,宋思,女,32,30-34,有未成年孩子,服务业者,service_worker,健身教练,外省市户籍,其他,,,
P03470,韩睿源,男,49,45-49,有成年孩子,上班族,office_worker,数据分析师,上海户籍,上海,,,
P03471,朱景,男,19,18-24,无需要照顾的孩子,上班族,office_worker,客户专员,上海户籍,上海,,,
P03472,杨婷瑶,女,37,35-39,有未成年孩子,上班族,office_worker,项目经理,外省市户籍,其他,,,
P03473,陈天哲,男,31,30-34,有未成年孩子,上班族,office_worker,HR经理,外省市户籍,山东,,,
P03474,于心嫣,女,34,30-34,有未成年孩子,上班族,office_worker,高级运营专员,外省市户籍,河北,,,
P03475,马哲远,男,19,18-24,无需要照顾的孩子,服务业者,service_worker,房产经纪,外省市户籍,安徽,,,
P03476,孙晨豪,男,21,18-24,无需要照顾的孩子,上班族,office_worker,行政专员,上海户籍,上海,,,
P03477,王清涵,女,30,30-34,无需要照顾的孩子,体力劳动者,manual_worker,仓库操作员,上海户籍,上海,,,
P03478,杨曦桐,女,38,35-39,有未成年孩子,服务业者,service_worker,店员,上海户籍,上海,,,
P03479,王桐宁,女,38,35-39,有未成年孩子,上班族,office_worker,客户经理,上海户籍,上海,,,
P03480,张一,女,44,40-44,有未成年孩子,自由业者,freelancer,自媒体从业者,上海户籍,上海,,,
P03481,周文星,男,36,35-39,无需要照顾的孩子,服务业者,service_worker,客服,上海户籍,上海,,,
P03482,王文,男,31,30-34,无需要照顾的孩子,上班族,office_worker,运营专员,外省市户籍,江苏,,,
P03483,陈晴静,女,33,30-34,无需要照顾的孩子,服务业者,service_worker,收银员,外省市户籍,湖南,,,
P03484,刘羽星,男,44,40-44,有未成年孩子,上班族,office_worker,人力资源经理,外省市户籍,江西,,,
P03485,刘宁心,女,24,18-24,无需要照顾的孩子,大学生,university_student,本科生,外省市户籍,江苏,,,
P03486,李佑杰,男,43,40-44,有未成年孩子,上班族,office_worker,高级项目经理,上海户籍,上海,,,
P03487,程豪昊,男,33,30-34,无需要照顾的孩子,服务业者,service_worker,客服,上海户籍,上海,,,
P03488,刘宁,女,18,18-24,无需要照顾的孩子,大学生,university_student,本科生,外省市户籍,江苏,,,
P03489,张欣,女,37,35-39,有未成年孩子,服务业者,service_worker,客服,外省市户籍,四川,,,
P03490,徐楷远,男,25,25-29,无需要照顾的孩子,上班族,office_worker,高级软件工程师,外省市户籍,湖北,,,
P03491,黄嘉楷,男,39,35-39,有未成年孩子,上班族,office_worker,客户专员,外省市户籍,湖北,,,
P03492,杨轩哲,男,26,25-29,无需要照顾的孩子,上班族,office_worker,财务专员,外省市户籍,浙江,,,
P03493,唐安轩,男,25,25-29,无需要照顾的孩子,大学生,university_student,硕士研究生,外省市户籍,江西,,,
P03494,郭思怡,女,28,25-29,无需要照顾的孩子,上班族,office_worker,客户经理,外省市户籍,河南,,,
P03495,吴昊哲,男,31,30-34,有未成年孩子,上班族,office_worker,运营经理,上海户籍,上海,,,
P03496,郭羽,男,43,40-44,有未成年孩子,体力劳动者,manual_worker,设备操作员,上海户籍,上海,,,
P03497,梁诗若,女,32,30-34,无需要照顾的孩子,上班族,office_worker,销售代表,上海户籍,上海,,,
P03498,陈星,男,45,45-49,有未成年孩子,服务业者,service_worker,美容师,上海户籍,上海,,,
P03499,李羽博,男,28,25-29,无需要照顾的孩子,上班族,office_worker,采购专员,上海户籍,上海,,,
P03500,赵涵,女,46,45-49,有未成年孩子,上班族,office_worker,高级运营专员,外省市户籍,江苏,,,
P03501,冯宇晨,男,24,18-24,无需要照顾的孩子,上班族,office_worker,会计,上海户籍,上海,,,
P03502,陈晨,男,31,30-34,无需要照顾的孩子,上班族,office_worker,销售经理,上海户籍,上海,,,
P03503,吴一,男,48,45-49,有未成年孩子,体力劳动者,manual_worker,仓库操作员,外省市户籍,江苏,,,
P03504,吴轩阳,男,22,18-24,无需要照顾的孩子,上班族,office_worker,数据分析师,外省市户籍,浙江,,,
P03505,郭文轩,男,46,45-49,有未成年孩子,上班族,office_worker,高级运营专员,外省市户籍,山东,,,
P03506,张豪,男,47,45-49,有成年孩子,上班族,office_worker,销售经理,上海户籍,上海,,,
P03507,冯晨博,男,32,30-34,有未成年孩子,上班族,office_worker,采购经理,外省市户籍,安徽,,,
P03508,林雨佳,女,21,18-24,无需要照顾的孩子,服务业者,service_worker,健身教练,外省市户籍,安徽,,,
P03509,李宁豪,男,28,25-29,有未成年孩子,上班族,office_worker,数据分析师,上海户籍,上海,,,
P03510,孙宁,男,36,35-39,有未成年孩子,上班族,office_worker,采购经理,外省市户籍,广东,,,
P03511,吴羽星,女,25,25-29,无需要照顾的孩子,上班族,office_worker,数据分析师,上海户籍,上海,,,
P03512,李宇涵,男,49,45-49,有未成年孩子,上班族,office_worker,采购经理,上海户籍,上海,,,
P03513,刘楷志,男,32,30-34,无需要照顾的孩子,体力劳动者,manual_worker,搬运工,上海户籍,上海,,,
P03514,刘俊嘉,男,26,25-29,无需要照顾的孩子,上班族,office_worker,高级软件工程师,上海户籍,上海,,,
P03515,梁思婉,女,39,35-39,无需要照顾的孩子,上班族,office_worker,销售经理,上海户籍,上海,,,
P03516,杨佑浩,男,42,40-44,有成年孩子,体力劳动者,manual_worker,配送员,上海户籍,上海,,,
P03517,徐佑思,男,30,30-34,无需要照顾的孩子,服务业者,service_worker,收银员,外省市户籍,安徽,,,
P03518,郑泽志,男,42,40-44,无需要照顾的孩子,体力劳动者,manual_worker,电工,上海户籍,上海,,,
P03519,于星,男,49,45-49,有成年孩子,体力劳动者,manual_worker,焊工,上海户籍,上海,,,
P03520,王心一,男,29,25-29,无需要照顾的孩子,自由业者,freelancer,自媒体从业者,上海户籍,上海,,,
P03521,郑思若,女,26,25-29,无需要照顾的孩子,自由业者,freelancer,私教,外省市户籍,安徽,,,
P03522,宋思晨,男,41,40-44,有成年孩子,体力劳动者,manual_worker,维修技师,外省市户籍,江苏,,,
P03523,许佳心,女,46,45-49,有未成年孩子,体力劳动者,manual_worker,仓库操作员,上海户籍,上海,,,
P03524,董思,男,40,40-44,有未成年孩子,上班族,office_worker,软件工程师,外省市户籍,河南,,,
P03525,何羽文,男,28,25-29,有未成年孩子,上班族,office_worker,运营专员,外省市户籍,浙江,,,
P03526,陈轩清,男,32,30-34,有未成年孩子,上班族,office_worker,客户经理,外省市户籍,浙江,,,
P03527,林瑶思,女,40,40-44,有未成年孩子,服务业者,service_worker,收银员,外省市户籍,江西,,,
P03528,王文明,男,26,25-29,有未成年孩子,服务业者,service_worker,店员,外省市户籍,山东,,,
P03529,陈琪怡,女,27,25-29,无需要照顾的孩子,体力劳动者,manual_worker,安装工,上海户籍,上海,,,
P03530,杨晨婷,女,29,25-29,无需要照顾的孩子,上班族,office_worker,项目经理,外省市户籍,江西,,,
P03531,李宁,女,32,30-34,无需要照顾的孩子,服务业者,service_worker,收银员,上海户籍,上海,,,
P03532,朱晴婉,女,33,30-34,无需要照顾的孩子,上班族,office_worker,高级软件工程师,上海户籍,上海,,,
P03533,王浩天,男,41,40-44,有未成年孩子,上班族,office_worker,HR经理,外省市户籍,江西,,,
P03534,杨清天,男,33,30-34,无需要照顾的孩子,自由业者,freelancer,摄影师,外省市户籍,河南,,,
P03535,王琪思,女,28,25-29,无需要照顾的孩子,上班族,office_worker,运营专员,外省市户籍,河南,,,
P03536,袁嘉天,男,18,18-24,无需要照顾的孩子,服务业者,service_worker,收银员,上海户籍,上海,,,
P03537,张可雨,女,40,40-44,有未成年孩子,体力劳动者,manual_worker,电工,上海户籍,上海,,,
P03538,李诚一,男,28,25-29,无需要照顾的孩子,上班族,office_worker,财务专员,外省市户籍,四川,,,
P03539,李婉晓,女,32,30-34,无需要照顾的孩子,自由业者,freelancer,翻译,外省市户籍,湖北,,,
P03540,陈景嘉,男,32,30-34,有未成年孩子,自由业者,freelancer,摄影师,外省市户籍,安徽,,,
P03541,梁哲心,男,26,25-29,无需要照顾的孩子,上班族,office_worker,行政专员,外省市户籍,浙江,,,
P03542,杨语,女,25,25-29,无需要照顾的孩子,上班族,office_worker,会计,上海户籍,上海,,,
P03543,黄羽远,女,43,40-44,无需要照顾的孩子,服务业者,service_worker,保安,上海户籍,上海,,,
P03544,李然羽,男,30,30-34,有未成年孩子,体力劳动者,manual_worker,司机,上海户籍,上海,,,
P03545,冯雅心,女,44,40-44,有未成年孩子,上班族,office_worker,销售经理,上海户籍,上海,,,
P03546,陈豪,男,35,35-39,有未成年孩子,上班族,office_worker,行政专员,上海户籍,上海,,,
P03547,黄诗子,女,36,35-39,无需要照顾的孩子,上班族,office_worker,软件工程师,外省市户籍,江苏,,,
P03548,谢远杰,男,32,30-34,有未成年孩子,上班族,office_worker,软件工程师,外省市户籍,浙江,,,
P03549,林阳,男,35,35-39,无需要照顾的孩子,上班族,office_worker,技术经理,外省市户籍,其他,,,
P03550,李乐嘉,男,20,18-24,无需要照顾的孩子,大学生,university_student,本科生,外省市户籍,江苏,,,
P03551,王远泽,男,33,30-34,有未成年孩子,上班族,office_worker,运营经理,外省市户籍,安徽,,,
P03552,杨昊一,男,34,30-34,有未成年孩子,自由业者,freelancer,摄影师,外省市户籍,四川,,,
P03553,郑若言,女,33,30-34,有未成年孩子,上班族,office_worker,行政专员,外省市户籍,安徽,,,
P03554,陈辰安,男,23,18-24,无需要照顾的孩子,大学生,university_student,本科生,上海户籍,上海,,,
P03555,杨婉怡,女,44,40-44,无需要照顾的孩子,服务业者,service_worker,店员,上海户籍,上海,,,
P03556,谢彤,女,41,40-44,有未成年孩子,服务业者,service_worker,保安,外省市户籍,山东,,,
P03557,林一辰,男,32,30-34,无需要照顾的孩子,自由业者,freelancer,咨询顾问,上海户籍,上海,,,
P03558,赵语欣,女,43,40-44,有未成年孩子,上班族,office_worker,行政专员,外省市户籍,河南,,,
P03559,吴思宁,女,31,30-34,有未成年孩子,上班族,office_worker,高级软件工程师,外省市户籍,江西,,,
P03560,宋哲,男,31,30-34,有未成年孩子,自由业者,freelancer,自由设计师,上海户籍,上海,,,
P03561,王诚宇,男,30,30-34,有未成年孩子,上班族,office_worker,高级运营专员,外省市户籍,四川,,,
P03562,李宁,女,25,25-29,有未成年孩子,体力劳动者,manual_worker,快递员,外省市户籍,安徽,,,
P03563,陈晴,女,30,30-34,有未成年孩子,上班族,office_worker,采购经理,外省市户籍,山东,,,
P03564,刘天浩,男,28,25-29,无需要照顾的孩子,上班族,office_worker,客户经理,外省市户籍,安徽,,,
P03565,王晨晨,男,26,25-29,无需要照顾的孩子,上班族,office_worker,软件工程师,上海户籍,上海,,,
P03566,李婉思,女,30,30-34,有未成年孩子,上班族,office_worker,财务专员,外省市户籍,浙江,,,
P03567,刘涵佑,男,32,30-34,有未成年孩子,服务业者,service_worker,理发师,上海户籍,上海,,,
P03568,刘楷志,男,26,25-29,有未成年孩子,上班族,office_worker,客户经理,外省市户籍,江西,,,
P03569,王星宇,男,35,35-39,有未成年孩子,服务业者,service_worker,酒店服务人员,外省市户籍,湖北,,,
P03570,陈思,男,28,25-29,有未成年孩子,服务业者,service_worker,餐厅服务员,上海户籍,上海,,,
P03571,陈佑俊,男,35,35-39,有未成年孩子,体力劳动者,manual_worker,维修技师,外省市户籍,安徽,,,
P03572,郑豪景,男,26,25-29,无需要照顾的孩子,服务业者,service_worker,健身教练,外省市户籍,安徽,,,
P03573,陈语嫣,女,25,25-29,有未成年孩子,服务业者,service_worker,收银员,上海户籍,上海,,,
P03574,赵梦安,女,36,35-39,有未成年孩子,体力劳动者,manual_worker,司机,外省市户籍,四川,,,
P03575,王宇晨,男,37,35-39,有未成年孩子,上班族,office_worker,高级软件工程师,上海户籍,上海,,,
P03576,谢怡曦,女,24,18-24,有未成年孩子,体力劳动者,manual_worker,配送员,外省市户籍,河北,,,
P03577,徐嘉清,女,28,25-29,无需要照顾的孩子,服务业者,service_worker,美容师,外省市户籍,江苏,,,
P03578,朱欣思,女,31,30-34,有未成年孩子,上班族,office_worker,数据分析师,外省市户籍,江苏,,,
P03579,黄轩浩,男,29,25-29,无需要照顾的孩子,体力劳动者,manual_worker,维修技师,外省市户籍,安徽,,,
P03580,周宁豪,男,25,25-29,无需要照顾的孩子,上班族,office_worker,会计,外省市户籍,江西,,,
P03581,李晨涵,男,28,25-29,无需要照顾的孩子,上班族,office_worker,设计师,外省市户籍,湖南,,,
P03582,刘诺,男,31,30-34,有未成年孩子,上班族,office_worker,产品经理,外省市户籍,山东,,,
P03583,黄曦嘉,女,38,35-39,有未成年孩子,服务业者,service_worker,健身教练,外省市户籍,河南,,,
P03584,李宁,男,26,25-29,有未成年孩子,上班族,office_worker,采购经理,上海户籍,上海,,,
P03585,李哲,男,38,35-39,有未成年孩子,上班族,office_worker,采购经理,外省市户籍,河南,,,
P03586,张怡嫣,女,30,30-34,无需要照顾的孩子,体力劳动者,manual_worker,焊工,外省市户籍,安徽,,,
P03587,李若晴,女,28,25-29,有未成年孩子,体力劳动者,manual_worker,电工,外省市户籍,江苏,,,
P03588,梁豪,男,48,45-49,有未成年孩子,服务业者,service_worker,店员,外省市户籍,四川,,,
P03589,黄知星,男,27,25-29,无需要照顾的孩子,大学生,university_student,博士研究生,外省市户籍,河南,,,
P03590,王晓,女,49,45-49,无需要照顾的孩子,服务业者,service_worker,酒店前台,外省市户籍,江西,,,
P03591,吴佳佳,女,20,18-24,无需要照顾的孩子,上班族,office_worker,运营专员,上海户籍,上海,,,
P03592,徐子彤,女,30,30-34,有未成年孩子,上班族,office_worker,运营经理,外省市户籍,陕西,,,
P03593,黄景,男,29,25-29,无需要照顾的孩子,上班族,office_worker,客户专员,上海户籍,上海,,,
P03594,刘诺桐,女,31,30-34,有未成年孩子,上班族,office_worker,会计,外省市户籍,陕西,,,
P03595,张可,女,44,40-44,有成年孩子,服务业者,service_worker,理发师,外省市户籍,河南,,,
P03596,何然阳,男,21,18-24,无需要照顾的孩子,大学生,university_student,本科生,外省市户籍,江西,,,
P03597,陈嘉景,男,40,40-44,有未成年孩子,自由业者,freelancer,摄影师,外省市户籍,安徽,,,
P03598,胡心怡,女,41,40-44,有成年孩子,上班族,office_worker,销售经理,上海户籍,上海,,,
P03599,陈清,男,48,45-49,有未成年孩子,体力劳动者,manual_worker,维修技师,外省市户籍,江苏,,,
P03600,陈佳雅,女,39,35-39,无需要照顾的孩子,服务业者,service_worker,厨师,上海户籍,上海,,,
P03601,许乐佳,女,35,35-39,有未成年孩子,服务业者,service_worker,健身教练,上海户籍,上海,,,
P03602,吴宁,女,31,30-34,无需要照顾的孩子,服务业者,service_worker,店员,上海户籍,上海,,,
P03603,李婉欣,女,34,30-34,无需要照顾的孩子,上班族,office_worker,客户专员,上海户籍,上海,,,
P03604,李豪清,男,42,40-44,有未成年孩子,体力劳动者,manual_worker,设备操作员,外省市户籍,广东,,,
P03605,吴轩,男,44,40-44,有未成年孩子,自由业者,freelancer,自由设计师,上海户籍,上海,,,
P03606,何豪嘉,男,36,35-39,有未成年孩子,服务业者,service_worker,房产经纪,上海户籍,上海,,,
P03607,赵楷远,男,40,40-44,有成年孩子,上班族,office_worker,销售经理,上海户籍,上海,,,
P03608,刘阳羽,男,42,40-44,有成年孩子,上班族,office_worker,销售经理,上海户籍,上海,,,
P03609,赵思,女,31,30-34,有未成年孩子,上班族,office_worker,数据分析师,上海户籍,上海,,,
P03610,梁哲,男,48,45-49,有成年孩子,服务业者,service_worker,酒店前台,上海户籍,上海,,,
P03611,王乐星,女,45,45-49,有未成年孩子,上班族,office_worker,高级运营专员,上海户籍,上海,,,
P03612,梁辰明,男,42,40-44,有未成年孩子,服务业者,service_worker,酒店服务人员,外省市户籍,安徽,,,
P03613,刘远嘉,男,39,35-39,无需要照顾的孩子,上班族,office_worker,数据分析师,上海户籍,上海,,,
P03614,李哲清,男,36,35-39,无需要照顾的孩子,上班族,office_worker,财务专员,外省市户籍,其他,,,
P03615,陈明,男,36,35-39,有未成年孩子,自由业者,freelancer,摄影师,外省市户籍,江西,,,
P03616,陈若若,女,30,30-34,有未成年孩子,上班族,office_worker,采购专员,外省市户籍,山东,,,
P03617,王言思,男,36,35-39,有未成年孩子,上班族,office_worker,产品经理,上海户籍,上海,,,
P03618,陈星雨,女,21,18-24,无需要照顾的孩子,上班族,office_worker,设计师,外省市户籍,河南,,,
P03619,刘文知,男,35,35-39,有未成年孩子,上班族,office_worker,部门经理,外省市户籍,四川,,,
P03620,谢楷,男,42,40-44,有未成年孩子,体力劳动者,manual_worker,搬运工,上海户籍,上海,,,
P03621,赵婷子,女,19,18-24,无需要照顾的孩子,服务业者,service_worker,客服,上海户籍,上海,,,
P03622,李远,男,41,40-44,有未成年孩子,服务业者,service_worker,客服,外省市户籍,安徽,,,
P03623,刘涵,男,29,25-29,无需要照顾的孩子,服务业者,service_worker,店员,外省市户籍,陕西,,,
P03624,周睿,男,29,25-29,无需要照顾的孩子,自由业者,freelancer,翻译,上海户籍,上海,,,
P03625,马佳,女,40,40-44,有成年孩子,服务业者,service_worker,保安,外省市户籍,河北,,,
P03626,李文,男,21,18-24,无需要照顾的孩子,大学生,university_student,本科生,外省市户籍,湖北,,,
P03627,李远远,男,23,18-24,无需要照顾的孩子,上班族,office_worker,财务专员,上海户籍,上海,,,
P03628,周羽,男,30,30-34,有未成年孩子,上班族,office_worker,采购经理,外省市户籍,安徽,,,
P03629,王思雅,女,39,35-39,无需要照顾的孩子,上班族,office_worker,产品经理,外省市户籍,山东,,,
P03630,郭睿,男,31,30-34,有未成年孩子,自由业者,freelancer,网店经营者,外省市户籍,河南,,,
P03631,张文可,男,38,35-39,无需要照顾的孩子,体力劳动者,manual_worker,搬运工,外省市户籍,山东,,,
P03632,李怡乐,女,36,35-39,无需要照顾的孩子,服务业者,service_worker,理发师,上海户籍,上海,,,
P03633,张昊豪,男,35,35-39,有未成年孩子,上班族,office_worker,HR经理,外省市户籍,安徽,,,
P03634,高阳,男,38,35-39,有未成年孩子,上班族,office_worker,人力资源经理,外省市户籍,安徽,,,
P03635,谢轩轩,男,33,30-34,有未成年孩子,自由业者,freelancer,网店经营者,上海户籍,上海,,,
P03636,杨语星,女,49,45-49,有未成年孩子,体力劳动者,manual_worker,快递员,外省市户籍,河南,,,
P03637,周哲梓,男,38,35-39,无需要照顾的孩子,服务业者,service_worker,酒店前台,上海户籍,上海,,,
P03638,张明泽,男,31,30-34,有未成年孩子,服务业者,service_worker,美容师,上海户籍,上海,,,
P03639,孙楷一,男,43,40-44,有未成年孩子,服务业者,service_worker,客服,外省市户籍,江苏,,,
P03640,梁语清,女,25,25-29,有未成年孩子,服务业者,service_worker,房产经纪,上海户籍,上海,,,
P03641,杨知琪,女,38,35-39,无需要照顾的孩子,上班族,office_worker,高级运营专员,上海户籍,上海,,,
P03642,许言嘉,女,45,45-49,有成年孩子,体力劳动者,manual_worker,搬运工,外省市户籍,山东,,,
P03643,李轩,男,26,25-29,无需要照顾的孩子,服务业者,service_worker,餐厅服务员,上海户籍,上海,,,
P03644,张泽,男,37,35-39,有未成年孩子,自由业者,freelancer,独立程序员,外省市户籍,浙江,,,
P03645,张涵楷,男,32,30-34,有未成年孩子,上班族,office_worker,HR经理,外省市户籍,江西,,,
P03646,赵晨豪,男,28,25-29,无需要照顾的孩子,上班族,office_worker,客户专员,上海户籍,上海,,,
P03647,高梦清,女,36,35-39,有成年孩子,自由业者,freelancer,网店经营者,上海户籍,上海,,,
P03648,李嘉,男,28,25-29,无需要照顾的孩子,大学生,university_student,硕士研究生,外省市户籍,江苏,,,
P03649,黄若心,女,30,30-34,有未成年孩子,服务业者,service_worker,收银员,上海户籍,上海,,,
P03650,杨星远,女,23,18-24,无需要照顾的孩子,大学生,university_student,博士研究生,外省市户籍,河南,,,
P03651,张晨梦,女,34,30-34,无需要照顾的孩子,服务业者,service_worker,保安,外省市户籍,河北,,,
P03652,郑思子,女,41,40-44,有未成年孩子,上班族,office_worker,设计师,外省市户籍,湖北,,,
P03653,张知诚,男,19,18-24,无需要照顾的孩子,体力劳动者,manual_worker,仓库操作员,上海户籍,上海,,,
P03654,高雨宁,女,20,18-24,有未成年孩子,上班族,office_worker,设计师,上海户籍,上海,,,
P03655,于若欣,女,28,25-29,无需要照顾的孩子,上班族,office_worker,HR经理,外省市户籍,江苏,,,
P03656,孙思辰,男,46,45-49,有未成年孩子,服务业者,service_worker,房产经纪,上海户籍,上海,,,
P03657,朱可彤,女,25,25-29,无需要照顾的孩子,上班族,office_worker,HR经理,上海户籍,上海,,,
P03658,陈宁嫣,女,46,45-49,有成年孩子,服务业者,service_worker,厨师,外省市户籍,湖北,,,
P03659,李子星,男,45,45-49,有成年孩子,体力劳动者,manual_worker,焊工,外省市户籍,江苏,,,
P03660,吴静梦,女,35,35-39,有未成年孩子,自由业者,freelancer,独立程序员,上海户籍,上海,,,
P03661,于辰清,女,27,25-29,无需要照顾的孩子,上班族,office_worker,行政专员,上海户籍,上海,,,
P03662,刘安星,女,43,40-44,有未成年孩子,上班族,office_worker,高级软件工程师,外省市户籍,河南,,,
P03663,陈语涵,女,27,25-29,有未成年孩子,上班族,office_worker,项目经理,上海户籍,上海,,,
P03664,赵宁,女,30,30-34,无需要照顾的孩子,自由业者,freelancer,私教,上海户籍,上海,,,
P03665,杨天言,男,48,45-49,有未成年孩子,服务业者,service_worker,酒店前台,外省市户籍,湖南,,,
P03666,李可宁,女,26,25-29,无需要照顾的孩子,服务业者,service_worker,客服,外省市户籍,江苏,,,
P03667,张言星,女,47,45-49,无需要照顾的孩子,服务业者,service_worker,店员,外省市户籍,湖北,,,
P03668,于昊梓,男,41,40-44,有未成年孩子,上班族,office_worker,财务主管,上海户籍,上海,,,
P03669,周知博,男,28,25-29,无需要照顾的孩子,服务业者,service_worker,健身教练,外省市户籍,浙江,,,
P03670,李昊涵,男,23,18-24,有未成年孩子,服务业者,service_worker,保安,外省市户籍,浙江,,,
P03671,谢豪浩,男,36,35-39,有未成年孩子,服务业者,service_worker,客服,上海户籍,上海,,,
P03672,王远,男,31,30-34,有未成年孩子,上班族,office_worker,财务经理,外省市户籍,安徽,,,
P03673,郭彤涵,女,25,25-29,无需要照顾的孩子,自由业者,freelancer,翻译,上海户籍,上海,,,
P03674,杨雅梦,女,46,45-49,无需要照顾的孩子,体力劳动者,manual_worker,搬运工,外省市户籍,浙江,,,
P03675,朱源,女,22,18-24,无需要照顾的孩子,服务业者,service_worker,客服,上海户籍,上海,,,
P03676,刘诚可,男,34,30-34,有未成年孩子,自由业者,freelancer,独立程序员,外省市户籍,浙江,,,
P03677,胡明安,男,27,25-29,无需要照顾的孩子,上班族,office_worker,采购专员,外省市户籍,江苏,,,
P03678,杨语涵,女,35,35-39,无需要照顾的孩子,上班族,office_worker,运营专员,外省市户籍,江苏,,,
P03679,吴轩远,男,33,30-34,有未成年孩子,体力劳动者,manual_worker,快递员,上海户籍,上海,,,
P03680,胡杰,男,25,25-29,有未成年孩子,大学生,university_student,硕士研究生,上海户籍,上海,,,
P03681,袁婷欣,女,46,45-49,无需要照顾的孩子,服务业者,service_worker,客服,外省市户籍,浙江,,,
P03682,刘远晨,男,39,35-39,无需要照顾的孩子,服务业者,service_worker,厨师,外省市户籍,四川,,,
P03683,罗知文,男,36,35-39,有未成年孩子,上班族,office_worker,客户经理,外省市户籍,安徽,,,
P03684,李婉嘉,女,29,25-29,无需要照顾的孩子,上班族,office_worker,会计,外省市户籍,河南,,,
P03685,杨彤晨,女,49,45-49,无需要照顾的孩子,服务业者,service_worker,收银员,外省市户籍,河南,,,
P03686,王晓,女,47,45-49,有成年孩子,服务业者,service_worker,保安,外省市户籍,安徽,,,
P03687,陈天知,男,29,25-29,有未成年孩子,自由业者,freelancer,摄影师,上海户籍,上海,,,
P03688,周辰,男,35,35-39,无需要照顾的孩子,服务业者,service_worker,餐厅服务员,上海户籍,上海,,,
P03689,赵子琪,女,36,35-39,无需要照顾的孩子,体力劳动者,manual_worker,搬运工,外省市户籍,浙江,,,
P03690,张豪晨,男,34,30-34,有未成年孩子,上班族,office_worker,HR经理,上海户籍,上海,,,
P03691,张静桐,女,41,40-44,无需要照顾的孩子,上班族,office_worker,客户专员,上海户籍,上海,,,
P03692,王晴星,女,48,45-49,有成年孩子,上班族,office_worker,业务负责人,上海户籍,上海,,,
P03693,谢阳乐,男,37,35-39,有未成年孩子,上班族,office_worker,财务主管,外省市户籍,四川,,,
P03694,马宁嘉,男,21,18-24,无需要照顾的孩子,体力劳动者,manual_worker,焊工,上海户籍,上海,,,
P03695,何阳,男,28,25-29,无需要照顾的孩子,自由业者,freelancer,自由销售,外省市户籍,四川,,,
P03696,陈安辰,男,24,18-24,无需要照顾的孩子,服务业者,service_worker,店员,上海户籍,上海,,,
P03697,陈远言,男,20,18-24,无需要照顾的孩子,大学生,university_student,本科生,外省市户籍,陕西,,,
P03698,宋辰涵,女,30,30-34,无需要照顾的孩子,上班族,office_worker,财务专员,上海户籍,上海,,,
P03699,李诺嘉,女,44,40-44,有未成年孩子,体力劳动者,manual_worker,快递员,外省市户籍,浙江,,,
P03700,陈杰豪,男,24,18-24,无需要照顾的孩子,服务业者,service_worker,客服,上海户籍,上海,,,
P03701,陈羽昊,男,44,40-44,有未成年孩子,体力劳动者,manual_worker,仓库操作员,上海户籍,上海,,,
P03702,李涵,女,20,18-24,无需要照顾的孩子,大学生,university_student,本科生,上海户籍,上海,,,
P03703,王思诺,女,34,30-34,无需要照顾的孩子,自由业者,freelancer,自由设计师,外省市户籍,安徽,,,
P03704,周轩文,男,34,30-34,有未成年孩子,服务业者,service_worker,理发师,上海户籍,上海,,,
P03705,孙宁怡,女,49,45-49,有未成年孩子,上班族,office_worker,数据分析师,外省市户籍,浙江,,,
P03706,郭涵,女,33,30-34,有未成年孩子,上班族,office_worker,数据分析师,外省市户籍,山东,,,
P03707,林安远,女,40,40-44,有未成年孩子,上班族,office_worker,项目经理,外省市户籍,山东,,,
P03708,宋乐清,女,38,35-39,有未成年孩子,上班族,office_worker,设计师,上海户籍,上海,,,
P03709,王源,男,35,35-39,有未成年孩子,上班族,office_worker,数据分析师,上海户籍,上海,,,
P03710,邓清星,男,22,18-24,无需要照顾的孩子,上班族,office_worker,行政专员,外省市户籍,陕西,,,
P03711,周泽昊,男,39,35-39,有未成年孩子,上班族,office_worker,产品经理,外省市户籍,江苏,,,
P03712,黄博安,男,44,40-44,有未成年孩子,自由业者,freelancer,摄影师,上海户籍,上海,,,
P03713,冯诺佳,女,37,35-39,有未成年孩子,上班族,office_worker,客户经理,外省市户籍,江西,,,
P03714,胡星阳,男,38,35-39,无需要照顾的孩子,自由业者,freelancer,咨询顾问,上海户籍,上海,,,
P03715,刘可一,男,21,18-24,无需要照顾的孩子,服务业者,service_worker,厨师,上海户籍,上海,,,
P03716,罗彤,女,42,40-44,有未成年孩子,服务业者,service_worker,健身教练,外省市户籍,浙江,,,
P03717,吴雅,女,38,35-39,无需要照顾的孩子,自由业者,freelancer,自由销售,外省市户籍,四川,,,
P03718,李一轩,男,28,25-29,无需要照顾的孩子,上班族,office_worker,财务主管,外省市户籍,江西,,,
P03719,杨子豪,男,47,45-49,有未成年孩子,上班族,office_worker,项目经理,上海户籍,上海,,,
P03720,杨宁怡,女,39,35-39,有未成年孩子,上班族,office_worker,客户经理,上海户籍,上海,,,
P03721,林嘉,男,34,30-34,有未成年孩子,上班族,office_worker,产品经理,外省市户籍,江苏,,,
P03722,杨知婉,女,26,25-29,无需要照顾的孩子,服务业者,service_worker,理发师,上海户籍,上海,,,
P03723,陈佳婷,女,39,35-39,有未成年孩子,上班族,office_worker,软件工程师,上海户籍,上海,,,
P03724,刘语涵,女,37,35-39,有未成年孩子,体力劳动者,manual_worker,设备操作员,上海户籍,上海,,,
P03725,胡彤静,女,42,40-44,有未成年孩子,体力劳动者,manual_worker,司机,上海户籍,上海,,,
P03726,胡安,男,47,45-49,有未成年孩子,自由业者,freelancer,自媒体从业者,外省市户籍,河南,,,
P03727,陈诺嘉,男,37,35-39,无需要照顾的孩子,上班族,office_worker,高级运营专员,上海户籍,上海,,,
P03728,宋宁欣,女,18,18-24,无需要照顾的孩子,自由业者,freelancer,咨询顾问,外省市户籍,河南,,,
P03729,张佑远,男,27,25-29,无需要照顾的孩子,上班族,office_worker,软件工程师,外省市户籍,安徽,,,
P03730,徐星,女,29,25-29,有未成年孩子,上班族,office_worker,客户专员,外省市户籍,江西,,,
P03731,张婉婷,女,34,30-34,无需要照顾的孩子,体力劳动者,manual_worker,安装工,外省市户籍,湖南,,,
P03732,于羽佳,女,49,45-49,有成年孩子,服务业者,service_worker,餐厅服务员,外省市户籍,安徽,,,
P03733,郭文俊,男,38,35-39,有未成年孩子,上班族,office_worker,客户经理,外省市户籍,安徽,,,
P03734,梁若,女,47,45-49,有成年孩子,上班族,office_worker,采购经理,外省市户籍,湖北,,,
P03735,林言文,男,35,35-39,无需要照顾的孩子,服务业者,service_worker,酒店前台,上海户籍,上海,,,
P03736,杨泽,男,49,45-49,有未成年孩子,体力劳动者,manual_worker,安装工,上海户籍,上海,,,
P03737,陈嘉,男,30,30-34,无需要照顾的孩子,上班族,office_worker,高级运营专员,上海户籍,上海,,,
P03738,高婉涵,女,36,35-39,有未成年孩子,服务业者,service_worker,厨师,外省市户籍,广东,,,
P03739,吴知晴,女,23,18-24,无需要照顾的孩子,自由业者,freelancer,摄影师,外省市户籍,河南,,,
P03740,杨雨佳,女,21,18-24,无需要照顾的孩子,自由业者,freelancer,自媒体从业者,外省市户籍,四川,,,
P03741,王轩安,男,34,30-34,有未成年孩子,上班族,office_worker,HR经理,上海户籍,上海,,,
P03742,谢远子,男,32,30-34,有未成年孩子,大学生,university_student,硕士研究生,上海户籍,上海,,,
P03743,周思,男,33,30-34,有未成年孩子,上班族,office_worker,数据分析师,外省市户籍,河南,,,
P03744,王思一,女,41,40-44,无需要照顾的孩子,服务业者,service_worker,美容师,上海户籍,上海,,,
P03745,朱欣星,女,48,45-49,有成年孩子,服务业者,service_worker,餐厅服务员,上海户籍,上海,,,
P03746,董知安,女,35,35-39,无需要照顾的孩子,上班族,office_worker,设计师,外省市户籍,江苏,,,
P03747,郭一嘉,男,40,40-44,无需要照顾的孩子,自由业者,freelancer,翻译,外省市户籍,河南,,,
P03748,王雨涵,女,18,18-24,无需要照顾的孩子,自由业者,freelancer,独立程序员,外省市户籍,江苏,,,
P03749,杨文,男,35,35-39,有未成年孩子,服务业者,service_worker,厨师,上海户籍,上海,,,
P03750,张子可,男,37,35-39,有未成年孩子,上班族,office_worker,高级软件工程师,外省市户籍,山东,,,
P03751,杨诚知,男,40,40-44,有未成年孩子,服务业者,service_worker,客服,外省市户籍,安徽,,,
P03752,林宁浩,男,34,30-34,无需要照顾的孩子,上班族,office_worker,项目经理,上海户籍,上海,,,
P03753,何瑶心,女,24,18-24,无需要照顾的孩子,体力劳动者,manual_worker,维修技师,上海户籍,上海,,,
P03754,高景,男,33,30-34,有未成年孩子,上班族,office_worker,设计师,上海户籍,上海,,,
P03755,郑俊,男,35,35-39,有未成年孩子,上班族,office_worker,设计师,上海户籍,上海,,,
P03756,吴乐琪,女,31,30-34,无需要照顾的孩子,上班族,office_worker,高级软件工程师,外省市户籍,浙江,,,
P03757,吴远梦,女,33,30-34,有未成年孩子,服务业者,service_worker,厨师,上海户籍,上海,,,
P03758,刘婉诺,女,45,45-49,有未成年孩子,服务业者,service_worker,店员,上海户籍,上海,,,
P03759,程清清,女,26,25-29,无需要照顾的孩子,上班族,office_worker,运营专员,上海户籍,上海,,,
P03760,陈诺诺,女,35,35-39,无需要照顾的孩子,上班族,office_worker,财务专员,外省市户籍,河南,,,
P03761,周佳婉,女,47,45-49,有成年孩子,服务业者,service_worker,美容师,外省市户籍,其他,,,
P03762,张嘉,男,47,45-49,有成年孩子,服务业者,service_worker,酒店服务人员,上海户籍,上海,,,
P03763,赵怡,女,36,35-39,有未成年孩子,上班族,office_worker,会计,上海户籍,上海,,,
P03764,郭睿羽,男,49,45-49,有成年孩子,服务业者,service_worker,理发师,外省市户籍,江西,,,
P03765,王桐婷,女,44,40-44,有成年孩子,服务业者,service_worker,健身教练,上海户籍,上海,,,
P03766,王可,女,40,40-44,有未成年孩子,上班族,office_worker,客户经理,外省市户籍,浙江,,,
P03767,张乐豪,男,36,35-39,有未成年孩子,自由业者,freelancer,自由销售,外省市户籍,安徽,,,
P03768,张涵星,女,24,18-24,无需要照顾的孩子,服务业者,service_worker,酒店服务人员,外省市户籍,河南,,,
P03769,刘辰泽,男,42,40-44,有未成年孩子,上班族,office_worker,项目经理,上海户籍,上海,,,
P03770,郑安晴,女,34,30-34,无需要照顾的孩子,自由业者,freelancer,自由销售,上海户籍,上海,,,
P03771,李思婉,女,22,18-24,无需要照顾的孩子,上班族,office_worker,数据分析师,上海户籍,上海,,,
P03772,吴雅曦,女,37,35-39,有未成年孩子,自由业者,freelancer,私教,上海户籍,上海,,,
P03773,于诺远,女,24,18-24,无需要照顾的孩子,上班族,office_worker,产品经理,上海户籍,上海,,,
P03774,杨星桐,女,35,35-39,有未成年孩子,服务业者,service_worker,理发师,上海户籍,上海,,,
P03775,宋睿景,男,37,35-39,有未成年孩子,服务业者,service_worker,店员,上海户籍,上海,,,
P03776,王志楷,男,22,18-24,无需要照顾的孩子,大学生,university_student,本科生,外省市户籍,江苏,,,
P03777,杨嫣,女,40,40-44,有成年孩子,服务业者,service_worker,厨师,上海户籍,上海,,,
P03778,黄远,女,27,25-29,无需要照顾的孩子,上班族,office_worker,采购专员,上海户籍,上海,,,
P03779,黄睿一,男,39,35-39,无需要照顾的孩子,上班族,office_worker,数据分析师,上海户籍,上海,,,
P03780,冯诺泽,男,27,25-29,无需要照顾的孩子,上班族,office_worker,运营专员,上海户籍,上海,,,
P03781,程雨,女,30,30-34,有未成年孩子,自由业者,freelancer,翻译,上海户籍,上海,,,
P03782,何言婷,女,20,18-24,有未成年孩子,服务业者,service_worker,餐厅服务员,外省市户籍,江西,,,
P03783,王天俊,男,32,30-34,有未成年孩子,体力劳动者,manual_worker,安装工,上海户籍,上海,,,
P03784,谢可涵,女,25,25-29,无需要照顾的孩子,自由业者,freelancer,自媒体从业者,上海户籍,上海,,,
P03785,张嘉婷,女,31,30-34,有未成年孩子,上班族,office_worker,设计师,上海户籍,上海,,,
P03786,赵思静,女,39,35-39,无需要照顾的孩子,自由业者,freelancer,自由设计师,上海户籍,上海,,,
P03787,陈然楷,男,18,18-24,无需要照顾的孩子,上班族,office_worker,会计,上海户籍,上海,,,
P03788,王阳楷,男,37,35-39,无需要照顾的孩子,上班族,office_worker,数据分析师,外省市户籍,广东,,,
P03789,刘源心,男,47,45-49,无需要照顾的孩子,自由业者,freelancer,自由销售,外省市户籍,广东,,,
P03790,刘远,男,40,40-44,有未成年孩子,上班族,office_worker,软件工程师,上海户籍,上海,,,
P03791,刘心宁,女,19,18-24,无需要照顾的孩子,体力劳动者,manual_worker,建筑工人,上海户籍,上海,,,
P03792,杨心涵,女,36,35-39,有未成年孩子,服务业者,service_worker,健身教练,上海户籍,上海,,,
P03793,宋思,男,39,35-39,有未成年孩子,上班族,office_worker,高级软件工程师,外省市户籍,福建,,,
P03794,张子,男,31,30-34,有未成年孩子,服务业者,service_worker,酒店服务人员,外省市户籍,湖南,,,
P03795,周婷,女,32,30-34,无需要照顾的孩子,自由业者,freelancer,自由销售,外省市户籍,四川,,,
P03796,陈彤,女,30,30-34,有未成年孩子,上班族,office_worker,产品经理,外省市户籍,安徽,,,
P03797,杨嘉轩,男,18,18-24,无需要照顾的孩子,上班族,office_worker,会计,外省市户籍,浙江,,,
P03798,王志文,男,33,30-34,有未成年孩子,上班族,office_worker,高级运营专员,上海户籍,上海,,,
P03799,张嫣若,女,22,18-24,无需要照顾的孩子,服务业者,service_worker,厨师,上海户籍,上海,,,
P03800,林怡怡,女,30,30-34,有未成年孩子,上班族,office_worker,高级项目经理,外省市户籍,河南,,,
P03801,梁婷可,女,27,25-29,无需要照顾的孩子,上班族,office_worker,项目经理,外省市户籍,江苏,,,
P03802,周豪志,男,31,30-34,有未成年孩子,体力劳动者,manual_worker,配送员,上海户籍,上海,,,
P03803,张心,女,32,30-34,有未成年孩子,服务业者,service_worker,厨师,外省市户籍,浙江,,,
P03804,罗俊文,男,31,30-34,有未成年孩子,服务业者,service_worker,店员,上海户籍,上海,,,
P03805,刘若,女,31,30-34,无需要照顾的孩子,自由业者,freelancer,摄影师,上海户籍,上海,,,
P03806,李嘉然,男,45,45-49,有未成年孩子,上班族,office_worker,客户专员,上海户籍,上海,,,
P03807,张静辰,女,29,25-29,无需要照顾的孩子,上班族,office_worker,财务专员,外省市户籍,江苏,,,
P03808,吴轩浩,男,26,25-29,有未成年孩子,服务业者,service_worker,房产经纪,上海户籍,上海,,,
P03809,陈一轩,男,23,18-24,无需要照顾的孩子,大学生,university_student,硕士研究生,上海户籍,上海,,,
P03810,郑杰嘉,男,30,30-34,有未成年孩子,上班族,office_worker,HR经理,上海户籍,上海,,,
P03811,梁源豪,男,27,25-29,有未成年孩子,上班族,office_worker,软件工程师,上海户籍,上海,,,
P03812,刘然哲,男,45,45-49,有未成年孩子,自由业者,freelancer,翻译,上海户籍,上海,,,
P03813,王子语,女,27,25-29,无需要照顾的孩子,上班族,office_worker,销售代表,上海户籍,上海,,,
P03814,赵然浩,男,25,25-29,无需要照顾的孩子,自由业者,freelancer,摄影师,上海户籍,上海,,,
P03815,徐泽楷,男,39,35-39,无需要照顾的孩子,服务业者,service_worker,餐厅服务员,上海户籍,上海,,,
P03816,陈可心,男,34,30-34,无需要照顾的孩子,上班族,office_worker,采购专员,上海户籍,上海,,,
P03817,刘晓清,女,38,35-39,有未成年孩子,上班族,office_worker,销售经理,上海户籍,上海,,,
P03818,李辰,女,42,40-44,有未成年孩子,上班族,office_worker,会计,上海户籍,上海,,,
P03819,孙思梦,女,44,40-44,无需要照顾的孩子,服务业者,service_worker,餐厅服务员,上海户籍,上海,,,
P03820,李语瑶,女,26,25-29,无需要照顾的孩子,上班族,office_worker,客户专员,外省市户籍,浙江,,,
P03821,张安思,女,34,30-34,无需要照顾的孩子,体力劳动者,manual_worker,搬运工,外省市户籍,安徽,,,
P03822,陈涵阳,男,27,25-29,无需要照顾的孩子,上班族,office_worker,财务主管,外省市户籍,陕西,,,
P03823,赵轩嘉,男,31,30-34,有未成年孩子,体力劳动者,manual_worker,配送员,外省市户籍,湖北,,,
P03824,王豪景,男,24,18-24,无需要照顾的孩子,服务业者,service_worker,客服,外省市户籍,山东,,,
P03825,高佳源,女,40,40-44,有成年孩子,上班族,office_worker,高级软件工程师,外省市户籍,江苏,,,
P03826,杨昊杰,男,27,25-29,无需要照顾的孩子,服务业者,service_worker,厨师,外省市户籍,河北,,,
P03827,徐昊,男,32,30-34,无需要照顾的孩子,上班族,office_worker,客户专员,外省市户籍,江苏,,,
P03828,马佳晓,女,33,30-34,有未成年孩子,上班族,office_worker,HR经理,外省市户籍,河南,,,
P03829,高杰睿,男,25,25-29,无需要照顾的孩子,体力劳动者,manual_worker,维修技师,外省市户籍,湖北,,,
P03830,高诗星,女,37,35-39,有未成年孩子,上班族,office_worker,项目经理,外省市户籍,福建,,,
P03831,李源,女,44,40-44,有未成年孩子,上班族,office_worker,财务主管,上海户籍,上海,,,
P03832,高星,男,38,35-39,无需要照顾的孩子,上班族,office_worker,财务主管,上海户籍,上海,,,
P03833,陈语羽,女,41,40-44,有未成年孩子,自由业者,freelancer,自由销售,外省市户籍,山东,,,
P03834,赵杰嘉,男,25,25-29,无需要照顾的孩子,上班族,office_worker,数据分析师,外省市户籍,河北,,,
P03835,赵子,女,44,40-44,有未成年孩子,体力劳动者,manual_worker,设备操作员,上海户籍,上海,,,
P03836,王景清,男,27,25-29,无需要照顾的孩子,上班族,office_worker,数据分析师,外省市户籍,安徽,,,
P03837,韩诚泽,男,19,18-24,无需要照顾的孩子,体力劳动者,manual_worker,仓库操作员,外省市户籍,江苏,,,
P03838,黄乐,女,18,18-24,无需要照顾的孩子,体力劳动者,manual_worker,仓库操作员,外省市户籍,安徽,,,
P03839,陈阳轩,男,32,30-34,有未成年孩子,上班族,office_worker,软件工程师,上海户籍,上海,,,
P03840,王景晨,男,32,30-34,无需要照顾的孩子,服务业者,service_worker,酒店前台,外省市户籍,湖北,,,
P03841,张佳彤,女,34,30-34,有未成年孩子,体力劳动者,manual_worker,建筑工人,上海户籍,上海,,,
P03842,张诗涵,女,47,45-49,有未成年孩子,服务业者,service_worker,理发师,上海户籍,上海,,,
P03843,林欣星,女,28,25-29,无需要照顾的孩子,上班族,office_worker,产品经理,外省市户籍,浙江,,,
P03844,陈可思,女,40,40-44,有未成年孩子,上班族,office_worker,销售经理,外省市户籍,安徽,,,
P03845,宋博景,男,33,30-34,有未成年孩子,体力劳动者,manual_worker,安装工,上海户籍,上海,,,
P03846,刘宁,男,37,35-39,有未成年孩子,体力劳动者,manual_worker,电工,上海户籍,上海,,,
P03847,陈子安,男,30,30-34,无需要照顾的孩子,自由业者,freelancer,网店经营者,外省市户籍,陕西,,,
P03848,王诺,男,18,18-24,无需要照顾的孩子,自由业者,freelancer,自由销售,上海户籍,上海,,,
P03849,谢羽然,男,38,35-39,有未成年孩子,服务业者,service_worker,客服,外省市户籍,安徽,,,
P03850,郭嫣,女,42,40-44,有未成年孩子,服务业者,service_worker,店员,外省市户籍,山东,,,
P03851,李远婷,女,19,18-24,无需要照顾的孩子,上班族,office_worker,高级软件工程师,外省市户籍,安徽,,,
P03852,周志源,男,35,35-39,有未成年孩子,上班族,office_worker,数据分析师,上海户籍,上海,,,
P03853,周星,男,35,35-39,有未成年孩子,服务业者,service_worker,酒店前台,外省市户籍,浙江,,,
P03854,高子雅,女,26,25-29,无需要照顾的孩子,服务业者,service_worker,餐厅服务员,外省市户籍,江苏,,,
P03855,于安静,女,33,30-34,有未成年孩子,上班族,office_worker,设计师,外省市户籍,安徽,,,
P03856,李浩轩,男,31,30-34,无需要照顾的孩子,服务业者,service_worker,酒店服务人员,上海户籍,上海,,,
P03857,袁泽豪,男,18,18-24,无需要照顾的孩子,服务业者,service_worker,客服,上海户籍,上海,,,
P03858,宋景思,男,26,25-29,有未成年孩子,服务业者,service_worker,店员,外省市户籍,湖北,,,
P03859,刘羽文,男,44,40-44,有成年孩子,自由业者,freelancer,咨询顾问,外省市户籍,其他,,,
P03860,刘诗桐,女,43,40-44,有未成年孩子,体力劳动者,manual_worker,维修技师,上海户籍,上海,,,
P03861,李辰嘉,男,21,18-24,无需要照顾的孩子,体力劳动者,manual_worker,维修技师,外省市户籍,河南,,,
P03862,吴景豪,男,33,30-34,有未成年孩子,服务业者,service_worker,健身教练,外省市户籍,河南,,,
P03863,张宇宁,男,30,30-34,有未成年孩子,服务业者,service_worker,店员,外省市户籍,湖北,,,
P03864,王思晓,女,41,40-44,无需要照顾的孩子,上班族,office_worker,数据分析师,上海户籍,上海,,,
P03865,张梓安,男,45,45-49,有成年孩子,自由业者,freelancer,网店经营者,上海户籍,上海,,,
P03866,李涵彤,女,30,30-34,无需要照顾的孩子,体力劳动者,manual_worker,仓库操作员,外省市户籍,浙江,,,
P03867,王雨心,女,27,25-29,无需要照顾的孩子,大学生,university_student,硕士研究生,上海户籍,上海,,,
P03868,刘涵,男,37,35-39,有未成年孩子,上班族,office_worker,客户专员,上海户籍,上海,,,
P03869,张泽宇,男,25,25-29,无需要照顾的孩子,上班族,office_worker,会计,外省市户籍,江苏,,,
P03870,李一,女,31,30-34,有未成年孩子,体力劳动者,manual_worker,焊工,外省市户籍,山东,,,
P03871,孙宁雅,女,29,25-29,无需要照顾的孩子,上班族,office_worker,客户专员,上海户籍,上海,,,
P03872,张星,女,25,25-29,无需要照顾的孩子,体力劳动者,manual_worker,快递员,上海户籍,上海,,,
P03873,孙佳宁,女,33,30-34,有未成年孩子,上班族,office_worker,设计师,外省市户籍,浙江,,,
P03874,李安子,女,49,45-49,有成年孩子,上班族,office_worker,高级产品经理,上海户籍,上海,,,
P03875,李梓哲,男,28,25-29,无需要照顾的孩子,上班族,office_worker,产品经理,外省市户籍,广东,,,
P03876,李知远,女,19,18-24,无需要照顾的孩子,上班族,office_worker,设计师,外省市户籍,江苏,,,
P03877,胡晨浩,男,43,40-44,有未成年孩子,上班族,office_worker,部门经理,外省市户籍,安徽,,,
P03878,黄桐乐,女,36,35-39,有未成年孩子,服务业者,service_worker,保安,外省市户籍,湖南,,,
P03879,马昊浩,男,42,40-44,有未成年孩子,服务业者,service_worker,美容师,外省市户籍,山东,,,
P03880,刘瑶,女,37,35-39,有未成年孩子,上班族,office_worker,客户经理,上海户籍,上海,,,
P03881,谢嘉远,男,37,35-39,有未成年孩子,服务业者,service_worker,店员,外省市户籍,河南,,,
P03882,李源子,女,20,18-24,无需要照顾的孩子,自由业者,freelancer,独立程序员,上海户籍,上海,,,
P03883,杨梓诺,男,41,40-44,有未成年孩子,上班族,office_worker,产品经理,外省市户籍,湖北,,,
P03884,李思子,女,27,25-29,无需要照顾的孩子,体力劳动者,manual_worker,焊工,上海户籍,上海,,,
P03885,杨雨婷,女,26,25-29,无需要照顾的孩子,上班族,office_worker,会计,外省市户籍,江苏,,,
P03886,李志佑,男,26,25-29,无需要照顾的孩子,服务业者,service_worker,酒店前台,外省市户籍,湖北,,,
P03887,王瑶言,女,45,45-49,有成年孩子,自由业者,freelancer,咨询顾问,外省市户籍,湖北,,,
P03888,李宁雅,女,40,40-44,有未成年孩子,服务业者,service_worker,厨师,上海户籍,上海,,,
P03889,于知婉,女,31,30-34,有未成年孩子,自由业者,freelancer,自由设计师,外省市户籍,浙江,,,
P03890,赵雅曦,女,24,18-24,无需要照顾的孩子,大学生,university_student,硕士研究生,外省市户籍,广东,,,
P03891,唐怡知,女,40,40-44,有未成年孩子,上班族,office_worker,销售经理,上海户籍,上海,,,
P03892,陈思远,男,29,25-29,有未成年孩子,服务业者,service_worker,客服,上海户籍,上海,,,
P03893,赵梦子,女,33,30-34,无需要照顾的孩子,体力劳动者,manual_worker,快递员,上海户籍,上海,,,
P03894,张宁,女,27,25-29,有未成年孩子,上班族,office_worker,运营专员,外省市户籍,四川,,,
P03895,周一嘉,男,43,40-44,有未成年孩子,服务业者,service_worker,收银员,外省市户籍,江苏,,,
P03896,陈梦语,女,25,25-29,无需要照顾的孩子,大学生,university_student,本科生,外省市户籍,河北,,,
P03897,杨杰豪,男,32,30-34,有未成年孩子,服务业者,service_worker,酒店前台,上海户籍,上海,,,
P03898,赵轩,男,19,18-24,无需要照顾的孩子,体力劳动者,manual_worker,电工,上海户籍,上海,,,
P03899,何涵,女,26,25-29,无需要照顾的孩子,服务业者,service_worker,健身教练,外省市户籍,江苏,,,
P03900,朱诺,男,39,35-39,无需要照顾的孩子,自由业者,freelancer,翻译,外省市户籍,湖南,,,
P03901,吴嘉宁,女,33,30-34,有未成年孩子,服务业者,service_worker,理发师,外省市户籍,浙江,,,
P03902,谢阳佑,男,27,25-29,无需要照顾的孩子,大学生,university_student,硕士研究生,外省市户籍,山东,,,
P03903,赵嘉阳,男,39,35-39,无需要照顾的孩子,体力劳动者,manual_worker,维修技师,上海户籍,上海,,,
P03904,李宁晨,男,27,25-29,无需要照顾的孩子,上班族,office_worker,财务专员,外省市户籍,江苏,,,
P03905,吴瑶思,女,25,25-29,无需要照顾的孩子,体力劳动者,manual_worker,焊工,外省市户籍,江苏,,,
P03906,徐怡,女,32,30-34,无需要照顾的孩子,服务业者,service_worker,酒店服务人员,外省市户籍,湖北,,,
P03907,胡诗辰,女,34,30-34,有未成年孩子,服务业者,service_worker,客服,外省市户籍,湖北,,,
P03908,张安安,女,44,40-44,有未成年孩子,自由业者,freelancer,独立程序员,上海户籍,上海,,,
P03909,张若涵,女,40,40-44,无需要照顾的孩子,上班族,office_worker,设计师,外省市户籍,安徽,,,
P03910,陈文安,男,34,30-34,有未成年孩子,上班族,office_worker,会计,外省市户籍,山东,,,
P03911,王轩阳,男,39,35-39,有未成年孩子,上班族,office_worker,采购经理,上海户籍,上海,,,
P03912,王诚杰,男,39,35-39,无需要照顾的孩子,体力劳动者,manual_worker,焊工,外省市户籍,河南,,,
P03913,孙宁,男,42,40-44,有未成年孩子,上班族,office_worker,设计师,上海户籍,上海,,,
P03914,陈羽怡,女,29,25-29,无需要照顾的孩子,上班族,office_worker,运营专员,上海户籍,上海,,,
P03915,杨怡瑶,女,33,30-34,无需要照顾的孩子,上班族,office_worker,高级产品经理,外省市户籍,安徽,,,
P03916,吴曦若,女,27,25-29,有未成年孩子,上班族,office_worker,运营专员,上海户籍,上海,,,
P03917,刘诗静,女,20,18-24,无需要照顾的孩子,上班族,office_worker,行政专员,外省市户籍,安徽,,,
P03918,王诺梓,男,26,25-29,无需要照顾的孩子,上班族,office_worker,客户专员,外省市户籍,江苏,,,
P03919,周嘉,男,40,40-44,有成年孩子,服务业者,service_worker,酒店前台,上海户籍,上海,,,
P03920,吴哲言,男,27,25-29,无需要照顾的孩子,上班族,office_worker,软件工程师,外省市户籍,江西,,,
P03921,董诺远,男,46,45-49,有成年孩子,自由业者,freelancer,网店经营者,上海户籍,上海,,,
P03922,张婷婷,女,46,45-49,有成年孩子,体力劳动者,manual_worker,设备操作员,上海户籍,上海,,,
P03923,刘言源,女,38,35-39,有未成年孩子,服务业者,service_worker,客服,外省市户籍,浙江,,,
P03924,张诺,男,35,35-39,无需要照顾的孩子,服务业者,service_worker,健身教练,外省市户籍,江苏,,,
P03925,梁轩哲,男,36,35-39,有成年孩子,服务业者,service_worker,健身教练,上海户籍,上海,,,
P03926,黄轩,男,34,30-34,有未成年孩子,上班族,office_worker,采购专员,外省市户籍,江苏,,,
P03927,杨言子,女,26,25-29,无需要照顾的孩子,上班族,office_worker,HR经理,上海户籍,上海,,,
P03928,李哲浩,男,45,45-49,有未成年孩子,体力劳动者,manual_worker,焊工,外省市户籍,河南,,,
P03929,李婉可,女,35,35-39,有未成年孩子,上班族,office_worker,销售经理,外省市户籍,浙江,,,
P03930,郭子怡,女,40,40-44,有未成年孩子,上班族,office_worker,采购专员,上海户籍,上海,,,
P03931,李嘉静,女,28,25-29,无需要照顾的孩子,上班族,office_worker,高级运营专员,外省市户籍,河南,,,
P03932,孙言,女,33,30-34,有未成年孩子,上班族,office_worker,技术经理,外省市户籍,江西,,,
P03933,胡睿文,男,26,25-29,无需要照顾的孩子,上班族,office_worker,会计,上海户籍,上海,,,
P03934,张睿心,男,21,18-24,无需要照顾的孩子,服务业者,service_worker,客服,外省市户籍,广东,,,
P03935,李若欣,女,30,30-34,无需要照顾的孩子,上班族,office_worker,财务专员,外省市户籍,浙江,,,
P03936,黄远安,男,34,30-34,有未成年孩子,服务业者,service_worker,酒店前台,外省市户籍,江苏,,,
P03937,林雨语,女,47,45-49,有成年孩子,上班族,office_worker,设计师,上海户籍,上海,,,
P03938,李佳嘉,女,44,40-44,无需要照顾的孩子,上班族,office_worker,数据分析师,外省市户籍,四川,,,
P03939,陈清清,女,37,35-39,无需要照顾的孩子,上班族,office_worker,采购专员,上海户籍,上海,,,
P03940,刘哲诚,男,44,40-44,有未成年孩子,上班族,office_worker,会计,外省市户籍,四川,,,
P03941,王可阳,男,35,35-39,有未成年孩子,上班族,office_worker,部门经理,上海户籍,上海,,,
P03942,马源清,男,42,40-44,有未成年孩子,自由业者,freelancer,自媒体从业者,外省市户籍,福建,,,
P03943,何宁晓,女,28,25-29,无需要照顾的孩子,体力劳动者,manual_worker,设备操作员,上海户籍,上海,,,
P03944,陈琪思,女,18,18-24,有未成年孩子,上班族,office_worker,数据分析师,上海户籍,上海,,,
P03945,张诺涵,女,25,25-29,无需要照顾的孩子,上班族,office_worker,运营专员,上海户籍,上海,,,
P03946,胡晓嫣,女,39,35-39,无需要照顾的孩子,体力劳动者,manual_worker,司机,上海户籍,上海,,,
P03947,吴安,女,26,25-29,无需要照顾的孩子,上班族,office_worker,设计师,上海户籍,上海,,,
P03948,李晨,男,31,30-34,无需要照顾的孩子,上班族,office_worker,人力资源经理,外省市户籍,安徽,,,
P03949,梁睿浩,男,25,25-29,无需要照顾的孩子,上班族,office_worker,软件工程师,上海户籍,上海,,,
P03950,李源,男,33,30-34,有未成年孩子,上班族,office_worker,采购专员,上海户籍,上海,,,
P03951,陈言欣,女,39,35-39,有未成年孩子,上班族,office_worker,HR经理,外省市户籍,湖北,,,
P03952,董晓,女,26,25-29,无需要照顾的孩子,上班族,office_worker,数据分析师,上海户籍,上海,,,
P03953,张源桐,女,23,18-24,无需要照顾的孩子,上班族,office_worker,会计,上海户籍,上海,,,
P03954,陈语言,女,22,18-24,无需要照顾的孩子,体力劳动者,manual_worker,司机,外省市户籍,山东,,,
P03955,高远昊,男,43,40-44,有未成年孩子,体力劳动者,manual_worker,司机,上海户籍,上海,,,
P03956,吴哲然,男,34,30-34,无需要照顾的孩子,服务业者,service_worker,房产经纪,外省市户籍,江苏,,,
P03957,王一梓,男,38,35-39,有未成年孩子,上班族,office_worker,运营专员,上海户籍,上海,,,
P03958,孙诺楷,男,20,18-24,无需要照顾的孩子,体力劳动者,manual_worker,维修技师,外省市户籍,山东,,,
P03959,孙思,男,39,35-39,有未成年孩子,自由业者,freelancer,自媒体从业者,上海户籍,上海,,,
P03960,于源明,男,31,30-34,有未成年孩子,体力劳动者,manual_worker,配送员,外省市户籍,湖北,,,
P03961,李然安,男,39,35-39,无需要照顾的孩子,上班族,office_worker,项目经理,外省市户籍,浙江,,,
P03962,赵婷源,女,49,45-49,有未成年孩子,服务业者,service_worker,健身教练,外省市户籍,其他,,,
P03963,吴远,男,26,25-29,无需要照顾的孩子,服务业者,service_worker,厨师,外省市户籍,安徽,,,
P03964,陈宁子,女,38,35-39,有未成年孩子,自由业者,freelancer,自媒体从业者,外省市户籍,江苏,,,
P03965,谢安宁,男,32,30-34,有未成年孩子,服务业者,service_worker,理发师,外省市户籍,山东,,,
P03966,张安景,男,38,35-39,有未成年孩子,服务业者,service_worker,理发师,外省市户籍,江西,,,
P03967,王清志,男,33,30-34,无需要照顾的孩子,上班族,office_worker,HR经理,外省市户籍,江苏,,,
P03968,孙清诺,男,33,30-34,无需要照顾的孩子,服务业者,service_worker,店员,上海户籍,上海,,,
P03969,李知宁,女,24,18-24,无需要照顾的孩子,自由业者,freelancer,独立程序员,外省市户籍,江苏,,,
P03970,王梓轩,男,25,25-29,无需要照顾的孩子,自由业者,freelancer,自由设计师,外省市户籍,湖南,,,
P03971,胡豪然,男,37,35-39,有未成年孩子,上班族,office_worker,HR经理,外省市户籍,江苏,,,
P03972,黄文泽,男,46,45-49,有未成年孩子,体力劳动者,manual_worker,电工,外省市户籍,河南,,,
P03973,王怡诗,女,24,18-24,无需要照顾的孩子,大学生,university_student,本科生,外省市户籍,河南,,,
P03974,王思,女,29,25-29,无需要照顾的孩子,服务业者,service_worker,厨师,上海户籍,上海,,,
P03975,王羽言,男,21,18-24,无需要照顾的孩子,体力劳动者,manual_worker,焊工,外省市户籍,福建,,,
P03976,陈远文,男,38,35-39,无需要照顾的孩子,上班族,office_worker,销售经理,外省市户籍,山东,,,
P03977,吴志,男,34,30-34,无需要照顾的孩子,服务业者,service_worker,店员,上海户籍,上海,,,
P03978,郭心,男,24,18-24,无需要照顾的孩子,上班族,office_worker,销售代表,上海户籍,上海,,,
P03979,马涵雨,女,24,18-24,无需要照顾的孩子,体力劳动者,manual_worker,焊工,上海户籍,上海,,,
P03980,马可安,女,44,40-44,有成年孩子,体力劳动者,manual_worker,司机,外省市户籍,福建,,,
P03981,张宁诺,男,48,45-49,有未成年孩子,自由业者,freelancer,网店经营者,外省市户籍,河南,,,
P03982,王宁轩,男,34,30-34,有未成年孩子,体力劳动者,manual_worker,焊工,外省市户籍,浙江,,,
P03983,何涵嘉,女,44,40-44,有成年孩子,上班族,office_worker,数据分析师,外省市户籍,山东,,,
P03984,王俊,男,40,40-44,有未成年孩子,体力劳动者,manual_worker,设备操作员,上海户籍,上海,,,
P03985,王诺一,男,41,40-44,无需要照顾的孩子,上班族,office_worker,高级软件工程师,外省市户籍,安徽,,,
P03986,陈怡心,女,46,45-49,有成年孩子,自由业者,freelancer,自由销售,外省市户籍,福建,,,
P03987,张知俊,男,40,40-44,有未成年孩子,上班族,office_worker,人力资源经理,上海户籍,上海,,,
P03988,陈心俊,男,25,25-29,无需要照顾的孩子,上班族,office_worker,会计,外省市户籍,湖北,,,
P03989,高梦,女,21,18-24,无需要照顾的孩子,大学生,university_student,本科生,上海户籍,上海,,,
P03990,程宇宁,男,25,25-29,无需要照顾的孩子,服务业者,service_worker,店员,上海户籍,上海,,,
P03991,梁欣欣,女,46,45-49,有未成年孩子,体力劳动者,manual_worker,配送员,外省市户籍,江苏,,,
P03992,张晨晨,男,40,40-44,有未成年孩子,上班族,office_worker,财务主管,上海户籍,上海,,,
P03993,林羽怡,女,23,18-24,无需要照顾的孩子,服务业者,service_worker,店员,外省市户籍,安徽,,,
P03994,邓轩轩,男,36,35-39,有未成年孩子,服务业者,service_worker,酒店服务人员,上海户籍,上海,,,
P03995,刘晨,男,36,35-39,有未成年孩子,自由业者,freelancer,咨询顾问,上海户籍,上海,,,
P03996,邓晴,女,21,18-24,无需要照顾的孩子,大学生,university_student,本科生,上海户籍,上海,,,
P03997,周楷晨,男,29,25-29,无需要照顾的孩子,体力劳动者,manual_worker,司机,上海户籍,上海,,,
P03998,黄轩佑,男,32,30-34,有未成年孩子,服务业者,service_worker,美容师,外省市户籍,河南,,,
P03999,董乐佳,女,36,35-39,有未成年孩子,服务业者,service_worker,健身教练,外省市户籍,河北,,,
P04000,陈子,男,29,25-29,无需要照顾的孩子,上班族,office_worker,采购专员,上海户籍,上海,,,
P04001,周天,男,19,18-24,无需要照顾的孩子,大学生,university_student,本科生,上海户籍,上海,,,
P04002,李杰然,男,25,25-29,无需要照顾的孩子,上班族,office_worker,客户经理,上海户籍,上海,,,
P04003,刘静可,女,39,35-39,有未成年孩子,上班族,office_worker,高级软件工程师,外省市户籍,江苏,,,
P04004,周嘉景,男,47,45-49,有成年孩子,上班族,office_worker,客户经理,外省市户籍,江苏,,,
P04005,董乐,女,28,25-29,无需要照顾的孩子,上班族,office_worker,数据分析师,上海户籍,上海,,,
P04006,孙知梓,男,26,25-29,有未成年孩子,服务业者,service_worker,理发师,外省市户籍,河南,,,
P04007,张志,男,33,30-34,有未成年孩子,上班族,office_worker,会计,上海户籍,上海,,,
P04008,郭文,男,36,35-39,有未成年孩子,上班族,office_worker,财务主管,外省市户籍,江西,,,
P04009,李杰宇,男,34,30-34,有未成年孩子,上班族,office_worker,销售经理,外省市户籍,广东,,,
P04010,杨知晨,女,20,18-24,无需要照顾的孩子,大学生,university_student,本科生,外省市户籍,安徽,,,
P04011,赵辰,女,39,35-39,有未成年孩子,上班族,office_worker,高级运营专员,外省市户籍,江苏,,,
P04012,刘晨晓,女,36,35-39,有未成年孩子,服务业者,service_worker,餐厅服务员,上海户籍,上海,,,
P04013,程知,男,34,30-34,无需要照顾的孩子,体力劳动者,manual_worker,电工,外省市户籍,浙江,,,
P04014,郑星可,女,45,45-49,有成年孩子,服务业者,service_worker,理发师,外省市户籍,江西,,,
P04015,杨婷,女,24,18-24,无需要照顾的孩子,上班族,office_worker,设计师,上海户籍,上海,,,
P04016,赵言清,女,24,18-24,有未成年孩子,体力劳动者,manual_worker,建筑工人,上海户籍,上海,,,
P04017,董欣雅,女,24,18-24,无需要照顾的孩子,大学生,university_student,硕士研究生,上海户籍,上海,,,
P04018,黄远,男,22,18-24,无需要照顾的孩子,大学生,university_student,本科生,外省市户籍,浙江,,,
P04019,李思泽,男,35,35-39,有未成年孩子,自由业者,freelancer,自由销售,上海户籍,上海,,,
P04020,曹一,男,39,35-39,有未成年孩子,上班族,office_worker,项目经理,外省市户籍,江苏,,,
P04021,李杰言,男,38,35-39,有未成年孩子,服务业者,service_worker,保安,上海户籍,上海,,,
P04022,刘阳轩,男,32,30-34,有未成年孩子,上班族,office_worker,HR经理,外省市户籍,安徽,,,
P04023,李文泽,男,25,25-29,无需要照顾的孩子,上班族,office_worker,HR经理,外省市户籍,四川,,,
P04024,李嘉远,男,43,40-44,有未成年孩子,体力劳动者,manual_worker,电工,外省市户籍,浙江,,,
P04025,赵明远,男,35,35-39,无需要照顾的孩子,上班族,office_worker,软件工程师,外省市户籍,安徽,,,
P04026,张诺言,男,37,35-39,有未成年孩子,服务业者,service_worker,客服,上海户籍,上海,,,
P04027,李可婷,女,44,40-44,无需要照顾的孩子,上班族,office_worker,行政专员,上海户籍,上海,,,
P04028,王佳可,女,26,25-29,有未成年孩子,服务业者,service_worker,健身教练,外省市户籍,湖南,,,
P04029,王涵辰,女,31,30-34,无需要照顾的孩子,自由业者,freelancer,咨询顾问,上海户籍,上海,,,
P04030,林嘉言,男,38,35-39,无需要照顾的孩子,自由业者,freelancer,自由销售,上海户籍,上海,,,
P04031,黄楷佑,男,29,25-29,有未成年孩子,上班族,office_worker,设计师,外省市户籍,河南,,,
P04032,程涵子,女,26,25-29,无需要照顾的孩子,体力劳动者,manual_worker,快递员,上海户籍,上海,,,
P04033,郭远豪,男,31,30-34,无需要照顾的孩子,上班族,office_worker,设计师,外省市户籍,江苏,,,
P04034,马清轩,男,33,30-34,无需要照顾的孩子,上班族,office_worker,财务专员,上海户籍,上海,,,
P04035,吴博,男,24,18-24,无需要照顾的孩子,上班族,office_worker,采购专员,外省市户籍,湖北,,,
P04036,王若涵,女,39,35-39,无需要照顾的孩子,体力劳动者,manual_worker,司机,上海户籍,上海,,,
P04037,曹明,男,29,25-29,无需要照顾的孩子,上班族,office_worker,软件工程师,上海户籍,上海,,,
P04038,黄思羽,女,38,35-39,有未成年孩子,上班族,office_worker,会计,外省市户籍,江苏,,,
P04039,杨语源,女,39,35-39,有未成年孩子,上班族,office_worker,数据分析师,外省市户籍,安徽,,,
P04040,李源睿,男,30,30-34,无需要照顾的孩子,上班族,office_worker,财务专员,上海户籍,上海,,,
P04041,吴知涵,男,24,18-24,无需要照顾的孩子,服务业者,service_worker,酒店服务人员,外省市户籍,浙江,,,
P04042,王宁轩,男,30,30-34,无需要照顾的孩子,体力劳动者,manual_worker,搬运工,上海户籍,上海,,,
P04043,刘婷,女,48,45-49,有未成年孩子,上班族,office_worker,人力资源经理,上海户籍,上海,,,
P04044,李源宁,女,29,25-29,无需要照顾的孩子,服务业者,service_worker,店员,外省市户籍,山东,,,
P04045,陈豪明,男,26,25-29,无需要照顾的孩子,体力劳动者,manual_worker,司机,外省市户籍,山东,,,
P04046,董诺佑,男,49,45-49,有成年孩子,体力劳动者,manual_worker,设备操作员,上海户籍,上海,,,
P04047,邓远嘉,男,31,30-34,有未成年孩子,上班族,office_worker,技术经理,外省市户籍,江苏,,,
P04048,胡婉一,女,36,35-39,有未成年孩子,自由业者,freelancer,翻译,上海户籍,上海,,,
P04049,王涵乐,男,37,35-39,无需要照顾的孩子,服务业者,service_worker,理发师,上海户籍,上海,,,
P04050,王宇景,男,39,35-39,有未成年孩子,上班族,office_worker,项目经理,外省市户籍,山东,,,
P04051,张哲豪,男,26,25-29,无需要照顾的孩子,服务业者,service_worker,酒店前台,外省市户籍,湖北,,,
P04052,王羽梓,男,40,40-44,有未成年孩子,自由业者,freelancer,自媒体从业者,外省市户籍,浙江,,,
P04053,王源诺,女,29,25-29,有未成年孩子,上班族,office_worker,设计师,外省市户籍,江苏,,,
P04054,陈彤晨,女,30,30-34,有未成年孩子,上班族,office_worker,数据分析师,外省市户籍,湖南,,,
P04055,李安瑶,女,30,30-34,有未成年孩子,服务业者,service_worker,餐厅服务员,外省市户籍,浙江,,,
P04056,张一清,女,31,30-34,无需要照顾的孩子,上班族,office_worker,数据分析师,外省市户籍,湖南,,,
P04057,赵晴雅,女,24,18-24,无需要照顾的孩子,自由业者,freelancer,私教,外省市户籍,江西,,,
P04058,刘博乐,男,30,30-34,无需要照顾的孩子,上班族,office_worker,数据分析师,上海户籍,上海,,,
P04059,赵豪,男,40,40-44,无需要照顾的孩子,上班族,office_worker,销售经理,外省市户籍,安徽,,,
P04060,杨佑哲,男,19,18-24,无需要照顾的孩子,服务业者,service_worker,美容师,上海户籍,上海,,,
P04061,胡雅雨,女,31,30-34,有未成年孩子,服务业者,service_worker,房产经纪,外省市户籍,其他,,,
P04062,吴清晨,男,29,25-29,无需要照顾的孩子,服务业者,service_worker,保安,外省市户籍,山东,,,
P04063,李思,女,40,40-44,无需要照顾的孩子,服务业者,service_worker,美容师,上海户籍,上海,,,
P04064,王哲,男,44,40-44,有未成年孩子,服务业者,service_worker,健身教练,上海户籍,上海,,,
P04065,刘婷,女,49,45-49,有成年孩子,自由业者,freelancer,自由设计师,上海户籍,上海,,,
P04066,宋雅彤,女,39,35-39,有未成年孩子,体力劳动者,manual_worker,配送员,外省市户籍,安徽,,,
P04067,王婉涵,女,38,35-39,有未成年孩子,上班族,office_worker,HR经理,上海户籍,上海,,,
P04068,陈安辰,女,44,40-44,有未成年孩子,上班族,office_worker,采购经理,外省市户籍,湖南,,,
P04069,张杰哲,男,24,18-24,无需要照顾的孩子,自由业者,freelancer,自由销售,外省市户籍,湖北,,,
P04070,张辰,男,35,35-39,无需要照顾的孩子,上班族,office_worker,销售代表,上海户籍,上海,,,
P04071,黄嘉乐,男,48,45-49,有成年孩子,服务业者,service_worker,酒店服务人员,上海户籍,上海,,,
P04072,王佳佳,女,31,30-34,有未成年孩子,上班族,office_worker,销售代表,外省市户籍,安徽,,,
P04073,李佳一,女,31,30-34,有未成年孩子,上班族,office_worker,软件工程师,外省市户籍,湖北,,,
P04074,李子乐,女,21,18-24,无需要照顾的孩子,上班族,office_worker,设计师,上海户籍,上海,,,
P04075,林晨源,女,31,30-34,无需要照顾的孩子,上班族,office_worker,会计,上海户籍,上海,,,
P04076,李诚志,男,23,18-24,无需要照顾的孩子,大学生,university_student,硕士研究生,上海户籍,上海,,,
P04077,张晴语,女,47,45-49,有成年孩子,服务业者,service_worker,收银员,外省市户籍,江苏,,,
P04078,胡豪晨,男,38,35-39,无需要照顾的孩子,上班族,office_worker,运营专员,外省市户籍,山东,,,
P04079,李哲言,男,39,35-39,有未成年孩子,上班族,office_worker,HR经理,外省市户籍,江苏,,,
P04080,杨琪晓,女,40,40-44,有未成年孩子,服务业者,service_worker,保安,上海户籍,上海,,,
P04081,杨远轩,男,29,25-29,无需要照顾的孩子,上班族,office_worker,会计,外省市户籍,福建,,,
P04082,杨然辰,男,29,25-29,无需要照顾的孩子,体力劳动者,manual_worker,快递员,外省市户籍,江西,,,
P04083,周宁诗,女,45,45-49,有成年孩子,体力劳动者,manual_worker,焊工,外省市户籍,浙江,,,
P04084,何源知,男,39,35-39,有未成年孩子,上班族,office_worker,项目经理,外省市户籍,安徽,,,
P04085,杨晨婷,女,25,25-29,无需要照顾的孩子,上班族,office_worker,数据分析师,上海户籍,上海,,,
P04086,刘言诗,女,43,40-44,有未成年孩子,上班族,office_worker,财务主管,外省市户籍,江苏,,,
P04087,徐嘉彤,女,44,40-44,有未成年孩子,服务业者,service_worker,餐厅服务员,外省市户籍,河南,,,
P04088,周杰杰,男,43,40-44,有未成年孩子,体力劳动者,manual_worker,快递员,上海户籍,上海,,,
P04089,唐晓可,女,38,35-39,有未成年孩子,服务业者,service_worker,店员,外省市户籍,江苏,,,
P04090,王诚志,男,20,18-24,无需要照顾的孩子,服务业者,service_worker,健身教练,上海户籍,上海,,,
P04091,张可安,女,25,25-29,有未成年孩子,上班族,office_worker,设计师,上海户籍,上海,,,
P04092,马晨文,男,35,35-39,有未成年孩子,上班族,office_worker,高级项目经理,外省市户籍,浙江,,,
P04093,杨杰安,男,24,18-24,无需要照顾的孩子,上班族,office_worker,数据分析师,上海户籍,上海,,,
P04094,杨思诚,男,35,35-39,有未成年孩子,自由业者,freelancer,私教,上海户籍,上海,,,
P04095,周远,女,30,30-34,无需要照顾的孩子,上班族,office_worker,HR经理,上海户籍,上海,,,
P04096,孙怡嫣,女,32,30-34,有未成年孩子,上班族,office_worker,软件工程师,上海户籍,上海,,,
P04097,刘安俊,男,33,30-34,有未成年孩子,上班族,office_worker,客户专员,外省市户籍,安徽,,,
P04098,罗梦静,女,21,18-24,无需要照顾的孩子,大学生,university_student,本科生,上海户籍,上海,,,
P04099,何怡,女,46,45-49,有成年孩子,上班族,office_worker,采购经理,上海户籍,上海,,,
P04100,王志,男,35,35-39,有未成年孩子,自由业者,freelancer,翻译,外省市户籍,江苏,,,
P04101,李涵诚,男,32,30-34,无需要照顾的孩子,服务业者,service_worker,房产经纪,外省市户籍,河北,,,
P04102,李诺晨,女,35,35-39,有未成年孩子,自由业者,freelancer,自媒体从业者,外省市户籍,湖北,,,
P04103,高然,男,26,25-29,有未成年孩子,服务业者,service_worker,保安,上海户籍,上海,,,
P04104,赵嫣桐,女,44,40-44,无需要照顾的孩子,服务业者,service_worker,理发师,外省市户籍,浙江,,,
P04105,黄婉知,女,42,40-44,有成年孩子,上班族,office_worker,高级软件工程师,上海户籍,上海,,,
P04106,孙志心,男,31,30-34,有未成年孩子,自由业者,freelancer,自由销售,外省市户籍,其他,,,
P04107,李晨俊,男,26,25-29,无需要照顾的孩子,大学生,university_student,博士研究生,外省市户籍,浙江,,,
P04108,李若晴,女,34,30-34,无需要照顾的孩子,上班族,office_worker,设计师,上海户籍,上海,,,
P04109,梁宁安,女,18,18-24,无需要照顾的孩子,自由业者,freelancer,独立程序员,外省市户籍,江苏,,,
P04110,郭阳知,男,49,45-49,无需要照顾的孩子,服务业者,service_worker,健身教练,外省市户籍,陕西,,,
P04111,杨子辰,女,30,30-34,有未成年孩子,体力劳动者,manual_worker,设备操作员,外省市户籍,四川,,,
P04112,赵佳欣,女,33,30-34,有未成年孩子,上班族,office_worker,销售代表,外省市户籍,江苏,,,
P04113,李豪楷,男,32,30-34,有未成年孩子,上班族,office_worker,采购专员,外省市户籍,陕西,,,
P04114,张星,男,33,30-34,有未成年孩子,上班族,office_worker,软件工程师,外省市户籍,其他,,,
P04115,韩婷婷,女,26,25-29,无需要照顾的孩子,上班族,office_worker,项目经理,上海户籍,上海,,,
P04116,王婉梦,女,34,30-34,有未成年孩子,服务业者,service_worker,酒店服务人员,外省市户籍,湖南,,,
P04117,赵可,女,35,35-39,有未成年孩子,上班族,office_worker,数据分析师,外省市户籍,福建,,,
P04118,刘乐梓,男,35,35-39,有未成年孩子,自由业者,freelancer,翻译,外省市户籍,安徽,,,
P04119,李诺诺,男,31,30-34,无需要照顾的孩子,上班族,office_worker,采购专员,上海户籍,上海,,,
P04120,孙嫣,女,38,35-39,无需要照顾的孩子,上班族,office_worker,数据分析师,外省市户籍,湖北,,,
P04121,张涵哲,男,49,45-49,有成年孩子,自由业者,freelancer,自媒体从业者,外省市户籍,浙江,,,
P04122,于嘉言,女,33,30-34,有未成年孩子,服务业者,service_worker,理发师,外省市户籍,陕西,,,
P04123,梁静晴,女,26,25-29,无需要照顾的孩子,上班族,office_worker,采购专员,上海户籍,上海,,,
P04124,张嘉楷,男,44,40-44,无需要照顾的孩子,服务业者,service_worker,理发师,上海户籍,上海,,,
P04125,刘晓静,女,47,45-49,有成年孩子,上班族,office_worker,人力资源经理,外省市户籍,湖南,,,
P04126,李博,男,21,18-24,无需要照顾的孩子,上班族,office_worker,财务专员,外省市户籍,浙江,,,
P04127,郭思晨,女,27,25-29,无需要照顾的孩子,服务业者,service_worker,餐厅服务员,上海户籍,上海,,,
P04128,孙佳琪,女,40,40-44,有未成年孩子,服务业者,service_worker,美容师,外省市户籍,安徽,,,
P04129,韩嘉豪,男,44,40-44,无需要照顾的孩子,上班族,office_worker,高级运营专员,上海户籍,上海,,,
P04130,张涵星,男,48,45-49,有未成年孩子,上班族,office_worker,区域经理,外省市户籍,其他,,,
P04131,杨知涵,女,42,40-44,有未成年孩子,上班族,office_worker,运营经理,外省市户籍,山东,,,
P04132,陈宁,女,40,40-44,有未成年孩子,上班族,office_worker,客户经理,外省市户籍,浙江,,,
P04133,刘宇睿,男,39,35-39,有未成年孩子,上班族,office_worker,行政专员,外省市户籍,安徽,,,
P04134,李子心,男,48,45-49,无需要照顾的孩子,体力劳动者,manual_worker,安装工,上海户籍,上海,,,
P04135,曹源文,男,38,35-39,无需要照顾的孩子,服务业者,service_worker,厨师,上海户籍,上海,,,
P04136,何明诺,男,30,30-34,无需要照顾的孩子,上班族,office_worker,销售代表,上海户籍,上海,,,
P04137,黄志俊,男,45,45-49,有成年孩子,服务业者,service_worker,保安,上海户籍,上海,,,
P04138,赵梦可,女,37,35-39,无需要照顾的孩子,上班族,office_worker,客户专员,上海户籍,上海,,,
P04139,唐嫣欣,女,25,25-29,无需要照顾的孩子,上班族,office_worker,会计,外省市户籍,四川,,,
P04140,杨乐文,男,31,30-34,无需要照顾的孩子,服务业者,service_worker,美容师,上海户籍,上海,,,
P04141,李雨涵,女,43,40-44,有未成年孩子,体力劳动者,manual_worker,司机,外省市户籍,河南,,,
P04142,杨子博,男,19,18-24,无需要照顾的孩子,服务业者,service_worker,厨师,上海户籍,上海,,,
P04143,李乐嘉,女,40,40-44,有未成年孩子,上班族,office_worker,会计,上海户籍,上海,,,
P04144,王欣源,女,21,18-24,无需要照顾的孩子,上班族,office_worker,设计师,上海户籍,上海,,,
P04145,张言杰,男,35,35-39,有未成年孩子,体力劳动者,manual_worker,电工,上海户籍,上海,,,
P04146,刘思浩,男,49,45-49,无需要照顾的孩子,服务业者,service_worker,餐厅服务员,外省市户籍,山东,,,
P04147,许远婷,女,30,30-34,无需要照顾的孩子,上班族,office_worker,财务专员,上海户籍,上海,,,
P04148,李阳源,男,31,30-34,无需要照顾的孩子,上班族,office_worker,数据分析师,外省市户籍,江西,,,
P04149,唐睿,男,22,18-24,无需要照顾的孩子,服务业者,service_worker,房产经纪,外省市户籍,陕西,,,
P04150,陈辰,男,35,35-39,有未成年孩子,体力劳动者,manual_worker,电工,上海户籍,上海,,,
P04151,张嫣雨,女,40,40-44,有未成年孩子,服务业者,service_worker,健身教练,上海户籍,上海,,,
P04152,高嘉,女,47,45-49,无需要照顾的孩子,体力劳动者,manual_worker,电工,外省市户籍,山东,,,
P04153,周子若,女,22,18-24,无需要照顾的孩子,上班族,office_worker,数据分析师,外省市户籍,江苏,,,
P04154,周桐涵,女,23,18-24,无需要照顾的孩子,体力劳动者,manual_worker,司机,上海户籍,上海,,,
P04155,吴心志,男,26,25-29,有未成年孩子,上班族,office_worker,销售代表,上海户籍,上海,,,
P04156,李静可,女,39,35-39,有未成年孩子,自由业者,freelancer,独立程序员,上海户籍,上海,,,
P04157,程楷星,男,39,35-39,有未成年孩子,上班族,office_worker,产品经理,外省市户籍,安徽,,,
P04158,杨晓涵,女,33,30-34,有未成年孩子,体力劳动者,manual_worker,安装工,外省市户籍,湖南,,,
P04159,杨欣远,女,32,30-34,有未成年孩子,自由业者,freelancer,翻译,上海户籍,上海,,,
P04160,张豪,男,32,30-34,有未成年孩子,上班族,office_worker,数据分析师,上海户籍,上海,,,
P04161,黄星涵,男,41,40-44,有未成年孩子,体力劳动者,manual_worker,快递员,外省市户籍,陕西,,,
P04162,刘梦,女,39,35-39,有未成年孩子,上班族,office_worker,销售经理,外省市户籍,其他,,,
P04163,曹昊心,男,21,18-24,无需要照顾的孩子,大学生,university_student,本科生,外省市户籍,安徽,,,
P04164,王文杰,男,43,40-44,有成年孩子,体力劳动者,manual_worker,配送员,上海户籍,上海,,,
P04165,周远杰,男,26,25-29,无需要照顾的孩子,上班族,office_worker,行政专员,外省市户籍,江苏,,,
P04166,刘豪子,男,40,40-44,有未成年孩子,服务业者,service_worker,客服,外省市户籍,河南,,,
P04167,邓源清,男,47,45-49,有未成年孩子,服务业者,service_worker,健身教练,上海户籍,上海,,,
P04168,李思,男,25,25-29,有未成年孩子,上班族,office_worker,财务专员,上海户籍,上海,,,
P04169,李楷远,男,35,35-39,无需要照顾的孩子,服务业者,service_worker,理发师,外省市户籍,浙江,,,
P04170,胡琪宁,女,25,25-29,无需要照顾的孩子,上班族,office_worker,行政专员,上海户籍,上海,,,
P04171,曹瑶,女,24,18-24,无需要照顾的孩子,大学生,university_student,硕士研究生,外省市户籍,江西,,,
P04172,袁欣清,女,29,25-29,无需要照顾的孩子,上班族,office_worker,HR经理,上海户籍,上海,,,
P04173,张志宇,男,35,35-39,有未成年孩子,上班族,office_worker,财务专员,上海户籍,上海,,,
P04174,张乐欣,女,27,25-29,有未成年孩子,上班族,office_worker,设计师,上海户籍,上海,,,
P04175,郭心源,男,30,30-34,有未成年孩子,上班族,office_worker,数据分析师,上海户籍,上海,,,
P04176,胡星豪,男,48,45-49,有未成年孩子,服务业者,service_worker,收银员,上海户籍,上海,,,
P04177,程怡桐,女,27,25-29,无需要照顾的孩子,上班族,office_worker,客户专员,上海户籍,上海,,,
P04178,朱源思,女,49,45-49,有未成年孩子,上班族,office_worker,高级产品经理,外省市户籍,四川,,,
P04179,刘源琪,女,35,35-39,有未成年孩子,服务业者,service_worker,房产经纪,外省市户籍,山东,,,
P04180,刘天阳,男,48,45-49,有未成年孩子,自由业者,freelancer,翻译,外省市户籍,江苏,,,
P04181,刘婷曦,女,26,25-29,无需要照顾的孩子,大学生,university_student,硕士研究生,上海户籍,上海,,,
P04182,周宇明,男,25,25-29,无需要照顾的孩子,自由业者,freelancer,私教,外省市户籍,福建,,,
P04183,张可乐,女,44,40-44,有成年孩子,服务业者,service_worker,收银员,外省市户籍,江西,,,
P04184,王曦一,女,39,35-39,有未成年孩子,服务业者,service_worker,店员,上海户籍,上海,,,
P04185,李明源,男,31,30-34,有未成年孩子,大学生,university_student,硕士研究生,外省市户籍,江苏,,,
P04186,刘桐,女,30,30-34,有未成年孩子,大学生,university_student,硕士研究生,外省市户籍,河南,,,
P04187,刘可晨,男,32,30-34,无需要照顾的孩子,上班族,office_worker,行政专员,外省市户籍,江苏,,,
P04188,刘安星,女,30,30-34,无需要照顾的孩子,上班族,office_worker,数据分析师,外省市户籍,江苏,,,
P04189,宋一若,女,39,35-39,有未成年孩子,体力劳动者,manual_worker,安装工,外省市户籍,其他,,,
P04190,张嘉文,男,35,35-39,有未成年孩子,服务业者,service_worker,理发师,外省市户籍,江苏,,,
P04191,谢欣婉,女,45,45-49,有成年孩子,服务业者,service_worker,酒店前台,上海户籍,上海,,,
P04192,赵嘉嘉,男,30,30-34,有未成年孩子,上班族,office_worker,高级运营专员,外省市户籍,江苏,,,
P04193,王哲言,男,24,18-24,无需要照顾的孩子,服务业者,service_worker,理发师,上海户籍,上海,,,
P04194,黄辰,女,19,18-24,无需要照顾的孩子,服务业者,service_worker,美容师,上海户籍,上海,,,
P04195,吴豪,男,33,30-34,有未成年孩子,上班族,office_worker,运营专员,外省市户籍,江苏,,,
P04196,王一哲,男,31,30-34,有未成年孩子,自由业者,freelancer,咨询顾问,外省市户籍,河北,,,
P04197,张彤涵,女,43,40-44,有未成年孩子,上班族,office_worker,客户经理,外省市户籍,四川,,,
P04198,王知涵,男,48,45-49,有未成年孩子,体力劳动者,manual_worker,安装工,上海户籍,上海,,,
P04199,李远豪,男,26,25-29,无需要照顾的孩子,服务业者,service_worker,餐厅服务员,外省市户籍,其他,,,
P04200,谢欣可,女,27,25-29,有未成年孩子,体力劳动者,manual_worker,快递员,上海户籍,上海,,,
P04201,刘晴婷,女,38,35-39,有未成年孩子,上班族,office_worker,产品经理,外省市户籍,安徽,,,
P04202,李诺思,男,27,25-29,有未成年孩子,上班族,office_worker,财务专员,外省市户籍,河南,,,
P04203,刘宁,女,26,25-29,无需要照顾的孩子,自由业者,freelancer,翻译,外省市户籍,其他,,,
P04204,李辰,女,40,40-44,有未成年孩子,上班族,office_worker,高级软件工程师,上海户籍,上海,,,
P04205,杨文源,男,45,45-49,有未成年孩子,服务业者,service_worker,理发师,上海户籍,上海,,,
P04206,吴阳可,男,18,18-24,无需要照顾的孩子,上班族,office_worker,会计,外省市户籍,其他,,,
P04207,张明轩,男,28,25-29,无需要照顾的孩子,服务业者,service_worker,酒店前台,外省市户籍,江西,,,
P04208,谢轩,男,27,25-29,无需要照顾的孩子,服务业者,service_worker,理发师,外省市户籍,广东,,,
P04209,周远哲,男,33,30-34,无需要照顾的孩子,上班族,office_worker,高级项目经理,外省市户籍,湖北,,,
P04210,孙辰,女,22,18-24,无需要照顾的孩子,上班族,office_worker,销售代表,上海户籍,上海,,,
P04211,董诺宁,女,33,30-34,无需要照顾的孩子,上班族,office_worker,运营专员,外省市户籍,河南,,,
P04212,冯宇晨,男,23,18-24,无需要照顾的孩子,上班族,office_worker,会计,外省市户籍,河南,,,
P04213,赵辰,男,36,35-39,有未成年孩子,上班族,office_worker,财务主管,外省市户籍,其他,,,
P04214,李清豪,男,30,30-34,有未成年孩子,上班族,office_worker,HR经理,上海户籍,上海,,,
P04215,赵源嫣,女,27,25-29,无需要照顾的孩子,体力劳动者,manual_worker,快递员,上海户籍,上海,,,
P04216,张涵思,男,30,30-34,有未成年孩子,自由业者,freelancer,摄影师,外省市户籍,浙江,,,
P04217,陈彤欣,女,24,18-24,无需要照顾的孩子,体力劳动者,manual_worker,电工,外省市户籍,浙江,,,
P04218,袁涵安,男,37,35-39,无需要照顾的孩子,体力劳动者,manual_worker,配送员,上海户籍,上海,,,
P04219,王远知,女,35,35-39,无需要照顾的孩子,服务业者,service_worker,美容师,上海户籍,上海,,,
P04220,郑诚志,男,37,35-39,有未成年孩子,体力劳动者,manual_worker,设备操作员,外省市户籍,江苏,,,
P04221,李清乐,女,34,30-34,无需要照顾的孩子,体力劳动者,manual_worker,设备操作员,外省市户籍,其他,,,
P04222,王欣诺,女,24,18-24,无需要照顾的孩子,上班族,office_worker,采购专员,外省市户籍,山东,,,
P04223,梁彤,女,23,18-24,无需要照顾的孩子,自由业者,freelancer,摄影师,外省市户籍,河南,,,
P04224,王嘉,男,24,18-24,无需要照顾的孩子,大学生,university_student,本科生,外省市户籍,浙江,,,
P04225,杨嫣,女,24,18-24,无需要照顾的孩子,大学生,university_student,本科生,上海户籍,上海,,,
P04226,王文志,男,42,40-44,有未成年孩子,体力劳动者,manual_worker,配送员,外省市户籍,安徽,,,
P04227,杨宁睿,男,44,40-44,有未成年孩子,服务业者,service_worker,保安,外省市户籍,江苏,,,
P04228,王羽昊,男,28,25-29,无需要照顾的孩子,上班族,office_worker,运营专员,外省市户籍,江西,,,
P04229,曹然文,男,46,45-49,有成年孩子,上班族,office_worker,财务专员,上海户籍,上海,,,
P04230,徐晨景,男,24,18-24,无需要照顾的孩子,服务业者,service_worker,收银员,上海户籍,上海,,,
P04231,刘诗雨,女,19,18-24,无需要照顾的孩子,服务业者,service_worker,酒店服务人员,外省市户籍,浙江,,,
P04232,李源,女,39,35-39,有未成年孩子,上班族,office_worker,软件工程师,外省市户籍,安徽,,,
P04233,李哲晨,男,31,30-34,无需要照顾的孩子,上班族,office_worker,采购经理,外省市户籍,浙江,,,
P04234,孙佳思,女,39,35-39,有未成年孩子,上班族,office_worker,高级产品经理,外省市户籍,河北,,,
P04235,李诺嫣,女,35,35-39,有未成年孩子,服务业者,service_worker,店员,外省市户籍,江苏,,,
P04236,王远远,男,33,30-34,无需要照顾的孩子,上班族,office_worker,采购专员,上海户籍,上海,,,
P04237,高星安,女,39,35-39,有未成年孩子,体力劳动者,manual_worker,搬运工,外省市户籍,其他,,,
P04238,谢晨可,女,33,30-34,有未成年孩子,上班族,office_worker,设计师,外省市户籍,江苏,,,
P04239,赵若雨,女,47,45-49,有未成年孩子,服务业者,service_worker,酒店前台,上海户籍,上海,,,
P04240,赵辰,男,47,45-49,有成年孩子,上班族,office_worker,设计师,外省市户籍,安徽,,,
P04241,郭诚源,男,27,25-29,无需要照顾的孩子,大学生,university_student,硕士研究生,上海户籍,上海,,,
P04242,刘思,女,35,35-39,有未成年孩子,上班族,office_worker,销售经理,外省市户籍,四川,,,
P04243,刘怡嘉,女,18,18-24,无需要照顾的孩子,自由业者,freelancer,翻译,外省市户籍,河北,,,
P04244,高文乐,男,47,45-49,有未成年孩子,上班族,office_worker,部门经理,外省市户籍,江苏,,,
P04245,谢心豪,男,40,40-44,有未成年孩子,上班族,office_worker,财务经理,外省市户籍,江苏,,,
P04246,于哲浩,男,28,25-29,无需要照顾的孩子,大学生,university_student,博士研究生,外省市户籍,河南,,,
P04247,何婷晓,女,42,40-44,有未成年孩子,上班族,office_worker,高级运营专员,外省市户籍,山东,,,
P04248,王然涵,男,20,18-24,无需要照顾的孩子,体力劳动者,manual_worker,焊工,外省市户籍,江苏,,,
P04249,袁远,女,47,45-49,有未成年孩子,上班族,office_worker,高级项目经理,上海户籍,上海,,,
P04250,韩婷,女,35,35-39,有未成年孩子,体力劳动者,manual_worker,配送员,外省市户籍,河北,,,
P04251,张清天,男,42,40-44,有未成年孩子,体力劳动者,manual_worker,建筑工人,外省市户籍,浙江,,,
P04252,孙雨怡,女,29,25-29,无需要照顾的孩子,上班族,office_worker,运营专员,外省市户籍,山东,,,
P04253,赵嘉,男,34,30-34,有未成年孩子,上班族,office_worker,客户专员,上海户籍,上海,,,
P04254,孙语欣,女,40,40-44,有成年孩子,上班族,office_worker,高级项目经理,外省市户籍,广东,,,
P04255,吴宁怡,女,42,40-44,无需要照顾的孩子,上班族,office_worker,数据分析师,外省市户籍,江西,,,
P04256,张婉安,女,45,45-49,有成年孩子,自由业者,freelancer,自由设计师,上海户籍,上海,,,
P04257,高文文,男,18,18-24,无需要照顾的孩子,大学生,university_student,本科生,外省市户籍,福建,,,
P04258,韩梦,女,32,30-34,无需要照顾的孩子,上班族,office_worker,产品经理,上海户籍,上海,,,
P04259,黄嘉嘉,男,33,30-34,无需要照顾的孩子,服务业者,service_worker,理发师,上海户籍,上海,,,
P04260,王羽彤,女,43,40-44,无需要照顾的孩子,上班族,office_worker,高级软件工程师,外省市户籍,安徽,,,
P04261,罗昊文,男,31,30-34,有未成年孩子,上班族,office_worker,HR经理,外省市户籍,江苏,,,
P04262,李诚辰,男,19,18-24,有未成年孩子,自由业者,freelancer,网店经营者,外省市户籍,河南,,,
P04263,刘清,男,41,40-44,有未成年孩子,服务业者,service_worker,餐厅服务员,外省市户籍,福建,,,
P04264,王豪哲,男,28,25-29,无需要照顾的孩子,上班族,office_worker,会计,上海户籍,上海,,,
P04265,孙晨子,女,33,30-34,有未成年孩子,上班族,office_worker,销售经理,外省市户籍,湖北,,,
P04266,杨豪,男,36,35-39,有未成年孩子,体力劳动者,manual_worker,维修技师,外省市户籍,江苏,,,
P04267,黄宇远,男,38,35-39,有未成年孩子,上班族,office_worker,高级软件工程师,上海户籍,上海,,,
P04268,王可,男,18,18-24,无需要照顾的孩子,上班族,office_worker,运营专员,上海户籍,上海,,,
P04269,赵晨涵,女,37,35-39,有未成年孩子,上班族,office_worker,HR经理,上海户籍,上海,,,
P04270,杨博,男,49,45-49,有未成年孩子,服务业者,service_worker,酒店前台,外省市户籍,河南,,,
P04271,徐晓知,女,30,30-34,无需要照顾的孩子,服务业者,service_worker,餐厅服务员,外省市户籍,湖北,,,
P04272,陈文,男,37,35-39,有未成年孩子,体力劳动者,manual_worker,仓库操作员,外省市户籍,安徽,,,
P04273,王博浩,男,32,30-34,有未成年孩子,服务业者,service_worker,客服,外省市户籍,山东,,,
P04274,刘睿豪,男,40,40-44,有未成年孩子,服务业者,service_worker,餐厅服务员,上海户籍,上海,,,
P04275,吴嘉安,男,19,18-24,无需要照顾的孩子,大学生,university_student,本科生,外省市户籍,安徽,,,
P04276,郭宇梓,男,40,40-44,无需要照顾的孩子,上班族,office_worker,客户经理,外省市户籍,安徽,,,
P04277,王明宇,男,40,40-44,有成年孩子,上班族,office_worker,销售代表,上海户籍,上海,,,
P04278,王羽,男,33,30-34,有成年孩子,自由业者,freelancer,自由销售,上海户籍,上海,,,
P04279,徐星思,男,34,30-34,无需要照顾的孩子,服务业者,service_worker,收银员,外省市户籍,江西,,,
P04280,马可,女,22,18-24,无需要照顾的孩子,上班族,office_worker,采购专员,上海户籍,上海,,,
P04281,林文嘉,男,18,18-24,无需要照顾的孩子,大学生,university_student,本科生,外省市户籍,安徽,,,
P04282,林星可,女,26,25-29,无需要照顾的孩子,服务业者,service_worker,餐厅服务员,上海户籍,上海,,,
P04283,赵景宇,男,35,35-39,无需要照顾的孩子,体力劳动者,manual_worker,建筑工人,外省市户籍,江西,,,
P04284,张梦佳,女,49,45-49,无需要照顾的孩子,体力劳动者,manual_worker,电工,上海户籍,上海,,,
P04285,李志嘉,男,39,35-39,无需要照顾的孩子,服务业者,service_worker,收银员,上海户籍,上海,,,
P04286,杨轩博,男,43,40-44,有未成年孩子,上班族,office_worker,客户专员,外省市户籍,湖北,,,
P04287,王晓诺,女,29,25-29,无需要照顾的孩子,上班族,office_worker,运营专员,上海户籍,上海,,,
P04288,刘可佳,女,45,45-49,有成年孩子,上班族,office_worker,区域经理,上海户籍,上海,,,
P04289,吴哲豪,男,33,30-34,有未成年孩子,上班族,office_worker,采购经理,上海户籍,上海,,,
P04290,韩涵心,男,38,35-39,有未成年孩子,上班族,office_worker,高级软件工程师,外省市户籍,其他,,,
P04291,林语源,女,30,30-34,有未成年孩子,上班族,office_worker,数据分析师,上海户籍,上海,,,
P04292,李诗思,女,34,30-34,有未成年孩子,上班族,office_worker,客户专员,外省市户籍,江苏,,,
P04293,杨诺轩,男,39,35-39,无需要照顾的孩子,上班族,office_worker,产品经理,外省市户籍,浙江,,,
P04294,王星,男,28,25-29,无需要照顾的孩子,上班族,office_worker,行政专员,上海户籍,上海,,,
P04295,朱佳,女,41,40-44,有未成年孩子,上班族,office_worker,财务专员,上海户籍,上海,,,
P04296,李嘉宇,男,37,35-39,有未成年孩子,自由业者,freelancer,摄影师,外省市户籍,安徽,,,
P04297,王嘉乐,男,27,25-29,有未成年孩子,上班族,office_worker,数据分析师,外省市户籍,安徽,,,
P04298,刘景涵,男,39,35-39,无需要照顾的孩子,体力劳动者,manual_worker,快递员,外省市户籍,江苏,,,
P04299,刘轩博,男,32,30-34,无需要照顾的孩子,上班族,office_worker,数据分析师,外省市户籍,河南,,,
P04300,王可豪,男,37,35-39,有未成年孩子,上班族,office_worker,高级产品经理,外省市户籍,江苏,,,
P04301,林哲嘉,男,25,25-29,无需要照顾的孩子,上班族,office_worker,数据分析师,外省市户籍,安徽,,,
P04302,林曦,女,19,18-24,无需要照顾的孩子,体力劳动者,manual_worker,快递员,上海户籍,上海,,,
P04303,张子涵,女,34,30-34,无需要照顾的孩子,服务业者,service_worker,收银员,上海户籍,上海,,,
P04304,谢可安,男,43,40-44,有未成年孩子,体力劳动者,manual_worker,搬运工,外省市户籍,湖南,,,
P04305,杨婷诺,女,31,30-34,无需要照顾的孩子,服务业者,service_worker,收银员,上海户籍,上海,,,
P04306,宋乐辰,男,42,40-44,有未成年孩子,上班族,office_worker,区域经理,上海户籍,上海,,,
P04307,李文,男,44,40-44,无需要照顾的孩子,上班族,office_worker,高级产品经理,外省市户籍,湖南,,,
P04308,杨可雨,女,36,35-39,有未成年孩子,上班族,office_worker,数据分析师,外省市户籍,山东,,,
P04309,刘嫣婉,女,25,25-29,无需要照顾的孩子,服务业者,service_worker,美容师,外省市户籍,河南,,,
P04310,张瑶思,女,42,40-44,有未成年孩子,体力劳动者,manual_worker,维修技师,外省市户籍,江苏,,,
P04311,刘曦思,女,43,40-44,有未成年孩子,上班族,office_worker,高级运营专员,上海户籍,上海,,,
P04312,王晨诚,男,38,35-39,有未成年孩子,服务业者,service_worker,健身教练,外省市户籍,河南,,,
P04313,李梦思,女,28,25-29,无需要照顾的孩子,服务业者,service_worker,收银员,外省市户籍,浙江,,,
P04314,刘昊远,男,19,18-24,有未成年孩子,上班族,office_worker,销售经理,上海户籍,上海,,,
P04315,黄诺嘉,女,30,30-34,有未成年孩子,体力劳动者,manual_worker,配送员,外省市户籍,山东,,,
P04316,徐言乐,女,32,30-34,有未成年孩子,上班族,office_worker,销售代表,外省市户籍,安徽,,,
P04317,胡羽诺,女,40,40-44,有未成年孩子,上班族,office_worker,区域经理,外省市户籍,浙江,,,
P04318,徐源明,男,32,30-34,无需要照顾的孩子,上班族,office_worker,业务负责人,外省市户籍,江西,,,
P04319,周宇,男,39,35-39,有未成年孩子,体力劳动者,manual_worker,仓库操作员,外省市户籍,河南,,,
P04320,邓心宁,男,32,30-34,有未成年孩子,大学生,university_student,硕士研究生,外省市户籍,湖北,,,
P04321,唐欣言,女,48,45-49,无需要照顾的孩子,上班族,office_worker,产品经理,上海户籍,上海,,,
P04322,黄远文,男,33,30-34,有未成年孩子,服务业者,service_worker,健身教练,外省市户籍,陕西,,,
P04323,张宁,女,43,40-44,无需要照顾的孩子,体力劳动者,manual_worker,司机,外省市户籍,江苏,,,
P04324,李景浩,男,19,18-24,有未成年孩子,大学生,university_student,硕士研究生,上海户籍,上海,,,
P04325,陈静,女,46,45-49,无需要照顾的孩子,上班族,office_worker,采购专员,上海户籍,上海,,,
P04326,李哲言,男,30,30-34,有未成年孩子,服务业者,service_worker,厨师,外省市户籍,江苏,,,
P04327,李心志,男,25,25-29,无需要照顾的孩子,体力劳动者,manual_worker,搬运工,上海户籍,上海,,,
P04328,张羽嘉,男,20,18-24,无需要照顾的孩子,体力劳动者,manual_worker,焊工,上海户籍,上海,,,
P04329,杨宇嘉,男,29,25-29,无需要照顾的孩子,服务业者,service_worker,酒店服务人员,上海户籍,上海,,,
P04330,赵诺子,男,32,30-34,有未成年孩子,上班族,office_worker,高级运营专员,上海户籍,上海,,,
P04331,冯睿,男,22,18-24,无需要照顾的孩子,服务业者,service_worker,餐厅服务员,外省市户籍,安徽,,,
P04332,赵远星,男,19,18-24,无需要照顾的孩子,大学生,university_student,本科生,上海户籍,上海,,,
P04333,赵睿明,男,36,35-39,有未成年孩子,上班族,office_worker,采购经理,上海户籍,上海,,,
P04334,李子曦,女,26,25-29,无需要照顾的孩子,服务业者,service_worker,酒店服务人员,外省市户籍,浙江,,,
P04335,张清,男,39,35-39,无需要照顾的孩子,服务业者,service_worker,餐厅服务员,上海户籍,上海,,,
P04336,陈梦心,女,25,25-29,无需要照顾的孩子,上班族,office_worker,销售代表,上海户籍,上海,,,
P04337,李心可,男,37,35-39,有未成年孩子,体力劳动者,manual_worker,焊工,上海户籍,上海,,,
P04338,张可欣,女,37,35-39,有未成年孩子,上班族,office_worker,行政专员,外省市户籍,江苏,,,
P04339,王桐思,女,30,30-34,有未成年孩子,大学生,university_student,硕士研究生,外省市户籍,河北,,,
P04340,徐轩,男,35,35-39,有未成年孩子,上班族,office_worker,销售经理,上海户籍,上海,,,
P04341,张晨哲,男,33,30-34,无需要照顾的孩子,上班族,office_worker,高级软件工程师,外省市户籍,河南,,,
P04342,张嘉乐,女,33,30-34,有未成年孩子,服务业者,service_worker,健身教练,上海户籍,上海,,,
P04343,李豪源,男,26,25-29,无需要照顾的孩子,服务业者,service_worker,厨师,外省市户籍,安徽,,,
P04344,张远,女,43,40-44,有未成年孩子,自由业者,freelancer,独立程序员,上海户籍,上海,,,
P04345,黄子诚,男,21,18-24,无需要照顾的孩子,体力劳动者,manual_worker,电工,上海户籍,上海,,,
P04346,张知知,男,33,30-34,有未成年孩子,上班族,office_worker,采购专员,上海户籍,上海,,,
P04347,郑思,女,39,35-39,无需要照顾的孩子,上班族,office_worker,采购经理,上海户籍,上海,,,
P04348,徐景宇,男,32,30-34,无需要照顾的孩子,服务业者,service_worker,理发师,上海户籍,上海,,,
P04349,王豪,男,27,25-29,无需要照顾的孩子,上班族,office_worker,财务专员,外省市户籍,其他,,,
P04350,王静梦,女,30,30-34,有未成年孩子,自由业者,freelancer,自由销售,上海户籍,上海,,,
P04351,黄乐,男,31,30-34,有未成年孩子,服务业者,service_worker,保安,上海户籍,上海,,,
P04352,周源诗,女,21,18-24,无需要照顾的孩子,体力劳动者,manual_worker,司机,上海户籍,上海,,,
P04353,宋涵宇,男,20,18-24,无需要照顾的孩子,服务业者,service_worker,客服,上海户籍,上海,,,
P04354,王言晓,女,30,30-34,有未成年孩子,体力劳动者,manual_worker,建筑工人,上海户籍,上海,,,
P04355,吴嘉一,男,21,18-24,无需要照顾的孩子,大学生,university_student,本科生,外省市户籍,江苏,,,
P04356,刘欣言,女,39,35-39,有未成年孩子,上班族,office_worker,高级运营专员,外省市户籍,湖北,,,
P04357,朱源诺,男,47,45-49,有成年孩子,服务业者,service_worker,理发师,上海户籍,上海,,,
P04358,刘梓可,男,29,25-29,无需要照顾的孩子,上班族,office_worker,采购专员,外省市户籍,江苏,,,
P04359,黄一欣,女,33,30-34,有未成年孩子,服务业者,service_worker,理发师,外省市户籍,河南,,,
P04360,马雅桐,女,23,18-24,无需要照顾的孩子,服务业者,service_worker,收银员,外省市户籍,安徽,,,
P04361,高宁,女,19,18-24,无需要照顾的孩子,上班族,office_worker,采购专员,外省市户籍,江苏,,,
P04362,邓晨羽,男,30,30-34,无需要照顾的孩子,体力劳动者,manual_worker,搬运工,上海户籍,上海,,,
P04363,唐涵,男,37,35-39,有未成年孩子,上班族,office_worker,项目经理,外省市户籍,湖南,,,
P04364,刘轩嘉,男,29,25-29,无需要照顾的孩子,上班族,office_worker,运营专员,外省市户籍,河南,,,
P04365,李哲羽,男,31,30-34,无需要照顾的孩子,上班族,office_worker,部门经理,上海户籍,上海,,,
P04366,杨辰嘉,男,32,30-34,无需要照顾的孩子,体力劳动者,manual_worker,安装工,上海户籍,上海,,,
P04367,孙知,女,31,30-34,有未成年孩子,上班族,office_worker,采购专员,外省市户籍,四川,,,
P04368,李豪睿,男,31,30-34,无需要照顾的孩子,自由业者,freelancer,独立程序员,外省市户籍,河南,,,
P04369,刘静,女,36,35-39,有未成年孩子,体力劳动者,manual_worker,快递员,外省市户籍,其他,,,
P04370,李清,女,28,25-29,无需要照顾的孩子,上班族,office_worker,销售代表,外省市户籍,四川,,,
P04371,王佑轩,男,34,30-34,无需要照顾的孩子,体力劳动者,manual_worker,配送员,上海户籍,上海,,,
P04372,李浩,男,37,35-39,有未成年孩子,服务业者,service_worker,客服,外省市户籍,福建,,,
P04373,于若言,女,32,30-34,无需要照顾的孩子,上班族,office_worker,产品经理,上海户籍,上海,,,
P04374,王哲知,男,42,40-44,无需要照顾的孩子,上班族,office_worker,数据分析师,外省市户籍,湖北,,,
P04375,邓语,女,34,30-34,无需要照顾的孩子,上班族,office_worker,数据分析师,上海户籍,上海,,,
P04376,冯佑志,男,28,25-29,无需要照顾的孩子,体力劳动者,manual_worker,搬运工,上海户籍,上海,,,
P04377,张心景,男,18,18-24,有未成年孩子,体力劳动者,manual_worker,焊工,外省市户籍,福建,,,
P04378,张欣言,女,39,35-39,有未成年孩子,上班族,office_worker,数据分析师,上海户籍,上海,,,
P04379,刘嘉,男,19,18-24,无需要照顾的孩子,上班族,office_worker,软件工程师,外省市户籍,安徽,,,
P04380,杨睿轩,男,31,30-34,无需要照顾的孩子,上班族,office_worker,采购专员,上海户籍,上海,,,
P04381,许雨,女,26,25-29,有未成年孩子,上班族,office_worker,会计,上海户籍,上海,,,
P04382,王星远,女,40,40-44,有未成年孩子,服务业者,service_worker,店员,外省市户籍,河北,,,
P04383,周嘉嘉,男,25,25-29,有未成年孩子,上班族,office_worker,设计师,上海户籍,上海,,,
P04384,张诗辰,女,46,45-49,有成年孩子,体力劳动者,manual_worker,安装工,外省市户籍,江苏,,,
P04385,吴然佑,男,28,25-29,无需要照顾的孩子,上班族,office_worker,数据分析师,外省市户籍,浙江,,,
P04386,赵杰嘉,男,37,35-39,有未成年孩子,上班族,office_worker,客户经理,外省市户籍,江西,,,
P04387,王源泽,男,44,40-44,有未成年孩子,服务业者,service_worker,理发师,外省市户籍,湖南,,,
P04388,林晨阳,男,23,18-24,无需要照顾的孩子,上班族,office_worker,销售经理,外省市户籍,安徽,,,
P04389,刘博宇,男,25,25-29,有未成年孩子,上班族,office_worker,设计师,外省市户籍,福建,,,
P04390,谢泽可,男,41,40-44,有成年孩子,上班族,office_worker,项目经理,上海户籍,上海,,,
P04391,黄豪可,男,22,18-24,无需要照顾的孩子,自由业者,freelancer,网店经营者,外省市户籍,山东,,,
P04392,王辰,女,35,35-39,有未成年孩子,上班族,office_worker,财务主管,外省市户籍,江苏,,,
P04393,郭可彤,女,29,25-29,无需要照顾的孩子,服务业者,service_worker,美容师,上海户籍,上海,,,
P04394,马思诗,女,35,35-39,有未成年孩子,上班族,office_worker,销售代表,外省市户籍,安徽,,,
P04395,王涵雅,女,19,18-24,有未成年孩子,大学生,university_student,本科生,外省市户籍,山东,,,
P04396,刘源,女,41,40-44,无需要照顾的孩子,上班族,office_worker,人力资源经理,外省市户籍,安徽,,,
P04397,张嫣,女,23,18-24,无需要照顾的孩子,自由业者,freelancer,咨询顾问,上海户籍,上海,,,
P04398,马怡雨,女,26,25-29,无需要照顾的孩子,服务业者,service_worker,厨师,上海户籍,上海,,,
P04399,谢涵,女,48,45-49,有未成年孩子,服务业者,service_worker,美容师,上海户籍,上海,,,
P04400,黄欣源,女,34,30-34,有未成年孩子,上班族,office_worker,数据分析师,上海户籍,上海,,,
P04401,孙欣彤,女,20,18-24,无需要照顾的孩子,上班族,office_worker,设计师,上海户籍,上海,,,
P04402,吴远怡,女,37,35-39,有成年孩子,上班族,office_worker,客户经理,上海户籍,上海,,,
P04403,张思欣,女,32,30-34,无需要照顾的孩子,自由业者,freelancer,摄影师,外省市户籍,河南,,,
P04404,陈景星,男,31,30-34,无需要照顾的孩子,自由业者,freelancer,自由设计师,外省市户籍,其他,,,
P04405,陈源晴,女,30,30-34,有未成年孩子,服务业者,service_worker,客服,上海户籍,上海,,,
P04406,赵婷雨,女,46,45-49,有成年孩子,服务业者,service_worker,餐厅服务员,上海户籍,上海,,,
P04407,黄博,男,37,35-39,有未成年孩子,上班族,office_worker,财务专员,外省市户籍,浙江,,,
P04408,李琪清,女,37,35-39,有未成年孩子,服务业者,service_worker,收银员,上海户籍,上海,,,
P04409,张轩然,男,34,30-34,有未成年孩子,自由业者,freelancer,独立程序员,外省市户籍,福建,,,
P04410,陈怡诺,女,21,18-24,有未成年孩子,大学生,university_student,本科生,外省市户籍,湖南,,,
P04411,罗宁怡,女,48,45-49,无需要照顾的孩子,体力劳动者,manual_worker,快递员,外省市户籍,江苏,,,
P04412,王曦,女,40,40-44,有未成年孩子,服务业者,service_worker,厨师,外省市户籍,广东,,,
P04413,杨涵,女,27,25-29,无需要照顾的孩子,上班族,office_worker,会计,上海户籍,上海,,,
P04414,刘婷,女,39,35-39,有未成年孩子,服务业者,service_worker,房产经纪,外省市户籍,安徽,,,
P04415,李佳欣,女,19,18-24,有未成年孩子,服务业者,service_worker,店员,上海户籍,上海,,,
P04416,王诗宁,女,32,30-34,无需要照顾的孩子,服务业者,service_worker,收银员,外省市户籍,湖北,,,
P04417,郭一心,女,46,45-49,有成年孩子,服务业者,service_worker,厨师,上海户籍,上海,,,
P04418,胡晓嘉,女,30,30-34,有未成年孩子,自由业者,freelancer,摄影师,外省市户籍,四川,,,
P04419,李心,女,43,40-44,有未成年孩子,自由业者,freelancer,自媒体从业者,上海户籍,上海,,,
P04420,刘安,男,28,25-29,有未成年孩子,上班族,office_worker,数据分析师,外省市户籍,江西,,,
P04421,陈哲言,男,49,45-49,无需要照顾的孩子,服务业者,service_worker,店员,上海户籍,上海,,,
P04422,刘然嘉,男,28,25-29,有未成年孩子,上班族,office_worker,财务专员,外省市户籍,江苏,,,
P04423,马清天,男,21,18-24,无需要照顾的孩子,上班族,office_worker,行政专员,上海户籍,上海,,,
P04424,张嘉明,男,29,25-29,无需要照顾的孩子,上班族,office_worker,采购专员,上海户籍,上海,,,
P04425,杨乐浩,男,24,18-24,无需要照顾的孩子,服务业者,service_worker,收银员,外省市户籍,浙江,,,
P04426,梁清嘉,女,21,18-24,无需要照顾的孩子,上班族,office_worker,软件工程师,外省市户籍,江苏,,,
P04427,程言思,女,32,30-34,有未成年孩子,服务业者,service_worker,店员,上海户籍,上海,,,
P04428,冯婷怡,女,39,35-39,无需要照顾的孩子,体力劳动者,manual_worker,维修技师,上海户籍,上海,,,
P04429,杨瑶欣,女,29,25-29,无需要照顾的孩子,体力劳动者,manual_worker,设备操作员,上海户籍,上海,,,
P04430,陈思心,女,34,30-34,有未成年孩子,上班族,office_worker,会计,上海户籍,上海,,,
P04431,高宁思,女,38,35-39,有未成年孩子,服务业者,service_worker,餐厅服务员,上海户籍,上海,,,
P04432,韩思,女,29,25-29,有未成年孩子,上班族,office_worker,数据分析师,外省市户籍,其他,,,
P04433,朱景,男,46,45-49,有未成年孩子,自由业者,freelancer,自由设计师,外省市户籍,江苏,,,
P04434,高楷楷,男,28,25-29,有未成年孩子,自由业者,freelancer,自由销售,上海户籍,上海,,,
P04435,张若怡,女,35,35-39,有未成年孩子,上班族,office_worker,数据分析师,外省市户籍,江苏,,,
P04436,朱宁羽,女,39,35-39,有未成年孩子,体力劳动者,manual_worker,电工,外省市户籍,山东,,,
P04437,冯文昊,男,23,18-24,无需要照顾的孩子,自由业者,freelancer,自媒体从业者,上海户籍,上海,,,
P04438,吴辰辰,女,38,35-39,有未成年孩子,上班族,office_worker,HR经理,外省市户籍,四川,,,
P04439,孙静知,女,45,45-49,有成年孩子,上班族,office_worker,采购经理,外省市户籍,江苏,,,
P04440,刘涵远,男,32,30-34,有未成年孩子,服务业者,service_worker,酒店前台,外省市户籍,江苏,,,
P04441,张哲诚,男,33,30-34,无需要照顾的孩子,上班族,office_worker,财务主管,上海户籍,上海,,,
P04442,唐安,男,29,25-29,有未成年孩子,上班族,office_worker,销售代表,外省市户籍,湖南,,,
P04443,张哲子,男,34,30-34,有未成年孩子,上班族,office_worker,销售代表,上海户籍,上海,,,
P04444,刘文杰,男,22,18-24,有未成年孩子,大学生,university_student,本科生,上海户籍,上海,,,
P04445,马雨远,女,40,40-44,无需要照顾的孩子,上班族,office_worker,数据分析师,上海户籍,上海,,,
P04446,韩言泽,男,42,40-44,有未成年孩子,上班族,office_worker,高级软件工程师,外省市户籍,山东,,,
P04447,王子佑,男,25,25-29,无需要照顾的孩子,自由业者,freelancer,咨询顾问,上海户籍,上海,,,
P04448,吴静宁,女,41,40-44,有未成年孩子,自由业者,freelancer,独立程序员,上海户籍,上海,,,
P04449,韩辰乐,女,28,25-29,无需要照顾的孩子,自由业者,freelancer,摄影师,外省市户籍,陕西,,,
P04450,张言羽,女,30,30-34,无需要照顾的孩子,上班族,office_worker,软件工程师,外省市户籍,安徽,,,
P04451,李思桐,女,30,30-34,无需要照顾的孩子,上班族,office_worker,行政专员,外省市户籍,山东,,,
P04452,赵嘉,女,27,25-29,无需要照顾的孩子,上班族,office_worker,高级软件工程师,外省市户籍,江苏,,,
P04453,徐知,女,25,25-29,有未成年孩子,服务业者,service_worker,美容师,上海户籍,上海,,,
P04454,王思一,男,27,25-29,有未成年孩子,体力劳动者,manual_worker,设备操作员,外省市户籍,四川,,,
P04455,徐明一,男,21,18-24,无需要照顾的孩子,服务业者,service_worker,理发师,外省市户籍,湖北,,,
P04456,杨宁宁,女,24,18-24,无需要照顾的孩子,服务业者,service_worker,保安,外省市户籍,江西,,,
P04457,黄晓安,女,19,18-24,无需要照顾的孩子,服务业者,service_worker,收银员,外省市户籍,四川,,,
P04458,张星欣,女,40,40-44,有未成年孩子,自由业者,freelancer,咨询顾问,外省市户籍,河北,,,
P04459,赵宁豪,男,38,35-39,无需要照顾的孩子,服务业者,service_worker,店员,外省市户籍,湖北,,,
P04460,李言佳,女,25,25-29,无需要照顾的孩子,上班族,office_worker,客户专员,外省市户籍,四川,,,
P04461,王心,女,37,35-39,有未成年孩子,服务业者,service_worker,厨师,上海户籍,上海,,,
P04462,林星佑,男,38,35-39,有未成年孩子,体力劳动者,manual_worker,安装工,外省市户籍,江西,,,
P04463,郭婉嘉,女,41,40-44,无需要照顾的孩子,服务业者,service_worker,房产经纪,上海户籍,上海,,,
P04464,孙然睿,男,31,30-34,无需要照顾的孩子,上班族,office_worker,设计师,外省市户籍,安徽,,,
P04465,韩清,女,31,30-34,无需要照顾的孩子,上班族,office_worker,行政专员,上海户籍,上海,,,
P04466,李豪清,男,44,40-44,有成年孩子,体力劳动者,manual_worker,电工,上海户籍,上海,,,
P04467,周嘉景,男,44,40-44,有未成年孩子,服务业者,service_worker,酒店前台,上海户籍,上海,,,
P04468,李睿轩,男,25,25-29,无需要照顾的孩子,上班族,office_worker,财务主管,上海户籍,上海,,,
P04469,陈宁晨,女,28,25-29,无需要照顾的孩子,上班族,office_worker,产品经理,上海户籍,上海,,,
P04470,董可,女,38,35-39,有成年孩子,上班族,office_worker,高级软件工程师,外省市户籍,山东,,,
P04471,罗远豪,男,27,25-29,无需要照顾的孩子,服务业者,service_worker,店员,外省市户籍,浙江,,,
P04472,孙源,男,47,45-49,有成年孩子,上班族,office_worker,采购专员,外省市户籍,江苏,,,
P04473,王彤静,女,30,30-34,无需要照顾的孩子,上班族,office_worker,销售经理,外省市户籍,湖北,,,
P04474,周佳彤,女,18,18-24,无需要照顾的孩子,大学生,university_student,本科生,外省市户籍,湖南,,,
P04475,马彤思,女,46,45-49,有成年孩子,上班族,office_worker,技术经理,外省市户籍,浙江,,,
P04476,刘雨,女,32,30-34,有未成年孩子,上班族,office_worker,HR经理,上海户籍,上海,,,
P04477,黄怡曦,女,30,30-34,有未成年孩子,自由业者,freelancer,网店经营者,外省市户籍,江西,,,
P04478,李阳,男,33,30-34,有未成年孩子,上班族,office_worker,销售代表,上海户籍,上海,,,
P04479,王可婷,女,31,30-34,有成年孩子,自由业者,freelancer,自由设计师,外省市户籍,江苏,,,
P04480,刘雨涵,女,34,30-34,有未成年孩子,上班族,office_worker,HR经理,上海户籍,上海,,,
P04481,王羽静,女,36,35-39,有成年孩子,上班族,office_worker,会计,上海户籍,上海,,,
P04482,赵宁,女,22,18-24,无需要照顾的孩子,体力劳动者,manual_worker,仓库操作员,上海户籍,上海,,,
P04483,罗清辰,女,27,25-29,无需要照顾的孩子,上班族,office_worker,运营专员,上海户籍,上海,,,
P04484,李晨梓,男,30,30-34,无需要照顾的孩子,上班族,office_worker,产品经理,上海户籍,上海,,,
P04485,陈远,男,23,18-24,无需要照顾的孩子,体力劳动者,manual_worker,安装工,上海户籍,上海,,,
P04486,张知志,男,35,35-39,有未成年孩子,体力劳动者,manual_worker,维修技师,外省市户籍,江苏,,,
P04487,刘婷若,女,31,30-34,有未成年孩子,服务业者,service_worker,店员,外省市户籍,浙江,,,
P04488,黄然然,男,33,30-34,有未成年孩子,上班族,office_worker,产品经理,外省市户籍,江西,,,
P04489,唐哲浩,男,35,35-39,有未成年孩子,服务业者,service_worker,店员,上海户籍,上海,,,
P04490,董桐宁,女,21,18-24,无需要照顾的孩子,大学生,university_student,硕士研究生,外省市户籍,安徽,,,
P04491,郑睿宇,男,35,35-39,无需要照顾的孩子,服务业者,service_worker,酒店前台,上海户籍,上海,,,
P04492,王乐,女,41,40-44,有未成年孩子,体力劳动者,manual_worker,配送员,上海户籍,上海,,,
P04493,王静可,女,28,25-29,无需要照顾的孩子,上班族,office_worker,销售代表,上海户籍,上海,,,
P04494,梁源知,女,43,40-44,有未成年孩子,服务业者,service_worker,酒店前台,外省市户籍,河南,,,
P04495,郑思,男,44,40-44,无需要照顾的孩子,体力劳动者,manual_worker,仓库操作员,外省市户籍,江苏,,,
P04496,李阳文,男,43,40-44,有未成年孩子,上班族,office_worker,项目经理,上海户籍,上海,,,
P04497,刘远思,女,26,25-29,无需要照顾的孩子,大学生,university_student,硕士研究生,上海户籍,上海,,,
P04498,于晴婉,女,36,35-39,有未成年孩子,上班族,office_worker,产品经理,上海户籍,上海,,,
P04499,王清景,男,26,25-29,无需要照顾的孩子,上班族,office_worker,软件工程师,外省市户籍,江西,,,
P04500,罗诺晓,女,22,18-24,无需要照顾的孩子,大学生,university_student,本科生,上海户籍,上海,,,
P04501,徐语诗,女,43,40-44,有未成年孩子,服务业者,service_worker,保安,上海户籍,上海,,,
P04502,陈婉,女,38,35-39,无需要照顾的孩子,上班族,office_worker,高级项目经理,外省市户籍,江苏,,,
P04503,梁怡欣,女,26,25-29,无需要照顾的孩子,体力劳动者,manual_worker,设备操作员,上海户籍,上海,,,
P04504,黄嘉远,男,37,35-39,有未成年孩子,上班族,office_worker,人力资源经理,外省市户籍,江西,,,
P04505,高羽,男,31,30-34,有未成年孩子,上班族,office_worker,高级软件工程师,外省市户籍,江苏,,,
P04506,李清,男,30,30-34,有未成年孩子,上班族,office_worker,运营专员,外省市户籍,江苏,,,
P04507,张可晴,女,27,25-29,有未成年孩子,上班族,office_worker,行政专员,外省市户籍,江苏,,,
P04508,李泽昊,男,38,35-39,有未成年孩子,上班族,office_worker,运营专员,上海户籍,上海,,,
P04509,李晨,女,49,45-49,有成年孩子,上班族,office_worker,人力资源经理,上海户籍,上海,,,
P04510,袁桐思,女,32,30-34,有未成年孩子,服务业者,service_worker,保安,上海户籍,上海,,,
P04511,李思雅,女,39,35-39,有未成年孩子,体力劳动者,manual_worker,建筑工人,上海户籍,上海,,,
P04512,唐文一,男,36,35-39,无需要照顾的孩子,体力劳动者,manual_worker,焊工,外省市户籍,河南,,,
P04513,王天梓,男,35,35-39,无需要照顾的孩子,上班族,office_worker,高级项目经理,上海户籍,上海,,,
P04514,谢思彤,女,39,35-39,有未成年孩子,体力劳动者,manual_worker,配送员,上海户籍,上海,,,
P04515,周婷子,女,32,30-34,有未成年孩子,上班族,office_worker,客户专员,上海户籍,上海,,,
P04516,马语思,女,49,45-49,有未成年孩子,服务业者,service_worker,健身教练,外省市户籍,浙江,,,
P04517,黄言,女,27,25-29,无需要照顾的孩子,上班族,office_worker,财务专员,外省市户籍,安徽,,,
P04518,黄言辰,女,29,25-29,无需要照顾的孩子,服务业者,service_worker,健身教练,外省市户籍,河北,,,
P04519,王梦可,女,30,30-34,有未成年孩子,服务业者,service_worker,酒店前台,外省市户籍,广东,,,
P04520,何思知,女,26,25-29,无需要照顾的孩子,上班族,office_worker,设计师,外省市户籍,安徽,,,
P04521,刘知豪,男,35,35-39,有未成年孩子,上班族,office_worker,高级产品经理,外省市户籍,浙江,,,
P04522,周嘉子,男,28,25-29,有未成年孩子,体力劳动者,manual_worker,建筑工人,上海户籍,上海,,,
P04523,宋婷晨,女,34,30-34,无需要照顾的孩子,服务业者,service_worker,美容师,上海户籍,上海,,,
P04524,刘清,女,33,30-34,有未成年孩子,服务业者,service_worker,客服,外省市户籍,其他,,,
P04525,高涵,女,35,35-39,有未成年孩子,服务业者,service_worker,客服,外省市户籍,湖北,,,
P04526,郑子,女,23,18-24,无需要照顾的孩子,大学生,university_student,博士研究生,外省市户籍,浙江,,,
P04527,张然杰,男,49,45-49,有成年孩子,上班族,office_worker,高级产品经理,上海户籍,上海,,,
P04528,刘怡,女,26,25-29,无需要照顾的孩子,上班族,office_worker,HR经理,上海户籍,上海,,,
P04529,吴豪清,男,23,18-24,无需要照顾的孩子,大学生,university_student,硕士研究生,上海户籍,上海,,,
P04530,高心源,男,35,35-39,有未成年孩子,上班族,office_worker,数据分析师,外省市户籍,四川,,,
P04531,曹可,男,34,30-34,有未成年孩子,自由业者,freelancer,独立程序员,外省市户籍,河北,,,
P04532,周一轩,男,26,25-29,无需要照顾的孩子,上班族,office_worker,采购专员,外省市户籍,安徽,,,
P04533,陈杰嘉,男,35,35-39,无需要照顾的孩子,自由业者,freelancer,摄影师,上海户籍,上海,,,
P04534,刘晓辰,女,38,35-39,有未成年孩子,上班族,office_worker,财务经理,外省市户籍,广东,,,
P04535,韩言,女,22,18-24,无需要照顾的孩子,上班族,office_worker,设计师,上海户籍,上海,,,
P04536,袁诺哲,男,18,18-24,无需要照顾的孩子,体力劳动者,manual_worker,维修技师,外省市户籍,山东,,,
P04537,李源羽,女,36,35-39,有未成年孩子,服务业者,service_worker,收银员,上海户籍,上海,,,
P04538,何安,女,44,40-44,有未成年孩子,上班族,office_worker,技术经理,外省市户籍,安徽,,,
P04539,赵乐嘉,女,31,30-34,有未成年孩子,上班族,office_worker,采购经理,外省市户籍,安徽,,,
P04540,李昊楷,男,31,30-34,无需要照顾的孩子,上班族,office_worker,项目经理,外省市户籍,河南,,,
P04541,吴睿源,男,22,18-24,无需要照顾的孩子,体力劳动者,manual_worker,配送员,外省市户籍,山东,,,
P04542,唐思思,女,35,35-39,无需要照顾的孩子,上班族,office_worker,人力资源经理,上海户籍,上海,,,
P04543,杨一源,男,47,45-49,有成年孩子,上班族,office_worker,产品经理,上海户籍,上海,,,
P04544,谢曦,女,32,30-34,有未成年孩子,上班族,office_worker,会计,外省市户籍,安徽,,,
P04545,陈知琪,女,41,40-44,有未成年孩子,上班族,office_worker,高级项目经理,外省市户籍,河南,,,
P04546,刘欣一,女,27,25-29,无需要照顾的孩子,上班族,office_worker,设计师,外省市户籍,江苏,,,
P04547,陈诺豪,男,25,25-29,有未成年孩子,上班族,office_worker,数据分析师,外省市户籍,浙江,,,
P04548,朱曦子,女,33,30-34,有未成年孩子,服务业者,service_worker,房产经纪,上海户籍,上海,,,
P04549,杨瑶,女,21,18-24,无需要照顾的孩子,服务业者,service_worker,客服,上海户籍,上海,,,
P04550,王乐,女,44,40-44,有未成年孩子,自由业者,freelancer,独立程序员,外省市户籍,安徽,,,
P04551,朱涵,男,42,40-44,有未成年孩子,上班族,office_worker,项目经理,外省市户籍,山东,,,
P04552,刘星阳,男,25,25-29,无需要照顾的孩子,上班族,office_worker,高级运营专员,外省市户籍,江苏,,,
P04553,张诗桐,女,47,45-49,有成年孩子,服务业者,service_worker,理发师,外省市户籍,浙江,,,
P04554,周可,女,29,25-29,有未成年孩子,上班族,office_worker,业务负责人,外省市户籍,河南,,,
P04555,高宁源,男,33,30-34,有未成年孩子,上班族,office_worker,数据分析师,上海户籍,上海,,,
P04556,赵诺文,男,30,30-34,无需要照顾的孩子,上班族,office_worker,运营专员,外省市户籍,浙江,,,
P04557,罗子曦,女,44,40-44,有成年孩子,服务业者,service_worker,酒店服务人员,上海户籍,上海,,,
P04558,郑宇,男,49,45-49,有未成年孩子,上班族,office_worker,技术经理,外省市户籍,江苏,,,
P04559,胡乐宇,男,34,30-34,无需要照顾的孩子,上班族,office_worker,HR经理,上海户籍,上海,,,
P04560,张诺哲,男,49,45-49,有成年孩子,体力劳动者,manual_worker,安装工,上海户籍,上海,,,
P04561,李可,女,39,35-39,有未成年孩子,自由业者,freelancer,独立程序员,外省市户籍,河南,,,
P04562,王然知,男,39,35-39,有未成年孩子,上班族,office_worker,高级软件工程师,上海户籍,上海,,,
P04563,高宇豪,男,29,25-29,无需要照顾的孩子,上班族,office_worker,销售代表,外省市户籍,山东,,,
P04564,张可安,女,32,30-34,有未成年孩子,自由业者,freelancer,自由销售,上海户籍,上海,,,
P04565,赵远天,男,34,30-34,无需要照顾的孩子,上班族,office_worker,数据分析师,上海户籍,上海,,,
P04566,吴知志,男,33,30-34,有未成年孩子,上班族,office_worker,项目经理,上海户籍,上海,,,
P04567,陈宁远,男,22,18-24,有未成年孩子,体力劳动者,manual_worker,快递员,上海户籍,上海,,,
P04568,刘泽俊,男,32,30-34,有未成年孩子,上班族,office_worker,行政专员,上海户籍,上海,,,
P04569,张心明,男,22,18-24,无需要照顾的孩子,大学生,university_student,本科生,上海户籍,上海,,,
P04570,张豪浩,男,20,18-24,无需要照顾的孩子,服务业者,service_worker,健身教练,外省市户籍,浙江,,,
P04571,张源辰,男,36,35-39,无需要照顾的孩子,服务业者,service_worker,美容师,上海户籍,上海,,,
P04572,李天昊,男,40,40-44,有成年孩子,上班族,office_worker,客户专员,上海户籍,上海,,,
P04573,张嘉,女,33,30-34,有未成年孩子,上班族,office_worker,客户专员,外省市户籍,安徽,,,
P04574,高思婷,女,32,30-34,有未成年孩子,上班族,office_worker,财务专员,上海户籍,上海,,,
P04575,张可欣,女,47,45-49,有未成年孩子,上班族,office_worker,产品经理,外省市户籍,福建,,,
P04576,吴羽,女,35,35-39,有未成年孩子,上班族,office_worker,数据分析师,外省市户籍,山东,,,
P04577,张可雨,女,47,45-49,有成年孩子,上班族,office_worker,采购专员,上海户籍,上海,,,
P04578,冯远哲,男,34,30-34,有未成年孩子,服务业者,service_worker,美容师,上海户籍,上海,,,
P04579,朱嫣梦,女,38,35-39,无需要照顾的孩子,上班族,office_worker,软件工程师,外省市户籍,安徽,,,
P04580,陈文嘉,男,32,30-34,无需要照顾的孩子,服务业者,service_worker,理发师,上海户籍,上海,,,
P04581,胡欣,女,41,40-44,有未成年孩子,上班族,office_worker,销售经理,外省市户籍,浙江,,,
P04582,陈安,男,20,18-24,无需要照顾的孩子,体力劳动者,manual_worker,设备操作员,外省市户籍,山东,,,
P04583,胡思安,女,22,18-24,无需要照顾的孩子,大学生,university_student,本科生,外省市户籍,安徽,,,
P04584,刘清诗,女,40,40-44,有成年孩子,上班族,office_worker,设计师,上海户籍,上海,,,
P04585,刘静欣,女,37,35-39,有未成年孩子,上班族,office_worker,财务主管,外省市户籍,四川,,,
P04586,李安清,女,41,40-44,有成年孩子,服务业者,service_worker,餐厅服务员,上海户籍,上海,,,
P04587,孙源彤,女,29,25-29,无需要照顾的孩子,上班族,office_worker,销售代表,上海户籍,上海,,,
P04588,吴辰桐,女,30,30-34,有未成年孩子,上班族,office_worker,数据分析师,上海户籍,上海,,,
P04589,韩曦,女,42,40-44,有成年孩子,上班族,office_worker,高级项目经理,外省市户籍,安徽,,,
P04590,梁文,男,27,25-29,无需要照顾的孩子,自由业者,freelancer,自由设计师,外省市户籍,河北,,,
P04591,陈羽瑶,女,29,25-29,无需要照顾的孩子,上班族,office_worker,高级软件工程师,上海户籍,上海,,,
P04592,赵曦雅,女,28,25-29,无需要照顾的孩子,大学生,university_student,硕士研究生,外省市户籍,安徽,,,
P04593,赵源羽,女,27,25-29,无需要照顾的孩子,体力劳动者,manual_worker,焊工,上海户籍,上海,,,
P04594,吴乐言,女,44,40-44,有成年孩子,服务业者,service_worker,厨师,上海户籍,上海,,,
P04595,林怡安,女,20,18-24,无需要照顾的孩子,体力劳动者,manual_worker,电工,上海户籍,上海,,,
P04596,罗昊心,男,35,35-39,有未成年孩子,服务业者,service_worker,健身教练,外省市户籍,江苏,,,
P04597,杨安可,女,36,35-39,有未成年孩子,服务业者,service_worker,保安,外省市户籍,江苏,,,
P04598,王哲星,男,30,30-34,无需要照顾的孩子,服务业者,service_worker,酒店服务人员,外省市户籍,江苏,,,
P04599,陈一安,男,42,40-44,有未成年孩子,自由业者,freelancer,咨询顾问,上海户籍,上海,,,
P04600,朱子一,女,47,45-49,有未成年孩子,上班族,office_worker,产品经理,外省市户籍,江苏,,,
P04601,王子楷,男,31,30-34,无需要照顾的孩子,上班族,office_worker,销售代表,外省市户籍,陕西,,,
P04602,曹语婉,女,32,30-34,有未成年孩子,上班族,office_worker,高级软件工程师,外省市户籍,四川,,,
P04603,赵乐阳,男,35,35-39,有未成年孩子,上班族,office_worker,采购专员,外省市户籍,安徽,,,
P04604,张轩豪,男,28,25-29,无需要照顾的孩子,自由业者,freelancer,私教,外省市户籍,河南,,,
P04605,黄景可,男,39,35-39,有未成年孩子,上班族,office_worker,销售经理,外省市户籍,江苏,,,
P04606,曹思晨,男,46,45-49,有未成年孩子,上班族,office_worker,产品经理,外省市户籍,山东,,,
P04607,赵豪泽,男,28,25-29,有未成年孩子,上班族,office_worker,产品经理,上海户籍,上海,,,
P04608,马源俊,男,20,18-24,无需要照顾的孩子,自由业者,freelancer,自由设计师,上海户籍,上海,,,
P04609,张涵志,男,36,35-39,有未成年孩子,上班族,office_worker,销售代表,上海户籍,上海,,,
P04610,韩清源,男,45,45-49,有未成年孩子,服务业者,service_worker,健身教练,外省市户籍,江苏,,,
P04611,刘楷宇,男,41,40-44,有未成年孩子,体力劳动者,manual_worker,电工,上海户籍,上海,,,
P04612,王诺宁,男,27,25-29,无需要照顾的孩子,上班族,office_worker,客户专员,外省市户籍,河南,,,
P04613,黄安宁,女,25,25-29,无需要照顾的孩子,上班族,office_worker,行政专员,外省市户籍,广东,,,
P04614,韩梓泽,男,25,25-29,无需要照顾的孩子,体力劳动者,manual_worker,快递员,外省市户籍,四川,,,
P04615,冯乐晴,女,28,25-29,无需要照顾的孩子,上班族,office_worker,采购专员,外省市户籍,四川,,,
P04616,董源可,女,19,18-24,有未成年孩子,上班族,office_worker,客户专员,上海户籍,上海,,,
P04617,韩可远,女,23,18-24,无需要照顾的孩子,服务业者,service_worker,理发师,上海户籍,上海,,,
P04618,王源知,女,18,18-24,无需要照顾的孩子,服务业者,service_worker,店员,外省市户籍,山东,,,
P04619,黄星星,女,36,35-39,无需要照顾的孩子,服务业者,service_worker,健身教练,上海户籍,上海,,,
P04620,李远,女,25,25-29,无需要照顾的孩子,上班族,office_worker,数据分析师,上海户籍,上海,,,
P04621,陈诗思,女,32,30-34,无需要照顾的孩子,上班族,office_worker,财务主管,外省市户籍,陕西,,,
P04622,吴安羽,男,31,30-34,无需要照顾的孩子,上班族,office_worker,设计师,上海户籍,上海,,,
P04623,李诗知,女,43,40-44,有未成年孩子,上班族,office_worker,财务主管,外省市户籍,福建,,,
P04624,王哲宇,男,29,25-29,无需要照顾的孩子,上班族,office_worker,高级软件工程师,上海户籍,上海,,,
P04625,周婉,女,23,18-24,无需要照顾的孩子,大学生,university_student,本科生,上海户籍,上海,,,
P04626,郭辰乐,男,48,45-49,有未成年孩子,服务业者,service_worker,收银员,外省市户籍,湖北,,,
P04627,陈知桐,女,41,40-44,有成年孩子,服务业者,service_worker,健身教练,上海户籍,上海,,,
P04628,谢子子,男,27,25-29,无需要照顾的孩子,自由业者,freelancer,翻译,外省市户籍,河南,,,
P04629,张思志,男,43,40-44,有未成年孩子,自由业者,freelancer,摄影师,上海户籍,上海,,,
P04630,杨昊哲,男,26,25-29,无需要照顾的孩子,服务业者,service_worker,客服,外省市户籍,福建,,,
P04631,孙梓,男,44,40-44,有未成年孩子,体力劳动者,manual_worker,焊工,上海户籍,上海,,,
P04632,李思欣,女,45,45-49,有成年孩子,服务业者,service_worker,酒店服务人员,外省市户籍,江苏,,,
P04633,王文一,男,46,45-49,有成年孩子,上班族,office_worker,财务专员,外省市户籍,河南,,,
P04634,李源雨,女,49,45-49,无需要照顾的孩子,服务业者,service_worker,店员,上海户籍,上海,,,
P04635,王言,男,46,45-49,有成年孩子,上班族,office_worker,销售代表,上海户籍,上海,,,
P04636,陈若曦,女,32,30-34,有未成年孩子,上班族,office_worker,设计师,外省市户籍,其他,,,
P04637,王博一,男,34,30-34,有未成年孩子,上班族,office_worker,销售代表,外省市户籍,江苏,,,
P04638,程乐,女,46,45-49,有未成年孩子,服务业者,service_worker,理发师,外省市户籍,浙江,,,
P04639,王楷晨,男,19,18-24,无需要照顾的孩子,体力劳动者,manual_worker,焊工,上海户籍,上海,,,
P04640,韩雅远,女,33,30-34,无需要照顾的孩子,上班族,office_worker,会计,外省市户籍,江苏,,,
P04641,徐彤宁,女,41,40-44,无需要照顾的孩子,上班族,office_worker,财务主管,上海户籍,上海,,,
P04642,陈雨诗,女,22,18-24,无需要照顾的孩子,大学生,university_student,硕士研究生,外省市户籍,湖南,,,
P04643,高梓诚,男,25,25-29,无需要照顾的孩子,服务业者,service_worker,房产经纪,外省市户籍,安徽,,,
P04644,张远怡,女,27,25-29,无需要照顾的孩子,上班族,office_worker,运营专员,外省市户籍,山东,,,
P04645,李可瑶,女,39,35-39,有未成年孩子,体力劳动者,manual_worker,仓库操作员,外省市户籍,福建,,,
P04646,冯雨,女,36,35-39,有成年孩子,自由业者,freelancer,翻译,上海户籍,上海,,,
P04647,王乐清,男,40,40-44,有未成年孩子,自由业者,freelancer,自由设计师,外省市户籍,江苏,,,
P04648,赵涵雨,女,34,30-34,有未成年孩子,上班族,office_worker,业务负责人,外省市户籍,四川,,,
P04649,李知睿,男,32,30-34,无需要照顾的孩子,上班族,office_worker,高级运营专员,外省市户籍,陕西,,,
P04650,袁豪然,男,45,45-49,有成年孩子,上班族,office_worker,业务负责人,外省市户籍,浙江,,,
P04651,林楷嘉,男,33,30-34,无需要照顾的孩子,上班族,office_worker,采购专员,外省市户籍,江苏,,,
P04652,周佑言,男,25,25-29,无需要照顾的孩子,上班族,office_worker,数据分析师,外省市户籍,浙江,,,
P04653,吴一心,女,25,25-29,有未成年孩子,上班族,office_worker,财务专员,上海户籍,上海,,,
P04654,谢涵,男,34,30-34,有未成年孩子,服务业者,service_worker,酒店服务人员,外省市户籍,浙江,,,
P04655,朱晨,男,39,35-39,无需要照顾的孩子,服务业者,service_worker,酒店服务人员,上海户籍,上海,,,
P04656,陈宁豪,男,37,35-39,有未成年孩子,上班族,office_worker,采购经理,外省市户籍,河南,,,
P04657,林一琪,女,31,30-34,有未成年孩子,服务业者,service_worker,健身教练,外省市户籍,安徽,,,
P04658,陈诺浩,男,49,45-49,有未成年孩子,自由业者,freelancer,独立程序员,上海户籍,上海,,,
P04659,刘涵涵,男,45,45-49,有未成年孩子,上班族,office_worker,数据分析师,上海户籍,上海,,,
P04660,李宇,男,35,35-39,有未成年孩子,上班族,office_worker,客户专员,外省市户籍,江苏,,,
P04661,吴文,男,46,45-49,有未成年孩子,上班族,office_worker,销售经理,上海户籍,上海,,,
P04662,黄晓诗,女,38,35-39,有未成年孩子,体力劳动者,manual_worker,仓库操作员,外省市户籍,浙江,,,
P04663,赵天星,男,28,25-29,无需要照顾的孩子,上班族,office_worker,设计师,外省市户籍,湖南,,,
P04664,宋文晨,男,33,30-34,有未成年孩子,上班族,office_worker,采购经理,外省市户籍,河南,,,
P04665,陈嫣,女,39,35-39,有未成年孩子,自由业者,freelancer,翻译,上海户籍,上海,,,
P04666,高睿俊,男,32,30-34,无需要照顾的孩子,上班族,office_worker,会计,外省市户籍,安徽,,,
P04667,张然,男,33,30-34,无需要照顾的孩子,体力劳动者,manual_worker,安装工,上海户籍,上海,,,
P04668,黄诺雅,女,18,18-24,无需要照顾的孩子,大学生,university_student,本科生,上海户籍,上海,,,
P04669,林安雨,女,46,45-49,有成年孩子,体力劳动者,manual_worker,仓库操作员,上海户籍,上海,,,
P04670,孙豪豪,男,27,25-29,无需要照顾的孩子,上班族,office_worker,软件工程师,上海户籍,上海,,,
P04671,胡佳辰,女,37,35-39,无需要照顾的孩子,上班族,office_worker,运营经理,上海户籍,上海,,,
P04672,李一佑,男,40,40-44,有未成年孩子,服务业者,service_worker,酒店前台,外省市户籍,安徽,,,
P04673,张曦,女,49,45-49,有成年孩子,体力劳动者,manual_worker,建筑工人,上海户籍,上海,,,
P04674,王宁天,男,20,18-24,无需要照顾的孩子,大学生,university_student,本科生,外省市户籍,浙江,,,
P04675,韩曦嫣,女,23,18-24,无需要照顾的孩子,服务业者,service_worker,餐厅服务员,外省市户籍,湖北,,,
P04676,王宁涵,男,22,18-24,无需要照顾的孩子,服务业者,service_worker,店员,上海户籍,上海,,,
P04677,王梓志,男,26,25-29,无需要照顾的孩子,上班族,office_worker,高级软件工程师,外省市户籍,湖北,,,
P04678,王辰心,男,28,25-29,无需要照顾的孩子,服务业者,service_worker,酒店前台,上海户籍,上海,,,
P04679,刘子涵,女,26,25-29,无需要照顾的孩子,体力劳动者,manual_worker,快递员,上海户籍,上海,,,
P04680,许嫣思,女,37,35-39,有未成年孩子,自由业者,freelancer,自由销售,外省市户籍,山东,,,
P04681,王桐晨,女,28,25-29,无需要照顾的孩子,服务业者,service_worker,店员,上海户籍,上海,,,
P04682,张欣诗,女,21,18-24,无需要照顾的孩子,上班族,office_worker,数据分析师,外省市户籍,湖北,,,
P04683,黄乐宁,女,23,18-24,无需要照顾的孩子,上班族,office_worker,行政专员,上海户籍,上海,,,
P04684,冯景嘉,男,36,35-39,有未成年孩子,服务业者,service_worker,保安,外省市户籍,四川,,,
P04685,李阳,男,27,25-29,无需要照顾的孩子,服务业者,service_worker,理发师,上海户籍,上海,,,
P04686,罗景,男,29,25-29,无需要照顾的孩子,上班族,office_worker,数据分析师,外省市户籍,湖北,,,
P04687,谢哲,男,37,35-39,无需要照顾的孩子,服务业者,service_worker,店员,上海户籍,上海,,,
P04688,赵泽,男,38,35-39,无需要照顾的孩子,上班族,office_worker,产品经理,外省市户籍,湖北,,,
P04689,孙佳怡,女,26,25-29,有未成年孩子,大学生,university_student,博士研究生,外省市户籍,江苏,,,
P04690,刘杰轩,男,36,35-39,有未成年孩子,服务业者,service_worker,保安,上海户籍,上海,,,
P04691,刘心诚,男,47,45-49,无需要照顾的孩子,服务业者,service_worker,房产经纪,上海户籍,上海,,,
P04692,宋佑文,男,28,25-29,无需要照顾的孩子,上班族,office_worker,财务专员,上海户籍,上海,,,
P04693,张瑶佳,女,47,45-49,有未成年孩子,服务业者,service_worker,客服,外省市户籍,河南,,,
P04694,陈诚明,男,18,18-24,有未成年孩子,上班族,office_worker,行政专员,外省市户籍,广东,,,
P04695,张言心,男,18,18-24,无需要照顾的孩子,大学生,university_student,本科生,外省市户籍,安徽,,,
P04696,王若欣,女,21,18-24,无需要照顾的孩子,上班族,office_worker,数据分析师,上海户籍,上海,,,
P04697,徐文,男,40,40-44,无需要照顾的孩子,体力劳动者,manual_worker,设备操作员,外省市户籍,福建,,,
P04698,李嘉梓,男,43,40-44,有未成年孩子,上班族,office_worker,高级项目经理,上海户籍,上海,,,
P04699,高怡涵,女,37,35-39,有未成年孩子,体力劳动者,manual_worker,建筑工人,外省市户籍,江苏,,,
P04700,王涵诺,男,38,35-39,无需要照顾的孩子,体力劳动者,manual_worker,电工,外省市户籍,江苏,,,
P04701,刘泽,男,44,40-44,有成年孩子,体力劳动者,manual_worker,配送员,外省市户籍,江苏,,,
P04702,张子,女,36,35-39,有未成年孩子,上班族,office_worker,部门经理,外省市户籍,江苏,,,
P04703,胡博浩,男,20,18-24,无需要照顾的孩子,上班族,office_worker,会计,外省市户籍,安徽,,,
P04704,林远豪,男,42,40-44,有未成年孩子,上班族,office_worker,高级项目经理,上海户籍,上海,,,
P04705,何诺源,女,37,35-39,有未成年孩子,上班族,office_worker,销售代表,外省市户籍,安徽,,,
P04706,张静思,女,33,30-34,有未成年孩子,上班族,office_worker,会计,外省市户籍,湖北,,,
P04707,刘知清,男,30,30-34,有未成年孩子,自由业者,freelancer,翻译,外省市户籍,江苏,,,
P04708,刘杰嘉,男,30,30-34,无需要照顾的孩子,上班族,office_worker,设计师,上海户籍,上海,,,
P04709,陈俊可,男,30,30-34,无需要照顾的孩子,体力劳动者,manual_worker,搬运工,上海户籍,上海,,,
P04710,袁佳辰,女,38,35-39,有未成年孩子,上班族,office_worker,客户经理,外省市户籍,河北,,,
P04711,胡星梦,女,21,18-24,无需要照顾的孩子,体力劳动者,manual_worker,设备操作员,外省市户籍,安徽,,,
P04712,高佳远,女,43,40-44,无需要照顾的孩子,服务业者,service_worker,保安,外省市户籍,江苏,,,
P04713,李辰,男,25,25-29,有未成年孩子,上班族,office_worker,会计,外省市户籍,江西,,,
P04714,李可,男,27,25-29,无需要照顾的孩子,上班族,office_worker,高级软件工程师,上海户籍,上海,,,
P04715,赵豪羽,男,33,30-34,有未成年孩子,服务业者,service_worker,收银员,上海户籍,上海,,,
P04716,韩诺思,女,35,35-39,有未成年孩子,上班族,office_worker,财务专员,外省市户籍,浙江,,,
P04717,刘言知,男,18,18-24,无需要照顾的孩子,自由业者,freelancer,自媒体从业者,上海户籍,上海,,,
P04718,张昊一,男,21,18-24,无需要照顾的孩子,上班族,office_worker,设计师,外省市户籍,安徽,,,
P04719,黄思,男,33,30-34,有未成年孩子,服务业者,service_worker,客服,外省市户籍,江苏,,,
P04720,李思哲,男,33,30-34,有未成年孩子,大学生,university_student,硕士研究生,外省市户籍,浙江,,,
P04721,罗静晓,女,23,18-24,无需要照顾的孩子,大学生,university_student,硕士研究生,上海户籍,上海,,,
P04722,王辰心,男,44,40-44,有未成年孩子,体力劳动者,manual_worker,焊工,上海户籍,上海,,,
P04723,王雨源,女,18,18-24,无需要照顾的孩子,服务业者,service_worker,房产经纪,上海户籍,上海,,,
P04724,罗宁怡,女,19,18-24,无需要照顾的孩子,上班族,office_worker,采购专员,外省市户籍,安徽,,,
P04725,吴涵瑶,女,18,18-24,无需要照顾的孩子,服务业者,service_worker,餐厅服务员,上海户籍,上海,,,
P04726,张思辰,女,26,25-29,无需要照顾的孩子,体力劳动者,manual_worker,维修技师,上海户籍,上海,,,
P04727,徐琪宁,女,41,40-44,有未成年孩子,服务业者,service_worker,餐厅服务员,外省市户籍,浙江,,,
P04728,黄辰桐,女,39,35-39,有未成年孩子,上班族,office_worker,采购经理,上海户籍,上海,,,
P04729,王诺,女,49,45-49,无需要照顾的孩子,体力劳动者,manual_worker,搬运工,外省市户籍,江苏,,,
P04730,赵心昊,男,31,30-34,有未成年孩子,自由业者,freelancer,自媒体从业者,上海户籍,上海,,,
P04731,吴欣诗,女,45,45-49,有成年孩子,自由业者,freelancer,私教,上海户籍,上海,,,
P04732,林思宁,女,24,18-24,无需要照顾的孩子,大学生,university_student,博士研究生,上海户籍,上海,,,
P04733,张豪诚,男,40,40-44,有未成年孩子,上班族,office_worker,产品经理,外省市户籍,河南,,,
P04734,李诺,女,29,25-29,无需要照顾的孩子,上班族,office_worker,客户经理,上海户籍,上海,,,
P04735,袁羽乐,女,29,25-29,无需要照顾的孩子,自由业者,freelancer,独立程序员,外省市户籍,湖南,,,
P04736,许一语,女,41,40-44,有未成年孩子,上班族,office_worker,人力资源经理,外省市户籍,安徽,,,
P04737,杨佑梓,男,47,45-49,有成年孩子,上班族,office_worker,财务主管,外省市户籍,山东,,,
P04738,徐轩哲,男,46,45-49,有未成年孩子,服务业者,service_worker,酒店服务人员,外省市户籍,江苏,,,
P04739,张婷思,女,35,35-39,有未成年孩子,上班族,office_worker,数据分析师,外省市户籍,福建,,,
P04740,韩雨语,女,33,30-34,无需要照顾的孩子,上班族,office_worker,产品经理,外省市户籍,浙江,,,
P04741,邓源俊,男,42,40-44,无需要照顾的孩子,上班族,office_worker,HR经理,上海户籍,上海,,,
P04742,刘心杰,男,25,25-29,无需要照顾的孩子,上班族,office_worker,销售经理,上海户籍,上海,,,
P04743,何雅婉,女,32,30-34,有未成年孩子,上班族,office_worker,软件工程师,外省市户籍,江苏,,,
P04744,朱哲远,男,34,30-34,无需要照顾的孩子,上班族,office_worker,高级软件工程师,上海户籍,上海,,,
P04745,吴诺杰,男,25,25-29,无需要照顾的孩子,自由业者,freelancer,咨询顾问,上海户籍,上海,,,
P04746,马佳婷,女,34,30-34,有未成年孩子,上班族,office_worker,高级项目经理,上海户籍,上海,,,
P04747,林可可,女,22,18-24,无需要照顾的孩子,服务业者,service_worker,厨师,外省市户籍,浙江,,,
P04748,韩怡,女,47,45-49,有成年孩子,上班族,office_worker,高级项目经理,上海户籍,上海,,,
P04749,李诺梓,男,25,25-29,无需要照顾的孩子,服务业者,service_worker,健身教练,上海户籍,上海,,,
P04750,董哲清,男,33,30-34,无需要照顾的孩子,服务业者,service_worker,健身教练,上海户籍,上海,,,
P04751,冯宁源,女,21,18-24,无需要照顾的孩子,上班族,office_worker,数据分析师,外省市户籍,安徽,,,
P04752,曹嘉景,男,29,25-29,无需要照顾的孩子,自由业者,freelancer,摄影师,上海户籍,上海,,,
P04753,谢然嘉,男,30,30-34,无需要照顾的孩子,上班族,office_worker,运营专员,外省市户籍,浙江,,,
P04754,唐诚然,男,30,30-34,有未成年孩子,上班族,office_worker,数据分析师,上海户籍,上海,,,
P04755,高浩俊,男,40,40-44,有未成年孩子,上班族,office_worker,财务经理,外省市户籍,山东,,,
P04756,张安,男,41,40-44,有未成年孩子,上班族,office_worker,客户经理,外省市户籍,湖南,,,
P04757,马晨然,男,32,30-34,无需要照顾的孩子,服务业者,service_worker,保安,上海户籍,上海,,,
P04758,孙羽,男,42,40-44,无需要照顾的孩子,服务业者,service_worker,房产经纪,上海户籍,上海,,,
P04759,李昊辰,男,19,18-24,无需要照顾的孩子,上班族,office_worker,行政专员,上海户籍,上海,,,
P04760,马文,男,37,35-39,有未成年孩子,服务业者,service_worker,店员,上海户籍,上海,,,
P04761,李宇,男,46,45-49,有未成年孩子,上班族,office_worker,数据分析师,外省市户籍,江苏,,,
P04762,赵轩浩,男,25,25-29,无需要照顾的孩子,自由业者,freelancer,翻译,上海户籍,上海,,,
P04763,孙羽,女,34,30-34,有未成年孩子,服务业者,service_worker,房产经纪,上海户籍,上海,,,
P04764,朱怡静,女,41,40-44,有未成年孩子,上班族,office_worker,高级软件工程师,外省市户籍,河南,,,
P04765,徐睿,男,33,30-34,无需要照顾的孩子,上班族,office_worker,设计师,外省市户籍,浙江,,,
P04766,程文晨,男,23,18-24,无需要照顾的孩子,服务业者,service_worker,酒店服务人员,外省市户籍,江苏,,,
P04767,刘涵言,女,37,35-39,无需要照顾的孩子,服务业者,service_worker,收银员,外省市户籍,福建,,,
P04768,徐一宇,男,31,30-34,有未成年孩子,上班族,office_worker,财务专员,上海户籍,上海,,,
P04769,张杰知,男,19,18-24,有未成年孩子,服务业者,service_worker,美容师,外省市户籍,江苏,,,
P04770,张琪思,女,19,18-24,无需要照顾的孩子,上班族,office_worker,销售代表,上海户籍,上海,,,
P04771,王诚辰,男,30,30-34,有未成年孩子,自由业者,freelancer,自由设计师,上海户籍,上海,,,
P04772,周天安,男,34,30-34,有未成年孩子,上班族,office_worker,客户经理,外省市户籍,湖北,,,
P04773,王轩宇,男,28,25-29,无需要照顾的孩子,服务业者,service_worker,保安,外省市户籍,河南,,,
P04774,赵梦婉,女,39,35-39,有未成年孩子,上班族,office_worker,销售经理,上海户籍,上海,,,
P04775,陈远豪,男,28,25-29,无需要照顾的孩子,服务业者,service_worker,酒店服务人员,外省市户籍,湖北,,,
P04776,杨羽嘉,男,38,35-39,无需要照顾的孩子,自由业者,freelancer,自媒体从业者,外省市户籍,江苏,,,
P04777,林一,女,29,25-29,无需要照顾的孩子,上班族,office_worker,高级产品经理,外省市户籍,四川,,,
P04778,赵思羽,女,18,18-24,无需要照顾的孩子,自由业者,freelancer,自由设计师,外省市户籍,湖北,,,
P04779,杨哲文,男,32,30-34,有未成年孩子,自由业者,freelancer,翻译,外省市户籍,安徽,,,
P04780,徐宁文,男,47,45-49,有成年孩子,上班族,office_worker,产品经理,外省市户籍,浙江,,,
P04781,陈可言,女,25,25-29,无需要照顾的孩子,体力劳动者,manual_worker,搬运工,外省市户籍,浙江,,,
P04782,陈若嘉,女,47,45-49,有未成年孩子,服务业者,service_worker,厨师,上海户籍,上海,,,
P04783,孙远楷,男,34,30-34,有未成年孩子,自由业者,freelancer,网店经营者,外省市户籍,安徽,,,
P04784,吴涵涵,女,32,30-34,无需要照顾的孩子,大学生,university_student,博士研究生,上海户籍,上海,,,
P04785,刘嘉乐,女,45,45-49,有未成年孩子,上班族,office_worker,产品经理,外省市户籍,浙江,,,
P04786,黄文嘉,男,24,18-24,无需要照顾的孩子,自由业者,freelancer,自媒体从业者,外省市户籍,山东,,,
P04787,陈源文,男,49,45-49,有成年孩子,体力劳动者,manual_worker,设备操作员,外省市户籍,浙江,,,
P04788,王星雅,女,35,35-39,有未成年孩子,服务业者,service_worker,房产经纪,上海户籍,上海,,,
P04789,吴心曦,女,25,25-29,无需要照顾的孩子,服务业者,service_worker,理发师,上海户籍,上海,,,
P04790,赵晨婉,女,31,30-34,有未成年孩子,上班族,office_worker,客户专员,上海户籍,上海,,,
P04791,刘思诺,女,40,40-44,有未成年孩子,上班族,office_worker,项目经理,外省市户籍,江西,,,
P04792,周哲源,男,33,30-34,有未成年孩子,服务业者,service_worker,酒店服务人员,外省市户籍,安徽,,,
P04793,张言然,男,30,30-34,有未成年孩子,上班族,office_worker,高级软件工程师,上海户籍,上海,,,
P04794,谢宁,男,20,18-24,无需要照顾的孩子,大学生,university_student,本科生,外省市户籍,浙江,,,
P04795,于诺,男,26,25-29,无需要照顾的孩子,上班族,office_worker,销售代表,外省市户籍,江苏,,,
P04796,刘雨欣,女,32,30-34,有未成年孩子,自由业者,freelancer,翻译,外省市户籍,江苏,,,
P04797,周宁杰,男,25,25-29,无需要照顾的孩子,上班族,office_worker,数据分析师,外省市户籍,安徽,,,
P04798,王可,女,28,25-29,无需要照顾的孩子,体力劳动者,manual_worker,建筑工人,外省市户籍,河北,,,
P04799,张梦嫣,女,28,25-29,无需要照顾的孩子,上班族,office_worker,会计,上海户籍,上海,,,
P04800,吴远轩,男,34,30-34,有未成年孩子,上班族,office_worker,财务主管,外省市户籍,河南,,,
P04801,王安源,男,25,25-29,有未成年孩子,上班族,office_worker,软件工程师,外省市户籍,湖北,,,
P04802,李静,女,42,40-44,有成年孩子,服务业者,service_worker,酒店前台,外省市户籍,江苏,,,
P04803,谢羽,男,34,30-34,无需要照顾的孩子,自由业者,freelancer,自由销售,外省市户籍,江苏,,,
P04804,王宁琪,女,36,35-39,有未成年孩子,上班族,office_worker,HR经理,外省市户籍,其他,,,
P04805,冯宁,女,32,30-34,无需要照顾的孩子,上班族,office_worker,高级软件工程师,外省市户籍,湖北,,,
P04806,高瑶乐,女,45,45-49,有成年孩子,上班族,office_worker,采购经理,上海户籍,上海,,,
P04807,陈星思,女,28,25-29,无需要照顾的孩子,上班族,office_worker,采购经理,外省市户籍,江苏,,,
P04808,董佳,女,33,30-34,无需要照顾的孩子,自由业者,freelancer,自由设计师,外省市户籍,江苏,,,
P04809,朱辰雨,女,34,30-34,有未成年孩子,上班族,office_worker,高级软件工程师,上海户籍,上海,,,
P04810,林晴欣,女,36,35-39,有未成年孩子,服务业者,service_worker,保安,外省市户籍,安徽,,,
P04811,刘知诗,女,20,18-24,无需要照顾的孩子,服务业者,service_worker,保安,上海户籍,上海,,,
P04812,林婷言,女,26,25-29,无需要照顾的孩子,自由业者,freelancer,独立程序员,外省市户籍,湖南,,,
P04813,李一清,男,33,30-34,无需要照顾的孩子,自由业者,freelancer,自媒体从业者,外省市户籍,江苏,,,
P04814,张涵然,男,37,35-39,有成年孩子,服务业者,service_worker,酒店前台,外省市户籍,福建,,,
P04815,李景涵,男,24,18-24,无需要照顾的孩子,大学生,university_student,硕士研究生,外省市户籍,安徽,,,
P04816,赵泽,男,33,30-34,有未成年孩子,服务业者,service_worker,店员,上海户籍,上海,,,
P04817,杨梦怡,女,38,35-39,有未成年孩子,上班族,office_worker,高级软件工程师,上海户籍,上海,,,
P04818,王文可,男,25,25-29,无需要照顾的孩子,上班族,office_worker,运营专员,外省市户籍,安徽,,,
P04819,刘可子,女,33,30-34,有未成年孩子,上班族,office_worker,客户经理,外省市户籍,安徽,,,
P04820,朱宁婷,女,31,30-34,无需要照顾的孩子,上班族,office_worker,高级软件工程师,上海户籍,上海,,,
P04821,林清子,男,20,18-24,无需要照顾的孩子,大学生,university_student,本科生,上海户籍,上海,,,
P04822,刘语言,女,35,35-39,有未成年孩子,自由业者,freelancer,翻译,外省市户籍,其他,,,
P04823,刘婷,女,32,30-34,有未成年孩子,体力劳动者,manual_worker,仓库操作员,外省市户籍,湖南,,,
P04824,黄涵语,女,25,25-29,无需要照顾的孩子,上班族,office_worker,软件工程师,外省市户籍,山东,,,
P04825,高欣思,女,34,30-34,有未成年孩子,上班族,office_worker,采购经理,上海户籍,上海,,,
P04826,李瑶思,女,38,35-39,有未成年孩子,服务业者,service_worker,收银员,外省市户籍,四川,,,
P04827,王志乐,男,33,30-34,无需要照顾的孩子,上班族,office_worker,设计师,外省市户籍,江西,,,
P04828,宋言,女,34,30-34,有未成年孩子,自由业者,freelancer,自媒体从业者,外省市户籍,浙江,,,
P04829,杨可嘉,女,33,30-34,有未成年孩子,自由业者,freelancer,网店经营者,上海户籍,上海,,,
P04830,周梓昊,男,28,25-29,有未成年孩子,上班族,office_worker,财务专员,外省市户籍,安徽,,,
P04831,赵知哲,男,20,18-24,无需要照顾的孩子,上班族,office_worker,行政专员,外省市户籍,其他,,,
P04832,刘知星,女,25,25-29,无需要照顾的孩子,上班族,office_worker,财务专员,外省市户籍,其他,,,
P04833,高心宇,男,35,35-39,有未成年孩子,服务业者,service_worker,酒店前台,外省市户籍,江西,,,
P04834,李欣语,女,44,40-44,有未成年孩子,服务业者,service_worker,酒店服务人员,外省市户籍,湖北,,,
P04835,梁诗怡,女,22,18-24,无需要照顾的孩子,服务业者,service_worker,理发师,上海户籍,上海,,,
P04836,刘宁,男,35,35-39,有未成年孩子,服务业者,service_worker,客服,外省市户籍,河南,,,
P04837,张诚,男,31,30-34,有未成年孩子,上班族,office_worker,HR经理,外省市户籍,山东,,,
P04838,吴嫣桐,女,38,35-39,无需要照顾的孩子,上班族,office_worker,财务经理,外省市户籍,浙江,,,
P04839,周婷雨,女,41,40-44,有成年孩子,体力劳动者,manual_worker,安装工,外省市户籍,安徽,,,
P04840,王心文,男,28,25-29,无需要照顾的孩子,上班族,office_worker,运营专员,上海户籍,上海,,,
P04841,邓梦琪,女,28,25-29,无需要照顾的孩子,上班族,office_worker,销售代表,外省市户籍,江苏,,,
P04842,李轩涵,男,38,35-39,无需要照顾的孩子,上班族,office_worker,会计,上海户籍,上海,,,
P04843,张然,男,25,25-29,有未成年孩子,上班族,office_worker,高级产品经理,外省市户籍,河南,,,
P04844,陈婷婷,女,34,30-34,无需要照顾的孩子,体力劳动者,manual_worker,快递员,外省市户籍,河南,,,
P04845,李宁楷,男,46,45-49,有成年孩子,上班族,office_worker,技术经理,外省市户籍,福建,,,
P04846,陈嘉婷,女,44,40-44,有未成年孩子,上班族,office_worker,人力资源经理,外省市户籍,安徽,,,
P04847,黄睿远,男,27,25-29,无需要照顾的孩子,上班族,office_worker,高级运营专员,外省市户籍,山东,,,
P04848,吴欣星,女,31,30-34,有未成年孩子,上班族,office_worker,产品经理,外省市户籍,江苏,,,
P04849,谢嘉豪,男,30,30-34,无需要照顾的孩子,服务业者,service_worker,酒店服务人员,外省市户籍,湖北,,,
P04850,胡怡曦,女,40,40-44,无需要照顾的孩子,自由业者,freelancer,网店经营者,上海户籍,上海,,,
P04851,李婉彤,女,34,30-34,无需要照顾的孩子,上班族,office_worker,软件工程师,上海户籍,上海,,,
P04852,刘远文,男,25,25-29,无需要照顾的孩子,上班族,office_worker,产品经理,上海户籍,上海,,,
P04853,李晓,女,38,35-39,无需要照顾的孩子,服务业者,service_worker,餐厅服务员,外省市户籍,江西,,,
P04854,张远,男,37,35-39,有未成年孩子,上班族,office_worker,销售经理,外省市户籍,山东,,,
P04855,徐嘉睿,男,35,35-39,有未成年孩子,服务业者,service_worker,酒店前台,上海户籍,上海,,,
P04856,陈文,男,27,25-29,无需要照顾的孩子,体力劳动者,manual_worker,搬运工,外省市户籍,江苏,,,
P04857,袁楷佑,男,37,35-39,有未成年孩子,上班族,office_worker,HR经理,外省市户籍,安徽,,,
P04858,李远,男,36,35-39,有未成年孩子,服务业者,service_worker,客服,上海户籍,上海,,,
P04859,唐明心,男,24,18-24,无需要照顾的孩子,大学生,university_student,硕士研究生,外省市户籍,江苏,,,
P04860,王远,男,29,25-29,无需要照顾的孩子,上班族,office_worker,运营专员,外省市户籍,安徽,,,
P04861,李诺一,女,20,18-24,无需要照顾的孩子,大学生,university_student,本科生,上海户籍,上海,,,
P04862,张子羽,男,40,40-44,有未成年孩子,体力劳动者,manual_worker,快递员,外省市户籍,江苏,,,
P04863,陈乐远,男,47,45-49,有未成年孩子,上班族,office_worker,软件工程师,外省市户籍,广东,,,
P04864,黄梦雅,女,40,40-44,有成年孩子,体力劳动者,manual_worker,安装工,外省市户籍,湖北,,,
P04865,王一文,男,45,45-49,有成年孩子,体力劳动者,manual_worker,电工,外省市户籍,山东,,,
P04866,何豪,男,38,35-39,有未成年孩子,服务业者,service_worker,餐厅服务员,上海户籍,上海,,,
P04867,王知佳,女,28,25-29,无需要照顾的孩子,服务业者,service_worker,客服,上海户籍,上海,,,
P04868,吴杰哲,男,40,40-44,有成年孩子,服务业者,service_worker,酒店前台,上海户籍,上海,,,
P04869,王哲辰,男,30,30-34,有未成年孩子,上班族,office_worker,采购经理,外省市户籍,浙江,,,
P04870,马婉清,女,28,25-29,无需要照顾的孩子,上班族,office_worker,客户专员,上海户籍,上海,,,
P04871,王怡乐,女,25,25-29,无需要照顾的孩子,上班族,office_worker,财务专员,外省市户籍,安徽,,,
P04872,张晨,男,27,25-29,无需要照顾的孩子,上班族,office_worker,数据分析师,上海户籍,上海,,,
P04873,胡桐诗,女,38,35-39,有未成年孩子,上班族,office_worker,HR经理,外省市户籍,江苏,,,
P04874,王清静,女,38,35-39,有未成年孩子,自由业者,freelancer,翻译,上海户籍,上海,,,
P04875,张杰嘉,男,41,40-44,无需要照顾的孩子,上班族,office_worker,数据分析师,外省市户籍,山东,,,
P04876,吴晴,女,41,40-44,有未成年孩子,上班族,office_worker,区域经理,外省市户籍,浙江,,,
P04877,马婉梦,女,26,25-29,无需要照顾的孩子,体力劳动者,manual_worker,安装工,外省市户籍,安徽,,,
P04878,王辰远,男,41,40-44,有成年孩子,上班族,office_worker,客户经理,外省市户籍,浙江,,,
P04879,徐梦远,女,30,30-34,有未成年孩子,上班族,office_worker,客户经理,上海户籍,上海,,,
P04880,徐文文,男,39,35-39,无需要照顾的孩子,上班族,office_worker,销售经理,上海户籍,上海,,,
P04881,冯远泽,男,43,40-44,有未成年孩子,上班族,office_worker,数据分析师,外省市户籍,山东,,,
P04882,刘轩轩,男,35,35-39,有成年孩子,上班族,office_worker,项目经理,外省市户籍,浙江,,,
P04883,李星一,男,49,45-49,有成年孩子,服务业者,service_worker,酒店前台,外省市户籍,湖南,,,
P04884,罗星诗,女,23,18-24,无需要照顾的孩子,大学生,university_student,本科生,外省市户籍,山东,,,
P04885,朱子,男,39,35-39,无需要照顾的孩子,服务业者,service_worker,保安,上海户籍,上海,,,
P04886,吴一佳,女,33,30-34,无需要照顾的孩子,自由业者,freelancer,独立程序员,上海户籍,上海,,,
P04887,刘文晨,男,40,40-44,有未成年孩子,服务业者,service_worker,厨师,外省市户籍,安徽,,,
P04888,刘思,女,35,35-39,有未成年孩子,服务业者,service_worker,酒店前台,外省市户籍,安徽,,,
P04889,黄思星,男,33,30-34,有未成年孩子,上班族,office_worker,客户专员,上海户籍,上海,,,
P04890,高思,男,31,30-34,有未成年孩子,体力劳动者,manual_worker,电工,外省市户籍,安徽,,,
P04891,张羽晨,男,34,30-34,有未成年孩子,自由业者,freelancer,自由设计师,上海户籍,上海,,,
P04892,胡浩羽,男,37,35-39,有未成年孩子,上班族,office_worker,采购专员,外省市户籍,江苏,,,
P04893,周浩佑,男,20,18-24,无需要照顾的孩子,大学生,university_student,本科生,上海户籍,上海,,,
P04894,刘嘉天,男,25,25-29,有未成年孩子,服务业者,service_worker,酒店前台,上海户籍,上海,,,
P04895,罗文杰,男,22,18-24,无需要照顾的孩子,大学生,university_student,本科生,上海户籍,上海,,,
P04896,吴嘉安,男,49,45-49,有未成年孩子,体力劳动者,manual_worker,电工,上海户籍,上海,,,
P04897,黄可嘉,女,40,40-44,有未成年孩子,体力劳动者,manual_worker,安装工,外省市户籍,其他,,,
P04898,张博宁,男,37,35-39,有未成年孩子,上班族,office_worker,产品经理,外省市户籍,江苏,,,
P04899,张曦心,女,28,25-29,无需要照顾的孩子,大学生,university_student,博士研究生,外省市户籍,浙江,,,
P04900,陈若宁,女,40,40-44,有未成年孩子,上班族,office_worker,会计,外省市户籍,江西,,,
P04901,唐晴婉,女,29,25-29,无需要照顾的孩子,服务业者,service_worker,理发师,外省市户籍,山东,,,
P04902,郑嘉乐,男,39,35-39,有未成年孩子,自由业者,freelancer,自由设计师,外省市户籍,湖南,,,
P04903,高诗子,女,36,35-39,无需要照顾的孩子,服务业者,service_worker,房产经纪,外省市户籍,陕西,,,
P04904,陈志,男,35,35-39,有未成年孩子,服务业者,service_worker,酒店服务人员,上海户籍,上海,,,
P04905,马知宁,女,35,35-39,有未成年孩子,上班族,office_worker,软件工程师,外省市户籍,江苏,,,
P04906,周婷,女,23,18-24,无需要照顾的孩子,体力劳动者,manual_worker,配送员,上海户籍,上海,,,
P04907,赵静,女,29,25-29,无需要照顾的孩子,上班族,office_worker,会计,上海户籍,上海,,,
P04908,程嫣佳,女,34,30-34,有未成年孩子,服务业者,service_worker,店员,外省市户籍,浙江,,,
P04909,张怡心,女,34,30-34,有未成年孩子,上班族,office_worker,会计,外省市户籍,江西,,,
P04910,张哲博,男,43,40-44,有未成年孩子,上班族,office_worker,高级项目经理,外省市户籍,江苏,,,
P04911,韩诚,男,44,40-44,无需要照顾的孩子,上班族,office_worker,数据分析师,上海户籍,上海,,,
P04912,李泽文,男,38,35-39,无需要照顾的孩子,上班族,office_worker,运营专员,上海户籍,上海,,,
P04913,邓诺梦,女,34,30-34,无需要照顾的孩子,上班族,office_worker,采购经理,上海户籍,上海,,,
P04914,王清,男,21,18-24,无需要照顾的孩子,上班族,office_worker,财务专员,上海户籍,上海,,,
P04915,于阳言,男,39,35-39,有未成年孩子,体力劳动者,manual_worker,配送员,上海户籍,上海,,,
P04916,张可,女,36,35-39,有未成年孩子,自由业者,freelancer,咨询顾问,外省市户籍,安徽,,,
P04917,张杰轩,男,31,30-34,有未成年孩子,体力劳动者,manual_worker,建筑工人,上海户籍,上海,,,
P04918,黄佳梦,女,22,18-24,无需要照顾的孩子,服务业者,service_worker,餐厅服务员,上海户籍,上海,,,
P04919,郑欣子,女,29,25-29,无需要照顾的孩子,上班族,office_worker,采购专员,上海户籍,上海,,,
P04920,周思,男,37,35-39,有未成年孩子,上班族,office_worker,客户经理,外省市户籍,河南,,,
P04921,胡心,男,35,35-39,无需要照顾的孩子,上班族,office_worker,业务负责人,上海户籍,上海,,,
P04922,何清知,男,32,30-34,有未成年孩子,上班族,office_worker,项目经理,上海户籍,上海,,,
P04923,吴景,男,26,25-29,无需要照顾的孩子,服务业者,service_worker,餐厅服务员,外省市户籍,江西,,,
P04924,杨子星,女,22,18-24,无需要照顾的孩子,上班族,office_worker,设计师,上海户籍,上海,,,
P04925,郑思怡,女,28,25-29,无需要照顾的孩子,上班族,office_worker,人力资源经理,外省市户籍,安徽,,,
P04926,邓乐,男,25,25-29,无需要照顾的孩子,上班族,office_worker,设计师,上海户籍,上海,,,
P04927,唐泽,男,23,18-24,无需要照顾的孩子,服务业者,service_worker,厨师,外省市户籍,浙江,,,
P04928,刘宁辰,男,27,25-29,有未成年孩子,上班族,office_worker,行政专员,上海户籍,上海,,,
P04929,邓诗,女,35,35-39,无需要照顾的孩子,服务业者,service_worker,房产经纪,上海户籍,上海,,,
P04930,郑佑,男,34,30-34,有未成年孩子,自由业者,freelancer,自由销售,上海户籍,上海,,,
P04931,罗浩嘉,男,36,35-39,有未成年孩子,体力劳动者,manual_worker,安装工,外省市户籍,山东,,,
P04932,李泽文,男,30,30-34,无需要照顾的孩子,服务业者,service_worker,健身教练,外省市户籍,河南,,,
P04933,刘远,男,29,25-29,无需要照顾的孩子,上班族,office_worker,客户经理,上海户籍,上海,,,
P04934,陈一,女,43,40-44,有未成年孩子,服务业者,service_worker,酒店服务人员,外省市户籍,江苏,,,
P04935,刘可涵,女,34,30-34,有未成年孩子,上班族,office_worker,产品经理,外省市户籍,河南,,,
P04936,胡泽睿,男,32,30-34,无需要照顾的孩子,上班族,office_worker,采购专员,外省市户籍,其他,,,
P04937,梁哲子,男,37,35-39,无需要照顾的孩子,服务业者,service_worker,理发师,上海户籍,上海,,,
P04938,刘雨嫣,女,37,35-39,有未成年孩子,上班族,office_worker,销售经理,上海户籍,上海,,,
P04939,赵诺晴,女,36,35-39,有未成年孩子,上班族,office_worker,人力资源经理,上海户籍,上海,,,
P04940,李源可,女,34,30-34,有未成年孩子,上班族,office_worker,数据分析师,外省市户籍,安徽,,,
P04941,王瑶宁,女,29,25-29,无需要照顾的孩子,体力劳动者,manual_worker,焊工,上海户籍,上海,,,
P04942,谢曦诺,女,25,25-29,无需要照顾的孩子,上班族,office_worker,运营专员,外省市户籍,河南,,,
P04943,胡思晨,女,18,18-24,无需要照顾的孩子,大学生,university_student,本科生,上海户籍,上海,,,
P04944,张昊豪,男,39,35-39,有未成年孩子,上班族,office_worker,软件工程师,外省市户籍,山东,,,
P04945,何天,男,34,30-34,无需要照顾的孩子,上班族,office_worker,采购经理,上海户籍,上海,,,
P04946,孙安婷,女,25,25-29,无需要照顾的孩子,上班族,office_worker,财务经理,上海户籍,上海,,,
P04947,邓诺彤,女,41,40-44,有未成年孩子,服务业者,service_worker,餐厅服务员,外省市户籍,四川,,,
P04948,刘怡,女,44,40-44,无需要照顾的孩子,服务业者,service_worker,收银员,上海户籍,上海,,,
P04949,徐桐,女,28,25-29,无需要照顾的孩子,服务业者,service_worker,酒店服务人员,上海户籍,上海,,,
P04950,吴瑶清,女,26,25-29,无需要照顾的孩子,大学生,university_student,博士研究生,上海户籍,上海,,,
P04951,于晴佳,女,27,25-29,无需要照顾的孩子,自由业者,freelancer,网店经营者,上海户籍,上海,,,
P04952,高辰,男,27,25-29,无需要照顾的孩子,上班族,office_worker,客户专员,外省市户籍,河南,,,
P04953,刘子,女,19,18-24,无需要照顾的孩子,上班族,office_worker,数据分析师,外省市户籍,安徽,,,
P04954,李嘉一,男,30,30-34,有未成年孩子,体力劳动者,manual_worker,配送员,外省市户籍,江西,,,
P04955,林婉怡,女,21,18-24,无需要照顾的孩子,体力劳动者,manual_worker,电工,外省市户籍,安徽,,,
P04956,陈若子,女,25,25-29,有未成年孩子,体力劳动者,manual_worker,焊工,上海户籍,上海,,,
P04957,郑子,女,26,25-29,无需要照顾的孩子,自由业者,freelancer,自媒体从业者,外省市户籍,浙江,,,
P04958,吴静清,女,21,18-24,无需要照顾的孩子,大学生,university_student,硕士研究生,上海户籍,上海,,,
P04959,于诺欣,女,34,30-34,有未成年孩子,服务业者,service_worker,厨师,上海户籍,上海,,,
P04960,黄宁语,女,41,40-44,有未成年孩子,上班族,office_worker,高级运营专员,上海户籍,上海,,,
P04961,李若诺,女,20,18-24,无需要照顾的孩子,自由业者,freelancer,私教,上海户籍,上海,,,
P04962,朱源清,女,19,18-24,无需要照顾的孩子,服务业者,service_worker,酒店前台,外省市户籍,江苏,,,
P04963,董天豪,男,39,35-39,有未成年孩子,体力劳动者,manual_worker,焊工,上海户籍,上海,,,
P04964,郭清,男,35,35-39,有未成年孩子,自由业者,freelancer,网店经营者,外省市户籍,河南,,,
P04965,陈怡,女,34,30-34,有未成年孩子,上班族,office_worker,客户专员,上海户籍,上海,,,
P04966,陈彤静,女,32,30-34,有成年孩子,服务业者,service_worker,店员,外省市户籍,江西,,,
P04967,何宇,男,32,30-34,无需要照顾的孩子,上班族,office_worker,财务主管,上海户籍,上海,,,
P04968,李宁,女,46,45-49,有未成年孩子,上班族,office_worker,财务经理,上海户籍,上海,,,
P04969,李辰,男,35,35-39,无需要照顾的孩子,上班族,office_worker,财务专员,外省市户籍,江苏,,,
P04970,张彤晴,女,32,30-34,有未成年孩子,体力劳动者,manual_worker,快递员,上海户籍,上海,,,
P04971,李雅婉,女,25,25-29,无需要照顾的孩子,上班族,office_worker,销售代表,上海户籍,上海,,,
P04972,周睿安,男,36,35-39,有未成年孩子,自由业者,freelancer,咨询顾问,上海户籍,上海,,,
P04973,李宁泽,男,29,25-29,无需要照顾的孩子,体力劳动者,manual_worker,建筑工人,上海户籍,上海,,,
P04974,张若婷,女,26,25-29,有未成年孩子,服务业者,service_worker,餐厅服务员,外省市户籍,浙江,,,
P04975,赵清宁,女,36,35-39,无需要照顾的孩子,体力劳动者,manual_worker,安装工,外省市户籍,江苏,,,
P04976,刘哲文,男,31,30-34,无需要照顾的孩子,服务业者,service_worker,美容师,外省市户籍,江西,,,
P04977,李梦涵,女,39,35-39,无需要照顾的孩子,上班族,office_worker,销售经理,外省市户籍,广东,,,
P04978,袁羽若,女,41,40-44,有未成年孩子,上班族,office_worker,高级软件工程师,外省市户籍,浙江,,,
P04979,王景晨,男,30,30-34,无需要照顾的孩子,自由业者,freelancer,翻译,外省市户籍,山东,,,
P04980,董诚睿,男,38,35-39,有未成年孩子,上班族,office_worker,高级运营专员,上海户籍,上海,,,
P04981,罗可婷,女,21,18-24,无需要照顾的孩子,大学生,university_student,本科生,外省市户籍,江苏,,,
P04982,陈豪文,男,28,25-29,无需要照顾的孩子,上班族,office_worker,高级项目经理,上海户籍,上海,,,
P04983,马一豪,男,24,18-24,无需要照顾的孩子,大学生,university_student,硕士研究生,上海户籍,上海,,,
P04984,王睿文,男,27,25-29,有未成年孩子,上班族,office_worker,财务专员,上海户籍,上海,,,
P04985,王博博,男,39,35-39,有未成年孩子,服务业者,service_worker,保安,外省市户籍,江苏,,,
P04986,胡思浩,男,20,18-24,无需要照顾的孩子,大学生,university_student,本科生,上海户籍,上海,,,
P04987,刘睿羽,男,38,35-39,有未成年孩子,上班族,office_worker,业务负责人,上海户籍,上海,,,
P04988,张诺,女,29,25-29,有未成年孩子,上班族,office_worker,软件工程师,上海户籍,上海,,,
P04989,何嘉,女,47,45-49,有未成年孩子,上班族,office_worker,项目经理,外省市户籍,江苏,,,
P04990,杨晴一,女,30,30-34,无需要照顾的孩子,上班族,office_worker,行政专员,外省市户籍,江苏,,,
P04991,林语可,女,36,35-39,无需要照顾的孩子,上班族,office_worker,财务主管,上海户籍,上海,,,
P04992,王清,女,31,30-34,有未成年孩子,服务业者,service_worker,客服,外省市户籍,江苏,,,
P04993,黄心怡,女,30,30-34,无需要照顾的孩子,体力劳动者,manual_worker,建筑工人,外省市户籍,其他,,,
P04994,王晨嘉,男,45,45-49,无需要照顾的孩子,服务业者,service_worker,酒店服务人员,外省市户籍,福建,,,
P04995,高婉曦,女,32,30-34,无需要照顾的孩子,上班族,office_worker,采购专员,外省市户籍,湖北,,,
P04996,李轩,男,27,25-29,无需要照顾的孩子,上班族,office_worker,财务专员,上海户籍,上海,,,
P04997,陈梓明,男,40,40-44,有未成年孩子,服务业者,service_worker,厨师,上海户籍,上海,,,
P04998,王哲然,男,48,45-49,有成年孩子,自由业者,freelancer,网店经营者,上海户籍,上海,,,
P04999,郑宁佳,女,36,35-39,有未成年孩子,上班族,office_worker,采购经理,外省市户籍,江苏,,,
P05000,朱曦言,女,34,30-34,有未成年孩子,上班族,office_worker,HR经理,上海户籍,上海,,,
P05001,胡清心,男,34,30-34,无需要照顾的孩子,体力劳动者,manual_worker,搬运工,外省市户籍,安徽,,,
P05002,吴俊哲,男,22,18-24,有未成年孩子,自由业者,freelancer,摄影师,上海户籍,上海,,,
P05003,刘宁,女,38,35-39,无需要照顾的孩子,上班族,office_worker,采购专员,外省市户籍,江苏,,,
P05004,陈涵乐,女,30,30-34,有未成年孩子,服务业者,service_worker,酒店前台,上海户籍,上海,,,
P05005,王乐可,女,18,18-24,无需要照顾的孩子,大学生,university_student,本科生,外省市户籍,江西,,,
P05006,曹清景,男,36,35-39,无需要照顾的孩子,服务业者,service_worker,店员,外省市户籍,江苏,,,
P05007,王琪怡,女,25,25-29,无需要照顾的孩子,上班族,office_worker,客户专员,上海户籍,上海,,,
P05008,王远言,男,41,40-44,有未成年孩子,上班族,office_worker,高级产品经理,外省市户籍,江苏,,,
P05009,李远嘉,男,29,25-29,无需要照顾的孩子,自由业者,freelancer,自由销售,上海户籍,上海,,,
P05010,梁豪诺,男,25,25-29,有未成年孩子,上班族,office_worker,客户专员,上海户籍,上海,,,
P05011,张景嘉,男,36,35-39,有未成年孩子,服务业者,service_worker,收银员,上海户籍,上海,,,
P05012,冯言昊,男,32,30-34,有未成年孩子,上班族,office_worker,客户经理,上海户籍,上海,,,
P05013,吴婷曦,女,31,30-34,有未成年孩子,上班族,office_worker,财务专员,上海户籍,上海,,,
P05014,唐涵羽,女,27,25-29,无需要照顾的孩子,上班族,office_worker,高级软件工程师,外省市户籍,福建,,,
P05015,陈杰清,男,30,30-34,有未成年孩子,服务业者,service_worker,美容师,上海户籍,上海,,,
P05016,袁佳怡,女,26,25-29,无需要照顾的孩子,自由业者,freelancer,自由销售,上海户籍,上海,,,
P05017,郑星晨,男,28,25-29,无需要照顾的孩子,服务业者,service_worker,房产经纪,上海户籍,上海,,,
P05018,张宁琪,女,20,18-24,无需要照顾的孩子,服务业者,service_worker,收银员,上海户籍,上海,,,
P05019,赵婉可,女,30,30-34,有未成年孩子,上班族,office_worker,高级软件工程师,上海户籍,上海,,,
P05020,张远琪,女,22,18-24,无需要照顾的孩子,上班族,office_worker,运营专员,外省市户籍,安徽,,,
P05021,陈晓雨,女,32,30-34,无需要照顾的孩子,上班族,office_worker,数据分析师,外省市户籍,河南,,,
P05022,郑宇然,男,37,35-39,有未成年孩子,上班族,office_worker,高级软件工程师,外省市户籍,四川,,,
P05023,刘知曦,女,26,25-29,无需要照顾的孩子,自由业者,freelancer,咨询顾问,上海户籍,上海,,,
P05024,王琪,女,23,18-24,无需要照顾的孩子,大学生,university_student,硕士研究生,外省市户籍,江苏,,,
P05025,杨远,男,39,35-39,无需要照顾的孩子,上班族,office_worker,运营经理,外省市户籍,山东,,,
P05026,何若一,女,31,30-34,无需要照顾的孩子,上班族,office_worker,设计师,外省市户籍,安徽,,,
P05027,张豪哲,男,40,40-44,有未成年孩子,自由业者,freelancer,独立程序员,外省市户籍,江苏,,,
P05028,吴远嘉,男,26,25-29,无需要照顾的孩子,服务业者,service_worker,健身教练,外省市户籍,江西,,,
P05029,马浩,男,41,40-44,有未成年孩子,自由业者,freelancer,摄影师,上海户籍,上海,,,
P05030,张思一,女,26,25-29,有未成年孩子,体力劳动者,manual_worker,仓库操作员,外省市户籍,浙江,,,
P05031,王怡可,女,22,18-24,无需要照顾的孩子,大学生,university_student,本科生,上海户籍,上海,,,
P05032,吴子心,男,28,25-29,无需要照顾的孩子,上班族,office_worker,项目经理,上海户籍,上海,,,
P05033,罗嘉言,男,39,35-39,无需要照顾的孩子,体力劳动者,manual_worker,电工,上海户籍,上海,,,
P05034,梁远婷,女,32,30-34,无需要照顾的孩子,体力劳动者,manual_worker,配送员,外省市户籍,四川,,,
P05035,黄琪晨,女,33,30-34,有未成年孩子,上班族,office_worker,运营专员,上海户籍,上海,,,
P05036,刘杰,男,38,35-39,有未成年孩子,服务业者,service_worker,餐厅服务员,上海户籍,上海,,,
P05037,周言若,女,29,25-29,无需要照顾的孩子,大学生,university_student,硕士研究生,上海户籍,上海,,,
P05038,赵景知,男,38,35-39,有未成年孩子,上班族,office_worker,产品经理,外省市户籍,河南,,,
P05039,李源睿,男,26,25-29,无需要照顾的孩子,服务业者,service_worker,酒店服务人员,外省市户籍,湖南,,,
P05040,袁乐,男,39,35-39,无需要照顾的孩子,服务业者,service_worker,酒店前台,外省市户籍,安徽,,,
P05041,孙博远,男,23,18-24,无需要照顾的孩子,体力劳动者,manual_worker,设备操作员,外省市户籍,山东,,,
P05042,刘雨静,女,19,18-24,无需要照顾的孩子,大学生,university_student,本科生,上海户籍,上海,,,
P05043,刘文远,男,28,25-29,无需要照顾的孩子,服务业者,service_worker,健身教练,上海户籍,上海,,,
P05044,罗俊志,男,41,40-44,有成年孩子,服务业者,service_worker,厨师,外省市户籍,其他,,,
P05045,杨嫣怡,女,39,35-39,有未成年孩子,服务业者,service_worker,酒店前台,外省市户籍,山东,,,
P05046,李怡思,女,32,30-34,有未成年孩子,上班族,office_worker,数据分析师,外省市户籍,湖南,,,
P05047,王宁源,女,33,30-34,有未成年孩子,上班族,office_worker,会计,外省市户籍,陕西,,,
P05048,吴明豪,男,34,30-34,无需要照顾的孩子,服务业者,service_worker,收银员,外省市户籍,四川,,,
P05049,陈文楷,男,30,30-34,有未成年孩子,上班族,office_worker,高级运营专员,上海户籍,上海,,,
P05050,周昊阳,男,35,35-39,有未成年孩子,上班族,office_worker,产品经理,外省市户籍,福建,,,
P05051,赵涵阳,男,38,35-39,有未成年孩子,服务业者,service_worker,餐厅服务员,上海户籍,上海,,,
P05052,张涵曦,女,31,30-34,无需要照顾的孩子,自由业者,freelancer,自由设计师,外省市户籍,山东,,,
P05053,李欣晓,女,35,35-39,有未成年孩子,上班族,office_worker,客户经理,上海户籍,上海,,,
P05054,许远可,男,38,35-39,有未成年孩子,上班族,office_worker,软件工程师,外省市户籍,安徽,,,
P05055,韩安婉,女,35,35-39,有成年孩子,服务业者,service_worker,美容师,上海户籍,上海,,,
P05056,周佳曦,女,23,18-24,无需要照顾的孩子,上班族,office_worker,会计,上海户籍,上海,,,
P05057,林怡星,女,21,18-24,无需要照顾的孩子,大学生,university_student,本科生,外省市户籍,浙江,,,
P05058,李婷,女,29,25-29,无需要照顾的孩子,体力劳动者,manual_worker,配送员,外省市户籍,安徽,,,
P05059,宋轩宁,男,36,35-39,有未成年孩子,服务业者,service_worker,房产经纪,外省市户籍,江苏,,,
P05060,杨源,女,32,30-34,有未成年孩子,自由业者,freelancer,翻译,上海户籍,上海,,,
P05061,董思清,男,25,25-29,无需要照顾的孩子,上班族,office_worker,财务专员,外省市户籍,其他,,,
P05062,郭可雨,女,42,40-44,无需要照顾的孩子,体力劳动者,manual_worker,焊工,上海户籍,上海,,,
P05063,林怡羽,女,22,18-24,无需要照顾的孩子,上班族,office_worker,数据分析师,上海户籍,上海,,,
P05064,吴乐,男,24,18-24,无需要照顾的孩子,服务业者,service_worker,理发师,上海户籍,上海,,,
P05065,王清,男,41,40-44,无需要照顾的孩子,上班族,office_worker,数据分析师,上海户籍,上海,,,
P05066,刘羽星,女,19,18-24,无需要照顾的孩子,服务业者,service_worker,健身教练,外省市户籍,河南,,,
P05067,张言豪,男,19,18-24,无需要照顾的孩子,大学生,university_student,本科生,上海户籍,上海,,,
P05068,徐晴一,女,24,18-24,无需要照顾的孩子,上班族,office_worker,运营专员,外省市户籍,河南,,,
P05069,赵轩远,男,23,18-24,无需要照顾的孩子,大学生,university_student,硕士研究生,外省市户籍,河南,,,
P05070,冯明轩,男,24,18-24,无需要照顾的孩子,大学生,university_student,本科生,外省市户籍,浙江,,,
P05071,杨彤清,女,49,45-49,有未成年孩子,上班族,office_worker,产品经理,上海户籍,上海,,,
P05072,王泽远,男,24,18-24,无需要照顾的孩子,上班族,office_worker,会计,外省市户籍,陕西,,,
P05073,于晨思,女,18,18-24,无需要照顾的孩子,大学生,university_student,硕士研究生,外省市户籍,江苏,,,
P05074,刘婷若,女,33,30-34,有未成年孩子,服务业者,service_worker,保安,上海户籍,上海,,,
P05075,高景,男,23,18-24,无需要照顾的孩子,服务业者,service_worker,收银员,外省市户籍,安徽,,,
P05076,刘若清,女,21,18-24,无需要照顾的孩子,上班族,office_worker,会计,外省市户籍,四川,,,
P05077,王桐言,女,23,18-24,无需要照顾的孩子,大学生,university_student,硕士研究生,上海户籍,上海,,,
P05078,黄可言,男,40,40-44,有未成年孩子,服务业者,service_worker,美容师,上海户籍,上海,,,
P05079,杨阳泽,男,30,30-34,有未成年孩子,服务业者,service_worker,酒店服务人员,上海户籍,上海,,,
P05080,高诚,男,37,35-39,有未成年孩子,上班族,office_worker,HR经理,外省市户籍,安徽,,,
P05081,刘涵子,女,28,25-29,无需要照顾的孩子,服务业者,service_worker,保安,外省市户籍,湖南,,,
P05082,周欣曦,女,42,40-44,有未成年孩子,服务业者,service_worker,保安,外省市户籍,浙江,,,
P05083,吴睿,男,22,18-24,有未成年孩子,上班族,office_worker,销售代表,上海户籍,上海,,,
P05084,李涵辰,女,39,35-39,有成年孩子,体力劳动者,manual_worker,仓库操作员,外省市户籍,河南,,,
P05085,张一涵,女,38,35-39,有未成年孩子,体力劳动者,manual_worker,维修技师,上海户籍,上海,,,
P05086,刘怡嘉,女,33,30-34,无需要照顾的孩子,上班族,office_worker,项目经理,外省市户籍,山东,,,
P05087,黄若,女,32,30-34,有未成年孩子,上班族,office_worker,高级运营专员,上海户籍,上海,,,
P05088,高知清,女,36,35-39,有未成年孩子,自由业者,freelancer,网店经营者,外省市户籍,安徽,,,
P05089,王星哲,男,24,18-24,无需要照顾的孩子,大学生,university_student,硕士研究生,外省市户籍,湖北,,,
P05090,张羽婷,女,23,18-24,无需要照顾的孩子,服务业者,service_worker,厨师,外省市户籍,湖南,,,
P05091,李豪豪,男,27,25-29,有未成年孩子,自由业者,freelancer,独立程序员,外省市户籍,江苏,,,
P05092,马雅诗,女,29,25-29,无需要照顾的孩子,服务业者,service_worker,房产经纪,外省市户籍,山东,,,
P05093,徐安曦,女,34,30-34,有未成年孩子,自由业者,freelancer,翻译,上海户籍,上海,,,
P05094,陈雅,女,38,35-39,有未成年孩子,上班族,office_worker,项目经理,上海户籍,上海,,,
P05095,王杰乐,男,38,35-39,有成年孩子,上班族,office_worker,会计,上海户籍,上海,,,
P05096,李源佳,女,36,35-39,有未成年孩子,上班族,office_worker,高级软件工程师,上海户籍,上海,,,
P05097,朱佑豪,男,41,40-44,有未成年孩子,服务业者,service_worker,房产经纪,外省市户籍,浙江,,,
P05098,程欣彤,女,30,30-34,无需要照顾的孩子,自由业者,freelancer,独立程序员,外省市户籍,江苏,,,
P05099,王辰,男,34,30-34,有未成年孩子,上班族,office_worker,数据分析师,上海户籍,上海,,,
P05100,周宇子,男,35,35-39,有未成年孩子,上班族,office_worker,项目经理,上海户籍,上海,,,
P05101,宋轩豪,男,24,18-24,无需要照顾的孩子,上班族,office_worker,产品经理,上海户籍,上海,,,
P05102,李彤欣,女,32,30-34,有未成年孩子,大学生,university_student,博士研究生,外省市户籍,山东,,,
P05103,李婷语,女,22,18-24,无需要照顾的孩子,体力劳动者,manual_worker,仓库操作员,外省市户籍,江苏,,,
P05104,赵婉言,女,27,25-29,无需要照顾的孩子,上班族,office_worker,采购专员,外省市户籍,山东,,,
P05105,马思梦,女,25,25-29,无需要照顾的孩子,自由业者,freelancer,私教,外省市户籍,江西,,,
P05106,陈远羽,女,39,35-39,有未成年孩子,上班族,office_worker,数据分析师,外省市户籍,江苏,,,
P05107,张文豪,男,25,25-29,有未成年孩子,服务业者,service_worker,收银员,上海户籍,上海,,,
P05108,郭然志,男,38,35-39,有未成年孩子,上班族,office_worker,人力资源经理,外省市户籍,河南,,,
P05109,杨星晨,女,31,30-34,有未成年孩子,上班族,office_worker,区域经理,外省市户籍,江苏,,,
P05110,张涵远,女,42,40-44,有成年孩子,上班族,office_worker,销售经理,上海户籍,上海,,,
P05111,吴明,男,41,40-44,有未成年孩子,上班族,office_worker,销售经理,外省市户籍,安徽,,,
P05112,王嘉涵,女,26,25-29,无需要照顾的孩子,自由业者,freelancer,翻译,上海户籍,上海,,,
P05113,张若知,女,29,25-29,有未成年孩子,服务业者,service_worker,收银员,上海户籍,上海,,,
P05114,朱晓诺,女,32,30-34,无需要照顾的孩子,服务业者,service_worker,健身教练,外省市户籍,湖北,,,
P05115,李佑远,男,32,30-34,有未成年孩子,上班族,office_worker,销售经理,外省市户籍,安徽,,,
P05116,刘怡婉,女,33,30-34,无需要照顾的孩子,自由业者,freelancer,咨询顾问,外省市户籍,山东,,,
P05117,袁嫣源,女,32,30-34,无需要照顾的孩子,自由业者,freelancer,网店经营者,外省市户籍,湖南,,,
P05118,何思瑶,女,48,45-49,有未成年孩子,上班族,office_worker,财务主管,外省市户籍,浙江,,,
P05119,陈雅欣,女,42,40-44,有未成年孩子,服务业者,service_worker,保安,上海户籍,上海,,,
P05120,于晨曦,女,26,25-29,无需要照顾的孩子,上班族,office_worker,会计,外省市户籍,其他,,,
P05121,李晨,男,37,35-39,有未成年孩子,体力劳动者,manual_worker,仓库操作员,上海户籍,上海,,,
P05122,王泽,男,43,40-44,有未成年孩子,体力劳动者,manual_worker,快递员,外省市户籍,河南,,,
P05123,杨轩轩,男,37,35-39,有未成年孩子,上班族,office_worker,客户专员,上海户籍,上海,,,
P05124,李辰,男,34,30-34,有未成年孩子,上班族,office_worker,HR经理,外省市户籍,湖南,,,
P05125,宋博文,男,38,35-39,无需要照顾的孩子,服务业者,service_worker,保安,上海户籍,上海,,,
P05126,孙杰宇,男,21,18-24,无需要照顾的孩子,自由业者,freelancer,自由设计师,外省市户籍,河南,,,
P05127,王泽羽,男,49,45-49,有成年孩子,服务业者,service_worker,房产经纪,外省市户籍,安徽,,,
P05128,张涵羽,女,49,45-49,有未成年孩子,上班族,office_worker,高级软件工程师,外省市户籍,其他,,,
P05129,陈若乐,女,30,30-34,无需要照顾的孩子,上班族,office_worker,会计,外省市户籍,江苏,,,
P05130,邓婉佳,女,36,35-39,无需要照顾的孩子,服务业者,service_worker,美容师,上海户籍,上海,,,
P05131,吴嘉宁,男,47,45-49,有未成年孩子,服务业者,service_worker,美容师,外省市户籍,湖南,,,
P05132,王佑浩,男,34,30-34,有未成年孩子,上班族,office_worker,高级运营专员,上海户籍,上海,,,
P05133,韩星语,女,28,25-29,无需要照顾的孩子,上班族,office_worker,销售代表,外省市户籍,河南,,,
P05134,何景,男,32,30-34,无需要照顾的孩子,体力劳动者,manual_worker,快递员,外省市户籍,江苏,,,
P05135,郭言星,女,29,25-29,无需要照顾的孩子,上班族,office_worker,技术经理,外省市户籍,湖南,,,
P05136,王雨琪,女,37,35-39,有未成年孩子,服务业者,service_worker,酒店服务人员,外省市户籍,河北,,,
P05137,张心怡,女,22,18-24,无需要照顾的孩子,大学生,university_student,本科生,外省市户籍,江苏,,,
P05138,李轩星,男,30,30-34,无需要照顾的孩子,大学生,university_student,博士研究生,外省市户籍,湖南,,,
P05139,黄诺雨,女,37,35-39,无需要照顾的孩子,上班族,office_worker,财务主管,外省市户籍,山东,,,
P05140,孙言,男,41,40-44,有成年孩子,自由业者,freelancer,自由销售,上海户籍,上海,,,
P05141,陈哲子,男,20,18-24,无需要照顾的孩子,大学生,university_student,本科生,外省市户籍,浙江,,,
P05142,王涵清,女,33,30-34,无需要照顾的孩子,上班族,office_worker,数据分析师,外省市户籍,广东,,,
P05143,唐宇,男,34,30-34,有未成年孩子,上班族,office_worker,采购经理,外省市户籍,河南,,,
P05144,刘嫣,女,37,35-39,有未成年孩子,体力劳动者,manual_worker,仓库操作员,外省市户籍,湖北,,,
P05145,林嘉思,男,31,30-34,有未成年孩子,上班族,office_worker,客户专员,上海户籍,上海,,,
P05146,高宇辰,男,49,45-49,有未成年孩子,上班族,office_worker,软件工程师,外省市户籍,江苏,,,
P05147,张昊诺,男,25,25-29,无需要照顾的孩子,上班族,office_worker,销售代表,外省市户籍,河南,,,
P05148,高知宁,男,29,25-29,无需要照顾的孩子,服务业者,service_worker,餐厅服务员,外省市户籍,其他,,,
P05149,李嘉轩,男,36,35-39,有未成年孩子,服务业者,service_worker,保安,外省市户籍,浙江,,,
P05150,赵轩,男,35,35-39,有未成年孩子,上班族,office_worker,客户经理,外省市户籍,江西,,,
P05151,李乐天,男,28,25-29,无需要照顾的孩子,上班族,office_worker,数据分析师,外省市户籍,浙江,,,
P05152,刘清子,女,23,18-24,无需要照顾的孩子,上班族,office_worker,数据分析师,上海户籍,上海,,,
P05153,朱乐佑,男,38,35-39,有未成年孩子,服务业者,service_worker,收银员,外省市户籍,安徽,,,
P05154,王怡可,女,33,30-34,无需要照顾的孩子,体力劳动者,manual_worker,快递员,外省市户籍,其他,,,
P05155,徐语曦,女,44,40-44,有未成年孩子,体力劳动者,manual_worker,配送员,外省市户籍,江西,,,
P05156,王文,男,20,18-24,无需要照顾的孩子,上班族,office_worker,运营专员,外省市户籍,河南,,,
P05157,张瑶桐,女,46,45-49,无需要照顾的孩子,上班族,office_worker,技术经理,外省市户籍,江苏,,,
P05158,李清若,女,27,25-29,有未成年孩子,上班族,office_worker,设计师,上海户籍,上海,,,
P05159,王佳佳,女,28,25-29,无需要照顾的孩子,上班族,office_worker,高级运营专员,上海户籍,上海,,,
P05160,陈宁,女,35,35-39,无需要照顾的孩子,上班族,office_worker,数据分析师,上海户籍,上海,,,
P05161,刘源,女,23,18-24,无需要照顾的孩子,上班族,office_worker,设计师,外省市户籍,江苏,,,
P05162,陈昊轩,男,27,25-29,有未成年孩子,大学生,university_student,博士研究生,上海户籍,上海,,,
P05163,董思,男,42,40-44,有成年孩子,体力劳动者,manual_worker,焊工,上海户籍,上海,,,
P05164,陈琪怡,女,35,35-39,有未成年孩子,服务业者,service_worker,店员,外省市户籍,湖北,,,
P05165,陈一星,女,47,45-49,有成年孩子,自由业者,freelancer,摄影师,外省市户籍,四川,,,
P05166,吴轩,男,26,25-29,无需要照顾的孩子,服务业者,service_worker,酒店前台,上海户籍,上海,,,
P05167,赵婉瑶,女,22,18-24,无需要照顾的孩子,大学生,university_student,本科生,外省市户籍,安徽,,,
P05168,郭心佳,女,35,35-39,无需要照顾的孩子,上班族,office_worker,销售经理,上海户籍,上海,,,
P05169,郑嫣怡,女,40,40-44,有成年孩子,自由业者,freelancer,自媒体从业者,外省市户籍,河南,,,
P05170,孙天佑,男,44,40-44,有未成年孩子,自由业者,freelancer,翻译,上海户籍,上海,,,
P05171,黄安阳,男,23,18-24,无需要照顾的孩子,大学生,university_student,硕士研究生,外省市户籍,安徽,,,
P05172,罗远心,男,27,25-29,无需要照顾的孩子,上班族,office_worker,销售代表,外省市户籍,山东,,,
P05173,王言嫣,女,28,25-29,无需要照顾的孩子,体力劳动者,manual_worker,焊工,上海户籍,上海,,,
P05174,张阳浩,男,18,18-24,无需要照顾的孩子,大学生,university_student,本科生,上海户籍,上海,,,
P05175,黄文,男,43,40-44,无需要照顾的孩子,服务业者,service_worker,理发师,外省市户籍,江苏,,,
P05176,王曦琪,女,33,30-34,有未成年孩子,上班族,office_worker,客户专员,外省市户籍,河北,,,
P05177,王晨知,男,44,40-44,有未成年孩子,服务业者,service_worker,店员,外省市户籍,江苏,,,
P05178,周俊景,男,23,18-24,无需要照顾的孩子,大学生,university_student,硕士研究生,外省市户籍,江西,,,
P05179,刘哲轩,男,46,45-49,无需要照顾的孩子,体力劳动者,manual_worker,司机,外省市户籍,山东,,,
P05180,何宁博,男,34,30-34,无需要照顾的孩子,上班族,office_worker,财务主管,上海户籍,上海,,,
P05181,王瑶,女,33,30-34,有未成年孩子,上班族,office_worker,产品经理,上海户籍,上海,,,
P05182,李源,女,34,30-34,有未成年孩子,上班族,office_worker,客户经理,外省市户籍,浙江,,,
P05183,林晨博,男,24,18-24,无需要照顾的孩子,上班族,office_worker,行政专员,外省市户籍,河南,,,
P05184,高源浩,男,28,25-29,无需要照顾的孩子,上班族,office_worker,财务专员,上海户籍,上海,,,
P05185,王雅雅,女,32,30-34,无需要照顾的孩子,体力劳动者,manual_worker,设备操作员,外省市户籍,安徽,,,
P05186,于思雅,女,27,25-29,无需要照顾的孩子,体力劳动者,manual_worker,电工,外省市户籍,山东,,,
P05187,张婷知,女,33,30-34,无需要照顾的孩子,体力劳动者,manual_worker,司机,外省市户籍,四川,,,
P05188,张杰一,男,21,18-24,无需要照顾的孩子,上班族,office_worker,设计师,上海户籍,上海,,,
P05189,王雨一,女,39,35-39,有成年孩子,上班族,office_worker,高级软件工程师,外省市户籍,河南,,,
P05190,徐思欣,女,41,40-44,有未成年孩子,上班族,office_worker,销售经理,外省市户籍,广东,,,
P05191,杨诚,男,40,40-44,有未成年孩子,上班族,office_worker,高级运营专员,外省市户籍,广东,,,
P05192,梁轩嘉,男,32,30-34,无需要照顾的孩子,上班族,office_worker,客户经理,外省市户籍,湖北,,,
P05193,朱雨彤,女,24,18-24,无需要照顾的孩子,服务业者,service_worker,房产经纪,外省市户籍,江苏,,,
P05194,王子,男,25,25-29,无需要照顾的孩子,服务业者,service_worker,保安,上海户籍,上海,,,
P05195,王思一,男,22,18-24,无需要照顾的孩子,大学生,university_student,本科生,上海户籍,上海,,,
P05196,周辰嫣,女,29,25-29,无需要照顾的孩子,大学生,university_student,硕士研究生,外省市户籍,安徽,,,
P05197,谢可阳,男,34,30-34,有未成年孩子,自由业者,freelancer,独立程序员,上海户籍,上海,,,
P05198,张文,男,31,30-34,有未成年孩子,上班族,office_worker,HR经理,外省市户籍,陕西,,,
P05199,吴嘉清,男,27,25-29,有未成年孩子,服务业者,service_worker,厨师,外省市户籍,河南,,,
P05200,王明梓,男,24,18-24,无需要照顾的孩子,体力劳动者,manual_worker,仓库操作员,上海户籍,上海,,,
P05201,陈景泽,男,39,35-39,无需要照顾的孩子,上班族,office_worker,HR经理,外省市户籍,江苏,,,
P05202,王梦琪,女,34,30-34,有未成年孩子,服务业者,service_worker,理发师,上海户籍,上海,,,
P05203,邓婷嫣,女,23,18-24,无需要照顾的孩子,服务业者,service_worker,酒店服务人员,外省市户籍,广东,,,
P05204,王琪乐,女,32,30-34,有未成年孩子,上班族,office_worker,产品经理,外省市户籍,其他,,,
P05205,张可哲,男,47,45-49,有未成年孩子,上班族,office_worker,部门经理,外省市户籍,山东,,,
P05206,王一辰,男,29,25-29,无需要照顾的孩子,上班族,office_worker,采购经理,上海户籍,上海,,,
P05207,刘豪昊,男,46,45-49,有成年孩子,自由业者,freelancer,自由销售,上海户籍,上海,,,
P05208,张婷诗,女,44,40-44,有未成年孩子,体力劳动者,manual_worker,维修技师,上海户籍,上海,,,
P05209,王婉涵,女,47,45-49,有成年孩子,体力劳动者,manual_worker,配送员,外省市户籍,陕西,,,
P05210,吴欣,女,33,30-34,有未成年孩子,上班族,office_worker,HR经理,上海户籍,上海,,,
P05211,胡涵轩,男,22,18-24,无需要照顾的孩子,大学生,university_student,本科生,上海户籍,上海,,,
P05212,赵雨嫣,女,27,25-29,无需要照顾的孩子,上班族,office_worker,数据分析师,上海户籍,上海,,,
P05213,李琪思,女,49,45-49,有成年孩子,体力劳动者,manual_worker,建筑工人,外省市户籍,四川,,,
P05214,许桐,女,39,35-39,无需要照顾的孩子,上班族,office_worker,高级产品经理,外省市户籍,其他,,,
P05215,韩瑶诺,女,47,45-49,有成年孩子,服务业者,service_worker,酒店服务人员,上海户籍,上海,,,
P05216,周晴源,女,18,18-24,无需要照顾的孩子,服务业者,service_worker,理发师,外省市户籍,江苏,,,
P05217,张明睿,男,49,45-49,无需要照顾的孩子,服务业者,service_worker,保安,上海户籍,上海,,,
P05218,王佳诗,女,22,18-24,无需要照顾的孩子,大学生,university_student,本科生,上海户籍,上海,,,
P05219,黄诗晴,女,43,40-44,有未成年孩子,上班族,office_worker,数据分析师,上海户籍,上海,,,
P05220,何思佳,女,44,40-44,有未成年孩子,体力劳动者,manual_worker,电工,外省市户籍,江苏,,,
P05221,黄文,男,25,25-29,无需要照顾的孩子,体力劳动者,manual_worker,司机,外省市户籍,江西,,,
P05222,董心一,女,26,25-29,无需要照顾的孩子,服务业者,service_worker,理发师,上海户籍,上海,,,
P05223,孙安阳,男,18,18-24,无需要照顾的孩子,大学生,university_student,本科生,外省市户籍,河南,,,
P05224,张嫣怡,女,43,40-44,有未成年孩子,上班族,office_worker,高级软件工程师,外省市户籍,江苏,,,
P05225,陈曦曦,女,48,45-49,无需要照顾的孩子,服务业者,service_worker,厨师,外省市户籍,河南,,,
P05226,王轩诚,男,27,25-29,有未成年孩子,上班族,office_worker,数据分析师,上海户籍,上海,,,
P05227,陈诗,女,30,30-34,有未成年孩子,上班族,office_worker,高级软件工程师,外省市户籍,江西,,,
P05228,王哲安,男,45,45-49,有未成年孩子,上班族,office_worker,业务负责人,外省市户籍,江西,,,
P05229,黄豪涵,男,38,35-39,有未成年孩子,自由业者,freelancer,自媒体从业者,上海户籍,上海,,,
P05230,程安文,男,25,25-29,无需要照顾的孩子,服务业者,service_worker,美容师,外省市户籍,四川,,,
P05231,唐源晴,女,34,30-34,有未成年孩子,自由业者,freelancer,翻译,上海户籍,上海,,,
P05232,李杰明,男,19,18-24,无需要照顾的孩子,大学生,university_student,本科生,上海户籍,上海,,,
P05233,王言,女,29,25-29,无需要照顾的孩子,上班族,office_worker,运营专员,上海户籍,上海,,,
P05234,孙彤清,女,30,30-34,无需要照顾的孩子,上班族,office_worker,产品经理,外省市户籍,河南,,,
P05235,张诚,男,41,40-44,有未成年孩子,服务业者,service_worker,酒店服务人员,外省市户籍,江苏,,,
P05236,李怡,女,34,30-34,无需要照顾的孩子,服务业者,service_worker,健身教练,外省市户籍,河南,,,
P05237,李心,女,40,40-44,有成年孩子,服务业者,service_worker,酒店服务人员,外省市户籍,湖南,,,
P05238,罗博,男,18,18-24,无需要照顾的孩子,大学生,university_student,本科生,上海户籍,上海,,,
P05239,刘羽,女,31,30-34,有未成年孩子,服务业者,service_worker,厨师,上海户籍,上海,,,
P05240,王辰佑,男,33,30-34,有未成年孩子,上班族,office_worker,采购专员,外省市户籍,安徽,,,
P05241,吴志楷,男,28,25-29,有未成年孩子,服务业者,service_worker,厨师,外省市户籍,湖北,,,
P05242,罗晨欣,女,25,25-29,有未成年孩子,上班族,office_worker,财务专员,外省市户籍,江西,,,
P05243,李曦,女,27,25-29,有未成年孩子,体力劳动者,manual_worker,焊工,上海户籍,上海,,,
P05244,周羽,男,37,35-39,无需要照顾的孩子,上班族,office_worker,HR经理,上海户籍,上海,,,
P05245,冯涵言,女,29,25-29,无需要照顾的孩子,大学生,university_student,博士研究生,上海户籍,上海,,,
P05246,张涵言,女,24,18-24,无需要照顾的孩子,自由业者,freelancer,私教,上海户籍,上海,,,
P05247,郭瑶心,女,46,45-49,有未成年孩子,服务业者,service_worker,厨师,上海户籍,上海,,,
P05248,李嘉哲,男,38,35-39,有未成年孩子,服务业者,service_worker,店员,外省市户籍,安徽,,,
P05249,胡轩梓,男,35,35-39,有未成年孩子,上班族,office_worker,HR经理,上海户籍,上海,,,
P05250,徐诺可,女,39,35-39,有未成年孩子,自由业者,freelancer,私教,外省市户籍,江苏,,,
P05251,张诺静,女,44,40-44,有未成年孩子,上班族,office_worker,财务主管,外省市户籍,安徽,,,
P05252,黄琪曦,女,37,35-39,有未成年孩子,体力劳动者,manual_worker,仓库操作员,外省市户籍,浙江,,,
P05253,李欣,女,48,45-49,有成年孩子,上班族,office_worker,运营经理,上海户籍,上海,,,
P05254,宋豪言,男,33,30-34,有未成年孩子,自由业者,freelancer,自媒体从业者,外省市户籍,河南,,,
P05255,李志晨,男,47,45-49,无需要照顾的孩子,上班族,office_worker,高级项目经理,上海户籍,上海,,,
P05256,王源泽,男,29,25-29,有未成年孩子,服务业者,service_worker,收银员,外省市户籍,湖南,,,
P05257,胡文阳,男,40,40-44,无需要照顾的孩子,服务业者,service_worker,保安,上海户籍,上海,,,
P05258,李怡羽,女,19,18-24,无需要照顾的孩子,服务业者,service_worker,厨师,上海户籍,上海,,,
P05259,李佳梦,女,22,18-24,有未成年孩子,服务业者,service_worker,餐厅服务员,上海户籍,上海,,,
P05260,黄嘉,女,19,18-24,无需要照顾的孩子,大学生,university_student,本科生,外省市户籍,江苏,,,
P05261,李远辰,男,48,45-49,有未成年孩子,体力劳动者,manual_worker,快递员,上海户籍,上海,,,
P05262,陈源安,男,27,25-29,无需要照顾的孩子,服务业者,service_worker,餐厅服务员,上海户籍,上海,,,
P05263,唐阳梓,男,38,35-39,有未成年孩子,上班族,office_worker,业务负责人,上海户籍,上海,,,
P05264,周语安,女,25,25-29,无需要照顾的孩子,体力劳动者,manual_worker,快递员,外省市户籍,四川,,,
P05265,胡子思,男,46,45-49,有未成年孩子,体力劳动者,manual_worker,配送员,外省市户籍,浙江,,,
P05266,王阳睿,男,36,35-39,无需要照顾的孩子,自由业者,freelancer,网店经营者,外省市户籍,江苏,,,
P05267,刘诺,女,26,25-29,无需要照顾的孩子,上班族,office_worker,客户专员,外省市户籍,浙江,,,
P05268,徐羽诺,女,22,18-24,无需要照顾的孩子,大学生,university_student,本科生,上海户籍,上海,,,
P05269,周可然,男,37,35-39,有未成年孩子,服务业者,service_worker,餐厅服务员,外省市户籍,福建,,,
P05270,王怡晓,女,31,30-34,有未成年孩子,上班族,office_worker,运营经理,外省市户籍,湖北,,,
P05271,冯桐嘉,女,25,25-29,无需要照顾的孩子,上班族,office_worker,客户专员,外省市户籍,浙江,,,
P05272,徐宁怡,女,30,30-34,无需要照顾的孩子,服务业者,service_worker,收银员,上海户籍,上海,,,
P05273,陈诺嘉,男,32,30-34,有未成年孩子,上班族,office_worker,数据分析师,上海户籍,上海,,,
P05274,韩佳,女,28,25-29,有未成年孩子,体力劳动者,manual_worker,快递员,上海户籍,上海,,,
P05275,孙欣子,女,32,30-34,无需要照顾的孩子,上班族,office_worker,HR经理,外省市户籍,其他,,,
P05276,张远昊,男,36,35-39,无需要照顾的孩子,自由业者,freelancer,翻译,外省市户籍,安徽,,,
P05277,王志昊,男,25,25-29,无需要照顾的孩子,上班族,office_worker,采购专员,外省市户籍,陕西,,,
P05278,吴清,女,47,45-49,有未成年孩子,上班族,office_worker,产品经理,外省市户籍,其他,,,
P05279,何思言,男,44,40-44,有成年孩子,自由业者,freelancer,摄影师,上海户籍,上海,,,
P05280,曹宇,男,18,18-24,无需要照顾的孩子,大学生,university_student,本科生,上海户籍,上海,,,
P05281,王羽泽,男,31,30-34,无需要照顾的孩子,上班族,office_worker,销售代表,上海户籍,上海,,,
P05282,李语婷,女,30,30-34,无需要照顾的孩子,体力劳动者,manual_worker,快递员,外省市户籍,山东,,,
P05283,张瑶远,女,39,35-39,无需要照顾的孩子,上班族,office_worker,项目经理,上海户籍,上海,,,
P05284,郑言,女,34,30-34,无需要照顾的孩子,自由业者,freelancer,自由设计师,外省市户籍,江西,,,
P05285,胡思宁,女,34,30-34,有未成年孩子,服务业者,service_worker,房产经纪,外省市户籍,河北,,,
P05286,徐志昊,男,21,18-24,有未成年孩子,大学生,university_student,本科生,上海户籍,上海,,,
P05287,张杰浩,男,39,35-39,有未成年孩子,上班族,office_worker,销售经理,外省市户籍,江苏,,,
P05288,袁欣语,女,29,25-29,无需要照顾的孩子,上班族,office_worker,销售代表,外省市户籍,四川,,,
P05289,王嘉豪,男,43,40-44,有成年孩子,上班族,office_worker,人力资源经理,外省市户籍,其他,,,
P05290,林子轩,男,48,45-49,有成年孩子,上班族,office_worker,产品经理,外省市户籍,江苏,,,
P05291,陈曦若,女,25,25-29,有未成年孩子,服务业者,service_worker,厨师,上海户籍,上海,,,
P05292,王桐,女,29,25-29,无需要照顾的孩子,体力劳动者,manual_worker,配送员,上海户籍,上海,,,
P05293,郭天,男,36,35-39,无需要照顾的孩子,服务业者,service_worker,美容师,上海户籍,上海,,,
P05294,徐杰,男,25,25-29,有未成年孩子,上班族,office_worker,数据分析师,外省市户籍,安徽,,,
P05295,王志羽,男,20,18-24,无需要照顾的孩子,体力劳动者,manual_worker,维修技师,外省市户籍,安徽,,,
P05296,林嘉羽,女,26,25-29,无需要照顾的孩子,自由业者,freelancer,自媒体从业者,外省市户籍,江西,,,
P05297,杨豪,男,27,25-29,有未成年孩子,上班族,office_worker,财务主管,外省市户籍,江西,,,
P05298,张晨心,男,36,35-39,有未成年孩子,自由业者,freelancer,私教,外省市户籍,河北,,,
P05299,李羽琪,女,41,40-44,无需要照顾的孩子,上班族,office_worker,客户经理,外省市户籍,浙江,,,
P05300,黄雅桐,女,49,45-49,有成年孩子,上班族,office_worker,销售代表,外省市户籍,浙江,,,
P05301,周天宁,男,35,35-39,有未成年孩子,自由业者,freelancer,摄影师,上海户籍,上海,,,
P05302,刘晓瑶,女,29,25-29,有未成年孩子,服务业者,service_worker,酒店服务人员,外省市户籍,浙江,,,
P05303,张文浩,男,28,25-29,无需要照顾的孩子,上班族,office_worker,产品经理,上海户籍,上海,,,
P05304,李泽嘉,男,28,25-29,有未成年孩子,上班族,office_worker,客户经理,上海户籍,上海,,,
P05305,张可晴,女,20,18-24,无需要照顾的孩子,服务业者,service_worker,厨师,外省市户籍,安徽,,,
P05306,杨安宇,男,30,30-34,无需要照顾的孩子,体力劳动者,manual_worker,电工,外省市户籍,山东,,,
P05307,罗晨心,男,48,45-49,有未成年孩子,体力劳动者,manual_worker,焊工,外省市户籍,浙江,,,
P05308,张婷桐,女,34,30-34,有未成年孩子,服务业者,service_worker,酒店前台,上海户籍,上海,,,
P05309,陈佳婉,女,42,40-44,无需要照顾的孩子,上班族,office_worker,高级软件工程师,上海户籍,上海,,,
P05310,郭安可,男,25,25-29,无需要照顾的孩子,体力劳动者,manual_worker,司机,上海户籍,上海,,,
P05311,朱晓,女,37,35-39,有未成年孩子,服务业者,service_worker,客服,外省市户籍,安徽,,,
P05312,高涵远,女,45,45-49,有成年孩子,服务业者,service_worker,店员,上海户籍,上海,,,
P05313,李涵豪,男,29,25-29,无需要照顾的孩子,上班族,office_worker,采购专员,上海户籍,上海,,,
P05314,张阳晨,男,36,35-39,无需要照顾的孩子,体力劳动者,manual_worker,快递员,外省市户籍,其他,,,
P05315,黄知,男,32,30-34,有未成年孩子,服务业者,service_worker,店员,上海户籍,上海,,,
P05316,张安,男,21,18-24,无需要照顾的孩子,服务业者,service_worker,餐厅服务员,上海户籍,上海,,,
P05317,唐哲明,男,44,40-44,有未成年孩子,体力劳动者,manual_worker,安装工,外省市户籍,江苏,,,
P05318,陈源怡,女,37,35-39,有未成年孩子,体力劳动者,manual_worker,焊工,上海户籍,上海,,,
P05319,何乐景,男,20,18-24,无需要照顾的孩子,自由业者,freelancer,咨询顾问,外省市户籍,河南,,,
P05320,王佳,女,31,30-34,无需要照顾的孩子,自由业者,freelancer,独立程序员,外省市户籍,其他,,,
P05321,李星睿,男,33,30-34,无需要照顾的孩子,服务业者,service_worker,厨师,外省市户籍,江西,,,
P05322,黄思源,女,34,30-34,有未成年孩子,服务业者,service_worker,店员,上海户籍,上海,,,
P05323,马子曦,女,21,18-24,无需要照顾的孩子,体力劳动者,manual_worker,建筑工人,外省市户籍,安徽,,,
P05324,吴嘉羽,男,29,25-29,无需要照顾的孩子,自由业者,freelancer,翻译,外省市户籍,陕西,,,
P05325,胡若瑶,女,47,45-49,有未成年孩子,自由业者,freelancer,私教,上海户籍,上海,,,
P05326,徐言,男,29,25-29,无需要照顾的孩子,上班族,office_worker,设计师,外省市户籍,山东,,,
P05327,孙嫣若,女,35,35-39,无需要照顾的孩子,上班族,office_worker,产品经理,外省市户籍,湖北,,,
P05328,陈博,男,31,30-34,有未成年孩子,体力劳动者,manual_worker,仓库操作员,外省市户籍,湖北,,,
P05329,于嘉佑,男,24,18-24,无需要照顾的孩子,自由业者,freelancer,自由销售,外省市户籍,安徽,,,
P05330,周清,女,35,35-39,有未成年孩子,自由业者,freelancer,翻译,上海户籍,上海,,,
P05331,刘羽清,女,29,25-29,无需要照顾的孩子,上班族,office_worker,客户专员,上海户籍,上海,,,
P05332,张清文,男,31,30-34,有未成年孩子,上班族,office_worker,财务主管,外省市户籍,江苏,,,
P05333,吴佳一,女,44,40-44,有未成年孩子,自由业者,freelancer,自由销售,外省市户籍,湖南,,,
P05334,韩可涵,女,29,25-29,无需要照顾的孩子,上班族,office_worker,数据分析师,上海户籍,上海,,,
P05335,王清涵,女,18,18-24,无需要照顾的孩子,自由业者,freelancer,咨询顾问,外省市户籍,安徽,,,
P05336,李嘉宁,女,39,35-39,有成年孩子,上班族,office_worker,HR经理,外省市户籍,福建,,,
P05337,刘晨,男,23,18-24,无需要照顾的孩子,自由业者,freelancer,摄影师,上海户籍,上海,,,
P05338,陈睿明,男,30,30-34,无需要照顾的孩子,服务业者,service_worker,理发师,外省市户籍,湖北,,,
P05339,陈哲晨,男,42,40-44,有未成年孩子,体力劳动者,manual_worker,焊工,外省市户籍,河南,,,
P05340,王轩羽,男,21,18-24,无需要照顾的孩子,服务业者,service_worker,健身教练,上海户籍,上海,,,
P05341,李轩乐,男,27,25-29,有未成年孩子,服务业者,service_worker,店员,外省市户籍,其他,,,
P05342,许晨嘉,男,48,45-49,无需要照顾的孩子,上班族,office_worker,高级软件工程师,外省市户籍,安徽,,,
P05343,高晨雅,女,36,35-39,有未成年孩子,上班族,office_worker,高级运营专员,外省市户籍,河南,,,
P05344,李杰清,男,38,35-39,无需要照顾的孩子,上班族,office_worker,销售经理,外省市户籍,江西,,,
P05345,胡睿,男,30,30-34,无需要照顾的孩子,服务业者,service_worker,房产经纪,上海户籍,上海,,,
P05346,韩昊清,男,44,40-44,无需要照顾的孩子,体力劳动者,manual_worker,焊工,上海户籍,上海,,,
P05347,王可静,女,33,30-34,有未成年孩子,体力劳动者,manual_worker,搬运工,外省市户籍,安徽,,,
P05348,李豪一,男,23,18-24,无需要照顾的孩子,大学生,university_student,硕士研究生,上海户籍,上海,,,
P05349,王曦诺,女,34,30-34,有未成年孩子,上班族,office_worker,高级软件工程师,外省市户籍,河北,,,
P05350,赵远志,男,34,30-34,无需要照顾的孩子,上班族,office_worker,采购专员,上海户籍,上海,,,
P05351,孙乐欣,女,36,35-39,有未成年孩子,上班族,office_worker,销售经理,外省市户籍,浙江,,,
P05352,徐宇,男,32,30-34,有未成年孩子,自由业者,freelancer,摄影师,外省市户籍,江苏,,,
P05353,李涵,女,28,25-29,有未成年孩子,服务业者,service_worker,房产经纪,上海户籍,上海,,,
P05354,罗欣雅,女,49,45-49,有成年孩子,服务业者,service_worker,酒店服务人员,外省市户籍,江苏,,,
P05355,程星涵,男,37,35-39,无需要照顾的孩子,上班族,office_worker,财务专员,外省市户籍,河北,,,
P05356,袁星若,女,28,25-29,无需要照顾的孩子,体力劳动者,manual_worker,快递员,外省市户籍,湖北,,,
P05357,吴安,男,35,35-39,有未成年孩子,上班族,office_worker,项目经理,外省市户籍,浙江,,,
P05358,陈晓婷,女,41,40-44,有未成年孩子,上班族,office_worker,客户经理,上海户籍,上海,,,
P05359,刘杰清,男,19,18-24,无需要照顾的孩子,服务业者,service_worker,理发师,外省市户籍,江苏,,,
P05360,李晨昊,男,42,40-44,有未成年孩子,服务业者,service_worker,客服,外省市户籍,河南,,,
P05361,王涵婉,女,30,30-34,有未成年孩子,上班族,office_worker,数据分析师,外省市户籍,其他,,,
P05362,王轩轩,男,26,25-29,无需要照顾的孩子,服务业者,service_worker,客服,外省市户籍,湖北,,,
P05363,朱景宇,男,21,18-24,无需要照顾的孩子,服务业者,service_worker,餐厅服务员,上海户籍,上海,,,
P05364,李博豪,男,31,30-34,有未成年孩子,体力劳动者,manual_worker,安装工,外省市户籍,安徽,,,
P05365,张诚嘉,男,37,35-39,无需要照顾的孩子,自由业者,freelancer,翻译,外省市户籍,河南,,,
P05366,高乐,女,20,18-24,无需要照顾的孩子,大学生,university_student,本科生,外省市户籍,安徽,,,
P05367,李星清,女,31,30-34,有未成年孩子,体力劳动者,manual_worker,电工,外省市户籍,湖北,,,
P05368,董远婉,女,42,40-44,有未成年孩子,上班族,office_worker,财务经理,外省市户籍,安徽,,,
P05369,吴杰志,男,21,18-24,无需要照顾的孩子,上班族,office_worker,采购专员,上海户籍,上海,,,
P05370,陈星婷,女,25,25-29,无需要照顾的孩子,上班族,office_worker,销售代表,上海户籍,上海,,,
P05371,黄欣,女,37,35-39,无需要照顾的孩子,上班族,office_worker,客户专员,外省市户籍,江西,,,
P05372,曹涵怡,女,29,25-29,无需要照顾的孩子,上班族,office_worker,财务主管,外省市户籍,四川,,,
P05373,杨远清,男,41,40-44,有未成年孩子,服务业者,service_worker,健身教练,上海户籍,上海,,,
P05374,刘志诚,男,40,40-44,有未成年孩子,上班族,office_worker,业务负责人,外省市户籍,湖南,,,
P05375,赵可嘉,女,31,30-34,无需要照顾的孩子,自由业者,freelancer,网店经营者,外省市户籍,湖北,,,
P05376,董晨,男,20,18-24,无需要照顾的孩子,服务业者,service_worker,健身教练,外省市户籍,河北,,,
P05377,张宁知,男,34,30-34,有未成年孩子,自由业者,freelancer,咨询顾问,外省市户籍,福建,,,
P05378,张可,男,46,45-49,有成年孩子,上班族,office_worker,高级软件工程师,外省市户籍,湖北,,,
P05379,徐豪嘉,男,35,35-39,有未成年孩子,上班族,office_worker,采购经理,外省市户籍,安徽,,,
P05380,李雅,女,43,40-44,有未成年孩子,服务业者,service_worker,客服,外省市户籍,安徽,,,
P05381,王睿浩,男,19,18-24,无需要照顾的孩子,上班族,office_worker,客户经理,外省市户籍,河北,,,
P05382,许豪然,男,31,30-34,无需要照顾的孩子,服务业者,service_worker,健身教练,上海户籍,上海,,,
P05383,赵远哲,男,29,25-29,无需要照顾的孩子,体力劳动者,manual_worker,焊工,外省市户籍,河南,,,
P05384,张梓清,男,32,30-34,无需要照顾的孩子,上班族,office_worker,财务主管,外省市户籍,安徽,,,
P05385,王可,男,32,30-34,无需要照顾的孩子,服务业者,service_worker,酒店前台,上海户籍,上海,,,
P05386,程明哲,男,33,30-34,无需要照顾的孩子,上班族,office_worker,高级软件工程师,上海户籍,上海,,,
P05387,张晴涵,女,33,30-34,有成年孩子,体力劳动者,manual_worker,司机,上海户籍,上海,,,
P05388,高昊嘉,男,31,30-34,无需要照顾的孩子,上班族,office_worker,销售经理,外省市户籍,江西,,,
P05389,周轩浩,男,40,40-44,有未成年孩子,服务业者,service_worker,店员,外省市户籍,陕西,,,
P05390,韩泽诺,男,33,30-34,有未成年孩子,服务业者,service_worker,理发师,外省市户籍,江苏,,,
P05391,张诺瑶,女,29,25-29,无需要照顾的孩子,体力劳动者,manual_worker,设备操作员,外省市户籍,安徽,,,
P05392,王若星,女,30,30-34,有未成年孩子,服务业者,service_worker,餐厅服务员,上海户籍,上海,,,
P05393,王心诚,男,36,35-39,有未成年孩子,上班族,office_worker,高级软件工程师,外省市户籍,广东,,,
P05394,赵清诗,女,29,25-29,无需要照顾的孩子,服务业者,service_worker,客服,外省市户籍,其他,,,
P05395,张辰可,女,18,18-24,无需要照顾的孩子,上班族,office_worker,软件工程师,上海户籍,上海,,,
P05396,杨楷昊,男,36,35-39,有未成年孩子,上班族,office_worker,高级项目经理,外省市户籍,江苏,,,
P05397,张欣,女,28,25-29,无需要照顾的孩子,上班族,office_worker,项目经理,上海户籍,上海,,,
P05398,王星嘉,男,39,35-39,有未成年孩子,体力劳动者,manual_worker,司机,外省市户籍,山东,,,
P05399,张乐清,男,30,30-34,有未成年孩子,上班族,office_worker,销售经理,外省市户籍,江苏,,,
P05400,周远,女,39,35-39,有未成年孩子,服务业者,service_worker,厨师,上海户籍,上海,,,
P05401,梁桐星,女,18,18-24,无需要照顾的孩子,体力劳动者,manual_worker,安装工,外省市户籍,湖南,,,
P05402,罗曦辰,女,19,18-24,无需要照顾的孩子,体力劳动者,manual_worker,安装工,上海户籍,上海,,,
P05403,陈晴诺,女,34,30-34,无需要照顾的孩子,上班族,office_worker,财务主管,上海户籍,上海,,,
P05404,杨宇,男,36,35-39,无需要照顾的孩子,体力劳动者,manual_worker,焊工,上海户籍,上海,,,
P05405,黄婉可,女,29,25-29,无需要照顾的孩子,自由业者,freelancer,咨询顾问,外省市户籍,安徽,,,
P05406,高一嘉,男,37,35-39,有未成年孩子,服务业者,service_worker,酒店服务人员,外省市户籍,江苏,,,
P05407,李怡乐,女,45,45-49,有成年孩子,体力劳动者,manual_worker,焊工,外省市户籍,河南,,,
P05408,高然轩,男,36,35-39,无需要照顾的孩子,自由业者,freelancer,自媒体从业者,外省市户籍,浙江,,,
P05409,杨辰佳,女,20,18-24,无需要照顾的孩子,服务业者,service_worker,美容师,上海户籍,上海,,,
P05410,唐诚哲,男,19,18-24,无需要照顾的孩子,自由业者,freelancer,自由设计师,外省市户籍,陕西,,,
P05411,张涵语,女,31,30-34,有未成年孩子,上班族,office_worker,HR经理,上海户籍,上海,,,
P05412,宋豪,男,40,40-44,有未成年孩子,自由业者,freelancer,自由销售,外省市户籍,其他,,,
P05413,唐思晨,女,48,45-49,有未成年孩子,服务业者,service_worker,餐厅服务员,上海户籍,上海,,,
P05414,冯轩诚,男,27,25-29,无需要照顾的孩子,服务业者,service_worker,客服,外省市户籍,浙江,,,
P05415,周子星,女,44,40-44,有未成年孩子,自由业者,freelancer,网店经营者,上海户籍,上海,,,
P05416,林清嘉,男,43,40-44,无需要照顾的孩子,服务业者,service_worker,美容师,上海户籍,上海,,,
P05417,刘俊睿,男,38,35-39,有未成年孩子,服务业者,service_worker,酒店前台,上海户籍,上海,,,
P05418,陈轩佑,男,33,30-34,有未成年孩子,上班族,office_worker,数据分析师,外省市户籍,浙江,,,
P05419,张诚博,男,19,18-24,无需要照顾的孩子,大学生,university_student,本科生,外省市户籍,河南,,,
P05420,袁若,女,41,40-44,有成年孩子,体力劳动者,manual_worker,仓库操作员,上海户籍,上海,,,
P05421,李嘉,女,39,35-39,有未成年孩子,服务业者,service_worker,收银员,外省市户籍,江苏,,,
P05422,赵曦,女,25,25-29,无需要照顾的孩子,上班族,office_worker,客户专员,上海户籍,上海,,,
P05423,赵安,男,30,30-34,有未成年孩子,上班族,office_worker,项目经理,外省市户籍,河南,,,
P05424,许天梓,男,36,35-39,有未成年孩子,体力劳动者,manual_worker,安装工,上海户籍,上海,,,
P05425,高志佑,男,37,35-39,无需要照顾的孩子,上班族,office_worker,采购经理,外省市户籍,山东,,,
P05426,李清杰,男,43,40-44,有未成年孩子,自由业者,freelancer,独立程序员,上海户籍,上海,,,
P05427,刘安桐,女,43,40-44,有未成年孩子,上班族,office_worker,HR经理,上海户籍,上海,,,
P05428,张婷心,女,30,30-34,有未成年孩子,服务业者,service_worker,店员,上海户籍,上海,,,
P05429,黄阳,男,48,45-49,有未成年孩子,服务业者,service_worker,酒店前台,外省市户籍,安徽,,,
P05430,林婷,女,34,30-34,有未成年孩子,自由业者,freelancer,翻译,上海户籍,上海,,,
P05431,高乐嘉,女,39,35-39,无需要照顾的孩子,上班族,office_worker,部门经理,外省市户籍,河南,,,
P05432,高阳,男,33,30-34,有未成年孩子,体力劳动者,manual_worker,设备操作员,上海户籍,上海,,,
P05433,陈博明,男,27,25-29,无需要照顾的孩子,体力劳动者,manual_worker,安装工,上海户籍,上海,,,
P05434,赵思嘉,女,32,30-34,无需要照顾的孩子,服务业者,service_worker,保安,外省市户籍,江苏,,,
P05435,吴天宁,男,34,30-34,无需要照顾的孩子,服务业者,service_worker,理发师,外省市户籍,浙江,,,
P05436,李景,男,25,25-29,无需要照顾的孩子,上班族,office_worker,产品经理,上海户籍,上海,,,
P05437,杨睿然,男,25,25-29,无需要照顾的孩子,自由业者,freelancer,独立程序员,上海户籍,上海,,,
P05438,宋辰佳,女,38,35-39,有未成年孩子,体力劳动者,manual_worker,安装工,上海户籍,上海,,,
P05439,董豪晨,男,42,40-44,有未成年孩子,服务业者,service_worker,客服,外省市户籍,湖北,,,
P05440,袁哲文,男,30,30-34,无需要照顾的孩子,上班族,office_worker,财务主管,上海户籍,上海,,,
P05441,李思,女,33,30-34,有未成年孩子,服务业者,service_worker,餐厅服务员,外省市户籍,河南,,,
P05442,胡言,男,33,30-34,有未成年孩子,服务业者,service_worker,酒店前台,外省市户籍,湖南,,,
P05443,李睿佑,男,34,30-34,无需要照顾的孩子,上班族,office_worker,HR经理,外省市户籍,浙江,,,
P05444,张然晨,男,27,25-29,无需要照顾的孩子,大学生,university_student,硕士研究生,外省市户籍,其他,,,
P05445,杨可,女,31,30-34,有未成年孩子,体力劳动者,manual_worker,配送员,外省市户籍,山东,,,
P05446,罗安怡,女,33,30-34,有未成年孩子,服务业者,service_worker,收银员,上海户籍,上海,,,
P05447,赵睿,男,19,18-24,无需要照顾的孩子,体力劳动者,manual_worker,搬运工,外省市户籍,湖北,,,
P05448,王俊豪,男,39,35-39,无需要照顾的孩子,服务业者,service_worker,房产经纪,上海户籍,上海,,,
P05449,王晴,女,39,35-39,有未成年孩子,自由业者,freelancer,咨询顾问,外省市户籍,湖南,,,
P05450,王嘉欣,女,31,30-34,有未成年孩子,上班族,office_worker,采购经理,外省市户籍,湖南,,,
P05451,吴乐言,女,25,25-29,有未成年孩子,自由业者,freelancer,网店经营者,外省市户籍,江苏,,,
P05452,王宁晨,女,47,45-49,无需要照顾的孩子,服务业者,service_worker,酒店前台,上海户籍,上海,,,
P05453,黄源,女,28,25-29,有未成年孩子,大学生,university_student,硕士研究生,上海户籍,上海,,,
P05454,张知言,男,32,30-34,无需要照顾的孩子,自由业者,freelancer,独立程序员,外省市户籍,湖南,,,
P05455,李欣欣,女,32,30-34,有未成年孩子,上班族,office_worker,项目经理,外省市户籍,山东,,,
P05456,李嘉然,男,46,45-49,有成年孩子,体力劳动者,manual_worker,安装工,上海户籍,上海,,,
P05457,陈安诚,男,46,45-49,有未成年孩子,体力劳动者,manual_worker,快递员,上海户籍,上海,,,
P05458,冯浩睿,男,29,25-29,有未成年孩子,上班族,office_worker,区域经理,外省市户籍,安徽,,,
P05459,林豪哲,男,30,30-34,无需要照顾的孩子,上班族,office_worker,客户经理,外省市户籍,四川,,,
P05460,于辰言,男,49,45-49,有成年孩子,上班族,office_worker,销售代表,上海户籍,上海,,,
P05461,赵阳轩,男,46,45-49,有成年孩子,体力劳动者,manual_worker,快递员,外省市户籍,河南,,,
P05462,唐轩辰,男,21,18-24,有未成年孩子,上班族,office_worker,行政专员,外省市户籍,广东,,,
P05463,刘怡梦,女,23,18-24,有未成年孩子,大学生,university_student,硕士研究生,外省市户籍,江苏,,,
P05464,张可,女,42,40-44,有未成年孩子,上班族,office_worker,财务经理,上海户籍,上海,,,
P05465,韩安桐,女,24,18-24,无需要照顾的孩子,上班族,office_worker,运营专员,外省市户籍,其他,,,
P05466,赵清睿,男,40,40-44,有未成年孩子,服务业者,service_worker,收银员,外省市户籍,陕西,,,
P05467,罗泽景,男,25,25-29,无需要照顾的孩子,上班族,office_worker,会计,上海户籍,上海,,,
P05468,朱一思,女,34,30-34,有未成年孩子,上班族,office_worker,高级运营专员,上海户籍,上海,,,
P05469,赵杰浩,男,36,35-39,有成年孩子,上班族,office_worker,人力资源经理,上海户籍,上海,,,
P05470,杨辰辰,女,30,30-34,无需要照顾的孩子,上班族,office_worker,销售经理,外省市户籍,江苏,,,
P05471,孙浩诚,男,35,35-39,有未成年孩子,上班族,office_worker,销售代表,上海户籍,上海,,,
P05472,李婷怡,女,37,35-39,有未成年孩子,自由业者,freelancer,自媒体从业者,上海户籍,上海,,,
P05473,王睿哲,男,30,30-34,无需要照顾的孩子,上班族,office_worker,行政专员,上海户籍,上海,,,
P05474,刘诺晓,女,41,40-44,有未成年孩子,上班族,office_worker,技术经理,上海户籍,上海,,,
P05475,吴梦语,女,29,25-29,无需要照顾的孩子,体力劳动者,manual_worker,快递员,外省市户籍,浙江,,,
P05476,王诗羽,女,24,18-24,无需要照顾的孩子,服务业者,service_worker,厨师,上海户籍,上海,,,
P05477,刘嘉晨,男,36,35-39,有未成年孩子,服务业者,service_worker,餐厅服务员,外省市户籍,湖北,,,
P05478,宋宁,男,42,40-44,有成年孩子,体力劳动者,manual_worker,维修技师,外省市户籍,安徽,,,
P05479,黄泽博,男,33,30-34,有未成年孩子,体力劳动者,manual_worker,司机,外省市户籍,江苏,,,
P05480,董嘉豪,男,36,35-39,有未成年孩子,服务业者,service_worker,美容师,上海户籍,上海,,,
P05481,李远晓,女,24,18-24,无需要照顾的孩子,大学生,university_student,本科生,外省市户籍,江苏,,,
P05482,李轩文,男,27,25-29,无需要照顾的孩子,服务业者,service_worker,餐厅服务员,上海户籍,上海,,,
P05483,胡清嫣,女,26,25-29,无需要照顾的孩子,体力劳动者,manual_worker,配送员,上海户籍,上海,,,
P05484,罗晨诺,男,25,25-29,无需要照顾的孩子,上班族,office_worker,HR经理,外省市户籍,安徽,,,
P05485,孙清杰,男,32,30-34,有未成年孩子,自由业者,freelancer,网店经营者,上海户籍,上海,,,
P05486,宋瑶一,女,35,35-39,无需要照顾的孩子,服务业者,service_worker,酒店服务人员,上海户籍,上海,,,
P05487,赵思佑,男,40,40-44,有未成年孩子,上班族,office_worker,HR经理,外省市户籍,浙江,,,
P05488,王远,女,20,18-24,有未成年孩子,上班族,office_worker,销售代表,上海户籍,上海,,,
P05489,刘子雨,女,42,40-44,有未成年孩子,体力劳动者,manual_worker,安装工,外省市户籍,江西,,,
P05490,张源诺,男,39,35-39,有未成年孩子,自由业者,freelancer,咨询顾问,外省市户籍,江苏,,,
P05491,李轩然,男,20,18-24,无需要照顾的孩子,上班族,office_worker,软件工程师,上海户籍,上海,,,
P05492,张琪心,女,38,35-39,有未成年孩子,服务业者,service_worker,美容师,外省市户籍,江苏,,,
P05493,赵心安,男,32,30-34,有未成年孩子,上班族,office_worker,运营专员,上海户籍,上海,,,
P05494,黄瑶,女,28,25-29,无需要照顾的孩子,上班族,office_worker,会计,外省市户籍,山东,,,
P05495,郑知嫣,女,38,35-39,有未成年孩子,体力劳动者,manual_worker,设备操作员,外省市户籍,四川,,,
P05496,张文嘉,男,36,35-39,有未成年孩子,上班族,office_worker,客户经理,外省市户籍,其他,,,
P05497,刘诗宁,女,30,30-34,无需要照顾的孩子,服务业者,service_worker,收银员,外省市户籍,安徽,,,
P05498,杨佳雨,女,18,18-24,无需要照顾的孩子,上班族,office_worker,软件工程师,外省市户籍,河北,,,
P05499,马诺,女,19,18-24,无需要照顾的孩子,大学生,university_student,本科生,外省市户籍,江苏,,,
P05500,董轩言,男,44,40-44,有成年孩子,上班族,office_worker,数据分析师,上海户籍,上海,,,
P05501,陈心,女,31,30-34,有未成年孩子,自由业者,freelancer,网店经营者,外省市户籍,安徽,,,
P05502,李景,男,31,30-34,有未成年孩子,自由业者,freelancer,咨询顾问,外省市户籍,安徽,,,
P05503,罗乐若,女,36,35-39,有未成年孩子,服务业者,service_worker,酒店前台,外省市户籍,安徽,,,
P05504,张乐佑,男,27,25-29,无需要照顾的孩子,体力劳动者,manual_worker,焊工,外省市户籍,江苏,,,
P05505,陈晴梦,女,30,30-34,有未成年孩子,上班族,office_worker,数据分析师,上海户籍,上海,,,
P05506,黄然,男,45,45-49,有未成年孩子,上班族,office_worker,采购专员,外省市户籍,浙江,,,
P05507,李博辰,男,39,35-39,有未成年孩子,上班族,office_worker,客户经理,外省市户籍,河北,,,
P05508,黄彤知,女,24,18-24,无需要照顾的孩子,大学生,university_student,本科生,外省市户籍,江苏,,,
P05509,李轩乐,男,19,18-24,无需要照顾的孩子,服务业者,service_worker,餐厅服务员,外省市户籍,江西,,,
P05510,张曦欣,女,30,30-34,有成年孩子,上班族,office_worker,产品经理,外省市户籍,陕西,,,
P05511,王嘉,男,40,40-44,有成年孩子,体力劳动者,manual_worker,快递员,外省市户籍,四川,,,
P05512,刘宇豪,男,42,40-44,有未成年孩子,体力劳动者,manual_worker,焊工,上海户籍,上海,,,
P05513,朱静羽,女,23,18-24,无需要照顾的孩子,上班族,office_worker,采购专员,上海户籍,上海,,,
P05514,赵远琪,女,30,30-34,无需要照顾的孩子,服务业者,service_worker,酒店服务人员,外省市户籍,安徽,,,
P05515,李梦,女,34,30-34,有未成年孩子,上班族,office_worker,行政专员,外省市户籍,江苏,,,
P05516,高欣远,女,33,30-34,有未成年孩子,上班族,office_worker,数据分析师,上海户籍,上海,,,
P05517,高曦婷,女,38,35-39,有未成年孩子,体力劳动者,manual_worker,司机,外省市户籍,安徽,,,
P05518,李言景,男,36,35-39,有未成年孩子,自由业者,freelancer,自媒体从业者,外省市户籍,安徽,,,
P05519,程阳浩,男,44,40-44,有成年孩子,自由业者,freelancer,翻译,外省市户籍,浙江,,,
P05520,赵晴思,女,32,30-34,无需要照顾的孩子,服务业者,service_worker,店员,上海户籍,上海,,,
P05521,杨清晨,男,19,18-24,无需要照顾的孩子,服务业者,service_worker,保安,上海户籍,上海,,,
P05522,郑曦涵,女,34,30-34,有未成年孩子,服务业者,service_worker,健身教练,上海户籍,上海,,,
P05523,陈嘉言,男,47,45-49,有成年孩子,上班族,office_worker,人力资源经理,外省市户籍,安徽,,,
P05524,李昊,男,26,25-29,无需要照顾的孩子,上班族,office_worker,客户专员,上海户籍,上海,,,
P05525,朱可,男,30,30-34,无需要照顾的孩子,服务业者,service_worker,店员,上海户籍,上海,,,
P05526,张晨婉,女,31,30-34,有未成年孩子,上班族,office_worker,客户专员,上海户籍,上海,,,
P05527,周羽心,女,39,35-39,无需要照顾的孩子,体力劳动者,manual_worker,维修技师,外省市户籍,安徽,,,
P05528,李诚,男,26,25-29,有未成年孩子,上班族,office_worker,客户经理,外省市户籍,安徽,,,
P05529,许诺晴,女,30,30-34,有未成年孩子,服务业者,service_worker,收银员,外省市户籍,广东,,,
P05530,刘睿,男,27,25-29,无需要照顾的孩子,上班族,office_worker,运营专员,外省市户籍,江苏,,,
P05531,张子嫣,女,30,30-34,有未成年孩子,上班族,office_worker,软件工程师,外省市户籍,安徽,,,
P05532,杨景,男,41,40-44,有未成年孩子,体力劳动者,manual_worker,维修技师,外省市户籍,湖北,,,
P05533,张晨欣,女,34,30-34,有未成年孩子,上班族,office_worker,销售代表,上海户籍,上海,,,
P05534,赵辰安,男,43,40-44,无需要照顾的孩子,服务业者,service_worker,保安,外省市户籍,浙江,,,
P05535,李桐,女,37,35-39,无需要照顾的孩子,上班族,office_worker,客户经理,上海户籍,上海,,,
P05536,李诗诺,女,27,25-29,无需要照顾的孩子,上班族,office_worker,部门经理,外省市户籍,浙江,,,
P05537,高豪,男,27,25-29,有未成年孩子,上班族,office_worker,财务专员,外省市户籍,河南,,,
P05538,王哲浩,男,37,35-39,无需要照顾的孩子,服务业者,service_worker,健身教练,外省市户籍,浙江,,,
P05539,李晨子,女,31,30-34,无需要照顾的孩子,上班族,office_worker,HR经理,外省市户籍,江西,,,
P05540,张涵安,女,18,18-24,无需要照顾的孩子,大学生,university_student,本科生,上海户籍,上海,,,
P05541,吴乐哲,男,23,18-24,无需要照顾的孩子,上班族,office_worker,设计师,外省市户籍,河北,,,
P05542,王星怡,女,31,30-34,无需要照顾的孩子,体力劳动者,manual_worker,快递员,上海户籍,上海,,,
P05543,郑嘉,男,30,30-34,无需要照顾的孩子,服务业者,service_worker,餐厅服务员,上海户籍,上海,,,
P05544,徐轩明,男,31,30-34,有未成年孩子,体力劳动者,manual_worker,维修技师,外省市户籍,江苏,,,
P05545,陈心俊,男,26,25-29,有未成年孩子,大学生,university_student,硕士研究生,上海户籍,上海,,,
P05546,周辰乐,男,45,45-49,有成年孩子,服务业者,service_worker,健身教练,上海户籍,上海,,,
P05547,王星,男,47,45-49,有成年孩子,服务业者,service_worker,保安,上海户籍,上海,,,
P05548,张彤心,女,43,40-44,有未成年孩子,上班族,office_worker,HR经理,外省市户籍,江苏,,,
P05549,宋安诺,女,28,25-29,无需要照顾的孩子,上班族,office_worker,设计师,外省市户籍,安徽,,,
P05550,张婉涵,女,29,25-29,有未成年孩子,上班族,office_worker,运营专员,上海户籍,上海,,,
P05551,张婷可,女,39,35-39,无需要照顾的孩子,自由业者,freelancer,自媒体从业者,上海户籍,上海,,,
P05552,杨曦安,女,28,25-29,有未成年孩子,上班族,office_worker,高级运营专员,外省市户籍,河南,,,
P05553,张楷诚,男,48,45-49,有成年孩子,上班族,office_worker,业务负责人,外省市户籍,其他,,,
P05554,李宁嫣,女,37,35-39,有成年孩子,上班族,office_worker,运营专员,外省市户籍,江苏,,,
P05555,杨宇,男,31,30-34,有未成年孩子,服务业者,service_worker,房产经纪,外省市户籍,江苏,,,
P05556,韩诚哲,男,42,40-44,无需要照顾的孩子,服务业者,service_worker,客服,上海户籍,上海,,,
P05557,胡志羽,男,30,30-34,有未成年孩子,服务业者,service_worker,保安,上海户籍,上海,,,
P05558,李志,男,33,30-34,有未成年孩子,自由业者,freelancer,翻译,外省市户籍,广东,,,
P05559,于宁诺,女,30,30-34,有未成年孩子,服务业者,service_worker,餐厅服务员,上海户籍,上海,,,
P05560,吴博,男,25,25-29,无需要照顾的孩子,大学生,university_student,硕士研究生,外省市户籍,安徽,,,
P05561,何俊然,男,27,25-29,无需要照顾的孩子,上班族,office_worker,采购专员,上海户籍,上海,,,
P05562,宋涵嘉,男,29,25-29,有未成年孩子,大学生,university_student,硕士研究生,上海户籍,上海,,,
P05563,陈思涵,女,40,40-44,有成年孩子,服务业者,service_worker,餐厅服务员,外省市户籍,河南,,,
P05564,杨文,男,37,35-39,有未成年孩子,体力劳动者,manual_worker,建筑工人,上海户籍,上海,,,
P05565,李哲阳,男,28,25-29,无需要照顾的孩子,大学生,university_student,博士研究生,外省市户籍,四川,,,
P05566,王羽嘉,女,35,35-39,有成年孩子,上班族,office_worker,软件工程师,外省市户籍,江西,,,
P05567,陈楷诺,男,31,30-34,有未成年孩子,体力劳动者,manual_worker,设备操作员,上海户籍,上海,,,
P05568,徐嘉景,男,46,45-49,有未成年孩子,上班族,office_worker,人力资源经理,外省市户籍,江苏,,,
P05569,黄嘉梦,女,28,25-29,有未成年孩子,自由业者,freelancer,自由设计师,外省市户籍,江苏,,,
P05570,朱可婷,女,27,25-29,无需要照顾的孩子,上班族,office_worker,采购经理,上海户籍,上海,,,
P05571,杨一思,男,44,40-44,有成年孩子,自由业者,freelancer,翻译,上海户籍,上海,,,
P05572,宋瑶怡,女,37,35-39,有未成年孩子,体力劳动者,manual_worker,司机,上海户籍,上海,,,
P05573,韩言婉,女,36,35-39,有未成年孩子,服务业者,service_worker,酒店前台,外省市户籍,浙江,,,
P05574,刘乐远,男,23,18-24,无需要照顾的孩子,大学生,university_student,硕士研究生,上海户籍,上海,,,
P05575,吴乐诺,男,30,30-34,有未成年孩子,自由业者,freelancer,摄影师,外省市户籍,江苏,,,
P05576,赵雅怡,女,29,25-29,无需要照顾的孩子,上班族,office_worker,高级软件工程师,外省市户籍,河南,,,
P05577,罗欣乐,女,27,25-29,无需要照顾的孩子,自由业者,freelancer,自由设计师,外省市户籍,江苏,,,
P05578,孙星昊,男,28,25-29,无需要照顾的孩子,服务业者,service_worker,美容师,外省市户籍,江苏,,,
P05579,张思子,女,37,35-39,有未成年孩子,自由业者,freelancer,自由销售,上海户籍,上海,,,
P05580,谢诺清,男,43,40-44,有未成年孩子,上班族,office_worker,技术经理,外省市户籍,湖北,,,
P05581,周婉,女,28,25-29,有未成年孩子,自由业者,freelancer,自由销售,上海户籍,上海,,,
P05582,王雅安,女,27,25-29,无需要照顾的孩子,服务业者,service_worker,理发师,外省市户籍,福建,,,
P05583,王晨晨,男,35,35-39,有未成年孩子,上班族,office_worker,客户经理,外省市户籍,江苏,,,
P05584,刘羽晨,男,44,40-44,有未成年孩子,自由业者,freelancer,独立程序员,上海户籍,上海,,,
P05585,何源,男,20,18-24,无需要照顾的孩子,上班族,office_worker,数据分析师,外省市户籍,山东,,,
P05586,张诺安,男,33,30-34,无需要照顾的孩子,上班族,office_worker,采购专员,外省市户籍,江苏,,,
P05587,朱乐,女,30,30-34,无需要照顾的孩子,服务业者,service_worker,酒店服务人员,外省市户籍,福建,,,
P05588,杨子婷,女,24,18-24,无需要照顾的孩子,大学生,university_student,硕士研究生,外省市户籍,江西,,,
P05589,李宁,女,27,25-29,无需要照顾的孩子,体力劳动者,manual_worker,仓库操作员,上海户籍,上海,,,
P05590,王源,女,39,35-39,有未成年孩子,上班族,office_worker,客户经理,上海户籍,上海,,,
P05591,杨欣,女,21,18-24,无需要照顾的孩子,上班族,office_worker,财务专员,上海户籍,上海,,,
P05592,杨涵浩,男,43,40-44,有未成年孩子,上班族,office_worker,行政专员,上海户籍,上海,,,
P05593,许乐杰,男,35,35-39,有未成年孩子,上班族,office_worker,HR经理,上海户籍,上海,,,
P05594,张安明,男,38,35-39,有未成年孩子,上班族,office_worker,技术经理,上海户籍,上海,,,
P05595,王可诺,女,48,45-49,有未成年孩子,上班族,office_worker,软件工程师,上海户籍,上海,,,
P05596,刘远,女,40,40-44,有未成年孩子,上班族,office_worker,人力资源经理,外省市户籍,江苏,,,
P05597,杨一豪,男,34,30-34,无需要照顾的孩子,服务业者,service_worker,厨师,上海户籍,上海,,,
P05598,李欣雅,女,36,35-39,有成年孩子,上班族,office_worker,财务主管,外省市户籍,湖南,,,
P05599,李知清,女,33,30-34,无需要照顾的孩子,体力劳动者,manual_worker,电工,外省市户籍,山东,,,
P05600,张宇,男,24,18-24,无需要照顾的孩子,大学生,university_student,硕士研究生,外省市户籍,河南,,,
P05601,何豪安,男,37,35-39,有未成年孩子,服务业者,service_worker,厨师,外省市户籍,河南,,,
P05602,韩清俊,男,34,30-34,无需要照顾的孩子,上班族,office_worker,产品经理,上海户籍,上海,,,
P05603,王知子,男,33,30-34,有未成年孩子,上班族,office_worker,运营专员,外省市户籍,湖北,,,
P05604,赵思思,男,27,25-29,无需要照顾的孩子,服务业者,service_worker,房产经纪,外省市户籍,河南,,,
P05605,张涵静,女,35,35-39,有未成年孩子,服务业者,service_worker,理发师,外省市户籍,湖北,,,
P05606,王清诺,男,25,25-29,无需要照顾的孩子,上班族,office_worker,销售代表,上海户籍,上海,,,
P05607,冯远,男,27,25-29,有未成年孩子,上班族,office_worker,采购专员,外省市户籍,河南,,,
P05608,李梦嫣,女,27,25-29,无需要照顾的孩子,上班族,office_worker,客户专员,外省市户籍,江苏,,,
P05609,朱可豪,男,40,40-44,有成年孩子,体力劳动者,manual_worker,电工,外省市户籍,湖南,,,
P05610,周志,男,45,45-49,无需要照顾的孩子,服务业者,service_worker,理发师,上海户籍,上海,,,
P05611,高欣,女,34,30-34,无需要照顾的孩子,体力劳动者,manual_worker,配送员,外省市户籍,四川,,,
P05612,王晨晓,女,40,40-44,有未成年孩子,体力劳动者,manual_worker,设备操作员,上海户籍,上海,,,
P05613,李羽,男,32,30-34,有未成年孩子,服务业者,service_worker,酒店前台,上海户籍,上海,,,
P05614,周雅婷,女,39,35-39,有未成年孩子,上班族,office_worker,采购经理,外省市户籍,其他,,,
P05615,黄涵婉,女,29,25-29,有未成年孩子,大学生,university_student,硕士研究生,上海户籍,上海,,,
P05616,董瑶知,女,42,40-44,有未成年孩子,上班族,office_worker,财务经理,外省市户籍,江苏,,,
P05617,徐言羽,女,25,25-29,无需要照顾的孩子,自由业者,freelancer,网店经营者,上海户籍,上海,,,
P05618,王文晨,男,19,18-24,无需要照顾的孩子,上班族,office_worker,数据分析师,上海户籍,上海,,,
P05619,高晴诺,女,33,30-34,有未成年孩子,服务业者,service_worker,保安,上海户籍,上海,,,
P05620,杨嘉睿,男,26,25-29,无需要照顾的孩子,大学生,university_student,博士研究生,外省市户籍,江苏,,,
P05621,邓晨诺,男,43,40-44,无需要照顾的孩子,服务业者,service_worker,收银员,外省市户籍,河北,,,
P05622,何睿,男,34,30-34,有未成年孩子,服务业者,service_worker,理发师,外省市户籍,安徽,,,
P05623,刘哲,男,44,40-44,有未成年孩子,自由业者,freelancer,网店经营者,外省市户籍,浙江,,,
P05624,杨诺言,男,28,25-29,无需要照顾的孩子,服务业者,service_worker,酒店前台,上海户籍,上海,,,
P05625,黄辰宁,男,29,25-29,无需要照顾的孩子,上班族,office_worker,会计,上海户籍,上海,,,
P05626,张清,男,41,40-44,有成年孩子,体力劳动者,manual_worker,仓库操作员,外省市户籍,河北,,,
P05627,张豪,男,31,30-34,无需要照顾的孩子,自由业者,freelancer,独立程序员,外省市户籍,江苏,,,
P05628,何嘉昊,男,41,40-44,有成年孩子,上班族,office_worker,销售经理,外省市户籍,安徽,,,
P05629,韩怡琪,女,40,40-44,无需要照顾的孩子,上班族,office_worker,客户经理,上海户籍,上海,,,
P05630,张嘉宁,女,25,25-29,无需要照顾的孩子,上班族,office_worker,数据分析师,外省市户籍,安徽,,,
P05631,赵文辰,男,36,35-39,有未成年孩子,服务业者,service_worker,理发师,上海户籍,上海,,,
P05632,谢远轩,男,32,30-34,无需要照顾的孩子,上班族,office_worker,产品经理,上海户籍,上海,,,
P05633,王俊远,男,35,35-39,有未成年孩子,上班族,office_worker,产品经理,外省市户籍,其他,,,
P05634,王明,男,30,30-34,有未成年孩子,服务业者,service_worker,理发师,外省市户籍,河南,,,
P05635,朱一明,男,23,18-24,无需要照顾的孩子,上班族,office_worker,行政专员,外省市户籍,江苏,,,
P05636,王哲,男,32,30-34,有未成年孩子,上班族,office_worker,会计,外省市户籍,河南,,,
P05637,郭昊嘉,男,29,25-29,无需要照顾的孩子,体力劳动者,manual_worker,快递员,外省市户籍,湖北,,,
P05638,冯言,男,19,18-24,无需要照顾的孩子,上班族,office_worker,运营专员,上海户籍,上海,,,
P05639,杨婉羽,女,31,30-34,无需要照顾的孩子,上班族,office_worker,财务主管,上海户籍,上海,,,
P05640,邓佳乐,女,31,30-34,有未成年孩子,上班族,office_worker,销售代表,上海户籍,上海,,,
P05641,王知若,女,26,25-29,无需要照顾的孩子,上班族,office_worker,会计,上海户籍,上海,,,
P05642,胡哲宇,男,44,40-44,有成年孩子,自由业者,freelancer,咨询顾问,上海户籍,上海,,,
P05643,何一宁,女,36,35-39,有未成年孩子,上班族,office_worker,设计师,外省市户籍,陕西,,,
P05644,王博,男,44,40-44,有未成年孩子,自由业者,freelancer,自媒体从业者,上海户籍,上海,,,
P05645,孙诺辰,男,34,30-34,有未成年孩子,自由业者,freelancer,独立程序员,上海户籍,上海,,,
P05646,刘思,女,25,25-29,无需要照顾的孩子,体力劳动者,manual_worker,配送员,上海户籍,上海,,,
P05647,李心乐,女,35,35-39,有未成年孩子,上班族,office_worker,软件工程师,外省市户籍,江西,,,
P05648,王梦婷,女,26,25-29,无需要照顾的孩子,自由业者,freelancer,咨询顾问,外省市户籍,河南,,,
P05649,陈晴彤,女,32,30-34,有未成年孩子,服务业者,service_worker,健身教练,上海户籍,上海,,,
P05650,胡天天,男,36,35-39,有未成年孩子,服务业者,service_worker,收银员,外省市户籍,浙江,,,
P05651,李佳婷,女,18,18-24,无需要照顾的孩子,上班族,office_worker,行政专员,上海户籍,上海,,,
P05652,李明昊,男,22,18-24,无需要照顾的孩子,大学生,university_student,本科生,上海户籍,上海,,,
P05653,刘怡桐,女,35,35-39,有未成年孩子,体力劳动者,manual_worker,司机,上海户籍,上海,,,
P05654,陈泽一,男,19,18-24,无需要照顾的孩子,服务业者,service_worker,酒店服务人员,上海户籍,上海,,,
P05655,王安,女,42,40-44,无需要照顾的孩子,上班族,office_worker,财务专员,外省市户籍,河南,,,
P05656,陈一思,男,22,18-24,无需要照顾的孩子,上班族,office_worker,行政专员,外省市户籍,江西,,,
P05657,黄彤嫣,女,32,30-34,无需要照顾的孩子,上班族,office_worker,采购专员,上海户籍,上海,,,
P05658,徐轩,男,27,25-29,无需要照顾的孩子,上班族,office_worker,数据分析师,外省市户籍,河南,,,
P05659,李远言,女,19,18-24,无需要照顾的孩子,上班族,office_worker,采购专员,外省市户籍,河南,,,
P05660,罗怡若,女,43,40-44,无需要照顾的孩子,上班族,office_worker,数据分析师,外省市户籍,福建,,,
P05661,王源欣,女,29,25-29,有未成年孩子,上班族,office_worker,销售代表,外省市户籍,江苏,,,
P05662,李一轩,男,38,35-39,有未成年孩子,上班族,office_worker,销售经理,外省市户籍,安徽,,,
P05663,赵嘉宇,男,38,35-39,有未成年孩子,服务业者,service_worker,店员,上海户籍,上海,,,
P05664,高涵嘉,女,34,30-34,有成年孩子,上班族,office_worker,数据分析师,外省市户籍,江西,,,
P05665,刘怡,女,20,18-24,无需要照顾的孩子,服务业者,service_worker,房产经纪,上海户籍,上海,,,
P05666,吴轩宁,男,31,30-34,有未成年孩子,服务业者,service_worker,房产经纪,外省市户籍,安徽,,,
P05667,周楷,男,38,35-39,有未成年孩子,体力劳动者,manual_worker,司机,上海户籍,上海,,,
P05668,徐轩哲,男,27,25-29,无需要照顾的孩子,上班族,office_worker,客户经理,外省市户籍,江西,,,
P05669,何子晨,女,22,18-24,无需要照顾的孩子,上班族,office_worker,行政专员,上海户籍,上海,,,
P05670,罗嘉,女,27,25-29,无需要照顾的孩子,服务业者,service_worker,酒店服务人员,上海户籍,上海,,,
P05671,吴源乐,男,36,35-39,无需要照顾的孩子,体力劳动者,manual_worker,司机,上海户籍,上海,,,
P05672,冯晨哲,男,28,25-29,无需要照顾的孩子,服务业者,service_worker,美容师,外省市户籍,福建,,,
P05673,王远远,男,37,35-39,有未成年孩子,上班族,office_worker,财务专员,上海户籍,上海,,,
P05674,徐一清,男,39,35-39,有未成年孩子,上班族,office_worker,HR经理,上海户籍,上海,,,
P05675,唐安,女,25,25-29,无需要照顾的孩子,服务业者,service_worker,保安,上海户籍,上海,,,
P05676,李心天,男,26,25-29,无需要照顾的孩子,服务业者,service_worker,酒店前台,上海户籍,上海,,,
P05677,徐哲,男,44,40-44,有未成年孩子,体力劳动者,manual_worker,维修技师,上海户籍,上海,,,
P05678,李思辰,男,34,30-34,无需要照顾的孩子,上班族,office_worker,数据分析师,外省市户籍,湖南,,,
P05679,陈安豪,男,42,40-44,有未成年孩子,服务业者,service_worker,厨师,外省市户籍,安徽,,,
P05680,朱浩睿,男,33,30-34,无需要照顾的孩子,服务业者,service_worker,收银员,外省市户籍,安徽,,,
P05681,林羽可,女,26,25-29,无需要照顾的孩子,上班族,office_worker,采购专员,上海户籍,上海,,,
P05682,孙知清,女,31,30-34,有未成年孩子,上班族,office_worker,客户经理,外省市户籍,湖北,,,
P05683,马桐思,女,24,18-24,无需要照顾的孩子,服务业者,service_worker,美容师,上海户籍,上海,,,
P05684,吴辰婉,女,34,30-34,无需要照顾的孩子,自由业者,freelancer,网店经营者,上海户籍,上海,,,
P05685,张涵,男,43,40-44,有未成年孩子,服务业者,service_worker,收银员,上海户籍,上海,,,
P05686,李睿,男,42,40-44,有未成年孩子,上班族,office_worker,销售经理,上海户籍,上海,,,
P05687,赵涵涵,女,38,35-39,有未成年孩子,服务业者,service_worker,客服,外省市户籍,江苏,,,
P05688,孙明星,男,26,25-29,有未成年孩子,大学生,university_student,博士研究生,上海户籍,上海,,,
P05689,王曦瑶,女,32,30-34,无需要照顾的孩子,体力劳动者,manual_worker,搬运工,上海户籍,上海,,,
P05690,冯嘉思,男,26,25-29,无需要照顾的孩子,上班族,office_worker,会计,上海户籍,上海,,,
P05691,刘晨清,男,39,35-39,无需要照顾的孩子,上班族,office_worker,HR经理,外省市户籍,浙江,,,
P05692,张然景,男,35,35-39,有未成年孩子,上班族,office_worker,产品经理,外省市户籍,河南,,,
P05693,张怡婉,女,34,30-34,有未成年孩子,上班族,office_worker,运营经理,上海户籍,上海,,,
P05694,朱豪远,男,27,25-29,无需要照顾的孩子,服务业者,service_worker,酒店服务人员,上海户籍,上海,,,
P05695,许源博,男,30,30-34,无需要照顾的孩子,服务业者,service_worker,客服,上海户籍,上海,,,
P05696,董清宁,女,28,25-29,无需要照顾的孩子,上班族,office_worker,运营专员,外省市户籍,江西,,,
P05697,胡睿天,男,21,18-24,无需要照顾的孩子,上班族,office_worker,客户专员,外省市户籍,浙江,,,
P05698,徐楷星,男,21,18-24,无需要照顾的孩子,大学生,university_student,本科生,上海户籍,上海,,,
P05699,杨晨明,男,31,30-34,有未成年孩子,上班族,office_worker,销售代表,外省市户籍,四川,,,
P05700,李豪知,男,32,30-34,有未成年孩子,大学生,university_student,硕士研究生,外省市户籍,浙江,,,
P05701,王佳可,女,34,30-34,无需要照顾的孩子,上班族,office_worker,采购经理,外省市户籍,河南,,,
P05702,黄源,男,42,40-44,有未成年孩子,上班族,office_worker,财务专员,上海户籍,上海,,,
P05703,许若,女,35,35-39,有未成年孩子,体力劳动者,manual_worker,维修技师,外省市户籍,浙江,,,
P05704,李然睿,男,22,18-24,无需要照顾的孩子,服务业者,service_worker,收银员,外省市户籍,安徽,,,
P05705,刘婉欣,女,39,35-39,有未成年孩子,上班族,office_worker,产品经理,外省市户籍,四川,,,
P05706,张子嘉,男,46,45-49,有成年孩子,自由业者,freelancer,自由设计师,外省市户籍,江苏,,,
P05707,郭怡羽,女,23,18-24,无需要照顾的孩子,体力劳动者,manual_worker,电工,外省市户籍,四川,,,
P05708,何嘉源,男,29,25-29,有未成年孩子,大学生,university_student,硕士研究生,上海户籍,上海,,,
P05709,胡清晴,女,25,25-29,无需要照顾的孩子,上班族,office_worker,会计,外省市户籍,江苏,,,
P05710,张安,女,46,45-49,无需要照顾的孩子,自由业者,freelancer,自媒体从业者,外省市户籍,四川,,,
P05711,林怡子,女,36,35-39,有未成年孩子,上班族,office_worker,行政专员,上海户籍,上海,,,
P05712,张豪然,男,48,45-49,无需要照顾的孩子,服务业者,service_worker,美容师,外省市户籍,湖北,,,
P05713,张晨泽,男,24,18-24,无需要照顾的孩子,服务业者,service_worker,店员,外省市户籍,四川,,,
P05714,林清辰,男,46,45-49,有未成年孩子,上班族,office_worker,运营经理,上海户籍,上海,,,
P05715,徐怡辰,女,36,35-39,有未成年孩子,上班族,office_worker,采购经理,外省市户籍,安徽,,,
P05716,郭安嫣,女,36,35-39,有未成年孩子,自由业者,freelancer,摄影师,外省市户籍,湖北,,,
P05717,王知晴,女,29,25-29,无需要照顾的孩子,上班族,office_worker,销售经理,上海户籍,上海,,,
P05718,何琪子,女,38,35-39,有未成年孩子,自由业者,freelancer,翻译,上海户籍,上海,,,
P05719,吴彤安,女,31,30-34,无需要照顾的孩子,服务业者,service_worker,厨师,上海户籍,上海,,,
P05720,赵天,男,27,25-29,无需要照顾的孩子,自由业者,freelancer,私教,上海户籍,上海,,,
P05721,梁心景,男,43,40-44,有未成年孩子,上班族,office_worker,销售经理,上海户籍,上海,,,
P05722,孙桐佳,女,38,35-39,有未成年孩子,服务业者,service_worker,收银员,上海户籍,上海,,,
P05723,陈豪明,男,18,18-24,无需要照顾的孩子,体力劳动者,manual_worker,配送员,外省市户籍,江苏,,,
P05724,李阳嘉,男,40,40-44,有未成年孩子,自由业者,freelancer,摄影师,外省市户籍,安徽,,,
P05725,孙源知,女,38,35-39,有未成年孩子,服务业者,service_worker,房产经纪,外省市户籍,安徽,,,
P05726,周知睿,男,34,30-34,有未成年孩子,体力劳动者,manual_worker,仓库操作员,外省市户籍,江苏,,,
P05727,林浩嘉,男,35,35-39,有未成年孩子,自由业者,freelancer,独立程序员,外省市户籍,江苏,,,
P05728,刘辰羽,男,31,30-34,有未成年孩子,上班族,office_worker,财务主管,外省市户籍,浙江,,,
P05729,周晴彤,女,39,35-39,有未成年孩子,上班族,office_worker,高级运营专员,上海户籍,上海,,,
P05730,李思,男,26,25-29,有未成年孩子,上班族,office_worker,财务专员,外省市户籍,江西,,,
P05731,王星楷,男,24,18-24,无需要照顾的孩子,大学生,university_student,硕士研究生,上海户籍,上海,,,
P05732,周可彤,女,27,25-29,无需要照顾的孩子,服务业者,service_worker,厨师,外省市户籍,江苏,,,
P05733,刘言琪,女,28,25-29,无需要照顾的孩子,上班族,office_worker,数据分析师,上海户籍,上海,,,
P05734,孙源雨,女,36,35-39,有未成年孩子,上班族,office_worker,财务主管,上海户籍,上海,,,
P05735,王哲,男,38,35-39,有未成年孩子,服务业者,service_worker,收银员,上海户籍,上海,,,
P05736,张桐若,女,33,30-34,无需要照顾的孩子,体力劳动者,manual_worker,司机,上海户籍,上海,,,
P05737,何彤,女,22,18-24,无需要照顾的孩子,大学生,university_student,本科生,外省市户籍,其他,,,
P05738,唐豪,男,34,30-34,无需要照顾的孩子,上班族,office_worker,HR经理,外省市户籍,其他,,,
P05739,王然,男,49,45-49,有成年孩子,服务业者,service_worker,酒店前台,上海户籍,上海,,,
P05740,刘子豪,男,38,35-39,有未成年孩子,体力劳动者,manual_worker,司机,外省市户籍,江苏,,,
P05741,林子子,女,21,18-24,无需要照顾的孩子,大学生,university_student,本科生,外省市户籍,陕西,,,
P05742,冯涵豪,男,18,18-24,无需要照顾的孩子,上班族,office_worker,数据分析师,外省市户籍,湖南,,,
P05743,刘若诺,女,31,30-34,无需要照顾的孩子,服务业者,service_worker,店员,外省市户籍,广东,,,
P05744,赵清嘉,男,42,40-44,有未成年孩子,体力劳动者,manual_worker,焊工,外省市户籍,江苏,,,
P05745,袁言,男,27,25-29,有未成年孩子,体力劳动者,manual_worker,快递员,外省市户籍,其他,,,
P05746,李雨思,女,34,30-34,无需要照顾的孩子,服务业者,service_worker,房产经纪,外省市户籍,安徽,,,
P05747,黄然豪,男,42,40-44,有未成年孩子,服务业者,service_worker,客服,上海户籍,上海,,,
P05748,刘星,男,19,18-24,无需要照顾的孩子,大学生,university_student,本科生,外省市户籍,山东,,,
P05749,孙豪嘉,男,20,18-24,无需要照顾的孩子,体力劳动者,manual_worker,快递员,外省市户籍,安徽,,,
P05750,高晨清,女,22,18-24,无需要照顾的孩子,服务业者,service_worker,店员,外省市户籍,福建,,,
P05751,曹宁安,女,30,30-34,有未成年孩子,上班族,office_worker,产品经理,外省市户籍,浙江,,,
P05752,王婷瑶,女,19,18-24,无需要照顾的孩子,大学生,university_student,本科生,外省市户籍,江苏,,,
P05753,赵一睿,男,29,25-29,无需要照顾的孩子,自由业者,freelancer,网店经营者,外省市户籍,江西,,,
P05754,黄昊博,男,24,18-24,无需要照顾的孩子,体力劳动者,manual_worker,焊工,外省市户籍,江苏,,,
P05755,王志轩,男,25,25-29,有未成年孩子,体力劳动者,manual_worker,电工,上海户籍,上海,,,
P05756,董可,女,25,25-29,无需要照顾的孩子,自由业者,freelancer,私教,外省市户籍,江苏,,,
P05757,赵子泽,男,35,35-39,有未成年孩子,自由业者,freelancer,摄影师,外省市户籍,安徽,,,
P05758,赵思,男,20,18-24,无需要照顾的孩子,大学生,university_student,本科生,外省市户籍,四川,,,
P05759,王琪,女,32,30-34,无需要照顾的孩子,上班族,office_worker,财务主管,上海户籍,上海,,,
P05760,李哲,男,34,30-34,有未成年孩子,上班族,office_worker,销售代表,上海户籍,上海,,,
P05761,王文诚,男,43,40-44,有未成年孩子,体力劳动者,manual_worker,电工,上海户籍,上海,,,
P05762,赵可涵,女,21,18-24,有未成年孩子,服务业者,service_worker,厨师,外省市户籍,河南,,,
P05763,刘彤怡,女,35,35-39,无需要照顾的孩子,服务业者,service_worker,厨师,上海户籍,上海,,,
P05764,罗嘉宇,男,28,25-29,无需要照顾的孩子,上班族,office_worker,行政专员,外省市户籍,湖南,,,
P05765,王远,男,25,25-29,有未成年孩子,上班族,office_worker,销售代表,外省市户籍,江苏,,,
P05766,唐星,女,27,25-29,无需要照顾的孩子,大学生,university_student,博士研究生,外省市户籍,其他,,,
P05767,李欣,女,32,30-34,无需要照顾的孩子,服务业者,service_worker,健身教练,外省市户籍,江苏,,,
P05768,周乐哲,男,31,30-34,有未成年孩子,服务业者,service_worker,健身教练,上海户籍,上海,,,
P05769,林雨曦,女,30,30-34,有未成年孩子,自由业者,freelancer,咨询顾问,外省市户籍,山东,,,
P05770,张杰文,男,31,30-34,无需要照顾的孩子,上班族,office_worker,设计师,外省市户籍,其他,,,
P05771,刘轩志,男,40,40-44,有成年孩子,服务业者,service_worker,酒店服务人员,外省市户籍,浙江,,,
P05772,刘晓,女,24,18-24,有未成年孩子,服务业者,service_worker,客服,外省市户籍,安徽,,,
P05773,李文梓,男,33,30-34,无需要照顾的孩子,上班族,office_worker,运营专员,上海户籍,上海,,,
P05774,陈涵涵,女,33,30-34,有未成年孩子,上班族,office_worker,客户经理,外省市户籍,陕西,,,
P05775,周婷桐,女,23,18-24,无需要照顾的孩子,服务业者,service_worker,理发师,外省市户籍,安徽,,,
P05776,刘瑶静,女,42,40-44,有未成年孩子,自由业者,freelancer,翻译,上海户籍,上海,,,
P05777,周辰怡,女,22,18-24,无需要照顾的孩子,上班族,office_worker,行政专员,外省市户籍,江西,,,
P05778,杨可远,女,19,18-24,无需要照顾的孩子,服务业者,service_worker,客服,上海户籍,上海,,,
P05779,王雨婷,女,35,35-39,无需要照顾的孩子,体力劳动者,manual_worker,安装工,外省市户籍,江西,,,
P05780,陈心佳,女,41,40-44,有未成年孩子,上班族,office_worker,采购专员,外省市户籍,江西,,,
P05781,张怡,女,41,40-44,无需要照顾的孩子,自由业者,freelancer,翻译,上海户籍,上海,,,
P05782,王安,女,29,25-29,无需要照顾的孩子,服务业者,service_worker,酒店前台,上海户籍,上海,,,
P05783,梁曦雅,女,37,35-39,无需要照顾的孩子,体力劳动者,manual_worker,仓库操作员,外省市户籍,湖南,,,
P05784,张可桐,女,35,35-39,有未成年孩子,上班族,office_worker,销售经理,上海户籍,上海,,,
P05785,李阳清,男,42,40-44,无需要照顾的孩子,上班族,office_worker,HR经理,外省市户籍,河北,,,
P05786,董涵梦,女,39,35-39,无需要照顾的孩子,服务业者,service_worker,保安,上海户籍,上海,,,
P05787,唐思佑,男,46,45-49,有成年孩子,服务业者,service_worker,厨师,上海户籍,上海,,,
P05788,李泽,男,35,35-39,无需要照顾的孩子,服务业者,service_worker,健身教练,上海户籍,上海,,,
P05789,朱知豪,男,46,45-49,有成年孩子,体力劳动者,manual_worker,设备操作员,外省市户籍,湖北,,,
P05790,刘源安,女,35,35-39,有未成年孩子,服务业者,service_worker,理发师,上海户籍,上海,,,
P05791,王语宁,女,39,35-39,无需要照顾的孩子,服务业者,service_worker,理发师,外省市户籍,江苏,,,
P05792,董涵思,女,45,45-49,有成年孩子,上班族,office_worker,HR经理,上海户籍,上海,,,
P05793,孙哲嘉,男,43,40-44,有成年孩子,服务业者,service_worker,收银员,上海户籍,上海,,,
P05794,张乐,男,32,30-34,无需要照顾的孩子,服务业者,service_worker,酒店服务人员,外省市户籍,浙江,,,
P05795,马佳思,女,44,40-44,无需要照顾的孩子,上班族,office_worker,客户经理,外省市户籍,安徽,,,
P05796,李欣瑶,女,25,25-29,无需要照顾的孩子,大学生,university_student,硕士研究生,上海户籍,上海,,,
P05797,张子羽,女,27,25-29,无需要照顾的孩子,上班族,office_worker,行政专员,外省市户籍,山东,,,
P05798,朱阳安,男,23,18-24,无需要照顾的孩子,服务业者,service_worker,房产经纪,上海户籍,上海,,,
P05799,张诗,女,30,30-34,无需要照顾的孩子,服务业者,service_worker,收银员,外省市户籍,湖南,,,
P05800,袁羽欣,女,27,25-29,无需要照顾的孩子,体力劳动者,manual_worker,安装工,上海户籍,上海,,,
P05801,于子源,女,43,40-44,有未成年孩子,服务业者,service_worker,酒店服务人员,外省市户籍,安徽,,,
P05802,李嫣嫣,女,24,18-24,无需要照顾的孩子,大学生,university_student,硕士研究生,上海户籍,上海,,,
P05803,张宁佳,女,31,30-34,无需要照顾的孩子,上班族,office_worker,产品经理,上海户籍,上海,,,
P05804,刘子心,女,33,30-34,有未成年孩子,自由业者,freelancer,自媒体从业者,上海户籍,上海,,,
P05805,杨子一,男,36,35-39,有未成年孩子,上班族,office_worker,软件工程师,上海户籍,上海,,,
P05806,郭晓辰,女,32,30-34,有未成年孩子,服务业者,service_worker,店员,外省市户籍,湖南,,,
P05807,张佳,女,26,25-29,无需要照顾的孩子,自由业者,freelancer,自由设计师,外省市户籍,山东,,,
P05808,陈雨,女,36,35-39,有未成年孩子,上班族,office_worker,设计师,外省市户籍,河北,,,
P05809,孙羽嘉,男,39,35-39,有未成年孩子,上班族,office_worker,项目经理,上海户籍,上海,,,
P05810,王诺宇,男,36,35-39,有未成年孩子,体力劳动者,manual_worker,设备操作员,外省市户籍,江西,,,
P05811,李佳彤,女,36,35-39,有未成年孩子,体力劳动者,manual_worker,配送员,外省市户籍,江西,,,
P05812,张安,女,25,25-29,无需要照顾的孩子,服务业者,service_worker,房产经纪,外省市户籍,其他,,,
P05813,董曦怡,女,23,18-24,无需要照顾的孩子,上班族,office_worker,设计师,外省市户籍,江西,,,
P05814,陈宁,女,25,25-29,无需要照顾的孩子,上班族,office_worker,运营专员,上海户籍,上海,,,
P05815,徐曦怡,女,28,25-29,有未成年孩子,上班族,office_worker,设计师,外省市户籍,其他,,,
P05816,林乐,男,31,30-34,有未成年孩子,上班族,office_worker,销售代表,外省市户籍,江苏,,,
P05817,马言,男,32,30-34,有未成年孩子,上班族,office_worker,采购经理,上海户籍,上海,,,
P05818,杨梦源,女,19,18-24,无需要照顾的孩子,上班族,office_worker,设计师,外省市户籍,江苏,,,
P05819,赵志博,男,38,35-39,有未成年孩子,自由业者,freelancer,独立程序员,上海户籍,上海,,,
P05820,陈怡,女,29,25-29,无需要照顾的孩子,服务业者,service_worker,餐厅服务员,上海户籍,上海,,,
P05821,杨诚,男,33,30-34,无需要照顾的孩子,服务业者,service_worker,酒店前台,外省市户籍,安徽,,,
P05822,吴晴子,女,34,30-34,无需要照顾的孩子,大学生,university_student,硕士研究生,外省市户籍,安徽,,,
P05823,赵明子,男,31,30-34,有未成年孩子,上班族,office_worker,高级软件工程师,上海户籍,上海,,,
P05824,高天知,男,36,35-39,无需要照顾的孩子,上班族,office_worker,销售代表,外省市户籍,江苏,,,
P05825,陈星轩,男,21,18-24,无需要照顾的孩子,大学生,university_student,本科生,外省市户籍,河北,,,
P05826,黄景涵,男,23,18-24,无需要照顾的孩子,上班族,office_worker,会计,上海户籍,上海,,,
P05827,李安婷,女,26,25-29,无需要照顾的孩子,上班族,office_worker,销售经理,上海户籍,上海,,,
P05828,李桐,女,28,25-29,无需要照顾的孩子,上班族,office_worker,HR经理,上海户籍,上海,,,
P05829,张宁诺,女,44,40-44,有未成年孩子,服务业者,service_worker,店员,上海户籍,上海,,,
P05830,郑宁,女,35,35-39,有未成年孩子,服务业者,service_worker,餐厅服务员,上海户籍,上海,,,
P05831,黄然,男,24,18-24,无需要照顾的孩子,自由业者,freelancer,网店经营者,上海户籍,上海,,,
P05832,朱桐安,女,46,45-49,无需要照顾的孩子,服务业者,service_worker,餐厅服务员,外省市户籍,浙江,,,
P05833,郑泽,男,31,30-34,有未成年孩子,体力劳动者,manual_worker,快递员,外省市户籍,江西,,,
P05834,朱晨俊,男,32,30-34,有未成年孩子,上班族,office_worker,采购经理,外省市户籍,江西,,,
P05835,胡嘉可,女,46,45-49,有未成年孩子,服务业者,service_worker,保安,上海户籍,上海,,,
P05836,黄明乐,男,44,40-44,有未成年孩子,上班族,office_worker,客户经理,外省市户籍,其他,,,
P05837,王然乐,男,25,25-29,无需要照顾的孩子,服务业者,service_worker,保安,上海户籍,上海,,,
P05838,陈宁晴,女,45,45-49,无需要照顾的孩子,上班族,office_worker,销售经理,上海户籍,上海,,,
P05839,罗轩可,男,25,25-29,无需要照顾的孩子,服务业者,service_worker,保安,外省市户籍,江苏,,,
P05840,朱雨欣,女,34,30-34,有未成年孩子,上班族,office_worker,高级运营专员,上海户籍,上海,,,
P05841,徐宁佳,女,36,35-39,有未成年孩子,上班族,office_worker,采购经理,外省市户籍,河南,,,
P05842,冯然辰,男,40,40-44,无需要照顾的孩子,自由业者,freelancer,摄影师,外省市户籍,其他,,,
P05843,陈涵语,女,35,35-39,无需要照顾的孩子,服务业者,service_worker,美容师,外省市户籍,山东,,,
P05844,陈浩,男,43,40-44,有未成年孩子,上班族,office_worker,高级软件工程师,外省市户籍,安徽,,,
P05845,梁心佳,女,27,25-29,无需要照顾的孩子,服务业者,service_worker,厨师,上海户籍,上海,,,
P05846,王景晨,男,29,25-29,无需要照顾的孩子,服务业者,service_worker,健身教练,外省市户籍,湖北,,,
P05847,吴梦怡,女,25,25-29,有未成年孩子,上班族,office_worker,财务专员,上海户籍,上海,,,
P05848,王俊阳,男,26,25-29,无需要照顾的孩子,服务业者,service_worker,理发师,外省市户籍,福建,,,
P05849,张景明,男,32,30-34,无需要照顾的孩子,体力劳动者,manual_worker,司机,上海户籍,上海,,,
P05850,于桐,女,22,18-24,无需要照顾的孩子,上班族,office_worker,采购专员,上海户籍,上海,,,
P05851,王宁,女,35,35-39,有未成年孩子,体力劳动者,manual_worker,搬运工,上海户籍,上海,,,
P05852,张豪乐,男,32,30-34,有未成年孩子,自由业者,freelancer,摄影师,上海户籍,上海,,,
P05853,杨佑,男,27,25-29,有未成年孩子,大学生,university_student,硕士研究生,上海户籍,上海,,,
P05854,周曦静,女,40,40-44,无需要照顾的孩子,上班族,office_worker,高级项目经理,上海户籍,上海,,,
P05855,李远乐,男,35,35-39,无需要照顾的孩子,体力劳动者,manual_worker,快递员,上海户籍,上海,,,
P05856,吴诺,男,39,35-39,有未成年孩子,上班族,office_worker,会计,上海户籍,上海,,,
P05857,张雅彤,女,26,25-29,无需要照顾的孩子,上班族,office_worker,行政专员,外省市户籍,浙江,,,
P05858,梁知宁,男,32,30-34,无需要照顾的孩子,上班族,office_worker,采购专员,上海户籍,上海,,,
P05859,徐晓,女,18,18-24,无需要照顾的孩子,自由业者,freelancer,独立程序员,外省市户籍,江苏,,,
P05860,赵可心,女,34,30-34,无需要照顾的孩子,上班族,office_worker,高级运营专员,上海户籍,上海,,,
P05861,刘欣诺,女,41,40-44,无需要照顾的孩子,服务业者,service_worker,店员,上海户籍,上海,,,
P05862,陈豪哲,男,35,35-39,有未成年孩子,体力劳动者,manual_worker,建筑工人,外省市户籍,福建,,,
P05863,徐辰一,女,44,40-44,有未成年孩子,体力劳动者,manual_worker,设备操作员,上海户籍,上海,,,
P05864,杨梦子,女,29,25-29,有未成年孩子,服务业者,service_worker,客服,外省市户籍,江苏,,,
P05865,杨远,男,32,30-34,无需要照顾的孩子,服务业者,service_worker,厨师,上海户籍,上海,,,
P05866,陈嘉,女,34,30-34,无需要照顾的孩子,上班族,office_worker,财务主管,上海户籍,上海,,,
P05867,黄泽浩,男,28,25-29,无需要照顾的孩子,体力劳动者,manual_worker,快递员,上海户籍,上海,,,
P05868,黄桐,女,47,45-49,有未成年孩子,体力劳动者,manual_worker,焊工,外省市户籍,浙江,,,
P05869,周辰嘉,男,37,35-39,无需要照顾的孩子,自由业者,freelancer,独立程序员,外省市户籍,其他,,,
P05870,李源佑,男,42,40-44,无需要照顾的孩子,上班族,office_worker,数据分析师,上海户籍,上海,,,
P05871,孙思,男,47,45-49,有未成年孩子,服务业者,service_worker,酒店前台,外省市户籍,四川,,,
P05872,王婷羽,女,25,25-29,无需要照顾的孩子,服务业者,service_worker,理发师,上海户籍,上海,,,
P05873,何嘉楷,男,33,30-34,有未成年孩子,上班族,office_worker,财务专员,外省市户籍,湖北,,,
P05874,张哲天,男,37,35-39,无需要照顾的孩子,服务业者,service_worker,店员,外省市户籍,江苏,,,
P05875,梁俊源,男,42,40-44,有未成年孩子,上班族,office_worker,人力资源经理,上海户籍,上海,,,
P05876,王婷可,女,43,40-44,有未成年孩子,服务业者,service_worker,酒店服务人员,外省市户籍,江苏,,,
P05877,胡言博,男,26,25-29,无需要照顾的孩子,上班族,office_worker,软件工程师,上海户籍,上海,,,
P05878,何若,女,30,30-34,无需要照顾的孩子,上班族,office_worker,设计师,外省市户籍,山东,,,
P05879,张思怡,女,28,25-29,有未成年孩子,上班族,office_worker,采购专员,外省市户籍,河南,,,
P05880,唐一乐,男,41,40-44,有未成年孩子,服务业者,service_worker,保安,上海户籍,上海,,,
P05881,张轩,男,43,40-44,无需要照顾的孩子,服务业者,service_worker,酒店前台,外省市户籍,江苏,,,
P05882,曹天可,男,49,45-49,有成年孩子,体力劳动者,manual_worker,配送员,外省市户籍,安徽,,,
P05883,黄嘉知,男,41,40-44,有成年孩子,上班族,office_worker,财务经理,外省市户籍,江西,,,
P05884,刘静,女,36,35-39,有未成年孩子,上班族,office_worker,销售经理,外省市户籍,湖北,,,
P05885,刘豪文,男,47,45-49,有未成年孩子,服务业者,service_worker,健身教练,上海户籍,上海,,,
P05886,林源诗,女,40,40-44,有未成年孩子,上班族,office_worker,高级软件工程师,上海户籍,上海,,,
P05887,陈涵,女,32,30-34,无需要照顾的孩子,体力劳动者,manual_worker,电工,上海户籍,上海,,,
P05888,罗豪,男,18,18-24,有未成年孩子,服务业者,service_worker,店员,外省市户籍,安徽,,,
P05889,郭宁思,女,37,35-39,有未成年孩子,服务业者,service_worker,酒店前台,外省市户籍,江苏,,,
P05890,朱嘉源,男,26,25-29,有未成年孩子,上班族,office_worker,设计师,外省市户籍,其他,,,
P05891,李杰乐,男,19,18-24,无需要照顾的孩子,上班族,office_worker,数据分析师,外省市户籍,其他,,,
P05892,郑宇楷,男,31,30-34,有未成年孩子,上班族,office_worker,财务主管,外省市户籍,浙江,,,
P05893,赵豪,男,26,25-29,无需要照顾的孩子,上班族,office_worker,软件工程师,外省市户籍,江西,,,
P05894,刘可,女,38,35-39,有未成年孩子,体力劳动者,manual_worker,设备操作员,上海户籍,上海,,,
P05895,张心志,男,39,35-39,无需要照顾的孩子,服务业者,service_worker,酒店前台,上海户籍,上海,,,
P05896,王可子,男,46,45-49,有成年孩子,体力劳动者,manual_worker,司机,外省市户籍,福建,,,
P05897,曹睿梓,男,32,30-34,无需要照顾的孩子,上班族,office_worker,HR经理,外省市户籍,安徽,,,
P05898,李晨,男,37,35-39,有成年孩子,体力劳动者,manual_worker,焊工,上海户籍,上海,,,
P05899,冯若清,女,20,18-24,有未成年孩子,上班族,office_worker,财务专员,外省市户籍,江苏,,,
P05900,何昊,男,48,45-49,无需要照顾的孩子,服务业者,service_worker,理发师,外省市户籍,安徽,,,
P05901,张嘉,男,32,30-34,有未成年孩子,自由业者,freelancer,自媒体从业者,上海户籍,上海,,,
P05902,王诚,男,18,18-24,无需要照顾的孩子,服务业者,service_worker,酒店前台,外省市户籍,福建,,,
P05903,张景志,男,25,25-29,无需要照顾的孩子,上班族,office_worker,客户专员,上海户籍,上海,,,
P05904,胡晴心,女,28,25-29,无需要照顾的孩子,上班族,office_worker,设计师,上海户籍,上海,,,
P05905,赵婷知,女,22,18-24,有未成年孩子,上班族,office_worker,运营专员,外省市户籍,河南,,,
P05906,王一辰,男,26,25-29,无需要照顾的孩子,上班族,office_worker,行政专员,外省市户籍,河南,,,
P05907,马远梦,女,39,35-39,有未成年孩子,上班族,office_worker,客户专员,外省市户籍,四川,,,
P05908,李怡语,女,35,35-39,有未成年孩子,上班族,office_worker,区域经理,外省市户籍,江西,,,
P05909,张羽,女,49,45-49,有未成年孩子,体力劳动者,manual_worker,设备操作员,上海户籍,上海,,,
P05910,李清羽,男,29,25-29,有未成年孩子,上班族,office_worker,会计,上海户籍,上海,,,
P05911,朱昊诺,男,36,35-39,无需要照顾的孩子,上班族,office_worker,销售经理,外省市户籍,四川,,,
P05912,王景嘉,男,43,40-44,有未成年孩子,上班族,office_worker,产品经理,上海户籍,上海,,,
P05913,陈泽宁,男,34,30-34,有未成年孩子,上班族,office_worker,HR经理,外省市户籍,河南,,,
P05914,何文宁,男,21,18-24,无需要照顾的孩子,自由业者,freelancer,翻译,上海户籍,上海,,,
P05915,曹言,男,32,30-34,有未成年孩子,上班族,office_worker,采购专员,外省市户籍,浙江,,,
P05916,何宁星,女,31,30-34,无需要照顾的孩子,上班族,office_worker,数据分析师,外省市户籍,江苏,,,
P05917,黄羽远,女,44,40-44,无需要照顾的孩子,服务业者,service_worker,酒店前台,上海户籍,上海,,,
P05918,马杰,男,44,40-44,有未成年孩子,上班族,office_worker,产品经理,上海户籍,上海,,,
P05919,黄桐羽,女,37,35-39,无需要照顾的孩子,上班族,office_worker,高级运营专员,上海户籍,上海,,,
P05920,李佑安,男,48,45-49,有未成年孩子,体力劳动者,manual_worker,设备操作员,上海户籍,上海,,,
P05921,张志晨,男,35,35-39,有未成年孩子,上班族,office_worker,HR经理,外省市户籍,湖北,,,
P05922,杨晴雨,女,33,30-34,无需要照顾的孩子,上班族,office_worker,财务主管,外省市户籍,河北,,,
P05923,李知梓,男,26,25-29,无需要照顾的孩子,上班族,office_worker,客户专员,外省市户籍,安徽,,,
P05924,王辰诺,女,33,30-34,有未成年孩子,上班族,office_worker,销售代表,上海户籍,上海,,,
P05925,吴博乐,男,25,25-29,有未成年孩子,上班族,office_worker,会计,上海户籍,上海,,,
P05926,李泽博,男,27,25-29,有未成年孩子,上班族,office_worker,行政专员,外省市户籍,安徽,,,
P05927,谢豪宇,男,27,25-29,有未成年孩子,上班族,office_worker,会计,上海户籍,上海,,,
P05928,李天星,男,44,40-44,无需要照顾的孩子,服务业者,service_worker,厨师,上海户籍,上海,,,
P05929,唐然佑,男,33,30-34,无需要照顾的孩子,服务业者,service_worker,收银员,外省市户籍,安徽,,,
P05930,刘诗怡,女,29,25-29,无需要照顾的孩子,服务业者,service_worker,厨师,外省市户籍,广东,,,
P05931,张子安,女,28,25-29,无需要照顾的孩子,体力劳动者,manual_worker,焊工,外省市户籍,山东,,,
P05932,马羽,男,47,45-49,有未成年孩子,自由业者,freelancer,自由设计师,上海户籍,上海,,,
P05933,朱雅源,女,21,18-24,无需要照顾的孩子,大学生,university_student,本科生,上海户籍,上海,,,
P05934,朱阳子,男,26,25-29,无需要照顾的孩子,上班族,office_worker,财务主管,上海户籍,上海,,,
P05935,王语怡,女,36,35-39,无需要照顾的孩子,上班族,office_worker,客户经理,上海户籍,上海,,,
P05936,罗涵哲,男,33,30-34,无需要照顾的孩子,服务业者,service_worker,餐厅服务员,外省市户籍,安徽,,,
P05937,王言宁,女,32,30-34,有未成年孩子,大学生,university_student,博士研究生,外省市户籍,河南,,,
P05938,许涵羽,女,47,45-49,有未成年孩子,服务业者,service_worker,酒店服务人员,上海户籍,上海,,,
P05939,杨诺晓,女,42,40-44,有成年孩子,自由业者,freelancer,独立程序员,上海户籍,上海,,,
P05940,谢晨嘉,女,36,35-39,无需要照顾的孩子,上班族,office_worker,行政专员,外省市户籍,四川,,,
P05941,李怡彤,女,23,18-24,无需要照顾的孩子,服务业者,service_worker,收银员,上海户籍,上海,,,
P05942,张宁一,女,32,30-34,有未成年孩子,服务业者,service_worker,酒店前台,外省市户籍,河南,,,
P05943,张轩,男,30,30-34,无需要照顾的孩子,上班族,office_worker,采购专员,外省市户籍,江西,,,
P05944,刘清,女,30,30-34,无需要照顾的孩子,上班族,office_worker,高级运营专员,上海户籍,上海,,,
P05945,黄欣乐,女,36,35-39,有未成年孩子,体力劳动者,manual_worker,建筑工人,外省市户籍,河北,,,
P05946,许泽涵,男,49,45-49,有未成年孩子,上班族,office_worker,区域经理,上海户籍,上海,,,
P05947,张佑,男,41,40-44,无需要照顾的孩子,上班族,office_worker,HR经理,外省市户籍,安徽,,,
P05948,李雅佳,女,43,40-44,有成年孩子,上班族,office_worker,数据分析师,外省市户籍,湖北,,,
P05949,王轩思,男,47,45-49,有未成年孩子,服务业者,service_worker,健身教练,上海户籍,上海,,,
P05950,陈安哲,男,40,40-44,无需要照顾的孩子,服务业者,service_worker,店员,外省市户籍,山东,,,
P05951,陈睿乐,男,30,30-34,无需要照顾的孩子,上班族,office_worker,会计,外省市户籍,江苏,,,
P05952,罗静涵,女,39,35-39,有未成年孩子,上班族,office_worker,高级软件工程师,外省市户籍,江苏,,,
P05953,王豪,男,30,30-34,有未成年孩子,服务业者,service_worker,美容师,上海户籍,上海,,,
P05954,唐静瑶,女,37,35-39,有未成年孩子,上班族,office_worker,采购经理,外省市户籍,安徽,,,
P05955,马宇文,男,47,45-49,有未成年孩子,体力劳动者,manual_worker,仓库操作员,上海户籍,上海,,,
P05956,高辰,女,44,40-44,无需要照顾的孩子,体力劳动者,manual_worker,设备操作员,上海户籍,上海,,,
P05957,谢楷昊,男,26,25-29,无需要照顾的孩子,上班族,office_worker,数据分析师,外省市户籍,浙江,,,
P05958,李楷,男,20,18-24,无需要照顾的孩子,服务业者,service_worker,保安,上海户籍,上海,,,
P05959,罗晨一,男,44,40-44,无需要照顾的孩子,上班族,office_worker,客户经理,上海户籍,上海,,,
P05960,唐可思,女,24,18-24,无需要照顾的孩子,大学生,university_student,本科生,外省市户籍,浙江,,,
P05961,张诺知,女,44,40-44,有未成年孩子,上班族,office_worker,销售经理,上海户籍,上海,,,
P05962,胡羽桐,女,25,25-29,无需要照顾的孩子,服务业者,service_worker,店员,外省市户籍,其他,,,
P05963,于诺,男,28,25-29,无需要照顾的孩子,服务业者,service_worker,理发师,上海户籍,上海,,,
P05964,韩欣,女,31,30-34,无需要照顾的孩子,上班族,office_worker,设计师,上海户籍,上海,,,
P05965,郑言轩,男,31,30-34,有未成年孩子,服务业者,service_worker,收银员,上海户籍,上海,,,
P05966,朱若欣,女,48,45-49,有成年孩子,自由业者,freelancer,自由设计师,外省市户籍,浙江,,,
P05967,李博,男,32,30-34,有未成年孩子,服务业者,service_worker,理发师,外省市户籍,湖南,,,
P05968,王泽浩,男,34,30-34,有未成年孩子,服务业者,service_worker,收银员,外省市户籍,其他,,,
P05969,李晨昊,男,40,40-44,有未成年孩子,体力劳动者,manual_worker,设备操作员,上海户籍,上海,,,
P05970,陈雨源,女,27,25-29,无需要照顾的孩子,服务业者,service_worker,客服,上海户籍,上海,,,
P05971,王可晨,女,33,30-34,有未成年孩子,体力劳动者,manual_worker,快递员,外省市户籍,广东,,,
P05972,袁然宁,男,26,25-29,无需要照顾的孩子,服务业者,service_worker,酒店前台,外省市户籍,江苏,,,
P05973,谢可婷,女,42,40-44,有未成年孩子,上班族,office_worker,销售经理,上海户籍,上海,,,
P05974,张子,男,26,25-29,有未成年孩子,大学生,university_student,硕士研究生,上海户籍,上海,,,
P05975,张天,男,33,30-34,有未成年孩子,上班族,office_worker,采购经理,上海户籍,上海,,,
P05976,朱梓,男,39,35-39,有未成年孩子,上班族,office_worker,高级软件工程师,外省市户籍,安徽,,,
P05977,王嘉可,男,24,18-24,无需要照顾的孩子,上班族,office_worker,软件工程师,上海户籍,上海,,,
P05978,胡阳晨,男,29,25-29,有未成年孩子,服务业者,service_worker,厨师,上海户籍,上海,,,
P05979,邓宇昊,男,19,18-24,无需要照顾的孩子,自由业者,freelancer,网店经营者,外省市户籍,江苏,,,
P05980,吴一嘉,男,42,40-44,有未成年孩子,体力劳动者,manual_worker,搬运工,外省市户籍,河北,,,
P05981,张宁语,女,41,40-44,有未成年孩子,体力劳动者,manual_worker,建筑工人,上海户籍,上海,,,
P05982,王乐涵,女,34,30-34,无需要照顾的孩子,上班族,office_worker,设计师,上海户籍,上海,,,
P05983,马泽一,男,33,30-34,无需要照顾的孩子,服务业者,service_worker,客服,上海户籍,上海,,,
P05984,宋轩然,男,47,45-49,有未成年孩子,自由业者,freelancer,私教,外省市户籍,其他,,,
P05985,王宁,男,34,30-34,无需要照顾的孩子,上班族,office_worker,会计,上海户籍,上海,,,
P05986,唐俊楷,男,24,18-24,无需要照顾的孩子,上班族,office_worker,会计,外省市户籍,浙江,,,
P05987,王涵若,女,26,25-29,无需要照顾的孩子,上班族,office_worker,软件工程师,外省市户籍,江苏,,,
P05988,赵彤彤,女,35,35-39,无需要照顾的孩子,上班族,office_worker,项目经理,上海户籍,上海,,,
P05989,张嘉,男,45,45-49,有未成年孩子,体力劳动者,manual_worker,设备操作员,外省市户籍,河南,,,
P05990,朱安雅,女,44,40-44,有成年孩子,上班族,office_worker,客户经理,外省市户籍,江西,,,
P05991,孙嘉思,女,43,40-44,有成年孩子,服务业者,service_worker,保安,外省市户籍,河南,,,
P05992,陈言源,女,29,25-29,无需要照顾的孩子,服务业者,service_worker,房产经纪,外省市户籍,湖北,,,
P05993,赵涵晓,女,35,35-39,有未成年孩子,上班族,office_worker,行政专员,上海户籍,上海,,,
P05994,韩嫣彤,女,23,18-24,无需要照顾的孩子,服务业者,service_worker,房产经纪,外省市户籍,浙江,,,
P05995,王知睿,男,38,35-39,无需要照顾的孩子,自由业者,freelancer,摄影师,上海户籍,上海,,,
P05996,周楷清,男,48,45-49,有未成年孩子,上班族,office_worker,技术经理,上海户籍,上海,,,
P05997,胡晓若,女,33,30-34,有未成年孩子,上班族,office_worker,设计师,外省市户籍,湖南,,,
P05998,张雨嫣,女,29,25-29,无需要照顾的孩子,上班族,office_worker,财务专员,上海户籍,上海,,,
P05999,王婷,女,40,40-44,有成年孩子,体力劳动者,manual_worker,建筑工人,上海户籍,上海,,,
P06000,李远静,女,46,45-49,有成年孩子,体力劳动者,manual_worker,安装工,外省市户籍,四川,,,
P06001,罗晨清,男,34,30-34,无需要照顾的孩子,上班族,office_worker,采购经理,外省市户籍,湖南,,,
P06002,陈文,男,38,35-39,有未成年孩子,自由业者,freelancer,摄影师,上海户籍,上海,,,
P06003,李怡,女,46,45-49,有未成年孩子,自由业者,freelancer,网店经营者,外省市户籍,广东,,,
P06004,胡心言,男,18,18-24,无需要照顾的孩子,大学生,university_student,本科生,外省市户籍,江苏,,,
P06005,吴宁晓,女,40,40-44,有未成年孩子,上班族,office_worker,技术经理,外省市户籍,河南,,,
P06006,王梦彤,女,36,35-39,无需要照顾的孩子,上班族,office_worker,财务主管,外省市户籍,其他,,,
P06007,罗知昊,男,24,18-24,无需要照顾的孩子,体力劳动者,manual_worker,快递员,外省市户籍,江苏,,,
P06008,刘源辰,男,30,30-34,无需要照顾的孩子,上班族,office_worker,采购专员,外省市户籍,浙江,,,
P06009,刘一宁,男,34,30-34,有未成年孩子,体力劳动者,manual_worker,快递员,外省市户籍,河北,,,
P06010,李琪辰,女,39,35-39,有未成年孩子,体力劳动者,manual_worker,司机,外省市户籍,其他,,,
P06011,徐梦瑶,女,36,35-39,有未成年孩子,服务业者,service_worker,酒店服务人员,外省市户籍,河北,,,
P06012,吴志,男,35,35-39,有未成年孩子,服务业者,service_worker,保安,外省市户籍,福建,,,
P06013,李昊博,男,31,30-34,有未成年孩子,上班族,office_worker,销售经理,外省市户籍,安徽,,,
P06014,张楷宁,男,46,45-49,无需要照顾的孩子,服务业者,service_worker,保安,上海户籍,上海,,,
P06015,杨明思,男,36,35-39,有未成年孩子,上班族,office_worker,客户经理,上海户籍,上海,,,
P06016,杨星,女,33,30-34,有未成年孩子,服务业者,service_worker,健身教练,上海户籍,上海,,,
P06017,孙静曦,女,38,35-39,有未成年孩子,上班族,office_worker,运营专员,上海户籍,上海,,,
P06018,王桐晨,女,29,25-29,有未成年孩子,大学生,university_student,硕士研究生,上海户籍,上海,,,
P06019,孙可晓,女,20,18-24,无需要照顾的孩子,大学生,university_student,本科生,外省市户籍,安徽,,,
P06020,张佳晴,女,47,45-49,有成年孩子,服务业者,service_worker,厨师,外省市户籍,其他,,,
P06021,徐睿泽,男,41,40-44,有未成年孩子,体力劳动者,manual_worker,安装工,外省市户籍,湖南,,,
P06022,吴涵,男,21,18-24,无需要照顾的孩子,服务业者,service_worker,客服,外省市户籍,浙江,,,
P06023,杨远,男,24,18-24,无需要照顾的孩子,体力劳动者,manual_worker,维修技师,外省市户籍,山东,,,
P06024,李知,男,19,18-24,无需要照顾的孩子,体力劳动者,manual_worker,焊工,外省市户籍,江苏,,,
P06025,唐诗,女,44,40-44,无需要照顾的孩子,服务业者,service_worker,餐厅服务员,上海户籍,上海,,,
P06026,李嘉安,男,25,25-29,无需要照顾的孩子,体力劳动者,manual_worker,焊工,外省市户籍,江苏,,,
P06027,宋宁诺,男,26,25-29,无需要照顾的孩子,上班族,office_worker,会计,外省市户籍,浙江,,,
P06028,李婷瑶,女,29,25-29,无需要照顾的孩子,上班族,office_worker,销售代表,外省市户籍,江苏,,,
P06029,郭轩阳,男,43,40-44,有未成年孩子,上班族,office_worker,高级软件工程师,上海户籍,上海,,,
P06030,张诗怡,女,27,25-29,无需要照顾的孩子,体力劳动者,manual_worker,设备操作员,上海户籍,上海,,,
P06031,刘嘉,男,37,35-39,无需要照顾的孩子,自由业者,freelancer,独立程序员,上海户籍,上海,,,
P06032,杨心瑶,女,42,40-44,无需要照顾的孩子,上班族,office_worker,数据分析师,外省市户籍,安徽,,,
P06033,李诗远,女,32,30-34,有未成年孩子,服务业者,service_worker,收银员,外省市户籍,安徽,,,
P06034,唐宁,女,43,40-44,有未成年孩子,上班族,office_worker,高级运营专员,上海户籍,上海,,,
P06035,徐辰嘉,男,24,18-24,无需要照顾的孩子,上班族,office_worker,销售代表,外省市户籍,福建,,,
P06036,张明,男,31,30-34,有未成年孩子,体力劳动者,manual_worker,设备操作员,上海户籍,上海,,,
P06037,黄哲豪,男,40,40-44,有未成年孩子,体力劳动者,manual_worker,快递员,外省市户籍,浙江,,,
P06038,李思涵,女,28,25-29,无需要照顾的孩子,大学生,university_student,硕士研究生,上海户籍,上海,,,
P06039,董轩,男,26,25-29,无需要照顾的孩子,上班族,office_worker,行政专员,外省市户籍,河南,,,
P06040,郭思佳,女,23,18-24,无需要照顾的孩子,大学生,university_student,本科生,上海户籍,上海,,,
P06041,刘晨,男,38,35-39,有未成年孩子,上班族,office_worker,客户经理,外省市户籍,河南,,,
P06042,周星轩,男,21,18-24,无需要照顾的孩子,体力劳动者,manual_worker,维修技师,外省市户籍,湖南,,,
P06043,刘思怡,女,36,35-39,有未成年孩子,自由业者,freelancer,自由销售,外省市户籍,江苏,,,
P06044,刘言,女,44,40-44,有未成年孩子,服务业者,service_worker,餐厅服务员,外省市户籍,安徽,,,
P06045,刘一晨,男,31,30-34,有未成年孩子,服务业者,service_worker,餐厅服务员,上海户籍,上海,,,
P06046,曹静,女,40,40-44,有未成年孩子,上班族,office_worker,财务专员,外省市户籍,广东,,,
P06047,刘可远,女,23,18-24,无需要照顾的孩子,大学生,university_student,硕士研究生,上海户籍,上海,,,
P06048,王源,女,48,45-49,有未成年孩子,上班族,office_worker,区域经理,外省市户籍,江苏,,,
P06049,赵宁嘉,男,42,40-44,有成年孩子,上班族,office_worker,行政专员,上海户籍,上海,,,
P06050,李曦宁,女,22,18-24,无需要照顾的孩子,自由业者,freelancer,私教,上海户籍,上海,,,
P06051,杨泽文,男,32,30-34,无需要照顾的孩子,上班族,office_worker,销售经理,上海户籍,上海,,,
P06052,张乐嘉,女,29,25-29,无需要照顾的孩子,体力劳动者,manual_worker,设备操作员,上海户籍,上海,,,
P06053,周嫣诗,女,24,18-24,无需要照顾的孩子,自由业者,freelancer,自由销售,上海户籍,上海,,,
P06054,张知嫣,女,38,35-39,有未成年孩子,服务业者,service_worker,房产经纪,外省市户籍,安徽,,,
P06055,林杰,男,23,18-24,无需要照顾的孩子,上班族,office_worker,财务专员,上海户籍,上海,,,
P06056,王晴子,女,46,45-49,有成年孩子,上班族,office_worker,部门经理,外省市户籍,江苏,,,
P06057,马远俊,男,36,35-39,有未成年孩子,体力劳动者,manual_worker,建筑工人,外省市户籍,江苏,,,
P06058,程若,女,27,25-29,无需要照顾的孩子,上班族,office_worker,行政专员,外省市户籍,安徽,,,
P06059,张远晴,女,35,35-39,无需要照顾的孩子,上班族,office_worker,采购专员,外省市户籍,河南,,,
P06060,何佑,男,26,25-29,无需要照顾的孩子,自由业者,freelancer,自由销售,外省市户籍,河南,,,
P06061,刘可欣,女,43,40-44,有成年孩子,自由业者,freelancer,自媒体从业者,上海户籍,上海,,,
P06062,张源羽,男,36,35-39,有未成年孩子,上班族,office_worker,采购专员,上海户籍,上海,,,
P06063,邓源宁,男,38,35-39,有未成年孩子,服务业者,service_worker,保安,外省市户籍,陕西,,,
P06064,徐可静,女,18,18-24,无需要照顾的孩子,大学生,university_student,本科生,外省市户籍,浙江,,,
P06065,高怡安,女,38,35-39,有未成年孩子,上班族,office_worker,采购经理,外省市户籍,安徽,,,
P06066,黄桐言,女,33,30-34,无需要照顾的孩子,上班族,office_worker,数据分析师,外省市户籍,河南,,,
P06067,高源,男,24,18-24,无需要照顾的孩子,大学生,university_student,硕士研究生,上海户籍,上海,,,
P06068,王远,男,41,40-44,有未成年孩子,上班族,office_worker,HR经理,上海户籍,上海,,,
P06069,刘若晨,女,45,45-49,无需要照顾的孩子,体力劳动者,manual_worker,焊工,外省市户籍,陕西,,,
P06070,王可楷,男,39,35-39,有未成年孩子,体力劳动者,manual_worker,司机,上海户籍,上海,,,
P06071,张思,女,48,45-49,有成年孩子,服务业者,service_worker,保安,上海户籍,上海,,,
P06072,林远嘉,男,20,18-24,无需要照顾的孩子,上班族,office_worker,采购专员,上海户籍,上海,,,
P06073,王清彤,女,27,25-29,有未成年孩子,上班族,office_worker,设计师,外省市户籍,安徽,,,
P06074,黄涵源,女,20,18-24,无需要照顾的孩子,服务业者,service_worker,收银员,外省市户籍,福建,,,
P06075,朱安阳,男,35,35-39,无需要照顾的孩子,上班族,office_worker,销售经理,外省市户籍,河北,,,
P06076,刘一曦,女,43,40-44,有未成年孩子,自由业者,freelancer,摄影师,外省市户籍,安徽,,,
P06077,周羽一,女,39,35-39,有未成年孩子,服务业者,service_worker,酒店前台,外省市户籍,四川,,,
P06078,孙佳晴,女,34,30-34,无需要照顾的孩子,上班族,office_worker,数据分析师,外省市户籍,浙江,,,
P06079,李佑涵,男,26,25-29,无需要照顾的孩子,上班族,office_worker,采购专员,外省市户籍,湖北,,,
P06080,胡宁,男,21,18-24,无需要照顾的孩子,大学生,university_student,本科生,外省市户籍,安徽,,,
P06081,郭远景,男,33,30-34,有未成年孩子,上班族,office_worker,财务经理,外省市户籍,湖北,,,
P06082,张源,男,32,30-34,无需要照顾的孩子,服务业者,service_worker,店员,上海户籍,上海,,,
P06083,袁诺,女,28,25-29,有未成年孩子,服务业者,service_worker,收银员,上海户籍,上海,,,
P06084,李辰晨,女,49,45-49,有未成年孩子,服务业者,service_worker,厨师,外省市户籍,其他,,,
P06085,刘羽志,男,44,40-44,有成年孩子,服务业者,service_worker,美容师,上海户籍,上海,,,
P06086,梁思一,女,26,25-29,有未成年孩子,上班族,office_worker,财务主管,外省市户籍,安徽,,,
P06087,袁清知,男,36,35-39,无需要照顾的孩子,上班族,office_worker,高级运营专员,上海户籍,上海,,,
P06088,杨思,女,49,45-49,有未成年孩子,体力劳动者,manual_worker,建筑工人,上海户籍,上海,,,
P06089,李晴可,女,38,35-39,有未成年孩子,服务业者,service_worker,客服,外省市户籍,江西,,,
P06090,胡雅安,女,25,25-29,有未成年孩子,自由业者,freelancer,自由销售,外省市户籍,湖北,,,
P06091,陈天涵,男,29,25-29,有未成年孩子,自由业者,freelancer,独立程序员,外省市户籍,江苏,,,
P06092,曹景子,男,43,40-44,有成年孩子,上班族,office_worker,区域经理,上海户籍,上海,,,
P06093,王辰乐,男,34,30-34,无需要照顾的孩子,服务业者,service_worker,店员,外省市户籍,江西,,,
P06094,马琪彤,女,40,40-44,有未成年孩子,体力劳动者,manual_worker,建筑工人,上海户籍,上海,,,
P06095,赵欣星,女,38,35-39,有未成年孩子,服务业者,service_worker,保安,外省市户籍,河南,,,
P06096,李思清,男,40,40-44,无需要照顾的孩子,上班族,office_worker,高级运营专员,外省市户籍,河南,,,
P06097,王哲志,男,31,30-34,无需要照顾的孩子,自由业者,freelancer,私教,上海户籍,上海,,,
P06098,林思,女,35,35-39,有未成年孩子,体力劳动者,manual_worker,搬运工,上海户籍,上海,,,
P06099,王羽,女,36,35-39,有成年孩子,体力劳动者,manual_worker,维修技师,上海户籍,上海,,,
P06100,李天泽,男,29,25-29,无需要照顾的孩子,上班族,office_worker,财务主管,外省市户籍,江西,,,
P06101,陈天轩,男,33,30-34,有未成年孩子,大学生,university_student,硕士研究生,上海户籍,上海,,,
P06102,于嘉俊,男,39,35-39,无需要照顾的孩子,服务业者,service_worker,餐厅服务员,外省市户籍,浙江,,,
P06103,李哲宇,男,39,35-39,有未成年孩子,上班族,office_worker,高级软件工程师,上海户籍,上海,,,
P06104,唐言可,女,25,25-29,无需要照顾的孩子,服务业者,service_worker,健身教练,外省市户籍,河南,,,
P06105,张怡欣,女,22,18-24,无需要照顾的孩子,大学生,university_student,本科生,外省市户籍,江苏,,,
P06106,陈羽,男,18,18-24,无需要照顾的孩子,大学生,university_student,本科生,上海户籍,上海,,,
P06107,刘哲源,男,45,45-49,有成年孩子,服务业者,service_worker,餐厅服务员,外省市户籍,安徽,,,
P06108,黄羽羽,男,26,25-29,无需要照顾的孩子,上班族,office_worker,客户专员,上海户籍,上海,,,
P06109,马天一,男,40,40-44,有成年孩子,服务业者,service_worker,理发师,外省市户籍,山东,,,
P06110,黄语言,女,37,35-39,有未成年孩子,体力劳动者,manual_worker,搬运工,上海户籍,上海,,,
P06111,孙远静,女,38,35-39,有未成年孩子,上班族,office_worker,销售经理,上海户籍,上海,,,
P06112,黄子晨,男,25,25-29,有未成年孩子,上班族,office_worker,设计师,外省市户籍,河南,,,
P06113,王星宁,女,42,40-44,有成年孩子,上班族,office_worker,财务主管,外省市户籍,江西,,,
P06114,高梦桐,女,31,30-34,有未成年孩子,上班族,office_worker,会计,外省市户籍,其他,,,
P06115,张心乐,女,23,18-24,无需要照顾的孩子,大学生,university_student,硕士研究生,上海户籍,上海,,,
P06116,王昊轩,男,44,40-44,有成年孩子,上班族,office_worker,部门经理,上海户籍,上海,,,
P06117,胡辰子,男,34,30-34,有未成年孩子,上班族,office_worker,设计师,外省市户籍,湖北,,,
P06118,陈安然,男,37,35-39,有未成年孩子,上班族,office_worker,产品经理,外省市户籍,四川,,,
P06119,徐博涵,男,25,25-29,无需要照顾的孩子,服务业者,service_worker,餐厅服务员,外省市户籍,湖北,,,
P06120,杨俊诺,男,32,30-34,有未成年孩子,服务业者,service_worker,酒店服务人员,外省市户籍,安徽,,,
P06121,宋心晨,男,45,45-49,有未成年孩子,上班族,office_worker,销售经理,外省市户籍,山东,,,
P06122,罗婉婉,女,33,30-34,无需要照顾的孩子,服务业者,service_worker,理发师,外省市户籍,安徽,,,
P06123,赵欣晨,女,24,18-24,有未成年孩子,上班族,office_worker,销售经理,外省市户籍,浙江,,,
P06124,许晨,男,25,25-29,无需要照顾的孩子,大学生,university_student,硕士研究生,外省市户籍,广东,,,
P06125,吴宁思,女,32,30-34,无需要照顾的孩子,上班族,office_worker,高级运营专员,外省市户籍,福建,,,
P06126,周源宁,女,40,40-44,有成年孩子,服务业者,service_worker,理发师,外省市户籍,浙江,,,
P06127,唐语,女,35,35-39,无需要照顾的孩子,上班族,office_worker,采购经理,外省市户籍,河南,,,
P06128,李桐,女,34,30-34,有未成年孩子,上班族,office_worker,高级项目经理,外省市户籍,江西,,,
P06129,张哲文,男,36,35-39,有未成年孩子,上班族,office_worker,客户专员,上海户籍,上海,,,
P06130,赵梓一,男,33,30-34,有未成年孩子,上班族,office_worker,HR经理,上海户籍,上海,,,
P06131,王安清,男,49,45-49,有成年孩子,自由业者,freelancer,咨询顾问,上海户籍,上海,,,
P06132,孙瑶子,女,33,30-34,有未成年孩子,服务业者,service_worker,保安,外省市户籍,安徽,,,
P06133,王语,女,25,25-29,无需要照顾的孩子,上班族,office_worker,设计师,外省市户籍,安徽,,,
P06134,郑文心,男,25,25-29,无需要照顾的孩子,服务业者,service_worker,收银员,上海户籍,上海,,,
P06135,宋志乐,男,38,35-39,有未成年孩子,服务业者,service_worker,酒店服务人员,外省市户籍,山东,,,
P06136,梁思志,男,37,35-39,有未成年孩子,服务业者,service_worker,房产经纪,外省市户籍,湖南,,,
P06137,王嘉涵,女,49,45-49,有成年孩子,体力劳动者,manual_worker,焊工,外省市户籍,安徽,,,
P06138,李言泽,男,22,18-24,有未成年孩子,服务业者,service_worker,美容师,外省市户籍,江苏,,,
P06139,李怡,女,30,30-34,有未成年孩子,上班族,office_worker,项目经理,上海户籍,上海,,,
P06140,刘安睿,男,27,25-29,无需要照顾的孩子,服务业者,service_worker,健身教练,上海户籍,上海,,,
P06141,朱嘉嘉,男,35,35-39,有未成年孩子,上班族,office_worker,销售经理,外省市户籍,江西,,,
P06142,谢博诺,男,23,18-24,无需要照顾的孩子,服务业者,service_worker,房产经纪,外省市户籍,河北,,,
P06143,张阳然,男,37,35-39,有未成年孩子,自由业者,freelancer,翻译,外省市户籍,广东,,,
P06144,王阳心,男,35,35-39,有未成年孩子,服务业者,service_worker,餐厅服务员,上海户籍,上海,,,
P06145,高佑泽,男,29,25-29,无需要照顾的孩子,上班族,office_worker,会计,上海户籍,上海,,,
P06146,高梓源,男,36,35-39,有未成年孩子,服务业者,service_worker,收银员,外省市户籍,山东,,,
P06147,于宁,男,33,30-34,无需要照顾的孩子,自由业者,freelancer,翻译,上海户籍,上海,,,
P06148,黄文心,男,18,18-24,无需要照顾的孩子,上班族,office_worker,运营专员,外省市户籍,其他,,,
P06149,李宁知,女,34,30-34,有未成年孩子,服务业者,service_worker,店员,上海户籍,上海,,,
P06150,刘清涵,女,39,35-39,有未成年孩子,体力劳动者,manual_worker,电工,上海户籍,上海,,,
P06151,刘宇轩,男,32,30-34,有未成年孩子,上班族,office_worker,采购经理,上海户籍,上海,,,
P06152,陈文浩,男,37,35-39,无需要照顾的孩子,体力劳动者,manual_worker,设备操作员,上海户籍,上海,,,
P06153,高昊俊,男,29,25-29,无需要照顾的孩子,大学生,university_student,硕士研究生,上海户籍,上海,,,
P06154,李天,男,36,35-39,有未成年孩子,服务业者,service_worker,店员,外省市户籍,江苏,,,
P06155,赵宁言,女,29,25-29,无需要照顾的孩子,服务业者,service_worker,理发师,上海户籍,上海,,,
P06156,李豪明,男,33,30-34,有未成年孩子,上班族,office_worker,客户经理,外省市户籍,河北,,,
P06157,张梦婉,女,39,35-39,有未成年孩子,上班族,office_worker,数据分析师,上海户籍,上海,,,
P06158,胡涵怡,女,32,30-34,无需要照顾的孩子,服务业者,service_worker,房产经纪,外省市户籍,湖南,,,
P06159,高晨杰,男,39,35-39,有未成年孩子,体力劳动者,manual_worker,快递员,上海户籍,上海,,,
P06160,吴婷怡,女,44,40-44,无需要照顾的孩子,服务业者,service_worker,厨师,外省市户籍,浙江,,,
P06161,李欣,女,26,25-29,无需要照顾的孩子,上班族,office_worker,会计,外省市户籍,山东,,,
P06162,刘睿俊,男,30,30-34,有未成年孩子,服务业者,service_worker,健身教练,上海户籍,上海,,,
P06163,张怡梦,女,29,25-29,无需要照顾的孩子,大学生,university_student,博士研究生,外省市户籍,湖北,,,
P06164,韩一,男,23,18-24,无需要照顾的孩子,上班族,office_worker,销售代表,外省市户籍,四川,,,
P06165,孙可,女,43,40-44,有未成年孩子,上班族,office_worker,人力资源经理,上海户籍,上海,,,
P06166,刘涵梦,女,28,25-29,无需要照顾的孩子,上班族,office_worker,数据分析师,外省市户籍,江苏,,,
P06167,宋子晨,男,23,18-24,无需要照顾的孩子,大学生,university_student,博士研究生,外省市户籍,湖北,,,
P06168,杨志哲,男,39,35-39,无需要照顾的孩子,服务业者,service_worker,厨师,上海户籍,上海,,,
P06169,徐辰宁,女,47,45-49,有未成年孩子,服务业者,service_worker,客服,外省市户籍,江西,,,
P06170,王哲轩,男,45,45-49,有未成年孩子,上班族,office_worker,业务负责人,外省市户籍,河南,,,
P06171,罗若,女,46,45-49,有未成年孩子,上班族,office_worker,运营经理,外省市户籍,江苏,,,
P06172,高思星,男,29,25-29,无需要照顾的孩子,体力劳动者,manual_worker,仓库操作员,上海户籍,上海,,,
P06173,徐晴涵,女,40,40-44,有未成年孩子,体力劳动者,manual_worker,设备操作员,外省市户籍,安徽,,,
P06174,李明言,男,19,18-24,无需要照顾的孩子,服务业者,service_worker,酒店前台,外省市户籍,湖南,,,
P06175,徐浩心,男,32,30-34,有未成年孩子,上班族,office_worker,项目经理,上海户籍,上海,,,
P06176,胡欣思,女,29,25-29,无需要照顾的孩子,上班族,office_worker,高级软件工程师,上海户籍,上海,,,
P06177,李怡清,女,26,25-29,无需要照顾的孩子,上班族,office_worker,设计师,外省市户籍,湖北,,,
P06178,程安嘉,男,30,30-34,有未成年孩子,体力劳动者,manual_worker,设备操作员,外省市户籍,江苏,,,
P06179,李涵羽,女,36,35-39,有未成年孩子,自由业者,freelancer,咨询顾问,上海户籍,上海,,,
P06180,杨安,男,43,40-44,有未成年孩子,上班族,office_worker,业务负责人,外省市户籍,福建,,,
P06181,林远可,男,28,25-29,无需要照顾的孩子,服务业者,service_worker,厨师,上海户籍,上海,,,
P06182,张文子,男,44,40-44,无需要照顾的孩子,自由业者,freelancer,翻译,上海户籍,上海,,,
P06183,王婉静,女,42,40-44,有成年孩子,服务业者,service_worker,保安,外省市户籍,湖南,,,
P06184,周瑶雅,女,44,40-44,无需要照顾的孩子,上班族,office_worker,区域经理,上海户籍,上海,,,
P06185,马泽文,男,33,30-34,有未成年孩子,自由业者,freelancer,咨询顾问,外省市户籍,河南,,,
P06186,程源婉,女,29,25-29,无需要照顾的孩子,上班族,office_worker,财务主管,上海户籍,上海,,,
P06187,张知欣,女,36,35-39,有未成年孩子,体力劳动者,manual_worker,设备操作员,外省市户籍,江苏,,,
P06188,黄瑶嘉,女,38,35-39,有未成年孩子,上班族,office_worker,数据分析师,上海户籍,上海,,,
P06189,王嫣清,女,34,30-34,无需要照顾的孩子,服务业者,service_worker,厨师,上海户籍,上海,,,
P06190,曹婉涵,女,25,25-29,无需要照顾的孩子,上班族,office_worker,会计,外省市户籍,其他,,,
P06191,林怡,女,36,35-39,有未成年孩子,服务业者,service_worker,美容师,外省市户籍,陕西,,,
P06192,刘羽乐,男,24,18-24,无需要照顾的孩子,上班族,office_worker,销售代表,外省市户籍,江苏,,,
P06193,胡然清,男,30,30-34,有未成年孩子,上班族,office_worker,HR经理,上海户籍,上海,,,
P06194,李远静,女,27,25-29,无需要照顾的孩子,上班族,office_worker,采购经理,外省市户籍,江苏,,,
P06195,杨宁佳,女,38,35-39,有未成年孩子,服务业者,service_worker,理发师,外省市户籍,河南,,,
P06196,曹思语,女,34,30-34,无需要照顾的孩子,服务业者,service_worker,餐厅服务员,上海户籍,上海,,,
P06197,王远梦,女,34,30-34,无需要照顾的孩子,上班族,office_worker,财务专员,外省市户籍,江西,,,
P06198,陈子,女,19,18-24,无需要照顾的孩子,大学生,university_student,本科生,上海户籍,上海,,,
P06199,郑欣曦,女,30,30-34,无需要照顾的孩子,自由业者,freelancer,自媒体从业者,外省市户籍,江苏,,,
P06200,胡知,女,30,30-34,有未成年孩子,上班族,office_worker,数据分析师,上海户籍,上海,,,
P06201,陈博嘉,男,39,35-39,有未成年孩子,上班族,office_worker,客户经理,外省市户籍,其他,,,
P06202,陈瑶琪,女,28,25-29,有未成年孩子,上班族,office_worker,产品经理,上海户籍,上海,,,
P06203,李嘉远,男,30,30-34,无需要照顾的孩子,服务业者,service_worker,理发师,外省市户籍,四川,,,
P06204,朱诗,女,40,40-44,无需要照顾的孩子,体力劳动者,manual_worker,搬运工,上海户籍,上海,,,
P06205,张然思,男,18,18-24,无需要照顾的孩子,上班族,office_worker,采购专员,外省市户籍,江苏,,,
P06206,罗怡诗,女,22,18-24,无需要照顾的孩子,大学生,university_student,本科生,外省市户籍,安徽,,,
P06207,周星,男,38,35-39,有未成年孩子,自由业者,freelancer,自由设计师,外省市户籍,河南,,,
P06208,徐远晨,男,46,45-49,有未成年孩子,体力劳动者,manual_worker,焊工,上海户籍,上海,,,
P06209,赵涵雨,女,28,25-29,无需要照顾的孩子,大学生,university_student,博士研究生,外省市户籍,江苏,,,
P06210,赵羽辰,男,32,30-34,有未成年孩子,体力劳动者,manual_worker,安装工,上海户籍,上海,,,
P06211,朱子一,女,36,35-39,有未成年孩子,上班族,office_worker,高级运营专员,外省市户籍,浙江,,,
P06212,陈景乐,男,45,45-49,无需要照顾的孩子,服务业者,service_worker,客服,外省市户籍,河南,,,
P06213,王豪轩,男,22,18-24,无需要照顾的孩子,上班族,office_worker,会计,上海户籍,上海,,,
P06214,宋宁知,男,25,25-29,无需要照顾的孩子,上班族,office_worker,客户专员,上海户籍,上海,,,
P06215,刘俊杰,男,30,30-34,有未成年孩子,自由业者,freelancer,翻译,外省市户籍,河南,,,
P06216,赵可,女,21,18-24,无需要照顾的孩子,自由业者,freelancer,网店经营者,上海户籍,上海,,,
P06217,赵嘉,女,31,30-34,有未成年孩子,服务业者,service_worker,保安,上海户籍,上海,,,
P06218,韩星豪,男,49,45-49,有成年孩子,服务业者,service_worker,酒店服务人员,外省市户籍,四川,,,
P06219,李浩星,男,37,35-39,有未成年孩子,上班族,office_worker,运营专员,上海户籍,上海,,,
P06220,高诗涵,女,41,40-44,有未成年孩子,上班族,office_worker,财务主管,外省市户籍,河北,,,
P06221,刘可源,女,33,30-34,无需要照顾的孩子,体力劳动者,manual_worker,快递员,外省市户籍,江苏,,,
P06222,刘涵远,男,30,30-34,有未成年孩子,上班族,office_worker,数据分析师,上海户籍,上海,,,
P06223,马轩,男,30,30-34,无需要照顾的孩子,上班族,office_worker,销售经理,上海户籍,上海,,,
P06224,韩梦可,女,39,35-39,无需要照顾的孩子,上班族,office_worker,数据分析师,上海户籍,上海,,,
P06225,胡宇景,男,33,30-34,有未成年孩子,上班族,office_worker,采购专员,外省市户籍,安徽,,,
P06226,陈雅欣,女,40,40-44,无需要照顾的孩子,上班族,office_worker,采购经理,外省市户籍,江西,,,
P06227,李婉曦,女,31,30-34,无需要照顾的孩子,上班族,office_worker,客户专员,外省市户籍,浙江,,,
P06228,李瑶宁,女,46,45-49,有未成年孩子,体力劳动者,manual_worker,司机,上海户籍,上海,,,
P06229,于诺心,女,29,25-29,有未成年孩子,服务业者,service_worker,理发师,外省市户籍,江苏,,,
P06230,王文可,男,27,25-29,无需要照顾的孩子,大学生,university_student,博士研究生,外省市户籍,浙江,,,
P06231,陈嫣言,女,19,18-24,无需要照顾的孩子,上班族,office_worker,软件工程师,上海户籍,上海,,,
P06232,高涵涵,女,33,30-34,无需要照顾的孩子,上班族,office_worker,客户专员,外省市户籍,河南,,,
P06233,张一若,女,33,30-34,无需要照顾的孩子,体力劳动者,manual_worker,安装工,外省市户籍,江苏,,,
P06234,王婷梦,女,29,25-29,无需要照顾的孩子,体力劳动者,manual_worker,搬运工,上海户籍,上海,,,
P06235,杨哲轩,男,43,40-44,有成年孩子,上班族,office_worker,高级运营专员,外省市户籍,江西,,,
P06236,王豪乐,男,27,25-29,有未成年孩子,上班族,office_worker,销售经理,外省市户籍,山东,,,
P06237,李远,男,18,18-24,有未成年孩子,服务业者,service_worker,健身教练,外省市户籍,浙江,,,
P06238,罗晴婉,女,37,35-39,有未成年孩子,服务业者,service_worker,酒店前台,上海户籍,上海,,,
P06239,周安晴,女,29,25-29,无需要照顾的孩子,上班族,office_worker,采购专员,上海户籍,上海,,,
P06240,陈羽宇,男,43,40-44,有未成年孩子,体力劳动者,manual_worker,配送员,外省市户籍,浙江,,,
P06241,王子琪,女,27,25-29,无需要照顾的孩子,大学生,university_student,硕士研究生,外省市户籍,四川,,,
P06242,郑梦静,女,42,40-44,有未成年孩子,上班族,office_worker,人力资源经理,上海户籍,上海,,,
P06243,杨佑昊,男,41,40-44,有未成年孩子,上班族,office_worker,财务主管,外省市户籍,河北,,,
P06244,黄景轩,男,31,30-34,有未成年孩子,上班族,office_worker,产品经理,上海户籍,上海,,,
P06245,刘博,男,36,35-39,有未成年孩子,体力劳动者,manual_worker,仓库操作员,上海户籍,上海,,,
P06246,王诺晨,男,27,25-29,有未成年孩子,上班族,office_worker,软件工程师,上海户籍,上海,,,
P06247,马远,男,33,30-34,有未成年孩子,上班族,office_worker,HR经理,上海户籍,上海,,,
P06248,李羽涵,男,31,30-34,有未成年孩子,服务业者,service_worker,酒店前台,外省市户籍,四川,,,
P06249,李星阳,男,27,25-29,无需要照顾的孩子,上班族,office_worker,数据分析师,外省市户籍,江苏,,,
P06250,李晴晴,女,37,35-39,有未成年孩子,服务业者,service_worker,保安,外省市户籍,湖南,,,
P06251,胡知,女,41,40-44,有未成年孩子,服务业者,service_worker,酒店前台,外省市户籍,湖北,,,
P06252,刘豪,男,34,30-34,无需要照顾的孩子,上班族,office_worker,高级运营专员,外省市户籍,广东,,,
P06253,何俊星,男,36,35-39,有未成年孩子,上班族,office_worker,财务专员,上海户籍,上海,,,
P06254,周怡怡,女,38,35-39,有未成年孩子,体力劳动者,manual_worker,安装工,外省市户籍,其他,,,
P06255,张言,女,31,30-34,有未成年孩子,上班族,office_worker,产品经理,上海户籍,上海,,,
P06256,冯志源,男,34,30-34,无需要照顾的孩子,上班族,office_worker,行政专员,外省市户籍,安徽,,,
P06257,高辰思,女,32,30-34,无需要照顾的孩子,自由业者,freelancer,翻译,上海户籍,上海,,,
P06258,许晨,女,47,45-49,有未成年孩子,体力劳动者,manual_worker,维修技师,外省市户籍,江苏,,,
P06259,黄清一,男,37,35-39,有未成年孩子,体力劳动者,manual_worker,焊工,上海户籍,上海,,,
P06260,林晓,女,39,35-39,无需要照顾的孩子,上班族,office_worker,产品经理,外省市户籍,安徽,,,
P06261,李文,男,35,35-39,有未成年孩子,自由业者,freelancer,翻译,外省市户籍,河南,,,
P06262,冯远言,男,35,35-39,有未成年孩子,上班族,office_worker,客户经理,外省市户籍,浙江,,,
P06263,王可,女,23,18-24,无需要照顾的孩子,服务业者,service_worker,酒店服务人员,外省市户籍,湖北,,,
P06264,周辰嘉,男,49,45-49,有未成年孩子,上班族,office_worker,客户经理,上海户籍,上海,,,
P06265,王可,男,32,30-34,有未成年孩子,服务业者,service_worker,酒店服务人员,外省市户籍,浙江,,,
P06266,刘轩哲,男,26,25-29,无需要照顾的孩子,自由业者,freelancer,自由设计师,外省市户籍,湖北,,,
P06267,袁思言,女,29,25-29,有未成年孩子,上班族,office_worker,软件工程师,上海户籍,上海,,,
P06268,杨知,女,22,18-24,无需要照顾的孩子,大学生,university_student,硕士研究生,上海户籍,上海,,,
P06269,黄志远,男,38,35-39,有未成年孩子,上班族,office_worker,高级软件工程师,上海户籍,上海,,,
P06270,郭涵若,女,35,35-39,有未成年孩子,上班族,office_worker,数据分析师,上海户籍,上海,,,
P06271,李静思,女,25,25-29,无需要照顾的孩子,自由业者,freelancer,摄影师,上海户籍,上海,,,
P06272,张志言,男,32,30-34,有未成年孩子,上班族,office_worker,高级项目经理,外省市户籍,河北,,,
P06273,张婉晴,女,38,35-39,有未成年孩子,服务业者,service_worker,酒店前台,外省市户籍,安徽,,,
P06274,李宁静,女,28,25-29,无需要照顾的孩子,上班族,office_worker,产品经理,上海户籍,上海,,,
P06275,陈明子,男,47,45-49,有未成年孩子,服务业者,service_worker,房产经纪,上海户籍,上海,,,
P06276,黄晨杰,男,33,30-34,无需要照顾的孩子,服务业者,service_worker,理发师,上海户籍,上海,,,
P06277,李涵佳,女,45,45-49,有成年孩子,体力劳动者,manual_worker,维修技师,外省市户籍,浙江,,,
P06278,马远源,女,48,45-49,有成年孩子,上班族,office_worker,财务经理,外省市户籍,山东,,,
P06279,刘嘉晨,男,31,30-34,无需要照顾的孩子,上班族,office_worker,财务专员,上海户籍,上海,,,
P06280,许可源,女,27,25-29,无需要照顾的孩子,大学生,university_student,硕士研究生,上海户籍,上海,,,
P06281,赵佳雨,女,34,30-34,有未成年孩子,大学生,university_student,硕士研究生,上海户籍,上海,,,
P06282,杨豪,男,33,30-34,有成年孩子,服务业者,service_worker,客服,上海户籍,上海,,,
P06283,何远,男,31,30-34,有未成年孩子,自由业者,freelancer,独立程序员,外省市户籍,安徽,,,
P06284,陈梓然,男,29,25-29,无需要照顾的孩子,上班族,office_worker,数据分析师,外省市户籍,浙江,,,
P06285,李宁羽,女,37,35-39,有未成年孩子,服务业者,service_worker,厨师,外省市户籍,山东,,,
P06286,陈羽嫣,女,32,30-34,无需要照顾的孩子,上班族,office_worker,行政专员,上海户籍,上海,,,
P06287,陈彤佳,女,24,18-24,无需要照顾的孩子,大学生,university_student,硕士研究生,上海户籍,上海,,,
P06288,徐可诺,女,29,25-29,有未成年孩子,服务业者,service_worker,餐厅服务员,外省市户籍,山东,,,
P06289,赵佳乐,女,27,25-29,无需要照顾的孩子,服务业者,service_worker,房产经纪,外省市户籍,河南,,,
P06290,高心嘉,男,26,25-29,无需要照顾的孩子,上班族,office_worker,设计师,上海户籍,上海,,,
P06291,王言怡,女,42,40-44,无需要照顾的孩子,上班族,office_worker,高级项目经理,上海户籍,上海,,,
P06292,黄言心,女,39,35-39,有未成年孩子,自由业者,freelancer,翻译,外省市户籍,浙江,,,
P06293,徐明远,男,37,35-39,无需要照顾的孩子,体力劳动者,manual_worker,电工,上海户籍,上海,,,
P06294,孙涵梦,女,36,35-39,无需要照顾的孩子,服务业者,service_worker,美容师,外省市户籍,河北,,,
P06295,张安,男,33,30-34,无需要照顾的孩子,上班族,office_worker,采购专员,外省市户籍,江苏,,,
P06296,李宁一,男,21,18-24,无需要照顾的孩子,服务业者,service_worker,收银员,外省市户籍,安徽,,,
P06297,杨宇远,男,26,25-29,无需要照顾的孩子,上班族,office_worker,会计,外省市户籍,江苏,,,
P06298,宋知嘉,男,39,35-39,有未成年孩子,自由业者,freelancer,自由销售,外省市户籍,安徽,,,
P06299,王嘉晨,男,22,18-24,无需要照顾的孩子,大学生,university_student,本科生,外省市户籍,河北,,,
P06300,郭涵阳,男,31,30-34,有未成年孩子,上班族,office_worker,项目经理,外省市户籍,江苏,,,
P06301,王远乐,男,47,45-49,有成年孩子,自由业者,freelancer,独立程序员,上海户籍,上海,,,
P06302,李俊,男,38,35-39,无需要照顾的孩子,上班族,office_worker,软件工程师,外省市户籍,湖北,,,
P06303,李嘉明,男,26,25-29,无需要照顾的孩子,体力劳动者,manual_worker,安装工,外省市户籍,江苏,,,
P06304,李怡若,女,30,30-34,有未成年孩子,服务业者,service_worker,酒店服务人员,外省市户籍,浙江,,,
P06305,唐源乐,女,33,30-34,有未成年孩子,自由业者,freelancer,自由销售,外省市户籍,湖南,,,
P06306,王怡,女,27,25-29,无需要照顾的孩子,体力劳动者,manual_worker,快递员,上海户籍,上海,,,
P06307,李豪,男,36,35-39,有未成年孩子,服务业者,service_worker,房产经纪,外省市户籍,其他,,,
P06308,曹源心,女,20,18-24,无需要照顾的孩子,上班族,office_worker,采购专员,外省市户籍,江苏,,,
P06309,徐泽明,男,46,45-49,有成年孩子,上班族,office_worker,区域经理,外省市户籍,福建,,,
P06310,梁瑶婷,女,32,30-34,有未成年孩子,上班族,office_worker,采购专员,上海户籍,上海,,,
P06311,王诗,女,22,18-24,无需要照顾的孩子,上班族,office_worker,HR经理,外省市户籍,四川,,,
P06312,韩婷,女,46,45-49,有未成年孩子,自由业者,freelancer,摄影师,外省市户籍,安徽,,,
P06313,张子可,女,38,35-39,有成年孩子,体力劳动者,manual_worker,司机,外省市户籍,江苏,,,
P06314,孙清宁,女,47,45-49,无需要照顾的孩子,上班族,office_worker,销售经理,外省市户籍,江苏,,,
P06315,王嘉,男,33,30-34,有未成年孩子,上班族,office_worker,销售经理,外省市户籍,江西,,,
P06316,杨志昊,男,35,35-39,有未成年孩子,上班族,office_worker,财务主管,外省市户籍,安徽,,,
P06317,李晨,男,29,25-29,有未成年孩子,服务业者,service_worker,房产经纪,上海户籍,上海,,,
P06318,吴婉子,女,35,35-39,无需要照顾的孩子,上班族,office_worker,采购经理,上海户籍,上海,,,
P06319,张宁,男,22,18-24,无需要照顾的孩子,上班族,office_worker,会计,外省市户籍,安徽,,,
P06320,刘彤,女,37,35-39,有未成年孩子,上班族,office_worker,高级项目经理,外省市户籍,江西,,,
P06321,杨乐辰,男,40,40-44,有成年孩子,体力劳动者,manual_worker,维修技师,上海户籍,上海,,,
P06322,马文景,男,42,40-44,有未成年孩子,服务业者,service_worker,厨师,上海户籍,上海,,,
P06323,孙清清,男,25,25-29,有未成年孩子,上班族,office_worker,高级运营专员,外省市户籍,江苏,,,
P06324,李心,男,34,30-34,无需要照顾的孩子,服务业者,service_worker,客服,外省市户籍,河南,,,
P06325,王安可,男,27,25-29,有未成年孩子,自由业者,freelancer,独立程序员,上海户籍,上海,,,
P06326,陈宇杰,男,34,30-34,无需要照顾的孩子,上班族,office_worker,销售经理,外省市户籍,其他,,,
P06327,李源,女,35,35-39,有未成年孩子,自由业者,freelancer,私教,外省市户籍,安徽,,,
P06328,黄静言,女,42,40-44,有未成年孩子,上班族,office_worker,数据分析师,上海户籍,上海,,,
P06329,郭心星,男,39,35-39,有未成年孩子,服务业者,service_worker,店员,外省市户籍,其他,,,
P06330,王诺文,男,28,25-29,无需要照顾的孩子,上班族,office_worker,销售经理,上海户籍,上海,,,
P06331,周明子,男,32,30-34,无需要照顾的孩子,大学生,university_student,博士研究生,上海户籍,上海,,,
P06332,赵诺星,女,35,35-39,无需要照顾的孩子,上班族,office_worker,高级软件工程师,上海户籍,上海,,,
P06333,王楷杰,男,24,18-24,无需要照顾的孩子,大学生,university_student,硕士研究生,上海户籍,上海,,,
P06334,陈源晨,女,32,30-34,无需要照顾的孩子,自由业者,freelancer,翻译,外省市户籍,江苏,,,
P06335,黄哲言,男,48,45-49,无需要照顾的孩子,体力劳动者,manual_worker,电工,外省市户籍,福建,,,
P06336,李宇诚,男,24,18-24,无需要照顾的孩子,大学生,university_student,硕士研究生,外省市户籍,福建,,,
P06337,刘辰嘉,男,30,30-34,有未成年孩子,服务业者,service_worker,客服,外省市户籍,湖北,,,
P06338,宋婷涵,女,41,40-44,有未成年孩子,体力劳动者,manual_worker,焊工,外省市户籍,安徽,,,
P06339,徐心怡,女,45,45-49,无需要照顾的孩子,自由业者,freelancer,自媒体从业者,外省市户籍,湖北,,,
P06340,陈言景,男,32,30-34,有未成年孩子,上班族,office_worker,区域经理,外省市户籍,陕西,,,
P06341,何远心,男,26,25-29,无需要照顾的孩子,上班族,office_worker,销售代表,上海户籍,上海,,,
P06342,王子然,男,24,18-24,无需要照顾的孩子,大学生,university_student,硕士研究生,外省市户籍,安徽,,,
P06343,高星景,男,42,40-44,有未成年孩子,体力劳动者,manual_worker,配送员,上海户籍,上海,,,
P06344,李嘉辰,男,34,30-34,无需要照顾的孩子,体力劳动者,manual_worker,仓库操作员,外省市户籍,江苏,,,
P06345,高心羽,男,29,25-29,无需要照顾的孩子,体力劳动者,manual_worker,焊工,外省市户籍,浙江,,,
P06346,冯天,男,21,18-24,无需要照顾的孩子,大学生,university_student,博士研究生,上海户籍,上海,,,
P06347,于晴辰,女,26,25-29,无需要照顾的孩子,上班族,office_worker,数据分析师,上海户籍,上海,,,
P06348,高诺志,男,18,18-24,无需要照顾的孩子,大学生,university_student,本科生,外省市户籍,河南,,,
P06349,王志文,男,45,45-49,无需要照顾的孩子,服务业者,service_worker,厨师,上海户籍,上海,,,
P06350,李彤辰,女,39,35-39,有未成年孩子,上班族,office_worker,财务专员,外省市户籍,福建,,,
P06351,刘泽,男,26,25-29,有未成年孩子,上班族,office_worker,客户经理,外省市户籍,陕西,,,
P06352,张晓宁,女,22,18-24,无需要照顾的孩子,服务业者,service_worker,美容师,上海户籍,上海,,,
P06353,周涵可,女,39,35-39,无需要照顾的孩子,上班族,office_worker,高级软件工程师,上海户籍,上海,,,
P06354,李诺一,女,28,25-29,有未成年孩子,自由业者,freelancer,私教,上海户籍,上海,,,
P06355,李桐晴,女,48,45-49,有未成年孩子,上班族,office_worker,业务负责人,上海户籍,上海,,,
P06356,李曦,女,43,40-44,有未成年孩子,上班族,office_worker,运营经理,上海户籍,上海,,,
P06357,袁景,男,27,25-29,无需要照顾的孩子,服务业者,service_worker,保安,外省市户籍,湖南,,,
P06358,曹诺哲,男,48,45-49,有未成年孩子,上班族,office_worker,区域经理,上海户籍,上海,,,
P06359,梁豪言,男,22,18-24,无需要照顾的孩子,大学生,university_student,本科生,上海户籍,上海,,,
P06360,宋诺瑶,女,47,45-49,有未成年孩子,上班族,office_worker,业务负责人,外省市户籍,江苏,,,
P06361,李晴,女,36,35-39,有未成年孩子,上班族,office_worker,采购专员,外省市户籍,安徽,,,
P06362,赵涵,男,39,35-39,无需要照顾的孩子,体力劳动者,manual_worker,配送员,外省市户籍,其他,,,
P06363,宋思涵,女,32,30-34,有未成年孩子,服务业者,service_worker,房产经纪,外省市户籍,福建,,,
P06364,张豪辰,男,42,40-44,有未成年孩子,自由业者,freelancer,自由设计师,上海户籍,上海,,,
P06365,陈涵博,男,26,25-29,无需要照顾的孩子,自由业者,freelancer,自媒体从业者,外省市户籍,四川,,,
P06366,胡轩,男,49,45-49,有未成年孩子,服务业者,service_worker,健身教练,上海户籍,上海,,,
P06367,郑可诚,男,37,35-39,无需要照顾的孩子,自由业者,freelancer,自由设计师,外省市户籍,福建,,,
P06368,郭一嘉,男,26,25-29,有未成年孩子,上班族,office_worker,会计,外省市户籍,湖南,,,
P06369,林宁思,女,38,35-39,无需要照顾的孩子,上班族,office_worker,客户专员,上海户籍,上海,,,
P06370,胡彤一,女,28,25-29,无需要照顾的孩子,上班族,office_worker,HR经理,外省市户籍,江苏,,,
P06371,韩嫣宁,女,35,35-39,有未成年孩子,上班族,office_worker,行政专员,外省市户籍,安徽,,,
P06372,李晓源,女,20,18-24,有未成年孩子,大学生,university_student,本科生,上海户籍,上海,,,
P06373,王明晨,男,33,30-34,无需要照顾的孩子,上班族,office_worker,设计师,上海户籍,上海,,,
P06374,张嘉诗,女,26,25-29,无需要照顾的孩子,上班族,office_worker,会计,外省市户籍,江西,,,
P06375,吴梓浩,男,30,30-34,无需要照顾的孩子,上班族,office_worker,客户专员,上海户籍,上海,,,
P06376,刘志睿,男,30,30-34,无需要照顾的孩子,服务业者,service_worker,健身教练,外省市户籍,福建,,,
P06377,黄清知,女,36,35-39,无需要照顾的孩子,服务业者,service_worker,店员,外省市户籍,山东,,,
P06378,郭瑶涵,女,38,35-39,有未成年孩子,上班族,office_worker,软件工程师,上海户籍,上海,,,
P06379,何语嫣,女,25,25-29,无需要照顾的孩子,体力劳动者,manual_worker,快递员,外省市户籍,河北,,,
P06380,杨嘉晨,男,23,18-24,无需要照顾的孩子,自由业者,freelancer,网店经营者,上海户籍,上海,,,
P06381,林怡雅,女,28,25-29,无需要照顾的孩子,上班族,office_worker,财务专员,外省市户籍,江西,,,
P06382,郭文景,男,20,18-24,无需要照顾的孩子,大学生,university_student,本科生,外省市户籍,安徽,,,
P06383,周宇,男,27,25-29,无需要照顾的孩子,服务业者,service_worker,美容师,外省市户籍,其他,,,
P06384,黄瑶,女,44,40-44,无需要照顾的孩子,上班族,office_worker,客户经理,外省市户籍,浙江,,,
P06385,陈嘉昊,男,27,25-29,无需要照顾的孩子,上班族,office_worker,财务专员,上海户籍,上海,,,
P06386,孙文嘉,男,32,30-34,无需要照顾的孩子,体力劳动者,manual_worker,快递员,上海户籍,上海,,,
P06387,孙羽哲,男,34,30-34,无需要照顾的孩子,上班族,office_worker,数据分析师,外省市户籍,浙江,,,
P06388,马知宁,女,35,35-39,无需要照顾的孩子,上班族,office_worker,客户经理,外省市户籍,山东,,,
P06389,张静源,女,26,25-29,无需要照顾的孩子,上班族,office_worker,数据分析师,上海户籍,上海,,,
P06390,张子思,女,27,25-29,有未成年孩子,自由业者,freelancer,独立程序员,上海户籍,上海,,,
P06391,刘宇哲,男,40,40-44,有未成年孩子,自由业者,freelancer,独立程序员,上海户籍,上海,,,
P06392,谢若雨,女,28,25-29,有未成年孩子,上班族,office_worker,设计师,外省市户籍,江苏,,,
P06393,林晓乐,女,20,18-24,无需要照顾的孩子,大学生,university_student,本科生,外省市户籍,福建,,,
P06394,吴乐星,女,32,30-34,无需要照顾的孩子,上班族,office_worker,运营专员,外省市户籍,广东,,,
P06395,王然晨,男,27,25-29,有未成年孩子,上班族,office_worker,会计,外省市户籍,四川,,,
P06396,于辰泽,男,21,18-24,无需要照顾的孩子,上班族,office_worker,销售代表,外省市户籍,安徽,,,
P06397,徐瑶,女,30,30-34,无需要照顾的孩子,服务业者,service_worker,酒店服务人员,外省市户籍,四川,,,
P06398,马嘉嘉,男,37,35-39,有未成年孩子,体力劳动者,manual_worker,仓库操作员,上海户籍,上海,,,
P06399,王文,男,48,45-49,有成年孩子,上班族,office_worker,数据分析师,上海户籍,上海,,,
P06400,韩清,女,27,25-29,无需要照顾的孩子,上班族,office_worker,会计,外省市户籍,江苏,,,
P06401,王子哲,男,26,25-29,无需要照顾的孩子,上班族,office_worker,运营专员,上海户籍,上海,,,
P06402,朱嘉乐,男,22,18-24,无需要照顾的孩子,上班族,office_worker,会计,外省市户籍,江苏,,,
P06403,李佑景,男,27,25-29,有未成年孩子,自由业者,freelancer,私教,外省市户籍,江苏,,,
P06404,李晨宁,女,38,35-39,有未成年孩子,上班族,office_worker,行政专员,外省市户籍,其他,,,
P06405,唐雅雅,女,22,18-24,无需要照顾的孩子,大学生,university_student,本科生,外省市户籍,湖南,,,
P06406,王心清,男,31,30-34,有未成年孩子,上班族,office_worker,软件工程师,上海户籍,上海,,,
P06407,黄嘉嫣,女,32,30-34,有未成年孩子,上班族,office_worker,设计师,外省市户籍,四川,,,
P06408,杨晓梦,女,43,40-44,有未成年孩子,服务业者,service_worker,客服,上海户籍,上海,,,
P06409,李瑶婷,女,22,18-24,无需要照顾的孩子,服务业者,service_worker,健身教练,上海户籍,上海,,,
P06410,赵宁,女,31,30-34,无需要照顾的孩子,上班族,office_worker,高级软件工程师,外省市户籍,湖南,,,
P06411,谢诗雨,女,42,40-44,无需要照顾的孩子,服务业者,service_worker,酒店前台,上海户籍,上海,,,
P06412,赵源,女,21,18-24,无需要照顾的孩子,自由业者,freelancer,独立程序员,上海户籍,上海,,,
P06413,周天文,男,31,30-34,有未成年孩子,上班族,office_worker,销售经理,上海户籍,上海,,,
P06414,赵轩羽,男,21,18-24,无需要照顾的孩子,自由业者,freelancer,独立程序员,上海户籍,上海,,,
P06415,黄博志,男,19,18-24,无需要照顾的孩子,体力劳动者,manual_worker,维修技师,外省市户籍,安徽,,,
P06416,陈一知,女,35,35-39,无需要照顾的孩子,上班族,office_worker,销售代表,外省市户籍,湖南,,,
P06417,杨婷思,女,44,40-44,有未成年孩子,服务业者,service_worker,理发师,外省市户籍,安徽,,,
P06418,吴思可,男,36,35-39,有未成年孩子,体力劳动者,manual_worker,快递员,上海户籍,上海,,,
P06419,杨涵,女,33,30-34,有成年孩子,上班族,office_worker,设计师,外省市户籍,江苏,,,
P06420,李宇明,男,41,40-44,无需要照顾的孩子,服务业者,service_worker,酒店服务人员,外省市户籍,安徽,,,
P06421,刘言远,男,33,30-34,有未成年孩子,上班族,office_worker,数据分析师,上海户籍,上海,,,
P06422,周清梦,女,38,35-39,有未成年孩子,服务业者,service_worker,理发师,上海户籍,上海,,,
P06423,王宁,女,24,18-24,无需要照顾的孩子,自由业者,freelancer,私教,上海户籍,上海,,,
P06424,罗星可,女,43,40-44,有未成年孩子,上班族,office_worker,高级软件工程师,上海户籍,上海,,,
P06425,袁源诗,女,37,35-39,有未成年孩子,上班族,office_worker,采购经理,上海户籍,上海,,,
P06426,李嘉知,女,46,45-49,有成年孩子,上班族,office_worker,销售经理,外省市户籍,河北,,,
P06427,吴言嘉,男,24,18-24,无需要照顾的孩子,大学生,university_student,硕士研究生,外省市户籍,河北,,,
P06428,赵佳欣,女,27,25-29,有未成年孩子,上班族,office_worker,行政专员,外省市户籍,湖北,,,
P06429,周源心,男,48,45-49,有未成年孩子,服务业者,service_worker,收银员,上海户籍,上海,,,
P06430,王宇梓,男,23,18-24,无需要照顾的孩子,体力劳动者,manual_worker,配送员,外省市户籍,江苏,,,
P06431,刘晨嘉,男,43,40-44,有未成年孩子,上班族,office_worker,运营经理,上海户籍,上海,,,
P06432,周晨远,男,29,25-29,无需要照顾的孩子,大学生,university_student,博士研究生,外省市户籍,山东,,,
P06433,许一远,男,25,25-29,无需要照顾的孩子,体力劳动者,manual_worker,快递员,上海户籍,上海,,,
P06434,陈涵然,男,30,30-34,无需要照顾的孩子,上班族,office_worker,运营专员,上海户籍,上海,,,
P06435,林浩宁,男,45,45-49,有未成年孩子,体力劳动者,manual_worker,焊工,上海户籍,上海,,,
P06436,胡天,男,23,18-24,无需要照顾的孩子,大学生,university_student,硕士研究生,上海户籍,上海,,,
P06437,刘晴梦,女,30,30-34,无需要照顾的孩子,上班族,office_worker,采购经理,外省市户籍,江西,,,
P06438,赵佳可,女,46,45-49,有未成年孩子,上班族,office_worker,客户经理,外省市户籍,江苏,,,
P06439,黄安,女,40,40-44,有成年孩子,上班族,office_worker,运营经理,上海户籍,上海,,,
P06440,何清阳,男,45,45-49,有未成年孩子,体力劳动者,manual_worker,焊工,上海户籍,上海,,,
P06441,赵佳宁,女,41,40-44,无需要照顾的孩子,上班族,office_worker,数据分析师,外省市户籍,安徽,,,
P06442,李静嘉,女,37,35-39,有未成年孩子,自由业者,freelancer,独立程序员,上海户籍,上海,,,
P06443,吴嘉,男,34,30-34,无需要照顾的孩子,服务业者,service_worker,健身教练,外省市户籍,河北,,,
P06444,赵宇子,男,35,35-39,有未成年孩子,上班族,office_worker,采购经理,外省市户籍,安徽,,,
P06445,王琪晨,女,38,35-39,有未成年孩子,上班族,office_worker,行政专员,上海户籍,上海,,,
P06446,宋婉,女,41,40-44,有未成年孩子,自由业者,freelancer,翻译,上海户籍,上海,,,
P06447,赵可泽,男,38,35-39,有未成年孩子,上班族,office_worker,财务主管,上海户籍,上海,,,
P06448,杨诺诺,男,38,35-39,有未成年孩子,上班族,office_worker,采购专员,外省市户籍,河北,,,
P06449,朱彤晨,女,36,35-39,无需要照顾的孩子,自由业者,freelancer,自由销售,外省市户籍,浙江,,,
P06450,唐晨阳,男,35,35-39,有未成年孩子,上班族,office_worker,采购经理,外省市户籍,浙江,,,
P06451,冯博言,男,32,30-34,无需要照顾的孩子,上班族,office_worker,数据分析师,外省市户籍,湖北,,,
P06452,陈诚浩,男,49,45-49,有成年孩子,体力劳动者,manual_worker,快递员,外省市户籍,江苏,,,
P06453,罗梓,男,31,30-34,有未成年孩子,上班族,office_worker,行政专员,外省市户籍,湖南,,,
P06454,王知源,男,26,25-29,无需要照顾的孩子,上班族,office_worker,采购专员,上海户籍,上海,,,
P06455,周婷怡,女,30,30-34,有未成年孩子,上班族,office_worker,运营专员,外省市户籍,浙江,,,
P06456,谢源,女,30,30-34,有未成年孩子,大学生,university_student,博士研究生,上海户籍,上海,,,
P06457,赵明羽,男,30,30-34,有未成年孩子,上班族,office_worker,软件工程师,上海户籍,上海,,,
P06458,赵若,女,28,25-29,有未成年孩子,上班族,office_worker,项目经理,外省市户籍,四川,,,
P06459,唐梓清,男,33,30-34,有未成年孩子,自由业者,freelancer,摄影师,外省市户籍,湖南,,,
P06460,吴博羽,男,32,30-34,有未成年孩子,体力劳动者,manual_worker,配送员,外省市户籍,安徽,,,
P06461,王乐瑶,女,43,40-44,无需要照顾的孩子,上班族,office_worker,财务经理,外省市户籍,浙江,,,
P06462,李欣清,女,46,45-49,有成年孩子,体力劳动者,manual_worker,搬运工,外省市户籍,江苏,,,
P06463,陈可语,女,40,40-44,有未成年孩子,上班族,office_worker,人力资源经理,上海户籍,上海,,,
P06464,徐源清,女,44,40-44,无需要照顾的孩子,上班族,office_worker,运营经理,上海户籍,上海,,,
P06465,赵言羽,男,35,35-39,有未成年孩子,体力劳动者,manual_worker,焊工,外省市户籍,安徽,,,
P06466,杨哲,男,27,25-29,无需要照顾的孩子,上班族,office_worker,行政专员,上海户籍,上海,,,
P06467,王景宇,男,28,25-29,无需要照顾的孩子,上班族,office_worker,数据分析师,上海户籍,上海,,,
P06468,张晨,女,36,35-39,有未成年孩子,服务业者,service_worker,客服,上海户籍,上海,,,
P06469,王轩乐,男,42,40-44,有未成年孩子,上班族,office_worker,技术经理,上海户籍,上海,,,
P06470,王涵,女,35,35-39,有未成年孩子,自由业者,freelancer,独立程序员,外省市户籍,江苏,,,
P06471,张然昊,男,34,30-34,有未成年孩子,体力劳动者,manual_worker,搬运工,外省市户籍,四川,,,
P06472,王文,男,37,35-39,有未成年孩子,上班族,office_worker,会计,外省市户籍,山东,,,
P06473,胡瑶瑶,女,19,18-24,有未成年孩子,大学生,university_student,本科生,上海户籍,上海,,,
P06474,宋欣婉,女,26,25-29,无需要照顾的孩子,服务业者,service_worker,酒店服务人员,外省市户籍,湖南,,,
P06475,梁静子,女,44,40-44,无需要照顾的孩子,体力劳动者,manual_worker,电工,上海户籍,上海,,,
P06476,何远博,男,23,18-24,无需要照顾的孩子,服务业者,service_worker,客服,上海户籍,上海,,,
P06477,高俊杰,男,29,25-29,无需要照顾的孩子,大学生,university_student,硕士研究生,上海户籍,上海,,,
P06478,黄可涵,女,36,35-39,无需要照顾的孩子,服务业者,service_worker,美容师,外省市户籍,浙江,,,
P06479,李涵,女,48,45-49,有成年孩子,上班族,office_worker,客户经理,上海户籍,上海,,,
P06480,杨羽思,女,31,30-34,有未成年孩子,体力劳动者,manual_worker,快递员,外省市户籍,四川,,,
P06481,刘宁,女,38,35-39,有成年孩子,上班族,office_worker,设计师,外省市户籍,江苏,,,
P06482,何可,女,30,30-34,无需要照顾的孩子,上班族,office_worker,HR经理,上海户籍,上海,,,
P06483,梁昊清,男,18,18-24,无需要照顾的孩子,服务业者,service_worker,酒店前台,外省市户籍,江西,,,
P06484,吴若曦,女,20,18-24,无需要照顾的孩子,上班族,office_worker,采购专员,上海户籍,上海,,,
P06485,胡涵,女,41,40-44,有未成年孩子,上班族,office_worker,运营专员,外省市户籍,其他,,,
P06486,孙雨思,女,43,40-44,有未成年孩子,上班族,office_worker,财务经理,外省市户籍,湖南,,,
P06487,王晨晨,女,26,25-29,无需要照顾的孩子,服务业者,service_worker,理发师,外省市户籍,湖南,,,
P06488,徐宇哲,男,23,18-24,无需要照顾的孩子,大学生,university_student,硕士研究生,外省市户籍,河南,,,
P06489,周泽阳,男,49,45-49,无需要照顾的孩子,体力劳动者,manual_worker,建筑工人,外省市户籍,河南,,,
P06490,吴博明,男,40,40-44,有未成年孩子,上班族,office_worker,项目经理,外省市户籍,河南,,,
P06491,胡浩然,男,29,25-29,无需要照顾的孩子,自由业者,freelancer,自由销售,外省市户籍,江苏,,,
P06492,胡哲,男,47,45-49,有成年孩子,服务业者,service_worker,理发师,外省市户籍,安徽,,,
P06493,刘佳,女,37,35-39,有未成年孩子,上班族,office_worker,HR经理,外省市户籍,江苏,,,
P06494,张曦梦,女,31,30-34,有未成年孩子,自由业者,freelancer,自由设计师,外省市户籍,河南,,,
P06495,刘乐晓,女,45,45-49,有未成年孩子,上班族,office_worker,运营经理,外省市户籍,其他,,,
P06496,高瑶可,女,33,30-34,无需要照顾的孩子,上班族,office_worker,设计师,外省市户籍,安徽,,,
P06497,马可,女,31,30-34,有未成年孩子,服务业者,service_worker,酒店前台,外省市户籍,江苏,,,
P06498,韩睿嘉,男,45,45-49,有未成年孩子,服务业者,service_worker,酒店服务人员,外省市户籍,山东,,,
P06499,宋宁,女,22,18-24,无需要照顾的孩子,大学生,university_student,硕士研究生,外省市户籍,山东,,,
P06500,朱轩,男,29,25-29,无需要照顾的孩子,体力劳动者,manual_worker,快递员,外省市户籍,安徽,,,
P06501,张轩诺,男,25,25-29,有未成年孩子,大学生,university_student,博士研究生,外省市户籍,河南,,,
P06502,刘思,女,28,25-29,有未成年孩子,上班族,office_worker,采购经理,外省市户籍,湖北,,,
P06503,王文,男,29,25-29,无需要照顾的孩子,上班族,office_worker,会计,外省市户籍,福建,,,
P06504,朱睿,男,32,30-34,有未成年孩子,上班族,office_worker,客户经理,上海户籍,上海,,,
P06505,张然轩,男,28,25-29,无需要照顾的孩子,服务业者,service_worker,收银员,上海户籍,上海,,,
P06506,孙欣静,女,30,30-34,有未成年孩子,上班族,office_worker,客户经理,上海户籍,上海,,,
P06507,陈涵,女,43,40-44,有未成年孩子,上班族,office_worker,项目经理,外省市户籍,安徽,,,
P06508,宋宁文,男,27,25-29,无需要照顾的孩子,上班族,office_worker,软件工程师,上海户籍,上海,,,
P06509,梁心思,男,29,25-29,无需要照顾的孩子,自由业者,freelancer,私教,外省市户籍,安徽,,,
P06510,刘梓,男,42,40-44,无需要照顾的孩子,服务业者,service_worker,收银员,外省市户籍,福建,,,
P06511,于雅彤,女,32,30-34,无需要照顾的孩子,上班族,office_worker,运营专员,外省市户籍,安徽,,,
P06512,黄嫣梦,女,39,35-39,无需要照顾的孩子,上班族,office_worker,运营经理,上海户籍,上海,,,
P06513,李俊轩,男,32,30-34,无需要照顾的孩子,服务业者,service_worker,酒店前台,外省市户籍,河北,,,
P06514,曹子琪,女,25,25-29,无需要照顾的孩子,上班族,office_worker,会计,外省市户籍,安徽,,,
P06515,徐轩,男,37,35-39,有未成年孩子,上班族,office_worker,客户经理,外省市户籍,山东,,,
P06516,周志,男,32,30-34,无需要照顾的孩子,服务业者,service_worker,客服,外省市户籍,浙江,,,
P06517,王嫣乐,女,30,30-34,无需要照顾的孩子,上班族,office_worker,财务主管,外省市户籍,湖北,,,
P06518,罗星安,男,21,18-24,无需要照顾的孩子,大学生,university_student,本科生,外省市户籍,江苏,,,
P06519,王羽佳,女,44,40-44,有成年孩子,体力劳动者,manual_worker,仓库操作员,上海户籍,上海,,,
P06520,罗睿梓,男,19,18-24,无需要照顾的孩子,上班族,office_worker,数据分析师,上海户籍,上海,,,
P06521,周思,男,27,25-29,无需要照顾的孩子,上班族,office_worker,会计,上海户籍,上海,,,
P06522,李曦,女,37,35-39,有未成年孩子,体力劳动者,manual_worker,仓库操作员,上海户籍,上海,,,
P06523,杨豪晨,男,39,35-39,有未成年孩子,服务业者,service_worker,健身教练,外省市户籍,安徽,,,
P06524,周远清,男,34,30-34,无需要照顾的孩子,服务业者,service_worker,房产经纪,外省市户籍,江苏,,,
P06525,马羽子,男,42,40-44,有未成年孩子,自由业者,freelancer,摄影师,外省市户籍,江西,,,
P06526,王嘉安,男,37,35-39,无需要照顾的孩子,上班族,office_worker,高级软件工程师,上海户籍,上海,,,
P06527,高子欣,女,34,30-34,有未成年孩子,服务业者,service_worker,保安,外省市户籍,湖北,,,
P06528,黄豪一,男,33,30-34,无需要照顾的孩子,体力劳动者,manual_worker,司机,上海户籍,上海,,,
P06529,袁思,女,48,45-49,无需要照顾的孩子,上班族,office_worker,销售经理,外省市户籍,河南,,,
P06530,宋然晨,男,22,18-24,无需要照顾的孩子,上班族,office_worker,数据分析师,外省市户籍,江苏,,,
P06531,王涵知,女,43,40-44,有未成年孩子,体力劳动者,manual_worker,设备操作员,外省市户籍,安徽,,,
P06532,郑清天,男,30,30-34,无需要照顾的孩子,服务业者,service_worker,房产经纪,上海户籍,上海,,,
P06533,何婉,女,25,25-29,无需要照顾的孩子,服务业者,service_worker,收银员,外省市户籍,安徽,,,
P06534,徐辰涵,女,43,40-44,有未成年孩子,服务业者,service_worker,厨师,上海户籍,上海,,,
P06535,王羽心,男,31,30-34,无需要照顾的孩子,服务业者,service_worker,酒店服务人员,上海户籍,上海,,,
P06536,陈羽安,男,29,25-29,有未成年孩子,上班族,office_worker,行政专员,上海户籍,上海,,,
P06537,罗诚,男,38,35-39,有未成年孩子,服务业者,service_worker,酒店前台,外省市户籍,安徽,,,
P06538,王明安,男,33,30-34,无需要照顾的孩子,服务业者,service_worker,健身教练,外省市户籍,湖北,,,
P06539,韩诚,男,35,35-39,无需要照顾的孩子,上班族,office_worker,财务专员,外省市户籍,河南,,,
P06540,李婷婷,女,49,45-49,有成年孩子,自由业者,freelancer,翻译,上海户籍,上海,,,
P06541,陈嘉宇,男,32,30-34,有未成年孩子,上班族,office_worker,采购专员,外省市户籍,河南,,,
P06542,袁羽安,女,41,40-44,有未成年孩子,上班族,office_worker,行政专员,外省市户籍,江苏,,,
P06543,陈晴雨,女,22,18-24,无需要照顾的孩子,服务业者,service_worker,酒店服务人员,外省市户籍,山东,,,
P06544,张欣子,女,43,40-44,有未成年孩子,自由业者,freelancer,自由设计师,外省市户籍,江苏,,,
P06545,李婷涵,女,39,35-39,有未成年孩子,上班族,office_worker,客户经理,上海户籍,上海,,,
P06546,郭宇清,男,25,25-29,无需要照顾的孩子,上班族,office_worker,采购专员,外省市户籍,江苏,,,
P06547,于清诗,女,31,30-34,有未成年孩子,大学生,university_student,博士研究生,上海户籍,上海,,,
P06548,刘晴,女,44,40-44,无需要照顾的孩子,服务业者,service_worker,酒店前台,外省市户籍,安徽,,,
P06549,唐星,男,29,25-29,有未成年孩子,自由业者,freelancer,自由设计师,上海户籍,上海,,,
P06550,胡婉,女,37,35-39,有未成年孩子,上班族,office_worker,采购经理,外省市户籍,江苏,,,
P06551,徐天诚,男,39,35-39,无需要照顾的孩子,上班族,office_worker,行政专员,外省市户籍,湖南,,,
P06552,张佳言,女,47,45-49,有未成年孩子,服务业者,service_worker,收银员,外省市户籍,四川,,,
P06553,张一,女,41,40-44,有未成年孩子,上班族,office_worker,人力资源经理,上海户籍,上海,,,
P06554,赵源然,男,39,35-39,有未成年孩子,体力劳动者,manual_worker,维修技师,上海户籍,上海,,,
P06555,胡阳昊,男,32,30-34,有未成年孩子,上班族,office_worker,数据分析师,外省市户籍,浙江,,,
P06556,孙哲佑,男,22,18-24,有未成年孩子,服务业者,service_worker,健身教练,上海户籍,上海,,,
P06557,周思梓,男,36,35-39,有未成年孩子,上班族,office_worker,高级软件工程师,外省市户籍,河北,,,
P06558,王辰一,男,44,40-44,有成年孩子,服务业者,service_worker,美容师,上海户籍,上海,,,
P06559,许乐婷,女,18,18-24,无需要照顾的孩子,上班族,office_worker,客户专员,外省市户籍,江苏,,,
P06560,罗梦涵,女,44,40-44,无需要照顾的孩子,体力劳动者,manual_worker,设备操作员,上海户籍,上海,,,
P06561,杨欣诺,女,26,25-29,无需要照顾的孩子,上班族,office_worker,行政专员,外省市户籍,安徽,,,
P06562,张安涵,男,45,45-49,有未成年孩子,服务业者,service_worker,餐厅服务员,外省市户籍,江苏,,,
P06563,罗婉梦,女,36,35-39,有未成年孩子,上班族,office_worker,运营经理,外省市户籍,河南,,,
P06564,刘怡可,女,30,30-34,有未成年孩子,上班族,office_worker,销售经理,上海户籍,上海,,,
P06565,吴诗琪,女,39,35-39,无需要照顾的孩子,自由业者,freelancer,自由设计师,上海户籍,上海,,,
P06566,胡楷,男,41,40-44,无需要照顾的孩子,体力劳动者,manual_worker,司机,上海户籍,上海,,,
P06567,刘源志,男,48,45-49,有成年孩子,体力劳动者,manual_worker,维修技师,外省市户籍,安徽,,,
P06568,刘乐雅,女,37,35-39,有未成年孩子,上班族,office_worker,数据分析师,外省市户籍,陕西,,,
P06569,刘涵嘉,女,34,30-34,有未成年孩子,上班族,office_worker,高级运营专员,上海户籍,上海,,,
P06570,胡清晨,男,19,18-24,无需要照顾的孩子,服务业者,service_worker,酒店前台,外省市户籍,湖南,,,
P06571,郑乐宁,女,21,18-24,无需要照顾的孩子,服务业者,service_worker,餐厅服务员,外省市户籍,河南,,,
P06572,李瑶宁,女,36,35-39,无需要照顾的孩子,上班族,office_worker,人力资源经理,上海户籍,上海,,,
P06573,徐雨,女,34,30-34,有未成年孩子,上班族,office_worker,业务负责人,上海户籍,上海,,,
P06574,刘涵景,男,32,30-34,有未成年孩子,大学生,university_student,博士研究生,外省市户籍,江苏,,,
P06575,吴婷思,女,26,25-29,有未成年孩子,自由业者,freelancer,咨询顾问,外省市户籍,四川,,,
P06576,郭欣辰,女,24,18-24,无需要照顾的孩子,上班族,office_worker,采购专员,上海户籍,上海,,,
P06577,郑嘉子,男,24,18-24,无需要照顾的孩子,上班族,office_worker,项目经理,外省市户籍,浙江,,,
P06578,谢涵诗,女,34,30-34,有未成年孩子,上班族,office_worker,HR经理,外省市户籍,河北,,,
P06579,张可子,女,29,25-29,有未成年孩子,上班族,office_worker,行政专员,上海户籍,上海,,,
P06580,王佳,女,27,25-29,无需要照顾的孩子,上班族,office_worker,高级软件工程师,上海户籍,上海,,,
P06581,黄杰羽,男,31,30-34,无需要照顾的孩子,服务业者,service_worker,餐厅服务员,上海户籍,上海,,,
P06582,王可怡,女,47,45-49,无需要照顾的孩子,服务业者,service_worker,收银员,外省市户籍,湖北,,,
P06583,杨杰哲,男,31,30-34,无需要照顾的孩子,上班族,office_worker,数据分析师,外省市户籍,河南,,,
P06584,胡知,女,26,25-29,无需要照顾的孩子,上班族,office_worker,财务经理,外省市户籍,江苏,,,
P06585,朱晓知,女,42,40-44,有未成年孩子,上班族,office_worker,会计,外省市户籍,江苏,,,
P06586,周豪诺,男,30,30-34,有未成年孩子,上班族,office_worker,采购专员,上海户籍,上海,,,
P06587,郑诺涵,女,31,30-34,有未成年孩子,上班族,office_worker,软件工程师,外省市户籍,山东,,,
P06588,王乐景,男,40,40-44,无需要照顾的孩子,上班族,office_worker,产品经理,上海户籍,上海,,,
P06589,吴怡,女,27,25-29,无需要照顾的孩子,大学生,university_student,博士研究生,上海户籍,上海,,,
P06590,王子志,男,19,18-24,无需要照顾的孩子,上班族,office_worker,运营专员,外省市户籍,江苏,,,
P06591,谢嘉诺,男,33,30-34,无需要照顾的孩子,上班族,office_worker,客户专员,外省市户籍,山东,,,
P06592,李安静,女,35,35-39,有未成年孩子,自由业者,freelancer,自媒体从业者,上海户籍,上海,,,
P06593,陈天晨,男,43,40-44,无需要照顾的孩子,上班族,office_worker,采购专员,外省市户籍,江苏,,,
P06594,于远景,男,28,25-29,有未成年孩子,上班族,office_worker,软件工程师,上海户籍,上海,,,
P06595,陈清远,女,37,35-39,有未成年孩子,上班族,office_worker,部门经理,外省市户籍,浙江,,,
P06596,陈静欣,女,36,35-39,无需要照顾的孩子,自由业者,freelancer,翻译,外省市户籍,四川,,,
P06597,李昊宁,男,31,30-34,无需要照顾的孩子,上班族,office_worker,数据分析师,上海户籍,上海,,,
P06598,刘源远,男,37,35-39,有未成年孩子,自由业者,freelancer,网店经营者,上海户籍,上海,,,
P06599,吴琪,女,34,30-34,无需要照顾的孩子,上班族,office_worker,高级运营专员,外省市户籍,安徽,,,
P06600,孙晴晓,女,22,18-24,无需要照顾的孩子,大学生,university_student,本科生,上海户籍,上海,,,
P06601,黄远,男,26,25-29,有未成年孩子,自由业者,freelancer,私教,上海户籍,上海,,,
P06602,赵可,女,32,30-34,无需要照顾的孩子,上班族,office_worker,销售经理,上海户籍,上海,,,
P06603,李明诚,男,44,40-44,有未成年孩子,上班族,office_worker,客户专员,外省市户籍,湖北,,,
P06604,王子,女,38,35-39,有未成年孩子,体力劳动者,manual_worker,搬运工,上海户籍,上海,,,
P06605,孙雅,女,39,35-39,有未成年孩子,服务业者,service_worker,餐厅服务员,上海户籍,上海,,,
P06606,张涵宁,男,49,45-49,有未成年孩子,体力劳动者,manual_worker,设备操作员,上海户籍,上海,,,
P06607,赵知宇,男,47,45-49,有未成年孩子,体力劳动者,manual_worker,仓库操作员,上海户籍,上海,,,
P06608,王源楷,男,33,30-34,有未成年孩子,上班族,office_worker,数据分析师,上海户籍,上海,,,
P06609,胡轩景,男,20,18-24,有未成年孩子,服务业者,service_worker,店员,上海户籍,上海,,,
P06610,宋天涵,男,38,35-39,有未成年孩子,上班族,office_worker,高级运营专员,外省市户籍,湖北,,,
P06611,李婉雅,女,47,45-49,有未成年孩子,上班族,office_worker,采购经理,外省市户籍,安徽,,,
P06612,罗婷晓,女,25,25-29,无需要照顾的孩子,自由业者,freelancer,自媒体从业者,外省市户籍,江苏,,,
P06613,赵乐晨,男,30,30-34,无需要照顾的孩子,服务业者,service_worker,房产经纪,外省市户籍,江苏,,,
P06614,林乐,男,32,30-34,无需要照顾的孩子,上班族,office_worker,会计,上海户籍,上海,,,
P06615,黄轩心,男,28,25-29,无需要照顾的孩子,上班族,office_worker,项目经理,外省市户籍,河南,,,
P06616,郑嘉欣,女,36,35-39,有未成年孩子,上班族,office_worker,财务主管,上海户籍,上海,,,
P06617,林静涵,女,40,40-44,无需要照顾的孩子,服务业者,service_worker,酒店服务人员,外省市户籍,江苏,,,
P06618,李曦雨,女,30,30-34,有未成年孩子,自由业者,freelancer,自媒体从业者,外省市户籍,其他,,,
P06619,王可一,女,33,30-34,无需要照顾的孩子,上班族,office_worker,运营专员,上海户籍,上海,,,
P06620,马子乐,女,27,25-29,无需要照顾的孩子,上班族,office_worker,数据分析师,外省市户籍,安徽,,,
P06621,王心,男,18,18-24,无需要照顾的孩子,大学生,university_student,硕士研究生,上海户籍,上海,,,
P06622,孙知远,女,41,40-44,有未成年孩子,上班族,office_worker,销售经理,外省市户籍,江苏,,,
P06623,刘然,男,31,30-34,无需要照顾的孩子,上班族,office_worker,HR经理,外省市户籍,安徽,,,
P06624,王俊知,男,20,18-24,无需要照顾的孩子,上班族,office_worker,采购专员,上海户籍,上海,,,
P06625,李子涵,女,33,30-34,无需要照顾的孩子,服务业者,service_worker,客服,上海户籍,上海,,,
P06626,罗琪言,女,32,30-34,有未成年孩子,上班族,office_worker,软件工程师,外省市户籍,河南,,,
P06627,黄晴可,女,25,25-29,有未成年孩子,上班族,office_worker,软件工程师,外省市户籍,浙江,,,
P06628,于梦,女,34,30-34,无需要照顾的孩子,上班族,office_worker,销售经理,上海户籍,上海,,,
P06629,王曦远,女,32,30-34,无需要照顾的孩子,服务业者,service_worker,店员,外省市户籍,江苏,,,
P06630,林婉若,女,29,25-29,无需要照顾的孩子,体力劳动者,manual_worker,快递员,上海户籍,上海,,,
P06631,林诺曦,女,28,25-29,无需要照顾的孩子,上班族,office_worker,会计,外省市户籍,安徽,,,
P06632,赵宇豪,男,38,35-39,有未成年孩子,服务业者,service_worker,酒店服务人员,外省市户籍,四川,,,
P06633,陈楷一,男,47,45-49,有未成年孩子,服务业者,service_worker,餐厅服务员,外省市户籍,广东,,,
P06634,朱欣可,女,28,25-29,有未成年孩子,上班族,office_worker,设计师,上海户籍,上海,,,
P06635,孙楷,男,29,25-29,无需要照顾的孩子,体力劳动者,manual_worker,焊工,上海户籍,上海,,,
P06636,韩桐桐,女,32,30-34,无需要照顾的孩子,自由业者,freelancer,自由设计师,上海户籍,上海,,,
P06637,高杰嘉,男,40,40-44,有未成年孩子,服务业者,service_worker,酒店前台,外省市户籍,河南,,,
P06638,程清哲,男,44,40-44,有未成年孩子,上班族,office_worker,设计师,外省市户籍,山东,,,
P06639,张欣瑶,女,40,40-44,有成年孩子,体力劳动者,manual_worker,建筑工人,上海户籍,上海,,,
P06640,周雅雅,女,34,30-34,有未成年孩子,服务业者,service_worker,酒店前台,上海户籍,上海,,,
P06641,徐杰一,男,30,30-34,有未成年孩子,上班族,office_worker,产品经理,外省市户籍,浙江,,,
P06642,高婷可,女,21,18-24,无需要照顾的孩子,大学生,university_student,本科生,外省市户籍,福建,,,
P06643,程然星,男,38,35-39,有未成年孩子,上班族,office_worker,销售经理,上海户籍,上海,,,
P06644,李睿,男,19,18-24,无需要照顾的孩子,上班族,office_worker,运营专员,外省市户籍,湖北,,,
P06645,郭远可,男,29,25-29,无需要照顾的孩子,上班族,office_worker,财务主管,上海户籍,上海,,,
P06646,王宁,男,42,40-44,有未成年孩子,上班族,office_worker,设计师,上海户籍,上海,,,
P06647,张涵,女,40,40-44,有未成年孩子,上班族,office_worker,产品经理,外省市户籍,安徽,,,
P06648,王嘉安,男,44,40-44,有成年孩子,上班族,office_worker,技术经理,外省市户籍,河南,,,
P06649,周诗言,女,33,30-34,无需要照顾的孩子,自由业者,freelancer,自由销售,上海户籍,上海,,,
P06650,张安睿,男,32,30-34,无需要照顾的孩子,服务业者,service_worker,收银员,上海户籍,上海,,,
P06651,唐佳言,女,24,18-24,无需要照顾的孩子,上班族,office_worker,采购专员,外省市户籍,江苏,,,
P06652,李杰诺,男,38,35-39,有未成年孩子,上班族,office_worker,高级项目经理,上海户籍,上海,,,
P06653,张晨涵,男,30,30-34,无需要照顾的孩子,上班族,office_worker,财务专员,外省市户籍,江西,,,
P06654,杨一远,男,32,30-34,有未成年孩子,服务业者,service_worker,客服,上海户籍,上海,,,
P06655,张羽知,男,34,30-34,无需要照顾的孩子,上班族,office_worker,设计师,外省市户籍,江苏,,,
P06656,赵晓可,女,45,45-49,有未成年孩子,上班族,office_worker,销售经理,外省市户籍,浙江,,,
P06657,张嘉嘉,男,37,35-39,有未成年孩子,服务业者,service_worker,客服,外省市户籍,河南,,,
P06658,李静雅,女,25,25-29,无需要照顾的孩子,大学生,university_student,本科生,外省市户籍,浙江,,,
P06659,陈乐,男,19,18-24,无需要照顾的孩子,上班族,office_worker,采购专员,上海户籍,上海,,,
P06660,陈静心,女,27,25-29,无需要照顾的孩子,上班族,office_worker,行政专员,外省市户籍,四川,,,
P06661,曹俊,男,26,25-29,有未成年孩子,大学生,university_student,硕士研究生,上海户籍,上海,,,
P06662,刘昊嘉,男,39,35-39,有未成年孩子,体力劳动者,manual_worker,建筑工人,上海户籍,上海,,,
P06663,陈可羽,女,25,25-29,有未成年孩子,体力劳动者,manual_worker,仓库操作员,外省市户籍,河南,,,
P06664,周子晨,男,18,18-24,无需要照顾的孩子,大学生,university_student,本科生,外省市户籍,江苏,,,
P06665,何阳,男,36,35-39,有未成年孩子,服务业者,service_worker,店员,外省市户籍,河南,,,
P06666,王志明,男,20,18-24,无需要照顾的孩子,大学生,university_student,本科生,外省市户籍,山东,,,
P06667,杨辰,男,43,40-44,有未成年孩子,上班族,office_worker,高级产品经理,上海户籍,上海,,,
P06668,陈可嘉,女,25,25-29,无需要照顾的孩子,上班族,office_worker,财务主管,外省市户籍,湖北,,,
P06669,张嘉明,男,43,40-44,有未成年孩子,服务业者,service_worker,酒店前台,外省市户籍,湖南,,,
P06670,陈星然,男,39,35-39,有未成年孩子,自由业者,freelancer,翻译,外省市户籍,浙江,,,
P06671,高欣远,女,26,25-29,无需要照顾的孩子,服务业者,service_worker,厨师,外省市户籍,河南,,,
P06672,刘天文,男,44,40-44,有未成年孩子,上班族,office_worker,财务主管,上海户籍,上海,,,
P06673,赵可怡,女,38,35-39,有未成年孩子,自由业者,freelancer,自由销售,上海户籍,上海,,,
P06674,孙豪文,男,20,18-24,无需要照顾的孩子,大学生,university_student,硕士研究生,外省市户籍,其他,,,
P06675,张思嘉,男,39,35-39,有未成年孩子,上班族,office_worker,财务专员,上海户籍,上海,,,
P06676,张轩明,男,26,25-29,有未成年孩子,大学生,university_student,硕士研究生,外省市户籍,安徽,,,
P06677,王欣欣,女,31,30-34,有未成年孩子,体力劳动者,manual_worker,仓库操作员,上海户籍,上海,,,
P06678,孙嘉,男,41,40-44,有未成年孩子,上班族,office_worker,采购专员,上海户籍,上海,,,
P06679,梁昊,男,34,30-34,无需要照顾的孩子,服务业者,service_worker,美容师,外省市户籍,江苏,,,
P06680,梁羽明,男,45,45-49,无需要照顾的孩子,体力劳动者,manual_worker,快递员,外省市户籍,安徽,,,
P06681,胡瑶,女,47,45-49,有未成年孩子,体力劳动者,manual_worker,快递员,上海户籍,上海,,,
P06682,朱嘉晴,女,20,18-24,无需要照顾的孩子,大学生,university_student,本科生,上海户籍,上海,,,
P06683,王诺,女,20,18-24,无需要照顾的孩子,体力劳动者,manual_worker,仓库操作员,外省市户籍,四川,,,
P06684,赵文昊,男,31,30-34,无需要照顾的孩子,上班族,office_worker,设计师,上海户籍,上海,,,
P06685,高博心,男,18,18-24,无需要照顾的孩子,上班族,office_worker,销售代表,外省市户籍,浙江,,,
P06686,冯心辰,女,44,40-44,有未成年孩子,上班族,office_worker,软件工程师,外省市户籍,湖北,,,
P06687,张星婷,女,40,40-44,有未成年孩子,上班族,office_worker,人力资源经理,外省市户籍,广东,,,
P06688,孙星一,女,48,45-49,有成年孩子,服务业者,service_worker,健身教练,外省市户籍,山东,,,
P06689,陈言知,女,19,18-24,无需要照顾的孩子,服务业者,service_worker,房产经纪,上海户籍,上海,,,
P06690,曹佳诺,女,24,18-24,无需要照顾的孩子,大学生,university_student,博士研究生,外省市户籍,安徽,,,
P06691,周知,女,27,25-29,无需要照顾的孩子,上班族,office_worker,运营专员,外省市户籍,江苏,,,
P06692,赵知诺,男,32,30-34,无需要照顾的孩子,上班族,office_worker,技术经理,上海户籍,上海,,,
P06693,唐羽诗,女,35,35-39,有未成年孩子,服务业者,service_worker,保安,上海户籍,上海,,,
P06694,王涵,女,36,35-39,无需要照顾的孩子,上班族,office_worker,销售代表,外省市户籍,江西,,,
P06695,杨雨思,女,48,45-49,无需要照顾的孩子,服务业者,service_worker,酒店服务人员,上海户籍,上海,,,
P06696,陈晨诺,男,25,25-29,无需要照顾的孩子,自由业者,freelancer,翻译,上海户籍,上海,,,
P06697,刘涵曦,女,38,35-39,有未成年孩子,上班族,office_worker,高级项目经理,上海户籍,上海,,,
P06698,林一怡,女,45,45-49,有成年孩子,自由业者,freelancer,自由设计师,外省市户籍,山东,,,
P06699,李天宁,男,46,45-49,无需要照顾的孩子,服务业者,service_worker,健身教练,外省市户籍,四川,,,
P06700,王博诺,男,20,18-24,有未成年孩子,大学生,university_student,本科生,上海户籍,上海,,,
P06701,黄欣星,女,20,18-24,无需要照顾的孩子,服务业者,service_worker,收银员,外省市户籍,浙江,,,
P06702,张诺,女,33,30-34,有未成年孩子,上班族,office_worker,产品经理,外省市户籍,四川,,,
P06703,王浩嘉,男,30,30-34,无需要照顾的孩子,服务业者,service_worker,酒店服务人员,外省市户籍,浙江,,,
P06704,刘怡,女,41,40-44,无需要照顾的孩子,体力劳动者,manual_worker,搬运工,上海户籍,上海,,,
P06705,董可安,女,43,40-44,有未成年孩子,上班族,office_worker,数据分析师,外省市户籍,安徽,,,
P06706,陈文言,男,43,40-44,有未成年孩子,上班族,office_worker,区域经理,外省市户籍,浙江,,,
P06707,陈言文,男,29,25-29,无需要照顾的孩子,自由业者,freelancer,咨询顾问,上海户籍,上海,,,
P06708,袁可,女,35,35-39,有未成年孩子,服务业者,service_worker,酒店前台,上海户籍,上海,,,
P06709,徐浩博,男,46,45-49,无需要照顾的孩子,上班族,office_worker,客户经理,上海户籍,上海,,,
P06710,朱乐一,男,20,18-24,无需要照顾的孩子,体力劳动者,manual_worker,建筑工人,上海户籍,上海,,,
P06711,谢阳远,男,48,45-49,有未成年孩子,体力劳动者,manual_worker,配送员,外省市户籍,其他,,,
P06712,许清嘉,男,42,40-44,有未成年孩子,自由业者,freelancer,翻译,上海户籍,上海,,,
P06713,李可安,女,42,40-44,无需要照顾的孩子,上班族,office_worker,HR经理,外省市户籍,河南,,,
P06714,徐婉婷,女,39,35-39,无需要照顾的孩子,上班族,office_worker,财务专员,外省市户籍,湖南,,,
P06715,黄诺天,男,34,30-34,有未成年孩子,服务业者,service_worker,房产经纪,外省市户籍,江西,,,
P06716,李可然,男,36,35-39,无需要照顾的孩子,服务业者,service_worker,健身教练,外省市户籍,浙江,,,
P06717,林然,男,34,30-34,有未成年孩子,服务业者,service_worker,厨师,外省市户籍,山东,,,
P06718,刘睿博,男,28,25-29,有未成年孩子,上班族,office_worker,采购经理,上海户籍,上海,,,
P06719,黄浩安,男,30,30-34,有未成年孩子,上班族,office_worker,产品经理,上海户籍,上海,,,
P06720,罗博博,男,30,30-34,有未成年孩子,自由业者,freelancer,自由设计师,上海户籍,上海,,,
P06721,赵志,男,44,40-44,有未成年孩子,上班族,office_worker,部门经理,上海户籍,上海,,,
P06722,陈浩佑,男,31,30-34,无需要照顾的孩子,服务业者,service_worker,健身教练,上海户籍,上海,,,
P06723,刘思言,男,25,25-29,无需要照顾的孩子,服务业者,service_worker,收银员,上海户籍,上海,,,
P06724,陈可雨,女,23,18-24,无需要照顾的孩子,大学生,university_student,硕士研究生,外省市户籍,河南,,,
P06725,陈心文,男,35,35-39,有未成年孩子,上班族,office_worker,销售经理,外省市户籍,河南,,,
P06726,赵语梦,女,36,35-39,有未成年孩子,上班族,office_worker,高级运营专员,上海户籍,上海,,,
P06727,朱睿宁,男,33,30-34,有未成年孩子,服务业者,service_worker,客服,外省市户籍,湖北,,,
P06728,张轩文,男,34,30-34,有未成年孩子,服务业者,service_worker,房产经纪,外省市户籍,山东,,,
P06729,刘佳,女,32,30-34,有未成年孩子,上班族,office_worker,HR经理,外省市户籍,河南,,,
P06730,张远思,女,36,35-39,有未成年孩子,体力劳动者,manual_worker,安装工,外省市户籍,四川,,,
P06731,陈源桐,女,38,35-39,有未成年孩子,上班族,office_worker,销售代表,外省市户籍,江苏,,,
P06732,李子豪,男,19,18-24,无需要照顾的孩子,大学生,university_student,本科生,上海户籍,上海,,,
P06733,王轩晨,男,27,25-29,有未成年孩子,上班族,office_worker,财务专员,上海户籍,上海,,,
P06734,李晓婉,女,39,35-39,有未成年孩子,服务业者,service_worker,酒店服务人员,上海户籍,上海,,,
P06735,郭志然,男,38,35-39,有未成年孩子,自由业者,freelancer,私教,外省市户籍,山东,,,
P06736,刘雅嘉,女,25,25-29,有未成年孩子,上班族,office_worker,会计,外省市户籍,江苏,,,
P06737,吴心远,男,25,25-29,无需要照顾的孩子,体力劳动者,manual_worker,建筑工人,外省市户籍,江苏,,,
P06738,王宁远,女,34,30-34,无需要照顾的孩子,上班族,office_worker,采购经理,外省市户籍,江西,,,
P06739,梁安浩,男,48,45-49,有成年孩子,体力劳动者,manual_worker,配送员,外省市户籍,安徽,,,
P06740,周哲涵,男,30,30-34,有未成年孩子,服务业者,service_worker,餐厅服务员,外省市户籍,江苏,,,
P06741,李一可,女,34,30-34,有未成年孩子,自由业者,freelancer,咨询顾问,上海户籍,上海,,,
P06742,陈雅婷,女,30,30-34,有未成年孩子,上班族,office_worker,产品经理,上海户籍,上海,,,
P06743,梁远羽,女,35,35-39,有未成年孩子,上班族,office_worker,产品经理,上海户籍,上海,,,
P06744,刘然昊,男,38,35-39,有未成年孩子,上班族,office_worker,高级软件工程师,外省市户籍,河南,,,
P06745,杨诚嘉,男,38,35-39,有未成年孩子,体力劳动者,manual_worker,仓库操作员,外省市户籍,江西,,,
P06746,黄婷安,女,45,45-49,有未成年孩子,体力劳动者,manual_worker,焊工,外省市户籍,山东,,,
P06747,梁子,女,43,40-44,有成年孩子,上班族,office_worker,运营专员,外省市户籍,河南,,,
P06748,郑远明,男,42,40-44,有未成年孩子,体力劳动者,manual_worker,设备操作员,外省市户籍,江苏,,,
P06749,徐泽,男,44,40-44,无需要照顾的孩子,上班族,office_worker,技术经理,上海户籍,上海,,,
P06750,郭雨嘉,女,21,18-24,无需要照顾的孩子,上班族,office_worker,行政专员,上海户籍,上海,,,
P06751,李宁,男,42,40-44,无需要照顾的孩子,服务业者,service_worker,收银员,外省市户籍,江苏,,,
P06752,罗彤怡,女,39,35-39,有未成年孩子,上班族,office_worker,高级运营专员,外省市户籍,江苏,,,
P06753,王思宁,女,25,25-29,有未成年孩子,自由业者,freelancer,翻译,上海户籍,上海,,,
P06754,张宁嘉,女,31,30-34,有未成年孩子,服务业者,service_worker,房产经纪,外省市户籍,江苏,,,
P06755,陈彤曦,女,19,18-24,无需要照顾的孩子,服务业者,service_worker,厨师,外省市户籍,四川,,,
P06756,李晓星,女,21,18-24,无需要照顾的孩子,服务业者,service_worker,健身教练,外省市户籍,山东,,,
P06757,陈然,男,42,40-44,有未成年孩子,自由业者,freelancer,独立程序员,上海户籍,上海,,,
P06758,黄欣瑶,女,25,25-29,无需要照顾的孩子,上班族,office_worker,采购专员,上海户籍,上海,,,
P06759,邓言安,男,27,25-29,无需要照顾的孩子,服务业者,service_worker,餐厅服务员,上海户籍,上海,,,
P06760,周宁豪,男,45,45-49,无需要照顾的孩子,服务业者,service_worker,客服,上海户籍,上海,,,
P06761,谢涵怡,女,24,18-24,无需要照顾的孩子,上班族,office_worker,销售代表,外省市户籍,浙江,,,
P06762,王羽晨,男,30,30-34,无需要照顾的孩子,上班族,office_worker,数据分析师,上海户籍,上海,,,
P06763,张梓泽,男,38,35-39,无需要照顾的孩子,服务业者,service_worker,理发师,上海户籍,上海,,,
P06764,李晨若,女,19,18-24,无需要照顾的孩子,大学生,university_student,本科生,上海户籍,上海,,,
P06765,高梓远,男,25,25-29,无需要照顾的孩子,大学生,university_student,博士研究生,外省市户籍,安徽,,,
P06766,唐辰安,女,36,35-39,无需要照顾的孩子,上班族,office_worker,运营专员,上海户籍,上海,,,
P06767,周博哲,男,35,35-39,有成年孩子,服务业者,service_worker,美容师,外省市户籍,陕西,,,
P06768,刘若晴,女,41,40-44,有未成年孩子,上班族,office_worker,客户专员,上海户籍,上海,,,
P06769,周志文,男,20,18-24,无需要照顾的孩子,大学生,university_student,本科生,外省市户籍,浙江,,,
P06770,王婷远,女,26,25-29,有未成年孩子,服务业者,service_worker,餐厅服务员,上海户籍,上海,,,
P06771,杨羽宁,女,25,25-29,无需要照顾的孩子,上班族,office_worker,财务专员,上海户籍,上海,,,
P06772,宋曦,女,26,25-29,有未成年孩子,上班族,office_worker,运营专员,上海户籍,上海,,,
P06773,董子诺,女,29,25-29,有未成年孩子,大学生,university_student,硕士研究生,上海户籍,上海,,,
P06774,周源知,男,32,30-34,无需要照顾的孩子,体力劳动者,manual_worker,快递员,外省市户籍,浙江,,,
P06775,王乐,女,31,30-34,有未成年孩子,服务业者,service_worker,健身教练,上海户籍,上海,,,
P06776,孙婷,女,37,35-39,无需要照顾的孩子,上班族,office_worker,产品经理,上海户籍,上海,,,
P06777,张晨,男,43,40-44,有成年孩子,体力劳动者,manual_worker,搬运工,外省市户籍,河北,,,
P06778,赵俊羽,男,44,40-44,有未成年孩子,上班族,office_worker,销售代表,上海户籍,上海,,,
P06779,杨昊源,男,32,30-34,有未成年孩子,上班族,office_worker,客户专员,上海户籍,上海,,,
P06780,朱一佑,男,25,25-29,无需要照顾的孩子,上班族,office_worker,销售代表,上海户籍,上海,,,
P06781,王晨星,男,30,30-34,无需要照顾的孩子,服务业者,service_worker,收银员,外省市户籍,浙江,,,
P06782,刘哲一,男,19,18-24,无需要照顾的孩子,大学生,university_student,本科生,上海户籍,上海,,,
P06783,胡清,女,26,25-29,无需要照顾的孩子,上班族,office_worker,设计师,外省市户籍,江西,,,
P06784,黄言言,男,41,40-44,有成年孩子,服务业者,service_worker,理发师,外省市户籍,其他,,,
P06785,黄文可,男,45,45-49,有未成年孩子,服务业者,service_worker,健身教练,外省市户籍,广东,,,
P06786,陈诺,男,29,25-29,无需要照顾的孩子,体力劳动者,manual_worker,仓库操作员,上海户籍,上海,,,
P06787,杨宁一,男,30,30-34,有未成年孩子,上班族,office_worker,数据分析师,外省市户籍,江苏,,,
P06788,胡雨晨,女,39,35-39,有未成年孩子,上班族,office_worker,客户经理,外省市户籍,江苏,,,
P06789,周嘉星,男,37,35-39,有未成年孩子,服务业者,service_worker,收银员,上海户籍,上海,,,
P06790,赵思俊,男,35,35-39,有未成年孩子,上班族,office_worker,采购经理,上海户籍,上海,,,
P06791,董涵欣,女,21,18-24,无需要照顾的孩子,大学生,university_student,本科生,上海户籍,上海,,,
P06792,陈晴,女,27,25-29,有未成年孩子,服务业者,service_worker,厨师,上海户籍,上海,,,
P06793,刘辰曦,女,40,40-44,有未成年孩子,体力劳动者,manual_worker,设备操作员,外省市户籍,河南,,,
P06794,林安宁,男,39,35-39,有未成年孩子,上班族,office_worker,高级软件工程师,外省市户籍,广东,,,
P06795,张可乐,女,33,30-34,无需要照顾的孩子,上班族,office_worker,财务专员,外省市户籍,其他,,,
P06796,吴曦静,女,25,25-29,无需要照顾的孩子,自由业者,freelancer,咨询顾问,外省市户籍,安徽,,,
P06797,梁婷涵,女,49,45-49,有成年孩子,上班族,office_worker,运营专员,外省市户籍,安徽,,,
P06798,李羽辰,男,28,25-29,有未成年孩子,服务业者,service_worker,店员,外省市户籍,山东,,,
P06799,马远宁,女,42,40-44,有未成年孩子,服务业者,service_worker,理发师,上海户籍,上海,,,
P06800,吴思桐,女,28,25-29,无需要照顾的孩子,自由业者,freelancer,网店经营者,外省市户籍,江苏,,,
P06801,于诚诚,男,30,30-34,有未成年孩子,上班族,office_worker,高级软件工程师,外省市户籍,河南,,,
P06802,赵辰心,男,41,40-44,有成年孩子,体力劳动者,manual_worker,快递员,外省市户籍,浙江,,,
P06803,陈婷嫣,女,29,25-29,无需要照顾的孩子,自由业者,freelancer,咨询顾问,外省市户籍,浙江,,,
P06804,张远梦,女,36,35-39,有未成年孩子,体力劳动者,manual_worker,仓库操作员,外省市户籍,浙江,,,
P06805,李文嘉,男,35,35-39,无需要照顾的孩子,上班族,office_worker,HR经理,外省市户籍,江西,,,
P06806,王嘉,男,18,18-24,无需要照顾的孩子,体力劳动者,manual_worker,安装工,上海户籍,上海,,,
P06807,张宇佑,男,22,18-24,无需要照顾的孩子,大学生,university_student,本科生,外省市户籍,安徽,,,
P06808,罗轩,男,36,35-39,无需要照顾的孩子,自由业者,freelancer,自由设计师,外省市户籍,广东,,,
P06809,韩豪,男,25,25-29,无需要照顾的孩子,上班族,office_worker,软件工程师,外省市户籍,河南,,,
P06810,赵言羽,女,26,25-29,有未成年孩子,大学生,university_student,本科生,外省市户籍,湖北,,,
P06811,王言欣,女,33,30-34,无需要照顾的孩子,上班族,office_worker,行政专员,上海户籍,上海,,,
P06812,王明,男,18,18-24,无需要照顾的孩子,上班族,office_worker,运营专员,上海户籍,上海,,,
P06813,张羽羽,女,36,35-39,有未成年孩子,上班族,office_worker,财务主管,外省市户籍,湖北,,,
P06814,胡怡子,女,36,35-39,有未成年孩子,上班族,office_worker,会计,外省市户籍,安徽,,,
P06815,胡星怡,女,40,40-44,无需要照顾的孩子,上班族,office_worker,销售经理,上海户籍,上海,,,
P06816,李豪哲,男,45,45-49,有未成年孩子,服务业者,service_worker,厨师,外省市户籍,山东,,,
P06817,高宁思,女,18,18-24,无需要照顾的孩子,服务业者,service_worker,酒店服务人员,上海户籍,上海,,,
P06818,宋怡辰,女,37,35-39,无需要照顾的孩子,上班族,office_worker,采购专员,上海户籍,上海,,,
P06819,张语佳,女,36,35-39,有未成年孩子,上班族,office_worker,财务经理,外省市户籍,江西,,,
P06820,徐言,男,39,35-39,有未成年孩子,服务业者,service_worker,房产经纪,外省市户籍,安徽,,,
P06821,刘然博,男,31,30-34,有未成年孩子,服务业者,service_worker,理发师,外省市户籍,浙江,,,
P06822,赵哲可,男,25,25-29,无需要照顾的孩子,上班族,office_worker,项目经理,上海户籍,上海,,,
P06823,张晨,女,33,30-34,无需要照顾的孩子,体力劳动者,manual_worker,配送员,上海户籍,上海,,,
P06824,曹天嘉,男,44,40-44,有未成年孩子,服务业者,service_worker,房产经纪,外省市户籍,湖北,,,
P06825,唐佑梓,男,25,25-29,无需要照顾的孩子,上班族,office_worker,产品经理,外省市户籍,湖北,,,
P06826,李明轩,男,26,25-29,无需要照顾的孩子,自由业者,freelancer,咨询顾问,外省市户籍,河北,,,
P06827,刘梓豪,男,27,25-29,无需要照顾的孩子,体力劳动者,manual_worker,司机,上海户籍,上海,,,
P06828,朱诗瑶,女,29,25-29,无需要照顾的孩子,上班族,office_worker,数据分析师,上海户籍,上海,,,
P06829,黄景星,男,25,25-29,无需要照顾的孩子,上班族,office_worker,设计师,外省市户籍,江苏,,,
P06830,陈辰嘉,男,42,40-44,有未成年孩子,体力劳动者,manual_worker,设备操作员,外省市户籍,山东,,,
P06831,袁安诺,男,33,30-34,有未成年孩子,上班族,office_worker,财务专员,外省市户籍,江苏,,,
P06832,何佳嘉,女,18,18-24,无需要照顾的孩子,服务业者,service_worker,厨师,上海户籍,上海,,,
P06833,周乐思,女,42,40-44,有未成年孩子,体力劳动者,manual_worker,建筑工人,外省市户籍,河南,,,
P06834,郭然辰,男,25,25-29,无需要照顾的孩子,服务业者,service_worker,厨师,外省市户籍,陕西,,,
P06835,李佳嘉,女,36,35-39,有未成年孩子,服务业者,service_worker,客服,外省市户籍,江苏,,,
P06836,吴泽嘉,男,35,35-39,有未成年孩子,上班族,office_worker,HR经理,外省市户籍,江苏,,,
P06837,王曦心,女,38,35-39,有未成年孩子,上班族,office_worker,销售经理,上海户籍,上海,,,
P06838,李晴,女,26,25-29,有未成年孩子,上班族,office_worker,高级软件工程师,外省市户籍,山东,,,
P06839,杨诺远,男,24,18-24,无需要照顾的孩子,上班族,office_worker,客户专员,外省市户籍,陕西,,,
P06840,黄志子,男,30,30-34,有未成年孩子,上班族,office_worker,项目经理,上海户籍,上海,,,
P06841,杨知语,女,34,30-34,无需要照顾的孩子,自由业者,freelancer,自媒体从业者,外省市户籍,山东,,,
P06842,黄佑清,男,36,35-39,有未成年孩子,上班族,office_worker,销售经理,上海户籍,上海,,,
P06843,黄涵婷,女,25,25-29,无需要照顾的孩子,大学生,university_student,博士研究生,上海户籍,上海,,,
P06844,罗子涵,女,35,35-39,无需要照顾的孩子,上班族,office_worker,数据分析师,上海户籍,上海,,,
P06845,赵昊杰,男,27,25-29,有未成年孩子,体力劳动者,manual_worker,电工,上海户籍,上海,,,
P06846,张景豪,男,24,18-24,有未成年孩子,上班族,office_worker,数据分析师,外省市户籍,湖北,,,
P06847,马桐婉,女,19,18-24,无需要照顾的孩子,大学生,university_student,本科生,外省市户籍,安徽,,,
P06848,陈诺远,男,41,40-44,有成年孩子,上班族,office_worker,采购专员,外省市户籍,浙江,,,
P06849,刘心,男,47,45-49,无需要照顾的孩子,上班族,office_worker,产品经理,外省市户籍,河南,,,
P06850,董晓,女,23,18-24,无需要照顾的孩子,大学生,university_student,本科生,上海户籍,上海,,,
P06851,王语宁,女,33,30-34,有未成年孩子,上班族,office_worker,销售经理,外省市户籍,安徽,,,
P06852,徐雨,女,28,25-29,有未成年孩子,上班族,office_worker,采购经理,上海户籍,上海,,,
P06853,陈知,女,37,35-39,有未成年孩子,上班族,office_worker,销售经理,外省市户籍,浙江,,,
P06854,梁安轩,男,31,30-34,有未成年孩子,上班族,office_worker,销售经理,外省市户籍,福建,,,
P06855,刘佳可,女,33,30-34,有未成年孩子,服务业者,service_worker,房产经纪,外省市户籍,河南,,,
P06856,赵志梓,男,25,25-29,无需要照顾的孩子,上班族,office_worker,财务专员,上海户籍,上海,,,
P06857,李语宁,女,35,35-39,有未成年孩子,上班族,office_worker,HR经理,上海户籍,上海,,,
P06858,赵晨嘉,男,25,25-29,无需要照顾的孩子,上班族,office_worker,设计师,上海户籍,上海,,,
P06859,周语瑶,女,31,30-34,有未成年孩子,上班族,office_worker,采购专员,外省市户籍,湖北,,,
P06860,郭明,男,29,25-29,无需要照顾的孩子,服务业者,service_worker,美容师,上海户籍,上海,,,
P06861,谢俊心,男,25,25-29,无需要照顾的孩子,上班族,office_worker,财务专员,外省市户籍,安徽,,,
P06862,程宁可,男,48,45-49,有未成年孩子,体力劳动者,manual_worker,电工,外省市户籍,江苏,,,
P06863,陈佳诗,女,43,40-44,有未成年孩子,上班族,office_worker,会计,外省市户籍,安徽,,,
P06864,王婷知,女,27,25-29,无需要照顾的孩子,上班族,office_worker,销售代表,上海户籍,上海,,,
P06865,王言诚,男,24,18-24,无需要照顾的孩子,上班族,office_worker,会计,上海户籍,上海,,,
P06866,曹景清,男,37,35-39,有未成年孩子,自由业者,freelancer,翻译,上海户籍,上海,,,
P06867,张诺文,男,40,40-44,有未成年孩子,自由业者,freelancer,咨询顾问,外省市户籍,山东,,,
P06868,朱源辰,男,18,18-24,无需要照顾的孩子,上班族,office_worker,客户专员,外省市户籍,江苏,,,
P06869,李景乐,男,45,45-49,有未成年孩子,上班族,office_worker,财务主管,外省市户籍,其他,,,
P06870,张心可,女,35,35-39,有未成年孩子,体力劳动者,manual_worker,快递员,上海户籍,上海,,,
P06871,韩诗晨,女,28,25-29,无需要照顾的孩子,大学生,university_student,博士研究生,外省市户籍,江西,,,
P06872,杨豪一,男,49,45-49,无需要照顾的孩子,体力劳动者,manual_worker,电工,上海户籍,上海,,,
P06873,吴雨,女,31,30-34,有未成年孩子,上班族,office_worker,设计师,上海户籍,上海,,,
P06874,李婉曦,女,49,45-49,有未成年孩子,上班族,office_worker,项目经理,外省市户籍,江西,,,
P06875,胡星子,男,30,30-34,有未成年孩子,上班族,office_worker,销售经理,外省市户籍,河南,,,
P06876,朱安,女,40,40-44,有未成年孩子,自由业者,freelancer,摄影师,外省市户籍,江苏,,,
P06877,李思楷,男,48,45-49,有未成年孩子,上班族,office_worker,项目经理,上海户籍,上海,,,
P06878,黄一佳,女,47,45-49,有成年孩子,服务业者,service_worker,客服,上海户籍,上海,,,
P06879,程婷清,女,35,35-39,有未成年孩子,服务业者,service_worker,美容师,上海户籍,上海,,,
P06880,陈雅梦,女,34,30-34,有未成年孩子,自由业者,freelancer,摄影师,外省市户籍,江西,,,
P06881,张乐远,男,32,30-34,有未成年孩子,上班族,office_worker,运营专员,外省市户籍,河北,,,
P06882,李可静,女,20,18-24,无需要照顾的孩子,上班族,office_worker,采购专员,上海户籍,上海,,,
P06883,郭安知,女,33,30-34,无需要照顾的孩子,自由业者,freelancer,摄影师,外省市户籍,安徽,,,
P06884,李可,女,43,40-44,有未成年孩子,自由业者,freelancer,私教,外省市户籍,安徽,,,
P06885,罗俊远,男,28,25-29,有未成年孩子,上班族,office_worker,客户专员,上海户籍,上海,,,
P06886,高安雨,女,30,30-34,有未成年孩子,服务业者,service_worker,收银员,外省市户籍,其他,,,
P06887,高知思,男,33,30-34,有未成年孩子,上班族,office_worker,产品经理,外省市户籍,四川,,,
P06888,李昊诺,男,39,35-39,有未成年孩子,上班族,office_worker,会计,上海户籍,上海,,,
P06889,林婉,女,30,30-34,有未成年孩子,上班族,office_worker,产品经理,外省市户籍,广东,,,
P06890,张辰星,女,41,40-44,有成年孩子,上班族,office_worker,高级软件工程师,上海户籍,上海,,,
P06891,周欣子,女,42,40-44,有成年孩子,上班族,office_worker,财务专员,上海户籍,上海,,,
P06892,林雅晓,女,38,35-39,无需要照顾的孩子,自由业者,freelancer,独立程序员,外省市户籍,安徽,,,
P06893,张豪诺,男,30,30-34,无需要照顾的孩子,体力劳动者,manual_worker,配送员,上海户籍,上海,,,
P06894,曹安浩,男,35,35-39,无需要照顾的孩子,体力劳动者,manual_worker,快递员,上海户籍,上海,,,
P06895,曹泽昊,男,22,18-24,无需要照顾的孩子,自由业者,freelancer,摄影师,上海户籍,上海,,,
P06896,李晓,女,32,30-34,有未成年孩子,上班族,office_worker,数据分析师,外省市户籍,安徽,,,
P06897,罗思,女,23,18-24,无需要照顾的孩子,服务业者,service_worker,厨师,上海户籍,上海,,,
P06898,董嘉曦,女,36,35-39,无需要照顾的孩子,自由业者,freelancer,自由销售,外省市户籍,安徽,,,
P06899,程子梦,女,40,40-44,无需要照顾的孩子,上班族,office_worker,HR经理,上海户籍,上海,,,
P06900,黄晨嘉,女,22,18-24,有未成年孩子,上班族,office_worker,运营专员,外省市户籍,河北,,,
P06901,程言涵,男,39,35-39,有未成年孩子,自由业者,freelancer,翻译,上海户籍,上海,,,
P06902,孙乐豪,男,31,30-34,有未成年孩子,服务业者,service_worker,美容师,外省市户籍,安徽,,,
P06903,王晨静,女,18,18-24,无需要照顾的孩子,服务业者,service_worker,收银员,上海户籍,上海,,,
P06904,李涵晓,女,20,18-24,有未成年孩子,大学生,university_student,本科生,上海户籍,上海,,,
P06905,王清诺,女,45,45-49,无需要照顾的孩子,体力劳动者,manual_worker,仓库操作员,外省市户籍,广东,,,
P06906,黄文哲,男,29,25-29,无需要照顾的孩子,上班族,office_worker,高级软件工程师,上海户籍,上海,,,
P06907,徐雨言,女,38,35-39,无需要照顾的孩子,服务业者,service_worker,美容师,外省市户籍,江西,,,
P06908,徐远涵,男,36,35-39,无需要照顾的孩子,上班族,office_worker,数据分析师,外省市户籍,河北,,,
P06909,周豪博,男,46,45-49,有成年孩子,自由业者,freelancer,独立程序员,上海户籍,上海,,,
P06910,孙婉佳,女,30,30-34,有未成年孩子,上班族,office_worker,高级软件工程师,外省市户籍,湖南,,,
P06911,冯琪远,女,30,30-34,无需要照顾的孩子,上班族,office_worker,采购经理,外省市户籍,安徽,,,
P06912,李乐一,女,45,45-49,有未成年孩子,体力劳动者,manual_worker,维修技师,上海户籍,上海,,,
P06913,刘知晓,女,44,40-44,无需要照顾的孩子,上班族,office_worker,客户专员,外省市户籍,江苏,,,
P06914,唐心,女,43,40-44,有成年孩子,服务业者,service_worker,美容师,上海户籍,上海,,,
P06915,马楷,男,39,35-39,无需要照顾的孩子,上班族,office_worker,客户专员,外省市户籍,河南,,,
P06916,何天浩,男,38,35-39,有未成年孩子,上班族,office_worker,项目经理,外省市户籍,河南,,,
P06917,宋心雨,女,36,35-39,有未成年孩子,上班族,office_worker,高级项目经理,外省市户籍,其他,,,
P06918,李诚诺,男,18,18-24,无需要照顾的孩子,大学生,university_student,本科生,外省市户籍,安徽,,,
P06919,谢阳安,男,30,30-34,有未成年孩子,上班族,office_worker,产品经理,上海户籍,上海,,,
P06920,冯欣晓,女,30,30-34,有未成年孩子,上班族,office_worker,HR经理,上海户籍,上海,,,
P06921,李志昊,男,47,45-49,无需要照顾的孩子,上班族,office_worker,销售代表,外省市户籍,其他,,,
P06922,黄远远,男,35,35-39,有未成年孩子,上班族,office_worker,数据分析师,外省市户籍,江苏,,,
P06923,程嘉若,女,26,25-29,无需要照顾的孩子,上班族,office_worker,设计师,外省市户籍,浙江,,,
P06924,王思远,女,28,25-29,有未成年孩子,自由业者,freelancer,自由销售,上海户籍,上海,,,
P06925,马彤安,女,28,25-29,无需要照顾的孩子,自由业者,freelancer,翻译,外省市户籍,陕西,,,
P06926,张诚,男,31,30-34,有未成年孩子,上班族,office_worker,高级运营专员,外省市户籍,江苏,,,
P06927,刘诺,女,28,25-29,无需要照顾的孩子,上班族,office_worker,行政专员,外省市户籍,江苏,,,
P06928,陈晴怡,女,31,30-34,有未成年孩子,上班族,office_worker,销售代表,上海户籍,上海,,,
P06929,李景然,男,38,35-39,有未成年孩子,服务业者,service_worker,收银员,外省市户籍,浙江,,,
P06930,徐欣清,女,38,35-39,无需要照顾的孩子,上班族,office_worker,销售经理,外省市户籍,其他,,,
P06931,孙曦涵,女,27,25-29,无需要照顾的孩子,服务业者,service_worker,理发师,外省市户籍,江苏,,,
P06932,吴可源,男,37,35-39,有未成年孩子,上班族,office_worker,HR经理,外省市户籍,山东,,,
P06933,周怡佳,女,25,25-29,有未成年孩子,体力劳动者,manual_worker,仓库操作员,外省市户籍,湖北,,,
P06934,唐诚文,男,30,30-34,有未成年孩子,上班族,office_worker,高级运营专员,外省市户籍,安徽,,,
P06935,袁雨,女,34,30-34,有未成年孩子,上班族,office_worker,软件工程师,上海户籍,上海,,,
P06936,郑知羽,男,36,35-39,有未成年孩子,上班族,office_worker,运营专员,外省市户籍,其他,,,
P06937,许欣琪,女,24,18-24,无需要照顾的孩子,自由业者,freelancer,网店经营者,外省市户籍,安徽,,,
P06938,黄宁琪,女,33,30-34,无需要照顾的孩子,上班族,office_worker,高级软件工程师,上海户籍,上海,,,
P06939,黄涵言,女,47,45-49,无需要照顾的孩子,服务业者,service_worker,酒店前台,上海户籍,上海,,,
P06940,张博安,男,31,30-34,有未成年孩子,体力劳动者,manual_worker,设备操作员,外省市户籍,河南,,,
P06941,李乐言,女,32,30-34,无需要照顾的孩子,服务业者,service_worker,店员,外省市户籍,安徽,,,
P06942,刘诺瑶,女,40,40-44,无需要照顾的孩子,服务业者,service_worker,房产经纪,外省市户籍,安徽,,,
P06943,冯怡,女,39,35-39,有未成年孩子,自由业者,freelancer,翻译,外省市户籍,江西,,,
P06944,李豪明,男,32,30-34,无需要照顾的孩子,体力劳动者,manual_worker,维修技师,外省市户籍,安徽,,,
P06945,韩乐晴,女,43,40-44,有未成年孩子,上班族,office_worker,采购专员,上海户籍,上海,,,
P06946,吴远,女,48,45-49,无需要照顾的孩子,服务业者,service_worker,健身教练,上海户籍,上海,,,
P06947,胡佑,男,38,35-39,有未成年孩子,体力劳动者,manual_worker,焊工,外省市户籍,湖北,,,
P06948,胡怡宁,女,44,40-44,有未成年孩子,服务业者,service_worker,保安,上海户籍,上海,,,
P06949,赵浩哲,男,21,18-24,无需要照顾的孩子,上班族,office_worker,高级软件工程师,外省市户籍,江苏,,,
P06950,邓一乐,女,28,25-29,无需要照顾的孩子,上班族,office_worker,行政专员,上海户籍,上海,,,
P06951,陈婷宁,女,19,18-24,无需要照顾的孩子,大学生,university_student,本科生,外省市户籍,安徽,,,
P06952,杨一,男,32,30-34,无需要照顾的孩子,服务业者,service_worker,房产经纪,上海户籍,上海,,,
P06953,林嘉,男,43,40-44,无需要照顾的孩子,上班族,office_worker,区域经理,上海户籍,上海,,,
P06954,徐文嘉,男,29,25-29,有未成年孩子,体力劳动者,manual_worker,快递员,上海户籍,上海,,,
P06955,王琪婷,女,47,45-49,无需要照顾的孩子,上班族,office_worker,客户经理,外省市户籍,湖南,,,
P06956,张嘉辰,男,43,40-44,有未成年孩子,上班族,office_worker,人力资源经理,外省市户籍,湖南,,,
P06957,李景轩,男,26,25-29,无需要照顾的孩子,上班族,office_worker,数据分析师,外省市户籍,其他,,,
P06958,张欣,女,32,30-34,有未成年孩子,上班族,office_worker,客户经理,上海户籍,上海,,,
P06959,谢言言,男,39,35-39,有成年孩子,上班族,office_worker,高级运营专员,外省市户籍,福建,,,
P06960,张志,男,49,45-49,有成年孩子,体力劳动者,manual_worker,设备操作员,上海户籍,上海,,,
P06961,陈泽,男,35,35-39,无需要照顾的孩子,自由业者,freelancer,咨询顾问,外省市户籍,浙江,,,
P06962,马安佳,女,33,30-34,有未成年孩子,服务业者,service_worker,酒店前台,外省市户籍,江苏,,,
P06963,吴佳琪,女,37,35-39,无需要照顾的孩子,服务业者,service_worker,收银员,外省市户籍,湖南,,,
P06964,杨睿心,男,24,18-24,无需要照顾的孩子,大学生,university_student,博士研究生,上海户籍,上海,,,
P06965,李轩,男,30,30-34,无需要照顾的孩子,上班族,office_worker,采购经理,上海户籍,上海,,,
P06966,马天可,男,34,30-34,无需要照顾的孩子,服务业者,service_worker,健身教练,上海户籍,上海,,,
P06967,王然豪,男,39,35-39,有未成年孩子,上班族,office_worker,HR经理,上海户籍,上海,,,
P06968,马涵思,女,29,25-29,无需要照顾的孩子,自由业者,freelancer,自由设计师,外省市户籍,河北,,,
P06969,宋天阳,男,28,25-29,无需要照顾的孩子,上班族,office_worker,销售经理,上海户籍,上海,,,
P06970,杨琪,女,28,25-29,无需要照顾的孩子,服务业者,service_worker,酒店服务人员,外省市户籍,湖北,,,
P06971,高婷嘉,女,32,30-34,无需要照顾的孩子,上班族,office_worker,行政专员,上海户籍,上海,,,
P06972,朱轩志,男,45,45-49,有成年孩子,上班族,office_worker,财务主管,外省市户籍,安徽,,,
P06973,陈桐语,女,46,45-49,无需要照顾的孩子,上班族,office_worker,产品经理,上海户籍,上海,,,
P06974,杨嫣宁,女,42,40-44,有未成年孩子,服务业者,service_worker,健身教练,上海户籍,上海,,,
P06975,王嘉,女,36,35-39,无需要照顾的孩子,上班族,office_worker,销售经理,上海户籍,上海,,,
P06976,张婷静,女,34,30-34,有未成年孩子,体力劳动者,manual_worker,电工,上海户籍,上海,,,
P06977,唐哲乐,男,41,40-44,有未成年孩子,服务业者,service_worker,酒店服务人员,上海户籍,上海,,,
P06978,张远,男,26,25-29,无需要照顾的孩子,大学生,university_student,硕士研究生,外省市户籍,湖南,,,
P06979,李桐婷,女,34,30-34,有未成年孩子,服务业者,service_worker,收银员,上海户籍,上海,,,
P06980,曹子宁,男,27,25-29,无需要照顾的孩子,上班族,office_worker,销售代表,外省市户籍,江苏,,,
P06981,李曦涵,女,31,30-34,有未成年孩子,体力劳动者,manual_worker,司机,外省市户籍,安徽,,,
P06982,李佳若,女,26,25-29,有未成年孩子,服务业者,service_worker,厨师,外省市户籍,湖南,,,
P06983,王子若,女,42,40-44,无需要照顾的孩子,自由业者,freelancer,咨询顾问,外省市户籍,湖北,,,
P06984,罗涵清,女,35,35-39,有未成年孩子,上班族,office_worker,HR经理,外省市户籍,山东,,,
P06985,袁欣彤,女,25,25-29,有未成年孩子,上班族,office_worker,数据分析师,外省市户籍,浙江,,,
P06986,王昊轩,男,49,45-49,有成年孩子,服务业者,service_worker,健身教练,上海户籍,上海,,,
P06987,周宁乐,男,47,45-49,有成年孩子,服务业者,service_worker,厨师,上海户籍,上海,,,
P06988,李安,男,32,30-34,有未成年孩子,体力劳动者,manual_worker,配送员,上海户籍,上海,,,
P06989,李曦,女,20,18-24,无需要照顾的孩子,大学生,university_student,本科生,外省市户籍,江西,,,
P06990,冯思,女,29,25-29,无需要照顾的孩子,上班族,office_worker,客户专员,上海户籍,上海,,,
P06991,李婉婉,女,40,40-44,有未成年孩子,服务业者,service_worker,收银员,外省市户籍,河南,,,
P06992,周嘉彤,女,34,30-34,无需要照顾的孩子,上班族,office_worker,产品经理,外省市户籍,江苏,,,
P06993,赵嘉一,女,22,18-24,无需要照顾的孩子,上班族,office_worker,采购专员,外省市户籍,安徽,,,
P06994,吴昊然,男,35,35-39,有成年孩子,上班族,office_worker,销售代表,外省市户籍,安徽,,,
P06995,唐博豪,男,43,40-44,有未成年孩子,体力劳动者,manual_worker,电工,外省市户籍,江西,,,
P06996,刘佳涵,女,33,30-34,有未成年孩子,上班族,office_worker,软件工程师,外省市户籍,河北,,,
P06997,徐怡晴,女,43,40-44,无需要照顾的孩子,自由业者,freelancer,翻译,外省市户籍,山东,,,
P06998,谢涵羽,女,33,30-34,有未成年孩子,服务业者,service_worker,美容师,上海户籍,上海,,,
P06999,李诺清,女,32,30-34,有未成年孩子,上班族,office_worker,财务主管,外省市户籍,陕西,,,
P07000,王哲,男,22,18-24,无需要照顾的孩子,大学生,university_student,本科生,外省市户籍,安徽,,,
P07001,李诚,男,34,30-34,无需要照顾的孩子,服务业者,service_worker,美容师,外省市户籍,安徽,,,
P07002,周远宁,女,33,30-34,无需要照顾的孩子,上班族,office_worker,数据分析师,外省市户籍,河南,,,
P07003,王哲泽,男,35,35-39,有未成年孩子,上班族,office_worker,数据分析师,上海户籍,上海,,,
P07004,张哲心,男,45,45-49,有成年孩子,服务业者,service_worker,酒店服务人员,外省市户籍,福建,,,
P07005,周静婉,女,19,18-24,无需要照顾的孩子,大学生,university_student,本科生,上海户籍,上海,,,
P07006,马星,女,23,18-24,无需要照顾的孩子,大学生,university_student,硕士研究生,上海户籍,上海,,,
P07007,刘轩文,男,27,25-29,有未成年孩子,自由业者,freelancer,自由设计师,外省市户籍,江西,,,
P07008,孙辰晨,男,30,30-34,无需要照顾的孩子,自由业者,freelancer,独立程序员,上海户籍,上海,,,
P07009,高泽哲,男,42,40-44,有成年孩子,服务业者,service_worker,保安,外省市户籍,江苏,,,
P07010,赵言睿,男,30,30-34,无需要照顾的孩子,上班族,office_worker,数据分析师,上海户籍,上海,,,
P07011,何宁宁,女,24,18-24,无需要照顾的孩子,大学生,university_student,硕士研究生,外省市户籍,江苏,,,
P07012,赵婷婷,女,30,30-34,无需要照顾的孩子,服务业者,service_worker,酒店服务人员,外省市户籍,湖南,,,
P07013,刘轩思,男,48,45-49,有成年孩子,体力劳动者,manual_worker,电工,外省市户籍,山东,,,
P07014,于诚,男,31,30-34,有未成年孩子,上班族,office_worker,项目经理,上海户籍,上海,,,
P07015,李羽博,男,26,25-29,无需要照顾的孩子,上班族,office_worker,运营专员,外省市户籍,浙江,,,
P07016,徐思,女,31,30-34,有未成年孩子,自由业者,freelancer,翻译,上海户籍,上海,,,
P07017,杨怡可,女,31,30-34,有未成年孩子,自由业者,freelancer,自媒体从业者,外省市户籍,江苏,,,
P07018,陈清安,女,24,18-24,无需要照顾的孩子,大学生,university_student,硕士研究生,外省市户籍,河南,,,
P07019,李景阳,男,40,40-44,有未成年孩子,上班族,office_worker,高级产品经理,上海户籍,上海,,,
P07020,郭思思,女,34,30-34,无需要照顾的孩子,服务业者,service_worker,美容师,外省市户籍,江苏,,,
P07021,何嘉羽,男,26,25-29,有未成年孩子,大学生,university_student,硕士研究生,外省市户籍,山东,,,
P07022,程源楷,男,38,35-39,有未成年孩子,服务业者,service_worker,美容师,上海户籍,上海,,,
P07023,何俊,男,42,40-44,有未成年孩子,上班族,office_worker,软件工程师,上海户籍,上海,,,
P07024,周梓天,男,47,45-49,有未成年孩子,服务业者,service_worker,健身教练,上海户籍,上海,,,
P07025,王子晴,女,30,30-34,无需要照顾的孩子,服务业者,service_worker,厨师,外省市户籍,四川,,,
P07026,陈羽景,男,48,45-49,无需要照顾的孩子,上班族,office_worker,HR经理,外省市户籍,湖南,,,
P07027,郑婉晓,女,38,35-39,有未成年孩子,服务业者,service_worker,厨师,外省市户籍,浙江,,,
P07028,胡心博,男,48,45-49,有未成年孩子,服务业者,service_worker,酒店服务人员,上海户籍,上海,,,
P07029,李浩诺,男,28,25-29,有未成年孩子,服务业者,service_worker,健身教练,上海户籍,上海,,,
P07030,吴涵嘉,女,28,25-29,无需要照顾的孩子,体力劳动者,manual_worker,维修技师,上海户籍,上海,,,
P07031,陈文杰,男,40,40-44,无需要照顾的孩子,服务业者,service_worker,收银员,外省市户籍,河北,,,
P07032,董志可,男,29,25-29,无需要照顾的孩子,上班族,office_worker,行政专员,外省市户籍,其他,,,
P07033,吴轩浩,男,40,40-44,有未成年孩子,服务业者,service_worker,保安,外省市户籍,江西,,,
P07034,袁子宁,男,36,35-39,有未成年孩子,上班族,office_worker,软件工程师,上海户籍,上海,,,
P07035,宋嘉诺,男,24,18-24,无需要照顾的孩子,服务业者,service_worker,保安,上海户籍,上海,,,
P07036,周远,男,31,30-34,有未成年孩子,上班族,office_worker,HR经理,上海户籍,上海,,,
P07037,韩可清,女,41,40-44,有未成年孩子,上班族,office_worker,会计,上海户籍,上海,,,
P07038,张心,男,18,18-24,无需要照顾的孩子,大学生,university_student,本科生,外省市户籍,安徽,,,
P07039,王文安,男,41,40-44,有未成年孩子,体力劳动者,manual_worker,配送员,外省市户籍,四川,,,
P07040,高思辰,女,47,45-49,有成年孩子,自由业者,freelancer,摄影师,外省市户籍,山东,,,
P07041,赵哲昊,男,27,25-29,无需要照顾的孩子,自由业者,freelancer,摄影师,上海户籍,上海,,,
P07042,张佳思,女,28,25-29,有未成年孩子,体力劳动者,manual_worker,安装工,上海户籍,上海,,,
P07043,张思,女,24,18-24,无需要照顾的孩子,大学生,university_student,硕士研究生,外省市户籍,福建,,,
P07044,张楷星,男,32,30-34,有未成年孩子,上班族,office_worker,采购专员,外省市户籍,山东,,,
P07045,于曦心,女,39,35-39,有未成年孩子,体力劳动者,manual_worker,安装工,外省市户籍,四川,,,
P07046,杨清彤,女,34,30-34,有未成年孩子,上班族,office_worker,HR经理,外省市户籍,四川,,,
P07047,刘心,女,41,40-44,有未成年孩子,体力劳动者,manual_worker,快递员,外省市户籍,广东,,,
P07048,张欣远,女,21,18-24,无需要照顾的孩子,上班族,office_worker,销售代表,上海户籍,上海,,,
P07049,周宁远,男,43,40-44,有未成年孩子,上班族,office_worker,采购经理,外省市户籍,浙江,,,
P07050,朱豪,男,46,45-49,有未成年孩子,上班族,office_worker,客户经理,外省市户籍,四川,,,
P07051,黄晓,女,41,40-44,有未成年孩子,上班族,office_worker,技术经理,外省市户籍,浙江,,,
P07052,陈明昊,男,26,25-29,无需要照顾的孩子,服务业者,service_worker,健身教练,外省市户籍,安徽,,,
P07053,郑文源,男,49,45-49,有未成年孩子,上班族,office_worker,数据分析师,上海户籍,上海,,,
P07054,王景涵,男,31,30-34,有未成年孩子,自由业者,freelancer,自由销售,上海户籍,上海,,,
P07055,陈桐辰,女,18,18-24,无需要照顾的孩子,上班族,office_worker,客户专员,上海户籍,上海,,,
P07056,李阳清,男,35,35-39,有未成年孩子,上班族,office_worker,数据分析师,外省市户籍,其他,,,
P07057,高晓婷,女,44,40-44,有未成年孩子,上班族,office_worker,高级运营专员,上海户籍,上海,,,
P07058,王嫣,女,31,30-34,无需要照顾的孩子,上班族,office_worker,客户经理,上海户籍,上海,,,
P07059,陈文阳,男,38,35-39,有未成年孩子,上班族,office_worker,数据分析师,外省市户籍,湖北,,,
P07060,高可宁,女,29,25-29,无需要照顾的孩子,体力劳动者,manual_worker,设备操作员,上海户籍,上海,,,
P07061,刘静可,女,39,35-39,无需要照顾的孩子,上班族,office_worker,软件工程师,外省市户籍,江苏,,,
P07062,张晨,男,36,35-39,无需要照顾的孩子,服务业者,service_worker,理发师,外省市户籍,其他,,,
P07063,刘羽可,女,25,25-29,有未成年孩子,上班族,office_worker,数据分析师,上海户籍,上海,,,
P07064,刘辰宇,男,25,25-29,无需要照顾的孩子,服务业者,service_worker,客服,上海户籍,上海,,,
P07065,刘杰远,男,37,35-39,无需要照顾的孩子,体力劳动者,manual_worker,电工,上海户籍,上海,,,
P07066,曹清欣,女,39,35-39,有未成年孩子,服务业者,service_worker,酒店前台,上海户籍,上海,,,
P07067,黄涵欣,女,28,25-29,无需要照顾的孩子,上班族,office_worker,客户经理,外省市户籍,湖北,,,
P07068,王杰嘉,男,41,40-44,有未成年孩子,服务业者,service_worker,酒店前台,外省市户籍,广东,,,
P07069,王辰欣,女,31,30-34,有未成年孩子,体力劳动者,manual_worker,维修技师,外省市户籍,浙江,,,
P07070,王一晨,男,36,35-39,有未成年孩子,体力劳动者,manual_worker,安装工,上海户籍,上海,,,
P07071,孙安晓,女,30,30-34,无需要照顾的孩子,上班族,office_worker,会计,外省市户籍,山东,,,
P07072,邓一嫣,女,30,30-34,有未成年孩子,服务业者,service_worker,健身教练,外省市户籍,河南,,,
P07073,王杰哲,男,30,30-34,无需要照顾的孩子,上班族,office_worker,软件工程师,上海户籍,上海,,,
P07074,陈博天,男,26,25-29,无需要照顾的孩子,上班族,office_worker,高级运营专员,上海户籍,上海,,,
P07075,邓知昊,男,29,25-29,无需要照顾的孩子,服务业者,service_worker,店员,上海户籍,上海,,,
P07076,刘轩晨,男,32,30-34,无需要照顾的孩子,上班族,office_worker,销售经理,上海户籍,上海,,,
P07077,陈远言,男,41,40-44,有未成年孩子,上班族,office_worker,财务主管,上海户籍,上海,,,
P07078,孙佳,女,31,30-34,有未成年孩子,上班族,office_worker,HR经理,上海户籍,上海,,,
P07079,谢涵博,男,38,35-39,有未成年孩子,体力劳动者,manual_worker,搬运工,外省市户籍,江苏,,,
P07080,唐欣,女,28,25-29,无需要照顾的孩子,上班族,office_worker,运营专员,上海户籍,上海,,,
P07081,李彤,女,18,18-24,无需要照顾的孩子,自由业者,freelancer,独立程序员,外省市户籍,江苏,,,
P07082,王晨,女,30,30-34,有未成年孩子,上班族,office_worker,销售经理,上海户籍,上海,,,
P07083,王婉,女,39,35-39,有未成年孩子,服务业者,service_worker,房产经纪,外省市户籍,山东,,,
P07084,陈涵辰,女,44,40-44,有成年孩子,服务业者,service_worker,餐厅服务员,上海户籍,上海,,,
P07085,朱远哲,男,38,35-39,无需要照顾的孩子,体力劳动者,manual_worker,维修技师,上海户籍,上海,,,
P07086,李婉婷,女,38,35-39,有未成年孩子,服务业者,service_worker,客服,外省市户籍,湖南,,,
P07087,韩梓,男,28,25-29,无需要照顾的孩子,体力劳动者,manual_worker,维修技师,外省市户籍,河南,,,
P07088,林瑶清,女,31,30-34,有未成年孩子,上班族,office_worker,销售代表,外省市户籍,江苏,,,
P07089,胡思宁,男,45,45-49,有未成年孩子,自由业者,freelancer,摄影师,上海户籍,上海,,,
P07090,宋景嘉,男,43,40-44,有未成年孩子,自由业者,freelancer,咨询顾问,外省市户籍,湖南,,,
P07091,王俊言,男,46,45-49,有未成年孩子,服务业者,service_worker,理发师,外省市户籍,湖南,,,
P07092,韩宁,男,31,30-34,无需要照顾的孩子,大学生,university_student,硕士研究生,外省市户籍,山东,,,
P07093,朱曦婷,女,33,30-34,无需要照顾的孩子,自由业者,freelancer,自由设计师,外省市户籍,安徽,,,
P07094,曹博安,男,42,40-44,有未成年孩子,自由业者,freelancer,自由销售,外省市户籍,安徽,,,
P07095,王远文,男,18,18-24,无需要照顾的孩子,大学生,university_student,硕士研究生,上海户籍,上海,,,
P07096,于景豪,男,49,45-49,有未成年孩子,服务业者,service_worker,酒店服务人员,外省市户籍,湖南,,,
P07097,马文安,男,31,30-34,有未成年孩子,上班族,office_worker,运营专员,外省市户籍,河南,,,
P07098,马佑乐,男,34,30-34,无需要照顾的孩子,服务业者,service_worker,收银员,外省市户籍,浙江,,,
P07099,吴轩浩,男,38,35-39,有未成年孩子,上班族,office_worker,设计师,外省市户籍,江苏,,,
P07100,陈佳涵,女,41,40-44,有未成年孩子,体力劳动者,manual_worker,司机,外省市户籍,其他,,,
P07101,张婷嘉,女,37,35-39,有成年孩子,上班族,office_worker,产品经理,上海户籍,上海,,,
P07102,陈乐婉,女,29,25-29,无需要照顾的孩子,大学生,university_student,博士研究生,上海户籍,上海,,,
P07103,林知,男,29,25-29,无需要照顾的孩子,服务业者,service_worker,保安,上海户籍,上海,,,
P07104,赵一宁,女,28,25-29,无需要照顾的孩子,上班族,office_worker,项目经理,外省市户籍,浙江,,,
P07105,梁诺雅,女,25,25-29,有未成年孩子,服务业者,service_worker,美容师,上海户籍,上海,,,
P07106,何景志,男,49,45-49,有未成年孩子,体力劳动者,manual_worker,设备操作员,外省市户籍,湖北,,,
P07107,朱浩,男,48,45-49,有成年孩子,上班族,office_worker,财务主管,外省市户籍,湖南,,,
P07108,程瑶思,女,26,25-29,无需要照顾的孩子,上班族,office_worker,行政专员,外省市户籍,湖南,,,
P07109,王怡子,女,48,45-49,无需要照顾的孩子,上班族,office_worker,采购经理,外省市户籍,河南,,,
P07110,刘涵,女,28,25-29,有未成年孩子,上班族,office_worker,销售代表,外省市户籍,浙江,,,
P07111,王怡,女,24,18-24,无需要照顾的孩子,上班族,office_worker,行政专员,外省市户籍,河北,,,
P07112,陈晨佳,女,23,18-24,无需要照顾的孩子,大学生,university_student,本科生,外省市户籍,山东,,,
P07113,梁婉源,女,25,25-29,无需要照顾的孩子,服务业者,service_worker,厨师,外省市户籍,江苏,,,
P07114,杨言,女,21,18-24,无需要照顾的孩子,服务业者,service_worker,厨师,外省市户籍,浙江,,,
P07115,黄文辰,男,41,40-44,有未成年孩子,服务业者,service_worker,保安,外省市户籍,安徽,,,
P07116,陈子轩,男,24,18-24,无需要照顾的孩子,体力劳动者,manual_worker,快递员,上海户籍,上海,,,
P07117,李知豪,男,44,40-44,有未成年孩子,服务业者,service_worker,理发师,外省市户籍,安徽,,,
P07118,杨天浩,男,35,35-39,无需要照顾的孩子,体力劳动者,manual_worker,焊工,外省市户籍,江苏,,,
P07119,赵清阳,男,37,35-39,有未成年孩子,上班族,office_worker,数据分析师,上海户籍,上海,,,
P07120,刘子泽,男,40,40-44,无需要照顾的孩子,上班族,office_worker,数据分析师,上海户籍,上海,,,
P07121,程宁清,女,28,25-29,有未成年孩子,服务业者,service_worker,理发师,上海户籍,上海,,,
P07122,赵远思,女,46,45-49,有成年孩子,上班族,office_worker,高级产品经理,外省市户籍,江苏,,,
P07123,赵哲,男,19,18-24,无需要照顾的孩子,上班族,office_worker,数据分析师,外省市户籍,浙江,,,
P07124,朱源琪,女,45,45-49,有未成年孩子,上班族,office_worker,财务主管,外省市户籍,其他,,,
P07125,程宇,男,30,30-34,无需要照顾的孩子,上班族,office_worker,数据分析师,外省市户籍,山东,,,
P07126,朱桐,女,38,35-39,有未成年孩子,上班族,office_worker,高级软件工程师,外省市户籍,山东,,,
P07127,孙源明,男,30,30-34,有未成年孩子,上班族,office_worker,客户经理,外省市户籍,河南,,,
P07128,王嘉可,女,40,40-44,有未成年孩子,上班族,office_worker,销售经理,上海户籍,上海,,,
P07129,赵轩,男,35,35-39,无需要照顾的孩子,自由业者,freelancer,咨询顾问,外省市户籍,安徽,,,
P07130,韩晨浩,男,22,18-24,无需要照顾的孩子,自由业者,freelancer,自由设计师,上海户籍,上海,,,
P07131,林怡婉,女,38,35-39,有未成年孩子,服务业者,service_worker,客服,外省市户籍,河南,,,
P07132,郑文哲,男,49,45-49,有未成年孩子,服务业者,service_worker,酒店前台,外省市户籍,福建,,,
P07133,李星然,男,29,25-29,有未成年孩子,体力劳动者,manual_worker,焊工,外省市户籍,河南,,,
P07134,陈涵心,女,33,30-34,无需要照顾的孩子,服务业者,service_worker,酒店服务人员,外省市户籍,山东,,,
P07135,杨远轩,男,35,35-39,有未成年孩子,体力劳动者,manual_worker,搬运工,外省市户籍,山东,,,
P07136,陈佑博,男,28,25-29,无需要照顾的孩子,上班族,office_worker,软件工程师,外省市户籍,湖南,,,
P07137,陈志天,男,28,25-29,有未成年孩子,大学生,university_student,博士研究生,上海户籍,上海,,,
P07138,杨然然,男,28,25-29,有未成年孩子,上班族,office_worker,数据分析师,上海户籍,上海,,,
P07139,朱婉晓,女,34,30-34,有未成年孩子,服务业者,service_worker,餐厅服务员,外省市户籍,其他,,,
P07140,孙远乐,男,36,35-39,无需要照顾的孩子,服务业者,service_worker,健身教练,上海户籍,上海,,,
P07141,袁一阳,男,33,30-34,有未成年孩子,体力劳动者,manual_worker,建筑工人,外省市户籍,江苏,,,
P07142,刘静若,女,44,40-44,有未成年孩子,服务业者,service_worker,理发师,外省市户籍,湖北,,,
P07143,李欣佳,女,30,30-34,有未成年孩子,上班族,office_worker,采购经理,外省市户籍,四川,,,
P07144,冯安,男,31,30-34,有未成年孩子,服务业者,service_worker,健身教练,外省市户籍,江苏,,,
P07145,郭宇浩,男,29,25-29,无需要照顾的孩子,自由业者,freelancer,独立程序员,上海户籍,上海,,,
P07146,周欣,女,20,18-24,无需要照顾的孩子,服务业者,service_worker,保安,上海户籍,上海,,,
P07147,李宁嘉,女,23,18-24,无需要照顾的孩子,大学生,university_student,硕士研究生,外省市户籍,安徽,,,
P07148,张志昊,男,30,30-34,无需要照顾的孩子,服务业者,service_worker,店员,外省市户籍,浙江,,,
P07149,孙佳远,女,27,25-29,有未成年孩子,大学生,university_student,硕士研究生,上海户籍,上海,,,
P07150,朱诚,男,38,35-39,有未成年孩子,自由业者,freelancer,独立程序员,外省市户籍,其他,,,
P07151,陈知,女,35,35-39,无需要照顾的孩子,自由业者,freelancer,网店经营者,上海户籍,上海,,,
P07152,罗晨怡,女,47,45-49,有未成年孩子,上班族,office_worker,高级运营专员,上海户籍,上海,,,
P07153,李轩睿,男,29,25-29,有未成年孩子,体力劳动者,manual_worker,搬运工,外省市户籍,河南,,,
P07154,王梦可,女,37,35-39,有未成年孩子,上班族,office_worker,销售经理,外省市户籍,安徽,,,
P07155,杨文诚,男,31,30-34,有未成年孩子,服务业者,service_worker,酒店服务人员,上海户籍,上海,,,
P07156,周哲杰,男,32,30-34,有未成年孩子,服务业者,service_worker,健身教练,外省市户籍,湖北,,,
P07157,于知安,男,49,45-49,有成年孩子,上班族,office_worker,财务主管,外省市户籍,浙江,,,
P07158,张知,女,32,30-34,无需要照顾的孩子,上班族,office_worker,销售代表,外省市户籍,安徽,,,
P07159,赵博泽,男,48,45-49,有未成年孩子,自由业者,freelancer,自由销售,上海户籍,上海,,,
P07160,罗星一,男,18,18-24,无需要照顾的孩子,服务业者,service_worker,酒店前台,外省市户籍,广东,,,
P07161,张泽俊,男,41,40-44,有未成年孩子,上班族,office_worker,财务主管,外省市户籍,江苏,,,
P07162,刘轩诺,男,48,45-49,无需要照顾的孩子,上班族,office_worker,项目经理,上海户籍,上海,,,
P07163,林乐宁,女,47,45-49,无需要照顾的孩子,上班族,office_worker,采购经理,外省市户籍,广东,,,
P07164,曹思知,女,36,35-39,有未成年孩子,体力劳动者,manual_worker,仓库操作员,外省市户籍,浙江,,,
P07165,陈星晨,男,22,18-24,无需要照顾的孩子,自由业者,freelancer,独立程序员,上海户籍,上海,,,
P07166,杨晓思,女,37,35-39,有未成年孩子,自由业者,freelancer,翻译,外省市户籍,福建,,,
P07167,罗知,女,34,30-34,无需要照顾的孩子,上班族,office_worker,财务主管,上海户籍,上海,,,
P07168,邓景羽,男,40,40-44,有未成年孩子,自由业者,freelancer,网店经营者,上海户籍,上海,,,
P07169,胡静可,女,24,18-24,有未成年孩子,服务业者,service_worker,理发师,外省市户籍,江苏,,,
P07170,周源琪,女,18,18-24,无需要照顾的孩子,自由业者,freelancer,咨询顾问,外省市户籍,湖北,,,
P07171,李乐宁,女,33,30-34,有未成年孩子,上班族,office_worker,采购专员,上海户籍,上海,,,
P07172,程嘉诺,男,45,45-49,有成年孩子,上班族,office_worker,高级项目经理,上海户籍,上海,,,
P07173,孙轩辰,男,39,35-39,有未成年孩子,上班族,office_worker,高级软件工程师,上海户籍,上海,,,
P07174,王一涵,女,30,30-34,无需要照顾的孩子,体力劳动者,manual_worker,配送员,上海户籍,上海,,,
P07175,赵睿远,男,46,45-49,无需要照顾的孩子,服务业者,service_worker,收银员,外省市户籍,四川,,,
P07176,周晨源,男,48,45-49,有成年孩子,服务业者,service_worker,厨师,上海户籍,上海,,,
P07177,吴雅嘉,女,28,25-29,无需要照顾的孩子,体力劳动者,manual_worker,设备操作员,外省市户籍,四川,,,
P07178,陈辰,男,45,45-49,无需要照顾的孩子,服务业者,service_worker,美容师,上海户籍,上海,,,
P07179,陈雅,女,29,25-29,无需要照顾的孩子,服务业者,service_worker,客服,外省市户籍,安徽,,,
P07180,高可瑶,女,41,40-44,有未成年孩子,服务业者,service_worker,店员,外省市户籍,广东,,,
P07181,陈瑶,女,44,40-44,有未成年孩子,体力劳动者,manual_worker,搬运工,外省市户籍,安徽,,,
P07182,王安安,男,35,35-39,无需要照顾的孩子,服务业者,service_worker,美容师,外省市户籍,湖北,,,
P07183,高豪子,男,28,25-29,有未成年孩子,上班族,office_worker,财务专员,外省市户籍,江苏,,,
P07184,赵俊泽,男,41,40-44,有成年孩子,上班族,office_worker,产品经理,上海户籍,上海,,,
P07185,杨佳子,女,33,30-34,有未成年孩子,体力劳动者,manual_worker,配送员,上海户籍,上海,,,
P07186,李安星,男,36,35-39,有未成年孩子,服务业者,service_worker,房产经纪,外省市户籍,浙江,,,
P07187,李心,女,43,40-44,无需要照顾的孩子,上班族,office_worker,销售经理,上海户籍,上海,,,
P07188,黄可涵,男,20,18-24,无需要照顾的孩子,体力劳动者,manual_worker,快递员,上海户籍,上海,,,
P07189,王一瑶,女,32,30-34,有未成年孩子,体力劳动者,manual_worker,安装工,外省市户籍,安徽,,,
P07190,孙轩哲,男,47,45-49,无需要照顾的孩子,上班族,office_worker,财务经理,上海户籍,上海,,,
P07191,徐涵,男,34,30-34,无需要照顾的孩子,自由业者,freelancer,独立程序员,外省市户籍,江西,,,
P07192,刘诺源,女,30,30-34,有未成年孩子,自由业者,freelancer,网店经营者,外省市户籍,江西,,,
P07193,袁远杰,男,44,40-44,有未成年孩子,服务业者,service_worker,餐厅服务员,上海户籍,上海,,,
P07194,陈宁乐,女,39,35-39,有未成年孩子,上班族,office_worker,软件工程师,上海户籍,上海,,,
P07195,张晓诗,女,33,30-34,无需要照顾的孩子,服务业者,service_worker,美容师,上海户籍,上海,,,
P07196,胡言明,男,25,25-29,无需要照顾的孩子,上班族,office_worker,设计师,上海户籍,上海,,,
P07197,张佳言,女,48,45-49,有未成年孩子,体力劳动者,manual_worker,搬运工,外省市户籍,山东,,,
P07198,罗乐琪,女,27,25-29,有未成年孩子,上班族,office_worker,财务专员,上海户籍,上海,,,
P07199,郑欣涵,女,48,45-49,有未成年孩子,自由业者,freelancer,摄影师,外省市户籍,湖北,,,
P07200,陈若诗,女,32,30-34,有未成年孩子,大学生,university_student,博士研究生,外省市户籍,江苏,,,
P07201,郭诚嘉,男,33,30-34,无需要照顾的孩子,上班族,office_worker,销售经理,上海户籍,上海,,,
P07202,吴哲可,男,31,30-34,无需要照顾的孩子,体力劳动者,manual_worker,焊工,外省市户籍,浙江,,,
P07203,周桐晨,女,19,18-24,无需要照顾的孩子,上班族,office_worker,财务专员,上海户籍,上海,,,
P07204,罗星杰,男,27,25-29,无需要照顾的孩子,自由业者,freelancer,网店经营者,上海户籍,上海,,,
P07205,胡明嘉,男,45,45-49,有未成年孩子,上班族,office_worker,技术经理,外省市户籍,河南,,,
P07206,朱思豪,男,49,45-49,有未成年孩子,自由业者,freelancer,自媒体从业者,外省市户籍,安徽,,,
P07207,陈知,女,33,30-34,无需要照顾的孩子,上班族,office_worker,财务专员,上海户籍,上海,,,
P07208,刘思婷,女,28,25-29,有未成年孩子,自由业者,freelancer,翻译,上海户籍,上海,,,
P07209,王豪景,男,35,35-39,有未成年孩子,上班族,office_worker,客户经理,上海户籍,上海,,,
P07210,陈静言,女,27,25-29,无需要照顾的孩子,大学生,university_student,博士研究生,外省市户籍,山东,,,
P07211,刘可佳,女,33,30-34,有未成年孩子,自由业者,freelancer,网店经营者,上海户籍,上海,,,
P07212,孙哲,男,43,40-44,有成年孩子,上班族,office_worker,HR经理,上海户籍,上海,,,
P07213,罗羽,男,25,25-29,无需要照顾的孩子,体力劳动者,manual_worker,焊工,上海户籍,上海,,,
P07214,王瑶,女,32,30-34,无需要照顾的孩子,上班族,office_worker,软件工程师,上海户籍,上海,,,
P07215,黄天思,男,44,40-44,有未成年孩子,上班族,office_worker,行政专员,外省市户籍,浙江,,,
P07216,李嘉,男,27,25-29,有未成年孩子,上班族,office_worker,数据分析师,外省市户籍,江苏,,,
P07217,唐乐楷,男,31,30-34,无需要照顾的孩子,上班族,office_worker,数据分析师,外省市户籍,河南,,,
P07218,徐景杰,男,27,25-29,有未成年孩子,体力劳动者,manual_worker,安装工,上海户籍,上海,,,
P07219,何浩远,男,23,18-24,无需要照顾的孩子,自由业者,freelancer,网店经营者,上海户籍,上海,,,
P07220,马思,女,21,18-24,无需要照顾的孩子,大学生,university_student,本科生,外省市户籍,其他,,,
P07221,曹清昊,男,44,40-44,有未成年孩子,上班族,office_worker,数据分析师,外省市户籍,其他,,,
P07222,张心星,男,40,40-44,有未成年孩子,体力劳动者,manual_worker,快递员,外省市户籍,江苏,,,
P07223,胡源言,男,29,25-29,无需要照顾的孩子,上班族,office_worker,销售经理,外省市户籍,山东,,,
P07224,周天宁,男,41,40-44,有未成年孩子,服务业者,service_worker,店员,外省市户籍,安徽,,,
P07225,王安言,女,26,25-29,无需要照顾的孩子,体力劳动者,manual_worker,设备操作员,外省市户籍,四川,,,
P07226,张羽婷,女,28,25-29,无需要照顾的孩子,上班族,office_worker,运营专员,外省市户籍,安徽,,,
P07227,宋思,女,47,45-49,有成年孩子,体力劳动者,manual_worker,搬运工,外省市户籍,河南,,,
P07228,吴晨怡,女,18,18-24,无需要照顾的孩子,上班族,office_worker,设计师,上海户籍,上海,,,
P07229,张源瑶,女,36,35-39,有未成年孩子,上班族,office_worker,财务专员,上海户籍,上海,,,
P07230,张涵可,女,42,40-44,有未成年孩子,服务业者,service_worker,美容师,外省市户籍,河南,,,
P07231,孙清,女,30,30-34,有未成年孩子,服务业者,service_worker,房产经纪,上海户籍,上海,,,
P07232,周豪哲,男,39,35-39,有未成年孩子,上班族,office_worker,客户经理,外省市户籍,河南,,,
P07233,刘嘉涵,女,25,25-29,无需要照顾的孩子,上班族,office_worker,客户经理,上海户籍,上海,,,
P07234,刘浩子,男,32,30-34,有未成年孩子,体力劳动者,manual_worker,安装工,外省市户籍,安徽,,,
P07235,宋宁佳,女,29,25-29,无需要照顾的孩子,上班族,office_worker,财务专员,外省市户籍,安徽,,,
P07236,李星,男,36,35-39,有未成年孩子,服务业者,service_worker,美容师,上海户籍,上海,,,
P07237,吴雅,女,22,18-24,无需要照顾的孩子,服务业者,service_worker,美容师,外省市户籍,四川,,,
P07238,刘思知,女,26,25-29,无需要照顾的孩子,上班族,office_worker,财务主管,上海户籍,上海,,,
P07239,朱怡,女,23,18-24,有未成年孩子,上班族,office_worker,销售代表,外省市户籍,河南,,,
P07240,周睿宇,男,28,25-29,无需要照顾的孩子,上班族,office_worker,设计师,上海户籍,上海,,,
P07241,赵思,女,24,18-24,无需要照顾的孩子,上班族,office_worker,财务专员,外省市户籍,安徽,,,
P07242,胡泽泽,男,29,25-29,无需要照顾的孩子,服务业者,service_worker,店员,外省市户籍,广东,,,
P07243,李清羽,男,36,35-39,有未成年孩子,体力劳动者,manual_worker,安装工,外省市户籍,河北,,,
P07244,刘宁雨,女,37,35-39,有未成年孩子,服务业者,service_worker,厨师,外省市户籍,江西,,,
P07245,刘阳睿,男,24,18-24,无需要照顾的孩子,大学生,university_student,硕士研究生,外省市户籍,江苏,,,
P07246,林嘉昊,男,33,30-34,无需要照顾的孩子,上班族,office_worker,财务主管,外省市户籍,河南,,,
P07247,李昊浩,男,23,18-24,无需要照顾的孩子,大学生,university_student,本科生,上海户籍,上海,,,
P07248,周言涵,女,43,40-44,有未成年孩子,上班族,office_worker,采购经理,外省市户籍,四川,,,
P07249,王言,男,28,25-29,无需要照顾的孩子,自由业者,freelancer,翻译,外省市户籍,四川,,,
P07250,刘星思,男,41,40-44,有未成年孩子,自由业者,freelancer,自媒体从业者,外省市户籍,浙江,,,
P07251,张俊博,男,20,18-24,无需要照顾的孩子,服务业者,service_worker,厨师,外省市户籍,湖北,,,
P07252,张嘉彤,女,25,25-29,无需要照顾的孩子,体力劳动者,manual_worker,快递员,上海户籍,上海,,,
P07253,李羽语,女,39,35-39,有未成年孩子,体力劳动者,manual_worker,配送员,外省市户籍,江苏,,,
P07254,吴豪远,男,21,18-24,无需要照顾的孩子,上班族,office_worker,客户专员,外省市户籍,四川,,,
P07255,郭可宁,女,48,45-49,有未成年孩子,上班族,office_worker,数据分析师,外省市户籍,广东,,,
P07256,韩轩楷,男,25,25-29,无需要照顾的孩子,上班族,office_worker,财务专员,上海户籍,上海,,,
P07257,宋知,女,33,30-34,有未成年孩子,上班族,office_worker,客户专员,上海户籍,上海,,,
P07258,赵佳,女,20,18-24,无需要照顾的孩子,上班族,office_worker,会计,外省市户籍,江西,,,
P07259,李怡婉,女,29,25-29,有未成年孩子,上班族,office_worker,销售代表,上海户籍,上海,,,
P07260,徐若,女,40,40-44,无需要照顾的孩子,服务业者,service_worker,收银员,外省市户籍,江西,,,
P07261,徐思,女,41,40-44,有未成年孩子,自由业者,freelancer,自由销售,外省市户籍,江西,,,
P07262,杨心睿,男,27,25-29,无需要照顾的孩子,自由业者,freelancer,独立程序员,外省市户籍,四川,,,
P07263,李宁,女,42,40-44,有成年孩子,上班族,office_worker,采购专员,外省市户籍,江苏,,,
P07264,董豪,男,41,40-44,有成年孩子,体力劳动者,manual_worker,仓库操作员,上海户籍,上海,,,
P07265,张睿,男,48,45-49,无需要照顾的孩子,体力劳动者,manual_worker,快递员,上海户籍,上海,,,
P07266,刘佑嘉,男,18,18-24,无需要照顾的孩子,体力劳动者,manual_worker,维修技师,外省市户籍,其他,,,
P07267,李瑶欣,女,38,35-39,有未成年孩子,上班族,office_worker,设计师,外省市户籍,湖北,,,
P07268,刘晨轩,男,31,30-34,无需要照顾的孩子,上班族,office_worker,客户专员,外省市户籍,湖北,,,
P07269,徐宁涵,女,39,35-39,无需要照顾的孩子,体力劳动者,manual_worker,设备操作员,上海户籍,上海,,,
P07270,徐嫣梦,女,31,30-34,有未成年孩子,上班族,office_worker,高级运营专员,外省市户籍,江西,,,
P07271,袁俊哲,男,47,45-49,有未成年孩子,服务业者,service_worker,客服,外省市户籍,浙江,,,
P07272,杨辰曦,女,46,45-49,无需要照顾的孩子,自由业者,freelancer,私教,外省市户籍,安徽,,,
P07273,张晨,男,23,18-24,无需要照顾的孩子,服务业者,service_worker,酒店服务人员,外省市户籍,其他,,,
P07274,吴嘉远,男,30,30-34,无需要照顾的孩子,上班族,office_worker,客户经理,上海户籍,上海,,,
P07275,胡辰晓,女,39,35-39,有未成年孩子,服务业者,service_worker,房产经纪,上海户籍,上海,,,
P07276,谢嫣言,女,47,45-49,有未成年孩子,自由业者,freelancer,网店经营者,外省市户籍,福建,,,
P07277,陈博景,男,25,25-29,无需要照顾的孩子,上班族,office_worker,数据分析师,外省市户籍,安徽,,,
P07278,陈曦雅,女,41,40-44,有未成年孩子,自由业者,freelancer,自媒体从业者,外省市户籍,江西,,,
P07279,冯晨,男,18,18-24,无需要照顾的孩子,上班族,office_worker,财务专员,外省市户籍,安徽,,,
P07280,高言心,女,40,40-44,无需要照顾的孩子,上班族,office_worker,会计,外省市户籍,其他,,,
P07281,周轩可,男,23,18-24,无需要照顾的孩子,大学生,university_student,本科生,外省市户籍,山东,,,
P07282,周心,女,35,35-39,有未成年孩子,自由业者,freelancer,独立程序员,外省市户籍,河南,,,
P07283,韩婷一,女,30,30-34,无需要照顾的孩子,体力劳动者,manual_worker,建筑工人,外省市户籍,山东,,,
P07284,韩心轩,男,28,25-29,无需要照顾的孩子,上班族,office_worker,销售代表,上海户籍,上海,,,
P07285,徐佳,女,46,45-49,有未成年孩子,体力劳动者,manual_worker,配送员,外省市户籍,广东,,,
P07286,李琪晨,女,37,35-39,无需要照顾的孩子,上班族,office_worker,HR经理,上海户籍,上海,,,
P07287,周嘉静,女,38,35-39,有未成年孩子,上班族,office_worker,数据分析师,上海户籍,上海,,,
P07288,朱俊轩,男,37,35-39,无需要照顾的孩子,自由业者,freelancer,网店经营者,上海户籍,上海,,,
P07289,刘安宁,男,32,30-34,无需要照顾的孩子,上班族,office_worker,采购专员,上海户籍,上海,,,
P07290,梁晨可,女,30,30-34,无需要照顾的孩子,上班族,office_worker,数据分析师,外省市户籍,湖南,,,
P07291,陈琪静,女,32,30-34,无需要照顾的孩子,上班族,office_worker,软件工程师,外省市户籍,山东,,,
P07292,李星,女,45,45-49,有未成年孩子,上班族,office_worker,项目经理,上海户籍,上海,,,
P07293,吴晨言,女,26,25-29,有未成年孩子,服务业者,service_worker,店员,上海户籍,上海,,,
P07294,周远安,男,36,35-39,有未成年孩子,服务业者,service_worker,收银员,上海户籍,上海,,,
P07295,陈清,女,25,25-29,有未成年孩子,服务业者,service_worker,餐厅服务员,上海户籍,上海,,,
P07296,于哲天,男,40,40-44,有成年孩子,上班族,office_worker,产品经理,外省市户籍,浙江,,,
P07297,刘一晨,女,32,30-34,无需要照顾的孩子,自由业者,freelancer,翻译,上海户籍,上海,,,
P07298,黄嫣嫣,女,18,18-24,无需要照顾的孩子,大学生,university_student,本科生,上海户籍,上海,,,
P07299,赵雨雨,女,34,30-34,无需要照顾的孩子,上班族,office_worker,会计,外省市户籍,四川,,,
P07300,郭雨晓,女,31,30-34,有未成年孩子,上班族,office_worker,采购经理,上海户籍,上海,,,
P07301,林子远,女,39,35-39,有未成年孩子,上班族,office_worker,采购经理,外省市户籍,河南,,,
P07302,孙文哲,男,45,45-49,有未成年孩子,体力劳动者,manual_worker,快递员,上海户籍,上海,,,
P07303,李清文,男,32,30-34,无需要照顾的孩子,体力劳动者,manual_worker,维修技师,外省市户籍,湖南,,,
P07304,宋楷哲,男,33,30-34,有未成年孩子,上班族,office_worker,软件工程师,外省市户籍,其他,,,
P07305,吴宁乐,男,36,35-39,有未成年孩子,体力劳动者,manual_worker,配送员,上海户籍,上海,,,
P07306,董曦婉,女,46,45-49,无需要照顾的孩子,体力劳动者,manual_worker,仓库操作员,外省市户籍,河南,,,
P07307,刘浩清,男,34,30-34,无需要照顾的孩子,服务业者,service_worker,客服,外省市户籍,江苏,,,
P07308,李可志,男,37,35-39,有未成年孩子,上班族,office_worker,项目经理,上海户籍,上海,,,
P07309,王可涵,女,34,30-34,有未成年孩子,上班族,office_worker,运营专员,外省市户籍,江苏,,,
P07310,杨阳诺,男,29,25-29,无需要照顾的孩子,服务业者,service_worker,酒店服务人员,外省市户籍,安徽,,,
P07311,王雨思,女,33,30-34,无需要照顾的孩子,上班族,office_worker,客户经理,上海户籍,上海,,,
P07312,赵晓婷,女,41,40-44,有未成年孩子,上班族,office_worker,高级运营专员,外省市户籍,山东,,,
P07313,宋佳,女,28,25-29,无需要照顾的孩子,服务业者,service_worker,房产经纪,上海户籍,上海,,,
P07314,吴杰,男,24,18-24,无需要照顾的孩子,服务业者,service_worker,房产经纪,外省市户籍,安徽,,,
P07315,唐琪,女,44,40-44,有未成年孩子,上班族,office_worker,高级软件工程师,外省市户籍,安徽,,,
P07316,唐一乐,男,32,30-34,无需要照顾的孩子,自由业者,freelancer,自媒体从业者,上海户籍,上海,,,
P07317,陈星然,男,20,18-24,无需要照顾的孩子,大学生,university_student,本科生,外省市户籍,河北,,,
P07318,孙阳博,男,22,18-24,无需要照顾的孩子,服务业者,service_worker,厨师,上海户籍,上海,,,
P07319,陈昊羽,男,29,25-29,无需要照顾的孩子,自由业者,freelancer,自媒体从业者,上海户籍,上海,,,
P07320,韩安,女,29,25-29,无需要照顾的孩子,自由业者,freelancer,翻译,外省市户籍,四川,,,
P07321,王欣婉,女,31,30-34,有未成年孩子,上班族,office_worker,运营经理,外省市户籍,广东,,,
P07322,郑羽文,男,42,40-44,无需要照顾的孩子,服务业者,service_worker,房产经纪,上海户籍,上海,,,
P07323,王知源,女,35,35-39,有成年孩子,上班族,office_worker,设计师,外省市户籍,安徽,,,
P07324,李远嘉,男,45,45-49,有未成年孩子,体力劳动者,manual_worker,维修技师,上海户籍,上海,,,
P07325,王志梓,男,48,45-49,有成年孩子,体力劳动者,manual_worker,维修技师,上海户籍,上海,,,
P07326,韩宇豪,男,40,40-44,无需要照顾的孩子,服务业者,service_worker,酒店服务人员,上海户籍,上海,,,
P07327,梁辰,男,40,40-44,有成年孩子,上班族,office_worker,高级项目经理,外省市户籍,江苏,,,
P07328,王宁,女,21,18-24,无需要照顾的孩子,体力劳动者,manual_worker,仓库操作员,外省市户籍,江苏,,,
P07329,黄志,男,42,40-44,有未成年孩子,自由业者,freelancer,翻译,外省市户籍,浙江,,,
P07330,张豪嘉,男,35,35-39,无需要照顾的孩子,自由业者,freelancer,网店经营者,外省市户籍,河北,,,
P07331,徐佑轩,男,37,35-39,无需要照顾的孩子,上班族,office_worker,客户经理,外省市户籍,广东,,,
P07332,赵安曦,女,39,35-39,无需要照顾的孩子,上班族,office_worker,销售经理,上海户籍,上海,,,
P07333,林然豪,男,18,18-24,无需要照顾的孩子,上班族,office_worker,客户专员,外省市户籍,安徽,,,
P07334,徐羽一,男,44,40-44,有成年孩子,体力劳动者,manual_worker,快递员,外省市户籍,江苏,,,
P07335,张星远,男,43,40-44,无需要照顾的孩子,上班族,office_worker,人力资源经理,上海户籍,上海,,,
P07336,王雨心,女,45,45-49,有未成年孩子,体力劳动者,manual_worker,电工,外省市户籍,其他,,,
P07337,李安安,女,20,18-24,无需要照顾的孩子,大学生,university_student,本科生,上海户籍,上海,,,
P07338,邓涵,女,32,30-34,无需要照顾的孩子,体力劳动者,manual_worker,焊工,上海户籍,上海,,,
P07339,宋泽然,男,41,40-44,有未成年孩子,上班族,office_worker,HR经理,外省市户籍,江西,,,
P07340,张涵瑶,女,21,18-24,无需要照顾的孩子,大学生,university_student,硕士研究生,上海户籍,上海,,,
P07341,程羽梓,男,25,25-29,无需要照顾的孩子,体力劳动者,manual_worker,配送员,外省市户籍,湖南,,,
P07342,张楷景,男,26,25-29,无需要照顾的孩子,自由业者,freelancer,咨询顾问,外省市户籍,江苏,,,
P07343,张诺杰,男,42,40-44,有未成年孩子,体力劳动者,manual_worker,搬运工,上海户籍,上海,,,
P07344,张嘉,男,49,45-49,无需要照顾的孩子,上班族,office_worker,财务经理,外省市户籍,山东,,,
P07345,罗思梦,女,37,35-39,有未成年孩子,上班族,office_worker,客户经理,外省市户籍,江苏,,,
P07346,李然楷,男,40,40-44,有成年孩子,体力劳动者,manual_worker,电工,上海户籍,上海,,,
P07347,徐远彤,女,48,45-49,有未成年孩子,服务业者,service_worker,酒店服务人员,上海户籍,上海,,,
P07348,朱远婉,女,20,18-24,无需要照顾的孩子,上班族,office_worker,设计师,上海户籍,上海,,,
P07349,王怡安,女,24,18-24,无需要照顾的孩子,上班族,office_worker,销售代表,上海户籍,上海,,,
P07350,王涵瑶,女,32,30-34,有未成年孩子,上班族,office_worker,数据分析师,外省市户籍,江苏,,,
P07351,梁楷宁,男,30,30-34,有未成年孩子,上班族,office_worker,销售代表,上海户籍,上海,,,
P07352,张星佳,女,25,25-29,无需要照顾的孩子,服务业者,service_worker,客服,外省市户籍,河北,,,
P07353,冯子羽,男,30,30-34,有未成年孩子,上班族,office_worker,采购经理,外省市户籍,安徽,,,
P07354,韩星嘉,男,26,25-29,有未成年孩子,大学生,university_student,硕士研究生,外省市户籍,安徽,,,
P07355,刘婉,女,42,40-44,有成年孩子,上班族,office_worker,财务主管,外省市户籍,安徽,,,
P07356,吴景阳,男,27,25-29,无需要照顾的孩子,上班族,office_worker,数据分析师,上海户籍,上海,,,
P07357,林欣心,女,38,35-39,有未成年孩子,上班族,office_worker,销售代表,上海户籍,上海,,,
P07358,冯羽,女,20,18-24,无需要照顾的孩子,服务业者,service_worker,厨师,外省市户籍,其他,,,
P07359,梁诗,女,49,45-49,有未成年孩子,体力劳动者,manual_worker,电工,上海户籍,上海,,,
P07360,刘雨星,女,22,18-24,无需要照顾的孩子,上班族,office_worker,高级软件工程师,外省市户籍,安徽,,,
P07361,李杰羽,男,24,18-24,无需要照顾的孩子,上班族,office_worker,运营专员,外省市户籍,河北,,,
P07362,陈宁景,男,34,30-34,无需要照顾的孩子,体力劳动者,manual_worker,维修技师,外省市户籍,江苏,,,
P07363,刘怡可,女,48,45-49,有成年孩子,服务业者,service_worker,理发师,上海户籍,上海,,,
P07364,张雅瑶,女,28,25-29,无需要照顾的孩子,自由业者,freelancer,自由销售,上海户籍,上海,,,
P07365,李轩文,男,36,35-39,有成年孩子,体力劳动者,manual_worker,配送员,上海户籍,上海,,,
P07366,张然宁,男,28,25-29,有未成年孩子,服务业者,service_worker,客服,上海户籍,上海,,,
P07367,孙天文,男,45,45-49,有未成年孩子,体力劳动者,manual_worker,配送员,上海户籍,上海,,,
P07368,张文安,男,22,18-24,无需要照顾的孩子,自由业者,freelancer,自媒体从业者,上海户籍,上海,,,
P07369,黄子佳,女,48,45-49,有成年孩子,服务业者,service_worker,客服,外省市户籍,四川,,,
P07370,郭晓婷,女,32,30-34,无需要照顾的孩子,上班族,office_worker,客户专员,上海户籍,上海,,,
P07371,杨晨星,男,37,35-39,有未成年孩子,服务业者,service_worker,客服,外省市户籍,其他,,,
P07372,王若嘉,女,34,30-34,有未成年孩子,上班族,office_worker,设计师,外省市户籍,江西,,,
P07373,曹雅辰,女,36,35-39,有未成年孩子,自由业者,freelancer,私教,上海户籍,上海,,,
P07374,邓欣子,女,31,30-34,有未成年孩子,服务业者,service_worker,餐厅服务员,上海户籍,上海,,,
P07375,林然,男,38,35-39,有未成年孩子,上班族,office_worker,财务专员,外省市户籍,安徽,,,
P07376,郭昊嘉,男,36,35-39,无需要照顾的孩子,上班族,office_worker,财务主管,上海户籍,上海,,,
P07377,刘安婷,女,41,40-44,有未成年孩子,上班族,office_worker,高级项目经理,上海户籍,上海,,,
P07378,谢静源,女,46,45-49,有未成年孩子,自由业者,freelancer,咨询顾问,上海户籍,上海,,,
P07379,刘欣晨,女,18,18-24,无需要照顾的孩子,自由业者,freelancer,自由设计师,外省市户籍,浙江,,,
P07380,周志浩,男,31,30-34,有未成年孩子,上班族,office_worker,数据分析师,上海户籍,上海,,,
P07381,李心子,男,19,18-24,无需要照顾的孩子,服务业者,service_worker,健身教练,外省市户籍,山东,,,
P07382,陈远,男,39,35-39,有未成年孩子,上班族,office_worker,数据分析师,外省市户籍,江西,,,
P07383,郭晨晨,女,26,25-29,无需要照顾的孩子,体力劳动者,manual_worker,电工,上海户籍,上海,,,
P07384,周子,男,38,35-39,无需要照顾的孩子,上班族,office_worker,客户经理,外省市户籍,福建,,,
P07385,陈诗晨,女,23,18-24,无需要照顾的孩子,大学生,university_student,硕士研究生,外省市户籍,四川,,,
P07386,周雅佳,女,33,30-34,无需要照顾的孩子,上班族,office_worker,销售经理,外省市户籍,江苏,,,
P07387,高清雅,女,29,25-29,无需要照顾的孩子,上班族,office_worker,销售经理,外省市户籍,湖南,,,
P07388,冯可婉,女,27,25-29,有未成年孩子,上班族,office_worker,客户专员,外省市户籍,浙江,,,
P07389,李清,女,31,30-34,无需要照顾的孩子,体力劳动者,manual_worker,仓库操作员,上海户籍,上海,,,
P07390,谢宁嘉,男,26,25-29,有未成年孩子,大学生,university_student,硕士研究生,外省市户籍,江苏,,,
P07391,马子景,男,39,35-39,有未成年孩子,服务业者,service_worker,保安,上海户籍,上海,,,
P07392,于晨怡,女,27,25-29,有未成年孩子,上班族,office_worker,数据分析师,外省市户籍,江西,,,
P07393,陈涵雅,女,26,25-29,无需要照顾的孩子,体力劳动者,manual_worker,快递员,上海户籍,上海,,,
P07394,郭怡子,女,42,40-44,有未成年孩子,上班族,office_worker,采购经理,外省市户籍,浙江,,,
P07395,张轩,男,37,35-39,有未成年孩子,上班族,office_worker,数据分析师,外省市户籍,安徽,,,
P07396,赵轩清,男,38,35-39,有未成年孩子,服务业者,service_worker,餐厅服务员,上海户籍,上海,,,
P07397,曹桐语,女,27,25-29,无需要照顾的孩子,体力劳动者,manual_worker,快递员,外省市户籍,浙江,,,
P07398,谢阳远,男,19,18-24,无需要照顾的孩子,服务业者,service_worker,餐厅服务员,外省市户籍,浙江,,,
P07399,罗昊,男,31,30-34,无需要照顾的孩子,上班族,office_worker,高级软件工程师,外省市户籍,安徽,,,
P07400,吴语婷,女,37,35-39,有成年孩子,上班族,office_worker,销售经理,上海户籍,上海,,,
P07401,刘博轩,男,25,25-29,无需要照顾的孩子,上班族,office_worker,销售代表,上海户籍,上海,,,
P07402,李嘉可,女,40,40-44,有未成年孩子,上班族,office_worker,技术经理,外省市户籍,河南,,,
P07403,王可知,女,41,40-44,无需要照顾的孩子,上班族,office_worker,高级软件工程师,外省市户籍,浙江,,,
P07404,吴欣晨,女,46,45-49,有成年孩子,自由业者,freelancer,自由设计师,外省市户籍,江苏,,,
P07405,周昊远,男,26,25-29,无需要照顾的孩子,大学生,university_student,本科生,外省市户籍,安徽,,,
P07406,张静桐,女,25,25-29,无需要照顾的孩子,上班族,office_worker,财务专员,上海户籍,上海,,,
P07407,张婷,女,42,40-44,无需要照顾的孩子,上班族,office_worker,采购专员,上海户籍,上海,,,
P07408,王婉桐,女,24,18-24,无需要照顾的孩子,服务业者,service_worker,收银员,上海户籍,上海,,,
P07409,陈安欣,女,31,30-34,无需要照顾的孩子,服务业者,service_worker,餐厅服务员,外省市户籍,河南,,,
P07410,周嘉乐,男,29,25-29,无需要照顾的孩子,上班族,office_worker,销售代表,外省市户籍,河南,,,
P07411,徐天诺,男,28,25-29,有未成年孩子,上班族,office_worker,财务专员,外省市户籍,山东,,,
P07412,马欣涵,女,43,40-44,无需要照顾的孩子,体力劳动者,manual_worker,建筑工人,上海户籍,上海,,,
P07413,李雨心,女,43,40-44,有未成年孩子,服务业者,service_worker,收银员,外省市户籍,江西,,,
P07414,李轩,男,41,40-44,有成年孩子,体力劳动者,manual_worker,维修技师,外省市户籍,安徽,,,
P07415,周心明,男,18,18-24,无需要照顾的孩子,自由业者,freelancer,咨询顾问,外省市户籍,河南,,,
P07416,赵然,男,36,35-39,有未成年孩子,上班族,office_worker,产品经理,上海户籍,上海,,,
P07417,胡星羽,女,40,40-44,无需要照顾的孩子,服务业者,service_worker,理发师,上海户籍,上海,,,
P07418,何乐,男,46,45-49,有未成年孩子,服务业者,service_worker,收银员,外省市户籍,浙江,,,
P07419,陈源,女,43,40-44,无需要照顾的孩子,上班族,office_worker,高级软件工程师,上海户籍,上海,,,
P07420,徐心,女,26,25-29,无需要照顾的孩子,上班族,office_worker,产品经理,外省市户籍,江西,,,
P07421,王安嘉,男,22,18-24,无需要照顾的孩子,大学生,university_student,本科生,外省市户籍,安徽,,,
P07422,杨婉涵,女,37,35-39,有未成年孩子,自由业者,freelancer,自由销售,外省市户籍,湖北,,,
P07423,王思可,男,35,35-39,无需要照顾的孩子,上班族,office_worker,销售经理,外省市户籍,江苏,,,
P07424,杨睿,男,33,30-34,无需要照顾的孩子,服务业者,service_worker,酒店前台,上海户籍,上海,,,
P07425,赵宁,女,27,25-29,有未成年孩子,自由业者,freelancer,翻译,外省市户籍,江苏,,,
P07426,邓泽,男,28,25-29,无需要照顾的孩子,自由业者,freelancer,私教,外省市户籍,湖南,,,
P07427,王晴星,女,26,25-29,无需要照顾的孩子,服务业者,service_worker,酒店前台,外省市户籍,浙江,,,
P07428,杨琪,女,40,40-44,有未成年孩子,服务业者,service_worker,酒店前台,外省市户籍,湖南,,,
P07429,李诗安,女,24,18-24,无需要照顾的孩子,大学生,university_student,本科生,外省市户籍,浙江,,,
P07430,王晨,女,49,45-49,有成年孩子,上班族,office_worker,产品经理,外省市户籍,山东,,,
P07431,林楷涵,男,26,25-29,无需要照顾的孩子,服务业者,service_worker,厨师,外省市户籍,安徽,,,
P07432,于言知,女,32,30-34,无需要照顾的孩子,体力劳动者,manual_worker,维修技师,外省市户籍,江苏,,,
P07433,张睿,男,38,35-39,有未成年孩子,上班族,office_worker,财务主管,外省市户籍,湖北,,,
P07434,唐诺婷,女,41,40-44,无需要照顾的孩子,服务业者,service_worker,餐厅服务员,外省市户籍,四川,,,
P07435,张博可,男,35,35-39,有未成年孩子,上班族,office_worker,项目经理,外省市户籍,江苏,,,
P07436,唐涵桐,女,49,45-49,有未成年孩子,服务业者,service_worker,店员,外省市户籍,江苏,,,
P07437,韩远星,女,40,40-44,无需要照顾的孩子,上班族,office_worker,财务经理,外省市户籍,其他,,,
P07438,黄源睿,男,48,45-49,有未成年孩子,上班族,office_worker,设计师,外省市户籍,江苏,,,
P07439,孙清远,女,33,30-34,无需要照顾的孩子,自由业者,freelancer,咨询顾问,外省市户籍,安徽,,,
P07440,于晨志,男,22,18-24,无需要照顾的孩子,大学生,university_student,本科生,外省市户籍,湖北,,,
P07441,朱哲昊,男,28,25-29,有未成年孩子,服务业者,service_worker,店员,外省市户籍,安徽,,,
P07442,周一安,女,28,25-29,有未成年孩子,上班族,office_worker,会计,外省市户籍,湖北,,,
P07443,胡源梓,男,42,40-44,有成年孩子,服务业者,service_worker,健身教练,外省市户籍,河南,,,
P07444,黄景,男,49,45-49,有成年孩子,体力劳动者,manual_worker,电工,外省市户籍,其他,,,
P07445,高彤心,女,20,18-24,无需要照顾的孩子,上班族,office_worker,运营专员,上海户籍,上海,,,
P07446,王天心,男,26,25-29,无需要照顾的孩子,上班族,office_worker,销售代表,上海户籍,上海,,,
P07447,宋嘉涵,女,19,18-24,无需要照顾的孩子,服务业者,service_worker,店员,外省市户籍,河南,,,
P07448,赵佑然,男,31,30-34,有未成年孩子,服务业者,service_worker,厨师,外省市户籍,山东,,,
P07449,杨欣,女,26,25-29,有未成年孩子,自由业者,freelancer,私教,外省市户籍,安徽,,,
P07450,李晓若,女,38,35-39,无需要照顾的孩子,上班族,office_worker,客户经理,外省市户籍,安徽,,,
P07451,王涵楷,男,26,25-29,无需要照顾的孩子,上班族,office_worker,设计师,上海户籍,上海,,,
P07452,周可,女,29,25-29,无需要照顾的孩子,服务业者,service_worker,健身教练,上海户籍,上海,,,
P07453,黄嘉宁,男,40,40-44,有未成年孩子,服务业者,service_worker,酒店前台,外省市户籍,河南,,,
P07454,马怡怡,女,32,30-34,无需要照顾的孩子,上班族,office_worker,销售代表,上海户籍,上海,,,
P07455,李清涵,男,33,30-34,无需要照顾的孩子,大学生,university_student,硕士研究生,外省市户籍,山东,,,
P07456,孙心,女,35,35-39,有未成年孩子,上班族,office_worker,会计,外省市户籍,江苏,,,
P07457,陈然辰,男,27,25-29,无需要照顾的孩子,上班族,office_worker,销售代表,上海户籍,上海,,,
P07458,张博志,男,20,18-24,无需要照顾的孩子,服务业者,service_worker,保安,上海户籍,上海,,,
P07459,黄晨思,男,47,45-49,有未成年孩子,自由业者,freelancer,独立程序员,上海户籍,上海,,,
P07460,王星羽,女,34,30-34,无需要照顾的孩子,服务业者,service_worker,房产经纪,上海户籍,上海,,,
P07461,李静桐,女,41,40-44,无需要照顾的孩子,自由业者,freelancer,独立程序员,上海户籍,上海,,,
P07462,王桐辰,女,37,35-39,有未成年孩子,服务业者,service_worker,理发师,外省市户籍,山东,,,
P07463,郑晴琪,女,38,35-39,无需要照顾的孩子,上班族,office_worker,客户专员,上海户籍,上海,,,
P07464,宋然思,男,33,30-34,有未成年孩子,体力劳动者,manual_worker,仓库操作员,上海户籍,上海,,,
P07465,张俊宁,男,30,30-34,无需要照顾的孩子,上班族,office_worker,采购经理,外省市户籍,江苏,,,
P07466,王思瑶,女,42,40-44,有未成年孩子,体力劳动者,manual_worker,仓库操作员,外省市户籍,河北,,,
P07467,李若怡,女,47,45-49,有未成年孩子,上班族,office_worker,高级运营专员,上海户籍,上海,,,
P07468,孙志远,男,25,25-29,无需要照顾的孩子,上班族,office_worker,设计师,上海户籍,上海,,,
P07469,宋楷睿,男,20,18-24,无需要照顾的孩子,上班族,office_worker,高级软件工程师,上海户籍,上海,,,
P07470,刘景哲,男,27,25-29,无需要照顾的孩子,服务业者,service_worker,厨师,外省市户籍,湖北,,,
P07471,张雅,女,35,35-39,有未成年孩子,上班族,office_worker,高级运营专员,上海户籍,上海,,,
P07472,徐羽嘉,女,34,30-34,有未成年孩子,自由业者,freelancer,自媒体从业者,外省市户籍,山东,,,
P07473,郑可宁,男,40,40-44,有未成年孩子,上班族,office_worker,区域经理,外省市户籍,河南,,,
P07474,李天嘉,男,36,35-39,有未成年孩子,上班族,office_worker,高级软件工程师,上海户籍,上海,,,
P07475,马轩文,男,19,18-24,无需要照顾的孩子,大学生,university_student,本科生,上海户籍,上海,,,
P07476,朱一宇,男,34,30-34,有未成年孩子,体力劳动者,manual_worker,搬运工,外省市户籍,浙江,,,
P07477,李若曦,女,43,40-44,有成年孩子,上班族,office_worker,高级软件工程师,外省市户籍,湖北,,,
P07478,朱然羽,男,40,40-44,无需要照顾的孩子,上班族,office_worker,高级软件工程师,上海户籍,上海,,,
P07479,李文可,男,28,25-29,无需要照顾的孩子,上班族,office_worker,销售代表,上海户籍,上海,,,
P07480,曹豪知,男,21,18-24,无需要照顾的孩子,服务业者,service_worker,餐厅服务员,上海户籍,上海,,,
P07481,王宁怡,女,29,25-29,无需要照顾的孩子,自由业者,freelancer,私教,上海户籍,上海,,,
P07482,赵哲杰,男,36,35-39,有未成年孩子,体力劳动者,manual_worker,仓库操作员,上海户籍,上海,,,
P07483,周佳琪,女,47,45-49,有成年孩子,上班族,office_worker,销售经理,外省市户籍,湖北,,,
P07484,张婷静,女,30,30-34,有未成年孩子,体力劳动者,manual_worker,电工,上海户籍,上海,,,
P07485,马源,男,35,35-39,有未成年孩子,上班族,office_worker,行政专员,外省市户籍,安徽,,,
P07486,刘嘉景,男,28,25-29,无需要照顾的孩子,自由业者,freelancer,私教,上海户籍,上海,,,
P07487,胡怡桐,女,30,30-34,有未成年孩子,服务业者,service_worker,美容师,外省市户籍,江苏,,,
P07488,李彤曦,女,30,30-34,无需要照顾的孩子,上班族,office_worker,销售经理,上海户籍,上海,,,
P07489,郭思博,男,29,25-29,无需要照顾的孩子,服务业者,service_worker,餐厅服务员,上海户籍,上海,,,
P07490,王若晨,女,45,45-49,有未成年孩子,上班族,office_worker,高级产品经理,上海户籍,上海,,,
P07491,陈佳,女,34,30-34,无需要照顾的孩子,服务业者,service_worker,美容师,上海户籍,上海,,,
P07492,吴晨心,男,31,30-34,有未成年孩子,自由业者,freelancer,翻译,外省市户籍,江苏,,,
P07493,张晓彤,女,37,35-39,有未成年孩子,自由业者,freelancer,摄影师,上海户籍,上海,,,
P07494,王文轩,男,49,45-49,无需要照顾的孩子,体力劳动者,manual_worker,快递员,外省市户籍,湖南,,,
P07495,王轩景,男,42,40-44,无需要照顾的孩子,服务业者,service_worker,美容师,上海户籍,上海,,,
P07496,刘博宁,男,32,30-34,有未成年孩子,服务业者,service_worker,餐厅服务员,外省市户籍,安徽,,,
P07497,宋泽,男,25,25-29,有未成年孩子,自由业者,freelancer,摄影师,外省市户籍,四川,,,
P07498,张明文,男,21,18-24,无需要照顾的孩子,上班族,office_worker,财务专员,外省市户籍,江苏,,,
P07499,张思雅,女,32,30-34,有未成年孩子,大学生,university_student,硕士研究生,外省市户籍,浙江,,,
P07500,张清,男,21,18-24,无需要照顾的孩子,服务业者,service_worker,客服,外省市户籍,江苏,,,
P07501,邓羽,女,36,35-39,有未成年孩子,服务业者,service_worker,房产经纪,外省市户籍,江西,,,
P07502,陈桐言,女,28,25-29,无需要照顾的孩子,服务业者,service_worker,美容师,外省市户籍,江苏,,,
P07503,李哲宁,男,40,40-44,有未成年孩子,体力劳动者,manual_worker,搬运工,外省市户籍,浙江,,,
P07504,黄豪远,男,19,18-24,无需要照顾的孩子,大学生,university_student,本科生,上海户籍,上海,,,
P07505,朱可景,男,43,40-44,有未成年孩子,上班族,office_worker,数据分析师,外省市户籍,四川,,,
P07506,高轩远,男,44,40-44,有未成年孩子,服务业者,service_worker,餐厅服务员,上海户籍,上海,,,
P07507,胡清,男,28,25-29,无需要照顾的孩子,上班族,office_worker,行政专员,外省市户籍,山东,,,
P07508,李远,女,28,25-29,无需要照顾的孩子,自由业者,freelancer,翻译,上海户籍,上海,,,
P07509,张一涵,男,28,25-29,有未成年孩子,服务业者,service_worker,客服,外省市户籍,安徽,,,
P07510,赵辰一,女,26,25-29,无需要照顾的孩子,上班族,office_worker,销售代表,外省市户籍,江苏,,,
P07511,曹阳辰,男,32,30-34,无需要照顾的孩子,上班族,office_worker,客户专员,上海户籍,上海,,,
P07512,徐晨清,男,24,18-24,无需要照顾的孩子,大学生,university_student,硕士研究生,外省市户籍,江苏,,,
P07513,张涵诗,女,26,25-29,无需要照顾的孩子,大学生,university_student,硕士研究生,上海户籍,上海,,,
P07514,王嘉,男,29,25-29,无需要照顾的孩子,上班族,office_worker,HR经理,上海户籍,上海,,,
P07515,刘知远,女,31,30-34,无需要照顾的孩子,自由业者,freelancer,摄影师,外省市户籍,安徽,,,
P07516,徐瑶星,女,49,45-49,有成年孩子,上班族,office_worker,财务主管,外省市户籍,安徽,,,
P07517,马一睿,男,40,40-44,有未成年孩子,自由业者,freelancer,独立程序员,上海户籍,上海,,,
P07518,李辰明,男,32,30-34,无需要照顾的孩子,服务业者,service_worker,理发师,上海户籍,上海,,,
P07519,赵诚,男,42,40-44,有成年孩子,服务业者,service_worker,厨师,外省市户籍,江苏,,,
P07520,郭琪辰,女,27,25-29,无需要照顾的孩子,上班族,office_worker,项目经理,外省市户籍,安徽,,,
P07521,杨辰源,女,41,40-44,无需要照顾的孩子,上班族,office_worker,数据分析师,上海户籍,上海,,,
P07522,胡诺晨,女,22,18-24,有未成年孩子,上班族,office_worker,销售代表,上海户籍,上海,,,
P07523,赵浩,男,22,18-24,无需要照顾的孩子,大学生,university_student,本科生,外省市户籍,江苏,,,
P07524,赵晨远,女,18,18-24,无需要照顾的孩子,上班族,office_worker,销售代表,外省市户籍,福建,,,
P07525,郑思嘉,男,27,25-29,无需要照顾的孩子,上班族,office_worker,部门经理,外省市户籍,安徽,,,
P07526,王桐婷,女,36,35-39,有未成年孩子,上班族,office_worker,软件工程师,外省市户籍,浙江,,,
P07527,陈可,男,29,25-29,无需要照顾的孩子,上班族,office_worker,财务主管,外省市户籍,江苏,,,
P07528,王宁轩,男,39,35-39,有未成年孩子,体力劳动者,manual_worker,维修技师,外省市户籍,安徽,,,
P07529,王志诚,男,25,25-29,无需要照顾的孩子,上班族,office_worker,销售经理,上海户籍,上海,,,
P07530,王星远,男,34,30-34,有未成年孩子,体力劳动者,manual_worker,快递员,上海户籍,上海,,,
P07531,张知,男,39,35-39,无需要照顾的孩子,服务业者,service_worker,理发师,上海户籍,上海,,,
P07532,李子可,女,35,35-39,有未成年孩子,自由业者,freelancer,私教,外省市户籍,江苏,,,
P07533,黄轩,男,27,25-29,有未成年孩子,服务业者,service_worker,客服,外省市户籍,河北,,,
P07534,高乐,女,41,40-44,有未成年孩子,上班族,office_worker,高级产品经理,外省市户籍,浙江,,,
P07535,李宁若,女,42,40-44,无需要照顾的孩子,体力劳动者,manual_worker,安装工,外省市户籍,安徽,,,
P07536,徐安,男,29,25-29,无需要照顾的孩子,上班族,office_worker,数据分析师,上海户籍,上海,,,
P07537,周静源,女,37,35-39,有未成年孩子,自由业者,freelancer,摄影师,上海户籍,上海,,,
P07538,王梓诺,男,34,30-34,无需要照顾的孩子,服务业者,service_worker,美容师,上海户籍,上海,,,
P07539,朱雅,女,30,30-34,有未成年孩子,上班族,office_worker,高级运营专员,外省市户籍,河南,,,
P07540,徐若一,女,41,40-44,有未成年孩子,自由业者,freelancer,自由销售,外省市户籍,湖北,,,
P07541,李怡嫣,女,43,40-44,有未成年孩子,上班族,office_worker,产品经理,上海户籍,上海,,,
P07542,王清子,男,26,25-29,无需要照顾的孩子,上班族,office_worker,销售经理,外省市户籍,江苏,,,
P07543,李安宁,女,35,35-39,有未成年孩子,上班族,office_worker,设计师,外省市户籍,浙江,,,
P07544,杨可,女,35,35-39,有未成年孩子,上班族,office_worker,客户专员,上海户籍,上海,,,
P07545,黄思清,女,28,25-29,无需要照顾的孩子,体力劳动者,manual_worker,配送员,外省市户籍,河南,,,
P07546,宋乐,女,24,18-24,无需要照顾的孩子,上班族,office_worker,财务专员,外省市户籍,山东,,,
P07547,郑一,女,42,40-44,无需要照顾的孩子,上班族,office_worker,销售经理,外省市户籍,浙江,,,
P07548,赵知思,女,42,40-44,有未成年孩子,体力劳动者,manual_worker,安装工,外省市户籍,福建,,,
P07549,唐豪,男,38,35-39,有未成年孩子,自由业者,freelancer,咨询顾问,外省市户籍,河南,,,
P07550,邓安阳,男,29,25-29,有未成年孩子,大学生,university_student,博士研究生,上海户籍,上海,,,
P07551,李文辰,男,23,18-24,无需要照顾的孩子,服务业者,service_worker,厨师,外省市户籍,安徽,,,
P07552,刘可,男,29,25-29,有未成年孩子,体力劳动者,manual_worker,搬运工,上海户籍,上海,,,
P07553,张佳心,女,47,45-49,有未成年孩子,服务业者,service_worker,酒店前台,外省市户籍,安徽,,,
P07554,马辰,女,25,25-29,有未成年孩子,上班族,office_worker,客户专员,上海户籍,上海,,,
P07555,朱辰哲,男,31,30-34,有未成年孩子,体力劳动者,manual_worker,安装工,外省市户籍,山东,,,
P07556,周远,女,21,18-24,无需要照顾的孩子,服务业者,service_worker,健身教练,外省市户籍,湖南,,,
P07557,袁俊,男,27,25-29,无需要照顾的孩子,上班族,office_worker,行政专员,外省市户籍,河北,,,
P07558,周思晴,女,39,35-39,有未成年孩子,服务业者,service_worker,理发师,上海户籍,上海,,,
P07559,周哲天,男,28,25-29,有未成年孩子,上班族,office_worker,客户经理,外省市户籍,其他,,,
P07560,孙涵羽,男,19,18-24,无需要照顾的孩子,上班族,office_worker,会计,上海户籍,上海,,,
P07561,王嘉明,男,28,25-29,有未成年孩子,上班族,office_worker,软件工程师,外省市户籍,其他,,,
P07562,刘子明,男,39,35-39,有未成年孩子,自由业者,freelancer,私教,外省市户籍,安徽,,,
P07563,张志嘉,男,31,30-34,有未成年孩子,体力劳动者,manual_worker,搬运工,外省市户籍,安徽,,,
P07564,周思佳,女,28,25-29,无需要照顾的孩子,上班族,office_worker,销售代表,外省市户籍,河南,,,
P07565,孙泽,男,39,35-39,无需要照顾的孩子,上班族,office_worker,数据分析师,上海户籍,上海,,,
P07566,张彤晨,女,28,25-29,无需要照顾的孩子,上班族,office_worker,会计,外省市户籍,湖北,,,
P07567,刘远然,男,25,25-29,无需要照顾的孩子,服务业者,service_worker,健身教练,外省市户籍,山东,,,
P07568,王琪婉,女,40,40-44,无需要照顾的孩子,上班族,office_worker,区域经理,外省市户籍,安徽,,,
P07569,林星明,男,32,30-34,有未成年孩子,上班族,office_worker,高级软件工程师,上海户籍,上海,,,
P07570,李宁远,男,34,30-34,无需要照顾的孩子,上班族,office_worker,客户经理,上海户籍,上海,,,
P07571,徐博安,男,26,25-29,有未成年孩子,服务业者,service_worker,美容师,外省市户籍,江西,,,
P07572,黄子嫣,女,38,35-39,有成年孩子,上班族,office_worker,客户经理,外省市户籍,广东,,,
P07573,刘一嫣,女,20,18-24,无需要照顾的孩子,服务业者,service_worker,收银员,上海户籍,上海,,,
P07574,赵心思,女,25,25-29,有未成年孩子,上班族,office_worker,软件工程师,外省市户籍,安徽,,,
P07575,张佑辰,男,39,35-39,有未成年孩子,体力劳动者,manual_worker,电工,外省市户籍,浙江,,,
P07576,徐晨晨,男,25,25-29,有未成年孩子,上班族,office_worker,数据分析师,外省市户籍,安徽,,,
P07577,李思言,男,27,25-29,无需要照顾的孩子,上班族,office_worker,项目经理,上海户籍,上海,,,
P07578,王嘉然,男,25,25-29,无需要照顾的孩子,服务业者,service_worker,客服,外省市户籍,安徽,,,
P07579,刘星雨,女,27,25-29,有未成年孩子,上班族,office_worker,软件工程师,外省市户籍,浙江,,,
P07580,黄可浩,男,35,35-39,有未成年孩子,自由业者,freelancer,网店经营者,外省市户籍,其他,,,
P07581,王心然,男,20,18-24,有未成年孩子,大学生,university_student,本科生,外省市户籍,山东,,,
P07582,陈宁,男,45,45-49,有成年孩子,上班族,office_worker,采购经理,上海户籍,上海,,,
P07583,李可思,女,27,25-29,无需要照顾的孩子,服务业者,service_worker,客服,外省市户籍,河北,,,
P07584,刘晨涵,男,35,35-39,无需要照顾的孩子,自由业者,freelancer,自由销售,外省市户籍,江苏,,,
P07585,刘雅佳,女,20,18-24,无需要照顾的孩子,服务业者,service_worker,保安,外省市户籍,安徽,,,
P07586,赵诚轩,男,30,30-34,有未成年孩子,上班族,office_worker,会计,外省市户籍,河南,,,
P07587,黄羽,女,30,30-34,有未成年孩子,体力劳动者,manual_worker,司机,上海户籍,上海,,,
P07588,张远睿,男,37,35-39,无需要照顾的孩子,上班族,office_worker,财务专员,外省市户籍,河南,,,
P07589,梁景知,男,34,30-34,有未成年孩子,服务业者,service_worker,美容师,上海户籍,上海,,,
P07590,张欣,女,18,18-24,无需要照顾的孩子,服务业者,service_worker,健身教练,上海户籍,上海,,,
P07591,王轩子,男,39,35-39,有未成年孩子,自由业者,freelancer,自由设计师,上海户籍,上海,,,
P07592,张乐辰,男,37,35-39,无需要照顾的孩子,体力劳动者,manual_worker,设备操作员,外省市户籍,福建,,,
P07593,徐心晨,男,31,30-34,无需要照顾的孩子,服务业者,service_worker,厨师,外省市户籍,四川,,,
P07594,杨杰嘉,男,29,25-29,有未成年孩子,上班族,office_worker,财务专员,外省市户籍,江苏,,,
P07595,徐彤一,女,31,30-34,无需要照顾的孩子,上班族,office_worker,高级项目经理,上海户籍,上海,,,
P07596,杨星心,男,42,40-44,有未成年孩子,上班族,office_worker,设计师,外省市户籍,湖北,,,
P07597,杨嘉彤,女,32,30-34,无需要照顾的孩子,服务业者,service_worker,店员,上海户籍,上海,,,
P07598,邓梓文,男,41,40-44,有未成年孩子,上班族,office_worker,HR经理,上海户籍,上海,,,
P07599,唐若涵,女,39,35-39,有未成年孩子,服务业者,service_worker,客服,外省市户籍,河南,,,
P07600,林明一,男,32,30-34,有未成年孩子,上班族,office_worker,高级产品经理,外省市户籍,安徽,,,
P07601,李雅晓,女,37,35-39,有未成年孩子,上班族,office_worker,销售经理,外省市户籍,安徽,,,
P07602,于文文,男,26,25-29,无需要照顾的孩子,服务业者,service_worker,店员,上海户籍,上海,,,
P07603,黄雨若,女,37,35-39,有未成年孩子,上班族,office_worker,产品经理,上海户籍,上海,,,
P07604,刘辰可,男,49,45-49,有未成年孩子,体力劳动者,manual_worker,快递员,外省市户籍,河南,,,
P07605,徐宇嘉,男,34,30-34,无需要照顾的孩子,服务业者,service_worker,美容师,上海户籍,上海,,,
P07606,李乐,女,31,30-34,有未成年孩子,上班族,office_worker,运营专员,外省市户籍,江苏,,,
P07607,于彤,女,40,40-44,有未成年孩子,上班族,office_worker,高级运营专员,外省市户籍,湖南,,,
P07608,张嫣,女,36,35-39,有未成年孩子,上班族,office_worker,会计,外省市户籍,湖南,,,
P07609,李嘉言,男,38,35-39,有未成年孩子,上班族,office_worker,财务主管,上海户籍,上海,,,
P07610,刘琪,女,36,35-39,有未成年孩子,体力劳动者,manual_worker,快递员,外省市户籍,安徽,,,
P07611,李豪天,男,47,45-49,有未成年孩子,上班族,office_worker,HR经理,外省市户籍,江苏,,,
P07612,张欣涵,女,37,35-39,有未成年孩子,上班族,office_worker,产品经理,外省市户籍,浙江,,,
P07613,李知天,男,23,18-24,无需要照顾的孩子,大学生,university_student,硕士研究生,外省市户籍,广东,,,
P07614,李思,男,28,25-29,有未成年孩子,上班族,office_worker,项目经理,外省市户籍,河北,,,
P07615,马知,女,30,30-34,无需要照顾的孩子,上班族,office_worker,部门经理,外省市户籍,其他,,,
P07616,吴辰思,女,40,40-44,有成年孩子,上班族,office_worker,高级软件工程师,外省市户籍,江西,,,
P07617,黄远,男,42,40-44,有未成年孩子,服务业者,service_worker,保安,上海户籍,上海,,,
P07618,高哲,男,43,40-44,有未成年孩子,服务业者,service_worker,客服,上海户籍,上海,,,
P07619,徐婷诺,女,20,18-24,无需要照顾的孩子,大学生,university_student,本科生,上海户籍,上海,,,
P07620,徐晓曦,女,47,45-49,无需要照顾的孩子,服务业者,service_worker,店员,外省市户籍,湖南,,,
P07621,林星清,女,29,25-29,无需要照顾的孩子,体力劳动者,manual_worker,维修技师,外省市户籍,安徽,,,
P07622,赵晴嘉,女,33,30-34,有未成年孩子,上班族,office_worker,客户专员,外省市户籍,四川,,,
P07623,李哲佑,男,35,35-39,无需要照顾的孩子,自由业者,freelancer,网店经营者,上海户籍,上海,,,
P07624,陈思诗,女,49,45-49,有成年孩子,上班族,office_worker,采购专员,上海户籍,上海,,,
P07625,谢怡涵,女,32,30-34,无需要照顾的孩子,服务业者,service_worker,厨师,外省市户籍,安徽,,,
P07626,周乐若,女,37,35-39,有未成年孩子,服务业者,service_worker,酒店前台,外省市户籍,浙江,,,
P07627,李豪思,男,31,30-34,有未成年孩子,上班族,office_worker,销售代表,上海户籍,上海,,,
P07628,吴辰泽,男,36,35-39,有未成年孩子,服务业者,service_worker,店员,外省市户籍,安徽,,,
P07629,朱清,男,31,30-34,有未成年孩子,自由业者,freelancer,独立程序员,外省市户籍,湖北,,,
P07630,李宁佳,女,39,35-39,无需要照顾的孩子,自由业者,freelancer,自媒体从业者,外省市户籍,江苏,,,
P07631,赵俊志,男,30,30-34,无需要照顾的孩子,自由业者,freelancer,自由销售,外省市户籍,湖北,,,
P07632,唐欣怡,女,20,18-24,无需要照顾的孩子,上班族,office_worker,销售代表,外省市户籍,湖北,,,
P07633,周梦,女,23,18-24,无需要照顾的孩子,上班族,office_worker,销售代表,外省市户籍,江苏,,,
P07634,王阳浩,男,26,25-29,无需要照顾的孩子,自由业者,freelancer,摄影师,上海户籍,上海,,,
P07635,吴静桐,女,33,30-34,无需要照顾的孩子,服务业者,service_worker,餐厅服务员,外省市户籍,江西,,,
P07636,李远,男,45,45-49,有成年孩子,服务业者,service_worker,收银员,上海户籍,上海,,,
P07637,徐彤若,女,40,40-44,有成年孩子,上班族,office_worker,项目经理,上海户籍,上海,,,
P07638,黄阳,男,37,35-39,有未成年孩子,上班族,office_worker,财务主管,上海户籍,上海,,,
P07639,张博,男,48,45-49,无需要照顾的孩子,上班族,office_worker,人力资源经理,外省市户籍,江西,,,
P07640,李言婷,女,34,30-34,无需要照顾的孩子,上班族,office_worker,人力资源经理,上海户籍,上海,,,
P07641,周诗婉,女,32,30-34,有未成年孩子,上班族,office_worker,设计师,上海户籍,上海,,,
P07642,何然,男,18,18-24,有未成年孩子,大学生,university_student,本科生,外省市户籍,四川,,,
P07643,周言源,女,33,30-34,有未成年孩子,上班族,office_worker,财务专员,上海户籍,上海,,,
P07644,董涵,女,28,25-29,无需要照顾的孩子,上班族,office_worker,客户经理,外省市户籍,河南,,,
P07645,周诗怡,女,37,35-39,有未成年孩子,上班族,office_worker,客户经理,上海户籍,上海,,,
P07646,刘雨心,女,25,25-29,无需要照顾的孩子,体力劳动者,manual_worker,焊工,外省市户籍,安徽,,,
P07647,陈源博,男,37,35-39,无需要照顾的孩子,体力劳动者,manual_worker,电工,外省市户籍,浙江,,,
P07648,陈宁可,女,25,25-29,无需要照顾的孩子,上班族,office_worker,销售代表,外省市户籍,江苏,,,
P07649,黄羽,男,35,35-39,无需要照顾的孩子,上班族,office_worker,行政专员,外省市户籍,湖南,,,
P07650,程语子,女,31,30-34,有未成年孩子,体力劳动者,manual_worker,仓库操作员,外省市户籍,其他,,,
P07651,孙远源,男,30,30-34,无需要照顾的孩子,体力劳动者,manual_worker,快递员,外省市户籍,河南,,,
P07652,王思子,女,39,35-39,无需要照顾的孩子,服务业者,service_worker,餐厅服务员,上海户籍,上海,,,
P07653,胡思婉,女,30,30-34,有未成年孩子,上班族,office_worker,采购经理,上海户籍,上海,,,
P07654,张宇,男,42,40-44,无需要照顾的孩子,上班族,office_worker,高级项目经理,外省市户籍,四川,,,
P07655,张宁晨,女,23,18-24,无需要照顾的孩子,服务业者,service_worker,客服,上海户籍,上海,,,
P07656,吴子哲,男,27,25-29,无需要照顾的孩子,服务业者,service_worker,厨师,上海户籍,上海,,,
P07657,吴涵思,男,27,25-29,无需要照顾的孩子,自由业者,freelancer,私教,上海户籍,上海,,,
P07658,刘浩阳,男,33,30-34,有未成年孩子,体力劳动者,manual_worker,建筑工人,外省市户籍,河南,,,
P07659,李哲轩,男,35,35-39,有未成年孩子,自由业者,freelancer,自媒体从业者,上海户籍,上海,,,
P07660,杨佑,男,44,40-44,有未成年孩子,上班族,office_worker,人力资源经理,上海户籍,上海,,,
P07661,罗诺宁,女,37,35-39,有未成年孩子,自由业者,freelancer,私教,上海户籍,上海,,,
P07662,李清言,女,41,40-44,有未成年孩子,上班族,office_worker,区域经理,外省市户籍,湖南,,,
P07663,张晨,男,25,25-29,无需要照顾的孩子,自由业者,freelancer,网店经营者,外省市户籍,安徽,,,
P07664,徐星瑶,女,41,40-44,有未成年孩子,上班族,office_worker,高级软件工程师,外省市户籍,江西,,,
P07665,李彤梦,女,37,35-39,无需要照顾的孩子,服务业者,service_worker,美容师,外省市户籍,江西,,,
P07666,王知远,男,31,30-34,无需要照顾的孩子,上班族,office_worker,设计师,外省市户籍,安徽,,,
P07667,王远,男,29,25-29,有未成年孩子,体力劳动者,manual_worker,司机,上海户籍,上海,,,
P07668,周子,女,34,30-34,有未成年孩子,服务业者,service_worker,酒店前台,上海户籍,上海,,,
P07669,于晨哲,男,44,40-44,有未成年孩子,自由业者,freelancer,私教,上海户籍,上海,,,
P07670,朱雨心,女,18,18-24,无需要照顾的孩子,大学生,university_student,本科生,外省市户籍,其他,,,
P07671,李佳宁,女,21,18-24,无需要照顾的孩子,上班族,office_worker,销售代表,外省市户籍,山东,,,
P07672,吴浩哲,男,38,35-39,无需要照顾的孩子,自由业者,freelancer,咨询顾问,外省市户籍,四川,,,
P07673,张瑶,女,27,25-29,无需要照顾的孩子,上班族,office_worker,采购专员,上海户籍,上海,,,
P07674,周文杰,男,24,18-24,无需要照顾的孩子,上班族,office_worker,财务专员,上海户籍,上海,,,
P07675,于婷婷,女,34,30-34,有未成年孩子,上班族,office_worker,数据分析师,上海户籍,上海,,,
P07676,陈涵静,女,20,18-24,无需要照顾的孩子,上班族,office_worker,运营专员,上海户籍,上海,,,
P07677,梁安梓,男,18,18-24,无需要照顾的孩子,上班族,office_worker,财务专员,外省市户籍,福建,,,
P07678,郭曦思,女,27,25-29,无需要照顾的孩子,服务业者,service_worker,健身教练,外省市户籍,江苏,,,
P07679,谢嘉琪,女,33,30-34,无需要照顾的孩子,服务业者,service_worker,酒店前台,外省市户籍,其他,,,
P07680,黄曦佳,女,38,35-39,有未成年孩子,自由业者,freelancer,私教,外省市户籍,河南,,,
P07681,郭宁思,女,44,40-44,有未成年孩子,上班族,office_worker,财务主管,外省市户籍,湖南,,,
P07682,王嫣思,女,32,30-34,无需要照顾的孩子,上班族,office_worker,采购经理,上海户籍,上海,,,
P07683,韩佳晨,女,32,30-34,有未成年孩子,上班族,office_worker,会计,上海户籍,上海,,,
P07684,李羽,男,44,40-44,有未成年孩子,服务业者,service_worker,店员,外省市户籍,山东,,,
P07685,王辰思,女,23,18-24,无需要照顾的孩子,大学生,university_student,硕士研究生,上海户籍,上海,,,
P07686,董诗星,女,38,35-39,有成年孩子,服务业者,service_worker,店员,外省市户籍,河南,,,
P07687,张安子,女,44,40-44,有未成年孩子,体力劳动者,manual_worker,搬运工,上海户籍,上海,,,
P07688,陈乐志,男,25,25-29,无需要照顾的孩子,体力劳动者,manual_worker,司机,上海户籍,上海,,,
P07689,张涵梦,女,30,30-34,有未成年孩子,自由业者,freelancer,自由设计师,上海户籍,上海,,,
P07690,林景哲,男,34,30-34,有未成年孩子,服务业者,service_worker,酒店服务人员,上海户籍,上海,,,
P07691,李博,男,40,40-44,有未成年孩子,自由业者,freelancer,独立程序员,上海户籍,上海,,,
P07692,刘静,女,34,30-34,无需要照顾的孩子,上班族,office_worker,设计师,上海户籍,上海,,,
P07693,李辰嘉,男,37,35-39,有未成年孩子,服务业者,service_worker,健身教练,外省市户籍,四川,,,
P07694,李梦,女,32,30-34,有未成年孩子,自由业者,freelancer,自媒体从业者,上海户籍,上海,,,
P07695,李轩泽,男,38,35-39,无需要照顾的孩子,体力劳动者,manual_worker,建筑工人,上海户籍,上海,,,
P07696,刘宇言,男,36,35-39,有未成年孩子,体力劳动者,manual_worker,仓库操作员,外省市户籍,安徽,,,
P07697,王星雨,女,20,18-24,无需要照顾的孩子,大学生,university_student,本科生,外省市户籍,江苏,,,
P07698,杨嘉晨,男,24,18-24,无需要照顾的孩子,服务业者,service_worker,酒店前台,外省市户籍,安徽,,,
P07699,刘星怡,女,43,40-44,有成年孩子,上班族,office_worker,技术经理,外省市户籍,浙江,,,
P07700,张彤,女,22,18-24,无需要照顾的孩子,大学生,university_student,本科生,外省市户籍,安徽,,,
P07701,杨清,女,37,35-39,无需要照顾的孩子,上班族,office_worker,客户经理,上海户籍,上海,,,
P07702,袁诺语,女,25,25-29,无需要照顾的孩子,上班族,office_worker,销售代表,外省市户籍,福建,,,
P07703,黄安睿,男,38,35-39,有未成年孩子,服务业者,service_worker,健身教练,外省市户籍,河南,,,
P07704,陈宁哲,男,31,30-34,有未成年孩子,大学生,university_student,博士研究生,外省市户籍,湖南,,,
P07705,郭雅,女,30,30-34,有未成年孩子,上班族,office_worker,高级软件工程师,外省市户籍,安徽,,,
P07706,刘婷雅,女,34,30-34,有未成年孩子,上班族,office_worker,数据分析师,上海户籍,上海,,,
P07707,王嘉晨,男,32,30-34,无需要照顾的孩子,上班族,office_worker,数据分析师,上海户籍,上海,,,
P07708,刘安心,女,45,45-49,有成年孩子,服务业者,service_worker,美容师,上海户籍,上海,,,
P07709,朱明,男,26,25-29,无需要照顾的孩子,上班族,office_worker,软件工程师,上海户籍,上海,,,
P07710,刘心哲,男,31,30-34,有未成年孩子,上班族,office_worker,采购专员,外省市户籍,江苏,,,
P07711,吴晴涵,女,25,25-29,无需要照顾的孩子,服务业者,service_worker,酒店服务人员,外省市户籍,江苏,,,
P07712,陈羽可,女,37,35-39,无需要照顾的孩子,上班族,office_worker,设计师,外省市户籍,江苏,,,
P07713,孙阳清,男,41,40-44,有未成年孩子,体力劳动者,manual_worker,建筑工人,外省市户籍,江苏,,,
P07714,王心晨,男,39,35-39,有未成年孩子,上班族,office_worker,客户经理,上海户籍,上海,,,
P07715,王源辰,女,33,30-34,有未成年孩子,上班族,office_worker,客户专员,外省市户籍,浙江,,,
P07716,吴嘉乐,男,43,40-44,有未成年孩子,上班族,office_worker,客户经理,上海户籍,上海,,,
P07717,陈诗静,女,44,40-44,有未成年孩子,服务业者,service_worker,店员,外省市户籍,安徽,,,
P07718,黄景景,男,25,25-29,无需要照顾的孩子,上班族,office_worker,财务专员,上海户籍,上海,,,
P07719,孙佑,男,38,35-39,无需要照顾的孩子,上班族,office_worker,人力资源经理,外省市户籍,浙江,,,
P07720,冯嘉清,女,41,40-44,有成年孩子,上班族,office_worker,区域经理,外省市户籍,江西,,,
P07721,王言梦,女,20,18-24,无需要照顾的孩子,体力劳动者,manual_worker,安装工,上海户籍,上海,,,
P07722,孙婷远,女,21,18-24,无需要照顾的孩子,上班族,office_worker,运营专员,外省市户籍,山东,,,
P07723,陈嫣梦,女,26,25-29,无需要照顾的孩子,上班族,office_worker,客户经理,上海户籍,上海,,,
P07724,陈俊,男,33,30-34,无需要照顾的孩子,上班族,office_worker,采购经理,外省市户籍,四川,,,
P07725,冯彤思,女,22,18-24,无需要照顾的孩子,上班族,office_worker,数据分析师,外省市户籍,江苏,,,
P07726,刘怡心,女,38,35-39,有未成年孩子,上班族,office_worker,项目经理,上海户籍,上海,,,
P07727,赵星乐,女,41,40-44,有未成年孩子,上班族,office_worker,项目经理,上海户籍,上海,,,
P07728,胡泽心,男,26,25-29,有未成年孩子,大学生,university_student,博士研究生,外省市户籍,江苏,,,
P07729,赵哲文,男,35,35-39,有未成年孩子,自由业者,freelancer,独立程序员,上海户籍,上海,,,
P07730,杨羽辰,女,26,25-29,无需要照顾的孩子,上班族,office_worker,软件工程师,上海户籍,上海,,,
P07731,郑安豪,男,38,35-39,有未成年孩子,上班族,office_worker,数据分析师,外省市户籍,浙江,,,
P07732,刘梓明,男,34,30-34,有未成年孩子,服务业者,service_worker,餐厅服务员,外省市户籍,江苏,,,
P07733,杨雨怡,女,36,35-39,有未成年孩子,体力劳动者,manual_worker,司机,外省市户籍,山东,,,
P07734,马婷欣,女,43,40-44,有未成年孩子,体力劳动者,manual_worker,仓库操作员,外省市户籍,江西,,,
P07735,陈星羽,女,27,25-29,无需要照顾的孩子,大学生,university_student,硕士研究生,外省市户籍,江苏,,,
P07736,陈辰清,女,31,30-34,无需要照顾的孩子,上班族,office_worker,采购经理,上海户籍,上海,,,
P07737,袁思,女,43,40-44,无需要照顾的孩子,上班族,office_worker,财务主管,外省市户籍,江苏,,,
P07738,李豪思,男,28,25-29,无需要照顾的孩子,上班族,office_worker,客户专员,外省市户籍,江苏,,,
P07739,冯可,女,35,35-39,有未成年孩子,服务业者,service_worker,酒店前台,上海户籍,上海,,,
P07740,吴豪文,男,41,40-44,有未成年孩子,上班族,office_worker,销售经理,外省市户籍,福建,,,
P07741,杨文豪,男,29,25-29,无需要照顾的孩子,上班族,office_worker,高级软件工程师,外省市户籍,江苏,,,
P07742,刘心言,女,29,25-29,无需要照顾的孩子,服务业者,service_worker,餐厅服务员,外省市户籍,浙江,,,
P07743,刘一泽,男,25,25-29,无需要照顾的孩子,体力劳动者,manual_worker,设备操作员,上海户籍,上海,,,
P07744,张羽豪,男,33,30-34,无需要照顾的孩子,自由业者,freelancer,私教,上海户籍,上海,,,
P07745,陈瑶,女,27,25-29,有未成年孩子,体力劳动者,manual_worker,电工,外省市户籍,四川,,,
P07746,张景星,男,23,18-24,无需要照顾的孩子,自由业者,freelancer,网店经营者,上海户籍,上海,,,
P07747,朱涵远,女,40,40-44,有未成年孩子,自由业者,freelancer,网店经营者,上海户籍,上海,,,
P07748,郑哲星,男,39,35-39,有未成年孩子,上班族,office_worker,财务主管,外省市户籍,江苏,,,
P07749,王楷,男,41,40-44,有未成年孩子,上班族,office_worker,采购经理,上海户籍,上海,,,
P07750,孙瑶可,女,38,35-39,无需要照顾的孩子,服务业者,service_worker,理发师,上海户籍,上海,,,
P07751,王嫣诺,女,30,30-34,有未成年孩子,服务业者,service_worker,酒店服务人员,上海户籍,上海,,,
P07752,宋阳轩,男,27,25-29,有未成年孩子,自由业者,freelancer,独立程序员,上海户籍,上海,,,
P07753,王晨,女,37,35-39,有未成年孩子,服务业者,service_worker,客服,外省市户籍,山东,,,
P07754,王睿,男,31,30-34,无需要照顾的孩子,服务业者,service_worker,房产经纪,外省市户籍,河南,,,
P07755,杨羽晓,女,35,35-39,有成年孩子,服务业者,service_worker,美容师,外省市户籍,其他,,,
P07756,梁诚嘉,男,41,40-44,有未成年孩子,上班族,office_worker,产品经理,上海户籍,上海,,,
P07757,王知清,女,29,25-29,有未成年孩子,体力劳动者,manual_worker,仓库操作员,上海户籍,上海,,,
P07758,郭涵雨,女,38,35-39,有未成年孩子,体力劳动者,manual_worker,安装工,外省市户籍,安徽,,,
P07759,王轩宇,男,22,18-24,无需要照顾的孩子,服务业者,service_worker,店员,上海户籍,上海,,,
P07760,程嘉,男,39,35-39,有成年孩子,上班族,office_worker,会计,外省市户籍,湖南,,,
P07761,陈然,男,27,25-29,有未成年孩子,上班族,office_worker,财务专员,上海户籍,上海,,,
P07762,赵安梓,男,39,35-39,有未成年孩子,自由业者,freelancer,网店经营者,上海户籍,上海,,,
P07763,徐清,女,35,35-39,无需要照顾的孩子,服务业者,service_worker,客服,外省市户籍,江苏,,,
P07764,王源俊,男,45,45-49,无需要照顾的孩子,自由业者,freelancer,私教,外省市户籍,江苏,,,
P07765,李涵雅,女,30,30-34,无需要照顾的孩子,大学生,university_student,博士研究生,上海户籍,上海,,,
P07766,韩辰思,男,37,35-39,有未成年孩子,上班族,office_worker,采购经理,上海户籍,上海,,,
P07767,陈雨宁,女,37,35-39,有未成年孩子,上班族,office_worker,销售经理,上海户籍,上海,,,
P07768,何涵宇,男,29,25-29,有未成年孩子,自由业者,freelancer,网店经营者,上海户籍,上海,,,
P07769,李嘉志,男,31,30-34,无需要照顾的孩子,体力劳动者,manual_worker,焊工,上海户籍,上海,,,
P07770,陈婷思,女,30,30-34,无需要照顾的孩子,上班族,office_worker,销售经理,上海户籍,上海,,,
P07771,郑嘉文,男,38,35-39,有成年孩子,上班族,office_worker,产品经理,上海户籍,上海,,,
P07772,陈阳诚,男,28,25-29,无需要照顾的孩子,服务业者,service_worker,理发师,外省市户籍,江苏,,,
P07773,赵嘉,女,42,40-44,有未成年孩子,上班族,office_worker,技术经理,上海户籍,上海,,,
P07774,王浩知,男,34,30-34,无需要照顾的孩子,上班族,office_worker,HR经理,上海户籍,上海,,,
P07775,谢欣心,女,47,45-49,有成年孩子,自由业者,freelancer,咨询顾问,外省市户籍,陕西,,,
P07776,梁宁晨,女,24,18-24,无需要照顾的孩子,大学生,university_student,硕士研究生,外省市户籍,江苏,,,
P07777,李一,男,46,45-49,有成年孩子,上班族,office_worker,财务专员,上海户籍,上海,,,
P07778,董远瑶,女,28,25-29,有未成年孩子,上班族,office_worker,设计师,外省市户籍,其他,,,
P07779,李豪宁,男,20,18-24,无需要照顾的孩子,大学生,university_student,本科生,上海户籍,上海,,,
P07780,林安子,女,39,35-39,无需要照顾的孩子,上班族,office_worker,客户经理,外省市户籍,安徽,,,
P07781,何婷,女,26,25-29,无需要照顾的孩子,大学生,university_student,博士研究生,外省市户籍,浙江,,,
P07782,吴晨怡,女,47,45-49,有未成年孩子,服务业者,service_worker,酒店服务人员,外省市户籍,江西,,,
P07783,黄瑶瑶,女,37,35-39,无需要照顾的孩子,上班族,office_worker,项目经理,上海户籍,上海,,,
P07784,张佑宇,男,31,30-34,有未成年孩子,上班族,office_worker,财务专员,外省市户籍,河北,,,
P07785,王思可,男,23,18-24,无需要照顾的孩子,上班族,office_worker,设计师,外省市户籍,江西,,,
P07786,谢辰可,女,43,40-44,有成年孩子,上班族,office_worker,数据分析师,上海户籍,上海,,,
P07787,罗嘉怡,女,19,18-24,无需要照顾的孩子,上班族,office_worker,财务专员,外省市户籍,四川,,,
P07788,梁雅宁,女,39,35-39,有未成年孩子,上班族,office_worker,技术经理,外省市户籍,四川,,,
P07789,孙嘉婉,女,43,40-44,有成年孩子,服务业者,service_worker,店员,外省市户籍,安徽,,,
P07790,徐辰宁,女,48,45-49,无需要照顾的孩子,体力劳动者,manual_worker,司机,外省市户籍,江苏,,,
P07791,李涵宁,女,47,45-49,有成年孩子,上班族,office_worker,项目经理,上海户籍,上海,,,
P07792,曹文,男,20,18-24,无需要照顾的孩子,上班族,office_worker,会计,外省市户籍,其他,,,
P07793,郭梦欣,女,38,35-39,有未成年孩子,服务业者,service_worker,酒店前台,外省市户籍,河南,,,
P07794,王远楷,男,29,25-29,无需要照顾的孩子,上班族,office_worker,高级软件工程师,上海户籍,上海,,,
P07795,黄哲嘉,男,30,30-34,有未成年孩子,上班族,office_worker,数据分析师,外省市户籍,广东,,,
P07796,周语诺,女,27,25-29,无需要照顾的孩子,上班族,office_worker,设计师,外省市户籍,浙江,,,
P07797,王宁雨,女,47,45-49,有成年孩子,服务业者,service_worker,厨师,上海户籍,上海,,,
P07798,李心心,女,32,30-34,有未成年孩子,上班族,office_worker,HR经理,外省市户籍,江苏,,,
P07799,张琪欣,女,30,30-34,有未成年孩子,体力劳动者,manual_worker,设备操作员,上海户籍,上海,,,
P07800,吴俊昊,男,28,25-29,无需要照顾的孩子,服务业者,service_worker,酒店服务人员,外省市户籍,安徽,,,
P07801,李轩楷,男,40,40-44,有未成年孩子,体力劳动者,manual_worker,司机,外省市户籍,湖北,,,
P07802,周子静,女,40,40-44,有未成年孩子,服务业者,service_worker,美容师,上海户籍,上海,,,
P07803,宋晨星,男,31,30-34,无需要照顾的孩子,服务业者,service_worker,健身教练,上海户籍,上海,,,
P07804,张诗言,女,26,25-29,无需要照顾的孩子,上班族,office_worker,数据分析师,上海户籍,上海,,,
P07805,张心,女,31,30-34,有未成年孩子,服务业者,service_worker,厨师,外省市户籍,浙江,,,
P07806,黄星,男,38,35-39,无需要照顾的孩子,上班族,office_worker,财务专员,上海户籍,上海,,,
P07807,李文宁,男,36,35-39,有未成年孩子,上班族,office_worker,财务主管,外省市户籍,浙江,,,
P07808,于浩,男,22,18-24,无需要照顾的孩子,大学生,university_student,本科生,上海户籍,上海,,,
P07809,孙轩豪,男,22,18-24,无需要照顾的孩子,大学生,university_student,本科生,外省市户籍,山东,,,
P07810,王晴知,女,19,18-24,无需要照顾的孩子,上班族,office_worker,软件工程师,外省市户籍,浙江,,,
P07811,王梦嫣,女,26,25-29,无需要照顾的孩子,上班族,office_worker,运营专员,外省市户籍,其他,,,
P07812,韩辰,男,42,40-44,有成年孩子,服务业者,service_worker,美容师,外省市户籍,湖南,,,
P07813,吴宁,男,48,45-49,有未成年孩子,上班族,office_worker,高级软件工程师,外省市户籍,浙江,,,
P07814,徐欣瑶,女,34,30-34,无需要照顾的孩子,上班族,office_worker,销售经理,上海户籍,上海,,,
P07815,于诚宇,男,22,18-24,无需要照顾的孩子,上班族,office_worker,行政专员,外省市户籍,江西,,,
P07816,陈嘉明,男,28,25-29,无需要照顾的孩子,体力劳动者,manual_worker,设备操作员,上海户籍,上海,,,
P07817,张远曦,女,30,30-34,有未成年孩子,上班族,office_worker,行政专员,外省市户籍,江苏,,,
P07818,李安乐,男,32,30-34,无需要照顾的孩子,体力劳动者,manual_worker,配送员,外省市户籍,江苏,,,
P07819,朱思轩,男,22,18-24,无需要照顾的孩子,上班族,office_worker,软件工程师,外省市户籍,四川,,,
P07820,周若婉,女,28,25-29,有未成年孩子,体力劳动者,manual_worker,电工,上海户籍,上海,,,
P07821,黄佳乐,女,29,25-29,无需要照顾的孩子,上班族,office_worker,采购专员,上海户籍,上海,,,
P07822,郑晓心,女,41,40-44,无需要照顾的孩子,上班族,office_worker,采购经理,外省市户籍,山东,,,
P07823,张远欣,女,28,25-29,无需要照顾的孩子,上班族,office_worker,数据分析师,外省市户籍,浙江,,,
P07824,王天,男,44,40-44,无需要照顾的孩子,服务业者,service_worker,餐厅服务员,上海户籍,上海,,,
P07825,高诚,男,30,30-34,有未成年孩子,服务业者,service_worker,健身教练,上海户籍,上海,,,
P07826,陈天,男,22,18-24,有未成年孩子,上班族,office_worker,软件工程师,外省市户籍,河北,,,
P07827,唐一琪,女,41,40-44,有成年孩子,服务业者,service_worker,厨师,外省市户籍,湖南,,,
P07828,高佳,女,21,18-24,无需要照顾的孩子,大学生,university_student,本科生,外省市户籍,河南,,,
P07829,赵婷婉,女,35,35-39,有未成年孩子,上班族,office_worker,客户专员,上海户籍,上海,,,
P07830,杨子可,女,20,18-24,无需要照顾的孩子,大学生,university_student,本科生,上海户籍,上海,,,
P07831,董源乐,女,27,25-29,无需要照顾的孩子,体力劳动者,manual_worker,建筑工人,上海户籍,上海,,,
P07832,郭心知,女,38,35-39,无需要照顾的孩子,服务业者,service_worker,酒店前台,上海户籍,上海,,,
P07833,李佳嫣,女,27,25-29,无需要照顾的孩子,上班族,office_worker,运营专员,上海户籍,上海,,,
P07834,张晨涵,女,29,25-29,无需要照顾的孩子,上班族,office_worker,软件工程师,外省市户籍,安徽,,,
P07835,何婷,女,20,18-24,有未成年孩子,上班族,office_worker,客户专员,上海户籍,上海,,,
P07836,陈可心,女,27,25-29,无需要照顾的孩子,自由业者,freelancer,翻译,上海户籍,上海,,,
P07837,王哲一,男,23,18-24,无需要照顾的孩子,大学生,university_student,硕士研究生,上海户籍,上海,,,
P07838,王桐辰,女,35,35-39,有未成年孩子,上班族,office_worker,设计师,外省市户籍,浙江,,,
P07839,王源,女,25,25-29,无需要照顾的孩子,服务业者,service_worker,保安,上海户籍,上海,,,
P07840,袁睿,男,33,30-34,有未成年孩子,体力劳动者,manual_worker,维修技师,外省市户籍,江苏,,,
P07841,马晓欣,女,28,25-29,无需要照顾的孩子,上班族,office_worker,销售经理,上海户籍,上海,,,
P07842,张欣雨,女,40,40-44,有未成年孩子,服务业者,service_worker,收银员,上海户籍,上海,,,
P07843,杨一远,女,44,40-44,有未成年孩子,服务业者,service_worker,餐厅服务员,外省市户籍,江苏,,,
P07844,李心杰,男,41,40-44,有未成年孩子,体力劳动者,manual_worker,电工,上海户籍,上海,,,
P07845,王可浩,男,26,25-29,无需要照顾的孩子,大学生,university_student,博士研究生,外省市户籍,浙江,,,
P07846,陈源,女,25,25-29,有未成年孩子,上班族,office_worker,客户经理,外省市户籍,浙江,,,
P07847,黄晴晨,女,33,30-34,有未成年孩子,上班族,office_worker,财务专员,外省市户籍,其他,,,
P07848,梁杰,男,21,18-24,无需要照顾的孩子,上班族,office_worker,软件工程师,上海户籍,上海,,,
P07849,高清诗,女,29,25-29,无需要照顾的孩子,服务业者,service_worker,客服,上海户籍,上海,,,
P07850,张楷知,男,35,35-39,无需要照顾的孩子,体力劳动者,manual_worker,安装工,外省市户籍,广东,,,
P07851,刘可,女,39,35-39,有未成年孩子,服务业者,service_worker,店员,上海户籍,上海,,,
P07852,王昊文,男,33,30-34,有未成年孩子,上班族,office_worker,高级产品经理,外省市户籍,河北,,,
P07853,陈一晴,女,34,30-34,有未成年孩子,服务业者,service_worker,美容师,上海户籍,上海,,,
P07854,张思豪,男,18,18-24,无需要照顾的孩子,服务业者,service_worker,美容师,外省市户籍,山东,,,
P07855,朱心晨,女,37,35-39,有未成年孩子,上班族,office_worker,财务专员,外省市户籍,安徽,,,
P07856,李诗欣,女,34,30-34,有未成年孩子,服务业者,service_worker,收银员,外省市户籍,河北,,,
P07857,何源志,男,21,18-24,无需要照顾的孩子,服务业者,service_worker,酒店前台,外省市户籍,河南,,,
P07858,郭羽嫣,女,25,25-29,有未成年孩子,上班族,office_worker,项目经理,外省市户籍,江西,,,
P07859,周婉琪,女,27,25-29,无需要照顾的孩子,大学生,university_student,硕士研究生,上海户籍,上海,,,
P07860,张远楷,男,44,40-44,无需要照顾的孩子,服务业者,service_worker,美容师,上海户籍,上海,,,
P07861,胡嘉,男,36,35-39,有成年孩子,上班族,office_worker,客户专员,外省市户籍,其他,,,
P07862,黄羽瑶,女,28,25-29,无需要照顾的孩子,服务业者,service_worker,餐厅服务员,外省市户籍,浙江,,,
P07863,胡晴嫣,女,37,35-39,无需要照顾的孩子,上班族,office_worker,采购经理,外省市户籍,湖北,,,
P07864,吴婷可,女,48,45-49,有未成年孩子,上班族,office_worker,高级软件工程师,外省市户籍,江苏,,,
P07865,王星远,男,25,25-29,有未成年孩子,服务业者,service_worker,美容师,外省市户籍,山东,,,
P07866,曹思梦,女,19,18-24,无需要照顾的孩子,服务业者,service_worker,餐厅服务员,上海户籍,上海,,,
P07867,黄乐梓,男,26,25-29,无需要照顾的孩子,服务业者,service_worker,健身教练,外省市户籍,其他,,,
P07868,袁静可,女,47,45-49,无需要照顾的孩子,服务业者,service_worker,酒店前台,上海户籍,上海,,,
P07869,宋嘉,女,25,25-29,无需要照顾的孩子,上班族,office_worker,销售代表,外省市户籍,陕西,,,
P07870,刘晴梦,女,24,18-24,无需要照顾的孩子,服务业者,service_worker,美容师,外省市户籍,江苏,,,
P07871,张阳轩,男,35,35-39,有成年孩子,自由业者,freelancer,咨询顾问,上海户籍,上海,,,
P07872,林浩,男,36,35-39,有成年孩子,上班族,office_worker,采购专员,外省市户籍,江苏,,,
P07873,刘婷若,女,48,45-49,有成年孩子,服务业者,service_worker,酒店前台,外省市户籍,江苏,,,
P07874,李嘉瑶,女,29,25-29,无需要照顾的孩子,上班族,office_worker,采购专员,外省市户籍,河北,,,
P07875,杨一,女,20,18-24,无需要照顾的孩子,服务业者,service_worker,客服,外省市户籍,河南,,,
P07876,王豪涵,男,39,35-39,有未成年孩子,上班族,office_worker,销售经理,外省市户籍,浙江,,,
P07877,张嘉子,男,35,35-39,有未成年孩子,上班族,office_worker,财务主管,上海户籍,上海,,,
P07878,刘志远,男,32,30-34,有未成年孩子,上班族,office_worker,项目经理,外省市户籍,江苏,,,
P07879,张可佑,男,37,35-39,有未成年孩子,上班族,office_worker,销售经理,外省市户籍,湖北,,,
P07880,何博豪,男,39,35-39,无需要照顾的孩子,上班族,office_worker,销售代表,外省市户籍,浙江,,,
P07881,张景安,男,28,25-29,无需要照顾的孩子,上班族,office_worker,销售代表,外省市户籍,浙江,,,
P07882,张涵远,男,21,18-24,无需要照顾的孩子,服务业者,service_worker,酒店前台,外省市户籍,河南,,,
P07883,吴宇乐,男,29,25-29,无需要照顾的孩子,大学生,university_student,硕士研究生,外省市户籍,江苏,,,
P07884,李涵清,女,28,25-29,无需要照顾的孩子,服务业者,service_worker,房产经纪,外省市户籍,福建,,,
P07885,王乐桐,女,26,25-29,无需要照顾的孩子,服务业者,service_worker,餐厅服务员,上海户籍,上海,,,
P07886,李嘉然,男,42,40-44,无需要照顾的孩子,上班族,office_worker,区域经理,上海户籍,上海,,,
P07887,谢远,女,33,30-34,无需要照顾的孩子,上班族,office_worker,销售经理,外省市户籍,河南,,,
P07888,刘嘉嘉,男,40,40-44,有成年孩子,体力劳动者,manual_worker,仓库操作员,外省市户籍,浙江,,,
P07889,朱怡佳,女,29,25-29,无需要照顾的孩子,服务业者,service_worker,酒店前台,上海户籍,上海,,,
P07890,黄明心,男,18,18-24,无需要照顾的孩子,大学生,university_student,本科生,外省市户籍,江苏,,,
P07891,陈诺,男,23,18-24,无需要照顾的孩子,服务业者,service_worker,餐厅服务员,上海户籍,上海,,,
P07892,吴星晨,女,31,30-34,无需要照顾的孩子,上班族,office_worker,客户经理,上海户籍,上海,,,
P07893,王嘉,男,19,18-24,有未成年孩子,大学生,university_student,本科生,外省市户籍,浙江,,,
P07894,吴轩远,男,18,18-24,无需要照顾的孩子,大学生,university_student,本科生,上海户籍,上海,,,
P07895,王哲,男,29,25-29,有未成年孩子,大学生,university_student,博士研究生,上海户籍,上海,,,
P07896,刘知知,女,36,35-39,有未成年孩子,自由业者,freelancer,自由设计师,外省市户籍,浙江,,,
P07897,邓思知,女,34,30-34,有未成年孩子,自由业者,freelancer,私教,外省市户籍,江西,,,
P07898,高涵佳,女,26,25-29,无需要照顾的孩子,体力劳动者,manual_worker,维修技师,上海户籍,上海,,,
P07899,张一星,女,25,25-29,无需要照顾的孩子,上班族,office_worker,运营专员,外省市户籍,安徽,,,
P07900,吴思乐,女,43,40-44,无需要照顾的孩子,服务业者,service_worker,收银员,上海户籍,上海,,,
P07901,张辰,女,33,30-34,无需要照顾的孩子,上班族,office_worker,运营专员,外省市户籍,安徽,,,
P07902,周子可,女,25,25-29,无需要照顾的孩子,服务业者,service_worker,厨师,上海户籍,上海,,,
P07903,刘若,女,40,40-44,有成年孩子,服务业者,service_worker,美容师,上海户籍,上海,,,
P07904,赵言欣,女,34,30-34,有未成年孩子,自由业者,freelancer,独立程序员,上海户籍,上海,,,
P07905,郭浩诚,男,20,18-24,无需要照顾的孩子,服务业者,service_worker,厨师,外省市户籍,江苏,,,
P07906,袁志远,男,18,18-24,无需要照顾的孩子,自由业者,freelancer,摄影师,外省市户籍,湖南,,,
P07907,张羽涵,女,34,30-34,无需要照顾的孩子,服务业者,service_worker,店员,外省市户籍,四川,,,
P07908,冯婷宁,女,24,18-24,无需要照顾的孩子,大学生,university_student,硕士研究生,上海户籍,上海,,,
P07909,李杰言,男,32,30-34,无需要照顾的孩子,上班族,office_worker,数据分析师,上海户籍,上海,,,
P07910,董一源,女,21,18-24,无需要照顾的孩子,上班族,office_worker,销售代表,上海户籍,上海,,,
P07911,王嫣羽,女,37,35-39,无需要照顾的孩子,上班族,office_worker,项目经理,上海户籍,上海,,,
P07912,周曦,女,33,30-34,无需要照顾的孩子,上班族,office_worker,HR经理,外省市户籍,河南,,,
P07913,吴静,女,41,40-44,有未成年孩子,上班族,office_worker,财务专员,上海户籍,上海,,,
P07914,梁豪涵,男,36,35-39,有未成年孩子,上班族,office_worker,采购专员,外省市户籍,江苏,,,
P07915,李羽语,女,30,30-34,有未成年孩子,服务业者,service_worker,保安,上海户籍,上海,,,
P07916,张宇哲,男,26,25-29,有未成年孩子,体力劳动者,manual_worker,维修技师,外省市户籍,山东,,,
P07917,张欣佳,女,42,40-44,有未成年孩子,上班族,office_worker,人力资源经理,上海户籍,上海,,,
P07918,李晨楷,男,37,35-39,有未成年孩子,服务业者,service_worker,保安,外省市户籍,江苏,,,
P07919,赵豪,男,20,18-24,无需要照顾的孩子,体力劳动者,manual_worker,快递员,上海户籍,上海,,,
P07920,梁一源,女,48,45-49,有未成年孩子,上班族,office_worker,项目经理,上海户籍,上海,,,
P07921,吴诺明,男,32,30-34,有未成年孩子,上班族,office_worker,软件工程师,上海户籍,上海,,,
P07922,陈星,男,47,45-49,有成年孩子,体力劳动者,manual_worker,搬运工,外省市户籍,湖北,,,
P07923,杨一心,女,29,25-29,无需要照顾的孩子,上班族,office_worker,产品经理,外省市户籍,浙江,,,
P07924,李哲,男,23,18-24,无需要照顾的孩子,上班族,office_worker,财务专员,上海户籍,上海,,,
P07925,罗心哲,男,30,30-34,无需要照顾的孩子,服务业者,service_worker,健身教练,外省市户籍,陕西,,,
P07926,李阳,男,31,30-34,有未成年孩子,上班族,office_worker,高级软件工程师,上海户籍,上海,,,
P07927,刘星涵,男,30,30-34,无需要照顾的孩子,上班族,office_worker,财务经理,外省市户籍,广东,,,
P07928,张博,男,38,35-39,有未成年孩子,上班族,office_worker,行政专员,上海户籍,上海,,,
P07929,周安远,女,31,30-34,无需要照顾的孩子,上班族,office_worker,客户专员,外省市户籍,福建,,,
P07930,王景乐,男,25,25-29,有未成年孩子,上班族,office_worker,数据分析师,外省市户籍,安徽,,,
P07931,郑曦羽,女,29,25-29,无需要照顾的孩子,上班族,office_worker,数据分析师,上海户籍,上海,,,
P07932,陈一,女,24,18-24,无需要照顾的孩子,大学生,university_student,硕士研究生,外省市户籍,安徽,,,
P07933,赵杰嘉,男,33,30-34,有未成年孩子,上班族,office_worker,财务专员,上海户籍,上海,,,
P07934,马羽言,女,23,18-24,无需要照顾的孩子,上班族,office_worker,客户专员,外省市户籍,河南,,,
P07935,杨言嘉,女,23,18-24,无需要照顾的孩子,大学生,university_student,硕士研究生,上海户籍,上海,,,
P07936,马星源,男,36,35-39,有未成年孩子,上班族,office_worker,销售代表,外省市户籍,其他,,,
P07937,王豪,男,18,18-24,无需要照顾的孩子,服务业者,service_worker,酒店前台,上海户籍,上海,,,
P07938,张佳知,女,40,40-44,有未成年孩子,服务业者,service_worker,酒店前台,外省市户籍,山东,,,
P07939,胡乐乐,男,24,18-24,无需要照顾的孩子,上班族,office_worker,运营专员,外省市户籍,河南,,,
P07940,郭诚阳,男,34,30-34,无需要照顾的孩子,体力劳动者,manual_worker,司机,上海户籍,上海,,,
P07941,陈晴,女,43,40-44,有成年孩子,服务业者,service_worker,房产经纪,外省市户籍,浙江,,,
P07942,刘若心,女,21,18-24,无需要照顾的孩子,上班族,office_worker,会计,外省市户籍,安徽,,,
P07943,周思,女,22,18-24,无需要照顾的孩子,上班族,office_worker,软件工程师,外省市户籍,山东,,,
P07944,孙哲晨,男,49,45-49,有未成年孩子,上班族,office_worker,高级软件工程师,外省市户籍,河南,,,
P07945,黄可,女,32,30-34,有未成年孩子,体力劳动者,manual_worker,建筑工人,外省市户籍,江苏,,,
P07946,李欣辰,女,30,30-34,无需要照顾的孩子,自由业者,freelancer,自由销售,外省市户籍,河南,,,
P07947,董宁浩,男,32,30-34,有未成年孩子,上班族,office_worker,采购专员,外省市户籍,四川,,,
P07948,邓轩,男,19,18-24,无需要照顾的孩子,上班族,office_worker,采购专员,上海户籍,上海,,,
P07949,李然哲,男,23,18-24,无需要照顾的孩子,自由业者,freelancer,网店经营者,外省市户籍,安徽,,,
P07950,王婷羽,女,40,40-44,有未成年孩子,上班族,office_worker,HR经理,上海户籍,上海,,,
P07951,朱静婷,女,27,25-29,无需要照顾的孩子,体力劳动者,manual_worker,搬运工,外省市户籍,四川,,,
P07952,李楷天,男,43,40-44,无需要照顾的孩子,上班族,office_worker,区域经理,上海户籍,上海,,,
P07953,吴安诺,女,42,40-44,有未成年孩子,服务业者,service_worker,健身教练,外省市户籍,浙江,,,
P07954,张嫣雨,女,40,40-44,有未成年孩子,体力劳动者,manual_worker,建筑工人,外省市户籍,湖北,,,
P07955,胡欣婷,女,35,35-39,有未成年孩子,上班族,office_worker,销售经理,外省市户籍,江西,,,
P07956,刘嘉文,男,40,40-44,有未成年孩子,服务业者,service_worker,餐厅服务员,外省市户籍,浙江,,,
P07957,王晨嘉,女,46,45-49,有成年孩子,自由业者,freelancer,咨询顾问,外省市户籍,江苏,,,
P07958,李宁辰,男,33,30-34,有未成年孩子,服务业者,service_worker,酒店前台,上海户籍,上海,,,
P07959,孙诺欣,女,32,30-34,有未成年孩子,上班族,office_worker,行政专员,外省市户籍,安徽,,,
P07960,罗晨,男,36,35-39,有未成年孩子,上班族,office_worker,采购经理,外省市户籍,浙江,,,
P07961,刘志文,男,39,35-39,有未成年孩子,上班族,office_worker,高级软件工程师,外省市户籍,河南,,,
P07962,王辰嘉,男,38,35-39,有未成年孩子,服务业者,service_worker,厨师,外省市户籍,江西,,,
P07963,黄欣言,女,20,18-24,无需要照顾的孩子,大学生,university_student,本科生,上海户籍,上海,,,
P07964,李俊可,男,22,18-24,无需要照顾的孩子,上班族,office_worker,销售代表,外省市户籍,安徽,,,
P07965,张欣,女,33,30-34,无需要照顾的孩子,自由业者,freelancer,独立程序员,上海户籍,上海,,,
P07966,王乐,女,45,45-49,有成年孩子,体力劳动者,manual_worker,建筑工人,外省市户籍,江苏,,,
P07967,冯楷知,男,27,25-29,无需要照顾的孩子,服务业者,service_worker,健身教练,上海户籍,上海,,,
P07968,王文心,男,49,45-49,无需要照顾的孩子,体力劳动者,manual_worker,设备操作员,上海户籍,上海,,,
P07969,杨羽涵,男,31,30-34,无需要照顾的孩子,上班族,office_worker,高级运营专员,外省市户籍,江苏,,,
P07970,陈诗欣,女,24,18-24,无需要照顾的孩子,服务业者,service_worker,酒店服务人员,上海户籍,上海,,,
P07971,王涵远,男,25,25-29,有未成年孩子,体力劳动者,manual_worker,搬运工,上海户籍,上海,,,
P07972,王可知,女,32,30-34,无需要照顾的孩子,上班族,office_worker,销售经理,上海户籍,上海,,,
P07973,李心,女,24,18-24,无需要照顾的孩子,大学生,university_student,本科生,上海户籍,上海,,,
P07974,杨雨,女,32,30-34,有未成年孩子,上班族,office_worker,高级运营专员,外省市户籍,湖北,,,
P07975,王可晓,女,38,35-39,有未成年孩子,上班族,office_worker,产品经理,外省市户籍,河北,,,
P07976,周豪志,男,32,30-34,有未成年孩子,上班族,office_worker,数据分析师,外省市户籍,江苏,,,
P07977,林楷宇,男,37,35-39,无需要照顾的孩子,上班族,office_worker,高级软件工程师,外省市户籍,福建,,,
P07978,孙豪哲,男,43,40-44,有未成年孩子,服务业者,service_worker,健身教练,上海户籍,上海,,,
P07979,李嘉雨,女,35,35-39,无需要照顾的孩子,上班族,office_worker,行政专员,上海户籍,上海,,,
P07980,袁佑晨,男,44,40-44,有未成年孩子,服务业者,service_worker,店员,上海户籍,上海,,,
P07981,赵博一,男,42,40-44,有未成年孩子,体力劳动者,manual_worker,电工,外省市户籍,福建,,,
P07982,林佑,男,31,30-34,有未成年孩子,上班族,office_worker,财务主管,上海户籍,上海,,,
P07983,李轩源,男,33,30-34,有未成年孩子,上班族,office_worker,财务专员,外省市户籍,浙江,,,
P07984,陈辰,女,29,25-29,无需要照顾的孩子,自由业者,freelancer,自由设计师,外省市户籍,安徽,,,
P07985,李景,男,18,18-24,无需要照顾的孩子,大学生,university_student,本科生,外省市户籍,安徽,,,
P07986,李晴欣,女,18,18-24,无需要照顾的孩子,大学生,university_student,本科生,上海户籍,上海,,,
P07987,朱泽楷,男,43,40-44,有成年孩子,上班族,office_worker,区域经理,外省市户籍,福建,,,
P07988,袁宁宇,男,24,18-24,无需要照顾的孩子,上班族,office_worker,软件工程师,上海户籍,上海,,,
P07989,郭知琪,女,36,35-39,无需要照顾的孩子,服务业者,service_worker,餐厅服务员,上海户籍,上海,,,
P07990,邓思婷,女,35,35-39,有未成年孩子,上班族,office_worker,运营经理,上海户籍,上海,,,
P07991,黄诺安,女,47,45-49,无需要照顾的孩子,服务业者,service_worker,健身教练,上海户籍,上海,,,
P07992,赵怡清,女,31,30-34,无需要照顾的孩子,上班族,office_worker,采购专员,上海户籍,上海,,,
P07993,刘诚睿,男,44,40-44,有成年孩子,上班族,office_worker,财务经理,上海户籍,上海,,,
P07994,黄宁,女,29,25-29,无需要照顾的孩子,服务业者,service_worker,餐厅服务员,上海户籍,上海,,,
P07995,孙涵羽,女,32,30-34,有未成年孩子,体力劳动者,manual_worker,司机,外省市户籍,其他,,,
P07996,李阳远,男,46,45-49,有成年孩子,服务业者,service_worker,理发师,上海户籍,上海,,,
P07997,张子,女,25,25-29,无需要照顾的孩子,上班族,office_worker,采购专员,外省市户籍,山东,,,
P07998,张晴,女,31,30-34,有未成年孩子,上班族,office_worker,项目经理,上海户籍,上海,,,
P07999,吴婷静,女,25,25-29,无需要照顾的孩子,自由业者,freelancer,独立程序员,外省市户籍,四川,,,
P08000,胡嘉,男,36,35-39,有未成年孩子,上班族,office_worker,部门经理,外省市户籍,安徽,,,
P08001,郭羽涵,男,39,35-39,有成年孩子,体力劳动者,manual_worker,司机,上海户籍,上海,,,
P08002,李安,女,33,30-34,有未成年孩子,上班族,office_worker,项目经理,上海户籍,上海,,,
P08003,杨桐可,女,29,25-29,无需要照顾的孩子,上班族,office_worker,客户专员,上海户籍,上海,,,
P08004,郑知轩,男,33,30-34,有未成年孩子,上班族,office_worker,财务主管,外省市户籍,江西,,,
P08005,刘清知,女,29,25-29,无需要照顾的孩子,自由业者,freelancer,自由销售,上海户籍,上海,,,
P08006,陈星欣,女,34,30-34,有未成年孩子,上班族,office_worker,设计师,上海户籍,上海,,,
P08007,徐思辰,女,21,18-24,无需要照顾的孩子,上班族,office_worker,会计,上海户籍,上海,,,
P08008,王志景,男,18,18-24,无需要照顾的孩子,上班族,office_worker,设计师,上海户籍,上海,,,
P08009,李楷,男,38,35-39,有未成年孩子,上班族,office_worker,高级运营专员,上海户籍,上海,,,
P08010,黄晨杰,男,22,18-24,无需要照顾的孩子,上班族,office_worker,采购专员,外省市户籍,四川,,,
P08011,马嘉昊,男,39,35-39,无需要照顾的孩子,上班族,office_worker,软件工程师,外省市户籍,其他,,,
P08012,赵怡言,女,34,30-34,有未成年孩子,服务业者,service_worker,客服,上海户籍,上海,,,
P08013,王雅,女,46,45-49,无需要照顾的孩子,上班族,office_worker,采购经理,上海户籍,上海,,,
P08014,李可诚,男,40,40-44,有未成年孩子,服务业者,service_worker,厨师,外省市户籍,广东,,,
P08015,张诺晨,男,35,35-39,有未成年孩子,上班族,office_worker,部门经理,外省市户籍,其他,,,
P08016,宋宁婷,女,31,30-34,有未成年孩子,上班族,office_worker,软件工程师,外省市户籍,浙江,,,
P08017,杨怡桐,女,35,35-39,有未成年孩子,上班族,office_worker,技术经理,上海户籍,上海,,,
P08018,王远一,男,40,40-44,有未成年孩子,体力劳动者,manual_worker,搬运工,上海户籍,上海,,,
P08019,李远然,男,40,40-44,有成年孩子,服务业者,service_worker,健身教练,外省市户籍,山东,,,
P08020,张晨子,男,39,35-39,有未成年孩子,服务业者,service_worker,酒店前台,外省市户籍,福建,,,
P08021,杨哲子,男,38,35-39,有未成年孩子,上班族,office_worker,财务经理,上海户籍,上海,,,
P08022,孙乐,男,25,25-29,有未成年孩子,上班族,office_worker,销售代表,外省市户籍,河南,,,
P08023,孙嫣,女,29,25-29,无需要照顾的孩子,上班族,office_worker,采购专员,外省市户籍,湖南,,,
P08024,郑安一,男,47,45-49,有未成年孩子,服务业者,service_worker,餐厅服务员,外省市户籍,山东,,,
P08025,程楷辰,男,36,35-39,无需要照顾的孩子,服务业者,service_worker,健身教练,外省市户籍,四川,,,
P08026,黄子远,男,35,35-39,有未成年孩子,体力劳动者,manual_worker,配送员,外省市户籍,湖南,,,
P08027,吴浩一,男,37,35-39,无需要照顾的孩子,服务业者,service_worker,店员,外省市户籍,安徽,,,
P08028,刘羽曦,女,37,35-39,有未成年孩子,服务业者,service_worker,店员,上海户籍,上海,,,
P08029,许哲明,男,30,30-34,有未成年孩子,体力劳动者,manual_worker,维修技师,外省市户籍,安徽,,,
P08030,黄羽桐,女,21,18-24,无需要照顾的孩子,大学生,university_student,本科生,外省市户籍,江苏,,,
P08031,王远嘉,男,38,35-39,有未成年孩子,体力劳动者,manual_worker,司机,外省市户籍,安徽,,,
P08032,张欣一,女,43,40-44,无需要照顾的孩子,服务业者,service_worker,保安,上海户籍,上海,,,
P08033,陈诺,女,27,25-29,无需要照顾的孩子,上班族,office_worker,HR经理,外省市户籍,其他,,,
P08034,韩晨,女,20,18-24,无需要照顾的孩子,大学生,university_student,本科生,外省市户籍,江苏,,,
P08035,林源博,男,19,18-24,无需要照顾的孩子,大学生,university_student,硕士研究生,上海户籍,上海,,,
P08036,周睿子,男,29,25-29,无需要照顾的孩子,上班族,office_worker,财务主管,上海户籍,上海,,,
P08037,刘梦清,女,34,30-34,有未成年孩子,服务业者,service_worker,房产经纪,上海户籍,上海,,,
P08038,郑星辰,女,34,30-34,有未成年孩子,上班族,office_worker,HR经理,外省市户籍,安徽,,,
P08039,刘嘉子,男,34,30-34,有未成年孩子,上班族,office_worker,高级运营专员,外省市户籍,山东,,,
P08040,陈清晓,女,38,35-39,无需要照顾的孩子,自由业者,freelancer,摄影师,上海户籍,上海,,,
P08041,刘彤彤,女,20,18-24,无需要照顾的孩子,大学生,university_student,本科生,上海户籍,上海,,,
P08042,刘诺,男,25,25-29,无需要照顾的孩子,上班族,office_worker,采购专员,外省市户籍,江苏,,,
P08043,郭乐知,女,24,18-24,无需要照顾的孩子,大学生,university_student,硕士研究生,外省市户籍,四川,,,
P08044,杨彤若,女,42,40-44,有成年孩子,上班族,office_worker,客户经理,上海户籍,上海,,,
P08045,王文景,男,20,18-24,无需要照顾的孩子,上班族,office_worker,软件工程师,上海户籍,上海,,,
P08046,黄静源,女,29,25-29,无需要照顾的孩子,服务业者,service_worker,酒店前台,外省市户籍,江苏,,,
P08047,陈宁婉,女,41,40-44,有未成年孩子,自由业者,freelancer,翻译,上海户籍,上海,,,
P08048,吴天嘉,男,40,40-44,有成年孩子,体力劳动者,manual_worker,仓库操作员,上海户籍,上海,,,
P08049,吴涵文,男,29,25-29,无需要照顾的孩子,服务业者,service_worker,酒店服务人员,上海户籍,上海,,,
P08050,陈源星,女,19,18-24,无需要照顾的孩子,服务业者,service_worker,理发师,外省市户籍,安徽,,,
P08051,王思嘉,女,33,30-34,有未成年孩子,服务业者,service_worker,客服,上海户籍,上海,,,
P08052,马豪清,男,26,25-29,无需要照顾的孩子,上班族,office_worker,行政专员,外省市户籍,福建,,,
P08053,韩欣若,女,29,25-29,无需要照顾的孩子,上班族,office_worker,采购专员,上海户籍,上海,,,
P08054,陈思哲,男,27,25-29,无需要照顾的孩子,体力劳动者,manual_worker,司机,外省市户籍,江苏,,,
P08055,刘一宁,女,26,25-29,有未成年孩子,服务业者,service_worker,客服,上海户籍,上海,,,
P08056,曹明,男,39,35-39,有未成年孩子,服务业者,service_worker,客服,外省市户籍,湖南,,,
P08057,吴楷,男,22,18-24,无需要照顾的孩子,上班族,office_worker,设计师,外省市户籍,江西,,,
P08058,朱泽文,男,40,40-44,有未成年孩子,自由业者,freelancer,私教,外省市户籍,浙江,,,
P08059,宋晓羽,女,22,18-24,有未成年孩子,服务业者,service_worker,收银员,外省市户籍,江西,,,
P08060,王一心,男,34,30-34,无需要照顾的孩子,上班族,office_worker,销售代表,上海户籍,上海,,,
P08061,刘杰星,男,23,18-24,无需要照顾的孩子,大学生,university_student,本科生,外省市户籍,江苏,,,
P08062,杨婷言,女,41,40-44,有未成年孩子,体力劳动者,manual_worker,电工,外省市户籍,江苏,,,
P08063,张源文,男,48,45-49,有成年孩子,服务业者,service_worker,美容师,外省市户籍,江西,,,
P08064,赵诚乐,男,49,45-49,有未成年孩子,服务业者,service_worker,理发师,外省市户籍,其他,,,
P08065,谢宁然,男,30,30-34,有未成年孩子,上班族,office_worker,财务专员,上海户籍,上海,,,
P08066,杨羽心,女,29,25-29,无需要照顾的孩子,服务业者,service_worker,房产经纪,上海户籍,上海,,,
P08067,吴阳心,男,34,30-34,无需要照顾的孩子,上班族,office_worker,产品经理,上海户籍,上海,,,
P08068,孙辰宁,女,39,35-39,有未成年孩子,服务业者,service_worker,房产经纪,上海户籍,上海,,,
P08069,孙泽,男,18,18-24,无需要照顾的孩子,服务业者,service_worker,健身教练,外省市户籍,河南,,,
P08070,曹欣静,女,21,18-24,无需要照顾的孩子,大学生,university_student,本科生,外省市户籍,其他,,,
P08071,梁雨星,女,28,25-29,无需要照顾的孩子,自由业者,freelancer,自由设计师,外省市户籍,河南,,,
P08072,胡明,男,43,40-44,有未成年孩子,上班族,office_worker,财务主管,上海户籍,上海,,,
P08073,胡一天,男,34,30-34,无需要照顾的孩子,服务业者,service_worker,美容师,上海户籍,上海,,,
P08074,张然,男,29,25-29,无需要照顾的孩子,上班族,office_worker,数据分析师,外省市户籍,安徽,,,
P08075,王怡佳,女,40,40-44,有未成年孩子,上班族,office_worker,客户专员,外省市户籍,河南,,,
P08076,胡轩志,男,43,40-44,有未成年孩子,服务业者,service_worker,美容师,上海户籍,上海,,,
P08077,黄思语,女,37,35-39,有未成年孩子,服务业者,service_worker,健身教练,外省市户籍,山东,,,
P08078,张婷佳,女,33,30-34,有未成年孩子,上班族,office_worker,采购专员,外省市户籍,江苏,,,
P08079,刘语,女,27,25-29,无需要照顾的孩子,上班族,office_worker,高级软件工程师,外省市户籍,其他,,,
P08080,高晨泽,男,25,25-29,无需要照顾的孩子,上班族,office_worker,设计师,上海户籍,上海,,,
P08081,陈雨桐,女,30,30-34,有未成年孩子,上班族,office_worker,运营专员,上海户籍,上海,,,
P08082,李涵,女,32,30-34,有未成年孩子,上班族,office_worker,销售经理,外省市户籍,河南,,,
P08083,杨星,男,29,25-29,有未成年孩子,上班族,office_worker,HR经理,外省市户籍,湖北,,,
P08084,刘安,女,30,30-34,有未成年孩子,体力劳动者,manual_worker,建筑工人,上海户籍,上海,,,
P08085,胡佳欣,女,35,35-39,有未成年孩子,服务业者,service_worker,理发师,外省市户籍,河南,,,
P08086,徐晨,女,26,25-29,有未成年孩子,体力劳动者,manual_worker,安装工,上海户籍,上海,,,
P08087,刘阳,男,32,30-34,无需要照顾的孩子,体力劳动者,manual_worker,安装工,上海户籍,上海,,,
P08088,陈嘉雨,女,28,25-29,无需要照顾的孩子,上班族,office_worker,软件工程师,上海户籍,上海,,,
P08089,梁晴清,女,30,30-34,无需要照顾的孩子,上班族,office_worker,高级软件工程师,外省市户籍,湖北,,,
P08090,董雨,女,23,18-24,有未成年孩子,自由业者,freelancer,私教,上海户籍,上海,,,
P08091,程思诗,女,38,35-39,有未成年孩子,服务业者,service_worker,美容师,外省市户籍,江苏,,,
P08092,张明梓,男,22,18-24,无需要照顾的孩子,大学生,university_student,本科生,上海户籍,上海,,,
P08093,孙清,女,30,30-34,有未成年孩子,上班族,office_worker,软件工程师,上海户籍,上海,,,
P08094,陈嘉辰,男,36,35-39,有未成年孩子,体力劳动者,manual_worker,电工,外省市户籍,河北,,,
P08095,董羽,男,25,25-29,无需要照顾的孩子,服务业者,service_worker,房产经纪,外省市户籍,陕西,,,
P08096,吴明源,男,19,18-24,无需要照顾的孩子,大学生,university_student,本科生,外省市户籍,河北,,,
P08097,杨诺宁,男,25,25-29,有未成年孩子,上班族,office_worker,财务专员,外省市户籍,江苏,,,
P08098,王一轩,男,49,45-49,有未成年孩子,服务业者,service_worker,收银员,上海户籍,上海,,,
P08099,谢楷诚,男,36,35-39,有未成年孩子,服务业者,service_worker,美容师,外省市户籍,四川,,,
P08100,黄哲宁,男,35,35-39,有未成年孩子,上班族,office_worker,财务专员,上海户籍,上海,,,
P08101,李晨欣,女,18,18-24,无需要照顾的孩子,服务业者,service_worker,理发师,上海户籍,上海,,,
P08102,王睿杰,男,37,35-39,无需要照顾的孩子,服务业者,service_worker,美容师,外省市户籍,江苏,,,
P08103,林怡,女,30,30-34,有未成年孩子,上班族,office_worker,高级软件工程师,上海户籍,上海,,,
P08104,陈可欣,女,40,40-44,有未成年孩子,上班族,office_worker,项目经理,上海户籍,上海,,,
P08105,陈轩,男,44,40-44,有成年孩子,服务业者,service_worker,酒店服务人员,外省市户籍,河北,,,
P08106,冯婉,女,29,25-29,无需要照顾的孩子,上班族,office_worker,高级项目经理,外省市户籍,江苏,,,
P08107,王彤若,女,49,45-49,无需要照顾的孩子,上班族,office_worker,产品经理,外省市户籍,四川,,,
P08108,刘子羽,女,19,18-24,无需要照顾的孩子,大学生,university_student,本科生,上海户籍,上海,,,
P08109,罗嘉博,男,31,30-34,无需要照顾的孩子,服务业者,service_worker,厨师,上海户籍,上海,,,
P08110,张欣婷,女,25,25-29,无需要照顾的孩子,上班族,office_worker,采购专员,外省市户籍,浙江,,,
P08111,韩然,男,45,45-49,有成年孩子,上班族,office_worker,HR经理,外省市户籍,浙江,,,
P08112,周宁,女,44,40-44,有未成年孩子,上班族,office_worker,财务专员,外省市户籍,四川,,,
P08113,黄乐安,女,21,18-24,无需要照顾的孩子,体力劳动者,manual_worker,仓库操作员,上海户籍,上海,,,
P08114,何晓清,女,25,25-29,有未成年孩子,上班族,office_worker,采购专员,上海户籍,上海,,,
P08115,张宁嘉,男,26,25-29,无需要照顾的孩子,上班族,office_worker,设计师,上海户籍,上海,,,
P08116,刘天,男,34,30-34,有未成年孩子,自由业者,freelancer,独立程序员,上海户籍,上海,,,
P08117,黄婷,女,29,25-29,有未成年孩子,上班族,office_worker,会计,外省市户籍,安徽,,,
P08118,张思若,女,32,30-34,有未成年孩子,体力劳动者,manual_worker,搬运工,外省市户籍,河南,,,
P08119,胡辰辰,女,33,30-34,有未成年孩子,上班族,office_worker,客户经理,上海户籍,上海,,,
P08120,杨诗安,女,38,35-39,有未成年孩子,上班族,office_worker,数据分析师,上海户籍,上海,,,
P08121,周知佑,男,41,40-44,有成年孩子,上班族,office_worker,销售经理,上海户籍,上海,,,
P08122,王思涵,女,33,30-34,有未成年孩子,上班族,office_worker,高级软件工程师,上海户籍,上海,,,
P08123,陈源婷,女,48,45-49,有成年孩子,体力劳动者,manual_worker,快递员,外省市户籍,其他,,,
P08124,宋文诚,男,42,40-44,有未成年孩子,服务业者,service_worker,房产经纪,外省市户籍,福建,,,
P08125,赵清,男,41,40-44,有成年孩子,服务业者,service_worker,美容师,上海户籍,上海,,,
P08126,陈雨涵,女,41,40-44,有成年孩子,上班族,office_worker,高级软件工程师,外省市户籍,河南,,,
P08127,赵嘉梓,男,41,40-44,有未成年孩子,体力劳动者,manual_worker,搬运工,外省市户籍,江苏,,,
P08128,赵怡晴,女,31,30-34,有未成年孩子,服务业者,service_worker,收银员,上海户籍,上海,,,
P08129,李乐景,男,33,30-34,无需要照顾的孩子,体力劳动者,manual_worker,仓库操作员,上海户籍,上海,,,
P08130,张源然,男,47,45-49,有成年孩子,体力劳动者,manual_worker,设备操作员,外省市户籍,浙江,,,
P08131,袁涵,女,41,40-44,无需要照顾的孩子,上班族,office_worker,运营专员,外省市户籍,浙江,,,
P08132,周志然,男,49,45-49,有未成年孩子,服务业者,service_worker,理发师,外省市户籍,四川,,,
P08133,刘一晨,男,32,30-34,无需要照顾的孩子,上班族,office_worker,客户专员,上海户籍,上海,,,
P08134,刘涵星,女,27,25-29,无需要照顾的孩子,自由业者,freelancer,网店经营者,上海户籍,上海,,,
P08135,王怡子,女,32,30-34,有未成年孩子,服务业者,service_worker,酒店服务人员,上海户籍,上海,,,
P08136,刘婷,女,18,18-24,无需要照顾的孩子,大学生,university_student,本科生,上海户籍,上海,,,
P08137,程知晨,男,35,35-39,有未成年孩子,上班族,office_worker,数据分析师,外省市户籍,江苏,,,
P08138,王远,女,29,25-29,无需要照顾的孩子,服务业者,service_worker,厨师,上海户籍,上海,,,
P08139,刘怡嘉,女,48,45-49,有未成年孩子,服务业者,service_worker,理发师,外省市户籍,四川,,,
P08140,李涵,男,28,25-29,无需要照顾的孩子,大学生,university_student,硕士研究生,上海户籍,上海,,,
P08141,高欣乐,女,34,30-34,无需要照顾的孩子,服务业者,service_worker,房产经纪,上海户籍,上海,,,
P08142,冯婷嘉,女,41,40-44,有未成年孩子,上班族,office_worker,HR经理,外省市户籍,湖北,,,
P08143,朱佳怡,女,34,30-34,无需要照顾的孩子,自由业者,freelancer,私教,上海户籍,上海,,,
P08144,刘晨,男,43,40-44,有成年孩子,上班族,office_worker,产品经理,外省市户籍,安徽,,,
P08145,黄嘉诺,男,47,45-49,无需要照顾的孩子,服务业者,service_worker,酒店服务人员,上海户籍,上海,,,
P08146,冯哲源,男,41,40-44,有未成年孩子,服务业者,service_worker,餐厅服务员,外省市户籍,浙江,,,
P08147,王涵,女,31,30-34,无需要照顾的孩子,上班族,office_worker,客户专员,上海户籍,上海,,,
P08148,吴怡安,女,25,25-29,有未成年孩子,上班族,office_worker,财务专员,外省市户籍,湖南,,,
P08149,王雨佳,女,27,25-29,无需要照顾的孩子,上班族,office_worker,运营专员,外省市户籍,安徽,,,
P08150,罗怡诗,女,41,40-44,有未成年孩子,上班族,office_worker,财务经理,上海户籍,上海,,,
P08151,王文景,男,24,18-24,无需要照顾的孩子,上班族,office_worker,客户专员,上海户籍,上海,,,
P08152,周诗梦,女,32,30-34,无需要照顾的孩子,上班族,office_worker,采购专员,外省市户籍,江苏,,,
P08153,王泽楷,男,32,30-34,有未成年孩子,上班族,office_worker,客户专员,外省市户籍,安徽,,,
P08154,徐远子,男,33,30-34,无需要照顾的孩子,体力劳动者,manual_worker,配送员,上海户籍,上海,,,
P08155,郭佳嫣,女,41,40-44,有未成年孩子,上班族,office_worker,高级运营专员,外省市户籍,江西,,,
P08156,于涵,女,43,40-44,有未成年孩子,上班族,office_worker,运营经理,外省市户籍,四川,,,
P08157,刘乐思,男,35,35-39,有成年孩子,上班族,office_worker,产品经理,外省市户籍,浙江,,,
P08158,袁远宁,男,36,35-39,有未成年孩子,自由业者,freelancer,网店经营者,上海户籍,上海,,,
P08159,张杰晨,男,41,40-44,有未成年孩子,体力劳动者,manual_worker,配送员,上海户籍,上海,,,
P08160,赵星宁,女,42,40-44,有未成年孩子,上班族,office_worker,项目经理,上海户籍,上海,,,
P08161,胡嘉远,男,42,40-44,有成年孩子,上班族,office_worker,客户专员,上海户籍,上海,,,
P08162,李婷雨,女,18,18-24,无需要照顾的孩子,大学生,university_student,本科生,上海户籍,上海,,,
P08163,孙杰楷,男,30,30-34,无需要照顾的孩子,服务业者,service_worker,健身教练,上海户籍,上海,,,
P08164,李轩泽,男,34,30-34,有未成年孩子,服务业者,service_worker,保安,上海户籍,上海,,,
P08165,陈子俊,男,23,18-24,无需要照顾的孩子,大学生,university_student,本科生,上海户籍,上海,,,
P08166,孙昊心,男,27,25-29,无需要照顾的孩子,上班族,office_worker,销售经理,上海户籍,上海,,,
P08167,郑思星,女,42,40-44,有未成年孩子,体力劳动者,manual_worker,建筑工人,外省市户籍,河南,,,
P08168,孙天晨,男,34,30-34,有未成年孩子,上班族,office_worker,采购经理,外省市户籍,河南,,,
P08169,郭瑶诗,女,30,30-34,无需要照顾的孩子,服务业者,service_worker,理发师,上海户籍,上海,,,
P08170,韩乐天,男,25,25-29,无需要照顾的孩子,上班族,office_worker,财务主管,上海户籍,上海,,,
P08171,周哲楷,男,26,25-29,无需要照顾的孩子,上班族,office_worker,采购专员,外省市户籍,河北,,,
P08172,陈晓,女,29,25-29,无需要照顾的孩子,体力劳动者,manual_worker,焊工,外省市户籍,江苏,,,
P08173,朱彤婷,女,26,25-29,无需要照顾的孩子,服务业者,service_worker,酒店前台,外省市户籍,江苏,,,
P08174,徐雨心,女,33,30-34,无需要照顾的孩子,上班族,office_worker,销售代表,外省市户籍,湖南,,,
P08175,邓思若,女,26,25-29,有未成年孩子,自由业者,freelancer,自媒体从业者,上海户籍,上海,,,
P08176,郭晨,男,24,18-24,无需要照顾的孩子,大学生,university_student,硕士研究生,外省市户籍,浙江,,,
P08177,陈可辰,女,24,18-24,无需要照顾的孩子,大学生,university_student,硕士研究生,外省市户籍,河南,,,
P08178,陈星可,女,36,35-39,有未成年孩子,上班族,office_worker,销售代表,外省市户籍,广东,,,
P08179,李嘉,男,34,30-34,无需要照顾的孩子,上班族,office_worker,软件工程师,外省市户籍,四川,,,
P08180,李源,男,25,25-29,无需要照顾的孩子,上班族,office_worker,运营专员,上海户籍,上海,,,
P08181,刘一博,男,19,18-24,无需要照顾的孩子,上班族,office_worker,数据分析师,上海户籍,上海,,,
P08182,徐泽嘉,男,39,35-39,有未成年孩子,上班族,office_worker,财务主管,上海户籍,上海,,,
P08183,王天晨,男,41,40-44,有未成年孩子,自由业者,freelancer,独立程序员,上海户籍,上海,,,
P08184,周清言,男,29,25-29,无需要照顾的孩子,上班族,office_worker,销售代表,上海户籍,上海,,,
P08185,刘明梓,男,21,18-24,无需要照顾的孩子,体力劳动者,manual_worker,司机,上海户籍,上海,,,
P08186,张宁诗,女,29,25-29,无需要照顾的孩子,自由业者,freelancer,摄影师,上海户籍,上海,,,
P08187,韩轩天,男,46,45-49,有未成年孩子,上班族,office_worker,客户经理,上海户籍,上海,,,
P08188,刘源语,女,28,25-29,无需要照顾的孩子,上班族,office_worker,项目经理,上海户籍,上海,,,
P08189,郭可,女,30,30-34,有未成年孩子,上班族,office_worker,采购专员,上海户籍,上海,,,
P08190,王星宇,男,44,40-44,有未成年孩子,服务业者,service_worker,收银员,上海户籍,上海,,,
P08191,王泽然,男,32,30-34,无需要照顾的孩子,服务业者,service_worker,收银员,上海户籍,上海,,,
P08192,唐婷安,女,35,35-39,有未成年孩子,服务业者,service_worker,餐厅服务员,上海户籍,上海,,,
P08193,杨子星,女,33,30-34,有未成年孩子,服务业者,service_worker,餐厅服务员,上海户籍,上海,,,
P08194,张辰雨,女,34,30-34,无需要照顾的孩子,上班族,office_worker,会计,上海户籍,上海,,,
P08195,刘源轩,男,18,18-24,无需要照顾的孩子,自由业者,freelancer,自媒体从业者,上海户籍,上海,,,
P08196,胡雨乐,女,33,30-34,有未成年孩子,上班族,office_worker,项目经理,上海户籍,上海,,,
P08197,罗志,男,44,40-44,有未成年孩子,自由业者,freelancer,独立程序员,外省市户籍,江苏,,,
P08198,李轩,男,37,35-39,无需要照顾的孩子,上班族,office_worker,销售经理,外省市户籍,湖南,,,
P08199,王心心,女,28,25-29,有未成年孩子,上班族,office_worker,设计师,上海户籍,上海,,,
P08200,冯怡,女,20,18-24,无需要照顾的孩子,自由业者,freelancer,自由销售,上海户籍,上海,,,
P08201,张佑志,男,36,35-39,有未成年孩子,上班族,office_worker,产品经理,上海户籍,上海,,,
P08202,徐泽,男,24,18-24,无需要照顾的孩子,上班族,office_worker,运营专员,外省市户籍,河南,,,
P08203,李涵可,男,45,45-49,有成年孩子,上班族,office_worker,产品经理,外省市户籍,河南,,,
P08204,王欣远,女,36,35-39,有未成年孩子,自由业者,freelancer,咨询顾问,外省市户籍,浙江,,,
P08205,胡雅心,女,42,40-44,有未成年孩子,自由业者,freelancer,独立程序员,上海户籍,上海,,,
P08206,梁乐杰,男,48,45-49,无需要照顾的孩子,自由业者,freelancer,独立程序员,外省市户籍,浙江,,,
P08207,李静,女,46,45-49,无需要照顾的孩子,服务业者,service_worker,收银员,上海户籍,上海,,,
P08208,林乐琪,女,48,45-49,有未成年孩子,体力劳动者,manual_worker,电工,上海户籍,上海,,,
P08209,邓乐,男,33,30-34,无需要照顾的孩子,体力劳动者,manual_worker,搬运工,上海户籍,上海,,,
P08210,李阳明,男,26,25-29,无需要照顾的孩子,上班族,office_worker,软件工程师,外省市户籍,江苏,,,
P08211,徐一子,男,25,25-29,无需要照顾的孩子,服务业者,service_worker,酒店服务人员,外省市户籍,湖南,,,
P08212,胡轩源,男,21,18-24,无需要照顾的孩子,自由业者,freelancer,翻译,外省市户籍,湖南,,,
P08213,曹阳,男,36,35-39,有未成年孩子,上班族,office_worker,HR经理,上海户籍,上海,,,
P08214,林哲楷,男,28,25-29,有未成年孩子,服务业者,service_worker,保安,上海户籍,上海,,,
P08215,马晨哲,男,41,40-44,有成年孩子,服务业者,service_worker,房产经纪,外省市户籍,安徽,,,
P08216,谢可楷,男,29,25-29,无需要照顾的孩子,服务业者,service_worker,美容师,上海户籍,上海,,,
P08217,李豪阳,男,45,45-49,无需要照顾的孩子,上班族,office_worker,高级项目经理,外省市户籍,湖北,,,
P08218,孙心宁,女,38,35-39,有未成年孩子,上班族,office_worker,数据分析师,上海户籍,上海,,,
P08219,张楷,男,31,30-34,有未成年孩子,服务业者,service_worker,保安,外省市户籍,江苏,,,
P08220,王宇嘉,男,42,40-44,有未成年孩子,体力劳动者,manual_worker,电工,上海户籍,上海,,,
P08221,冯雨若,女,41,40-44,有未成年孩子,上班族,office_worker,采购经理,外省市户籍,安徽,,,
P08222,陈怡诺,女,23,18-24,无需要照顾的孩子,服务业者,service_worker,店员,外省市户籍,福建,,,
P08223,刘博杰,男,28,25-29,无需要照顾的孩子,上班族,office_worker,销售代表,上海户籍,上海,,,
P08224,程羽,男,24,18-24,无需要照顾的孩子,上班族,office_worker,销售代表,上海户籍,上海,,,
P08225,罗涵一,男,42,40-44,有未成年孩子,体力劳动者,manual_worker,快递员,外省市户籍,山东,,,
P08226,刘桐可,女,35,35-39,有未成年孩子,自由业者,freelancer,咨询顾问,外省市户籍,浙江,,,
P08227,张思雅,女,30,30-34,有未成年孩子,上班族,office_worker,会计,外省市户籍,安徽,,,
P08228,李一,女,36,35-39,无需要照顾的孩子,上班族,office_worker,高级软件工程师,上海户籍,上海,,,
P08229,张安远,女,36,35-39,无需要照顾的孩子,上班族,office_worker,销售代表,上海户籍,上海,,,
P08230,王佳,女,37,35-39,有成年孩子,上班族,office_worker,数据分析师,外省市户籍,河南,,,
P08231,李豪哲,男,27,25-29,无需要照顾的孩子,上班族,office_worker,设计师,上海户籍,上海,,,
P08232,吴怡安,女,31,30-34,有未成年孩子,体力劳动者,manual_worker,配送员,外省市户籍,河南,,,
P08233,朱嘉辰,男,28,25-29,无需要照顾的孩子,服务业者,service_worker,美容师,外省市户籍,湖南,,,
P08234,胡怡晴,女,36,35-39,有未成年孩子,自由业者,freelancer,私教,上海户籍,上海,,,
P08235,王羽嫣,女,25,25-29,无需要照顾的孩子,体力劳动者,manual_worker,焊工,上海户籍,上海,,,
P08236,陈羽楷,男,38,35-39,有未成年孩子,自由业者,freelancer,自媒体从业者,上海户籍,上海,,,
P08237,王哲泽,男,47,45-49,有未成年孩子,上班族,office_worker,部门经理,上海户籍,上海,,,
P08238,陈昊,男,34,30-34,有未成年孩子,服务业者,service_worker,店员,上海户籍,上海,,,
P08239,黄文俊,男,30,30-34,无需要照顾的孩子,上班族,office_worker,高级运营专员,外省市户籍,江苏,,,
P08240,林欣桐,女,31,30-34,无需要照顾的孩子,上班族,office_worker,设计师,上海户籍,上海,,,
P08241,张晨安,男,36,35-39,有未成年孩子,自由业者,freelancer,网店经营者,上海户籍,上海,,,
P08242,孙彤诗,女,46,45-49,有未成年孩子,服务业者,service_worker,美容师,外省市户籍,四川,,,
P08243,杨诗,女,30,30-34,无需要照顾的孩子,自由业者,freelancer,自由销售,外省市户籍,湖南,,,
P08244,于可安,女,24,18-24,无需要照顾的孩子,服务业者,service_worker,美容师,上海户籍,上海,,,
P08245,宋子明,男,42,40-44,有未成年孩子,服务业者,service_worker,客服,外省市户籍,江苏,,,
P08246,何诺语,女,21,18-24,无需要照顾的孩子,上班族,office_worker,设计师,外省市户籍,福建,,,
P08247,李昊嘉,男,30,30-34,无需要照顾的孩子,上班族,office_worker,财务主管,上海户籍,上海,,,
P08248,张知婉,女,36,35-39,有未成年孩子,上班族,office_worker,技术经理,外省市户籍,山东,,,
P08249,李一,男,34,30-34,无需要照顾的孩子,服务业者,service_worker,厨师,外省市户籍,河南,,,
P08250,黄哲楷,男,33,30-34,无需要照顾的孩子,上班族,office_worker,HR经理,外省市户籍,安徽,,,
P08251,王彤源,女,39,35-39,有未成年孩子,体力劳动者,manual_worker,司机,上海户籍,上海,,,
P08252,王言浩,男,43,40-44,有成年孩子,服务业者,service_worker,酒店服务人员,上海户籍,上海,,,
P08253,李哲,男,38,35-39,有未成年孩子,服务业者,service_worker,客服,外省市户籍,湖北,,,
P08254,李哲,男,36,35-39,无需要照顾的孩子,上班族,office_worker,项目经理,外省市户籍,安徽,,,
P08255,李哲,男,37,35-39,有未成年孩子,体力劳动者,manual_worker,设备操作员,上海户籍,上海,,,
P08256,高豪景,男,22,18-24,无需要照顾的孩子,大学生,university_student,本科生,外省市户籍,河北,,,
P08257,陈安哲,男,43,40-44,有未成年孩子,上班族,office_worker,客户经理,外省市户籍,河北,,,
P08258,赵可佳,女,23,18-24,无需要照顾的孩子,上班族,office_worker,运营专员,上海户籍,上海,,,
P08259,王欣梦,女,35,35-39,有未成年孩子,服务业者,service_worker,健身教练,外省市户籍,浙江,,,
P08260,郑昊文,男,33,30-34,有未成年孩子,上班族,office_worker,产品经理,外省市户籍,河南,,,
P08261,黄晓言,女,30,30-34,有未成年孩子,服务业者,service_worker,理发师,上海户籍,上海,,,
P08262,张若诗,女,34,30-34,无需要照顾的孩子,服务业者,service_worker,收银员,上海户籍,上海,,,
P08263,林诚远,男,25,25-29,有未成年孩子,上班族,office_worker,客户经理,外省市户籍,江苏,,,
P08264,张阳,男,26,25-29,无需要照顾的孩子,上班族,office_worker,会计,外省市户籍,湖北,,,
P08265,王欣彤,女,18,18-24,无需要照顾的孩子,大学生,university_student,本科生,外省市户籍,浙江,,,
P08266,高清梓,男,36,35-39,有未成年孩子,上班族,office_worker,高级项目经理,外省市户籍,安徽,,,
P08267,王晴嫣,女,27,25-29,有未成年孩子,上班族,office_worker,设计师,上海户籍,上海,,,
P08268,李婷婷,女,34,30-34,无需要照顾的孩子,体力劳动者,manual_worker,搬运工,外省市户籍,四川,,,
P08269,张晨,男,28,25-29,无需要照顾的孩子,上班族,office_worker,客户专员,外省市户籍,浙江,,,
P08270,徐静嫣,女,37,35-39,有未成年孩子,上班族,office_worker,销售代表,上海户籍,上海,,,
P08271,王景,男,49,45-49,有未成年孩子,上班族,office_worker,高级运营专员,外省市户籍,河南,,,
P08272,孙晨宁,女,36,35-39,有成年孩子,上班族,office_worker,数据分析师,外省市户籍,江苏,,,
P08273,梁星嘉,女,25,25-29,无需要照顾的孩子,上班族,office_worker,高级运营专员,外省市户籍,河南,,,
P08274,赵浩晨,男,31,30-34,无需要照顾的孩子,服务业者,service_worker,餐厅服务员,上海户籍,上海,,,
P08275,王哲梓,男,21,18-24,无需要照顾的孩子,体力劳动者,manual_worker,司机,外省市户籍,河南,,,
P08276,谢曦婷,女,39,35-39,有未成年孩子,自由业者,freelancer,自媒体从业者,外省市户籍,陕西,,,
P08277,胡俊,男,31,30-34,无需要照顾的孩子,体力劳动者,manual_worker,电工,外省市户籍,江苏,,,
P08278,黄轩,男,30,30-34,无需要照顾的孩子,上班族,office_worker,项目经理,上海户籍,上海,,,
P08279,王乐星,男,31,30-34,有未成年孩子,上班族,office_worker,会计,上海户籍,上海,,,
P08280,林佳婷,女,38,35-39,有未成年孩子,体力劳动者,manual_worker,维修技师,外省市户籍,江西,,,
P08281,刘诗星,女,48,45-49,有成年孩子,体力劳动者,manual_worker,设备操作员,上海户籍,上海,,,
P08282,程婉涵,女,25,25-29,无需要照顾的孩子,服务业者,service_worker,房产经纪,上海户籍,上海,,,
P08283,冯羽佑,男,42,40-44,有未成年孩子,自由业者,freelancer,私教,上海户籍,上海,,,
P08284,胡欣静,女,36,35-39,有未成年孩子,服务业者,service_worker,美容师,上海户籍,上海,,,
P08285,罗辰怡,女,43,40-44,有未成年孩子,上班族,office_worker,财务经理,上海户籍,上海,,,
P08286,张涵源,男,27,25-29,无需要照顾的孩子,自由业者,freelancer,私教,上海户籍,上海,,,
P08287,林晨可,男,28,25-29,有未成年孩子,上班族,office_worker,采购经理,外省市户籍,安徽,,,
P08288,张辰,女,38,35-39,无需要照顾的孩子,体力劳动者,manual_worker,建筑工人,上海户籍,上海,,,
P08289,李欣言,女,44,40-44,有成年孩子,体力劳动者,manual_worker,搬运工,外省市户籍,安徽,,,
P08290,马安,女,38,35-39,有未成年孩子,自由业者,freelancer,自媒体从业者,外省市户籍,湖南,,,
P08291,杨知诗,女,41,40-44,有未成年孩子,自由业者,freelancer,私教,上海户籍,上海,,,
P08292,于婷,女,21,18-24,无需要照顾的孩子,体力劳动者,manual_worker,安装工,上海户籍,上海,,,
P08293,张晨嘉,男,26,25-29,无需要照顾的孩子,上班族,office_worker,销售代表,外省市户籍,山东,,,
P08294,王佳,女,33,30-34,有未成年孩子,上班族,office_worker,设计师,外省市户籍,安徽,,,
P08295,林知,男,25,25-29,无需要照顾的孩子,服务业者,service_worker,理发师,上海户籍,上海,,,
P08296,赵晨知,男,25,25-29,无需要照顾的孩子,服务业者,service_worker,保安,外省市户籍,湖南,,,
P08297,李彤源,女,24,18-24,无需要照顾的孩子,体力劳动者,manual_worker,维修技师,外省市户籍,四川,,,
P08298,刘佑文,男,40,40-44,无需要照顾的孩子,上班族,office_worker,高级软件工程师,外省市户籍,江西,,,
P08299,赵楷豪,男,30,30-34,无需要照顾的孩子,大学生,university_student,硕士研究生,上海户籍,上海,,,
P08300,刘星雨,女,32,30-34,有未成年孩子,服务业者,service_worker,酒店服务人员,外省市户籍,湖南,,,
P08301,吴清瑶,女,34,30-34,有未成年孩子,上班族,office_worker,数据分析师,外省市户籍,其他,,,
P08302,周一安,女,31,30-34,有未成年孩子,上班族,office_worker,销售经理,外省市户籍,安徽,,,
P08303,梁天然,男,19,18-24,有未成年孩子,上班族,office_worker,软件工程师,上海户籍,上海,,,
P08304,陈睿,男,30,30-34,有未成年孩子,自由业者,freelancer,网店经营者,上海户籍,上海,,,
P08305,杨晴羽,女,43,40-44,有未成年孩子,体力劳动者,manual_worker,仓库操作员,上海户籍,上海,,,
P08306,梁博俊,男,28,25-29,无需要照顾的孩子,服务业者,service_worker,房产经纪,外省市户籍,山东,,,
P08307,赵婷,女,40,40-44,有未成年孩子,上班族,office_worker,HR经理,上海户籍,上海,,,
P08308,梁乐静,女,41,40-44,有未成年孩子,体力劳动者,manual_worker,搬运工,上海户籍,上海,,,
P08309,于涵诚,男,43,40-44,有未成年孩子,上班族,office_worker,区域经理,上海户籍,上海,,,
P08310,梁若言,女,42,40-44,无需要照顾的孩子,上班族,office_worker,财务主管,外省市户籍,陕西,,,
P08311,孙梦若,女,37,35-39,有未成年孩子,上班族,office_worker,数据分析师,上海户籍,上海,,,
P08312,罗涵乐,男,33,30-34,有未成年孩子,上班族,office_worker,软件工程师,外省市户籍,安徽,,,
P08313,张哲轩,男,39,35-39,无需要照顾的孩子,上班族,office_worker,数据分析师,上海户籍,上海,,,
P08314,王星楷,男,32,30-34,有未成年孩子,自由业者,freelancer,摄影师,上海户籍,上海,,,
P08315,王欣,女,41,40-44,有成年孩子,上班族,office_worker,客户经理,上海户籍,上海,,,
P08316,陈婉可,女,39,35-39,有成年孩子,体力劳动者,manual_worker,快递员,外省市户籍,安徽,,,
P08317,陈豪一,男,30,30-34,有未成年孩子,上班族,office_worker,会计,上海户籍,上海,,,
P08318,徐浩昊,男,23,18-24,无需要照顾的孩子,大学生,university_student,博士研究生,上海户籍,上海,,,
P08319,张嫣涵,女,20,18-24,无需要照顾的孩子,大学生,university_student,本科生,上海户籍,上海,,,
P08320,郭欣,女,28,25-29,无需要照顾的孩子,上班族,office_worker,运营专员,上海户籍,上海,,,
P08321,周知星,男,41,40-44,有成年孩子,上班族,office_worker,客户经理,上海户籍,上海,,,
P08322,刘羽晨,男,38,35-39,有未成年孩子,上班族,office_worker,高级产品经理,上海户籍,上海,,,
P08323,林佑豪,男,21,18-24,无需要照顾的孩子,体力劳动者,manual_worker,电工,外省市户籍,安徽,,,
P08324,孙泽,男,40,40-44,有未成年孩子,上班族,office_worker,区域经理,外省市户籍,山东,,,
P08325,邓雅佳,女,19,18-24,无需要照顾的孩子,大学生,university_student,本科生,上海户籍,上海,,,
P08326,马晨宇,男,34,30-34,无需要照顾的孩子,自由业者,freelancer,私教,外省市户籍,浙江,,,
P08327,赵思,男,23,18-24,无需要照顾的孩子,大学生,university_student,硕士研究生,外省市户籍,安徽,,,
P08328,吴言辰,女,45,45-49,有未成年孩子,体力劳动者,manual_worker,设备操作员,上海户籍,上海,,,
P08329,杨诚然,男,37,35-39,有未成年孩子,上班族,office_worker,财务专员,上海户籍,上海,,,
P08330,朱宁,女,34,30-34,有未成年孩子,服务业者,service_worker,餐厅服务员,外省市户籍,湖北,,,
P08331,刘言思,男,40,40-44,有未成年孩子,上班族,office_worker,采购经理,外省市户籍,江苏,,,
P08332,张心婉,女,30,30-34,有未成年孩子,自由业者,freelancer,咨询顾问,外省市户籍,安徽,,,
P08333,张晨涵,男,26,25-29,无需要照顾的孩子,服务业者,service_worker,餐厅服务员,上海户籍,上海,,,
P08334,李静,女,49,45-49,有成年孩子,自由业者,freelancer,翻译,上海户籍,上海,,,
P08335,孙婷嫣,女,35,35-39,有未成年孩子,上班族,office_worker,会计,外省市户籍,浙江,,,
P08336,张若语,女,20,18-24,无需要照顾的孩子,上班族,office_worker,软件工程师,上海户籍,上海,,,
P08337,张静雨,女,41,40-44,有未成年孩子,服务业者,service_worker,餐厅服务员,外省市户籍,江苏,,,
P08338,高嘉,女,32,30-34,无需要照顾的孩子,自由业者,freelancer,网店经营者,上海户籍,上海,,,
P08339,吴思,女,25,25-29,无需要照顾的孩子,上班族,office_worker,采购专员,上海户籍,上海,,,
P08340,李宁诗,女,33,30-34,无需要照顾的孩子,服务业者,service_worker,客服,上海户籍,上海,,,
P08341,王安可,男,47,45-49,有成年孩子,上班族,office_worker,高级软件工程师,外省市户籍,湖北,,,
P08342,黄远乐,男,38,35-39,有未成年孩子,上班族,office_worker,数据分析师,外省市户籍,河南,,,
P08343,王宁一,女,41,40-44,有未成年孩子,自由业者,freelancer,自媒体从业者,外省市户籍,河南,,,
P08344,何文安,男,25,25-29,有未成年孩子,服务业者,service_worker,厨师,上海户籍,上海,,,
P08345,王琪,女,20,18-24,无需要照顾的孩子,大学生,university_student,本科生,外省市户籍,浙江,,,
P08346,陈安,男,42,40-44,无需要照顾的孩子,上班族,office_worker,会计,上海户籍,上海,,,
P08347,杨可哲,男,41,40-44,有未成年孩子,上班族,office_worker,项目经理,外省市户籍,浙江,,,
P08348,程涵楷,男,33,30-34,有未成年孩子,自由业者,freelancer,翻译,上海户籍,上海,,,
P08349,宋可,男,34,30-34,有未成年孩子,上班族,office_worker,高级运营专员,上海户籍,上海,,,
P08350,孙晴雨,女,41,40-44,有未成年孩子,上班族,office_worker,项目经理,外省市户籍,安徽,,,
P08351,赵星佳,女,22,18-24,无需要照顾的孩子,体力劳动者,manual_worker,快递员,外省市户籍,河南,,,
P08352,程知,男,27,25-29,有未成年孩子,体力劳动者,manual_worker,配送员,外省市户籍,江西,,,
P08353,张杰文,男,26,25-29,有未成年孩子,大学生,university_student,博士研究生,上海户籍,上海,,,
P08354,李佳桐,女,33,30-34,有未成年孩子,上班族,office_worker,采购专员,外省市户籍,河南,,,
P08355,梁宁一,女,39,35-39,无需要照顾的孩子,服务业者,service_worker,健身教练,外省市户籍,陕西,,,
P08356,刘若怡,女,27,25-29,有未成年孩子,上班族,office_worker,客户经理,外省市户籍,河南,,,
P08357,宋言安,男,33,30-34,有未成年孩子,上班族,office_worker,财务专员,上海户籍,上海,,,
P08358,马子楷,男,25,25-29,无需要照顾的孩子,上班族,office_worker,采购专员,外省市户籍,四川,,,
P08359,王欣欣,女,31,30-34,有未成年孩子,上班族,office_worker,财务专员,上海户籍,上海,,,
P08360,梁可,男,36,35-39,无需要照顾的孩子,体力劳动者,manual_worker,搬运工,外省市户籍,湖北,,,
P08361,张杰宇,男,38,35-39,有未成年孩子,服务业者,service_worker,美容师,上海户籍,上海,,,
P08362,谢子辰,女,44,40-44,有未成年孩子,服务业者,service_worker,厨师,外省市户籍,河北,,,
P08363,陈羽星,女,44,40-44,有未成年孩子,上班族,office_worker,高级运营专员,上海户籍,上海,,,
P08364,何哲,男,18,18-24,无需要照顾的孩子,上班族,office_worker,数据分析师,外省市户籍,浙江,,,
P08365,刘静子,女,32,30-34,无需要照顾的孩子,上班族,office_worker,采购经理,上海户籍,上海,,,
P08366,张晨可,女,18,18-24,无需要照顾的孩子,大学生,university_student,本科生,外省市户籍,湖北,,,
P08367,朱若星,女,33,30-34,有未成年孩子,上班族,office_worker,客户经理,外省市户籍,四川,,,
P08368,邓欣诗,女,24,18-24,无需要照顾的孩子,自由业者,freelancer,咨询顾问,外省市户籍,江苏,,,
P08369,吴雅星,女,24,18-24,无需要照顾的孩子,体力劳动者,manual_worker,焊工,上海户籍,上海,,,
P08370,张辰安,男,31,30-34,无需要照顾的孩子,上班族,office_worker,销售代表,上海户籍,上海,,,
P08371,朱诚,男,23,18-24,无需要照顾的孩子,上班族,office_worker,会计,外省市户籍,安徽,,,
P08372,陈晨梦,女,31,30-34,有未成年孩子,上班族,office_worker,财务专员,外省市户籍,江苏,,,
P08373,梁诺豪,男,28,25-29,无需要照顾的孩子,大学生,university_student,博士研究生,上海户籍,上海,,,
P08374,张源哲,男,29,25-29,无需要照顾的孩子,体力劳动者,manual_worker,维修技师,外省市户籍,江苏,,,
P08375,梁彤思,女,33,30-34,有未成年孩子,上班族,office_worker,软件工程师,外省市户籍,河南,,,
P08376,周思婷,女,46,45-49,有成年孩子,上班族,office_worker,项目经理,外省市户籍,安徽,,,
P08377,王佳怡,女,32,30-34,有未成年孩子,上班族,office_worker,采购专员,上海户籍,上海,,,
P08378,李宇宁,男,23,18-24,无需要照顾的孩子,大学生,university_student,硕士研究生,上海户籍,上海,,,
P08379,周明远,男,33,30-34,有未成年孩子,服务业者,service_worker,保安,外省市户籍,江西,,,
P08380,张梦语,女,18,18-24,无需要照顾的孩子,服务业者,service_worker,健身教练,外省市户籍,江西,,,
P08381,李羽思,女,36,35-39,无需要照顾的孩子,上班族,office_worker,高级产品经理,上海户籍,上海,,,
P08382,刘宁安,男,32,30-34,无需要照顾的孩子,上班族,office_worker,财务主管,外省市户籍,安徽,,,
P08383,张一诗,女,39,35-39,无需要照顾的孩子,服务业者,service_worker,酒店前台,外省市户籍,山东,,,
P08384,张涵思,女,24,18-24,无需要照顾的孩子,上班族,office_worker,采购专员,外省市户籍,河南,,,
P08385,李羽佳,女,27,25-29,有未成年孩子,上班族,office_worker,软件工程师,上海户籍,上海,,,
P08386,杨文浩,男,35,35-39,有未成年孩子,上班族,office_worker,部门经理,外省市户籍,河南,,,
P08387,徐睿,男,23,18-24,有未成年孩子,上班族,office_worker,设计师,上海户籍,上海,,,
P08388,李清泽,男,39,35-39,有未成年孩子,服务业者,service_worker,客服,外省市户籍,四川,,,
P08389,王可,女,38,35-39,有未成年孩子,服务业者,service_worker,店员,上海户籍,上海,,,
P08390,张源轩,男,38,35-39,有未成年孩子,上班族,office_worker,销售代表,外省市户籍,湖北,,,
P08391,谢远景,男,32,30-34,无需要照顾的孩子,上班族,office_worker,采购经理,上海户籍,上海,,,
P08392,高哲博,男,37,35-39,无需要照顾的孩子,上班族,office_worker,软件工程师,外省市户籍,江苏,,,
P08393,李梓一,男,23,18-24,无需要照顾的孩子,大学生,university_student,硕士研究生,外省市户籍,浙江,,,
P08394,周然,男,30,30-34,有未成年孩子,自由业者,freelancer,咨询顾问,上海户籍,上海,,,
P08395,王怡晓,女,18,18-24,无需要照顾的孩子,大学生,university_student,本科生,上海户籍,上海,,,
P08396,李然言,男,31,30-34,无需要照顾的孩子,上班族,office_worker,客户专员,上海户籍,上海,,,
P08397,刘浩,男,32,30-34,有未成年孩子,体力劳动者,manual_worker,维修技师,上海户籍,上海,,,
P08398,张嘉辰,男,37,35-39,有未成年孩子,服务业者,service_worker,健身教练,上海户籍,上海,,,
P08399,杨晴涵,女,42,40-44,有未成年孩子,体力劳动者,manual_worker,配送员,上海户籍,上海,,,
P08400,郑梓,男,27,25-29,无需要照顾的孩子,自由业者,freelancer,咨询顾问,外省市户籍,江苏,,,
P08401,刘俊睿,男,36,35-39,有未成年孩子,服务业者,service_worker,店员,外省市户籍,浙江,,,
P08402,赵阳嘉,男,38,35-39,有未成年孩子,上班族,office_worker,HR经理,外省市户籍,安徽,,,
P08403,孙辰文,男,38,35-39,有未成年孩子,体力劳动者,manual_worker,快递员,上海户籍,上海,,,
P08404,李源,男,32,30-34,无需要照顾的孩子,上班族,office_worker,产品经理,外省市户籍,安徽,,,
P08405,杨泽阳,男,35,35-39,有未成年孩子,服务业者,service_worker,理发师,外省市户籍,山东,,,
P08406,赵一瑶,女,36,35-39,有未成年孩子,服务业者,service_worker,保安,上海户籍,上海,,,
P08407,李宁欣,女,32,30-34,无需要照顾的孩子,上班族,office_worker,采购经理,外省市户籍,江苏,,,
P08408,徐诺远,男,28,25-29,无需要照顾的孩子,自由业者,freelancer,摄影师,外省市户籍,河南,,,
P08409,王诚晨,男,27,25-29,无需要照顾的孩子,大学生,university_student,博士研究生,外省市户籍,福建,,,
P08410,赵乐琪,女,29,25-29,无需要照顾的孩子,上班族,office_worker,运营专员,外省市户籍,陕西,,,
P08411,黄泽,男,48,45-49,有未成年孩子,服务业者,service_worker,健身教练,上海户籍,上海,,,
P08412,黄心清,男,20,18-24,无需要照顾的孩子,服务业者,service_worker,酒店服务人员,外省市户籍,安徽,,,
P08413,许浩,男,49,45-49,无需要照顾的孩子,服务业者,service_worker,美容师,上海户籍,上海,,,
P08414,朱一羽,女,44,40-44,有未成年孩子,自由业者,freelancer,独立程序员,外省市户籍,浙江,,,
P08415,李远,男,46,45-49,有未成年孩子,服务业者,service_worker,酒店服务人员,外省市户籍,河南,,,
P08416,董辰羽,女,33,30-34,有未成年孩子,上班族,office_worker,销售经理,外省市户籍,山东,,,
P08417,高文博,男,31,30-34,有未成年孩子,自由业者,freelancer,自由销售,上海户籍,上海,,,
P08418,胡哲,男,40,40-44,有未成年孩子,服务业者,service_worker,理发师,外省市户籍,河南,,,
P08419,黄涵星,男,44,40-44,无需要照顾的孩子,服务业者,service_worker,房产经纪,外省市户籍,安徽,,,
P08420,高轩阳,男,22,18-24,无需要照顾的孩子,上班族,office_worker,软件工程师,外省市户籍,湖南,,,
P08421,朱晨言,男,34,30-34,无需要照顾的孩子,上班族,office_worker,软件工程师,上海户籍,上海,,,
P08422,袁思,女,18,18-24,无需要照顾的孩子,大学生,university_student,硕士研究生,外省市户籍,河南,,,
P08423,谢梓乐,男,24,18-24,无需要照顾的孩子,上班族,office_worker,运营专员,外省市户籍,浙江,,,
P08424,陈瑶乐,女,24,18-24,无需要照顾的孩子,服务业者,service_worker,健身教练,上海户籍,上海,,,
P08425,杨桐思,女,29,25-29,无需要照顾的孩子,上班族,office_worker,高级运营专员,外省市户籍,陕西,,,
P08426,曹诺嘉,女,47,45-49,有成年孩子,自由业者,freelancer,翻译,外省市户籍,湖北,,,
P08427,孙一清,女,41,40-44,有成年孩子,服务业者,service_worker,房产经纪,上海户籍,上海,,,
P08428,杨文轩,男,18,18-24,无需要照顾的孩子,自由业者,freelancer,独立程序员,上海户籍,上海,,,
P08429,刘俊诺,男,46,45-49,有成年孩子,上班族,office_worker,财务经理,外省市户籍,四川,,,
P08430,黄子文,男,35,35-39,有未成年孩子,体力劳动者,manual_worker,搬运工,外省市户籍,浙江,,,
P08431,陈昊远,男,23,18-24,有未成年孩子,大学生,university_student,硕士研究生,外省市户籍,江西,,,
P08432,林语羽,女,35,35-39,有未成年孩子,自由业者,freelancer,独立程序员,外省市户籍,浙江,,,
P08433,何嘉,男,36,35-39,有未成年孩子,体力劳动者,manual_worker,焊工,外省市户籍,安徽,,,
P08434,马嫣瑶,女,31,30-34,有未成年孩子,体力劳动者,manual_worker,维修技师,外省市户籍,江西,,,
P08435,高楷文,男,27,25-29,无需要照顾的孩子,服务业者,service_worker,房产经纪,上海户籍,上海,,,
P08436,韩心宇,男,34,30-34,有未成年孩子,上班族,office_worker,财务主管,上海户籍,上海,,,
P08437,李怡佳,女,44,40-44,无需要照顾的孩子,上班族,office_worker,HR经理,外省市户籍,江苏,,,
P08438,邓宁婷,女,39,35-39,有未成年孩子,自由业者,freelancer,翻译,上海户籍,上海,,,
P08439,刘可,男,39,35-39,无需要照顾的孩子,服务业者,service_worker,酒店前台,上海户籍,上海,,,
P08440,黄浩诺,男,39,35-39,有未成年孩子,服务业者,service_worker,保安,外省市户籍,江苏,,,
P08441,刘可嘉,男,36,35-39,有未成年孩子,上班族,office_worker,销售经理,上海户籍,上海,,,
P08442,韩昊,男,39,35-39,有未成年孩子,上班族,office_worker,销售经理,外省市户籍,四川,,,
P08443,周可一,女,33,30-34,无需要照顾的孩子,上班族,office_worker,软件工程师,上海户籍,上海,,,
P08444,周桐,女,26,25-29,无需要照顾的孩子,自由业者,freelancer,咨询顾问,外省市户籍,湖南,,,
P08445,张诺哲,男,34,30-34,有未成年孩子,服务业者,service_worker,健身教练,外省市户籍,湖南,,,
P08446,陈辰宇,男,47,45-49,有成年孩子,上班族,office_worker,运营经理,上海户籍,上海,,,
P08447,黄可源,女,40,40-44,有未成年孩子,服务业者,service_worker,厨师,上海户籍,上海,,,
P08448,王豪可,男,44,40-44,有成年孩子,自由业者,freelancer,摄影师,上海户籍,上海,,,
P08449,高桐心,女,41,40-44,有未成年孩子,服务业者,service_worker,厨师,外省市户籍,四川,,,
P08450,罗梓志,男,30,30-34,无需要照顾的孩子,服务业者,service_worker,酒店前台,外省市户籍,江西,,,
P08451,李源,男,49,45-49,无需要照顾的孩子,上班族,office_worker,财务专员,上海户籍,上海,,,
P08452,杨博文,男,44,40-44,有成年孩子,上班族,office_worker,客户经理,外省市户籍,湖北,,,
P08453,罗阳宁,男,33,30-34,有未成年孩子,上班族,office_worker,HR经理,外省市户籍,安徽,,,
P08454,张一诺,女,18,18-24,无需要照顾的孩子,上班族,office_worker,运营专员,外省市户籍,江苏,,,
P08455,张然泽,男,37,35-39,有未成年孩子,体力劳动者,manual_worker,配送员,外省市户籍,安徽,,,
P08456,王乐一,男,28,25-29,有未成年孩子,上班族,office_worker,行政专员,上海户籍,上海,,,
P08457,郭知浩,男,30,30-34,无需要照顾的孩子,服务业者,service_worker,保安,外省市户籍,浙江,,,
P08458,刘佳怡,女,27,25-29,无需要照顾的孩子,上班族,office_worker,设计师,上海户籍,上海,,,
P08459,张楷哲,男,37,35-39,有未成年孩子,服务业者,service_worker,客服,上海户籍,上海,,,
P08460,罗天昊,男,43,40-44,有成年孩子,上班族,office_worker,客户经理,上海户籍,上海,,,
P08461,马佳嘉,女,37,35-39,有未成年孩子,服务业者,service_worker,理发师,外省市户籍,浙江,,,
P08462,何涵佳,女,32,30-34,无需要照顾的孩子,服务业者,service_worker,酒店服务人员,外省市户籍,安徽,,,
P08463,杨心辰,男,42,40-44,无需要照顾的孩子,上班族,office_worker,产品经理,外省市户籍,山东,,,
P08464,唐欣,女,48,45-49,有成年孩子,自由业者,freelancer,私教,上海户籍,上海,,,
P08465,李可婷,女,34,30-34,无需要照顾的孩子,上班族,office_worker,客户专员,外省市户籍,四川,,,
P08466,冯涵安,女,19,18-24,无需要照顾的孩子,上班族,office_worker,行政专员,上海户籍,上海,,,
P08467,黄子景,男,48,45-49,有成年孩子,服务业者,service_worker,理发师,外省市户籍,浙江,,,
P08468,赵子嘉,男,35,35-39,有未成年孩子,上班族,office_worker,客户经理,外省市户籍,江苏,,,
P08469,陈雨宁,女,25,25-29,无需要照顾的孩子,上班族,office_worker,销售经理,上海户籍,上海,,,
P08470,高婉嫣,女,37,35-39,无需要照顾的孩子,上班族,office_worker,销售经理,上海户籍,上海,,,
P08471,于诺清,男,20,18-24,无需要照顾的孩子,上班族,office_worker,销售代表,上海户籍,上海,,,
P08472,胡雅,女,32,30-34,有未成年孩子,服务业者,service_worker,美容师,外省市户籍,江苏,,,
P08473,梁梦安,女,24,18-24,无需要照顾的孩子,上班族,office_worker,财务专员,外省市户籍,江苏,,,
P08474,梁可,男,38,35-39,有未成年孩子,体力劳动者,manual_worker,安装工,外省市户籍,河南,,,
P08475,胡阳,男,31,30-34,无需要照顾的孩子,自由业者,freelancer,私教,外省市户籍,浙江,,,
P08476,杨心清,女,35,35-39,有未成年孩子,服务业者,service_worker,收银员,上海户籍,上海,,,
P08477,徐欣子,女,21,18-24,无需要照顾的孩子,服务业者,service_worker,餐厅服务员,上海户籍,上海,,,
P08478,李诗源,女,30,30-34,无需要照顾的孩子,自由业者,freelancer,自由设计师,上海户籍,上海,,,
P08479,陈涵辰,女,47,45-49,有未成年孩子,上班族,office_worker,高级产品经理,外省市户籍,江苏,,,
P08480,梁睿嘉,男,25,25-29,无需要照顾的孩子,上班族,office_worker,软件工程师,外省市户籍,四川,,,
P08481,吴心羽,男,35,35-39,有未成年孩子,服务业者,service_worker,保安,外省市户籍,四川,,,
P08482,黄轩志,男,40,40-44,无需要照顾的孩子,体力劳动者,manual_worker,设备操作员,上海户籍,上海,,,
P08483,徐可婉,女,32,30-34,有未成年孩子,体力劳动者,manual_worker,司机,外省市户籍,四川,,,
P08484,董宇博,男,34,30-34,无需要照顾的孩子,上班族,office_worker,客户经理,外省市户籍,江苏,,,
P08485,周思言,女,18,18-24,无需要照顾的孩子,大学生,university_student,本科生,外省市户籍,安徽,,,
P08486,孙宁明,男,29,25-29,无需要照顾的孩子,上班族,office_worker,客户专员,上海户籍,上海,,,
P08487,赵婷羽,女,26,25-29,无需要照顾的孩子,上班族,office_worker,客户专员,上海户籍,上海,,,
P08488,梁佳源,女,35,35-39,无需要照顾的孩子,服务业者,service_worker,理发师,外省市户籍,江苏,,,
P08489,朱佑可,男,29,25-29,有未成年孩子,上班族,office_worker,财务专员,外省市户籍,山东,,,
P08490,郭心琪,女,22,18-24,无需要照顾的孩子,上班族,office_worker,客户专员,上海户籍,上海,,,
P08491,张天晨,男,41,40-44,有未成年孩子,上班族,office_worker,客户经理,上海户籍,上海,,,
P08492,张子心,女,39,35-39,有未成年孩子,服务业者,service_worker,保安,上海户籍,上海,,,
P08493,林心知,男,28,25-29,无需要照顾的孩子,服务业者,service_worker,收银员,上海户籍,上海,,,
P08494,孙涵辰,男,30,30-34,无需要照顾的孩子,服务业者,service_worker,美容师,外省市户籍,山东,,,
P08495,张豪宁,男,44,40-44,有未成年孩子,上班族,office_worker,高级软件工程师,外省市户籍,江苏,,,
P08496,许言,男,32,30-34,有未成年孩子,服务业者,service_worker,客服,外省市户籍,浙江,,,
P08497,刘诺子,男,34,30-34,有未成年孩子,自由业者,freelancer,网店经营者,上海户籍,上海,,,
P08498,袁欣羽,女,34,30-34,有未成年孩子,上班族,office_worker,设计师,上海户籍,上海,,,
P08499,李可言,女,29,25-29,有未成年孩子,服务业者,service_worker,收银员,上海户籍,上海,,,
P08500,王涵,男,18,18-24,无需要照顾的孩子,服务业者,service_worker,店员,上海户籍,上海,,,
P08501,周若,女,20,18-24,无需要照顾的孩子,大学生,university_student,本科生,外省市户籍,浙江,,,
P08502,程豪诚,男,25,25-29,无需要照顾的孩子,自由业者,freelancer,独立程序员,外省市户籍,湖北,,,
P08503,袁语涵,女,25,25-29,无需要照顾的孩子,体力劳动者,manual_worker,配送员,外省市户籍,其他,,,
P08504,李文,男,19,18-24,无需要照顾的孩子,服务业者,service_worker,房产经纪,上海户籍,上海,,,
P08505,周瑶可,女,36,35-39,有未成年孩子,上班族,office_worker,采购经理,外省市户籍,安徽,,,
P08506,梁静心,女,20,18-24,无需要照顾的孩子,大学生,university_student,硕士研究生,外省市户籍,福建,,,
P08507,李思文,男,31,30-34,无需要照顾的孩子,体力劳动者,manual_worker,搬运工,上海户籍,上海,,,
P08508,张睿杰,男,49,45-49,无需要照顾的孩子,上班族,office_worker,数据分析师,外省市户籍,河南,,,
P08509,程安子,男,41,40-44,有成年孩子,服务业者,service_worker,美容师,外省市户籍,四川,,,
P08510,许俊思,男,26,25-29,无需要照顾的孩子,上班族,office_worker,设计师,外省市户籍,河北,,,
P08511,冯思清,女,44,40-44,有成年孩子,上班族,office_worker,运营专员,外省市户籍,湖北,,,
P08512,韩思彤,女,40,40-44,有未成年孩子,自由业者,freelancer,翻译,外省市户籍,陕西,,,
P08513,杨彤,女,18,18-24,无需要照顾的孩子,自由业者,freelancer,摄影师,外省市户籍,四川,,,
P08514,林怡言,女,18,18-24,有未成年孩子,大学生,university_student,本科生,外省市户籍,湖北,,,
P08515,陈志,男,38,35-39,有未成年孩子,上班族,office_worker,项目经理,上海户籍,上海,,,
P08516,吴佑,男,47,45-49,有成年孩子,体力劳动者,manual_worker,维修技师,上海户籍,上海,,,
P08517,李景可,男,36,35-39,有未成年孩子,上班族,office_worker,行政专员,上海户籍,上海,,,
P08518,杨杰辰,男,34,30-34,无需要照顾的孩子,上班族,office_worker,高级软件工程师,外省市户籍,江苏,,,
P08519,刘源欣,女,29,25-29,无需要照顾的孩子,上班族,office_worker,客户专员,外省市户籍,福建,,,
P08520,王欣佳,女,27,25-29,有未成年孩子,大学生,university_student,硕士研究生,外省市户籍,安徽,,,
P08521,周轩,男,41,40-44,有未成年孩子,上班族,office_worker,数据分析师,上海户籍,上海,,,
P08522,赵俊,男,27,25-29,无需要照顾的孩子,服务业者,service_worker,店员,上海户籍,上海,,,
P08523,李乐思,女,32,30-34,有未成年孩子,自由业者,freelancer,自由销售,外省市户籍,江苏,,,
P08524,刘嘉子,男,29,25-29,无需要照顾的孩子,上班族,office_worker,设计师,外省市户籍,河南,,,
P08525,李泽言,男,25,25-29,无需要照顾的孩子,服务业者,service_worker,美容师,上海户籍,上海,,,
P08526,王辰浩,男,34,30-34,无需要照顾的孩子,上班族,office_worker,数据分析师,外省市户籍,江苏,,,
P08527,陈语辰,女,19,18-24,无需要照顾的孩子,服务业者,service_worker,保安,上海户籍,上海,,,
P08528,冯杰,男,32,30-34,有未成年孩子,服务业者,service_worker,房产经纪,外省市户籍,河南,,,
P08529,董轩,男,30,30-34,无需要照顾的孩子,上班族,office_worker,财务主管,外省市户籍,其他,,,
P08530,陈辰杰,男,29,25-29,有未成年孩子,服务业者,service_worker,客服,外省市户籍,湖南,,,
P08531,刘心婉,女,39,35-39,有未成年孩子,体力劳动者,manual_worker,司机,上海户籍,上海,,,
P08532,赵文文,男,26,25-29,无需要照顾的孩子,服务业者,service_worker,收银员,上海户籍,上海,,,
P08533,黄远思,女,33,30-34,有未成年孩子,上班族,office_worker,财务专员,上海户籍,上海,,,
P08534,梁一桐,女,30,30-34,无需要照顾的孩子,自由业者,freelancer,翻译,外省市户籍,江苏,,,
P08535,刘文明,男,23,18-24,无需要照顾的孩子,大学生,university_student,硕士研究生,外省市户籍,湖南,,,
P08536,王豪轩,男,37,35-39,无需要照顾的孩子,上班族,office_worker,财务主管,外省市户籍,安徽,,,
P08537,郑佳怡,女,31,30-34,有未成年孩子,体力劳动者,manual_worker,搬运工,外省市户籍,四川,,,
P08538,冯浩志,男,21,18-24,无需要照顾的孩子,体力劳动者,manual_worker,电工,上海户籍,上海,,,
P08539,郑豪昊,男,20,18-24,无需要照顾的孩子,大学生,university_student,本科生,外省市户籍,山东,,,
P08540,杨思梦,女,18,18-24,无需要照顾的孩子,大学生,university_student,本科生,外省市户籍,安徽,,,
P08541,胡轩源,男,46,45-49,无需要照顾的孩子,自由业者,freelancer,自媒体从业者,外省市户籍,江苏,,,
P08542,徐雅安,女,38,35-39,有未成年孩子,上班族,office_worker,销售经理,上海户籍,上海,,,
P08543,胡宁泽,男,31,30-34,无需要照顾的孩子,服务业者,service_worker,保安,上海户籍,上海,,,
P08544,周远可,女,33,30-34,无需要照顾的孩子,体力劳动者,manual_worker,仓库操作员,上海户籍,上海,,,
P08545,林瑶诗,女,30,30-34,无需要照顾的孩子,上班族,office_worker,高级软件工程师,外省市户籍,其他,,,
P08546,赵睿,男,29,25-29,无需要照顾的孩子,上班族,office_worker,软件工程师,上海户籍,上海,,,
P08547,李景涵,男,36,35-39,有未成年孩子,服务业者,service_worker,健身教练,外省市户籍,江苏,,,
P08548,王心涵,女,19,18-24,无需要照顾的孩子,上班族,office_worker,行政专员,上海户籍,上海,,,
P08549,张怡源,女,22,18-24,无需要照顾的孩子,上班族,office_worker,销售代表,上海户籍,上海,,,
P08550,何浩景,男,31,30-34,有未成年孩子,体力劳动者,manual_worker,安装工,外省市户籍,河北,,,
P08551,刘安楷,男,41,40-44,有未成年孩子,服务业者,service_worker,厨师,外省市户籍,江苏,,,
P08552,张晨一,男,29,25-29,有未成年孩子,服务业者,service_worker,酒店服务人员,外省市户籍,江苏,,,
P08553,王怡思,女,31,30-34,无需要照顾的孩子,上班族,office_worker,客户经理,外省市户籍,安徽,,,
P08554,李嘉梦,女,25,25-29,无需要照顾的孩子,服务业者,service_worker,健身教练,上海户籍,上海,,,
P08555,罗志嘉,男,34,30-34,无需要照顾的孩子,上班族,office_worker,销售经理,外省市户籍,浙江,,,
P08556,张明轩,男,44,40-44,有成年孩子,服务业者,service_worker,酒店前台,上海户籍,上海,,,
P08557,胡知远,女,27,25-29,无需要照顾的孩子,上班族,office_worker,采购专员,上海户籍,上海,,,
P08558,谢诚轩,男,35,35-39,有未成年孩子,上班族,office_worker,高级项目经理,上海户籍,上海,,,
P08559,罗明,男,33,30-34,有未成年孩子,服务业者,service_worker,客服,外省市户籍,河北,,,
P08560,杨婷晴,女,21,18-24,无需要照顾的孩子,服务业者,service_worker,餐厅服务员,外省市户籍,江西,,,
P08561,王嘉梓,男,25,25-29,无需要照顾的孩子,上班族,office_worker,会计,外省市户籍,山东,,,
P08562,张羽轩,男,41,40-44,无需要照顾的孩子,服务业者,service_worker,餐厅服务员,上海户籍,上海,,,
P08563,王怡一,女,39,35-39,有成年孩子,体力劳动者,manual_worker,搬运工,外省市户籍,江西,,,
P08564,王一知,男,31,30-34,有未成年孩子,服务业者,service_worker,房产经纪,外省市户籍,浙江,,,
P08565,罗豪,男,37,35-39,无需要照顾的孩子,上班族,office_worker,技术经理,外省市户籍,福建,,,
P08566,韩晨阳,男,38,35-39,有未成年孩子,上班族,office_worker,数据分析师,外省市户籍,江苏,,,
P08567,王豪俊,男,25,25-29,无需要照顾的孩子,上班族,office_worker,销售代表,外省市户籍,浙江,,,
P08568,王婷嘉,女,38,35-39,有未成年孩子,上班族,office_worker,销售代表,上海户籍,上海,,,
P08569,吴子乐,女,24,18-24,无需要照顾的孩子,自由业者,freelancer,自由设计师,上海户籍,上海,,,
P08570,陈思豪,男,41,40-44,有未成年孩子,服务业者,service_worker,客服,上海户籍,上海,,,
P08571,张远楷,男,33,30-34,有未成年孩子,上班族,office_worker,数据分析师,外省市户籍,福建,,,
P08572,王言景,男,33,30-34,无需要照顾的孩子,上班族,office_worker,运营专员,外省市户籍,安徽,,,
P08573,刘可,男,28,25-29,有未成年孩子,自由业者,freelancer,独立程序员,外省市户籍,四川,,,
P08574,何晨诺,男,19,18-24,无需要照顾的孩子,服务业者,service_worker,保安,外省市户籍,河北,,,
P08575,郭涵晴,女,39,35-39,有未成年孩子,体力劳动者,manual_worker,配送员,外省市户籍,河南,,,
P08576,陈清,男,21,18-24,无需要照顾的孩子,服务业者,service_worker,厨师,上海户籍,上海,,,
P08577,徐嘉楷,男,35,35-39,有未成年孩子,自由业者,freelancer,网店经营者,上海户籍,上海,,,
P08578,张思安,女,25,25-29,有未成年孩子,服务业者,service_worker,理发师,外省市户籍,山东,,,
P08579,冯远轩,男,34,30-34,无需要照顾的孩子,服务业者,service_worker,客服,外省市户籍,河南,,,
P08580,袁浩楷,男,40,40-44,有未成年孩子,体力劳动者,manual_worker,司机,外省市户籍,河北,,,
P08581,张豪,男,42,40-44,有成年孩子,服务业者,service_worker,店员,外省市户籍,江苏,,,
P08582,朱泽杰,男,47,45-49,有成年孩子,服务业者,service_worker,客服,外省市户籍,福建,,,
P08583,赵宁,女,36,35-39,无需要照顾的孩子,体力劳动者,manual_worker,快递员,外省市户籍,河南,,,
P08584,赵楷佑,男,47,45-49,有未成年孩子,自由业者,freelancer,私教,外省市户籍,河北,,,
P08585,周俊,男,37,35-39,有未成年孩子,上班族,office_worker,设计师,上海户籍,上海,,,
P08586,刘乐桐,女,25,25-29,有未成年孩子,服务业者,service_worker,店员,上海户籍,上海,,,
P08587,李志星,男,18,18-24,无需要照顾的孩子,上班族,office_worker,销售经理,上海户籍,上海,,,
P08588,王晨欣,女,31,30-34,无需要照顾的孩子,上班族,office_worker,采购经理,外省市户籍,河南,,,
P08589,袁昊辰,男,35,35-39,有未成年孩子,服务业者,service_worker,酒店服务人员,上海户籍,上海,,,
P08590,何可星,男,36,35-39,无需要照顾的孩子,体力劳动者,manual_worker,维修技师,外省市户籍,其他,,,
P08591,刘清诗,女,48,45-49,有成年孩子,服务业者,service_worker,厨师,外省市户籍,安徽,,,
P08592,谢曦,女,27,25-29,有未成年孩子,上班族,office_worker,软件工程师,上海户籍,上海,,,
P08593,王诚佑,男,42,40-44,有成年孩子,体力劳动者,manual_worker,快递员,上海户籍,上海,,,
P08594,刘梓文,男,23,18-24,无需要照顾的孩子,上班族,office_worker,销售代表,上海户籍,上海,,,
P08595,黄诚博,男,28,25-29,无需要照顾的孩子,服务业者,service_worker,房产经纪,上海户籍,上海,,,
P08596,宋知,男,39,35-39,无需要照顾的孩子,自由业者,freelancer,自媒体从业者,上海户籍,上海,,,
P08597,郭心羽,女,49,45-49,有成年孩子,上班族,office_worker,客户经理,外省市户籍,四川,,,
P08598,杨语欣,女,19,18-24,有未成年孩子,上班族,office_worker,会计,外省市户籍,河南,,,
P08599,张彤,女,26,25-29,无需要照顾的孩子,服务业者,service_worker,酒店前台,外省市户籍,其他,,,
P08600,徐涵,男,30,30-34,有未成年孩子,服务业者,service_worker,收银员,外省市户籍,江西,,,
P08601,杨诺梓,男,24,18-24,无需要照顾的孩子,大学生,university_student,硕士研究生,外省市户籍,山东,,,
P08602,陈羽乐,女,33,30-34,有未成年孩子,上班族,office_worker,HR经理,外省市户籍,广东,,,
P08603,王星怡,女,47,45-49,有成年孩子,服务业者,service_worker,酒店服务人员,外省市户籍,福建,,,
P08604,王曦,女,39,35-39,有未成年孩子,上班族,office_worker,HR经理,外省市户籍,江苏,,,
P08605,张彤,女,37,35-39,有未成年孩子,体力劳动者,manual_worker,焊工,上海户籍,上海,,,
P08606,陈源,男,34,30-34,无需要照顾的孩子,服务业者,service_worker,健身教练,外省市户籍,浙江,,,
P08607,刘雅,女,46,45-49,有成年孩子,上班族,office_worker,销售代表,上海户籍,上海,,,
P08608,宋轩,男,31,30-34,有成年孩子,上班族,office_worker,采购经理,外省市户籍,安徽,,,
P08609,徐晓言,女,48,45-49,有未成年孩子,服务业者,service_worker,收银员,外省市户籍,浙江,,,
P08610,李诺,男,24,18-24,无需要照顾的孩子,大学生,university_student,硕士研究生,外省市户籍,河南,,,
P08611,梁轩,男,34,30-34,有未成年孩子,上班族,office_worker,HR经理,上海户籍,上海,,,
P08612,于源宇,男,31,30-34,无需要照顾的孩子,上班族,office_worker,会计,上海户籍,上海,,,
P08613,赵文佑,男,37,35-39,无需要照顾的孩子,体力劳动者,manual_worker,建筑工人,外省市户籍,广东,,,
P08614,张曦欣,女,47,45-49,有成年孩子,上班族,office_worker,产品经理,上海户籍,上海,,,
P08615,程浩远,男,23,18-24,无需要照顾的孩子,大学生,university_student,硕士研究生,上海户籍,上海,,,
P08616,王天,男,40,40-44,有未成年孩子,上班族,office_worker,HR经理,外省市户籍,湖南,,,
P08617,杨轩,男,34,30-34,有未成年孩子,上班族,office_worker,运营专员,上海户籍,上海,,,
P08618,张佳安,女,39,35-39,有成年孩子,上班族,office_worker,高级软件工程师,外省市户籍,湖南,,,
P08619,梁可文,男,42,40-44,有未成年孩子,上班族,office_worker,项目经理,上海户籍,上海,,,
P08620,陈晨景,男,42,40-44,无需要照顾的孩子,上班族,office_worker,高级项目经理,外省市户籍,四川,,,
P08621,刘辰知,女,22,18-24,无需要照顾的孩子,大学生,university_student,博士研究生,外省市户籍,山东,,,
P08622,王诺晨,男,45,45-49,有未成年孩子,服务业者,service_worker,厨师,上海户籍,上海,,,
P08623,李浩楷,男,37,35-39,无需要照顾的孩子,体力劳动者,manual_worker,电工,上海户籍,上海,,,
P08624,梁源轩,男,31,30-34,有未成年孩子,上班族,office_worker,财务专员,上海户籍,上海,,,
P08625,刘明,男,24,18-24,无需要照顾的孩子,大学生,university_student,硕士研究生,外省市户籍,福建,,,
P08626,周昊天,男,43,40-44,有成年孩子,上班族,office_worker,人力资源经理,外省市户籍,浙江,,,
P08627,周雨可,女,27,25-29,无需要照顾的孩子,上班族,office_worker,运营专员,上海户籍,上海,,,
P08628,刘杰宁,男,24,18-24,无需要照顾的孩子,体力劳动者,manual_worker,快递员,上海户籍,上海,,,
P08629,宋琪乐,女,32,30-34,有未成年孩子,上班族,office_worker,财务主管,外省市户籍,河南,,,
P08630,黄宇睿,男,30,30-34,有未成年孩子,上班族,office_worker,高级软件工程师,外省市户籍,江苏,,,
P08631,张然阳,男,48,45-49,有未成年孩子,上班族,office_worker,采购专员,外省市户籍,江苏,,,
P08632,王可琪,女,18,18-24,无需要照顾的孩子,上班族,office_worker,客户专员,上海户籍,上海,,,
P08633,李文嘉,男,25,25-29,有未成年孩子,上班族,office_worker,会计,外省市户籍,其他,,,
P08634,王佑然,男,19,18-24,无需要照顾的孩子,大学生,university_student,本科生,外省市户籍,江西,,,
P08635,高心彤,女,40,40-44,有未成年孩子,上班族,office_worker,数据分析师,上海户籍,上海,,,
P08636,赵远嘉,男,33,30-34,无需要照顾的孩子,上班族,office_worker,高级运营专员,上海户籍,上海,,,
P08637,李远然,男,31,30-34,有未成年孩子,自由业者,freelancer,私教,上海户籍,上海,,,
P08638,罗星可,女,27,25-29,无需要照顾的孩子,体力劳动者,manual_worker,设备操作员,外省市户籍,山东,,,
P08639,张晨知,男,27,25-29,无需要照顾的孩子,服务业者,service_worker,保安,外省市户籍,江苏,,,
P08640,李乐,男,46,45-49,有未成年孩子,服务业者,service_worker,健身教练,上海户籍,上海,,,
P08641,黄若欣,女,43,40-44,有未成年孩子,上班族,office_worker,高级软件工程师,上海户籍,上海,,,
P08642,王嘉嘉,男,28,25-29,无需要照顾的孩子,体力劳动者,manual_worker,配送员,上海户籍,上海,,,
P08643,李博远,男,32,30-34,有未成年孩子,上班族,office_worker,财务专员,上海户籍,上海,,,
P08644,陈晨然,男,36,35-39,无需要照顾的孩子,上班族,office_worker,数据分析师,上海户籍,上海,,,
P08645,李源,男,21,18-24,无需要照顾的孩子,大学生,university_student,本科生,上海户籍,上海,,,
P08646,周可晴,女,20,18-24,无需要照顾的孩子,上班族,office_worker,软件工程师,上海户籍,上海,,,
P08647,许清源,女,34,30-34,无需要照顾的孩子,上班族,office_worker,客户专员,外省市户籍,安徽,,,
P08648,张嘉嘉,男,26,25-29,无需要照顾的孩子,上班族,office_worker,会计,上海户籍,上海,,,
P08649,曹子晨,男,34,30-34,有未成年孩子,上班族,office_worker,采购经理,上海户籍,上海,,,
P08650,谢佳婷,女,19,18-24,无需要照顾的孩子,服务业者,service_worker,店员,外省市户籍,安徽,,,
P08651,张心晴,女,36,35-39,有未成年孩子,上班族,office_worker,数据分析师,外省市户籍,江苏,,,
P08652,郑彤,女,24,18-24,有未成年孩子,服务业者,service_worker,厨师,外省市户籍,江苏,,,
P08653,陈涵星,男,41,40-44,无需要照顾的孩子,服务业者,service_worker,房产经纪,上海户籍,上海,,,
P08654,冯晨宁,男,27,25-29,无需要照顾的孩子,体力劳动者,manual_worker,快递员,上海户籍,上海,,,
P08655,徐清安,女,26,25-29,有未成年孩子,服务业者,service_worker,厨师,外省市户籍,山东,,,
P08656,高瑶清,女,38,35-39,有未成年孩子,上班族,office_worker,业务负责人,上海户籍,上海,,,
P08657,梁知涵,女,41,40-44,有成年孩子,服务业者,service_worker,厨师,外省市户籍,安徽,,,
P08658,杨晴彤,女,29,25-29,无需要照顾的孩子,服务业者,service_worker,房产经纪,外省市户籍,湖南,,,
P08659,谢可泽,男,20,18-24,有未成年孩子,服务业者,service_worker,酒店服务人员,外省市户籍,浙江,,,
P08660,张景轩,男,27,25-29,无需要照顾的孩子,上班族,office_worker,运营专员,上海户籍,上海,,,
P08661,黄可瑶,女,24,18-24,无需要照顾的孩子,上班族,office_worker,客户专员,上海户籍,上海,,,
P08662,黄涵楷,男,42,40-44,有未成年孩子,上班族,office_worker,财务主管,外省市户籍,湖南,,,
P08663,李思梦,女,28,25-29,有未成年孩子,大学生,university_student,硕士研究生,上海户籍,上海,,,
P08664,周景子,男,19,18-24,无需要照顾的孩子,上班族,office_worker,客户专员,上海户籍,上海,,,
P08665,朱子,男,20,18-24,无需要照顾的孩子,上班族,office_worker,财务专员,外省市户籍,江苏,,,
P08666,程诚,男,44,40-44,有成年孩子,体力劳动者,manual_worker,电工,上海户籍,上海,,,
P08667,刘哲阳,男,36,35-39,无需要照顾的孩子,上班族,office_worker,销售经理,外省市户籍,其他,,,
P08668,赵远子,女,49,45-49,无需要照顾的孩子,服务业者,service_worker,理发师,外省市户籍,山东,,,
P08669,周诚乐,男,26,25-29,无需要照顾的孩子,上班族,office_worker,HR经理,上海户籍,上海,,,
P08670,杨羽雨,女,42,40-44,有未成年孩子,上班族,office_worker,高级产品经理,上海户籍,上海,,,
P08671,刘欣,女,22,18-24,无需要照顾的孩子,大学生,university_student,本科生,外省市户籍,安徽,,,
P08672,李源,女,43,40-44,无需要照顾的孩子,服务业者,service_worker,厨师,外省市户籍,河南,,,
P08673,李明,男,40,40-44,有未成年孩子,自由业者,freelancer,摄影师,上海户籍,上海,,,
P08674,张梓,男,31,30-34,无需要照顾的孩子,自由业者,freelancer,自由设计师,外省市户籍,山东,,,
P08675,赵博,男,33,30-34,有未成年孩子,服务业者,service_worker,店员,上海户籍,上海,,,
P08676,赵知诺,女,39,35-39,有未成年孩子,上班族,office_worker,财务主管,外省市户籍,湖北,,,
P08677,许彤静,女,27,25-29,无需要照顾的孩子,服务业者,service_worker,美容师,外省市户籍,广东,,,
P08678,吴天,男,40,40-44,有成年孩子,上班族,office_worker,采购经理,上海户籍,上海,,,
P08679,陈怡子,女,33,30-34,有未成年孩子,服务业者,service_worker,保安,上海户籍,上海,,,
P08680,张宇乐,男,32,30-34,有未成年孩子,体力劳动者,manual_worker,设备操作员,上海户籍,上海,,,
P08681,黄可睿,男,32,30-34,有未成年孩子,上班族,office_worker,财务专员,外省市户籍,湖北,,,
P08682,黄梓星,男,28,25-29,有未成年孩子,服务业者,service_worker,餐厅服务员,上海户籍,上海,,,
P08683,林若晨,女,38,35-39,有未成年孩子,上班族,office_worker,业务负责人,外省市户籍,湖北,,,
P08684,杨星源,男,40,40-44,有未成年孩子,服务业者,service_worker,收银员,外省市户籍,江西,,,
P08685,王欣桐,女,24,18-24,无需要照顾的孩子,大学生,university_student,博士研究生,外省市户籍,安徽,,,
P08686,袁博浩,男,27,25-29,无需要照顾的孩子,自由业者,freelancer,自由设计师,上海户籍,上海,,,
P08687,郑羽思,女,45,45-49,有未成年孩子,服务业者,service_worker,理发师,外省市户籍,江苏,,,
P08688,杨睿哲,男,18,18-24,无需要照顾的孩子,大学生,university_student,本科生,上海户籍,上海,,,
P08689,董语宁,女,29,25-29,无需要照顾的孩子,上班族,office_worker,客户专员,上海户籍,上海,,,
P08690,邓涵俊,男,19,18-24,无需要照顾的孩子,大学生,university_student,本科生,上海户籍,上海,,,
P08691,赵诺嘉,男,32,30-34,无需要照顾的孩子,上班族,office_worker,会计,外省市户籍,四川,,,
P08692,周婉雅,女,32,30-34,有未成年孩子,服务业者,service_worker,店员,上海户籍,上海,,,
P08693,宋浩,男,32,30-34,无需要照顾的孩子,上班族,office_worker,数据分析师,外省市户籍,浙江,,,
P08694,张轩阳,男,28,25-29,无需要照顾的孩子,上班族,office_worker,行政专员,外省市户籍,浙江,,,
P08695,周雅,女,44,40-44,有未成年孩子,上班族,office_worker,销售经理,上海户籍,上海,,,
P08696,刘怡欣,女,31,30-34,有未成年孩子,上班族,office_worker,HR经理,外省市户籍,江苏,,,
P08697,王杰子,男,30,30-34,无需要照顾的孩子,体力劳动者,manual_worker,配送员,外省市户籍,安徽,,,
P08698,王晓远,女,42,40-44,无需要照顾的孩子,上班族,office_worker,销售经理,上海户籍,上海,,,
P08699,林然佑,男,37,35-39,有未成年孩子,上班族,office_worker,行政专员,上海户籍,上海,,,
P08700,赵羽嘉,女,27,25-29,无需要照顾的孩子,上班族,office_worker,HR经理,外省市户籍,江苏,,,
P08701,朱晨,男,36,35-39,有未成年孩子,上班族,office_worker,高级软件工程师,外省市户籍,安徽,,,
P08702,郭清文,男,18,18-24,无需要照顾的孩子,大学生,university_student,本科生,外省市户籍,江苏,,,
P08703,杨彤,女,47,45-49,有未成年孩子,服务业者,service_worker,店员,外省市户籍,江苏,,,
P08704,刘安佑,男,31,30-34,无需要照顾的孩子,服务业者,service_worker,健身教练,外省市户籍,江西,,,
P08705,陈晴,女,34,30-34,无需要照顾的孩子,服务业者,service_worker,厨师,上海户籍,上海,,,
P08706,高志天,男,49,45-49,有成年孩子,体力劳动者,manual_worker,司机,外省市户籍,江西,,,
P08707,马彤安,女,34,30-34,无需要照顾的孩子,上班族,office_worker,运营经理,上海户籍,上海,,,
P08708,黄泽博,男,20,18-24,无需要照顾的孩子,大学生,university_student,本科生,上海户籍,上海,,,
P08709,黄晨远,女,43,40-44,有未成年孩子,上班族,office_worker,项目经理,上海户籍,上海,,,
P08710,罗哲,男,43,40-44,无需要照顾的孩子,上班族,office_worker,设计师,外省市户籍,安徽,,,
P08711,徐思,女,30,30-34,有未成年孩子,体力劳动者,manual_worker,快递员,上海户籍,上海,,,
P08712,徐欣诗,女,34,30-34,无需要照顾的孩子,自由业者,freelancer,自由销售,外省市户籍,安徽,,,
P08713,李嘉嫣,女,45,45-49,无需要照顾的孩子,自由业者,freelancer,自由设计师,上海户籍,上海,,,
P08714,周诚浩,男,26,25-29,有未成年孩子,服务业者,service_worker,酒店服务人员,外省市户籍,安徽,,,
P08715,吴若嘉,女,32,30-34,有未成年孩子,自由业者,freelancer,独立程序员,外省市户籍,江西,,,
P08716,谢晴言,女,29,25-29,有未成年孩子,体力劳动者,manual_worker,配送员,上海户籍,上海,,,
P08717,董辰,女,30,30-34,有未成年孩子,上班族,office_worker,HR经理,外省市户籍,安徽,,,
P08718,李佳乐,女,31,30-34,有未成年孩子,上班族,office_worker,运营专员,外省市户籍,江苏,,,
P08719,张星晨,男,31,30-34,有未成年孩子,体力劳动者,manual_worker,配送员,外省市户籍,江苏,,,
P08720,王远,女,38,35-39,有未成年孩子,服务业者,service_worker,厨师,外省市户籍,广东,,,
P08721,李辰轩,男,39,35-39,有未成年孩子,体力劳动者,manual_worker,维修技师,上海户籍,上海,,,
P08722,赵然知,男,40,40-44,有成年孩子,服务业者,service_worker,健身教练,上海户籍,上海,,,
P08723,梁轩浩,男,38,35-39,有成年孩子,自由业者,freelancer,网店经营者,外省市户籍,江苏,,,
P08724,张源景,男,33,30-34,无需要照顾的孩子,上班族,office_worker,销售经理,外省市户籍,江苏,,,
P08725,谢然言,男,18,18-24,无需要照顾的孩子,上班族,office_worker,客户专员,外省市户籍,江苏,,,
P08726,陈源思,女,43,40-44,有未成年孩子,体力劳动者,manual_worker,建筑工人,外省市户籍,河南,,,
P08727,王心思,女,22,18-24,无需要照顾的孩子,服务业者,service_worker,餐厅服务员,外省市户籍,江苏,,,
P08728,胡静桐,女,30,30-34,有未成年孩子,上班族,office_worker,数据分析师,上海户籍,上海,,,
P08729,陈静,女,30,30-34,有未成年孩子,自由业者,freelancer,网店经营者,上海户籍,上海,,,
P08730,陈嘉,男,49,45-49,有成年孩子,体力劳动者,manual_worker,安装工,外省市户籍,浙江,,,
P08731,刘曦源,女,35,35-39,无需要照顾的孩子,自由业者,freelancer,咨询顾问,上海户籍,上海,,,
P08732,朱心心,女,43,40-44,有成年孩子,体力劳动者,manual_worker,仓库操作员,外省市户籍,湖南,,,
P08733,马涵彤,女,31,30-34,无需要照顾的孩子,服务业者,service_worker,房产经纪,上海户籍,上海,,,
P08734,邓杰,男,31,30-34,无需要照顾的孩子,服务业者,service_worker,酒店服务人员,外省市户籍,河南,,,
P08735,黄诺诺,女,29,25-29,无需要照顾的孩子,上班族,office_worker,运营专员,上海户籍,上海,,,
P08736,徐远博,男,28,25-29,无需要照顾的孩子,上班族,office_worker,设计师,上海户籍,上海,,,
P08737,何星晨,女,28,25-29,无需要照顾的孩子,上班族,office_worker,采购专员,上海户籍,上海,,,
P08738,高言清,女,28,25-29,有未成年孩子,服务业者,service_worker,收银员,上海户籍,上海,,,
P08739,谢豪泽,男,26,25-29,无需要照顾的孩子,自由业者,freelancer,翻译,上海户籍,上海,,,
P08740,周一源,男,38,35-39,有未成年孩子,服务业者,service_worker,店员,上海户籍,上海,,,
P08741,王羽博,男,38,35-39,有未成年孩子,上班族,office_worker,采购经理,外省市户籍,江苏,,,
P08742,张景嘉,男,22,18-24,无需要照顾的孩子,上班族,office_worker,项目经理,外省市户籍,安徽,,,
P08743,罗嘉远,女,19,18-24,无需要照顾的孩子,体力劳动者,manual_worker,仓库操作员,外省市户籍,浙江,,,
P08744,黄晴,女,33,30-34,无需要照顾的孩子,上班族,office_worker,数据分析师,上海户籍,上海,,,
P08745,吴哲言,男,39,35-39,有未成年孩子,服务业者,service_worker,健身教练,上海户籍,上海,,,
P08746,王心婷,女,26,25-29,无需要照顾的孩子,上班族,office_worker,销售代表,外省市户籍,安徽,,,
P08747,何嘉天,男,35,35-39,有未成年孩子,服务业者,service_worker,餐厅服务员,外省市户籍,湖北,,,
P08748,刘诺怡,女,18,18-24,无需要照顾的孩子,大学生,university_student,本科生,上海户籍,上海,,,
P08749,吴阳,男,42,40-44,有未成年孩子,上班族,office_worker,高级项目经理,外省市户籍,浙江,,,
P08750,张嘉佑,男,43,40-44,有未成年孩子,上班族,office_worker,数据分析师,上海户籍,上海,,,
P08751,朱文,男,26,25-29,无需要照顾的孩子,上班族,office_worker,高级软件工程师,外省市户籍,安徽,,,
P08752,徐心景,男,39,35-39,有未成年孩子,体力劳动者,manual_worker,焊工,上海户籍,上海,,,
P08753,朱曦雅,女,34,30-34,有未成年孩子,上班族,office_worker,项目经理,外省市户籍,山东,,,
P08754,王泽梓,男,28,25-29,无需要照顾的孩子,服务业者,service_worker,厨师,外省市户籍,其他,,,
P08755,李佳羽,女,29,25-29,无需要照顾的孩子,上班族,office_worker,数据分析师,上海户籍,上海,,,
P08756,刘泽豪,男,35,35-39,有未成年孩子,服务业者,service_worker,厨师,外省市户籍,安徽,,,
P08757,于浩泽,男,23,18-24,无需要照顾的孩子,上班族,office_worker,行政专员,外省市户籍,广东,,,
P08758,梁言晨,男,37,35-39,有未成年孩子,自由业者,freelancer,自由销售,外省市户籍,安徽,,,
P08759,黄佳诺,女,25,25-29,无需要照顾的孩子,服务业者,service_worker,保安,外省市户籍,安徽,,,
P08760,邓轩豪,男,25,25-29,无需要照顾的孩子,上班族,office_worker,设计师,外省市户籍,江苏,,,
P08761,陈哲豪,男,23,18-24,无需要照顾的孩子,大学生,university_student,硕士研究生,上海户籍,上海,,,
P08762,刘涵,女,29,25-29,无需要照顾的孩子,上班族,office_worker,运营专员,外省市户籍,湖北,,,
P08763,张晨清,男,45,45-49,有成年孩子,服务业者,service_worker,店员,上海户籍,上海,,,
P08764,李志豪,男,49,45-49,有成年孩子,上班族,office_worker,财务主管,外省市户籍,安徽,,,
P08765,刘晨一,女,26,25-29,有未成年孩子,上班族,office_worker,人力资源经理,上海户籍,上海,,,
P08766,张浩,男,27,25-29,有未成年孩子,大学生,university_student,硕士研究生,外省市户籍,山东,,,
P08767,李可辰,女,26,25-29,无需要照顾的孩子,服务业者,service_worker,收银员,外省市户籍,湖南,,,
P08768,周怡婷,女,41,40-44,有未成年孩子,体力劳动者,manual_worker,电工,上海户籍,上海,,,
P08769,杨浩源,男,37,35-39,有未成年孩子,服务业者,service_worker,厨师,外省市户籍,安徽,,,
P08770,宋乐晓,女,45,45-49,有未成年孩子,服务业者,service_worker,房产经纪,上海户籍,上海,,,
P08771,黄辰雨,女,39,35-39,有未成年孩子,上班族,office_worker,客户经理,上海户籍,上海,,,
P08772,刘嘉可,男,31,30-34,有未成年孩子,上班族,office_worker,高级软件工程师,上海户籍,上海,,,
P08773,张远嫣,女,28,25-29,无需要照顾的孩子,服务业者,service_worker,理发师,上海户籍,上海,,,
P08774,李欣晨,女,29,25-29,无需要照顾的孩子,上班族,office_worker,运营专员,上海户籍,上海,,,
P08775,李俊源,男,22,18-24,无需要照顾的孩子,大学生,university_student,博士研究生,上海户籍,上海,,,
P08776,王婷安,女,39,35-39,有未成年孩子,上班族,office_worker,财务主管,上海户籍,上海,,,
P08777,马诺语,女,42,40-44,有成年孩子,上班族,office_worker,高级运营专员,外省市户籍,浙江,,,
P08778,陈清心,女,41,40-44,无需要照顾的孩子,上班族,office_worker,销售经理,上海户籍,上海,,,
P08779,张琪晓,女,40,40-44,无需要照顾的孩子,服务业者,service_worker,餐厅服务员,上海户籍,上海,,,
P08780,陈羽欣,女,25,25-29,无需要照顾的孩子,自由业者,freelancer,自由设计师,上海户籍,上海,,,
P08781,邓彤子,女,24,18-24,无需要照顾的孩子,大学生,university_student,硕士研究生,外省市户籍,江西,,,
P08782,王辰语,女,36,35-39,有未成年孩子,自由业者,freelancer,摄影师,外省市户籍,湖北,,,
P08783,韩俊,男,33,30-34,无需要照顾的孩子,上班族,office_worker,高级软件工程师,上海户籍,上海,,,
P08784,周婉思,女,27,25-29,有未成年孩子,上班族,office_worker,数据分析师,外省市户籍,江苏,,,
P08785,高曦涵,女,42,40-44,有未成年孩子,上班族,office_worker,高级运营专员,上海户籍,上海,,,
P08786,胡宁雨,女,46,45-49,有未成年孩子,上班族,office_worker,运营经理,上海户籍,上海,,,
P08787,李晨远,男,45,45-49,有成年孩子,服务业者,service_worker,健身教练,外省市户籍,其他,,,
P08788,周涵昊,男,40,40-44,有成年孩子,服务业者,service_worker,酒店服务人员,上海户籍,上海,,,
P08789,王思哲,男,25,25-29,无需要照顾的孩子,自由业者,freelancer,自由设计师,上海户籍,上海,,,
P08790,林曦可,女,44,40-44,有成年孩子,上班族,office_worker,软件工程师,上海户籍,上海,,,
P08791,冯天星,男,35,35-39,有未成年孩子,上班族,office_worker,运营专员,外省市户籍,福建,,,
P08792,李乐梦,女,26,25-29,有未成年孩子,体力劳动者,manual_worker,快递员,外省市户籍,湖北,,,
P08793,李文安,男,25,25-29,无需要照顾的孩子,上班族,office_worker,销售代表,外省市户籍,江苏,,,
P08794,曹然,男,40,40-44,有成年孩子,上班族,office_worker,客户经理,上海户籍,上海,,,
P08795,杨子乐,女,28,25-29,无需要照顾的孩子,体力劳动者,manual_worker,焊工,外省市户籍,陕西,,,
P08796,周涵,男,20,18-24,无需要照顾的孩子,上班族,office_worker,销售代表,外省市户籍,河南,,,
P08797,李轩然,男,36,35-39,有未成年孩子,上班族,office_worker,高级软件工程师,上海户籍,上海,,,
P08798,孙若子,女,36,35-39,有未成年孩子,服务业者,service_worker,客服,外省市户籍,江苏,,,
P08799,陈琪嘉,女,43,40-44,有未成年孩子,自由业者,freelancer,摄影师,外省市户籍,四川,,,
P08800,孙欣言,女,38,35-39,有未成年孩子,服务业者,service_worker,美容师,上海户籍,上海,,,
P08801,董泽轩,男,31,30-34,有未成年孩子,服务业者,service_worker,酒店服务人员,外省市户籍,河南,,,
P08802,王晨梓,男,27,25-29,无需要照顾的孩子,服务业者,service_worker,餐厅服务员,外省市户籍,江苏,,,
P08803,何婷怡,女,44,40-44,无需要照顾的孩子,服务业者,service_worker,收银员,外省市户籍,四川,,,
P08804,杨阳豪,男,38,35-39,无需要照顾的孩子,上班族,office_worker,业务负责人,上海户籍,上海,,,
P08805,程怡宁,女,26,25-29,无需要照顾的孩子,服务业者,service_worker,保安,上海户籍,上海,,,
P08806,孙景文,男,34,30-34,有未成年孩子,自由业者,freelancer,自媒体从业者,外省市户籍,河北,,,
P08807,罗远佑,男,34,30-34,有未成年孩子,上班族,office_worker,软件工程师,外省市户籍,其他,,,
P08808,张宁清,女,40,40-44,有未成年孩子,自由业者,freelancer,私教,上海户籍,上海,,,
P08809,李思一,男,36,35-39,有未成年孩子,上班族,office_worker,项目经理,上海户籍,上海,,,
P08810,张晨语,女,29,25-29,无需要照顾的孩子,上班族,office_worker,设计师,上海户籍,上海,,,
P08811,于宁桐,女,42,40-44,有未成年孩子,体力劳动者,manual_worker,配送员,外省市户籍,河北,,,
P08812,胡曦嘉,女,20,18-24,无需要照顾的孩子,体力劳动者,manual_worker,配送员,外省市户籍,江西,,,
P08813,邓安,女,31,30-34,有未成年孩子,上班族,office_worker,客户经理,外省市户籍,湖南,,,
P08814,朱轩然,男,33,30-34,有未成年孩子,上班族,office_worker,产品经理,上海户籍,上海,,,
P08815,郭怡,女,43,40-44,有未成年孩子,自由业者,freelancer,自由设计师,上海户籍,上海,,,
P08816,刘嫣辰,女,49,45-49,有成年孩子,服务业者,service_worker,酒店服务人员,外省市户籍,江苏,,,
P08817,杨若,女,34,30-34,有未成年孩子,服务业者,service_worker,餐厅服务员,上海户籍,上海,,,
P08818,李源彤,女,36,35-39,有未成年孩子,上班族,office_worker,财务主管,上海户籍,上海,,,
P08819,黄文,男,21,18-24,无需要照顾的孩子,大学生,university_student,本科生,外省市户籍,山东,,,
P08820,罗佳可,女,32,30-34,无需要照顾的孩子,服务业者,service_worker,店员,上海户籍,上海,,,
P08821,王欣雅,女,30,30-34,有未成年孩子,自由业者,freelancer,摄影师,外省市户籍,江苏,,,
P08822,陈文佑,男,19,18-24,无需要照顾的孩子,大学生,university_student,硕士研究生,外省市户籍,河南,,,
P08823,杨乐,女,42,40-44,无需要照顾的孩子,体力劳动者,manual_worker,建筑工人,上海户籍,上海,,,
P08824,王雅若,女,33,30-34,有未成年孩子,服务业者,service_worker,酒店服务人员,上海户籍,上海,,,
P08825,马诺,男,27,25-29,有未成年孩子,服务业者,service_worker,房产经纪,外省市户籍,浙江,,,
P08826,周琪辰,女,35,35-39,无需要照顾的孩子,服务业者,service_worker,客服,上海户籍,上海,,,
P08827,赵诺瑶,女,38,35-39,无需要照顾的孩子,上班族,office_worker,销售经理,外省市户籍,江苏,,,
P08828,李嘉嘉,男,34,30-34,有未成年孩子,服务业者,service_worker,酒店前台,外省市户籍,浙江,,,
P08829,朱涵佑,男,45,45-49,有未成年孩子,体力劳动者,manual_worker,建筑工人,外省市户籍,湖北,,,
P08830,李浩佑,男,27,25-29,无需要照顾的孩子,上班族,office_worker,软件工程师,上海户籍,上海,,,
P08831,李轩远,男,39,35-39,无需要照顾的孩子,体力劳动者,manual_worker,安装工,上海户籍,上海,,,
P08832,李安子,女,36,35-39,无需要照顾的孩子,上班族,office_worker,会计,上海户籍,上海,,,
P08833,王阳楷,男,36,35-39,有未成年孩子,服务业者,service_worker,保安,上海户籍,上海,,,
P08834,高楷,男,18,18-24,无需要照顾的孩子,大学生,university_student,本科生,外省市户籍,山东,,,
P08835,马嫣,女,42,40-44,有成年孩子,上班族,office_worker,运营经理,外省市户籍,安徽,,,
P08836,宋佳辰,女,36,35-39,有成年孩子,服务业者,service_worker,店员,外省市户籍,江苏,,,
P08837,王轩,男,33,30-34,有未成年孩子,上班族,office_worker,运营专员,外省市户籍,安徽,,,
P08838,赵安浩,男,20,18-24,无需要照顾的孩子,上班族,office_worker,客户专员,外省市户籍,浙江,,,
P08839,吴晨羽,女,40,40-44,有未成年孩子,上班族,office_worker,财务专员,上海户籍,上海,,,
P08840,黄羽佳,女,27,25-29,无需要照顾的孩子,上班族,office_worker,设计师,外省市户籍,山东,,,
P08841,邓佑然,男,40,40-44,有未成年孩子,上班族,office_worker,销售代表,上海户籍,上海,,,
P08842,徐一源,男,31,30-34,无需要照顾的孩子,上班族,office_worker,设计师,外省市户籍,其他,,,
P08843,刘源泽,男,49,45-49,无需要照顾的孩子,服务业者,service_worker,客服,外省市户籍,河南,,,
P08844,王婷,女,27,25-29,无需要照顾的孩子,服务业者,service_worker,房产经纪,外省市户籍,江苏,,,
P08845,许星,女,34,30-34,无需要照顾的孩子,自由业者,freelancer,自由设计师,上海户籍,上海,,,
P08846,徐诺,男,32,30-34,无需要照顾的孩子,体力劳动者,manual_worker,仓库操作员,上海户籍,上海,,,
P08847,郭雅佳,女,20,18-24,无需要照顾的孩子,大学生,university_student,本科生,外省市户籍,江西,,,
P08848,许子,男,19,18-24,无需要照顾的孩子,自由业者,freelancer,咨询顾问,外省市户籍,河南,,,
P08849,马俊,男,25,25-29,无需要照顾的孩子,上班族,office_worker,销售经理,外省市户籍,浙江,,,
P08850,程安,女,40,40-44,无需要照顾的孩子,上班族,office_worker,HR经理,上海户籍,上海,,,
P08851,郑思杰,男,43,40-44,有未成年孩子,上班族,office_worker,高级项目经理,外省市户籍,河南,,,
P08852,杨思远,男,38,35-39,有未成年孩子,自由业者,freelancer,自媒体从业者,外省市户籍,浙江,,,
P08853,陈婷欣,女,32,30-34,有未成年孩子,服务业者,service_worker,酒店前台,上海户籍,上海,,,
P08854,黄辰雅,女,39,35-39,无需要照顾的孩子,上班族,office_worker,软件工程师,上海户籍,上海,,,
P08855,吴怡乐,女,35,35-39,有未成年孩子,体力劳动者,manual_worker,配送员,外省市户籍,河南,,,
P08856,杨昊杰,男,26,25-29,无需要照顾的孩子,上班族,office_worker,软件工程师,外省市户籍,浙江,,,
P08857,胡欣可,女,32,30-34,无需要照顾的孩子,服务业者,service_worker,餐厅服务员,上海户籍,上海,,,
P08858,唐星远,男,25,25-29,无需要照顾的孩子,服务业者,service_worker,酒店前台,上海户籍,上海,,,
P08859,王羽曦,女,19,18-24,无需要照顾的孩子,服务业者,service_worker,酒店前台,外省市户籍,安徽,,,
P08860,冯涵桐,女,38,35-39,有未成年孩子,自由业者,freelancer,翻译,上海户籍,上海,,,
P08861,张知俊,男,31,30-34,有未成年孩子,上班族,office_worker,行政专员,上海户籍,上海,,,
P08862,吴乐豪,男,41,40-44,无需要照顾的孩子,服务业者,service_worker,餐厅服务员,上海户籍,上海,,,
P08863,林佑辰,男,31,30-34,无需要照顾的孩子,服务业者,service_worker,店员,外省市户籍,其他,,,
P08864,王晓思,女,31,30-34,有未成年孩子,上班族,office_worker,采购专员,上海户籍,上海,,,
P08865,张佳若,女,30,30-34,有未成年孩子,服务业者,service_worker,保安,上海户籍,上海,,,
P08866,谢文,男,30,30-34,有未成年孩子,自由业者,freelancer,自媒体从业者,外省市户籍,河南,,,
P08867,胡嫣晨,女,34,30-34,无需要照顾的孩子,上班族,office_worker,HR经理,外省市户籍,浙江,,,
P08868,孙涵浩,男,20,18-24,无需要照顾的孩子,上班族,office_worker,客户专员,上海户籍,上海,,,
P08869,吴涵雨,女,36,35-39,有未成年孩子,服务业者,service_worker,餐厅服务员,外省市户籍,江苏,,,
P08870,朱阳,男,26,25-29,无需要照顾的孩子,服务业者,service_worker,酒店服务人员,外省市户籍,安徽,,,
P08871,杨宇景,男,40,40-44,有成年孩子,服务业者,service_worker,美容师,外省市户籍,江苏,,,
P08872,罗一言,男,24,18-24,无需要照顾的孩子,上班族,office_worker,行政专员,上海户籍,上海,,,
P08873,张佳宁,女,32,30-34,有未成年孩子,上班族,office_worker,销售经理,外省市户籍,四川,,,
P08874,冯晴可,女,26,25-29,有未成年孩子,上班族,office_worker,设计师,上海户籍,上海,,,
P08875,李静,女,29,25-29,有未成年孩子,自由业者,freelancer,翻译,外省市户籍,湖南,,,
P08876,张浩,男,34,30-34,无需要照顾的孩子,上班族,office_worker,采购专员,外省市户籍,陕西,,,
P08877,杨星思,女,27,25-29,有未成年孩子,上班族,office_worker,会计,上海户籍,上海,,,
P08878,张辰然,男,33,30-34,无需要照顾的孩子,自由业者,freelancer,翻译,上海户籍,上海,,,
P08879,高昊,男,27,25-29,无需要照顾的孩子,上班族,office_worker,销售代表,上海户籍,上海,,,
P08880,王琪语,女,29,25-29,有未成年孩子,体力劳动者,manual_worker,搬运工,外省市户籍,河南,,,
P08881,李诗,女,26,25-29,有未成年孩子,自由业者,freelancer,自媒体从业者,外省市户籍,福建,,,
P08882,李一梦,女,41,40-44,有未成年孩子,上班族,office_worker,客户经理,上海户籍,上海,,,
P08883,赵欣,女,27,25-29,无需要照顾的孩子,服务业者,service_worker,餐厅服务员,外省市户籍,河南,,,
P08884,罗远宇,男,47,45-49,有成年孩子,上班族,office_worker,设计师,外省市户籍,江苏,,,
P08885,孙言嫣,女,32,30-34,无需要照顾的孩子,服务业者,service_worker,收银员,外省市户籍,福建,,,
P08886,罗羽源,男,35,35-39,有未成年孩子,上班族,office_worker,财务主管,外省市户籍,江苏,,,
P08887,吴嘉,女,29,25-29,无需要照顾的孩子,上班族,office_worker,软件工程师,外省市户籍,河南,,,
P08888,周言宇,男,19,18-24,无需要照顾的孩子,服务业者,service_worker,健身教练,外省市户籍,河南,,,
P08889,陈昊昊,男,39,35-39,有未成年孩子,服务业者,service_worker,酒店服务人员,外省市户籍,山东,,,
P08890,宋瑶佳,女,35,35-39,有成年孩子,自由业者,freelancer,自由销售,外省市户籍,江苏,,,
P08891,高思佑,男,18,18-24,无需要照顾的孩子,上班族,office_worker,设计师,外省市户籍,江西,,,
P08892,李言清,女,23,18-24,无需要照顾的孩子,自由业者,freelancer,摄影师,上海户籍,上海,,,
P08893,马哲志,男,28,25-29,无需要照顾的孩子,上班族,office_worker,会计,上海户籍,上海,,,
P08894,李源,男,28,25-29,无需要照顾的孩子,上班族,office_worker,数据分析师,上海户籍,上海,,,
P08895,王豪,男,25,25-29,无需要照顾的孩子,服务业者,service_worker,房产经纪,上海户籍,上海,,,
P08896,陈泽,男,49,45-49,有未成年孩子,自由业者,freelancer,摄影师,上海户籍,上海,,,
P08897,刘星若,女,31,30-34,无需要照顾的孩子,上班族,office_worker,产品经理,上海户籍,上海,,,
P08898,王辰宇,男,43,40-44,有未成年孩子,上班族,office_worker,高级软件工程师,外省市户籍,湖北,,,
P08899,李言晓,女,46,45-49,有未成年孩子,服务业者,service_worker,理发师,上海户籍,上海,,,
P08900,邓俊佑,男,39,35-39,有未成年孩子,上班族,office_worker,客户专员,外省市户籍,安徽,,,
P08901,李志宇,男,37,35-39,有未成年孩子,上班族,office_worker,区域经理,外省市户籍,江苏,,,
P08902,陈羽乐,女,49,45-49,有未成年孩子,服务业者,service_worker,客服,上海户籍,上海,,,
P08903,许婷,女,39,35-39,有未成年孩子,服务业者,service_worker,房产经纪,上海户籍,上海,,,
P08904,宋梓文,男,31,30-34,无需要照顾的孩子,上班族,office_worker,项目经理,外省市户籍,湖北,,,
P08905,林婷婉,女,20,18-24,无需要照顾的孩子,大学生,university_student,本科生,上海户籍,上海,,,
P08906,王源文,男,33,30-34,有未成年孩子,上班族,office_worker,设计师,上海户籍,上海,,,
P08907,王梦乐,女,38,35-39,无需要照顾的孩子,上班族,office_worker,设计师,外省市户籍,江苏,,,
P08908,冯浩乐,男,35,35-39,无需要照顾的孩子,自由业者,freelancer,摄影师,上海户籍,上海,,,
P08909,周言晨,男,45,45-49,无需要照顾的孩子,体力劳动者,manual_worker,维修技师,外省市户籍,安徽,,,
P08910,谢安,女,49,45-49,有成年孩子,服务业者,service_worker,理发师,上海户籍,上海,,,
P08911,朱文,男,35,35-39,有未成年孩子,自由业者,freelancer,私教,上海户籍,上海,,,
P08912,吴知婷,女,35,35-39,无需要照顾的孩子,上班族,office_worker,HR经理,上海户籍,上海,,,
P08913,于嘉雅,女,26,25-29,无需要照顾的孩子,上班族,office_worker,设计师,外省市户籍,安徽,,,
P08914,李涵晨,男,46,45-49,有成年孩子,体力劳动者,manual_worker,设备操作员,外省市户籍,江苏,,,
P08915,罗志星,男,39,35-39,有未成年孩子,上班族,office_worker,高级产品经理,外省市户籍,湖南,,,
P08916,王可,男,27,25-29,无需要照顾的孩子,上班族,office_worker,会计,外省市户籍,河南,,,
P08917,黄安子,女,47,45-49,有成年孩子,服务业者,service_worker,酒店前台,上海户籍,上海,,,
P08918,朱乐静,女,20,18-24,无需要照顾的孩子,上班族,office_worker,运营专员,外省市户籍,安徽,,,
P08919,杨清源,男,18,18-24,无需要照顾的孩子,服务业者,service_worker,收银员,外省市户籍,河南,,,
P08920,董涵轩,男,31,30-34,无需要照顾的孩子,服务业者,service_worker,收银员,上海户籍,上海,,,
P08921,陈睿,男,49,45-49,有成年孩子,上班族,office_worker,业务负责人,外省市户籍,湖南,,,
P08922,赵宇晨,男,46,45-49,有未成年孩子,上班族,office_worker,运营经理,外省市户籍,浙江,,,
P08923,宋梦语,女,43,40-44,有成年孩子,上班族,office_worker,高级软件工程师,外省市户籍,河南,,,
P08924,陈楷,男,25,25-29,无需要照顾的孩子,体力劳动者,manual_worker,仓库操作员,外省市户籍,江西,,,
P08925,吴然源,男,25,25-29,无需要照顾的孩子,自由业者,freelancer,独立程序员,外省市户籍,江苏,,,
P08926,冯哲浩,男,33,30-34,有未成年孩子,上班族,office_worker,项目经理,上海户籍,上海,,,
P08927,李天,男,38,35-39,有未成年孩子,自由业者,freelancer,咨询顾问,外省市户籍,河南,,,
P08928,李思梓,男,41,40-44,有未成年孩子,自由业者,freelancer,私教,上海户籍,上海,,,
P08929,袁曦知,女,27,25-29,有未成年孩子,自由业者,freelancer,自由设计师,上海户籍,上海,,,
P08930,陈乐晨,男,42,40-44,有成年孩子,上班族,office_worker,客户经理,上海户籍,上海,,,
P08931,陈明晨,男,19,18-24,无需要照顾的孩子,服务业者,service_worker,美容师,上海户籍,上海,,,
P08932,张远辰,女,22,18-24,有未成年孩子,大学生,university_student,本科生,外省市户籍,浙江,,,
P08933,何晨安,男,43,40-44,有未成年孩子,服务业者,service_worker,理发师,上海户籍,上海,,,
P08934,梁星远,男,37,35-39,有未成年孩子,服务业者,service_worker,健身教练,上海户籍,上海,,,
P08935,赵阳哲,男,36,35-39,有未成年孩子,服务业者,service_worker,酒店服务人员,外省市户籍,安徽,,,
P08936,胡子桐,女,34,30-34,有未成年孩子,体力劳动者,manual_worker,快递员,上海户籍,上海,,,
P08937,吴源杰,男,29,25-29,有未成年孩子,服务业者,service_worker,餐厅服务员,上海户籍,上海,,,
P08938,黄哲乐,男,33,30-34,有未成年孩子,上班族,office_worker,产品经理,上海户籍,上海,,,
P08939,韩远涵,女,36,35-39,无需要照顾的孩子,服务业者,service_worker,客服,上海户籍,上海,,,
P08940,王佑乐,男,22,18-24,无需要照顾的孩子,服务业者,service_worker,客服,外省市户籍,江西,,,
P08941,冯晨豪,男,31,30-34,无需要照顾的孩子,上班族,office_worker,采购专员,外省市户籍,江苏,,,
P08942,张宁婷,女,18,18-24,无需要照顾的孩子,上班族,office_worker,运营专员,上海户籍,上海,,,
P08943,胡桐安,女,36,35-39,无需要照顾的孩子,自由业者,freelancer,咨询顾问,上海户籍,上海,,,
P08944,王婷嫣,女,31,30-34,有成年孩子,上班族,office_worker,人力资源经理,上海户籍,上海,,,
P08945,林涵,女,41,40-44,无需要照顾的孩子,上班族,office_worker,高级项目经理,外省市户籍,其他,,,
P08946,李言嘉,男,30,30-34,无需要照顾的孩子,服务业者,service_worker,客服,外省市户籍,河南,,,
P08947,刘晴星,女,28,25-29,有未成年孩子,服务业者,service_worker,酒店前台,外省市户籍,安徽,,,
P08948,赵星雅,女,20,18-24,无需要照顾的孩子,上班族,office_worker,会计,外省市户籍,河南,,,
P08949,黄远杰,男,25,25-29,无需要照顾的孩子,上班族,office_worker,销售代表,外省市户籍,其他,,,
P08950,王涵知,男,33,30-34,有未成年孩子,上班族,office_worker,客户经理,上海户籍,上海,,,
P08951,周诚佑,男,24,18-24,无需要照顾的孩子,上班族,office_worker,行政专员,外省市户籍,江西,,,
P08952,徐琪,女,37,35-39,有未成年孩子,上班族,office_worker,HR经理,外省市户籍,山东,,,
P08953,罗文文,男,19,18-24,有未成年孩子,自由业者,freelancer,自由销售,外省市户籍,江苏,,,
P08954,刘知思,女,27,25-29,有未成年孩子,自由业者,freelancer,网店经营者,外省市户籍,江苏,,,
P08955,朱彤可,女,25,25-29,有未成年孩子,自由业者,freelancer,自由销售,外省市户籍,浙江,,,
P08956,王源,男,45,45-49,有未成年孩子,服务业者,service_worker,店员,上海户籍,上海,,,
P08957,李清,女,48,45-49,无需要照顾的孩子,体力劳动者,manual_worker,设备操作员,上海户籍,上海,,,
P08958,邓清安,男,26,25-29,无需要照顾的孩子,上班族,office_worker,客户专员,外省市户籍,其他,,,
P08959,陈晨,女,38,35-39,有未成年孩子,上班族,office_worker,高级软件工程师,上海户籍,上海,,,
P08960,杨安浩,男,46,45-49,有未成年孩子,自由业者,freelancer,翻译,上海户籍,上海,,,
P08961,吴安婷,女,47,45-49,无需要照顾的孩子,上班族,office_worker,客户专员,外省市户籍,安徽,,,
P08962,吴桐辰,女,31,30-34,有未成年孩子,上班族,office_worker,会计,上海户籍,上海,,,
P08963,高哲,男,34,30-34,有未成年孩子,体力劳动者,manual_worker,电工,外省市户籍,江西,,,
P08964,罗怡婷,女,34,30-34,有未成年孩子,上班族,office_worker,HR经理,外省市户籍,河南,,,
P08965,梁静,女,25,25-29,无需要照顾的孩子,上班族,office_worker,运营经理,外省市户籍,江苏,,,
P08966,赵婉,女,45,45-49,无需要照顾的孩子,自由业者,freelancer,自由设计师,上海户籍,上海,,,
P08967,吴嘉源,男,31,30-34,无需要照顾的孩子,服务业者,service_worker,美容师,上海户籍,上海,,,
P08968,王晓晨,女,31,30-34,有未成年孩子,服务业者,service_worker,店员,外省市户籍,安徽,,,
P08969,赵晴羽,女,32,30-34,无需要照顾的孩子,上班族,office_worker,软件工程师,上海户籍,上海,,,
P08970,朱嫣瑶,女,33,30-34,无需要照顾的孩子,上班族,office_worker,高级软件工程师,外省市户籍,河南,,,
P08971,刘怡知,女,25,25-29,有未成年孩子,服务业者,service_worker,餐厅服务员,外省市户籍,江西,,,
P08972,梁知豪,男,33,30-34,无需要照顾的孩子,上班族,office_worker,项目经理,外省市户籍,河南,,,
P08973,朱源彤,女,34,30-34,有未成年孩子,上班族,office_worker,产品经理,外省市户籍,福建,,,
P08974,林辰,男,38,35-39,有未成年孩子,上班族,office_worker,产品经理,上海户籍,上海,,,
P08975,陈哲昊,男,29,25-29,有未成年孩子,上班族,office_worker,客户专员,上海户籍,上海,,,
P08976,张远宇,男,47,45-49,有未成年孩子,自由业者,freelancer,翻译,外省市户籍,山东,,,
P08977,郭羽晨,男,44,40-44,有成年孩子,上班族,office_worker,高级软件工程师,外省市户籍,湖南,,,
P08978,李明,男,38,35-39,有未成年孩子,服务业者,service_worker,店员,上海户籍,上海,,,
P08979,何曦,女,25,25-29,无需要照顾的孩子,上班族,office_worker,数据分析师,外省市户籍,湖南,,,
P08980,陈浩,男,41,40-44,有未成年孩子,上班族,office_worker,项目经理,外省市户籍,浙江,,,
P08981,冯睿诺,男,27,25-29,无需要照顾的孩子,上班族,office_worker,高级运营专员,上海户籍,上海,,,
P08982,于楷豪,男,39,35-39,有成年孩子,服务业者,service_worker,店员,外省市户籍,山东,,,
P08983,林博,男,21,18-24,无需要照顾的孩子,大学生,university_student,本科生,上海户籍,上海,,,
P08984,李辰辰,男,20,18-24,无需要照顾的孩子,体力劳动者,manual_worker,设备操作员,外省市户籍,浙江,,,
P08985,唐宇源,男,26,25-29,无需要照顾的孩子,上班族,office_worker,销售代表,外省市户籍,福建,,,
P08986,冯景景,男,34,30-34,有未成年孩子,上班族,office_worker,运营专员,上海户籍,上海,,,
P08987,许嘉梓,男,32,30-34,无需要照顾的孩子,上班族,office_worker,行政专员,上海户籍,上海,,,
P08988,刘星楷,男,35,35-39,有未成年孩子,上班族,office_worker,财务主管,上海户籍,上海,,,
P08989,李景,男,25,25-29,有未成年孩子,自由业者,freelancer,私教,外省市户籍,河北,,,
P08990,王曦,女,44,40-44,无需要照顾的孩子,服务业者,service_worker,餐厅服务员,上海户籍,上海,,,
P08991,王志,男,38,35-39,有未成年孩子,上班族,office_worker,客户专员,上海户籍,上海,,,
P08992,袁晨晴,女,29,25-29,无需要照顾的孩子,自由业者,freelancer,网店经营者,外省市户籍,山东,,,
P08993,梁心,男,35,35-39,有未成年孩子,上班族,office_worker,人力资源经理,外省市户籍,河南,,,
P08994,孙雨羽,女,43,40-44,有未成年孩子,上班族,office_worker,数据分析师,外省市户籍,安徽,,,
P08995,谢婷言,女,41,40-44,有未成年孩子,服务业者,service_worker,保安,上海户籍,上海,,,
P08996,林欣,女,19,18-24,无需要照顾的孩子,上班族,office_worker,销售代表,外省市户籍,河南,,,
P08997,胡一,女,33,30-34,无需要照顾的孩子,上班族,office_worker,销售经理,上海户籍,上海,,,
P08998,张涵瑶,女,49,45-49,有成年孩子,自由业者,freelancer,自由销售,外省市户籍,江西,,,
P08999,何婷静,女,24,18-24,无需要照顾的孩子,服务业者,service_worker,酒店服务人员,上海户籍,上海,,,
P09000,李宁子,男,38,35-39,有未成年孩子,服务业者,service_worker,酒店前台,外省市户籍,江西,,,
P09001,胡豪天,男,24,18-24,无需要照顾的孩子,体力劳动者,manual_worker,仓库操作员,上海户籍,上海,,,
P09002,王豪宁,男,40,40-44,有未成年孩子,服务业者,service_worker,健身教练,外省市户籍,江苏,,,
P09003,何轩安,男,22,18-24,有未成年孩子,大学生,university_student,硕士研究生,上海户籍,上海,,,
P09004,赵知阳,男,36,35-39,无需要照顾的孩子,上班族,office_worker,销售经理,外省市户籍,其他,,,
P09005,周宁佳,女,43,40-44,无需要照顾的孩子,上班族,office_worker,会计,外省市户籍,江苏,,,
P09006,王一明,男,39,35-39,无需要照顾的孩子,体力劳动者,manual_worker,搬运工,外省市户籍,江苏,,,
P09007,吴琪乐,女,26,25-29,无需要照顾的孩子,体力劳动者,manual_worker,设备操作员,上海户籍,上海,,,
P09008,朱涵哲,男,43,40-44,有未成年孩子,服务业者,service_worker,房产经纪,外省市户籍,湖南,,,
P09009,张诗,女,31,30-34,无需要照顾的孩子,服务业者,service_worker,收银员,外省市户籍,山东,,,
P09010,宋可婉,女,38,35-39,有未成年孩子,体力劳动者,manual_worker,焊工,上海户籍,上海,,,
P09011,胡佳,女,23,18-24,无需要照顾的孩子,服务业者,service_worker,理发师,外省市户籍,江苏,,,
P09012,郭轩,男,28,25-29,无需要照顾的孩子,体力劳动者,manual_worker,司机,上海户籍,上海,,,
P09013,陈远嘉,男,43,40-44,有未成年孩子,上班族,office_worker,运营经理,上海户籍,上海,,,
P09014,张宁佳,女,37,35-39,有未成年孩子,上班族,office_worker,高级运营专员,上海户籍,上海,,,
P09015,李宁,男,26,25-29,有未成年孩子,上班族,office_worker,销售经理,上海户籍,上海,,,
P09016,朱乐,女,23,18-24,无需要照顾的孩子,大学生,university_student,本科生,外省市户籍,河南,,,
P09017,郭明,男,20,18-24,无需要照顾的孩子,上班族,office_worker,采购专员,上海户籍,上海,,,
P09018,郭静宁,女,37,35-39,有未成年孩子,体力劳动者,manual_worker,安装工,上海户籍,上海,,,
P09019,刘知远,男,27,25-29,无需要照顾的孩子,上班族,office_worker,设计师,上海户籍,上海,,,
P09020,王明天,男,31,30-34,有未成年孩子,服务业者,service_worker,店员,上海户籍,上海,,,
P09021,宋知知,女,34,30-34,无需要照顾的孩子,体力劳动者,manual_worker,仓库操作员,上海户籍,上海,,,
P09022,王佑豪,男,47,45-49,有未成年孩子,体力劳动者,manual_worker,仓库操作员,外省市户籍,广东,,,
P09023,张星语,女,19,18-24,无需要照顾的孩子,上班族,office_worker,行政专员,上海户籍,上海,,,
P09024,周浩嘉,男,37,35-39,有未成年孩子,服务业者,service_worker,美容师,上海户籍,上海,,,
P09025,张涵楷,男,43,40-44,有未成年孩子,上班族,office_worker,项目经理,外省市户籍,四川,,,
P09026,李然博,男,25,25-29,有未成年孩子,服务业者,service_worker,客服,外省市户籍,湖北,,,
P09027,黄佳诗,女,24,18-24,无需要照顾的孩子,自由业者,freelancer,翻译,外省市户籍,陕西,,,
P09028,郑杰嘉,男,44,40-44,有成年孩子,上班族,office_worker,软件工程师,外省市户籍,江苏,,,
P09029,吴雅雨,女,43,40-44,有成年孩子,服务业者,service_worker,健身教练,上海户籍,上海,,,
P09030,冯怡婷,女,37,35-39,有未成年孩子,上班族,office_worker,数据分析师,外省市户籍,江苏,,,
P09031,王然哲,男,28,25-29,有未成年孩子,上班族,office_worker,数据分析师,外省市户籍,湖北,,,
P09032,王子晨,男,35,35-39,有未成年孩子,服务业者,service_worker,店员,上海户籍,上海,,,
P09033,朱乐思,女,38,35-39,无需要照顾的孩子,上班族,office_worker,客户经理,上海户籍,上海,,,
P09034,许嘉一,男,33,30-34,有未成年孩子,上班族,office_worker,高级运营专员,外省市户籍,安徽,,,
P09035,高哲,男,49,45-49,有成年孩子,服务业者,service_worker,美容师,外省市户籍,河北,,,
P09036,李梓博,男,38,35-39,有未成年孩子,上班族,office_worker,财务主管,上海户籍,上海,,,
P09037,李羽远,女,35,35-39,无需要照顾的孩子,上班族,office_worker,区域经理,外省市户籍,湖南,,,
P09038,陈楷轩,男,34,30-34,有未成年孩子,上班族,office_worker,客户经理,外省市户籍,河南,,,
P09039,王远嫣,女,46,45-49,有成年孩子,上班族,office_worker,部门经理,外省市户籍,江苏,,,
P09040,王心浩,男,19,18-24,无需要照顾的孩子,大学生,university_student,本科生,外省市户籍,安徽,,,
P09041,李辰,男,33,30-34,无需要照顾的孩子,上班族,office_worker,销售经理,上海户籍,上海,,,
P09042,何婷彤,女,40,40-44,有未成年孩子,上班族,office_worker,运营经理,外省市户籍,河南,,,
P09043,刘欣可,女,29,25-29,无需要照顾的孩子,上班族,office_worker,软件工程师,外省市户籍,福建,,,
P09044,赵星豪,男,46,45-49,有未成年孩子,上班族,office_worker,运营经理,外省市户籍,安徽,,,
P09045,李哲浩,男,38,35-39,有未成年孩子,上班族,office_worker,销售经理,上海户籍,上海,,,
P09046,袁言瑶,女,36,35-39,无需要照顾的孩子,服务业者,service_worker,店员,上海户籍,上海,,,
P09047,李豪俊,男,29,25-29,有未成年孩子,上班族,office_worker,运营专员,外省市户籍,江苏,,,
P09048,黄雅源,女,29,25-29,无需要照顾的孩子,上班族,office_worker,设计师,外省市户籍,江苏,,,
P09049,王睿博,男,28,25-29,有未成年孩子,上班族,office_worker,销售代表,外省市户籍,江西,,,
P09050,赵宁,女,21,18-24,无需要照顾的孩子,服务业者,service_worker,房产经纪,外省市户籍,其他,,,
P09051,李一,女,24,18-24,无需要照顾的孩子,上班族,office_worker,财务专员,上海户籍,上海,,,
P09052,李明豪,男,49,45-49,有成年孩子,服务业者,service_worker,收银员,外省市户籍,安徽,,,
P09053,吴子,男,32,30-34,有未成年孩子,自由业者,freelancer,独立程序员,外省市户籍,浙江,,,
P09054,李思思,女,34,30-34,有未成年孩子,上班族,office_worker,高级软件工程师,上海户籍,上海,,,
P09055,徐诗,女,41,40-44,无需要照顾的孩子,服务业者,service_worker,餐厅服务员,外省市户籍,江苏,,,
P09056,韩琪涵,女,30,30-34,无需要照顾的孩子,上班族,office_worker,数据分析师,外省市户籍,河南,,,
P09057,李宁佳,女,23,18-24,无需要照顾的孩子,大学生,university_student,本科生,上海户籍,上海,,,
P09058,李嘉,男,29,25-29,无需要照顾的孩子,大学生,university_student,博士研究生,外省市户籍,安徽,,,
P09059,张琪,女,22,18-24,无需要照顾的孩子,服务业者,service_worker,餐厅服务员,外省市户籍,江苏,,,
P09060,刘知彤,女,29,25-29,无需要照顾的孩子,自由业者,freelancer,自由销售,上海户籍,上海,,,
P09061,孙轩一,男,30,30-34,有未成年孩子,上班族,office_worker,客户经理,外省市户籍,山东,,,
P09062,李源嘉,男,28,25-29,无需要照顾的孩子,大学生,university_student,硕士研究生,外省市户籍,安徽,,,
P09063,何嘉志,男,29,25-29,无需要照顾的孩子,上班族,office_worker,运营专员,外省市户籍,安徽,,,
P09064,朱曦,女,20,18-24,无需要照顾的孩子,体力劳动者,manual_worker,司机,上海户籍,上海,,,
P09065,赵楷,男,28,25-29,无需要照顾的孩子,自由业者,freelancer,自由销售,外省市户籍,湖南,,,
P09066,陈明思,男,33,30-34,无需要照顾的孩子,上班族,office_worker,高级产品经理,上海户籍,上海,,,
P09067,刘哲可,男,29,25-29,有未成年孩子,大学生,university_student,硕士研究生,上海户籍,上海,,,
P09068,王轩,男,30,30-34,有未成年孩子,服务业者,service_worker,餐厅服务员,外省市户籍,江苏,,,
P09069,何静晴,女,45,45-49,有未成年孩子,上班族,office_worker,高级项目经理,外省市户籍,其他,,,
P09070,王言可,男,36,35-39,有未成年孩子,自由业者,freelancer,翻译,上海户籍,上海,,,
P09071,罗哲子,男,32,30-34,无需要照顾的孩子,上班族,office_worker,客户专员,上海户籍,上海,,,
P09072,刘雨静,女,35,35-39,无需要照顾的孩子,体力劳动者,manual_worker,设备操作员,外省市户籍,安徽,,,
P09073,张梓心,男,18,18-24,无需要照顾的孩子,上班族,office_worker,HR经理,上海户籍,上海,,,
P09074,唐辰婷,女,27,25-29,无需要照顾的孩子,上班族,office_worker,财务主管,外省市户籍,山东,,,
P09075,陈豪子,男,29,25-29,无需要照顾的孩子,服务业者,service_worker,美容师,上海户籍,上海,,,
P09076,邓远清,女,37,35-39,有未成年孩子,服务业者,service_worker,酒店服务人员,外省市户籍,安徽,,,
P09077,王宁涵,女,19,18-24,无需要照顾的孩子,服务业者,service_worker,餐厅服务员,外省市户籍,河南,,,
P09078,李知安,女,39,35-39,有未成年孩子,服务业者,service_worker,客服,外省市户籍,安徽,,,
P09079,陈楷,男,19,18-24,无需要照顾的孩子,大学生,university_student,本科生,外省市户籍,江苏,,,
P09080,邓晨涵,男,32,30-34,有成年孩子,服务业者,service_worker,健身教练,上海户籍,上海,,,
P09081,周思昊,男,46,45-49,有成年孩子,上班族,office_worker,采购专员,外省市户籍,江西,,,
P09082,赵心心,男,33,30-34,无需要照顾的孩子,自由业者,freelancer,私教,外省市户籍,河南,,,
P09083,李一俊,男,33,30-34,无需要照顾的孩子,自由业者,freelancer,自媒体从业者,上海户籍,上海,,,
P09084,林可可,男,34,30-34,有未成年孩子,上班族,office_worker,财务主管,上海户籍,上海,,,
P09085,杨宁,女,37,35-39,有成年孩子,上班族,office_worker,数据分析师,上海户籍,上海,,,
P09086,王泽佑,男,45,45-49,无需要照顾的孩子,上班族,office_worker,设计师,外省市户籍,湖北,,,
P09087,张宁嘉,男,47,45-49,有成年孩子,上班族,office_worker,数据分析师,上海户籍,上海,,,
P09088,冯杰明,男,39,35-39,有未成年孩子,服务业者,service_worker,保安,外省市户籍,安徽,,,
P09089,周涵涵,女,30,30-34,有未成年孩子,自由业者,freelancer,自由设计师,上海户籍,上海,,,
P09090,张辰,男,28,25-29,有未成年孩子,体力劳动者,manual_worker,仓库操作员,上海户籍,上海,,,
P09091,程言彤,女,36,35-39,有未成年孩子,服务业者,service_worker,厨师,上海户籍,上海,,,
P09092,李宁若,女,39,35-39,无需要照顾的孩子,上班族,office_worker,部门经理,上海户籍,上海,,,
P09093,李俊嘉,男,31,30-34,无需要照顾的孩子,体力劳动者,manual_worker,维修技师,上海户籍,上海,,,
P09094,张一宁,女,18,18-24,无需要照顾的孩子,自由业者,freelancer,自媒体从业者,上海户籍,上海,,,
P09095,朱明嘉,男,27,25-29,无需要照顾的孩子,服务业者,service_worker,收银员,外省市户籍,江苏,,,
P09096,李哲远,男,38,35-39,有未成年孩子,自由业者,freelancer,咨询顾问,外省市户籍,江西,,,
P09097,吴诺,女,37,35-39,有未成年孩子,上班族,office_worker,行政专员,上海户籍,上海,,,
P09098,刘语桐,女,28,25-29,无需要照顾的孩子,上班族,office_worker,高级运营专员,上海户籍,上海,,,
P09099,孙天阳,男,30,30-34,有未成年孩子,上班族,office_worker,设计师,上海户籍,上海,,,
P09100,马志明,男,18,18-24,无需要照顾的孩子,大学生,university_student,本科生,上海户籍,上海,,,
P09101,吴思诺,女,42,40-44,有成年孩子,自由业者,freelancer,自由设计师,外省市户籍,江西,,,
P09102,孙楷志,男,29,25-29,无需要照顾的孩子,大学生,university_student,博士研究生,外省市户籍,四川,,,
P09103,吴一,女,37,35-39,有未成年孩子,上班族,office_worker,数据分析师,外省市户籍,安徽,,,
P09104,刘星远,男,33,30-34,有未成年孩子,上班族,office_worker,运营专员,外省市户籍,安徽,,,
P09105,罗晴晓,女,24,18-24,无需要照顾的孩子,大学生,university_student,本科生,上海户籍,上海,,,
P09106,王楷,男,26,25-29,无需要照顾的孩子,大学生,university_student,博士研究生,外省市户籍,河南,,,
P09107,邓梦雅,女,26,25-29,无需要照顾的孩子,体力劳动者,manual_worker,搬运工,外省市户籍,四川,,,
P09108,王涵安,女,27,25-29,有未成年孩子,服务业者,service_worker,美容师,上海户籍,上海,,,
P09109,赵雨瑶,女,36,35-39,有未成年孩子,服务业者,service_worker,酒店前台,外省市户籍,江西,,,
P09110,王轩哲,男,22,18-24,无需要照顾的孩子,服务业者,service_worker,客服,上海户籍,上海,,,
P09111,杨涵,女,35,35-39,有未成年孩子,上班族,office_worker,销售经理,外省市户籍,江西,,,
P09112,徐辰宇,男,20,18-24,无需要照顾的孩子,服务业者,service_worker,酒店前台,上海户籍,上海,,,
P09113,胡辰宇,男,32,30-34,无需要照顾的孩子,上班族,office_worker,数据分析师,外省市户籍,其他,,,
P09114,王子,女,30,30-34,有未成年孩子,上班族,office_worker,高级运营专员,上海户籍,上海,,,
P09115,高嫣佳,女,31,30-34,有未成年孩子,上班族,office_worker,财务主管,外省市户籍,安徽,,,
P09116,徐清博,男,29,25-29,无需要照顾的孩子,上班族,office_worker,采购专员,上海户籍,上海,,,
P09117,刘子涵,女,38,35-39,有未成年孩子,体力劳动者,manual_worker,仓库操作员,外省市户籍,江西,,,
P09118,李言浩,男,45,45-49,有未成年孩子,上班族,office_worker,部门经理,上海户籍,上海,,,
P09119,刘雨可,女,31,30-34,无需要照顾的孩子,上班族,office_worker,项目经理,上海户籍,上海,,,
P09120,吴诺,男,38,35-39,有未成年孩子,服务业者,service_worker,餐厅服务员,外省市户籍,江苏,,,
P09121,韩涵文,男,38,35-39,有未成年孩子,服务业者,service_worker,客服,外省市户籍,安徽,,,
P09122,黄子梓,男,21,18-24,无需要照顾的孩子,服务业者,service_worker,酒店服务人员,外省市户籍,安徽,,,
P09123,邓琪羽,女,43,40-44,无需要照顾的孩子,上班族,office_worker,高级软件工程师,外省市户籍,其他,,,
P09124,杨宁嘉,男,40,40-44,无需要照顾的孩子,上班族,office_worker,HR经理,外省市户籍,四川,,,
P09125,高清嘉,女,39,35-39,无需要照顾的孩子,自由业者,freelancer,咨询顾问,上海户籍,上海,,,
P09126,黄宇辰,男,29,25-29,无需要照顾的孩子,体力劳动者,manual_worker,安装工,外省市户籍,安徽,,,
P09127,何宁轩,男,33,30-34,有未成年孩子,上班族,office_worker,采购经理,上海户籍,上海,,,
P09128,刘天佑,男,35,35-39,有未成年孩子,服务业者,service_worker,美容师,外省市户籍,江西,,,
P09129,李志泽,男,33,30-34,无需要照顾的孩子,上班族,office_worker,数据分析师,外省市户籍,安徽,,,
P09130,李诺,男,47,45-49,有未成年孩子,体力劳动者,manual_worker,司机,上海户籍,上海,,,
P09131,黄安源,女,31,30-34,有未成年孩子,服务业者,service_worker,保安,上海户籍,上海,,,
P09132,陈清杰,男,39,35-39,无需要照顾的孩子,上班族,office_worker,会计,外省市户籍,浙江,,,
P09133,刘思静,女,47,45-49,无需要照顾的孩子,上班族,office_worker,高级项目经理,外省市户籍,安徽,,,
P09134,刘远嘉,男,40,40-44,有未成年孩子,自由业者,freelancer,摄影师,外省市户籍,湖北,,,
P09135,张远源,女,39,35-39,有未成年孩子,上班族,office_worker,客户经理,上海户籍,上海,,,
P09136,杨轩文,男,46,45-49,有成年孩子,上班族,office_worker,设计师,上海户籍,上海,,,
P09137,李言豪,男,38,35-39,有未成年孩子,上班族,office_worker,财务主管,外省市户籍,浙江,,,
P09138,刘梓,男,27,25-29,无需要照顾的孩子,上班族,office_worker,运营专员,上海户籍,上海,,,
P09139,王宁晓,女,21,18-24,无需要照顾的孩子,自由业者,freelancer,独立程序员,外省市户籍,湖南,,,
P09140,高晨心,男,20,18-24,无需要照顾的孩子,上班族,office_worker,采购专员,上海户籍,上海,,,
P09141,陈佳佳,女,21,18-24,无需要照顾的孩子,服务业者,service_worker,厨师,外省市户籍,四川,,,
P09142,王辰嘉,男,21,18-24,无需要照顾的孩子,上班族,office_worker,客户专员,外省市户籍,广东,,,
P09143,刘俊远,男,34,30-34,有未成年孩子,上班族,office_worker,采购专员,外省市户籍,江西,,,
P09144,李哲昊,男,27,25-29,无需要照顾的孩子,上班族,office_worker,会计,外省市户籍,四川,,,
P09145,刘婉怡,女,48,45-49,有未成年孩子,服务业者,service_worker,酒店前台,外省市户籍,安徽,,,
P09146,吴昊嘉,男,37,35-39,有未成年孩子,上班族,office_worker,数据分析师,上海户籍,上海,,,
P09147,张文哲,男,32,30-34,无需要照顾的孩子,上班族,office_worker,会计,上海户籍,上海,,,
P09148,孙梓,男,33,30-34,无需要照顾的孩子,自由业者,freelancer,咨询顾问,上海户籍,上海,,,
P09149,赵欣,女,44,40-44,有未成年孩子,体力劳动者,manual_worker,焊工,外省市户籍,福建,,,
P09150,胡天明,男,42,40-44,有成年孩子,服务业者,service_worker,厨师,外省市户籍,江苏,,,
P09151,韩语雅,女,19,18-24,无需要照顾的孩子,服务业者,service_worker,店员,上海户籍,上海,,,
P09152,陈一嘉,男,31,30-34,无需要照顾的孩子,大学生,university_student,硕士研究生,外省市户籍,福建,,,
P09153,孙可豪,男,32,30-34,无需要照顾的孩子,上班族,office_worker,HR经理,外省市户籍,江西,,,
P09154,王彤子,女,39,35-39,有未成年孩子,上班族,office_worker,数据分析师,外省市户籍,福建,,,
P09155,刘子宇,男,43,40-44,有未成年孩子,上班族,office_worker,客户经理,上海户籍,上海,,,
P09156,唐语诺,女,27,25-29,无需要照顾的孩子,上班族,office_worker,客户经理,上海户籍,上海,,,
P09157,李知静,女,48,45-49,有成年孩子,体力劳动者,manual_worker,安装工,上海户籍,上海,,,
P09158,杨雅晓,女,37,35-39,无需要照顾的孩子,服务业者,service_worker,理发师,外省市户籍,山东,,,
P09159,谢晴欣,女,32,30-34,无需要照顾的孩子,上班族,office_worker,软件工程师,上海户籍,上海,,,
P09160,王楷嘉,男,35,35-39,有未成年孩子,上班族,office_worker,高级运营专员,外省市户籍,河南,,,
P09161,罗辰辰,男,48,45-49,有成年孩子,上班族,office_worker,高级运营专员,外省市户籍,湖北,,,
P09162,刘星,男,28,25-29,无需要照顾的孩子,自由业者,freelancer,翻译,上海户籍,上海,,,
P09163,陈杰,男,37,35-39,有未成年孩子,服务业者,service_worker,酒店服务人员,上海户籍,上海,,,
P09164,张泽,男,23,18-24,有未成年孩子,上班族,office_worker,采购专员,上海户籍,上海,,,
P09165,刘婉,女,41,40-44,有未成年孩子,服务业者,service_worker,保安,外省市户籍,安徽,,,
P09166,邓远远,男,28,25-29,有未成年孩子,体力劳动者,manual_worker,司机,外省市户籍,江苏,,,
P09167,罗星彤,女,21,18-24,无需要照顾的孩子,上班族,office_worker,财务专员,外省市户籍,湖北,,,
P09168,陈佳佳,女,22,18-24,无需要照顾的孩子,服务业者,service_worker,餐厅服务员,上海户籍,上海,,,
P09169,高晨宇,男,46,45-49,有成年孩子,服务业者,service_worker,健身教练,上海户籍,上海,,,
P09170,王睿晨,男,36,35-39,有未成年孩子,上班族,office_worker,软件工程师,上海户籍,上海,,,
P09171,马瑶婷,女,18,18-24,无需要照顾的孩子,服务业者,service_worker,厨师,上海户籍,上海,,,
P09172,孙浩豪,男,32,30-34,有未成年孩子,上班族,office_worker,财务主管,上海户籍,上海,,,
P09173,杨诺,女,24,18-24,无需要照顾的孩子,自由业者,freelancer,摄影师,外省市户籍,河北,,,
P09174,刘文一,男,31,30-34,无需要照顾的孩子,自由业者,freelancer,自由设计师,上海户籍,上海,,,
P09175,陈睿,男,35,35-39,有未成年孩子,上班族,office_worker,高级软件工程师,外省市户籍,河南,,,
P09176,胡可星,女,26,25-29,无需要照顾的孩子,上班族,office_worker,销售经理,外省市户籍,福建,,,
P09177,胡晨天,男,40,40-44,无需要照顾的孩子,体力劳动者,manual_worker,司机,上海户籍,上海,,,
P09178,刘梓嘉,男,26,25-29,无需要照顾的孩子,体力劳动者,manual_worker,司机,上海户籍,上海,,,
P09179,陈晓欣,女,30,30-34,有未成年孩子,服务业者,service_worker,厨师,外省市户籍,河南,,,
P09180,孙诚,男,23,18-24,无需要照顾的孩子,服务业者,service_worker,美容师,上海户籍,上海,,,
P09181,郑泽辰,男,23,18-24,无需要照顾的孩子,大学生,university_student,硕士研究生,上海户籍,上海,,,
P09182,王晴,女,20,18-24,无需要照顾的孩子,大学生,university_student,本科生,外省市户籍,江苏,,,
P09183,吴远诚,男,34,30-34,无需要照顾的孩子,自由业者,freelancer,独立程序员,外省市户籍,浙江,,,
P09184,李安雅,女,39,35-39,有未成年孩子,自由业者,freelancer,私教,外省市户籍,河南,,,
P09185,陈思可,女,25,25-29,无需要照顾的孩子,服务业者,service_worker,房产经纪,外省市户籍,四川,,,
P09186,刘宁安,女,31,30-34,有未成年孩子,服务业者,service_worker,客服,外省市户籍,安徽,,,
P09187,张羽睿,男,33,30-34,有未成年孩子,服务业者,service_worker,酒店前台,上海户籍,上海,,,
P09188,李佳静,女,31,30-34,有未成年孩子,体力劳动者,manual_worker,设备操作员,上海户籍,上海,,,
P09189,董博,男,26,25-29,无需要照顾的孩子,上班族,office_worker,采购专员,外省市户籍,其他,,,
P09190,黄源若,女,47,45-49,有成年孩子,体力劳动者,manual_worker,电工,外省市户籍,浙江,,,
P09191,周明文,男,32,30-34,无需要照顾的孩子,上班族,office_worker,客户专员,上海户籍,上海,,,
P09192,高然,男,43,40-44,有未成年孩子,上班族,office_worker,销售经理,上海户籍,上海,,,
P09193,李可,男,32,30-34,无需要照顾的孩子,体力劳动者,manual_worker,司机,上海户籍,上海,,,
P09194,何清,男,41,40-44,有未成年孩子,服务业者,service_worker,健身教练,外省市户籍,江苏,,,
P09195,张源轩,男,32,30-34,有未成年孩子,体力劳动者,manual_worker,搬运工,外省市户籍,浙江,,,
P09196,李涵嘉,女,30,30-34,无需要照顾的孩子,上班族,office_worker,产品经理,外省市户籍,安徽,,,
P09197,郭楷,男,19,18-24,无需要照顾的孩子,服务业者,service_worker,酒店服务人员,外省市户籍,浙江,,,
P09198,李子安,女,31,30-34,有未成年孩子,自由业者,freelancer,摄影师,上海户籍,上海,,,
P09199,王羽梦,女,21,18-24,无需要照顾的孩子,服务业者,service_worker,美容师,上海户籍,上海,,,
P09200,徐嘉心,男,30,30-34,有未成年孩子,上班族,office_worker,产品经理,上海户籍,上海,,,
P09201,林涵知,女,39,35-39,有未成年孩子,自由业者,freelancer,私教,外省市户籍,山东,,,
P09202,赵俊,男,49,45-49,有未成年孩子,上班族,office_worker,行政专员,上海户籍,上海,,,
P09203,刘桐清,女,24,18-24,无需要照顾的孩子,上班族,office_worker,客户专员,外省市户籍,山东,,,
P09204,马嘉婉,女,19,18-24,有未成年孩子,大学生,university_student,本科生,上海户籍,上海,,,
P09205,杨佑,男,49,45-49,有未成年孩子,服务业者,service_worker,餐厅服务员,上海户籍,上海,,,
P09206,刘晴可,女,34,30-34,有未成年孩子,服务业者,service_worker,客服,上海户籍,上海,,,
P09207,刘昊诚,男,35,35-39,有未成年孩子,上班族,office_worker,运营经理,外省市户籍,江苏,,,
P09208,杨杰豪,男,32,30-34,有未成年孩子,服务业者,service_worker,酒店前台,外省市户籍,福建,,,
P09209,赵诗源,女,35,35-39,有未成年孩子,上班族,office_worker,客户经理,外省市户籍,江苏,,,
P09210,王涵,女,41,40-44,无需要照顾的孩子,自由业者,freelancer,网店经营者,上海户籍,上海,,,
P09211,刘欣远,女,38,35-39,有未成年孩子,服务业者,service_worker,店员,上海户籍,上海,,,
P09212,杨宁静,女,37,35-39,有未成年孩子,上班族,office_worker,项目经理,上海户籍,上海,,,
P09213,袁明,男,18,18-24,无需要照顾的孩子,自由业者,freelancer,摄影师,外省市户籍,安徽,,,
P09214,胡可,女,31,30-34,有未成年孩子,上班族,office_worker,财务专员,上海户籍,上海,,,
P09215,张俊昊,男,37,35-39,有未成年孩子,上班族,office_worker,销售经理,上海户籍,上海,,,
P09216,李文知,男,26,25-29,无需要照顾的孩子,自由业者,freelancer,独立程序员,上海户籍,上海,,,
P09217,刘安语,女,41,40-44,无需要照顾的孩子,服务业者,service_worker,客服,上海户籍,上海,,,
P09218,徐阳可,男,20,18-24,无需要照顾的孩子,上班族,office_worker,设计师,上海户籍,上海,,,
P09219,刘涵,女,40,40-44,有成年孩子,上班族,office_worker,产品经理,外省市户籍,江苏,,,
P09220,李思宁,女,22,18-24,无需要照顾的孩子,大学生,university_student,本科生,外省市户籍,四川,,,
P09221,张嘉诚,男,46,45-49,有成年孩子,体力劳动者,manual_worker,快递员,外省市户籍,浙江,,,
P09222,王乐婉,女,34,30-34,有未成年孩子,服务业者,service_worker,美容师,上海户籍,上海,,,
P09223,王楷睿,男,35,35-39,有未成年孩子,上班族,office_worker,财务专员,外省市户籍,浙江,,,
P09224,高俊诚,男,34,30-34,无需要照顾的孩子,上班族,office_worker,客户经理,外省市户籍,江苏,,,
P09225,刘欣怡,女,30,30-34,无需要照顾的孩子,服务业者,service_worker,收银员,外省市户籍,安徽,,,
P09226,陈涵彤,女,34,30-34,有未成年孩子,上班族,office_worker,高级运营专员,上海户籍,上海,,,
P09227,韩可怡,女,39,35-39,有未成年孩子,上班族,office_worker,项目经理,上海户籍,上海,,,
P09228,孙言语,女,25,25-29,无需要照顾的孩子,上班族,office_worker,数据分析师,上海户籍,上海,,,
P09229,郑清嘉,女,27,25-29,无需要照顾的孩子,服务业者,service_worker,餐厅服务员,外省市户籍,江苏,,,
P09230,黄晴婉,女,31,30-34,有未成年孩子,服务业者,service_worker,厨师,上海户籍,上海,,,
P09231,郑天文,男,38,35-39,无需要照顾的孩子,体力劳动者,manual_worker,搬运工,外省市户籍,山东,,,
P09232,刘语子,女,41,40-44,无需要照顾的孩子,服务业者,service_worker,健身教练,外省市户籍,浙江,,,
P09233,孙天晨,男,38,35-39,无需要照顾的孩子,上班族,office_worker,采购经理,外省市户籍,江苏,,,
P09234,张思,女,39,35-39,有未成年孩子,上班族,office_worker,客户经理,上海户籍,上海,,,
P09235,唐浩阳,男,33,30-34,有未成年孩子,服务业者,service_worker,客服,上海户籍,上海,,,
P09236,胡羽,男,24,18-24,无需要照顾的孩子,大学生,university_student,本科生,上海户籍,上海,,,
P09237,李文俊,男,28,25-29,无需要照顾的孩子,上班族,office_worker,产品经理,外省市户籍,安徽,,,
P09238,陈晓远,女,27,25-29,有未成年孩子,体力劳动者,manual_worker,仓库操作员,外省市户籍,陕西,,,
P09239,唐安远,男,32,30-34,无需要照顾的孩子,上班族,office_worker,项目经理,外省市户籍,安徽,,,
P09240,张雅欣,女,47,45-49,有未成年孩子,上班族,office_worker,运营经理,外省市户籍,河南,,,
P09241,王昊浩,男,31,30-34,无需要照顾的孩子,自由业者,freelancer,网店经营者,上海户籍,上海,,,
P09242,赵可佳,女,33,30-34,无需要照顾的孩子,服务业者,service_worker,厨师,外省市户籍,福建,,,
P09243,王博嘉,男,41,40-44,有未成年孩子,上班族,office_worker,产品经理,外省市户籍,安徽,,,
P09244,赵欣宁,女,29,25-29,无需要照顾的孩子,上班族,office_worker,HR经理,外省市户籍,四川,,,
P09245,李可源,女,47,45-49,有未成年孩子,服务业者,service_worker,理发师,上海户籍,上海,,,
P09246,张远,男,24,18-24,有未成年孩子,服务业者,service_worker,保安,上海户籍,上海,,,
P09247,李辰俊,男,29,25-29,有未成年孩子,上班族,office_worker,客户专员,外省市户籍,江苏,,,
P09248,韩宇心,男,33,30-34,无需要照顾的孩子,服务业者,service_worker,保安,外省市户籍,其他,,,
P09249,赵然远,男,36,35-39,无需要照顾的孩子,上班族,office_worker,采购专员,上海户籍,上海,,,
P09250,王彤若,女,43,40-44,无需要照顾的孩子,自由业者,freelancer,自媒体从业者,外省市户籍,河南,,,
P09251,马文哲,男,27,25-29,无需要照顾的孩子,上班族,office_worker,项目经理,外省市户籍,四川,,,
P09252,王嘉嘉,男,45,45-49,有未成年孩子,体力劳动者,manual_worker,快递员,外省市户籍,安徽,,,
P09253,徐晨乐,男,41,40-44,有成年孩子,服务业者,service_worker,房产经纪,上海户籍,上海,,,
P09254,周知,女,28,25-29,无需要照顾的孩子,上班族,office_worker,HR经理,外省市户籍,湖北,,,
P09255,孙源,男,28,25-29,无需要照顾的孩子,服务业者,service_worker,理发师,外省市户籍,江苏,,,
P09256,周乐静,女,42,40-44,有未成年孩子,上班族,office_worker,高级软件工程师,上海户籍,上海,,,
P09257,徐涵思,女,40,40-44,无需要照顾的孩子,服务业者,service_worker,美容师,上海户籍,上海,,,
P09258,王轩,男,32,30-34,无需要照顾的孩子,服务业者,service_worker,酒店服务人员,上海户籍,上海,,,
P09259,朱晨,男,26,25-29,无需要照顾的孩子,上班族,office_worker,销售代表,上海户籍,上海,,,
P09260,张羽,男,45,45-49,有未成年孩子,上班族,office_worker,采购经理,上海户籍,上海,,,
P09261,曹昊,男,28,25-29,有未成年孩子,服务业者,service_worker,餐厅服务员,上海户籍,上海,,,
P09262,陈琪,女,21,18-24,无需要照顾的孩子,大学生,university_student,本科生,上海户籍,上海,,,
P09263,马阳,男,25,25-29,有未成年孩子,上班族,office_worker,客户专员,上海户籍,上海,,,
P09264,周乐星,女,39,35-39,无需要照顾的孩子,自由业者,freelancer,自媒体从业者,外省市户籍,湖南,,,
P09265,王乐怡,女,28,25-29,无需要照顾的孩子,大学生,university_student,博士研究生,上海户籍,上海,,,
P09266,罗可诺,男,30,30-34,无需要照顾的孩子,自由业者,freelancer,私教,上海户籍,上海,,,
P09267,张楷,男,33,30-34,无需要照顾的孩子,上班族,office_worker,销售代表,外省市户籍,浙江,,,
P09268,梁宇文,男,43,40-44,有成年孩子,自由业者,freelancer,翻译,上海户籍,上海,,,
P09269,刘轩浩,男,35,35-39,有未成年孩子,自由业者,freelancer,独立程序员,外省市户籍,江苏,,,
P09270,王远心,男,37,35-39,有未成年孩子,上班族,office_worker,HR经理,外省市户籍,山东,,,
P09271,张瑶彤,女,29,25-29,无需要照顾的孩子,上班族,office_worker,运营专员,外省市户籍,安徽,,,
P09272,林梦嫣,女,28,25-29,无需要照顾的孩子,上班族,office_worker,软件工程师,外省市户籍,河南,,,
P09273,杨浩明,男,30,30-34,有未成年孩子,服务业者,service_worker,保安,上海户籍,上海,,,
P09274,李宇佑,男,46,45-49,有成年孩子,体力劳动者,manual_worker,仓库操作员,外省市户籍,湖北,,,
P09275,梁言,女,21,18-24,无需要照顾的孩子,上班族,office_worker,客户专员,外省市户籍,安徽,,,
P09276,张思嘉,男,41,40-44,无需要照顾的孩子,上班族,office_worker,设计师,外省市户籍,江苏,,,
P09277,董思,女,36,35-39,有未成年孩子,服务业者,service_worker,厨师,外省市户籍,湖南,,,
P09278,郑雨安,女,44,40-44,有未成年孩子,自由业者,freelancer,翻译,外省市户籍,河南,,,
P09279,李彤欣,女,38,35-39,有未成年孩子,体力劳动者,manual_worker,安装工,上海户籍,上海,,,
P09280,马羽嘉,男,43,40-44,有未成年孩子,体力劳动者,manual_worker,安装工,上海户籍,上海,,,
P09281,张宁杰,男,32,30-34,有未成年孩子,上班族,office_worker,采购经理,外省市户籍,湖南,,,
P09282,徐然佑,男,39,35-39,有未成年孩子,体力劳动者,manual_worker,快递员,上海户籍,上海,,,
P09283,刘欣乐,女,39,35-39,有未成年孩子,体力劳动者,manual_worker,维修技师,上海户籍,上海,,,
P09284,许涵安,女,25,25-29,无需要照顾的孩子,上班族,office_worker,客户经理,外省市户籍,山东,,,
P09285,朱羽,男,36,35-39,有未成年孩子,上班族,office_worker,客户经理,上海户籍,上海,,,
P09286,王知涵,女,24,18-24,无需要照顾的孩子,大学生,university_student,博士研究生,上海户籍,上海,,,
P09287,张梓星,男,26,25-29,无需要照顾的孩子,上班族,office_worker,软件工程师,外省市户籍,其他,,,
P09288,王佳可,女,35,35-39,有未成年孩子,体力劳动者,manual_worker,建筑工人,外省市户籍,江西,,,
P09289,郑婉,女,27,25-29,无需要照顾的孩子,上班族,office_worker,行政专员,外省市户籍,四川,,,
P09290,王星阳,男,25,25-29,无需要照顾的孩子,服务业者,service_worker,房产经纪,外省市户籍,其他,,,
P09291,梁然昊,男,33,30-34,有未成年孩子,自由业者,freelancer,独立程序员,外省市户籍,江西,,,
P09292,张然明,男,33,30-34,有未成年孩子,上班族,office_worker,高级运营专员,外省市户籍,河北,,,
P09293,李睿,男,28,25-29,无需要照顾的孩子,服务业者,service_worker,美容师,上海户籍,上海,,,
P09294,郭宁雅,女,43,40-44,无需要照顾的孩子,服务业者,service_worker,客服,上海户籍,上海,,,
P09295,黄知嫣,女,45,45-49,无需要照顾的孩子,服务业者,service_worker,房产经纪,上海户籍,上海,,,
P09296,李琪,女,23,18-24,无需要照顾的孩子,上班族,office_worker,销售代表,上海户籍,上海,,,
P09297,陈婉婷,女,26,25-29,无需要照顾的孩子,上班族,office_worker,软件工程师,外省市户籍,安徽,,,
P09298,张怡清,女,22,18-24,无需要照顾的孩子,服务业者,service_worker,保安,外省市户籍,四川,,,
P09299,高轩宁,男,45,45-49,无需要照顾的孩子,上班族,office_worker,区域经理,外省市户籍,江苏,,,
P09300,王晨昊,男,41,40-44,有未成年孩子,体力劳动者,manual_worker,焊工,上海户籍,上海,,,
P09301,陈嘉辰,男,20,18-24,无需要照顾的孩子,大学生,university_student,本科生,上海户籍,上海,,,
P09302,陈远,男,39,35-39,有未成年孩子,服务业者,service_worker,保安,上海户籍,上海,,,
P09303,张睿安,男,31,30-34,无需要照顾的孩子,服务业者,service_worker,客服,上海户籍,上海,,,
P09304,黄安羽,女,30,30-34,无需要照顾的孩子,上班族,office_worker,数据分析师,上海户籍,上海,,,
P09305,张乐嘉,女,34,30-34,有未成年孩子,上班族,office_worker,销售经理,外省市户籍,其他,,,
P09306,许远瑶,女,23,18-24,无需要照顾的孩子,大学生,university_student,博士研究生,上海户籍,上海,,,
P09307,宋涵彤,女,30,30-34,有未成年孩子,服务业者,service_worker,客服,外省市户籍,江西,,,
P09308,于心,女,48,45-49,无需要照顾的孩子,体力劳动者,manual_worker,快递员,上海户籍,上海,,,
P09309,张嘉诚,男,25,25-29,有未成年孩子,自由业者,freelancer,私教,上海户籍,上海,,,
P09310,王婷婉,女,36,35-39,有未成年孩子,上班族,office_worker,高级软件工程师,上海户籍,上海,,,
P09311,朱天哲,男,44,40-44,无需要照顾的孩子,服务业者,service_worker,美容师,外省市户籍,湖南,,,
P09312,罗心,男,28,25-29,无需要照顾的孩子,上班族,office_worker,软件工程师,上海户籍,上海,,,
P09313,李嘉言,女,40,40-44,有未成年孩子,自由业者,freelancer,摄影师,上海户籍,上海,,,
P09314,徐桐欣,女,49,45-49,有未成年孩子,上班族,office_worker,行政专员,外省市户籍,浙江,,,
P09315,李羽星,男,26,25-29,有未成年孩子,服务业者,service_worker,店员,外省市户籍,湖南,,,
P09316,李清欣,女,26,25-29,无需要照顾的孩子,大学生,university_student,博士研究生,上海户籍,上海,,,
P09317,马子言,男,21,18-24,无需要照顾的孩子,大学生,university_student,本科生,上海户籍,上海,,,
P09318,李桐知,女,36,35-39,有未成年孩子,自由业者,freelancer,咨询顾问,上海户籍,上海,,,
P09319,李源源,男,42,40-44,有未成年孩子,上班族,office_worker,产品经理,外省市户籍,浙江,,,
P09320,刘哲星,男,33,30-34,无需要照顾的孩子,服务业者,service_worker,收银员,上海户籍,上海,,,
P09321,宋远浩,男,25,25-29,无需要照顾的孩子,服务业者,service_worker,理发师,外省市户籍,江苏,,,
P09322,徐明诺,男,28,25-29,无需要照顾的孩子,大学生,university_student,博士研究生,外省市户籍,河南,,,
P09323,朱嘉涵,男,41,40-44,无需要照顾的孩子,服务业者,service_worker,收银员,外省市户籍,四川,,,
P09324,刘嘉楷,男,33,30-34,有未成年孩子,上班族,office_worker,软件工程师,外省市户籍,河南,,,
P09325,杨思,女,27,25-29,无需要照顾的孩子,上班族,office_worker,软件工程师,外省市户籍,江苏,,,
P09326,陈宁,女,41,40-44,无需要照顾的孩子,上班族,office_worker,采购经理,上海户籍,上海,,,
P09327,陈思思,女,43,40-44,有未成年孩子,上班族,office_worker,高级项目经理,上海户籍,上海,,,
P09328,吴泽晨,男,30,30-34,无需要照顾的孩子,体力劳动者,manual_worker,仓库操作员,外省市户籍,江苏,,,
P09329,李静诺,女,30,30-34,有未成年孩子,上班族,office_worker,项目经理,外省市户籍,江苏,,,
P09330,刘佳宁,女,42,40-44,有未成年孩子,体力劳动者,manual_worker,搬运工,外省市户籍,山东,,,
P09331,程嫣子,女,47,45-49,有成年孩子,上班族,office_worker,运营经理,外省市户籍,河北,,,
P09332,杨宁婷,女,34,30-34,无需要照顾的孩子,上班族,office_worker,会计,外省市户籍,安徽,,,
P09333,吴阳晨,男,31,30-34,无需要照顾的孩子,自由业者,freelancer,独立程序员,上海户籍,上海,,,
P09334,张佳,女,24,18-24,无需要照顾的孩子,上班族,office_worker,软件工程师,外省市户籍,湖北,,,
P09335,李远一,男,32,30-34,有未成年孩子,服务业者,service_worker,收银员,上海户籍,上海,,,
P09336,朱哲豪,男,48,45-49,无需要照顾的孩子,体力劳动者,manual_worker,仓库操作员,外省市户籍,山东,,,
P09337,王博言,男,25,25-29,无需要照顾的孩子,上班族,office_worker,客户专员,外省市户籍,四川,,,
P09338,周瑶一,女,32,30-34,无需要照顾的孩子,体力劳动者,manual_worker,仓库操作员,外省市户籍,江苏,,,
P09339,陈诺清,男,26,25-29,无需要照顾的孩子,体力劳动者,manual_worker,司机,外省市户籍,浙江,,,
P09340,王羽宁,男,28,25-29,有未成年孩子,上班族,office_worker,设计师,外省市户籍,浙江,,,
P09341,王哲源,男,28,25-29,无需要照顾的孩子,服务业者,service_worker,理发师,外省市户籍,安徽,,,
P09342,许一瑶,女,22,18-24,无需要照顾的孩子,服务业者,service_worker,房产经纪,外省市户籍,湖南,,,
P09343,郭杰,男,43,40-44,有成年孩子,上班族,office_worker,区域经理,外省市户籍,江苏,,,
P09344,陈天涵,男,38,35-39,无需要照顾的孩子,上班族,office_worker,采购经理,外省市户籍,安徽,,,
P09345,刘乐,男,24,18-24,无需要照顾的孩子,自由业者,freelancer,独立程序员,外省市户籍,河南,,,
P09346,杨可乐,女,40,40-44,有未成年孩子,体力劳动者,manual_worker,建筑工人,上海户籍,上海,,,
P09347,王宁泽,男,22,18-24,无需要照顾的孩子,服务业者,service_worker,客服,外省市户籍,安徽,,,
P09348,袁佳思,女,31,30-34,有未成年孩子,上班族,office_worker,运营专员,外省市户籍,江苏,,,
P09349,张轩志,男,45,45-49,有成年孩子,上班族,office_worker,财务主管,上海户籍,上海,,,
P09350,张思,女,45,45-49,有未成年孩子,上班族,office_worker,产品经理,上海户籍,上海,,,
P09351,王泽清,男,34,30-34,有未成年孩子,上班族,office_worker,产品经理,外省市户籍,江苏,,,
P09352,陈睿宇,男,45,45-49,有成年孩子,服务业者,service_worker,收银员,上海户籍,上海,,,
P09353,何哲思,男,31,30-34,无需要照顾的孩子,服务业者,service_worker,客服,外省市户籍,江西,,,
P09354,陈可,女,22,18-24,无需要照顾的孩子,服务业者,service_worker,店员,外省市户籍,安徽,,,
P09355,胡宇浩,男,48,45-49,无需要照顾的孩子,上班族,office_worker,人力资源经理,上海户籍,上海,,,
P09356,李嘉,男,39,35-39,有未成年孩子,上班族,office_worker,运营专员,外省市户籍,安徽,,,
P09357,郑嘉嘉,男,21,18-24,无需要照顾的孩子,大学生,university_student,本科生,外省市户籍,江苏,,,
P09358,吴宁,女,19,18-24,有未成年孩子,体力劳动者,manual_worker,快递员,上海户籍,上海,,,
P09359,陈晨羽,男,40,40-44,有成年孩子,服务业者,service_worker,房产经纪,外省市户籍,其他,,,
P09360,罗怡,女,33,30-34,有未成年孩子,体力劳动者,manual_worker,配送员,外省市户籍,其他,,,
P09361,周昊星,男,32,30-34,无需要照顾的孩子,上班族,office_worker,行政专员,上海户籍,上海,,,
P09362,刘怡心,女,28,25-29,无需要照顾的孩子,上班族,office_worker,会计,外省市户籍,四川,,,
P09363,程楷俊,男,48,45-49,有未成年孩子,上班族,office_worker,项目经理,上海户籍,上海,,,
P09364,李佳宁,女,46,45-49,有未成年孩子,上班族,office_worker,客户经理,外省市户籍,江苏,,,
P09365,林琪晨,女,25,25-29,有未成年孩子,上班族,office_worker,会计,上海户籍,上海,,,
P09366,黄源诚,男,36,35-39,有未成年孩子,服务业者,service_worker,理发师,上海户籍,上海,,,
P09367,邓佳辰,女,27,25-29,有未成年孩子,上班族,office_worker,财务专员,上海户籍,上海,,,
P09368,梁阳,男,32,30-34,有未成年孩子,上班族,office_worker,采购经理,上海户籍,上海,,,
P09369,李涵彤,女,21,18-24,无需要照顾的孩子,体力劳动者,manual_worker,电工,上海户籍,上海,,,
P09370,王佳可,女,20,18-24,无需要照顾的孩子,服务业者,service_worker,收银员,外省市户籍,江苏,,,
P09371,郑子阳,男,28,25-29,无需要照顾的孩子,体力劳动者,manual_worker,设备操作员,上海户籍,上海,,,
P09372,王豪哲,男,27,25-29,无需要照顾的孩子,体力劳动者,manual_worker,配送员,上海户籍,上海,,,
P09373,陈源心,女,24,18-24,无需要照顾的孩子,自由业者,freelancer,自媒体从业者,外省市户籍,浙江,,,
P09374,黄诚晨,男,19,18-24,无需要照顾的孩子,服务业者,service_worker,保安,上海户籍,上海,,,
P09375,张欣梦,女,37,35-39,有未成年孩子,上班族,office_worker,采购经理,上海户籍,上海,,,
P09376,李佑思,男,30,30-34,有未成年孩子,上班族,office_worker,高级软件工程师,上海户籍,上海,,,
P09377,张远梦,女,37,35-39,无需要照顾的孩子,体力劳动者,manual_worker,司机,上海户籍,上海,,,
P09378,郑嘉,男,29,25-29,有未成年孩子,上班族,office_worker,财务专员,上海户籍,上海,,,
P09379,王文宁,男,37,35-39,有未成年孩子,体力劳动者,manual_worker,维修技师,外省市户籍,江西,,,
P09380,孙思怡,女,47,45-49,有成年孩子,上班族,office_worker,客户经理,上海户籍,上海,,,
P09381,罗辰,男,20,18-24,无需要照顾的孩子,体力劳动者,manual_worker,配送员,外省市户籍,江西,,,
P09382,王远嘉,男,44,40-44,有成年孩子,上班族,office_worker,销售代表,上海户籍,上海,,,
P09383,何豪豪,男,39,35-39,有未成年孩子,体力劳动者,manual_worker,电工,上海户籍,上海,,,
P09384,郭知,男,44,40-44,有未成年孩子,体力劳动者,manual_worker,电工,外省市户籍,江西,,,
P09385,郑语婷,女,22,18-24,无需要照顾的孩子,体力劳动者,manual_worker,建筑工人,上海户籍,上海,,,
P09386,胡宁宇,男,40,40-44,有未成年孩子,上班族,office_worker,技术经理,外省市户籍,河南,,,
P09387,周豪源,男,45,45-49,有未成年孩子,服务业者,service_worker,酒店前台,上海户籍,上海,,,
P09388,高一源,女,35,35-39,无需要照顾的孩子,服务业者,service_worker,保安,外省市户籍,江苏,,,
P09389,陈轩景,男,36,35-39,无需要照顾的孩子,上班族,office_worker,软件工程师,上海户籍,上海,,,
P09390,胡晴源,女,23,18-24,无需要照顾的孩子,上班族,office_worker,软件工程师,外省市户籍,浙江,,,
P09391,陈晨可,男,39,35-39,有成年孩子,服务业者,service_worker,收银员,外省市户籍,江西,,,
P09392,王清天,男,48,45-49,无需要照顾的孩子,体力劳动者,manual_worker,搬运工,上海户籍,上海,,,
P09393,李佑天,男,40,40-44,有未成年孩子,上班族,office_worker,设计师,外省市户籍,江苏,,,
P09394,王思宁,女,28,25-29,有未成年孩子,上班族,office_worker,采购专员,上海户籍,上海,,,
P09395,李宇涵,男,31,30-34,无需要照顾的孩子,自由业者,freelancer,翻译,外省市户籍,江西,,,
P09396,刘晨明,男,49,45-49,有成年孩子,上班族,office_worker,行政专员,上海户籍,上海,,,
P09397,王宁言,男,46,45-49,有未成年孩子,体力劳动者,manual_worker,司机,上海户籍,上海,,,
P09398,宋远若,女,38,35-39,有未成年孩子,服务业者,service_worker,保安,上海户籍,上海,,,
P09399,杨涵,女,21,18-24,无需要照顾的孩子,体力劳动者,manual_worker,建筑工人,上海户籍,上海,,,
P09400,何梓晨,男,29,25-29,无需要照顾的孩子,上班族,office_worker,数据分析师,上海户籍,上海,,,
P09401,何明乐,男,37,35-39,有成年孩子,自由业者,freelancer,咨询顾问,外省市户籍,浙江,,,
P09402,张思可,女,28,25-29,无需要照顾的孩子,上班族,office_worker,会计,上海户籍,上海,,,
P09403,陈宁,女,35,35-39,有未成年孩子,上班族,office_worker,部门经理,外省市户籍,河北,,,
P09404,张婉,女,41,40-44,有成年孩子,服务业者,service_worker,厨师,上海户籍,上海,,,
P09405,王嫣静,女,20,18-24,无需要照顾的孩子,自由业者,freelancer,自由销售,上海户籍,上海,,,
P09406,郭源,男,49,45-49,无需要照顾的孩子,上班族,office_worker,项目经理,外省市户籍,广东,,,
P09407,冯源思,女,33,30-34,无需要照顾的孩子,服务业者,service_worker,美容师,上海户籍,上海,,,
P09408,李俊楷,男,38,35-39,无需要照顾的孩子,服务业者,service_worker,美容师,上海户籍,上海,,,
P09409,谢晨,男,38,35-39,有未成年孩子,上班族,office_worker,财务主管,上海户籍,上海,,,
P09410,陈梦瑶,女,47,45-49,有未成年孩子,服务业者,service_worker,店员,外省市户籍,河南,,,
P09411,林可,女,44,40-44,有未成年孩子,服务业者,service_worker,美容师,外省市户籍,江苏,,,
P09412,陈昊,男,28,25-29,无需要照顾的孩子,服务业者,service_worker,厨师,外省市户籍,安徽,,,
P09413,黄星嘉,女,27,25-29,无需要照顾的孩子,上班族,office_worker,销售经理,外省市户籍,湖北,,,
P09414,梁一静,女,49,45-49,无需要照顾的孩子,服务业者,service_worker,餐厅服务员,上海户籍,上海,,,
P09415,李豪晨,男,40,40-44,有未成年孩子,自由业者,freelancer,翻译,外省市户籍,安徽,,,
P09416,王晴婷,女,31,30-34,有未成年孩子,服务业者,service_worker,酒店前台,外省市户籍,安徽,,,
P09417,郭诺乐,女,43,40-44,有未成年孩子,上班族,office_worker,部门经理,外省市户籍,浙江,,,
P09418,袁婷雅,女,45,45-49,有成年孩子,上班族,office_worker,运营专员,上海户籍,上海,,,
P09419,徐泽远,男,41,40-44,有未成年孩子,上班族,office_worker,运营经理,外省市户籍,广东,,,
P09420,吴哲,男,42,40-44,无需要照顾的孩子,上班族,office_worker,采购专员,上海户籍,上海,,,
P09421,王怡清,女,33,30-34,有未成年孩子,服务业者,service_worker,保安,外省市户籍,湖南,,,
P09422,胡轩,男,33,30-34,有未成年孩子,服务业者,service_worker,酒店前台,上海户籍,上海,,,
P09423,周心清,女,20,18-24,无需要照顾的孩子,大学生,university_student,本科生,外省市户籍,浙江,,,
P09424,周源轩,男,37,35-39,有未成年孩子,服务业者,service_worker,收银员,上海户籍,上海,,,
P09425,罗杰志,男,18,18-24,无需要照顾的孩子,大学生,university_student,本科生,外省市户籍,山东,,,
P09426,陈杰,男,48,45-49,有未成年孩子,上班族,office_worker,财务主管,上海户籍,上海,,,
P09427,何欣若,女,34,30-34,无需要照顾的孩子,体力劳动者,manual_worker,焊工,上海户籍,上海,,,
P09428,杨文,男,49,45-49,有未成年孩子,上班族,office_worker,高级运营专员,上海户籍,上海,,,
P09429,李可子,女,24,18-24,无需要照顾的孩子,自由业者,freelancer,自媒体从业者,上海户籍,上海,,,
P09430,黄雅诺,女,28,25-29,有未成年孩子,上班族,office_worker,软件工程师,上海户籍,上海,,,
P09431,王佳静,女,43,40-44,无需要照顾的孩子,服务业者,service_worker,店员,外省市户籍,浙江,,,
P09432,徐晨宁,女,30,30-34,有未成年孩子,自由业者,freelancer,翻译,外省市户籍,安徽,,,
P09433,唐彤可,女,40,40-44,有未成年孩子,体力劳动者,manual_worker,快递员,上海户籍,上海,,,
P09434,郭子星,女,27,25-29,有未成年孩子,自由业者,freelancer,翻译,上海户籍,上海,,,
P09435,王天轩,男,28,25-29,无需要照顾的孩子,上班族,office_worker,财务主管,上海户籍,上海,,,
P09436,杨涵怡,女,34,30-34,有未成年孩子,上班族,office_worker,采购经理,上海户籍,上海,,,
P09437,李文,男,33,30-34,无需要照顾的孩子,体力劳动者,manual_worker,建筑工人,外省市户籍,山东,,,
P09438,黄嘉,男,26,25-29,无需要照顾的孩子,体力劳动者,manual_worker,维修技师,上海户籍,上海,,,
P09439,袁欣宁,女,19,18-24,无需要照顾的孩子,服务业者,service_worker,收银员,上海户籍,上海,,,
P09440,陈雨晨,女,44,40-44,有成年孩子,自由业者,freelancer,网店经营者,上海户籍,上海,,,
P09441,刘晓思,女,37,35-39,有未成年孩子,上班族,office_worker,高级运营专员,上海户籍,上海,,,
P09442,张豪可,男,33,30-34,有未成年孩子,服务业者,service_worker,店员,上海户籍,上海,,,
P09443,冯言涵,男,40,40-44,无需要照顾的孩子,体力劳动者,manual_worker,搬运工,上海户籍,上海,,,
P09444,陈梓景,男,26,25-29,无需要照顾的孩子,服务业者,service_worker,美容师,上海户籍,上海,,,
P09445,刘子雅,女,27,25-29,有未成年孩子,大学生,university_student,博士研究生,外省市户籍,安徽,,,
P09446,王欣,女,26,25-29,无需要照顾的孩子,大学生,university_student,博士研究生,上海户籍,上海,,,
P09447,李晨杰,男,42,40-44,有未成年孩子,自由业者,freelancer,独立程序员,外省市户籍,河南,,,
P09448,张琪子,女,47,45-49,无需要照顾的孩子,服务业者,service_worker,客服,上海户籍,上海,,,
P09449,王阳天,男,43,40-44,无需要照顾的孩子,上班族,office_worker,客户专员,外省市户籍,浙江,,,
P09450,曹思思,男,23,18-24,无需要照顾的孩子,服务业者,service_worker,店员,外省市户籍,河南,,,
P09451,罗婉诺,女,19,18-24,有未成年孩子,大学生,university_student,本科生,外省市户籍,江苏,,,
P09452,林梦桐,女,19,18-24,有未成年孩子,大学生,university_student,本科生,外省市户籍,湖北,,,
P09453,张可清,女,33,30-34,有未成年孩子,上班族,office_worker,HR经理,外省市户籍,湖北,,,
P09454,韩乐,女,41,40-44,无需要照顾的孩子,上班族,office_worker,产品经理,外省市户籍,浙江,,,
P09455,刘雨子,女,47,45-49,有成年孩子,服务业者,service_worker,厨师,上海户籍,上海,,,
P09456,杨可言,女,31,30-34,有未成年孩子,服务业者,service_worker,酒店服务人员,外省市户籍,其他,,,
P09457,孙安星,男,31,30-34,有未成年孩子,大学生,university_student,硕士研究生,上海户籍,上海,,,
P09458,张晨乐,女,35,35-39,有未成年孩子,服务业者,service_worker,酒店前台,外省市户籍,河南,,,
P09459,马一涵,女,30,30-34,有未成年孩子,大学生,university_student,博士研究生,外省市户籍,四川,,,
P09460,唐阳杰,男,21,18-24,无需要照顾的孩子,上班族,office_worker,数据分析师,上海户籍,上海,,,
P09461,黄子嘉,女,28,25-29,无需要照顾的孩子,服务业者,service_worker,厨师,外省市户籍,江苏,,,
P09462,唐远,女,40,40-44,有未成年孩子,上班族,office_worker,会计,外省市户籍,安徽,,,
P09463,董嫣思,女,30,30-34,无需要照顾的孩子,服务业者,service_worker,保安,外省市户籍,其他,,,
P09464,李辰天,男,33,30-34,无需要照顾的孩子,上班族,office_worker,软件工程师,上海户籍,上海,,,
P09465,杨语静,女,22,18-24,无需要照顾的孩子,自由业者,freelancer,自媒体从业者,上海户籍,上海,,,
P09466,李天嘉,男,34,30-34,有未成年孩子,上班族,office_worker,客户专员,上海户籍,上海,,,
P09467,徐泽,男,29,25-29,无需要照顾的孩子,体力劳动者,manual_worker,搬运工,外省市户籍,浙江,,,
P09468,张若怡,女,24,18-24,无需要照顾的孩子,上班族,office_worker,行政专员,上海户籍,上海,,,
P09469,陈嘉语,女,39,35-39,无需要照顾的孩子,上班族,office_worker,会计,外省市户籍,安徽,,,
P09470,王知诗,女,43,40-44,有未成年孩子,体力劳动者,manual_worker,司机,上海户籍,上海,,,
P09471,赵安宁,女,43,40-44,有未成年孩子,服务业者,service_worker,客服,外省市户籍,其他,,,
P09472,冯乐欣,女,42,40-44,有未成年孩子,服务业者,service_worker,酒店服务人员,外省市户籍,河南,,,
P09473,何景嘉,男,42,40-44,有未成年孩子,服务业者,service_worker,收银员,外省市户籍,江苏,,,
P09474,冯源源,女,31,30-34,有未成年孩子,服务业者,service_worker,酒店服务人员,外省市户籍,四川,,,
P09475,张俊羽,男,46,45-49,有成年孩子,服务业者,service_worker,店员,外省市户籍,江苏,,,
P09476,陈曦,女,44,40-44,有未成年孩子,服务业者,service_worker,客服,上海户籍,上海,,,
P09477,吴睿诺,男,39,35-39,有未成年孩子,上班族,office_worker,客户经理,外省市户籍,福建,,,
P09478,吴晴婷,女,20,18-24,无需要照顾的孩子,上班族,office_worker,客户专员,外省市户籍,其他,,,
P09479,孙杰,男,38,35-39,有未成年孩子,上班族,office_worker,项目经理,外省市户籍,江苏,,,
P09480,赵清静,女,33,30-34,有未成年孩子,自由业者,freelancer,网店经营者,外省市户籍,浙江,,,
P09481,程曦,女,29,25-29,无需要照顾的孩子,体力劳动者,manual_worker,安装工,外省市户籍,陕西,,,
P09482,王一哲,男,29,25-29,无需要照顾的孩子,上班族,office_worker,数据分析师,外省市户籍,浙江,,,
P09483,韩心涵,女,33,30-34,有未成年孩子,体力劳动者,manual_worker,维修技师,外省市户籍,山东,,,
P09484,周嘉心,男,32,30-34,有未成年孩子,上班族,office_worker,高级软件工程师,外省市户籍,浙江,,,
P09485,林知,女,46,45-49,有成年孩子,服务业者,service_worker,美容师,上海户籍,上海,,,
P09486,谢佳知,女,49,45-49,有成年孩子,上班族,office_worker,产品经理,外省市户籍,安徽,,,
P09487,吴辰,女,24,18-24,无需要照顾的孩子,上班族,office_worker,财务专员,外省市户籍,广东,,,
P09488,杨晨语,女,19,18-24,无需要照顾的孩子,大学生,university_student,本科生,外省市户籍,安徽,,,
P09489,刘嫣婷,女,35,35-39,有成年孩子,上班族,office_worker,软件工程师,外省市户籍,四川,,,
P09490,孙涵梦,女,29,25-29,有未成年孩子,体力劳动者,manual_worker,设备操作员,外省市户籍,浙江,,,
P09491,徐然一,男,30,30-34,有未成年孩子,上班族,office_worker,销售代表,上海户籍,上海,,,
P09492,张远言,男,32,30-34,无需要照顾的孩子,上班族,office_worker,客户经理,外省市户籍,陕西,,,
P09493,吴晨,女,25,25-29,有未成年孩子,体力劳动者,manual_worker,设备操作员,上海户籍,上海,,,
P09494,李嘉嘉,男,23,18-24,无需要照顾的孩子,大学生,university_student,本科生,外省市户籍,江苏,,,
P09495,刘辰景,男,31,30-34,无需要照顾的孩子,自由业者,freelancer,摄影师,外省市户籍,河南,,,
P09496,周景远,男,25,25-29,无需要照顾的孩子,自由业者,freelancer,自由销售,外省市户籍,湖南,,,
P09497,吴楷然,男,36,35-39,无需要照顾的孩子,上班族,office_worker,财务经理,上海户籍,上海,,,
P09498,王泽晨,男,29,25-29,有未成年孩子,上班族,office_worker,软件工程师,上海户籍,上海,,,
P09499,李明清,男,26,25-29,无需要照顾的孩子,大学生,university_student,硕士研究生,外省市户籍,江苏,,,
P09500,曹可,女,35,35-39,无需要照顾的孩子,体力劳动者,manual_worker,设备操作员,上海户籍,上海,,,
P09501,张清乐,男,37,35-39,无需要照顾的孩子,服务业者,service_worker,厨师,外省市户籍,河南,,,
P09502,徐源清,女,36,35-39,有未成年孩子,上班族,office_worker,会计,外省市户籍,江西,,,
P09503,张安清,男,44,40-44,有未成年孩子,体力劳动者,manual_worker,仓库操作员,外省市户籍,江苏,,,
P09504,周嘉源,男,34,30-34,有未成年孩子,服务业者,service_worker,厨师,外省市户籍,浙江,,,
P09505,王思安,女,35,35-39,有未成年孩子,上班族,office_worker,软件工程师,外省市户籍,浙江,,,
P09506,张远晨,男,42,40-44,有成年孩子,上班族,office_worker,部门经理,上海户籍,上海,,,
P09507,陈景嘉,男,38,35-39,有未成年孩子,体力劳动者,manual_worker,维修技师,上海户籍,上海,,,
P09508,李泽景,男,19,18-24,无需要照顾的孩子,服务业者,service_worker,厨师,上海户籍,上海,,,
P09509,赵琪佳,女,22,18-24,无需要照顾的孩子,体力劳动者,manual_worker,焊工,外省市户籍,江西,,,
P09510,陈源诺,男,31,30-34,有未成年孩子,上班族,office_worker,高级运营专员,外省市户籍,安徽,,,
P09511,张思心,女,30,30-34,无需要照顾的孩子,体力劳动者,manual_worker,维修技师,外省市户籍,江苏,,,
P09512,徐言,男,33,30-34,有未成年孩子,服务业者,service_worker,酒店服务人员,外省市户籍,陕西,,,
P09513,孙可,女,30,30-34,有未成年孩子,服务业者,service_worker,房产经纪,外省市户籍,浙江,,,
P09514,王嫣诗,女,20,18-24,无需要照顾的孩子,自由业者,freelancer,私教,外省市户籍,江西,,,
P09515,王思星,男,42,40-44,有成年孩子,上班族,office_worker,财务经理,外省市户籍,陕西,,,
P09516,朱浩,男,23,18-24,无需要照顾的孩子,上班族,office_worker,数据分析师,外省市户籍,安徽,,,
P09517,朱轩嘉,男,28,25-29,无需要照顾的孩子,体力劳动者,manual_worker,维修技师,上海户籍,上海,,,
P09518,陈嘉,男,26,25-29,有未成年孩子,体力劳动者,manual_worker,配送员,上海户籍,上海,,,
P09519,唐轩清,男,38,35-39,有未成年孩子,自由业者,freelancer,自由设计师,外省市户籍,江西,,,
P09520,胡思思,女,45,45-49,有未成年孩子,上班族,office_worker,高级软件工程师,外省市户籍,四川,,,
P09521,赵宁睿,男,37,35-39,有未成年孩子,上班族,office_worker,高级软件工程师,上海户籍,上海,,,
P09522,林子,男,34,30-34,无需要照顾的孩子,上班族,office_worker,数据分析师,外省市户籍,陕西,,,
P09523,罗昊诺,男,33,30-34,有未成年孩子,上班族,office_worker,设计师,外省市户籍,安徽,,,
P09524,高嘉欣,女,25,25-29,无需要照顾的孩子,上班族,office_worker,软件工程师,上海户籍,上海,,,
P09525,徐涵诗,女,32,30-34,无需要照顾的孩子,上班族,office_worker,设计师,上海户籍,上海,,,
P09526,邓知,男,32,30-34,有未成年孩子,上班族,office_worker,运营专员,上海户籍,上海,,,
P09527,赵知天,男,41,40-44,有未成年孩子,服务业者,service_worker,酒店服务人员,上海户籍,上海,,,
P09528,黄诺哲,男,27,25-29,无需要照顾的孩子,上班族,office_worker,销售代表,上海户籍,上海,,,
P09529,于文轩,男,19,18-24,无需要照顾的孩子,服务业者,service_worker,酒店前台,外省市户籍,江苏,,,
P09530,陈梓,男,28,25-29,有未成年孩子,上班族,office_worker,行政专员,上海户籍,上海,,,
P09531,刘涵轩,男,43,40-44,有未成年孩子,上班族,office_worker,设计师,上海户籍,上海,,,
P09532,王文,男,41,40-44,有未成年孩子,体力劳动者,manual_worker,焊工,上海户籍,上海,,,
P09533,周彤,女,28,25-29,有未成年孩子,大学生,university_student,硕士研究生,外省市户籍,江西,,,
P09534,李豪,男,45,45-49,无需要照顾的孩子,服务业者,service_worker,房产经纪,外省市户籍,河南,,,
P09535,曹子泽,男,41,40-44,有未成年孩子,上班族,office_worker,HR经理,上海户籍,上海,,,
P09536,孙宁文,男,32,30-34,无需要照顾的孩子,上班族,office_worker,客户经理,外省市户籍,安徽,,,
P09537,李诚清,男,39,35-39,有未成年孩子,上班族,office_worker,人力资源经理,外省市户籍,江西,,,
P09538,朱言彤,女,32,30-34,有成年孩子,服务业者,service_worker,酒店服务人员,上海户籍,上海,,,
P09539,杨若,女,42,40-44,有未成年孩子,上班族,office_worker,高级项目经理,上海户籍,上海,,,
P09540,王乐乐,女,34,30-34,有未成年孩子,上班族,office_worker,行政专员,外省市户籍,湖北,,,
P09541,李彤语,女,47,45-49,有成年孩子,自由业者,freelancer,自由销售,外省市户籍,湖南,,,
P09542,郑佳星,女,33,30-34,无需要照顾的孩子,体力劳动者,manual_worker,安装工,上海户籍,上海,,,
P09543,韩羽曦,女,33,30-34,有未成年孩子,上班族,office_worker,项目经理,外省市户籍,河南,,,
P09544,陈晓,女,35,35-39,有未成年孩子,自由业者,freelancer,自媒体从业者,上海户籍,上海,,,
P09545,韩宁,女,49,45-49,有成年孩子,上班族,office_worker,HR经理,外省市户籍,安徽,,,
P09546,刘宁思,女,20,18-24,无需要照顾的孩子,上班族,office_worker,会计,外省市户籍,江西,,,
P09547,梁然,男,30,30-34,无需要照顾的孩子,上班族,office_worker,HR经理,外省市户籍,四川,,,
P09548,李乐静,女,42,40-44,有未成年孩子,上班族,office_worker,数据分析师,上海户籍,上海,,,
P09549,冯源雅,女,41,40-44,无需要照顾的孩子,服务业者,service_worker,健身教练,上海户籍,上海,,,
P09550,周楷诺,男,35,35-39,有未成年孩子,自由业者,freelancer,私教,上海户籍,上海,,,
P09551,王昊,男,33,30-34,有未成年孩子,上班族,office_worker,运营专员,外省市户籍,江苏,,,
P09552,刘思景,男,23,18-24,无需要照顾的孩子,大学生,university_student,博士研究生,上海户籍,上海,,,
P09553,朱佑宇,男,24,18-24,无需要照顾的孩子,大学生,university_student,硕士研究生,上海户籍,上海,,,
P09554,王清晨,女,34,30-34,有未成年孩子,上班族,office_worker,客户经理,上海户籍,上海,,,
P09555,陈宁,女,27,25-29,有未成年孩子,上班族,office_worker,运营专员,外省市户籍,安徽,,,
P09556,陈哲源,男,40,40-44,有未成年孩子,服务业者,service_worker,酒店服务人员,外省市户籍,浙江,,,
P09557,李一乐,男,28,25-29,无需要照顾的孩子,大学生,university_student,本科生,上海户籍,上海,,,
P09558,陈嫣诗,女,27,25-29,无需要照顾的孩子,上班族,office_worker,客户专员,上海户籍,上海,,,
P09559,王乐明,男,27,25-29,无需要照顾的孩子,上班族,office_worker,运营专员,上海户籍,上海,,,
P09560,徐子欣,女,25,25-29,无需要照顾的孩子,上班族,office_worker,运营专员,上海户籍,上海,,,
P09561,王诗辰,女,48,45-49,有未成年孩子,上班族,office_worker,区域经理,上海户籍,上海,,,
P09562,王晨,男,23,18-24,无需要照顾的孩子,大学生,university_student,硕士研究生,上海户籍,上海,,,
P09563,梁诗琪,女,39,35-39,有未成年孩子,体力劳动者,manual_worker,设备操作员,上海户籍,上海,,,
P09564,王睿,男,29,25-29,有未成年孩子,上班族,office_worker,财务专员,外省市户籍,安徽,,,
P09565,何欣佳,女,49,45-49,有成年孩子,上班族,office_worker,客户专员,上海户籍,上海,,,
P09566,王知雅,女,26,25-29,无需要照顾的孩子,上班族,office_worker,采购专员,外省市户籍,四川,,,
P09567,吴俊明,男,41,40-44,无需要照顾的孩子,上班族,office_worker,项目经理,外省市户籍,江苏,,,
P09568,陈欣思,女,27,25-29,有未成年孩子,体力劳动者,manual_worker,焊工,上海户籍,上海,,,
P09569,王志梓,男,31,30-34,有未成年孩子,上班族,office_worker,销售代表,上海户籍,上海,,,
P09570,杨彤知,女,35,35-39,有未成年孩子,上班族,office_worker,产品经理,上海户籍,上海,,,
P09571,孙天文,男,47,45-49,有未成年孩子,服务业者,service_worker,厨师,上海户籍,上海,,,
P09572,王晨博,男,33,30-34,有未成年孩子,服务业者,service_worker,酒店服务人员,外省市户籍,山东,,,
P09573,罗安,男,33,30-34,有未成年孩子,服务业者,service_worker,酒店服务人员,上海户籍,上海,,,
P09574,朱羽乐,女,38,35-39,有未成年孩子,服务业者,service_worker,美容师,上海户籍,上海,,,
P09575,周嫣嫣,女,32,30-34,无需要照顾的孩子,自由业者,freelancer,私教,上海户籍,上海,,,
P09576,徐晨思,男,40,40-44,无需要照顾的孩子,服务业者,service_worker,理发师,上海户籍,上海,,,
P09577,何文星,男,40,40-44,有未成年孩子,上班族,office_worker,区域经理,外省市户籍,湖南,,,
P09578,黄思语,女,26,25-29,无需要照顾的孩子,体力劳动者,manual_worker,搬运工,上海户籍,上海,,,
P09579,胡心怡,女,46,45-49,有未成年孩子,服务业者,service_worker,理发师,上海户籍,上海,,,
P09580,黄乐羽,女,33,30-34,无需要照顾的孩子,体力劳动者,manual_worker,设备操作员,上海户籍,上海,,,
P09581,高文志,男,38,35-39,有未成年孩子,体力劳动者,manual_worker,司机,外省市户籍,广东,,,
P09582,李羽宇,男,41,40-44,无需要照顾的孩子,上班族,office_worker,部门经理,外省市户籍,江苏,,,
P09583,黄静子,女,21,18-24,无需要照顾的孩子,大学生,university_student,本科生,外省市户籍,湖南,,,
P09584,王知哲,男,39,35-39,有未成年孩子,上班族,office_worker,项目经理,外省市户籍,江苏,,,
P09585,胡诺晨,男,36,35-39,有未成年孩子,上班族,office_worker,高级软件工程师,外省市户籍,安徽,,,
P09586,周辰梓,男,18,18-24,无需要照顾的孩子,大学生,university_student,本科生,外省市户籍,广东,,,
P09587,陈琪语,女,39,35-39,有未成年孩子,上班族,office_worker,产品经理,上海户籍,上海,,,
P09588,马晨浩,男,32,30-34,无需要照顾的孩子,上班族,office_worker,行政专员,上海户籍,上海,,,
P09589,吴文睿,男,35,35-39,有未成年孩子,自由业者,freelancer,自由销售,外省市户籍,浙江,,,
P09590,张彤可,女,31,30-34,有未成年孩子,自由业者,freelancer,私教,外省市户籍,江西,,,
P09591,王乐杰,男,25,25-29,无需要照顾的孩子,自由业者,freelancer,翻译,外省市户籍,江苏,,,
P09592,梁天俊,男,31,30-34,无需要照顾的孩子,上班族,office_worker,财务主管,外省市户籍,安徽,,,
P09593,杨心星,男,38,35-39,有未成年孩子,服务业者,service_worker,美容师,外省市户籍,江苏,,,
P09594,刘睿,男,35,35-39,有未成年孩子,上班族,office_worker,财务经理,上海户籍,上海,,,
P09595,李远,男,33,30-34,无需要照顾的孩子,上班族,office_worker,会计,上海户籍,上海,,,
P09596,杨诺子,男,42,40-44,有未成年孩子,服务业者,service_worker,房产经纪,外省市户籍,河南,,,
P09597,梁诺思,女,38,35-39,有成年孩子,服务业者,service_worker,酒店前台,上海户籍,上海,,,
P09598,周宁,男,28,25-29,无需要照顾的孩子,服务业者,service_worker,店员,外省市户籍,河南,,,
P09599,朱涵宁,女,42,40-44,有成年孩子,服务业者,service_worker,理发师,外省市户籍,安徽,,,
P09600,赵梓,男,45,45-49,有成年孩子,自由业者,freelancer,独立程序员,上海户籍,上海,,,
P09601,于远可,女,38,35-39,有未成年孩子,自由业者,freelancer,咨询顾问,上海户籍,上海,,,
P09602,陈思思,女,18,18-24,无需要照顾的孩子,服务业者,service_worker,美容师,外省市户籍,山东,,,
P09603,朱宇辰,男,35,35-39,无需要照顾的孩子,上班族,office_worker,高级软件工程师,外省市户籍,江西,,,
P09604,张诺,女,20,18-24,无需要照顾的孩子,大学生,university_student,本科生,上海户籍,上海,,,
P09605,孙诺,女,20,18-24,无需要照顾的孩子,服务业者,service_worker,理发师,上海户籍,上海,,,
P09606,陈子语,女,29,25-29,无需要照顾的孩子,服务业者,service_worker,厨师,外省市户籍,河南,,,
P09607,张晨乐,女,33,30-34,有未成年孩子,上班族,office_worker,数据分析师,上海户籍,上海,,,
P09608,杨佑豪,男,23,18-24,无需要照顾的孩子,服务业者,service_worker,餐厅服务员,外省市户籍,湖南,,,
P09609,杨晨文,男,41,40-44,有成年孩子,体力劳动者,manual_worker,司机,上海户籍,上海,,,
P09610,王远佳,女,32,30-34,无需要照顾的孩子,服务业者,service_worker,厨师,上海户籍,上海,,,
P09611,孙睿星,男,19,18-24,无需要照顾的孩子,自由业者,freelancer,自由销售,外省市户籍,江苏,,,
P09612,罗远晨,男,35,35-39,无需要照顾的孩子,服务业者,service_worker,健身教练,外省市户籍,江苏,,,
P09613,周静雨,女,18,18-24,无需要照顾的孩子,上班族,office_worker,设计师,上海户籍,上海,,,
P09614,郭嘉,女,32,30-34,有未成年孩子,自由业者,freelancer,自由销售,上海户籍,上海,,,
P09615,马安嘉,男,27,25-29,有未成年孩子,上班族,office_worker,设计师,外省市户籍,江苏,,,
P09616,王梦彤,女,22,18-24,无需要照顾的孩子,服务业者,service_worker,健身教练,外省市户籍,其他,,,
P09617,王欣清,女,20,18-24,无需要照顾的孩子,大学生,university_student,本科生,上海户籍,上海,,,
P09618,刘涵怡,女,25,25-29,无需要照顾的孩子,上班族,office_worker,客户专员,外省市户籍,浙江,,,
P09619,刘文宁,男,37,35-39,有未成年孩子,上班族,office_worker,软件工程师,外省市户籍,四川,,,
P09620,吴哲俊,男,29,25-29,无需要照顾的孩子,服务业者,service_worker,厨师,上海户籍,上海,,,
P09621,陈彤,女,25,25-29,无需要照顾的孩子,上班族,office_worker,会计,上海户籍,上海,,,
P09622,罗佳星,女,19,18-24,有未成年孩子,大学生,university_student,硕士研究生,上海户籍,上海,,,
P09623,孙远宁,男,29,25-29,有未成年孩子,上班族,office_worker,产品经理,外省市户籍,江苏,,,
P09624,王婉桐,女,31,30-34,无需要照顾的孩子,上班族,office_worker,项目经理,上海户籍,上海,,,
P09625,袁豪可,男,33,30-34,无需要照顾的孩子,体力劳动者,manual_worker,司机,外省市户籍,浙江,,,
P09626,罗宇星,男,30,30-34,无需要照顾的孩子,上班族,office_worker,运营专员,外省市户籍,河北,,,
P09627,李清佳,女,24,18-24,无需要照顾的孩子,自由业者,freelancer,摄影师,上海户籍,上海,,,
P09628,陈博,男,38,35-39,有成年孩子,上班族,office_worker,运营经理,上海户籍,上海,,,
P09629,刘远哲,男,39,35-39,有未成年孩子,上班族,office_worker,采购经理,外省市户籍,山东,,,
P09630,胡嘉嘉,男,34,30-34,无需要照顾的孩子,服务业者,service_worker,客服,外省市户籍,湖南,,,
P09631,刘诺宇,男,33,30-34,有未成年孩子,服务业者,service_worker,收银员,上海户籍,上海,,,
P09632,孙心,女,22,18-24,无需要照顾的孩子,服务业者,service_worker,厨师,上海户籍,上海,,,
P09633,赵可,男,25,25-29,有未成年孩子,服务业者,service_worker,房产经纪,外省市户籍,湖北,,,
P09634,胡彤嫣,女,23,18-24,无需要照顾的孩子,上班族,office_worker,设计师,上海户籍,上海,,,
P09635,赵桐涵,女,19,18-24,无需要照顾的孩子,服务业者,service_worker,理发师,上海户籍,上海,,,
P09636,王心辰,女,29,25-29,有未成年孩子,上班族,office_worker,高级运营专员,上海户籍,上海,,,
P09637,周阳言,男,21,18-24,无需要照顾的孩子,服务业者,service_worker,酒店前台,外省市户籍,其他,,,
P09638,许安安,女,30,30-34,无需要照顾的孩子,自由业者,freelancer,摄影师,上海户籍,上海,,,
P09639,李涵,女,28,25-29,无需要照顾的孩子,上班族,office_worker,客户专员,上海户籍,上海,,,
P09640,王宇宁,男,48,45-49,有未成年孩子,体力劳动者,manual_worker,电工,外省市户籍,河南,,,
P09641,张佑楷,男,31,30-34,有未成年孩子,自由业者,freelancer,摄影师,上海户籍,上海,,,
P09642,徐诗源,女,30,30-34,无需要照顾的孩子,大学生,university_student,硕士研究生,上海户籍,上海,,,
P09643,陈远晓,女,30,30-34,无需要照顾的孩子,服务业者,service_worker,房产经纪,外省市户籍,浙江,,,
P09644,吴诺,女,30,30-34,无需要照顾的孩子,体力劳动者,manual_worker,快递员,上海户籍,上海,,,
P09645,孙然清,男,43,40-44,无需要照顾的孩子,服务业者,service_worker,理发师,外省市户籍,湖北,,,
P09646,董静可,女,48,45-49,有成年孩子,服务业者,service_worker,酒店服务人员,外省市户籍,山东,,,
P09647,王阳嘉,男,26,25-29,无需要照顾的孩子,上班族,office_worker,数据分析师,外省市户籍,河南,,,
P09648,郭乐,女,22,18-24,无需要照顾的孩子,体力劳动者,manual_worker,安装工,上海户籍,上海,,,
P09649,李思思,女,41,40-44,有成年孩子,服务业者,service_worker,房产经纪,上海户籍,上海,,,
P09650,周嫣,女,37,35-39,有成年孩子,体力劳动者,manual_worker,设备操作员,外省市户籍,江苏,,,
P09651,刘梓清,男,36,35-39,有未成年孩子,上班族,office_worker,数据分析师,外省市户籍,湖北,,,
P09652,周嘉,男,41,40-44,有未成年孩子,上班族,office_worker,客户经理,外省市户籍,山东,,,
P09653,王彤嫣,女,25,25-29,无需要照顾的孩子,上班族,office_worker,设计师,上海户籍,上海,,,
P09654,陈梓,男,38,35-39,有未成年孩子,上班族,office_worker,项目经理,外省市户籍,陕西,,,
P09655,陈明源,男,19,18-24,无需要照顾的孩子,大学生,university_student,本科生,上海户籍,上海,,,
P09656,陈明文,男,48,45-49,有未成年孩子,上班族,office_worker,采购专员,上海户籍,上海,,,
P09657,郭子杰,男,37,35-39,无需要照顾的孩子,上班族,office_worker,业务负责人,上海户籍,上海,,,
P09658,杨哲远,男,33,30-34,有未成年孩子,服务业者,service_worker,健身教练,外省市户籍,安徽,,,
P09659,陈诗,女,47,45-49,有成年孩子,服务业者,service_worker,健身教练,上海户籍,上海,,,
P09660,马子,女,34,30-34,无需要照顾的孩子,服务业者,service_worker,酒店服务人员,上海户籍,上海,,,
P09661,徐诗宁,女,18,18-24,无需要照顾的孩子,上班族,office_worker,软件工程师,外省市户籍,江西,,,
P09662,孙语琪,女,32,30-34,有未成年孩子,上班族,office_worker,客户专员,外省市户籍,四川,,,
P09663,李源涵,男,39,35-39,有未成年孩子,体力劳动者,manual_worker,仓库操作员,上海户籍,上海,,,
P09664,宋安晨,男,29,25-29,无需要照顾的孩子,上班族,office_worker,行政专员,外省市户籍,江苏,,,
P09665,王思佳,女,43,40-44,有未成年孩子,上班族,office_worker,区域经理,上海户籍,上海,,,
P09666,王源博,男,25,25-29,无需要照顾的孩子,体力劳动者,manual_worker,搬运工,上海户籍,上海,,,
P09667,王远星,男,21,18-24,无需要照顾的孩子,自由业者,freelancer,自由销售,上海户籍,上海,,,
P09668,张明轩,男,21,18-24,无需要照顾的孩子,大学生,university_student,本科生,上海户籍,上海,,,
P09669,周佳涵,女,43,40-44,有成年孩子,上班族,office_worker,高级软件工程师,上海户籍,上海,,,
P09670,冯睿泽,男,43,40-44,无需要照顾的孩子,体力劳动者,manual_worker,设备操作员,上海户籍,上海,,,
P09671,张思婷,女,38,35-39,有未成年孩子,上班族,office_worker,高级软件工程师,外省市户籍,其他,,,
P09672,赵豪昊,男,39,35-39,有未成年孩子,上班族,office_worker,高级产品经理,上海户籍,上海,,,
P09673,刘轩景,男,35,35-39,无需要照顾的孩子,服务业者,service_worker,酒店前台,外省市户籍,山东,,,
P09674,林诗心,女,44,40-44,有未成年孩子,体力劳动者,manual_worker,维修技师,外省市户籍,浙江,,,
P09675,张嘉,女,31,30-34,有未成年孩子,上班族,office_worker,财务主管,外省市户籍,福建,,,
P09676,王源佳,女,43,40-44,无需要照顾的孩子,服务业者,service_worker,店员,上海户籍,上海,,,
P09677,刘嘉杰,男,32,30-34,无需要照顾的孩子,自由业者,freelancer,咨询顾问,外省市户籍,其他,,,
P09678,陈诺乐,男,24,18-24,无需要照顾的孩子,大学生,university_student,硕士研究生,上海户籍,上海,,,
P09679,李博,男,45,45-49,有成年孩子,上班族,office_worker,项目经理,外省市户籍,浙江,,,
P09680,赵晨宁,男,28,25-29,无需要照顾的孩子,上班族,office_worker,软件工程师,外省市户籍,江苏,,,
P09681,林晓琪,女,21,18-24,无需要照顾的孩子,服务业者,service_worker,收银员,上海户籍,上海,,,
P09682,何楷源,男,34,30-34,有未成年孩子,上班族,office_worker,财务主管,外省市户籍,湖南,,,
P09683,王涵晴,女,26,25-29,无需要照顾的孩子,上班族,office_worker,客户专员,外省市户籍,其他,,,
P09684,何安梓,男,28,25-29,无需要照顾的孩子,服务业者,service_worker,美容师,外省市户籍,江苏,,,
P09685,黄怡语,女,36,35-39,有未成年孩子,上班族,office_worker,高级软件工程师,外省市户籍,河南,,,
P09686,马睿诚,男,34,30-34,有未成年孩子,上班族,office_worker,客户经理,上海户籍,上海,,,
P09687,许辰杰,男,39,35-39,无需要照顾的孩子,上班族,office_worker,运营经理,上海户籍,上海,,,
P09688,杨志可,男,22,18-24,无需要照顾的孩子,大学生,university_student,本科生,上海户籍,上海,,,
P09689,唐子诺,男,49,45-49,有成年孩子,体力劳动者,manual_worker,维修技师,外省市户籍,江苏,,,
P09690,郑宁雅,女,34,30-34,有未成年孩子,服务业者,service_worker,酒店服务人员,外省市户籍,安徽,,,
P09691,朱源嫣,女,38,35-39,有未成年孩子,服务业者,service_worker,厨师,外省市户籍,广东,,,
P09692,李晓晨,女,35,35-39,有未成年孩子,上班族,office_worker,财务主管,外省市户籍,江苏,,,
P09693,王文晨,男,30,30-34,无需要照顾的孩子,上班族,office_worker,数据分析师,外省市户籍,浙江,,,
P09694,杨心彤,女,35,35-39,有未成年孩子,上班族,office_worker,销售经理,外省市户籍,湖南,,,
P09695,韩语,女,36,35-39,有未成年孩子,服务业者,service_worker,店员,上海户籍,上海,,,
P09696,程一乐,女,41,40-44,有未成年孩子,上班族,office_worker,产品经理,外省市户籍,安徽,,,
P09697,刘言源,女,33,30-34,有未成年孩子,上班族,office_worker,设计师,上海户籍,上海,,,
P09698,王泽梓,男,36,35-39,有未成年孩子,自由业者,freelancer,翻译,外省市户籍,江苏,,,
P09699,朱诚知,男,29,25-29,无需要照顾的孩子,服务业者,service_worker,餐厅服务员,外省市户籍,江苏,,,
P09700,胡涵欣,女,20,18-24,无需要照顾的孩子,大学生,university_student,本科生,外省市户籍,江苏,,,
P09701,梁俊诺,男,21,18-24,无需要照顾的孩子,体力劳动者,manual_worker,仓库操作员,外省市户籍,江苏,,,
P09702,李嫣诗,女,32,30-34,无需要照顾的孩子,上班族,office_worker,数据分析师,外省市户籍,安徽,,,
P09703,陈源思,女,28,25-29,无需要照顾的孩子,自由业者,freelancer,自媒体从业者,外省市户籍,河南,,,
P09704,周曦,女,25,25-29,无需要照顾的孩子,体力劳动者,manual_worker,安装工,上海户籍,上海,,,
P09705,陈宁文,男,27,25-29,无需要照顾的孩子,上班族,office_worker,设计师,外省市户籍,浙江,,,
P09706,张瑶安,女,31,30-34,有未成年孩子,上班族,office_worker,行政专员,上海户籍,上海,,,
P09707,刘清,男,23,18-24,无需要照顾的孩子,服务业者,service_worker,收银员,上海户籍,上海,,,
P09708,韩晨宁,女,24,18-24,有未成年孩子,上班族,office_worker,软件工程师,上海户籍,上海,,,
P09709,赵源言,女,24,18-24,无需要照顾的孩子,自由业者,freelancer,摄影师,外省市户籍,湖北,,,
P09710,张佳嫣,女,32,30-34,有未成年孩子,上班族,office_worker,财务主管,上海户籍,上海,,,
P09711,林思文,男,29,25-29,无需要照顾的孩子,上班族,office_worker,会计,上海户籍,上海,,,
P09712,李羽诚,男,36,35-39,有未成年孩子,体力劳动者,manual_worker,设备操作员,外省市户籍,湖北,,,
P09713,周欣曦,女,28,25-29,无需要照顾的孩子,上班族,office_worker,数据分析师,上海户籍,上海,,,
P09714,董杰心,男,39,35-39,有未成年孩子,服务业者,service_worker,酒店服务人员,上海户籍,上海,,,
P09715,刘可琪,女,28,25-29,无需要照顾的孩子,上班族,office_worker,设计师,上海户籍,上海,,,
P09716,徐言嫣,女,36,35-39,有未成年孩子,上班族,office_worker,软件工程师,外省市户籍,山东,,,
P09717,陈怡,女,40,40-44,有未成年孩子,服务业者,service_worker,餐厅服务员,外省市户籍,浙江,,,
P09718,吴乐羽,女,38,35-39,有未成年孩子,上班族,office_worker,高级运营专员,上海户籍,上海,,,
P09719,李安琪,女,28,25-29,无需要照顾的孩子,服务业者,service_worker,厨师,外省市户籍,江西,,,
P09720,周可,女,45,45-49,有成年孩子,上班族,office_worker,HR经理,外省市户籍,福建,,,
P09721,陈可轩,男,49,45-49,有未成年孩子,体力劳动者,manual_worker,安装工,外省市户籍,浙江,,,
P09722,陈哲子,男,32,30-34,无需要照顾的孩子,自由业者,freelancer,翻译,外省市户籍,河南,,,
P09723,黄可言,男,18,18-24,无需要照顾的孩子,大学生,university_student,本科生,上海户籍,上海,,,
P09724,胡清,女,41,40-44,有成年孩子,服务业者,service_worker,保安,外省市户籍,江西,,,
P09725,孙言,女,18,18-24,无需要照顾的孩子,大学生,university_student,本科生,外省市户籍,江苏,,,
P09726,赵辰,男,39,35-39,有未成年孩子,体力劳动者,manual_worker,仓库操作员,外省市户籍,安徽,,,
P09727,杨诺杰,男,34,30-34,无需要照顾的孩子,上班族,office_worker,高级运营专员,上海户籍,上海,,,
P09728,王安静,女,36,35-39,有未成年孩子,服务业者,service_worker,客服,外省市户籍,河南,,,
P09729,李佳远,女,42,40-44,有成年孩子,上班族,office_worker,技术经理,外省市户籍,湖南,,,
P09730,宋乐,女,28,25-29,有未成年孩子,上班族,office_worker,采购专员,上海户籍,上海,,,
P09731,王佑言,男,25,25-29,有未成年孩子,服务业者,service_worker,美容师,外省市户籍,河南,,,
P09732,马心,女,38,35-39,有成年孩子,上班族,office_worker,销售经理,外省市户籍,山东,,,
P09733,徐俊思,男,21,18-24,无需要照顾的孩子,服务业者,service_worker,美容师,外省市户籍,四川,,,
P09734,孙源思,女,36,35-39,无需要照顾的孩子,上班族,office_worker,数据分析师,外省市户籍,湖南,,,
P09735,胡晨安,男,31,30-34,无需要照顾的孩子,上班族,office_worker,销售代表,外省市户籍,河北,,,
P09736,周晴怡,女,33,30-34,无需要照顾的孩子,体力劳动者,manual_worker,配送员,外省市户籍,河北,,,
P09737,王诺若,女,42,40-44,有未成年孩子,上班族,office_worker,运营经理,外省市户籍,安徽,,,
P09738,张婷可,女,32,30-34,有未成年孩子,服务业者,service_worker,酒店前台,上海户籍,上海,,,
P09739,陈乐哲,男,18,18-24,无需要照顾的孩子,大学生,university_student,本科生,外省市户籍,江西,,,
P09740,罗博远,男,35,35-39,有未成年孩子,上班族,office_worker,财务专员,上海户籍,上海,,,
P09741,黄思晨,女,42,40-44,无需要照顾的孩子,上班族,office_worker,技术经理,外省市户籍,河南,,,
P09742,张子,男,28,25-29,无需要照顾的孩子,服务业者,service_worker,房产经纪,上海户籍,上海,,,
P09743,胡安静,女,30,30-34,有未成年孩子,上班族,office_worker,数据分析师,上海户籍,上海,,,
P09744,朱轩宁,男,43,40-44,有成年孩子,服务业者,service_worker,酒店前台,上海户籍,上海,,,
P09745,陈远辰,男,38,35-39,无需要照顾的孩子,上班族,office_worker,采购经理,外省市户籍,福建,,,
P09746,吴知文,男,40,40-44,无需要照顾的孩子,上班族,office_worker,客户专员,上海户籍,上海,,,
P09747,于一阳,男,37,35-39,无需要照顾的孩子,服务业者,service_worker,酒店服务人员,外省市户籍,河南,,,
P09748,张天,男,34,30-34,有未成年孩子,上班族,office_worker,运营专员,上海户籍,上海,,,
P09749,王曦若,女,25,25-29,无需要照顾的孩子,上班族,office_worker,会计,外省市户籍,浙江,,,
P09750,黄哲源,男,44,40-44,有成年孩子,服务业者,service_worker,客服,上海户籍,上海,,,
P09751,陈思,女,32,30-34,无需要照顾的孩子,体力劳动者,manual_worker,仓库操作员,外省市户籍,山东,,,
P09752,陈知,女,30,30-34,有未成年孩子,上班族,office_worker,销售代表,上海户籍,上海,,,
P09753,王俊嘉,男,32,30-34,有未成年孩子,自由业者,freelancer,翻译,上海户籍,上海,,,
P09754,赵桐瑶,女,23,18-24,无需要照顾的孩子,服务业者,service_worker,店员,外省市户籍,陕西,,,
P09755,黄诗语,女,44,40-44,无需要照顾的孩子,上班族,office_worker,项目经理,上海户籍,上海,,,
P09756,陈涵诗,女,35,35-39,有成年孩子,上班族,office_worker,客户专员,外省市户籍,河南,,,
P09757,王涵,男,33,30-34,有未成年孩子,上班族,office_worker,财务专员,外省市户籍,江苏,,,
P09758,陈梓言,男,30,30-34,无需要照顾的孩子,上班族,office_worker,采购经理,外省市户籍,山东,,,
P09759,林然源,男,34,30-34,有未成年孩子,上班族,office_worker,设计师,上海户籍,上海,,,
P09760,徐可泽,男,41,40-44,有未成年孩子,上班族,office_worker,财务主管,上海户籍,上海,,,
P09761,王宁雨,女,31,30-34,无需要照顾的孩子,上班族,office_worker,产品经理,上海户籍,上海,,,
P09762,孙文晨,男,23,18-24,无需要照顾的孩子,上班族,office_worker,数据分析师,外省市户籍,安徽,,,
P09763,陈星嘉,女,31,30-34,有未成年孩子,上班族,office_worker,会计,外省市户籍,湖北,,,
P09764,周彤欣,女,26,25-29,无需要照顾的孩子,上班族,office_worker,采购专员,外省市户籍,安徽,,,
P09765,杨思佳,女,41,40-44,无需要照顾的孩子,自由业者,freelancer,咨询顾问,上海户籍,上海,,,
P09766,冯心嫣,女,22,18-24,无需要照顾的孩子,体力劳动者,manual_worker,仓库操作员,外省市户籍,安徽,,,
P09767,徐源然,男,41,40-44,无需要照顾的孩子,自由业者,freelancer,摄影师,上海户籍,上海,,,
P09768,林婷羽,女,23,18-24,无需要照顾的孩子,大学生,university_student,硕士研究生,外省市户籍,山东,,,
P09769,王轩佑,男,22,18-24,无需要照顾的孩子,大学生,university_student,本科生,外省市户籍,河南,,,
P09770,冯婷欣,女,34,30-34,有未成年孩子,服务业者,service_worker,酒店服务人员,上海户籍,上海,,,
P09771,朱宇志,男,26,25-29,无需要照顾的孩子,上班族,office_worker,财务专员,外省市户籍,江苏,,,
P09772,张子文,男,33,30-34,有未成年孩子,服务业者,service_worker,客服,外省市户籍,河南,,,
P09773,张思,女,25,25-29,无需要照顾的孩子,上班族,office_worker,项目经理,上海户籍,上海,,,
P09774,李文博,男,43,40-44,有未成年孩子,体力劳动者,manual_worker,建筑工人,外省市户籍,江苏,,,
P09775,罗远轩,男,33,30-34,无需要照顾的孩子,服务业者,service_worker,美容师,外省市户籍,安徽,,,
P09776,刘星明,男,46,45-49,有成年孩子,体力劳动者,manual_worker,建筑工人,外省市户籍,四川,,,
P09777,杨宁桐,女,28,25-29,无需要照顾的孩子,上班族,office_worker,财务专员,外省市户籍,江西,,,
P09778,张一梓,男,40,40-44,有未成年孩子,服务业者,service_worker,厨师,上海户籍,上海,,,
P09779,曹婷桐,女,29,25-29,无需要照顾的孩子,上班族,office_worker,采购专员,上海户籍,上海,,,
P09780,唐宁琪,女,36,35-39,有未成年孩子,体力劳动者,manual_worker,搬运工,外省市户籍,陕西,,,
P09781,吴景志,男,38,35-39,有未成年孩子,上班族,office_worker,部门经理,外省市户籍,河南,,,
P09782,刘宇豪,男,34,30-34,无需要照顾的孩子,服务业者,service_worker,店员,外省市户籍,江西,,,
P09783,张曦瑶,女,40,40-44,有未成年孩子,体力劳动者,manual_worker,维修技师,外省市户籍,山东,,,
P09784,周静,女,27,25-29,无需要照顾的孩子,上班族,office_worker,高级产品经理,外省市户籍,山东,,,
P09785,马子豪,男,20,18-24,无需要照顾的孩子,大学生,university_student,本科生,外省市户籍,湖北,,,
P09786,刘轩,男,36,35-39,有未成年孩子,上班族,office_worker,财务专员,上海户籍,上海,,,
P09787,于安哲,男,30,30-34,无需要照顾的孩子,上班族,office_worker,客户经理,外省市户籍,陕西,,,
P09788,张宁佳,女,41,40-44,有未成年孩子,体力劳动者,manual_worker,搬运工,外省市户籍,湖北,,,
P09789,于浩晨,男,32,30-34,无需要照顾的孩子,体力劳动者,manual_worker,配送员,上海户籍,上海,,,
P09790,吴嘉,男,48,45-49,有未成年孩子,体力劳动者,manual_worker,维修技师,外省市户籍,福建,,,
P09791,周文晨,男,35,35-39,有未成年孩子,服务业者,service_worker,店员,外省市户籍,福建,,,
P09792,刘晨羽,男,45,45-49,有未成年孩子,自由业者,freelancer,翻译,上海户籍,上海,,,
P09793,李睿宇,男,42,40-44,无需要照顾的孩子,上班族,office_worker,销售经理,上海户籍,上海,,,
P09794,许星羽,男,22,18-24,无需要照顾的孩子,上班族,office_worker,会计,外省市户籍,江苏,,,
P09795,林琪,女,18,18-24,无需要照顾的孩子,上班族,office_worker,运营专员,外省市户籍,浙江,,,
P09796,王宁豪,男,32,30-34,无需要照顾的孩子,上班族,office_worker,数据分析师,上海户籍,上海,,,
P09797,张豪,男,33,30-34,有未成年孩子,服务业者,service_worker,酒店前台,外省市户籍,浙江,,,
P09798,刘可佳,女,25,25-29,无需要照顾的孩子,体力劳动者,manual_worker,配送员,外省市户籍,浙江,,,
P09799,赵婷诗,女,39,35-39,有未成年孩子,服务业者,service_worker,酒店前台,上海户籍,上海,,,
P09800,张佳乐,女,35,35-39,无需要照顾的孩子,上班族,office_worker,HR经理,上海户籍,上海,,,
P09801,陈宁晴,女,37,35-39,有未成年孩子,上班族,office_worker,部门经理,上海户籍,上海,,,
P09802,张欣乐,女,36,35-39,有未成年孩子,上班族,office_worker,客户专员,上海户籍,上海,,,
P09803,陈羽哲,男,26,25-29,有未成年孩子,上班族,office_worker,运营专员,外省市户籍,安徽,,,
P09804,郭清星,女,23,18-24,无需要照顾的孩子,服务业者,service_worker,房产经纪,外省市户籍,江苏,,,
P09805,赵婉彤,女,30,30-34,有未成年孩子,服务业者,service_worker,收银员,外省市户籍,安徽,,,
P09806,徐哲,男,39,35-39,无需要照顾的孩子,上班族,office_worker,项目经理,外省市户籍,江苏,,,
P09807,杨景,男,24,18-24,无需要照顾的孩子,上班族,office_worker,设计师,外省市户籍,浙江,,,
P09808,杨宁,男,33,30-34,有未成年孩子,上班族,office_worker,销售经理,上海户籍,上海,,,
P09809,李语婉,女,32,30-34,有未成年孩子,自由业者,freelancer,咨询顾问,外省市户籍,安徽,,,
P09810,高晨晴,女,38,35-39,有未成年孩子,上班族,office_worker,采购经理,上海户籍,上海,,,
P09811,孙远诗,女,31,30-34,有未成年孩子,上班族,office_worker,采购专员,上海户籍,上海,,,
P09812,张轩,男,29,25-29,无需要照顾的孩子,自由业者,freelancer,咨询顾问,上海户籍,上海,,,
P09813,朱杰佑,男,19,18-24,无需要照顾的孩子,大学生,university_student,本科生,上海户籍,上海,,,
P09814,邓佳可,女,34,30-34,有未成年孩子,服务业者,service_worker,美容师,上海户籍,上海,,,
P09815,胡若一,女,37,35-39,无需要照顾的孩子,体力劳动者,manual_worker,建筑工人,外省市户籍,河北,,,
P09816,李可一,女,41,40-44,有未成年孩子,体力劳动者,manual_worker,安装工,上海户籍,上海,,,
P09817,王楷泽,男,24,18-24,无需要照顾的孩子,服务业者,service_worker,房产经纪,外省市户籍,安徽,,,
P09818,黄怡,女,24,18-24,无需要照顾的孩子,体力劳动者,manual_worker,设备操作员,上海户籍,上海,,,
P09819,陈豪涵,男,37,35-39,有未成年孩子,上班族,office_worker,客户专员,外省市户籍,山东,,,
P09820,陈清诺,女,37,35-39,无需要照顾的孩子,上班族,office_worker,财务主管,上海户籍,上海,,,
P09821,袁思知,男,41,40-44,有未成年孩子,体力劳动者,manual_worker,设备操作员,外省市户籍,湖南,,,
P09822,王涵,女,48,45-49,有成年孩子,服务业者,service_worker,美容师,外省市户籍,江苏,,,
P09823,杨羽言,男,25,25-29,有未成年孩子,服务业者,service_worker,客服,外省市户籍,河南,,,
P09824,袁志,男,41,40-44,有未成年孩子,服务业者,service_worker,保安,外省市户籍,浙江,,,
P09825,孙心,男,48,45-49,有成年孩子,自由业者,freelancer,自媒体从业者,外省市户籍,其他,,,
P09826,孙晨佳,女,29,25-29,有未成年孩子,体力劳动者,manual_worker,建筑工人,上海户籍,上海,,,
P09827,陈涵晨,女,22,18-24,无需要照顾的孩子,大学生,university_student,本科生,上海户籍,上海,,,
P09828,吴知楷,男,48,45-49,无需要照顾的孩子,服务业者,service_worker,理发师,上海户籍,上海,,,
P09829,李思佳,女,32,30-34,有未成年孩子,上班族,office_worker,数据分析师,外省市户籍,河南,,,
P09830,张涵可,女,41,40-44,有未成年孩子,服务业者,service_worker,保安,外省市户籍,浙江,,,
P09831,张言涵,男,30,30-34,无需要照顾的孩子,上班族,office_worker,高级软件工程师,外省市户籍,江西,,,
P09832,王婉瑶,女,18,18-24,无需要照顾的孩子,服务业者,service_worker,厨师,外省市户籍,安徽,,,
P09833,周宁,女,34,30-34,有未成年孩子,上班族,office_worker,财务专员,上海户籍,上海,,,
P09834,周阳,男,37,35-39,有未成年孩子,服务业者,service_worker,保安,外省市户籍,安徽,,,
P09835,杨源哲,男,27,25-29,有未成年孩子,服务业者,service_worker,房产经纪,上海户籍,上海,,,
P09836,陈星文,男,30,30-34,有未成年孩子,上班族,office_worker,产品经理,上海户籍,上海,,,
P09837,王一宇,男,41,40-44,有未成年孩子,服务业者,service_worker,健身教练,上海户籍,上海,,,
P09838,郭诚宁,男,30,30-34,有未成年孩子,上班族,office_worker,财务专员,外省市户籍,江苏,,,
P09839,郭晨阳,男,24,18-24,无需要照顾的孩子,上班族,office_worker,会计,上海户籍,上海,,,
P09840,杨星俊,男,21,18-24,无需要照顾的孩子,上班族,office_worker,行政专员,外省市户籍,河北,,,
P09841,董羽语,女,38,35-39,有未成年孩子,上班族,office_worker,软件工程师,外省市户籍,江苏,,,
P09842,谢阳佑,男,27,25-29,无需要照顾的孩子,上班族,office_worker,HR经理,外省市户籍,江苏,,,
P09843,王知昊,男,26,25-29,无需要照顾的孩子,上班族,office_worker,销售代表,外省市户籍,江苏,,,
P09844,王远怡,女,37,35-39,无需要照顾的孩子,体力劳动者,manual_worker,维修技师,上海户籍,上海,,,
P09845,胡婉宁,女,35,35-39,有未成年孩子,体力劳动者,manual_worker,配送员,上海户籍,上海,,,
P09846,陈星嘉,男,34,30-34,有未成年孩子,服务业者,service_worker,收银员,外省市户籍,山东,,,
P09847,陈知语,女,42,40-44,有未成年孩子,上班族,office_worker,高级软件工程师,上海户籍,上海,,,
P09848,孙婷彤,女,48,45-49,有未成年孩子,服务业者,service_worker,酒店前台,外省市户籍,浙江,,,
P09849,赵辰涵,男,49,45-49,有成年孩子,体力劳动者,manual_worker,焊工,上海户籍,上海,,,
P09850,张雨,女,28,25-29,无需要照顾的孩子,大学生,university_student,硕士研究生,外省市户籍,河北,,,
P09851,董清婷,女,49,45-49,有未成年孩子,自由业者,freelancer,自由设计师,上海户籍,上海,,,
P09852,刘怡清,女,30,30-34,无需要照顾的孩子,上班族,office_worker,采购经理,上海户籍,上海,,,
P09853,马泽宁,男,34,30-34,无需要照顾的孩子,上班族,office_worker,销售经理,上海户籍,上海,,,
P09854,冯涵,女,29,25-29,无需要照顾的孩子,上班族,office_worker,客户专员,上海户籍,上海,,,
P09855,李杰宁,男,33,30-34,有未成年孩子,上班族,office_worker,采购专员,外省市户籍,江苏,,,
P09856,王思,男,24,18-24,无需要照顾的孩子,上班族,office_worker,客户专员,上海户籍,上海,,,
P09857,马源星,男,37,35-39,有未成年孩子,自由业者,freelancer,摄影师,上海户籍,上海,,,
P09858,于欣,女,42,40-44,有未成年孩子,上班族,office_worker,运营经理,外省市户籍,江苏,,,
P09859,王桐雅,女,38,35-39,有未成年孩子,上班族,office_worker,财务主管,上海户籍,上海,,,
P09860,朱羽,男,42,40-44,有未成年孩子,自由业者,freelancer,自媒体从业者,上海户籍,上海,,,
P09861,张豪晨,男,39,35-39,有未成年孩子,上班族,office_worker,客户经理,上海户籍,上海,,,
P09862,杨杰思,男,33,30-34,无需要照顾的孩子,上班族,office_worker,技术经理,上海户籍,上海,,,
P09863,郭阳轩,男,30,30-34,无需要照顾的孩子,自由业者,freelancer,翻译,外省市户籍,安徽,,,
P09864,于哲乐,男,31,30-34,无需要照顾的孩子,自由业者,freelancer,自由设计师,上海户籍,上海,,,
P09865,郭明,男,38,35-39,有成年孩子,上班族,office_worker,销售经理,上海户籍,上海,,,
P09866,何欣涵,女,33,30-34,无需要照顾的孩子,上班族,office_worker,采购经理,外省市户籍,江苏,,,
P09867,吴若言,女,34,30-34,有未成年孩子,上班族,office_worker,产品经理,上海户籍,上海,,,
P09868,王宇,男,27,25-29,无需要照顾的孩子,上班族,office_worker,高级运营专员,上海户籍,上海,,,
P09869,林杰,男,32,30-34,有未成年孩子,自由业者,freelancer,独立程序员,上海户籍,上海,,,
P09870,林可,男,27,25-29,无需要照顾的孩子,服务业者,service_worker,收银员,上海户籍,上海,,,
P09871,王一安,女,37,35-39,无需要照顾的孩子,上班族,office_worker,财务主管,外省市户籍,安徽,,,
P09872,胡轩,男,28,25-29,有未成年孩子,上班族,office_worker,设计师,外省市户籍,江苏,,,
P09873,郭羽,女,47,45-49,无需要照顾的孩子,体力劳动者,manual_worker,快递员,外省市户籍,广东,,,
P09874,张婉,女,26,25-29,无需要照顾的孩子,上班族,office_worker,销售经理,上海户籍,上海,,,
P09875,徐晓雅,女,30,30-34,无需要照顾的孩子,上班族,office_worker,行政专员,外省市户籍,安徽,,,
P09876,陈睿然,男,26,25-29,有未成年孩子,服务业者,service_worker,房产经纪,外省市户籍,山东,,,
P09877,张瑶乐,女,37,35-39,无需要照顾的孩子,上班族,office_worker,客户专员,外省市户籍,广东,,,
P09878,刘涵思,女,48,45-49,有未成年孩子,体力劳动者,manual_worker,设备操作员,外省市户籍,浙江,,,
P09879,刘雨诗,女,28,25-29,无需要照顾的孩子,上班族,office_worker,设计师,外省市户籍,河南,,,
P09880,李宁辰,男,31,30-34,无需要照顾的孩子,上班族,office_worker,数据分析师,外省市户籍,山东,,,
P09881,郑佳安,女,29,25-29,无需要照顾的孩子,服务业者,service_worker,理发师,外省市户籍,河南,,,
P09882,王一文,男,42,40-44,有未成年孩子,服务业者,service_worker,保安,外省市户籍,安徽,,,
P09883,李晓佳,女,23,18-24,无需要照顾的孩子,服务业者,service_worker,健身教练,上海户籍,上海,,,
P09884,张远曦,女,26,25-29,有未成年孩子,上班族,office_worker,采购专员,上海户籍,上海,,,
P09885,张涵源,女,27,25-29,无需要照顾的孩子,自由业者,freelancer,私教,外省市户籍,山东,,,
P09886,陈婷辰,女,31,30-34,无需要照顾的孩子,上班族,office_worker,区域经理,上海户籍,上海,,,
P09887,林清豪,男,46,45-49,有成年孩子,服务业者,service_worker,美容师,上海户籍,上海,,,
P09888,马涵婷,女,27,25-29,无需要照顾的孩子,体力劳动者,manual_worker,快递员,外省市户籍,安徽,,,
P09889,李远一,男,36,35-39,有未成年孩子,服务业者,service_worker,房产经纪,上海户籍,上海,,,
P09890,曹知宁,女,37,35-39,有未成年孩子,上班族,office_worker,高级运营专员,上海户籍,上海,,,
P09891,王言,女,41,40-44,有未成年孩子,上班族,office_worker,客户经理,上海户籍,上海,,,
P09892,王婷可,女,41,40-44,有成年孩子,上班族,office_worker,高级软件工程师,外省市户籍,安徽,,,
P09893,王晨婷,女,40,40-44,有未成年孩子,服务业者,service_worker,美容师,外省市户籍,其他,,,
P09894,杨安,男,26,25-29,有未成年孩子,上班族,office_worker,产品经理,上海户籍,上海,,,
P09895,董婷语,女,24,18-24,无需要照顾的孩子,大学生,university_student,博士研究生,外省市户籍,安徽,,,
P09896,张一,男,28,25-29,无需要照顾的孩子,服务业者,service_worker,厨师,外省市户籍,江苏,,,
P09897,董晓诗,女,21,18-24,无需要照顾的孩子,体力劳动者,manual_worker,司机,上海户籍,上海,,,
P09898,罗子楷,男,18,18-24,无需要照顾的孩子,大学生,university_student,本科生,上海户籍,上海,,,
P09899,冯轩楷,男,31,30-34,无需要照顾的孩子,体力劳动者,manual_worker,维修技师,外省市户籍,湖北,,,
P09900,王可嘉,男,26,25-29,无需要照顾的孩子,体力劳动者,manual_worker,电工,外省市户籍,山东,,,
P09901,王然远,男,35,35-39,有未成年孩子,上班族,office_worker,产品经理,上海户籍,上海,,,
P09902,李婷乐,女,38,35-39,有成年孩子,上班族,office_worker,客户经理,上海户籍,上海,,,
P09903,胡嘉子,男,33,30-34,有未成年孩子,上班族,office_worker,软件工程师,外省市户籍,安徽,,,
P09904,刘哲博,男,35,35-39,有未成年孩子,上班族,office_worker,数据分析师,上海户籍,上海,,,
P09905,刘安安,男,29,25-29,有未成年孩子,自由业者,freelancer,私教,外省市户籍,山东,,,
P09906,高彤辰,女,42,40-44,有未成年孩子,上班族,office_worker,高级软件工程师,上海户籍,上海,,,
P09907,袁晨清,男,40,40-44,有成年孩子,自由业者,freelancer,独立程序员,外省市户籍,安徽,,,
P09908,唐言,男,43,40-44,有成年孩子,服务业者,service_worker,保安,外省市户籍,江西,,,
P09909,王轩,男,35,35-39,有未成年孩子,自由业者,freelancer,翻译,外省市户籍,江苏,,,
P09910,张羽杰,男,18,18-24,无需要照顾的孩子,大学生,university_student,本科生,上海户籍,上海,,,
P09911,罗静清,女,45,45-49,有成年孩子,上班族,office_worker,行政专员,外省市户籍,江苏,,,
P09912,李安,男,29,25-29,无需要照顾的孩子,上班族,office_worker,HR经理,外省市户籍,山东,,,
P09913,王轩景,男,37,35-39,无需要照顾的孩子,服务业者,service_worker,酒店前台,上海户籍,上海,,,
P09914,程知嘉,男,31,30-34,有未成年孩子,服务业者,service_worker,厨师,外省市户籍,福建,,,
P09915,吴怡佳,女,41,40-44,有未成年孩子,上班族,office_worker,产品经理,外省市户籍,山东,,,
P09916,吴子,男,37,35-39,无需要照顾的孩子,自由业者,freelancer,自媒体从业者,外省市户籍,湖南,,,
P09917,邓豪豪,男,26,25-29,有未成年孩子,服务业者,service_worker,保安,上海户籍,上海,,,
P09918,刘晴言,女,38,35-39,无需要照顾的孩子,自由业者,freelancer,网店经营者,上海户籍,上海,,,
P09919,赵涵嘉,男,38,35-39,无需要照顾的孩子,上班族,office_worker,产品经理,上海户籍,上海,,,
P09920,李哲源,男,35,35-39,有未成年孩子,上班族,office_worker,客户专员,外省市户籍,河南,,,
P09921,黄天远,男,36,35-39,有未成年孩子,上班族,office_worker,业务负责人,外省市户籍,江苏,,,
P09922,刘可嘉,女,42,40-44,有未成年孩子,服务业者,service_worker,美容师,外省市户籍,湖北,,,
P09923,孙雅子,女,47,45-49,无需要照顾的孩子,上班族,office_worker,高级运营专员,上海户籍,上海,,,
P09924,李明轩,男,44,40-44,有成年孩子,自由业者,freelancer,网店经营者,上海户籍,上海,,,
P09925,李佑,男,32,30-34,有未成年孩子,上班族,office_worker,财务专员,外省市户籍,四川,,,
P09926,梁羽桐,女,31,30-34,有未成年孩子,大学生,university_student,本科生,外省市户籍,四川,,,
P09927,刘安婷,女,35,35-39,有成年孩子,上班族,office_worker,采购经理,上海户籍,上海,,,
P09928,赵子羽,男,49,45-49,有未成年孩子,体力劳动者,manual_worker,建筑工人,外省市户籍,江西,,,
P09929,李彤婉,女,18,18-24,无需要照顾的孩子,上班族,office_worker,行政专员,上海户籍,上海,,,
P09930,李知清,男,41,40-44,有未成年孩子,自由业者,freelancer,自媒体从业者,外省市户籍,安徽,,,
P09931,孙源景,男,41,40-44,有未成年孩子,体力劳动者,manual_worker,配送员,外省市户籍,江苏,,,
P09932,赵远欣,女,34,30-34,有成年孩子,服务业者,service_worker,健身教练,上海户籍,上海,,,
P09933,张乐佑,男,26,25-29,无需要照顾的孩子,自由业者,freelancer,自媒体从业者,上海户籍,上海,,,
P09934,周欣晴,女,37,35-39,无需要照顾的孩子,服务业者,service_worker,餐厅服务员,外省市户籍,河南,,,
P09935,赵曦,女,38,35-39,有未成年孩子,上班族,office_worker,采购专员,外省市户籍,安徽,,,
P09936,孙辰婷,女,41,40-44,无需要照顾的孩子,上班族,office_worker,高级产品经理,外省市户籍,江苏,,,
P09937,何语涵,女,26,25-29,无需要照顾的孩子,自由业者,freelancer,摄影师,上海户籍,上海,,,
P09938,陈思,男,39,35-39,无需要照顾的孩子,服务业者,service_worker,店员,上海户籍,上海,,,
P09939,吴心宁,女,35,35-39,有未成年孩子,上班族,office_worker,软件工程师,外省市户籍,江苏,,,
P09940,王欣婷,女,39,35-39,有成年孩子,上班族,office_worker,产品经理,外省市户籍,安徽,,,
P09941,王乐嘉,男,39,35-39,有未成年孩子,上班族,office_worker,销售经理,外省市户籍,浙江,,,
P09942,刘辰思,女,25,25-29,无需要照顾的孩子,上班族,office_worker,会计,上海户籍,上海,,,
P09943,张涵知,女,47,45-49,有成年孩子,自由业者,freelancer,独立程序员,上海户籍,上海,,,
P09944,陈源,女,33,30-34,有未成年孩子,上班族,office_worker,项目经理,上海户籍,上海,,,
P09945,杨诺清,女,19,18-24,无需要照顾的孩子,大学生,university_student,本科生,外省市户籍,湖南,,,
P09946,宋怡涵,女,37,35-39,无需要照顾的孩子,上班族,office_worker,销售经理,外省市户籍,河北,,,
P09947,陈可文,男,41,40-44,有未成年孩子,体力劳动者,manual_worker,快递员,上海户籍,上海,,,
P09948,马知晴,女,46,45-49,有成年孩子,上班族,office_worker,产品经理,外省市户籍,江苏,,,
P09949,吴一嘉,男,24,18-24,无需要照顾的孩子,上班族,office_worker,财务专员,上海户籍,上海,,,
P09950,陈心,女,30,30-34,无需要照顾的孩子,自由业者,freelancer,网店经营者,外省市户籍,安徽,,,
P09951,周羽诚,男,28,25-29,无需要照顾的孩子,自由业者,freelancer,自媒体从业者,外省市户籍,江西,,,
P09952,黄源志,男,27,25-29,有未成年孩子,上班族,office_worker,软件工程师,外省市户籍,江西,,,
P09953,许安宁,女,34,30-34,无需要照顾的孩子,上班族,office_worker,设计师,上海户籍,上海,,,
P09954,刘乐,女,44,40-44,有未成年孩子,服务业者,service_worker,理发师,外省市户籍,浙江,,,
P09955,张泽,男,39,35-39,无需要照顾的孩子,服务业者,service_worker,房产经纪,上海户籍,上海,,,
P09956,孙静辰,女,44,40-44,有未成年孩子,上班族,office_worker,销售经理,外省市户籍,湖南,,,
P09957,黄乐,女,39,35-39,有未成年孩子,上班族,office_worker,高级软件工程师,上海户籍,上海,,,
P09958,袁远,女,34,30-34,无需要照顾的孩子,上班族,office_worker,客户经理,外省市户籍,安徽,,,
P09959,郭雅,女,28,25-29,有未成年孩子,上班族,office_worker,客户专员,上海户籍,上海,,,
P09960,李乐辰,男,38,35-39,有未成年孩子,上班族,office_worker,行政专员,上海户籍,上海,,,
P09961,梁嘉若,女,32,30-34,无需要照顾的孩子,服务业者,service_worker,厨师,上海户籍,上海,,,
P09962,张梓,男,21,18-24,无需要照顾的孩子,上班族,office_worker,行政专员,上海户籍,上海,,,
P09963,郭嘉言,女,31,30-34,无需要照顾的孩子,上班族,office_worker,HR经理,外省市户籍,河南,,,
P09964,李思志,男,34,30-34,有未成年孩子,上班族,office_worker,销售经理,外省市户籍,江西,,,
P09965,陈天,男,39,35-39,有未成年孩子,服务业者,service_worker,健身教练,外省市户籍,浙江,,,
P09966,赵羽天,男,48,45-49,有未成年孩子,自由业者,freelancer,咨询顾问,上海户籍,上海,,,
P09967,朱远,女,42,40-44,有成年孩子,上班族,office_worker,HR经理,外省市户籍,湖北,,,
P09968,王豪,男,32,30-34,有未成年孩子,上班族,office_worker,采购经理,上海户籍,上海,,,
P09969,张宁瑶,女,30,30-34,有未成年孩子,自由业者,freelancer,摄影师,上海户籍,上海,,,
P09970,张思,女,29,25-29,无需要照顾的孩子,上班族,office_worker,会计,外省市户籍,浙江,,,
P09971,王宇俊,男,33,30-34,有未成年孩子,上班族,office_worker,数据分析师,外省市户籍,江苏,,,
P09972,冯志星,男,41,40-44,有未成年孩子,上班族,office_worker,项目经理,外省市户籍,河南,,,
P09973,王晨梓,男,24,18-24,无需要照顾的孩子,服务业者,service_worker,酒店前台,上海户籍,上海,,,
P09974,徐轩轩,男,20,18-24,无需要照顾的孩子,上班族,office_worker,数据分析师,外省市户籍,河北,,,
P09975,张彤琪,女,36,35-39,有未成年孩子,服务业者,service_worker,收银员,上海户籍,上海,,,
P09976,刘涵心,男,30,30-34,有未成年孩子,上班族,office_worker,设计师,上海户籍,上海,,,
P09977,张佳婉,女,32,30-34,无需要照顾的孩子,自由业者,freelancer,翻译,外省市户籍,福建,,,
P09978,吴子欣,女,26,25-29,有未成年孩子,上班族,office_worker,客户专员,上海户籍,上海,,,
P09979,袁昊杰,男,48,45-49,无需要照顾的孩子,上班族,office_worker,采购经理,外省市户籍,福建,,,
P09980,吴轩阳,男,38,35-39,有未成年孩子,上班族,office_worker,采购经理,上海户籍,上海,,,
P09981,刘羽心,女,38,35-39,有未成年孩子,服务业者,service_worker,厨师,上海户籍,上海,,,
P09982,张宇轩,男,33,30-34,有未成年孩子,上班族,office_worker,客户专员,上海户籍,上海,,,
P09983,王曦宁,女,27,25-29,无需要照顾的孩子,体力劳动者,manual_worker,仓库操作员,上海户籍,上海,,,
P09984,马阳,男,32,30-34,无需要照顾的孩子,上班族,office_worker,设计师,上海户籍,上海,,,
P09985,王羽博,男,34,30-34,有未成年孩子,服务业者,service_worker,健身教练,上海户籍,上海,,,
P09986,郑泽豪,男,32,30-34,无需要照顾的孩子,上班族,office_worker,采购经理,上海户籍,上海,,,
P09987,张安,男,34,30-34,有未成年孩子,服务业者,service_worker,房产经纪,外省市户籍,河北,,,
P09988,李嫣一,女,33,30-34,无需要照顾的孩子,服务业者,service_worker,房产经纪,外省市户籍,河北,,,
P09989,张博,男,34,30-34,无需要照顾的孩子,上班族,office_worker,设计师,外省市户籍,浙江,,,
P09990,徐远,男,43,40-44,有未成年孩子,自由业者,freelancer,摄影师,外省市户籍,浙江,,,
P09991,宋哲楷,男,27,25-29,有未成年孩子,上班族,office_worker,产品经理,上海户籍,上海,,,
P09992,赵昊宇,男,48,45-49,无需要照顾的孩子,服务业者,service_worker,房产经纪,上海户籍,上海,,,
P09993,胡子诗,女,37,35-39,有未成年孩子,上班族,office_worker,会计,外省市户籍,湖南,,,
P09994,陈知宇,男,33,30-34,无需要照顾的孩子,服务业者,service_worker,保安,上海户籍,上海,,,
P09995,梁思,女,32,30-34,无需要照顾的孩子,上班族,office_worker,会计,外省市户籍,安徽,,,
P09996,徐远涵,男,46,45-49,有成年孩子,服务业者,service_worker,健身教练,上海户籍,上海,,,
P09997,程豪然,男,37,35-39,无需要照顾的孩子,体力劳动者,manual_worker,设备操作员,上海户籍,上海,,,
P09998,陈诗,女,34,30-34,有未成年孩子,上班族,office_worker,销售代表,上海户籍,上海,,,
P09999,王诗羽,女,18,18-24,无需要照顾的孩子,上班族,office_worker,客户经理,上海户籍,上海,,,
P10000,李羽晓,女,36,35-39,无需要照顾的孩子,上班族,office_worker,高级软件工程师,外省市户籍,湖南,,,
